

microT-Kernel Version 3.00

[3355769859] [INFO] [RTOS] [RTOS_START] {}
[3355769862] [INFO] [RTOS] [TASK_CREATE] {"task":"main_thread"}
[3355769868] [INFO] [RTOS] [TASK_START] {"name":"main_thread","id":2}
[3355769874] [INFO] [RTOS] [TASK_READY] {"name":"main_thread","id":2}
[3355769881] [INFO] [INIT] [SYSTEM_START] {}
[3355769885] [INFO] [INIT] [NVIC_CONFIG] {}
[3355769889] [INFO] [INIT] [RAM_INIT] {}
[3355769892] [INFO] [INIT] [FLASH_INIT] {}
[3355770038] [INFO] [INIT] [CLOCKS_CONFIG] {}
[3355770042] [INFO] [INIT] [SYSTEM_READY] {}
[HB] up_ms=190 frames=1 inf=1 hazard=0 canary_err=0 q=0 qovr=0
[TASKS] phase4 architecture up: hazard=1 inference=2 sensor=3 heartbeat=10
[3355770058] [INFO] [INIT] [APP_EXIT] {}
[HB] up_ms=1196 frames=48 inf=48 hazard=0 canary_err=0 q=0 qovr=0
[HB] up_ms=2202 frames=96 inf=96 hazard=0 canary_err=0 q=0 qovr=0
[HB] up_ms=3208 frames=144 inf=144 hazard=24 canary_err=0 q=0 qovr=0
[HB] up_ms=4215 frames=192 inf=192 hazard=40 canary_err=0 q=0 qovr=0
[HB] up_ms=5222 frames=240 inf=240 hazard=40 canary_err=0 q=0 qovr=0
[HB] up_ms=6229 frames=288 inf=288 hazard=40 canary_err=0 q=0 qovr=0
[HB] up_ms=7236 frames=336 inf=336 hazard=40 canary_err=0 q=0 qovr=0
[HB] up_ms=8243 frames=384 inf=384 hazard=40 canary_err=0 q=0 qovr=0
[HB] up_ms=9250 frames=432 inf=432 hazard=40 canary_err=0 q=0 qovr=0
[HB] up_ms=10257 frames=480 inf=480 hazard=80 canary_err=0 q=0 qovr=0
[HB] up_ms=11264 frames=528 inf=528 hazard=80 canary_err=0 q=0 qovr=0
[HB] up_ms=12271 frames=576 inf=576 hazard=80 canary_err=0 q=0 qovr=0
[HB] up_ms=13278 frames=624 inf=624 hazard=80 canary_err=0 q=0 qovr=0
[HB] up_ms=14285 frames=672 inf=672 hazard=80 canary_err=0 q=0 qovr=0
[HB] up_ms=15292 frames=720 inf=720 hazard=80 canary_err=0 q=0 qovr=0
[HB] up_ms=16299 frames=768 inf=768 hazard=88 canary_err=0 q=0 qovr=0
[HB] up_ms=17306 frames=816 inf=816 hazard=120 canary_err=0 q=0 qovr=0
[HB] up_ms=18313 frames=864 inf=864 hazard=120 canary_err=0 q=0 qovr=0
[HB] up_ms=19320 frames=911 inf=911 hazard=120 canary_err=0 q=0 qovr=0
[HB] up_ms=20327 frames=959 inf=959 hazard=120 canary_err=0 q=0 qovr=0
[HB] up_ms=21334 frames=1007 inf=1007 hazard=120 canary_err=0 q=0 qovr=0
[HB] up_ms=22341 frames=1055 inf=1055 hazard=120 canary_err=0 q=0 qovr=0
[HB] up_ms=23348 frames=1103 inf=1103 hazard=143 canary_err=0 q=0 qovr=0
[HB] up_ms=24355 frames=1151 inf=1151 hazard=160 canary_err=0 q=0 qovr=0
[HB] up_ms=25362 frames=1199 inf=1199 hazard=160 canary_err=0 q=0 qovr=0
[HB] up_ms=26369 frames=1247 inf=1247 hazard=160 canary_err=0 q=0 qovr=0
[HB] up_ms=27376 frames=1295 inf=1295 hazard=160 canary_err=0 q=0 qovr=0
[HB] up_ms=28383 frames=1343 inf=1343 hazard=160 canary_err=0 q=0 qovr=0
[HB] up_ms=29390 frames=1391 inf=1391 hazard=160 canary_err=0 q=0 qovr=0
[HB] up_ms=30397 frames=1439 inf=1439 hazard=199 canary_err=0 q=0 qovr=0
[HB] up_ms=31404 frames=1487 inf=1487 hazard=200 canary_err=0 q=0 qovr=0
[HB] up_ms=32411 frames=1535 inf=1535 hazard=200 canary_err=0 q=0 qovr=0
[HB] up_ms=33418 frames=1583 inf=1583 hazard=200 canary_err=0 q=0 qovr=0
[HB] up_ms=34425 frames=1631 inf=1631 hazard=200 canary_err=0 q=0 qovr=0
[HB] up_ms=35432 frames=1679 inf=1679 hazard=200 canary_err=0 q=0 qovr=0
[HB] up_ms=36439 frames=1727 inf=1727 hazard=207 canary_err=0 q=0 qovr=0
[HB] up_ms=37446 frames=1775 inf=1775 hazard=240 canary_err=0 q=0 qovr=0
[HB] up_ms=38453 frames=1823 inf=1823 hazard=240 canary_err=0 q=0 qovr=0
[HB] up_ms=39460 frames=1871 inf=1871 hazard=240 canary_err=0 q=0 qovr=0
[HB] up_ms=40467 frames=1918 inf=1918 hazard=240 canary_err=0 q=0 qovr=0
[HB] up_ms=41474 frames=1966 inf=1966 hazard=240 canary_err=0 q=0 qovr=0
[HB] up_ms=42481 frames=2014 inf=2014 hazard=240 canary_err=0 q=0 qovr=0
[HB] up_ms=43488 frames=2062 inf=2062 hazard=262 canary_err=0 q=0 qovr=0
[HB] up_ms=44495 frames=2110 inf=2110 hazard=280 canary_err=0 q=0 qovr=0
[HB] up_ms=45502 frames=2158 inf=2158 hazard=280 canary_err=0 q=0 qovr=0
[HB] up_ms=46509 frames=2206 inf=2206 hazard=280 canary_err=0 q=0 qovr=0
[HB] up_ms=47516 frames=2254 inf=2254 hazard=280 canary_err=0 q=0 qovr=0
[HB] up_ms=48523 frames=2302 inf=2302 hazard=280 canary_err=0 q=0 qovr=0
[HB] up_ms=49530 frames=2350 inf=2350 hazard=280 canary_err=0 q=0 qovr=0
[HB] up_ms=50537 frames=2398 inf=2398 hazard=318 canary_err=0 q=0 qovr=0
[HB] up_ms=51544 frames=2446 inf=2446 hazard=320 canary_err=0 q=0 qovr=0
[HB] up_ms=52551 frames=2494 inf=2494 hazard=320 canary_err=0 q=0 qovr=0
[HB] up_ms=53558 frames=2542 inf=2542 hazard=320 canary_err=0 q=0 qovr=0
[HB] up_ms=54565 frames=2590 inf=2590 hazard=320 canary_err=0 q=0 qovr=0
[HB] up_ms=55572 frames=2638 inf=2638 hazard=320 canary_err=0 q=0 qovr=0
[HB] up_ms=56579 frames=2686 inf=2686 hazard=326 canary_err=0 q=0 qovr=0
[HB] up_ms=57586 frames=2734 inf=2734 hazard=360 canary_err=0 q=0 qovr=0
[HB] up_ms=58593 frames=2782 inf=2782 hazard=360 canary_err=0 q=0 qovr=0
[HB] up_ms=59600 frames=2830 inf=2830 hazard=360 canary_err=0 q=0 qovr=0
[HB] up_ms=60607 frames=2878 inf=2878 hazard=360 canary_err=0 q=0 qovr=0
[HB] up_ms=61614 frames=2925 inf=2925 hazard=360 canary_err=0 q=0 qovr=0
[HB] up_ms=62621 frames=2973 inf=2973 hazard=360 canary_err=0 q=0 qovr=0
[HB] up_ms=63628 frames=3021 inf=3021 hazard=381 canary_err=0 q=0 qovr=0
[HB] up_ms=64635 frames=3069 inf=3069 hazard=400 canary_err=0 q=0 qovr=0
[HB] up_ms=65642 frames=3117 inf=3117 hazard=400 canary_err=0 q=0 qovr=0
[HB] up_ms=66649 frames=3165 inf=3165 hazard=400 canary_err=0 q=0 qovr=0
[HB] up_ms=67656 frames=3213 inf=3213 hazard=400 canary_err=0 q=0 qovr=0
[HB] up_ms=68663 frames=3261 inf=3261 hazard=400 canary_err=0 q=0 qovr=0
[HB] up_ms=69670 frames=3309 inf=3309 hazard=400 canary_err=0 q=0 qovr=0
[HB] up_ms=70677 frames=3357 inf=3357 hazard=437 canary_err=0 q=0 qovr=0
[HB] up_ms=71684 frames=3405 inf=3405 hazard=440 canary_err=0 q=0 qovr=0
[HB] up_ms=72691 frames=3453 inf=3453 hazard=440 canary_err=0 q=0 qovr=0
[HB] up_ms=73698 frames=3501 inf=3501 hazard=440 canary_err=0 q=0 qovr=0
[HB] up_ms=74705 frames=3549 inf=3549 hazard=440 canary_err=0 q=0 qovr=0
[HB] up_ms=75712 frames=3597 inf=3597 hazard=440 canary_err=0 q=0 qovr=0
[HB] up_ms=76719 frames=3645 inf=3645 hazard=445 canary_err=0 q=0 qovr=0
[HB] up_ms=77726 frames=3693 inf=3693 hazard=480 canary_err=0 q=0 qovr=0
[HB] up_ms=78733 frames=3741 inf=3741 hazard=480 canary_err=0 q=0 qovr=0
[HB] up_ms=79740 frames=3789 inf=3789 hazard=480 canary_err=0 q=0 qovr=0
[HB] up_ms=80747 frames=3837 inf=3837 hazard=480 canary_err=0 q=0 qovr=0
[HB] up_ms=81754 frames=3885 inf=3885 hazard=480 canary_err=0 q=0 qovr=0
[HB] up_ms=82761 frames=3932 inf=3932 hazard=480 canary_err=0 q=0 qovr=0
[HB] up_ms=83768 frames=3980 inf=3980 hazard=500 canary_err=0 q=0 qovr=0
[HB] up_ms=84775 frames=4028 inf=4028 hazard=520 canary_err=0 q=0 qovr=0
[HB] up_ms=85782 frames=4076 inf=4076 hazard=520 canary_err=0 q=0 qovr=0
[HB] up_ms=86789 frames=4124 inf=4124 hazard=520 canary_err=0 q=0 qovr=0
[HB] up_ms=87796 frames=4172 inf=4172 hazard=520 canary_err=0 q=0 qovr=0
[HB] up_ms=88803 frames=4220 inf=4220 hazard=520 canary_err=0 q=0 qovr=0
[HB] up_ms=89810 frames=4268 inf=4268 hazard=520 canary_err=0 q=0 qovr=0
[HB] up_ms=90817 frames=4316 inf=4316 hazard=556 canary_err=0 q=0 qovr=0
[HB] up_ms=91824 frames=4364 inf=4364 hazard=560 canary_err=0 q=0 qovr=0
[HB] up_ms=92831 frames=4412 inf=4412 hazard=560 canary_err=0 q=0 qovr=0
[HB] up_ms=93838 frames=4460 inf=4460 hazard=560 canary_err=0 q=0 qovr=0
[HB] up_ms=94845 frames=4508 inf=4508 hazard=560 canary_err=0 q=0 qovr=0
[HB] up_ms=95852 frames=4556 inf=4556 hazard=560 canary_err=0 q=0 qovr=0
[HB] up_ms=96859 frames=4604 inf=4604 hazard=564 canary_err=0 q=0 qovr=0
[HB] up_ms=97866 frames=4652 inf=4652 hazard=600 canary_err=0 q=0 qovr=0
[HB] up_ms=98873 frames=4700 inf=4700 hazard=600 canary_err=0 q=0 qovr=0
[HB] up_ms=99880 frames=4748 inf=4748 hazard=600 canary_err=0 q=0 qovr=0
[HB] up_ms=100887 frames=4796 inf=4796 hazard=600 canary_err=0 q=0 qovr=0
[HB] up_ms=101894 frames=4844 inf=4844 hazard=600 canary_err=0 q=0 qovr=0
[HB] up_ms=102901 frames=4892 inf=4892 hazard=600 canary_err=0 q=0 qovr=0
[HB] up_ms=103908 frames=4939 inf=4939 hazard=619 canary_err=0 q=0 qovr=0
[HB] up_ms=104915 frames=4987 inf=4987 hazard=640 canary_err=0 q=0 qovr=0
[HB] up_ms=105922 frames=5035 inf=5035 hazard=640 canary_err=0 q=0 qovr=0
[HB] up_ms=106929 frames=5083 inf=5083 hazard=640 canary_err=0 q=0 qovr=0
[HB] up_ms=107936 frames=5131 inf=5131 hazard=640 canary_err=0 q=0 qovr=0
[HB] up_ms=108943 frames=5179 inf=5179 hazard=640 canary_err=0 q=0 qovr=0
[HB] up_ms=109950 frames=5227 inf=5227 hazard=640 canary_err=0 q=0 qovr=0
[HB] up_ms=110957 frames=5275 inf=5275 hazard=675 canary_err=0 q=0 qovr=0
[HB] up_ms=111964 frames=5323 inf=5323 hazard=680 canary_err=0 q=0 qovr=0
[HB] up_ms=112971 frames=5371 inf=5371 hazard=680 canary_err=0 q=0 qovr=0
[HB] up_ms=113978 frames=5419 inf=5419 hazard=680 canary_err=0 q=0 qovr=0
[HB] up_ms=114985 frames=5467 inf=5467 hazard=680 canary_err=0 q=0 qovr=0
[HB] up_ms=115992 frames=5515 inf=5515 hazard=680 canary_err=0 q=0 qovr=0
[HB] up_ms=116999 frames=5563 inf=5563 hazard=683 canary_err=0 q=0 qovr=0
[HB] up_ms=118006 frames=5611 inf=5611 hazard=720 canary_err=0 q=0 qovr=0
[HB] up_ms=119013 frames=5659 inf=5659 hazard=720 canary_err=0 q=0 qovr=0
[HB] up_ms=120020 frames=5707 inf=5707 hazard=720 canary_err=0 q=0 qovr=0
[HB] up_ms=121027 frames=5755 inf=5755 hazard=720 canary_err=0 q=0 qovr=0
[HB] up_ms=122034 frames=5803 inf=5803 hazard=720 canary_err=0 q=0 qovr=0
[HB] up_ms=123041 frames=5851 inf=5851 hazard=720 canary_err=0 q=0 qovr=0
[HB] up_ms=124048 frames=5899 inf=5899 hazard=739 canary_err=0 q=0 qovr=0
[HB] up_ms=125055 frames=5946 inf=5946 hazard=760 canary_err=0 q=0 qovr=0
[HB] up_ms=126062 frames=5994 inf=5994 hazard=760 canary_err=0 q=0 qovr=0
[HB] up_ms=127069 frames=6042 inf=6042 hazard=760 canary_err=0 q=0 qovr=0
[HB] up_ms=128076 frames=6090 inf=6090 hazard=760 canary_err=0 q=0 qovr=0
[HB] up_ms=129083 frames=6138 inf=6138 hazard=760 canary_err=0 q=0 qovr=0
[HB] up_ms=130090 frames=6186 inf=6186 hazard=760 canary_err=0 q=0 qovr=0
[HB] up_ms=131097 frames=6234 inf=6234 hazard=794 canary_err=0 q=0 qovr=0
[HB] up_ms=132104 frames=6282 inf=6282 hazard=800 canary_err=0 q=0 qovr=0
[HB] up_ms=133111 frames=6330 inf=6330 hazard=800 canary_err=0 q=0 qovr=0
[HB] up_ms=134118 frames=6378 inf=6378 hazard=800 canary_err=0 q=0 qovr=0
[HB] up_ms=135125 frames=6426 inf=6426 hazard=800 canary_err=0 q=0 qovr=0
[HB] up_ms=136132 frames=6474 inf=6474 hazard=800 canary_err=0 q=0 qovr=0
[HB] up_ms=137139 frames=6522 inf=6522 hazard=802 canary_err=0 q=0 qovr=0
[HB] up_ms=138146 frames=6570 inf=6570 hazard=840 canary_err=0 q=0 qovr=0
[HB] up_ms=139153 frames=6618 inf=6618 hazard=840 canary_err=0 q=0 qovr=0
[HB] up_ms=140160 frames=6666 inf=6666 hazard=840 canary_err=0 q=0 qovr=0
[HB] up_ms=141167 frames=6714 inf=6714 hazard=840 canary_err=0 q=0 qovr=0
[HB] up_ms=142174 frames=6762 inf=6762 hazard=840 canary_err=0 q=0 qovr=0
[HB] up_ms=143181 frames=6810 inf=6810 hazard=840 canary_err=0 q=0 qovr=0
[HB] up_ms=144188 frames=6858 inf=6858 hazard=858 canary_err=0 q=0 qovr=0
[HB] up_ms=145195 frames=6906 inf=6906 hazard=880 canary_err=0 q=0 qovr=0
[HB] up_ms=146202 frames=6953 inf=6953 hazard=880 canary_err=0 q=0 qovr=0
[HB] up_ms=147209 frames=7001 inf=7001 hazard=880 canary_err=0 q=0 qovr=0
[HB] up_ms=148216 frames=7049 inf=7049 hazard=880 canary_err=0 q=0 qovr=0
[HB] up_ms=149223 frames=7097 inf=7097 hazard=880 canary_err=0 q=0 qovr=0
[HB] up_ms=150230 frames=7145 inf=7145 hazard=880 canary_err=0 q=0 qovr=0
[HB] up_ms=151237 frames=7193 inf=7193 hazard=913 canary_err=0 q=0 qovr=0
[HB] up_ms=152244 frames=7241 inf=7241 hazard=920 canary_err=0 q=0 qovr=0
[HB] up_ms=153251 frames=7289 inf=7289 hazard=920 canary_err=0 q=0 qovr=0
[HB] up_ms=154258 frames=7337 inf=7337 hazard=920 canary_err=0 q=0 qovr=0
[HB] up_ms=155265 frames=7385 inf=7385 hazard=920 canary_err=0 q=0 qovr=0
[HB] up_ms=156272 frames=7433 inf=7433 hazard=920 canary_err=0 q=0 qovr=0
[HB] up_ms=157279 frames=7481 inf=7481 hazard=921 canary_err=0 q=0 qovr=0
[HB] up_ms=158286 frames=7529 inf=7529 hazard=960 canary_err=0 q=0 qovr=0
[HB] up_ms=159293 frames=7577 inf=7577 hazard=960 canary_err=0 q=0 qovr=0
[HB] up_ms=160300 frames=7625 inf=7625 hazard=960 canary_err=0 q=0 qovr=0
[HB] up_ms=161307 frames=7673 inf=7673 hazard=960 canary_err=0 q=0 qovr=0
[HB] up_ms=162314 frames=7721 inf=7721 hazard=960 canary_err=0 q=0 qovr=0
[HB] up_ms=163321 frames=7769 inf=7769 hazard=960 canary_err=0 q=0 qovr=0
[HB] up_ms=164328 frames=7817 inf=7817 hazard=977 canary_err=0 q=0 qovr=0
[HB] up_ms=165335 frames=7865 inf=7865 hazard=1000 canary_err=0 q=0 qovr=0
[HB] up_ms=166342 frames=7913 inf=7913 hazard=1000 canary_err=0 q=0 qovr=0
[HB] up_ms=167349 frames=7960 inf=7960 hazard=1000 canary_err=0 q=0 qovr=0
[HB] up_ms=168356 frames=8008 inf=8008 hazard=1000 canary_err=0 q=0 qovr=0
[HB] up_ms=169363 frames=8056 inf=8056 hazard=1000 canary_err=0 q=0 qovr=0
[HB] up_ms=170370 frames=8104 inf=8104 hazard=1000 canary_err=0 q=0 qovr=0
[HB] up_ms=171377 frames=8152 inf=8152 hazard=1032 canary_err=0 q=0 qovr=0
[HB] up_ms=172384 frames=8200 inf=8200 hazard=1040 canary_err=0 q=0 qovr=0
[HB] up_ms=173391 frames=8248 inf=8248 hazard=1040 canary_err=0 q=0 qovr=0
[HB] up_ms=174398 frames=8296 inf=8296 hazard=1040 canary_err=0 q=0 qovr=0
[HB] up_ms=175405 frames=8344 inf=8344 hazard=1040 canary_err=0 q=0 qovr=0
[HB] up_ms=176412 frames=8392 inf=8392 hazard=1040 canary_err=0 q=0 qovr=0
[HB] up_ms=177419 frames=8440 inf=8440 hazard=1040 canary_err=0 q=0 qovr=0
[HB] up_ms=178426 frames=8488 inf=8488 hazard=1080 canary_err=0 q=0 qovr=0
[HB] up_ms=179433 frames=8536 inf=8536 hazard=1080 canary_err=0 q=0 qovr=0
[HB] up_ms=180440 frames=8584 inf=8584 hazard=1080 canary_err=0 q=0 qovr=0
[HB] up_ms=181447 frames=8632 inf=8632 hazard=1080 canary_err=0 q=0 qovr=0
[HB] up_ms=182454 frames=8680 inf=8680 hazard=1080 canary_err=0 q=0 qovr=0
[HB] up_ms=183461 frames=8728 inf=8728 hazard=1080 canary_err=0 q=0 qovr=0
[HB] up_ms=184468 frames=8776 inf=8776 hazard=1096 canary_err=0 q=0 qovr=0
[HB] up_ms=185475 frames=8824 inf=8824 hazard=1120 canary_err=0 q=0 qovr=0
[HB] up_ms=186482 frames=8872 inf=8872 hazard=1120 canary_err=0 q=0 qovr=0
[HB] up_ms=187489 frames=8920 inf=8920 hazard=1120 canary_err=0 q=0 qovr=0
[HB] up_ms=188496 frames=8967 inf=8967 hazard=1120 canary_err=0 q=0 qovr=0
[HB] up_ms=189503 frames=9015 inf=9015 hazard=1120 canary_err=0 q=0 qovr=0
[HB] up_ms=190510 frames=9063 inf=9063 hazard=1120 canary_err=0 q=0 qovr=0
[HB] up_ms=191517 frames=9111 inf=9111 hazard=1151 canary_err=0 q=0 qovr=0
[HB] up_ms=192524 frames=9159 inf=9159 hazard=1160 canary_err=0 q=0 qovr=0
[HB] up_ms=193531 frames=9207 inf=9207 hazard=1160 canary_err=0 q=0 qovr=0
[HB] up_ms=194538 frames=9255 inf=9255 hazard=1160 canary_err=0 q=0 qovr=0
[HB] up_ms=195545 frames=9303 inf=9303 hazard=1160 canary_err=0 q=0 qovr=0
[HB] up_ms=196552 frames=9351 inf=9351 hazard=1160 canary_err=0 q=0 qovr=0
[HB] up_ms=197559 frames=9399 inf=9399 hazard=1160 canary_err=0 q=0 qovr=0
[HB] up_ms=198566 frames=9447 inf=9447 hazard=1200 canary_err=0 q=0 qovr=0
[HB] up_ms=199573 frames=9495 inf=9495 hazard=1200 canary_err=0 q=0 qovr=0
[HB] up_ms=200580 frames=9543 inf=9543 hazard=1200 canary_err=0 q=0 qovr=0
[HB] up_ms=201587 frames=9591 inf=9591 hazard=1200 canary_err=0 q=0 qovr=0
[HB] up_ms=202594 frames=9639 inf=9639 hazard=1200 canary_err=0 q=0 qovr=0
[HB] up_ms=203601 frames=9687 inf=9687 hazard=1200 canary_err=0 q=0 qovr=0
[HB] up_ms=204608 frames=9735 inf=9735 hazard=1215 canary_err=0 q=0 qovr=0
[HB] up_ms=205615 frames=9783 inf=9783 hazard=1240 canary_err=0 q=0 qovr=0
[HB] up_ms=206622 frames=9831 inf=9831 hazard=1240 canary_err=0 q=0 qovr=0
[HB] up_ms=207629 frames=9879 inf=9879 hazard=1240 canary_err=0 q=0 qovr=0
[HB] up_ms=208636 frames=9927 inf=9927 hazard=1240 canary_err=0 q=0 qovr=0
[HB] up_ms=209643 frames=9974 inf=9974 hazard=1240 canary_err=0 q=0 qovr=0
[HB] up_ms=210650 frames=10022 inf=10022 hazard=1240 canary_err=0 q=0 qovr=0
[HB] up_ms=211657 frames=10070 inf=10070 hazard=1270 canary_err=0 q=0 qovr=0
[HB] up_ms=212664 frames=10118 inf=10118 hazard=1280 canary_err=0 q=0 qovr=0
[HB] up_ms=213671 frames=10166 inf=10166 hazard=1280 canary_err=0 q=0 qovr=0
[HB] up_ms=214678 frames=10214 inf=10214 hazard=1280 canary_err=0 q=0 qovr=0
[HB] up_ms=215685 frames=10262 inf=10262 hazard=1280 canary_err=0 q=0 qovr=0
[HB] up_ms=216692 frames=10310 inf=10310 hazard=1280 canary_err=0 q=0 qovr=0
[HB] up_ms=217699 frames=10358 inf=10358 hazard=1280 canary_err=0 q=0 qovr=0
[HB] up_ms=218706 frames=10406 inf=10406 hazard=1320 canary_err=0 q=0 qovr=0
[HB] up_ms=219713 frames=10454 inf=10454 hazard=1320 canary_err=0 q=0 qovr=0
[HB] up_ms=220720 frames=10502 inf=10502 hazard=1320 canary_err=0 q=0 qovr=0
[HB] up_ms=221727 frames=10550 inf=10550 hazard=1320 canary_err=0 q=0 qovr=0
[HB] up_ms=222734 frames=10598 inf=10598 hazard=1320 canary_err=0 q=0 qovr=0
[HB] up_ms=223741 frames=10646 inf=10646 hazard=1320 canary_err=0 q=0 qovr=0
[HB] up_ms=224748 frames=10694 inf=10694 hazard=1334 canary_err=0 q=0 qovr=0
[HB] up_ms=225755 frames=10742 inf=10742 hazard=1360 canary_err=0 q=0 qovr=0
[HB] up_ms=226762 frames=10790 inf=10790 hazard=1360 canary_err=0 q=0 qovr=0
[HB] up_ms=227769 frames=10838 inf=10838 hazard=1360 canary_err=0 q=0 qovr=0
[HB] up_ms=228776 frames=10886 inf=10886 hazard=1360 canary_err=0 q=0 qovr=0
[HB] up_ms=229783 frames=10934 inf=10934 hazard=1360 canary_err=0 q=0 qovr=0
[HB] up_ms=230790 frames=10981 inf=10981 hazard=1360 canary_err=0 q=0 qovr=0
[HB] up_ms=231797 frames=11029 inf=11029 hazard=1389 canary_err=0 q=0 qovr=0
[HB] up_ms=232804 frames=11077 inf=11077 hazard=1400 canary_err=0 q=0 qovr=0
[HB] up_ms=233811 frames=11125 inf=11125 hazard=1400 canary_err=0 q=0 qovr=0
[HB] up_ms=234818 frames=11173 inf=11173 hazard=1400 canary_err=0 q=0 qovr=0
[HB] up_ms=235825 frames=11221 inf=11221 hazard=1400 canary_err=0 q=0 qovr=0
[HB] up_ms=236832 frames=11269 inf=11269 hazard=1400 canary_err=0 q=0 qovr=0
[HB] up_ms=237839 frames=11317 inf=11317 hazard=1400 canary_err=0 q=0 qovr=0
[HB] up_ms=238846 frames=11365 inf=11365 hazard=1440 canary_err=0 q=0 qovr=0
[HB] up_ms=239853 frames=11413 inf=11413 hazard=1440 canary_err=0 q=0 qovr=0
[HB] up_ms=240860 frames=11461 inf=11461 hazard=1440 canary_err=0 q=0 qovr=0
[HB] up_ms=241867 frames=11509 inf=11509 hazard=1440 canary_err=0 q=0 qovr=0
[HB] up_ms=242874 frames=11557 inf=11557 hazard=1440 canary_err=0 q=0 qovr=0
[HB] up_ms=243881 frames=11605 inf=11605 hazard=1440 canary_err=0 q=0 qovr=0
[HB] up_ms=244888 frames=11653 inf=11653 hazard=1453 canary_err=0 q=0 qovr=0
[HB] up_ms=245895 frames=11701 inf=11701 hazard=1480 canary_err=0 q=0 qovr=0
[HB] up_ms=246902 frames=11749 inf=11749 hazard=1480 canary_err=0 q=0 qovr=0
[HB] up_ms=247909 frames=11797 inf=11797 hazard=1480 canary_err=0 q=0 qovr=0
[HB] up_ms=248916 frames=11845 inf=11845 hazard=1480 canary_err=0 q=0 qovr=0
[HB] up_ms=249923 frames=11893 inf=11893 hazard=1480 canary_err=0 q=0 qovr=0
[HB] up_ms=250930 frames=11941 inf=11941 hazard=1480 canary_err=0 q=0 qovr=0
[HB] up_ms=251937 frames=11988 inf=11988 hazard=1508 canary_err=0 q=0 qovr=0
[HB] up_ms=252944 frames=12036 inf=12036 hazard=1520 canary_err=0 q=0 qovr=0
[HB] up_ms=253951 frames=12084 inf=12084 hazard=1520 canary_err=0 q=0 qovr=0
[HB] up_ms=254958 frames=12132 inf=12132 hazard=1520 canary_err=0 q=0 qovr=0
[HB] up_ms=255965 frames=12180 inf=12180 hazard=1520 canary_err=0 q=0 qovr=0
[HB] up_ms=256972 frames=12228 inf=12228 hazard=1520 canary_err=0 q=0 qovr=0
[HB] up_ms=257979 frames=12276 inf=12276 hazard=1520 canary_err=0 q=0 qovr=0
[HB] up_ms=258986 frames=12324 inf=12324 hazard=1560 canary_err=0 q=0 qovr=0
[HB] up_ms=259993 frames=12372 inf=12372 hazard=1560 canary_err=0 q=0 qovr=0
[HB] up_ms=261000 frames=12420 inf=12420 hazard=1560 canary_err=0 q=0 qovr=0
[HB] up_ms=262007 frames=12468 inf=12468 hazard=1560 canary_err=0 q=0 qovr=0
[HB] up_ms=263014 frames=12516 inf=12516 hazard=1560 canary_err=0 q=0 qovr=0
[HB] up_ms=264021 frames=12564 inf=12564 hazard=1560 canary_err=0 q=0 qovr=0
[HB] up_ms=265028 frames=12612 inf=12612 hazard=1572 canary_err=0 q=0 qovr=0
[HB] up_ms=266035 frames=12660 inf=12660 hazard=1600 canary_err=0 q=0 qovr=0
[HB] up_ms=267042 frames=12708 inf=12708 hazard=1600 canary_err=0 q=0 qovr=0
[HB] up_ms=268049 frames=12756 inf=12756 hazard=1600 canary_err=0 q=0 qovr=0
[HB] up_ms=269056 frames=12804 inf=12804 hazard=1600 canary_err=0 q=0 qovr=0
[HB] up_ms=270063 frames=12852 inf=12852 hazard=1600 canary_err=0 q=0 qovr=0
[HB] up_ms=271070 frames=12900 inf=12900 hazard=1600 canary_err=0 q=0 qovr=0
[HB] up_ms=272077 frames=12948 inf=12948 hazard=1628 canary_err=0 q=0 qovr=0
[HB] up_ms=273084 frames=12995 inf=12995 hazard=1640 canary_err=0 q=0 qovr=0
[HB] up_ms=274091 frames=13043 inf=13043 hazard=1640 canary_err=0 q=0 qovr=0
[HB] up_ms=275098 frames=13091 inf=13091 hazard=1640 canary_err=0 q=0 qovr=0
[HB] up_ms=276105 frames=13139 inf=13139 hazard=1640 canary_err=0 q=0 qovr=0
[HB] up_ms=277112 frames=13187 inf=13187 hazard=1640 canary_err=0 q=0 qovr=0
[HB] up_ms=278119 frames=13235 inf=13235 hazard=1640 canary_err=0 q=0 qovr=0
[HB] up_ms=279126 frames=13283 inf=13283 hazard=1680 canary_err=0 q=0 qovr=0
[HB] up_ms=280133 frames=13331 inf=13331 hazard=1680 canary_err=0 q=0 qovr=0
[HB] up_ms=281140 frames=13379 inf=13379 hazard=1680 canary_err=0 q=0 qovr=0
[HB] up_ms=282147 frames=13427 inf=13427 hazard=1680 canary_err=0 q=0 qovr=0
[HB] up_ms=283154 frames=13475 inf=13475 hazard=1680 canary_err=0 q=0 qovr=0
[HB] up_ms=284161 frames=13523 inf=13523 hazard=1680 canary_err=0 q=0 qovr=0
[HB] up_ms=285168 frames=13571 inf=13571 hazard=1691 canary_err=0 q=0 qovr=0
[HB] up_ms=286175 frames=13619 inf=13619 hazard=1720 canary_err=0 q=0 qovr=0
[HB] up_ms=287182 frames=13667 inf=13667 hazard=1720 canary_err=0 q=0 qovr=0
[HB] up_ms=288189 frames=13715 inf=13715 hazard=1720 canary_err=0 q=0 qovr=0
[HB] up_ms=289196 frames=13763 inf=13763 hazard=1720 canary_err=0 q=0 qovr=0
[HB] up_ms=290203 frames=13811 inf=13811 hazard=1720 canary_err=0 q=0 qovr=0
[HB] up_ms=291210 frames=13859 inf=13859 hazard=1720 canary_err=0 q=0 qovr=0
[HB] up_ms=292217 frames=13907 inf=13907 hazard=1747 canary_err=0 q=0 qovr=0
[HB] up_ms=293224 frames=13955 inf=13955 hazard=1760 canary_err=0 q=0 qovr=0
[HB] up_ms=294231 frames=14002 inf=14002 hazard=1760 canary_err=0 q=0 qovr=0
[HB] up_ms=295238 frames=14050 inf=14050 hazard=1760 canary_err=0 q=0 qovr=0
[HB] up_ms=296245 frames=14098 inf=14098 hazard=1760 canary_err=0 q=0 qovr=0
[HB] up_ms=297252 frames=14146 inf=14146 hazard=1760 canary_err=0 q=0 qovr=0
[HB] up_ms=298259 frames=14194 inf=14194 hazard=1760 canary_err=0 q=0 qovr=0
[HB] up_ms=299266 frames=14242 inf=14242 hazard=1800 canary_err=0 q=0 qovr=0
[HB] up_ms=300273 frames=14290 inf=14290 hazard=1800 canary_err=0 q=0 qovr=0
[HB] up_ms=301280 frames=14338 inf=14338 hazard=1800 canary_err=0 q=0 qovr=0
[HB] up_ms=302287 frames=14386 inf=14386 hazard=1800 canary_err=0 q=0 qovr=0
[HB] up_ms=303294 frames=14434 inf=14434 hazard=1800 canary_err=0 q=0 qovr=0
[HB] up_ms=304301 frames=14482 inf=14482 hazard=1800 canary_err=0 q=0 qovr=0
[HB] up_ms=305308 frames=14530 inf=14530 hazard=1810 canary_err=0 q=0 qovr=0
[HB] up_ms=306315 frames=14578 inf=14578 hazard=1840 canary_err=0 q=0 qovr=0
[HB] up_ms=307322 frames=14626 inf=14626 hazard=1840 canary_err=0 q=0 qovr=0
[HB] up_ms=308329 frames=14674 inf=14674 hazard=1840 canary_err=0 q=0 qovr=0
[HB] up_ms=309336 frames=14722 inf=14722 hazard=1840 canary_err=0 q=0 qovr=0
[HB] up_ms=310343 frames=14770 inf=14770 hazard=1840 canary_err=0 q=0 qovr=0
[HB] up_ms=311350 frames=14818 inf=14818 hazard=1840 canary_err=0 q=0 qovr=0
[HB] up_ms=312357 frames=14866 inf=14866 hazard=1866 canary_err=0 q=0 qovr=0
[HB] up_ms=313364 frames=14914 inf=14914 hazard=1880 canary_err=0 q=0 qovr=0
[HB] up_ms=314371 frames=14962 inf=14962 hazard=1880 canary_err=0 q=0 qovr=0
[HB] up_ms=315378 frames=15009 inf=15009 hazard=1880 canary_err=0 q=0 qovr=0
[HB] up_ms=316385 frames=15057 inf=15057 hazard=1880 canary_err=0 q=0 qovr=0
[HB] up_ms=317392 frames=15105 inf=15105 hazard=1880 canary_err=0 q=0 qovr=0
[HB] up_ms=318399 frames=15153 inf=15153 hazard=1880 canary_err=0 q=0 qovr=0
[HB] up_ms=319406 frames=15201 inf=15201 hazard=1920 canary_err=0 q=0 qovr=0
[HB] up_ms=320413 frames=15249 inf=15249 hazard=1920 canary_err=0 q=0 qovr=0
[HB] up_ms=321420 frames=15297 inf=15297 hazard=1920 canary_err=0 q=0 qovr=0
[HB] up_ms=322427 frames=15345 inf=15345 hazard=1920 canary_err=0 q=0 qovr=0
[HB] up_ms=323434 frames=15393 inf=15393 hazard=1920 canary_err=0 q=0 qovr=0
[HB] up_ms=324441 frames=15441 inf=15441 hazard=1920 canary_err=0 q=0 qovr=0
[HB] up_ms=325448 frames=15489 inf=15489 hazard=1929 canary_err=0 q=0 qovr=0
[HB] up_ms=326455 frames=15537 inf=15537 hazard=1960 canary_err=0 q=0 qovr=0
[HB] up_ms=327462 frames=15585 inf=15585 hazard=1960 canary_err=0 q=0 qovr=0
[HB] up_ms=328469 frames=15633 inf=15633 hazard=1960 canary_err=0 q=0 qovr=0
[HB] up_ms=329476 frames=15681 inf=15681 hazard=1960 canary_err=0 q=0 qovr=0
[HB] up_ms=330483 frames=15729 inf=15729 hazard=1960 canary_err=0 q=0 qovr=0
[HB] up_ms=331490 frames=15777 inf=15777 hazard=1960 canary_err=0 q=0 qovr=0
[HB] up_ms=332497 frames=15825 inf=15825 hazard=1985 canary_err=0 q=0 qovr=0
[HB] up_ms=333504 frames=15873 inf=15873 hazard=2000 canary_err=0 q=0 qovr=0
[HB] up_ms=334511 frames=15921 inf=15921 hazard=2000 canary_err=0 q=0 qovr=0
[HB] up_ms=335518 frames=15969 inf=15969 hazard=2000 canary_err=0 q=0 qovr=0
[HB] up_ms=336525 frames=16016 inf=16016 hazard=2000 canary_err=0 q=0 qovr=0
[HB] up_ms=337532 frames=16064 inf=16064 hazard=2000 canary_err=0 q=0 qovr=0
[HB] up_ms=338539 frames=16112 inf=16112 hazard=2000 canary_err=0 q=0 qovr=0
[HB] up_ms=339546 frames=16160 inf=16160 hazard=2040 canary_err=0 q=0 qovr=0
[HB] up_ms=340553 frames=16208 inf=16208 hazard=2040 canary_err=0 q=0 qovr=0
[HB] up_ms=341560 frames=16256 inf=16256 hazard=2040 canary_err=0 q=0 qovr=0
[HB] up_ms=342567 frames=16304 inf=16304 hazard=2040 canary_err=0 q=0 qovr=0
[HB] up_ms=343574 frames=16352 inf=16352 hazard=2040 canary_err=0 q=0 qovr=0
[HB] up_ms=344581 frames=16400 inf=16400 hazard=2040 canary_err=0 q=0 qovr=0
[HB] up_ms=345588 frames=16448 inf=16448 hazard=2048 canary_err=0 q=0 qovr=0
[HB] up_ms=346595 frames=16496 inf=16496 hazard=2080 canary_err=0 q=0 qovr=0
[HB] up_ms=347602 frames=16544 inf=16544 hazard=2080 canary_err=0 q=0 qovr=0
[HB] up_ms=348609 frames=16592 inf=16592 hazard=2080 canary_err=0 q=0 qovr=0
[HB] up_ms=349616 frames=16640 inf=16640 hazard=2080 canary_err=0 q=0 qovr=0
[HB] up_ms=350623 frames=16688 inf=16688 hazard=2080 canary_err=0 q=0 qovr=0
[HB] up_ms=351630 frames=16736 inf=16736 hazard=2080 canary_err=0 q=0 qovr=0
[HB] up_ms=352637 frames=16784 inf=16784 hazard=2104 canary_err=0 q=0 qovr=0
[HB] up_ms=353644 frames=16832 inf=16832 hazard=2120 canary_err=0 q=0 qovr=0
[HB] up_ms=354651 frames=16880 inf=16880 hazard=2120 canary_err=0 q=0 qovr=0
[HB] up_ms=355658 frames=16928 inf=16928 hazard=2120 canary_err=0 q=0 qovr=0
[HB] up_ms=356665 frames=16976 inf=16976 hazard=2120 canary_err=0 q=0 qovr=0
[HB] up_ms=357672 frames=17023 inf=17023 hazard=2120 canary_err=0 q=0 qovr=0
[HB] up_ms=358679 frames=17071 inf=17071 hazard=2120 canary_err=0 q=0 qovr=0
[HB] up_ms=359686 frames=17119 inf=17119 hazard=2159 canary_err=0 q=0 qovr=0
[HB] up_ms=360693 frames=17167 inf=17167 hazard=2160 canary_err=0 q=0 qovr=0
[HB] up_ms=361700 frames=17215 inf=17215 hazard=2160 canary_err=0 q=0 qovr=0
[HB] up_ms=362707 frames=17263 inf=17263 hazard=2160 canary_err=0 q=0 qovr=0
[HB] up_ms=363714 frames=17311 inf=17311 hazard=2160 canary_err=0 q=0 qovr=0
[HB] up_ms=364721 frames=17359 inf=17359 hazard=2160 canary_err=0 q=0 qovr=0
[HB] up_ms=365728 frames=17407 inf=17407 hazard=2167 canary_err=0 q=0 qovr=0
[HB] up_ms=366735 frames=17455 inf=17455 hazard=2200 canary_err=0 q=0 qovr=0
[HB] up_ms=367742 frames=17503 inf=17503 hazard=2200 canary_err=0 q=0 qovr=0
[HB] up_ms=368749 frames=17551 inf=17551 hazard=2200 canary_err=0 q=0 qovr=0
[HB] up_ms=369756 frames=17599 inf=17599 hazard=2200 canary_err=0 q=0 qovr=0
[HB] up_ms=370763 frames=17647 inf=17647 hazard=2200 canary_err=0 q=0 qovr=0
[HB] up_ms=371770 frames=17695 inf=17695 hazard=2200 canary_err=0 q=0 qovr=0
[HB] up_ms=372777 frames=17743 inf=17743 hazard=2223 canary_err=0 q=0 qovr=0
[HB] up_ms=373784 frames=17791 inf=17791 hazard=2240 canary_err=0 q=0 qovr=0
[HB] up_ms=374791 frames=17839 inf=17839 hazard=2240 canary_err=0 q=0 qovr=0
[HB] up_ms=375798 frames=17887 inf=17887 hazard=2240 canary_err=0 q=0 qovr=0
[HB] up_ms=376805 frames=17935 inf=17935 hazard=2240 canary_err=0 q=0 qovr=0
[HB] up_ms=377812 frames=17983 inf=17983 hazard=2240 canary_err=0 q=0 qovr=0
[HB] up_ms=378819 frames=18030 inf=18030 hazard=2240 canary_err=0 q=0 qovr=0
[HB] up_ms=379826 frames=18078 inf=18078 hazard=2278 canary_err=0 q=0 qovr=0
[HB] up_ms=380833 frames=18126 inf=18126 hazard=2280 canary_err=0 q=0 qovr=0
[HB] up_ms=381840 frames=18174 inf=18174 hazard=2280 canary_err=0 q=0 qovr=0
[HB] up_ms=382847 frames=18222 inf=18222 hazard=2280 canary_err=0 q=0 qovr=0
[HB] up_ms=383854 frames=18270 inf=18270 hazard=2280 canary_err=0 q=0 qovr=0
[HB] up_ms=384861 frames=18318 inf=18318 hazard=2280 canary_err=0 q=0 qovr=0
[HB] up_ms=385868 frames=18366 inf=18366 hazard=2286 canary_err=0 q=0 qovr=0
[HB] up_ms=386875 frames=18414 inf=18414 hazard=2320 canary_err=0 q=0 qovr=0
[HB] up_ms=387882 frames=18462 inf=18462 hazard=2320 canary_err=0 q=0 qovr=0
[HB] up_ms=388889 frames=18510 inf=18510 hazard=2320 canary_err=0 q=0 qovr=0
[HB] up_ms=389896 frames=18558 inf=18558 hazard=2320 canary_err=0 q=0 qovr=0
[HB] up_ms=390903 frames=18606 inf=18606 hazard=2320 canary_err=0 q=0 qovr=0
[HB] up_ms=391910 frames=18654 inf=18654 hazard=2320 canary_err=0 q=0 qovr=0
[HB] up_ms=392917 frames=18702 inf=18702 hazard=2342 canary_err=0 q=0 qovr=0
[HB] up_ms=393924 frames=18750 inf=18750 hazard=2360 canary_err=0 q=0 qovr=0
[HB] up_ms=394931 frames=18798 inf=18798 hazard=2360 canary_err=0 q=0 qovr=0
[HB] up_ms=395938 frames=18846 inf=18846 hazard=2360 canary_err=0 q=0 qovr=0
[HB] up_ms=396945 frames=18894 inf=18894 hazard=2360 canary_err=0 q=0 qovr=0
[HB] up_ms=397952 frames=18942 inf=18942 hazard=2360 canary_err=0 q=0 qovr=0
[HB] up_ms=398959 frames=18990 inf=18990 hazard=2360 canary_err=0 q=0 qovr=0
[HB] up_ms=399966 frames=19037 inf=19037 hazard=2397 canary_err=0 q=0 qovr=0
[HB] up_ms=400973 frames=19085 inf=19085 hazard=2400 canary_err=0 q=0 qovr=0
[HB] up_ms=401980 frames=19133 inf=19133 hazard=2400 canary_err=0 q=0 qovr=0
[HB] up_ms=402987 frames=19181 inf=19181 hazard=2400 canary_err=0 q=0 qovr=0
[HB] up_ms=403994 frames=19229 inf=19229 hazard=2400 canary_err=0 q=0 qovr=0
[HB] up_ms=405001 frames=19277 inf=19277 hazard=2400 canary_err=0 q=0 qovr=0
[HB] up_ms=406008 frames=19325 inf=19325 hazard=2405 canary_err=0 q=0 qovr=0
[HB] up_ms=407015 frames=19373 inf=19373 hazard=2440 canary_err=0 q=0 qovr=0
[HB] up_ms=408022 frames=19421 inf=19421 hazard=2440 canary_err=0 q=0 qovr=0
[HB] up_ms=409029 frames=19469 inf=19469 hazard=2440 canary_err=0 q=0 qovr=0
[HB] up_ms=410036 frames=19517 inf=19517 hazard=2440 canary_err=0 q=0 qovr=0
[HB] up_ms=411043 frames=19565 inf=19565 hazard=2440 canary_err=0 q=0 qovr=0
[HB] up_ms=412050 frames=19613 inf=19613 hazard=2440 canary_err=0 q=0 qovr=0
[HB] up_ms=413057 frames=19661 inf=19661 hazard=2461 canary_err=0 q=0 qovr=0
[HB] up_ms=414064 frames=19709 inf=19709 hazard=2480 canary_err=0 q=0 qovr=0
[HB] up_ms=415071 frames=19757 inf=19757 hazard=2480 canary_err=0 q=0 qovr=0
[HB] up_ms=416078 frames=19805 inf=19805 hazard=2480 canary_err=0 q=0 qovr=0
[HB] up_ms=417085 frames=19853 inf=19853 hazard=2480 canary_err=0 q=0 qovr=0
[HB] up_ms=418092 frames=19901 inf=19901 hazard=2480 canary_err=0 q=0 qovr=0
[HB] up_ms=419099 frames=19949 inf=19949 hazard=2480 canary_err=0 q=0 qovr=0
[HB] up_ms=420106 frames=19997 inf=19997 hazard=2517 canary_err=0 q=0 qovr=0
[HB] up_ms=421113 frames=20044 inf=20044 hazard=2520 canary_err=0 q=0 qovr=0
[HB] up_ms=422120 frames=20092 inf=20092 hazard=2520 canary_err=0 q=0 qovr=0
[HB] up_ms=423127 frames=20140 inf=20140 hazard=2520 canary_err=0 q=0 qovr=0
[HB] up_ms=424134 frames=20188 inf=20188 hazard=2520 canary_err=0 q=0 qovr=0
[HB] up_ms=425141 frames=20236 inf=20236 hazard=2520 canary_err=0 q=0 qovr=0
[HB] up_ms=426148 frames=20284 inf=20284 hazard=2524 canary_err=0 q=0 qovr=0
[HB] up_ms=427155 frames=20332 inf=20332 hazard=2560 canary_err=0 q=0 qovr=0
[HB] up_ms=428162 frames=20380 inf=20380 hazard=2560 canary_err=0 q=0 qovr=0
[HB] up_ms=429169 frames=20428 inf=20428 hazard=2560 canary_err=0 q=0 qovr=0
[HB] up_ms=430176 frames=20476 inf=20476 hazard=2560 canary_err=0 q=0 qovr=0
[HB] up_ms=431183 frames=20524 inf=20524 hazard=2560 canary_err=0 q=0 qovr=0
[HB] up_ms=432190 frames=20572 inf=20572 hazard=2560 canary_err=0 q=0 qovr=0
[HB] up_ms=433197 frames=20620 inf=20620 hazard=2580 canary_err=0 q=0 qovr=0
[HB] up_ms=434204 frames=20668 inf=20668 hazard=2600 canary_err=0 q=0 qovr=0
[HB] up_ms=435211 frames=20716 inf=20716 hazard=2600 canary_err=0 q=0 qovr=0
[HB] up_ms=436218 frames=20764 inf=20764 hazard=2600 canary_err=0 q=0 qovr=0
[HB] up_ms=437225 frames=20812 inf=20812 hazard=2600 canary_err=0 q=0 qovr=0
[HB] up_ms=438232 frames=20860 inf=20860 hazard=2600 canary_err=0 q=0 qovr=0
[HB] up_ms=439239 frames=20908 inf=20908 hazard=2600 canary_err=0 q=0 qovr=0
[HB] up_ms=440246 frames=20956 inf=20956 hazard=2636 canary_err=0 q=0 qovr=0
[HB] up_ms=441253 frames=21004 inf=21004 hazard=2640 canary_err=0 q=0 qovr=0
[HB] up_ms=442260 frames=21051 inf=21051 hazard=2640 canary_err=0 q=0 qovr=0
[HB] up_ms=443267 frames=21099 inf=21099 hazard=2640 canary_err=0 q=0 qovr=0
[HB] up_ms=444274 frames=21147 inf=21147 hazard=2640 canary_err=0 q=0 qovr=0
[HB] up_ms=445281 frames=21195 inf=21195 hazard=2640 canary_err=0 q=0 qovr=0
[HB] up_ms=446288 frames=21243 inf=21243 hazard=2643 canary_err=0 q=0 qovr=0
[HB] up_ms=447295 frames=21291 inf=21291 hazard=2680 canary_err=0 q=0 qovr=0
[HB] up_ms=448302 frames=21339 inf=21339 hazard=2680 canary_err=0 q=0 qovr=0
[HB] up_ms=449309 frames=21387 inf=21387 hazard=2680 canary_err=0 q=0 qovr=0
[HB] up_ms=450316 frames=21435 inf=21435 hazard=2680 canary_err=0 q=0 qovr=0
[HB] up_ms=451323 frames=21483 inf=21483 hazard=2680 canary_err=0 q=0 qovr=0
[HB] up_ms=452330 frames=21531 inf=21531 hazard=2680 canary_err=0 q=0 qovr=0
[HB] up_ms=453337 frames=21579 inf=21579 hazard=2699 canary_err=0 q=0 qovr=0
[HB] up_ms=454344 frames=21627 inf=21627 hazard=2720 canary_err=0 q=0 qovr=0
[HB] up_ms=455351 frames=21675 inf=21675 hazard=2720 canary_err=0 q=0 qovr=0
[HB] up_ms=456358 frames=21723 inf=21723 hazard=2720 canary_err=0 q=0 qovr=0
[HB] up_ms=457365 frames=21771 inf=21771 hazard=2720 canary_err=0 q=0 qovr=0
[HB] up_ms=458372 frames=21819 inf=21819 hazard=2720 canary_err=0 q=0 qovr=0
[HB] up_ms=459379 frames=21867 inf=21867 hazard=2720 canary_err=0 q=0 qovr=0
[HB] up_ms=460386 frames=21915 inf=21915 hazard=2755 canary_err=0 q=0 qovr=0
[HB] up_ms=461393 frames=21963 inf=21963 hazard=2760 canary_err=0 q=0 qovr=0
[HB] up_ms=462400 frames=22011 inf=22011 hazard=2760 canary_err=0 q=0 qovr=0
[HB] up_ms=463407 frames=22058 inf=22058 hazard=2760 canary_err=0 q=0 qovr=0
[HB] up_ms=464414 frames=22106 inf=22106 hazard=2760 canary_err=0 q=0 qovr=0
[HB] up_ms=465421 frames=22154 inf=22154 hazard=2760 canary_err=0 q=0 qovr=0
[HB] up_ms=466428 frames=22202 inf=22202 hazard=2762 canary_err=0 q=0 qovr=0
[HB] up_ms=467435 frames=22250 inf=22250 hazard=2800 canary_err=0 q=0 qovr=0
[HB] up_ms=468442 frames=22298 inf=22298 hazard=2800 canary_err=0 q=0 qovr=0
[HB] up_ms=469449 frames=22346 inf=22346 hazard=2800 canary_err=0 q=0 qovr=0
[HB] up_ms=470456 frames=22394 inf=22394 hazard=2800 canary_err=0 q=0 qovr=0
[HB] up_ms=471463 frames=22442 inf=22442 hazard=2800 canary_err=0 q=0 qovr=0
[HB] up_ms=472470 frames=22490 inf=22490 hazard=2800 canary_err=0 q=0 qovr=0
[HB] up_ms=473477 frames=22538 inf=22538 hazard=2818 canary_err=0 q=0 qovr=0
[HB] up_ms=474484 frames=22586 inf=22586 hazard=2840 canary_err=0 q=0 qovr=0
[HB] up_ms=475491 frames=22634 inf=22634 hazard=2840 canary_err=0 q=0 qovr=0
[HB] up_ms=476498 frames=22682 inf=22682 hazard=2840 canary_err=0 q=0 qovr=0
[HB] up_ms=477505 frames=22730 inf=22730 hazard=2840 canary_err=0 q=0 qovr=0
[HB] up_ms=478512 frames=22778 inf=22778 hazard=2840 canary_err=0 q=0 qovr=0
[HB] up_ms=479519 frames=22826 inf=22826 hazard=2840 canary_err=0 q=0 qovr=0
[HB] up_ms=480526 frames=22874 inf=22874 hazard=2874 canary_err=0 q=0 qovr=0
[HB] up_ms=481533 frames=22922 inf=22922 hazard=2880 canary_err=0 q=0 qovr=0
[HB] up_ms=482540 frames=22970 inf=22970 hazard=2880 canary_err=0 q=0 qovr=0
[HB] up_ms=483547 frames=23018 inf=23018 hazard=2880 canary_err=0 q=0 qovr=0
[HB] up_ms=484554 frames=23065 inf=23065 hazard=2880 canary_err=0 q=0 qovr=0
[HB] up_ms=485561 frames=23113 inf=23113 hazard=2880 canary_err=0 q=0 qovr=0
[HB] up_ms=486568 frames=23161 inf=23161 hazard=2881 canary_err=0 q=0 qovr=0
[HB] up_ms=487575 frames=23209 inf=23209 hazard=2920 canary_err=0 q=0 qovr=0
[HB] up_ms=488582 frames=23257 inf=23257 hazard=2920 canary_err=0 q=0 qovr=0
[HB] up_ms=489589 frames=23305 inf=23305 hazard=2920 canary_err=0 q=0 qovr=0
[HB] up_ms=490596 frames=23353 inf=23353 hazard=2920 canary_err=0 q=0 qovr=0
[HB] up_ms=491603 frames=23401 inf=23401 hazard=2920 canary_err=0 q=0 qovr=0
[HB] up_ms=492610 frames=23449 inf=23449 hazard=2920 canary_err=0 q=0 qovr=0
[HB] up_ms=493617 frames=23497 inf=23497 hazard=2937 canary_err=0 q=0 qovr=0
[HB] up_ms=494624 frames=23545 inf=23545 hazard=2960 canary_err=0 q=0 qovr=0
[HB] up_ms=495631 frames=23593 inf=23593 hazard=2960 canary_err=0 q=0 qovr=0
[HB] up_ms=496638 frames=23641 inf=23641 hazard=2960 canary_err=0 q=0 qovr=0
[HB] up_ms=497645 frames=23689 inf=23689 hazard=2960 canary_err=0 q=0 qovr=0
[HB] up_ms=498652 frames=23737 inf=23737 hazard=2960 canary_err=0 q=0 qovr=0
[HB] up_ms=499659 frames=23785 inf=23785 hazard=2960 canary_err=0 q=0 qovr=0
[HB] up_ms=500666 frames=23833 inf=23833 hazard=2993 canary_err=0 q=0 qovr=0
[HB] up_ms=501673 frames=23881 inf=23881 hazard=3000 canary_err=0 q=0 qovr=0
[HB] up_ms=502680 frames=23929 inf=23929 hazard=3000 canary_err=0 q=0 qovr=0
[HB] up_ms=503687 frames=23977 inf=23977 hazard=3000 canary_err=0 q=0 qovr=0
[HB] up_ms=504694 frames=24025 inf=24025 hazard=3000 canary_err=0 q=0 qovr=0
[HB] up_ms=505701 frames=24072 inf=24072 hazard=3000 canary_err=0 q=0 qovr=0
[HB] up_ms=506708 frames=24120 inf=24120 hazard=3000 canary_err=0 q=0 qovr=0
[HB] up_ms=507715 frames=24168 inf=24168 hazard=3040 canary_err=0 q=0 qovr=0
[HB] up_ms=508722 frames=24216 inf=24216 hazard=3040 canary_err=0 q=0 qovr=0
[HB] up_ms=509729 frames=24264 inf=24264 hazard=3040 canary_err=0 q=0 qovr=0
[HB] up_ms=510736 frames=24312 inf=24312 hazard=3040 canary_err=0 q=0 qovr=0
[HB] up_ms=511743 frames=24360 inf=24360 hazard=3040 canary_err=0 q=0 qovr=0
[HB] up_ms=512750 frames=24408 inf=24408 hazard=3040 canary_err=0 q=0 qovr=0
[HB] up_ms=513757 frames=24456 inf=24456 hazard=3056 canary_err=0 q=0 qovr=0
[HB] up_ms=514764 frames=24504 inf=24504 hazard=3080 canary_err=0 q=0 qovr=0
[HB] up_ms=515771 frames=24552 inf=24552 hazard=3080 canary_err=0 q=0 qovr=0
[HB] up_ms=516778 frames=24600 inf=24600 hazard=3080 canary_err=0 q=0 qovr=0
[HB] up_ms=517785 frames=24648 inf=24648 hazard=3080 canary_err=0 q=0 qovr=0
[HB] up_ms=518792 frames=24696 inf=24696 hazard=3080 canary_err=0 q=0 qovr=0
[HB] up_ms=519799 frames=24744 inf=24744 hazard=3080 canary_err=0 q=0 qovr=0
[HB] up_ms=520806 frames=24792 inf=24792 hazard=3112 canary_err=0 q=0 qovr=0
[HB] up_ms=521813 frames=24840 inf=24840 hazard=3120 canary_err=0 q=0 qovr=0
[HB] up_ms=522820 frames=24888 inf=24888 hazard=3120 canary_err=0 q=0 qovr=0
[HB] up_ms=523827 frames=24936 inf=24936 hazard=3120 canary_err=0 q=0 qovr=0
[HB] up_ms=524834 frames=24984 inf=24984 hazard=3120 canary_err=0 q=0 qovr=0
[HB] up_ms=525841 frames=25032 inf=25032 hazard=3120 canary_err=0 q=0 qovr=0
[HB] up_ms=526848 frames=25079 inf=25079 hazard=3120 canary_err=0 q=0 qovr=0
[HB] up_ms=527855 frames=25127 inf=25127 hazard=3160 canary_err=0 q=0 qovr=0
[HB] up_ms=528862 frames=25175 inf=25175 hazard=3160 canary_err=0 q=0 qovr=0
[HB] up_ms=529869 frames=25223 inf=25223 hazard=3160 canary_err=0 q=0 qovr=0
[HB] up_ms=530876 frames=25271 inf=25271 hazard=3160 canary_err=0 q=0 qovr=0
[HB] up_ms=531883 frames=25319 inf=25319 hazard=3160 canary_err=0 q=0 qovr=0
[HB] up_ms=532890 frames=25367 inf=25367 hazard=3160 canary_err=0 q=0 qovr=0
[HB] up_ms=533897 frames=25415 inf=25415 hazard=3175 canary_err=0 q=0 qovr=0
[HB] up_ms=534904 frames=25463 inf=25463 hazard=3200 canary_err=0 q=0 qovr=0
[HB] up_ms=535911 frames=25511 inf=25511 hazard=3200 canary_err=0 q=0 qovr=0
[HB] up_ms=536918 frames=25559 inf=25559 hazard=3200 canary_err=0 q=0 qovr=0
[HB] up_ms=537925 frames=25607 inf=25607 hazard=3200 canary_err=0 q=0 qovr=0
[HB] up_ms=538932 frames=25655 inf=25655 hazard=3200 canary_err=0 q=0 qovr=0
[HB] up_ms=539939 frames=25703 inf=25703 hazard=3200 canary_err=0 q=0 qovr=0
[HB] up_ms=540946 frames=25751 inf=25751 hazard=3231 canary_err=0 q=0 qovr=0
[HB] up_ms=541953 frames=25799 inf=25799 hazard=3240 canary_err=0 q=0 qovr=0
[HB] up_ms=542960 frames=25847 inf=25847 hazard=3240 canary_err=0 q=0 qovr=0
[HB] up_ms=543967 frames=25895 inf=25895 hazard=3240 canary_err=0 q=0 qovr=0
[HB] up_ms=544974 frames=25943 inf=25943 hazard=3240 canary_err=0 q=0 qovr=0
[HB] up_ms=545981 frames=25991 inf=25991 hazard=3240 canary_err=0 q=0 qovr=0
[HB] up_ms=546988 frames=26039 inf=26039 hazard=3240 canary_err=0 q=0 qovr=0
[HB] up_ms=547995 frames=26086 inf=26086 hazard=3280 canary_err=0 q=0 qovr=0
[HB] up_ms=549002 frames=26134 inf=26134 hazard=3280 canary_err=0 q=0 qovr=0
[HB] up_ms=550009 frames=26182 inf=26182 hazard=3280 canary_err=0 q=0 qovr=0
[HB] up_ms=551016 frames=26230 inf=26230 hazard=3280 canary_err=0 q=0 qovr=0
[HB] up_ms=552023 frames=26278 inf=26278 hazard=3280 canary_err=0 q=0 qovr=0
[HB] up_ms=553030 frames=26326 inf=26326 hazard=3280 canary_err=0 q=0 qovr=0
[HB] up_ms=554037 frames=26374 inf=26374 hazard=3294 canary_err=0 q=0 qovr=0
[HB] up_ms=555044 frames=26422 inf=26422 hazard=3320 canary_err=0 q=0 qovr=0
[HB] up_ms=556051 frames=26470 inf=26470 hazard=3320 canary_err=0 q=0 qovr=0
[HB] up_ms=557058 frames=26518 inf=26518 hazard=3320 canary_err=0 q=0 qovr=0
[HB] up_ms=558065 frames=26566 inf=26566 hazard=3320 canary_err=0 q=0 qovr=0
[HB] up_ms=559072 frames=26614 inf=26614 hazard=3320 canary_err=0 q=0 qovr=0
[HB] up_ms=560079 frames=26662 inf=26662 hazard=3320 canary_err=0 q=0 qovr=0
[HB] up_ms=561086 frames=26710 inf=26710 hazard=3350 canary_err=0 q=0 qovr=0
[HB] up_ms=562093 frames=26758 inf=26758 hazard=3360 canary_err=0 q=0 qovr=0
[HB] up_ms=563100 frames=26806 inf=26806 hazard=3360 canary_err=0 q=0 qovr=0
[HB] up_ms=564107 frames=26854 inf=26854 hazard=3360 canary_err=0 q=0 qovr=0
[HB] up_ms=565114 frames=26902 inf=26902 hazard=3360 canary_err=0 q=0 qovr=0
[HB] up_ms=566121 frames=26950 inf=26950 hazard=3360 canary_err=0 q=0 qovr=0
[HB] up_ms=567128 frames=26998 inf=26998 hazard=3360 canary_err=0 q=0 qovr=0
[HB] up_ms=568135 frames=27046 inf=27046 hazard=3400 canary_err=0 q=0 qovr=0
[HB] up_ms=569142 frames=27093 inf=27093 hazard=3400 canary_err=0 q=0 qovr=0
[HB] up_ms=570149 frames=27141 inf=27141 hazard=3400 canary_err=0 q=0 qovr=0
[HB] up_ms=571156 frames=27189 inf=27189 hazard=3400 canary_err=0 q=0 qovr=0
[HB] up_ms=572163 frames=27237 inf=27237 hazard=3400 canary_err=0 q=0 qovr=0
[HB] up_ms=573170 frames=27285 inf=27285 hazard=3400 canary_err=0 q=0 qovr=0
[HB] up_ms=574177 frames=27333 inf=27333 hazard=3413 canary_err=0 q=0 qovr=0
[HB] up_ms=575184 frames=27381 inf=27381 hazard=3440 canary_err=0 q=0 qovr=0
[HB] up_ms=576191 frames=27429 inf=27429 hazard=3440 canary_err=0 q=0 qovr=0
[HB] up_ms=577198 frames=27477 inf=27477 hazard=3440 canary_err=0 q=0 qovr=0
[HB] up_ms=578205 frames=27525 inf=27525 hazard=3440 canary_err=0 q=0 qovr=0
[HB] up_ms=579212 frames=27573 inf=27573 hazard=3440 canary_err=0 q=0 qovr=0
[HB] up_ms=580219 frames=27621 inf=27621 hazard=3440 canary_err=0 q=0 qovr=0
[HB] up_ms=581226 frames=27669 inf=27669 hazard=3469 canary_err=0 q=0 qovr=0
[HB] up_ms=582233 frames=27717 inf=27717 hazard=3480 canary_err=0 q=0 qovr=0
[HB] up_ms=583240 frames=27765 inf=27765 hazard=3480 canary_err=0 q=0 qovr=0
[HB] up_ms=584247 frames=27813 inf=27813 hazard=3480 canary_err=0 q=0 qovr=0
[HB] up_ms=585254 frames=27861 inf=27861 hazard=3480 canary_err=0 q=0 qovr=0
[HB] up_ms=586261 frames=27909 inf=27909 hazard=3480 canary_err=0 q=0 qovr=0
[HB] up_ms=587268 frames=27957 inf=27957 hazard=3480 canary_err=0 q=0 qovr=0
[HB] up_ms=588275 frames=28005 inf=28005 hazard=3520 canary_err=0 q=0 qovr=0
[HB] up_ms=589282 frames=28053 inf=28053 hazard=3520 canary_err=0 q=0 qovr=0
[HB] up_ms=590289 frames=28100 inf=28100 hazard=3520 canary_err=0 q=0 qovr=0
[HB] up_ms=591296 frames=28148 inf=28148 hazard=3520 canary_err=0 q=0 qovr=0
[HB] up_ms=592303 frames=28196 inf=28196 hazard=3520 canary_err=0 q=0 qovr=0
[HB] up_ms=593310 frames=28244 inf=28244 hazard=3520 canary_err=0 q=0 qovr=0
[HB] up_ms=594317 frames=28292 inf=28292 hazard=3532 canary_err=0 q=0 qovr=0
[HB] up_ms=595324 frames=28340 inf=28340 hazard=3560 canary_err=0 q=0 qovr=0
[HB] up_ms=596331 frames=28388 inf=28388 hazard=3560 canary_err=0 q=0 qovr=0
[HB] up_ms=597338 frames=28436 inf=28436 hazard=3560 canary_err=0 q=0 qovr=0
[HB] up_ms=598345 frames=28484 inf=28484 hazard=3560 canary_err=0 q=0 qovr=0
[HB] up_ms=599352 frames=28532 inf=28532 hazard=3560 canary_err=0 q=0 qovr=0
[HB] up_ms=600359 frames=28580 inf=28580 hazard=3560 canary_err=0 q=0 qovr=0
[HB] up_ms=601366 frames=28628 inf=28628 hazard=3588 canary_err=0 q=0 qovr=0
[HB] up_ms=602373 frames=28676 inf=28676 hazard=3600 canary_err=0 q=0 qovr=0
[HB] up_ms=603380 frames=28724 inf=28724 hazard=3600 canary_err=0 q=0 qovr=0
[HB] up_ms=604387 frames=28772 inf=28772 hazard=3600 canary_err=0 q=0 qovr=0
[HB] up_ms=605394 frames=28820 inf=28820 hazard=3600 canary_err=0 q=0 qovr=0
[HB] up_ms=606401 frames=28868 inf=28868 hazard=3600 canary_err=0 q=0 qovr=0
[HB] up_ms=607408 frames=28916 inf=28916 hazard=3600 canary_err=0 q=0 qovr=0
[HB] up_ms=608415 frames=28964 inf=28964 hazard=3640 canary_err=0 q=0 qovr=0
[HB] up_ms=609422 frames=29012 inf=29012 hazard=3640 canary_err=0 q=0 qovr=0
[HB] up_ms=610429 frames=29060 inf=29060 hazard=3640 canary_err=0 q=0 qovr=0
[HB] up_ms=611436 frames=29107 inf=29107 hazard=3640 canary_err=0 q=0 qovr=0
[HB] up_ms=612443 frames=29155 inf=29155 hazard=3640 canary_err=0 q=0 qovr=0
[HB] up_ms=613450 frames=29203 inf=29203 hazard=3640 canary_err=0 q=0 qovr=0
[HB] up_ms=614457 frames=29251 inf=29251 hazard=3651 canary_err=0 q=0 qovr=0
[HB] up_ms=615464 frames=29299 inf=29299 hazard=3680 canary_err=0 q=0 qovr=0
[HB] up_ms=616471 frames=29347 inf=29347 hazard=3680 canary_err=0 q=0 qovr=0
[HB] up_ms=617478 frames=29395 inf=29395 hazard=3680 canary_err=0 q=0 qovr=0
[HB] up_ms=618485 frames=29443 inf=29443 hazard=3680 canary_err=0 q=0 qovr=0
[HB] up_ms=619492 frames=29491 inf=29491 hazard=3680 canary_err=0 q=0 qovr=0
[HB] up_ms=620499 frames=29539 inf=29539 hazard=3680 canary_err=0 q=0 qovr=0
[HB] up_ms=621506 frames=29587 inf=29587 hazard=3707 canary_err=0 q=0 qovr=0
[HB] up_ms=622513 frames=29635 inf=29635 hazard=3720 canary_err=0 q=0 qovr=0
[HB] up_ms=623520 frames=29683 inf=29683 hazard=3720 canary_err=0 q=0 qovr=0
[HB] up_ms=624527 frames=29731 inf=29731 hazard=3720 canary_err=0 q=0 qovr=0
[HB] up_ms=625534 frames=29779 inf=29779 hazard=3720 canary_err=0 q=0 qovr=0
[HB] up_ms=626541 frames=29827 inf=29827 hazard=3720 canary_err=0 q=0 qovr=0
[HB] up_ms=627548 frames=29875 inf=29875 hazard=3720 canary_err=0 q=0 qovr=0
[HB] up_ms=628555 frames=29923 inf=29923 hazard=3760 canary_err=0 q=0 qovr=0
[HB] up_ms=629562 frames=29971 inf=29971 hazard=3760 canary_err=0 q=0 qovr=0
[HB] up_ms=630569 frames=30019 inf=30019 hazard=3760 canary_err=0 q=0 qovr=0
[HB] up_ms=631576 frames=30067 inf=30067 hazard=3760 canary_err=0 q=0 qovr=0
[HB] up_ms=632583 frames=30114 inf=30114 hazard=3760 canary_err=0 q=0 qovr=0
[HB] up_ms=633590 frames=30162 inf=30162 hazard=3760 canary_err=0 q=0 qovr=0
[HB] up_ms=634597 frames=30210 inf=30210 hazard=3770 canary_err=0 q=0 qovr=0
[HB] up_ms=635604 frames=30258 inf=30258 hazard=3800 canary_err=0 q=0 qovr=0
[HB] up_ms=636611 frames=30306 inf=30306 hazard=3800 canary_err=0 q=0 qovr=0
[HB] up_ms=637618 frames=30354 inf=30354 hazard=3800 canary_err=0 q=0 qovr=0
[HB] up_ms=638625 frames=30402 inf=30402 hazard=3800 canary_err=0 q=0 qovr=0
[HB] up_ms=639632 frames=30450 inf=30450 hazard=3800 canary_err=0 q=0 qovr=0
[HB] up_ms=640639 frames=30498 inf=30498 hazard=3800 canary_err=0 q=0 qovr=0
[HB] up_ms=641646 frames=30546 inf=30546 hazard=3826 canary_err=0 q=0 qovr=0
[HB] up_ms=642653 frames=30594 inf=30594 hazard=3840 canary_err=0 q=0 qovr=0
[HB] up_ms=643660 frames=30642 inf=30642 hazard=3840 canary_err=0 q=0 qovr=0
[HB] up_ms=644667 frames=30690 inf=30690 hazard=3840 canary_err=0 q=0 qovr=0
[HB] up_ms=645674 frames=30738 inf=30738 hazard=3840 canary_err=0 q=0 qovr=0
[HB] up_ms=646681 frames=30786 inf=30786 hazard=3840 canary_err=0 q=0 qovr=0
[HB] up_ms=647688 frames=30834 inf=30834 hazard=3840 canary_err=0 q=0 qovr=0
[HB] up_ms=648695 frames=30882 inf=30882 hazard=3880 canary_err=0 q=0 qovr=0
[HB] up_ms=649702 frames=30930 inf=30930 hazard=3880 canary_err=0 q=0 qovr=0
[HB] up_ms=650709 frames=30978 inf=30978 hazard=3880 canary_err=0 q=0 qovr=0
[HB] up_ms=651716 frames=31026 inf=31026 hazard=3880 canary_err=0 q=0 qovr=0
[HB] up_ms=652723 frames=31074 inf=31074 hazard=3880 canary_err=0 q=0 qovr=0
[HB] up_ms=653730 frames=31121 inf=31121 hazard=3880 canary_err=0 q=0 qovr=0
[HB] up_ms=654737 frames=31169 inf=31169 hazard=3889 canary_err=0 q=0 qovr=0
[HB] up_ms=655744 frames=31217 inf=31217 hazard=3920 canary_err=0 q=0 qovr=0
[HB] up_ms=656751 frames=31265 inf=31265 hazard=3920 canary_err=0 q=0 qovr=0
[HB] up_ms=657758 frames=31313 inf=31313 hazard=3920 canary_err=0 q=0 qovr=0
[HB] up_ms=658765 frames=31361 inf=31361 hazard=3920 canary_err=0 q=0 qovr=0
[HB] up_ms=659772 frames=31409 inf=31409 hazard=3920 canary_err=0 q=0 qovr=0
[HB] up_ms=660779 frames=31457 inf=31457 hazard=3920 canary_err=0 q=0 qovr=0
[HB] up_ms=661786 frames=31505 inf=31505 hazard=3945 canary_err=0 q=0 qovr=0
[HB] up_ms=662793 frames=31553 inf=31553 hazard=3960 canary_err=0 q=0 qovr=0
[HB] up_ms=663800 frames=31601 inf=31601 hazard=3960 canary_err=0 q=0 qovr=0
[HB] up_ms=664807 frames=31649 inf=31649 hazard=3960 canary_err=0 q=0 qovr=0
[HB] up_ms=665814 frames=31697 inf=31697 hazard=3960 canary_err=0 q=0 qovr=0
[HB] up_ms=666821 frames=31745 inf=31745 hazard=3960 canary_err=0 q=0 qovr=0
[HB] up_ms=667828 frames=31793 inf=31793 hazard=3960 canary_err=0 q=0 qovr=0
[HB] up_ms=668835 frames=31841 inf=31841 hazard=4000 canary_err=0 q=0 qovr=0
[HB] up_ms=669842 frames=31889 inf=31889 hazard=4000 canary_err=0 q=0 qovr=0
[HB] up_ms=670849 frames=31937 inf=31937 hazard=4000 canary_err=0 q=0 qovr=0
[HB] up_ms=671856 frames=31985 inf=31985 hazard=4000 canary_err=0 q=0 qovr=0
[HB] up_ms=672863 frames=32033 inf=32033 hazard=4000 canary_err=0 q=0 qovr=0
[HB] up_ms=673870 frames=32081 inf=32081 hazard=4000 canary_err=0 q=0 qovr=0
[HB] up_ms=674877 frames=32128 inf=32128 hazard=4008 canary_err=0 q=0 qovr=0
[HB] up_ms=675884 frames=32176 inf=32176 hazard=4040 canary_err=0 q=0 qovr=0
[HB] up_ms=676891 frames=32224 inf=32224 hazard=4040 canary_err=0 q=0 qovr=0
[HB] up_ms=677898 frames=32272 inf=32272 hazard=4040 canary_err=0 q=0 qovr=0
[HB] up_ms=678905 frames=32320 inf=32320 hazard=4040 canary_err=0 q=0 qovr=0
[HB] up_ms=679912 frames=32368 inf=32368 hazard=4040 canary_err=0 q=0 qovr=0
[HB] up_ms=680919 frames=32416 inf=32416 hazard=4040 canary_err=0 q=0 qovr=0
[HB] up_ms=681926 frames=32464 inf=32464 hazard=4064 canary_err=0 q=0 qovr=0
[HB] up_ms=682933 frames=32512 inf=32512 hazard=4080 canary_err=0 q=0 qovr=0
[HB] up_ms=683940 frames=32560 inf=32560 hazard=4080 canary_err=0 q=0 qovr=0
[HB] up_ms=684947 frames=32608 inf=32608 hazard=4080 canary_err=0 q=0 qovr=0
[HB] up_ms=685954 frames=32656 inf=32656 hazard=4080 canary_err=0 q=0 qovr=0
[HB] up_ms=686961 frames=32704 inf=32704 hazard=4080 canary_err=0 q=0 qovr=0
[HB] up_ms=687968 frames=32752 inf=32752 hazard=4080 canary_err=0 q=0 qovr=0
[HB] up_ms=688975 frames=32800 inf=32800 hazard=4120 canary_err=0 q=0 qovr=0
[HB] up_ms=689982 frames=32848 inf=32848 hazard=4120 canary_err=0 q=0 qovr=0
[HB] up_ms=690989 frames=32896 inf=32896 hazard=4120 canary_err=0 q=0 qovr=0
[HB] up_ms=691996 frames=32944 inf=32944 hazard=4120 canary_err=0 q=0 qovr=0
[HB] up_ms=693003 frames=32992 inf=32992 hazard=4120 canary_err=0 q=0 qovr=0
[HB] up_ms=694010 frames=33040 inf=33040 hazard=4120 canary_err=0 q=0 qovr=0
[HB] up_ms=695017 frames=33088 inf=33088 hazard=4128 canary_err=0 q=0 qovr=0
[HB] up_ms=696024 frames=33135 inf=33135 hazard=4160 canary_err=0 q=0 qovr=0
[HB] up_ms=697031 frames=33183 inf=33183 hazard=4160 canary_err=0 q=0 qovr=0
[HB] up_ms=698038 frames=33231 inf=33231 hazard=4160 canary_err=0 q=0 qovr=0
[HB] up_ms=699045 frames=33279 inf=33279 hazard=4160 canary_err=0 q=0 qovr=0
[HB] up_ms=700052 frames=33327 inf=33327 hazard=4160 canary_err=0 q=0 qovr=0
[HB] up_ms=701059 frames=33375 inf=33375 hazard=4160 canary_err=0 q=0 qovr=0
[HB] up_ms=702066 frames=33423 inf=33423 hazard=4183 canary_err=0 q=0 qovr=0
[HB] up_ms=703073 frames=33471 inf=33471 hazard=4200 canary_err=0 q=0 qovr=0
[HB] up_ms=704080 frames=33519 inf=33519 hazard=4200 canary_err=0 q=0 qovr=0
[HB] up_ms=705087 frames=33567 inf=33567 hazard=4200 canary_err=0 q=0 qovr=0
[HB] up_ms=706094 frames=33615 inf=33615 hazard=4200 canary_err=0 q=0 qovr=0
[HB] up_ms=707101 frames=33663 inf=33663 hazard=4200 canary_err=0 q=0 qovr=0
[HB] up_ms=708108 frames=33711 inf=33711 hazard=4200 canary_err=0 q=0 qovr=0
[HB] up_ms=709115 frames=33759 inf=33759 hazard=4239 canary_err=0 q=0 qovr=0
[HB] up_ms=710122 frames=33807 inf=33807 hazard=4240 canary_err=0 q=0 qovr=0
[HB] up_ms=711129 frames=33855 inf=33855 hazard=4240 canary_err=0 q=0 qovr=0
[HB] up_ms=712136 frames=33903 inf=33903 hazard=4240 canary_err=0 q=0 qovr=0
[HB] up_ms=713143 frames=33951 inf=33951 hazard=4240 canary_err=0 q=0 qovr=0
[HB] up_ms=714150 frames=33999 inf=33999 hazard=4240 canary_err=0 q=0 qovr=0
[HB] up_ms=715157 frames=34047 inf=34047 hazard=4247 canary_err=0 q=0 qovr=0
[HB] up_ms=716164 frames=34095 inf=34095 hazard=4280 canary_err=0 q=0 qovr=0
[HB] up_ms=717171 frames=34142 inf=34142 hazard=4280 canary_err=0 q=0 qovr=0
[HB] up_ms=718178 frames=34190 inf=34190 hazard=4280 canary_err=0 q=0 qovr=0
[HB] up_ms=719185 frames=34238 inf=34238 hazard=4280 canary_err=0 q=0 qovr=0
[HB] up_ms=720192 frames=34286 inf=34286 hazard=4280 canary_err=0 q=0 qovr=0
[HB] up_ms=721199 frames=34334 inf=34334 hazard=4280 canary_err=0 q=0 qovr=0
[HB] up_ms=722206 frames=34382 inf=34382 hazard=4302 canary_err=0 q=0 qovr=0
[HB] up_ms=723213 frames=34430 inf=34430 hazard=4320 canary_err=0 q=0 qovr=0
[HB] up_ms=724220 frames=34478 inf=34478 hazard=4320 canary_err=0 q=0 qovr=0
[HB] up_ms=725227 frames=34526 inf=34526 hazard=4320 canary_err=0 q=0 qovr=0
[HB] up_ms=726234 frames=34574 inf=34574 hazard=4320 canary_err=0 q=0 qovr=0
[HB] up_ms=727241 frames=34622 inf=34622 hazard=4320 canary_err=0 q=0 qovr=0
[HB] up_ms=728248 frames=34670 inf=34670 hazard=4320 canary_err=0 q=0 qovr=0
[HB] up_ms=729255 frames=34718 inf=34718 hazard=4358 canary_err=0 q=0 qovr=0
[HB] up_ms=730262 frames=34766 inf=34766 hazard=4360 canary_err=0 q=0 qovr=0
[HB] up_ms=731269 frames=34814 inf=34814 hazard=4360 canary_err=0 q=0 qovr=0
[HB] up_ms=732276 frames=34862 inf=34862 hazard=4360 canary_err=0 q=0 qovr=0
[HB] up_ms=733283 frames=34910 inf=34910 hazard=4360 canary_err=0 q=0 qovr=0
[HB] up_ms=734290 frames=34958 inf=34958 hazard=4360 canary_err=0 q=0 qovr=0
[HB] up_ms=735297 frames=35006 inf=35006 hazard=4366 canary_err=0 q=0 qovr=0
[HB] up_ms=736304 frames=35054 inf=35054 hazard=4400 canary_err=0 q=0 qovr=0
[HB] up_ms=737311 frames=35102 inf=35102 hazard=4400 canary_err=0 q=0 qovr=0
[HB] up_ms=738318 frames=35149 inf=35149 hazard=4400 canary_err=0 q=0 qovr=0
[HB] up_ms=739325 frames=35197 inf=35197 hazard=4400 canary_err=0 q=0 qovr=0
[HB] up_ms=740332 frames=35245 inf=35245 hazard=4400 canary_err=0 q=0 qovr=0
[HB] up_ms=741339 frames=35293 inf=35293 hazard=4400 canary_err=0 q=0 qovr=0
[HB] up_ms=742346 frames=35341 inf=35341 hazard=4421 canary_err=0 q=0 qovr=0
[HB] up_ms=743353 frames=35389 inf=35389 hazard=4440 canary_err=0 q=0 qovr=0
[HB] up_ms=744360 frames=35437 inf=35437 hazard=4440 canary_err=0 q=0 qovr=0
[HB] up_ms=745367 frames=35485 inf=35485 hazard=4440 canary_err=0 q=0 qovr=0
[HB] up_ms=746374 frames=35533 inf=35533 hazard=4440 canary_err=0 q=0 qovr=0
[HB] up_ms=747381 frames=35581 inf=35581 hazard=4440 canary_err=0 q=0 qovr=0
[HB] up_ms=748388 frames=35629 inf=35629 hazard=4440 canary_err=0 q=0 qovr=0
[HB] up_ms=749395 frames=35677 inf=35677 hazard=4477 canary_err=0 q=0 qovr=0
[HB] up_ms=750402 frames=35725 inf=35725 hazard=4480 canary_err=0 q=0 qovr=0
[HB] up_ms=751409 frames=35773 inf=35773 hazard=4480 canary_err=0 q=0 qovr=0
[HB] up_ms=752416 frames=35821 inf=35821 hazard=4480 canary_err=0 q=0 qovr=0
[HB] up_ms=753423 frames=35869 inf=35869 hazard=4480 canary_err=0 q=0 qovr=0
[HB] up_ms=754430 frames=35917 inf=35917 hazard=4480 canary_err=0 q=0 qovr=0
[HB] up_ms=755437 frames=35965 inf=35965 hazard=4485 canary_err=0 q=0 qovr=0
[HB] up_ms=756444 frames=36013 inf=36013 hazard=4520 canary_err=0 q=0 qovr=0
[HB] up_ms=757451 frames=36061 inf=36061 hazard=4520 canary_err=0 q=0 qovr=0
[HB] up_ms=758458 frames=36109 inf=36109 hazard=4520 canary_err=0 q=0 qovr=0
[HB] up_ms=759465 frames=36156 inf=36156 hazard=4520 canary_err=0 q=0 qovr=0
[HB] up_ms=760472 frames=36204 inf=36204 hazard=4520 canary_err=0 q=0 qovr=0
[HB] up_ms=761479 frames=36252 inf=36252 hazard=4520 canary_err=0 q=0 qovr=0
[HB] up_ms=762486 frames=36300 inf=36300 hazard=4540 canary_err=0 q=0 qovr=0
[HB] up_ms=763493 frames=36348 inf=36348 hazard=4560 canary_err=0 q=0 qovr=0
[HB] up_ms=764500 frames=36396 inf=36396 hazard=4560 canary_err=0 q=0 qovr=0
[HB] up_ms=765507 frames=36444 inf=36444 hazard=4560 canary_err=0 q=0 qovr=0
[HB] up_ms=766514 frames=36492 inf=36492 hazard=4560 canary_err=0 q=0 qovr=0
[HB] up_ms=767521 frames=36540 inf=36540 hazard=4560 canary_err=0 q=0 qovr=0
[HB] up_ms=768528 frames=36588 inf=36588 hazard=4560 canary_err=0 q=0 qovr=0
[HB] up_ms=769535 frames=36636 inf=36636 hazard=4596 canary_err=0 q=0 qovr=0
[HB] up_ms=770542 frames=36684 inf=36684 hazard=4600 canary_err=0 q=0 qovr=0
[HB] up_ms=771549 frames=36732 inf=36732 hazard=4600 canary_err=0 q=0 qovr=0
[HB] up_ms=772556 frames=36780 inf=36780 hazard=4600 canary_err=0 q=0 qovr=0
[HB] up_ms=773563 frames=36828 inf=36828 hazard=4600 canary_err=0 q=0 qovr=0
[HB] up_ms=774570 frames=36876 inf=36876 hazard=4600 canary_err=0 q=0 qovr=0
[HB] up_ms=775577 frames=36924 inf=36924 hazard=4604 canary_err=0 q=0 qovr=0
[HB] up_ms=776584 frames=36972 inf=36972 hazard=4640 canary_err=0 q=0 qovr=0
[HB] up_ms=777591 frames=37020 inf=37020 hazard=4640 canary_err=0 q=0 qovr=0
[HB] up_ms=778598 frames=37068 inf=37068 hazard=4640 canary_err=0 q=0 qovr=0
[HB] up_ms=779605 frames=37116 inf=37116 hazard=4640 canary_err=0 q=0 qovr=0
[HB] up_ms=780612 frames=37163 inf=37163 hazard=4640 canary_err=0 q=0 qovr=0
[HB] up_ms=781619 frames=37211 inf=37211 hazard=4640 canary_err=0 q=0 qovr=0
[HB] up_ms=782626 frames=37259 inf=37259 hazard=4659 canary_err=0 q=0 qovr=0
[HB] up_ms=783633 frames=37307 inf=37307 hazard=4680 canary_err=0 q=0 qovr=0
[HB] up_ms=784640 frames=37355 inf=37355 hazard=4680 canary_err=0 q=0 qovr=0
[HB] up_ms=785647 frames=37403 inf=37403 hazard=4680 canary_err=0 q=0 qovr=0
[HB] up_ms=786654 frames=37451 inf=37451 hazard=4680 canary_err=0 q=0 qovr=0
[HB] up_ms=787661 frames=37499 inf=37499 hazard=4680 canary_err=0 q=0 qovr=0
[HB] up_ms=788668 frames=37547 inf=37547 hazard=4680 canary_err=0 q=0 qovr=0
[HB] up_ms=789675 frames=37595 inf=37595 hazard=4715 canary_err=0 q=0 qovr=0
[HB] up_ms=790682 frames=37643 inf=37643 hazard=4720 canary_err=0 q=0 qovr=0
[HB] up_ms=791689 frames=37691 inf=37691 hazard=4720 canary_err=0 q=0 qovr=0
[HB] up_ms=792696 frames=37739 inf=37739 hazard=4720 canary_err=0 q=0 qovr=0
[HB] up_ms=793703 frames=37787 inf=37787 hazard=4720 canary_err=0 q=0 qovr=0
[HB] up_ms=794710 frames=37835 inf=37835 hazard=4720 canary_err=0 q=0 qovr=0
[HB] up_ms=795717 frames=37883 inf=37883 hazard=4723 canary_err=0 q=0 qovr=0
[HB] up_ms=796724 frames=37931 inf=37931 hazard=4760 canary_err=0 q=0 qovr=0
[HB] up_ms=797731 frames=37979 inf=37979 hazard=4760 canary_err=0 q=0 qovr=0
[HB] up_ms=798738 frames=38027 inf=38027 hazard=4760 canary_err=0 q=0 qovr=0
[HB] up_ms=799745 frames=38075 inf=38075 hazard=4760 canary_err=0 q=0 qovr=0
[HB] up_ms=800752 frames=38123 inf=38123 hazard=4760 canary_err=0 q=0 qovr=0
[HB] up_ms=801759 frames=38170 inf=38170 hazard=4760 canary_err=0 q=0 qovr=0
[HB] up_ms=802766 frames=38218 inf=38218 hazard=4778 canary_err=0 q=0 qovr=0
[HB] up_ms=803773 frames=38266 inf=38266 hazard=4800 canary_err=0 q=0 qovr=0
[HB] up_ms=804780 frames=38314 inf=38314 hazard=4800 canary_err=0 q=0 qovr=0
[HB] up_ms=805787 frames=38362 inf=38362 hazard=4800 canary_err=0 q=0 qovr=0
[HB] up_ms=806794 frames=38410 inf=38410 hazard=4800 canary_err=0 q=0 qovr=0
[HB] up_ms=807801 frames=38458 inf=38458 hazard=4800 canary_err=0 q=0 qovr=0
[HB] up_ms=808808 frames=38506 inf=38506 hazard=4800 canary_err=0 q=0 qovr=0
[HB] up_ms=809815 frames=38554 inf=38554 hazard=4834 canary_err=0 q=0 qovr=0
[HB] up_ms=810822 frames=38602 inf=38602 hazard=4840 canary_err=0 q=0 qovr=0
[HB] up_ms=811829 frames=38650 inf=38650 hazard=4840 canary_err=0 q=0 qovr=0
[HB] up_ms=812836 frames=38698 inf=38698 hazard=4840 canary_err=0 q=0 qovr=0
[HB] up_ms=813843 frames=38746 inf=38746 hazard=4840 canary_err=0 q=0 qovr=0
[HB] up_ms=814850 frames=38794 inf=38794 hazard=4840 canary_err=0 q=0 qovr=0
[HB] up_ms=815857 frames=38842 inf=38842 hazard=4842 canary_err=0 q=0 qovr=0
[HB] up_ms=816864 frames=38890 inf=38890 hazard=4880 canary_err=0 q=0 qovr=0
[HB] up_ms=817871 frames=38938 inf=38938 hazard=4880 canary_err=0 q=0 qovr=0
[HB] up_ms=818878 frames=38986 inf=38986 hazard=4880 canary_err=0 q=0 qovr=0
[HB] up_ms=819885 frames=39034 inf=39034 hazard=4880 canary_err=0 q=0 qovr=0
[HB] up_ms=820892 frames=39082 inf=39082 hazard=4880 canary_err=0 q=0 qovr=0
[HB] up_ms=821899 frames=39130 inf=39130 hazard=4880 canary_err=0 q=0 qovr=0
[HB] up_ms=822906 frames=39177 inf=39177 hazard=4897 canary_err=0 q=0 qovr=0
[HB] up_ms=823913 frames=39225 inf=39225 hazard=4920 canary_err=0 q=0 qovr=0
[HB] up_ms=824920 frames=39273 inf=39273 hazard=4920 canary_err=0 q=0 qovr=0
[HB] up_ms=825927 frames=39321 inf=39321 hazard=4920 canary_err=0 q=0 qovr=0
[HB] up_ms=826934 frames=39369 inf=39369 hazard=4920 canary_err=0 q=0 qovr=0
[HB] up_ms=827941 frames=39417 inf=39417 hazard=4920 canary_err=0 q=0 qovr=0
[HB] up_ms=828948 frames=39465 inf=39465 hazard=4920 canary_err=0 q=0 qovr=0
[HB] up_ms=829955 frames=39513 inf=39513 hazard=4953 canary_err=0 q=0 qovr=0
[HB] up_ms=830962 frames=39561 inf=39561 hazard=4960 canary_err=0 q=0 qovr=0
[HB] up_ms=831969 frames=39609 inf=39609 hazard=4960 canary_err=0 q=0 qovr=0
[HB] up_ms=832976 frames=39657 inf=39657 hazard=4960 canary_err=0 q=0 qovr=0
[HB] up_ms=833983 frames=39705 inf=39705 hazard=4960 canary_err=0 q=0 qovr=0
[HB] up_ms=834990 frames=39753 inf=39753 hazard=4960 canary_err=0 q=0 qovr=0
[HB] up_ms=835997 frames=39801 inf=39801 hazard=4961 canary_err=0 q=0 qovr=0
[HB] up_ms=837004 frames=39849 inf=39849 hazard=5000 canary_err=0 q=0 qovr=0
[HB] up_ms=838011 frames=39897 inf=39897 hazard=5000 canary_err=0 q=0 qovr=0
[HB] up_ms=839018 frames=39945 inf=39945 hazard=5000 canary_err=0 q=0 qovr=0
[HB] up_ms=840025 frames=39993 inf=39993 hazard=5000 canary_err=0 q=0 qovr=0
[HB] up_ms=841032 frames=40041 inf=40041 hazard=5000 canary_err=0 q=0 qovr=0
[HB] up_ms=842039 frames=40089 inf=40089 hazard=5000 canary_err=0 q=0 qovr=0
[HB] up_ms=843046 frames=40137 inf=40137 hazard=5017 canary_err=0 q=0 qovr=0
[HB] up_ms=844053 frames=40184 inf=40184 hazard=5040 canary_err=0 q=0 qovr=0
[HB] up_ms=845060 frames=40232 inf=40232 hazard=5040 canary_err=0 q=0 qovr=0
[HB] up_ms=846067 frames=40280 inf=40280 hazard=5040 canary_err=0 q=0 qovr=0
[HB] up_ms=847074 frames=40328 inf=40328 hazard=5040 canary_err=0 q=0 qovr=0
[HB] up_ms=848081 frames=40376 inf=40376 hazard=5040 canary_err=0 q=0 qovr=0
[HB] up_ms=849088 frames=40424 inf=40424 hazard=5040 canary_err=0 q=0 qovr=0
[HB] up_ms=850095 frames=40472 inf=40472 hazard=5072 canary_err=0 q=0 qovr=0
[HB] up_ms=851102 frames=40520 inf=40520 hazard=5080 canary_err=0 q=0 qovr=0
[HB] up_ms=852109 frames=40568 inf=40568 hazard=5080 canary_err=0 q=0 qovr=0
[HB] up_ms=853116 frames=40616 inf=40616 hazard=5080 canary_err=0 q=0 qovr=0
[HB] up_ms=854123 frames=40664 inf=40664 hazard=5080 canary_err=0 q=0 qovr=0
[HB] up_ms=855130 frames=40712 inf=40712 hazard=5080 canary_err=0 q=0 qovr=0
[HB] up_ms=856137 frames=40760 inf=40760 hazard=5080 canary_err=0 q=0 qovr=0
[HB] up_ms=857144 frames=40808 inf=40808 hazard=5120 canary_err=0 q=0 qovr=0
[HB] up_ms=858151 frames=40856 inf=40856 hazard=5120 canary_err=0 q=0 qovr=0
[HB] up_ms=859158 frames=40904 inf=40904 hazard=5120 canary_err=0 q=0 qovr=0
[HB] up_ms=860165 frames=40952 inf=40952 hazard=5120 canary_err=0 q=0 qovr=0
[HB] up_ms=861172 frames=41000 inf=41000 hazard=5120 canary_err=0 q=0 qovr=0
[HB] up_ms=862179 frames=41048 inf=41048 hazard=5120 canary_err=0 q=0 qovr=0
[HB] up_ms=863186 frames=41096 inf=41096 hazard=5136 canary_err=0 q=0 qovr=0
[HB] up_ms=864193 frames=41144 inf=41144 hazard=5160 canary_err=0 q=0 qovr=0
[HB] up_ms=865200 frames=41191 inf=41191 hazard=5160 canary_err=0 q=0 qovr=0
[HB] up_ms=866207 frames=41239 inf=41239 hazard=5160 canary_err=0 q=0 qovr=0
[HB] up_ms=867214 frames=41287 inf=41287 hazard=5160 canary_err=0 q=0 qovr=0
[HB] up_ms=868221 frames=41335 inf=41335 hazard=5160 canary_err=0 q=0 qovr=0
[HB] up_ms=869228 frames=41383 inf=41383 hazard=5160 canary_err=0 q=0 qovr=0
[HB] up_ms=870235 frames=41431 inf=41431 hazard=5191 canary_err=0 q=0 qovr=0
[HB] up_ms=871242 frames=41479 inf=41479 hazard=5200 canary_err=0 q=0 qovr=0
[HB] up_ms=872249 frames=41527 inf=41527 hazard=5200 canary_err=0 q=0 qovr=0
[HB] up_ms=873256 frames=41575 inf=41575 hazard=5200 canary_err=0 q=0 qovr=0
[HB] up_ms=874263 frames=41623 inf=41623 hazard=5200 canary_err=0 q=0 qovr=0
[HB] up_ms=875270 frames=41671 inf=41671 hazard=5200 canary_err=0 q=0 qovr=0
[HB] up_ms=876277 frames=41719 inf=41719 hazard=5200 canary_err=0 q=0 qovr=0
[HB] up_ms=877284 frames=41767 inf=41767 hazard=5240 canary_err=0 q=0 qovr=0
[HB] up_ms=878291 frames=41815 inf=41815 hazard=5240 canary_err=0 q=0 qovr=0
[HB] up_ms=879298 frames=41863 inf=41863 hazard=5240 canary_err=0 q=0 qovr=0
[HB] up_ms=880305 frames=41911 inf=41911 hazard=5240 canary_err=0 q=0 qovr=0
[HB] up_ms=881312 frames=41959 inf=41959 hazard=5240 canary_err=0 q=0 qovr=0
[HB] up_ms=882319 frames=42007 inf=42007 hazard=5240 canary_err=0 q=0 qovr=0
[HB] up_ms=883326 frames=42055 inf=42055 hazard=5255 canary_err=0 q=0 qovr=0
[HB] up_ms=884333 frames=42103 inf=42103 hazard=5280 canary_err=0 q=0 qovr=0
[HB] up_ms=885340 frames=42151 inf=42151 hazard=5280 canary_err=0 q=0 qovr=0
[HB] up_ms=886347 frames=42198 inf=42198 hazard=5280 canary_err=0 q=0 qovr=0
[HB] up_ms=887354 frames=42246 inf=42246 hazard=5280 canary_err=0 q=0 qovr=0
[HB] up_ms=888361 frames=42294 inf=42294 hazard=5280 canary_err=0 q=0 qovr=0
[HB] up_ms=889368 frames=42342 inf=42342 hazard=5280 canary_err=0 q=0 qovr=0
[HB] up_ms=890375 frames=42390 inf=42390 hazard=5310 canary_err=0 q=0 qovr=0
[HB] up_ms=891382 frames=42438 inf=42438 hazard=5320 canary_err=0 q=0 qovr=0
[HB] up_ms=892389 frames=42486 inf=42486 hazard=5320 canary_err=0 q=0 qovr=0
[HB] up_ms=893396 frames=42534 inf=42534 hazard=5320 canary_err=0 q=0 qovr=0
[HB] up_ms=894403 frames=42582 inf=42582 hazard=5320 canary_err=0 q=0 qovr=0
[HB] up_ms=895410 frames=42630 inf=42630 hazard=5320 canary_err=0 q=0 qovr=0
[HB] up_ms=896417 frames=42678 inf=42678 hazard=5320 canary_err=0 q=0 qovr=0
[HB] up_ms=897424 frames=42726 inf=42726 hazard=5360 canary_err=0 q=0 qovr=0
[HB] up_ms=898431 frames=42774 inf=42774 hazard=5360 canary_err=0 q=0 qovr=0
[HB] up_ms=899438 frames=42822 inf=42822 hazard=5360 canary_err=0 q=0 qovr=0
[HB] up_ms=900445 frames=42870 inf=42870 hazard=5360 canary_err=0 q=0 qovr=0
[HB] up_ms=901452 frames=42918 inf=42918 hazard=5360 canary_err=0 q=0 qovr=0
[HB] up_ms=902459 frames=42966 inf=42966 hazard=5360 canary_err=0 q=0 qovr=0
[HB] up_ms=903466 frames=43014 inf=43014 hazard=5374 canary_err=0 q=0 qovr=0
[HB] up_ms=904473 frames=43062 inf=43062 hazard=5400 canary_err=0 q=0 qovr=0
[HB] up_ms=905480 frames=43110 inf=43110 hazard=5400 canary_err=0 q=0 qovr=0
[HB] up_ms=906487 frames=43158 inf=43158 hazard=5400 canary_err=0 q=0 qovr=0
[HB] up_ms=907494 frames=43205 inf=43205 hazard=5400 canary_err=0 q=0 qovr=0
[HB] up_ms=908501 frames=43253 inf=43253 hazard=5400 canary_err=0 q=0 qovr=0
[HB] up_ms=909508 frames=43301 inf=43301 hazard=5400 canary_err=0 q=0 qovr=0
[HB] up_ms=910515 frames=43349 inf=43349 hazard=5429 canary_err=0 q=0 qovr=0
[HB] up_ms=911522 frames=43397 inf=43397 hazard=5440 canary_err=0 q=0 qovr=0
[HB] up_ms=912529 frames=43445 inf=43445 hazard=5440 canary_err=0 q=0 qovr=0
[HB] up_ms=913536 frames=43493 inf=43493 hazard=5440 canary_err=0 q=0 qovr=0
[HB] up_ms=914543 frames=43541 inf=43541 hazard=5440 canary_err=0 q=0 qovr=0
[HB] up_ms=915550 frames=43589 inf=43589 hazard=5440 canary_err=0 q=0 qovr=0
[HB] up_ms=916557 frames=43637 inf=43637 hazard=5440 canary_err=0 q=0 qovr=0
[HB] up_ms=917564 frames=43685 inf=43685 hazard=5480 canary_err=0 q=0 qovr=0
[HB] up_ms=918571 frames=43733 inf=43733 hazard=5480 canary_err=0 q=0 qovr=0
[HB] up_ms=919578 frames=43781 inf=43781 hazard=5480 canary_err=0 q=0 qovr=0
[HB] up_ms=920585 frames=43829 inf=43829 hazard=5480 canary_err=0 q=0 qovr=0
[HB] up_ms=921592 frames=43877 inf=43877 hazard=5480 canary_err=0 q=0 qovr=0
[HB] up_ms=922599 frames=43925 inf=43925 hazard=5480 canary_err=0 q=0 qovr=0
[HB] up_ms=923606 frames=43973 inf=43973 hazard=5493 canary_err=0 q=0 qovr=0
[HB] up_ms=924613 frames=44021 inf=44021 hazard=5520 canary_err=0 q=0 qovr=0
[HB] up_ms=925620 frames=44069 inf=44069 hazard=5520 canary_err=0 q=0 qovr=0
[HB] up_ms=926627 frames=44117 inf=44117 hazard=5520 canary_err=0 q=0 qovr=0
[HB] up_ms=927634 frames=44165 inf=44165 hazard=5520 canary_err=0 q=0 qovr=0
[HB] up_ms=928641 frames=44212 inf=44212 hazard=5520 canary_err=0 q=0 qovr=0
[HB] up_ms=929648 frames=44260 inf=44260 hazard=5520 canary_err=0 q=0 qovr=0
[HB] up_ms=930655 frames=44308 inf=44308 hazard=5548 canary_err=0 q=0 qovr=0
[HB] up_ms=931662 frames=44356 inf=44356 hazard=5560 canary_err=0 q=0 qovr=0
[HB] up_ms=932669 frames=44404 inf=44404 hazard=5560 canary_err=0 q=0 qovr=0
[HB] up_ms=933676 frames=44452 inf=44452 hazard=5560 canary_err=0 q=0 qovr=0
[HB] up_ms=934683 frames=44500 inf=44500 hazard=5560 canary_err=0 q=0 qovr=0
[HB] up_ms=935690 frames=44548 inf=44548 hazard=5560 canary_err=0 q=0 qovr=0
[HB] up_ms=936697 frames=44596 inf=44596 hazard=5560 canary_err=0 q=0 qovr=0
[HB] up_ms=937704 frames=44644 inf=44644 hazard=5600 canary_err=0 q=0 qovr=0
[HB] up_ms=938711 frames=44692 inf=44692 hazard=5600 canary_err=0 q=0 qovr=0
[HB] up_ms=939718 frames=44740 inf=44740 hazard=5600 canary_err=0 q=0 qovr=0
[HB] up_ms=940725 frames=44788 inf=44788 hazard=5600 canary_err=0 q=0 qovr=0
[HB] up_ms=941732 frames=44836 inf=44836 hazard=5600 canary_err=0 q=0 qovr=0
[HB] up_ms=942739 frames=44884 inf=44884 hazard=5600 canary_err=0 q=0 qovr=0
[HB] up_ms=943746 frames=44932 inf=44932 hazard=5612 canary_err=0 q=0 qovr=0
[HB] up_ms=944753 frames=44980 inf=44980 hazard=5640 canary_err=0 q=0 qovr=0
[HB] up_ms=945760 frames=45028 inf=45028 hazard=5640 canary_err=0 q=0 qovr=0
[HB] up_ms=946767 frames=45076 inf=45076 hazard=5640 canary_err=0 q=0 qovr=0
[HB] up_ms=947774 frames=45124 inf=45124 hazard=5640 canary_err=0 q=0 qovr=0
[HB] up_ms=948781 frames=45172 inf=45172 hazard=5640 canary_err=0 q=0 qovr=0
[HB] up_ms=949788 frames=45219 inf=45219 hazard=5640 canary_err=0 q=0 qovr=0
[HB] up_ms=950795 frames=45267 inf=45267 hazard=5667 canary_err=0 q=0 qovr=0
[HB] up_ms=951802 frames=45315 inf=45315 hazard=5680 canary_err=0 q=0 qovr=0
[HB] up_ms=952809 frames=45363 inf=45363 hazard=5680 canary_err=0 q=0 qovr=0
[HB] up_ms=953816 frames=45411 inf=45411 hazard=5680 canary_err=0 q=0 qovr=0
[HB] up_ms=954823 frames=45459 inf=45459 hazard=5680 canary_err=0 q=0 qovr=0
[HB] up_ms=955830 frames=45507 inf=45507 hazard=5680 canary_err=0 q=0 qovr=0
[HB] up_ms=956837 frames=45555 inf=45555 hazard=5680 canary_err=0 q=0 qovr=0
[HB] up_ms=957844 frames=45603 inf=45603 hazard=5720 canary_err=0 q=0 qovr=0
[HB] up_ms=958851 frames=45651 inf=45651 hazard=5720 canary_err=0 q=0 qovr=0
[HB] up_ms=959858 frames=45699 inf=45699 hazard=5720 canary_err=0 q=0 qovr=0
[HB] up_ms=960865 frames=45747 inf=45747 hazard=5720 canary_err=0 q=0 qovr=0
[HB] up_ms=961872 frames=45795 inf=45795 hazard=5720 canary_err=0 q=0 qovr=0
[HB] up_ms=962879 frames=45843 inf=45843 hazard=5720 canary_err=0 q=0 qovr=0
[HB] up_ms=963886 frames=45891 inf=45891 hazard=5731 canary_err=0 q=0 qovr=0
[HB] up_ms=964893 frames=45939 inf=45939 hazard=5760 canary_err=0 q=0 qovr=0
[HB] up_ms=965900 frames=45987 inf=45987 hazard=5760 canary_err=0 q=0 qovr=0
[HB] up_ms=966907 frames=46035 inf=46035 hazard=5760 canary_err=0 q=0 qovr=0
[HB] up_ms=967914 frames=46083 inf=46083 hazard=5760 canary_err=0 q=0 qovr=0
[HB] up_ms=968921 frames=46131 inf=46131 hazard=5760 canary_err=0 q=0 qovr=0
[HB] up_ms=969928 frames=46179 inf=46179 hazard=5760 canary_err=0 q=0 qovr=0
[HB] up_ms=970935 frames=46226 inf=46226 hazard=5786 canary_err=0 q=0 qovr=0
[HB] up_ms=971942 frames=46274 inf=46274 hazard=5800 canary_err=0 q=0 qovr=0
[HB] up_ms=972949 frames=46322 inf=46322 hazard=5800 canary_err=0 q=0 qovr=0
[HB] up_ms=973956 frames=46370 inf=46370 hazard=5800 canary_err=0 q=0 qovr=0
[HB] up_ms=974963 frames=46418 inf=46418 hazard=5800 canary_err=0 q=0 qovr=0
[HB] up_ms=975970 frames=46466 inf=46466 hazard=5800 canary_err=0 q=0 qovr=0
[HB] up_ms=976977 frames=46514 inf=46514 hazard=5800 canary_err=0 q=0 qovr=0
[HB] up_ms=977984 frames=46562 inf=46562 hazard=5840 canary_err=0 q=0 qovr=0
[HB] up_ms=978991 frames=46610 inf=46610 hazard=5840 canary_err=0 q=0 qovr=0
[HB] up_ms=979998 frames=46658 inf=46658 hazard=5840 canary_err=0 q=0 qovr=0
[HB] up_ms=981005 frames=46706 inf=46706 hazard=5840 canary_err=0 q=0 qovr=0
[HB] up_ms=982012 frames=46754 inf=46754 hazard=5840 canary_err=0 q=0 qovr=0
[HB] up_ms=983019 frames=46802 inf=46802 hazard=5840 canary_err=0 q=0 qovr=0
[HB] up_ms=984026 frames=46850 inf=46850 hazard=5850 canary_err=0 q=0 qovr=0
[HB] up_ms=985033 frames=46898 inf=46898 hazard=5880 canary_err=0 q=0 qovr=0
[HB] up_ms=986040 frames=46946 inf=46946 hazard=5880 canary_err=0 q=0 qovr=0
[HB] up_ms=987047 frames=46994 inf=46994 hazard=5880 canary_err=0 q=0 qovr=0
[HB] up_ms=988054 frames=47042 inf=47042 hazard=5880 canary_err=0 q=0 qovr=0
[HB] up_ms=989061 frames=47090 inf=47090 hazard=5880 canary_err=0 q=0 qovr=0
[HB] up_ms=990068 frames=47138 inf=47138 hazard=5880 canary_err=0 q=0 qovr=0
[HB] up_ms=991075 frames=47186 inf=47186 hazard=5906 canary_err=0 q=0 qovr=0
[HB] up_ms=992082 frames=47233 inf=47233 hazard=5920 canary_err=0 q=0 qovr=0
[HB] up_ms=993089 frames=47281 inf=47281 hazard=5920 canary_err=0 q=0 qovr=0
[HB] up_ms=994096 frames=47329 inf=47329 hazard=5920 canary_err=0 q=0 qovr=0
[HB] up_ms=995103 frames=47377 inf=47377 hazard=5920 canary_err=0 q=0 qovr=0
[HB] up_ms=996110 frames=47425 inf=47425 hazard=5920 canary_err=0 q=0 qovr=0
[HB] up_ms=997117 frames=47473 inf=47473 hazard=5920 canary_err=0 q=0 qovr=0
[HB] up_ms=998124 frames=47521 inf=47521 hazard=5960 canary_err=0 q=0 qovr=0
[HB] up_ms=999131 frames=47569 inf=47569 hazard=5960 canary_err=0 q=0 qovr=0
[HB] up_ms=1000138 frames=47617 inf=47617 hazard=5960 canary_err=0 q=0 qovr=0
[HB] up_ms=1001145 frames=47665 inf=47665 hazard=5960 canary_err=0 q=0 qovr=0
[HB] up_ms=1002152 frames=47713 inf=47713 hazard=5960 canary_err=0 q=0 qovr=0
[HB] up_ms=1003159 frames=47761 inf=47761 hazard=5960 canary_err=0 q=0 qovr=0
[HB] up_ms=1004166 frames=47809 inf=47809 hazard=5969 canary_err=0 q=0 qovr=0
[HB] up_ms=1005173 frames=47857 inf=47857 hazard=6000 canary_err=0 q=0 qovr=0
[HB] up_ms=1006180 frames=47905 inf=47905 hazard=6000 canary_err=0 q=0 qovr=0
[HB] up_ms=1007187 frames=47953 inf=47953 hazard=6000 canary_err=0 q=0 qovr=0
[HB] up_ms=1008194 frames=48001 inf=48001 hazard=6000 canary_err=0 q=0 qovr=0
[HB] up_ms=1009201 frames=48049 inf=48049 hazard=6000 canary_err=0 q=0 qovr=0
[HB] up_ms=1010208 frames=48097 inf=48097 hazard=6000 canary_err=0 q=0 qovr=0
[HB] up_ms=1011215 frames=48145 inf=48145 hazard=6025 canary_err=0 q=0 qovr=0
[HB] up_ms=1012222 frames=48193 inf=48193 hazard=6040 canary_err=0 q=0 qovr=0
[HB] up_ms=1013229 frames=48240 inf=48240 hazard=6040 canary_err=0 q=0 qovr=0
[HB] up_ms=1014236 frames=48288 inf=48288 hazard=6040 canary_err=0 q=0 qovr=0
[HB] up_ms=1015243 frames=48336 inf=48336 hazard=6040 canary_err=0 q=0 qovr=0
[HB] up_ms=1016250 frames=48384 inf=48384 hazard=6040 canary_err=0 q=0 qovr=0
[HB] up_ms=1017257 frames=48432 inf=48432 hazard=6040 canary_err=0 q=0 qovr=0
[HB] up_ms=1018264 frames=48480 inf=48480 hazard=6080 canary_err=0 q=0 qovr=0
[HB] up_ms=1019271 frames=48528 inf=48528 hazard=6080 canary_err=0 q=0 qovr=0
[HB] up_ms=1020278 frames=48576 inf=48576 hazard=6080 canary_err=0 q=0 qovr=0
[HB] up_ms=1021285 frames=48624 inf=48624 hazard=6080 canary_err=0 q=0 qovr=0
[HB] up_ms=1022292 frames=48672 inf=48672 hazard=6080 canary_err=0 q=0 qovr=0
[HB] up_ms=1023299 frames=48720 inf=48720 hazard=6080 canary_err=0 q=0 qovr=0
[HB] up_ms=1024306 frames=48768 inf=48768 hazard=6088 canary_err=0 q=0 qovr=0
[HB] up_ms=1025313 frames=48816 inf=48816 hazard=6120 canary_err=0 q=0 qovr=0
[HB] up_ms=1026320 frames=48864 inf=48864 hazard=6120 canary_err=0 q=0 qovr=0
[HB] up_ms=1027327 frames=48912 inf=48912 hazard=6120 canary_err=0 q=0 qovr=0
[HB] up_ms=1028334 frames=48960 inf=48960 hazard=6120 canary_err=0 q=0 qovr=0
[HB] up_ms=1029341 frames=49008 inf=49008 hazard=6120 canary_err=0 q=0 qovr=0
[HB] up_ms=1030348 frames=49056 inf=49056 hazard=6120 canary_err=0 q=0 qovr=0
[HB] up_ms=1031355 frames=49104 inf=49104 hazard=6144 canary_err=0 q=0 qovr=0
[HB] up_ms=1032362 frames=49152 inf=49152 hazard=6160 canary_err=0 q=0 qovr=0
[HB] up_ms=1033369 frames=49200 inf=49200 hazard=6160 canary_err=0 q=0 qovr=0
[HB] up_ms=1034376 frames=49247 inf=49247 hazard=6160 canary_err=0 q=0 qovr=0
[HB] up_ms=1035383 frames=49295 inf=49295 hazard=6160 canary_err=0 q=0 qovr=0
[HB] up_ms=1036390 frames=49343 inf=49343 hazard=6160 canary_err=0 q=0 qovr=0
[HB] up_ms=1037397 frames=49391 inf=49391 hazard=6160 canary_err=0 q=0 qovr=0
[HB] up_ms=1038404 frames=49439 inf=49439 hazard=6199 canary_err=0 q=0 qovr=0
[HB] up_ms=1039411 frames=49487 inf=49487 hazard=6200 canary_err=0 q=0 qovr=0
[HB] up_ms=1040418 frames=49535 inf=49535 hazard=6200 canary_err=0 q=0 qovr=0
[HB] up_ms=1041425 frames=49583 inf=49583 hazard=6200 canary_err=0 q=0 qovr=0
[HB] up_ms=1042432 frames=49631 inf=49631 hazard=6200 canary_err=0 q=0 qovr=0
[HB] up_ms=1043439 frames=49679 inf=49679 hazard=6200 canary_err=0 q=0 qovr=0
[HB] up_ms=1044446 frames=49727 inf=49727 hazard=6207 canary_err=0 q=0 qovr=0
[HB] up_ms=1045453 frames=49775 inf=49775 hazard=6240 canary_err=0 q=0 qovr=0
[HB] up_ms=1046460 frames=49823 inf=49823 hazard=6240 canary_err=0 q=0 qovr=0
[HB] up_ms=1047467 frames=49871 inf=49871 hazard=6240 canary_err=0 q=0 qovr=0
[HB] up_ms=1048474 frames=49919 inf=49919 hazard=6240 canary_err=0 q=0 qovr=0
[HB] up_ms=1049481 frames=49967 inf=49967 hazard=6240 canary_err=0 q=0 qovr=0
[HB] up_ms=1050488 frames=50015 inf=50015 hazard=6240 canary_err=0 q=0 qovr=0
[HB] up_ms=1051495 frames=50063 inf=50063 hazard=6263 canary_err=0 q=0 qovr=0
[HB] up_ms=1052502 frames=50111 inf=50111 hazard=6280 canary_err=0 q=0 qovr=0
[HB] up_ms=1053509 frames=50159 inf=50159 hazard=6280 canary_err=0 q=0 qovr=0
[HB] up_ms=1054516 frames=50207 inf=50207 hazard=6280 canary_err=0 q=0 qovr=0
[HB] up_ms=1055523 frames=50254 inf=50254 hazard=6280 canary_err=0 q=0 qovr=0
[HB] up_ms=1056530 frames=50302 inf=50302 hazard=6280 canary_err=0 q=0 qovr=0
[HB] up_ms=1057537 frames=50350 inf=50350 hazard=6280 canary_err=0 q=0 qovr=0
[HB] up_ms=1058544 frames=50398 inf=50398 hazard=6318 canary_err=0 q=0 qovr=0
[HB] up_ms=1059551 frames=50446 inf=50446 hazard=6320 canary_err=0 q=0 qovr=0
[HB] up_ms=1060558 frames=50494 inf=50494 hazard=6320 canary_err=0 q=0 qovr=0
[HB] up_ms=1061565 frames=50542 inf=50542 hazard=6320 canary_err=0 q=0 qovr=0
[HB] up_ms=1062572 frames=50590 inf=50590 hazard=6320 canary_err=0 q=0 qovr=0
[HB] up_ms=1063579 frames=50638 inf=50638 hazard=6320 canary_err=0 q=0 qovr=0
[HB] up_ms=1064586 frames=50686 inf=50686 hazard=6326 canary_err=0 q=0 qovr=0
[HB] up_ms=1065593 frames=50734 inf=50734 hazard=6360 canary_err=0 q=0 qovr=0
[HB] up_ms=1066600 frames=50782 inf=50782 hazard=6360 canary_err=0 q=0 qovr=0
[HB] up_ms=1067607 frames=50830 inf=50830 hazard=6360 canary_err=0 q=0 qovr=0
[HB] up_ms=1068614 frames=50878 inf=50878 hazard=6360 canary_err=0 q=0 qovr=0
[HB] up_ms=1069621 frames=50926 inf=50926 hazard=6360 canary_err=0 q=0 qovr=0
[HB] up_ms=1070628 frames=50974 inf=50974 hazard=6360 canary_err=0 q=0 qovr=0
[HB] up_ms=1071635 frames=51022 inf=51022 hazard=6382 canary_err=0 q=0 qovr=0
[HB] up_ms=1072642 frames=51070 inf=51070 hazard=6400 canary_err=0 q=0 qovr=0
[HB] up_ms=1073649 frames=51118 inf=51118 hazard=6400 canary_err=0 q=0 qovr=0
[HB] up_ms=1074656 frames=51166 inf=51166 hazard=6400 canary_err=0 q=0 qovr=0
[HB] up_ms=1075663 frames=51214 inf=51214 hazard=6400 canary_err=0 q=0 qovr=0
[HB] up_ms=1076670 frames=51261 inf=51261 hazard=6400 canary_err=0 q=0 qovr=0
[HB] up_ms=1077677 frames=51309 inf=51309 hazard=6400 canary_err=0 q=0 qovr=0
[HB] up_ms=1078684 frames=51357 inf=51357 hazard=6437 canary_err=0 q=0 qovr=0
[HB] up_ms=1079691 frames=51405 inf=51405 hazard=6440 canary_err=0 q=0 qovr=0
[HB] up_ms=1080698 frames=51453 inf=51453 hazard=6440 canary_err=0 q=0 qovr=0
[HB] up_ms=1081705 frames=51501 inf=51501 hazard=6440 canary_err=0 q=0 qovr=0
[HB] up_ms=1082712 frames=51549 inf=51549 hazard=6440 canary_err=0 q=0 qovr=0
[HB] up_ms=1083719 frames=51597 inf=51597 hazard=6440 canary_err=0 q=0 qovr=0
[HB] up_ms=1084726 frames=51645 inf=51645 hazard=6445 canary_err=0 q=0 qovr=0
[HB] up_ms=1085733 frames=51693 inf=51693 hazard=6480 canary_err=0 q=0 qovr=0
[HB] up_ms=1086740 frames=51741 inf=51741 hazard=6480 canary_err=0 q=0 qovr=0
[HB] up_ms=1087747 frames=51789 inf=51789 hazard=6480 canary_err=0 q=0 qovr=0
[HB] up_ms=1088754 frames=51837 inf=51837 hazard=6480 canary_err=0 q=0 qovr=0
[HB] up_ms=1089761 frames=51885 inf=51885 hazard=6480 canary_err=0 q=0 qovr=0
[HB] up_ms=1090768 frames=51933 inf=51933 hazard=6480 canary_err=0 q=0 qovr=0
[HB] up_ms=1091775 frames=51981 inf=51981 hazard=6501 canary_err=0 q=0 qovr=0
[HB] up_ms=1092782 frames=52029 inf=52029 hazard=6520 canary_err=0 q=0 qovr=0
[HB] up_ms=1093789 frames=52077 inf=52077 hazard=6520 canary_err=0 q=0 qovr=0
[HB] up_ms=1094796 frames=52125 inf=52125 hazard=6520 canary_err=0 q=0 qovr=0
[HB] up_ms=1095803 frames=52173 inf=52173 hazard=6520 canary_err=0 q=0 qovr=0
[HB] up_ms=1096810 frames=52221 inf=52221 hazard=6520 canary_err=0 q=0 qovr=0
[HB] up_ms=1097817 frames=52268 inf=52268 hazard=6520 canary_err=0 q=0 qovr=0
[HB] up_ms=1098824 frames=52316 inf=52316 hazard=6556 canary_err=0 q=0 qovr=0
[HB] up_ms=1099831 frames=52364 inf=52364 hazard=6560 canary_err=0 q=0 qovr=0
[HB] up_ms=1100838 frames=52412 inf=52412 hazard=6560 canary_err=0 q=0 qovr=0
[HB] up_ms=1101845 frames=52460 inf=52460 hazard=6560 canary_err=0 q=0 qovr=0
[HB] up_ms=1102852 frames=52508 inf=52508 hazard=6560 canary_err=0 q=0 qovr=0
[HB] up_ms=1103859 frames=52556 inf=52556 hazard=6560 canary_err=0 q=0 qovr=0
[HB] up_ms=1104866 frames=52604 inf=52604 hazard=6564 canary_err=0 q=0 qovr=0
[HB] up_ms=1105873 frames=52652 inf=52652 hazard=6600 canary_err=0 q=0 qovr=0
[HB] up_ms=1106880 frames=52700 inf=52700 hazard=6600 canary_err=0 q=0 qovr=0
[HB] up_ms=1107887 frames=52748 inf=52748 hazard=6600 canary_err=0 q=0 qovr=0
[HB] up_ms=1108894 frames=52796 inf=52796 hazard=6600 canary_err=0 q=0 qovr=0
[HB] up_ms=1109901 frames=52844 inf=52844 hazard=6600 canary_err=0 q=0 qovr=0
[HB] up_ms=1110908 frames=52892 inf=52892 hazard=6600 canary_err=0 q=0 qovr=0
[HB] up_ms=1111915 frames=52940 inf=52940 hazard=6620 canary_err=0 q=0 qovr=0
[HB] up_ms=1112922 frames=52988 inf=52988 hazard=6640 canary_err=0 q=0 qovr=0
[HB] up_ms=1113929 frames=53036 inf=53036 hazard=6640 canary_err=0 q=0 qovr=0
[HB] up_ms=1114936 frames=53084 inf=53084 hazard=6640 canary_err=0 q=0 qovr=0
[HB] up_ms=1115943 frames=53132 inf=53132 hazard=6640 canary_err=0 q=0 qovr=0
[HB] up_ms=1116950 frames=53180 inf=53180 hazard=6640 canary_err=0 q=0 qovr=0
[HB] up_ms=1117957 frames=53228 inf=53228 hazard=6640 canary_err=0 q=0 qovr=0
[HB] up_ms=1118964 frames=53275 inf=53275 hazard=6675 canary_err=0 q=0 qovr=0
[HB] up_ms=1119971 frames=53323 inf=53323 hazard=6680 canary_err=0 q=0 qovr=0
[HB] up_ms=1120978 frames=53371 inf=53371 hazard=6680 canary_err=0 q=0 qovr=0
[HB] up_ms=1121985 frames=53419 inf=53419 hazard=6680 canary_err=0 q=0 qovr=0
[HB] up_ms=1122992 frames=53467 inf=53467 hazard=6680 canary_err=0 q=0 qovr=0
[HB] up_ms=1123999 frames=53515 inf=53515 hazard=6680 canary_err=0 q=0 qovr=0
[HB] up_ms=1125006 frames=53563 inf=53563 hazard=6683 canary_err=0 q=0 qovr=0
[HB] up_ms=1126013 frames=53611 inf=53611 hazard=6720 canary_err=0 q=0 qovr=0
[HB] up_ms=1127020 frames=53659 inf=53659 hazard=6720 canary_err=0 q=0 qovr=0
[HB] up_ms=1128027 frames=53707 inf=53707 hazard=6720 canary_err=0 q=0 qovr=0
[HB] up_ms=1129034 frames=53755 inf=53755 hazard=6720 canary_err=0 q=0 qovr=0
[HB] up_ms=1130041 frames=53803 inf=53803 hazard=6720 canary_err=0 q=0 qovr=0
[HB] up_ms=1131048 frames=53851 inf=53851 hazard=6720 canary_err=0 q=0 qovr=0
[HB] up_ms=1132055 frames=53899 inf=53899 hazard=6739 canary_err=0 q=0 qovr=0
[HB] up_ms=1133062 frames=53947 inf=53947 hazard=6760 canary_err=0 q=0 qovr=0
[HB] up_ms=1134069 frames=53995 inf=53995 hazard=6760 canary_err=0 q=0 qovr=0
[HB] up_ms=1135076 frames=54043 inf=54043 hazard=6760 canary_err=0 q=0 qovr=0
[HB] up_ms=1136083 frames=54091 inf=54091 hazard=6760 canary_err=0 q=0 qovr=0
[HB] up_ms=1137090 frames=54139 inf=54139 hazard=6760 canary_err=0 q=0 qovr=0
[HB] up_ms=1138097 frames=54187 inf=54187 hazard=6760 canary_err=0 q=0 qovr=0
[HB] up_ms=1139104 frames=54235 inf=54235 hazard=6795 canary_err=0 q=0 qovr=0
[HB] up_ms=1140111 frames=54282 inf=54282 hazard=6800 canary_err=0 q=0 qovr=0
[HB] up_ms=1141118 frames=54330 inf=54330 hazard=6800 canary_err=0 q=0 qovr=0
[HB] up_ms=1142125 frames=54378 inf=54378 hazard=6800 canary_err=0 q=0 qovr=0
[HB] up_ms=1143132 frames=54426 inf=54426 hazard=6800 canary_err=0 q=0 qovr=0
[HB] up_ms=1144139 frames=54474 inf=54474 hazard=6800 canary_err=0 q=0 qovr=0
[HB] up_ms=1145146 frames=54522 inf=54522 hazard=6802 canary_err=0 q=0 qovr=0
[HB] up_ms=1146153 frames=54570 inf=54570 hazard=6840 canary_err=0 q=0 qovr=0
[HB] up_ms=1147160 frames=54618 inf=54618 hazard=6840 canary_err=0 q=0 qovr=0
[HB] up_ms=1148167 frames=54666 inf=54666 hazard=6840 canary_err=0 q=0 qovr=0
[HB] up_ms=1149174 frames=54714 inf=54714 hazard=6840 canary_err=0 q=0 qovr=0
[HB] up_ms=1150181 frames=54762 inf=54762 hazard=6840 canary_err=0 q=0 qovr=0
[HB] up_ms=1151188 frames=54810 inf=54810 hazard=6840 canary_err=0 q=0 qovr=0
[HB] up_ms=1152195 frames=54858 inf=54858 hazard=6858 canary_err=0 q=0 qovr=0
[HB] up_ms=1153202 frames=54906 inf=54906 hazard=6880 canary_err=0 q=0 qovr=0
[HB] up_ms=1154209 frames=54954 inf=54954 hazard=6880 canary_err=0 q=0 qovr=0
[HB] up_ms=1155216 frames=55002 inf=55002 hazard=6880 canary_err=0 q=0 qovr=0
[HB] up_ms=1156223 frames=55050 inf=55050 hazard=6880 canary_err=0 q=0 qovr=0
[HB] up_ms=1157230 frames=55098 inf=55098 hazard=6880 canary_err=0 q=0 qovr=0
[HB] up_ms=1158237 frames=55146 inf=55146 hazard=6880 canary_err=0 q=0 qovr=0
[HB] up_ms=1159244 frames=55194 inf=55194 hazard=6914 canary_err=0 q=0 qovr=0
[HB] up_ms=1160251 frames=55242 inf=55242 hazard=6920 canary_err=0 q=0 qovr=0
[HB] up_ms=1161258 frames=55289 inf=55289 hazard=6920 canary_err=0 q=0 qovr=0
[HB] up_ms=1162265 frames=55337 inf=55337 hazard=6920 canary_err=0 q=0 qovr=0
[HB] up_ms=1163272 frames=55385 inf=55385 hazard=6920 canary_err=0 q=0 qovr=0
[HB] up_ms=1164279 frames=55433 inf=55433 hazard=6920 canary_err=0 q=0 qovr=0
[HB] up_ms=1165286 frames=55481 inf=55481 hazard=6921 canary_err=0 q=0 qovr=0
[HB] up_ms=1166293 frames=55529 inf=55529 hazard=6960 canary_err=0 q=0 qovr=0
[HB] up_ms=1167300 frames=55577 inf=55577 hazard=6960 canary_err=0 q=0 qovr=0
[HB] up_ms=1168307 frames=55625 inf=55625 hazard=6960 canary_err=0 q=0 qovr=0
[HB] up_ms=1169314 frames=55673 inf=55673 hazard=6960 canary_err=0 q=0 qovr=0
[HB] up_ms=1170321 frames=55721 inf=55721 hazard=6960 canary_err=0 q=0 qovr=0
[HB] up_ms=1171328 frames=55769 inf=55769 hazard=6960 canary_err=0 q=0 qovr=0
[HB] up_ms=1172335 frames=55817 inf=55817 hazard=6977 canary_err=0 q=0 qovr=0
[HB] up_ms=1173342 frames=55865 inf=55865 hazard=7000 canary_err=0 q=0 qovr=0
[HB] up_ms=1174349 frames=55913 inf=55913 hazard=7000 canary_err=0 q=0 qovr=0
[HB] up_ms=1175356 frames=55961 inf=55961 hazard=7000 canary_err=0 q=0 qovr=0
[HB] up_ms=1176363 frames=56009 inf=56009 hazard=7000 canary_err=0 q=0 qovr=0
[HB] up_ms=1177370 frames=56057 inf=56057 hazard=7000 canary_err=0 q=0 qovr=0
[HB] up_ms=1178377 frames=56105 inf=56105 hazard=7000 canary_err=0 q=0 qovr=0
[HB] up_ms=1179384 frames=56153 inf=56153 hazard=7033 canary_err=0 q=0 qovr=0
[HB] up_ms=1180391 frames=56201 inf=56201 hazard=7040 canary_err=0 q=0 qovr=0
[HB] up_ms=1181398 frames=56249 inf=56249 hazard=7040 canary_err=0 q=0 qovr=0
[HB] up_ms=1182405 frames=56296 inf=56296 hazard=7040 canary_err=0 q=0 qovr=0
[HB] up_ms=1183412 frames=56344 inf=56344 hazard=7040 canary_err=0 q=0 qovr=0
[HB] up_ms=1184419 frames=56392 inf=56392 hazard=7040 canary_err=0 q=0 qovr=0
[HB] up_ms=1185426 frames=56440 inf=56440 hazard=7040 canary_err=0 q=0 qovr=0
[HB] up_ms=1186433 frames=56488 inf=56488 hazard=7080 canary_err=0 q=0 qovr=0
[HB] up_ms=1187440 frames=56536 inf=56536 hazard=7080 canary_err=0 q=0 qovr=0
[HB] up_ms=1188447 frames=56584 inf=56584 hazard=7080 canary_err=0 q=0 qovr=0
[HB] up_ms=1189454 frames=56632 inf=56632 hazard=7080 canary_err=0 q=0 qovr=0
[HB] up_ms=1190461 frames=56680 inf=56680 hazard=7080 canary_err=0 q=0 qovr=0
[HB] up_ms=1191468 frames=56728 inf=56728 hazard=7080 canary_err=0 q=0 qovr=0
[HB] up_ms=1192475 frames=56776 inf=56776 hazard=7096 canary_err=0 q=0 qovr=0
[HB] up_ms=1193482 frames=56824 inf=56824 hazard=7120 canary_err=0 q=0 qovr=0
[HB] up_ms=1194489 frames=56872 inf=56872 hazard=7120 canary_err=0 q=0 qovr=0
[HB] up_ms=1195496 frames=56920 inf=56920 hazard=7120 canary_err=0 q=0 qovr=0
[HB] up_ms=1196503 frames=56968 inf=56968 hazard=7120 canary_err=0 q=0 qovr=0
[HB] up_ms=1197510 frames=57016 inf=57016 hazard=7120 canary_err=0 q=0 qovr=0
[HB] up_ms=1198517 frames=57064 inf=57064 hazard=7120 canary_err=0 q=0 qovr=0
[HB] up_ms=1199524 frames=57112 inf=57112 hazard=7152 canary_err=0 q=0 qovr=0
[HB] up_ms=1200531 frames=57160 inf=57160 hazard=7160 canary_err=0 q=0 qovr=0
[HB] up_ms=1201538 frames=57208 inf=57208 hazard=7160 canary_err=0 q=0 qovr=0
[HB] up_ms=1202545 frames=57256 inf=57256 hazard=7160 canary_err=0 q=0 qovr=0
[HB] up_ms=1203552 frames=57303 inf=57303 hazard=7160 canary_err=0 q=0 qovr=0
[HB] up_ms=1204559 frames=57351 inf=57351 hazard=7160 canary_err=0 q=0 qovr=0
[HB] up_ms=1205566 frames=57399 inf=57399 hazard=7160 canary_err=0 q=0 qovr=0
[HB] up_ms=1206573 frames=57447 inf=57447 hazard=7200 canary_err=0 q=0 qovr=0
[HB] up_ms=1207580 frames=57495 inf=57495 hazard=7200 canary_err=0 q=0 qovr=0
[HB] up_ms=1208587 frames=57543 inf=57543 hazard=7200 canary_err=0 q=0 qovr=0
[HB] up_ms=1209594 frames=57591 inf=57591 hazard=7200 canary_err=0 q=0 qovr=0
[HB] up_ms=1210601 frames=57639 inf=57639 hazard=7200 canary_err=0 q=0 qovr=0
[HB] up_ms=1211608 frames=57687 inf=57687 hazard=7200 canary_err=0 q=0 qovr=0
[HB] up_ms=1212615 frames=57735 inf=57735 hazard=7215 canary_err=0 q=0 qovr=0
[HB] up_ms=1213622 frames=57783 inf=57783 hazard=7240 canary_err=0 q=0 qovr=0
[HB] up_ms=1214629 frames=57831 inf=57831 hazard=7240 canary_err=0 q=0 qovr=0
[HB] up_ms=1215636 frames=57879 inf=57879 hazard=7240 canary_err=0 q=0 qovr=0
[HB] up_ms=1216643 frames=57927 inf=57927 hazard=7240 canary_err=0 q=0 qovr=0
[HB] up_ms=1217650 frames=57975 inf=57975 hazard=7240 canary_err=0 q=0 qovr=0
[HB] up_ms=1218657 frames=58023 inf=58023 hazard=7240 canary_err=0 q=0 qovr=0
[HB] up_ms=1219664 frames=58071 inf=58071 hazard=7271 canary_err=0 q=0 qovr=0
[HB] up_ms=1220671 frames=58119 inf=58119 hazard=7280 canary_err=0 q=0 qovr=0
[HB] up_ms=1221678 frames=58167 inf=58167 hazard=7280 canary_err=0 q=0 qovr=0
[HB] up_ms=1222685 frames=58215 inf=58215 hazard=7280 canary_err=0 q=0 qovr=0
[HB] up_ms=1223692 frames=58263 inf=58263 hazard=7280 canary_err=0 q=0 qovr=0
[HB] up_ms=1224699 frames=58310 inf=58310 hazard=7280 canary_err=0 q=0 qovr=0
[HB] up_ms=1225706 frames=58358 inf=58358 hazard=7280 canary_err=0 q=0 qovr=0
[HB] up_ms=1226713 frames=58406 inf=58406 hazard=7320 canary_err=0 q=0 qovr=0
[HB] up_ms=1227720 frames=58454 inf=58454 hazard=7320 canary_err=0 q=0 qovr=0
[HB] up_ms=1228727 frames=58502 inf=58502 hazard=7320 canary_err=0 q=0 qovr=0
[HB] up_ms=1229734 frames=58550 inf=58550 hazard=7320 canary_err=0 q=0 qovr=0
[HB] up_ms=1230741 frames=58598 inf=58598 hazard=7320 canary_err=0 q=0 qovr=0
[HB] up_ms=1231748 frames=58646 inf=58646 hazard=7320 canary_err=0 q=0 qovr=0
[HB] up_ms=1232755 frames=58694 inf=58694 hazard=7334 canary_err=0 q=0 qovr=0
[HB] up_ms=1233762 frames=58742 inf=58742 hazard=7360 canary_err=0 q=0 qovr=0
[HB] up_ms=1234769 frames=58790 inf=58790 hazard=7360 canary_err=0 q=0 qovr=0
[HB] up_ms=1235776 frames=58838 inf=58838 hazard=7360 canary_err=0 q=0 qovr=0
[HB] up_ms=1236783 frames=58886 inf=58886 hazard=7360 canary_err=0 q=0 qovr=0
[HB] up_ms=1237790 frames=58934 inf=58934 hazard=7360 canary_err=0 q=0 qovr=0
[HB] up_ms=1238797 frames=58982 inf=58982 hazard=7360 canary_err=0 q=0 qovr=0
[HB] up_ms=1239804 frames=59030 inf=59030 hazard=7390 canary_err=0 q=0 qovr=0
[HB] up_ms=1240811 frames=59078 inf=59078 hazard=7400 canary_err=0 q=0 qovr=0
[HB] up_ms=1241818 frames=59126 inf=59126 hazard=7400 canary_err=0 q=0 qovr=0
[HB] up_ms=1242825 frames=59174 inf=59174 hazard=7400 canary_err=0 q=0 qovr=0
[HB] up_ms=1243832 frames=59222 inf=59222 hazard=7400 canary_err=0 q=0 qovr=0
[HB] up_ms=1244839 frames=59270 inf=59270 hazard=7400 canary_err=0 q=0 qovr=0
[HB] up_ms=1245846 frames=59317 inf=59317 hazard=7400 canary_err=0 q=0 qovr=0
[HB] up_ms=1246853 frames=59365 inf=59365 hazard=7440 canary_err=0 q=0 qovr=0
[HB] up_ms=1247860 frames=59413 inf=59413 hazard=7440 canary_err=0 q=0 qovr=0
[HB] up_ms=1248867 frames=59461 inf=59461 hazard=7440 canary_err=0 q=0 qovr=0
[HB] up_ms=1249874 frames=59509 inf=59509 hazard=7440 canary_err=0 q=0 qovr=0
[HB] up_ms=1250881 frames=59557 inf=59557 hazard=7440 canary_err=0 q=0 qovr=0
[HB] up_ms=1251888 frames=59605 inf=59605 hazard=7440 canary_err=0 q=0 qovr=0
[HB] up_ms=1252895 frames=59653 inf=59653 hazard=7453 canary_err=0 q=0 qovr=0
[HB] up_ms=1253902 frames=59701 inf=59701 hazard=7480 canary_err=0 q=0 qovr=0
[HB] up_ms=1254909 frames=59749 inf=59749 hazard=7480 canary_err=0 q=0 qovr=0
[HB] up_ms=1255916 frames=59797 inf=59797 hazard=7480 canary_err=0 q=0 qovr=0
[HB] up_ms=1256923 frames=59845 inf=59845 hazard=7480 canary_err=0 q=0 qovr=0
[HB] up_ms=1257930 frames=59893 inf=59893 hazard=7480 canary_err=0 q=0 qovr=0
[HB] up_ms=1258937 frames=59941 inf=59941 hazard=7480 canary_err=0 q=0 qovr=0
[HB] up_ms=1259944 frames=59989 inf=59989 hazard=7509 canary_err=0 q=0 qovr=0
[HB] up_ms=1260951 frames=60037 inf=60037 hazard=7520 canary_err=0 q=0 qovr=0
[HB] up_ms=1261958 frames=60085 inf=60085 hazard=7520 canary_err=0 q=0 qovr=0
[HB] up_ms=1262965 frames=60133 inf=60133 hazard=7520 canary_err=0 q=0 qovr=0
[HB] up_ms=1263972 frames=60181 inf=60181 hazard=7520 canary_err=0 q=0 qovr=0
[HB] up_ms=1264979 frames=60229 inf=60229 hazard=7520 canary_err=0 q=0 qovr=0
[HB] up_ms=1265986 frames=60277 inf=60277 hazard=7520 canary_err=0 q=0 qovr=0
[HB] up_ms=1266993 frames=60324 inf=60324 hazard=7560 canary_err=0 q=0 qovr=0
[HB] up_ms=1268000 frames=60372 inf=60372 hazard=7560 canary_err=0 q=0 qovr=0
[HB] up_ms=1269007 frames=60420 inf=60420 hazard=7560 canary_err=0 q=0 qovr=0
[HB] up_ms=1270014 frames=60468 inf=60468 hazard=7560 canary_err=0 q=0 qovr=0
[HB] up_ms=1271021 frames=60516 inf=60516 hazard=7560 canary_err=0 q=0 qovr=0
[HB] up_ms=1272028 frames=60564 inf=60564 hazard=7560 canary_err=0 q=0 qovr=0
[HB] up_ms=1273035 frames=60612 inf=60612 hazard=7572 canary_err=0 q=0 qovr=0
[HB] up_ms=1274042 frames=60660 inf=60660 hazard=7600 canary_err=0 q=0 qovr=0
[HB] up_ms=1275049 frames=60708 inf=60708 hazard=7600 canary_err=0 q=0 qovr=0
[HB] up_ms=1276056 frames=60756 inf=60756 hazard=7600 canary_err=0 q=0 qovr=0
[HB] up_ms=1277063 frames=60804 inf=60804 hazard=7600 canary_err=0 q=0 qovr=0
[HB] up_ms=1278070 frames=60852 inf=60852 hazard=7600 canary_err=0 q=0 qovr=0
[HB] up_ms=1279077 frames=60900 inf=60900 hazard=7600 canary_err=0 q=0 qovr=0
[HB] up_ms=1280084 frames=60948 inf=60948 hazard=7628 canary_err=0 q=0 qovr=0
[HB] up_ms=1281091 frames=60996 inf=60996 hazard=7640 canary_err=0 q=0 qovr=0
[HB] up_ms=1282098 frames=61044 inf=61044 hazard=7640 canary_err=0 q=0 qovr=0
[HB] up_ms=1283105 frames=61092 inf=61092 hazard=7640 canary_err=0 q=0 qovr=0
[HB] up_ms=1284112 frames=61140 inf=61140 hazard=7640 canary_err=0 q=0 qovr=0
[HB] up_ms=1285119 frames=61188 inf=61188 hazard=7640 canary_err=0 q=0 qovr=0
[HB] up_ms=1286126 frames=61236 inf=61236 hazard=7640 canary_err=0 q=0 qovr=0
[HB] up_ms=1287133 frames=61284 inf=61284 hazard=7680 canary_err=0 q=0 qovr=0
[HB] up_ms=1288140 frames=61331 inf=61331 hazard=7680 canary_err=0 q=0 qovr=0
[HB] up_ms=1289147 frames=61379 inf=61379 hazard=7680 canary_err=0 q=0 qovr=0
[HB] up_ms=1290154 frames=61427 inf=61427 hazard=7680 canary_err=0 q=0 qovr=0
[HB] up_ms=1291161 frames=61475 inf=61475 hazard=7680 canary_err=0 q=0 qovr=0
[HB] up_ms=1292168 frames=61523 inf=61523 hazard=7680 canary_err=0 q=0 qovr=0
[HB] up_ms=1293175 frames=61571 inf=61571 hazard=7691 canary_err=0 q=0 qovr=0
[HB] up_ms=1294182 frames=61619 inf=61619 hazard=7720 canary_err=0 q=0 qovr=0
[HB] up_ms=1295189 frames=61667 inf=61667 hazard=7720 canary_err=0 q=0 qovr=0
[HB] up_ms=1296196 frames=61715 inf=61715 hazard=7720 canary_err=0 q=0 qovr=0
[HB] up_ms=1297203 frames=61763 inf=61763 hazard=7720 canary_err=0 q=0 qovr=0
[HB] up_ms=1298210 frames=61811 inf=61811 hazard=7720 canary_err=0 q=0 qovr=0
[HB] up_ms=1299217 frames=61859 inf=61859 hazard=7720 canary_err=0 q=0 qovr=0
[HB] up_ms=1300224 frames=61907 inf=61907 hazard=7747 canary_err=0 q=0 qovr=0
[HB] up_ms=1301231 frames=61955 inf=61955 hazard=7760 canary_err=0 q=0 qovr=0
[HB] up_ms=1302238 frames=62003 inf=62003 hazard=7760 canary_err=0 q=0 qovr=0
[HB] up_ms=1303245 frames=62051 inf=62051 hazard=7760 canary_err=0 q=0 qovr=0
[HB] up_ms=1304252 frames=62099 inf=62099 hazard=7760 canary_err=0 q=0 qovr=0
[HB] up_ms=1305259 frames=62147 inf=62147 hazard=7760 canary_err=0 q=0 qovr=0
[HB] up_ms=1306266 frames=62195 inf=62195 hazard=7760 canary_err=0 q=0 qovr=0
[HB] up_ms=1307273 frames=62243 inf=62243 hazard=7800 canary_err=0 q=0 qovr=0
[HB] up_ms=1308280 frames=62291 inf=62291 hazard=7800 canary_err=0 q=0 qovr=0
[HB] up_ms=1309287 frames=62338 inf=62338 hazard=7800 canary_err=0 q=0 qovr=0
[HB] up_ms=1310294 frames=62386 inf=62386 hazard=7800 canary_err=0 q=0 qovr=0
[HB] up_ms=1311301 frames=62434 inf=62434 hazard=7800 canary_err=0 q=0 qovr=0
[HB] up_ms=1312308 frames=62482 inf=62482 hazard=7800 canary_err=0 q=0 qovr=0
[HB] up_ms=1313315 frames=62530 inf=62530 hazard=7810 canary_err=0 q=0 qovr=0
[HB] up_ms=1314322 frames=62578 inf=62578 hazard=7840 canary_err=0 q=0 qovr=0
[HB] up_ms=1315329 frames=62626 inf=62626 hazard=7840 canary_err=0 q=0 qovr=0
[HB] up_ms=1316336 frames=62674 inf=62674 hazard=7840 canary_err=0 q=0 qovr=0
[HB] up_ms=1317343 frames=62722 inf=62722 hazard=7840 canary_err=0 q=0 qovr=0
[HB] up_ms=1318350 frames=62770 inf=62770 hazard=7840 canary_err=0 q=0 qovr=0
[HB] up_ms=1319357 frames=62818 inf=62818 hazard=7840 canary_err=0 q=0 qovr=0
[HB] up_ms=1320364 frames=62866 inf=62866 hazard=7866 canary_err=0 q=0 qovr=0
[HB] up_ms=1321371 frames=62914 inf=62914 hazard=7880 canary_err=0 q=0 qovr=0
[HB] up_ms=1322378 frames=62962 inf=62962 hazard=7880 canary_err=0 q=0 qovr=0
[HB] up_ms=1323385 frames=63010 inf=63010 hazard=7880 canary_err=0 q=0 qovr=0
[HB] up_ms=1324392 frames=63058 inf=63058 hazard=7880 canary_err=0 q=0 qovr=0
[HB] up_ms=1325399 frames=63106 inf=63106 hazard=7880 canary_err=0 q=0 qovr=0
[HB] up_ms=1326406 frames=63154 inf=63154 hazard=7880 canary_err=0 q=0 qovr=0
[HB] up_ms=1327413 frames=63202 inf=63202 hazard=7920 canary_err=0 q=0 qovr=0
[HB] up_ms=1328420 frames=63250 inf=63250 hazard=7920 canary_err=0 q=0 qovr=0
[HB] up_ms=1329427 frames=63298 inf=63298 hazard=7920 canary_err=0 q=0 qovr=0
[HB] up_ms=1330434 frames=63345 inf=63345 hazard=7920 canary_err=0 q=0 qovr=0
[HB] up_ms=1331441 frames=63393 inf=63393 hazard=7920 canary_err=0 q=0 qovr=0
[HB] up_ms=1332448 frames=63441 inf=63441 hazard=7920 canary_err=0 q=0 qovr=0
[HB] up_ms=1333455 frames=63489 inf=63489 hazard=7929 canary_err=0 q=0 qovr=0
[HB] up_ms=1334462 frames=63537 inf=63537 hazard=7960 canary_err=0 q=0 qovr=0
[HB] up_ms=1335469 frames=63585 inf=63585 hazard=7960 canary_err=0 q=0 qovr=0
[HB] up_ms=1336476 frames=63633 inf=63633 hazard=7960 canary_err=0 q=0 qovr=0
[HB] up_ms=1337483 frames=63681 inf=63681 hazard=7960 canary_err=0 q=0 qovr=0
[HB] up_ms=1338490 frames=63729 inf=63729 hazard=7960 canary_err=0 q=0 qovr=0
[HB] up_ms=1339497 frames=63777 inf=63777 hazard=7960 canary_err=0 q=0 qovr=0
[HB] up_ms=1340504 frames=63825 inf=63825 hazard=7985 canary_err=0 q=0 qovr=0
[HB] up_ms=1341511 frames=63873 inf=63873 hazard=8000 canary_err=0 q=0 qovr=0
[HB] up_ms=1342518 frames=63921 inf=63921 hazard=8000 canary_err=0 q=0 qovr=0
[HB] up_ms=1343525 frames=63969 inf=63969 hazard=8000 canary_err=0 q=0 qovr=0
[HB] up_ms=1344532 frames=64017 inf=64017 hazard=8000 canary_err=0 q=0 qovr=0
[HB] up_ms=1345539 frames=64065 inf=64065 hazard=8000 canary_err=0 q=0 qovr=0
[HB] up_ms=1346546 frames=64113 inf=64113 hazard=8000 canary_err=0 q=0 qovr=0
[HB] up_ms=1347553 frames=64161 inf=64161 hazard=8040 canary_err=0 q=0 qovr=0
[HB] up_ms=1348560 frames=64209 inf=64209 hazard=8040 canary_err=0 q=0 qovr=0
[HB] up_ms=1349567 frames=64257 inf=64257 hazard=8040 canary_err=0 q=0 qovr=0
[HB] up_ms=1350574 frames=64305 inf=64305 hazard=8040 canary_err=0 q=0 qovr=0
[HB] up_ms=1351581 frames=64352 inf=64352 hazard=8040 canary_err=0 q=0 qovr=0
[HB] up_ms=1352588 frames=64400 inf=64400 hazard=8040 canary_err=0 q=0 qovr=0
[HB] up_ms=1353595 frames=64448 inf=64448 hazard=8048 canary_err=0 q=0 qovr=0
[HB] up_ms=1354602 frames=64496 inf=64496 hazard=8080 canary_err=0 q=0 qovr=0
[HB] up_ms=1355609 frames=64544 inf=64544 hazard=8080 canary_err=0 q=0 qovr=0
[HB] up_ms=1356616 frames=64592 inf=64592 hazard=8080 canary_err=0 q=0 qovr=0
[HB] up_ms=1357623 frames=64640 inf=64640 hazard=8080 canary_err=0 q=0 qovr=0
[HB] up_ms=1358630 frames=64688 inf=64688 hazard=8080 canary_err=0 q=0 qovr=0
[HB] up_ms=1359637 frames=64736 inf=64736 hazard=8080 canary_err=0 q=0 qovr=0
[HB] up_ms=1360644 frames=64784 inf=64784 hazard=8104 canary_err=0 q=0 qovr=0
[HB] up_ms=1361651 frames=64832 inf=64832 hazard=8120 canary_err=0 q=0 qovr=0
[HB] up_ms=1362658 frames=64880 inf=64880 hazard=8120 canary_err=0 q=0 qovr=0
[HB] up_ms=1363665 frames=64928 inf=64928 hazard=8120 canary_err=0 q=0 qovr=0
[HB] up_ms=1364672 frames=64976 inf=64976 hazard=8120 canary_err=0 q=0 qovr=0
[HB] up_ms=1365679 frames=65024 inf=65024 hazard=8120 canary_err=0 q=0 qovr=0
[HB] up_ms=1366686 frames=65072 inf=65072 hazard=8120 canary_err=0 q=0 qovr=0
[HB] up_ms=1367693 frames=65120 inf=65120 hazard=8160 canary_err=0 q=0 qovr=0
[HB] up_ms=1368700 frames=65168 inf=65168 hazard=8160 canary_err=0 q=0 qovr=0
[HB] up_ms=1369707 frames=65216 inf=65216 hazard=8160 canary_err=0 q=0 qovr=0
[HB] up_ms=1370714 frames=65264 inf=65264 hazard=8160 canary_err=0 q=0 qovr=0
[HB] up_ms=1371721 frames=65312 inf=65312 hazard=8160 canary_err=0 q=0 qovr=0
[HB] up_ms=1372728 frames=65359 inf=65359 hazard=8160 canary_err=0 q=0 qovr=0
[HB] up_ms=1373735 frames=65407 inf=65407 hazard=8167 canary_err=0 q=0 qovr=0
[HB] up_ms=1374742 frames=65455 inf=65455 hazard=8200 canary_err=0 q=0 qovr=0
[HB] up_ms=1375749 frames=65503 inf=65503 hazard=8200 canary_err=0 q=0 qovr=0
[HB] up_ms=1376756 frames=65551 inf=65551 hazard=8200 canary_err=0 q=0 qovr=0
[HB] up_ms=1377763 frames=65599 inf=65599 hazard=8200 canary_err=0 q=0 qovr=0
[HB] up_ms=1378770 frames=65647 inf=65647 hazard=8200 canary_err=0 q=0 qovr=0
[HB] up_ms=1379777 frames=65695 inf=65695 hazard=8200 canary_err=0 q=0 qovr=0
[HB] up_ms=1380784 frames=65743 inf=65743 hazard=8223 canary_err=0 q=0 qovr=0
[HB] up_ms=1381791 frames=65791 inf=65791 hazard=8240 canary_err=0 q=0 qovr=0
[HB] up_ms=1382798 frames=65839 inf=65839 hazard=8240 canary_err=0 q=0 qovr=0
[HB] up_ms=1383805 frames=65887 inf=65887 hazard=8240 canary_err=0 q=0 qovr=0
[HB] up_ms=1384812 frames=65935 inf=65935 hazard=8240 canary_err=0 q=0 qovr=0
[HB] up_ms=1385819 frames=65983 inf=65983 hazard=8240 canary_err=0 q=0 qovr=0
[HB] up_ms=1386826 frames=66031 inf=66031 hazard=8240 canary_err=0 q=0 qovr=0
[HB] up_ms=1387833 frames=66079 inf=66079 hazard=8279 canary_err=0 q=0 qovr=0
[HB] up_ms=1388840 frames=66127 inf=66127 hazard=8280 canary_err=0 q=0 qovr=0
[HB] up_ms=1389847 frames=66175 inf=66175 hazard=8280 canary_err=0 q=0 qovr=0
[HB] up_ms=1390854 frames=66223 inf=66223 hazard=8280 canary_err=0 q=0 qovr=0
[HB] up_ms=1391861 frames=66271 inf=66271 hazard=8280 canary_err=0 q=0 qovr=0
[HB] up_ms=1392868 frames=66319 inf=66319 hazard=8280 canary_err=0 q=0 qovr=0
[HB] up_ms=1393875 frames=66366 inf=66366 hazard=8286 canary_err=0 q=0 qovr=0
[HB] up_ms=1394882 frames=66414 inf=66414 hazard=8320 canary_err=0 q=0 qovr=0
[HB] up_ms=1395889 frames=66462 inf=66462 hazard=8320 canary_err=0 q=0 qovr=0
[HB] up_ms=1396896 frames=66510 inf=66510 hazard=8320 canary_err=0 q=0 qovr=0
[HB] up_ms=1397903 frames=66558 inf=66558 hazard=8320 canary_err=0 q=0 qovr=0
[HB] up_ms=1398910 frames=66606 inf=66606 hazard=8320 canary_err=0 q=0 qovr=0
[HB] up_ms=1399917 frames=66654 inf=66654 hazard=8320 canary_err=0 q=0 qovr=0
[HB] up_ms=1400924 frames=66702 inf=66702 hazard=8342 canary_err=0 q=0 qovr=0
[HB] up_ms=1401931 frames=66750 inf=66750 hazard=8360 canary_err=0 q=0 qovr=0
[HB] up_ms=1402938 frames=66798 inf=66798 hazard=8360 canary_err=0 q=0 qovr=0
[HB] up_ms=1403945 frames=66846 inf=66846 hazard=8360 canary_err=0 q=0 qovr=0
[HB] up_ms=1404952 frames=66894 inf=66894 hazard=8360 canary_err=0 q=0 qovr=0
[HB] up_ms=1405959 frames=66942 inf=66942 hazard=8360 canary_err=0 q=0 qovr=0
[HB] up_ms=1406966 frames=66990 inf=66990 hazard=8360 canary_err=0 q=0 qovr=0
[HB] up_ms=1407973 frames=67038 inf=67038 hazard=8398 canary_err=0 q=0 qovr=0
[HB] up_ms=1408980 frames=67086 inf=67086 hazard=8400 canary_err=0 q=0 qovr=0
[HB] up_ms=1409987 frames=67134 inf=67134 hazard=8400 canary_err=0 q=0 qovr=0
[HB] up_ms=1410994 frames=67182 inf=67182 hazard=8400 canary_err=0 q=0 qovr=0
[HB] up_ms=1412001 frames=67230 inf=67230 hazard=8400 canary_err=0 q=0 qovr=0
[HB] up_ms=1413008 frames=67278 inf=67278 hazard=8400 canary_err=0 q=0 qovr=0
[HB] up_ms=1414015 frames=67326 inf=67326 hazard=8406 canary_err=0 q=0 qovr=0
[HB] up_ms=1415022 frames=67373 inf=67373 hazard=8440 canary_err=0 q=0 qovr=0
[HB] up_ms=1416029 frames=67421 inf=67421 hazard=8440 canary_err=0 q=0 qovr=0
[HB] up_ms=1417036 frames=67469 inf=67469 hazard=8440 canary_err=0 q=0 qovr=0
[HB] up_ms=1418043 frames=67517 inf=67517 hazard=8440 canary_err=0 q=0 qovr=0
[HB] up_ms=1419050 frames=67565 inf=67565 hazard=8440 canary_err=0 q=0 qovr=0
[HB] up_ms=1420057 frames=67613 inf=67613 hazard=8440 canary_err=0 q=0 qovr=0
[HB] up_ms=1421064 frames=67661 inf=67661 hazard=8461 canary_err=0 q=0 qovr=0
[HB] up_ms=1422071 frames=67709 inf=67709 hazard=8480 canary_err=0 q=0 qovr=0
[HB] up_ms=1423078 frames=67757 inf=67757 hazard=8480 canary_err=0 q=0 qovr=0
[HB] up_ms=1424085 frames=67805 inf=67805 hazard=8480 canary_err=0 q=0 qovr=0
[HB] up_ms=1425092 frames=67853 inf=67853 hazard=8480 canary_err=0 q=0 qovr=0
[HB] up_ms=1426099 frames=67901 inf=67901 hazard=8480 canary_err=0 q=0 qovr=0
[HB] up_ms=1427106 frames=67949 inf=67949 hazard=8480 canary_err=0 q=0 qovr=0
[HB] up_ms=1428113 frames=67997 inf=67997 hazard=8517 canary_err=0 q=0 qovr=0
[HB] up_ms=1429120 frames=68045 inf=68045 hazard=8520 canary_err=0 q=0 qovr=0
[HB] up_ms=1430127 frames=68093 inf=68093 hazard=8520 canary_err=0 q=0 qovr=0
[HB] up_ms=1431134 frames=68141 inf=68141 hazard=8520 canary_err=0 q=0 qovr=0
[HB] up_ms=1432141 frames=68189 inf=68189 hazard=8520 canary_err=0 q=0 qovr=0
[HB] up_ms=1433148 frames=68237 inf=68237 hazard=8520 canary_err=0 q=0 qovr=0
[HB] up_ms=1434155 frames=68285 inf=68285 hazard=8525 canary_err=0 q=0 qovr=0
[HB] up_ms=1435162 frames=68333 inf=68333 hazard=8560 canary_err=0 q=0 qovr=0
[HB] up_ms=1436169 frames=68380 inf=68380 hazard=8560 canary_err=0 q=0 qovr=0
[HB] up_ms=1437176 frames=68428 inf=68428 hazard=8560 canary_err=0 q=0 qovr=0
[HB] up_ms=1438183 frames=68476 inf=68476 hazard=8560 canary_err=0 q=0 qovr=0
[HB] up_ms=1439190 frames=68524 inf=68524 hazard=8560 canary_err=0 q=0 qovr=0
[HB] up_ms=1440197 frames=68572 inf=68572 hazard=8560 canary_err=0 q=0 qovr=0
[HB] up_ms=1441204 frames=68620 inf=68620 hazard=8580 canary_err=0 q=0 qovr=0
[HB] up_ms=1442211 frames=68668 inf=68668 hazard=8600 canary_err=0 q=0 qovr=0
[HB] up_ms=1443218 frames=68716 inf=68716 hazard=8600 canary_err=0 q=0 qovr=0
[HB] up_ms=1444225 frames=68764 inf=68764 hazard=8600 canary_err=0 q=0 qovr=0
[HB] up_ms=1445232 frames=68812 inf=68812 hazard=8600 canary_err=0 q=0 qovr=0
[HB] up_ms=1446239 frames=68860 inf=68860 hazard=8600 canary_err=0 q=0 qovr=0
[HB] up_ms=1447246 frames=68908 inf=68908 hazard=8600 canary_err=0 q=0 qovr=0
[HB] up_ms=1448253 frames=68956 inf=68956 hazard=8636 canary_err=0 q=0 qovr=0
[HB] up_ms=1449260 frames=69004 inf=69004 hazard=8640 canary_err=0 q=0 qovr=0
[HB] up_ms=1450267 frames=69052 inf=69052 hazard=8640 canary_err=0 q=0 qovr=0
[HB] up_ms=1451274 frames=69100 inf=69100 hazard=8640 canary_err=0 q=0 qovr=0
[HB] up_ms=1452281 frames=69148 inf=69148 hazard=8640 canary_err=0 q=0 qovr=0
[HB] up_ms=1453288 frames=69196 inf=69196 hazard=8640 canary_err=0 q=0 qovr=0
[HB] up_ms=1454295 frames=69244 inf=69244 hazard=8644 canary_err=0 q=0 qovr=0
[HB] up_ms=1455302 frames=69292 inf=69292 hazard=8680 canary_err=0 q=0 qovr=0
[HB] up_ms=1456309 frames=69340 inf=69340 hazard=8680 canary_err=0 q=0 qovr=0
[HB] up_ms=1457316 frames=69387 inf=69387 hazard=8680 canary_err=0 q=0 qovr=0
[HB] up_ms=1458323 frames=69435 inf=69435 hazard=8680 canary_err=0 q=0 qovr=0
[HB] up_ms=1459330 frames=69483 inf=69483 hazard=8680 canary_err=0 q=0 qovr=0
[HB] up_ms=1460337 frames=69531 inf=69531 hazard=8680 canary_err=0 q=0 qovr=0
[HB] up_ms=1461344 frames=69579 inf=69579 hazard=8699 canary_err=0 q=0 qovr=0
[HB] up_ms=1462351 frames=69627 inf=69627 hazard=8720 canary_err=0 q=0 qovr=0
[HB] up_ms=1463358 frames=69675 inf=69675 hazard=8720 canary_err=0 q=0 qovr=0
[HB] up_ms=1464365 frames=69723 inf=69723 hazard=8720 canary_err=0 q=0 qovr=0
[HB] up_ms=1465372 frames=69771 inf=69771 hazard=8720 canary_err=0 q=0 qovr=0
[HB] up_ms=1466379 frames=69819 inf=69819 hazard=8720 canary_err=0 q=0 qovr=0
[HB] up_ms=1467386 frames=69867 inf=69867 hazard=8720 canary_err=0 q=0 qovr=0
[HB] up_ms=1468393 frames=69915 inf=69915 hazard=8755 canary_err=0 q=0 qovr=0
[HB] up_ms=1469400 frames=69963 inf=69963 hazard=8760 canary_err=0 q=0 qovr=0
[HB] up_ms=1470407 frames=70011 inf=70011 hazard=8760 canary_err=0 q=0 qovr=0
[HB] up_ms=1471414 frames=70059 inf=70059 hazard=8760 canary_err=0 q=0 qovr=0
[HB] up_ms=1472421 frames=70107 inf=70107 hazard=8760 canary_err=0 q=0 qovr=0
[HB] up_ms=1473428 frames=70155 inf=70155 hazard=8760 canary_err=0 q=0 qovr=0
[HB] up_ms=1474435 frames=70203 inf=70203 hazard=8763 canary_err=0 q=0 qovr=0
[HB] up_ms=1475442 frames=70251 inf=70251 hazard=8800 canary_err=0 q=0 qovr=0
[HB] up_ms=1476449 frames=70299 inf=70299 hazard=8800 canary_err=0 q=0 qovr=0
[HB] up_ms=1477456 frames=70347 inf=70347 hazard=8800 canary_err=0 q=0 qovr=0
[HB] up_ms=1478463 frames=70394 inf=70394 hazard=8800 canary_err=0 q=0 qovr=0
[HB] up_ms=1479470 frames=70442 inf=70442 hazard=8800 canary_err=0 q=0 qovr=0
[HB] up_ms=1480477 frames=70490 inf=70490 hazard=8800 canary_err=0 q=0 qovr=0
[HB] up_ms=1481484 frames=70538 inf=70538 hazard=8818 canary_err=0 q=0 qovr=0
[HB] up_ms=1482491 frames=70586 inf=70586 hazard=8840 canary_err=0 q=0 qovr=0
[HB] up_ms=1483498 frames=70634 inf=70634 hazard=8840 canary_err=0 q=0 qovr=0
[HB] up_ms=1484505 frames=70682 inf=70682 hazard=8840 canary_err=0 q=0 qovr=0
[HB] up_ms=1485512 frames=70730 inf=70730 hazard=8840 canary_err=0 q=0 qovr=0
[HB] up_ms=1486519 frames=70778 inf=70778 hazard=8840 canary_err=0 q=0 qovr=0
[HB] up_ms=1487526 frames=70826 inf=70826 hazard=8840 canary_err=0 q=0 qovr=0
[HB] up_ms=1488533 frames=70874 inf=70874 hazard=8874 canary_err=0 q=0 qovr=0
[HB] up_ms=1489540 frames=70922 inf=70922 hazard=8880 canary_err=0 q=0 qovr=0
[HB] up_ms=1490547 frames=70970 inf=70970 hazard=8880 canary_err=0 q=0 qovr=0
[HB] up_ms=1491554 frames=71018 inf=71018 hazard=8880 canary_err=0 q=0 qovr=0
[HB] up_ms=1492561 frames=71066 inf=71066 hazard=8880 canary_err=0 q=0 qovr=0
[HB] up_ms=1493568 frames=71114 inf=71114 hazard=8880 canary_err=0 q=0 qovr=0
[HB] up_ms=1494575 frames=71162 inf=71162 hazard=8882 canary_err=0 q=0 qovr=0
[HB] up_ms=1495582 frames=71210 inf=71210 hazard=8920 canary_err=0 q=0 qovr=0
[HB] up_ms=1496589 frames=71258 inf=71258 hazard=8920 canary_err=0 q=0 qovr=0
[HB] up_ms=1497596 frames=71306 inf=71306 hazard=8920 canary_err=0 q=0 qovr=0
[HB] up_ms=1498603 frames=71354 inf=71354 hazard=8920 canary_err=0 q=0 qovr=0
[HB] up_ms=1499610 frames=71401 inf=71401 hazard=8920 canary_err=0 q=0 qovr=0
[HB] up_ms=1500617 frames=71449 inf=71449 hazard=8920 canary_err=0 q=0 qovr=0
[HB] up_ms=1501624 frames=71497 inf=71497 hazard=8937 canary_err=0 q=0 qovr=0
[HB] up_ms=1502631 frames=71545 inf=71545 hazard=8960 canary_err=0 q=0 qovr=0
[HB] up_ms=1503638 frames=71593 inf=71593 hazard=8960 canary_err=0 q=0 qovr=0
[HB] up_ms=1504645 frames=71641 inf=71641 hazard=8960 canary_err=0 q=0 qovr=0
[HB] up_ms=1505652 frames=71689 inf=71689 hazard=8960 canary_err=0 q=0 qovr=0
[HB] up_ms=1506659 frames=71737 inf=71737 hazard=8960 canary_err=0 q=0 qovr=0
[HB] up_ms=1507666 frames=71785 inf=71785 hazard=8960 canary_err=0 q=0 qovr=0
[HB] up_ms=1508673 frames=71833 inf=71833 hazard=8993 canary_err=0 q=0 qovr=0
[HB] up_ms=1509680 frames=71881 inf=71881 hazard=9000 canary_err=0 q=0 qovr=0
[HB] up_ms=1510687 frames=71929 inf=71929 hazard=9000 canary_err=0 q=0 qovr=0
[HB] up_ms=1511694 frames=71977 inf=71977 hazard=9000 canary_err=0 q=0 qovr=0
[HB] up_ms=1512701 frames=72025 inf=72025 hazard=9000 canary_err=0 q=0 qovr=0
[HB] up_ms=1513708 frames=72073 inf=72073 hazard=9000 canary_err=0 q=0 qovr=0
[HB] up_ms=1514715 frames=72121 inf=72121 hazard=9001 canary_err=0 q=0 qovr=0
[HB] up_ms=1515722 frames=72169 inf=72169 hazard=9040 canary_err=0 q=0 qovr=0
[HB] up_ms=1516729 frames=72217 inf=72217 hazard=9040 canary_err=0 q=0 qovr=0
[HB] up_ms=1517736 frames=72265 inf=72265 hazard=9040 canary_err=0 q=0 qovr=0
[HB] up_ms=1518743 frames=72313 inf=72313 hazard=9040 canary_err=0 q=0 qovr=0
[HB] up_ms=1519750 frames=72361 inf=72361 hazard=9040 canary_err=0 q=0 qovr=0
[HB] up_ms=1520757 frames=72408 inf=72408 hazard=9040 canary_err=0 q=0 qovr=0
[HB] up_ms=1521764 frames=72456 inf=72456 hazard=9056 canary_err=0 q=0 qovr=0
[HB] up_ms=1522771 frames=72504 inf=72504 hazard=9080 canary_err=0 q=0 qovr=0
[HB] up_ms=1523778 frames=72552 inf=72552 hazard=9080 canary_err=0 q=0 qovr=0
[HB] up_ms=1524785 frames=72600 inf=72600 hazard=9080 canary_err=0 q=0 qovr=0
[HB] up_ms=1525792 frames=72648 inf=72648 hazard=9080 canary_err=0 q=0 qovr=0
[HB] up_ms=1526799 frames=72696 inf=72696 hazard=9080 canary_err=0 q=0 qovr=0
[HB] up_ms=1527806 frames=72744 inf=72744 hazard=9080 canary_err=0 q=0 qovr=0
[HB] up_ms=1528813 frames=72792 inf=72792 hazard=9112 canary_err=0 q=0 qovr=0
[HB] up_ms=1529820 frames=72840 inf=72840 hazard=9120 canary_err=0 q=0 qovr=0
[HB] up_ms=1530827 frames=72888 inf=72888 hazard=9120 canary_err=0 q=0 qovr=0
[HB] up_ms=1531834 frames=72936 inf=72936 hazard=9120 canary_err=0 q=0 qovr=0
[HB] up_ms=1532841 frames=72984 inf=72984 hazard=9120 canary_err=0 q=0 qovr=0
[HB] up_ms=1533848 frames=73032 inf=73032 hazard=9120 canary_err=0 q=0 qovr=0
[HB] up_ms=1534855 frames=73080 inf=73080 hazard=9120 canary_err=0 q=0 qovr=0
[HB] up_ms=1535862 frames=73128 inf=73128 hazard=9160 canary_err=0 q=0 qovr=0
[HB] up_ms=1536869 frames=73176 inf=73176 hazard=9160 canary_err=0 q=0 qovr=0
[HB] up_ms=1537876 frames=73224 inf=73224 hazard=9160 canary_err=0 q=0 qovr=0
[HB] up_ms=1538883 frames=73272 inf=73272 hazard=9160 canary_err=0 q=0 qovr=0
[HB] up_ms=1539890 frames=73320 inf=73320 hazard=9160 canary_err=0 q=0 qovr=0
[HB] up_ms=1540897 frames=73368 inf=73368 hazard=9160 canary_err=0 q=0 qovr=0
[HB] up_ms=1541904 frames=73415 inf=73415 hazard=9175 canary_err=0 q=0 qovr=0
[HB] up_ms=1542911 frames=73463 inf=73463 hazard=9200 canary_err=0 q=0 qovr=0
[HB] up_ms=1543918 frames=73511 inf=73511 hazard=9200 canary_err=0 q=0 qovr=0
[HB] up_ms=1544925 frames=73559 inf=73559 hazard=9200 canary_err=0 q=0 qovr=0
[HB] up_ms=1545932 frames=73607 inf=73607 hazard=9200 canary_err=0 q=0 qovr=0
[HB] up_ms=1546939 frames=73655 inf=73655 hazard=9200 canary_err=0 q=0 qovr=0
[HB] up_ms=1547946 frames=73703 inf=73703 hazard=9200 canary_err=0 q=0 qovr=0
[HB] up_ms=1548953 frames=73751 inf=73751 hazard=9231 canary_err=0 q=0 qovr=0
[HB] up_ms=1549960 frames=73799 inf=73799 hazard=9240 canary_err=0 q=0 qovr=0
[HB] up_ms=1550967 frames=73847 inf=73847 hazard=9240 canary_err=0 q=0 qovr=0
[HB] up_ms=1551974 frames=73895 inf=73895 hazard=9240 canary_err=0 q=0 qovr=0
[HB] up_ms=1552981 frames=73943 inf=73943 hazard=9240 canary_err=0 q=0 qovr=0
[HB] up_ms=1553988 frames=73991 inf=73991 hazard=9240 canary_err=0 q=0 qovr=0
[HB] up_ms=1554995 frames=74039 inf=74039 hazard=9240 canary_err=0 q=0 qovr=0
[HB] up_ms=1556002 frames=74087 inf=74087 hazard=9280 canary_err=0 q=0 qovr=0
[HB] up_ms=1557009 frames=74135 inf=74135 hazard=9280 canary_err=0 q=0 qovr=0
[HB] up_ms=1558016 frames=74183 inf=74183 hazard=9280 canary_err=0 q=0 qovr=0
[HB] up_ms=1559023 frames=74231 inf=74231 hazard=9280 canary_err=0 q=0 qovr=0
[HB] up_ms=1560030 frames=74279 inf=74279 hazard=9280 canary_err=0 q=0 qovr=0
[HB] up_ms=1561037 frames=74327 inf=74327 hazard=9280 canary_err=0 q=0 qovr=0
[HB] up_ms=1562044 frames=74375 inf=74375 hazard=9295 canary_err=0 q=0 qovr=0
[HB] up_ms=1563051 frames=74422 inf=74422 hazard=9320 canary_err=0 q=0 qovr=0
[HB] up_ms=1564058 frames=74470 inf=74470 hazard=9320 canary_err=0 q=0 qovr=0
[HB] up_ms=1565065 frames=74518 inf=74518 hazard=9320 canary_err=0 q=0 qovr=0
[HB] up_ms=1566072 frames=74566 inf=74566 hazard=9320 canary_err=0 q=0 qovr=0
[HB] up_ms=1567079 frames=74614 inf=74614 hazard=9320 canary_err=0 q=0 qovr=0
[HB] up_ms=1568086 frames=74662 inf=74662 hazard=9320 canary_err=0 q=0 qovr=0
[HB] up_ms=1569093 frames=74710 inf=74710 hazard=9350 canary_err=0 q=0 qovr=0
[HB] up_ms=1570100 frames=74758 inf=74758 hazard=9360 canary_err=0 q=0 qovr=0
[HB] up_ms=1571107 frames=74806 inf=74806 hazard=9360 canary_err=0 q=0 qovr=0
[HB] up_ms=1572114 frames=74854 inf=74854 hazard=9360 canary_err=0 q=0 qovr=0
[HB] up_ms=1573121 frames=74902 inf=74902 hazard=9360 canary_err=0 q=0 qovr=0
[HB] up_ms=1574128 frames=74950 inf=74950 hazard=9360 canary_err=0 q=0 qovr=0
[HB] up_ms=1575135 frames=74998 inf=74998 hazard=9360 canary_err=0 q=0 qovr=0
[HB] up_ms=1576142 frames=75046 inf=75046 hazard=9400 canary_err=0 q=0 qovr=0
[HB] up_ms=1577149 frames=75094 inf=75094 hazard=9400 canary_err=0 q=0 qovr=0
[HB] up_ms=1578156 frames=75142 inf=75142 hazard=9400 canary_err=0 q=0 qovr=0
[HB] up_ms=1579163 frames=75190 inf=75190 hazard=9400 canary_err=0 q=0 qovr=0
[HB] up_ms=1580170 frames=75238 inf=75238 hazard=9400 canary_err=0 q=0 qovr=0
[HB] up_ms=1581177 frames=75286 inf=75286 hazard=9400 canary_err=0 q=0 qovr=0
[HB] up_ms=1582184 frames=75334 inf=75334 hazard=9414 canary_err=0 q=0 qovr=0
[HB] up_ms=1583191 frames=75382 inf=75382 hazard=9440 canary_err=0 q=0 qovr=0
[HB] up_ms=1584198 frames=75429 inf=75429 hazard=9440 canary_err=0 q=0 qovr=0
[HB] up_ms=1585205 frames=75477 inf=75477 hazard=9440 canary_err=0 q=0 qovr=0
[HB] up_ms=1586212 frames=75525 inf=75525 hazard=9440 canary_err=0 q=0 qovr=0
[HB] up_ms=1587219 frames=75573 inf=75573 hazard=9440 canary_err=0 q=0 qovr=0
[HB] up_ms=1588226 frames=75621 inf=75621 hazard=9440 canary_err=0 q=0 qovr=0
[HB] up_ms=1589233 frames=75669 inf=75669 hazard=9469 canary_err=0 q=0 qovr=0
[HB] up_ms=1590240 frames=75717 inf=75717 hazard=9480 canary_err=0 q=0 qovr=0
[HB] up_ms=1591247 frames=75765 inf=75765 hazard=9480 canary_err=0 q=0 qovr=0
[HB] up_ms=1592254 frames=75813 inf=75813 hazard=9480 canary_err=0 q=0 qovr=0
[HB] up_ms=1593261 frames=75861 inf=75861 hazard=9480 canary_err=0 q=0 qovr=0
[HB] up_ms=1594268 frames=75909 inf=75909 hazard=9480 canary_err=0 q=0 qovr=0
[HB] up_ms=1595275 frames=75957 inf=75957 hazard=9480 canary_err=0 q=0 qovr=0
[HB] up_ms=1596282 frames=76005 inf=76005 hazard=9520 canary_err=0 q=0 qovr=0
[HB] up_ms=1597289 frames=76053 inf=76053 hazard=9520 canary_err=0 q=0 qovr=0
[HB] up_ms=1598296 frames=76101 inf=76101 hazard=9520 canary_err=0 q=0 qovr=0
[HB] up_ms=1599303 frames=76149 inf=76149 hazard=9520 canary_err=0 q=0 qovr=0
[HB] up_ms=1600310 frames=76197 inf=76197 hazard=9520 canary_err=0 q=0 qovr=0
[HB] up_ms=1601317 frames=76245 inf=76245 hazard=9520 canary_err=0 q=0 qovr=0
[HB] up_ms=1602324 frames=76293 inf=76293 hazard=9533 canary_err=0 q=0 qovr=0
[HB] up_ms=1603331 frames=76341 inf=76341 hazard=9560 canary_err=0 q=0 qovr=0
[HB] up_ms=1604338 frames=76389 inf=76389 hazard=9560 canary_err=0 q=0 qovr=0
[HB] up_ms=1605345 frames=76436 inf=76436 hazard=9560 canary_err=0 q=0 qovr=0
[HB] up_ms=1606352 frames=76484 inf=76484 hazard=9560 canary_err=0 q=0 qovr=0
[HB] up_ms=1607359 frames=76532 inf=76532 hazard=9560 canary_err=0 q=0 qovr=0
[HB] up_ms=1608366 frames=76580 inf=76580 hazard=9560 canary_err=0 q=0 qovr=0
[HB] up_ms=1609373 frames=76628 inf=76628 hazard=9588 canary_err=0 q=0 qovr=0
[HB] up_ms=1610380 frames=76676 inf=76676 hazard=9600 canary_err=0 q=0 qovr=0
[HB] up_ms=1611387 frames=76724 inf=76724 hazard=9600 canary_err=0 q=0 qovr=0
[HB] up_ms=1612394 frames=76772 inf=76772 hazard=9600 canary_err=0 q=0 qovr=0
[HB] up_ms=1613401 frames=76820 inf=76820 hazard=9600 canary_err=0 q=0 qovr=0
[HB] up_ms=1614408 frames=76868 inf=76868 hazard=9600 canary_err=0 q=0 qovr=0
[HB] up_ms=1615415 frames=76916 inf=76916 hazard=9600 canary_err=0 q=0 qovr=0
[HB] up_ms=1616422 frames=76964 inf=76964 hazard=9640 canary_err=0 q=0 qovr=0
[HB] up_ms=1617429 frames=77012 inf=77012 hazard=9640 canary_err=0 q=0 qovr=0
[HB] up_ms=1618436 frames=77060 inf=77060 hazard=9640 canary_err=0 q=0 qovr=0
[HB] up_ms=1619443 frames=77108 inf=77108 hazard=9640 canary_err=0 q=0 qovr=0
[HB] up_ms=1620450 frames=77156 inf=77156 hazard=9640 canary_err=0 q=0 qovr=0
[HB] up_ms=1621457 frames=77204 inf=77204 hazard=9640 canary_err=0 q=0 qovr=0
[HB] up_ms=1622464 frames=77252 inf=77252 hazard=9652 canary_err=0 q=0 qovr=0
[HB] up_ms=1623471 frames=77300 inf=77300 hazard=9680 canary_err=0 q=0 qovr=0
[HB] up_ms=1624478 frames=77348 inf=77348 hazard=9680 canary_err=0 q=0 qovr=0
[HB] up_ms=1625485 frames=77396 inf=77396 hazard=9680 canary_err=0 q=0 qovr=0
[HB] up_ms=1626492 frames=77443 inf=77443 hazard=9680 canary_err=0 q=0 qovr=0
[HB] up_ms=1627499 frames=77491 inf=77491 hazard=9680 canary_err=0 q=0 qovr=0
[HB] up_ms=1628506 frames=77539 inf=77539 hazard=9680 canary_err=0 q=0 qovr=0
[HB] up_ms=1629513 frames=77587 inf=77587 hazard=9707 canary_err=0 q=0 qovr=0
[HB] up_ms=1630520 frames=77635 inf=77635 hazard=9720 canary_err=0 q=0 qovr=0
[HB] up_ms=1631527 frames=77683 inf=77683 hazard=9720 canary_err=0 q=0 qovr=0
[HB] up_ms=1632534 frames=77731 inf=77731 hazard=9720 canary_err=0 q=0 qovr=0
[HB] up_ms=1633541 frames=77779 inf=77779 hazard=9720 canary_err=0 q=0 qovr=0
[HB] up_ms=1634548 frames=77827 inf=77827 hazard=9720 canary_err=0 q=0 qovr=0
[HB] up_ms=1635555 frames=77875 inf=77875 hazard=9720 canary_err=0 q=0 qovr=0
[HB] up_ms=1636562 frames=77923 inf=77923 hazard=9760 canary_err=0 q=0 qovr=0
[HB] up_ms=1637569 frames=77971 inf=77971 hazard=9760 canary_err=0 q=0 qovr=0
[HB] up_ms=1638576 frames=78019 inf=78019 hazard=9760 canary_err=0 q=0 qovr=0
[HB] up_ms=1639583 frames=78067 inf=78067 hazard=9760 canary_err=0 q=0 qovr=0
[HB] up_ms=1640590 frames=78115 inf=78115 hazard=9760 canary_err=0 q=0 qovr=0
[HB] up_ms=1641597 frames=78163 inf=78163 hazard=9760 canary_err=0 q=0 qovr=0
[HB] up_ms=1642604 frames=78211 inf=78211 hazard=9771 canary_err=0 q=0 qovr=0
[HB] up_ms=1643611 frames=78259 inf=78259 hazard=9800 canary_err=0 q=0 qovr=0
[HB] up_ms=1644618 frames=78307 inf=78307 hazard=9800 canary_err=0 q=0 qovr=0
[HB] up_ms=1645625 frames=78355 inf=78355 hazard=9800 canary_err=0 q=0 qovr=0
[HB] up_ms=1646632 frames=78403 inf=78403 hazard=9800 canary_err=0 q=0 qovr=0
[HB] up_ms=1647639 frames=78450 inf=78450 hazard=9800 canary_err=0 q=0 qovr=0
[HB] up_ms=1648646 frames=78498 inf=78498 hazard=9800 canary_err=0 q=0 qovr=0
[HB] up_ms=1649653 frames=78546 inf=78546 hazard=9826 canary_err=0 q=0 qovr=0
[HB] up_ms=1650660 frames=78594 inf=78594 hazard=9840 canary_err=0 q=0 qovr=0
[HB] up_ms=1651667 frames=78642 inf=78642 hazard=9840 canary_err=0 q=0 qovr=0
[HB] up_ms=1652674 frames=78690 inf=78690 hazard=9840 canary_err=0 q=0 qovr=0
[HB] up_ms=1653681 frames=78738 inf=78738 hazard=9840 canary_err=0 q=0 qovr=0
[HB] up_ms=1654688 frames=78786 inf=78786 hazard=9840 canary_err=0 q=0 qovr=0
[HB] up_ms=1655695 frames=78834 inf=78834 hazard=9840 canary_err=0 q=0 qovr=0
[HB] up_ms=1656702 frames=78882 inf=78882 hazard=9880 canary_err=0 q=0 qovr=0
[HB] up_ms=1657709 frames=78930 inf=78930 hazard=9880 canary_err=0 q=0 qovr=0
[HB] up_ms=1658716 frames=78978 inf=78978 hazard=9880 canary_err=0 q=0 qovr=0
[HB] up_ms=1659723 frames=79026 inf=79026 hazard=9880 canary_err=0 q=0 qovr=0
[HB] up_ms=1660730 frames=79074 inf=79074 hazard=9880 canary_err=0 q=0 qovr=0
[HB] up_ms=1661737 frames=79122 inf=79122 hazard=9880 canary_err=0 q=0 qovr=0
[HB] up_ms=1662744 frames=79170 inf=79170 hazard=9890 canary_err=0 q=0 qovr=0
[HB] up_ms=1663751 frames=79218 inf=79218 hazard=9920 canary_err=0 q=0 qovr=0
[HB] up_ms=1664758 frames=79266 inf=79266 hazard=9920 canary_err=0 q=0 qovr=0
[HB] up_ms=1665765 frames=79314 inf=79314 hazard=9920 canary_err=0 q=0 qovr=0
[HB] up_ms=1666772 frames=79362 inf=79362 hazard=9920 canary_err=0 q=0 qovr=0
[HB] up_ms=1667779 frames=79410 inf=79410 hazard=9920 canary_err=0 q=0 qovr=0
[HB] up_ms=1668786 frames=79457 inf=79457 hazard=9920 canary_err=0 q=0 qovr=0
[HB] up_ms=1669793 frames=79505 inf=79505 hazard=9945 canary_err=0 q=0 qovr=0
[HB] up_ms=1670800 frames=79553 inf=79553 hazard=9960 canary_err=0 q=0 qovr=0
[HB] up_ms=1671807 frames=79601 inf=79601 hazard=9960 canary_err=0 q=0 qovr=0
[HB] up_ms=1672814 frames=79649 inf=79649 hazard=9960 canary_err=0 q=0 qovr=0
[HB] up_ms=1673821 frames=79697 inf=79697 hazard=9960 canary_err=0 q=0 qovr=0
[HB] up_ms=1674828 frames=79745 inf=79745 hazard=9960 canary_err=0 q=0 qovr=0
[HB] up_ms=1675835 frames=79793 inf=79793 hazard=9960 canary_err=0 q=0 qovr=0
[HB] up_ms=1676842 frames=79841 inf=79841 hazard=10000 canary_err=0 q=0 qovr=0
[HB] up_ms=1677850 frames=79889 inf=79889 hazard=10000 canary_err=0 q=0 qovr=0
[HB] up_ms=1678858 frames=79937 inf=79937 hazard=10000 canary_err=0 q=0 qovr=0
[HB] up_ms=1679866 frames=79985 inf=79985 hazard=10000 canary_err=0 q=0 qovr=0
[HB] up_ms=1680874 frames=80033 inf=80033 hazard=10000 canary_err=0 q=0 qovr=0
[HB] up_ms=1681882 frames=80081 inf=80081 hazard=10000 canary_err=0 q=0 qovr=0
[HB] up_ms=1682890 frames=80129 inf=80129 hazard=10009 canary_err=0 q=0 qovr=0
[HB] up_ms=1683898 frames=80177 inf=80177 hazard=10040 canary_err=0 q=0 qovr=0
[HB] up_ms=1684906 frames=80225 inf=80225 hazard=10040 canary_err=0 q=0 qovr=0
[HB] up_ms=1685914 frames=80273 inf=80273 hazard=10040 canary_err=0 q=0 qovr=0
[HB] up_ms=1686922 frames=80321 inf=80321 hazard=10040 canary_err=0 q=0 qovr=0
[HB] up_ms=1687930 frames=80369 inf=80369 hazard=10040 canary_err=0 q=0 qovr=0
[HB] up_ms=1688938 frames=80417 inf=80417 hazard=10040 canary_err=0 q=0 qovr=0
[HB] up_ms=1689946 frames=80465 inf=80465 hazard=10065 canary_err=0 q=0 qovr=0
[HB] up_ms=1690954 frames=80513 inf=80513 hazard=10080 canary_err=0 q=0 qovr=0
[HB] up_ms=1691962 frames=80561 inf=80561 hazard=10080 canary_err=0 q=0 qovr=0
[HB] up_ms=1692970 frames=80609 inf=80609 hazard=10080 canary_err=0 q=0 qovr=0
[HB] up_ms=1693978 frames=80657 inf=80657 hazard=10080 canary_err=0 q=0 qovr=0
[HB] up_ms=1694986 frames=80705 inf=80705 hazard=10080 canary_err=0 q=0 qovr=0
[HB] up_ms=1695994 frames=80753 inf=80753 hazard=10080 canary_err=0 q=0 qovr=0
[HB] up_ms=1697002 frames=80801 inf=80801 hazard=10120 canary_err=0 q=0 qovr=0
[HB] up_ms=1698010 frames=80849 inf=80849 hazard=10120 canary_err=0 q=0 qovr=0
[HB] up_ms=1699018 frames=80897 inf=80897 hazard=10120 canary_err=0 q=0 qovr=0
[HB] up_ms=1700026 frames=80945 inf=80945 hazard=10120 canary_err=0 q=0 qovr=0
[HB] up_ms=1701034 frames=80993 inf=80993 hazard=10120 canary_err=0 q=0 qovr=0
[HB] up_ms=1702042 frames=81041 inf=81041 hazard=10120 canary_err=0 q=0 qovr=0
[HB] up_ms=1703050 frames=81089 inf=81089 hazard=10129 canary_err=0 q=0 qovr=0
[HB] up_ms=1704058 frames=81137 inf=81137 hazard=10160 canary_err=0 q=0 qovr=0
[HB] up_ms=1705066 frames=81185 inf=81185 hazard=10160 canary_err=0 q=0 qovr=0
[HB] up_ms=1706074 frames=81233 inf=81233 hazard=10160 canary_err=0 q=0 qovr=0
[HB] up_ms=1707082 frames=81281 inf=81281 hazard=10160 canary_err=0 q=0 qovr=0
[HB] up_ms=1708090 frames=81329 inf=81329 hazard=10160 canary_err=0 q=0 qovr=0
[HB] up_ms=1709098 frames=81377 inf=81377 hazard=10160 canary_err=0 q=0 qovr=0
[HB] up_ms=1710106 frames=81425 inf=81425 hazard=10185 canary_err=0 q=0 qovr=0
[HB] up_ms=1711114 frames=81473 inf=81473 hazard=10200 canary_err=0 q=0 qovr=0
[HB] up_ms=1712122 frames=81521 inf=81521 hazard=10200 canary_err=0 q=0 qovr=0
[HB] up_ms=1713130 frames=81569 inf=81569 hazard=10200 canary_err=0 q=0 qovr=0
[HB] up_ms=1714138 frames=81617 inf=81617 hazard=10200 canary_err=0 q=0 qovr=0
[HB] up_ms=1715146 frames=81665 inf=81665 hazard=10200 canary_err=0 q=0 qovr=0
[HB] up_ms=1716154 frames=81713 inf=81713 hazard=10200 canary_err=0 q=0 qovr=0
[HB] up_ms=1717162 frames=81761 inf=81761 hazard=10240 canary_err=0 q=0 qovr=0
[HB] up_ms=1718170 frames=81809 inf=81809 hazard=10240 canary_err=0 q=0 qovr=0
[HB] up_ms=1719178 frames=81857 inf=81857 hazard=10240 canary_err=0 q=0 qovr=0
[HB] up_ms=1720186 frames=81905 inf=81905 hazard=10240 canary_err=0 q=0 qovr=0
[HB] up_ms=1721194 frames=81953 inf=81953 hazard=10240 canary_err=0 q=0 qovr=0
[HB] up_ms=1722202 frames=82001 inf=82001 hazard=10240 canary_err=0 q=0 qovr=0
[HB] up_ms=1723210 frames=82049 inf=82049 hazard=10249 canary_err=0 q=0 qovr=0
[HB] up_ms=1724218 frames=82097 inf=82097 hazard=10280 canary_err=0 q=0 qovr=0
[HB] up_ms=1725226 frames=82145 inf=82145 hazard=10280 canary_err=0 q=0 qovr=0
[HB] up_ms=1726234 frames=82193 inf=82193 hazard=10280 canary_err=0 q=0 qovr=0
[HB] up_ms=1727242 frames=82241 inf=82241 hazard=10280 canary_err=0 q=0 qovr=0
[HB] up_ms=1728250 frames=82289 inf=82289 hazard=10280 canary_err=0 q=0 qovr=0
[HB] up_ms=1729258 frames=82337 inf=82337 hazard=10280 canary_err=0 q=0 qovr=0
[HB] up_ms=1730266 frames=82385 inf=82385 hazard=10305 canary_err=0 q=0 qovr=0
[HB] up_ms=1731274 frames=82433 inf=82433 hazard=10320 canary_err=0 q=0 qovr=0
[HB] up_ms=1732282 frames=82481 inf=82481 hazard=10320 canary_err=0 q=0 qovr=0
[HB] up_ms=1733290 frames=82529 inf=82529 hazard=10320 canary_err=0 q=0 qovr=0
[HB] up_ms=1734298 frames=82577 inf=82577 hazard=10320 canary_err=0 q=0 qovr=0
[HB] up_ms=1735306 frames=82625 inf=82625 hazard=10320 canary_err=0 q=0 qovr=0
[HB] up_ms=1736314 frames=82673 inf=82673 hazard=10320 canary_err=0 q=0 qovr=0
[HB] up_ms=1737322 frames=82721 inf=82721 hazard=10360 canary_err=0 q=0 qovr=0
[HB] up_ms=1738330 frames=82769 inf=82769 hazard=10360 canary_err=0 q=0 qovr=0
[HB] up_ms=1739338 frames=82817 inf=82817 hazard=10360 canary_err=0 q=0 qovr=0
[HB] up_ms=1740346 frames=82865 inf=82865 hazard=10360 canary_err=0 q=0 qovr=0
[HB] up_ms=1741354 frames=82913 inf=82913 hazard=10360 canary_err=0 q=0 qovr=0
[HB] up_ms=1742362 frames=82961 inf=82961 hazard=10360 canary_err=0 q=0 qovr=0
[HB] up_ms=1743370 frames=83009 inf=83009 hazard=10369 canary_err=0 q=0 qovr=0
[HB] up_ms=1744378 frames=83057 inf=83057 hazard=10400 canary_err=0 q=0 qovr=0
[HB] up_ms=1745386 frames=83105 inf=83105 hazard=10400 canary_err=0 q=0 qovr=0
[HB] up_ms=1746394 frames=83153 inf=83153 hazard=10400 canary_err=0 q=0 qovr=0
[HB] up_ms=1747402 frames=83201 inf=83201 hazard=10400 canary_err=0 q=0 qovr=0
[HB] up_ms=1748410 frames=83249 inf=83249 hazard=10400 canary_err=0 q=0 qovr=0
[HB] up_ms=1749418 frames=83297 inf=83297 hazard=10400 canary_err=0 q=0 qovr=0
[HB] up_ms=1750426 frames=83345 inf=83345 hazard=10425 canary_err=0 q=0 qovr=0
[HB] up_ms=1751434 frames=83393 inf=83393 hazard=10440 canary_err=0 q=0 qovr=0
[HB] up_ms=1752442 frames=83441 inf=83441 hazard=10440 canary_err=0 q=0 qovr=0
[HB] up_ms=1753450 frames=83489 inf=83489 hazard=10440 canary_err=0 q=0 qovr=0
[HB] up_ms=1754458 frames=83537 inf=83537 hazard=10440 canary_err=0 q=0 qovr=0
[HB] up_ms=1755466 frames=83585 inf=83585 hazard=10440 canary_err=0 q=0 qovr=0
[HB] up_ms=1756474 frames=83633 inf=83633 hazard=10440 canary_err=0 q=0 qovr=0
[HB] up_ms=1757482 frames=83681 inf=83681 hazard=10480 canary_err=0 q=0 qovr=0
[HB] up_ms=1758490 frames=83729 inf=83729 hazard=10480 canary_err=0 q=0 qovr=0
[HB] up_ms=1759498 frames=83777 inf=83777 hazard=10480 canary_err=0 q=0 qovr=0
[HB] up_ms=1760506 frames=83825 inf=83825 hazard=10480 canary_err=0 q=0 qovr=0
[HB] up_ms=1761514 frames=83873 inf=83873 hazard=10480 canary_err=0 q=0 qovr=0
[HB] up_ms=1762522 frames=83921 inf=83921 hazard=10480 canary_err=0 q=0 qovr=0
[HB] up_ms=1763530 frames=83969 inf=83969 hazard=10489 canary_err=0 q=0 qovr=0
[HB] up_ms=1764538 frames=84017 inf=84017 hazard=10520 canary_err=0 q=0 qovr=0
[HB] up_ms=1765546 frames=84065 inf=84065 hazard=10520 canary_err=0 q=0 qovr=0
[HB] up_ms=1766554 frames=84113 inf=84113 hazard=10520 canary_err=0 q=0 qovr=0
[HB] up_ms=1767562 frames=84161 inf=84161 hazard=10520 canary_err=0 q=0 qovr=0
[HB] up_ms=1768570 frames=84209 inf=84209 hazard=10520 canary_err=0 q=0 qovr=0
[HB] up_ms=1769578 frames=84257 inf=84257 hazard=10520 canary_err=0 q=0 qovr=0
[HB] up_ms=1770586 frames=84305 inf=84305 hazard=10545 canary_err=0 q=0 qovr=0
[HB] up_ms=1771594 frames=84353 inf=84353 hazard=10560 canary_err=0 q=0 qovr=0
[HB] up_ms=1772602 frames=84401 inf=84401 hazard=10560 canary_err=0 q=0 qovr=0
[HB] up_ms=1773610 frames=84449 inf=84449 hazard=10560 canary_err=0 q=0 qovr=0
[HB] up_ms=1774618 frames=84497 inf=84497 hazard=10560 canary_err=0 q=0 qovr=0
[HB] up_ms=1775626 frames=84545 inf=84545 hazard=10560 canary_err=0 q=0 qovr=0
[HB] up_ms=1776634 frames=84593 inf=84593 hazard=10560 canary_err=0 q=0 qovr=0
[HB] up_ms=1777642 frames=84641 inf=84641 hazard=10600 canary_err=0 q=0 qovr=0
[HB] up_ms=1778650 frames=84689 inf=84689 hazard=10600 canary_err=0 q=0 qovr=0
[HB] up_ms=1779658 frames=84737 inf=84737 hazard=10600 canary_err=0 q=0 qovr=0
[HB] up_ms=1780666 frames=84785 inf=84785 hazard=10600 canary_err=0 q=0 qovr=0
[HB] up_ms=1781674 frames=84833 inf=84833 hazard=10600 canary_err=0 q=0 qovr=0
[HB] up_ms=1782682 frames=84881 inf=84881 hazard=10600 canary_err=0 q=0 qovr=0
[HB] up_ms=1783690 frames=84929 inf=84929 hazard=10609 canary_err=0 q=0 qovr=0
[HB] up_ms=1784698 frames=84977 inf=84977 hazard=10640 canary_err=0 q=0 qovr=0
[HB] up_ms=1785706 frames=85025 inf=85025 hazard=10640 canary_err=0 q=0 qovr=0
[HB] up_ms=1786714 frames=85073 inf=85073 hazard=10640 canary_err=0 q=0 qovr=0
[HB] up_ms=1787722 frames=85121 inf=85121 hazard=10640 canary_err=0 q=0 qovr=0
[HB] up_ms=1788730 frames=85169 inf=85169 hazard=10640 canary_err=0 q=0 qovr=0
[HB] up_ms=1789738 frames=85217 inf=85217 hazard=10640 canary_err=0 q=0 qovr=0
[HB] up_ms=1790746 frames=85265 inf=85265 hazard=10665 canary_err=0 q=0 qovr=0
[HB] up_ms=1791754 frames=85313 inf=85313 hazard=10680 canary_err=0 q=0 qovr=0
[HB] up_ms=1792762 frames=85361 inf=85361 hazard=10680 canary_err=0 q=0 qovr=0
[HB] up_ms=1793770 frames=85409 inf=85409 hazard=10680 canary_err=0 q=0 qovr=0
[HB] up_ms=1794778 frames=85457 inf=85457 hazard=10680 canary_err=0 q=0 qovr=0
[HB] up_ms=1795786 frames=85505 inf=85505 hazard=10680 canary_err=0 q=0 qovr=0
[HB] up_ms=1796794 frames=85553 inf=85553 hazard=10680 canary_err=0 q=0 qovr=0
[HB] up_ms=1797802 frames=85601 inf=85601 hazard=10720 canary_err=0 q=0 qovr=0
[HB] up_ms=1798810 frames=85649 inf=85649 hazard=10720 canary_err=0 q=0 qovr=0
[HB] up_ms=1799818 frames=85697 inf=85697 hazard=10720 canary_err=0 q=0 qovr=0
[HB] up_ms=1800826 frames=85745 inf=85745 hazard=10720 canary_err=0 q=0 qovr=0
[HB] up_ms=1801834 frames=85793 inf=85793 hazard=10720 canary_err=0 q=0 qovr=0
[HB] up_ms=1802842 frames=85841 inf=85841 hazard=10720 canary_err=0 q=0 qovr=0
[HB] up_ms=1803850 frames=85889 inf=85889 hazard=10729 canary_err=0 q=0 qovr=0
[HB] up_ms=1804858 frames=85937 inf=85937 hazard=10760 canary_err=0 q=0 qovr=0
[HB] up_ms=1805866 frames=85985 inf=85985 hazard=10760 canary_err=0 q=0 qovr=0
[HB] up_ms=1806874 frames=86033 inf=86033 hazard=10760 canary_err=0 q=0 qovr=0
[HB] up_ms=1807882 frames=86081 inf=86081 hazard=10760 canary_err=0 q=0 qovr=0
[HB] up_ms=1808890 frames=86129 inf=86129 hazard=10760 canary_err=0 q=0 qovr=0
[HB] up_ms=1809898 frames=86177 inf=86177 hazard=10760 canary_err=0 q=0 qovr=0
[HB] up_ms=1810906 frames=86225 inf=86225 hazard=10785 canary_err=0 q=0 qovr=0
[HB] up_ms=1811914 frames=86273 inf=86273 hazard=10800 canary_err=0 q=0 qovr=0
[HB] up_ms=1812922 frames=86321 inf=86321 hazard=10800 canary_err=0 q=0 qovr=0
[HB] up_ms=1813930 frames=86369 inf=86369 hazard=10800 canary_err=0 q=0 qovr=0
[HB] up_ms=1814938 frames=86417 inf=86417 hazard=10800 canary_err=0 q=0 qovr=0
[HB] up_ms=1815946 frames=86465 inf=86465 hazard=10800 canary_err=0 q=0 qovr=0
[HB] up_ms=1816954 frames=86513 inf=86513 hazard=10800 canary_err=0 q=0 qovr=0
[HB] up_ms=1817962 frames=86561 inf=86561 hazard=10840 canary_err=0 q=0 qovr=0
[HB] up_ms=1818970 frames=86609 inf=86609 hazard=10840 canary_err=0 q=0 qovr=0
[HB] up_ms=1819978 frames=86657 inf=86657 hazard=10840 canary_err=0 q=0 qovr=0
[HB] up_ms=1820986 frames=86705 inf=86705 hazard=10840 canary_err=0 q=0 qovr=0
[HB] up_ms=1821994 frames=86753 inf=86753 hazard=10840 canary_err=0 q=0 qovr=0
[HB] up_ms=1823002 frames=86801 inf=86801 hazard=10840 canary_err=0 q=0 qovr=0
[HB] up_ms=1824010 frames=86849 inf=86849 hazard=10849 canary_err=0 q=0 qovr=0
[HB] up_ms=1825018 frames=86897 inf=86897 hazard=10880 canary_err=0 q=0 qovr=0
[HB] up_ms=1826026 frames=86945 inf=86945 hazard=10880 canary_err=0 q=0 qovr=0
[HB] up_ms=1827034 frames=86993 inf=86993 hazard=10880 canary_err=0 q=0 qovr=0
[HB] up_ms=1828042 frames=87041 inf=87041 hazard=10880 canary_err=0 q=0 qovr=0
[HB] up_ms=1829050 frames=87089 inf=87089 hazard=10880 canary_err=0 q=0 qovr=0
[HB] up_ms=1830058 frames=87137 inf=87137 hazard=10880 canary_err=0 q=0 qovr=0
[HB] up_ms=1831066 frames=87185 inf=87185 hazard=10905 canary_err=0 q=0 qovr=0
[HB] up_ms=1832074 frames=87233 inf=87233 hazard=10920 canary_err=0 q=0 qovr=0
[HB] up_ms=1833082 frames=87281 inf=87281 hazard=10920 canary_err=0 q=0 qovr=0
[HB] up_ms=1834090 frames=87329 inf=87329 hazard=10920 canary_err=0 q=0 qovr=0
[HB] up_ms=1835098 frames=87377 inf=87377 hazard=10920 canary_err=0 q=0 qovr=0
[HB] up_ms=1836106 frames=87425 inf=87425 hazard=10920 canary_err=0 q=0 qovr=0
[HB] up_ms=1837114 frames=87473 inf=87473 hazard=10920 canary_err=0 q=0 qovr=0
[HB] up_ms=1838122 frames=87521 inf=87521 hazard=10960 canary_err=0 q=0 qovr=0
[HB] up_ms=1839130 frames=87569 inf=87569 hazard=10960 canary_err=0 q=0 qovr=0
[HB] up_ms=1840138 frames=87617 inf=87617 hazard=10960 canary_err=0 q=0 qovr=0
[HB] up_ms=1841146 frames=87665 inf=87665 hazard=10960 canary_err=0 q=0 qovr=0
[HB] up_ms=1842154 frames=87713 inf=87713 hazard=10960 canary_err=0 q=0 qovr=0
[HB] up_ms=1843162 frames=87761 inf=87761 hazard=10960 canary_err=0 q=0 qovr=0
[HB] up_ms=1844170 frames=87809 inf=87809 hazard=10969 canary_err=0 q=0 qovr=0
[HB] up_ms=1845178 frames=87857 inf=87857 hazard=11000 canary_err=0 q=0 qovr=0
[HB] up_ms=1846186 frames=87905 inf=87905 hazard=11000 canary_err=0 q=0 qovr=0
[HB] up_ms=1847194 frames=87953 inf=87953 hazard=11000 canary_err=0 q=0 qovr=0
[HB] up_ms=1848202 frames=88001 inf=88001 hazard=11000 canary_err=0 q=0 qovr=0
[HB] up_ms=1849210 frames=88049 inf=88049 hazard=11000 canary_err=0 q=0 qovr=0
[HB] up_ms=1850218 frames=88097 inf=88097 hazard=11000 canary_err=0 q=0 qovr=0
[HB] up_ms=1851226 frames=88145 inf=88145 hazard=11025 canary_err=0 q=0 qovr=0
[HB] up_ms=1852234 frames=88193 inf=88193 hazard=11040 canary_err=0 q=0 qovr=0
[HB] up_ms=1853242 frames=88241 inf=88241 hazard=11040 canary_err=0 q=0 qovr=0
[HB] up_ms=1854250 frames=88289 inf=88289 hazard=11040 canary_err=0 q=0 qovr=0
[HB] up_ms=1855258 frames=88337 inf=88337 hazard=11040 canary_err=0 q=0 qovr=0
[HB] up_ms=1856266 frames=88385 inf=88385 hazard=11040 canary_err=0 q=0 qovr=0
[HB] up_ms=1857274 frames=88433 inf=88433 hazard=11040 canary_err=0 q=0 qovr=0
[HB] up_ms=1858282 frames=88481 inf=88481 hazard=11080 canary_err=0 q=0 qovr=0
[HB] up_ms=1859290 frames=88529 inf=88529 hazard=11080 canary_err=0 q=0 qovr=0
[HB] up_ms=1860298 frames=88577 inf=88577 hazard=11080 canary_err=0 q=0 qovr=0
[HB] up_ms=1861306 frames=88625 inf=88625 hazard=11080 canary_err=0 q=0 qovr=0
[HB] up_ms=1862314 frames=88673 inf=88673 hazard=11080 canary_err=0 q=0 qovr=0
[HB] up_ms=1863322 frames=88721 inf=88721 hazard=11080 canary_err=0 q=0 qovr=0
[HB] up_ms=1864330 frames=88769 inf=88769 hazard=11089 canary_err=0 q=0 qovr=0
[HB] up_ms=1865338 frames=88817 inf=88817 hazard=11120 canary_err=0 q=0 qovr=0
[HB] up_ms=1866346 frames=88865 inf=88865 hazard=11120 canary_err=0 q=0 qovr=0
[HB] up_ms=1867354 frames=88913 inf=88913 hazard=11120 canary_err=0 q=0 qovr=0
[HB] up_ms=1868362 frames=88961 inf=88961 hazard=11120 canary_err=0 q=0 qovr=0
[HB] up_ms=1869370 frames=89009 inf=89009 hazard=11120 canary_err=0 q=0 qovr=0
[HB] up_ms=1870378 frames=89057 inf=89057 hazard=11120 canary_err=0 q=0 qovr=0
[HB] up_ms=1871386 frames=89105 inf=89105 hazard=11145 canary_err=0 q=0 qovr=0
[HB] up_ms=1872394 frames=89153 inf=89153 hazard=11160 canary_err=0 q=0 qovr=0
[HB] up_ms=1873402 frames=89201 inf=89201 hazard=11160 canary_err=0 q=0 qovr=0
[HB] up_ms=1874410 frames=89249 inf=89249 hazard=11160 canary_err=0 q=0 qovr=0
[HB] up_ms=1875418 frames=89297 inf=89297 hazard=11160 canary_err=0 q=0 qovr=0
[HB] up_ms=1876426 frames=89345 inf=89345 hazard=11160 canary_err=0 q=0 qovr=0
[HB] up_ms=1877434 frames=89393 inf=89393 hazard=11160 canary_err=0 q=0 qovr=0
[HB] up_ms=1878442 frames=89441 inf=89441 hazard=11200 canary_err=0 q=0 qovr=0
[HB] up_ms=1879450 frames=89489 inf=89489 hazard=11200 canary_err=0 q=0 qovr=0
[HB] up_ms=1880458 frames=89537 inf=89537 hazard=11200 canary_err=0 q=0 qovr=0
[HB] up_ms=1881466 frames=89585 inf=89585 hazard=11200 canary_err=0 q=0 qovr=0
[HB] up_ms=1882474 frames=89633 inf=89633 hazard=11200 canary_err=0 q=0 qovr=0
[HB] up_ms=1883482 frames=89681 inf=89681 hazard=11200 canary_err=0 q=0 qovr=0
[HB] up_ms=1884490 frames=89729 inf=89729 hazard=11209 canary_err=0 q=0 qovr=0
[HB] up_ms=1885498 frames=89777 inf=89777 hazard=11240 canary_err=0 q=0 qovr=0
[HB] up_ms=1886506 frames=89825 inf=89825 hazard=11240 canary_err=0 q=0 qovr=0
[HB] up_ms=1887514 frames=89873 inf=89873 hazard=11240 canary_err=0 q=0 qovr=0
[HB] up_ms=1888522 frames=89921 inf=89921 hazard=11240 canary_err=0 q=0 qovr=0
[HB] up_ms=1889530 frames=89969 inf=89969 hazard=11240 canary_err=0 q=0 qovr=0
[HB] up_ms=1890538 frames=90017 inf=90017 hazard=11240 canary_err=0 q=0 qovr=0
[HB] up_ms=1891546 frames=90065 inf=90065 hazard=11265 canary_err=0 q=0 qovr=0
[HB] up_ms=1892554 frames=90113 inf=90113 hazard=11280 canary_err=0 q=0 qovr=0
[HB] up_ms=1893562 frames=90161 inf=90161 hazard=11280 canary_err=0 q=0 qovr=0
[HB] up_ms=1894570 frames=90209 inf=90209 hazard=11280 canary_err=0 q=0 qovr=0
[HB] up_ms=1895578 frames=90257 inf=90257 hazard=11280 canary_err=0 q=0 qovr=0
[HB] up_ms=1896586 frames=90305 inf=90305 hazard=11280 canary_err=0 q=0 qovr=0
[HB] up_ms=1897594 frames=90353 inf=90353 hazard=11280 canary_err=0 q=0 qovr=0
[HB] up_ms=1898602 frames=90401 inf=90401 hazard=11320 canary_err=0 q=0 qovr=0
[HB] up_ms=1899610 frames=90449 inf=90449 hazard=11320 canary_err=0 q=0 qovr=0
[HB] up_ms=1900618 frames=90497 inf=90497 hazard=11320 canary_err=0 q=0 qovr=0
[HB] up_ms=1901626 frames=90545 inf=90545 hazard=11320 canary_err=0 q=0 qovr=0
[HB] up_ms=1902634 frames=90593 inf=90593 hazard=11320 canary_err=0 q=0 qovr=0
[HB] up_ms=1903642 frames=90641 inf=90641 hazard=11320 canary_err=0 q=0 qovr=0
[HB] up_ms=1904650 frames=90689 inf=90689 hazard=11329 canary_err=0 q=0 qovr=0
[HB] up_ms=1905658 frames=90737 inf=90737 hazard=11360 canary_err=0 q=0 qovr=0
[HB] up_ms=1906666 frames=90785 inf=90785 hazard=11360 canary_err=0 q=0 qovr=0
[HB] up_ms=1907674 frames=90833 inf=90833 hazard=11360 canary_err=0 q=0 qovr=0
[HB] up_ms=1908682 frames=90881 inf=90881 hazard=11360 canary_err=0 q=0 qovr=0
[HB] up_ms=1909690 frames=90929 inf=90929 hazard=11360 canary_err=0 q=0 qovr=0
