[CSV] d0=-1000 d1=-1000 d2=-1000 d3=-1000 d4=-1000 d5=-1000 d6=-1000 d7=-1000 d8=-1000 d9=-1000 v=4 a=-1 ax=-23 ay=0 az=281 amb=0 spad=1000 ivs=165 iva=0 tvs=165 tva=0 label=0
[CSV] d0=-1000 d1=-1000 d2=-1000 d3=-1000 d4=-1000 d5=-1000 d6=-1000 d7=-1000 d8=-1000 d9=-1000 v=16 a=2 ax=-24 ay=0 az=280 amb=0 spad=1000 ivs=165 iva=0 tvs=165 tva=0 label=0
[CSV] d0=-1000 d1=-1000 d2=-1000 d3=-1000 d4=-1000 d5=-1000 d6=-1000 d7=-1000 d8=-1000 d9=-1000 v=4 a=0 ax=-23 ay=0 az=281 amb=128 spad=1000 ivs=165 iva=0 tvs=165 tva=0 label=0
[CSV] d0=-1000 d1=-1000 d2=-1000 d3=-1000 d4=-1000 d5=-1000 d6=-1000 d7=-1000 d8=-1000 d9=-1000 v=0 a=1 ax=-23 ay=0 az=280 amb=128 spad=1000 ivs=165 iva=0 tvs=165 tva=0 label=0
[CSV] d0=-1000 d1=-1000 d2=-1000 d3=-1000 d4=-1000 d5=-1000 d6=-1000 d7=-1000 d8=-1000 d9=-1000 v=0 a=-3 ax=-24 ay=0 az=281 amb=32 spad=1000 ivs=165 iva=0 tvs=165 tva=0 label=0
[CSV] d0=-1000 d1=-1000 d2=-1000 d3=-1000 d4=-1000 d5=-1000 d6=-1000 d7=-1000 d8=-1000 d9=-1000 v=4 a=-3 ax=-23 ay=-1 az=280 amb=32 spad=1000 ivs=165 iva=0 tvs=165 tva=0 label=0
[HB] up_ms=92615 frames=2490 inf=2490 hazard=689 canary_err=0 q=0 qovr=0
[I2C] init=0 gate=0 whoami=0x140e0 wr=0 wrseen=0x27 addr=0x5a ok=17694 err=0 tmo=0 recov=1 pclk1=200000000 sysclk=400000000
[NAK] nacks=0
[CLK] cpu=800000000 sysb=400000000 pclk1=2000000[CSV] d0=-1000 d1=-1000 d2=-1000 d3=-1000 d4=-1000 d5=-1000 d6=-1000 d7=-1000 d8=-1000 d9=-1000 v=-4 a=-1 ax=-23 ay=0 az=281 amb=32 spad=1000 ivs=165 iva=0 tvs=165 tva=0 label=0
00
[TOF] res=0 step=0 id=0xeacc blk=0xeacc10 ctl=0x0
[RNG] init=0 step=99 id=0xeacc boot=1 calls=93 xerr=0 dm=1 tb=15
[RNG] osc=41 imp=881 imprb=881 mstart=0x40 cfg=91 cfgfail=0x0 vhv=0 vpolls=0
[PRT] calls=10077 xerr=0 ler=1 lidx=0x0 perr=0 maxcnt=17 addr8=0[CSV] d0=-1000 d1=-1000 d2=-1000 d3=-1000 d4=-1000 d5=-1000 d6=-1000 d7=-1000 d8=-1000 d9=-1000 v=-8 a=-2 ax=-23 ay=0 az=280 amb=128 spad=1000 ivs=165 iva=0 tvs=165 tva=0 label=0
x52
[RTY] wr=0 wmax=0 wref=0  rd=0 rmax=0 rref=0
[RNG] frames=1878 last=16 min=2 max=794 nrdy=0 dxfer=0 dstat=614 lst=7 nrdyerr=0 dclr=0
[DRV] init=0 id=7 mode=0x1 lib=0x2 seq=0x1 odc=0x8b sts=0xe0 armed=1
[TRG] pulses=118 suppressed=571 cyc=1600 rst=1 rstmod[CSV] d0=-1000 d1=-1000 d2=-1000 d3=-1000 d4=-1000 d5=-1000 d6=-1000 d7=-1000 d8=-1000 d9=-1000 v=4 a=0 ax=-23 ay=0 az=280 amb=0 spad=1000 ivs=165 iva=0 tvs=165 tva=0 label=0
e=0x40
[HLT] polls=49 faults=0x0 cfglost=0 rearm=0 rearmfail=0
[EFF] n=5 last=58476 min=58476 max=58594 late=0 stuck=0 rderr=0
[IMU] init=0 addr=0x68 who=0x68 rst=1 pmrb0=0x40 pmrb=0x1 sr=19 cfg=4 gcfg=0x0 acfg=0x8 icfg=0x30 ien=0x1 armed=1
[ACC] reads[CSV] d0=-1000 d1=-1000 d2=-1000 d3=-1000 d4=-1000 d5=-1000 d6=-1000 d7=-1000 d8=-1000 d9=-1000 v=16 a=4 ax=-23 ay=0 az=280 amb=0 spad=1000 ivs=165 iva=0 tvs=165 tva=0 label=0
=2493 stale=2487 rderr=0 ax=-96 ay=-2 az=1123
[PWR] pm=0x1 drift=0 rderr=0
[DWT] ok=1 cyc=1054718758 cyc_per_ms=800297
[CSV] d0=-1000 d1=-1000 d2=-1000 d3=-1000 d4=-1000 d5=-1000 d6=-1000 d7=-1000 d8=-1000 d9=-1000 v=28 a=11 ax=-24 ay=0 az=281 amb=0 spad=1000 ivs=165 iva=0 tvs=165 tva=0 label=0
[CSV] d0=-1000 d1=-1000 d2=-1000 d3=-1000 d4=-1000 d5=-1000 d6=-1000 d7=-1000 d8=-1000 d9=-1000 v=0 a=5 ax=-24 ay=0 az=280 amb=32 spad=1000 ivs=165 iva=0 tvs=165 tva=0 label=0
[CSV] d0=-1000 d1=-1000 d2=-1000 d3=-1000 d4=-1000 d5=-1000 d6=-1000 d7=-1000 d8=-1000 d9=-1000 v=-20 a=-8 ax=-24 ay=0 az=281 amb=0 spad=1000 ivs=165 iva=0 tvs=165 tva=0 label=0
[CSV] d0=-1000 d1=-1000 d2=-1000 d3=-1000 d4=-1000 d5=-1000 d6=-1000 d7=-1000 d8=-1000 d9=-1000 v=-12 a=-13 ax=-24 ay=0 az=280 amb=0 spad=1000 ivs=165 iva=0 tvs=165 tva=0 label=0
[CSV] d0=-1000 d1=-1000 d2=-1000 d3=-1000 d4=-1000 d5=-1000 d6=-1000 d7=-1000 d8=-1000 d9=-1000 v=0 a=-9 ax=-23 ay=0 az=281 amb=32 spad=1000 ivs=165 iva=0 tvs=165 tva=0 label=0
[CSV] d0=-1000 d1=-1000 d2=-1000 d3=-1000 d4=-1000 d5=-1000 d6=-1000 d7=-1000 d8=-1000 d9=-1000 v=16 a=6 ax=-23 ay=-1 az=281 amb=0 spad=1000 ivs=165 iva=0 tvs=165 tva=0 label=0
[CSV] d0=-1000 d1=-1000 d2=-1000 d3=-1000 d4=-1000 d5=-1000 d6=-1000 d7=-1000 d8=-1000 d9=-1000 v=-4 a=7 ax=-24 ay=0 az=281 amb=0 spad=1000 ivs=165 iva=0 tvs=165 tva=0 label=0
[CSV] d0=-1000 d1=-1000 d2=-1000 d3=-1000 d4=-1000 d5=-1000 d6=-1000 d7=-1000 d8=-1000 d9=-1000 v=-16 a=-1 ax=-24 ay=0 az=280 amb=0 spad=1000 ivs=165 iva=0 tvs=165 tva=0 label=0
[CSV] d0=-1000 d1=-1000 d2=-1000 d3=-1000 d4=-1000 d5=-1000 d6=-1000 d7=-1000 d8=-1000 d9=-1000 v=-4 a=-5 ax=-23 ay=0 az=280 amb=64 spad=1000 ivs=165 iva=0 tvs=165 tva=0 label=0
[CSV] d0=-1000 d1=-1000 d2=-1000 d3=-1000 d4=-1000 d5=-1000 d6=-1000 d7=-1000 d8=-1000 d9=-1000 v=8 a=-2 ax=-23 ay=0 az=281 amb=32 spad=1000 ivs=165 iva=0 tvs=165 tva=0 label=0
[CSV] d0=-1000 d1=-1000 d2=-1000 d3=-1000 d4=-1000 d5=-1000 d6=-1000 d7=-1000 d8=-1000 d9=-1000 v=20 a=9 ax=-24 ay=0 az=280 amb=32 spad=1000 ivs=165 iva=0 tvs=165 tva=0 label=0
[CSV] d0=-1000 d1=-1000 d2=-1000 d3=-1000 d4=-1000 d5=-1000 d6=-1000 d7=-1000 d8=-1000 d9=-1000 v=-8 a=5 ax=-23 ay=0 az=280 amb=0 spad=1000 ivs=165 iva=0 tvs=165 tva=0 label=0
[CSV] d0=-1000 d1=-1000 d2=-1000 d3=-1000 d4=-1000 d5=-1000 d6=-1000 d7=-1000 d8=-1000 d9=-1000 v=8 a=1 ax=-23 ay=0 az=281 amb=64 spad=1000 ivs=165 iva=0 tvs=165 tva=0 label=0
[CSV] d0=-1000 d1=-1000 d2=-1000 d3=-1000 d4=-1000 d5=-1000 d6=-1000 d7=-1000 d8=-1000 d9=-1000 v=16 a=0 ax=-23 ay=-1 az=280 amb=32 spad=1000 ivs=165 iva=0 tvs=165 tva=0 label=0
[CSV] d0=-1000 d1=-1000 d2=-1000 d3=-1000 d4=-1000 d5=-1000 d6=-1000 d7=-1000 d8=-1000 d9=-1000 v=16 a=2 ax=-24 ay=0 az=281 amb=32 spad=1000 ivs=165 iva=0 tvs=165 tva=0 label=0
[CSV] d0=-1000 d1=-1000 d2=-1000 d3=-1000 d4=-1000 d5=-1000 d6=-1000 d7=-1000 d8=-1000 d9=-1000 v=24 a=9 ax=-24 ay=0 az=281 amb=32 spad=1000 ivs=165 iva=0 tvs=165 tva=0 label=0
[CSV] d0=-1000 d1=-1000 d2=-1000 d3=-1000 d4=-1000 d5=-1000 d6=-1000 d7=-1000 d8=-1000 d9=-1000 v=-12 a=-4 ax=-23 ay=0 az=281 amb=96 spad=1000 ivs=165 iva=0 tvs=165 tva=0 label=0
[CSV] d0=-1000 d1=-1000 d2=-1000 d3=-1000 d4=-1000 d5=-1000 d6=-1000 d7=-1000 d8=-1000 d9=-1000 v=4 a=-6 ax=-24 ay=0 az=280 amb=0 spad=1000 ivs=165 iva=0 tvs=165 tva=0 label=0
[CSV] d0=-1000 d1=-1000 d2=-1000 d3=-1000 d4=-1000 d5=-1000 d6=-1000 d7=-1000 d8=-1000 d9=-1000 v=8 a=-4 ax=-23 ay=0 az=281 amb=32 spad=1000 ivs=165 iva=0 tvs=165 tva=0 label=0
[CSV] d0=-1000 d1=-1000 d2=-1000 d3=-1000 d4=-1000 d5=-1000 d6=-1000 d7=-1000 d8=-1000 d9=-1000 v=4 a=-2 ax=-23 ay=0 az=281 amb=0 spad=1000 ivs=165 iva=0 tvs=165 tva=0 label=0
[CSV] d0=-1000 d1=-1000 d2=-1000 d3=-1000 d4=-1000 d5=-1000 d6=-1000 d7=-1000 d8=-1000 d9=-1000 v=-4 a=2 ax=-23 ay=0 az=280 amb=0 spad=1000 ivs=165 iva=0 tvs=165 tva=0 label=0
[CSV] d0=-1000 d1=-1000 d2=-1000 d3=-1000 d4=-1000 d5=-1000 d6=-1000 d7=-1000 d8=-1000 d9=-1000 v=-20 a=-7 ax=-24 ay=0 az=281 amb=64 spad=1000 ivs=165 iva=0 tvs=165 tva=0 label=0
[CSV] d0=-1000 d1=-1000 d2=-1000 d3=-1000 d4=-1000 d5=-1000 d6=-1000 d7=-1000 d8=-1000 d9=-1000 v=-32 a=-13 ax=-23 ay=0 az=280 amb=0 spad=1000 ivs=165 iva=0 tvs=165 tva=0 label=0
[CSV] d0=-1000 d1=-1000 d2=-1000 d3=-1000 d4=-1000 d5=-1000 d6=-1000 d7=-1000 d8=-1000 d9=-1000 v=-64 a=-21 ax=-23 ay=-1 az=281 amb=0 spad=833 ivs=165 iva=0 tvs=165 tva=0 label=0
[CSV] d0=-993 d1=-1000 d2=-1000 d3=-1000 d4=-1000 d5=-1000 d6=-1000 d7=-1000 d8=-1000 d9=-1000 v=-108 a=-33 ax=-23 ay=0 az=281 amb=32 spad=660 ivs=165 iva=0 tvs=165 tva=0 label=0
[CSV] d0=-966 d1=-993 d2=-1000 d3=-1000 d4=-1000 d5=-1000 d6=-1000 d7=-1000 d8=-1000 d9=-1000 v=-152 a=-44 ax=-23 ay=0 az=281 amb=0 spad=482 ivs=165 iva=0 tvs=165 tva=0 label=0
[CSV] d0=-956 d1=-966 d2=-993 d3=-1000 d4=-1000 d5=-1000 d6=-1000 d7=-1000 d8=-1000 d9=-1000 v=-148 a=-42 ax=-23 ay=0 az=280 amb=0 spad=699 ivs=165 iva=0 tvs=165 tva=0 label=0
[HB] up_ms=93795 frames=2521 inf=2521 hazard=689 canary_err=0 q=0 qovr=0
[I2C] init=0 gate=0 whoami=0x140e0 wr=0 wrseen=0x27 addr=0x5a ok=17882 err=0 tmo=0 recov=1 pclk1=200000000 sysclk=400000000
[NAK] nacks=0
[CLK] cpu=800000000 sysb=400000000 pclk1=200000000[CSV] d0=-936 d1=-956 d2=-966 d3=-993 d4=-1000 d5=-1000 d6=-1000 d7=-1000 d8=-1000 d9=-1000 v=-132 a=-23 ax=-24 ay=0 az=280 amb=64 spad=694 ivs=165 iva=0 tvs=165 tva=0 label=0

[TOF] res=0 step=0 id=0xeacc blk=0xeacc10 ctl=0x0
[RNG] init=0 step=99 id=0xeacc boot=1 calls=93 xerr=0 dm=1 tb=15
[RNG] osc=41 imp=881 imprb=881 mstart=0x40 cfg=91 cfgfail=0x0 vhv=0 vpolls=0
[PRT] calls=10201 xerr=0 ler=1 lidx=0x0 perr=0 maxcnt=17 [CSV] d0=-916 d1=-936 d2=-956 d3=-966 d4=-993 d5=-1000 d6=-1000 d7=-1000 d8=-1000 d9=-1000 v=-120 a=0 ax=-24 ay=0 az=281 amb=32 spad=736 ivs=165 iva=0 tvs=165 tva=0 label=0
addr8=0x52
[RTY] wr=0 wmax=0 wref=0  rd=0 rmax=0 rref=0
[RNG] frames=1909 last=479 min=2 max=794 nrdy=0 dxfer=0 dstat=614 lst=7 nrdyerr=0 dclr=0
[DRV] init=0 id=7 mode=0x1 lib=0x2 seq=0x1 odc=0x8b sts=0xe0 armed=1
[TRG] pulses=118 suppressed=571 cyc=160[CSV] d0=-894 d1=-916 d2=-936 d3=-956 d4=-966 d5=-993 d6=-1000 d7=-1000 d8=-1000 d9=-1000 v=-120 a=12 ax=-23 ay=0 az=280 amb=64 spad=520 ivs=165 iva=0 tvs=165 tva=0 label=0
0 rst=1 rstmode=0x40
[HLT] polls=50 faults=0x0 cfglost=0 rearm=0 rearmfail=0
[EFF] n=5 last=58476 min=58476 max=58594 late=0 stuck=0 rderr=0
[IMU] init=0 addr=0x68 who=0x68 rst=1 pmrb0=0x40 pmrb=0x1 sr=19 cfg=4 gcfg=0x0 acfg=0x8 icfg=0x30 ien=0x1 armed=1[CSV] d0=-843 d1=-894 d2=-916 d3=-936 d4=-956 d5=-966 d6=-993 d7=-1000 d8=-1000 d9=-1000 v=-176 a=-5 ax=-23 ay=0 az=281 amb=0 spad=806 ivs=165 iva=0 tvs=165 tva=0 label=0

[ACC] reads=2525 stale=2519 rderr=0 ax=-97 ay=0 az=1123
[PWR] pm=0x1 drift=0 rderr=0
[DWT] ok=1 cyc=1997528378 cyc_per_ms=798991
[CSV] d0=-814 d1=-843 d2=-894 d3=-916 d4=-936 d5=-956 d6=-966 d7=-993 d8=-1000 d9=-1000 v=-208 a=-27 ax=-24 ay=0 az=280 amb=288 spad=689 ivs=165 iva=0 tvs=165 tva=0 label=0
[CSV] d0=-776 d1=-814 d2=-843 d3=-894 d4=-916 d5=-936 d6=-956 d7=-966 d8=-993 d9=-1000 v=-236 a=-42 ax=-23 ay=0 az=281 amb=32 spad=745 ivs=165 iva=0 tvs=165 tva=0 label=0
[CSV] d0=-712 d1=-776 d2=-814 d3=-843 d4=-894 d5=-916 d6=-936 d7=-956 d8=-966 d9=-993 v=-284 a=-51 ax=-23 ay=0 az=281 amb=256 spad=438 ivs=165 iva=0 tvs=165 tva=0 label=0
[CSV] d0=-659 d1=-712 d2=-776 d3=-814 d4=-843 d5=-894 d6=-916 d7=-936 d8=-956 d9=-966 v=-308 a=-44 ax=-23 ay=0 az=281 amb=352 spad=762 ivs=165 iva=0 tvs=165 tva=0 label=0
[CSV] d0=-595 d1=-659 d2=-712 d3=-776 d4=-814 d5=-843 d6=-894 d7=-916 d8=-936 d9=-956 v=-364 a=-50 ax=-24 ay=0 az=280 amb=448 spad=763 ivs=165 iva=0 tvs=165 tva=0 label=0
[CSV] d0=-563 d1=-595 d2=-659 d3=-712 d4=-776 d5=-814 d6=-843 d7=-894 d8=-916 d9=-936 v=-356 a=-42 ax=-23 ay=0 az=280 amb=192 spad=777 ivs=165 iva=0 tvs=165 tva=0 label=0
[CSV] d0=-497 d1=-563 d2=-595 d3=-659 d4=-712 d5=-776 d6=-814 d7=-843 d8=-894 d9=-916 v=-344 a=-22 ax=-23 ay=0 az=281 amb=928 spad=777 ivs=165 iva=0 tvs=165 tva=0 label=0
[CSV] d0=-441 d1=-497 d2=-563 d3=-595 d4=-659 d5=-712 d6=-776 d7=-814 d8=-843 d9=-894 v=-352 a=-9 ax=-23 ay=0 az=280 amb=736 spad=634 ivs=165 iva=0 tvs=165 tva=0 label=0
[CSV] d0=-364 d1=-441 d2=-497 d3=-563 d4=-595 d5=-659 d6=-712 d7=-776 d8=-814 d9=-843 v=-380 a=-3 ax=-24 ay=0 az=281 amb=864 spad=479 ivs=165 iva=0 tvs=165 tva=0 label=0
[CSV] d0=-313 d1=-364 d2=-441 d3=-497 d4=-563 d5=-595 d6=-659 d7=-712 d8=-776 d9=-814 v=-412 a=-19 ax=-23 ay=0 az=281 amb=992 spad=408 ivs=165 iva=0 tvs=165 tva=0 label=0
[CSV] d0=-259 d1=-313 d2=-364 d3=-441 d4=-497 d5=-563 d6=-595 d7=-659 d8=-712 d9=-776 v=-396 a=-21 ax=-24 ay=0 az=280 amb=768 spad=363 ivs=165 iva=0 tvs=165 tva=0 label=0
[CSV] d0=-185 d1=-259 d2=-313 d3=-364 d4=-441 d5=-497 d6=-563 d7=-595 d8=-659 d9=-712 v=-404 a=-15 ax=-24 ay=0 az=280 amb=928 spad=318 ivs=165 iva=0 tvs=165 tva=0 label=0
[CSV] d0=-142 d1=-185 d2=-259 d3=-313 d4=-364 d5=-441 d6=-497 d7=-563 d8=-595 d9=-659 v=-380 a=1 ax=-24 ay=0 az=281 amb=1000 spad=256 ivs=165 iva=0 tvs=165 tva=0 label=0
[CSV] d0=-115 d1=-142 d2=-185 d3=-259 d4=-313 d5=-364 d6=-441 d7=-497 d8=-563 d9=-595 v=-344 a=20 ax=-24 ay=0 az=281 amb=768 spad=259 ivs=165 iva=0 tvs=165 tva=0 label=0
[CSV] d0=-78 d1=-115 d2=-142 d3=-185 d4=-259 d5=-313 d6=-364 d7=-441 d8=-497 d9=-563 v=-292 a=36 ax=-23 ay=-1 az=281 amb=864 spad=235 ivs=165 iva=0 tvs=165 tva=0 label=0
[CSV] d0=-44 d1=-78 d2=-115 d3=-142 d4=-185 d5=-259 d6=-313 d7=-364 d8=-441 d9=-497 v=-232 a=58 ax=-23 ay=0 az=281 amb=1000 spad=198 ivs=165 iva=0 tvs=165 tva=0 label=0
[CSV] d0=14 d1=-44 d2=-78 d3=-115 d4=-142 d5=-185 d6=-259 d7=-313 d8=-364 d9=-441 v=-260 a=47 ax=-23 ay=0 az=281 amb=1000 spad=180 ivs=165 iva=0 tvs=165 tva=0 label=1
[CSV] d0=32 d1=14 d2=-44 d3=-78 d4=-115 d5=-142 d6=-185 d7=-259 d8=-313 d9=-364 v=-260 a=27 ax=-23 ay=0 az=280 amb=704 spad=189 ivs=165 iva=0 tvs=165 tva=0 label=0
[CSV] d0=25 d1=32 d2=14 d3=-44 d4=-78 d5=-115 d6=-142 d7=-185 d8=-259 d9=-313 v=-192 a=23 ax=-23 ay=0 az=281 amb=672 spad=193 ivs=165 iva=0 tvs=165 tva=0 label=1
[CSV] d0=41 d1=25 d2=32 d3=14 d4=-44 d5=-78 d6=-115 d7=-142 d8=-185 d9=-259 v=-124 a=38 ax=-23 ay=0 az=280 amb=768 spad=164 ivs=165 iva=0 tvs=165 tva=0 label=1
[CSV] d0=88 d1=41 d2=25 d3=32 d4=14 d5=-44 d6=-78 d7=-115 d8=-142 d9=-185 v=-104 a=60 ax=-24 ay=0 az=281 amb=896 spad=152 ivs=165 iva=0 tvs=165 tva=0 label=1
[CSV] d0=68 d1=88 d2=41 d3=25 d4=32 d5=14 d6=-44 d7=-78 d8=-115 d9=-142 v=-92 a=57 ax=-24 ay=0 az=281 amb=928 spad=136 ivs=165 iva=0 tvs=165 tva=0 label=1
[CSV] d0=118 d1=68 d2=88 d3=41 d4=25 d5=32 d6=14 d7=-44 d8=-78 d9=-115 v=-144 a=17 ax=-23 ay=0 az=280 amb=960 spad=126 ivs=165 iva=0 tvs=165 tva=0 label=1
[CSV] d0=78 d1=118 d2=68 d3=88 d4=41 d5=25 d6=32 d7=14 d8=-44 d9=-78 v=-72 a=8 ax=-23 ay=0 az=281 amb=992 spad=120 ivs=165 iva=0 tvs=165 tva=0 label=1
[CSV] d0=113 d1=78 d2=118 d3=68 d4=88 d5=41 d6=25 d7=32 d8=14 d9=-44 v=-40 a=20 ax=-24 ay=0 az=281 amb=704 spad=127 ivs=165 iva=0 tvs=165 tva=0 label=1
[CSV] d0=81 d1=113 d2=78 d3=118 d4=68 d5=88 d6=41 d7=25 d8=32 d9=14 v=-16 a=34 ax=-24 ay=0 az=281 amb=544 spad=136 ivs=165 iva=0 tvs=165 tva=0 label=1
[CSV] d0=72 d1=81 d2=113 d3=78 d4=118 d5=68 d6=88 d7=41 d8=25 d9=32 v=60 a=62 ax=-24 ay=-1 az=280 amb=736 spad=133 ivs=165 iva=0 tvs=165 tva=0 label=1
[CSV] d0=147 d1=72 d2=81 d3=113 d4=78 d5=118 d6=68 d7=88 d8=41 d9=25 v=-64 a=15 ax=-24 ay=0 az=280 amb=960 spad=120 ivs=165 iva=0 tvs=165 tva=0 label=1
[HB] up_ms=94968 frames=2553 inf=2553 hazard=700 canary_err=0 q=0 qovr=0
[I2C] init=0 gate=0 whoami=0x140e0 wr=0 wrseen=0x27 addr=0x5a ok=18076 err=0 tmo=0 recov=1 pclk1=200000000 sysclk=400000000
[NAK] nacks=0
[CLK] cpu=800000000 sysb=400000000 pclk1[CSV] d0=-11 d1=147 d2=72 d3=81 d4=113 d5=78 d6=118 d7=68 d8=88 d9=41 v=124 a=37 ax=-23 ay=0 az=281 amb=1000 spad=106 ivs=165 iva=0 tvs=165 tva=0 label=1
=200000000
[TOF] res=0 step=0 id=0xeacc blk=0xeacc10 ctl=0x0
[RNG] init=0 step=99 id=0xeacc boot=1 calls=93 xerr=0 dm=1 tb=15
[RNG] osc=41 imp=881 imprb=881 mstart=0x40 cfg=91 cfgfail=0x0 vhv=0 vpolls=0
[PRT] calls=10329 xerr=0 ler=1 lidx=0x0 perr=0[CSV] d0=163 d1=-11 d2=147 d3=72 d4=81 d5=113 d6=78 d7=118 d8=68 d9=88 v=-56 a=-2 ax=-24 ay=0 az=280 amb=608 spad=114 ivs=165 iva=0 tvs=165 tva=0 label=1
 maxcnt=17 addr8=0x52
[RTY] wr=0 wmax=0 wref=0  rd=0 rmax=0 rref=0
[RNG] frames=1934 last=576 min=2 max=794 nrdy=0 dxfer=0 dstat=621 lst=7 nrdyerr=0 dclr=0
[DRV] init=0 id=7 mode=0x1 lib=0x2 seq=0x1 odc=0x8b sts=0xe0 armed=1
[TRG] pulses=120 suppress[CSV] d0=-96 d1=163 d2=-11 d3=147 d4=72 d5=81 d6=113 d7=78 d8=118 d9=68 v=216 a=43 ax=-23 ay=-1 az=281 amb=832 spad=108 ivs=165 iva=0 tvs=165 tva=0 label=1
ed=582 cyc=1600 rst=1 rstmode=0x40
[HLT] polls=51 faults=0x0 cfglost=0 rearm=0 rearmfail=0
[EFF] n=5 last=58476 min=58476 max=58594 late=0 stuck=0 rderr=0
[IMU] init=0 addr=0x68 who=0x68 rst=1 pmrb0=0x40 pmrb=0x1 sr=19 cfg=4 gcfg=0x0 acfg=0x8 icfg=0x30 ien=0x1[CSV] d0=120 d1=-96 d2=163 d3=-11 d4=147 d5=72 d6=81 d7=113 d8=78 d9=118 v=96 a=56 ax=-24 ay=0 az=281 amb=960 spad=96 ivs=165 iva=0 tvs=165 tva=0 label=1
 armed=1
[ACC] reads=2557 stale=2551 rderr=0 ax=-95 ay=-1 az=1125
[PWR] pm=0x1 drift=0 rderr=0
[DWT] ok=1 cyc=2931416262 cyc_per_ms=796153
[CSV] d0=-81 d1=120 d2=-96 d3=163 d4=-11 d5=147 d6=72 d7=81 d8=113 d9=78 v=124 a=20 ax=-23 ay=0 az=282 amb=1000 spad=83 ivs=165 iva=0 tvs=165 tva=0 label=0
[CSV] d0=-81 d1=-81 d2=120 d3=-96 d4=163 d5=-11 d6=147 d7=72 d8=81 d9=113 v=124 a=20 ax=-23 ay=0 az=281 amb=1000 spad=83 ivs=165 iva=0 tvs=90 tva=1 label=0
[CSV] d0=-81 d1=-81 d2=-81 d3=120 d4=-96 d5=163 d6=-11 d7=147 d8=72 d9=81 v=124 a=20 ax=-23 ay=0 az=281 amb=1000 spad=83 ivs=165 iva=0 tvs=90 tva=2 label=0
[CSV] d0=-105 d1=-81 d2=-81 d3=-81 d4=120 d5=-96 d6=163 d7=-11 d8=147 d9=72 v=240 a=48 ax=-24 ay=0 az=280 amb=1000 spad=88 ivs=165 iva=0 tvs=165 tva=0 label=0
[CSV] d0=-105 d1=-105 d2=-81 d3=-81 d4=-81 d5=120 d6=-96 d7=163 d8=-11 d9=147 v=240 a=48 ax=-24 ay=0 az=280 amb=1000 spad=88 ivs=165 iva=0 tvs=90 tva=1 label=0
[CSV] d0=-158 d1=-105 d2=-105 d3=-81 d4=-81 d5=-81 d6=120 d7=-96 d8=163 d9=-11 v=148 a=4 ax=-23 ay=0 az=279 amb=896 spad=90 ivs=165 iva=0 tvs=165 tva=0 label=0
[CSV] d0=-158 d1=-158 d2=-105 d3=-105 d4=-81 d5=-81 d6=-81 d7=120 d8=-96 d9=163 v=148 a=4 ax=-23 ay=-1 az=280 amb=896 spad=90 ivs=165 iva=0 tvs=90 tva=1 label=0
[CSV] d0=-158 d1=-158 d2=-158 d3=-105 d4=-105 d5=-81 d6=-81 d7=-81 d8=120 d9=-96 v=148 a=4 ax=-24 ay=0 az=280 amb=896 spad=90 ivs=165 iva=0 tvs=90 tva=2 label=0
[CSV] d0=-158 d1=-158 d2=-158 d3=-158 d4=-105 d5=-105 d6=-81 d7=-81 d8=-81 d9=120 v=148 a=4 ax=-24 ay=0 az=281 amb=896 spad=90 ivs=165 iva=0 tvs=0 tva=3 label=0
[CSV] d0=-158 d1=-158 d2=-158 d3=-158 d4=-158 d5=-105 d6=-105 d7=-81 d8=-81 d9=-81 v=148 a=4 ax=-23 ay=0 az=281 amb=896 spad=90 ivs=165 iva=0 tvs=0 tva=4 label=0
[CSV] d0=-158 d1=-158 d2=-158 d3=-158 d4=-158 d5=-158 d6=-105 d7=-105 d8=-81 d9=-81 v=148 a=4 ax=-23 ay=0 az=280 amb=896 spad=90 ivs=165 iva=0 tvs=0 tva=5 label=0
[CSV] d0=-166 d1=-158 d2=-158 d3=-158 d4=-158 d5=-158 d6=-158 d7=-105 d8=-105 d9=-81 v=128 a=1 ax=-23 ay=0 az=281 amb=1000 spad=80 ivs=165 iva=0 tvs=165 tva=0 label=0
[CSV] d0=-83 d1=-166 d2=-158 d3=-158 d4=-158 d5=-158 d6=-158 d7=-158 d8=-105 d9=-105 v=16 a=-13 ax=-23 ay=0 az=280 amb=992 spad=88 ivs=165 iva=0 tvs=165 tva=0 label=0
[CSV] d0=-164 d1=-83 d2=-166 d3=-158 d4=-158 d5=-158 d6=-158 d7=-158 d8=-158 d9=-105 v=8 a=-27 ax=-24 ay=0 az=280 amb=928 spad=90 ivs=165 iva=0 tvs=165 tva=0 label=1
[CSV] d0=-164 d1=-164 d2=-83 d3=-166 d4=-158 d5=-158 d6=-158 d7=-158 d8=-158 d9=-158 v=8 a=-27 ax=-23 ay=0 az=281 amb=928 spad=90 ivs=165 iva=0 tvs=90 tva=1 label=0
[CSV] d0=8 d1=-164 d2=-164 d3=-83 d4=-166 d5=-158 d6=-158 d7=-158 d8=-158 d9=-158 v=-84 a=-30 ax=-23 ay=0 az=280 amb=960 spad=94 ivs=165 iva=0 tvs=165 tva=0 label=1
[CSV] d0=22 d1=8 d2=-164 d3=-164 d4=-83 d5=-166 d6=-158 d7=-158 d8=-158 d9=-158 v=-264 a=-93 ax=-23 ay=0 az=281 amb=1000 spad=100 ivs=165 iva=0 tvs=165 tva=0 label=1
[CSV] d0=94 d1=22 d2=8 d3=-164 d4=-164 d5=-83 d6=-166 d7=-158 d8=-158 d9=-158 v=-300 a=-95 ax=-23 ay=0 az=279 amb=800 spad=104 ivs=165 iva=0 tvs=165 tva=0 label=1
[CSV] d0=107 d1=94 d2=22 d3=8 d4=-164 d5=-164 d6=-83 d7=-166 d8=-158 d9=-158 v=-380 a=-113 ax=-23 ay=0 az=281 amb=1000 spad=100 ivs=165 iva=0 tvs=165 tva=0 label=1
[CSV] d0=0 d1=107 d2=94 d3=22 d4=8 d5=-164 d6=-164 d7=-83 d8=-166 d9=-158 v=-48 a=-6 ax=-23 ay=-1 az=280 amb=832 spad=113 ivs=165 iva=0 tvs=165 tva=0 label=1
[CSV] d0=60 d1=0 d2=107 d3=94 d4=22 d5=8 d6=-164 d7=-164 d8=-83 d9=-166 v=12 a=111 ax=-24 ay=0 az=281 amb=672 spad=117 ivs=165 iva=0 tvs=165 tva=0 label=1
[CSV] d0=137 d1=60 d2=0 d3=107 d4=94 d5=22 d6=8 d7=-164 d8=-164 d9=-83 v=-28 a=130 ax=-23 ay=0 az=280 amb=736 spad=138 ivs=165 iva=0 tvs=165 tva=0 label=1
[CSV] d0=4 d1=137 d2=60 d3=0 d4=107 d5=94 d6=22 d7=8 d8=-164 d9=-164 v=48 a=121 ax=-24 ay=-1 az=280 amb=800 spad=123 ivs=165 iva=0 tvs=165 tva=0 label=1
[CSV] d0=108 d1=4 d2=137 d3=60 d4=0 d5=107 d6=94 d7=22 d8=8 d9=-164 v=-112 a=-12 ax=-24 ay=0 az=281 amb=1000 spad=106 ivs=165 iva=0 tvs=165 tva=0 label=1
[CSV] d0=51 d1=108 d2=4 d3=137 d4=60 d5=0 d6=107 d7=94 d8=22 d9=8 v=32 a=-5 ax=-24 ay=0 az=280 amb=768 spad=146 ivs=165 iva=0 tvs=165 tva=0 label=1
[CSV] d0=48 d1=51 d2=108 d3=4 d4=137 d5=60 d6=0 d7=107 d8=94 d9=22 v=92 a=31 ax=-23 ay=-1 az=281 amb=1000 spad=139 ivs=165 iva=0 tvs=165 tva=0 label=1
[CSV] d0=51 d1=48 d2=51 d3=108 d4=4 d5=137 d6=60 d7=0 d8=107 d9=94 v=-20 a=9 ax=-23 ay=0 az=280 amb=1000 spad=150 ivs=165 iva=0 tvs=165 tva=0 label=1
[CSV] d0=9 d1=51 d2=48 d3=51 d4=108 d5=4 d6=137 d7=60 d8=0 d9=107 v=136 a=60 ax=-23 ay=0 az=281 amb=1000 spad=167 ivs=165 iva=0 tvs=165 tva=0 label=1
[HB] up_ms=96127 frames=2585 inf=2585 hazard=718 canary_err=0 q=0 qovr=0
[I2C] init=0 gate=0 whoami=0x140e0 wr=0 wrseen=0x27 addr=0x5a ok=18268 err=0 tmo=0 recov=1 pclk1=200000000 sysclk=400000000
[NAK] nacks=0
[CLK] [CSV] d0=1 d1=9 d2=51 d3=48 d4=51 d5=108 d6=4 d7=137 d8=60 d9=0 v=92 a=22 ax=-23 ay=0 az=280 amb=864 spad=187 ivs=165 iva=0 tvs=165 tva=0 label=1
cpu=800000000 sysb=400000000 pclk1=200000000
[TOF] res=0 step=0 id=0xeacc blk=0xeacc10 ctl=0x0
[RNG] init=0 step=99 id=0xeacc boot=1 calls=93 xerr=0 dm=1 tb=15
[RNG] osc=41 imp=881 imprb=881 mstart=0x40 cfg=91 cfgfail=0x0 vhv=0 vpolls=0
[PRT] calls=10459 xe[CSV] d0=-44 d1=1 d2=9 d3=51 d4=48 d5=51 d6=108 d7=4 d8=137 d9=60 v=160 a=33 ax=-23 ay=0 az=281 amb=1000 spad=198 ivs=165 iva=0 tvs=165 tva=0 label=1
rr=0 ler=1 lidx=0x0 perr=0 maxcnt=17 addr8=0x52
[RTY] wr=0 wmax=0 wref=0  rd=0 rmax=0 rref=0
[RNG] frames=1964 last=367 min=2 max=794 nrdy=0 dxfer=0 dstat=623 lst=7 nrdyerr=0 dclr=0
[DRV] init=0 id=7 mode=0x1 lib=0x2 seq=0x1 odc=0x8b sts=0xe0 armed=1
[[CSV] d0=-96 d1=-44 d2=1 d3=9 d4=51 d5=48 d6=51 d7=108 d8=4 d9=137 v=236 a=72 ax=-23 ay=0 az=281 amb=768 spad=244 ivs=165 iva=0 tvs=165 tva=0 label=1
TRG] pulses=123 suppressed=597 cyc=1600 rst=1 rstmode=0x40
[HLT] polls=51 faults=0x0 cfglost=0 rearm=0 rearmfail=0
[EFF] n=5 last=58476 min=58476 max=58594 late=0 stuck=0 rderr=0
[IMU] init=0 addr=0x68 who=0x68 rst=1 pmrb0=0x40 pmrb=0x1 sr=19 cfg=4 gcfg=[CSV] d0=-156 d1=-96 d2=-44 d3=1 d4=9 d5=51 d6=48 d7=51 d8=108 d9=4 v=296 a=63 ax=-23 ay=0 az=280 amb=576 spad=267 ivs=165 iva=0 tvs=165 tva=0 label=1
0x0 acfg=0x8 icfg=0x30 ien=0x1 armed=1
[ACC] reads=2589 stale=2583 rderr=0 ax=-95 ay=-1 az=1123
[PWR] pm=0x1 drift=0 rderr=0
[DWT] ok=1 cyc=3856449030 cyc_per_ms=798130
[CSV] d0=-172 d1=-156 d2=-96 d3=-44 d4=1 d5=9 d6=51 d7=48 d8=51 d9=108 v=320 a=81 ax=-23 ay=0 az=280 amb=800 spad=277 ivs=165 iva=0 tvs=165 tva=0 label=1
[CSV] d0=-196 d1=-172 d2=-156 d3=-96 d4=-44 d5=1 d6=9 d7=51 d8=48 d9=51 v=264 a=40 ax=-24 ay=0 az=280 amb=768 spad=316 ivs=165 iva=0 tvs=165 tva=0 label=1
[CSV] d0=-256 d1=-196 d2=-172 d3=-156 d4=-96 d5=-44 d6=1 d7=9 d8=51 d9=48 v=252 a=0 ax=-23 ay=0 az=281 amb=736 spad=373 ivs=165 iva=0 tvs=165 tva=0 label=1
[CSV] d0=-288 d1=-256 d2=-196 d3=-172 d4=-156 d5=-96 d6=-44 d7=1 d8=9 d9=51 v=240 a=-25 ax=-23 ay=0 az=280 amb=960 spad=407 ivs=165 iva=0 tvs=165 tva=0 label=1
[CSV] d0=-321 d1=-288 d2=-256 d3=-196 d4=-172 d5=-156 d6=-96 d7=-44 d8=1 d9=9 v=272 a=-16 ax=-24 ay=0 az=281 amb=928 spad=456 ivs=165 iva=0 tvs=165 tva=0 label=1
[CSV] d0=-369 d1=-321 d2=-288 d3=-256 d4=-196 d5=-172 d6=-156 d7=-96 d8=-44 d9=1 v=288 a=9 ax=-23 ay=0 az=281 amb=576 spad=568 ivs=165 iva=0 tvs=165 tva=0 label=1
[CSV] d0=-395 d1=-369 d2=-321 d3=-288 d4=-256 d5=-196 d6=-172 d7=-156 d8=-96 d9=-44 v=252 a=6 ax=-24 ay=0 az=281 amb=640 spad=617 ivs=165 iva=0 tvs=165 tva=0 label=1
[CSV] d0=-436 d1=-395 d2=-369 d3=-321 d4=-288 d5=-256 d6=-196 d7=-172 d8=-156 d9=-96 v=264 a=4 ax=-23 ay=0 az=281 amb=768 spad=694 ivs=165 iva=0 tvs=165 tva=0 label=1
[CSV] d0=-481 d1=-436 d2=-395 d3=-369 d4=-321 d5=-288 d6=-256 d7=-196 d8=-172 d9=-156 v=276 a=-2 ax=-23 ay=0 az=281 amb=672 spad=834 ivs=165 iva=0 tvs=165 tva=0 label=1
[CSV] d0=-492 d1=-481 d2=-436 d3=-395 d4=-369 d5=-321 d6=-288 d7=-256 d8=-196 d9=-172 v=236 a=-11 ax=-24 ay=0 az=281 amb=544 spad=812 ivs=165 iva=0 tvs=165 tva=0 label=1
[CSV] d0=-542 d1=-492 d2=-481 d3=-436 d4=-395 d5=-369 d6=-321 d7=-288 d8=-256 d9=-196 v=244 a=-6 ax=-23 ay=0 az=280 amb=608 spad=820 ivs=165 iva=0 tvs=165 tva=0 label=1
[CSV] d0=-596 d1=-542 d2=-492 d3=-481 d4=-436 d5=-395 d6=-369 d7=-321 d8=-288 d9=-256 v=264 a=-4 ax=-23 ay=0 az=280 amb=416 spad=848 ivs=165 iva=0 tvs=165 tva=0 label=1
[CSV] d0=-640 d1=-596 d2=-542 d3=-492 d4=-481 d5=-436 d6=-395 d7=-369 d8=-321 d9=-288 v=292 a=8 ax=-23 ay=0 az=281 amb=512 spad=798 ivs=165 iva=0 tvs=165 tva=0 label=1
[CSV] d0=-657 d1=-640 d2=-596 d3=-542 d4=-492 d5=-481 d6=-436 d7=-395 d8=-369 d9=-321 v=300 a=24 ax=-23 ay=0 az=280 amb=192 spad=818 ivs=165 iva=0 tvs=165 tva=0 label=1
[CSV] d0=-700 d1=-657 d2=-640 d3=-596 d4=-542 d5=-492 d6=-481 d7=-436 d8=-395 d9=-369 v=264 a=10 ax=-23 ay=0 az=280 amb=352 spad=529 ivs=165 iva=0 tvs=165 tva=0 label=1
[CSV] d0=-753 d1=-700 d2=-657 d3=-640 d4=-596 d5=-542 d6=-492 d7=-481 d8=-436 d9=-395 v=260 a=-5 ax=-24 ay=0 az=280 amb=160 spad=771 ivs=165 iva=0 tvs=165 tva=0 label=1
[CSV] d0=-785 d1=-753 d2=-700 d3=-657 d4=-640 d5=-596 d6=-542 d7=-492 d8=-481 d9=-436 v=268 a=-12 ax=-23 ay=0 az=280 amb=64 spad=651 ivs=165 iva=0 tvs=165 tva=0 label=1
[CSV] d0=-820 d1=-785 d2=-753 d3=-700 d4=-657 d5=-640 d6=-596 d7=-542 d8=-492 d9=-481 v=284 a=-3 ax=-23 ay=0 az=280 amb=32 spad=767 ivs=165 iva=0 tvs=165 tva=0 label=1
[CSV] d0=-833 d1=-820 d2=-785 d3=-753 d4=-700 d5=-657 d6=-640 d7=-596 d8=-542 d9=-492 v=232 a=-5 ax=-23 ay=0 az=281 amb=96 spad=850 ivs=165 iva=0 tvs=165 tva=0 label=1
[CSV] d0=-870 d1=-833 d2=-820 d3=-785 d4=-753 d5=-700 d6=-657 d7=-640 d8=-596 d9=-542 v=196 a=-22 ax=-24 ay=0 az=281 amb=64 spad=423 ivs=165 iva=0 tvs=165 tva=0 label=1
[CSV] d0=-884 d1=-870 d2=-833 d3=-820 d4=-785 d5=-753 d6=-700 d7=-657 d8=-640 d9=-596 v=168 a=-39 ax=-24 ay=0 az=281 amb=32 spad=556 ivs=165 iva=0 tvs=165 tva=0 label=0
[CSV] d0=-908 d1=-884 d2=-870 d3=-833 d4=-820 d5=-785 d6=-753 d7=-700 d8=-657 d9=-640 v=156 a=-43 ax=-23 ay=0 az=281 amb=128 spad=715 ivs=165 iva=0 tvs=165 tva=0 label=0
[CSV] d0=-934 d1=-908 d2=-884 d3=-870 d4=-833 d5=-820 d6=-785 d7=-753 d8=-700 d9=-657 v=164 a=-23 ax=-23 ay=0 az=280 amb=64 spad=682 ivs=165 iva=0 tvs=165 tva=0 label=0
[CSV] d0=-934 d1=-934 d2=-908 d3=-884 d4=-870 d5=-833 d6=-820 d7=-785 d8=-753 d9=-700 v=120 a=-21 ax=-23 ay=0 az=280 amb=0 spad=776 ivs=165 iva=0 tvs=165 tva=0 label=0
[CSV] d0=-952 d1=-934 d2=-934 d3=-908 d4=-884 d5=-870 d6=-833 d7=-820 d8=-785 d9=-753 v=108 a=-21 ax=-23 ay=0 az=280 amb=64 spad=693 ivs=165 iva=0 tvs=165 tva=0 label=0
[CSV] d0=-977 d1=-952 d2=-934 d3=-934 d4=-908 d5=-884 d6=-870 d7=-833 d8=-820 d9=-785 v=104 a=-21 ax=-23 ay=0 az=281 amb=96 spad=770 ivs=165 iva=0 tvs=165 tva=0 label=0
[CSV] d0=-982 d1=-977 d2=-952 d3=-934 d4=-934 d5=-908 d6=-884 d7=-870 d8=-833 d9=-820 v=96 a=-20 ax=-23 ay=0 az=281 amb=0 spad=501 ivs=165 iva=0 tvs=165 tva=0 label=0
[CSV] d0=-996 d1=-982 d2=-977 d3=-952 d4=-934 d5=-934 d6=-908 d7=-884 d8=-870 d9=-833 v=104 a=-6 ax=-24 ay=0 az=281 amb=64 spad=616 ivs=165 iva=0 tvs=165 tva=0 label=0
[HB] up_ms=97297 frames=2617 inf=2617 hazard=742 canary_err=0 q=0 qovr=0
[I2C] init=0 gate=0 whoami=0x140e0 wr=0 wrseen=0x27 addr=0x5a ok=18462 err=0 tmo=0 recov=1 pclk1=200000000 sysclk=400000000
[NAK] nacks=0
[CLK] cpu=800000000 sysb=400000000 pclk1=20000[CSV] d0=-1000 d1=-996 d2=-982 d3=-977 d4=-952 d5=-934 d6=-934 d7=-908 d8=-884 d9=-870 v=92 a=-4 ax=-23 ay=0 az=281 amb=0 spad=757 ivs=165 iva=0 tvs=165 tva=0 label=0
0000
[TOF] res=0 step=0 id=0xeacc blk=0xeacc10 ctl=0x0
[RNG] init=0 step=99 id=0xeacc boot=1 calls=93 xerr=0 dm=1 tb=15
[RNG] osc=41 imp=881 imprb=881 mstart=0x40 cfg=91 cfgfail=0x0 vhv=0 vpolls=0
[PRT] calls=10585 xerr=0 ler=1 lidx=0x0 perr=0 maxcnt=17 addr8[CSV] d0=-1000 d1=-1000 d2=-996 d3=-982 d4=-977 d5=-952 d6=-934 d7=-934 d8=-908 d9=-884 v=88 a=-4 ax=-23 ay=0 az=281 amb=0 spad=759 ivs=165 iva=0 tvs=165 tva=0 label=0
=0x52
[RTY] wr=0 wmax=0 wref=0  rd=0 rmax=0 rref=0
[RNG] frames=1996 last=200 min=2 max=794 nrdy=0 dxfer=0 dstat=623 lst=7 nrdyerr=0 dclr=0
[DRV] init=0 id=7 mode=0x1 lib=0x2 seq=0x1 odc=0x8b sts=0xe0 armed=1
[TRG] pulses=125 suppressed=617 cyc=1600 rst=1 rst[CSV] d0=-1000 d1=-1000 d2=-1000 d3=-996 d4=-982 d5=-977 d6=-952 d7=-934 d8=-934 d9=-908 v=100 a=-1 ax=-23 ay=0 az=280 amb=0 spad=934 ivs=165 iva=0 tvs=165 tva=0 label=0
mode=0x40
[HLT] polls=52 faults=0x0 cfglost=0 rearm=0 rearmfail=0
[EFF] n=5 last=58476 min=58476 max=58594 late=0 stuck=0 rderr=0
[IMU] init=0 addr=0x68 who=0x68 rst=1 pmrb0=0x40 pmrb=0x1 sr=19 cfg=4 gcfg=0x0 acfg=0x8 icfg=0x30 ien=0x1 armed=1
[ACC] reads=[CSV] d0=-1000 d1=-1000 d2=-1000 d3=-1000 d4=-996 d5=-982 d6=-977 d7=-952 d8=-934 d9=-934 v=84 a=-4 ax=-24 ay=0 az=280 amb=0 spad=1000 ivs=165 iva=0 tvs=165 tva=0 label=0
2620 stale=2614 rderr=0 ax=-96 ay=-2 az=1123
[PWR] pm=0x1 drift=0 rderr=0
[DWT] ok=1 cyc=503279478 cyc_per_ms=804955
[CSV] d0=-1000 d1=-1000 d2=-1000 d3=-1000 d4=-1000 d5=-996 d6=-982 d7=-977 d8=-952 d9=-934 v=68 a=-7 ax=-24 ay=-1 az=281 amb=0 spad=1000 ivs=165 iva=0 tvs=165 tva=0 label=0
[CSV] d0=-1000 d1=-1000 d2=-1000 d3=-1000 d4=-1000 d5=-1000 d6=-996 d7=-982 d8=-977 d9=-952 v=36 a=-18 ax=-23 ay=0 az=280 amb=0 spad=1000 ivs=165 iva=0 tvs=165 tva=0 label=0
[CSV] d0=-1000 d1=-1000 d2=-1000 d3=-1000 d4=-1000 d5=-1000 d6=-1000 d7=-996 d8=-982 d9=-977 v=-4 a=-34 ax=-23 ay=0 az=281 amb=96 spad=825 ivs=165 iva=0 tvs=165 tva=0 label=0
[CSV] d0=-1000 d1=-1000 d2=-1000 d3=-1000 d4=-1000 d5=-1000 d6=-1000 d7=-1000 d8=-996 d9=-982 v=-44 a=-44 ax=-23 ay=0 az=280 amb=64 spad=739 ivs=165 iva=0 tvs=165 tva=0 label=0
[CSV] d0=-984 d1=-1000 d2=-1000 d3=-1000 d4=-1000 d5=-1000 d6=-1000 d7=-1000 d8=-1000 d9=-996 v=-112 a=-59 ax=-23 ay=0 az=280 amb=32 spad=443 ivs=165 iva=0 tvs=165 tva=0 label=0
[CSV] d0=-950 d1=-984 d2=-1000 d3=-1000 d4=-1000 d5=-1000 d6=-1000 d7=-1000 d8=-1000 d9=-1000 v=-168 a=-69 ax=-24 ay=0 az=280 amb=32 spad=561 ivs=165 iva=0 tvs=165 tva=0 label=0
[CSV] d0=-897 d1=-950 d2=-984 d3=-1000 d4=-1000 d5=-1000 d6=-1000 d7=-1000 d8=-1000 d9=-1000 v=-232 a=-78 ax=-23 ay=0 az=281 amb=32 spad=570 ivs=165 iva=0 tvs=165 tva=0 label=0
[CSV] d0=-851 d1=-897 d2=-950 d3=-984 d4=-1000 d5=-1000 d6=-1000 d7=-1000 d8=-1000 d9=-1000 v=-288 a=-82 ax=-23 ay=0 az=281 amb=32 spad=716 ivs=165 iva=0 tvs=165 tva=0 label=0
[CSV] d0=-830 d1=-851 d2=-897 d3=-950 d4=-984 d5=-1000 d6=-1000 d7=-1000 d8=-1000 d9=-1000 v=-272 a=-59 ax=-24 ay=0 az=281 amb=192 spad=599 ivs=165 iva=0 tvs=165 tva=0 label=0
[CSV] d0=-760 d1=-830 d2=-851 d3=-897 d4=-950 d5=-984 d6=-1000 d7=-1000 d8=-1000 d9=-1000 v=-300 a=-40 ax=-23 ay=0 az=281 amb=32 spad=573 ivs=165 iva=0 tvs=165 tva=0 label=0
[CSV] d0=-696 d1=-760 d2=-830 d3=-851 d4=-897 d5=-950 d6=-984 d7=-1000 d8=-1000 d9=-1000 v=-328 a=-27 ax=-24 ay=0 az=280 amb=384 spad=758 ivs=165 iva=0 tvs=165 tva=0 label=0
[CSV] d0=-624 d1=-696 d2=-760 d3=-830 d4=-851 d5=-897 d6=-950 d7=-984 d8=-1000 d9=-1000 v=-388 a=-33 ax=-24 ay=0 az=280 amb=416 spad=733 ivs=165 iva=0 tvs=165 tva=0 label=0
[CSV] d0=-568 d1=-624 d2=-696 d3=-760 d4=-830 d5=-851 d6=-897 d7=-950 d8=-984 d9=-1000 v=-436 a=-55 ax=-23 ay=0 az=281 amb=608 spad=824 ivs=165 iva=0 tvs=165 tva=0 label=0
[CSV] d0=-496 d1=-568 d2=-624 d3=-696 d4=-760 d5=-830 d6=-851 d7=-897 d8=-950 d9=-984 v=-436 a=-50 ax=-23 ay=-1 az=281 amb=864 spad=758 ivs=165 iva=0 tvs=165 tva=0 label=0
[CSV] d0=-433 d1=-496 d2=-568 d3=-624 d4=-696 d5=-760 d6=-830 d7=-851 d8=-897 d9=-950 v=-440 a=-36 ax=-23 ay=-1 az=280 amb=800 spad=681 ivs=165 iva=0 tvs=165 tva=0 label=0
[CSV] d0=-408 d1=-433 d2=-496 d3=-568 d4=-624 d5=-696 d6=-760 d7=-830 d8=-851 d9=-897 v=-384 a=0 ax=-24 ay=0 az=280 amb=960 spad=598 ivs=165 iva=0 tvs=165 tva=0 label=0
[CSV] d0=-334 d1=-408 d2=-433 d3=-496 d4=-568 d5=-624 d6=-696 d7=-760 d8=-830 d9=-851 v=-372 a=24 ax=-23 ay=0 az=280 amb=736 spad=517 ivs=165 iva=0 tvs=165 tva=0 label=0
[CSV] d0=-284 d1=-334 d2=-408 d3=-433 d4=-496 d5=-568 d6=-624 d7=-696 d8=-760 d9=-830 v=-348 a=32 ax=-23 ay=0 az=280 amb=768 spad=428 ivs=165 iva=0 tvs=165 tva=0 label=0
[CSV] d0=-227 d1=-284 d2=-334 d3=-408 d4=-433 d5=-496 d6=-568 d7=-624 d8=-696 d9=-760 v=-356 a=27 ax=-23 ay=0 az=280 amb=864 spad=374 ivs=165 iva=0 tvs=165 tva=0 label=0
[CSV] d0=-180 d1=-227 d2=-284 d3=-334 d4=-408 d5=-433 d6=-496 d7=-568 d8=-624 d9=-696 v=-368 a=6 ax=-24 ay=0 az=281 amb=960 spad=301 ivs=165 iva=0 tvs=165 tva=0 label=0
[CSV] d0=-124 d1=-180 d2=-227 d3=-284 d4=-334 d5=-408 d6=-433 d7=-496 d8=-568 d9=-624 v=-344 a=4 ax=-24 ay=0 az=280 amb=1000 spad=263 ivs=165 iva=0 tvs=165 tva=0 label=1
[CSV] d0=-86 d1=-124 d2=-180 d3=-227 d4=-284 d5=-334 d6=-408 d7=-433 d8=-496 d9=-568 v=-328 a=6 ax=-23 ay=0 az=281 amb=864 spad=248 ivs=165 iva=0 tvs=165 tva=0 label=1
[CSV] d0=-64 d1=-86 d2=-124 d3=-180 d4=-227 d5=-284 d6=-334 d7=-408 d8=-433 d9=-496 v=-280 a=25 ax=-24 ay=0 az=281 amb=896 spad=239 ivs=165 iva=0 tvs=165 tva=0 label=1
[CSV] d0=-12 d1=-64 d2=-86 d3=-124 d4=-180 d5=-227 d6=-284 d7=-334 d8=-408 d9=-433 v=-264 a=36 ax=-23 ay=0 az=280 amb=768 spad=206 ivs=165 iva=0 tvs=165 tva=0 label=1
[CSV] d0=8 d1=-12 d2=-64 d3=-86 d4=-124 d5=-180 d6=-227 d7=-284 d8=-334 d9=-408 v=-228 a=39 ax=-24 ay=0 az=281 amb=704 spad=190 ivs=165 iva=0 tvs=165 tva=0 label=1
[CSV] d0=51 d1=8 d2=-12 d3=-64 d4=-86 d5=-124 d6=-180 d7=-227 d8=-284 d9=-334 v=-236 a=31 ax=-23 ay=0 az=281 amb=832 spad=174 ivs=165 iva=0 tvs=165 tva=0 label=1
[CSV] d0=78 d1=51 d2=8 d3=-12 d4=-64 d5=-86 d6=-124 d7=-180 d8=-227 d9=-284 v=-236 a=15 ax=-23 ay=0 az=281 amb=800 spad=164 ivs=165 iva=0 tvs=165 tva=0 label=1
[HB] up_ms=98460 frames=2648 inf=2648 hazard=749 canary_err=0 q=0 qovr=0
[I2C] init=0 gate=0 whoami=0x140e0 wr=0 wrseen=0x27 addr=0x5a ok=18648 err=0 tmo=0 reco[CSV] d0=104 d1=78 d2=51 d3=8 d4=-12 d5=-64 d6=-86 d7=-124 d8=-180 d9=-227 v=-204 a=15 ax=-23 ay=0 az=281 amb=864 spad=148 ivs=165 iva=0 tvs=165 tva=0 label=1
v=1 pclk1=200000000 sysclk=400000000
[NAK] nacks=0
[CLK] cpu=800000000 sysb=400000000 pclk1=200000000
[TOF] res=0 step=0 id=0xeacc blk=0xeacc10 ctl=0x0
[RNG] init=0 step=99 id=0xeacc boot=1 calls=93 xerr=0 dm=1 tb=15
[RNG] osc=41 imp=881 imprb=881 mstart=[CSV] d0=144 d1=104 d2=78 d3=51 d4=8 d5=-12 d6=-64 d7=-86 d8=-124 d9=-180 v=-220 a=6 ax=-23 ay=-1 az=280 amb=768 spad=149 ivs=165 iva=0 tvs=165 tva=0 label=1
0x40 cfg=91 cfgfail=0x0 vhv=0 vpolls=0
[PRT] calls=10713 xerr=0 ler=1 lidx=0x0 perr=0 maxcnt=17 addr8=0x52
[RTY] wr=0 wmax=0 wref=0  rd=0 rmax=0 rref=0
[RNG] frames=2024 last=556 min=2 max=794 nrdy=0 dxfer=0 dstat=626 lst=7 nrdyerr=0 dclr=0
[DRV] init=0 id=[CSV] d0=160 d1=144 d2=104 d3=78 d4=51 d5=8 d6=-12 d7=-64 d8=-86 d9=-124 v=-192 a=14 ax=-23 ay=0 az=281 amb=768 spad=131 ivs=165 iva=0 tvs=165 tva=0 label=1
7 mode=0x1 lib=0x2 seq=0x1 odc=0x8b sts=0xe0 armed=1
[TRG] pulses=127 suppressed=625 cyc=1600 rst=1 rstmode=0x40
[HLT] polls=53 faults=0x0 cfglost=0 rearm=0 rearmfail=0
[EFF] n=5 last=58476 min=58476 max=58594 late=0 stuck=0 rderr=0
[IMU] init=0 addr=0x68 w[CSV] d0=174 d1=160 d2=144 d3=104 d4=78 d5=51 d6=8 d7=-12 d8=-64 d9=-86 v=-168 a=20 ax=-24 ay=0 az=280 amb=864 spad=129 ivs=165 iva=0 tvs=165 tva=0 label=1
ho=0x68 rst=1 pmrb0=0x40 pmrb=0x1 sr=19 cfg=4 gcfg=0x0 acfg=0x8 icfg=0x30 ien=0x1 armed=1
[ACC] reads=2652 stale=2646 rderr=0 ax=-93 ay=-1 az=1124
[PWR] pm=0x1 drift=0 rderr=0
[DWT] ok=1 cyc=1430214650 cyc_per_ms=797020
[CSV] d0=118 d1=174 d2=160 d3=144 d4=104 d5=78 d6=51 d7=8 d8=-12 d9=-64 v=-40 a=51 ax=-23 ay=0 az=280 amb=992 spad=111 ivs=165 iva=0 tvs=165 tva=0 label=0
[CSV] d0=75 d1=118 d2=174 d3=160 d4=144 d5=104 d6=78 d7=51 d8=8 d9=-12 v=120 a=112 ax=-23 ay=0 az=280 amb=960 spad=104 ivs=165 iva=0 tvs=165 tva=0 label=0
[CSV] d0=3 d1=75 d2=118 d3=174 d4=160 d5=144 d6=104 d7=78 d8=51 d9=8 v=280 a=166 ax=-24 ay=0 az=280 amb=800 spad=105 ivs=165 iva=0 tvs=165 tva=0 label=0
[CSV] d0=-12 d1=3 d2=75 d3=118 d4=174 d5=160 d6=144 d7=104 d8=78 d9=51 v=332 a=178 ax=-24 ay=0 az=281 amb=992 spad=100 ivs=165 iva=0 tvs=165 tva=0 label=0
[CSV] d0=-12 d1=-12 d2=3 d3=75 d4=118 d5=174 d6=160 d7=144 d8=104 d9=78 v=332 a=178 ax=-23 ay=0 az=281 amb=992 spad=100 ivs=165 iva=0 tvs=90 tva=1 label=0
[CSV] d0=-216 d1=-12 d2=-12 d3=3 d4=75 d5=118 d6=174 d7=160 d8=144 d9=104 v=440 a=126 ax=-23 ay=0 az=281 amb=576 spad=98 ivs=165 iva=0 tvs=165 tva=0 label=0
[CSV] d0=-216 d1=-216 d2=-12 d3=-12 d4=3 d5=75 d6=118 d7=174 d8=160 d9=144 v=440 a=126 ax=-24 ay=0 az=280 amb=576 spad=98 ivs=165 iva=0 tvs=90 tva=1 label=0
[CSV] d0=-216 d1=-216 d2=-216 d3=-12 d4=-12 d5=3 d6=75 d7=118 d8=174 d9=160 v=440 a=126 ax=-24 ay=0 az=281 amb=576 spad=98 ivs=165 iva=0 tvs=90 tva=2 label=0
[CSV] d0=-158 d1=-216 d2=-216 d3=-216 d4=-12 d5=-12 d6=3 d7=75 d8=118 d9=174 v=252 a=21 ax=-23 ay=0 az=279 amb=1000 spad=84 ivs=165 iva=0 tvs=165 tva=0 label=1
[CSV] d0=-190 d1=-158 d2=-216 d3=-216 d4=-216 d5=-12 d6=-12 d7=3 d8=75 d9=118 v=184 a=-22 ax=-24 ay=0 az=280 amb=1000 spad=85 ivs=165 iva=0 tvs=165 tva=0 label=1
[CSV] d0=-142 d1=-190 d2=-158 d3=-216 d4=-216 d5=-216 d6=-12 d7=-12 d8=3 d9=75 v=96 a=-52 ax=-23 ay=0 az=281 amb=672 spad=101 ivs=165 iva=0 tvs=165 tva=0 label=1
[CSV] d0=-142 d1=-142 d2=-190 d3=-158 d4=-216 d5=-216 d6=-216 d7=-12 d8=-12 d9=3 v=96 a=-52 ax=-23 ay=0 az=281 amb=672 spad=101 ivs=165 iva=0 tvs=90 tva=1 label=1
[CSV] d0=-70 d1=-142 d2=-142 d3=-190 d4=-158 d5=-216 d6=-216 d7=-216 d8=-12 d9=-12 v=-132 a=-109 ax=-24 ay=0 az=280 amb=1000 spad=91 ivs=165 iva=0 tvs=165 tva=0 label=1
[CSV] d0=27 d1=-70 d2=-142 d3=-142 d4=-190 d5=-158 d6=-216 d7=-216 d8=-216 d9=-12 v=-264 a=-142 ax=-23 ay=0 az=280 amb=1000 spad=87 ivs=165 iva=0 tvs=165 tva=0 label=1
[CSV] d0=76 d1=27 d2=-70 d3=-142 d4=-142 d5=-190 d6=-158 d7=-216 d8=-216 d9=-216 v=-368 a=-154 ax=-23 ay=0 az=280 amb=1000 spad=98 ivs=165 iva=0 tvs=165 tva=0 label=1
[CSV] d0=-3 d1=76 d2=27 d3=-70 d4=-142 d5=-142 d6=-190 d7=-158 d8=-216 d9=-216 v=-256 a=-114 ax=-24 ay=0 az=281 amb=672 spad=116 ivs=165 iva=0 tvs=165 tva=0 label=1
[CSV] d0=172 d1=-3 d2=76 d3=27 d4=-70 d5=-142 d6=-142 d7=-190 d8=-158 d9=-216 v=-316 a=-50 ax=-23 ay=0 az=281 amb=1000 spad=100 ivs=165 iva=0 tvs=165 tva=0 label=1
[CSV] d0=139 d1=172 d2=-3 d3=76 d4=27 d5=-70 d6=-142 d7=-142 d8=-190 d9=-158 v=-224 a=18 ax=-23 ay=0 az=280 amb=704 spad=108 ivs=165 iva=0 tvs=165 tva=0 label=1
[CSV] d0=108 d1=139 d2=172 d3=-3 d4=76 d5=27 d6=-70 d7=-142 d8=-142 d9=-190 v=-144 a=66 ax=-24 ay=0 az=281 amb=960 spad=124 ivs=165 iva=0 tvs=165 tva=0 label=1
[CSV] d0=112 d1=108 d2=139 d3=172 d4=-3 d5=76 d6=27 d7=-70 d8=-142 d9=-142 v=-116 a=62 ax=-24 ay=0 az=281 amb=1000 spad=124 ivs=165 iva=0 tvs=165 tva=0 label=1
[CSV] d0=80 d1=112 d2=108 d3=139 d4=172 d5=-3 d6=76 d7=27 d8=-70 d9=-142 v=148 a=143 ax=-23 ay=0 az=280 amb=800 spad=149 ivs=165 iva=0 tvs=165 tva=0 label=1
[CSV] d0=36 d1=80 d2=112 d3=108 d4=139 d5=172 d6=-3 d7=76 d8=27 d9=-70 v=164 a=148 ax=-24 ay=0 az=280 amb=1000 spad=150 ivs=165 iva=0 tvs=165 tva=0 label=1
[CSV] d0=24 d1=36 d2=80 d3=112 d4=108 d5=139 d6=172 d7=-3 d8=76 d9=27 v=172 a=126 ax=-23 ay=0 az=281 amb=672 spad=189 ivs=165 iva=0 tvs=165 tva=0 label=1
[CSV] d0=-19 d1=24 d2=36 d3=80 d4=112 d5=108 d6=139 d7=172 d8=-3 d9=76 v=220 a=96 ax=-24 ay=0 az=281 amb=832 spad=204 ivs=165 iva=0 tvs=165 tva=0 label=1
[CSV] d0=-67 d1=-19 d2=24 d3=36 d4=80 d5=112 d6=108 d7=139 d8=172 d9=-3 v=244 a=34 ax=-23 ay=-1 az=280 amb=864 spad=246 ivs=165 iva=0 tvs=165 tva=0 label=1
[CSV] d0=-128 d1=-67 d2=-19 d3=24 d4=36 d5=80 d6=112 d7=108 d8=139 d9=172 v=292 a=45 ax=-23 ay=0 az=281 amb=1000 spad=277 ivs=165 iva=0 tvs=165 tva=0 label=1
[CSV] d0=-161 d1=-128 d2=-67 d3=-19 d4=24 d5=36 d6=80 d7=112 d8=108 d9=139 v=328 a=52 ax=-23 ay=0 az=281 amb=864 spad=315 ivs=165 iva=0 tvs=165 tva=0 label=1
[CSV] d0=-219 d1=-161 d2=-128 d3=-67 d4=-19 d5=24 d6=36 d7=80 d8=112 d9=108 v=336 a=43 ax=-23 ay=0 az=280 amb=832 spad=403 ivs=165 iva=0 tvs=165 tva=0 label=1
[HB] up_ms=99619 frames=2680 inf=2680 hazard=773 canary_err=0 q=0 qovr=0
[I2C] init=0 gate=0 whoami=0x140e0 wr=0 wrseen=0x27 addr=0x5a ok=18842 err=0 tmo=0 recov=1 pclk1=20[CSV] d0=-288 d1=-219 d2=-161 d3=-128 d4=-67 d5=-19 d6=24 d7=36 d8=80 d9=112 v=360 a=37 ax=-23 ay=0 az=280 amb=896 spad=507 ivs=165 iva=0 tvs=165 tva=0 label=1
0000000 sysclk=400000000
[NAK] nacks=0
[CLK] cpu=800000000 sysb=400000000 pclk1=200000000
[TOF] res=0 step=0 id=0xeacc blk=0xeacc10 ctl=0x0
[RNG] init=0 step=99 id=0xeacc boot=1 calls=93 xerr=0 dm=1 tb=15
[RNG] osc=41 imp=881 imprb=881 mstart=0x40 cfg=91[CSV] d0=-344 d1=-288 d2=-219 d3=-161 d4=-128 d5=-67 d6=-19 d7=24 d8=36 d9=80 v=380 a=28 ax=-23 ay=0 az=281 amb=576 spad=627 ivs=165 iva=0 tvs=165 tva=0 label=1
 cfgfail=0x0 vhv=0 vpolls=0
[PRT] calls=10841 xerr=0 ler=1 lidx=0x0 perr=0 maxcnt=17 addr8=0x52
[RTY] wr=0 wmax=0 wref=0  rd=0 rmax=0 rref=0
[RNG] frames=2055 last=122 min=2 max=794 nrdy=0 dxfer=0 dstat=627 lst=7 nrdyerr=0 dclr=0
[DRV] init=0 id=7 mode=0[CSV] d0=-422 d1=-344 d2=-288 d3=-219 d4=-161 d5=-128 d6=-67 d7=-19 d8=24 d9=36 v=444 a=37 ax=-23 ay=0 az=280 amb=864 spad=813 ivs=165 iva=0 tvs=165 tva=0 label=1
x1 lib=0x2 seq=0x1 odc=0x8b sts=0xe0 armed=1
[TRG] pulses=132 suppressed=644 cyc=1600 rst=1 rstmode=0x40
[HLT] polls=53 faults=0x0 cfglost=0 rearm=0 rearmfail=0
[EFF] n=5 last=58476 min=58476 max=58594 late=0 stuck=0 rderr=0
[IMU] init=0 addr=0x68 who[CSV] d0=-449 d1=-422 d2=-344 d3=-288 d4=-219 d5=-161 d6=-128 d7=-67 d8=-19 d9=24 v=412 a=32 ax=-23 ay=0 az=280 amb=576 spad=859 ivs=165 iva=0 tvs=165 tva=0 label=1
=0x68 rst=1 pmrb0=0x40 pmrb=0x1 sr=19 cfg=4 gcfg=0x0 acfg=0x8 icfg=0x30 ien=0x1 armed=1
[ACC] reads=2684 stale=2678 rderr=0 ax=-94 ay=-1 az=1124
[PWR] pm=0x1 drift=0 rderr=0
[DWT] ok=1 cyc=2358726310 cyc_per_ms=801131
[CSV] d0=-512 d1=-449 d2=-422 d3=-344 d4=-288 d5=-219 d6=-161 d7=-128 d8=-67 d9=-19 v=384 a=11 ax=-24 ay=0 az=281 amb=672 spad=815 ivs=165 iva=0 tvs=165 tva=0 label=1
[CSV] d0=-568 d1=-512 d2=-449 d3=-422 d4=-344 d5=-288 d6=-219 d7=-161 d8=-128 d9=-67 v=372 a=-10 ax=-23 ay=0 az=281 amb=448 spad=834 ivs=165 iva=0 tvs=165 tva=0 label=1
[CSV] d0=-641 d1=-568 d2=-512 d3=-449 d4=-422 d5=-344 d6=-288 d7=-219 d8=-161 d9=-128 v=388 a=-21 ax=-24 ay=0 az=281 amb=160 spad=784 ivs=165 iva=0 tvs=165 tva=0 label=1
[CSV] d0=-656 d1=-641 d2=-568 d3=-512 d4=-449 d5=-422 d6=-344 d7=-288 d8=-219 d9=-161 v=376 a=-9 ax=-23 ay=0 az=281 amb=192 spad=464 ivs=165 iva=0 tvs=165 tva=0 label=1
[CSV] d0=-708 d1=-656 d2=-641 d3=-568 d4=-512 d5=-449 d6=-422 d7=-344 d8=-288 d9=-219 v=336 a=-12 ax=-23 ay=0 az=280 amb=64 spad=613 ivs=165 iva=0 tvs=165 tva=0 label=1
[CSV] d0=-766 d1=-708 d2=-656 d3=-641 d4=-568 d5=-512 d6=-449 d7=-422 d8=-344 d9=-288 v=324 a=-20 ax=-23 ay=0 az=281 amb=256 spad=800 ivs=165 iva=0 tvs=165 tva=0 label=0
[CSV] d0=-796 d1=-766 d2=-708 d3=-656 d4=-641 d5=-568 d6=-512 d7=-449 d8=-422 d9=-344 v=292 a=-33 ax=-24 ay=0 az=281 amb=96 spad=765 ivs=165 iva=0 tvs=165 tva=0 label=0
[CSV] d0=-848 d1=-796 d2=-766 d3=-708 d4=-656 d5=-641 d6=-568 d7=-512 d8=-449 d9=-422 v=328 a=-19 ax=-23 ay=0 az=280 amb=32 spad=809 ivs=165 iva=0 tvs=165 tva=0 label=0
[CSV] d0=-856 d1=-848 d2=-796 d3=-766 d4=-708 d5=-656 d6=-641 d7=-568 d8=-512 d9=-449 v=260 a=-20 ax=-23 ay=0 az=281 amb=64 spad=432 ivs=165 iva=0 tvs=165 tva=0 label=0
[CSV] d0=-884 d1=-856 d2=-848 d3=-796 d4=-766 d5=-708 d6=-656 d7=-641 d8=-568 d9=-512 v=204 a=-37 ax=-24 ay=0 az=280 amb=32 spad=612 ivs=165 iva=0 tvs=165 tva=0 label=0
[CSV] d0=-918 d1=-884 d2=-856 d3=-848 d4=-796 d5=-766 d6=-708 d7=-656 d8=-641 d9=-568 v=192 a=-44 ax=-23 ay=0 az=279 amb=96 spad=653 ivs=165 iva=0 tvs=165 tva=0 label=0
[CSV] d0=-948 d1=-918 d2=-884 d3=-856 d4=-848 d5=-796 d6=-766 d7=-708 d8=-656 d9=-641 v=180 a=-49 ax=-23 ay=0 az=281 amb=0 spad=627 ivs=165 iva=0 tvs=165 tva=0 label=0
[CSV] d0=-969 d1=-948 d2=-918 d3=-884 d4=-856 d5=-848 d6=-796 d7=-766 d8=-708 d9=-656 v=196 a=-20 ax=-23 ay=0 az=280 amb=32 spad=799 ivs=165 iva=0 tvs=165 tva=0 label=0
[CSV] d0=-969 d1=-969 d2=-948 d3=-918 d4=-884 d5=-856 d6=-848 d7=-796 d8=-766 d9=-708 v=152 a=-13 ax=-23 ay=0 az=280 amb=0 spad=476 ivs=165 iva=0 tvs=165 tva=0 label=0
[CSV] d0=-998 d1=-969 d2=-969 d3=-948 d4=-918 d5=-884 d6=-856 d7=-848 d8=-796 d9=-766 v=124 a=-22 ax=-24 ay=0 az=280 amb=32 spad=647 ivs=165 iva=0 tvs=165 tva=0 label=0
[CSV] d0=-1000 d1=-998 d2=-969 d3=-969 d4=-948 d5=-918 d6=-884 d7=-856 d8=-848 d9=-796 v=88 a=-34 ax=-24 ay=0 az=280 amb=64 spad=821 ivs=165 iva=0 tvs=165 tva=0 label=0
[CSV] d0=-1000 d1=-1000 d2=-998 d3=-969 d4=-969 d5=-948 d6=-918 d7=-884 d8=-856 d9=-848 v=92 a=-36 ax=-23 ay=0 az=280 amb=64 spad=839 ivs=165 iva=0 tvs=165 tva=0 label=0
[CSV] d0=-1000 d1=-1000 d2=-1000 d3=-998 d4=-969 d5=-969 d6=-948 d7=-918 d8=-884 d9=-856 v=76 a=-24 ax=-23 ay=0 az=281 amb=0 spad=856 ivs=165 iva=0 tvs=165 tva=0 label=0
[CSV] d0=-1000 d1=-1000 d2=-1000 d3=-1000 d4=-998 d5=-969 d6=-969 d7=-948 d8=-918 d9=-884 v=24 a=-28 ax=-23 ay=0 az=281 amb=32 spad=780 ivs=165 iva=0 tvs=165 tva=0 label=0
[CSV] d0=-1000 d1=-1000 d2=-1000 d3=-1000 d4=-1000 d5=-998 d6=-969 d7=-969 d8=-948 d9=-918 v=-4 a=-34 ax=-24 ay=0 az=280 amb=128 spad=683 ivs=165 iva=0 tvs=165 tva=0 label=0
[CSV] d0=-974 d1=-1000 d2=-1000 d3=-1000 d4=-1000 d5=-1000 d6=-998 d7=-969 d8=-969 d9=-948 v=-72 a=-55 ax=-24 ay=0 az=281 amb=128 spad=743 ivs=165 iva=0 tvs=165 tva=0 label=0
[CSV] d0=-913 d1=-974 d2=-1000 d3=-1000 d4=-1000 d5=-1000 d6=-1000 d7=-998 d8=-969 d9=-969 v=-160 a=-76 ax=-24 ay=0 az=282 amb=160 spad=640 ivs=165 iva=0 tvs=165 tva=0 label=0
[CSV] d0=-868 d1=-913 d2=-974 d3=-1000 d4=-1000 d5=-1000 d6=-1000 d7=-1000 d8=-998 d9=-969 v=-252 a=-95 ax=-23 ay=0 az=281 amb=64 spad=446 ivs=165 iva=0 tvs=165 tva=0 label=0
[CSV] d0=-803 d1=-868 d2=-913 d3=-974 d4=-1000 d5=-1000 d6=-1000 d7=-1000 d8=-1000 d9=-998 v=-340 a=-115 ax=-24 ay=0 az=281 amb=256 spad=740 ivs=165 iva=0 tvs=165 tva=0 label=0
[CSV] d0=-761 d1=-803 d2=-868 d3=-913 d4=-974 d5=-1000 d6=-1000 d7=-1000 d8=-1000 d9=-1000 v=-364 a=-103 ax=-23 ay=0 az=280 amb=160 spad=742 ivs=165 iva=0 tvs=165 tva=0 label=0
[CSV] d0=-692 d1=-761 d2=-803 d3=-868 d4=-913 d5=-974 d6=-1000 d7=-1000 d8=-1000 d9=-1000 v=-372 a=-72 ax=-23 ay=0 az=280 amb=320 spad=486 ivs=165 iva=0 tvs=165 tva=0 label=0
[CSV] d0=-614 d1=-692 d2=-761 d3=-803 d4=-868 d5=-913 d6=-974 d7=-1000 d8=-1000 d9=-1000 v=-420 a=-49 ax=-23 ay=0 az=280 amb=320 spad=718 ivs=165 iva=0 tvs=165 tva=0 label=0
[HB] up_ms=100780 frames=2711 inf=2711 hazard=7[CSV] d0=-542 d1=-614 d2=-692 d3=-761 d4=-803 d5=-868 d6=-913 d7=-974 d8=-1000 d9=-1000 v=-452 a=-37 ax=-24 ay=0 az=280 amb=544 spad=793 ivs=165 iva=0 tvs=165 tva=0 label=0
82 canary_err=0 q=0 qovr=0
[I2C] init=0 gate=0 whoami=0x140e0 wr=0 wrseen=0x27 addr=0x5a ok=19036 err=0 tmo=0 recov=1 pclk1=200000000 sysclk=400000000
[NAK] nacks=0
[CLK] cpu=800000000 sysb=400000000 pclk1=200000000
[TOF] res=0 step=0 id=0xeacc blk=0xeac[CSV] d0=-456 d1=-542 d2=-614 d3=-692 d4=-761 d5=-803 d6=-868 d7=-913 d8=-974 d9=-1000 v=-516 a=-51 ax=-23 ay=-1 az=279 amb=736 spad=807 ivs=165 iva=0 tvs=165 tva=0 label=0
c10 ctl=0x0
[RNG] init=0 step=99 id=0xeacc boot=1 calls=93 xerr=0 dm=1 tb=15
[RNG] osc=41 imp=881 imprb=881 mstart=0x40 cfg=91 cfgfail=0x0 vhv=0 vpolls=0
[PRT] calls=10965 xerr=0 ler=1 lidx=0x0 perr=0 maxcnt=17 addr8=0x52
[RTY] wr=0 wmax=0 wref=0  rd=0 [CSV] d0=-366 d1=-456 d2=-542 d3=-614 d4=-692 d5=-761 d6=-803 d7=-868 d8=-913 d9=-974 v=-548 a=-60 ax=-23 ay=0 az=280 amb=864 spad=614 ivs=165 iva=0 tvs=165 tva=0 label=0
rmax=0 rref=0
[RNG] frames=2087 last=761 min=2 max=794 nrdy=0 dxfer=0 dstat=627 lst=7 nrdyerr=0 dclr=0
[DRV] init=0 id=7 mode=0x1 lib=0x2 seq=0x1 odc=0x8b sts=0xe0 armed=1
[TRG] pulses=133 suppressed=649 cyc=1600 rst=1 rstmode=0x40
[HLT] polls=54 faults=0x[CSV] d0=-340 d1=-366 d2=-456 d3=-542 d4=-614 d5=-692 d6=-761 d7=-803 d8=-868 d9=-913 v=-488 a=-31 ax=-24 ay=-1 az=281 amb=832 spad=533 ivs=165 iva=0 tvs=165 tva=0 label=1
0 cfglost=0 rearm=0 rearmfail=0
[EFF] n=5 last=58476 min=58476 max=58594 late=0 stuck=0 rderr=0
[IMU] init=0 addr=0x68 who=0x68 rst=1 pmrb0=0x40 pmrb=0x1 sr=19 cfg=4 gcfg=0x0 acfg=0x8 icfg=0x30 ien=0x1 armed=1
[ACC] reads=2715 stale=2709 rderr=0 ax=-95 a[CSV] d0=-270 d1=-340 d2=-366 d3=-456 d4=-542 d5=-614 d6=-692 d7=-761 d8=-803 d9=-868 v=-444 a=6 ax=-24 ay=0 az=280 amb=1000 spad=415 ivs=165 iva=0 tvs=165 tva=0 label=1
y=-3 az=1122
[PWR] pm=0x1 drift=0 rderr=0
[DWT] ok=1 cyc=3302544046 cyc_per_ms=812935
[CSV] d0=-190 d1=-270 d2=-340 d3=-366 d4=-456 d5=-542 d6=-614 d7=-692 d8=-761 d9=-803 v=-424 a=39 ax=-23 ay=0 az=281 amb=736 spad=334 ivs=165 iva=0 tvs=165 tva=0 label=1
[CSV] d0=-121 d1=-190 d2=-270 d3=-340 d4=-366 d5=-456 d6=-542 d7=-614 d8=-692 d9=-761 v=-432 a=40 ax=-23 ay=0 az=280 amb=928 spad=270 ivs=165 iva=0 tvs=165 tva=0 label=1
[CSV] d0=-64 d1=-121 d2=-190 d3=-270 d4=-340 d5=-366 d6=-456 d7=-542 d8=-614 d9=-692 v=-472 a=5 ax=-23 ay=0 az=281 amb=640 spad=244 ivs=165 iva=0 tvs=165 tva=0 label=1
[CSV] d0=16 d1=-64 d2=-121 d3=-190 d4=-270 d5=-340 d6=-366 d7=-456 d8=-542 d9=-614 v=-468 a=-13 ax=-23 ay=0 az=280 amb=896 spad=199 ivs=165 iva=0 tvs=165 tva=0 label=1
[CSV] d0=48 d1=16 d2=-64 d3=-121 d4=-190 d5=-270 d6=-340 d7=-366 d8=-456 d9=-542 v=-408 a=0 ax=-23 ay=0 az=281 amb=992 spad=178 ivs=165 iva=0 tvs=165 tva=0 label=1
[CSV] d0=51 d1=48 d2=16 d3=-64 d4=-121 d5=-190 d6=-270 d7=-340 d8=-366 d9=-456 v=-304 a=42 ax=-24 ay=0 az=280 amb=736 spad=170 ivs=165 iva=0 tvs=165 tva=0 label=1
[CSV] d0=99 d1=51 d2=48 d3=16 d4=-64 d5=-121 d6=-190 d7=-270 d8=-340 d9=-366 v=-240 a=83 ax=-23 ay=0 az=281 amb=1000 spad=127 ivs=165 iva=0 tvs=165 tva=0 label=1
[CSV] d0=80 d1=99 d2=51 d3=48 d4=16 d5=-64 d6=-121 d7=-190 d8=-270 d9=-340 v=-120 a=114 ax=-23 ay=0 az=281 amb=1000 spad=133 ivs=165 iva=0 tvs=165 tva=0 label=1
[CSV] d0=124 d1=80 d2=99 d3=51 d4=48 d5=16 d6=-64 d7=-121 d8=-190 d9=-270 v=-120 a=100 ax=-23 ay=0 az=280 amb=672 spad=131 ivs=165 iva=0 tvs=165 tva=0 label=1
[CSV] d0=137 d1=124 d2=80 d3=99 d4=51 d5=48 d6=16 d7=-64 d8=-121 d9=-190 v=-132 a=61 ax=-24 ay=0 az=280 amb=704 spad=121 ivs=165 iva=0 tvs=165 tva=0 label=1
[CSV] d0=-6 d1=137 d2=124 d3=80 d4=99 d5=51 d6=48 d7=16 d8=-64 d9=-121 v=100 a=87 ax=-23 ay=0 az=280 amb=992 spad=103 ivs=165 iva=0 tvs=165 tva=0 label=1
[CSV] d0=19 d1=-6 d2=137 d3=124 d4=80 d5=99 d6=51 d7=48 d8=16 d9=-64 v=168 a=104 ax=-23 ay=0 az=280 amb=832 spad=98 ivs=165 iva=0 tvs=165 tva=0 label=1
[CSV] d0=-164 d1=19 d2=-6 d3=137 d4=124 d5=80 d6=99 d7=51 d8=48 d9=16 v=460 a=192 ax=-23 ay=0 az=281 amb=864 spad=95 ivs=165 iva=0 tvs=165 tva=0 label=1
[CSV] d0=-99 d1=-164 d2=19 d3=-6 d4=137 d5=124 d6=80 d7=99 d8=51 d9=48 v=420 a=195 ax=-23 ay=0 az=280 amb=1000 spad=81 ivs=165 iva=0 tvs=165 tva=0 label=1
[CSV] d0=-99 d1=-99 d2=-164 d3=19 d4=-6 d5=137 d6=124 d7=80 d8=99 d9=51 v=420 a=195 ax=-24 ay=0 az=282 amb=1000 spad=81 ivs=165 iva=0 tvs=90 tva=1 label=1
[CSV] d0=-99 d1=-99 d2=-99 d3=-164 d4=19 d5=-6 d6=137 d7=124 d8=80 d9=99 v=420 a=195 ax=-23 ay=0 az=281 amb=1000 spad=81 ivs=165 iva=0 tvs=90 tva=2 label=1
[CSV] d0=-99 d1=-99 d2=-99 d3=-99 d4=-164 d5=19 d6=-6 d7=137 d8=124 d9=80 v=420 a=195 ax=-24 ay=0 az=281 amb=1000 spad=81 ivs=165 iva=0 tvs=0 tva=3 label=0
[CSV] d0=-99 d1=-99 d2=-99 d3=-99 d4=-99 d5=-164 d6=19 d7=-6 d8=137 d9=124 v=420 a=195 ax=-23 ay=0 az=280 amb=1000 spad=81 ivs=165 iva=0 tvs=0 tva=4 label=0
[CSV] d0=-99 d1=-99 d2=-99 d3=-99 d4=-99 d5=-99 d6=-164 d7=19 d8=-6 d9=137 v=420 a=195 ax=-23 ay=0 az=281 amb=1000 spad=81 ivs=165 iva=0 tvs=0 tva=5 label=0
[CSV] d0=-99 d1=-99 d2=-99 d3=-99 d4=-99 d5=-99 d6=-99 d7=-164 d8=19 d9=-6 v=420 a=195 ax=-23 ay=0 az=280 amb=1000 spad=81 ivs=165 iva=0 tvs=0 tva=6 label=0
[CSV] d0=-99 d1=-99 d2=-99 d3=-99 d4=-99 d5=-99 d6=-99 d7=-99 d8=-164 d9=19 v=420 a=195 ax=-23 ay=0 az=281 amb=1000 spad=81 ivs=165 iva=0 tvs=0 tva=7 label=0
[CSV] d0=-99 d1=-99 d2=-99 d3=-99 d4=-99 d5=-99 d6=-99 d7=-99 d8=-99 d9=-164 v=420 a=195 ax=-23 ay=-1 az=281 amb=1000 spad=81 ivs=165 iva=0 tvs=0 tva=8 label=0
[CSV] d0=-99 d1=-99 d2=-99 d3=-99 d4=-99 d5=-99 d6=-99 d7=-99 d8=-99 d9=-99 v=420 a=195 ax=-24 ay=0 az=281 amb=1000 spad=81 ivs=165 iva=0 tvs=0 tva=9 label=0
[CSV] d0=-99 d1=-99 d2=-99 d3=-99 d4=-99 d5=-99 d6=-99 d7=-99 d8=-99 d9=-99 v=420 a=195 ax=-23 ay=-1 az=280 amb=1000 spad=81 ivs=165 iva=0 tvs=0 tva=10 label=0
[CSV] d0=-99 d1=-99 d2=-99 d3=-99 d4=-99 d5=-99 d6=-99 d7=-99 d8=-99 d9=-99 v=420 a=195 ax=-24 ay=-1 az=280 amb=1000 spad=81 ivs=165 iva=0 tvs=0 tva=11 label=0
[CSV] d0=-99 d1=-99 d2=-99 d3=-99 d4=-99 d5=-99 d6=-99 d7=-99 d8=-99 d9=-99 v=420 a=195 ax=-23 ay=0 az=281 amb=1000 spad=81 ivs=165 iva=0 tvs=0 tva=12 label=0
[CSV] d0=-99 d1=-99 d2=-99 d3=-99 d4=-99 d5=-99 d6=-99 d7=-99 d8=-99 d9=-99 v=420 a=195 ax=-22 ay=0 az=279 amb=1000 spad=81 ivs=165 iva=0 tvs=0 tva=13 label=0
[CSV] d0=-99 d1=-99 d2=-99 d3=-99 d4=-99 d5=-99 d6=-99 d7=-99 d8=-99 d9=-99 v=420 a=195 ax=-23 ay=0 az=279 amb=1000 spad=81 ivs=165 iva=0 tvs=0 tva=14 label=0
[HB] up_ms=101962 frames=2744 inf=2744 hazard=800 canary_err=0 q=0 qovr=0
[I2C] init=0 gate=0 whoami=0x140e0 wr=0 wrseen=0x27 addr=0x5a ok=19228 err=0 tmo=0 recov=1 pclk1=200000000 sysclk=400000000
[NAK] nacks=0
[CLK] cpu=800000000 sysb=400000000 pclk1=20[CSV] d0=-184 d1=-99 d2=-99 d3=-99 d4=-99 d5=-99 d6=-99 d7=-99 d8=-99 d9=-99 v=56 a=-14 ax=-23 ay=0 az=281 amb=480 spad=114 ivs=165 iva=0 tvs=165 tva=0 label=0
0000000
[TOF] res=0 step=0 id=0xeacc blk=0xeacc10 ctl=0x0
[RNG] init=0 step=99 id=0xeacc boot=1 calls=93 xerr=0 dm=1 tb=15
[RNG] osc=41 imp=881 imprb=881 mstart=0x40 cfg=91 cfgfail=0x0 vhv=0 vpolls=0
[PRT] calls=11093 xerr=0 ler=1 lidx=0x0 perr=0 maxcnt=1[CSV] d0=-184 d1=-184 d2=-99 d3=-99 d4=-99 d5=-99 d6=-99 d7=-99 d8=-99 d9=-99 v=56 a=-14 ax=-23 ay=-1 az=280 amb=480 spad=114 ivs=165 iva=0 tvs=90 tva=1 label=1
7 addr8=0x52
[RTY] wr=0 wmax=0 wref=0  rd=0 rmax=0 rref=0
[RNG] frames=2104 last=661 min=2 max=794 nrdy=0 dxfer=0 dstat=642 lst=7 nrdyerr=0 dclr=0
[DRV] init=0 id=7 mode=0x1 lib=0x2 seq=0x1 odc=0x8b sts=0xe0 armed=1
[TRG] pulses=141 suppressed=660 cyc=1[CSV] d0=-163 d1=-184 d2=-184 d3=-99 d4=-99 d5=-99 d6=-99 d7=-99 d8=-99 d9=-99 v=40 a=-23 ax=-23 ay=0 az=280 amb=736 spad=97 ivs=165 iva=0 tvs=165 tva=0 label=1
600 rst=1 rstmode=0x40
[HLT] polls=54 faults=0x0 cfglost=0 rearm=0 rearmfail=0
[EFF] n=5 last=58476 min=58476 max=58594 late=0 stuck=0 rderr=0
[IMU] init=0 addr=0x68 who=0x68 rst=1 pmrb0=0x40 pmrb=0x1 sr=19 cfg=4 gcfg=0x0 acfg=0x8 icfg=0x30 ien=0x1 armed=[CSV] d0=3 d1=-163 d2=-184 d3=-184 d4=-99 d5=-99 d6=-99 d7=-99 d8=-99 d9=-99 v=-12 a=-33 ax=-23 ay=-1 az=281 amb=864 spad=96 ivs=165 iva=0 tvs=165 tva=0 label=1
1
[ACC] reads=2748 stale=2742 rderr=0 ax=-96 ay=-1 az=1124
[PWR] pm=0x1 drift=0 rderr=0
[DWT] ok=1 cyc=4233213182 cyc_per_ms=787368
[CSV] d0=0 d1=3 d2=-163 d3=-184 d4=-184 d5=-99 d6=-99 d7=-99 d8=-99 d9=-99 v=-16 a=-32 ax=-24 ay=0 az=281 amb=992 spad=103 ivs=165 iva=0 tvs=165 tva=0 label=1
[CSV] d0=-27 d1=0 d2=3 d3=-163 d4=-184 d5=-184 d6=-99 d7=-99 d8=-99 d9=-99 v=-276 a=-76 ax=-23 ay=0 az=281 amb=992 spad=96 ivs=165 iva=0 tvs=165 tva=0 label=1
[CSV] d0=28 d1=-27 d2=0 d3=3 d4=-163 d5=-184 d6=-184 d7=-99 d8=-99 d9=-99 v=-244 a=-115 ax=-24 ay=0 az=280 amb=1000 spad=101 ivs=165 iva=0 tvs=165 tva=0 label=1
[CSV] d0=-17 d1=28 d2=-27 d3=0 d4=3 d5=-163 d6=-184 d7=-184 d8=-99 d9=-99 v=8 a=-26 ax=-24 ay=-1 az=281 amb=1000 spad=111 ivs=165 iva=0 tvs=165 tva=0 label=1
[CSV] d0=16 d1=-17 d2=28 d3=-27 d4=0 d5=3 d6=-163 d7=-184 d8=-184 d9=-99 v=-28 a=36 ax=-24 ay=0 az=280 amb=992 spad=116 ivs=165 iva=0 tvs=165 tva=0 label=1
[CSV] d0=112 d1=16 d2=-17 d3=28 d4=-27 d5=0 d6=3 d7=-163 d8=-184 d9=-184 v=-184 a=55 ax=-23 ay=0 az=280 amb=896 spad=134 ivs=165 iva=0 tvs=165 tva=0 label=1
[CSV] d0=46 d1=112 d2=16 d3=-17 d4=28 d5=-27 d6=0 d7=3 d8=-163 d9=-184 v=-116 a=8 ax=-24 ay=0 az=281 amb=608 spad=148 ivs=165 iva=0 tvs=165 tva=0 label=1
[CSV] d0=51 d1=46 d2=112 d3=16 d4=-17 d5=28 d6=-27 d7=0 d8=3 d9=-163 v=-116 a=-46 ax=-23 ay=0 az=281 amb=1000 spad=138 ivs=165 iva=0 tvs=165 tva=0 label=1
[CSV] d0=11 d1=51 d2=46 d3=112 d4=16 d5=-17 d6=28 d7=-27 d8=0 d9=3 v=48 a=30 ax=-23 ay=-1 az=280 amb=1000 spad=160 ivs=165 iva=0 tvs=165 tva=0 label=1
[CSV] d0=-22 d1=11 d2=51 d3=46 d4=112 d5=16 d6=-17 d7=28 d8=-27 d9=0 v=208 a=130 ax=-24 ay=0 az=281 amb=864 spad=188 ivs=165 iva=0 tvs=165 tva=0 label=1
[CSV] d0=-81 d1=-22 d2=11 d3=51 d4=46 d5=112 d6=16 d7=-17 d8=28 d9=-27 v=224 a=136 ax=-23 ay=0 az=280 amb=576 spad=241 ivs=165 iva=0 tvs=165 tva=0 label=1
[CSV] d0=-131 d1=-81 d2=-22 d3=11 d4=51 d5=46 d6=112 d7=16 d8=-17 d9=28 v=308 a=138 ax=-24 ay=0 az=281 amb=1000 spad=255 ivs=165 iva=0 tvs=165 tva=0 label=1
[CSV] d0=-158 d1=-131 d2=-81 d3=-22 d4=11 d5=51 d6=46 d7=112 d8=16 d9=-17 v=304 a=83 ax=-23 ay=0 az=281 amb=960 spad=296 ivs=165 iva=0 tvs=165 tva=0 label=1
[CSV] d0=-227 d1=-158 d2=-131 d3=-81 d4=-22 d5=11 d6=51 d7=46 d8=112 d9=16 v=332 a=45 ax=-23 ay=0 az=281 amb=800 spad=368 ivs=165 iva=0 tvs=165 tva=0 label=1
[CSV] d0=-273 d1=-227 d2=-158 d3=-131 d4=-81 d5=-22 d6=11 d7=51 d8=46 d9=112 v=332 a=33 ax=-24 ay=0 az=281 amb=1000 spad=432 ivs=165 iva=0 tvs=165 tva=0 label=1
[CSV] d0=-360 d1=-273 d2=-227 d3=-158 d4=-131 d5=-81 d6=-22 d7=11 d8=51 d9=46 v=396 a=28 ax=-23 ay=0 az=281 amb=896 spad=549 ivs=165 iva=0 tvs=165 tva=0 label=1
[CSV] d0=-401 d1=-360 d2=-273 d3=-227 d4=-158 d5=-131 d6=-81 d7=-22 d8=11 d9=51 v=432 a=44 ax=-24 ay=0 az=280 amb=960 spad=700 ivs=165 iva=0 tvs=165 tva=0 label=1
[CSV] d0=-441 d1=-401 d2=-360 d3=-273 d4=-227 d5=-158 d6=-131 d7=-81 d8=-22 d9=11 v=388 a=29 ax=-24 ay=0 az=281 amb=608 spad=788 ivs=165 iva=0 tvs=165 tva=0 label=1
[CSV] d0=-494 d1=-441 d2=-401 d3=-360 d4=-273 d5=-227 d6=-158 d7=-131 d8=-81 d9=-22 v=364 a=7 ax=-23 ay=0 az=280 amb=704 spad=697 ivs=165 iva=0 tvs=165 tva=0 label=1
[CSV] d0=-547 d1=-494 d2=-441 d3=-401 d4=-360 d5=-273 d6=-227 d7=-158 d8=-131 d9=-81 v=324 a=-29 ax=-24 ay=0 az=280 amb=320 spad=809 ivs=165 iva=0 tvs=165 tva=0 label=1
[CSV] d0=-587 d1=-547 d2=-494 d3=-441 d4=-401 d5=-360 d6=-273 d7=-227 d8=-158 d9=-131 v=332 a=-36 ax=-24 ay=0 az=280 amb=352 spad=774 ivs=165 iva=0 tvs=165 tva=0 label=1
[CSV] d0=-612 d1=-587 d2=-547 d3=-494 d4=-441 d5=-401 d6=-360 d7=-273 d8=-227 d9=-158 v=304 a=-28 ax=-24 ay=0 az=281 amb=416 spad=834 ivs=165 iva=0 tvs=165 tva=0 label=1
[CSV] d0=-664 d1=-612 d2=-587 d3=-547 d4=-494 d5=-441 d6=-401 d7=-360 d8=-273 d9=-227 v=284 a=-25 ax=-24 ay=0 az=281 amb=384 spad=848 ivs=165 iva=0 tvs=165 tva=0 label=1
[CSV] d0=-684 d1=-664 d2=-612 d3=-587 d4=-547 d5=-494 d6=-441 d7=-401 d8=-360 d9=-273 v=248 a=-28 ax=-23 ay=0 az=280 amb=128 spad=565 ivs=165 iva=0 tvs=165 tva=0 label=1
[CSV] d0=-732 d1=-684 d2=-664 d3=-612 d4=-587 d5=-547 d6=-494 d7=-441 d8=-401 d9=-360 v=252 a=-30 ax=-23 ay=0 az=281 amb=256 spad=739 ivs=165 iva=0 tvs=165 tva=0 label=1
[CSV] d0=-755 d1=-732 d2=-684 d3=-664 d4=-612 d5=-587 d6=-547 d7=-494 d8=-441 d9=-401 v=244 a=-21 ax=-24 ay=0 az=280 amb=96 spad=806 ivs=165 iva=0 tvs=165 tva=0 label=1
[CSV] d0=-782 d1=-755 d2=-732 d3=-684 d4=-664 d5=-612 d6=-587 d7=-547 d8=-494 d9=-441 v=212 a=-20 ax=-23 ay=0 az=280 amb=128 spad=688 ivs=165 iva=0 tvs=165 tva=0 label=0
[CSV] d0=-832 d1=-782 d2=-755 d3=-732 d4=-684 d5=-664 d6=-612 d7=-587 d8=-547 d9=-494 v=240 a=-7 ax=-23 ay=-1 az=280 amb=0 spad=824 ivs=165 iva=0 tvs=165 tva=0 label=0
[HB] up_ms=103128 frames=2776 inf=2776 hazard=829 canary_err=0 q=0 qovr=0
[I2C] init=0 gate=0 whoami=0x140e0 wr=0 wrseen=0x27 addr=0x5a ok=19422 err=0 tmo=0 recov=1 pclk1=200000000 sysclk=400000000
[NAK] nacks=0
[CLK] cpu=800000000 sysb=400000000 pclk1=2000[CSV] d0=-876 d1=-832 d2=-782 d3=-755 d4=-732 d5=-684 d6=-664 d7=-612 d8=-587 d9=-547 v=252 a=0 ax=-23 ay=0 az=280 amb=192 spad=408 ivs=165 iva=0 tvs=165 tva=0 label=0
00000
[TOF] res=0 step=0 id=0xeacc blk=0xeacc10 ctl=0x0
[RNG] init=0 step=99 id=0xeacc boot=1 calls=93 xerr=0 dm=1 tb=15
[RNG] osc=41 imp=881 imprb=881 mstart=0x40 cfg=91 cfgfail=0x0 vhv=0 vpolls=0
[PRT] calls=11221 xerr=0 ler=1 lidx=0x0 perr=0 maxcnt=17 add[CSV] d0=-876 d1=-876 d2=-832 d3=-782 d4=-755 d5=-732 d6=-684 d7=-664 d8=-612 d9=-587 v=236 a=3 ax=-23 ay=0 az=281 amb=64 spad=492 ivs=165 iva=0 tvs=165 tva=0 label=0
r8=0x52
[RTY] wr=0 wmax=0 wref=0  rd=0 rmax=0 rref=0
[RNG] frames=2136 last=87 min=2 max=794 nrdy=0 dxfer=0 dstat=642 lst=7 nrdyerr=0 dclr=0
[DRV] init=0 id=7 mode=0x1 lib=0x2 seq=0x1 odc=0x8b sts=0xe0 armed=1
[TRG] pulses=145 suppressed=684 cyc=1600 rst=1 rst[CSV] d0=-902 d1=-876 d2=-876 d3=-832 d4=-782 d5=-755 d6=-732 d7=-684 d8=-664 d9=-612 v=196 a=-5 ax=-24 ay=0 az=281 amb=0 spad=709 ivs=165 iva=0 tvs=165 tva=0 label=0
mode=0x40
[HLT] polls=55 faults=0x0 cfglost=0 rearm=0 rearmfail=0
[EFF] n=5 last=58476 min=58476 max=58594 late=0 stuck=0 rderr=0
[IMU] init=0 addr=0x68 who=0x68 rst=1 pmrb0=0x40 pmrb=0x1 sr=19 cfg=4 gcfg=0x0 acfg=0x8 icfg=0x30 ien=0x1 armed=1
[ACC] reads=2779[CSV] d0=-937 d1=-902 d2=-876 d3=-876 d4=-832 d5=-782 d6=-755 d7=-732 d8=-684 d9=-664 v=164 a=-28 ax=-23 ay=0 az=281 amb=96 spad=776 ivs=165 iva=0 tvs=165 tva=0 label=0
 stale=2773 rderr=0 ax=-96 ay=-2 az=1122
[PWR] pm=0x1 drift=0 rderr=0
[DWT] ok=1 cyc=872762242 cyc_per_ms=801472
[CSV] d0=-963 d1=-937 d2=-902 d3=-876 d4=-876 d5=-832 d6=-782 d7=-755 d8=-732 d9=-684 v=160 a=-34 ax=-23 ay=0 az=281 amb=32 spad=802 ivs=165 iva=0 tvs=165 tva=0 label=0
[CSV] d0=-990 d1=-963 d2=-937 d3=-902 d4=-876 d5=-876 d6=-832 d7=-782 d8=-755 d9=-732 v=196 a=-15 ax=-23 ay=0 az=281 amb=0 spad=601 ivs=165 iva=0 tvs=165 tva=0 label=0
[CSV] d0=-1000 d1=-990 d2=-963 d3=-937 d4=-902 d5=-876 d6=-876 d7=-832 d8=-782 d9=-755 v=200 a=5 ax=-23 ay=-1 az=281 amb=0 spad=786 ivs=165 iva=0 tvs=165 tva=0 label=0
[CSV] d0=-1000 d1=-1000 d2=-990 d3=-963 d4=-937 d5=-902 d6=-876 d7=-876 d8=-832 d9=-782 v=156 a=3 ax=-24 ay=0 az=280 amb=0 spad=912 ivs=165 iva=0 tvs=165 tva=0 label=0
[CSV] d0=-1000 d1=-1000 d2=-1000 d3=-990 d4=-963 d5=-937 d6=-902 d7=-876 d8=-876 d9=-832 v=132 a=-13 ax=-23 ay=0 az=281 amb=32 spad=1000 ivs=165 iva=0 tvs=165 tva=0 label=0
[CSV] d0=-1000 d1=-1000 d2=-1000 d3=-1000 d4=-990 d5=-963 d6=-937 d7=-902 d8=-876 d9=-876 v=88 a=-38 ax=-24 ay=0 az=281 amb=128 spad=1000 ivs=165 iva=0 tvs=165 tva=0 label=0
[CSV] d0=-1000 d1=-1000 d2=-1000 d3=-1000 d4=-1000 d5=-990 d6=-963 d7=-937 d8=-902 d9=-876 v=36 a=-53 ax=-24 ay=-1 az=282 amb=0 spad=897 ivs=165 iva=0 tvs=165 tva=0 label=0
[CSV] d0=-992 d1=-1000 d2=-1000 d3=-1000 d4=-1000 d5=-1000 d6=-990 d7=-963 d8=-937 d9=-902 v=-48 a=-68 ax=-24 ay=0 az=280 amb=96 spad=616 ivs=165 iva=0 tvs=165 tva=0 label=0
[CSV] d0=-976 d1=-992 d2=-1000 d3=-1000 d4=-1000 d5=-1000 d6=-1000 d7=-990 d8=-963 d9=-937 v=-128 a=-88 ax=-24 ay=0 az=280 amb=0 spad=691 ivs=165 iva=0 tvs=165 tva=0 label=0
[CSV] d0=-940 d1=-976 d2=-992 d3=-1000 d4=-1000 d5=-1000 d6=-1000 d7=-1000 d8=-990 d9=-963 v=-180 a=-93 ax=-24 ay=0 az=280 amb=0 spad=573 ivs=165 iva=0 tvs=165 tva=0 label=0
[CSV] d0=-897 d1=-940 d2=-976 d3=-992 d4=-1000 d5=-1000 d6=-1000 d7=-1000 d8=-1000 d9=-990 v=-224 a=-86 ax=-24 ay=0 az=280 amb=128 spad=551 ivs=165 iva=0 tvs=165 tva=0 label=0
[CSV] d0=-832 d1=-897 d2=-940 d3=-976 d4=-992 d5=-1000 d6=-1000 d7=-1000 d8=-1000 d9=-1000 v=-264 a=-69 ax=-24 ay=0 az=281 amb=32 spad=750 ivs=165 iva=0 tvs=165 tva=0 label=0
[CSV] d0=-739 d1=-832 d2=-897 d3=-940 d4=-976 d5=-992 d6=-1000 d7=-1000 d8=-1000 d9=-1000 v=-384 a=-78 ax=-23 ay=0 az=280 amb=256 spad=539 ivs=165 iva=0 tvs=165 tva=0 label=0
[CSV] d0=-648 d1=-739 d2=-832 d3=-897 d4=-940 d5=-976 d6=-992 d7=-1000 d8=-1000 d9=-1000 v=-496 a=-105 ax=-24 ay=0 az=280 amb=224 spad=683 ivs=165 iva=0 tvs=165 tva=0 label=0
[CSV] d0=-547 d1=-648 d2=-739 d3=-832 d4=-897 d5=-940 d6=-976 d7=-992 d8=-1000 d9=-1000 v=-596 a=-131 ax=-23 ay=0 az=281 amb=672 spad=813 ivs=165 iva=0 tvs=165 tva=0 label=0
[CSV] d0=-467 d1=-547 d2=-648 d3=-739 d4=-832 d5=-897 d6=-940 d7=-976 d8=-992 d9=-1000 v=-624 a=-126 ax=-24 ay=0 az=280 amb=1000 spad=601 ivs=165 iva=0 tvs=165 tva=0 label=0
[CSV] d0=-414 d1=-467 d2=-547 d3=-648 d4=-739 d5=-832 d6=-897 d7=-940 d8=-976 d9=-992 v=-560 a=-64 ax=-24 ay=0 az=280 amb=928 spad=482 ivs=165 iva=0 tvs=165 tva=0 label=0
[CSV] d0=-312 d1=-414 d2=-467 d3=-547 d4=-648 d5=-739 d6=-832 d7=-897 d8=-940 d9=-976 v=-544 a=-8 ax=-23 ay=0 az=281 amb=1000 spad=361 ivs=165 iva=0 tvs=165 tva=0 label=0
[CSV] d0=-225 d1=-312 d2=-414 d3=-467 d4=-547 d5=-648 d6=-739 d7=-832 d8=-897 d9=-940 v=-540 a=26 ax=-23 ay=0 az=280 amb=768 spad=292 ivs=165 iva=0 tvs=165 tva=0 label=0
[CSV] d0=-156 d1=-225 d2=-312 d3=-414 d4=-467 d5=-547 d6=-648 d7=-739 d8=-832 d9=-897 v=-548 a=23 ax=-23 ay=0 az=280 amb=736 spad=242 ivs=165 iva=0 tvs=165 tva=0 label=0
[CSV] d0=-86 d1=-156 d2=-225 d3=-312 d4=-414 d5=-467 d6=-547 d7=-648 d8=-739 d9=-832 v=-548 a=2 ax=-23 ay=0 az=280 amb=736 spad=204 ivs=165 iva=0 tvs=165 tva=0 label=1
[CSV] d0=-38 d1=-86 d2=-156 d3=-225 d4=-312 d5=-414 d6=-467 d7=-547 d8=-648 d9=-739 v=-464 a=20 ax=-24 ay=0 az=281 amb=480 spad=196 ivs=165 iva=0 tvs=165 tva=0 label=1
[CSV] d0=-16 d1=-38 d2=-86 d3=-156 d4=-225 d5=-312 d6=-414 d7=-467 d8=-547 d9=-648 v=-364 a=59 ax=-23 ay=0 az=281 amb=640 spad=186 ivs=165 iva=0 tvs=165 tva=0 label=1
[CSV] d0=16 d1=-16 d2=-38 d3=-86 d4=-156 d5=-225 d6=-312 d7=-414 d8=-467 d9=-547 v=-280 a=96 ax=-23 ay=0 az=281 amb=960 spad=153 ivs=165 iva=0 tvs=165 tva=0 label=1
[CSV] d0=44 d1=16 d2=-16 d3=-38 d4=-86 d5=-156 d6=-225 d7=-312 d8=-414 d9=-467 v=-212 a=114 ax=-24 ay=0 az=280 amb=1000 spad=139 ivs=165 iva=0 tvs=165 tva=0 label=1
[CSV] d0=72 d1=44 d2=16 d3=-16 d4=-38 d5=-86 d6=-156 d7=-225 d8=-312 d9=-414 v=-188 a=94 ax=-23 ay=0 az=281 amb=1000 spad=136 ivs=165 iva=0 tvs=165 tva=0 label=1
[CSV] d0=123 d1=72 d2=44 d3=16 d4=-16 d5=-38 d6=-86 d7=-156 d8=-225 d9=-312 v=-224 a=50 ax=-24 ay=0 az=281 amb=768 spad=137 ivs=165 iva=0 tvs=165 tva=0 label=1
[HB] up_ms=104291 frames=2807 inf=2807 hazard=836 canary_err=0 q=0 qovr=0
[I2C] init=0 gate=0 whoami=0x140e0 wr=0 w[CSV] d0=155 d1=123 d2=72 d3=44 d4=16 d5=-16 d6=-38 d7=-86 d8=-156 d9=-225 v=-240 a=9 ax=-23 ay=0 az=280 amb=1000 spad=106 ivs=165 iva=0 tvs=165 tva=0 label=1
rseen=0x27 addr=0x5a ok=19610 err=0 tmo=0 recov=1 pclk1=200000000 sysclk=400000000
[NAK] nacks=0
[CLK] cpu=800000000 sysb=400000000 pclk1=200000000
[TOF] res=0 step=0 id=0xeacc blk=0xeacc10 ctl=0x0
[RNG] init=0 step=99 id=0xeacc boot=1 calls=93 xerr=0 dm=1[CSV] d0=156 d1=155 d2=123 d3=72 d4=44 d5=16 d6=-16 d7=-38 d8=-86 d9=-156 v=-208 a=-6 ax=-24 ay=0 az=280 amb=960 spad=120 ivs=165 iva=0 tvs=165 tva=0 label=1
 tb=15
[RNG] osc=41 imp=881 imprb=881 mstart=0x40 cfg=91 cfgfail=0x0 vhv=0 vpolls=0
[PRT] calls=11349 xerr=0 ler=1 lidx=0x0 perr=0 maxcnt=17 addr8=0x52
[RTY] wr=0 wmax=0 wref=0  rd=0 rmax=0 rref=0
[RNG] frames=2164 last=580 min=2 max=794 nrdy=0 dxfer=0 dsta[CSV] d0=153 d1=156 d2=155 d3=123 d4=72 d5=44 d6=16 d7=-16 d8=-38 d9=-86 v=-132 a=17 ax=-23 ay=0 az=280 amb=640 spad=126 ivs=165 iva=0 tvs=165 tva=0 label=1
t=645 lst=7 nrdyerr=0 dclr=0
[DRV] init=0 id=7 mode=0x1 lib=0x2 seq=0x1 odc=0x8b sts=0xe0 armed=1
[TRG] pulses=147 suppressed=692 cyc=1600 rst=1 rstmode=0x40
[HLT] polls=56 faults=0x0 cfglost=0 rearm=0 rearmfail=0
[EFF] n=5 last=58476 min=58476 max=58594 lat[CSV] d0=102 d1=153 d2=156 d3=155 d4=123 d5=72 d6=44 d7=16 d8=-16 d9=-38 v=28 a=82 ax=-23 ay=0 az=281 amb=864 spad=116 ivs=165 iva=0 tvs=165 tva=0 label=1
e=0 stuck=0 rderr=0
[IMU] init=0 addr=0x68 who=0x68 rst=1 pmrb0=0x40 pmrb=0x1 sr=19 cfg=4 gcfg=0x0 acfg=0x8 icfg=0x30 ien=0x1 armed=1
[ACC] reads=2811 stale=2805 rderr=0 ax=-95 ay=-4 az=1124
[PWR] pm=0x1 drift=0 rderr=0
[DWT] ok=1 cyc=1799979318 cyc_per_ms=797[CSV] d0=179 d1=102 d2=153 d3=156 d4=155 d5=123 d6=72 d7=44 d8=16 d9=-16 v=4 a=97 ax=-24 ay=0 az=281 amb=768 spad=113 ivs=165 iva=0 tvs=165 tva=0 label=1
263
[CSV] d0=22 d1=179 d2=102 d3=153 d4=156 d5=155 d6=123 d7=72 d8=44 d9=16 v=164 a=119 ax=-24 ay=-1 az=280 amb=896 spad=114 ivs=165 iva=0 tvs=165 tva=0 label=1
[CSV] d0=64 d1=22 d2=179 d3=102 d4=153 d5=156 d6=155 d7=123 d8=72 d9=44 v=176 a=101 ax=-23 ay=0 az=281 amb=800 spad=104 ivs=165 iva=0 tvs=165 tva=0 label=1
[CSV] d0=-64 d1=64 d2=22 d3=179 d4=102 d5=153 d6=156 d7=155 d8=123 d9=72 v=304 a=97 ax=-24 ay=0 az=281 amb=832 spad=105 ivs=165 iva=0 tvs=165 tva=0 label=1
[CSV] d0=-36 d1=-64 d2=64 d3=22 d4=179 d5=102 d6=153 d7=156 d8=155 d9=123 v=352 a=113 ax=-24 ay=0 az=281 amb=1000 spad=92 ivs=165 iva=0 tvs=165 tva=0 label=1
[CSV] d0=-36 d1=-36 d2=-64 d3=64 d4=22 d5=179 d6=102 d7=153 d8=156 d9=155 v=352 a=113 ax=-23 ay=0 az=281 amb=1000 spad=92 ivs=165 iva=0 tvs=90 tva=1 label=1
[CSV] d0=-104 d1=-36 d2=-36 d3=-64 d4=64 d5=22 d6=179 d7=102 d8=153 d9=156 v=200 a=19 ax=-23 ay=0 az=280 amb=1000 spad=94 ivs=165 iva=0 tvs=165 tva=0 label=0
[CSV] d0=-152 d1=-104 d2=-36 d3=-36 d4=-64 d5=64 d6=22 d7=179 d8=102 d9=153 v=240 a=-3 ax=-23 ay=0 az=279 amb=1000 spad=93 ivs=165 iva=0 tvs=165 tva=0 label=0
[CSV] d0=-152 d1=-152 d2=-104 d3=-36 d4=-36 d5=-64 d6=64 d7=22 d8=179 d9=102 v=240 a=-3 ax=-23 ay=0 az=280 amb=1000 spad=93 ivs=165 iva=0 tvs=90 tva=1 label=0
[CSV] d0=-152 d1=-152 d2=-152 d3=-104 d4=-36 d5=-36 d6=-64 d7=64 d8=22 d9=179 v=240 a=-3 ax=-23 ay=-1 az=281 amb=1000 spad=93 ivs=165 iva=0 tvs=90 tva=2 label=0
[CSV] d0=-152 d1=-152 d2=-152 d3=-152 d4=-104 d5=-36 d6=-36 d7=-64 d8=64 d9=22 v=240 a=-3 ax=-23 ay=0 az=281 amb=1000 spad=93 ivs=165 iva=0 tvs=0 tva=3 label=0
[CSV] d0=-152 d1=-152 d2=-152 d3=-152 d4=-152 d5=-104 d6=-36 d7=-36 d8=-64 d9=64 v=240 a=-3 ax=-23 ay=-1 az=281 amb=1000 spad=93 ivs=165 iva=0 tvs=0 tva=4 label=0
[CSV] d0=-152 d1=-152 d2=-152 d3=-152 d4=-152 d5=-152 d6=-104 d7=-36 d8=-36 d9=-64 v=240 a=-3 ax=-24 ay=0 az=281 amb=1000 spad=93 ivs=165 iva=0 tvs=0 tva=5 label=0
[CSV] d0=-152 d1=-152 d2=-152 d3=-152 d4=-152 d5=-152 d6=-152 d7=-104 d8=-36 d9=-36 v=240 a=-3 ax=-23 ay=0 az=282 amb=1000 spad=93 ivs=165 iva=0 tvs=0 tva=6 label=0
[CSV] d0=-152 d1=-152 d2=-152 d3=-152 d4=-152 d5=-152 d6=-152 d7=-152 d8=-104 d9=-36 v=240 a=-3 ax=-23 ay=0 az=280 amb=1000 spad=93 ivs=165 iva=0 tvs=0 tva=7 label=0
[CSV] d0=-152 d1=-152 d2=-152 d3=-152 d4=-152 d5=-152 d6=-152 d7=-152 d8=-152 d9=-104 v=240 a=-3 ax=-23 ay=0 az=280 amb=1000 spad=93 ivs=165 iva=0 tvs=0 tva=8 label=0
[CSV] d0=-152 d1=-152 d2=-152 d3=-152 d4=-152 d5=-152 d6=-152 d7=-152 d8=-152 d9=-152 v=240 a=-3 ax=-24 ay=0 az=280 amb=1000 spad=93 ivs=165 iva=0 tvs=0 tva=9 label=0
[CSV] d0=-152 d1=-152 d2=-152 d3=-152 d4=-152 d5=-152 d6=-152 d7=-152 d8=-152 d9=-152 v=240 a=-3 ax=-24 ay=0 az=280 amb=1000 spad=93 ivs=165 iva=0 tvs=0 tva=10 label=0
[CSV] d0=-116 d1=-152 d2=-152 d3=-152 d4=-152 d5=-152 d6=-152 d7=-152 d8=-152 d9=-152 v=24 a=-27 ax=-23 ay=0 az=280 amb=640 spad=104 ivs=165 iva=0 tvs=165 tva=0 label=0
[CSV] d0=17 d1=-116 d2=-152 d3=-152 d4=-152 d5=-152 d6=-152 d7=-152 d8=-152 d9=-152 v=-20 a=-28 ax=-23 ay=0 az=281 amb=1000 spad=95 ivs=165 iva=0 tvs=165 tva=0 label=1
[CSV] d0=-163 d1=17 d2=-116 d3=-152 d4=-152 d5=-152 d6=-152 d7=-152 d8=-152 d9=-152 v=-20 a=-24 ax=-23 ay=0 az=281 amb=832 spad=99 ivs=165 iva=0 tvs=165 tva=0 label=1
[CSV] d0=-140 d1=-163 d2=17 d3=-116 d4=-152 d5=-152 d6=-152 d7=-152 d8=-152 d9=-152 v=-20 a=-27 ax=-23 ay=0 az=281 amb=1000 spad=84 ivs=165 iva=0 tvs=165 tva=0 label=1
[CSV] d0=-140 d1=-140 d2=-163 d3=17 d4=-116 d5=-152 d6=-152 d7=-152 d8=-152 d9=-152 v=-20 a=-27 ax=-23 ay=0 az=280 amb=1000 spad=84 ivs=165 iva=0 tvs=90 tva=1 label=1
[CSV] d0=-59 d1=-140 d2=-140 d3=-163 d4=17 d5=-116 d6=-152 d7=-152 d8=-152 d9=-152 v=4 a=-2 ax=-23 ay=0 az=281 amb=704 spad=112 ivs=165 iva=0 tvs=165 tva=0 label=1
[CSV] d0=-120 d1=-59 d2=-140 d3=-140 d4=-163 d5=17 d6=-116 d7=-152 d8=-152 d9=-152 v=68 a=21 ax=-23 ay=0 az=281 amb=416 spad=126 ivs=165 iva=0 tvs=165 tva=0 label=1
[CSV] d0=32 d1=-120 d2=-59 d3=-140 d4=-140 d5=-163 d6=17 d7=-116 d8=-152 d9=-152 v=-216 a=-27 ax=-23 ay=0 az=280 amb=608 spad=117 ivs=165 iva=0 tvs=165 tva=0 label=1
[CSV] d0=-17 d1=32 d2=-120 d3=-59 d4=-140 d5=-140 d6=-163 d7=17 d8=-116 d9=-152 v=-196 a=-58 ax=-23 ay=0 az=281 amb=672 spad=129 ivs=165 iva=0 tvs=165 tva=0 label=1
[CSV] d0=24 d1=-17 d2=32 d3=-120 d4=-59 d5=-140 d6=-140 d7=-163 d8=17 d9=-116 v=-184 a=-87 ax=-24 ay=0 az=281 amb=768 spad=126 ivs=165 iva=0 tvs=165 tva=0 label=1
[HB] up_ms=105464 frames=2839 inf=2839 hazard=855 canary_err=0 q=0 qov[CSV] d0=12 d1=24 d2=-17 d3=32 d4=-120 d5=-59 d6=-140 d7=-140 d8=-163 d9=17 v=-172 a=-60 ax=-23 ay=0 az=280 amb=672 spad=141 ivs=165 iva=0 tvs=165 tva=0 label=1
r=0
[I2C] init=0 gate=0 whoami=0x140e0 wr=0 wrseen=0x27 addr=0x5a ok=19808 err=0 tmo=0 recov=1 pclk1=200000000 sysclk=400000000
[NAK] nacks=0
[CLK] cpu=800000000 sysb=400000000 pclk1=200000000
[TOF] res=0 step=0 id=0xeacc blk=0xeacc10 ctl=0x0
[RNG] init=[CSV] d0=19 d1=12 d2=24 d3=-17 d4=32 d5=-120 d6=-59 d7=-140 d8=-140 d9=-163 v=-4 a=60 ax=-23 ay=0 az=281 amb=1000 spad=151 ivs=165 iva=0 tvs=165 tva=0 label=1
0 step=99 id=0xeacc boot=1 calls=93 xerr=0 dm=1 tb=15
[RNG] osc=41 imp=881 imprb=881 mstart=0x40 cfg=91 cfgfail=0x0 vhv=0 vpolls=0
[PRT] calls=11477 xerr=0 ler=1 lidx=0x0 perr=0 maxcnt=17 addr8=0x52
[RTY] wr=0 wmax=0 wref=0  rd=0 rmax=0 rref=0
[RNG] frame[CSV] d0=-1 d1=19 d2=12 d3=24 d4=-17 d5=32 d6=-120 d7=-59 d8=-140 d9=-140 v=-20 a=71 ax=-23 ay=0 az=280 amb=896 spad=175 ivs=165 iva=0 tvs=165 tva=0 label=1
s=2187 last=266 min=2 max=794 nrdy=0 dxfer=0 dstat=654 lst=7 nrdyerr=0 dclr=0
[DRV] init=0 id=7 mode=0x1 lib=0x2 seq=0x1 odc=0x8b sts=0xe0 armed=1
[TRG] pulses=152 suppressed=706 cyc=1600 rst=1 rstmode=0x40
[HLT] polls=56 faults=0x0 cfglost=0 rearm=0 rearmfa[CSV] d0=-52 d1=-1 d2=19 d3=12 d4=24 d5=-17 d6=32 d7=-120 d8=-59 d9=-140 v=112 a=100 ax=-24 ay=0 az=281 amb=1000 spad=181 ivs=165 iva=0 tvs=165 tva=0 label=1
il=0
[EFF] n=5 last=58476 min=58476 max=58594 late=0 stuck=0 rderr=0
[IMU] init=0 addr=0x68 who=0x68 rst=1 pmrb0=0x40 pmrb=0x1 sr=19 cfg=4 gcfg=0x0 acfg=0x8 icfg=0x30 ien=0x1 armed=1
[ACC] reads=2843 stale=2837 rderr=0 ax=-93 ay=-2 az=1124
[PWR] pm=0x1 drift[CSV] d0=-96 d1=-52 d2=-1 d3=19 d4=12 d5=24 d6=-17 d7=32 d8=-120 d9=-59 v=196 a=115 ax=-23 ay=0 az=280 amb=1000 spad=209 ivs=165 iva=0 tvs=165 tva=0 label=1
=0 rderr=0
[DWT] ok=1 cyc=2750084082 cyc_per_ms=809978
[CSV] d0=-166 d1=-96 d2=-52 d3=-1 d4=19 d5=12 d6=24 d7=-17 d8=32 d9=-120 v=316 a=115 ax=-23 ay=0 az=281 amb=1000 spad=257 ivs=165 iva=0 tvs=165 tva=0 label=1
[CSV] d0=-230 d1=-166 d2=-96 d3=-52 d4=-1 d5=19 d6=12 d7=24 d8=-17 d9=32 v=384 a=136 ax=-23 ay=-1 az=280 amb=768 spad=335 ivs=165 iva=0 tvs=165 tva=0 label=1
[CSV] d0=-302 d1=-230 d2=-166 d3=-96 d4=-52 d5=-1 d6=19 d7=12 d8=24 d9=-17 v=428 a=110 ax=-23 ay=0 az=280 amb=768 spad=436 ivs=165 iva=0 tvs=165 tva=0 label=1
[CSV] d0=-377 d1=-302 d2=-230 d3=-166 d4=-96 d5=-52 d6=-1 d7=19 d8=12 d9=24 v=476 a=91 ax=-23 ay=0 az=281 amb=704 spad=549 ivs=165 iva=0 tvs=165 tva=0 label=1
[CSV] d0=-411 d1=-377 d2=-302 d3=-230 d4=-166 d5=-96 d6=-52 d7=-1 d8=19 d9=12 v=432 a=44 ax=-23 ay=0 az=280 amb=896 spad=600 ivs=165 iva=0 tvs=165 tva=0 label=1
[CSV] d0=-483 d1=-411 d2=-377 d3=-302 d4=-230 d5=-166 d6=-96 d7=-52 d8=-1 d9=19 v=420 a=10 ax=-24 ay=0 az=280 amb=1000 spad=782 ivs=165 iva=0 tvs=165 tva=0 label=1
[CSV] d0=-534 d1=-483 d2=-411 d3=-377 d4=-302 d5=-230 d6=-166 d7=-96 d8=-52 d9=-1 v=388 a=-18 ax=-24 ay=0 az=280 amb=800 spad=731 ivs=165 iva=0 tvs=165 tva=0 label=1
[CSV] d0=-601 d1=-534 d2=-483 d3=-411 d4=-377 d5=-302 d6=-230 d7=-166 d8=-96 d9=-52 v=384 a=-30 ax=-24 ay=0 az=281 amb=416 spad=839 ivs=165 iva=0 tvs=165 tva=0 label=1
[CSV] d0=-654 d1=-601 d2=-534 d3=-483 d4=-411 d5=-377 d6=-302 d7=-230 d8=-166 d9=-96 v=408 a=-11 ax=-23 ay=0 az=281 amb=352 spad=790 ivs=165 iva=0 tvs=165 tva=0 label=1
[CSV] d0=-676 d1=-654 d2=-601 d3=-534 d4=-483 d5=-411 d6=-377 d7=-302 d8=-230 d9=-166 v=344 a=-17 ax=-23 ay=0 az=279 amb=416 spad=789 ivs=165 iva=0 tvs=165 tva=0 label=0
[CSV] d0=-710 d1=-676 d2=-654 d3=-601 d4=-534 d5=-483 d6=-411 d7=-377 d8=-302 d9=-230 v=288 a=-32 ax=-23 ay=0 az=281 amb=160 spad=522 ivs=165 iva=0 tvs=165 tva=0 label=0
[CSV] d0=-766 d1=-710 d2=-676 d3=-654 d4=-601 d5=-534 d6=-483 d7=-411 d8=-377 d9=-302 v=260 a=-49 ax=-23 ay=0 az=281 amb=160 spad=762 ivs=165 iva=0 tvs=165 tva=0 label=0
[CSV] d0=-806 d1=-766 d2=-710 d3=-676 d4=-654 d5=-601 d6=-534 d7=-483 d8=-411 d9=-377 v=268 a=-49 ax=-23 ay=0 az=281 amb=64 spad=681 ivs=165 iva=0 tvs=165 tva=0 label=0
[CSV] d0=-838 d1=-806 d2=-766 d3=-710 d4=-676 d5=-654 d6=-601 d7=-534 d8=-483 d9=-411 v=288 a=-18 ax=-23 ay=0 az=280 amb=64 spad=824 ivs=165 iva=0 tvs=165 tva=0 label=0
[CSV] d0=-867 d1=-838 d2=-806 d3=-766 d4=-710 d5=-676 d6=-654 d7=-601 d8=-534 d9=-483 v=268 a=-1 ax=-23 ay=0 az=280 amb=32 spad=354 ivs=165 iva=0 tvs=165 tva=0 label=0
[CSV] d0=-876 d1=-867 d2=-838 d3=-806 d4=-766 d5=-710 d6=-676 d7=-654 d8=-601 d9=-534 v=196 a=-17 ax=-23 ay=0 az=280 amb=0 spad=474 ivs=165 iva=0 tvs=165 tva=0 label=0
[CSV] d0=-897 d1=-876 d2=-867 d3=-838 d4=-806 d5=-766 d6=-710 d7=-676 d8=-654 d9=-601 v=152 a=-45 ax=-23 ay=0 az=280 amb=64 spad=628 ivs=165 iva=0 tvs=165 tva=0 label=0
[CSV] d0=-932 d1=-897 d2=-876 d3=-867 d4=-838 d5=-806 d6=-766 d7=-710 d8=-676 d9=-654 v=152 a=-53 ax=-23 ay=0 az=281 amb=128 spad=823 ivs=165 iva=0 tvs=165 tva=0 label=0
[CSV] d0=-937 d1=-932 d2=-897 d3=-876 d4=-867 d5=-838 d6=-806 d7=-766 d8=-710 d9=-676 v=136 a=-42 ax=-23 ay=0 az=281 amb=32 spad=785 ivs=165 iva=0 tvs=165 tva=0 label=0
[CSV] d0=-945 d1=-937 d2=-932 d3=-897 d4=-876 d5=-867 d6=-838 d7=-806 d8=-766 d9=-710 v=120 a=-23 ax=-23 ay=0 az=280 amb=0 spad=638 ivs=165 iva=0 tvs=165 tva=0 label=0
[CSV] d0=-958 d1=-945 d2=-937 d3=-932 d4=-897 d5=-876 d6=-867 d7=-838 d8=-806 d9=-766 v=92 a=-20 ax=-23 ay=0 az=281 amb=0 spad=787 ivs=165 iva=0 tvs=165 tva=0 label=0
[CSV] d0=-977 d1=-958 d2=-945 d3=-937 d4=-932 d5=-897 d6=-876 d7=-867 d8=-838 d9=-806 v=76 a=-26 ax=-24 ay=0 az=280 amb=0 spad=486 ivs=165 iva=0 tvs=165 tva=0 label=0
[CSV] d0=-977 d1=-977 d2=-958 d3=-945 d4=-937 d5=-932 d6=-897 d7=-876 d8=-867 d9=-838 v=76 a=-22 ax=-24 ay=-1 az=281 amb=64 spad=603 ivs=165 iva=0 tvs=165 tva=0 label=0
[CSV] d0=-992 d1=-977 d2=-977 d3=-958 d4=-945 d5=-937 d6=-932 d7=-897 d8=-876 d9=-867 v=76 a=-14 ax=-23 ay=0 az=281 amb=96 spad=676 ivs=165 iva=0 tvs=165 tva=0 label=0
[CSV] d0=-993 d1=-992 d2=-977 d3=-977 d4=-958 d5=-945 d6=-937 d7=-932 d8=-897 d9=-876 v=56 a=-9 ax=-24 ay=0 az=280 amb=0 spad=697 ivs=165 iva=0 tvs=165 tva=0 label=0
[CSV] d0=-992 d1=-993 d2=-992 d3=-977 d4=-977 d5=-958 d6=-945 d7=-937 d8=-932 d9=-897 v=32 a=-14 ax=-24 ay=-1 az=281 amb=64 spad=627 ivs=165 iva=0 tvs=165 tva=0 label=0
[CSV] d0=-980 d1=-992 d2=-993 d3=-992 d4=-977 d5=-977 d6=-958 d7=-945 d8=-937 d9=-932 v=4 a=-25 ax=-23 ay=0 az=280 amb=96 spad=506 ivs=165 iva=0 tvs=165 tva=0 label=0
[HB] up_ms=106638 frames=2871 inf=2871 hazard=869 canary_err=0 q=0 qovr=0
[I2C] init=0 gate=0 whoami=0x140e0 wr=0 wrseen=0x27 [CSV] d0=-969 d1=-980 d2=-992 d3=-993 d4=-992 d5=-977 d6=-977 d7=-958 d8=-945 d9=-937 v=-40 a=-38 ax=-24 ay=0 az=281 amb=64 spad=677 ivs=165 iva=0 tvs=165 tva=0 label=0
addr=0x5a ok=19996 err=0 tmo=0 recov=1 pclk1=200000000 sysclk=400000000
[NAK] nacks=0
[CLK] cpu=800000000 sysb=400000000 pclk1=200000000
[TOF] res=0 step=0 id=0xeacc blk=0xeacc10 ctl=0x0
[RNG] init=0 step=99 id=0xeacc boot=1 calls=93 xerr=0 dm=1 tb=15
[RNG][CSV] d0=-936 d1=-969 d2=-980 d3=-992 d4=-993 d5=-992 d6=-977 d7=-977 d8=-958 d9=-945 v=-92 a=-49 ax=-24 ay=0 az=281 amb=160 spad=722 ivs=165 iva=0 tvs=165 tva=0 label=0
 osc=41 imp=881 imprb=881 mstart=0x40 cfg=91 cfgfail=0x0 vhv=0 vpolls=0
[PRT] calls=11605 xerr=0 ler=1 lidx=0x0 perr=0 maxcnt=17 addr8=0x52
[RTY] wr=0 wmax=0 wref=0  rd=0 rmax=0 rref=0
[RNG] frames=2219 last=485 min=2 max=794 nrdy=0 dxfer=0 dstat=654 lst=7 [CSV] d0=-907 d1=-936 d2=-969 d3=-980 d4=-992 d5=-993 d6=-992 d7=-977 d8=-977 d9=-958 v=-144 a=-60 ax=-24 ay=0 az=280 amb=96 spad=631 ivs=165 iva=0 tvs=165 tva=0 label=0
nrdyerr=0 dclr=0
[DRV] init=0 id=7 mode=0x1 lib=0x2 seq=0x1 odc=0x8b sts=0xe0 armed=1
[TRG] pulses=153 suppressed=716 cyc=1600 rst=1 rstmode=0x40
[HLT] polls=57 faults=0x0 cfglost=0 rearm=0 rearmfail=0
[EFF] n=5 last=58476 min=58476 max=58594 late=0 stuck=[CSV] d0=-876 d1=-907 d2=-936 d3=-969 d4=-980 d5=-992 d6=-993 d7=-992 d8=-977 d9=-977 v=-184 a=-64 ax=-23 ay=0 az=280 amb=0 spad=505 ivs=165 iva=0 tvs=165 tva=0 label=0
0 rderr=0
[IMU] init=0 addr=0x68 who=0x68 rst=1 pmrb0=0x40 pmrb=0x1 sr=19 cfg=4 gcfg=0x0 acfg=0x8 icfg=0x30 ien=0x1 armed=1
[ACC] reads=2875 stale=2869 rderr=0 ax=-96 ay=-1 az=1123
[PWR] pm=0x1 drift=0 rderr=0
[DWT] ok=1 cyc=3681058466 cyc_per_ms=792993
[CSV] d0=-830 d1=-876 d2=-907 d3=-936 d4=-969 d5=-980 d6=-992 d7=-993 d8=-992 d9=-977 v=-228 a=-63 ax=-23 ay=0 az=280 amb=32 spad=757 ivs=165 iva=0 tvs=165 tva=0 label=0
[CSV] d0=-790 d1=-830 d2=-876 d3=-907 d4=-936 d5=-969 d6=-980 d7=-992 d8=-993 d9=-992 v=-248 a=-53 ax=-24 ay=0 az=280 amb=128 spad=575 ivs=165 iva=0 tvs=165 tva=0 label=0
[CSV] d0=-747 d1=-790 d2=-830 d3=-876 d4=-907 d5=-936 d6=-969 d7=-980 d8=-992 d9=-993 v=-276 a=-44 ax=-23 ay=0 az=281 amb=192 spad=591 ivs=165 iva=0 tvs=165 tva=0 label=0
[CSV] d0=-680 d1=-747 d2=-790 d3=-830 d4=-876 d5=-907 d6=-936 d7=-969 d8=-980 d9=-992 v=-324 a=-44 ax=-24 ay=0 az=280 amb=576 spad=772 ivs=165 iva=0 tvs=165 tva=0 label=0
[CSV] d0=-660 d1=-680 d2=-747 d3=-790 d4=-830 d5=-876 d6=-907 d7=-936 d8=-969 d9=-980 v=-304 a=-30 ax=-24 ay=0 az=281 amb=224 spad=764 ivs=165 iva=0 tvs=165 tva=0 label=0
[CSV] d0=-582 d1=-660 d2=-680 d3=-747 d4=-790 d5=-830 d6=-876 d7=-907 d8=-936 d9=-969 v=-340 a=-28 ax=-23 ay=-1 az=280 amb=576 spad=780 ivs=165 iva=0 tvs=165 tva=0 label=0
[CSV] d0=-531 d1=-582 d2=-660 d3=-680 d4=-747 d5=-790 d6=-830 d7=-876 d8=-907 d9=-936 v=-356 a=-23 ax=-23 ay=0 az=280 amb=768 spad=779 ivs=165 iva=0 tvs=165 tva=0 label=0
[CSV] d0=-452 d1=-531 d2=-582 d3=-660 d4=-680 d5=-747 d6=-790 d7=-830 d8=-876 d9=-907 v=-396 a=-26 ax=-23 ay=0 az=281 amb=736 spad=676 ivs=165 iva=0 tvs=165 tva=0 label=0
[CSV] d0=-358 d1=-452 d2=-531 d3=-582 d4=-660 d5=-680 d6=-747 d7=-790 d8=-830 d9=-876 v=-492 a=-58 ax=-24 ay=0 az=280 amb=576 spad=532 ivs=165 iva=0 tvs=165 tva=0 label=0
[CSV] d0=-304 d1=-358 d2=-452 d3=-531 d4=-582 d5=-660 d6=-680 d7=-747 d8=-790 d9=-830 v=-488 a=-57 ax=-23 ay=0 az=280 amb=1000 spad=411 ivs=165 iva=0 tvs=165 tva=0 label=0
[CSV] d0=-232 d1=-304 d2=-358 d3=-452 d4=-531 d5=-582 d6=-660 d7=-680 d8=-747 d9=-790 v=-496 a=-49 ax=-23 ay=-1 az=280 amb=704 spad=365 ivs=165 iva=0 tvs=165 tva=0 label=0
[CSV] d0=-216 d1=-232 d2=-304 d3=-358 d4=-452 d5=-531 d6=-582 d7=-660 d8=-680 d9=-747 v=-396 a=0 ax=-24 ay=0 az=280 amb=800 spad=315 ivs=165 iva=0 tvs=165 tva=0 label=0
[CSV] d0=-144 d1=-216 d2=-232 d3=-304 d4=-358 d5=-452 d6=-531 d7=-582 d8=-660 d9=-680 v=-340 a=52 ax=-23 ay=0 az=281 amb=992 spad=280 ivs=165 iva=0 tvs=165 tva=0 label=1
[CSV] d0=-96 d1=-144 d2=-216 d3=-232 d4=-304 d5=-358 d6=-452 d7=-531 d8=-582 d9=-660 v=-332 a=62 ax=-23 ay=0 az=280 amb=896 spad=243 ivs=165 iva=0 tvs=165 tva=0 label=1
[CSV] d0=-44 d1=-96 d2=-144 d3=-216 d4=-232 d5=-304 d6=-358 d7=-452 d8=-531 d9=-582 v=-328 a=53 ax=-23 ay=0 az=280 amb=1000 spad=210 ivs=165 iva=0 tvs=165 tva=0 label=1
[CSV] d0=-4 d1=-44 d2=-96 d3=-144 d4=-216 d5=-232 d6=-304 d7=-358 d8=-452 d9=-531 v=-352 a=13 ax=-23 ay=0 az=280 amb=960 spad=183 ivs=165 iva=0 tvs=165 tva=0 label=1
[CSV] d0=38 d1=-4 d2=-44 d3=-96 d4=-144 d5=-216 d6=-232 d7=-304 d8=-358 d9=-452 v=-308 a=6 ax=-24 ay=0 az=280 amb=576 spad=183 ivs=165 iva=0 tvs=165 tva=0 label=1
[CSV] d0=51 d1=38 d2=-4 d3=-44 d4=-96 d5=-144 d6=-216 d7=-232 d8=-304 d9=-358 v=-256 a=23 ax=-24 ay=0 az=280 amb=832 spad=181 ivs=165 iva=0 tvs=165 tva=0 label=1
[CSV] d0=94 d1=51 d2=38 d3=-4 d4=-44 d5=-96 d6=-144 d7=-216 d8=-232 d9=-304 v=-224 a=41 ax=-23 ay=0 az=280 amb=864 spad=159 ivs=165 iva=0 tvs=165 tva=0 label=1
[CSV] d0=70 d1=94 d2=51 d3=38 d4=-4 d5=-44 d6=-96 d7=-144 d8=-216 d9=-232 v=-140 a=68 ax=-24 ay=0 az=280 amb=1000 spad=136 ivs=165 iva=0 tvs=165 tva=0 label=1
[CSV] d0=123 d1=70 d2=94 d3=51 d4=38 d5=-4 d6=-44 d7=-96 d8=-144 d9=-216 v=-128 a=64 ax=-23 ay=0 az=280 amb=1000 spad=125 ivs=165 iva=0 tvs=165 tva=0 label=1
[CSV] d0=128 d1=123 d2=70 d3=94 d4=51 d5=38 d6=-4 d7=-44 d8=-96 d9=-144 v=-124 a=48 ax=-23 ay=0 az=281 amb=960 spad=123 ivs=165 iva=0 tvs=165 tva=0 label=1
[CSV] d0=102 d1=128 d2=123 d3=70 d4=94 d5=51 d6=38 d7=-4 d8=-44 d9=-96 v=-48 a=49 ax=-24 ay=0 az=280 amb=992 spad=111 ivs=165 iva=0 tvs=165 tva=0 label=1
[CSV] d0=40 d1=102 d2=128 d3=123 d4=70 d5=94 d6=51 d7=38 d8=-4 d9=-44 v=56 a=63 ax=-23 ay=0 az=281 amb=992 spad=113 ivs=165 iva=0 tvs=165 tva=0 label=1
[CSV] d0=22 d1=40 d2=102 d3=128 d4=123 d5=70 d6=94 d7=51 d8=38 d9=-4 v=196 a=111 ax=-23 ay=0 az=280 amb=896 spad=102 ivs=165 iva=0 tvs=165 tva=0 label=1
[CSV] d0=4 d1=22 d2=40 d3=102 d4=128 d5=123 d6=70 d7=94 d8=51 d9=38 v=220 a=126 ax=-23 ay=0 az=280 amb=992 spad=98 ivs=165 iva=0 tvs=165 tva=0 label=1
[CSV] d0=-51 d1=4 d2=22 d3=40 d4=102 d5=128 d6=123 d7=70 d8=94 d9=51 v=232 a=97 ax=-24 ay=0 az=281 amb=928 spad=99 ivs=165 iva=0 tvs=165 tva=0 label=1
[CSV] d0=-94 d1=-51 d2=4 d3=22 d4=40 d5=102 d6=128 d7=123 d8=70 d9=94 v=232 a=52 ax=-23 ay=0 az=280 amb=960 spad=98 ivs=165 iva=0 tvs=165 tva=0 label=1
[HB] up_ms=107802 frames=2903 inf=2903 hazard=885 canary_err=0 q=0 qovr=0
[I2C] init=0 gate=0 whoami=0x140e0 wr=0 wrseen=0x27 addr=0x5a ok=20190 err=0 tmo=0 recov=1 pclk1=200000000 sysclk=400000000
[NAK] nacks=0
[CLK] cpu=800000[CSV] d0=-241 d1=-94 d2=-51 d3=4 d4=22 d5=40 d6=102 d7=128 d8=123 d9=70 v=424 a=63 ax=-23 ay=0 az=281 amb=1000 spad=82 ivs=165 iva=0 tvs=165 tva=0 label=1
000 sysb=400000000 pclk1=200000000
[TOF] res=0 step=0 id=0xeacc blk=0xeacc10 ctl=0x0
[RNG] init=0 step=99 id=0xeacc boot=1 calls=93 xerr=0 dm=1 tb=15
[RNG] osc=41 imp=881 imprb=881 mstart=0x40 cfg=91 cfgfail=0x0 vhv=0 vpolls=0
[PRT] calls=11729 xerr=0 ler=1 l[CSV] d0=-241 d1=-241 d2=-94 d3=-51 d4=4 d5=22 d6=40 d7=102 d8=128 d9=123 v=424 a=63 ax=-23 ay=0 az=281 amb=1000 spad=82 ivs=165 iva=0 tvs=90 tva=1 label=1
idx=0x0 perr=0 maxcnt=17 addr8=0x52
[RTY] wr=0 wmax=0 wref=0  rd=0 rmax=0 rref=0
[RNG] frames=2238 last=524 min=2 max=794 nrdy=0 dxfer=0 dstat=667 lst=7 nrdyerr=0 dclr=0
[DRV] init=0 id=7 mode=0x1 lib=0x2 seq=0x1 odc=0x8b sts=0xe0 armed=1
[TRG] pulses=159 supp[CSV] d0=-241 d1=-241 d2=-241 d3=-94 d4=-51 d5=4 d6=22 d7=40 d8=102 d9=128 v=424 a=63 ax=-23 ay=0 az=281 amb=1000 spad=82 ivs=165 iva=0 tvs=90 tva=2 label=1
ressed=728 cyc=1600 rst=1 rstmode=0x40
[HLT] polls=58 faults=0x0 cfglost=0 rearm=0 rearmfail=0
[EFF] n=5 last=58476 min=58476 max=58594 late=0 stuck=0 rderr=0
[IMU] init=0 addr=0x68 who=0x68 rst=1 pmrb0=0x40 pmrb=0x1 sr=19 cfg=4 gcfg=0x0 acfg=0x8 icfg=0x30 i[CSV] d0=-241 d1=-241 d2=-241 d3=-241 d4=-94 d5=-51 d6=4 d7=22 d8=40 d9=102 v=424 a=63 ax=-23 ay=0 az=280 amb=1000 spad=82 ivs=165 iva=0 tvs=0 tva=3 label=1
en=0x1 armed=1
[ACC] reads=2907 stale=2901 rderr=0 ax=-94 ay=0 az=1120
[PWR] pm=0x1 drift=0 rderr=0
[DWT] ok=1 cyc=313466906 cyc_per_ms=796714
[CSV] d0=-241 d1=-241 d2=-241 d3=-241 d4=-241 d5=-94 d6=-51 d7=4 d8=22 d9=40 v=424 a=63 ax=-23 ay=0 az=280 amb=1000 spad=82 ivs=165 iva=0 tvs=0 tva=4 label=1
[CSV] d0=-241 d1=-241 d2=-241 d3=-241 d4=-241 d5=-241 d6=-94 d7=-51 d8=4 d9=22 v=424 a=63 ax=-24 ay=0 az=281 amb=1000 spad=82 ivs=165 iva=0 tvs=0 tva=5 label=1
[CSV] d0=-241 d1=-241 d2=-241 d3=-241 d4=-241 d5=-241 d6=-241 d7=-94 d8=-51 d9=4 v=424 a=63 ax=-23 ay=0 az=280 amb=1000 spad=82 ivs=165 iva=0 tvs=0 tva=6 label=0
[CSV] d0=-241 d1=-241 d2=-241 d3=-241 d4=-241 d5=-241 d6=-241 d7=-241 d8=-94 d9=-51 v=424 a=63 ax=-23 ay=0 az=279 amb=1000 spad=82 ivs=165 iva=0 tvs=0 tva=7 label=0
[CSV] d0=-241 d1=-241 d2=-241 d3=-241 d4=-241 d5=-241 d6=-241 d7=-241 d8=-241 d9=-94 v=424 a=63 ax=-23 ay=0 az=280 amb=1000 spad=82 ivs=165 iva=0 tvs=0 tva=8 label=0
[CSV] d0=-241 d1=-241 d2=-241 d3=-241 d4=-241 d5=-241 d6=-241 d7=-241 d8=-241 d9=-241 v=424 a=63 ax=-23 ay=0 az=282 amb=1000 spad=82 ivs=165 iva=0 tvs=0 tva=9 label=0
[CSV] d0=-241 d1=-241 d2=-241 d3=-241 d4=-241 d5=-241 d6=-241 d7=-241 d8=-241 d9=-241 v=424 a=63 ax=-24 ay=0 az=280 amb=1000 spad=82 ivs=165 iva=0 tvs=0 tva=10 label=0
[CSV] d0=-241 d1=-241 d2=-241 d3=-241 d4=-241 d5=-241 d6=-241 d7=-241 d8=-241 d9=-241 v=424 a=63 ax=-23 ay=0 az=279 amb=1000 spad=82 ivs=165 iva=0 tvs=0 tva=11 label=0
[CSV] d0=-241 d1=-241 d2=-241 d3=-241 d4=-241 d5=-241 d6=-241 d7=-241 d8=-241 d9=-241 v=424 a=63 ax=-23 ay=0 az=280 amb=1000 spad=82 ivs=165 iva=0 tvs=0 tva=12 label=0
[CSV] d0=-241 d1=-241 d2=-241 d3=-241 d4=-241 d5=-241 d6=-241 d7=-241 d8=-241 d9=-241 v=424 a=63 ax=-24 ay=0 az=281 amb=1000 spad=82 ivs=165 iva=0 tvs=0 tva=13 label=0
[CSV] d0=-241 d1=-241 d2=-241 d3=-241 d4=-241 d5=-241 d6=-241 d7=-241 d8=-241 d9=-241 v=424 a=63 ax=-23 ay=0 az=280 amb=1000 spad=82 ivs=165 iva=0 tvs=0 tva=14 label=0
[CSV] d0=-241 d1=-241 d2=-241 d3=-241 d4=-241 d5=-241 d6=-241 d7=-241 d8=-241 d9=-241 v=424 a=63 ax=-23 ay=0 az=280 amb=1000 spad=82 ivs=165 iva=0 tvs=0 tva=15 label=0
[CSV] d0=-241 d1=-241 d2=-241 d3=-241 d4=-241 d5=-241 d6=-241 d7=-241 d8=-241 d9=-241 v=424 a=63 ax=-23 ay=0 az=281 amb=1000 spad=82 ivs=165 iva=0 tvs=0 tva=16 label=0
[CSV] d0=-241 d1=-241 d2=-241 d3=-241 d4=-241 d5=-241 d6=-241 d7=-241 d8=-241 d9=-241 v=424 a=63 ax=-24 ay=0 az=281 amb=1000 spad=82 ivs=165 iva=0 tvs=0 tva=17 label=1
[CSV] d0=-54 d1=-241 d2=-241 d3=-241 d4=-241 d5=-241 d6=-241 d7=-241 d8=-241 d9=-241 v=-4 a=-18 ax=-24 ay=0 az=280 amb=736 spad=100 ivs=165 iva=0 tvs=165 tva=0 label=1
[CSV] d0=-99 d1=-54 d2=-241 d3=-241 d4=-241 d5=-241 d6=-241 d7=-241 d8=-241 d9=-241 v=-16 a=-21 ax=-23 ay=0 az=280 amb=896 spad=93 ivs=165 iva=0 tvs=165 tva=0 label=1
[CSV] d0=-99 d1=-99 d2=-54 d3=-241 d4=-241 d5=-241 d6=-241 d7=-241 d8=-241 d9=-241 v=-16 a=-21 ax=-23 ay=0 az=280 amb=896 spad=93 ivs=165 iva=0 tvs=90 tva=1 label=1
[CSV] d0=-49 d1=-99 d2=-99 d3=-54 d4=-241 d5=-241 d6=-241 d7=-241 d8=-241 d9=-241 v=-32 a=-23 ax=-24 ay=0 az=280 amb=960 spad=106 ivs=165 iva=0 tvs=165 tva=0 label=1
[CSV] d0=44 d1=-49 d2=-99 d3=-99 d4=-54 d5=-241 d6=-241 d7=-241 d8=-241 d9=-241 v=-72 a=-31 ax=-23 ay=0 az=281 amb=960 spad=104 ivs=165 iva=0 tvs=165 tva=0 label=1
[CSV] d0=33 d1=44 d2=-49 d3=-99 d4=-99 d5=-54 d6=-241 d7=-241 d8=-241 d9=-241 v=-168 a=-38 ax=-24 ay=0 az=281 amb=896 spad=117 ivs=165 iva=0 tvs=165 tva=0 label=1
[CSV] d0=67 d1=33 d2=44 d3=-49 d4=-99 d5=-99 d6=-54 d7=-241 d8=-241 d9=-241 v=-236 a=-60 ax=-24 ay=0 az=280 amb=1000 spad=106 ivs=165 iva=0 tvs=165 tva=0 label=1
[CSV] d0=121 d1=67 d2=33 d3=44 d4=-49 d5=-99 d6=-99 d7=-54 d8=-241 d9=-241 v=-248 a=-80 ax=-23 ay=0 az=280 amb=1000 spad=105 ivs=165 iva=0 tvs=165 tva=0 label=1
[CSV] d0=145 d1=121 d2=67 d3=33 d4=44 d5=-49 d6=-99 d7=-99 d8=-54 d9=-241 v=-196 a=-44 ax=-23 ay=0 az=280 amb=1000 spad=125 ivs=165 iva=0 tvs=165 tva=0 label=1
[CSV] d0=54 d1=145 d2=121 d3=67 d4=33 d5=44 d6=-49 d7=-99 d8=-99 d9=-54 v=-80 a=29 ax=-23 ay=-1 az=281 amb=928 spad=138 ivs=165 iva=0 tvs=165 tva=0 label=1
[CSV] d0=70 d1=54 d2=145 d3=121 d4=67 d5=33 d6=44 d7=-49 d8=-99 d9=-99 v=40 a=97 ax=-24 ay=0 az=281 amb=992 spad=153 ivs=165 iva=0 tvs=165 tva=0 label=1
[CSV] d0=49 d1=70 d2=54 d3=145 d4=121 d5=67 d6=33 d7=44 d8=-49 d9=-99 v=148 a=139 ax=-23 ay=0 az=281 amb=960 spad=160 ivs=165 iva=0 tvs=165 tva=0 label=1
[CSV] d0=12 d1=49 d2=70 d3=54 d4=145 d5=121 d6=67 d7=33 d8=44 d9=-49 v=184 a=133 ax=-23 ay=0 az=280 amb=1000 spad=163 ivs=165 iva=0 tvs=165 tva=0 label=1
[CSV] d0=-9 d1=12 d2=49 d3=70 d4=54 d5=145 d6=121 d7=67 d8=33 d9=44 v=124 a=74 ax=-23 ay=0 az=280 amb=768 spad=197 ivs=165 iva=0 tvs=165 tva=0 label=1
[HB] up_ms=108969 frames=2935 inf=2935 hazard=906 canary_err=0 q=0 qovr=0
[I2C] init=0 gate=0 whoami=0x140e0 wr=0 wrseen=0x27 addr=0x5a ok=20382 err=0 tmo=0 recov=1 pclk1=200000000 sysclk=400000000
[NAK] nacks=0
[CLK] cpu=800000000 sysb=400000000 pclk[CSV] d0=-36 d1=-9 d2=12 d3=49 d4=70 d5=54 d6=145 d7=121 d8=67 d9=33 v=184 a=35 ax=-24 ay=0 az=280 amb=1000 spad=198 ivs=165 iva=0 tvs=165 tva=0 label=1
1=200000000
[TOF] res=0 step=0 id=0xeacc blk=0xeacc10 ctl=0x0
[RNG] init=0 step=99 id=0xeacc boot=1 calls=93 xerr=0 dm=1 tb=15
[RNG] osc=41 imp=881 imprb=881 mstart=0x40 cfg=91 cfgfail=0x0 vhv=0 vpolls=0
[PRT] calls=11857 xerr=0 ler=1 lidx=0x0 perr=0 [CSV] d0=-91 d1=-36 d2=-9 d3=12 d4=49 d5=70 d6=54 d7=145 d8=121 d9=67 v=224 a=20 ax=-23 ay=0 az=281 amb=1000 spad=240 ivs=165 iva=0 tvs=165 tva=0 label=1
maxcnt=17 addr8=0x52
[RTY] wr=0 wmax=0 wref=0  rd=0 rmax=0 rref=0
[RNG] frames=2265 last=307 min=2 max=794 nrdy=0 dxfer=0 dstat=672 lst=7 nrdyerr=0 dclr=0
[DRV] init=0 id=7 mode=0x1 lib=0x2 seq=0x1 odc=0x8b sts=0xe0 armed=1
[TRG] pulses=163 suppress[CSV] d0=-129 d1=-91 d2=-36 d3=-9 d4=12 d5=49 d6=70 d7=54 d8=145 d9=121 v=248 a=30 ax=-24 ay=0 az=281 amb=1000 spad=253 ivs=165 iva=0 tvs=165 tva=0 label=1
ed=745 cyc=1600 rst=1 rstmode=0x40
[HLT] polls=58 faults=0x0 cfglost=0 rearm=0 rearmfail=0
[EFF] n=5 last=58476 min=58476 max=58594 late=0 stuck=0 rderr=0
[IMU] init=0 addr=0x68 who=0x68 rst=1 pmrb0=0x40 pmrb=0x1 sr=19 cfg=4 gcfg=0x0 acfg=0x8 icfg=0x30 ien=0x1[CSV] d0=-136 d1=-129 d2=-91 d3=-36 d4=-9 d5=12 d6=49 d7=70 d8=54 d9=145 v=236 a=39 ax=-23 ay=-1 az=281 amb=832 spad=272 ivs=165 iva=0 tvs=165 tva=0 label=1
 armed=1
[ACC] reads=2939 stale=2933 rderr=0 ax=-94 ay=-2 az=1123
[PWR] pm=0x1 drift=0 rderr=0
[DWT] ok=1 cyc=1247505126 cyc_per_ms=800375
[CSV] d0=-190 d1=-136 d2=-129 d3=-91 d4=-36 d5=-9 d6=12 d7=49 d8=70 d9=54 v=240 a=17 ax=-23 ay=0 az=280 amb=992 spad=307 ivs=165 iva=0 tvs=165 tva=0 label=1
[CSV] d0=-240 d1=-190 d2=-136 d3=-129 d4=-91 d5=-36 d6=-9 d7=12 d8=49 d9=70 v=248 a=5 ax=-23 ay=0 az=281 amb=768 spad=365 ivs=165 iva=0 tvs=165 tva=0 label=1
[CSV] d0=-273 d1=-240 d2=-190 d3=-136 d4=-129 d5=-91 d6=-36 d7=-9 d8=12 d9=49 v=272 a=8 ax=-24 ay=0 az=280 amb=800 spad=447 ivs=165 iva=0 tvs=165 tva=0 label=1
[CSV] d0=-318 d1=-273 d2=-240 d3=-190 d4=-136 d5=-129 d6=-91 d7=-36 d8=-9 d9=12 v=312 a=25 ax=-23 ay=0 az=280 amb=800 spad=466 ivs=165 iva=0 tvs=165 tva=0 label=1
[CSV] d0=-369 d1=-318 d2=-273 d3=-240 d4=-190 d5=-136 d6=-129 d7=-91 d8=-36 d9=-9 v=304 a=26 ax=-23 ay=0 az=280 amb=736 spad=518 ivs=165 iva=0 tvs=165 tva=0 label=1
[CSV] d0=-427 d1=-369 d2=-318 d3=-273 d4=-240 d5=-190 d6=-136 d7=-129 d8=-91 d9=-36 v=328 a=26 ax=-23 ay=0 az=281 amb=832 spad=657 ivs=165 iva=0 tvs=165 tva=0 label=1
[CSV] d0=-475 d1=-427 d2=-369 d3=-318 d4=-273 d5=-240 d6=-190 d7=-136 d8=-129 d9=-91 v=356 a=25 ax=-24 ay=-1 az=280 amb=736 spad=788 ivs=165 iva=0 tvs=165 tva=0 label=1
[CSV] d0=-486 d1=-475 d2=-427 d3=-369 d4=-318 d5=-273 d6=-240 d7=-190 d8=-136 d9=-129 v=308 a=6 ax=-24 ay=0 az=281 amb=736 spad=818 ivs=165 iva=0 tvs=165 tva=0 label=1
[CSV] d0=-544 d1=-486 d2=-475 d3=-427 d4=-369 d5=-318 d6=-273 d7=-240 d8=-190 d9=-136 v=284 a=-8 ax=-23 ay=0 az=280 amb=544 spad=760 ivs=165 iva=0 tvs=165 tva=0 label=1
[CSV] d0=-588 d1=-544 d2=-486 d3=-475 d4=-427 d5=-369 d6=-318 d7=-273 d8=-240 d9=-190 v=272 a=-25 ax=-24 ay=0 az=280 amb=544 spad=824 ivs=165 iva=0 tvs=165 tva=0 label=1
[CSV] d0=-628 d1=-588 d2=-544 d3=-486 d4=-475 d5=-427 d6=-369 d7=-318 d8=-273 d9=-240 v=284 a=-25 ax=-23 ay=-1 az=280 amb=256 spad=808 ivs=165 iva=0 tvs=165 tva=0 label=1
[CSV] d0=-667 d1=-628 d2=-588 d3=-544 d4=-486 d5=-475 d6=-427 d7=-369 d8=-318 d9=-273 v=308 a=0 ax=-23 ay=0 az=280 amb=512 spad=819 ivs=165 iva=0 tvs=165 tva=0 label=1
[CSV] d0=-696 d1=-667 d2=-628 d3=-588 d4=-544 d5=-486 d6=-475 d7=-427 d8=-369 d9=-318 v=264 a=0 ax=-23 ay=0 az=281 amb=224 spad=843 ivs=165 iva=0 tvs=165 tva=0 label=1
[CSV] d0=-734 d1=-696 d2=-667 d3=-628 d4=-588 d5=-544 d6=-486 d7=-475 d8=-427 d9=-369 v=248 a=-9 ax=-23 ay=0 az=281 amb=32 spad=565 ivs=165 iva=0 tvs=165 tva=0 label=0
[CSV] d0=-766 d1=-734 d2=-696 d3=-667 d4=-628 d5=-588 d6=-544 d7=-486 d8=-475 d9=-427 v=236 a=-21 ax=-24 ay=0 az=281 amb=256 spad=779 ivs=165 iva=0 tvs=165 tva=0 label=0
[CSV] d0=-796 d1=-766 d2=-734 d3=-696 d4=-667 d5=-628 d6=-588 d7=-544 d8=-486 d9=-475 v=228 a=-26 ax=-23 ay=0 az=280 amb=32 spad=640 ivs=165 iva=0 tvs=165 tva=0 label=0
[CSV] d0=-824 d1=-796 d2=-766 d3=-734 d4=-696 d5=-667 d6=-628 d7=-588 d8=-544 d9=-486 v=220 a=-15 ax=-24 ay=0 az=281 amb=288 spad=775 ivs=165 iva=0 tvs=165 tva=0 label=0
[CSV] d0=-860 d1=-824 d2=-796 d3=-766 d4=-734 d5=-696 d6=-667 d7=-628 d8=-588 d9=-544 v=216 a=-11 ax=-24 ay=0 az=280 amb=0 spad=781 ivs=165 iva=0 tvs=165 tva=0 label=0
[CSV] d0=-896 d1=-860 d2=-824 d3=-796 d4=-766 d5=-734 d6=-696 d7=-667 d8=-628 d9=-588 v=220 a=-6 ax=-23 ay=0 az=280 amb=0 spad=515 ivs=165 iva=0 tvs=165 tva=0 label=0
[CSV] d0=-921 d1=-896 d2=-860 d3=-824 d4=-796 d5=-766 d6=-734 d7=-696 d8=-667 d9=-628 v=220 a=-2 ax=-23 ay=0 az=280 amb=0 spad=724 ivs=165 iva=0 tvs=165 tva=0 label=0
[CSV] d0=-934 d1=-921 d2=-896 d3=-860 d4=-824 d5=-796 d6=-766 d7=-734 d8=-696 d9=-667 v=192 a=-7 ax=-24 ay=0 az=281 amb=64 spad=785 ivs=165 iva=0 tvs=165 tva=0 label=0
[CSV] d0=-960 d1=-934 d2=-921 d3=-896 d4=-860 d5=-824 d6=-796 d7=-766 d8=-734 d9=-696 v=160 a=-19 ax=-23 ay=0 az=280 amb=64 spad=752 ivs=165 iva=0 tvs=165 tva=0 label=0
[CSV] d0=-976 d1=-960 d2=-934 d3=-921 d4=-896 d5=-860 d6=-824 d7=-796 d8=-766 d9=-734 v=136 a=-30 ax=-23 ay=0 az=280 amb=0 spad=804 ivs=165 iva=0 tvs=165 tva=0 label=0
[CSV] d0=-977 d1=-976 d2=-960 d3=-934 d4=-921 d5=-896 d6=-860 d7=-824 d8=-796 d9=-766 v=104 a=-39 ax=-23 ay=0 az=280 amb=0 spad=540 ivs=165 iva=0 tvs=165 tva=0 label=0
[CSV] d0=-988 d1=-977 d2=-976 d3=-960 d4=-934 d5=-921 d6=-896 d7=-860 d8=-824 d9=-796 v=84 a=-36 ax=-24 ay=0 az=280 amb=64 spad=644 ivs=165 iva=0 tvs=165 tva=0 label=0
[CSV] d0=-985 d1=-988 d2=-977 d3=-976 d4=-960 d5=-934 d6=-921 d7=-896 d8=-860 d9=-824 v=44 a=-38 ax=-23 ay=0 az=280 amb=0 spad=565 ivs=165 iva=0 tvs=165 tva=0 label=0
[CSV] d0=-977 d1=-985 d2=-988 d3=-977 d4=-976 d5=-960 d6=-934 d7=-921 d8=-896 d9=-860 v=8 a=-42 ax=-24 ay=0 az=280 amb=64 spad=733 ivs=165 iva=0 tvs=165 tva=0 label=0
[HB] up_ms=110128 frames=2966 inf=2966 hazard=923 canary_er[CSV] d0=-955 d1=-977 d2=-985 d3=-988 d4=-977 d5=-976 d6=-960 d7=-934 d8=-921 d9=-896 v=-36 a=-48 ax=-23 ay=0 az=280 amb=0 spad=616 ivs=165 iva=0 tvs=165 tva=0 label=0
r=0 q=0 qovr=0
[I2C] init=0 gate=0 whoami=0x140e0 wr=0 wrseen=0x27 addr=0x5a ok=20576 err=0 tmo=0 recov=1 pclk1=200000000 sysclk=400000000
[NAK] nacks=0
[CLK] cpu=800000000 sysb=400000000 pclk1=200000000
[TOF] res=0 step=0 id=0xeacc blk=0xeacc10 ctl=0x0
[RN[CSV] d0=-921 d1=-955 d2=-977 d3=-985 d4=-988 d5=-977 d6=-976 d7=-960 d8=-934 d9=-921 v=-112 a=-63 ax=-23 ay=0 az=280 amb=32 spad=561 ivs=165 iva=0 tvs=165 tva=0 label=0
G] init=0 step=99 id=0xeacc boot=1 calls=93 xerr=0 dm=1 tb=15
[RNG] osc=41 imp=881 imprb=881 mstart=0x40 cfg=91 cfgfail=0x0 vhv=0 vpolls=0
[PRT] calls=11985 xerr=0 ler=1 lidx=0x0 perr=0 maxcnt=17 addr8=0x52
[RTY] wr=0 wmax=0 wref=0  rd=0 rmax=0 rref=0
[RNG][CSV] d0=-851 d1=-921 d2=-955 d3=-977 d4=-985 d5=-988 d6=-977 d7=-976 d8=-960 d9=-934 v=-220 a=-87 ax=-23 ay=0 az=281 amb=96 spad=741 ivs=165 iva=0 tvs=165 tva=0 label=0
 frames=2297 last=651 min=2 max=794 nrdy=0 dxfer=0 dstat=672 lst=7 nrdyerr=0 dclr=0
[DRV] init=0 id=7 mode=0x1 lib=0x2 seq=0x1 odc=0x8b sts=0xe0 armed=1
[TRG] pulses=165 suppressed=758 cyc=1600 rst=1 rstmode=0x40
[HLT] polls=59 faults=0x0 cfglost=0 rearm=0[CSV] d0=-755 d1=-851 d2=-921 d3=-955 d4=-977 d5=-985 d6=-988 d7=-977 d8=-976 d9=-960 v=-372 a=-127 ax=-23 ay=0 az=280 amb=64 spad=535 ivs=165 iva=0 tvs=165 tva=0 label=0
 rearmfail=0
[EFF] n=5 last=58476 min=58476 max=58594 late=0 stuck=0 rderr=0
[IMU] init=0 addr=0x68 who=0x68 rst=1 pmrb0=0x40 pmrb=0x1 sr=19 cfg=4 gcfg=0x0 acfg=0x8 icfg=0x30 ien=0x1 armed=1
[ACC] reads=2970 stale=2964 rderr=0 ax=-95 ay=-1 az=1124
[PWR] pm=[CSV] d0=-683 d1=-755 d2=-851 d3=-921 d4=-955 d5=-977 d6=-985 d7=-988 d8=-977 d9=-976 v=-480 a=-155 ax=-24 ay=0 az=281 amb=384 spad=773 ivs=165 iva=0 tvs=165 tva=0 label=0
0x1 drift=0 rderr=0
[DWT] ok=1 cyc=2190444602 cyc_per_ms=813580
[CSV] d0=-596 d1=-683 d2=-755 d3=-851 d4=-921 d5=-955 d6=-977 d7=-985 d8=-988 d9=-977 v=-552 a=-154 ax=-23 ay=0 az=280 amb=288 spad=736 ivs=165 iva=0 tvs=165 tva=0 label=0
[CSV] d0=-545 d1=-596 d2=-683 d3=-755 d4=-851 d5=-921 d6=-955 d7=-977 d8=-985 d9=-988 v=-520 a=-105 ax=-23 ay=0 az=280 amb=928 spad=764 ivs=165 iva=0 tvs=165 tva=0 label=0
[CSV] d0=-475 d1=-545 d2=-596 d3=-683 d4=-755 d5=-851 d6=-921 d7=-955 d8=-977 d9=-985 v=-472 a=-32 ax=-24 ay=0 az=280 amb=800 spad=568 ivs=165 iva=0 tvs=165 tva=0 label=0
[CSV] d0=-387 d1=-475 d2=-545 d3=-596 d4=-683 d5=-755 d6=-851 d7=-921 d8=-955 d9=-977 v=-484 a=9 ax=-23 ay=0 az=280 amb=1000 spad=414 ivs=165 iva=0 tvs=165 tva=0 label=0
[CSV] d0=-315 d1=-387 d2=-475 d3=-545 d4=-596 d5=-683 d6=-755 d7=-851 d8=-921 d9=-955 v=-488 a=22 ax=-23 ay=0 az=280 amb=576 spad=350 ivs=165 iva=0 tvs=165 tva=0 label=0
[CSV] d0=-236 d1=-315 d2=-387 d3=-475 d4=-545 d5=-596 d6=-683 d7=-755 d8=-851 d9=-921 v=-524 a=-3 ax=-23 ay=-1 az=281 amb=768 spad=294 ivs=165 iva=0 tvs=165 tva=0 label=0
[CSV] d0=-187 d1=-236 d2=-315 d3=-387 d4=-475 d5=-545 d6=-596 d7=-683 d8=-755 d9=-851 v=-492 a=-10 ax=-23 ay=0 az=280 amb=896 spad=265 ivs=165 iva=0 tvs=165 tva=0 label=0
[CSV] d0=-153 d1=-187 d2=-236 d3=-315 d4=-387 d5=-475 d6=-545 d7=-596 d8=-683 d9=-755 v=-400 a=22 ax=-23 ay=0 az=281 amb=896 spad=245 ivs=165 iva=0 tvs=165 tva=0 label=1
[CSV] d0=-76 d1=-153 d2=-187 d3=-236 d4=-315 d5=-387 d6=-475 d7=-545 d8=-596 d9=-683 v=-372 a=47 ax=-23 ay=0 az=281 amb=1000 spad=221 ivs=165 iva=0 tvs=165 tva=0 label=1
[CSV] d0=-38 d1=-76 d2=-153 d3=-187 d4=-236 d5=-315 d6=-387 d7=-475 d8=-545 d9=-596 v=-336 a=65 ax=-23 ay=0 az=280 amb=1000 spad=206 ivs=165 iva=0 tvs=165 tva=0 label=0
[CSV] d0=6 d1=-38 d2=-76 d3=-153 d4=-187 d5=-236 d6=-315 d7=-387 d8=-475 d9=-545 v=-332 a=50 ax=-23 ay=0 az=281 amb=832 spad=196 ivs=165 iva=0 tvs=165 tva=0 label=0
[CSV] d0=36 d1=6 d2=-38 d3=-76 d4=-153 d5=-187 d6=-236 d7=-315 d8=-387 d9=-475 v=-304 a=30 ax=-23 ay=0 az=280 amb=1000 spad=168 ivs=165 iva=0 tvs=165 tva=0 label=1
[CSV] d0=73 d1=36 d2=6 d3=-38 d4=-76 d5=-153 d6=-187 d7=-236 d8=-315 d9=-387 v=-248 a=37 ax=-23 ay=0 az=280 amb=864 spad=161 ivs=165 iva=0 tvs=165 tva=0 label=1
[CSV] d0=84 d1=73 d2=36 d3=6 d4=-38 d5=-76 d6=-153 d7=-187 d8=-236 d9=-315 v=-208 a=45 ax=-23 ay=0 az=281 amb=928 spad=158 ivs=165 iva=0 tvs=165 tva=0 label=1
[CSV] d0=107 d1=84 d2=73 d3=36 d4=6 d5=-38 d6=-76 d7=-153 d8=-187 d9=-236 v=-168 a=57 ax=-24 ay=0 az=281 amb=1000 spad=143 ivs=165 iva=0 tvs=165 tva=0 label=1
[CSV] d0=148 d1=107 d2=84 d3=73 d4=36 d5=6 d6=-38 d7=-76 d8=-153 d9=-187 v=-176 a=45 ax=-24 ay=0 az=281 amb=768 spad=149 ivs=165 iva=0 tvs=165 tva=0 label=0
[CSV] d0=153 d1=148 d2=107 d3=84 d4=73 d5=36 d6=6 d7=-38 d8=-76 d9=-153 v=-152 a=30 ax=-24 ay=0 az=280 amb=1000 spad=124 ivs=165 iva=0 tvs=165 tva=0 label=0
[CSV] d0=172 d1=153 d2=148 d3=107 d4=84 d5=73 d6=36 d7=6 d8=-38 d9=-76 v=-152 a=17 ax=-24 ay=0 az=280 amb=544 spad=144 ivs=165 iva=0 tvs=165 tva=0 label=0
[CSV] d0=123 d1=172 d2=153 d3=148 d4=107 d5=84 d6=73 d7=36 d8=6 d9=-38 v=-36 a=39 ax=-23 ay=0 az=280 amb=896 spad=112 ivs=165 iva=0 tvs=165 tva=0 label=0
[CSV] d0=86 d1=123 d2=172 d3=153 d4=148 d5=107 d6=84 d7=73 d8=36 d9=6 v=104 a=91 ax=-23 ay=0 az=281 amb=672 spad=120 ivs=165 iva=0 tvs=165 tva=0 label=0
[CSV] d0=100 d1=86 d2=123 d3=172 d4=153 d5=148 d6=107 d7=84 d8=73 d9=36 v=128 a=110 ax=-24 ay=0 az=280 amb=1000 spad=94 ivs=165 iva=0 tvs=165 tva=0 label=0
[CSV] d0=129 d1=100 d2=86 d3=123 d4=172 d5=153 d6=148 d7=107 d8=84 d9=73 v=72 a=82 ax=-23 ay=0 az=281 amb=960 spad=100 ivs=165 iva=0 tvs=165 tva=0 label=0
[CSV] d0=92 d1=129 d2=100 d3=86 d4=123 d5=172 d6=153 d7=148 d8=107 d9=84 v=12 a=8 ax=-24 ay=0 az=281 amb=928 spad=96 ivs=165 iva=0 tvs=165 tva=0 label=0
[CSV] d0=-118 d1=92 d2=129 d3=100 d4=86 d5=123 d6=172 d7=153 d8=148 d9=107 v=284 a=33 ax=-24 ay=0 az=280 amb=1000 spad=95 ivs=165 iva=0 tvs=165 tva=0 label=0
[CSV] d0=-59 d1=-118 d2=92 d3=129 d4=100 d5=86 d6=123 d7=172 d8=153 d9=148 v=388 a=99 ax=-23 ay=0 az=280 amb=1000 spad=82 ivs=165 iva=0 tvs=165 tva=0 label=0
[CSV] d0=-182 d1=-59 d2=-118 d3=92 d4=129 d5=100 d6=86 d7=123 d8=172 d9=153 v=532 a=177 ax=-23 ay=0 az=281 amb=1000 spad=80 ivs=165 iva=0 tvs=165 tva=0 label=0
[CSV] d0=-112 d1=-182 d2=-59 d3=-118 d4=92 d5=129 d6=100 d7=86 d8=123 d9=172 v=328 a=122 ax=-23 ay=0 az=280 amb=576 spad=96 ivs=165 iva=0 tvs=165 tva=0 label=0
[CSV] d0=-89 d1=-112 d2=-182 d3=-59 d4=-118 d5=92 d6=129 d7=100 d8=86 d9=123 v=-4 a=-88 ax=-24 ay=-1 az=281 amb=800 spad=86 ivs=165 iva=0 tvs=165 tva=0 label=0
[HB] up_ms=111317 frames=2999 inf=2999 hazard=929 canary_err=0 q=0 qovr=0
[I2C] init=0 gate=0 whoami=0x140e0 wr=0 wrseen=0x27 addr=0x5a ok=20768 err=0 tmo=0 recov=1 pclk1=200000000 sysclk=400000000
[NAK] nacks=0
[CLK] cpu=800000000 sysb=400000000 pclk1=2[CSV] d0=-89 d1=-89 d2=-112 d3=-182 d4=-59 d5=-118 d6=92 d7=129 d8=100 d9=86 v=-4 a=-88 ax=-23 ay=0 az=280 amb=800 spad=86 ivs=165 iva=0 tvs=90 tva=1 label=0
00000000
[TOF] res=0 step=0 id=0xeacc blk=0xeacc10 ctl=0x0
[RNG] init=0 step=99 id=0xeacc boot=1 calls=93 xerr=0 dm=1 tb=15
[RNG] osc=41 imp=881 imprb=881 mstart=0x40 cfg=91 cfgfail=0x0 vhv=0 vpolls=0
[PRT] calls=12113 xerr=0 ler=1 lidx=0x0 perr=0 maxcnt=1[CSV] d0=-89 d1=-89 d2=-89 d3=-112 d4=-182 d5=-59 d6=-118 d7=92 d8=129 d9=100 v=-4 a=-88 ax=-23 ay=0 az=281 amb=800 spad=86 ivs=165 iva=0 tvs=90 tva=2 label=0
7 addr8=0x52
[RTY] wr=0 wmax=0 wref=0  rd=0 rmax=0 rref=0
[RNG] frames=2316 last=616 min=2 max=794 nrdy=0 dxfer=0 dstat=685 lst=7 nrdyerr=0 dclr=0
[DRV] init=0 id=7 mode=0x1 lib=0x2 seq=0x1 odc=0x8b sts=0xe0 armed=1
[TRG] pulses=167 suppressed=762 cyc=1600[CSV] d0=-94 d1=-89 d2=-89 d3=-89 d4=-112 d5=-182 d6=-59 d7=-118 d8=92 d9=129 v=-16 a=-122 ax=-24 ay=0 az=280 amb=800 spad=91 ivs=165 iva=0 tvs=165 tva=0 label=0
 rst=1 rstmode=0x40
[HLT] polls=60 faults=0x0 cfglost=0 rearm=0 rearmfail=0
[EFF] n=5 last=58476 min=58476 max=58594 late=0 stuck=0 rderr=0
[IMU] init=0 addr=0x68 who=0x68 rst=1 pmrb0=0x40 pmrb=0x1 sr=19 cfg=4 gcfg=0x0 acfg=0x8 icfg=0x30 ien=0x1 armed=1
[CSV] d0=-94 d1=-94 d2=-89 d3=-89 d4=-89 d5=-112 d6=-182 d7=-59 d8=-118 d9=92 v=-16 a=-122 ax=-23 ay=0 az=280 amb=800 spad=91 ivs=165 iva=0 tvs=90 tva=1 label=0
[ACC] reads=3003 stale=2997 rderr=0 ax=-95 ay=-3 az=1122
[PWR] pm=0x1 drift=0 rderr=0
[DWT] ok=1 cyc=3127104414 cyc_per_ms=787771
[CSV] d0=-94 d1=-94 d2=-94 d3=-89 d4=-89 d5=-89 d6=-112 d7=-182 d8=-59 d9=-118 v=-16 a=-122 ax=-23 ay=0 az=280 amb=800 spad=91 ivs=165 iva=0 tvs=90 tva=2 label=0
[CSV] d0=-94 d1=-94 d2=-94 d3=-94 d4=-89 d5=-89 d6=-89 d7=-112 d8=-182 d9=-59 v=-16 a=-122 ax=-23 ay=0 az=281 amb=800 spad=91 ivs=165 iva=0 tvs=0 tva=3 label=0
[CSV] d0=-94 d1=-94 d2=-94 d3=-94 d4=-94 d5=-89 d6=-89 d7=-89 d8=-112 d9=-182 v=-16 a=-122 ax=-24 ay=0 az=280 amb=800 spad=91 ivs=165 iva=0 tvs=0 tva=4 label=0
[CSV] d0=-94 d1=-94 d2=-94 d3=-94 d4=-94 d5=-94 d6=-89 d7=-89 d8=-89 d9=-112 v=-16 a=-122 ax=-24 ay=0 az=280 amb=800 spad=91 ivs=165 iva=0 tvs=0 tva=5 label=0
[CSV] d0=-94 d1=-94 d2=-94 d3=-94 d4=-94 d5=-94 d6=-94 d7=-89 d8=-89 d9=-89 v=-16 a=-122 ax=-24 ay=0 az=280 amb=800 spad=91 ivs=165 iva=0 tvs=0 tva=6 label=0
[CSV] d0=-94 d1=-94 d2=-94 d3=-94 d4=-94 d5=-94 d6=-94 d7=-94 d8=-89 d9=-89 v=-16 a=-122 ax=-23 ay=0 az=281 amb=800 spad=91 ivs=165 iva=0 tvs=0 tva=7 label=0
[CSV] d0=-94 d1=-94 d2=-94 d3=-94 d4=-94 d5=-94 d6=-94 d7=-94 d8=-94 d9=-89 v=-16 a=-122 ax=-24 ay=0 az=281 amb=800 spad=91 ivs=165 iva=0 tvs=0 tva=8 label=0
[CSV] d0=-94 d1=-94 d2=-94 d3=-94 d4=-94 d5=-94 d6=-94 d7=-94 d8=-94 d9=-94 v=-16 a=-122 ax=-23 ay=0 az=281 amb=800 spad=91 ivs=165 iva=0 tvs=0 tva=9 label=0
[CSV] d0=-94 d1=-94 d2=-94 d3=-94 d4=-94 d5=-94 d6=-94 d7=-94 d8=-94 d9=-94 v=-16 a=-122 ax=-24 ay=0 az=281 amb=800 spad=91 ivs=165 iva=0 tvs=0 tva=10 label=0
[CSV] d0=-94 d1=-94 d2=-94 d3=-94 d4=-94 d5=-94 d6=-94 d7=-94 d8=-94 d9=-94 v=-16 a=-122 ax=-23 ay=0 az=281 amb=800 spad=91 ivs=165 iva=0 tvs=0 tva=11 label=0
[CSV] d0=-94 d1=-94 d2=-94 d3=-94 d4=-94 d5=-94 d6=-94 d7=-94 d8=-94 d9=-94 v=-16 a=-122 ax=-23 ay=0 az=280 amb=800 spad=91 ivs=165 iva=0 tvs=0 tva=12 label=0
[CSV] d0=-94 d1=-94 d2=-94 d3=-94 d4=-94 d5=-94 d6=-94 d7=-94 d8=-94 d9=-94 v=-16 a=-122 ax=-23 ay=0 az=280 amb=800 spad=91 ivs=165 iva=0 tvs=0 tva=13 label=0
[CSV] d0=-94 d1=-94 d2=-94 d3=-94 d4=-94 d5=-94 d6=-94 d7=-94 d8=-94 d9=-94 v=-16 a=-122 ax=-23 ay=0 az=280 amb=800 spad=91 ivs=165 iva=0 tvs=0 tva=14 label=0
[CSV] d0=-94 d1=-94 d2=-94 d3=-94 d4=-94 d5=-94 d6=-94 d7=-94 d8=-94 d9=-94 v=-16 a=-122 ax=-23 ay=0 az=280 amb=800 spad=91 ivs=165 iva=0 tvs=0 tva=15 label=0
[CSV] d0=-94 d1=-94 d2=-94 d3=-94 d4=-94 d5=-94 d6=-94 d7=-94 d8=-94 d9=-94 v=-16 a=-122 ax=-24 ay=0 az=281 amb=800 spad=91 ivs=165 iva=0 tvs=0 tva=16 label=0
[CSV] d0=-94 d1=-94 d2=-94 d3=-94 d4=-94 d5=-94 d6=-94 d7=-94 d8=-94 d9=-94 v=-16 a=-122 ax=-23 ay=0 az=280 amb=800 spad=91 ivs=165 iva=0 tvs=0 tva=17 label=0
[CSV] d0=-94 d1=-94 d2=-94 d3=-94 d4=-94 d5=-94 d6=-94 d7=-94 d8=-94 d9=-94 v=-16 a=-122 ax=-24 ay=0 az=281 amb=800 spad=91 ivs=165 iva=0 tvs=0 tva=18 label=0
[CSV] d0=-94 d1=-94 d2=-94 d3=-94 d4=-94 d5=-94 d6=-94 d7=-94 d8=-94 d9=-94 v=-16 a=-122 ax=-24 ay=0 az=281 amb=800 spad=91 ivs=165 iva=0 tvs=0 tva=19 label=0
[CSV] d0=-94 d1=-94 d2=-94 d3=-94 d4=-94 d5=-94 d6=-94 d7=-94 d8=-94 d9=-94 v=-16 a=-122 ax=-23 ay=0 az=281 amb=800 spad=91 ivs=165 iva=0 tvs=0 tva=20 label=0
[CSV] d0=-94 d1=-94 d2=-94 d3=-94 d4=-94 d5=-94 d6=-94 d7=-94 d8=-94 d9=-94 v=-16 a=-122 ax=-23 ay=0 az=280 amb=800 spad=91 ivs=165 iva=0 tvs=0 tva=21 label=0
[CSV] d0=-94 d1=-94 d2=-94 d3=-94 d4=-94 d5=-94 d6=-94 d7=-94 d8=-94 d9=-94 v=-16 a=-122 ax=-23 ay=0 az=280 amb=800 spad=91 ivs=165 iva=0 tvs=0 tva=22 label=0
[CSV] d0=-94 d1=-94 d2=-94 d3=-94 d4=-94 d5=-94 d6=-94 d7=-94 d8=-94 d9=-94 v=-16 a=-122 ax=-23 ay=0 az=280 amb=800 spad=91 ivs=165 iva=0 tvs=0 tva=23 label=0
[CSV] d0=-164 d1=-94 d2=-94 d3=-94 d4=-94 d5=-94 d6=-94 d7=-94 d8=-94 d9=-94 v=8 a=-13 ax=-23 ay=0 az=280 amb=1000 spad=82 ivs=165 iva=0 tvs=165 tva=0 label=0
[CSV] d0=-142 d1=-164 d2=-94 d3=-94 d4=-94 d5=-94 d6=-94 d7=-94 d8=-94 d9=-94 v=12 a=-5 ax=-24 ay=0 az=280 amb=576 spad=109 ivs=165 iva=0 tvs=165 tva=0 label=0
[CSV] d0=-17 d1=-142 d2=-164 d3=-94 d4=-94 d5=-94 d6=-94 d7=-94 d8=-94 d9=-94 v=4 a=0 ax=-24 ay=0 az=281 amb=672 spad=105 ivs=165 iva=0 tvs=165 tva=0 label=0
[CSV] d0=-17 d1=-17 d2=-142 d3=-164 d4=-94 d5=-94 d6=-94 d7=-94 d8=-94 d9=-94 v=4 a=0 ax=-23 ay=0 az=281 amb=672 spad=105 ivs=165 iva=0 tvs=90 tva=1 label=1
[CSV] d0=-19 d1=-17 d2=-17 d3=-142 d4=-164 d5=-94 d6=-94 d7=-94 d8=-94 d9=-94 v=-8 a=1 ax=-23 ay=0 az=280 amb=864 spad=101 ivs=165 iva=0 tvs=165 tva=0 label=0
[CSV] d0=-81 d1=-19 d2=-17 d3=-17 d4=-142 d5=-164 d6=-94 d7=-94 d8=-94 d9=-94 v=-144 a=-34 ax=-24 ay=0 az=280 amb=800 spad=105 ivs=165 iva=0 tvs=165 tva=0 label=1
[HB] up_ms=112478 frames=3031 inf=3031 hazard=931 canary_err=0 q=0 qovr=0
[I2C] init=0 gate=0 whoami=0x140e0 wr=0 wrseen=0x27 addr=0x5a ok=20962 err=0 tmo=0 recov=1 pclk1=200000000 sysclk=400000000
[NAK] na[CSV] d0=-60 d1=-81 d2=-19 d3=-17 d4=-17 d5=-142 d6=-164 d7=-94 d8=-94 d9=-94 v=-52 a=-29 ax=-24 ay=-1 az=280 amb=896 spad=107 ivs=165 iva=0 tvs=165 tva=0 label=1
cks=0
[CLK] cpu=800000000 sysb=400000000 pclk1=200000000
[TOF] res=0 step=0 id=0xeacc blk=0xeacc10 ctl=0x0
[RNG] init=0 step=99 id=0xeacc boot=1 calls=93 xerr=0 dm=1 tb=15
[RNG] osc=41 imp=881 imprb=881 mstart=0x40 cfg=91 cfgfail=0x0 vhv=0 vpolls=0
[[CSV] d0=-1 d1=-60 d2=-81 d3=-19 d4=-17 d5=-17 d6=-142 d7=-164 d8=-94 d9=-94 v=12 a=-6 ax=-24 ay=-1 az=280 amb=896 spad=107 ivs=165 iva=0 tvs=165 tva=0 label=1
PRT] calls=12245 xerr=0 ler=1 lidx=0x0 perr=0 maxcnt=17 addr8=0x52
[RTY] wr=0 wmax=0 wref=0  rd=0 rmax=0 rref=0
[RNG] frames=2335 last=671 min=2 max=794 nrdy=0 dxfer=0 dstat=698 lst=7 nrdyerr=0 dclr=0
[DRV] init=0 id=7 mode=0x1 lib=0x2 seq=0x1 odc=0x8b sts[CSV] d0=11 d1=-1 d2=-60 d3=-81 d4=-19 d5=-17 d6=-17 d7=-142 d8=-164 d9=-94 v=-96 a=-2 ax=-23 ay=0 az=280 amb=768 spad=101 ivs=165 iva=0 tvs=165 tva=0 label=1
=0xe0 armed=1
[TRG] pulses=168 suppressed=766 cyc=1600 rst=1 rstmode=0x40
[HLT] polls=60 faults=0x0 cfglost=0 rearm=0 rearmfail=0
[EFF] n=5 last=58476 min=58476 max=58594 late=0 stuck=0 rderr=0
[IMU] init=0 addr=0x68 who=0x68 rst=1 pmrb0=0x40 pmrb=0x1 sr=[CSV] d0=104 d1=11 d2=-1 d3=-60 d4=-81 d5=-19 d6=-17 d7=-17 d8=-142 d9=-164 v=-308 a=-51 ax=-23 ay=0 az=281 amb=992 spad=108 ivs=165 iva=0 tvs=165 tva=0 label=1
19 cfg=4 gcfg=0x0 acfg=0x8 icfg=0x30 ien=0x1 armed=1
[ACC] reads=3035 stale=3029 rderr=0 ax=-95 ay=-2 az=1127
[PWR] pm=0x1 drift=0 rderr=0
[DWT] ok=1 cyc=4055642242 cyc_per_ms=799774
[CSV] d0=112 d1=104 d2=11 d3=-1 d4=-60 d5=-81 d6=-19 d7=-17 d8=-17 d9=-142 v=-312 a=-116 ax=-23 ay=0 az=281 amb=960 spad=111 ivs=165 iva=0 tvs=165 tva=0 label=1
[CSV] d0=150 d1=112 d2=104 d3=11 d4=-1 d5=-60 d6=-81 d7=-19 d8=-17 d9=-17 v=-280 a=-111 ax=-23 ay=0 az=280 amb=704 spad=120 ivs=165 iva=0 tvs=165 tva=0 label=1
[CSV] d0=136 d1=150 d2=112 d3=104 d4=11 d5=-1 d6=-60 d7=-81 d8=-19 d9=-17 v=-204 a=-26 ax=-23 ay=0 az=281 amb=1000 spad=107 ivs=165 iva=0 tvs=165 tva=0 label=1
[CSV] d0=108 d1=136 d2=150 d3=112 d4=104 d5=11 d6=-1 d7=-60 d8=-81 d9=-19 v=-24 a=93 ax=-23 ay=0 az=280 amb=1000 spad=123 ivs=165 iva=0 tvs=165 tva=0 label=1
[CSV] d0=78 d1=108 d2=136 d3=150 d4=112 d5=104 d6=11 d7=-1 d8=-60 d9=-81 v=76 a=143 ax=-23 ay=0 az=280 amb=864 spad=135 ivs=165 iva=0 tvs=165 tva=0 label=1
[CSV] d0=116 d1=78 d2=108 d3=136 d4=150 d5=112 d6=104 d7=11 d8=-1 d9=-60 v=88 a=141 ax=-24 ay=0 az=280 amb=896 spad=140 ivs=165 iva=0 tvs=165 tva=0 label=1
[CSV] d0=97 d1=116 d2=78 d3=108 d4=136 d5=150 d6=112 d7=104 d8=11 d9=-1 v=48 a=85 ax=-23 ay=0 az=281 amb=832 spad=150 ivs=165 iva=0 tvs=165 tva=0 label=1
[CSV] d0=14 d1=97 d2=116 d3=78 d4=108 d5=136 d6=150 d7=112 d8=104 d9=11 v=116 a=35 ax=-23 ay=0 az=279 amb=672 spad=164 ivs=165 iva=0 tvs=165 tva=0 label=1
[CSV] d0=44 d1=14 d2=97 d3=116 d4=78 d5=108 d6=136 d7=150 d8=112 d9=104 v=116 a=15 ax=-23 ay=0 az=280 amb=736 spad=169 ivs=165 iva=0 tvs=165 tva=0 label=1
[CSV] d0=-6 d1=44 d2=14 d3=97 d4=116 d5=78 d6=108 d7=136 d8=150 d9=112 v=204 a=41 ax=-23 ay=0 az=280 amb=640 spad=180 ivs=165 iva=0 tvs=165 tva=0 label=1
[CSV] d0=6 d1=-6 d2=44 d3=14 d4=97 d5=116 d6=78 d7=108 d8=136 d9=150 v=136 a=35 ax=-24 ay=0 az=281 amb=800 spad=177 ivs=165 iva=0 tvs=165 tva=0 label=1
[CSV] d0=-49 d1=6 d2=-6 d3=44 d4=14 d5=97 d6=116 d7=78 d8=108 d9=136 v=112 a=1 ax=-23 ay=0 az=281 amb=768 spad=203 ivs=165 iva=0 tvs=165 tva=0 label=1
[CSV] d0=-84 d1=-49 d2=6 d3=-6 d4=44 d5=14 d6=97 d7=116 d8=78 d9=108 v=204 a=11 ax=-24 ay=0 az=280 amb=960 spad=211 ivs=165 iva=0 tvs=165 tva=0 label=1
[CSV] d0=-134 d1=-84 d2=-49 d3=6 d4=-6 d5=44 d6=14 d7=97 d8=116 d9=78 v=236 a=17 ax=-23 ay=0 az=280 amb=992 spad=233 ivs=165 iva=0 tvs=165 tva=0 label=1
[CSV] d0=-179 d1=-134 d2=-84 d3=-49 d4=6 d5=-6 d6=44 d7=14 d8=97 d9=116 v=316 a=66 ax=-23 ay=0 az=281 amb=832 spad=264 ivs=165 iva=0 tvs=165 tva=0 label=1
[CSV] d0=-208 d1=-179 d2=-134 d3=-84 d4=-49 d5=6 d6=-6 d7=44 d8=14 d9=97 v=284 a=63 ax=-24 ay=0 az=281 amb=992 spad=287 ivs=165 iva=0 tvs=165 tva=0 label=1
[CSV] d0=-241 d1=-208 d2=-179 d3=-134 d4=-84 d5=-49 d6=6 d7=-6 d8=44 d9=14 v=268 a=24 ax=-23 ay=0 az=280 amb=960 spad=315 ivs=165 iva=0 tvs=165 tva=0 label=1
[CSV] d0=-273 d1=-241 d2=-208 d3=-179 d4=-134 d5=-84 d6=-49 d7=6 d8=-6 d9=44 v=236 a=-6 ax=-24 ay=0 az=280 amb=992 spad=374 ivs=165 iva=0 tvs=165 tva=0 label=1
[CSV] d0=-336 d1=-273 d2=-241 d3=-208 d4=-179 d5=-134 d6=-84 d7=-49 d8=6 d9=-6 v=264 a=-21 ax=-24 ay=0 az=280 amb=1000 spad=418 ivs=165 iva=0 tvs=165 tva=0 label=1
[CSV] d0=-361 d1=-336 d2=-273 d3=-241 d4=-208 d5=-179 d6=-134 d7=-84 d8=-49 d9=6 v=280 a=-1 ax=-23 ay=0 az=280 amb=512 spad=478 ivs=165 iva=0 tvs=165 tva=0 label=1
[CSV] d0=-400 d1=-361 d2=-336 d3=-273 d4=-241 d5=-208 d6=-179 d7=-134 d8=-84 d9=-49 v=280 a=9 ax=-23 ay=0 az=280 amb=960 spad=518 ivs=165 iva=0 tvs=165 tva=0 label=1
[CSV] d0=-444 d1=-400 d2=-361 d3=-336 d4=-273 d5=-241 d6=-208 d7=-179 d8=-134 d9=-84 v=284 a=15 ax=-24 ay=0 az=280 amb=1000 spad=593 ivs=165 iva=0 tvs=165 tva=0 label=1
[CSV] d0=-486 d1=-444 d2=-400 d3=-361 d4=-336 d5=-273 d6=-241 d7=-208 d8=-179 d9=-134 v=268 a=1 ax=-23 ay=0 az=280 amb=672 spad=697 ivs=165 iva=0 tvs=165 tva=0 label=1
[CSV] d0=-531 d1=-486 d2=-444 d3=-400 d4=-361 d5=-336 d6=-273 d7=-241 d8=-208 d9=-179 v=296 a=2 ax=-24 ay=0 az=280 amb=608 spad=802 ivs=165 iva=0 tvs=165 tva=0 label=1
[CSV] d0=-558 d1=-531 d2=-486 d3=-444 d4=-400 d5=-361 d6=-336 d7=-273 d8=-241 d9=-208 v=284 a=2 ax=-23 ay=0 az=280 amb=672 spad=836 ivs=165 iva=0 tvs=165 tva=0 label=1
[CSV] d0=-592 d1=-558 d2=-531 d3=-486 d4=-444 d5=-400 d6=-361 d7=-336 d8=-273 d9=-241 v=260 a=-4 ax=-24 ay=0 az=281 amb=416 spad=770 ivs=165 iva=0 tvs=165 tva=0 label=1
[CSV] d0=-633 d1=-592 d2=-558 d3=-531 d4=-486 d5=-444 d6=-400 d7=-361 d8=-336 d9=-273 v=252 a=-9 ax=-23 ay=0 az=280 amb=448 spad=820 ivs=165 iva=0 tvs=165 tva=0 label=1
[CSV] d0=-652 d1=-633 d2=-592 d3=-558 d4=-531 d5=-486 d6=-444 d7=-400 d8=-361 d9=-336 v=224 a=-24 ax=-23 ay=0 az=281 amb=384 spad=721 ivs=165 iva=0 tvs=165 tva=0 label=0
[HB] up_ms=113638 frames=3063 inf=3063 hazard=962 canary_err=0 q=0 qovr=0
[I2C] init=0 gate=0 whoami=0x140e0 wr=0 wrseen=0x27 addr=0x5a ok=21156 err=0 tmo=0 recov=1 pclk1=200000000 sysclk=400000000
[NAK] nacks=0
[CLK][CSV] d0=-689 d1=-652 d2=-633 d3=-592 d4=-558 d5=-531 d6=-486 d7=-444 d8=-400 d9=-361 v=224 a=-21 ax=-23 ay=0 az=281 amb=576 spad=810 ivs=165 iva=0 tvs=165 tva=0 label=1
 cpu=800000000 sysb=400000000 pclk1=200000000
[TOF] res=0 step=0 id=0xeacc blk=0xeacc10 ctl=0x0
[RNG] init=0 step=99 id=0xeacc boot=1 calls=93 xerr=0 dm=1 tb=15
[RNG] osc=41 imp=881 imprb=881 mstart=0x40 cfg=91 cfgfail=0x0 vhv=0 vpolls=0
[PRT] calls=12372 [CSV] d0=-728 d1=-689 d2=-652 d3=-633 d4=-592 d5=-558 d6=-531 d7=-486 d8=-444 d9=-400 v=228 a=-12 ax=-24 ay=0 az=280 amb=352 spad=904 ivs=165 iva=0 tvs=165 tva=0 label=1
xerr=0 ler=1 lidx=0x0 perr=0 maxcnt=17 addr8=0x52
[RTY] wr=0 wmax=0 wref=0  rd=0 rmax=0 rref=0
[RNG] frames=2367 last=65 min=2 max=794 nrdy=0 dxfer=0 dstat=698 lst=7 nrdyerr=0 dclr=0
[DRV] init=0 id=7 mode=0x1 lib=0x2 seq=0x1 odc=0x8b sts=0xe0 armed=1
[TR[CSV] d0=-758 d1=-728 d2=-689 d3=-652 d4=-633 d5=-592 d6=-558 d7=-531 d8=-486 d9=-444 v=224 a=-7 ax=-23 ay=0 az=280 amb=160 spad=575 ivs=165 iva=0 tvs=165 tva=0 label=1
G] pulses=172 suppressed=792 cyc=1600 rst=1 rstmode=0x40
[HLT] polls=61 faults=0x0 cfglost=0 rearm=0 rearmfail=0
[EFF] n=5 last=58476 min=58476 max=58594 late=0 stuck=0 rderr=0
[IMU] init=0 addr=0x68 who=0x68 rst=1 pmrb0=0x40 pmrb=0x1 sr=19 cfg=4 gcfg=0x0 ac[CSV] d0=-800 d1=-758 d2=-728 d3=-689 d4=-652 d5=-633 d6=-592 d7=-558 d8=-531 d9=-486 v=252 a=7 ax=-23 ay=0 az=281 amb=160 spad=798 ivs=165 iva=0 tvs=165 tva=0 label=1
fg=0x8 icfg=0x30 ien=0x1 armed=1
[ACC] reads=3067 stale=3061 rderr=0 ax=-97 ay=-2 az=1123
[PWR] pm=0x1 drift=0 rderr=0
[DWT] ok=1 cyc=690986350 cyc_per_ms=801992
[CSV] d0=-817 d1=-800 d2=-758 d3=-728 d4=-689 d5=-652 d6=-633 d7=-592 d8=-558 d9=-531 v=228 a=4 ax=-24 ay=0 az=280 amb=224 spad=810 ivs=165 iva=0 tvs=165 tva=0 label=1
[CSV] d0=-835 d1=-817 d2=-800 d3=-758 d4=-728 d5=-689 d6=-652 d7=-633 d8=-592 d9=-558 v=188 a=-10 ax=-23 ay=0 az=280 amb=64 spad=728 ivs=165 iva=0 tvs=165 tva=0 label=0
[CSV] d0=-868 d1=-835 d2=-817 d3=-800 d4=-758 d5=-728 d6=-689 d7=-652 d8=-633 d9=-592 v=176 a=-22 ax=-24 ay=-1 az=281 amb=96 spad=844 ivs=165 iva=0 tvs=165 tva=0 label=0
[CSV] d0=-907 d1=-868 d2=-835 d3=-817 d4=-800 d5=-758 d6=-728 d7=-689 d8=-652 d9=-633 v=180 a=-26 ax=-23 ay=-1 az=280 amb=64 spad=477 ivs=165 iva=0 tvs=165 tva=0 label=0
[CSV] d0=-916 d1=-907 d2=-868 d3=-835 d4=-817 d5=-800 d6=-758 d7=-728 d8=-689 d9=-652 v=184 a=-13 ax=-24 ay=-1 az=281 amb=64 spad=632 ivs=165 iva=0 tvs=165 tva=0 label=0
[CSV] d0=-932 d1=-916 d2=-907 d3=-868 d4=-835 d5=-817 d6=-800 d7=-758 d8=-728 d9=-689 v=164 a=-5 ax=-23 ay=0 az=280 amb=64 spad=754 ivs=165 iva=0 tvs=165 tva=0 label=0
[CSV] d0=-936 d1=-932 d2=-916 d3=-907 d4=-868 d5=-835 d6=-817 d7=-800 d8=-758 d9=-728 v=108 a=-20 ax=-23 ay=0 az=280 amb=64 spad=764 ivs=165 iva=0 tvs=165 tva=0 label=0
[CSV] d0=-952 d1=-936 d2=-932 d3=-916 d4=-907 d5=-868 d6=-835 d7=-817 d8=-800 d9=-758 v=72 a=-39 ax=-23 ay=0 az=281 amb=0 spad=708 ivs=165 iva=0 tvs=165 tva=0 label=0
[CSV] d0=-976 d1=-952 d2=-936 d3=-932 d4=-916 d5=-907 d6=-868 d7=-835 d8=-817 d9=-800 v=92 a=-37 ax=-23 ay=0 az=280 amb=0 spad=440 ivs=165 iva=0 tvs=165 tva=0 label=0
[CSV] d0=-976 d1=-976 d2=-952 d3=-936 d4=-932 d5=-916 d6=-907 d7=-868 d8=-835 d9=-817 v=84 a=-23 ax=-24 ay=0 az=281 amb=32 spad=573 ivs=165 iva=0 tvs=165 tva=0 label=0
[CSV] d0=-1000 d1=-976 d2=-976 d3=-952 d4=-936 d5=-932 d6=-916 d7=-907 d8=-868 d9=-835 v=104 a=0 ax=-24 ay=0 az=281 amb=96 spad=731 ivs=165 iva=0 tvs=165 tva=0 label=0
[CSV] d0=-1000 d1=-1000 d2=-976 d3=-976 d4=-952 d5=-936 d6=-932 d7=-916 d8=-907 d9=-868 v=104 a=10 ax=-24 ay=0 az=280 amb=0 spad=775 ivs=165 iva=0 tvs=165 tva=0 label=0
[CSV] d0=-1000 d1=-1000 d2=-1000 d3=-976 d4=-976 d5=-952 d6=-936 d7=-932 d8=-916 d9=-907 v=92 a=2 ax=-24 ay=0 az=282 amb=32 spad=808 ivs=165 iva=0 tvs=165 tva=0 label=0
[CSV] d0=-1000 d1=-1000 d2=-1000 d3=-1000 d4=-976 d5=-976 d6=-952 d7=-936 d8=-932 d9=-916 v=68 a=-5 ax=-23 ay=0 az=281 amb=0 spad=840 ivs=165 iva=0 tvs=165 tva=0 label=0
[CSV] d0=-1000 d1=-1000 d2=-1000 d3=-1000 d4=-1000 d5=-976 d6=-976 d7=-952 d8=-936 d9=-932 v=8 a=-30 ax=-23 ay=0 az=281 amb=0 spad=742 ivs=165 iva=0 tvs=165 tva=0 label=0
[CSV] d0=-985 d1=-1000 d2=-1000 d3=-1000 d4=-1000 d5=-1000 d6=-976 d7=-976 d8=-952 d9=-936 v=-52 a=-53 ax=-23 ay=0 az=281 amb=96 spad=631 ivs=165 iva=0 tvs=165 tva=0 label=0
[CSV] d0=-958 d1=-985 d2=-1000 d3=-1000 d4=-1000 d5=-1000 d6=-1000 d7=-976 d8=-976 d9=-952 v=-108 a=-70 ax=-24 ay=0 az=281 amb=32 spad=414 ivs=165 iva=0 tvs=165 tva=0 label=0
[CSV] d0=-932 d1=-958 d2=-985 d3=-1000 d4=-1000 d5=-1000 d6=-1000 d7=-1000 d8=-976 d9=-976 v=-148 a=-74 ax=-23 ay=0 az=280 amb=64 spad=784 ivs=165 iva=0 tvs=165 tva=0 label=0
[CSV] d0=-920 d1=-932 d2=-958 d3=-985 d4=-1000 d5=-1000 d6=-1000 d7=-1000 d8=-1000 d9=-976 v=-156 a=-57 ax=-23 ay=0 az=280 amb=0 spad=611 ivs=165 iva=0 tvs=165 tva=0 label=0
[CSV] d0=-875 d1=-920 d2=-932 d3=-958 d4=-985 d5=-1000 d6=-1000 d7=-1000 d8=-1000 d9=-1000 v=-176 a=-40 ax=-23 ay=0 az=281 amb=0 spad=433 ivs=165 iva=0 tvs=165 tva=0 label=0
[CSV] d0=-844 d1=-875 d2=-920 d3=-932 d4=-958 d5=-985 d6=-1000 d7=-1000 d8=-1000 d9=-1000 v=-192 a=-26 ax=-24 ay=0 az=281 amb=0 spad=770 ivs=165 iva=0 tvs=165 tva=0 label=0
[CSV] d0=-779 d1=-844 d2=-875 d3=-920 d4=-932 d5=-958 d6=-985 d7=-1000 d8=-1000 d9=-1000 v=-260 a=-35 ax=-23 ay=0 az=280 amb=160 spad=706 ivs=165 iva=0 tvs=165 tva=0 label=0
[CSV] d0=-708 d1=-779 d2=-844 d3=-875 d4=-920 d5=-932 d6=-958 d7=-985 d8=-1000 d9=-1000 v=-352 a=-64 ax=-24 ay=0 az=280 amb=352 spad=815 ivs=165 iva=0 tvs=165 tva=0 label=0
[CSV] d0=-691 d1=-708 d2=-779 d3=-844 d4=-875 d5=-920 d6=-932 d7=-958 d8=-985 d9=-1000 v=-340 a=-66 ax=-23 ay=0 az=280 amb=256 spad=780 ivs=165 iva=0 tvs=165 tva=0 label=0
[CSV] d0=-616 d1=-691 d2=-708 d3=-779 d4=-844 d5=-875 d6=-920 d7=-932 d8=-958 d9=-985 v=-368 a=-58 ax=-23 ay=0 az=280 amb=640 spad=778 ivs=165 iva=0 tvs=165 tva=0 label=0
[CSV] d0=-548 d1=-616 d2=-691 d3=-708 d4=-779 d5=-844 d6=-875 d7=-920 d8=-932 d9=-958 v=-376 a=-33 ax=-24 ay=0 az=281 amb=960 spad=803 ivs=165 iva=0 tvs=165 tva=0 label=0
[CSV] d0=-478 d1=-548 d2=-616 d3=-691 d4=-708 d5=-779 d6=-844 d7=-875 d8=-920 d9=-932 v=-408 a=-20 ax=-23 ay=0 az=281 amb=1000 spad=568 ivs=165 iva=0 tvs=165 tva=0 label=0
[HB] up_ms=114801 frames=3094 inf=3094 hazard=967 canary_err=0 q=0 qovr=0
[I2C] i[CSV] d0=-411 d1=-478 d2=-548 d3=-616 d4=-691 d5=-708 d6=-779 d7=-844 d8=-875 d9=-920 v=-472 a=-41 ax=-23 ay=-1 az=280 amb=800 spad=438 ivs=165 iva=0 tvs=165 tva=0 label=0
nit=0 gate=0 whoami=0x140e0 wr=0 wrseen=0x27 addr=0x5a ok=21346 err=0 tmo=0 recov=1 pclk1=200000000 sysclk=400000000
[NAK] nacks=0
[CLK] cpu=800000000 sysb=400000000 pclk1=200000000
[TOF] res=0 step=0 id=0xeacc blk=0xeacc10 ctl=0x0
[RNG] init=0 step=99 id[CSV] d0=-358 d1=-411 d2=-478 d3=-548 d4=-616 d5=-691 d6=-708 d7=-779 d8=-844 d9=-875 v=-440 a=-32 ax=-23 ay=0 az=280 amb=832 spad=357 ivs=165 iva=0 tvs=165 tva=0 label=0
=0xeacc boot=1 calls=93 xerr=0 dm=1 tb=15
[RNG] osc=41 imp=881 imprb=881 mstart=0x40 cfg=91 cfgfail=0x0 vhv=0 vpolls=0
[PRT] calls=12497 xerr=0 ler=1 lidx=0x0 perr=0 maxcnt=17 addr8=0x52
[RTY] wr=0 wmax=0 wref=0  rd=0 rmax=0 rref=0
[RNG] frames=2398 last=[CSV] d0=-310 d1=-358 d2=-411 d3=-478 d4=-548 d5=-616 d6=-691 d7=-708 d8=-779 d9=-844 v=-404 a=-11 ax=-23 ay=0 az=280 amb=704 spad=331 ivs=165 iva=0 tvs=165 tva=0 label=0
735 min=2 max=794 nrdy=0 dxfer=0 dstat=698 lst=7 nrdyerr=0 dclr=0
[DRV] init=0 id=7 mode=0x1 lib=0x2 seq=0x1 odc=0x8b sts=0xe0 armed=1
[TRG] pulses=172 suppressed=795 cyc=1600 rst=1 rstmode=0x40
[HLT] polls=61 faults=0x0 cfglost=0 rearm=0 rearmfail=0
[EF[CSV] d0=-256 d1=-310 d2=-358 d3=-411 d4=-478 d5=-548 d6=-616 d7=-691 d8=-708 d9=-779 v=-368 a=20 ax=-24 ay=0 az=281 amb=992 spad=290 ivs=165 iva=0 tvs=165 tva=0 label=0
F] n=5 last=58476 min=58476 max=58594 late=0 stuck=0 rderr=0
[IMU] init=0 addr=0x68 who=0x68 rst=1 pmrb0=0x40 pmrb=0x1 sr=19 cfg=4 gcfg=0x0 acfg=0x8 icfg=0x30 ien=0x1 armed=1
[ACC] reads=3098 stale=3092 rderr=0 ax=-95 ay=-2 az=1122
[PWR] pm=0x1 drift=0 rder[CSV] d0=-193 d1=-256 d2=-310 d3=-358 d4=-411 d5=-478 d6=-548 d7=-616 d8=-691 d9=-708 v=-364 a=39 ax=-24 ay=0 az=280 amb=992 spad=251 ivs=165 iva=0 tvs=165 tva=0 label=0
r=0
[DWT] ok=1 cyc=1634087094 cyc_per_ms=810920
[CSV] d0=-153 d1=-193 d2=-256 d3=-310 d4=-358 d5=-411 d6=-478 d7=-548 d8=-616 d9=-691 v=-356 a=28 ax=-23 ay=0 az=279 amb=672 spad=229 ivs=165 iva=0 tvs=165 tva=0 label=0
[CSV] d0=-107 d1=-153 d2=-193 d3=-256 d4=-310 d5=-358 d6=-411 d7=-478 d8=-548 d9=-616 v=-344 a=17 ax=-24 ay=0 az=280 amb=1000 spad=186 ivs=165 iva=0 tvs=165 tva=0 label=0
[CSV] d0=-80 d1=-107 d2=-153 d3=-193 d4=-256 d5=-310 d6=-358 d7=-411 d8=-478 d9=-548 v=-296 a=22 ax=-23 ay=0 az=281 amb=1000 spad=167 ivs=165 iva=0 tvs=165 tva=0 label=0
[CSV] d0=-19 d1=-80 d2=-107 d3=-153 d4=-193 d5=-256 d6=-310 d7=-358 d8=-411 d9=-478 v=-284 a=29 ax=-23 ay=0 az=281 amb=800 spad=184 ivs=165 iva=0 tvs=165 tva=0 label=1
[CSV] d0=-17 d1=-19 d2=-80 d3=-107 d4=-153 d5=-193 d6=-256 d7=-310 d8=-358 d9=-411 v=-244 a=38 ax=-23 ay=0 az=280 amb=1000 spad=166 ivs=165 iva=0 tvs=165 tva=0 label=1
[CSV] d0=44 d1=-17 d2=-19 d3=-80 d4=-107 d5=-153 d6=-193 d7=-256 d8=-310 d9=-358 v=-248 a=33 ax=-23 ay=0 az=280 amb=1000 spad=150 ivs=165 iva=0 tvs=165 tva=0 label=1
[CSV] d0=67 d1=44 d2=-17 d3=-19 d4=-80 d5=-107 d6=-153 d7=-193 d8=-256 d9=-310 v=-244 a=19 ax=-24 ay=0 az=281 amb=896 spad=139 ivs=165 iva=0 tvs=165 tva=0 label=1
[CSV] d0=105 d1=67 d2=44 d3=-17 d4=-19 d5=-80 d6=-107 d7=-153 d8=-193 d9=-256 v=-224 a=16 ax=-23 ay=0 az=281 amb=864 spad=139 ivs=165 iva=0 tvs=165 tva=0 label=1
[CSV] d0=96 d1=105 d2=67 d3=44 d4=-17 d5=-19 d6=-80 d7=-107 d8=-153 d9=-193 v=-192 a=17 ax=-23 ay=0 az=279 amb=928 spad=133 ivs=165 iva=0 tvs=165 tva=0 label=1
[CSV] d0=136 d1=96 d2=105 d3=67 d4=44 d5=-17 d6=-19 d7=-80 d8=-107 d9=-153 v=-140 a=35 ax=-23 ay=0 az=280 amb=736 spad=144 ivs=165 iva=0 tvs=165 tva=0 label=1
[CSV] d0=83 d1=136 d2=96 d3=105 d4=67 d5=44 d6=-17 d7=-19 d8=-80 d9=-107 v=-40 a=64 ax=-23 ay=0 az=280 amb=1000 spad=112 ivs=165 iva=0 tvs=165 tva=0 label=1
[CSV] d0=140 d1=83 d2=136 d3=96 d4=105 d5=67 d6=44 d7=-17 d8=-19 d9=-80 v=-36 a=69 ax=-23 ay=0 az=281 amb=864 spad=125 ivs=165 iva=0 tvs=165 tva=0 label=1
[CSV] d0=86 d1=140 d2=83 d3=136 d4=96 d5=105 d6=67 d7=44 d8=-17 d9=-19 v=8 a=66 ax=-24 ay=0 az=281 amb=1000 spad=99 ivs=165 iva=0 tvs=165 tva=0 label=1
[CSV] d0=107 d1=86 d2=140 d3=83 d4=136 d5=96 d6=105 d7=67 d8=44 d9=-17 v=36 a=53 ax=-23 ay=-1 az=281 amb=960 spad=113 ivs=165 iva=0 tvs=165 tva=0 label=1
[CSV] d0=100 d1=107 d2=86 d3=140 d4=83 d5=136 d6=96 d7=105 d8=67 d9=44 v=0 a=20 ax=-24 ay=0 az=281 amb=768 spad=113 ivs=165 iva=0 tvs=165 tva=0 label=1
[CSV] d0=16 d1=100 d2=107 d3=86 d4=140 d5=83 d6=136 d7=96 d8=105 d9=67 v=160 a=51 ax=-24 ay=0 az=280 amb=1000 spad=94 ivs=165 iva=0 tvs=165 tva=0 label=1
[CSV] d0=-62 d1=16 d2=100 d3=107 d4=86 d5=140 d6=83 d7=136 d8=96 d9=105 v=264 a=86 ax=-24 ay=0 az=280 amb=992 spad=101 ivs=165 iva=0 tvs=165 tva=0 label=1
[CSV] d0=-52 d1=-62 d2=16 d3=100 d4=107 d5=86 d6=140 d7=83 d8=136 d9=96 v=328 a=114 ax=-24 ay=0 az=281 amb=928 spad=96 ivs=165 iva=0 tvs=165 tva=0 label=1
[CSV] d0=-112 d1=-52 d2=-62 d3=16 d4=100 d5=107 d6=86 d7=140 d8=83 d9=136 v=336 a=113 ax=-23 ay=-1 az=281 amb=928 spad=91 ivs=165 iva=0 tvs=165 tva=0 label=1
[CSV] d0=-112 d1=-112 d2=-52 d3=-62 d4=16 d5=100 d6=107 d7=86 d8=140 d9=83 v=336 a=113 ax=-23 ay=0 az=280 amb=928 spad=91 ivs=165 iva=0 tvs=90 tva=1 label=1
[CSV] d0=-152 d1=-112 d2=-112 d3=-52 d4=-62 d5=16 d6=100 d7=107 d8=86 d9=140 v=216 a=13 ax=-23 ay=0 az=280 amb=896 spad=95 ivs=165 iva=0 tvs=165 tva=0 label=1
[CSV] d0=-152 d1=-152 d2=-112 d3=-112 d4=-52 d5=-62 d6=16 d7=100 d8=107 d9=86 v=216 a=13 ax=-24 ay=0 az=281 amb=896 spad=95 ivs=165 iva=0 tvs=90 tva=1 label=1
[CSV] d0=-171 d1=-152 d2=-152 d3=-112 d4=-112 d5=-52 d6=-62 d7=16 d8=100 d9=107 v=144 a=-36 ax=-23 ay=0 az=280 amb=992 spad=85 ivs=165 iva=0 tvs=165 tva=0 label=1
[CSV] d0=-171 d1=-171 d2=-152 d3=-152 d4=-112 d5=-112 d6=-52 d7=-62 d8=16 d9=100 v=144 a=-36 ax=-23 ay=0 az=281 amb=992 spad=85 ivs=165 iva=0 tvs=90 tva=1 label=1
[CSV] d0=-171 d1=-171 d2=-171 d3=-152 d4=-152 d5=-112 d6=-112 d7=-52 d8=-62 d9=16 v=144 a=-36 ax=-24 ay=0 az=281 amb=992 spad=85 ivs=165 iva=0 tvs=90 tva=2 label=1
[CSV] d0=-171 d1=-171 d2=-171 d3=-171 d4=-152 d5=-152 d6=-112 d7=-112 d8=-52 d9=-62 v=144 a=-36 ax=-23 ay=0 az=281 amb=992 spad=85 ivs=165 iva=0 tvs=0 tva=3 label=1
[CSV] d0=-171 d1=-171 d2=-171 d3=-171 d4=-171 d5=-152 d6=-152 d7=-112 d8=-112 d9=-52 v=144 a=-36 ax=-23 ay=0 az=280 amb=992 spad=85 ivs=165 iva=0 tvs=0 tva=4 label=1
[CSV] d0=-171 d1=-171 d2=-171 d3=-171 d4=-171 d5=-171 d6=-152 d7=-152 d8=-112 d9=-112 v=144 a=-36 ax=-24 ay=0 az=280 amb=992 spad=85 ivs=165 iva=0 tvs=0 tva=5 label=1
[HB] up_ms=115990 frames=3127 inf=3127 hazard=992 canary_err=0 q=0 qovr=0
[I2C] init=0 gate=0 whoami=0x140e0 wr=0 wrseen=0x27 addr=0x5a ok=21542 err=0 tmo=0 recov=1 pclk1=200000000 sysclk=400000000
[NAK] nacks=0
[CLK] cpu=800000000 sysb=400000000 pclk1=20000[CSV] d0=-171 d1=-171 d2=-171 d3=-171 d4=-171 d5=-171 d6=-171 d7=-152 d8=-152 d9=-112 v=144 a=-36 ax=-24 ay=0 az=281 amb=992 spad=85 ivs=165 iva=0 tvs=0 tva=6 label=0
0000
[TOF] res=0 step=0 id=0xeacc blk=0xeacc10 ctl=0x0
[RNG] init=0 step=99 id=0xeacc boot=1 calls=93 xerr=0 dm=1 tb=15
[RNG] osc=41 imp=881 imprb=881 mstart=0x40 cfg=91 cfgfail=0x0 vhv=0 vpolls=0
[PRT] calls=12625 xerr=0 ler=1 lidx=0x0 perr=0 maxcnt=17 addr8=[CSV] d0=-171 d1=-171 d2=-171 d3=-171 d4=-171 d5=-171 d6=-171 d7=-171 d8=-152 d9=-152 v=144 a=-36 ax=-24 ay=0 az=281 amb=992 spad=85 ivs=165 iva=0 tvs=0 tva=7 label=0
0x52
[RTY] wr=0 wmax=0 wref=0  rd=0 rmax=0 rref=0
[RNG] frames=2412 last=659 min=2 max=794 nrdy=0 dxfer=0 dstat=717 lst=7 nrdyerr=0 dclr=0
[DRV] init=0 id=7 mode=0x1 lib=0x2 seq=0x1 odc=0x8b sts=0xe0 armed=1
[TRG] pulses=176 suppressed=816 cyc=1600 rst=1 rstm[CSV] d0=-171 d1=-171 d2=-171 d3=-171 d4=-171 d5=-171 d6=-171 d7=-171 d8=-171 d9=-152 v=144 a=-36 ax=-23 ay=0 az=281 amb=992 spad=85 ivs=165 iva=0 tvs=0 tva=8 label=0
ode=0x40
[HLT] polls=62 faults=0x0 cfglost=0 rearm=0 rearmfail=0
[EFF] n=5 last=58476 min=58476 max=58594 late=0 stuck=0 rderr=0
[IMU] init=0 addr=0x68 who=0x68 rst=1 pmrb0=0x40 pmrb=0x1 sr=19 cfg=4 gcfg=0x0 acfg=0x8 icfg=0x30 ien=0x1 armed=1
[ACC] reads=3130 [CSV] d0=-171 d1=-171 d2=-171 d3=-171 d4=-171 d5=-171 d6=-171 d7=-171 d8=-171 d9=-171 v=144 a=-36 ax=-23 ay=0 az=280 amb=992 spad=85 ivs=165 iva=0 tvs=0 tva=9 label=0
stale=3124 rderr=0 ax=-95 ay=-4 az=1123
[PWR] pm=0x1 drift=0 rderr=0
[DWT] ok=1 cyc=2572208950 cyc_per_ms=789000
[CSV] d0=-171 d1=-171 d2=-171 d3=-171 d4=-171 d5=-171 d6=-171 d7=-171 d8=-171 d9=-171 v=144 a=-36 ax=-24 ay=0 az=281 amb=992 spad=85 ivs=165 iva=0 tvs=0 tva=10 label=0
[CSV] d0=-171 d1=-171 d2=-171 d3=-171 d4=-171 d5=-171 d6=-171 d7=-171 d8=-171 d9=-171 v=144 a=-36 ax=-24 ay=0 az=281 amb=992 spad=85 ivs=165 iva=0 tvs=0 tva=11 label=0
[CSV] d0=-171 d1=-171 d2=-171 d3=-171 d4=-171 d5=-171 d6=-171 d7=-171 d8=-171 d9=-171 v=144 a=-36 ax=-23 ay=0 az=281 amb=992 spad=85 ivs=165 iva=0 tvs=0 tva=12 label=0
[CSV] d0=-171 d1=-171 d2=-171 d3=-171 d4=-171 d5=-171 d6=-171 d7=-171 d8=-171 d9=-171 v=144 a=-36 ax=-24 ay=0 az=281 amb=992 spad=85 ivs=165 iva=0 tvs=0 tva=13 label=0
[CSV] d0=-171 d1=-171 d2=-171 d3=-171 d4=-171 d5=-171 d6=-171 d7=-171 d8=-171 d9=-171 v=144 a=-36 ax=-24 ay=0 az=280 amb=992 spad=85 ivs=165 iva=0 tvs=0 tva=14 label=0
[CSV] d0=-171 d1=-171 d2=-171 d3=-171 d4=-171 d5=-171 d6=-171 d7=-171 d8=-171 d9=-171 v=144 a=-36 ax=-24 ay=0 az=281 amb=992 spad=85 ivs=165 iva=0 tvs=0 tva=15 label=1
[CSV] d0=-171 d1=-171 d2=-171 d3=-171 d4=-171 d5=-171 d6=-171 d7=-171 d8=-171 d9=-171 v=144 a=-36 ax=-23 ay=0 az=281 amb=992 spad=85 ivs=165 iva=0 tvs=0 tva=16 label=1
[CSV] d0=-171 d1=-171 d2=-171 d3=-171 d4=-171 d5=-171 d6=-171 d7=-171 d8=-171 d9=-171 v=144 a=-36 ax=-23 ay=0 az=281 amb=992 spad=85 ivs=165 iva=0 tvs=0 tva=17 label=1
[CSV] d0=-102 d1=-171 d2=-171 d3=-171 d4=-171 d5=-171 d6=-171 d7=-171 d8=-171 d9=-171 v=0 a=-18 ax=-24 ay=-1 az=281 amb=960 spad=90 ivs=165 iva=0 tvs=165 tva=0 label=1
[CSV] d0=-25 d1=-102 d2=-171 d3=-171 d4=-171 d5=-171 d6=-171 d7=-171 d8=-171 d9=-171 v=-24 a=-17 ax=-23 ay=0 az=281 amb=960 spad=104 ivs=165 iva=0 tvs=165 tva=0 label=1
[CSV] d0=-124 d1=-25 d2=-102 d3=-171 d4=-171 d5=-171 d6=-171 d7=-171 d8=-171 d9=-171 v=-24 a=-13 ax=-23 ay=-1 az=280 amb=1000 spad=91 ivs=165 iva=0 tvs=165 tva=0 label=1
[CSV] d0=113 d1=-124 d2=-25 d3=-102 d4=-171 d5=-171 d6=-171 d7=-171 d8=-171 d9=-171 v=-52 a=-12 ax=-24 ay=0 az=280 amb=768 spad=104 ivs=165 iva=0 tvs=165 tva=0 label=1
[CSV] d0=27 d1=113 d2=-124 d3=-25 d4=-102 d5=-171 d6=-171 d7=-171 d8=-171 d9=-171 v=-264 a=-73 ax=-24 ay=-1 az=281 amb=928 spad=105 ivs=165 iva=0 tvs=165 tva=0 label=1
[CSV] d0=115 d1=27 d2=113 d3=-124 d4=-25 d5=-102 d6=-171 d7=-171 d8=-171 d9=-171 v=-288 a=-102 ax=-23 ay=0 az=281 amb=928 spad=117 ivs=165 iva=0 tvs=165 tva=0 label=1
[CSV] d0=75 d1=115 d2=27 d3=113 d4=-124 d5=-25 d6=-102 d7=-171 d8=-171 d9=-171 v=-272 a=-98 ax=-24 ay=0 az=280 amb=800 spad=142 ivs=165 iva=0 tvs=165 tva=0 label=1
[CSV] d0=49 d1=75 d2=115 d3=27 d4=113 d5=-124 d6=-25 d7=-102 d8=-171 d9=-171 v=56 a=28 ax=-24 ay=0 az=281 amb=736 spad=147 ivs=165 iva=0 tvs=165 tva=0 label=1
[CSV] d0=16 d1=49 d2=75 d3=115 d4=27 d5=113 d6=-124 d7=-25 d8=-102 d9=-171 v=60 a=134 ax=-23 ay=0 az=280 amb=800 spad=175 ivs=165 iva=0 tvs=165 tva=0 label=1
[CSV] d0=-12 d1=16 d2=49 d3=75 d4=115 d5=27 d6=113 d7=-124 d8=-25 d9=-102 v=212 a=180 ax=-23 ay=0 az=281 amb=1000 spad=167 ivs=165 iva=0 tvs=165 tva=0 label=1
[CSV] d0=-4 d1=-12 d2=16 d3=49 d4=75 d5=115 d6=27 d7=113 d8=-124 d9=-25 v=152 a=135 ax=-23 ay=0 az=281 amb=1000 spad=195 ivs=165 iva=0 tvs=165 tva=0 label=1
[CSV] d0=-76 d1=-4 d2=-12 d3=16 d4=49 d5=75 d6=115 d7=27 d8=113 d9=-124 v=184 a=47 ax=-23 ay=0 az=281 amb=1000 spad=216 ivs=165 iva=0 tvs=165 tva=0 label=1
[CSV] d0=-129 d1=-76 d2=-4 d3=-12 d4=16 d5=49 d6=75 d7=115 d8=27 d9=113 v=240 a=44 ax=-23 ay=0 az=280 amb=704 spad=286 ivs=165 iva=0 tvs=165 tva=0 label=1
[CSV] d0=-193 d1=-129 d2=-76 d3=-4 d4=-12 d5=16 d6=49 d7=75 d8=115 d9=27 v=328 a=43 ax=-24 ay=0 az=281 amb=800 spad=309 ivs=165 iva=0 tvs=165 tva=0 label=1
[CSV] d0=-248 d1=-193 d2=-129 d3=-76 d4=-4 d5=-12 d6=16 d7=49 d8=75 d9=115 v=408 a=88 ax=-23 ay=0 az=280 amb=1000 spad=374 ivs=165 iva=0 tvs=165 tva=0 label=1
[CSV] d0=-264 d1=-248 d2=-193 d3=-129 d4=-76 d5=-4 d6=-12 d7=16 d8=49 d9=75 v=332 a=62 ax=-23 ay=0 az=281 amb=544 spad=418 ivs=165 iva=0 tvs=165 tva=0 label=1
[CSV] d0=-316 d1=-264 d2=-248 d3=-193 d4=-129 d5=-76 d6=-4 d7=-12 d8=16 d9=49 v=300 a=16 ax=-24 ay=0 az=281 amb=736 spad=488 ivs=165 iva=0 tvs=165 tva=0 label=1
[CSV] d0=-379 d1=-316 d2=-264 d3=-248 d4=-193 d5=-129 d6=-76 d7=-4 d8=-12 d9=16 v=296 a=-23 ax=-23 ay=0 az=281 amb=864 spad=604 ivs=165 iva=0 tvs=165 tva=0 label=1
[CSV] d0=-430 d1=-379 d2=-316 d3=-264 d4=-248 d5=-193 d6=-129 d7=-76 d8=-4 d9=-12 v=324 a=-27 ax=-23 ay=0 az=280 amb=672 spad=744 ivs=165 iva=0 tvs=165 tva=0 label=1
[CSV] d0=-492 d1=-430 d2=-379 d3=-316 d4=-264 d5=-248 d6=-193 d7=-129 d8=-76 d9=-4 v=388 a=18 ax=-23 ay=0 az=281 amb=800 spad=864 ivs=165 iva=0 tvs=165 tva=0 label=1
[HB] up_ms=117166 frames=3159 inf=3159 hazard=1015 canary_err=0 q=0 qovr=0
[I2C] init=0 gate=0 whoami=0x140e0 wr=0 wrseen=0x27 addr=0x5a ok=21736 err=0 tmo=0 recov=1 pclk1=200000000 sysclk=400000000
[NAK] nacks=0
[CLK] cpu=800000000 sysb=400000000 pclk1=20000[CSV] d0=-515 d1=-492 d2=-430 d3=-379 d4=-316 d5=-264 d6=-248 d7=-193 d8=-129 d9=-76 v=348 a=25 ax=-23 ay=0 az=281 amb=672 spad=737 ivs=165 iva=0 tvs=165 tva=0 label=1
0000
[TOF] res=0 step=0 id=0xeacc blk=0xeacc10 ctl=0x0
[RNG] init=0 step=99 id=0xeacc boot=1 calls=93 xerr=0 dm=1 tb=15
[RNG] osc=41 imp=881 imprb=881 mstart=0x40 cfg=91 cfgfail=0x0 vhv=0 vpolls=0
[PRT] calls=12753 xerr=0 ler=1 lidx=0x0 perr=0 maxcnt=17 addr[CSV] d0=-572 d1=-515 d2=-492 d3=-430 d4=-379 d5=-316 d6=-264 d7=-248 d8=-193 d9=-129 v=328 a=12 ax=-23 ay=0 az=280 amb=448 spad=828 ivs=165 iva=0 tvs=165 tva=0 label=1
8=0x52
[RTY] wr=0 wmax=0 wref=0  rd=0 rmax=0 rref=0
[RNG] frames=2444 last=51 min=2 max=794 nrdy=0 dxfer=0 dstat=717 lst=7 nrdyerr=0 dclr=0
[DRV] init=0 id=7 mode=0x1 lib=0x2 seq=0x1 odc=0x8b sts=0xe0 armed=1
[TRG] pulses=181 suppressed=836 cyc=1600 rst=1 rs[CSV] d0=-625 d1=-572 d2=-515 d3=-492 d4=-430 d5=-379 d6=-316 d7=-264 d8=-248 d9=-193 v=328 a=-7 ax=-24 ay=0 az=280 amb=448 spad=766 ivs=165 iva=0 tvs=165 tva=0 label=1
tmode=0x40
[HLT] polls=63 faults=0x0 cfglost=0 rearm=0 rearmfail=0
[EFF] n=5 last=58476 min=58476 max=58594 late=0 stuck=0 rderr=0
[IMU] init=0 addr=0x68 who=0x68 rst=1 pmrb0=0x40 pmrb=0x1 sr=19 cfg=4 gcfg=0x0 acfg=0x8 icfg=0x30 ien=0x1 armed=1
[ACC] reads=[CSV] d0=-683 d1=-625 d2=-572 d3=-515 d4=-492 d5=-430 d6=-379 d7=-316 d8=-264 d9=-248 v=340 a=-16 ax=-23 ay=0 az=281 amb=224 spad=827 ivs=165 iva=0 tvs=165 tva=0 label=1
3162 stale=3156 rderr=0 ax=-97 ay=-3 az=1134
[PWR] pm=0x1 drift=0 rderr=0
[DWT] ok=1 cyc=3513514450 cyc_per_ms=800429
[CSV] d0=-716 d1=-683 d2=-625 d3=-572 d4=-515 d5=-492 d6=-430 d7=-379 d8=-316 d9=-264 v=356 a=3 ax=-23 ay=0 az=281 amb=192 spad=659 ivs=165 iva=0 tvs=165 tva=0 label=1
[CSV] d0=-752 d1=-716 d2=-683 d3=-625 d4=-572 d5=-515 d6=-492 d7=-430 d8=-379 d9=-316 v=312 a=0 ax=-23 ay=0 az=280 amb=352 spad=802 ivs=165 iva=0 tvs=165 tva=0 label=0
[CSV] d0=-814 d1=-752 d2=-716 d3=-683 d4=-625 d5=-572 d6=-515 d7=-492 d8=-430 d9=-379 v=312 a=-8 ax=-24 ay=0 az=281 amb=160 spad=759 ivs=165 iva=0 tvs=165 tva=0 label=0
[CSV] d0=-849 d1=-814 d2=-752 d3=-716 d4=-683 d5=-625 d6=-572 d7=-515 d8=-492 d9=-430 v=300 a=-17 ax=-23 ay=0 az=281 amb=0 spad=821 ivs=165 iva=0 tvs=165 tva=0 label=0
[CSV] d0=-867 d1=-849 d2=-814 d3=-752 d4=-716 d5=-683 d6=-625 d7=-572 d8=-515 d9=-492 v=276 a=-23 ax=-23 ay=0 az=280 amb=32 spad=507 ivs=165 iva=0 tvs=165 tva=0 label=0
[CSV] d0=-897 d1=-867 d2=-849 d3=-814 d4=-752 d5=-716 d6=-683 d7=-625 d8=-572 d9=-515 v=240 a=-25 ax=-23 ay=0 az=280 amb=160 spad=623 ivs=165 iva=0 tvs=165 tva=0 label=0
[CSV] d0=-931 d1=-897 d2=-867 d3=-849 d4=-814 d5=-752 d6=-716 d7=-683 d8=-625 d9=-572 v=196 a=-40 ax=-24 ay=0 az=281 amb=64 spad=708 ivs=165 iva=0 tvs=165 tva=0 label=0
[CSV] d0=-952 d1=-931 d2=-897 d3=-867 d4=-849 d5=-814 d6=-752 d7=-716 d8=-683 d9=-625 v=184 a=-43 ax=-24 ay=0 az=281 amb=32 spad=724 ivs=165 iva=0 tvs=165 tva=0 label=0
[CSV] d0=-961 d1=-952 d2=-931 d3=-897 d4=-867 d5=-849 d6=-814 d7=-752 d8=-716 d9=-683 v=164 a=-38 ax=-23 ay=0 az=280 amb=0 spad=519 ivs=165 iva=0 tvs=165 tva=0 label=0
[CSV] d0=-998 d1=-961 d2=-952 d3=-931 d4=-897 d5=-867 d6=-849 d7=-814 d8=-752 d9=-716 v=156 a=-26 ax=-23 ay=0 az=281 amb=32 spad=760 ivs=165 iva=0 tvs=165 tva=0 label=0
[CSV] d0=-1000 d1=-998 d2=-961 d3=-952 d4=-931 d5=-897 d6=-867 d7=-849 d8=-814 d9=-752 v=156 a=-14 ax=-24 ay=0 az=283 amb=0 spad=900 ivs=165 iva=0 tvs=165 tva=0 label=0
[CSV] d0=-1000 d1=-1000 d2=-998 d3=-961 d4=-952 d5=-931 d6=-897 d7=-867 d8=-849 d9=-814 v=148 a=-10 ax=-23 ay=0 az=280 amb=0 spad=1000 ivs=165 iva=0 tvs=165 tva=0 label=0
[CSV] d0=-1000 d1=-1000 d2=-1000 d3=-998 d4=-961 d5=-952 d6=-931 d7=-897 d8=-867 d9=-849 v=120 a=-12 ax=-24 ay=0 az=281 amb=32 spad=1000 ivs=165 iva=0 tvs=165 tva=0 label=0
[CSV] d0=-1000 d1=-1000 d2=-1000 d3=-1000 d4=-998 d5=-961 d6=-952 d7=-931 d8=-897 d9=-867 v=64 a=-29 ax=-22 ay=0 az=280 amb=0 spad=1000 ivs=165 iva=0 tvs=165 tva=0 label=0
[CSV] d0=-1000 d1=-1000 d2=-1000 d3=-1000 d4=-1000 d5=-998 d6=-961 d7=-952 d8=-931 d9=-897 v=8 a=-51 ax=-24 ay=0 az=281 amb=32 spad=1000 ivs=165 iva=0 tvs=165 tva=0 label=0
[CSV] d0=-1000 d1=-1000 d2=-1000 d3=-1000 d4=-1000 d5=-1000 d6=-998 d7=-961 d8=-952 d9=-931 v=-20 a=-60 ax=-24 ay=0 az=281 amb=0 spad=768 ivs=165 iva=0 tvs=165 tva=0 label=0
[CSV] d0=-982 d1=-1000 d2=-1000 d3=-1000 d4=-1000 d5=-1000 d6=-1000 d7=-998 d8=-961 d9=-952 v=-88 a=-67 ax=-23 ay=0 az=280 amb=64 spad=585 ivs=165 iva=0 tvs=165 tva=0 label=0
[CSV] d0=-960 d1=-982 d2=-1000 d3=-1000 d4=-1000 d5=-1000 d6=-1000 d7=-1000 d8=-998 d9=-961 v=-140 a=-68 ax=-23 ay=0 az=280 amb=0 spad=443 ivs=165 iva=0 tvs=165 tva=0 label=0
[CSV] d0=-939 d1=-960 d2=-982 d3=-1000 d4=-1000 d5=-1000 d6=-1000 d7=-1000 d8=-1000 d9=-998 v=-160 a=-61 ax=-23 ay=0 az=280 amb=0 spad=740 ivs=165 iva=0 tvs=165 tva=0 label=0
[CSV] d0=-902 d1=-939 d2=-960 d3=-982 d4=-1000 d5=-1000 d6=-1000 d7=-1000 d8=-1000 d9=-1000 v=-188 a=-55 ax=-24 ay=0 az=280 amb=0 spad=541 ivs=165 iva=0 tvs=165 tva=0 label=0
[CSV] d0=-836 d1=-902 d2=-939 d3=-960 d4=-982 d5=-1000 d6=-1000 d7=-1000 d8=-1000 d9=-1000 v=-236 a=-46 ax=-23 ay=0 az=281 amb=32 spad=708 ivs=165 iva=0 tvs=165 tva=0 label=0
[CSV] d0=-776 d1=-836 d2=-902 d3=-939 d4=-960 d5=-982 d6=-1000 d7=-1000 d8=-1000 d9=-1000 v=-316 a=-57 ax=-23 ay=-1 az=280 amb=352 spad=675 ivs=165 iva=0 tvs=165 tva=0 label=0
[CSV] d0=-721 d1=-776 d2=-836 d3=-902 d4=-939 d5=-960 d6=-982 d7=-1000 d8=-1000 d9=-1000 v=-380 a=-76 ax=-23 ay=0 az=280 amb=224 spad=891 ivs=165 iva=0 tvs=165 tva=0 label=0
[CSV] d0=-668 d1=-721 d2=-776 d3=-836 d4=-902 d5=-939 d6=-960 d7=-982 d8=-1000 d9=-1000 v=-392 a=-74 ax=-23 ay=0 az=280 amb=288 spad=711 ivs=165 iva=0 tvs=165 tva=0 label=0
[CSV] d0=-584 d1=-668 d2=-721 d3=-776 d4=-836 d5=-902 d6=-939 d7=-960 d8=-982 d9=-1000 v=-416 a=-59 ax=-24 ay=0 az=281 amb=736 spad=780 ivs=165 iva=0 tvs=165 tva=0 label=0
[CSV] d0=-491 d1=-584 d2=-668 d3=-721 d4=-776 d5=-836 d6=-902 d7=-939 d8=-960 d9=-982 v=-476 a=-48 ax=-23 ay=0 az=280 amb=960 spad=605 ivs=165 iva=0 tvs=165 tva=0 label=0
[CSV] d0=-422 d1=-491 d2=-584 d3=-668 d4=-721 d5=-776 d6=-836 d7=-902 d8=-939 d9=-960 v=-524 a=-50 ax=-23 ay=-1 az=280 amb=992 spad=427 ivs=165 iva=0 tvs=165 tva=0 label=0
[HB] up_ms=118329 frames=3190 inf=3190 hazard=1020 canary_err=0 q=0 qovr=0
[I2C] init=0 gate=0 whoami=0x140e0 wr=0 wrseen=0x27 addr=0x5a [CSV] d0=-337 d1=-422 d2=-491 d3=-584 d4=-668 d5=-721 d6=-776 d7=-836 d8=-902 d9=-939 v=-556 a=-59 ax=-23 ay=0 az=281 amb=992 spad=336 ivs=165 iva=0 tvs=165 tva=0 label=0
ok=21922 err=0 tmo=0 recov=1 pclk1=200000000 sysclk=400000000
[NAK] nacks=0
[CLK] cpu=800000000 sysb=400000000 pclk1=200000000
[TOF] res=0 step=0 id=0xeacc blk=0xeacc10 ctl=0x0
[RNG] init=0 step=99 id=0xeacc boot=1 calls=93 xerr=0 dm=1 tb=15
[RNG] osc=41 [CSV] d0=-304 d1=-337 d2=-422 d3=-491 d4=-584 d5=-668 d6=-721 d7=-776 d8=-836 d9=-902 v=-484 a=-29 ax=-23 ay=0 az=281 amb=1000 spad=307 ivs=165 iva=0 tvs=165 tva=0 label=0
imp=881 imprb=881 mstart=0x40 cfg=91 cfgfail=0x0 vhv=0 vpolls=0
[PRT] calls=12881 xerr=0 ler=1 lidx=0x0 perr=0 maxcnt=17 addr8=0x52
[RTY] wr=0 wmax=0 wref=0  rd=0 rmax=0 rref=0
[RNG] frames=2475 last=752 min=2 max=794 nrdy=0 dxfer=0 dstat=717 lst=7 nrdyer[CSV] d0=-232 d1=-304 d2=-337 d3=-422 d4=-491 d5=-584 d6=-668 d7=-721 d8=-776 d9=-836 v=-432 a=17 ax=-24 ay=0 az=280 amb=832 spad=268 ivs=165 iva=0 tvs=165 tva=0 label=0
r=0 dclr=0
[DRV] init=0 id=7 mode=0x1 lib=0x2 seq=0x1 odc=0x8b sts=0xe0 armed=1
[TRG] pulses=181 suppressed=839 cyc=1600 rst=1 rstmode=0x40
[HLT] polls=63 faults=0x0 cfglost=0 rearm=0 rearmfail=0
[EFF] n=5 last=58476 min=58476 max=58594 late=0 stuck=0 rder[CSV] d0=-182 d1=-232 d2=-304 d3=-337 d4=-422 d5=-491 d6=-584 d7=-668 d8=-721 d9=-776 v=-396 a=51 ax=-23 ay=0 az=281 amb=672 spad=233 ivs=165 iva=0 tvs=165 tva=0 label=1
r=0
[IMU] init=0 addr=0x68 who=0x68 rst=1 pmrb0=0x40 pmrb=0x1 sr=19 cfg=4 gcfg=0x0 acfg=0x8 icfg=0x30 ien=0x1 armed=1
[ACC] reads=3194 stale=3188 rderr=0 ax=-93 ay=-1 az=1123
[PWR] pm=0x1 drift=0 rderr=0
[DWT] ok=1 cyc=149379706 cyc_per_ms=800371
[CSV] d0=-139 d1=-182 d2=-232 d3=-304 d4=-337 d5=-422 d6=-491 d7=-584 d8=-668 d9=-721 v=-352 a=67 ax=-24 ay=0 az=281 amb=864 spad=211 ivs=165 iva=0 tvs=165 tva=0 label=1
[CSV] d0=-78 d1=-139 d2=-182 d3=-232 d4=-304 d5=-337 d6=-422 d7=-491 d8=-584 d9=-668 v=-368 a=42 ax=-23 ay=0 az=280 amb=800 spad=196 ivs=165 iva=0 tvs=165 tva=0 label=1
[CSV] d0=-8 d1=-78 d2=-139 d3=-182 d4=-232 d5=-304 d6=-337 d7=-422 d8=-491 d9=-584 v=-372 a=20 ax=-23 ay=0 az=281 amb=704 spad=181 ivs=165 iva=0 tvs=165 tva=0 label=1
[CSV] d0=-1 d1=-8 d2=-78 d3=-139 d4=-182 d5=-232 d6=-304 d7=-337 d8=-422 d9=-491 v=-332 a=14 ax=-24 ay=0 az=281 amb=992 spad=151 ivs=165 iva=0 tvs=165 tva=0 label=1
[CSV] d0=30 d1=-1 d2=-8 d3=-78 d4=-139 d5=-182 d6=-232 d7=-304 d8=-337 d9=-422 v=-280 a=24 ax=-23 ay=0 az=281 amb=928 spad=162 ivs=165 iva=0 tvs=165 tva=0 label=1
[CSV] d0=49 d1=30 d2=-1 d3=-8 d4=-78 d5=-139 d6=-182 d7=-232 d8=-304 d9=-337 v=-196 a=58 ax=-23 ay=0 az=280 amb=736 spad=153 ivs=165 iva=0 tvs=165 tva=0 label=1
[CSV] d0=126 d1=49 d2=30 d3=-1 d4=-8 d5=-78 d6=-139 d7=-182 d8=-232 d9=-304 v=-216 a=60 ax=-23 ay=0 az=280 amb=800 spad=143 ivs=165 iva=0 tvs=165 tva=0 label=1
[CSV] d0=150 d1=126 d2=49 d3=30 d4=-1 d5=-8 d6=-78 d7=-139 d8=-182 d9=-232 v=-272 a=24 ax=-23 ay=0 az=280 amb=960 spad=134 ivs=165 iva=0 tvs=165 tva=0 label=1
[CSV] d0=152 d1=150 d2=126 d3=49 d4=30 d5=-1 d6=-8 d7=-78 d8=-139 d9=-182 v=-232 a=2 ax=-23 ay=-1 az=281 amb=1000 spad=113 ivs=165 iva=0 tvs=165 tva=0 label=1
[CSV] d0=123 d1=152 d2=150 d3=126 d4=49 d5=30 d6=-1 d7=-8 d8=-78 d9=-139 v=-116 a=19 ax=-24 ay=-1 az=280 amb=1000 spad=126 ivs=165 iva=0 tvs=165 tva=0 label=1
[CSV] d0=88 d1=123 d2=152 d3=150 d4=126 d5=49 d6=30 d7=-1 d8=-8 d9=-78 v=68 a=96 ax=-23 ay=0 az=281 amb=1000 spad=105 ivs=165 iva=0 tvs=165 tva=0 label=1
[CSV] d0=102 d1=88 d2=123 d3=152 d4=150 d5=126 d6=49 d7=30 d8=-1 d9=-8 v=104 a=138 ax=-23 ay=0 az=280 amb=864 spad=113 ivs=165 iva=0 tvs=165 tva=0 label=1
[CSV] d0=3 d1=102 d2=88 d3=123 d4=152 d5=150 d6=126 d7=49 d8=30 d9=-1 v=208 a=144 ax=-23 ay=0 az=281 amb=800 spad=105 ivs=165 iva=0 tvs=165 tva=0 label=1
[CSV] d0=3 d1=3 d2=102 d3=88 d4=123 d5=152 d6=150 d7=126 d8=49 d9=30 v=208 a=144 ax=-24 ay=0 az=280 amb=800 spad=105 ivs=165 iva=0 tvs=90 tva=1 label=1
[CSV] d0=3 d1=3 d2=3 d3=102 d4=88 d5=123 d6=152 d7=150 d8=126 d9=49 v=208 a=144 ax=-23 ay=0 az=281 amb=800 spad=105 ivs=165 iva=0 tvs=90 tva=2 label=1
[CSV] d0=-177 d1=3 d2=3 d3=3 d4=102 d5=88 d6=123 d7=152 d8=150 d9=126 v=344 a=94 ax=-23 ay=0 az=280 amb=704 spad=102 ivs=165 iva=0 tvs=165 tva=0 label=1
[CSV] d0=-177 d1=-177 d2=3 d3=3 d4=3 d5=102 d6=88 d7=123 d8=152 d9=150 v=344 a=94 ax=-23 ay=0 az=280 amb=704 spad=102 ivs=165 iva=0 tvs=90 tva=1 label=1
[CSV] d0=-177 d1=-177 d2=-177 d3=3 d4=3 d5=3 d6=102 d7=88 d8=123 d9=152 v=344 a=94 ax=-23 ay=0 az=280 amb=704 spad=102 ivs=165 iva=0 tvs=90 tva=2 label=1
[CSV] d0=-177 d1=-177 d2=-177 d3=-177 d4=3 d5=3 d6=3 d7=102 d8=88 d9=123 v=344 a=94 ax=-23 ay=0 az=280 amb=704 spad=102 ivs=165 iva=0 tvs=0 tva=3 label=1
[CSV] d0=-177 d1=-177 d2=-177 d3=-177 d4=-177 d5=3 d6=3 d7=3 d8=102 d9=88 v=344 a=94 ax=-23 ay=-1 az=280 amb=704 spad=102 ivs=165 iva=0 tvs=0 tva=4 label=1
[CSV] d0=-177 d1=-177 d2=-177 d3=-177 d4=-177 d5=-177 d6=3 d7=3 d8=3 d9=102 v=344 a=94 ax=-23 ay=0 az=280 amb=704 spad=102 ivs=165 iva=0 tvs=0 tva=5 label=1
[CSV] d0=-177 d1=-177 d2=-177 d3=-177 d4=-177 d5=-177 d6=-177 d7=3 d8=3 d9=3 v=344 a=94 ax=-24 ay=0 az=279 amb=704 spad=102 ivs=165 iva=0 tvs=0 tva=6 label=1
[CSV] d0=-177 d1=-177 d2=-177 d3=-177 d4=-177 d5=-177 d6=-177 d7=-177 d8=3 d9=3 v=344 a=94 ax=-23 ay=0 az=281 amb=704 spad=102 ivs=165 iva=0 tvs=0 tva=7 label=1
[CSV] d0=-177 d1=-177 d2=-177 d3=-177 d4=-177 d5=-177 d6=-177 d7=-177 d8=-177 d9=3 v=344 a=94 ax=-24 ay=0 az=280 amb=704 spad=102 ivs=165 iva=0 tvs=0 tva=8 label=1
[CSV] d0=-177 d1=-177 d2=-177 d3=-177 d4=-177 d5=-177 d6=-177 d7=-177 d8=-177 d9=-177 v=344 a=94 ax=-24 ay=0 az=280 amb=704 spad=102 ivs=165 iva=0 tvs=0 tva=9 label=1
[CSV] d0=-177 d1=-177 d2=-177 d3=-177 d4=-177 d5=-177 d6=-177 d7=-177 d8=-177 d9=-177 v=344 a=94 ax=-23 ay=0 az=280 amb=704 spad=102 ivs=165 iva=0 tvs=0 tva=10 label=1
[CSV] d0=-177 d1=-177 d2=-177 d3=-177 d4=-177 d5=-177 d6=-177 d7=-177 d8=-177 d9=-177 v=344 a=94 ax=-23 ay=0 az=280 amb=704 spad=102 ivs=165 iva=0 tvs=0 tva=11 label=1
[CSV] d0=-177 d1=-177 d2=-177 d3=-177 d4=-177 d5=-177 d6=-177 d7=-177 d8=-177 d9=-177 v=344 a=94 ax=-23 ay=0 az=280 amb=704 spad=102 ivs=165 iva=0 tvs=0 tva=12 label=1
[HB] up_ms=119493 frames=3222 inf=3222 hazard=1049 canary_err=0 q=0 qovr=0
[I2C] init=0 gate=0 whoami=0x140e0 wr=0 wrseen=0x27 addr=0x5a ok=22116 err=0 tmo=0 recov=1 pclk1=[CSV] d0=-177 d1=-177 d2=-177 d3=-177 d4=-177 d5=-177 d6=-177 d7=-177 d8=-177 d9=-177 v=344 a=94 ax=-23 ay=-1 az=280 amb=704 spad=102 ivs=165 iva=0 tvs=0 tva=13 label=0
200000000 sysclk=400000000
[NAK] nacks=0
[CLK] cpu=800000000 sysb=400000000 pclk1=200000000
[TOF] res=0 step=0 id=0xeacc blk=0xeacc10 ctl=0x0
[RNG] init=0 step=99 id=0xeacc boot=1 calls=93 xerr=0 dm=1 tb=15
[RNG] osc=41 imp=881 imprb=881 mstart=0x40 cfg=91[CSV] d0=-177 d1=-177 d2=-177 d3=-177 d4=-177 d5=-177 d6=-177 d7=-177 d8=-177 d9=-177 v=344 a=94 ax=-24 ay=0 az=280 amb=704 spad=102 ivs=165 iva=0 tvs=0 tva=14 label=0
 cfgfail=0x0 vhv=0 vpolls=0
[PRT] calls=13009 xerr=0 ler=1 lidx=0x0 perr=0 maxcnt=17 addr8=0x52
[RTY] wr=0 wmax=0 wref=0  rd=0 rmax=0 rref=0
[RNG] frames=2480 last=630 min=2 max=794 nrdy=0 dxfer=0 dstat=744 lst=7 nrdyerr=0 dclr=0
[DRV] init=0 id=7 mode=0x1 l[CSV] d0=-177 d1=-177 d2=-177 d3=-177 d4=-177 d5=-177 d6=-177 d7=-177 d8=-177 d9=-177 v=344 a=94 ax=-23 ay=0 az=280 amb=704 spad=102 ivs=165 iva=0 tvs=0 tva=15 label=0
ib=0x2 seq=0x1 odc=0x8b sts=0xe0 armed=1
[TRG] pulses=189 suppressed=860 cyc=1600 rst=1 rstmode=0x40
[HLT] polls=64 faults=0x0 cfglost=0 rearm=0 rearmfail=0
[EFF] n=5 last=58476 min=58476 max=58594 late=0 stuck=0 rderr=0
[IMU] init=0 addr=0x68 who=0x68 rst=1 [CSV] d0=-177 d1=-177 d2=-177 d3=-177 d4=-177 d5=-177 d6=-177 d7=-177 d8=-177 d9=-177 v=344 a=94 ax=-23 ay=0 az=281 amb=704 spad=102 ivs=165 iva=0 tvs=0 tva=16 label=0
pmrb0=0x40 pmrb=0x1 sr=19 cfg=4 gcfg=0x0 acfg=0x8 icfg=0x30 ien=0x1 armed=1
[ACC] reads=3226 stale=3220 rderr=0 ax=-95 ay=-3 az=1123
[PWR] pm=0x1 drift=0 rderr=0
[DWT] ok=1 cyc=1079863698 cyc_per_ms=799384
[CSV] d0=-177 d1=-177 d2=-177 d3=-177 d4=-177 d5=-177 d6=-177 d7=-177 d8=-177 d9=-177 v=344 a=94 ax=-24 ay=0 az=280 amb=704 spad=102 ivs=165 iva=0 tvs=0 tva=17 label=0
[CSV] d0=-177 d1=-177 d2=-177 d3=-177 d4=-177 d5=-177 d6=-177 d7=-177 d8=-177 d9=-177 v=344 a=94 ax=-23 ay=0 az=280 amb=704 spad=102 ivs=165 iva=0 tvs=0 tva=18 label=0
[CSV] d0=-177 d1=-177 d2=-177 d3=-177 d4=-177 d5=-177 d6=-177 d7=-177 d8=-177 d9=-177 v=344 a=94 ax=-23 ay=0 az=280 amb=704 spad=102 ivs=165 iva=0 tvs=0 tva=19 label=0
[CSV] d0=-177 d1=-177 d2=-177 d3=-177 d4=-177 d5=-177 d6=-177 d7=-177 d8=-177 d9=-177 v=344 a=94 ax=-24 ay=0 az=280 amb=704 spad=102 ivs=165 iva=0 tvs=0 tva=20 label=0
[CSV] d0=-177 d1=-177 d2=-177 d3=-177 d4=-177 d5=-177 d6=-177 d7=-177 d8=-177 d9=-177 v=344 a=94 ax=-23 ay=0 az=281 amb=704 spad=102 ivs=165 iva=0 tvs=0 tva=21 label=1
[CSV] d0=-177 d1=-177 d2=-177 d3=-177 d4=-177 d5=-177 d6=-177 d7=-177 d8=-177 d9=-177 v=344 a=94 ax=-24 ay=-1 az=279 amb=704 spad=102 ivs=165 iva=0 tvs=0 tva=22 label=1
[CSV] d0=-177 d1=-177 d2=-177 d3=-177 d4=-177 d5=-177 d6=-177 d7=-177 d8=-177 d9=-177 v=344 a=94 ax=-24 ay=0 az=279 amb=704 spad=102 ivs=165 iva=0 tvs=0 tva=23 label=1
[CSV] d0=-177 d1=-177 d2=-177 d3=-177 d4=-177 d5=-177 d6=-177 d7=-177 d8=-177 d9=-177 v=344 a=94 ax=-24 ay=0 az=280 amb=704 spad=102 ivs=165 iva=0 tvs=0 tva=24 label=1
[CSV] d0=-72 d1=-177 d2=-177 d3=-177 d4=-177 d5=-177 d6=-177 d7=-177 d8=-177 d9=-177 v=28 a=-5 ax=-23 ay=0 az=280 amb=1000 spad=76 ivs=165 iva=0 tvs=165 tva=0 label=1
[CSV] d0=-72 d1=-72 d2=-177 d3=-177 d4=-177 d5=-177 d6=-177 d7=-177 d8=-177 d9=-177 v=28 a=-5 ax=-24 ay=0 az=281 amb=1000 spad=76 ivs=165 iva=0 tvs=90 tva=1 label=1
[CSV] d0=-152 d1=-72 d2=-72 d3=-177 d4=-177 d5=-177 d6=-177 d7=-177 d8=-177 d9=-177 v=24 a=-8 ax=-23 ay=0 az=280 amb=1000 spad=85 ivs=165 iva=0 tvs=165 tva=0 label=1
[CSV] d0=-1 d1=-152 d2=-72 d3=-72 d4=-177 d5=-177 d6=-177 d7=-177 d8=-177 d9=-177 v=0 a=-12 ax=-23 ay=0 az=280 amb=896 spad=105 ivs=165 iva=0 tvs=165 tva=0 label=1
[CSV] d0=84 d1=-1 d2=-152 d3=-72 d4=-72 d5=-177 d6=-177 d7=-177 d8=-177 d9=-177 v=-40 a=-17 ax=-23 ay=-1 az=280 amb=832 spad=104 ivs=165 iva=0 tvs=165 tva=0 label=1
[CSV] d0=81 d1=84 d2=-1 d3=-152 d4=-72 d5=-72 d6=-177 d7=-177 d8=-177 d9=-177 v=-272 a=-66 ax=-23 ay=0 az=280 amb=960 spad=121 ivs=165 iva=0 tvs=165 tva=0 label=1
[CSV] d0=41 d1=81 d2=84 d3=-1 d4=-152 d5=-72 d6=-72 d7=-177 d8=-177 d9=-177 v=-316 a=-127 ax=-24 ay=0 az=280 amb=608 spad=146 ivs=165 iva=0 tvs=165 tva=0 label=1
[CSV] d0=54 d1=41 d2=81 d3=84 d4=-1 d5=-152 d6=-72 d7=-72 d8=-177 d9=-177 v=-48 a=-50 ax=-24 ay=-1 az=280 amb=864 spad=147 ivs=165 iva=0 tvs=165 tva=0 label=1
[CSV] d0=4 d1=54 d2=41 d3=81 d4=84 d5=-1 d6=-152 d7=-72 d8=-72 d9=-177 v=128 a=75 ax=-23 ay=0 az=280 amb=1000 spad=163 ivs=165 iva=0 tvs=165 tva=0 label=1
[CSV] d0=-19 d1=4 d2=54 d3=41 d4=81 d5=84 d6=-1 d7=-152 d8=-72 d9=-72 v=160 a=176 ax=-23 ay=0 az=280 amb=992 spad=190 ivs=165 iva=0 tvs=165 tva=0 label=1
[CSV] d0=-49 d1=-19 d2=4 d3=54 d4=41 d5=81 d6=84 d7=-1 d8=-152 d9=-72 v=172 a=160 ax=-23 ay=0 az=281 amb=1000 spad=198 ivs=165 iva=0 tvs=165 tva=0 label=1
[CSV] d0=-102 d1=-49 d2=-19 d3=4 d4=54 d5=41 d6=81 d7=84 d8=-1 d9=-152 v=248 a=86 ax=-23 ay=0 az=280 amb=896 spad=226 ivs=165 iva=0 tvs=165 tva=0 label=1
[CSV] d0=-140 d1=-102 d2=-49 d3=-19 d4=4 d5=54 d6=41 d7=81 d8=84 d9=-1 v=252 a=45 ax=-24 ay=0 az=281 amb=1000 spad=261 ivs=165 iva=0 tvs=165 tva=0 label=1
[CSV] d0=-184 d1=-140 d2=-102 d3=-49 d4=-19 d5=4 d6=54 d7=41 d8=81 d9=84 v=284 a=44 ax=-23 ay=0 az=281 amb=1000 spad=284 ivs=165 iva=0 tvs=165 tva=0 label=1
[CSV] d0=-232 d1=-184 d2=-140 d3=-102 d4=-49 d5=-19 d6=4 d7=54 d8=41 d9=81 v=300 a=39 ax=-23 ay=0 az=280 amb=640 spad=347 ivs=165 iva=0 tvs=165 tva=0 label=1
[CSV] d0=-283 d1=-232 d2=-184 d3=-140 d4=-102 d5=-49 d6=-19 d7=4 d8=54 d9=41 v=304 a=21 ax=-23 ay=0 az=281 amb=864 spad=395 ivs=165 iva=0 tvs=165 tva=0 label=1
[CSV] d0=-310 d1=-283 d2=-232 d3=-184 d4=-140 d5=-102 d6=-49 d7=-19 d8=4 d9=54 v=296 a=14 ax=-23 ay=0 az=280 amb=768 spad=437 ivs=165 iva=0 tvs=165 tva=0 label=1
[CSV] d0=-361 d1=-310 d2=-283 d3=-232 d4=-184 d5=-140 d6=-102 d7=-49 d8=-19 d9=4 v=296 a=2 ax=-24 ay=0 az=281 amb=736 spad=521 ivs=165 iva=0 tvs=165 tva=0 label=1
[CSV] d0=-398 d1=-361 d2=-310 d3=-283 d4=-232 d5=-184 d6=-140 d7=-102 d8=-49 d9=-19 v=280 a=-6 ax=-23 ay=0 az=281 amb=928 spad=588 ivs=165 iva=0 tvs=165 tva=0 label=1
[CSV] d0=-432 d1=-398 d2=-361 d3=-310 d4=-283 d5=-232 d6=-184 d7=-140 d8=-102 d9=-49 v=264 a=-13 ax=-24 ay=0 az=280 amb=1000 spad=694 ivs=165 iva=0 tvs=165 tva=0 label=1
[HB] up_ms=120659 frames=3254 inf=3254 hazard=1073 canary_err=0 q=0 qovr=0
[I2C] init=0 gate=0 whoami=0x140e0 wr=0 wrseen=0x27 addr=0x5a ok=22310 err=0 tmo=0 recov=1 pclk1=200000000 sysclk=400000000
[NAK] nacks=0
[CLK] cpu=800000000 sysb=400000000 pclk1=2[CSV] d0=-451 d1=-432 d2=-398 d3=-361 d4=-310 d5=-283 d6=-232 d7=-184 d8=-140 d9=-102 v=244 a=-18 ax=-23 ay=0 az=280 amb=1000 spad=752 ivs=165 iva=0 tvs=165 tva=0 label=1
00000000
[TOF] res=0 step=0 id=0xeacc blk=0xeacc10 ctl=0x0
[RNG] init=0 step=99 id=0xeacc boot=1 calls=93 xerr=0 dm=1 tb=15
[RNG] osc=41 imp=881 imprb=881 mstart=0x40 cfg=91 cfgfail=0x0 vhv=0 vpolls=0
[PRT] calls=13133 xerr=0 ler=1 lidx=0x0 perr=0 maxcnt=[CSV] d0=-489 d1=-451 d2=-432 d3=-398 d4=-361 d5=-310 d6=-283 d7=-232 d8=-184 d9=-140 v=216 a=-27 ax=-24 ay=0 az=280 amb=864 spad=816 ivs=165 iva=0 tvs=165 tva=0 label=1
17 addr8=0x52
[RTY] wr=0 wmax=0 wref=0  rd=0 rmax=0 rref=0
[RNG] frames=2512 last=127 min=2 max=794 nrdy=0 dxfer=0 dstat=744 lst=7 nrdyerr=0 dclr=0
[DRV] init=0 id=7 mode=0x1 lib=0x2 seq=0x1 odc=0x8b sts=0xe0 armed=1
[TRG] pulses=193 suppressed=882 cyc=1600[CSV] d0=-521 d1=-489 d2=-451 d3=-432 d4=-398 d5=-361 d6=-310 d7=-283 d8=-232 d9=-184 v=212 a=-25 ax=-23 ay=0 az=281 amb=704 spad=772 ivs=165 iva=0 tvs=165 tva=0 label=1
 rst=1 rstmode=0x40
[HLT] polls=65 faults=0x0 cfglost=0 rearm=0 rearmfail=0
[EFF] n=5 last=58476 min=58476 max=58594 late=0 stuck=0 rderr=0
[IMU] init=0 addr=0x68 who=0x68 rst=1 pmrb0=0x40 pmrb=0x1 sr=19 cfg=4 gcfg=0x0 acfg=0x8 icfg=0x30 ien=0x1 armed=1
[A[CSV] d0=-561 d1=-521 d2=-489 d3=-451 d4=-432 d5=-398 d6=-361 d7=-310 d8=-283 d9=-232 v=228 a=-14 ax=-23 ay=-1 az=280 amb=640 spad=843 ivs=165 iva=0 tvs=165 tva=0 label=1
CC] reads=3257 stale=3252 rderr=0 ax=-97 ay=-1 az=1123
[PWR] pm=0x1 drift=0 rderr=0
[DWT] ok=1 cyc=2013715066 cyc_per_ms=800901
[CSV] d0=-590 d1=-561 d2=-521 d3=-489 d4=-451 d5=-432 d6=-398 d7=-361 d8=-310 d9=-283 v=244 a=1 ax=-23 ay=0 az=280 amb=480 spad=858 ivs=165 iva=0 tvs=165 tva=0 label=1
[CSV] d0=-616 d1=-590 d2=-561 d3=-521 d4=-489 d5=-451 d6=-432 d7=-398 d8=-361 d9=-310 v=224 a=6 ax=-23 ay=0 az=280 amb=480 spad=845 ivs=165 iva=0 tvs=165 tva=0 label=1
[CSV] d0=-649 d1=-616 d2=-590 d3=-561 d4=-521 d5=-489 d6=-451 d7=-432 d8=-398 d9=-361 v=216 a=0 ax=-23 ay=0 az=281 amb=256 spad=778 ivs=165 iva=0 tvs=165 tva=0 label=1
[CSV] d0=-688 d1=-649 d2=-616 d3=-590 d4=-561 d5=-521 d6=-489 d7=-451 d8=-432 d9=-398 v=216 a=-7 ax=-23 ay=0 az=281 amb=160 spad=921 ivs=165 iva=0 tvs=165 tva=0 label=1
[CSV] d0=-716 d1=-688 d2=-649 d3=-616 d4=-590 d5=-561 d6=-521 d7=-489 d8=-451 d9=-432 v=224 a=-6 ax=-23 ay=0 az=280 amb=192 spad=625 ivs=165 iva=0 tvs=165 tva=0 label=1
[CSV] d0=-747 d1=-716 d2=-688 d3=-649 d4=-616 d5=-590 d6=-561 d7=-521 d8=-489 d9=-451 v=228 a=2 ax=-23 ay=0 az=281 amb=96 spad=736 ivs=165 iva=0 tvs=165 tva=0 label=1
[CSV] d0=-780 d1=-747 d2=-716 d3=-688 d4=-649 d5=-616 d6=-590 d7=-561 d8=-521 d9=-489 v=224 a=3 ax=-23 ay=0 az=280 amb=96 spad=822 ivs=165 iva=0 tvs=165 tva=0 label=1
[CSV] d0=-824 d1=-780 d2=-747 d3=-716 d4=-688 d5=-649 d6=-616 d7=-590 d8=-561 d9=-521 v=232 a=4 ax=-24 ay=0 az=281 amb=96 spad=836 ivs=165 iva=0 tvs=165 tva=0 label=1
[CSV] d0=-836 d1=-824 d2=-780 d3=-747 d4=-716 d5=-688 d6=-649 d7=-616 d8=-590 d9=-561 v=216 a=-1 ax=-24 ay=0 az=281 amb=128 spad=353 ivs=165 iva=0 tvs=165 tva=0 label=0
[CSV] d0=-876 d1=-836 d2=-824 d3=-780 d4=-747 d5=-716 d6=-688 d7=-649 d8=-616 d9=-590 v=212 a=-5 ax=-24 ay=0 az=280 amb=64 spad=495 ivs=165 iva=0 tvs=165 tva=0 label=0
[CSV] d0=-899 d1=-876 d2=-836 d3=-824 d4=-780 d5=-747 d6=-716 d7=-688 d8=-649 d9=-616 v=192 a=-11 ax=-24 ay=0 az=280 amb=64 spad=701 ivs=165 iva=0 tvs=165 tva=0 label=0
[CSV] d0=-928 d1=-899 d2=-876 d3=-836 d4=-824 d5=-780 d6=-747 d7=-716 d8=-688 d9=-649 v=176 a=-17 ax=-24 ay=0 az=280 amb=64 spad=805 ivs=165 iva=0 tvs=165 tva=0 label=0
[CSV] d0=-934 d1=-928 d2=-899 d3=-876 d4=-836 d5=-824 d6=-780 d7=-747 d8=-716 d9=-688 v=164 a=-18 ax=-24 ay=0 az=281 amb=0 spad=611 ivs=165 iva=0 tvs=165 tva=0 label=0
[CSV] d0=-969 d1=-934 d2=-928 d3=-899 d4=-876 d5=-836 d6=-824 d7=-780 d8=-747 d9=-716 v=148 a=-20 ax=-23 ay=0 az=281 amb=64 spad=775 ivs=165 iva=0 tvs=165 tva=0 label=0
[CSV] d0=-982 d1=-969 d2=-934 d3=-928 d4=-899 d5=-876 d6=-836 d7=-824 d8=-780 d9=-747 v=140 a=-17 ax=-23 ay=0 az=281 amb=32 spad=581 ivs=165 iva=0 tvs=165 tva=0 label=0
[CSV] d0=-1000 d1=-982 d2=-969 d3=-934 d4=-928 d5=-899 d6=-876 d7=-836 d8=-824 d9=-780 v=152 a=-9 ax=-23 ay=0 az=280 amb=0 spad=804 ivs=165 iva=0 tvs=165 tva=0 label=0
[CSV] d0=-1000 d1=-1000 d2=-982 d3=-969 d4=-934 d5=-928 d6=-899 d7=-876 d8=-836 d9=-824 v=176 a=3 ax=-23 ay=0 az=280 amb=64 spad=1000 ivs=165 iva=0 tvs=165 tva=0 label=0
[CSV] d0=-1000 d1=-1000 d2=-1000 d3=-982 d4=-969 d5=-934 d6=-928 d7=-899 d8=-876 d9=-836 v=144 a=3 ax=-23 ay=0 az=281 amb=64 spad=1000 ivs=165 iva=0 tvs=165 tva=0 label=0
[CSV] d0=-1000 d1=-1000 d2=-1000 d3=-1000 d4=-982 d5=-969 d6=-934 d7=-928 d8=-899 d9=-876 v=128 a=-4 ax=-24 ay=0 az=282 amb=0 spad=1000 ivs=165 iva=0 tvs=165 tva=0 label=0
[CSV] d0=-1000 d1=-1000 d2=-1000 d3=-1000 d4=-1000 d5=-982 d6=-969 d7=-934 d8=-928 d9=-899 v=84 a=-24 ax=-22 ay=0 az=280 amb=96 spad=1000 ivs=165 iva=0 tvs=165 tva=0 label=0
[CSV] d0=-1000 d1=-1000 d2=-1000 d3=-1000 d4=-1000 d5=-1000 d6=-982 d7=-969 d8=-934 d9=-928 v=60 a=-39 ax=-24 ay=-1 az=281 amb=64 spad=1000 ivs=165 iva=0 tvs=165 tva=0 label=0
[CSV] d0=-1000 d1=-1000 d2=-1000 d3=-1000 d4=-1000 d5=-1000 d6=-1000 d7=-982 d8=-969 d9=-934 v=40 a=-37 ax=-25 ay=-1 az=280 amb=32 spad=1000 ivs=165 iva=0 tvs=165 tva=0 label=0
[CSV] d0=-1000 d1=-1000 d2=-1000 d3=-1000 d4=-1000 d5=-1000 d6=-1000 d7=-1000 d8=-982 d9=-969 v=8 a=-38 ax=-26 ay=-1 az=279 amb=0 spad=1000 ivs=165 iva=0 tvs=165 tva=0 label=0
[CSV] d0=-1000 d1=-1000 d2=-1000 d3=-1000 d4=-1000 d5=-1000 d6=-1000 d7=-1000 d8=-1000 d9=-982 v=-8 a=-31 ax=-22 ay=-3 az=281 amb=64 spad=1000 ivs=165 iva=0 tvs=165 tva=0 label=0
[CSV] d0=-1000 d1=-1000 d2=-1000 d3=-1000 d4=-1000 d5=-1000 d6=-1000 d7=-1000 d8=-1000 d9=-1000 v=-16 a=-27 ax=-17 ay=12 az=282 amb=0 spad=1000 ivs=165 iva=0 tvs=165 tva=0 label=0
[CSV] d0=-1000 d1=-1000 d2=-1000 d3=-1000 d4=-1000 d5=-1000 d6=-1000 d7=-1000 d8=-1000 d9=-1000 v=4 a=-13 ax=-24 ay=0 az=281 amb=32 spad=1000 ivs=165 iva=0 tvs=165 tva=0 label=0
[CSV] d0=-1000 d1=-1000 d2=-1000 d3=-1000 d4=-1000 d5=-1000 d6=-1000 d7=-1000 d8=-1000 d9=-1000 v=4 a=0 ax=-23 ay=0 az=280 amb=64 spad=1000 ivs=165 iva=0 tvs=165 tva=0 label=0
[HB] up_ms=121823 frames=3285 inf=3285 hazard=1085 canary_err=0 q=0 qovr=0
[I2C] init=0 gate=0 whoami=0x140e0 wr=0 wrseen=0x27 addr=0x5a ok=22496 err=0 tmo=0 recov=1 pclk1=200000000 sysclk=400000[CSV] d0=-1000 d1=-1000 d2=-1000 d3=-1000 d4=-1000 d5=-1000 d6=-1000 d7=-1000 d8=-1000 d9=-1000 v=-12 a=1 ax=-23 ay=0 az=281 amb=32 spad=1000 ivs=165 iva=0 tvs=165 tva=0 label=0
000
[NAK] nacks=0
[CLK] cpu=800000000 sysb=400000000 pclk1=200000000
[TOF] res=0 step=0 id=0xeacc blk=0xeacc10 ctl=0x0
[RNG] init=0 step=99 id=0xeacc boot=1 calls=93 xerr=0 dm=1 tb=15
[RNG] osc=41 imp=881 imprb=881 mstart=0x40 cfg=91 cfgfail=0x0 vhv=0 vpolls[CSV] d0=-1000 d1=-1000 d2=-1000 d3=-1000 d4=-1000 d5=-1000 d6=-1000 d7=-1000 d8=-1000 d9=-1000 v=-44 a=-9 ax=-24 ay=0 az=280 amb=0 spad=1000 ivs=165 iva=0 tvs=165 tva=0 label=0
=0
[PRT] calls=13261 xerr=0 ler=1 lidx=0x0 perr=0 maxcnt=17 addr8=0x52
[RTY] wr=0 wmax=0 wref=0  rd=0 rmax=0 rref=0
[RNG] frames=2543 last=460 min=2 max=794 nrdy=0 dxfer=0 dstat=744 lst=7 nrdyerr=0 dclr=0
[DRV] init=0 id=7 mode=0x1 lib=0x2 seq=0x1 odc=0x8b sts[CSV] d0=-1000 d1=-1000 d2=-1000 d3=-1000 d4=-1000 d5=-1000 d6=-1000 d7=-1000 d8=-1000 d9=-1000 v=-92 a=-32 ax=-24 ay=0 az=280 amb=0 spad=691 ivs=165 iva=0 tvs=165 tva=0 label=0
=0xe0 armed=1
[TRG] pulses=194 suppressed=891 cyc=1600 rst=1 rstmode=0x40
[HLT] polls=65 faults=0x0 cfglost=0 rearm=0 rearmfail=0
[EFF] n=5 last=58476 min=58476 max=58594 late=0 stuck=0 rderr=0
[IMU] init=0 addr=0x68 who=0x68 rst=1 pmrb0=0x40 pmrb=0x1 sr=19 c[CSV] d0=-979 d1=-1000 d2=-1000 d3=-1000 d4=-1000 d5=-1000 d6=-1000 d7=-1000 d8=-1000 d9=-1000 v=-144 a=-50 ax=-23 ay=0 az=280 amb=32 spad=746 ivs=165 iva=0 tvs=165 tva=0 label=0
fg=4 gcfg=0x0 acfg=0x8 icfg=0x30 ien=0x1 armed=1
[ACC] reads=3289 stale=3283 rderr=0 ax=-96 ay=-2 az=1124
[PWR] pm=0x1 drift=0 rderr=0
[DWT] ok=1 cyc=2946677962 cyc_per_ms=801514
[CSV] d0=-956 d1=-979 d2=-1000 d3=-1000 d4=-1000 d5=-1000 d6=-1000 d7=-1000 d8=-1000 d9=-1000 v=-176 a=-57 ax=-24 ay=0 az=280 amb=64 spad=777 ivs=165 iva=0 tvs=165 tva=0 label=0
[CSV] d0=-912 d1=-956 d2=-979 d3=-1000 d4=-1000 d5=-1000 d6=-1000 d7=-1000 d8=-1000 d9=-1000 v=-216 a=-57 ax=-24 ay=0 az=281 amb=32 spad=644 ivs=165 iva=0 tvs=165 tva=0 label=0
[CSV] d0=-851 d1=-912 d2=-956 d3=-979 d4=-1000 d5=-1000 d6=-1000 d7=-1000 d8=-1000 d9=-1000 v=-268 a=-57 ax=-24 ay=0 az=281 amb=64 spad=347 ivs=165 iva=0 tvs=165 tva=0 label=0
[CSV] d0=-833 d1=-851 d2=-912 d3=-956 d4=-979 d5=-1000 d6=-1000 d7=-1000 d8=-1000 d9=-1000 v=-264 a=-44 ax=-23 ay=0 az=281 amb=32 spad=737 ivs=165 iva=0 tvs=165 tva=0 label=0
[CSV] d0=-769 d1=-833 d2=-851 d3=-912 d4=-956 d5=-979 d6=-1000 d7=-1000 d8=-1000 d9=-1000 v=-300 a=-39 ax=-23 ay=0 az=280 amb=128 spad=633 ivs=165 iva=0 tvs=165 tva=0 label=0
[CSV] d0=-688 d1=-769 d2=-833 d3=-851 d4=-912 d5=-956 d6=-979 d7=-1000 d8=-1000 d9=-1000 v=-348 a=-39 ax=-23 ay=0 az=281 amb=320 spad=711 ivs=165 iva=0 tvs=165 tva=0 label=0
[CSV] d0=-611 d1=-688 d2=-769 d3=-833 d4=-851 d5=-912 d6=-956 d7=-979 d8=-1000 d9=-1000 v=-412 a=-49 ax=-23 ay=0 az=281 amb=544 spad=766 ivs=165 iva=0 tvs=165 tva=0 label=0
[CSV] d0=-523 d1=-611 d2=-688 d3=-769 d4=-833 d5=-851 d6=-912 d7=-956 d8=-979 d9=-1000 v=-512 a=-80 ax=-24 ay=0 az=281 amb=832 spad=736 ivs=165 iva=0 tvs=165 tva=0 label=0
[CSV] d0=-435 d1=-523 d2=-611 d3=-688 d4=-769 d5=-833 d6=-851 d7=-912 d8=-956 d9=-979 v=-544 a=-85 ax=-23 ay=0 az=281 amb=736 spad=503 ivs=165 iva=0 tvs=165 tva=0 label=0
[CSV] d0=-344 d1=-435 d2=-523 d3=-611 d4=-688 d5=-769 d6=-833 d7=-851 d8=-912 d9=-956 v=-560 a=-72 ax=-23 ay=0 az=280 amb=768 spad=370 ivs=165 iva=0 tvs=165 tva=0 label=0
[CSV] d0=-283 d1=-344 d2=-435 d3=-523 d4=-611 d5=-688 d6=-769 d7=-833 d8=-851 d9=-912 v=-540 a=-39 ax=-23 ay=0 az=281 amb=832 spad=276 ivs=165 iva=0 tvs=165 tva=0 label=0
[CSV] d0=-209 d1=-283 d2=-344 d3=-435 d4=-523 d5=-611 d6=-688 d7=-769 d8=-833 d9=-851 v=-500 a=3 ax=-24 ay=0 az=281 amb=1000 spad=214 ivs=165 iva=0 tvs=165 tva=0 label=0
[CSV] d0=-158 d1=-209 d2=-283 d3=-344 d4=-435 d5=-523 d6=-611 d7=-688 d8=-769 d9=-833 v=-444 a=33 ax=-23 ay=0 az=280 amb=928 spad=214 ivs=165 iva=0 tvs=165 tva=0 label=1
[CSV] d0=-102 d1=-158 d2=-209 d3=-283 d4=-344 d5=-435 d6=-523 d7=-611 d8=-688 d9=-769 v=-396 a=55 ax=-24 ay=0 az=280 amb=896 spad=192 ivs=165 iva=0 tvs=165 tva=0 label=1
[CSV] d0=-62 d1=-102 d2=-158 d3=-209 d4=-283 d5=-344 d6=-435 d7=-523 d8=-611 d9=-688 v=-360 a=60 ax=-24 ay=0 az=281 amb=736 spad=190 ivs=165 iva=0 tvs=165 tva=0 label=1
[CSV] d0=-14 d1=-62 d2=-102 d3=-158 d4=-209 d5=-283 d6=-344 d7=-435 d8=-523 d9=-611 v=-320 a=58 ax=-24 ay=0 az=281 amb=960 spad=156 ivs=165 iva=0 tvs=165 tva=0 label=1
[CSV] d0=27 d1=-14 d2=-62 d3=-102 d4=-158 d5=-209 d6=-283 d7=-344 d8=-435 d9=-523 v=-304 a=47 ax=-23 ay=0 az=280 amb=704 spad=156 ivs=165 iva=0 tvs=165 tva=0 label=1
[CSV] d0=59 d1=27 d2=-14 d3=-62 d4=-102 d5=-158 d6=-209 d7=-283 d8=-344 d9=-435 v=-276 a=39 ax=-23 ay=0 az=281 amb=1000 spad=138 ivs=165 iva=0 tvs=165 tva=0 label=1
[CSV] d0=65 d1=59 d2=27 d3=-14 d4=-62 d5=-102 d6=-158 d7=-209 d8=-283 d9=-344 v=-220 a=43 ax=-23 ay=0 az=281 amb=1000 spad=124 ivs=165 iva=0 tvs=165 tva=0 label=1
[CSV] d0=104 d1=65 d2=59 d3=27 d4=-14 d5=-62 d6=-102 d7=-158 d8=-209 d9=-283 v=-184 a=48 ax=-23 ay=0 az=281 amb=1000 spad=115 ivs=165 iva=0 tvs=165 tva=0 label=1
[CSV] d0=136 d1=104 d2=65 d3=59 d4=27 d5=-14 d6=-62 d7=-102 d8=-158 d9=-209 v=-176 a=47 ax=-23 ay=0 az=280 amb=1000 spad=111 ivs=165 iva=0 tvs=165 tva=0 label=1
[CSV] d0=70 d1=136 d2=104 d3=65 d4=59 d5=27 d6=-14 d7=-62 d8=-102 d9=-158 v=-64 a=63 ax=-23 ay=0 az=280 amb=992 spad=112 ivs=165 iva=0 tvs=165 tva=0 label=1
[CSV] d0=48 d1=70 d2=136 d3=104 d4=65 d5=59 d6=27 d7=-14 d8=-62 d9=-102 v=48 a=88 ax=-23 ay=0 az=280 amb=960 spad=116 ivs=165 iva=0 tvs=165 tva=0 label=1
[CSV] d0=104 d1=48 d2=70 d3=136 d4=104 d5=65 d6=59 d7=27 d8=-14 d9=-62 v=60 a=96 ax=-23 ay=0 az=281 amb=960 spad=105 ivs=165 iva=0 tvs=165 tva=0 label=1
[CSV] d0=-64 d1=104 d2=48 d3=70 d4=136 d5=104 d6=65 d7=59 d8=27 d9=-14 v=248 a=131 ax=-23 ay=0 az=280 amb=704 spad=110 ivs=165 iva=0 tvs=165 tva=0 label=1
[CSV] d0=11 d1=-64 d2=104 d3=48 d4=70 d5=136 d6=104 d7=65 d8=59 d9=27 v=156 a=86 ax=-24 ay=0 az=279 amb=704 spad=102 ivs=165 iva=0 tvs=165 tva=0 label=1
[CSV] d0=11 d1=11 d2=-64 d3=104 d4=48 d5=70 d6=136 d7=104 d8=65 d9=59 v=156 a=86 ax=-24 ay=0 az=280 amb=704 spad=102 ivs=165 iva=0 tvs=90 tva=1 label=1
[CSV] d0=11 d1=11 d2=11 d3=-64 d4=104 d5=48 d6=70 d7=136 d8=104 d9=65 v=156 a=86 ax=-23 ay=0 az=281 amb=704 spad=102 ivs=165 iva=0 tvs=90 tva=2 label=1
[HB] up_ms=123000 frames=3317 inf=3317 hazard=1101 canary_err=0 q=0 qovr=0
[I2C] init=0 gate=0 whoami=0x140e0 wr=0 wrseen=0x27 addr=0x5a ok=22690 err=0 tmo=0 recov=1 pclk1=200000000 sysclk=400000000
[NAK] nacks=0
[CLK] cpu=800000000 sysb=400000000 pcl[CSV] d0=-243 d1=11 d2=11 d3=11 d4=-64 d5=104 d6=48 d7=70 d8=136 d9=104 v=352 a=67 ax=-23 ay=0 az=281 amb=928 spad=94 ivs=165 iva=0 tvs=165 tva=0 label=1
k1=200000000
[TOF] res=0 step=0 id=0xeacc blk=0xeacc10 ctl=0x0
[RNG] init=0 step=99 id=0xeacc boot=1 calls=93 xerr=0 dm=1 tb=15
[RNG] osc=41 imp=881 imprb=881 mstart=0x40 cfg=91 cfgfail=0x0 vhv=0 vpolls=0
[PRT] calls=13385 xerr=0 ler=1 lidx=0x0 perr[CSV] d0=-243 d1=-243 d2=11 d3=11 d4=11 d5=-64 d6=104 d7=48 d8=70 d9=136 v=352 a=67 ax=-24 ay=0 az=280 amb=928 spad=94 ivs=165 iva=0 tvs=90 tva=1 label=1
=0 maxcnt=17 addr8=0x52
[RTY] wr=0 wmax=0 wref=0  rd=0 rmax=0 rref=0
[RNG] frames=2560 last=523 min=2 max=794 nrdy=0 dxfer=0 dstat=759 lst=7 nrdyerr=0 dclr=0
[DRV] init=0 id=7 mode=0x1 lib=0x2 seq=0x1 odc=0x8b sts=0xe0 armed=1
[TRG] pulses=199 suppres[CSV] d0=-243 d1=-243 d2=-243 d3=11 d4=11 d5=11 d6=-64 d7=104 d8=48 d9=70 v=352 a=67 ax=-24 ay=0 az=280 amb=928 spad=94 ivs=165 iva=0 tvs=90 tva=2 label=1
sed=904 cyc=1600 rst=1 rstmode=0x40
[HLT] polls=66 faults=0x0 cfglost=0 rearm=0 rearmfail=0
[EFF] n=5 last=58476 min=58476 max=58594 late=0 stuck=0 rderr=0
[IMU] init=0 addr=0x68 who=0x68 rst=1 pmrb0=0x40 pmrb=0x1 sr=19 cfg=4 gcfg=0x0 acfg=0x8 icfg=0x30 ien=0x[CSV] d0=-243 d1=-243 d2=-243 d3=-243 d4=11 d5=11 d6=11 d7=-64 d8=104 d9=48 v=352 a=67 ax=-24 ay=0 az=280 amb=928 spad=94 ivs=165 iva=0 tvs=0 tva=3 label=1
1 armed=1
[ACC] reads=3321 stale=3315 rderr=0 ax=-95 ay=-3 az=1121
[PWR] pm=0x1 drift=0 rderr=0
[DWT] ok=1 cyc=3882381010 cyc_per_ms=794989
[CSV] d0=-243 d1=-243 d2=-243 d3=-243 d4=-243 d5=11 d6=11 d7=11 d8=-64 d9=104 v=352 a=67 ax=-23 ay=0 az=281 amb=928 spad=94 ivs=165 iva=0 tvs=0 tva=4 label=1
[CSV] d0=-243 d1=-243 d2=-243 d3=-243 d4=-243 d5=-243 d6=11 d7=11 d8=11 d9=-64 v=352 a=67 ax=-24 ay=0 az=280 amb=928 spad=94 ivs=165 iva=0 tvs=0 tva=5 label=1
[CSV] d0=-243 d1=-243 d2=-243 d3=-243 d4=-243 d5=-243 d6=-243 d7=11 d8=11 d9=11 v=352 a=67 ax=-24 ay=0 az=280 amb=928 spad=94 ivs=165 iva=0 tvs=0 tva=6 label=1
[CSV] d0=-243 d1=-243 d2=-243 d3=-243 d4=-243 d5=-243 d6=-243 d7=-243 d8=11 d9=11 v=352 a=67 ax=-23 ay=0 az=280 amb=928 spad=94 ivs=165 iva=0 tvs=0 tva=7 label=1
[CSV] d0=-243 d1=-243 d2=-243 d3=-243 d4=-243 d5=-243 d6=-243 d7=-243 d8=-243 d9=11 v=352 a=67 ax=-23 ay=0 az=280 amb=928 spad=94 ivs=165 iva=0 tvs=0 tva=8 label=1
[CSV] d0=-243 d1=-243 d2=-243 d3=-243 d4=-243 d5=-243 d6=-243 d7=-243 d8=-243 d9=-243 v=352 a=67 ax=-24 ay=0 az=280 amb=928 spad=94 ivs=165 iva=0 tvs=0 tva=9 label=0
[CSV] d0=-243 d1=-243 d2=-243 d3=-243 d4=-243 d5=-243 d6=-243 d7=-243 d8=-243 d9=-243 v=352 a=67 ax=-23 ay=0 az=280 amb=928 spad=94 ivs=165 iva=0 tvs=0 tva=10 label=0
[CSV] d0=-243 d1=-243 d2=-243 d3=-243 d4=-243 d5=-243 d6=-243 d7=-243 d8=-243 d9=-243 v=352 a=67 ax=-24 ay=0 az=281 amb=928 spad=94 ivs=165 iva=0 tvs=0 tva=11 label=0
[CSV] d0=-243 d1=-243 d2=-243 d3=-243 d4=-243 d5=-243 d6=-243 d7=-243 d8=-243 d9=-243 v=352 a=67 ax=-24 ay=0 az=281 amb=928 spad=94 ivs=165 iva=0 tvs=0 tva=12 label=0
[CSV] d0=-243 d1=-243 d2=-243 d3=-243 d4=-243 d5=-243 d6=-243 d7=-243 d8=-243 d9=-243 v=352 a=67 ax=-23 ay=0 az=281 amb=928 spad=94 ivs=165 iva=0 tvs=0 tva=13 label=0
[CSV] d0=-243 d1=-243 d2=-243 d3=-243 d4=-243 d5=-243 d6=-243 d7=-243 d8=-243 d9=-243 v=352 a=67 ax=-23 ay=0 az=280 amb=928 spad=94 ivs=165 iva=0 tvs=0 tva=14 label=0
[CSV] d0=-243 d1=-243 d2=-243 d3=-243 d4=-243 d5=-243 d6=-243 d7=-243 d8=-243 d9=-243 v=352 a=67 ax=-23 ay=0 az=280 amb=928 spad=94 ivs=165 iva=0 tvs=0 tva=15 label=0
[CSV] d0=-243 d1=-243 d2=-243 d3=-243 d4=-243 d5=-243 d6=-243 d7=-243 d8=-243 d9=-243 v=352 a=67 ax=-24 ay=0 az=281 amb=928 spad=94 ivs=165 iva=0 tvs=0 tva=16 label=0
[CSV] d0=-243 d1=-243 d2=-243 d3=-243 d4=-243 d5=-243 d6=-243 d7=-243 d8=-243 d9=-243 v=352 a=67 ax=-23 ay=0 az=280 amb=928 spad=94 ivs=165 iva=0 tvs=0 tva=17 label=0
[CSV] d0=-243 d1=-243 d2=-243 d3=-243 d4=-243 d5=-243 d6=-243 d7=-243 d8=-243 d9=-243 v=352 a=67 ax=-24 ay=0 az=281 amb=928 spad=94 ivs=165 iva=0 tvs=0 tva=18 label=0
[CSV] d0=-243 d1=-243 d2=-243 d3=-243 d4=-243 d5=-243 d6=-243 d7=-243 d8=-243 d9=-243 v=352 a=67 ax=-23 ay=0 az=280 amb=928 spad=94 ivs=165 iva=0 tvs=0 tva=19 label=0
[CSV] d0=-243 d1=-243 d2=-243 d3=-243 d4=-243 d5=-243 d6=-243 d7=-243 d8=-243 d9=-243 v=352 a=67 ax=-23 ay=0 az=280 amb=928 spad=94 ivs=165 iva=0 tvs=0 tva=20 label=1
[CSV] d0=-100 d1=-243 d2=-243 d3=-243 d4=-243 d5=-243 d6=-243 d7=-243 d8=-243 d9=-243 v=28 a=-7 ax=-24 ay=0 az=281 amb=1000 spad=90 ivs=165 iva=0 tvs=165 tva=0 label=1
[CSV] d0=-72 d1=-100 d2=-243 d3=-243 d4=-243 d5=-243 d6=-243 d7=-243 d8=-243 d9=-243 v=0 a=-13 ax=-24 ay=0 az=280 amb=992 spad=100 ivs=165 iva=0 tvs=165 tva=0 label=1
[CSV] d0=-25 d1=-72 d2=-100 d3=-243 d4=-243 d5=-243 d6=-243 d7=-243 d8=-243 d9=-243 v=-12 a=-14 ax=-24 ay=0 az=280 amb=992 spad=103 ivs=165 iva=0 tvs=165 tva=0 label=1
[CSV] d0=1 d1=-25 d2=-72 d3=-100 d4=-243 d5=-243 d6=-243 d7=-243 d8=-243 d9=-243 v=-60 a=-22 ax=-24 ay=0 az=281 amb=576 spad=116 ivs=165 iva=0 tvs=165 tva=0 label=1
[CSV] d0=60 d1=1 d2=-25 d3=-72 d4=-100 d5=-243 d6=-243 d7=-243 d8=-243 d9=-243 v=-268 a=-88 ax=-24 ay=0 az=280 amb=896 spad=110 ivs=165 iva=0 tvs=165 tva=0 label=1
[CSV] d0=-33 d1=60 d2=1 d3=-25 d4=-72 d5=-100 d6=-243 d7=-243 d8=-243 d9=-243 v=-112 a=-64 ax=-23 ay=0 az=280 amb=768 spad=127 ivs=165 iva=0 tvs=165 tva=0 label=1
[CSV] d0=73 d1=-33 d2=60 d3=1 d4=-25 d5=-72 d6=-100 d7=-243 d8=-243 d9=-243 v=-112 a=-34 ax=-23 ay=0 az=280 amb=576 spad=136 ivs=165 iva=0 tvs=165 tva=0 label=1
[CSV] d0=104 d1=73 d2=-33 d3=60 d4=1 d5=-25 d6=-72 d7=-100 d8=-243 d9=-243 v=-148 a=-2 ax=-24 ay=0 az=280 amb=768 spad=138 ivs=165 iva=0 tvs=165 tva=0 label=1
[CSV] d0=102 d1=104 d2=73 d3=-33 d4=60 d5=1 d6=-25 d7=-72 d8=-100 d9=-243 v=-148 a=27 ax=-23 ay=0 az=280 amb=864 spad=140 ivs=165 iva=0 tvs=165 tva=0 label=1
[CSV] d0=41 d1=102 d2=104 d3=73 d4=-33 d5=60 d6=1 d7=-25 d8=-72 d9=-100 v=-120 a=-7 ax=-24 ay=0 az=280 amb=1000 spad=142 ivs=165 iva=0 tvs=165 tva=0 label=1
[CSV] d0=65 d1=41 d2=102 d3=104 d4=73 d5=-33 d6=60 d7=1 d8=-25 d9=-72 v=52 a=48 ax=-23 ay=0 az=281 amb=960 spad=154 ivs=165 iva=0 tvs=165 tva=0 label=1
[HB] up_ms=124169 frames=3349 inf=3349 hazard=1122 canary_err=0 q=0 qovr=0
[I2C] init=0 gate=0 whoami=0x140e0 wr=0 wrseen=0x27 addr=0x5a ok=22882 err=0 tmo=0 recov=1 pclk1=200000000 sysclk=400000000
[NAK] nacks=0
[CLK] cpu=800000000 sysb=400000000 pc[CSV] d0=-9 d1=65 d2=41 d3=102 d4=104 d5=73 d6=-33 d7=60 d8=1 d9=-25 v=180 a=115 ax=-23 ay=0 az=280 amb=1000 spad=161 ivs=165 iva=0 tvs=165 tva=0 label=1
lk1=200000000
[TOF] res=0 step=0 id=0xeacc blk=0xeacc10 ctl=0x0
[RNG] init=0 step=99 id=0xeacc boot=1 calls=93 xerr=0 dm=1 tb=15
[RNG] osc=41 imp=881 imprb=881 mstart=0x40 cfg=91 cfgfail=0x0 vhv=0 vpolls=0
[PRT] calls=13513 xerr=0 ler=1 lidx=0x0 perr=0 maxcnt=1[CSV] d0=9 d1=-9 d2=65 d3=41 d4=102 d5=104 d6=73 d7=-33 d8=60 d9=1 v=160 a=123 ax=-24 ay=0 az=281 amb=864 spad=182 ivs=165 iva=0 tvs=165 tva=0 label=1
7 addr8=0x52
[RTY] wr=0 wmax=0 wref=0  rd=0 rmax=0 rref=0
[RNG] frames=2585 last=495 min=2 max=794 nrdy=0 dxfer=0 dstat=766 lst=7 nrdyerr=0 dclr=0
[DRV] init=0 id=7 mode=0x1 lib=0x2 seq=0x1 odc=0x8b sts=0xe0 armed=1
[TRG] pulses=203 suppressed=921 cyc=[CSV] d0=-27 d1=9 d2=-9 d3=65 d4=41 d5=102 d6=104 d7=73 d8=-33 d9=60 v=132 a=82 ax=-23 ay=-1 az=281 amb=1000 spad=186 ivs=165 iva=0 tvs=165 tva=0 label=1
1600 rst=1 rstmode=0x40
[HLT] polls=67 faults=0x0 cfglost=0 rearm=0 rearmfail=0
[EFF] n=5 last=58476 min=58476 max=58594 late=0 stuck=0 rderr=0
[IMU] init=0 addr=0x68 who=0x68 rst=1 pmrb0=0x40 pmrb=0x1 sr=19 cfg=4 gcfg=0x0 acfg=0x8 icfg=0x30 ien=0x1 [CSV] d0=-64 d1=-27 d2=9 d3=-9 d4=65 d5=41 d6=102 d7=104 d8=73 d9=-33 v=188 a=30 ax=-24 ay=0 az=280 amb=1000 spad=197 ivs=165 iva=0 tvs=165 tva=0 label=1
armed=1
[ACC] reads=3353 stale=3347 rderr=0 ax=-93 ay=0 az=1127
[PWR] pm=0x1 drift=0 rderr=0
[DWT] ok=1 cyc=522212418 cyc_per_ms=799656
[CSV] d0=-68 d1=-64 d2=-27 d3=9 d4=-9 d5=65 d6=41 d7=102 d8=104 d9=73 v=128 a=-10 ax=-23 ay=0 az=281 amb=832 spad=217 ivs=165 iva=0 tvs=165 tva=0 label=1
[CSV] d0=-89 d1=-68 d2=-64 d3=-27 d4=9 d5=-9 d6=65 d7=41 d8=102 d9=104 v=164 a=0 ax=-24 ay=0 az=280 amb=736 spad=239 ivs=165 iva=0 tvs=165 tva=0 label=1
[CSV] d0=-107 d1=-89 d2=-68 d3=-64 d4=-27 d5=9 d6=-9 d7=65 d8=41 d9=102 v=128 a=-4 ax=-23 ay=0 az=281 amb=1000 spad=225 ivs=165 iva=0 tvs=165 tva=0 label=1
[CSV] d0=-140 d1=-107 d2=-89 d3=-68 d4=-64 d5=-27 d6=9 d7=-9 d8=65 d9=41 v=132 a=-15 ax=-23 ay=0 az=281 amb=1000 spad=254 ivs=165 iva=0 tvs=165 tva=0 label=1
[CSV] d0=-158 d1=-140 d2=-107 d3=-89 d4=-68 d5=-64 d6=-27 d7=9 d8=-9 d9=65 v=160 a=4 ax=-23 ay=0 az=280 amb=960 spad=297 ivs=165 iva=0 tvs=165 tva=0 label=1
[CSV] d0=-188 d1=-158 d2=-140 d3=-107 d4=-89 d5=-68 d6=-64 d7=-27 d8=9 d9=-9 v=172 a=6 ax=-23 ay=0 az=281 amb=832 spad=321 ivs=165 iva=0 tvs=165 tva=0 label=1
[CSV] d0=-217 d1=-188 d2=-158 d3=-140 d4=-107 d5=-89 d6=-68 d7=-64 d8=-27 d9=9 v=188 a=22 ax=-24 ay=0 az=281 amb=992 spad=346 ivs=165 iva=0 tvs=165 tva=0 label=1
[CSV] d0=-243 d1=-217 d2=-188 d3=-158 d4=-140 d5=-107 d6=-89 d7=-68 d8=-64 d9=-27 v=184 a=18 ax=-24 ay=0 az=281 amb=928 spad=400 ivs=165 iva=0 tvs=165 tva=0 label=1
[CSV] d0=-280 d1=-243 d2=-217 d3=-188 d4=-158 d5=-140 d6=-107 d7=-89 d8=-68 d9=-64 v=208 a=15 ax=-23 ay=0 az=280 amb=768 spad=453 ivs=165 iva=0 tvs=165 tva=0 label=1
[CSV] d0=-288 d1=-280 d2=-243 d3=-217 d4=-188 d5=-158 d6=-140 d7=-107 d8=-89 d9=-68 v=180 a=5 ax=-24 ay=0 az=281 amb=832 spad=473 ivs=165 iva=0 tvs=165 tva=0 label=1
[CSV] d0=-334 d1=-288 d2=-280 d3=-243 d4=-217 d5=-188 d6=-158 d7=-140 d8=-107 d9=-89 v=192 a=0 ax=-24 ay=0 az=280 amb=576 spad=544 ivs=165 iva=0 tvs=165 tva=0 label=1
[CSV] d0=-385 d1=-334 d2=-288 d3=-280 d4=-243 d5=-217 d6=-188 d7=-158 d8=-140 d9=-107 v=232 a=11 ax=-23 ay=0 az=281 amb=992 spad=599 ivs=165 iva=0 tvs=165 tva=0 label=1
[CSV] d0=-430 d1=-385 d2=-334 d3=-288 d4=-280 d5=-243 d6=-217 d7=-188 d8=-158 d9=-140 v=276 a=26 ax=-23 ay=0 az=280 amb=640 spad=752 ivs=165 iva=0 tvs=165 tva=0 label=1
[CSV] d0=-462 d1=-430 d2=-385 d3=-334 d4=-288 d5=-280 d6=-243 d7=-217 d8=-188 d9=-158 v=312 a=48 ax=-24 ay=0 az=281 amb=992 spad=802 ivs=165 iva=0 tvs=165 tva=0 label=1
[CSV] d0=-478 d1=-462 d2=-430 d3=-385 d4=-334 d5=-288 d6=-280 d7=-243 d8=-217 d9=-188 v=256 a=29 ax=-23 ay=-1 az=281 amb=608 spad=837 ivs=165 iva=0 tvs=165 tva=0 label=1
[CSV] d0=-512 d1=-478 d2=-462 d3=-430 d4=-385 d5=-334 d6=-288 d7=-280 d8=-243 d9=-217 v=208 a=-9 ax=-24 ay=0 az=280 amb=768 spad=793 ivs=165 iva=0 tvs=165 tva=0 label=1
[CSV] d0=-560 d1=-512 d2=-478 d3=-462 d4=-430 d5=-385 d6=-334 d7=-288 d8=-280 d9=-243 v=216 a=-31 ax=-23 ay=0 az=280 amb=544 spad=805 ivs=165 iva=0 tvs=165 tva=0 label=1
[CSV] d0=-604 d1=-560 d2=-512 d3=-478 d4=-462 d5=-430 d6=-385 d7=-334 d8=-288 d9=-280 v=256 a=-21 ax=-24 ay=0 az=280 amb=384 spad=785 ivs=165 iva=0 tvs=165 tva=0 label=1
[CSV] d0=-620 d1=-604 d2=-560 d3=-512 d4=-478 d5=-462 d6=-430 d7=-385 d8=-334 d9=-288 v=264 a=8 ax=-24 ay=0 az=281 amb=352 spad=848 ivs=165 iva=0 tvs=165 tva=0 label=1
[CSV] d0=-659 d1=-620 d2=-604 d3=-560 d4=-512 d5=-478 d6=-462 d7=-430 d8=-385 d9=-334 v=248 a=17 ax=-23 ay=0 az=280 amb=416 spad=808 ivs=165 iva=0 tvs=165 tva=0 label=1
[CSV] d0=-692 d1=-659 d2=-620 d3=-604 d4=-560 d5=-512 d6=-478 d7=-462 d8=-430 d9=-385 v=220 a=0 ax=-24 ay=0 az=281 amb=256 spad=496 ivs=165 iva=0 tvs=165 tva=0 label=1
[CSV] d0=-731 d1=-692 d2=-659 d3=-620 d4=-604 d5=-560 d6=-512 d7=-478 d8=-462 d9=-430 v=224 a=-14 ax=-24 ay=0 az=281 amb=320 spad=663 ivs=165 iva=0 tvs=165 tva=0 label=1
[CSV] d0=-766 d1=-731 d2=-692 d3=-659 d4=-620 d5=-604 d6=-560 d7=-512 d8=-478 d9=-462 v=248 a=-7 ax=-24 ay=0 az=281 amb=128 spad=818 ivs=165 iva=0 tvs=165 tva=0 label=1
[CSV] d0=-777 d1=-766 d2=-731 d3=-692 d4=-659 d5=-620 d6=-604 d7=-560 d8=-512 d9=-478 v=208 a=-7 ax=-24 ay=0 az=281 amb=128 spad=623 ivs=165 iva=0 tvs=165 tva=0 label=1
[CSV] d0=-822 d1=-777 d2=-766 d3=-731 d4=-692 d5=-659 d6=-620 d7=-604 d8=-560 d9=-512 v=208 a=-5 ax=-23 ay=0 az=280 amb=0 spad=808 ivs=165 iva=0 tvs=165 tva=0 label=0
[CSV] d0=-840 d1=-822 d2=-777 d3=-766 d4=-731 d5=-692 d6=-659 d7=-620 d8=-604 d9=-560 v=184 a=-16 ax=-23 ay=0 az=281 amb=64 spad=884 ivs=165 iva=0 tvs=165 tva=0 label=0
[CSV] d0=-872 d1=-840 d2=-822 d3=-777 d4=-766 d5=-731 d6=-692 d7=-659 d8=-620 d9=-604 v=184 a=-20 ax=-23 ay=0 az=281 amb=64 spad=513 ivs=165 iva=0 tvs=165 tva=0 label=0
[HB] up[CSV] d0=-905 d1=-872 d2=-840 d3=-822 d4=-777 d5=-766 d6=-731 d7=-692 d8=-659 d9=-620 v=208 a=-3 ax=-23 ay=-1 az=280 amb=128 spad=721 ivs=165 iva=0 tvs=165 tva=0 label=0
_ms=125328 frames=3380 inf=3380 hazard=1150 canary_err=0 q=0 qovr=0
[I2C] init=0 gate=0 whoami=0x140e0 wr=0 wrseen=0x27 addr=0x5a ok=23076 err=0 tmo=0 recov=1 pclk1=200000000 sysclk=400000000
[NAK] nacks=0
[CLK] cpu=800000000 sysb=400000000 pclk1=200000[CSV] d0=-942 d1=-905 d2=-872 d3=-840 d4=-822 d5=-777 d6=-766 d7=-731 d8=-692 d9=-659 v=208 a=3 ax=-23 ay=0 az=280 amb=64 spad=811 ivs=165 iva=0 tvs=165 tva=0 label=0
000
[TOF] res=0 step=0 id=0xeacc blk=0xeacc10 ctl=0x0
[RNG] init=0 step=99 id=0xeacc boot=1 calls=93 xerr=0 dm=1 tb=15
[RNG] osc=41 imp=881 imprb=881 mstart=0x40 cfg=91 cfgfail=0x0 vhv=0 vpolls=0
[PRT] calls=13641 xerr=0 ler=1 lidx=0x0 perr=0 maxcnt=17 addr8=0[CSV] d0=-956 d1=-942 d2=-905 d3=-872 d4=-840 d5=-822 d6=-777 d7=-766 d8=-731 d9=-692 v=204 a=8 ax=-23 ay=0 az=281 amb=96 spad=710 ivs=165 iva=0 tvs=165 tva=0 label=0
x52
[RTY] wr=0 wmax=0 wref=0  rd=0 rmax=0 rref=0
[RNG] frames=2617 last=3 min=2 max=794 nrdy=0 dxfer=0 dstat=766 lst=7 nrdyerr=0 dclr=0
[DRV] init=0 id=7 mode=0x1 lib=0x2 seq=0x1 odc=0x8b sts=0xe0 armed=1
[TRG] pulses=206 suppressed=944 cyc=1600 rst=1 rstmode[CSV] d0=-966 d1=-956 d2=-942 d3=-905 d4=-872 d5=-840 d6=-822 d7=-777 d8=-766 d9=-731 v=164 a=-6 ax=-23 ay=0 az=280 amb=0 spad=549 ivs=165 iva=0 tvs=165 tva=0 label=0
=0x40
[HLT] polls=67 faults=0x0 cfglost=0 rearm=0 rearmfail=0
[EFF] n=5 last=58476 min=58476 max=58594 late=0 stuck=0 rderr=0
[IMU] init=0 addr=0x68 who=0x68 rst=1 pmrb0=0x40 pmrb=0x1 sr=19 cfg=4 gcfg=0x0 acfg=0x8 icfg=0x30 ien=0x1 armed=1
[ACC] reads=3384 sta[CSV] d0=-1000 d1=-966 d2=-956 d3=-942 d4=-905 d5=-872 d6=-840 d7=-822 d8=-777 d9=-766 v=152 a=-21 ax=-24 ay=-1 az=281 amb=0 spad=778 ivs=165 iva=0 tvs=165 tva=0 label=0
le=3378 rderr=0 ax=-90 ay=-8 az=1117
[PWR] pm=0x1 drift=0 rderr=0
[DWT] ok=1 cyc=1464674778 cyc_per_ms=813168
[CSV] d0=-1000 d1=-1000 d2=-966 d3=-956 d4=-942 d5=-905 d6=-872 d7=-840 d8=-822 d9=-777 v=144 a=-24 ax=-23 ay=0 az=281 amb=64 spad=988 ivs=165 iva=0 tvs=165 tva=0 label=0
[CSV] d0=-1000 d1=-1000 d2=-1000 d3=-966 d4=-956 d5=-942 d6=-905 d7=-872 d8=-840 d9=-822 v=164 a=-13 ax=-24 ay=0 az=280 amb=0 spad=1000 ivs=165 iva=0 tvs=165 tva=0 label=0
[CSV] d0=-1000 d1=-1000 d2=-1000 d3=-1000 d4=-966 d5=-956 d6=-942 d7=-905 d8=-872 d9=-840 v=148 a=-2 ax=-23 ay=0 az=280 amb=0 spad=1000 ivs=165 iva=0 tvs=165 tva=0 label=0
[CSV] d0=-1000 d1=-1000 d2=-1000 d3=-1000 d4=-1000 d5=-966 d6=-956 d7=-942 d8=-905 d9=-872 v=96 a=-14 ax=-23 ay=0 az=280 amb=96 spad=1000 ivs=165 iva=0 tvs=165 tva=0 label=0
[CSV] d0=-1000 d1=-1000 d2=-1000 d3=-1000 d4=-1000 d5=-1000 d6=-966 d7=-956 d8=-942 d9=-905 v=44 a=-36 ax=-22 ay=1 az=276 amb=0 spad=1000 ivs=165 iva=0 tvs=165 tva=0 label=0
[CSV] d0=-1000 d1=-1000 d2=-1000 d3=-1000 d4=-1000 d5=-1000 d6=-1000 d7=-966 d8=-956 d9=-942 v=32 a=-49 ax=-26 ay=-1 az=282 amb=0 spad=1000 ivs=165 iva=0 tvs=165 tva=0 label=0
[CSV] d0=-1000 d1=-1000 d2=-1000 d3=-1000 d4=-1000 d5=-1000 d6=-1000 d7=-1000 d8=-966 d9=-956 v=32 a=-40 ax=-24 ay=0 az=281 amb=128 spad=1000 ivs=165 iva=0 tvs=165 tva=0 label=0
[CSV] d0=-1000 d1=-1000 d2=-1000 d3=-1000 d4=-1000 d5=-1000 d6=-1000 d7=-1000 d8=-1000 d9=-966 v=24 a=-21 ax=-23 ay=0 az=281 amb=160 spad=1000 ivs=165 iva=0 tvs=165 tva=0 label=0
[CSV] d0=-1000 d1=-1000 d2=-1000 d3=-1000 d4=-1000 d5=-1000 d6=-1000 d7=-1000 d8=-1000 d9=-1000 v=32 a=-4 ax=-23 ay=0 az=281 amb=96 spad=1000 ivs=165 iva=0 tvs=165 tva=0 label=0
[CSV] d0=-1000 d1=-1000 d2=-1000 d3=-1000 d4=-1000 d5=-1000 d6=-1000 d7=-1000 d8=-1000 d9=-1000 v=8 a=-6 ax=-23 ay=0 az=280 amb=64 spad=1000 ivs=165 iva=0 tvs=165 tva=0 label=0
[CSV] d0=-1000 d1=-1000 d2=-1000 d3=-1000 d4=-1000 d5=-1000 d6=-1000 d7=-1000 d8=-1000 d9=-1000 v=0 a=-10 ax=-22 ay=-2 az=279 amb=32 spad=1000 ivs=165 iva=0 tvs=165 tva=0 label=0
[CSV] d0=-1000 d1=-1000 d2=-1000 d3=-1000 d4=-1000 d5=-1000 d6=-1000 d7=-1000 d8=-1000 d9=-1000 v=-8 a=-12 ax=-23 ay=-1 az=280 amb=64 spad=1000 ivs=165 iva=0 tvs=165 tva=0 label=0
[CSV] d0=-1000 d1=-1000 d2=-1000 d3=-1000 d4=-1000 d5=-1000 d6=-1000 d7=-1000 d8=-1000 d9=-1000 v=-40 a=-21 ax=-23 ay=0 az=280 amb=0 spad=1000 ivs=165 iva=0 tvs=165 tva=0 label=0
[CSV] d0=-1000 d1=-1000 d2=-1000 d3=-1000 d4=-1000 d5=-1000 d6=-1000 d7=-1000 d8=-1000 d9=-1000 v=-80 a=-28 ax=-24 ay=0 az=282 amb=64 spad=772 ivs=165 iva=0 tvs=165 tva=0 label=0
[CSV] d0=-995 d1=-1000 d2=-1000 d3=-1000 d4=-1000 d5=-1000 d6=-1000 d7=-1000 d8=-1000 d9=-1000 v=-128 a=-44 ax=-23 ay=0 az=281 amb=32 spad=404 ivs=165 iva=0 tvs=165 tva=0 label=0
[CSV] d0=-964 d1=-995 d2=-1000 d3=-1000 d4=-1000 d5=-1000 d6=-1000 d7=-1000 d8=-1000 d9=-1000 v=-176 a=-57 ax=-23 ay=0 az=281 amb=0 spad=712 ivs=165 iva=0 tvs=165 tva=0 label=0
[CSV] d0=-936 d1=-964 d2=-995 d3=-1000 d4=-1000 d5=-1000 d6=-1000 d7=-1000 d8=-1000 d9=-1000 v=-192 a=-54 ax=-23 ay=0 az=281 amb=0 spad=656 ivs=165 iva=0 tvs=165 tva=0 label=0
[CSV] d0=-876 d1=-936 d2=-964 d3=-995 d4=-1000 d5=-1000 d6=-1000 d7=-1000 d8=-1000 d9=-1000 v=-236 a=-50 ax=-23 ay=0 az=281 amb=64 spad=433 ivs=165 iva=0 tvs=165 tva=0 label=0
[CSV] d0=-827 d1=-876 d2=-936 d3=-964 d4=-995 d5=-1000 d6=-1000 d7=-1000 d8=-1000 d9=-1000 v=-284 a=-50 ax=-23 ay=0 az=280 amb=96 spad=591 ivs=165 iva=0 tvs=165 tva=0 label=0
[CSV] d0=-736 d1=-827 d2=-876 d3=-936 d4=-964 d5=-995 d6=-1000 d7=-1000 d8=-1000 d9=-1000 v=-376 a=-65 ax=-24 ay=0 az=280 amb=96 spad=477 ivs=165 iva=0 tvs=165 tva=0 label=0
[CSV] d0=-664 d1=-736 d2=-827 d3=-876 d4=-936 d5=-964 d6=-995 d7=-1000 d8=-1000 d9=-1000 v=-452 a=-87 ax=-23 ay=-1 az=280 amb=512 spad=702 ivs=165 iva=0 tvs=165 tva=0 label=0
[CSV] d0=-616 d1=-664 d2=-736 d3=-827 d4=-876 d5=-936 d6=-964 d7=-995 d8=-1000 d9=-1000 v=-452 a=-79 ax=-23 ay=0 az=281 amb=608 spad=732 ivs=165 iva=0 tvs=165 tva=0 label=0
[CSV] d0=-526 d1=-616 d2=-664 d3=-736 d4=-827 d5=-876 d6=-936 d7=-964 d8=-995 d9=-1000 v=-476 a=-60 ax=-23 ay=0 az=281 amb=672 spad=601 ivs=165 iva=0 tvs=165 tva=0 label=0
[CSV] d0=-428 d1=-526 d2=-616 d3=-664 d4=-736 d5=-827 d6=-876 d7=-936 d8=-964 d9=-995 v=-496 a=-34 ax=-23 ay=0 az=281 amb=608 spad=401 ivs=165 iva=0 tvs=165 tva=0 label=0
[CSV] d0=-340 d1=-428 d2=-526 d3=-616 d4=-664 d5=-736 d6=-827 d7=-876 d8=-936 d9=-964 v=-548 a=-31 ax=-24 ay=0 az=281 amb=960 spad=283 ivs=165 iva=0 tvs=165 tva=0 label=0
[CSV] d0=-267 d1=-340 d2=-428 d3=-526 d4=-616 d5=-664 d6=-736 d7=-827 d8=-876 d9=-936 v=-580 a=-43 ax=-24 ay=0 az=280 amb=1000 spad=221 ivs=165 iva=0 tvs=165 tva=0 label=0
[CSV] d0=-236 d1=-267 d2=-340 d3=-428 d4=-526 d5=-616 d6=-664 d7=-736 d8=-827 d9=-876 v=-488 a=-14 ax=-23 ay=0 az=281 amb=992 spad=195 ivs=165 iva=0 tvs=165 tva=0 label=1
[HB] up_ms=126507 frames=3412 inf=3412 hazard=1151 canary_err=0 q=0 qovr=0
[I2C] init=0 gate=0 whoami=0x140e0 wr=0 wrseen=0x27 addr=0x5a ok=23264 err=0 tmo=0 recov=1 pclk1=200000000 sysclk=400000000
[NAK] nacks=0
[CLK] cpu=800000000 sysb=400000000 pclk1=[CSV] d0=-187 d1=-236 d2=-267 d3=-340 d4=-428 d5=-526 d6=-616 d7=-664 d8=-736 d9=-827 v=-388 a=36 ax=-23 ay=0 az=280 amb=832 spad=177 ivs=165 iva=0 tvs=165 tva=0 label=1
200000000
[TOF] res=0 step=0 id=0xeacc blk=0xeacc10 ctl=0x0
[RNG] init=0 step=99 id=0xeacc boot=1 calls=93 xerr=0 dm=1 tb=15
[RNG] osc=41 imp=881 imprb=881 mstart=0x40 cfg=91 cfgfail=0x0 vhv=0 vpolls=0
[PRT] calls=13765 xerr=0 ler=1 lidx=0x0 perr=0 maxcnt=[CSV] d0=-104 d1=-187 d2=-236 d3=-267 d4=-340 d5=-428 d6=-526 d7=-616 d8=-664 d9=-736 v=-364 a=73 ax=-24 ay=0 az=281 amb=832 spad=167 ivs=165 iva=0 tvs=165 tva=0 label=1
17 addr8=0x52
[RTY] wr=0 wmax=0 wref=0  rd=0 rmax=0 rref=0
[RNG] frames=2648 last=671 min=2 max=794 nrdy=0 dxfer=0 dstat=766 lst=7 nrdyerr=0 dclr=0
[DRV] init=0 id=7 mode=0x1 lib=0x2 seq=0x1 odc=0x8b sts=0xe0 armed=1
[TRG] pulses=207 suppressed=946 cyc=1600[CSV] d0=-86 d1=-104 d2=-187 d3=-236 d4=-267 d5=-340 d6=-428 d7=-526 d8=-616 d9=-664 v=-324 a=83 ax=-24 ay=-1 az=280 amb=864 spad=161 ivs=165 iva=0 tvs=165 tva=0 label=1
 rst=1 rstmode=0x40
[HLT] polls=68 faults=0x0 cfglost=0 rearm=0 rearmfail=0
[EFF] n=5 last=58476 min=58476 max=58594 late=0 stuck=0 rderr=0
[IMU] init=0 addr=0x68 who=0x68 rst=1 pmrb0=0x40 pmrb=0x1 sr=19 cfg=4 gcfg=0x0 acfg=0x8 icfg=0x30 ien=0x1 armed=1
[A[CSV] d0=-33 d1=-86 d2=-104 d3=-187 d4=-236 d5=-267 d6=-340 d7=-428 d8=-526 d9=-616 v=-332 a=49 ax=-24 ay=0 az=280 amb=800 spad=152 ivs=165 iva=0 tvs=165 tva=0 label=1
CC] reads=3415 stale=3409 rderr=0 ax=-96 ay=-2 az=1122
[PWR] pm=0x1 drift=0 rderr=0
[DWT] ok=1 cyc=2396940662 cyc_per_ms=790725
[CSV] d0=19 d1=-33 d2=-86 d3=-104 d4=-187 d5=-236 d6=-267 d7=-340 d8=-428 d9=-526 v=-320 a=22 ax=-23 ay=0 az=279 amb=1000 spad=132 ivs=165 iva=0 tvs=165 tva=0 label=1
[CSV] d0=28 d1=19 d2=-33 d3=-86 d4=-104 d5=-187 d6=-236 d7=-267 d8=-340 d9=-428 v=-248 a=31 ax=-23 ay=-1 az=280 amb=800 spad=139 ivs=165 iva=0 tvs=165 tva=0 label=1
[CSV] d0=68 d1=28 d2=19 d3=-33 d4=-86 d5=-104 d6=-187 d7=-236 d8=-267 d9=-340 v=-252 a=30 ax=-24 ay=0 az=280 amb=608 spad=147 ivs=165 iva=0 tvs=165 tva=0 label=1
[CSV] d0=123 d1=68 d2=28 d3=19 d4=-33 d5=-86 d6=-104 d7=-187 d8=-236 d9=-267 v=-244 a=33 ax=-23 ay=0 az=281 amb=960 spad=126 ivs=165 iva=0 tvs=165 tva=0 label=1
[CSV] d0=137 d1=123 d2=68 d3=28 d4=19 d5=-33 d6=-86 d7=-104 d8=-187 d9=-236 v=-224 a=26 ax=-23 ay=0 az=280 amb=1000 spad=122 ivs=165 iva=0 tvs=165 tva=0 label=1
[CSV] d0=160 d1=137 d2=123 d3=68 d4=28 d5=19 d6=-33 d7=-86 d8=-104 d9=-187 v=-224 a=10 ax=-24 ay=0 az=281 amb=800 spad=120 ivs=165 iva=0 tvs=165 tva=0 label=1
[CSV] d0=94 d1=160 d2=137 d3=123 d4=68 d5=28 d6=19 d7=-33 d8=-86 d9=-104 v=-60 a=54 ax=-24 ay=0 az=281 amb=736 spad=136 ivs=165 iva=0 tvs=165 tva=0 label=1
[CSV] d0=72 d1=94 d2=160 d3=137 d4=123 d5=68 d6=28 d7=19 d8=-33 d9=-86 v=100 a=115 ax=-24 ay=0 az=280 amb=800 spad=110 ivs=165 iva=0 tvs=165 tva=0 label=1
[CSV] d0=-54 d1=72 d2=94 d3=160 d4=137 d5=123 d6=68 d7=28 d8=19 d9=-33 v=316 a=188 ax=-24 ay=0 az=281 amb=1000 spad=93 ivs=165 iva=0 tvs=165 tva=0 label=1
[CSV] d0=-6 d1=-54 d2=72 d3=94 d4=160 d5=137 d6=123 d7=68 d8=28 d9=19 v=320 a=195 ax=-24 ay=0 az=281 amb=800 spad=105 ivs=165 iva=0 tvs=165 tva=0 label=1
[CSV] d0=-81 d1=-6 d2=-54 d3=72 d4=94 d5=160 d6=137 d7=123 d8=68 d9=28 v=284 a=119 ax=-24 ay=0 az=280 amb=928 spad=102 ivs=165 iva=0 tvs=165 tva=0 label=1
[CSV] d0=14 d1=-81 d2=-6 d3=-54 d4=72 d5=94 d6=160 d7=137 d8=123 d9=68 v=92 a=-6 ax=-24 ay=0 az=280 amb=1000 spad=84 ivs=165 iva=0 tvs=165 tva=0 label=1
[CSV] d0=-136 d1=14 d2=-81 d3=-6 d4=-54 d5=72 d6=94 d7=160 d8=137 d9=123 v=92 a=-89 ax=-23 ay=0 az=281 amb=832 spad=100 ivs=165 iva=0 tvs=165 tva=0 label=1
[CSV] d0=-136 d1=-136 d2=14 d3=-81 d4=-6 d5=-54 d6=72 d7=94 d8=160 d9=137 v=92 a=-89 ax=-24 ay=0 az=281 amb=832 spad=100 ivs=165 iva=0 tvs=90 tva=1 label=1
[CSV] d0=-136 d1=-136 d2=-136 d3=14 d4=-81 d5=-6 d6=-54 d7=72 d8=94 d9=160 v=92 a=-89 ax=-23 ay=0 az=281 amb=832 spad=100 ivs=165 iva=0 tvs=90 tva=2 label=1
[CSV] d0=-136 d1=-136 d2=-136 d3=-136 d4=14 d5=-81 d6=-6 d7=-54 d8=72 d9=94 v=92 a=-89 ax=-24 ay=0 az=281 amb=832 spad=100 ivs=165 iva=0 tvs=0 tva=3 label=1
[CSV] d0=-136 d1=-136 d2=-136 d3=-136 d4=-136 d5=14 d6=-81 d7=-6 d8=-54 d9=72 v=92 a=-89 ax=-23 ay=0 az=280 amb=832 spad=100 ivs=165 iva=0 tvs=0 tva=4 label=1
[CSV] d0=-192 d1=-136 d2=-136 d3=-136 d4=-136 d5=-136 d6=14 d7=-81 d8=-6 d9=-54 v=152 a=-24 ax=-23 ay=0 az=280 amb=1000 spad=76 ivs=165 iva=0 tvs=165 tva=0 label=1
[CSV] d0=-192 d1=-192 d2=-136 d3=-136 d4=-136 d5=-136 d6=-136 d7=14 d8=-81 d9=-6 v=152 a=-24 ax=-24 ay=0 az=281 amb=1000 spad=76 ivs=165 iva=0 tvs=90 tva=1 label=1
[CSV] d0=-192 d1=-192 d2=-192 d3=-136 d4=-136 d5=-136 d6=-136 d7=-136 d8=14 d9=-81 v=152 a=-24 ax=-24 ay=0 az=279 amb=1000 spad=76 ivs=165 iva=0 tvs=90 tva=2 label=1
[CSV] d0=-192 d1=-192 d2=-192 d3=-192 d4=-136 d5=-136 d6=-136 d7=-136 d8=-136 d9=14 v=152 a=-24 ax=-23 ay=0 az=281 amb=1000 spad=76 ivs=165 iva=0 tvs=0 tva=3 label=0
[CSV] d0=-192 d1=-192 d2=-192 d3=-192 d4=-192 d5=-136 d6=-136 d7=-136 d8=-136 d9=-136 v=152 a=-24 ax=-24 ay=0 az=280 amb=1000 spad=76 ivs=165 iva=0 tvs=0 tva=4 label=0
[CSV] d0=-192 d1=-192 d2=-192 d3=-192 d4=-192 d5=-192 d6=-136 d7=-136 d8=-136 d9=-136 v=152 a=-24 ax=-24 ay=0 az=280 amb=1000 spad=76 ivs=165 iva=0 tvs=0 tva=5 label=0
[CSV] d0=-192 d1=-192 d2=-192 d3=-192 d4=-192 d5=-192 d6=-192 d7=-136 d8=-136 d9=-136 v=152 a=-24 ax=-24 ay=0 az=280 amb=1000 spad=76 ivs=165 iva=0 tvs=0 tva=6 label=0
[CSV] d0=-192 d1=-192 d2=-192 d3=-192 d4=-192 d5=-192 d6=-192 d7=-192 d8=-136 d9=-136 v=152 a=-24 ax=-24 ay=0 az=280 amb=1000 spad=76 ivs=165 iva=0 tvs=0 tva=7 label=0
[CSV] d0=-192 d1=-192 d2=-192 d3=-192 d4=-192 d5=-192 d6=-192 d7=-192 d8=-192 d9=-136 v=152 a=-24 ax=-23 ay=0 az=281 amb=1000 spad=76 ivs=165 iva=0 tvs=0 tva=8 label=0
[CSV] d0=-192 d1=-192 d2=-192 d3=-192 d4=-192 d5=-192 d6=-192 d7=-192 d8=-192 d9=-192 v=152 a=-24 ax=-23 ay=0 az=281 amb=1000 spad=76 ivs=165 iva=0 tvs=0 tva=9 label=0
[CSV] d0=-192 d1=-192 d2=-192 d3=-192 d4=-192 d5=-192 d6=-192 d7=-192 d8=-192 d9=-192 v=152 a=-24 ax=-24 ay=0 az=280 amb=1000 spad=76 ivs=165 iva=0 tvs=0 tva=10 label=0
[HB] up_ms=127678 frames=3444 inf=3444 hazard=1175 canary_err=0 q=0 qovr=0
[I2C] init=0 gate=0 whoami=0x140e0 wr=0 wrseen=0x27 addr=0x5a ok=23456 err=0 tmo=0 recov=1 pclk1=200000000 sysclk=400000000
[NAK] nacks=0
[CLK] cpu=800000000 sysb=400000000 pclk1=20[CSV] d0=-192 d1=-192 d2=-192 d3=-192 d4=-192 d5=-192 d6=-192 d7=-192 d8=-192 d9=-192 v=152 a=-24 ax=-23 ay=0 az=281 amb=1000 spad=76 ivs=165 iva=0 tvs=0 tva=11 label=0
0000000
[TOF] res=0 step=0 id=0xeacc blk=0xeacc10 ctl=0x0
[RNG] init=0 step=99 id=0xeacc boot=1 calls=93 xerr=0 dm=1 tb=15
[RNG] osc=41 imp=881 imprb=881 mstart=0x40 cfg=91 cfgfail=0x0 vhv=0 vpolls=0
[PRT] calls=13893 xerr=0 ler=1 lidx=0x0 perr=0 maxcnt=17 [CSV] d0=-192 d1=-192 d2=-192 d3=-192 d4=-192 d5=-192 d6=-192 d7=-192 d8=-192 d9=-192 v=152 a=-24 ax=-23 ay=0 az=280 amb=1000 spad=76 ivs=165 iva=0 tvs=0 tva=12 label=0
addr8=0x52
[RTY] wr=0 wmax=0 wref=0  rd=0 rmax=0 rref=0
[RNG] frames=2662 last=738 min=2 max=794 nrdy=0 dxfer=0 dstat=784 lst=7 nrdyerr=0 dclr=0
[DRV] init=0 id=7 mode=0x1 lib=0x2 seq=0x1 odc=0x8b sts=0xe0 armed=1
[TRG] pulses=209 suppressed=966 cyc=1600 rst[CSV] d0=-192 d1=-192 d2=-192 d3=-192 d4=-192 d5=-192 d6=-192 d7=-192 d8=-192 d9=-192 v=152 a=-24 ax=-24 ay=0 az=280 amb=1000 spad=76 ivs=165 iva=0 tvs=0 tva=13 label=0
=1 rstmode=0x40
[HLT] polls=68 faults=0x0 cfglost=0 rearm=0 rearmfail=0
[EFF] n=5 last=58476 min=58476 max=58594 late=0 stuck=0 rderr=0
[IMU] init=0 addr=0x68 who=0x68 rst=1 pmrb0=0x40 pmrb=0x1 sr=19 cfg=4 gcfg=0x0 acfg=0x8 icfg=0x30 ien=0x1 armed=1
[ACC] re[CSV] d0=-192 d1=-192 d2=-192 d3=-192 d4=-192 d5=-192 d6=-192 d7=-192 d8=-192 d9=-192 v=152 a=-24 ax=-23 ay=0 az=280 amb=1000 spad=76 ivs=165 iva=0 tvs=0 tva=14 label=0
ads=3447 stale=3440 rderr=0 ax=-95 ay=-2 az=1126
[PWR] pm=0x1 drift=0 rderr=0
[DWT] ok=1 cyc=3333453378 cyc_per_ms=799754
[CSV] d0=-169 d1=-192 d2=-192 d3=-192 d4=-192 d5=-192 d6=-192 d7=-192 d8=-192 d9=-192 v=36 a=-8 ax=-24 ay=0 az=280 amb=1000 spad=90 ivs=165 iva=0 tvs=165 tva=0 label=0
[CSV] d0=-88 d1=-169 d2=-192 d3=-192 d4=-192 d5=-192 d6=-192 d7=-192 d8=-192 d9=-192 v=16 a=-5 ax=-23 ay=0 az=281 amb=1000 spad=89 ivs=165 iva=0 tvs=165 tva=0 label=1
[CSV] d0=-27 d1=-88 d2=-169 d3=-192 d4=-192 d5=-192 d6=-192 d7=-192 d8=-192 d9=-192 v=-24 a=-7 ax=-24 ay=0 az=281 amb=608 spad=114 ivs=165 iva=0 tvs=165 tva=0 label=1
[CSV] d0=76 d1=-27 d2=-88 d3=-169 d4=-192 d5=-192 d6=-192 d7=-192 d8=-192 d9=-192 v=-68 a=-14 ax=-23 ay=0 az=281 amb=864 spad=111 ivs=165 iva=0 tvs=165 tva=0 label=1
[CSV] d0=48 d1=76 d2=-27 d3=-88 d4=-169 d5=-192 d6=-192 d7=-192 d8=-192 d9=-192 v=-404 a=-130 ax=-23 ay=0 az=280 amb=960 spad=115 ivs=165 iva=0 tvs=165 tva=0 label=1
[CSV] d0=80 d1=48 d2=76 d3=-27 d4=-88 d5=-169 d6=-192 d7=-192 d8=-192 d9=-192 v=-276 a=-130 ax=-23 ay=0 az=280 amb=992 spad=118 ivs=165 iva=0 tvs=165 tva=0 label=1
[CSV] d0=92 d1=80 d2=48 d3=76 d4=-27 d5=-88 d6=-169 d7=-192 d8=-192 d9=-192 v=-164 a=-66 ax=-24 ay=0 az=280 amb=800 spad=123 ivs=165 iva=0 tvs=165 tva=0 label=1
[CSV] d0=92 d1=92 d2=80 d3=48 d4=76 d5=-27 d6=-88 d7=-169 d8=-192 d9=-192 v=-52 a=36 ax=-23 ay=0 az=280 amb=736 spad=127 ivs=165 iva=0 tvs=165 tva=0 label=1
[CSV] d0=91 d1=92 d2=92 d3=80 d4=48 d5=76 d6=-27 d7=-88 d8=-169 d9=-192 v=-68 a=120 ax=-23 ay=0 az=281 amb=864 spad=137 ivs=165 iva=0 tvs=165 tva=0 label=1
[CSV] d0=100 d1=91 d2=92 d3=92 d4=80 d5=48 d6=76 d7=-27 d8=-88 d9=-169 v=-28 a=78 ax=-23 ay=0 az=281 amb=1000 spad=126 ivs=165 iva=0 tvs=165 tva=0 label=1
[CSV] d0=67 d1=100 d2=91 d3=92 d4=92 d5=80 d6=48 d7=76 d8=-27 d9=-88 v=28 a=53 ax=-23 ay=0 az=281 amb=544 spad=170 ivs=165 iva=0 tvs=165 tva=0 label=1
[CSV] d0=75 d1=67 d2=100 d3=91 d4=92 d5=92 d6=80 d7=48 d8=76 d9=-27 v=40 a=36 ax=-24 ay=0 az=281 amb=992 spad=144 ivs=165 iva=0 tvs=165 tva=0 label=1
[CSV] d0=49 d1=75 d2=67 d3=100 d4=91 d5=92 d6=92 d7=80 d8=48 d9=76 v=72 a=46 ax=-24 ay=0 az=280 amb=736 spad=176 ivs=165 iva=0 tvs=165 tva=0 label=1
[CSV] d0=12 d1=49 d2=75 d3=67 d4=100 d5=91 d6=92 d7=92 d8=80 d9=48 v=128 a=47 ax=-24 ay=0 az=280 amb=1000 spad=172 ivs=165 iva=0 tvs=165 tva=0 label=1
[CSV] d0=-16 d1=12 d2=49 d3=75 d4=67 d5=100 d6=91 d7=92 d8=92 d9=80 v=152 a=45 ax=-23 ay=0 az=280 amb=704 spad=195 ivs=165 iva=0 tvs=165 tva=0 label=1
[CSV] d0=-27 d1=-16 d2=12 d3=49 d4=75 d5=67 d6=100 d7=91 d8=92 d9=92 v=184 a=49 ax=-23 ay=0 az=281 amb=1000 spad=195 ivs=165 iva=0 tvs=165 tva=0 label=1
[CSV] d0=-65 d1=-27 d2=-16 d3=12 d4=49 d5=75 d6=67 d7=100 d8=91 d9=92 v=184 a=37 ax=-24 ay=0 az=281 amb=832 spad=227 ivs=165 iva=0 tvs=165 tva=0 label=1
[CSV] d0=-88 d1=-65 d2=-27 d3=-16 d4=12 d5=49 d6=75 d7=67 d8=100 d9=91 v=168 a=15 ax=-23 ay=0 az=281 amb=960 spad=249 ivs=165 iva=0 tvs=165 tva=0 label=1
[CSV] d0=-150 d1=-88 d2=-65 d3=-27 d4=-16 d5=12 d6=49 d7=75 d8=67 d9=100 v=224 a=17 ax=-24 ay=0 az=281 amb=896 spad=272 ivs=165 iva=0 tvs=165 tva=0 label=1
[CSV] d0=-179 d1=-150 d2=-88 d3=-65 d4=-27 d5=-16 d6=12 d7=49 d8=75 d9=67 v=268 a=28 ax=-23 ay=0 az=280 amb=1000 spad=298 ivs=165 iva=0 tvs=165 tva=0 label=1
[CSV] d0=-211 d1=-179 d2=-150 d3=-88 d4=-65 d5=-27 d6=-16 d7=12 d8=49 d9=75 v=264 a=35 ax=-23 ay=0 az=281 amb=960 spad=325 ivs=165 iva=0 tvs=165 tva=0 label=1
[CSV] d0=-246 d1=-211 d2=-179 d3=-150 d4=-88 d5=-65 d6=-27 d7=-16 d8=12 d9=49 v=264 a=32 ax=-24 ay=0 az=281 amb=576 spad=392 ivs=165 iva=0 tvs=165 tva=0 label=1
[CSV] d0=-280 d1=-246 d2=-211 d3=-179 d4=-150 d5=-88 d6=-65 d7=-27 d8=-16 d9=12 v=228 a=0 ax=-24 ay=0 az=281 amb=896 spad=428 ivs=165 iva=0 tvs=165 tva=0 label=1
[CSV] d0=-321 d1=-280 d2=-246 d3=-211 d4=-179 d5=-150 d6=-88 d7=-65 d8=-27 d9=-16 v=248 a=-10 ax=-23 ay=-1 az=280 amb=832 spad=497 ivs=165 iva=0 tvs=165 tva=0 label=1
[CSV] d0=-348 d1=-321 d2=-280 d3=-246 d4=-211 d5=-179 d6=-150 d7=-88 d8=-65 d9=-27 v=248 a=-6 ax=-24 ay=0 az=280 amb=704 spad=550 ivs=165 iva=0 tvs=165 tva=0 label=1
[CSV] d0=-406 d1=-348 d2=-321 d3=-280 d4=-246 d5=-211 d6=-179 d7=-150 d8=-88 d9=-65 v=276 a=6 ax=-24 ay=0 az=281 amb=544 spad=645 ivs=165 iva=0 tvs=165 tva=0 label=1
[CSV] d0=-460 d1=-406 d2=-348 d3=-321 d4=-280 d5=-246 d6=-211 d7=-179 d8=-150 d9=-88 v=320 a=30 ax=-23 ay=0 az=281 amb=864 spad=753 ivs=165 iva=0 tvs=165 tva=0 label=1
[CSV] d0=-476 d1=-460 d2=-406 d3=-348 d4=-321 d5=-280 d6=-246 d7=-211 d8=-179 d9=-150 v=300 a=25 ax=-23 ay=0 az=281 amb=640 spad=825 ivs=165 iva=0 tvs=165 tva=0 label=1
[HB] up_ms=128843 frames=3476 inf=3476 hazard=1202 canary_err=0 q=0 qovr=0
[I2C] init=0 gate=0 whoami=0x140e0 wr=0 wrseen=0x27 addr=0x5a ok=23650 err=0 tmo=0 recov=1 pclk1=200000000 sysclk=400000000
[NAK] nacks=0
[CLK] cpu=800000000 sysb=400000000 pclk1=20[CSV] d0=-520 d1=-476 d2=-460 d3=-406 d4=-348 d5=-321 d6=-280 d7=-246 d8=-211 d9=-179 v=292 a=15 ax=-23 ay=0 az=279 amb=544 spad=705 ivs=165 iva=0 tvs=165 tva=0 label=1
0000000
[TOF] res=0 step=0 id=0xeacc blk=0xeacc10 ctl=0x0
[RNG] init=0 step=99 id=0xeacc boot=1 calls=93 xerr=0 dm=1 tb=15
[RNG] osc=41 imp=881 imprb=881 mstart=0x40 cfg=91 cfgfail=0x0 vhv=0 vpolls=0
[PRT] calls=14021 xerr=0 ler=1 lidx=0x0 perr=0 maxcnt=17 [CSV] d0=-571 d1=-520 d2=-476 d3=-460 d4=-406 d5=-348 d6=-321 d7=-280 d8=-246 d9=-211 v=272 a=-5 ax=-23 ay=0 az=280 amb=640 spad=808 ivs=165 iva=0 tvs=165 tva=0 label=1
addr8=0x52
[RTY] wr=0 wmax=0 wref=0  rd=0 rmax=0 rref=0
[RNG] frames=2694 last=62 min=2 max=794 nrdy=0 dxfer=0 dstat=784 lst=7 nrdyerr=0 dclr=0
[DRV] init=0 id=7 mode=0x1 lib=0x2 seq=0x1 odc=0x8b sts=0xe0 armed=1
[TRG] pulses=214 suppressed=990 cyc=1600 rst=[CSV] d0=-622 d1=-571 d2=-520 d3=-476 d4=-460 d5=-406 d6=-348 d7=-321 d8=-280 d9=-246 v=292 a=-11 ax=-23 ay=0 az=281 amb=512 spad=828 ivs=165 iva=0 tvs=165 tva=0 label=1
1 rstmode=0x40
[HLT] polls=69 faults=0x0 cfglost=0 rearm=0 rearmfail=0
[EFF] n=5 last=58476 min=58476 max=58594 late=0 stuck=0 rderr=0
[IMU] init=0 addr=0x68 who=0x68 rst=1 pmrb0=0x40 pmrb=0x1 sr=19 cfg=4 gcfg=0x0 acfg=0x8 icfg=0x30 ien=0x1 armed=1
[ACC] re[CSV] d0=-644 d1=-622 d2=-571 d3=-520 d4=-476 d5=-460 d6=-406 d7=-348 d8=-321 d9=-280 v=304 a=1 ax=-24 ay=0 az=280 amb=352 spad=728 ivs=165 iva=0 tvs=165 tva=0 label=1
ads=3479 stale=3472 rderr=0 ax=-96 ay=-2 az=1119
[PWR] pm=0x1 drift=0 rderr=0
[DWT] ok=1 cyc=4265387862 cyc_per_ms=799943
[CSV] d0=-680 d1=-644 d2=-622 d3=-571 d4=-520 d5=-476 d6=-460 d7=-406 d8=-348 d9=-321 v=272 a=-1 ax=-24 ay=0 az=280 amb=352 spad=816 ivs=165 iva=0 tvs=165 tva=0 label=0
[CSV] d0=-721 d1=-680 d2=-644 d3=-622 d4=-571 d5=-520 d6=-476 d7=-460 d8=-406 d9=-348 v=248 a=-9 ax=-24 ay=0 az=280 amb=224 spad=811 ivs=165 iva=0 tvs=165 tva=0 label=1
[CSV] d0=-760 d1=-721 d2=-680 d3=-644 d4=-622 d5=-571 d6=-520 d7=-476 d8=-460 d9=-406 v=244 a=-21 ax=-24 ay=0 az=280 amb=96 spad=547 ivs=165 iva=0 tvs=165 tva=0 label=1
[CSV] d0=-814 d1=-760 d2=-721 d3=-680 d4=-644 d5=-622 d6=-571 d7=-520 d8=-476 d9=-460 v=292 a=-7 ax=-24 ay=0 az=280 amb=192 spad=703 ivs=165 iva=0 tvs=165 tva=0 label=1
[CSV] d0=-828 d1=-814 d2=-760 d3=-721 d4=-680 d5=-644 d6=-622 d7=-571 d8=-520 d9=-476 v=268 a=5 ax=-23 ay=0 az=280 amb=96 spad=850 ivs=165 iva=0 tvs=165 tva=0 label=0
[CSV] d0=-867 d1=-828 d2=-814 d3=-760 d4=-721 d5=-680 d6=-644 d7=-622 d8=-571 d9=-520 v=248 a=3 ax=-23 ay=0 az=280 amb=160 spad=728 ivs=165 iva=0 tvs=165 tva=0 label=0
[CSV] d0=-910 d1=-867 d2=-828 d3=-814 d4=-760 d5=-721 d6=-680 d7=-644 d8=-622 d9=-571 v=240 a=-7 ax=-23 ay=0 az=281 amb=0 spad=867 ivs=165 iva=0 tvs=165 tva=0 label=0
[CSV] d0=-928 d1=-910 d2=-867 d3=-828 d4=-814 d5=-760 d6=-721 d7=-680 d8=-644 d9=-622 v=208 a=-26 ax=-24 ay=0 az=280 amb=160 spad=704 ivs=165 iva=0 tvs=165 tva=0 label=0
[CSV] d0=-964 d1=-928 d2=-910 d3=-867 d4=-828 d5=-814 d6=-760 d7=-721 d8=-680 d9=-644 v=224 a=-17 ax=-24 ay=0 az=281 amb=96 spad=827 ivs=165 iva=0 tvs=165 tva=0 label=0
[CSV] d0=-980 d1=-964 d2=-928 d3=-910 d4=-867 d5=-828 d6=-814 d7=-760 d8=-721 d9=-680 v=188 a=-18 ax=-24 ay=0 az=281 amb=96 spad=790 ivs=165 iva=0 tvs=165 tva=0 label=0
[CSV] d0=-976 d1=-980 d2=-964 d3=-928 d4=-910 d5=-867 d6=-828 d7=-814 d8=-760 d9=-721 v=120 a=-34 ax=-24 ay=0 az=279 amb=64 spad=466 ivs=165 iva=0 tvs=165 tva=0 label=0
[CSV] d0=-993 d1=-976 d2=-980 d3=-964 d4=-928 d5=-910 d6=-867 d7=-828 d8=-814 d9=-760 v=92 a=-44 ax=-23 ay=0 az=281 amb=32 spad=587 ivs=165 iva=0 tvs=165 tva=0 label=0
[CSV] d0=-1000 d1=-993 d2=-976 d3=-980 d4=-964 d5=-928 d6=-910 d7=-867 d8=-828 d9=-814 v=80 a=-50 ax=-24 ay=0 az=281 amb=160 spad=767 ivs=165 iva=0 tvs=165 tva=0 label=0
[CSV] d0=-1000 d1=-1000 d2=-993 d3=-976 d4=-980 d5=-964 d6=-928 d7=-910 d8=-867 d9=-828 v=92 a=-31 ax=-23 ay=0 az=279 amb=0 spad=884 ivs=165 iva=0 tvs=165 tva=0 label=0
[CSV] d0=-1000 d1=-1000 d2=-1000 d3=-993 d4=-976 d5=-980 d6=-964 d7=-928 d8=-910 d9=-867 v=120 a=0 ax=-22 ay=0 az=280 amb=0 spad=1000 ivs=165 iva=0 tvs=165 tva=0 label=0
[CSV] d0=-1000 d1=-1000 d2=-1000 d3=-1000 d4=-993 d5=-976 d6=-980 d7=-964 d8=-928 d9=-910 v=100 a=7 ax=-24 ay=-1 az=281 amb=0 spad=1000 ivs=165 iva=0 tvs=165 tva=0 label=0
[CSV] d0=-1000 d1=-1000 d2=-1000 d3=-1000 d4=-1000 d5=-993 d6=-976 d7=-980 d8=-964 d9=-928 v=64 a=-3 ax=-22 ay=0 az=279 amb=0 spad=1000 ivs=165 iva=0 tvs=165 tva=0 label=0
[CSV] d0=-1000 d1=-1000 d2=-1000 d3=-1000 d4=-1000 d5=-1000 d6=-993 d7=-976 d8=-980 d9=-964 v=44 a=-20 ax=-26 ay=0 az=284 amb=32 spad=1000 ivs=165 iva=0 tvs=165 tva=0 label=0
[CSV] d0=-1000 d1=-1000 d2=-1000 d3=-1000 d4=-1000 d5=-1000 d6=-1000 d7=-993 d8=-976 d9=-980 v=24 a=-33 ax=-24 ay=-1 az=280 amb=0 spad=1000 ivs=165 iva=0 tvs=165 tva=0 label=0
[CSV] d0=-1000 d1=-1000 d2=-1000 d3=-1000 d4=-1000 d5=-1000 d6=-1000 d7=-1000 d8=-993 d9=-976 v=-12 a=-35 ax=-23 ay=0 az=281 amb=32 spad=1000 ivs=165 iva=0 tvs=165 tva=0 label=0
[CSV] d0=-1000 d1=-1000 d2=-1000 d3=-1000 d4=-1000 d5=-1000 d6=-1000 d7=-1000 d8=-1000 d9=-993 v=-56 a=-40 ax=-23 ay=0 az=280 amb=0 spad=927 ivs=165 iva=0 tvs=165 tva=0 label=0
[CSV] d0=-988 d1=-1000 d2=-1000 d3=-1000 d4=-1000 d5=-1000 d6=-1000 d7=-1000 d8=-1000 d9=-1000 v=-124 a=-56 ax=-24 ay=0 az=280 amb=0 spad=567 ivs=165 iva=0 tvs=165 tva=0 label=0
[CSV] d0=-987 d1=-988 d2=-1000 d3=-1000 d4=-1000 d5=-1000 d6=-1000 d7=-1000 d8=-1000 d9=-1000 v=-136 a=-58 ax=-24 ay=0 az=280 amb=96 spad=446 ivs=165 iva=0 tvs=165 tva=0 label=0
[CSV] d0=-931 d1=-987 d2=-988 d3=-1000 d4=-1000 d5=-1000 d6=-1000 d7=-1000 d8=-1000 d9=-1000 v=-176 a=-55 ax=-24 ay=0 az=281 amb=0 spad=576 ivs=165 iva=0 tvs=165 tva=0 label=0
[CSV] d0=-907 d1=-931 d2=-987 d3=-988 d4=-1000 d5=-1000 d6=-1000 d7=-1000 d8=-1000 d9=-1000 v=-196 a=-44 ax=-23 ay=0 az=280 amb=32 spad=637 ivs=165 iva=0 tvs=165 tva=0 label=0
[CSV] d0=-859 d1=-907 d2=-931 d3=-987 d4=-988 d5=-1000 d6=-1000 d7=-1000 d8=-1000 d9=-1000 v=-228 a=-36 ax=-24 ay=0 az=281 amb=0 spad=341 ivs=165 iva=0 tvs=165 tva=0 label=0
[CSV] d0=-811 d1=-859 d2=-907 d3=-931 d4=-987 d5=-988 d6=-1000 d7=-1000 d8=-1000 d9=-1000 v=-288 a=-48 ax=-23 ay=0 az=281 amb=160 spad=769 ivs=165 iva=0 tvs=165 tva=0 label=0
[HB] up_ms=130007 frames=3507 inf=3507 hazard=1209 canary_err=0 q=0 qovr=0
[I2C] init=0 gate=0 whoami=0x140e0 wr=0 wrseen=0x27 addr=0x5a ok=23838 err=0 tmo=0 recov=1 pclk1=200000000 sysclk=400000[CSV] d0=-732 d1=-811 d2=-859 d3=-907 d4=-931 d5=-987 d6=-988 d7=-1000 d8=-1000 d9=-1000 v=-332 a=-54 ax=-24 ay=0 az=281 amb=224 spad=826 ivs=165 iva=0 tvs=165 tva=0 label=0
000
[NAK] nacks=0
[CLK] cpu=800000000 sysb=400000000 pclk1=200000000
[TOF] res=0 step=0 id=0xeacc blk=0xeacc10 ctl=0x0
[RNG] init=0 step=99 id=0xeacc boot=1 calls=93 xerr=0 dm=1 tb=15
[RNG] osc=41 imp=881 imprb=881 mstart=0x40 cfg=91 cfgfail=0x0 vhv=0[CSV] d0=-713 d1=-732 d2=-811 d3=-859 d4=-907 d5=-931 d6=-987 d7=-988 d8=-1000 d9=-1000 v=-348 a=-55 ax=-23 ay=0 az=281 amb=384 spad=745 ivs=165 iva=0 tvs=165 tva=0 label=0
 vpolls=0
[PRT] calls=14149 xerr=0 ler=1 lidx=0x0 perr=0 maxcnt=17 addr8=0x52
[RTY] wr=0 wmax=0 wref=0  rd=0 rmax=0 rref=0
[RNG] frames=2725 last=606 min=2 max=794 nrdy=0 dxfer=0 dstat=784 lst=7 nrdyerr=0 dclr=0
[DRV] init=0 id=7 mode=0x1 lib=0x2 seq=0x[CSV] d0=-635 d1=-713 d2=-732 d3=-811 d4=-859 d5=-907 d6=-931 d7=-987 d8=-988 d9=-1000 v=-368 a=-46 ax=-23 ay=0 az=281 amb=448 spad=723 ivs=165 iva=0 tvs=165 tva=0 label=0
1 odc=0x8b sts=0xe0 armed=1
[TRG] pulses=214 suppressed=995 cyc=1600 rst=1 rstmode=0x40
[HLT] polls=70 faults=0x0 cfglost=0 rearm=0 rearmfail=0
[EFF] n=5 last=58476 min=58476 max=58594 late=0 stuck=0 rderr=0
[IMU] init=0 addr=0x68 who=0x68 rst=1 pmrb0=0x[CSV] d0=-556 d1=-635 d2=-713 d3=-732 d4=-811 d5=-859 d6=-907 d7=-931 d8=-987 d9=-988 v=-408 a=-37 ax=-23 ay=0 az=280 amb=1000 spad=591 ivs=165 iva=0 tvs=165 tva=0 label=0
40 pmrb=0x1 sr=19 cfg=4 gcfg=0x0 acfg=0x8 icfg=0x30 ien=0x1 armed=1
[ACC] reads=3511 stale=3504 rderr=0 ax=-95 ay=-1 az=1122
[PWR] pm=0x1 drift=0 rderr=0
[DWT] ok=1 cyc=902402370 cyc_per_ms=800671
[CSV] d0=-475 d1=-556 d2=-635 d3=-713 d4=-732 d5=-811 d6=-859 d7=-907 d8=-931 d9=-987 v=-452 a=-40 ax=-23 ay=0 az=281 amb=1000 spad=380 ivs=165 iva=0 tvs=165 tva=0 label=0
[CSV] d0=-412 d1=-475 d2=-556 d3=-635 d4=-713 d5=-732 d6=-811 d7=-859 d8=-907 d9=-931 v=-508 a=-54 ax=-24 ay=-1 az=280 amb=640 spad=292 ivs=165 iva=0 tvs=165 tva=0 label=0
[CSV] d0=-352 d1=-412 d2=-475 d3=-556 d4=-635 d5=-713 d6=-732 d7=-811 d8=-859 d9=-907 v=-468 a=-39 ax=-23 ay=-1 az=280 amb=864 spad=242 ivs=165 iva=0 tvs=165 tva=0 label=0
[CSV] d0=-310 d1=-352 d2=-412 d3=-475 d4=-556 d5=-635 d6=-713 d7=-732 d8=-811 d9=-859 v=-404 a=-1 ax=-23 ay=0 az=280 amb=864 spad=198 ivs=165 iva=0 tvs=165 tva=0 label=0
[CSV] d0=-275 d1=-310 d2=-352 d3=-412 d4=-475 d5=-556 d6=-635 d7=-713 d8=-732 d9=-811 v=-332 a=45 ax=-24 ay=0 az=281 amb=960 spad=187 ivs=165 iva=0 tvs=165 tva=0 label=0
[CSV] d0=-228 d1=-275 d2=-310 d3=-352 d4=-412 d5=-475 d6=-556 d7=-635 d8=-713 d9=-732 v=-292 a=74 ax=-23 ay=0 az=280 amb=608 spad=177 ivs=165 iva=0 tvs=165 tva=0 label=0
[CSV] d0=-190 d1=-228 d2=-275 d3=-310 d4=-352 d5=-412 d6=-475 d7=-556 d8=-635 d9=-713 v=-268 a=67 ax=-24 ay=0 az=281 amb=864 spad=160 ivs=165 iva=0 tvs=165 tva=0 label=0
[CSV] d0=-134 d1=-190 d2=-228 d3=-275 d4=-310 d5=-352 d6=-412 d7=-475 d8=-556 d9=-635 v=-288 a=39 ax=-23 ay=-1 az=281 amb=1000 spad=138 ivs=165 iva=0 tvs=165 tva=0 label=0
[CSV] d0=-164 d1=-134 d2=-190 d3=-228 d4=-275 d5=-310 d6=-352 d7=-412 d8=-475 d9=-556 v=-208 a=33 ax=-23 ay=0 az=280 amb=448 spad=166 ivs=165 iva=0 tvs=165 tva=0 label=0
[CSV] d0=-110 d1=-164 d2=-134 d3=-190 d4=-228 d5=-275 d6=-310 d7=-352 d8=-412 d9=-475 v=-172 a=39 ax=-23 ay=-1 az=281 amb=800 spad=141 ivs=165 iva=0 tvs=165 tva=0 label=0
[CSV] d0=-129 d1=-110 d2=-164 d3=-134 d4=-190 d5=-228 d6=-275 d7=-310 d8=-352 d9=-412 v=-96 a=61 ax=-23 ay=-1 az=281 amb=864 spad=137 ivs=165 iva=0 tvs=165 tva=0 label=0
[CSV] d0=-75 d1=-129 d2=-110 d3=-164 d4=-134 d5=-190 d6=-228 d7=-275 d8=-310 d9=-352 v=-100 a=64 ax=-23 ay=0 az=280 amb=960 spad=131 ivs=165 iva=0 tvs=165 tva=0 label=0
[CSV] d0=-121 d1=-75 d2=-129 d3=-110 d4=-164 d5=-134 d6=-190 d7=-228 d8=-275 d9=-310 v=-80 a=43 ax=-23 ay=0 az=280 amb=992 spad=117 ivs=165 iva=0 tvs=165 tva=0 label=0
[CSV] d0=-78 d1=-121 d2=-75 d3=-129 d4=-110 d5=-164 d6=-134 d7=-190 d8=-228 d9=-275 v=-48 a=35 ax=-24 ay=0 az=281 amb=640 spad=129 ivs=165 iva=0 tvs=165 tva=0 label=0
[CSV] d0=-171 d1=-78 d2=-121 d3=-75 d4=-129 d5=-110 d6=-164 d7=-134 d8=-190 d9=-228 v=56 a=47 ax=-23 ay=0 az=281 amb=992 spad=107 ivs=165 iva=0 tvs=165 tva=0 label=0
[CSV] d0=-43 d1=-171 d2=-78 d3=-121 d4=-75 d5=-129 d6=-110 d7=-164 d8=-134 d9=-190 v=-8 a=43 ax=-23 ay=0 az=280 amb=1000 spad=99 ivs=165 iva=0 tvs=165 tva=0 label=0
[CSV] d0=-65 d1=-43 d2=-171 d3=-78 d4=-121 d5=-75 d6=-129 d7=-110 d8=-164 d9=-134 v=-100 a=0 ax=-24 ay=0 az=280 amb=832 spad=110 ivs=165 iva=0 tvs=165 tva=0 label=0
[CSV] d0=-92 d1=-65 d2=-43 d3=-171 d4=-78 d5=-121 d6=-75 d7=-129 d8=-110 d9=-164 v=-52 a=-22 ax=-23 ay=0 az=281 amb=768 spad=111 ivs=165 iva=0 tvs=165 tva=0 label=0
[CSV] d0=30 d1=-92 d2=-65 d3=-43 d4=-171 d5=-78 d6=-121 d7=-75 d8=-129 d9=-110 v=-240 a=-86 ax=-23 ay=0 az=281 amb=800 spad=118 ivs=165 iva=0 tvs=165 tva=0 label=0
[CSV] d0=-33 d1=30 d2=-92 d3=-65 d4=-43 d5=-171 d6=-78 d7=-121 d8=-75 d9=-129 v=-76 a=-37 ax=-23 ay=0 az=281 amb=768 spad=109 ivs=165 iva=0 tvs=165 tva=0 label=0
[CSV] d0=-43 d1=-33 d2=30 d3=-92 d4=-65 d5=-43 d6=-171 d7=-78 d8=-121 d9=-75 v=-72 a=4 ax=-24 ay=0 az=281 amb=672 spad=126 ivs=165 iva=0 tvs=165 tva=0 label=0
[CSV] d0=-24 d1=-43 d2=-33 d3=30 d4=-92 d5=-65 d6=-43 d7=-171 d8=-78 d9=-121 v=-44 a=24 ax=-23 ay=0 az=282 amb=960 spad=105 ivs=165 iva=0 tvs=165 tva=0 label=0
[CSV] d0=-30 d1=-24 d2=-43 d3=-33 d4=30 d5=-92 d6=-65 d7=-43 d8=-171 d9=-78 v=76 a=89 ax=-24 ay=0 az=280 amb=1000 spad=92 ivs=165 iva=0 tvs=165 tva=0 label=0
[CSV] d0=-30 d1=-30 d2=-24 d3=-43 d4=-33 d5=30 d6=-92 d7=-65 d8=-43 d9=-171 v=76 a=89 ax=-23 ay=0 az=280 amb=1000 spad=92 ivs=165 iva=0 tvs=90 tva=1 label=0
[CSV] d0=16 d1=-30 d2=-30 d3=-24 d4=-43 d5=-33 d6=30 d7=-92 d8=-65 d9=-43 v=-68 a=12 ax=-23 ay=0 az=281 amb=832 spad=97 ivs=165 iva=0 tvs=165 tva=0 label=0
[CSV] d0=70 d1=16 d2=-30 d3=-30 d4=-24 d5=-43 d6=-33 d7=30 d8=-92 d9=-65 v=-140 a=-21 ax=-23 ay=0 az=280 amb=576 spad=109 ivs=165 iva=0 tvs=165 tva=0 label=0
[CSV] d0=70 d1=70 d2=16 d3=-30 d4=-30 d5=-24 d6=-43 d7=-33 d8=30 d9=-92 v=-140 a=-21 ax=-24 ay=0 az=280 amb=576 spad=109 ivs=165 iva=0 tvs=90 tva=1 label=0
[CSV] d0=70 d1=70 d2=70 d3=16 d4=-30 d5=-30 d6=-24 d7=-43 d8=-33 d9=30 v=-140 a=-21 ax=-24 ay=-1 az=280 amb=576 spad=109 ivs=165 iva=0 tvs=90 tva=2 label=0
[HB] up_ms=131179 frames=3539 inf=3539 hazard=1209 canary_err=0 q=0 qovr=0
[I2C] init=0 gate=0 whoami=0x140e0 wr=0 wrseen=0x27 addr=0x5a ok=24030 err=0 tmo=0 recov=1 pclk1=200000000 sysclk=400000000
[NAK] nacks=0
[CLK] cpu=800000000 sysb=400000000 pclk1=2000[CSV] d0=70 d1=70 d2=70 d3=70 d4=16 d5=-30 d6=-30 d7=-24 d8=-43 d9=-33 v=-140 a=-21 ax=-24 ay=0 az=280 amb=576 spad=109 ivs=165 iva=0 tvs=0 tva=3 label=0
00000
[TOF] res=0 step=0 id=0xeacc blk=0xeacc10 ctl=0x0
[RNG] init=0 step=99 id=0xeacc boot=1 calls=93 xerr=0 dm=1 tb=15
[RNG] osc=41 imp=881 imprb=881 mstart=0x40 cfg=91 cfgfail=0x0 vhv=0 vpolls=0
[PRT] calls=14273 xerr=0 ler=1 lidx=0x0 perr=0 maxcn[CSV] d0=70 d1=70 d2=70 d3=70 d4=70 d5=16 d6=-30 d7=-30 d8=-24 d9=-43 v=-140 a=-21 ax=-24 ay=0 az=280 amb=576 spad=109 ivs=165 iva=0 tvs=0 tva=4 label=0
t=17 addr8=0x52
[RTY] wr=0 wmax=0 wref=0  rd=0 rmax=0 rref=0
[RNG] frames=2740 last=719 min=2 max=794 nrdy=0 dxfer=0 dstat=801 lst=7 nrdyerr=0 dclr=0
[DRV] init=0 id=7 mode=0x1 lib=0x2 seq=0x1 odc=0x8b sts=0xe0 armed=1
[TRG] pulses=214 suppressed=995[CSV] d0=70 d1=70 d2=70 d3=70 d4=70 d5=70 d6=16 d7=-30 d8=-30 d9=-24 v=-140 a=-21 ax=-23 ay=0 az=280 amb=576 spad=109 ivs=165 iva=0 tvs=0 tva=5 label=0
 cyc=1600 rst=1 rstmode=0x40
[HLT] polls=70 faults=0x0 cfglost=0 rearm=0 rearmfail=0
[EFF] n=5 last=58476 min=58476 max=58594 late=0 stuck=0 rderr=0
[IMU] init=0 addr=0x68 who=0x68 rst=1 pmrb0=0x40 pmrb=0x1 sr=19 cfg=4 gcfg=0x0 acfg=0x8 icfg=0x30 ien=0x[CSV] d0=70 d1=70 d2=70 d3=70 d4=70 d5=70 d6=70 d7=16 d8=-30 d9=-30 v=-140 a=-21 ax=-23 ay=-1 az=280 amb=576 spad=109 ivs=165 iva=0 tvs=0 tva=6 label=0
1 armed=1
[ACC] reads=3543 stale=3536 rderr=0 ax=-95 ay=-3 az=1124
[PWR] pm=0x1 drift=0 rderr=0
[DWT] ok=1 cyc=1834561006 cyc_per_ms=795357
[CSV] d0=70 d1=70 d2=70 d3=70 d4=70 d5=70 d6=70 d7=70 d8=16 d9=-30 v=-140 a=-21 ax=-23 ay=0 az=280 amb=576 spad=109 ivs=165 iva=0 tvs=0 tva=7 label=0
[CSV] d0=70 d1=70 d2=70 d3=70 d4=70 d5=70 d6=70 d7=70 d8=70 d9=16 v=-140 a=-21 ax=-24 ay=0 az=281 amb=576 spad=109 ivs=165 iva=0 tvs=0 tva=8 label=0
[CSV] d0=70 d1=70 d2=70 d3=70 d4=70 d5=70 d6=70 d7=70 d8=70 d9=70 v=-140 a=-21 ax=-23 ay=0 az=280 amb=576 spad=109 ivs=165 iva=0 tvs=0 tva=9 label=0
[CSV] d0=70 d1=70 d2=70 d3=70 d4=70 d5=70 d6=70 d7=70 d8=70 d9=70 v=-140 a=-21 ax=-24 ay=0 az=280 amb=576 spad=109 ivs=165 iva=0 tvs=0 tva=10 label=0
[CSV] d0=70 d1=70 d2=70 d3=70 d4=70 d5=70 d6=70 d7=70 d8=70 d9=70 v=-140 a=-21 ax=-24 ay=0 az=281 amb=576 spad=109 ivs=165 iva=0 tvs=0 tva=11 label=0
[CSV] d0=70 d1=70 d2=70 d3=70 d4=70 d5=70 d6=70 d7=70 d8=70 d9=70 v=-140 a=-21 ax=-23 ay=0 az=281 amb=576 spad=109 ivs=165 iva=0 tvs=0 tva=12 label=0
[CSV] d0=70 d1=70 d2=70 d3=70 d4=70 d5=70 d6=70 d7=70 d8=70 d9=70 v=-140 a=-21 ax=-24 ay=0 az=280 amb=576 spad=109 ivs=165 iva=0 tvs=0 tva=13 label=0
[CSV] d0=70 d1=70 d2=70 d3=70 d4=70 d5=70 d6=70 d7=70 d8=70 d9=70 v=-140 a=-21 ax=-23 ay=0 az=279 amb=576 spad=109 ivs=165 iva=0 tvs=0 tva=14 label=0
[CSV] d0=70 d1=70 d2=70 d3=70 d4=70 d5=70 d6=70 d7=70 d8=70 d9=70 v=-140 a=-21 ax=-24 ay=0 az=280 amb=576 spad=109 ivs=165 iva=0 tvs=0 tva=15 label=0
[CSV] d0=70 d1=70 d2=70 d3=70 d4=70 d5=70 d6=70 d7=70 d8=70 d9=70 v=-140 a=-21 ax=-23 ay=0 az=280 amb=576 spad=109 ivs=165 iva=0 tvs=0 tva=16 label=0
[CSV] d0=70 d1=70 d2=70 d3=70 d4=70 d5=70 d6=70 d7=70 d8=70 d9=70 v=-140 a=-21 ax=-23 ay=0 az=281 amb=576 spad=109 ivs=165 iva=0 tvs=0 tva=17 label=0
[CSV] d0=70 d1=70 d2=70 d3=70 d4=70 d5=70 d6=70 d7=70 d8=70 d9=70 v=-140 a=-21 ax=-23 ay=0 az=281 amb=576 spad=109 ivs=165 iva=0 tvs=0 tva=18 label=0
[CSV] d0=-224 d1=70 d2=70 d3=70 d4=70 d5=70 d6=70 d7=70 d8=70 d9=70 v=68 a=5 ax=-23 ay=0 az=281 amb=928 spad=87 ivs=165 iva=0 tvs=165 tva=0 label=0
[CSV] d0=-224 d1=-224 d2=70 d3=70 d4=70 d5=70 d6=70 d7=70 d8=70 d9=70 v=68 a=5 ax=-24 ay=0 az=280 amb=928 spad=87 ivs=165 iva=0 tvs=90 tva=1 label=1
[CSV] d0=-224 d1=-224 d2=-224 d3=70 d4=70 d5=70 d6=70 d7=70 d8=70 d9=70 v=68 a=5 ax=-23 ay=0 az=280 amb=928 spad=87 ivs=165 iva=0 tvs=90 tva=2 label=1
[CSV] d0=-76 d1=-224 d2=-224 d3=-224 d4=70 d5=70 d6=70 d7=70 d8=70 d9=70 v=48 a=5 ax=-24 ay=0 az=281 amb=992 spad=91 ivs=165 iva=0 tvs=165 tva=0 label=1
[CSV] d0=-150 d1=-76 d2=-224 d3=-224 d4=-224 d5=70 d6=70 d7=70 d8=70 d9=70 v=56 a=10 ax=-23 ay=0 az=280 amb=864 spad=96 ivs=165 iva=0 tvs=165 tva=0 label=1
[CSV] d0=-54 d1=-150 d2=-76 d3=-224 d4=-224 d5=-224 d6=70 d7=70 d8=70 d9=70 v=52 a=11 ax=-24 ay=-1 az=281 amb=1000 spad=99 ivs=165 iva=0 tvs=165 tva=0 label=1
[CSV] d0=3 d1=-54 d2=-150 d3=-76 d4=-224 d5=-224 d6=-224 d7=70 d8=70 d9=70 v=-244 a=-51 ax=-23 ay=0 az=281 amb=800 spad=99 ivs=165 iva=0 tvs=165 tva=0 label=1
[CSV] d0=-81 d1=3 d2=-54 d3=-150 d4=-76 d5=-224 d6=-224 d7=-224 d8=70 d9=70 v=-104 a=-86 ax=-23 ay=0 az=281 amb=896 spad=114 ivs=165 iva=0 tvs=165 tva=0 label=1
[CSV] d0=67 d1=-81 d2=3 d3=-54 d4=-150 d5=-76 d6=-224 d7=-224 d8=-224 d9=70 v=-292 a=-121 ax=-23 ay=0 az=281 amb=992 spad=113 ivs=165 iva=0 tvs=165 tva=0 label=1
[CSV] d0=120 d1=67 d2=-81 d3=3 d4=-54 d5=-150 d6=-76 d7=-224 d8=-224 d9=-224 v=-296 a=-106 ax=-23 ay=0 az=280 amb=1000 spad=112 ivs=165 iva=0 tvs=165 tva=0 label=1
[CSV] d0=83 d1=120 d2=67 d3=-81 d4=3 d5=-54 d6=-150 d7=-76 d8=-224 d9=-224 v=-260 a=-32 ax=-24 ay=0 az=281 amb=896 spad=131 ivs=165 iva=0 tvs=165 tva=0 label=1
[CSV] d0=52 d1=83 d2=120 d3=67 d4=-81 d5=3 d6=-54 d7=-150 d8=-76 d9=-224 v=-204 a=-24 ax=-24 ay=0 az=280 amb=896 spad=138 ivs=165 iva=0 tvs=165 tva=0 label=1
[CSV] d0=46 d1=52 d2=83 d3=120 d4=67 d5=-81 d6=3 d7=-54 d8=-150 d9=-76 v=76 a=118 ax=-23 ay=-1 az=280 amb=864 spad=154 ivs=165 iva=0 tvs=165 tva=0 label=1
[CSV] d0=36 d1=46 d2=52 d3=83 d4=120 d5=67 d6=-81 d7=3 d8=-54 d9=-150 v=144 a=173 ax=-23 ay=0 az=280 amb=1000 spad=177 ivs=165 iva=0 tvs=165 tva=0 label=1
[CSV] d0=1 d1=36 d2=46 d3=52 d4=83 d5=120 d6=67 d7=-81 d8=3 d9=-54 v=128 a=160 ax=-23 ay=0 az=281 amb=704 spad=193 ivs=165 iva=0 tvs=165 tva=0 label=1
[CSV] d0=-24 d1=1 d2=36 d3=46 d4=52 d5=83 d6=120 d7=67 d8=-81 d9=3 v=140 a=105 ax=-23 ay=0 az=280 amb=1000 spad=179 ivs=165 iva=0 tvs=165 tva=0 label=1
[CSV] d0=-94 d1=-24 d2=1 d3=36 d4=46 d5=52 d6=83 d7=120 d8=67 d9=-81 v=244 a=47 ax=-23 ay=-1 az=280 amb=1000 spad=210 ivs=165 iva=0 tvs=165 tva=0 label=1
[HB] up_ms=132350 frames=3572 inf=3572 hazard=1225 canary_err=0 q=0 qovr=0
[I2C] init=0 gate=0 whoami=0x140e0 wr=0 wrseen=0x27 addr=0x5a ok=24230 err=0 tmo=0 recov=1 pclk1=200000000 sysclk=400000000
[NAK] nacks=0
[CLK] cpu=800000000 sysb=400000000 pclk1=200000[CSV] d0=-100 d1=-94 d2=-24 d3=1 d4=36 d5=46 d6=52 d7=83 d8=120 d9=67 v=260 a=49 ax=-24 ay=0 az=281 amb=512 spad=253 ivs=165 iva=0 tvs=165 tva=0 label=1
000
[TOF] res=0 step=0 id=0xeacc blk=0xeacc10 ctl=0x0
[RNG] init=0 step=99 id=0xeacc boot=1 calls=93 xerr=0 dm=1 tb=15
[RNG] osc=41 imp=881 imprb=881 mstart=0x40 cfg=91 cfgfail=0x0 vhv=0 vpolls=0
[PRT] calls=14405 xerr=0 ler=1 lidx=0x0 perr=0 maxcnt=[CSV] d0=-148 d1=-100 d2=-94 d3=-24 d4=1 d5=36 d6=46 d7=52 d8=83 d9=120 v=264 a=54 ax=-23 ay=0 az=281 amb=1000 spad=266 ivs=165 iva=0 tvs=165 tva=0 label=1
17 addr8=0x52
[RTY] wr=0 wmax=0 wref=0  rd=0 rmax=0 rref=0
[RNG] frames=2769 last=300 min=2 max=794 nrdy=0 dxfer=0 dstat=805 lst=7 nrdyerr=0 dclr=0
[DRV] init=0 id=7 mode=0x1 lib=0x2 seq=0x1 odc=0x8b sts=0xe0 armed=1
[TRG] pulses=217 suppressed=1010 cyc=1600 [CSV] d0=-200 d1=-148 d2=-100 d3=-94 d4=-24 d5=1 d6=36 d7=46 d8=52 d9=83 v=284 a=42 ax=-23 ay=0 az=281 amb=864 spad=299 ivs=165 iva=0 tvs=165 tva=0 label=1
rst=1 rstmode=0x40
[HLT] polls=71 faults=0x0 cfglost=0 rearm=0 rearmfail=0
[EFF] n=5 last=58476 min=58476 max=58594 late=0 stuck=0 rderr=0
[IMU] init=0 addr=0x68 who=0x68 rst=1 pmrb0=0x40 pmrb=0x1 sr=19 cfg=4 gcfg=0x0 acfg=0x8 icfg=0x30 ien=0x1 armed=1
[ACC] r[CSV] d0=-232 d1=-200 d2=-148 d3=-100 d4=-94 d5=-24 d6=1 d7=36 d8=46 d9=52 v=260 a=7 ax=-24 ay=0 az=280 amb=576 spad=369 ivs=165 iva=0 tvs=165 tva=0 label=1
eads=3575 stale=3568 rderr=0 ax=-94 ay=-2 az=1126
[PWR] pm=0x1 drift=0 rderr=0
[DWT] ok=1 cyc=2772124626 cyc_per_ms=800652
[CSV] d0=-275 d1=-232 d2=-200 d3=-148 d4=-100 d5=-94 d6=-24 d7=1 d8=36 d9=46 v=300 a=10 ax=-23 ay=0 az=280 amb=864 spad=384 ivs=165 iva=0 tvs=165 tva=0 label=1
[CSV] d0=-312 d1=-275 d2=-232 d3=-200 d4=-148 d5=-100 d6=-94 d7=-24 d8=1 d9=36 v=280 a=6 ax=-23 ay=0 az=281 amb=960 spad=447 ivs=165 iva=0 tvs=165 tva=0 label=1
[CSV] d0=-348 d1=-312 d2=-275 d3=-232 d4=-200 d5=-148 d6=-100 d7=-94 d8=-24 d9=1 v=264 a=-2 ax=-24 ay=0 az=281 amb=576 spad=532 ivs=165 iva=0 tvs=165 tva=0 label=1
[CSV] d0=-392 d1=-348 d2=-312 d3=-275 d4=-232 d5=-200 d6=-148 d7=-100 d8=-94 d9=-24 v=272 a=-1 ax=-24 ay=-1 az=281 amb=640 spad=628 ivs=165 iva=0 tvs=165 tva=0 label=1
[CSV] d0=-427 d1=-392 d2=-348 d3=-312 d4=-275 d5=-232 d6=-200 d7=-148 d8=-100 d9=-94 v=268 a=-10 ax=-23 ay=0 az=280 amb=896 spad=668 ivs=165 iva=0 tvs=165 tva=0 label=1
[CSV] d0=-465 d1=-427 d2=-392 d3=-348 d4=-312 d5=-275 d6=-232 d7=-200 d8=-148 d9=-100 v=268 a=-2 ax=-23 ay=0 az=281 amb=608 spad=810 ivs=165 iva=0 tvs=165 tva=0 label=1
[CSV] d0=-516 d1=-465 d2=-427 d3=-392 d4=-348 d5=-312 d6=-275 d7=-232 d8=-200 d9=-148 v=284 a=5 ax=-23 ay=0 az=281 amb=768 spad=842 ivs=165 iva=0 tvs=165 tva=0 label=1
[CSV] d0=-547 d1=-516 d2=-465 d3=-427 d4=-392 d5=-348 d6=-312 d7=-275 d8=-232 d9=-200 v=280 a=4 ax=-24 ay=0 az=281 amb=576 spad=803 ivs=165 iva=0 tvs=165 tva=0 label=1
[CSV] d0=-561 d1=-547 d2=-516 d3=-465 d4=-427 d5=-392 d6=-348 d7=-312 d8=-275 d9=-232 v=244 a=-5 ax=-24 ay=0 az=280 amb=320 spad=828 ivs=165 iva=0 tvs=165 tva=0 label=1
[CSV] d0=-600 d1=-561 d2=-547 d3=-516 d4=-465 d5=-427 d6=-392 d7=-348 d8=-312 d9=-275 v=220 a=-19 ax=-23 ay=0 az=280 amb=576 spad=714 ivs=165 iva=0 tvs=165 tva=0 label=1
[CSV] d0=-630 d1=-600 d2=-561 d3=-547 d4=-516 d5=-465 d6=-427 d7=-392 d8=-348 d9=-312 v=192 a=-33 ax=-23 ay=0 az=281 amb=320 spad=773 ivs=165 iva=0 tvs=165 tva=0 label=1
[CSV] d0=-667 d1=-630 d2=-600 d3=-561 d4=-547 d5=-516 d6=-465 d7=-427 d8=-392 d9=-348 v=212 a=-25 ax=-23 ay=0 az=281 amb=256 spad=815 ivs=165 iva=0 tvs=165 tva=0 label=1
[CSV] d0=-707 d1=-667 d2=-630 d3=-600 d4=-561 d5=-547 d6=-516 d7=-465 d8=-427 d9=-392 v=244 a=-1 ax=-23 ay=0 az=280 amb=128 spad=496 ivs=165 iva=0 tvs=165 tva=0 label=1
[CSV] d0=-715 d1=-707 d2=-667 d3=-630 d4=-600 d5=-561 d6=-547 d7=-516 d8=-465 d9=-427 v=212 a=5 ax=-23 ay=0 az=280 amb=256 spad=568 ivs=165 iva=0 tvs=165 tva=0 label=1
[CSV] d0=-764 d1=-715 d2=-707 d3=-667 d4=-630 d5=-600 d6=-561 d7=-547 d8=-516 d9=-465 v=220 a=7 ax=-23 ay=-1 az=281 amb=128 spad=747 ivs=165 iva=0 tvs=165 tva=0 label=1
[CSV] d0=-796 d1=-764 d2=-715 d3=-707 d4=-667 d5=-630 d6=-600 d7=-561 d8=-547 d9=-516 v=220 a=-1 ax=-24 ay=0 az=281 amb=64 spad=826 ivs=165 iva=0 tvs=165 tva=0 label=1
[CSV] d0=-828 d1=-796 d2=-764 d3=-715 d4=-707 d5=-667 d6=-630 d7=-600 d8=-561 d9=-547 v=224 a=-4 ax=-23 ay=0 az=281 amb=160 spad=802 ivs=165 iva=0 tvs=165 tva=0 label=1
[CSV] d0=-865 d1=-828 d2=-796 d3=-764 d4=-715 d5=-707 d6=-667 d7=-630 d8=-600 d9=-561 v=248 a=10 ax=-23 ay=0 az=280 amb=64 spad=843 ivs=165 iva=0 tvs=165 tva=0 label=0
[CSV] d0=-878 d1=-865 d2=-828 d3=-796 d4=-764 d5=-715 d6=-707 d7=-667 d8=-630 d9=-600 v=200 a=-1 ax=-23 ay=0 az=281 amb=0 spad=473 ivs=165 iva=0 tvs=165 tva=0 label=0
[CSV] d0=-913 d1=-878 d2=-865 d3=-828 d4=-796 d5=-764 d6=-715 d7=-707 d8=-667 d9=-630 v=192 a=-10 ax=-23 ay=0 az=280 amb=32 spad=652 ivs=165 iva=0 tvs=165 tva=0 label=0
[CSV] d0=-947 d1=-913 d2=-878 d3=-865 d4=-828 d5=-796 d6=-764 d7=-715 d8=-707 d9=-667 v=192 a=-16 ax=-24 ay=0 az=280 amb=64 spad=704 ivs=165 iva=0 tvs=165 tva=0 label=0
[CSV] d0=-944 d1=-947 d2=-913 d3=-878 d4=-865 d5=-828 d6=-796 d7=-764 d8=-715 d9=-707 v=152 a=-27 ax=-23 ay=0 az=281 amb=64 spad=668 ivs=165 iva=0 tvs=165 tva=0 label=0
[CSV] d0=-987 d1=-944 d2=-947 d3=-913 d4=-878 d5=-865 d6=-828 d7=-796 d8=-764 d9=-715 v=168 a=-14 ax=-24 ay=0 az=281 amb=64 spad=763 ivs=165 iva=0 tvs=165 tva=0 label=0
[CSV] d0=-980 d1=-987 d2=-944 d3=-947 d4=-913 d5=-878 d6=-865 d7=-828 d8=-796 d9=-764 v=116 a=-23 ax=-24 ay=-1 az=280 amb=64 spad=580 ivs=165 iva=0 tvs=165 tva=0 label=0
[CSV] d0=-996 d1=-980 d2=-987 d3=-944 d4=-947 d5=-913 d6=-878 d7=-865 d8=-828 d9=-796 v=92 a=-31 ax=-23 ay=0 az=280 amb=96 spad=654 ivs=165 iva=0 tvs=165 tva=0 label=0
[CSV] d0=-1000 d1=-996 d2=-980 d3=-987 d4=-944 d5=-947 d6=-913 d7=-878 d8=-865 d9=-828 v=120 a=-19 ax=-24 ay=0 az=280 amb=64 spad=776 ivs=165 iva=0 tvs=165 tva=0 label=0
[CSV] d0=-1000 d1=-1000 d2=-996 d3=-980 d4=-987 d5=-944 d6=-947 d7=-913 d8=-878 d9=-865 v=100 a=-17 ax=-23 ay=0 az=280 amb=0 spad=1000 ivs=165 iva=0 tvs=165 tva=0 label=0
[HB] up_ms=133509 frames=3603 inf=3603 hazard=1246 canary_err=0 q=0 qovr=0
[I2C] [CSV] d0=-1000 d1=-1000 d2=-1000 d3=-996 d4=-980 d5=-987 d6=-944 d7=-947 d8=-913 d9=-878 v=128 a=4 ax=-24 ay=0 az=279 amb=0 spad=1000 ivs=165 iva=0 tvs=165 tva=0 label=0
init=0 gate=0 whoami=0x140e0 wr=0 wrseen=0x27 addr=0x5a ok=24423 err=0 tmo=0 recov=1 pclk1=200000000 sysclk=400000000
[NAK] nacks=0
[CLK] cpu=800000000 sysb=400000000 pclk1=200000000
[TOF] res=0 step=0 id=0xeacc blk=0xeacc10 ctl=0x0
[RNG] init=0 step=99 id=[CSV] d0=-1000 d1=-1000 d2=-1000 d3=-1000 d4=-996 d5=-980 d6=-987 d7=-944 d8=-947 d9=-913 v=104 a=4 ax=-23 ay=-1 az=280 amb=128 spad=1000 ivs=165 iva=0 tvs=165 tva=0 label=0
0xeacc boot=1 calls=93 xerr=0 dm=1 tb=15
[RNG] osc=41 imp=881 imprb=881 mstart=0x40 cfg=91 cfgfail=0x0 vhv=0 vpolls=0
[PRT] calls=14533 xerr=0 ler=1 lidx=0x0 perr=0 maxcnt=17 addr8=0x52
[RTY] wr=0 wmax=0 wref=0  rd=0 rmax=0 rref=0
[RNG] frames=2800 las[CSV] d0=-1000 d1=-1000 d2=-1000 d3=-1000 d4=-1000 d5=-996 d6=-980 d7=-987 d8=-944 d9=-947 v=72 a=-12 ax=-23 ay=-1 az=281 amb=64 spad=1000 ivs=165 iva=0 tvs=165 tva=0 label=0
t=106 min=2 max=794 nrdy=0 dxfer=0 dstat=805 lst=7 nrdyerr=0 dclr=0
[DRV] init=0 id=7 mode=0x1 lib=0x2 seq=0x1 odc=0x8b sts=0xe0 armed=1
[TRG] pulses=219 suppressed=1027 cyc=1600 rst=1 rstmode=0x40
[HLT] polls=72 faults=0x0 cfglost=0 rearm=0 rearmfail[CSV] d0=-1000 d1=-1000 d2=-1000 d3=-1000 d4=-1000 d5=-1000 d6=-996 d7=-980 d8=-987 d9=-944 v=48 a=-21 ax=-24 ay=0 az=281 amb=0 spad=1000 ivs=165 iva=0 tvs=165 tva=0 label=0
=0
[EFF] n=5 last=58476 min=58476 max=58594 late=0 stuck=0 rderr=0
[IMU] init=0 addr=0x68 who=0x68 rst=1 pmrb0=0x40 pmrb=0x1 sr=19 cfg=4 gcfg=0x0 acfg=0x8 icfg=0x30 ien=0x1 armed=1
[ACC] reads=3607 stale=3600 rderr=0 ax=-96 ay=-3 az=1125
[PWR] pm=0x1 d[CSV] d0=-1000 d1=-1000 d2=-1000 d3=-1000 d4=-1000 d5=-1000 d6=-1000 d7=-996 d8=-980 d9=-987 v=20 a=-36 ax=-22 ay=0 az=279 amb=0 spad=1000 ivs=165 iva=0 tvs=165 tva=0 label=0
rift=0 rderr=0
[DWT] ok=1 cyc=3716706014 cyc_per_ms=814996
[CSV] d0=-1000 d1=-1000 d2=-1000 d3=-1000 d4=-1000 d5=-1000 d6=-1000 d7=-1000 d8=-996 d9=-980 v=16 a=-30 ax=-23 ay=0 az=281 amb=128 spad=1000 ivs=165 iva=0 tvs=165 tva=0 label=0
[CSV] d0=-1000 d1=-1000 d2=-1000 d3=-1000 d4=-1000 d5=-1000 d6=-1000 d7=-1000 d8=-1000 d9=-996 v=-4 a=-24 ax=-23 ay=0 az=280 amb=96 spad=1000 ivs=165 iva=0 tvs=165 tva=0 label=0
[CSV] d0=-1000 d1=-1000 d2=-1000 d3=-1000 d4=-1000 d5=-1000 d6=-1000 d7=-1000 d8=-1000 d9=-1000 v=-20 a=-21 ax=-23 ay=0 az=281 amb=64 spad=1000 ivs=165 iva=0 tvs=165 tva=0 label=0
[CSV] d0=-1000 d1=-1000 d2=-1000 d3=-1000 d4=-1000 d5=-1000 d6=-1000 d7=-1000 d8=-1000 d9=-1000 v=-32 a=-19 ax=-24 ay=0 az=281 amb=32 spad=1000 ivs=165 iva=0 tvs=165 tva=0 label=0
[CSV] d0=-1000 d1=-1000 d2=-1000 d3=-1000 d4=-1000 d5=-1000 d6=-1000 d7=-1000 d8=-1000 d9=-1000 v=-68 a=-26 ax=-23 ay=0 az=280 amb=0 spad=973 ivs=165 iva=0 tvs=165 tva=0 label=0
[CSV] d0=-1000 d1=-1000 d2=-1000 d3=-1000 d4=-1000 d5=-1000 d6=-1000 d7=-1000 d8=-1000 d9=-1000 v=-84 a=-28 ax=-24 ay=0 az=280 amb=32 spad=608 ivs=165 iva=0 tvs=165 tva=0 label=0
[CSV] d0=-985 d1=-1000 d2=-1000 d3=-1000 d4=-1000 d5=-1000 d6=-1000 d7=-1000 d8=-1000 d9=-1000 v=-120 a=-34 ax=-24 ay=0 az=280 amb=32 spad=684 ivs=165 iva=0 tvs=165 tva=0 label=0
[CSV] d0=-940 d1=-985 d2=-1000 d3=-1000 d4=-1000 d5=-1000 d6=-1000 d7=-1000 d8=-1000 d9=-1000 v=-184 a=-48 ax=-23 ay=0 az=280 amb=0 spad=747 ivs=165 iva=0 tvs=165 tva=0 label=0
[CSV] d0=-910 d1=-940 d2=-985 d3=-1000 d4=-1000 d5=-1000 d6=-1000 d7=-1000 d8=-1000 d9=-1000 v=-208 a=-50 ax=-24 ay=0 az=281 amb=160 spad=572 ivs=165 iva=0 tvs=165 tva=0 label=0
[CSV] d0=-888 d1=-910 d2=-940 d3=-985 d4=-1000 d5=-1000 d6=-1000 d7=-1000 d8=-1000 d9=-1000 v=-216 a=-46 ax=-23 ay=0 az=281 amb=96 spad=430 ivs=165 iva=0 tvs=165 tva=0 label=0
[CSV] d0=-825 d1=-888 d2=-910 d3=-940 d4=-985 d5=-1000 d6=-1000 d7=-1000 d8=-1000 d9=-1000 v=-244 a=-36 ax=-24 ay=0 az=281 amb=160 spad=721 ivs=165 iva=0 tvs=165 tva=0 label=0
[CSV] d0=-771 d1=-825 d2=-888 d3=-910 d4=-940 d5=-985 d6=-1000 d7=-1000 d8=-1000 d9=-1000 v=-280 a=-30 ax=-23 ay=0 az=281 amb=224 spad=661 ivs=165 iva=0 tvs=165 tva=0 label=0
[CSV] d0=-702 d1=-771 d2=-825 d3=-888 d4=-910 d5=-940 d6=-985 d7=-1000 d8=-1000 d9=-1000 v=-352 a=-46 ax=-23 ay=0 az=281 amb=128 spad=763 ivs=165 iva=0 tvs=165 tva=0 label=0
[CSV] d0=-632 d1=-702 d2=-771 d3=-825 d4=-888 d5=-910 d6=-940 d7=-985 d8=-1000 d9=-1000 v=-420 a=-68 ax=-23 ay=0 az=280 amb=512 spad=818 ivs=165 iva=0 tvs=165 tva=0 label=0
[CSV] d0=-556 d1=-632 d2=-702 d3=-771 d4=-825 d5=-888 d6=-910 d7=-940 d8=-985 d9=-1000 v=-448 a=-72 ax=-24 ay=0 az=280 amb=576 spad=696 ivs=165 iva=0 tvs=165 tva=0 label=0
[CSV] d0=-497 d1=-556 d2=-632 d3=-702 d4=-771 d5=-825 d6=-888 d7=-910 d8=-940 d9=-985 v=-460 a=-60 ax=-24 ay=0 az=280 amb=832 spad=711 ivs=165 iva=0 tvs=165 tva=0 label=0
[CSV] d0=-422 d1=-497 d2=-556 d3=-632 d4=-702 d5=-771 d6=-825 d7=-888 d8=-910 d9=-940 v=-456 a=-32 ax=-23 ay=0 az=281 amb=768 spad=551 ivs=165 iva=0 tvs=165 tva=0 label=0
[CSV] d0=-376 d1=-422 d2=-497 d3=-556 d4=-632 d5=-702 d6=-771 d7=-825 d8=-888 d9=-910 v=-424 a=-2 ax=-23 ay=0 az=280 amb=800 spad=488 ivs=165 iva=0 tvs=165 tva=0 label=0
[CSV] d0=-323 d1=-376 d2=-422 d3=-497 d4=-556 d5=-632 d6=-702 d7=-771 d8=-825 d9=-888 v=-388 a=20 ax=-23 ay=0 az=280 amb=1000 spad=385 ivs=165 iva=0 tvs=165 tva=0 label=0
[CSV] d0=-252 d1=-323 d2=-376 d3=-422 d4=-497 d5=-556 d6=-632 d7=-702 d8=-771 d9=-825 v=-388 a=27 ax=-24 ay=0 az=281 amb=608 spad=344 ivs=165 iva=0 tvs=165 tva=0 label=0
[CSV] d0=-206 d1=-252 d2=-323 d3=-376 d4=-422 d5=-497 d6=-556 d7=-632 d8=-702 d9=-771 v=-364 a=29 ax=-23 ay=0 az=280 amb=1000 spad=286 ivs=165 iva=0 tvs=165 tva=0 label=0
[CSV] d0=-161 d1=-206 d2=-252 d3=-323 d4=-376 d5=-422 d6=-497 d7=-556 d8=-632 d9=-702 v=-360 a=20 ax=-23 ay=0 az=281 amb=832 spad=263 ivs=165 iva=0 tvs=165 tva=0 label=0
[CSV] d0=-100 d1=-161 d2=-206 d3=-252 d4=-323 d5=-376 d6=-422 d7=-497 d8=-556 d9=-632 v=-352 a=13 ax=-23 ay=0 az=281 amb=768 spad=242 ivs=165 iva=0 tvs=165 tva=0 label=0
[CSV] d0=-64 d1=-100 d2=-161 d3=-206 d4=-252 d5=-323 d6=-376 d7=-422 d8=-497 d9=-556 v=-316 a=20 ax=-23 ay=0 az=280 amb=768 spad=228 ivs=165 iva=0 tvs=165 tva=0 label=1
[CSV] d0=-57 d1=-64 d2=-100 d3=-161 d4=-206 d5=-252 d6=-323 d7=-376 d8=-422 d9=-497 v=-260 a=33 ax=-23 ay=-1 az=281 amb=960 spad=182 ivs=165 iva=0 tvs=165 tva=0 label=1
[CSV] d0=3 d1=-57 d2=-64 d3=-100 d4=-161 d5=-206 d6=-252 d7=-323 d8=-376 d9=-422 v=-248 a=42 ax=-24 ay=0 az=280 amb=1000 spad=196 ivs=165 iva=0 tvs=165 tva=0 label=1
[CSV] d0=27 d1=3 d2=-57 d3=-64 d4=-100 d5=-161 d6=-206 d7=-252 d8=-323 d9=-376 v=-216 a=45 ax=-24 ay=0 az=281 amb=928 spad=176 ivs=165 iva=0 tvs=165 tva=0 label=1
[HB] up_ms=134692 frames=3635 inf=3635 hazard=1250 canary_err=0 q=0 qovr=0
[I2C] init=0 gate=0 whoami=0x140e0 wr=0 wrseen=0x27 addr=0x5a ok=24610 err=0 tmo=0 recov=1 pclk1=200000000 sysclk=400000000
[NAK] nacks=0
[CLK] cpu=800000000 sysb=400000000 pcl[CSV] d0=62 d1=27 d2=3 d3=-57 d4=-64 d5=-100 d6=-161 d7=-206 d8=-252 d9=-323 v=-228 a=29 ax=-23 ay=0 az=280 amb=832 spad=167 ivs=165 iva=0 tvs=165 tva=0 label=1
k1=200000000
[TOF] res=0 step=0 id=0xeacc blk=0xeacc10 ctl=0x0
[RNG] init=0 step=99 id=0xeacc boot=1 calls=93 xerr=0 dm=1 tb=15
[RNG] osc=41 imp=881 imprb=881 mstart=0x40 cfg=91 cfgfail=0x0 vhv=0 vpolls=0
[PRT] calls=14657 xerr=0 ler=1 lidx=0x0 perr=0 ma[CSV] d0=59 d1=62 d2=27 d3=3 d4=-57 d5=-64 d6=-100 d7=-161 d8=-206 d9=-252 v=-196 a=20 ax=-23 ay=0 az=281 amb=1000 spad=140 ivs=165 iva=0 tvs=165 tva=0 label=1
xcnt=17 addr8=0x52
[RTY] wr=0 wmax=0 wref=0  rd=0 rmax=0 rref=0
[RNG] frames=2829 last=672 min=2 max=794 nrdy=0 dxfer=0 dstat=808 lst=7 nrdyerr=0 dclr=0
[DRV] init=0 id=7 mode=0x1 lib=0x2 seq=0x1 odc=0x8b sts=0xe0 armed=1
[TRG] pulses=220 suppressed=1032 [CSV] d0=48 d1=59 d2=62 d3=27 d4=3 d5=-57 d6=-64 d7=-100 d8=-161 d9=-206 v=-84 a=47 ax=-23 ay=0 az=281 amb=1000 spad=131 ivs=165 iva=0 tvs=165 tva=0 label=1
cyc=1600 rst=1 rstmode=0x40
[HLT] polls=72 faults=0x0 cfglost=0 rearm=0 rearmfail=0
[EFF] n=5 last=58476 min=58476 max=58594 late=0 stuck=0 rderr=0
[IMU] init=0 addr=0x68 who=0x68 rst=1 pmrb0=0x40 pmrb=0x1 sr=19 cfg=4 gcfg=0x0 acfg=0x8 icfg=0x30 ien=0x1 armed[CSV] d0=46 d1=48 d2=59 d3=62 d4=27 d5=3 d6=-57 d7=-64 d8=-100 d9=-161 v=-16 a=73 ax=-24 ay=0 az=280 amb=896 spad=131 ivs=165 iva=0 tvs=165 tva=0 label=1
=1
[ACC] reads=3639 stale=3632 rderr=0 ax=-95 ay=-3 az=1126
[PWR] pm=0x1 drift=0 rderr=0
[DWT] ok=1 cyc=352042022 cyc_per_ms=786393
[CSV] d0=72 d1=46 d2=48 d3=59 d4=62 d5=27 d6=3 d7=-57 d8=-64 d9=-100 v=-4 a=84 ax=-23 ay=0 az=280 amb=704 spad=136 ivs=165 iva=0 tvs=165 tva=0 label=1
[CSV] d0=64 d1=72 d2=46 d3=48 d4=59 d5=62 d6=27 d7=3 d8=-57 d9=-64 v=-24 a=57 ax=-24 ay=0 az=280 amb=832 spad=128 ivs=165 iva=0 tvs=165 tva=0 label=1
[CSV] d0=139 d1=64 d2=72 d3=46 d4=48 d5=59 d6=62 d7=27 d8=3 d9=-57 v=-136 a=-15 ax=-23 ay=0 az=281 amb=992 spad=111 ivs=165 iva=0 tvs=165 tva=0 label=1
[CSV] d0=-19 d1=139 d2=64 d3=72 d4=46 d5=48 d6=59 d7=62 d8=27 d9=3 v=44 a=-1 ax=-23 ay=0 az=280 amb=896 spad=107 ivs=165 iva=0 tvs=165 tva=0 label=1
[CSV] d0=30 d1=-19 d2=139 d3=64 d4=72 d5=46 d6=48 d7=59 d8=62 d9=27 v=112 a=40 ax=-23 ay=0 az=280 amb=800 spad=106 ivs=165 iva=0 tvs=165 tva=0 label=1
[CSV] d0=-17 d1=30 d2=-19 d3=139 d4=64 d5=72 d6=46 d7=48 d8=59 d9=62 v=184 a=89 ax=-24 ay=0 az=280 amb=864 spad=110 ivs=165 iva=0 tvs=165 tva=0 label=1
[CSV] d0=-4 d1=-17 d2=30 d3=-19 d4=139 d5=64 d6=72 d7=46 d8=48 d9=59 v=192 a=107 ax=-23 ay=0 az=281 amb=896 spad=100 ivs=165 iva=0 tvs=165 tva=0 label=1
[CSV] d0=-4 d1=-4 d2=-17 d3=30 d4=-19 d5=139 d6=64 d7=72 d8=46 d9=48 v=192 a=107 ax=-23 ay=0 az=280 amb=896 spad=100 ivs=165 iva=0 tvs=90 tva=1 label=1
[CSV] d0=-4 d1=-4 d2=-4 d3=-17 d4=30 d5=-19 d6=139 d7=64 d8=72 d9=46 v=192 a=107 ax=-23 ay=0 az=279 amb=896 spad=100 ivs=165 iva=0 tvs=90 tva=2 label=1
[CSV] d0=-4 d1=-4 d2=-4 d3=-4 d4=-17 d5=30 d6=-19 d7=139 d8=64 d9=72 v=192 a=107 ax=-23 ay=0 az=280 amb=896 spad=100 ivs=165 iva=0 tvs=0 tva=3 label=1
[CSV] d0=-4 d1=-4 d2=-4 d3=-4 d4=-4 d5=-17 d6=30 d7=-19 d8=139 d9=64 v=192 a=107 ax=-23 ay=-1 az=281 amb=896 spad=100 ivs=165 iva=0 tvs=0 tva=4 label=1
[CSV] d0=-243 d1=-4 d2=-4 d3=-4 d4=-4 d5=-4 d6=-17 d7=30 d8=-19 d9=139 v=220 a=24 ax=-23 ay=0 az=281 amb=896 spad=86 ivs=165 iva=0 tvs=165 tva=0 label=1
[CSV] d0=-243 d1=-243 d2=-4 d3=-4 d4=-4 d5=-4 d6=-4 d7=-17 d8=30 d9=-19 v=220 a=24 ax=-23 ay=0 az=280 amb=896 spad=86 ivs=165 iva=0 tvs=90 tva=1 label=1
[CSV] d0=-243 d1=-243 d2=-243 d3=-4 d4=-4 d5=-4 d6=-4 d7=-4 d8=-17 d9=30 v=220 a=24 ax=-23 ay=0 az=281 amb=896 spad=86 ivs=165 iva=0 tvs=90 tva=2 label=1
[CSV] d0=-243 d1=-243 d2=-243 d3=-243 d4=-4 d5=-4 d6=-4 d7=-4 d8=-4 d9=-17 v=220 a=24 ax=-23 ay=0 az=279 amb=896 spad=86 ivs=165 iva=0 tvs=0 tva=3 label=1
[CSV] d0=-243 d1=-243 d2=-243 d3=-243 d4=-243 d5=-4 d6=-4 d7=-4 d8=-4 d9=-4 v=220 a=24 ax=-23 ay=0 az=280 amb=896 spad=86 ivs=165 iva=0 tvs=0 tva=4 label=1
[CSV] d0=-243 d1=-243 d2=-243 d3=-243 d4=-243 d5=-243 d6=-4 d7=-4 d8=-4 d9=-4 v=220 a=24 ax=-23 ay=0 az=280 amb=896 spad=86 ivs=165 iva=0 tvs=0 tva=5 label=1
[CSV] d0=-243 d1=-243 d2=-243 d3=-243 d4=-243 d5=-243 d6=-243 d7=-4 d8=-4 d9=-4 v=220 a=24 ax=-23 ay=0 az=281 amb=896 spad=86 ivs=165 iva=0 tvs=0 tva=6 label=1
[CSV] d0=-243 d1=-243 d2=-243 d3=-243 d4=-243 d5=-243 d6=-243 d7=-243 d8=-4 d9=-4 v=220 a=24 ax=-23 ay=0 az=281 amb=896 spad=86 ivs=165 iva=0 tvs=0 tva=7 label=1
[CSV] d0=-243 d1=-243 d2=-243 d3=-243 d4=-243 d5=-243 d6=-243 d7=-243 d8=-243 d9=-4 v=220 a=24 ax=-24 ay=0 az=280 amb=896 spad=86 ivs=165 iva=0 tvs=0 tva=8 label=1
[CSV] d0=-243 d1=-243 d2=-243 d3=-243 d4=-243 d5=-243 d6=-243 d7=-243 d8=-243 d9=-243 v=220 a=24 ax=-23 ay=0 az=281 amb=896 spad=86 ivs=165 iva=0 tvs=0 tva=9 label=1
[CSV] d0=-243 d1=-243 d2=-243 d3=-243 d4=-243 d5=-243 d6=-243 d7=-243 d8=-243 d9=-243 v=220 a=24 ax=-23 ay=-1 az=280 amb=896 spad=86 ivs=165 iva=0 tvs=0 tva=10 label=1
[CSV] d0=-243 d1=-243 d2=-243 d3=-243 d4=-243 d5=-243 d6=-243 d7=-243 d8=-243 d9=-243 v=220 a=24 ax=-23 ay=0 az=280 amb=896 spad=86 ivs=165 iva=0 tvs=0 tva=11 label=1
[CSV] d0=-243 d1=-243 d2=-243 d3=-243 d4=-243 d5=-243 d6=-243 d7=-243 d8=-243 d9=-243 v=220 a=24 ax=-24 ay=-1 az=280 amb=896 spad=86 ivs=165 iva=0 tvs=0 tva=12 label=1
[CSV] d0=-243 d1=-243 d2=-243 d3=-243 d4=-243 d5=-243 d6=-243 d7=-243 d8=-243 d9=-243 v=220 a=24 ax=-24 ay=0 az=281 amb=896 spad=86 ivs=165 iva=0 tvs=0 tva=13 label=1
[CSV] d0=-243 d1=-243 d2=-243 d3=-243 d4=-243 d5=-243 d6=-243 d7=-243 d8=-243 d9=-243 v=220 a=24 ax=-24 ay=0 az=281 amb=896 spad=86 ivs=165 iva=0 tvs=0 tva=14 label=0
[CSV] d0=-243 d1=-243 d2=-243 d3=-243 d4=-243 d5=-243 d6=-243 d7=-243 d8=-243 d9=-243 v=220 a=24 ax=-23 ay=0 az=281 amb=896 spad=86 ivs=165 iva=0 tvs=0 tva=15 label=0
[CSV] d0=-243 d1=-243 d2=-243 d3=-243 d4=-243 d5=-243 d6=-243 d7=-243 d8=-243 d9=-243 v=220 a=24 ax=-24 ay=0 az=280 amb=896 spad=86 ivs=165 iva=0 tvs=0 tva=16 label=0
[HB] up_ms=135852 frames=3667 inf=3667 hazard=1279 canary_err=0 q=0 qovr=0
[I2C] init=0 gate=0 whoami=0x140e0 wr=0 wrseen=0x27 addr=0x5a ok=24804 err=0 tmo=0 recov=1 pclk1=200000000 sysclk=400000[CSV] d0=-243 d1=-243 d2=-243 d3=-243 d4=-243 d5=-243 d6=-243 d7=-243 d8=-243 d9=-243 v=220 a=24 ax=-23 ay=0 az=280 amb=896 spad=86 ivs=165 iva=0 tvs=0 tva=17 label=0
000
[NAK] nacks=0
[CLK] cpu=800000000 sysb=400000000 pclk1=200000000
[TOF] res=0 step=0 id=0xeacc blk=0xeacc10 ctl=0x0
[RNG] init=0 step=99 id=0xeacc boot=1 calls=93 xerr=0 dm=1 tb=15
[RNG] osc=41 imp=881 imprb=881 mstart=0x40 cfg=91 cfgfail=0x0 vhv=0 vpolls[CSV] d0=-243 d1=-243 d2=-243 d3=-243 d4=-243 d5=-243 d6=-243 d7=-243 d8=-243 d9=-243 v=220 a=24 ax=-23 ay=0 az=280 amb=896 spad=86 ivs=165 iva=0 tvs=0 tva=18 label=0
=0
[PRT] calls=14789 xerr=0 ler=1 lidx=0x0 perr=0 maxcnt=17 addr8=0x52
[RTY] wr=0 wmax=0 wref=0  rd=0 rmax=0 rref=0
[RNG] frames=2835 last=733 min=2 max=794 nrdy=0 dxfer=0 dstat=834 lst=7 nrdyerr=0 dclr=0
[DRV] init=0 id=7 mode=0x1 lib=0x2 seq=0x1 odc=0x8b st[CSV] d0=-243 d1=-243 d2=-243 d3=-243 d4=-243 d5=-243 d6=-243 d7=-243 d8=-243 d9=-243 v=220 a=24 ax=-23 ay=0 az=280 amb=896 spad=86 ivs=165 iva=0 tvs=0 tva=19 label=0
s=0xe0 armed=1
[TRG] pulses=224 suppressed=1055 cyc=1600 rst=1 rstmode=0x40
[HLT] polls=73 faults=0x0 cfglost=0 rearm=0 rearmfail=0
[EFF] n=5 last=58476 min=58476 max=58594 late=0 stuck=0 rderr=0
[IMU] init=0 addr=0x68 who=0x68 rst=1 pmrb0=0x40 pmrb=0x1 sr=19[CSV] d0=-243 d1=-243 d2=-243 d3=-243 d4=-243 d5=-243 d6=-243 d7=-243 d8=-243 d9=-243 v=220 a=24 ax=-23 ay=0 az=280 amb=896 spad=86 ivs=165 iva=0 tvs=0 tva=20 label=0
 cfg=4 gcfg=0x0 acfg=0x8 icfg=0x30 ien=0x1 armed=1
[ACC] reads=3671 stale=3664 rderr=0 ax=-94 ay=-2 az=1126
[PWR] pm=0x1 drift=0 rderr=0
[DWT] ok=1 cyc=1281893690 cyc_per_ms=801596
[CSV] d0=-243 d1=-243 d2=-243 d3=-243 d4=-243 d5=-243 d6=-243 d7=-243 d8=-243 d9=-243 v=220 a=24 ax=-23 ay=0 az=281 amb=896 spad=86 ivs=165 iva=0 tvs=0 tva=21 label=0
[CSV] d0=-243 d1=-243 d2=-243 d3=-243 d4=-243 d5=-243 d6=-243 d7=-243 d8=-243 d9=-243 v=220 a=24 ax=-24 ay=0 az=281 amb=896 spad=86 ivs=165 iva=0 tvs=0 tva=22 label=1
[CSV] d0=-243 d1=-243 d2=-243 d3=-243 d4=-243 d5=-243 d6=-243 d7=-243 d8=-243 d9=-243 v=220 a=24 ax=-24 ay=0 az=281 amb=896 spad=86 ivs=165 iva=0 tvs=0 tva=23 label=1
[CSV] d0=-243 d1=-243 d2=-243 d3=-243 d4=-243 d5=-243 d6=-243 d7=-243 d8=-243 d9=-243 v=220 a=24 ax=-24 ay=0 az=281 amb=896 spad=86 ivs=165 iva=0 tvs=0 tva=24 label=1
[CSV] d0=-243 d1=-243 d2=-243 d3=-243 d4=-243 d5=-243 d6=-243 d7=-243 d8=-243 d9=-243 v=220 a=24 ax=-24 ay=0 az=281 amb=896 spad=86 ivs=165 iva=0 tvs=0 tva=25 label=1
[CSV] d0=-88 d1=-243 d2=-243 d3=-243 d4=-243 d5=-243 d6=-243 d7=-243 d8=-243 d9=-243 v=16 a=-6 ax=-23 ay=0 az=281 amb=736 spad=110 ivs=165 iva=0 tvs=165 tva=0 label=1
[CSV] d0=-36 d1=-88 d2=-243 d3=-243 d4=-243 d5=-243 d6=-243 d7=-243 d8=-243 d9=-243 v=0 a=-8 ax=-23 ay=0 az=280 amb=1000 spad=92 ivs=165 iva=0 tvs=165 tva=0 label=1
[CSV] d0=-30 d1=-36 d2=-88 d3=-243 d4=-243 d5=-243 d6=-243 d7=-243 d8=-243 d9=-243 v=-12 a=-9 ax=-24 ay=0 az=280 amb=736 spad=116 ivs=165 iva=0 tvs=165 tva=0 label=1
[CSV] d0=86 d1=-30 d2=-36 d3=-88 d4=-243 d5=-243 d6=-243 d7=-243 d8=-243 d9=-243 v=-60 a=-12 ax=-24 ay=0 az=281 amb=928 spad=126 ivs=165 iva=0 tvs=165 tva=0 label=1
[CSV] d0=92 d1=86 d2=-30 d3=-36 d4=-88 d5=-243 d6=-243 d7=-243 d8=-243 d9=-243 v=-324 a=-99 ax=-24 ay=0 az=280 amb=832 spad=135 ivs=165 iva=0 tvs=165 tva=0 label=1
[CSV] d0=83 d1=92 d2=86 d3=-30 d4=-36 d5=-88 d6=-243 d7=-243 d8=-243 d9=-243 v=-240 a=-104 ax=-23 ay=0 az=280 amb=1000 spad=131 ivs=165 iva=0 tvs=165 tva=0 label=1
[CSV] d0=41 d1=83 d2=92 d3=86 d4=-30 d5=-36 d6=-88 d7=-243 d8=-243 d9=-243 v=-92 a=-44 ax=-23 ay=0 az=281 amb=928 spad=157 ivs=165 iva=0 tvs=165 tva=0 label=1
[CSV] d0=57 d1=41 d2=83 d3=92 d4=86 d5=-30 d6=-36 d7=-88 d8=-243 d9=-243 v=72 a=65 ax=-23 ay=0 az=281 amb=1000 spad=158 ivs=165 iva=0 tvs=165 tva=0 label=1
[CSV] d0=-16 d1=57 d2=41 d3=83 d4=92 d5=86 d6=-30 d7=-36 d8=-88 d9=-243 v=160 a=170 ax=-23 ay=-1 az=281 amb=800 spad=195 ivs=165 iva=0 tvs=165 tva=0 label=1
[CSV] d0=-70 d1=-16 d2=57 d3=41 d4=83 d5=92 d6=86 d7=-30 d8=-36 d9=-88 v=244 a=164 ax=-23 ay=0 az=280 amb=1000 spad=214 ivs=165 iva=0 tvs=165 tva=0 label=1
[CSV] d0=-136 d1=-70 d2=-16 d3=57 d4=41 d5=83 d6=92 d7=86 d8=-30 d9=-36 v=328 a=136 ax=-23 ay=0 az=280 amb=1000 spad=243 ivs=165 iva=0 tvs=165 tva=0 label=1
[CSV] d0=-163 d1=-136 d2=-70 d3=-16 d4=57 d5=41 d6=83 d7=92 d8=86 d9=-30 v=380 a=106 ax=-24 ay=-1 az=280 amb=608 spad=298 ivs=165 iva=0 tvs=165 tva=0 label=1
[CSV] d0=-192 d1=-163 d2=-136 d3=-70 d4=-16 d5=57 d6=41 d7=83 d8=92 d9=86 v=300 a=56 ax=-23 ay=0 az=280 amb=1000 spad=336 ivs=165 iva=0 tvs=165 tva=0 label=1
[CSV] d0=-280 d1=-192 d2=-163 d3=-136 d4=-70 d5=-16 d6=57 d7=41 d8=83 d9=92 v=320 a=16 ax=-23 ay=0 az=280 amb=896 spad=393 ivs=165 iva=0 tvs=165 tva=0 label=1
[CSV] d0=-336 d1=-280 d2=-192 d3=-163 d4=-136 d5=-70 d6=-16 d7=57 d8=41 d9=83 v=348 a=-2 ax=-23 ay=-1 az=281 amb=736 spad=521 ivs=165 iva=0 tvs=165 tva=0 label=1
[CSV] d0=-404 d1=-336 d2=-280 d3=-192 d4=-163 d5=-136 d6=-70 d7=-16 d8=57 d9=41 v=424 a=18 ax=-23 ay=0 az=280 amb=736 spad=661 ivs=165 iva=0 tvs=165 tva=0 label=1
[CSV] d0=-438 d1=-404 d2=-336 d3=-280 d4=-192 d5=-163 d6=-136 d7=-70 d8=-16 d9=57 v=416 a=45 ax=-23 ay=0 az=280 amb=960 spad=735 ivs=165 iva=0 tvs=165 tva=0 label=1
[CSV] d0=-505 d1=-438 d2=-404 d3=-336 d4=-280 d5=-192 d6=-163 d7=-136 d8=-70 d9=-16 v=376 a=24 ax=-24 ay=-1 az=281 amb=864 spad=857 ivs=165 iva=0 tvs=165 tva=0 label=1
[CSV] d0=-571 d1=-505 d2=-438 d3=-404 d4=-336 d5=-280 d6=-192 d7=-163 d8=-136 d9=-70 v=392 a=5 ax=-24 ay=0 az=281 amb=576 spad=851 ivs=165 iva=0 tvs=165 tva=0 label=1
[CSV] d0=-633 d1=-571 d2=-505 d3=-438 d4=-404 d5=-336 d6=-280 d7=-192 d8=-163 d9=-136 v=408 a=-7 ax=-24 ay=0 az=281 amb=320 spad=824 ivs=165 iva=0 tvs=165 tva=0 label=1
[CSV] d0=-686 d1=-633 d2=-571 d3=-505 d4=-438 d5=-404 d6=-336 d7=-280 d8=-192 d9=-163 v=432 a=8 ax=-23 ay=0 az=280 amb=416 spad=944 ivs=165 iva=0 tvs=165 tva=0 label=1
[CSV] d0=-713 d1=-686 d2=-633 d3=-571 d4=-505 d5=-438 d6=-404 d7=-336 d8=-280 d9=-192 v=368 a=3 ax=-23 ay=0 az=280 amb=96 spad=550 ivs=165 iva=0 tvs=165 tva=0 label=0
[CSV] d0=-768 d1=-713 d2=-686 d3=-633 d4=-571 d5=-505 d6=-438 d7=-404 d8=-336 d9=-280 v=328 a=-23 ax=-23 ay=0 az=280 amb=192 spad=838 ivs=165 iva=0 tvs=165 tva=0 label=0
[HB] up_ms=137022 frames=3699 inf=3699 hazard=1304 canary_err=0 q=0 qovr=0
[I2C] init=0 gate=0 whoami=0x140e0 wr=0 wrseen=0x27 addr=0x5a ok=24996 err=0 tmo=0 recov=1 pclk1=200000000 sysclk=400000000
[NAK] nacks=0
[CLK] cpu=800000000 sysb=400000000 pclk1=2[CSV] d0=-817 d1=-768 d2=-713 d3=-686 d4=-633 d5=-571 d6=-505 d7=-438 d8=-404 d9=-336 v=312 a=-41 ax=-23 ay=0 az=280 amb=160 spad=776 ivs=165 iva=0 tvs=165 tva=0 label=0
00000000
[TOF] res=