[HB] up_ms=358324 frames=16193 inf=16193 hazard=276 canary_err=0 q=0 qovr=0
[I2C] init=0 gate=0 whoami=0x140e0 wr=0 wrseen=0x27 addr=0x5a ok=100531 err=1 tmo=0 recov=0 pclk1=200000000 sysclk=400000000
[NAK] nacks=1
[CLK] cpu=800000000 sysb=400000000 pclk1=200000000
[TOF] res=0 step=0 id=0xeacc blk=0xeacc10 ctl=0x0
[RNG] init=0 step=99 id=0xeacc boot=1 calls=93 xerr=0 dm=1 tb=15
[RNG] osc=41 imp=881 imprb=881 mstart=0x40 cfg=91 cfgfail=0x0 vhv=0 vpolls=0
[PRT] calls=64889 xerr=0 ler=1 lidx=0x0 perr=0 maxcnt=17 addr8=0x52
[RTY] wr=0 wmax=0 wref=0  rd=0 rmax=0 rref=0
[RNG] frames=16195 last=40 min=12 max=159 nrdy=0 dxfer=0 dstat=0 lst=0 nrdyerr=0 dclr=0
[DRV] init=0 id=7 mode=0x1 lib=0x2 seq=0x1 odc=0x8b sts=0xe0 armed=1
[TRG] pulses=195 suppressed=81 cyc=1600 rst=1 rstmode=0x40
[HLT] polls=323 faults=0x0 cfglost=0
[EFF] n=5 last=58555 min=58548 max=58555 late=0 stuck=0 rderr=0
[IMU] init=0 addr=0x68 who=0x68 rst=1 pmrb0=0x40 pmrb=0x1 sr=19 cfg=4 gcfg=0x0 acfg=0x8 icfg=0x30 ien=0x1 armed=1
[ACC] reads=16196 stale=16179 rderr=1 ax=54 ay=-20 az=1122
[PWR] pm=0x1 drift=0 rderr=0
[DWT] ok=1 cyc=3117403710 cyc_per_ms=799999
[HB] up_ms=359426 frames=16243 inf=16243 hazard=276 canary_err=0 q=0 qovr=0
[I2C] init=0 gate=0 whoami=0x140e0 wr=0 wrseen=0x27 addr=0x5a ok=100833 err=1 tmo=0 recov=0 pclk1=200000000 sysclk=400000000
[NAK] nacks=1
[CLK] cpu=800000000 sysb=400000000 pclk1=200000000
[TOF] res=0 step=0 id=0xeacc blk=0xeacc10 ctl=0x0
[RNG] init=0 step=99 id=0xeacc boot=1 calls=93 xerr=0 dm=1 tb=15
[RNG] osc=41 imp=881 imprb=881 mstart=0x40 cfg=91 cfgfail=0x0 vhv=0 vpolls=0
[PRT] calls=65089 xerr=0 ler=1 lidx=0x0 perr=0 maxcnt=17 addr8=0x52
[RTY] wr=0 wmax=0 wref=0  rd=0 rmax=0 rref=0
[RNG] frames=16245 last=53 min=12 max=159 nrdy=0 dxfer=0 dstat=0 lst=0 nrdyerr=0 dclr=0
[DRV] init=0 id=7 mode=0x1 lib=0x2 seq=0x1 odc=0x8b sts=0xe0 armed=1
[TRG] pulses=195 suppressed=81 cyc=1600 rst=1 rstmode=0x40
[HLT] polls=324 faults=0x0 cfglost=0
[EFF] n=5 last=58555 min=58548 max=58555 late=0 stuck=0 rderr=0
[IMU] init=0 addr=0x68 who=0x68 rst=1 pmrb0=0x40 pmrb=0x1 sr=19 cfg=4 gcfg=0x0 acfg=0x8 icfg=0x30 ien=0x1 armed=1
[ACC] reads=16245 stale=16228 rderr=1 ax=56 ay=-21 az=1119
[PWR] pm=0x1 drift=0 rderr=0
[DWT] ok=1 cyc=3999003746 cyc_per_ms=800000
[HB] up_ms=360528 frames=16292 inf=16292 hazard=277 canary_err=0 q=0 qovr=0
[I2C] init=0 gate=0 whoami=0x140e0 wr=0 wrseen=0x27 addr=0x5a ok=101135 err=1 tmo=0 recov=0 pclk1=200000000 sysclk=400000000
[NAK] nacks=1
[CLK] cpu=800000000 sysb=400000000 pclk1=200000000
[TOF] res=0 step=0 id=0xeacc blk=0xeacc10 ctl=0x0
[RNG] init=0 step=99 id=0xeacc boot=1 calls=93 xerr=0 dm=1 tb=15
[RNG] osc=41 imp=881 imprb=881 mstart=0x40 cfg=91 cfgfail=0x0 vhv=0 vpolls=0
[PRT] calls=65289 xerr=0 ler=1 lidx=0x0 perr=0 maxcnt=17 addr8=0x52
[RTY] wr=0 wmax=0 wref=0  rd=0 rmax=0 rref=0
[RNG] frames=16295 last=43 min=12 max=159 nrdy=0 dxfer=0 dstat=0 lst=0 nrdyerr=0 dclr=0
[DRV] init=0 id=7 mode=0x1 lib=0x2 seq=0x1 odc=0x8b sts=0xe0 armed=1
[TRG] pulses=196 suppressed=81 cyc=1600 rst=1 rstmode=0x40
[HLT] polls=325 faults=0x0 cfglost=0
[EFF] n=5 last=58555 min=58548 max=58555 late=0 stuck=0 rderr=0
[IMU] init=0 addr=0x68 who=0x68 rst=1 pmrb0=0x40 pmrb=0x1 sr=19 cfg=4 gcfg=0x0 acfg=0x8 icfg=0x30 ien=0x1 armed=1
[ACC] reads=16295 stale=16278 rderr=1 ax=55 ay=-22 az=1123
[PWR] pm=0x1 drift=0 rderr=0
[DWT] ok=1 cyc=585772242 cyc_per_ms=800123
[HB] up_ms=361630 frames=16342 inf=16342 hazard=278 canary_err=0 q=0 qovr=0
[I2C] init=0 gate=0 whoami=0x140e0 wr=0 wrseen=0x27 addr=0x5a ok=101437 err=1 tmo=0 recov=0 pclk1=200000000 sysclk=400000000
[NAK] nacks=1
[CLK] cpu=800000000 sysb=400000000 pclk1=200000000
[TOF] res=0 step=0 id=0xeacc blk=0xeacc10 ctl=0x0
[RNG] init=0 step=99 id=0xeacc boot=1 calls=93 xerr=0 dm=1 tb=15
[RNG] osc=41 imp=881 imprb=881 mstart=0x40 cfg=91 cfgfail=0x0 vhv=0 vpolls=0
[PRT] calls=65489 xerr=0 ler=1 lidx=0x0 perr=0 maxcnt=17 addr8=0x52
[RTY] wr=0 wmax=0 wref=0  rd=0 rmax=0 rref=0
[RNG] frames=16345 last=50 min=12 max=159 nrdy=0 dxfer=0 dstat=0 lst=0 nrdyerr=0 dclr=0
[DRV] init=0 id=7 mode=0x1 lib=0x2 seq=0x1 odc=0x8b sts=0xe0 armed=1
[TRG] pulses=197 suppressed=81 cyc=1600 rst=1 rstmode=0x40
[HLT] polls=326 faults=0x0 cfglost=0
[EFF] n=5 last=58555 min=58548 max=58555 late=0 stuck=0 rderr=0
[IMU] init=0 addr=0x68 who=0x68 rst=1 pmrb0=0x40 pmrb=0x1 sr=19 cfg=4 gcfg=0x0 acfg=0x8 icfg=0x30 ien=0x1 armed=1
[ACC] reads=16345 stale=16328 rderr=1 ax=53 ay=-20 az=1121
[PWR] pm=0x1 drift=0 rderr=0
[DWT] ok=1 cyc=1467373118 cyc_per_ms=800000
[HB] up_ms=362732 frames=16392 inf=16392 hazard=278 canary_err=0 q=0 qovr=0
[I2C] init=0 gate=0 whoami=0x140e0 wr=0 wrseen=0x27 addr=0x5a ok=101735 err=1 tmo=0 recov=0 pclk1=200000000 sysclk=400000000
[NAK] nacks=1
[CLK] cpu=800000000 sysb=400000000 pclk1=200000000
[TOF] res=0 step=0 id=0xeacc blk=0xeacc10 ctl=0x0
[RNG] init=0 step=99 id=0xeacc boot=1 calls=93 xerr=0 dm=1 tb=15
[RNG] osc=41 imp=881 imprb=881 mstart=0x40 cfg=91 cfgfail=0x0 vhv=0 vpolls=0
[PRT] calls=65689 xerr=0 ler=1 lidx=0x0 perr=0 maxcnt=17 addr8=0x52
[RTY] wr=0 wmax=0 wref=0  rd=0 rmax=0 rref=0
[RNG] frames=16394 last=47 min=12 max=159 nrdy=0 dxfer=0 dstat=0 lst=0 nrdyerr=0 dclr=0
[DRV] init=0 id=7 mode=0x1 lib=0x2 seq=0x1 odc=0x8b sts=0xe0 armed=1
[TRG] pulses=197 suppressed=81 cyc=1600 rst=1 rstmode=0x40
[HLT] polls=327 faults=0x0 cfglost=0
[EFF] n=5 last=58555 min=58548 max=58555 late=0 stuck=0 rderr=0
[IMU] init=0 addr=0x68 who=0x68 rst=1 pmrb0=0x40 pmrb=0x1 sr=19 cfg=4 gcfg=0x0 acfg=0x8 icfg=0x30 ien=0x1 armed=1
[ACC] reads=16395 stale=16378 rderr=1 ax=54 ay=-19 az=1124
[PWR] pm=0x1 drift=0 rderr=0
[DWT] ok=1 cyc=2348836522 cyc_per_ms=799876
[HB] up_ms=363834 frames=16442 inf=16442 hazard=280 canary_err=0 q=0 qovr=0
[I2C] init=0 gate=0 whoami=0x140e0 wr=0 wrseen=0x27 addr=0x5a ok=102035 err=1 tmo=0 recov=0 pclk1=200000000 sysclk=400000000
[NAK] nacks=1
[CLK] cpu=800000000 sysb=400000000 pclk1=200000000
[TOF] res=0 step=0 id=0xeacc blk=0xeacc10 ctl=0x0
[RNG] init=0 step=99 id=0xeacc boot=1 calls=93 xerr=0 dm=1 tb=15
[RNG] osc=41 imp=881 imprb=881 mstart=0x40 cfg=91 cfgfail=0x0 vhv=0 vpolls=0
[PRT] calls=65889 xerr=0 ler=1 lidx=0x0 perr=0 maxcnt=17 addr8=0x52
[RTY] wr=0 wmax=0 wref=0  rd=0 rmax=0 rref=0
[RNG] frames=16444 last=42 min=12 max=159 nrdy=0 dxfer=0 dstat=0 lst=0 nrdyerr=0 dclr=0
[DRV] init=0 id=7 mode=0x1 lib=0x2 seq=0x1 odc=0x8b sts=0xe0 armed=1
[TRG] pulses=199 suppressed=81 cyc=1600 rst=1 rstmode=0x40
[HLT] polls=328 faults=0x0 cfglost=0
[EFF] n=5 last=58555 min=58548 max=58555 late=0 stuck=0 rderr=0
[IMU] init=0 addr=0x68 who=0x68 rst=1 pmrb0=0x40 pmrb=0x1 sr=19 cfg=4 gcfg=0x0 acfg=0x8 icfg=0x30 ien=0x1 armed=1
[ACC] reads=16445 stale=16428 rderr=1 ax=58 ay=-22 az=1119
[PWR] pm=0x1 drift=0 rderr=0
[DWT] ok=1 cyc=3230436582 cyc_per_ms=800000
[HB] up_ms=364936 frames=16492 inf=16492 hazard=280 canary_err=0 q=0 qovr=0
[I2C] init=0 gate=0 whoami=0x140e0 wr=0 wrseen=0x27 addr=0x5a ok=102337 err=1 tmo=0 recov=0 pclk1=200000000 sysclk=400000000
[NAK] nacks=1
[CLK] cpu=800000000 sysb=400000000 pclk1=200000000
[TOF] res=0 step=0 id=0xeacc blk=0xeacc10 ctl=0x0
[RNG] init=0 step=99 id=0xeacc boot=1 calls=93 xerr=0 dm=1 tb=15
[RNG] osc=41 imp=881 imprb=881 mstart=0x40 cfg=91 cfgfail=0x0 vhv=0 vpolls=0
[PRT] calls=66089 xerr=0 ler=1 lidx=0x0 perr=0 maxcnt=17 addr8=0x52
[RTY] wr=0 wmax=0 wref=0  rd=0 rmax=0 rref=0
[RNG] frames=16494 last=42 min=12 max=159 nrdy=0 dxfer=0 dstat=0 lst=0 nrdyerr=0 dclr=0
[DRV] init=0 id=7 mode=0x1 lib=0x2 seq=0x1 odc=0x8b sts=0xe0 armed=1
[TRG] pulses=199 suppressed=81 cyc=1600 rst=1 rstmode=0x40
[HLT] polls=329 faults=0x0 cfglost=0
[EFF] n=5 last=58555 min=58548 max=58555 late=0 stuck=0 rderr=0
[IMU] init=0 addr=0x68 who=0x68 rst=1 pmrb0=0x40 pmrb=0x1 sr=19 cfg=4 gcfg=0x0 acfg=0x8 icfg=0x30 ien=0x1 armed=1
[ACC] reads=16495 stale=16478 rderr=1 ax=56 ay=-19 az=1125
[PWR] pm=0x1 drift=0 rderr=0
[DWT] ok=1 cyc=4112036530 cyc_per_ms=799999
[HB] up_ms=366038 frames=16542 inf=16542 hazard=282 canary_err=0 q=0 qovr=0
[I2C] init=0 gate=0 whoami=0x140e0 wr=0 wrseen=0x27 addr=0x5a ok=102639 err=1 tmo=0 recov=0 pclk1=200000000 sysclk=400000000
[NAK] nacks=1
[CLK] cpu=800000000 sysb=400000000 pclk1=200000000
[TOF] res=0 step=0 id=0xeacc blk=0xeacc10 ctl=0x0
[RNG] init=0 step=99 id=0xeacc boot=1 calls=93 xerr=0 dm=1 tb=15
[RNG] osc=41 imp=881 imprb=881 mstart=0x40 cfg=91 cfgfail=0x0 vhv=0 vpolls=0
[PRT] calls=66289 xerr=0 ler=1 lidx=0x0 perr=0 maxcnt=17 addr8=0x52
[RTY] wr=0 wmax=0 wref=0  rd=0 rmax=0 rref=0
[RNG] frames=16544 last=39 min=12 max=159 nrdy=0 dxfer=0 dstat=0 lst=0 nrdyerr=0 dclr=0
[DRV] init=0 id=7 mode=0x1 lib=0x2 seq=0x1 odc=0x8b sts=0xe0 armed=1
[TRG] pulses=200 suppressed=82 cyc=1600 rst=1 rstmode=0x40
[HLT] polls=330 faults=0x0 cfglost=0
[EFF] n=5 last=58555 min=58548 max=58555 late=0 stuck=0 rderr=0
[IMU] init=0 addr=0x68 who=0x68 rst=1 pmrb0=0x40 pmrb=0x1 sr=19 cfg=4 gcfg=0x0 acfg=0x8 icfg=0x30 ien=0x1 armed=1
[ACC] reads=16545 stale=16528 rderr=1 ax=54 ay=-20 az=1122
[PWR] pm=0x1 drift=0 rderr=0
[DWT] ok=1 cyc=698669130 cyc_per_ms=799999
[HB] up_ms=367140 frames=16592 inf=16592 hazard=282 canary_err=0 q=0 qovr=0
[I2C] init=0 gate=0 whoami=0x140e0 wr=0 wrseen=0x27 addr=0x5a ok=102941 err=1 tmo=0 recov=0 pclk1=200000000 sysclk=400000000
[NAK] nacks=1
[CLK] cpu=800000000 sysb=400000000 pclk1=200000000
[TOF] res=0 step=0 id=0xeacc blk=0xeacc10 ctl=0x0
[RNG] init=0 step=99 id=0xeacc boot=1 calls=93 xerr=0 dm=1 tb=15
[RNG] osc=41 imp=881 imprb=881 mstart=0x40 cfg=91 cfgfail=0x0 vhv=0 vpolls=0
[PRT] calls=66489 xerr=0 ler=1 lidx=0x0 perr=0 maxcnt=17 addr8=0x52
[RTY] wr=0 wmax=0 wref=0  rd=0 rmax=0 rref=0
[RNG] frames=16594 last=41 min=12 max=159 nrdy=0 dxfer=0 dstat=0 lst=0 nrdyerr=0 dclr=0
[DRV] init=0 id=7 mode=0x1 lib=0x2 seq=0x1 odc=0x8b sts=0xe0 armed=1
[TRG] pulses=200 suppressed=82 cyc=1600 rst=1 rstmode=0x40
[HLT] polls=331 faults=0x0 cfglost=0
[EFF] n=5 last=58555 min=58548 max=58555 late=0 stuck=0 rderr=0
[IMU] init=0 addr=0x68 who=0x68 rst=1 pmrb0=0x40 pmrb=0x1 sr=19 cfg=4 gcfg=0x0 acfg=0x8 icfg=0x30 ien=0x1 armed=1
[ACC] reads=16595 stale=16578 rderr=1 ax=55 ay=-18 az=1123
[PWR] pm=0x1 drift=0 rderr=0
[DWT] ok=1 cyc=1580269222 cyc_per_ms=800000
[HB] up_ms=368242 frames=16642 inf=16642 hazard=282 canary_err=0 q=0 qovr=0
[I2C] init=0 gate=0 whoami=0x140e0 wr=0 wrseen=0x27 addr=0x5a ok=103243 err=1 tmo=0 recov=0 pclk1=200000000 sysclk=400000000
[NAK] nacks=1
[CLK] cpu=800000000 sysb=400000000 pclk1=200000000
[TOF] res=0 step=0 id=0xeacc blk=0xeacc10 ctl=0x0
[RNG] init=0 step=99 id=0xeacc boot=1 calls=93 xerr=0 dm=1 tb=15
[RNG] osc=41 imp=881 imprb=881 mstart=0x40 cfg=91 cfgfail=0x0 vhv=0 vpolls=0
[PRT] calls=66688 xerr=0 ler=1 lidx=0x0 perr=0 maxcnt=17 addr8=0x52
[RTY] wr=0 wmax=0 wref=0  rd=0 rmax=0 rref=0
[RNG] frames=16644 last=45 min=12 max=159 nrdy=0 dxfer=0 dstat=0 lst=0 nrdyerr=0 dclr=0
[DRV] init=0 id=7 mode=0x1 lib=0x2 seq=0x1 odc=0x8b sts=0xe0 armed=1
[TRG] pulses=200 suppressed=82 cyc=1600 rst=1 rstmode=0x40
[HLT] polls=332 faults=0x0 cfglost=0
[EFF] n=5 last=58555 min=58548 max=58555 late=0 stuck=0 rderr=0
[IMU] init=0 addr=0x68 who=0x68 rst=1 pmrb0=0x40 pmrb=0x1 sr=19 cfg=4 gcfg=0x0 acfg=0x8 icfg=0x30 ien=0x1 armed=1
[ACC] reads=16645 stale=16628 rderr=1 ax=55 ay=-18 az=1121
[PWR] pm=0x1 drift=0 rderr=0
[DWT] ok=1 cyc=2461869046 cyc_per_ms=799999
[HB] up_ms=369344 frames=16692 inf=16692 hazard=284 canary_err=0 q=0 qovr=0
[I2C] init=0 gate=0 whoami=0x140e0 wr=0 wrseen=0x27 addr=0x5a ok=103545 err=1 tmo=0 recov=0 pclk1=200000000 sysclk=400000000
[NAK] nacks=1
[CLK] cpu=800000000 sysb=400000000 pclk1=200000000
[TOF] res=0 step=0 id=0xeacc blk=0xeacc10 ctl=0x0
[RNG] init=0 step=99 id=0xeacc boot=1 calls=93 xerr=0 dm=1 tb=15
[RNG] osc=41 imp=881 imprb=881 mstart=0x40 cfg=91 cfgfail=0x0 vhv=0 vpolls=0
[PRT] calls=66885 xerr=0 ler=1 lidx=0x0 perr=0 maxcnt=17 addr8=0x52
[RTY] wr=0 wmax=0 wref=0  rd=0 rmax=0 rref=0
[RNG] frames=16694 last=43 min=12 max=159 nrdy=0 dxfer=0 dstat=0 lst=0 nrdyerr=0 dclr=0
[DRV] init=0 id=7 mode=0x1 lib=0x2 seq=0x1 odc=0x8b sts=0xe0 armed=1
[TRG] pulses=201 suppressed=83 cyc=1600 rst=1 rstmode=0x40
[HLT] polls=333 faults=0x0 cfglost=0
[EFF] n=5 last=58555 min=58548 max=58555 late=0 stuck=0 rderr=0
[IMU] init=0 addr=0x68 who=0x68 rst=1 pmrb0=0x40 pmrb=0x1 sr=19 cfg=4 gcfg=0x0 acfg=0x8 icfg=0x30 ien=0x1 armed=1
[ACC] reads=16694 stale=16678 rderr=1 ax=53 ay=-21 az=1122
[PWR] pm=0x1 drift=0 rderr=0
[DWT] ok=1 cyc=3343469114 cyc_per_ms=800000
[HB] up_ms=370446 frames=16741 inf=16741 hazard=285 canary_err=0 q=0 qovr=0
[I2C] init=0 gate=0 whoami=0x140e0 wr=0 wrseen=0x27 addr=0x5a ok=103847 err=1 tmo=0 recov=0 pclk1=200000000 sysclk=400000000
[NAK] nacks=1
[CLK] cpu=800000000 sysb=400000000 pclk1=200000000
[TOF] res=0 step=0 id=0xeacc blk=0xeacc10 ctl=0x0
[RNG] init=0 step=99 id=0xeacc boot=1 calls=93 xerr=0 dm=1 tb=15
[RNG] osc=41 imp=881 imprb=881 mstart=0x40 cfg=91 cfgfail=0x0 vhv=0 vpolls=0
[PRT] calls=67085 xerr=0 ler=1 lidx=0x0 perr=0 maxcnt=17 addr8=0x52
[RTY] wr=0 wmax=0 wref=0  rd=0 rmax=0 rref=0
[RNG] frames=16744 last=50 min=12 max=159 nrdy=0 dxfer=0 dstat=0 lst=0 nrdyerr=0 dclr=0
[DRV] init=0 id=7 mode=0x1 lib=0x2 seq=0x1 odc=0x8b sts=0xe0 armed=1
[TRG] pulses=202 suppressed=83 cyc=1600 rst=1 rstmode=0x40
[HLT] polls=334 faults=0x0 cfglost=0
[EFF] n=5 last=58555 min=58548 max=58555 late=0 stuck=0 rderr=0
[IMU] init=0 addr=0x68 who=0x68 rst=1 pmrb0=0x40 pmrb=0x1 sr=19 cfg=4 gcfg=0x0 acfg=0x8 icfg=0x30 ien=0x1 armed=1
[ACC] reads=16744 stale=16727 rderr=1 ax=55 ay=-20 az=1122
[PWR] pm=0x1 drift=0 rderr=0
[DWT] ok=1 cyc=4225109758 cyc_per_ms=800036
[HB] up_ms=371548 frames=16791 inf=16791 hazard=285 canary_err=0 q=0 qovr=0
[I2C] init=0 gate=0 whoami=0x140e0 wr=0 wrseen=0x27 addr=0x5a ok=104149 err=1 tmo=0 recov=0 pclk1=200000000 sysclk=400000000
[NAK] nacks=1
[CLK] cpu=800000000 sysb=400000000 pclk1=200000000
[TOF] res=0 step=0 id=0xeacc blk=0xeacc10 ctl=0x0
[RNG] init=0 step=99 id=0xeacc boot=1 calls=93 xerr=0 dm=1 tb=15
[RNG] osc=41 imp=881 imprb=881 mstart=0x40 cfg=91 cfgfail=0x0 vhv=0 vpolls=0
[PRT] calls=67285 xerr=0 ler=1 lidx=0x0 perr=0 maxcnt=17 addr8=0x52
[RTY] wr=0 wmax=0 wref=0  rd=0 rmax=0 rref=0
[RNG] frames=16794 last=48 min=12 max=159 nrdy=0 dxfer=0 dstat=0 lst=0 nrdyerr=0 dclr=0
[DRV] init=0 id=7 mode=0x1 lib=0x2 seq=0x1 odc=0x8b sts=0xe0 armed=1
[TRG] pulses=202 suppressed=83 cyc=1600 rst=1 rstmode=0x40
[HLT] polls=335 faults=0x0 cfglost=0
[EFF] n=5 last=58555 min=58548 max=58555 late=0 stuck=0 rderr=0
[IMU] init=0 addr=0x68 who=0x68 rst=1 pmrb0=0x40 pmrb=0x1 sr=19 cfg=4 gcfg=0x0 acfg=0x8 icfg=0x30 ien=0x1 armed=1
[ACC] reads=16794 stale=16777 rderr=1 ax=55 ay=-22 az=1127
[PWR] pm=0x1 drift=0 rderr=0
[DWT] ok=1 cyc=811838494 cyc_per_ms=800087
[HB] up_ms=372650 frames=16841 inf=16841 hazard=286 canary_err=0 q=0 qovr=0
[I2C] init=0 gate=0 whoami=0x140e0 wr=0 wrseen=0x27 addr=0x5a ok=104451 err=1 tmo=0 recov=0 pclk1=200000000 sysclk=400000000
[NAK] nacks=1
[CLK] cpu=800000000 sysb=400000000 pclk1=200000000
[TOF] res=0 step=0 id=0xeacc blk=0xeacc10 ctl=0x0
[RNG] init=0 step=99 id=0xeacc boot=1 calls=93 xerr=0 dm=1 tb=15
[RNG] osc=41 imp=881 imprb=881 mstart=0x40 cfg=91 cfgfail=0x0 vhv=0 vpolls=0
[PRT] calls=67485 xerr=0 ler=1 lidx=0x0 perr=0 maxcnt=17 addr8=0x52
[RTY] wr=0 wmax=0 wref=0  rd=0 rmax=0 rref=0
[RNG] frames=16843 last=45 min=12 max=159 nrdy=0 dxfer=0 dstat=0 lst=0 nrdyerr=0 dclr=0
[DRV] init=0 id=7 mode=0x1 lib=0x2 seq=0x1 odc=0x8b sts=0xe0 armed=1
[TRG] pulses=203 suppressed=83 cyc=1600 rst=1 rstmode=0x40
[HLT] polls=336 faults=0x0 cfglost=0
[EFF] n=5 last=58555 min=58548 max=58555 late=0 stuck=0 rderr=0
[IMU] init=0 addr=0x68 who=0x68 rst=1 pmrb0=0x40 pmrb=0x1 sr=19 cfg=4 gcfg=0x0 acfg=0x8 icfg=0x30 ien=0x1 armed=1
[ACC] reads=16844 stale=16827 rderr=1 ax=50 ay=-21 az=1123
[PWR] pm=0x1 drift=0 rderr=0
[DWT] ok=1 cyc=1693414206 cyc_per_ms=799977
[HB] up_ms=373752 frames=16891 inf=16891 hazard=286 canary_err=0 q=0 qovr=0
[I2C] init=0 gate=0 whoami=0x140e0 wr=0 wrseen=0x27 addr=0x5a ok=104747 err=1 tmo=0 recov=0 pclk1=200000000 sysclk=400000000
[NAK] nacks=1
[CLK] cpu=800000000 sysb=400000000 pclk1=200000000
[TOF] res=0 step=0 id=0xeacc blk=0xeacc10 ctl=0x0
[RNG] init=0 step=99 id=0xeacc boot=1 calls=93 xerr=0 dm=1 tb=15
[RNG] osc=41 imp=881 imprb=881 mstart=0x40 cfg=91 cfgfail=0x0 vhv=0 vpolls=0
[PRT] calls=67685 xerr=0 ler=1 lidx=0x0 perr=0 maxcnt=17 addr8=0x52
[RTY] wr=0 wmax=0 wref=0  rd=0 rmax=0 rref=0
[RNG] frames=16893 last=49 min=12 max=159 nrdy=0 dxfer=0 dstat=0 lst=0 nrdyerr=0 dclr=0
[DRV] init=0 id=7 mode=0x1 lib=0x2 seq=0x1 odc=0x8b sts=0xe0 armed=1
[TRG] pulses=203 suppressed=83 cyc=1600 rst=1 rstmode=0x40
[HLT] polls=337 faults=0x0 cfglost=0
[EFF] n=5 last=58555 min=58548 max=58555 late=0 stuck=0 rderr=0
[IMU] init=0 addr=0x68 who=0x68 rst=1 pmrb0=0x40 pmrb=0x1 sr=19 cfg=4 gcfg=0x0 acfg=0x8 icfg=0x30 ien=0x1 armed=1
[ACC] reads=16894 stale=16876 rderr=1 ax=50 ay=-20 az=1122
[PWR] pm=0x1 drift=0 rderr=0
[DWT] ok=1 cyc=2574901810 cyc_per_ms=799898
[HB] up_ms=374854 frames=16941 inf=16941 hazard=286 canary_err=0 q=0 qovr=0
[I2C] init=0 gate=0 whoami=0x140e0 wr=0 wrseen=0x27 addr=0x5a ok=105049 err=1 tmo=0 recov=0 pclk1=200000000 sysclk=400000000
[NAK] nacks=1
[CLK] cpu=800000000 sysb=400000000 pclk1=200000000
[TOF] res=0 step=0 id=0xeacc blk=0xeacc10 ctl=0x0
[RNG] init=0 step=99 id=0xeacc boot=1 calls=93 xerr=0 dm=1 tb=15
[RNG] osc=41 imp=881 imprb=881 mstart=0x40 cfg=91 cfgfail=0x0 vhv=0 vpolls=0
[PRT] calls=67885 xerr=0 ler=1 lidx=0x0 perr=0 maxcnt=17 addr8=0x52
[RTY] wr=0 wmax=0 wref=0  rd=0 rmax=0 rref=0
[RNG] frames=16943 last=34 min=12 max=159 nrdy=0 dxfer=0 dstat=0 lst=0 nrdyerr=0 dclr=0
[DRV] init=0 id=7 mode=0x1 lib=0x2 seq=0x1 odc=0x8b sts=0xe0 armed=1
[TRG] pulses=203 suppressed=83 cyc=1600 rst=1 rstmode=0x40
[HLT] polls=338 faults=0x0 cfglost=0
[EFF] n=5 last=58555 min=58548 max=58555 late=0 stuck=0 rderr=0
[IMU] init=0 addr=0x68 who=0x68 rst=1 pmrb0=0x40 pmrb=0x1 sr=19 cfg=4 gcfg=0x0 acfg=0x8 icfg=0x30 ien=0x1 armed=1
[ACC] reads=16944 stale=16926 rderr=1 ax=53 ay=-22 az=1125
[PWR] pm=0x1 drift=0 rderr=0
[DWT] ok=1 cyc=3456501778 cyc_per_ms=799999
[HB] up_ms=375956 frames=16991 inf=16991 hazard=286 canary_err=0 q=0 qovr=0
[I2C] init=0 gate=0 whoami=0x140e0 wr=0 wrseen=0x27 addr=0x5a ok=105351 err=1 tmo=0 recov=0 pclk1=200000000 sysclk=400000000
[NAK] nacks=1
[CLK] cpu=800000000 sysb=400000000 pclk1=200000000
[TOF] res=0 step=0 id=0xeacc blk=0xeacc10 ctl=0x0
[RNG] init=0 step=99 id=0xeacc boot=1 calls=93 xerr=0 dm=1 tb=15
[RNG] osc=41 imp=881 imprb=881 mstart=0x40 cfg=91 cfgfail=0x0 vhv=0 vpolls=0
[PRT] calls=68085 xerr=0 ler=1 lidx=0x0 perr=0 maxcnt=17 addr8=0x52
[RTY] wr=0 wmax=0 wref=0  rd=0 rmax=0 rref=0
[RNG] frames=16993 last=31 min=12 max=159 nrdy=0 dxfer=0 dstat=0 lst=0 nrdyerr=0 dclr=0
[DRV] init=0 id=7 mode=0x1 lib=0x2 seq=0x1 odc=0x8b sts=0xe0 armed=1
[TRG] pulses=203 suppressed=83 cyc=1600 rst=1 rstmode=0x40
[HLT] polls=339 faults=0x0 cfglost=0
[EFF] n=5 last=58555 min=58548 max=58555 late=0 stuck=0 rderr=0
[IMU] init=0 addr=0x68 who=0x68 rst=1 pmrb0=0x40 pmrb=0x1 sr=19 cfg=4 gcfg=0x0 acfg=0x8 icfg=0x30 ien=0x1 armed=1
[ACC] reads=16994 stale=16976 rderr=1 ax=55 ay=-20 az=1120
[PWR] pm=0x1 drift=0 rderr=0
[DWT] ok=1 cyc=43134502 cyc_per_ms=800000
[HB] up_ms=377058 frames=17041 inf=17041 hazard=287 canary_err=0 q=0 qovr=0
[I2C] init=0 gate=0 whoami=0x140e0 wr=0 wrseen=0x27 addr=0x5a ok=105653 err=1 tmo=0 recov=0 pclk1=200000000 sysclk=400000000
[NAK] nacks=1
[CLK] cpu=800000000 sysb=400000000 pclk1=200000000
[TOF] res=0 step=0 id=0xeacc blk=0xeacc10 ctl=0x0
[RNG] init=0 step=99 id=0xeacc boot=1 calls=93 xerr=0 dm=1 tb=15
[RNG] osc=41 imp=881 imprb=881 mstart=0x40 cfg=91 cfgfail=0x0 vhv=0 vpolls=0
[PRT] calls=68285 xerr=0 ler=1 lidx=0x0 perr=0 maxcnt=17 addr8=0x52
[RTY] wr=0 wmax=0 wref=0  rd=0 rmax=0 rref=0
[RNG] frames=17043 last=45 min=12 max=159 nrdy=0 dxfer=0 dstat=0 lst=0 nrdyerr=0 dclr=0
[DRV] init=0 id=7 mode=0x1 lib=0x2 seq=0x1 odc=0x8b sts=0xe0 armed=1
[TRG] pulses=204 suppressed=83 cyc=1600 rst=1 rstmode=0x40
[HLT] polls=340 faults=0x0 cfglost=0
[EFF] n=5 last=58555 min=58548 max=58555 late=0 stuck=0 rderr=0
[IMU] init=0 addr=0x68 who=0x68 rst=1 pmrb0=0x40 pmrb=0x1 sr=19 cfg=4 gcfg=0x0 acfg=0x8 icfg=0x30 ien=0x1 armed=1
[ACC] reads=17044 stale=17026 rderr=1 ax=54 ay=-20 az=1122
[PWR] pm=0x1 drift=0 rderr=0
[DWT] ok=1 cyc=924734526 cyc_per_ms=800000
[HB] up_ms=378160 frames=17091 inf=17091 hazard=288 canary_err=0 q=0 qovr=0
[I2C] init=0 gate=0 whoami=0x140e0 wr=0 wrseen=0x27 addr=0x5a ok=105955 err=1 tmo=0 recov=0 pclk1=200000000 sysclk=400000000
[NAK] nacks=1
[CLK] cpu=800000000 sysb=400000000 pclk1=200000000
[TOF] res=0 step=0 id=0xeacc blk=0xeacc10 ctl=0x0
[RNG] init=0 step=99 id=0xeacc boot=1 calls=93 xerr=0 dm=1 tb=15
[RNG] osc=41 imp=881 imprb=881 mstart=0x40 cfg=91 cfgfail=0x0 vhv=0 vpolls=0
[PRT] calls=68485 xerr=0 ler=1 lidx=0x0 perr=0 maxcnt=17 addr8=0x52
[RTY] wr=0 wmax=0 wref=0  rd=0 rmax=0 rref=0
[RNG] frames=17093 last=41 min=12 max=159 nrdy=0 dxfer=0 dstat=0 lst=0 nrdyerr=0 dclr=0
[DRV] init=0 id=7 mode=0x1 lib=0x2 seq=0x1 odc=0x8b sts=0xe0 armed=1
[TRG] pulses=206 suppressed=83 cyc=1600 rst=1 rstmode=0x40
[HLT] polls=341 faults=0x0 cfglost=0
[EFF] n=5 last=58555 min=58548 max=58555 late=0 stuck=0 rderr=0
[IMU] init=0 addr=0x68 who=0x68 rst=1 pmrb0=0x40 pmrb=0x1 sr=19 cfg=4 gcfg=0x0 acfg=0x8 icfg=0x30 ien=0x1 armed=1
[ACC] reads=17094 stale=17076 rderr=1 ax=54 ay=-19 az=1123
[PWR] pm=0x1 drift=0 rderr=0
[DWT] ok=1 cyc=1806338118 cyc_per_ms=800003
[HB] up_ms=379262 frames=17141 inf=17141 hazard=291 canary_err=0 q=0 qovr=0
[I2C] init=0 gate=0 whoami=0x140e0 wr=0 wrseen=0x27 addr=0x5a ok=106257 err=1 tmo=0 recov=0 pclk1=200000000 sysclk=400000000
[NAK] nacks=1
[CLK] cpu=800000000 sysb=400000000 pclk1=200000000
[TOF] res=0 step=0 id=0xeacc blk=0xeacc10 ctl=0x0
[RNG] init=0 step=99 id=0xeacc boot=1 calls=93 xerr=0 dm=1 tb=15
[RNG] osc=41 imp=881 imprb=881 mstart=0x40 cfg=91 cfgfail=0x0 vhv=0 vpolls=0
[PRT] calls=68681 xerr=0 ler=1 lidx=0x0 perr=0 maxcnt=17 addr8=0x52
[RTY] wr=0 wmax=0 wref=0  rd=0 rmax=0 rref=0
[RNG] frames=17143 last=41 min=12 max=159 nrdy=0 dxfer=0 dstat=0 lst=0 nrdyerr=0 dclr=0
[DRV] init=0 id=7 mode=0x1 lib=0x2 seq=0x1 odc=0x8b sts=0xe0 armed=1
[TRG] pulses=207 suppressed=84 cyc=1600 rst=1 rstmode=0x40
[HLT] polls=342 faults=0x0 cfglost=0
[EFF] n=5 last=58555 min=58548 max=58555 late=0 stuck=0 rderr=0
[IMU] init=0 addr=0x68 who=0x68 rst=1 pmrb0=0x40 pmrb=0x1 sr=19 cfg=4 gcfg=0x0 acfg=0x8 icfg=0x30 ien=0x1 armed=1
[ACC] reads=17144 stale=17126 rderr=1 ax=56 ay=-21 az=1122
[PWR] pm=0x1 drift=0 rderr=0
[DWT] ok=1 cyc=2687934530 cyc_per_ms=799996
[HB] up_ms=380364 frames=17191 inf=17191 hazard=292 canary_err=0 q=0 qovr=0
[I2C] init=0 gate=0 whoami=0x140e0 wr=0 wrseen=0x27 addr=0x5a ok=106559 err=1 tmo=0 recov=0 pclk1=200000000 sysclk=400000000
[NAK] nacks=1
[CLK] cpu=800000000 sysb=400000000 pclk1=200000000
[TOF] res=0 step=0 id=0xeacc blk=0xeacc10 ctl=0x0
[RNG] init=0 step=99 id=0xeacc boot=1 calls=93 xerr=0 dm=1 tb=15
[RNG] osc=41 imp=881 imprb=881 mstart=0x40 cfg=91 cfgfail=0x0 vhv=0 vpolls=0
[PRT] calls=68881 xerr=0 ler=1 lidx=0x0 perr=0 maxcnt=17 addr8=0x52
[RTY] wr=0 wmax=0 wref=0  rd=0 rmax=0 rref=0
[RNG] frames=17193 last=41 min=12 max=159 nrdy=0 dxfer=0 dstat=0 lst=0 nrdyerr=0 dclr=0
[DRV] init=0 id=7 mode=0x1 lib=0x2 seq=0x1 odc=0x8b sts=0xe0 armed=1
[TRG] pulses=208 suppressed=84 cyc=1600 rst=1 rstmode=0x40
[HLT] polls=343 faults=0x0 cfglost=0
[EFF] n=5 last=58555 min=58548 max=58555 late=0 stuck=0 rderr=0
[IMU] init=0 addr=0x68 who=0x68 rst=1 pmrb0=0x40 pmrb=0x1 sr=19 cfg=4 gcfg=0x0 acfg=0x8 icfg=0x30 ien=0x1 armed=1
[ACC] reads=17193 stale=17175 rderr=1 ax=58 ay=-19 az=1126
[PWR] pm=0x1 drift=0 rderr=0
[DWT] ok=1 cyc=3569534522 cyc_per_ms=799999
[HB] up_ms=381466 frames=17240 inf=17240 hazard=293 canary_err=0 q=0 qovr=0
[I2C] init=0 gate=0 whoami=0x140e0 wr=0 wrseen=0x27 addr=0x5a ok=106861 err=1 tmo=0 recov=0 pclk1=200000000 sysclk=400000000
[NAK] nacks=1
[CLK] cpu=800000000 sysb=400000000 pclk1=200000000
[TOF] res=0 step=0 id=0xeacc blk=0xeacc10 ctl=0x0
[RNG] init=0 step=99 id=0xeacc boot=1 calls=93 xerr=0 dm=1 tb=15
[RNG] osc=41 imp=881 imprb=881 mstart=0x40 cfg=91 cfgfail=0x0 vhv=0 vpolls=0
[PRT] calls=69081 xerr=0 ler=1 lidx=0x0 perr=0 maxcnt=17 addr8=0x52
[RTY] wr=0 wmax=0 wref=0  rd=0 rmax=0 rref=0
[RNG] frames=17243 last=47 min=12 max=159 nrdy=0 dxfer=0 dstat=0 lst=0 nrdyerr=0 dclr=0
[DRV] init=0 id=7 mode=0x1 lib=0x2 seq=0x1 odc=0x8b sts=0xe0 armed=1
[TRG] pulses=209 suppressed=84 cyc=1600 rst=1 rstmode=0x40
[HLT] polls=344 faults=0x0 cfglost=0
[EFF] n=5 last=58555 min=58548 max=58555 late=0 stuck=0 rderr=0
[IMU] init=0 addr=0x68 who=0x68 rst=1 pmrb0=0x40 pmrb=0x1 sr=19 cfg=4 gcfg=0x0 acfg=0x8 icfg=0x30 ien=0x1 armed=1
[ACC] reads=17243 stale=17225 rderr=1 ax=54 ay=-19 az=1123
[PWR] pm=0x1 drift=0 rderr=0
[DWT] ok=1 cyc=156303098 cyc_per_ms=800123
[HB] up_ms=382568 frames=17290 inf=17290 hazard=295 canary_err=0 q=0 qovr=0
[I2C] init=0 gate=0 whoami=0x140e0 wr=0 wrseen=0x27 addr=0x5a ok=107163 err=1 tmo=0 recov=0 pclk1=200000000 sysclk=400000000
[NAK] nacks=1
[CLK] cpu=800000000 sysb=400000000 pclk1=200000000
[TOF] res=0 step=0 id=0xeacc blk=0xeacc10 ctl=0x0
[RNG] init=0 step=99 id=0xeacc boot=1 calls=93 xerr=0 dm=1 tb=15
[RNG] osc=41 imp=881 imprb=881 mstart=0x40 cfg=91 cfgfail=0x0 vhv=0 vpolls=0
[PRT] calls=69281 xerr=0 ler=1 lidx=0x0 perr=0 maxcnt=17 addr8=0x52
[RTY] wr=0 wmax=0 wref=0  rd=0 rmax=0 rref=0
[RNG] frames=17293 last=37 min=12 max=159 nrdy=0 dxfer=0 dstat=0 lst=0 nrdyerr=0 dclr=0
[DRV] init=0 id=7 mode=0x1 lib=0x2 seq=0x1 odc=0x8b sts=0xe0 armed=1
[TRG] pulses=210 suppressed=85 cyc=1600 rst=1 rstmode=0x40
[HLT] polls=345 faults=0x0 cfglost=0
[EFF] n=5 last=58555 min=58548 max=58555 late=0 stuck=0 rderr=0
[IMU] init=0 addr=0x68 who=0x68 rst=1 pmrb0=0x40 pmrb=0x1 sr=19 cfg=4 gcfg=0x0 acfg=0x8 icfg=0x30 ien=0x1 armed=1
[ACC] reads=17293 stale=17274 rderr=1 ax=55 ay=-19 az=1121
[PWR] pm=0x1 drift=0 rderr=0
[DWT] ok=1 cyc=1037903890 cyc_per_ms=800000
[HB] up_ms=383670 frames=17340 inf=17340 hazard=295 canary_err=0 q=0 qovr=0
[I2C] init=0 gate=0 whoami=0x140e0 wr=0 wrseen=0x27 addr=0x5a ok=107461 err=1 tmo=0 recov=0 pclk1=200000000 sysclk=400000000
[NAK] nacks=1
[CLK] cpu=800000000 sysb=400000000 pclk1=200000000
[TOF] res=0 step=0 id=0xeacc blk=0xeacc10 ctl=0x0
[RNG] init=0 step=99 id=0xeacc boot=1 calls=93 xerr=0 dm=1 tb=15
[RNG] osc=41 imp=881 imprb=881 mstart=0x40 cfg=91 cfgfail=0x0 vhv=0 vpolls=0
[PRT] calls=69481 xerr=0 ler=1 lidx=0x0 perr=0 maxcnt=17 addr8=0x52
[RTY] wr=0 wmax=0 wref=0  rd=0 rmax=0 rref=0
[RNG] frames=17342 last=35 min=12 max=159 nrdy=0 dxfer=0 dstat=0 lst=0 nrdyerr=0 dclr=0
[DRV] init=0 id=7 mode=0x1 lib=0x2 seq=0x1 odc=0x8b sts=0xe0 armed=1
[TRG] pulses=210 suppressed=85 cyc=1600 rst=1 rstmode=0x40
[HLT] polls=346 faults=0x0 cfglost=0
[EFF] n=5 last=58555 min=58548 max=58555 late=0 stuck=0 rderr=0
[IMU] init=0 addr=0x68 who=0x68 rst=1 pmrb0=0x40 pmrb=0x1 sr=19 cfg=4 gcfg=0x0 acfg=0x8 icfg=0x30 ien=0x1 armed=1
[ACC] reads=17343 stale=17324 rderr=1 ax=53 ay=-21 az=1122
[PWR] pm=0x1 drift=0 rderr=0
[DWT] ok=1 cyc=1919367278 cyc_per_ms=799876
[HB] up_ms=384772 frames=17390 inf=17390 hazard=296 canary_err=0 q=0 qovr=0
[I2C] init=0 gate=0 whoami=0x140e0 wr=0 wrseen=0x27 addr=0x5a ok=107761 err=1 tmo=0 recov=0 pclk1=200000000 sysclk=400000000
[NAK] nacks=1
[CLK] cpu=800000000 sysb=400000000 pclk1=200000000
[TOF] res=0 step=0 id=0xeacc blk=0xeacc10 ctl=0x0
[RNG] init=0 step=99 id=0xeacc boot=1 calls=93 xerr=0 dm=1 tb=15
[RNG] osc=41 imp=881 imprb=881 mstart=0x40 cfg=91 cfgfail=0x0 vhv=0 vpolls=0
[PRT] calls=69681 xerr=0 ler=1 lidx=0x0 perr=0 maxcnt=17 addr8=0x52
[RTY] wr=0 wmax=0 wref=0  rd=0 rmax=0 rref=0
[RNG] frames=17392 last=52 min=12 max=159 nrdy=0 dxfer=0 dstat=0 lst=0 nrdyerr=0 dclr=0
[DRV] init=0 id=7 mode=0x1 lib=0x2 seq=0x1 odc=0x8b sts=0xe0 armed=1
[TRG] pulses=211 suppressed=85 cyc=1600 rst=1 rstmode=0x40
[HLT] polls=347 faults=0x0 cfglost=0
[EFF] n=5 last=58555 min=58548 max=58555 late=0 stuck=0 rderr=0
[IMU] init=0 addr=0x68 who=0x68 rst=1 pmrb0=0x40 pmrb=0x1 sr=19 cfg=4 gcfg=0x0 acfg=0x8 icfg=0x30 ien=0x1 armed=1
[ACC] reads=17393 stale=17374 rderr=1 ax=55 ay=-20 az=1122
[PWR] pm=0x1 drift=0 rderr=0
[DWT] ok=1 cyc=2800967378 cyc_per_ms=800000
[HB] up_ms=385874 frames=17440 inf=17440 hazard=299 canary_err=0 q=0 qovr=0
[I2C] init=0 gate=0 whoami=0x140e0 wr=0 wrseen=0x27 addr=0x5a ok=108063 err=1 tmo=0 recov=0 pclk1=200000000 sysclk=400000000
[NAK] nacks=1
[CLK] cpu=800000000 sysb=400000000 pclk1=200000000
[TOF] res=0 step=0 id=0xeacc blk=0xeacc10 ctl=0x0
[RNG] init=0 step=99 id=0xeacc boot=1 calls=93 xerr=0 dm=1 tb=15
[RNG] osc=41 imp=881 imprb=881 mstart=0x40 cfg=91 cfgfail=0x0 vhv=0 vpolls=0
[PRT] calls=69881 xerr=0 ler=1 lidx=0x0 perr=0 maxcnt=17 addr8=0x52
[RTY] wr=0 wmax=0 wref=0  rd=0 rmax=0 rref=0
[RNG] frames=17442 last=30 min=12 max=159 nrdy=0 dxfer=0 dstat=0 lst=0 nrdyerr=0 dclr=0
[DRV] init=0 id=7 mode=0x1 lib=0x2 seq=0x1 odc=0x8b sts=0xe0 armed=1
[TRG] pulses=213 suppressed=86 cyc=1600 rst=1 rstmode=0x40
[HLT] polls=348 faults=0x0 cfglost=0
[EFF] n=5 last=58555 min=58548 max=58555 late=0 stuck=0 rderr=0
[IMU] init=0 addr=0x68 who=0x68 rst=1 pmrb0=0x40 pmrb=0x1 sr=19 cfg=4 gcfg=0x0 acfg=0x8 icfg=0x30 ien=0x1 armed=1
[ACC] reads=17443 stale=17423 rderr=1 ax=56 ay=-21 az=1123
[PWR] pm=0x1 drift=0 rderr=0
[DWT] ok=1 cyc=3682567314 cyc_per_ms=799999
[HB] up_ms=386976 frames=17490 inf=17490 hazard=299 canary_err=0 q=0 qovr=0
[I2C] init=0 gate=0 whoami=0x140e0 wr=0 wrseen=0x27 addr=0x5a ok=108365 err=1 tmo=0 recov=0 pclk1=200000000 sysclk=400000000
[NAK] nacks=1
[CLK] cpu=800000000 sysb=400000000 pclk1=200000000
[TOF] res=0 step=0 id=0xeacc blk=0xeacc10 ctl=0x0
[RNG] init=0 step=99 id=0xeacc boot=1 calls=93 xerr=0 dm=1 tb=15
[RNG] osc=41 imp=881 imprb=881 mstart=0x40 cfg=91 cfgfail=0x0 vhv=0 vpolls=0
[PRT] calls=70081 xerr=0 ler=1 lidx=0x0 perr=0 maxcnt=17 addr8=0x52
[RTY] wr=0 wmax=0 wref=0  rd=0 rmax=0 rref=0
[RNG] frames=17492 last=37 min=12 max=159 nrdy=0 dxfer=0 dstat=0 lst=0 nrdyerr=0 dclr=0
[DRV] init=0 id=7 mode=0x1 lib=0x2 seq=0x1 odc=0x8b sts=0xe0 armed=1
[TRG] pulses=213 suppressed=86 cyc=1600 rst=1 rstmode=0x40
[HLT] polls=349 faults=0x0 cfglost=0
[EFF] n=5 last=58555 min=58548 max=58555 late=0 stuck=0 rderr=0
[IMU] init=0 addr=0x68 who=0x68 rst=1 pmrb0=0x40 pmrb=0x1 sr=19 cfg=4 gcfg=0x0 acfg=0x8 icfg=0x30 ien=0x1 armed=1
[ACC] reads=17493 stale=17473 rderr=1 ax=54 ay=-19 az=1126
[PWR] pm=0x1 drift=0 rderr=0
[DWT] ok=1 cyc=269199934 cyc_per_ms=799999
[HB] up_ms=388078 frames=17540 inf=17540 hazard=302 canary_err=0 q=0 qovr=0
[I2C] init=0 gate=0 whoami=0x140e0 wr=0 wrseen=0x27 addr=0x5a ok=108667 err=1 tmo=0 recov=0 pclk1=200000000 sysclk=400000000
[NAK] nacks=1
[CLK] cpu=800000000 sysb=400000000 pclk1=200000000
[TOF] res=0 step=0 id=0xeacc blk=0xeacc10 ctl=0x0
[RNG] init=0 step=99 id=0xeacc boot=1 calls=93 xerr=0 dm=1 tb=15
[RNG] osc=41 imp=881 imprb=881 mstart=0x40 cfg=91 cfgfail=0x0 vhv=0 vpolls=0
[PRT] calls=70281 xerr=0 ler=1 lidx=0x0 perr=0 maxcnt=17 addr8=0x52
[RTY] wr=0 wmax=0 wref=0  rd=0 rmax=0 rref=0
[RNG] frames=17542 last=35 min=12 max=159 nrdy=0 dxfer=0 dstat=0 lst=0 nrdyerr=0 dclr=0
[DRV] init=0 id=7 mode=0x1 lib=0x2 seq=0x1 odc=0x8b sts=0xe0 armed=1
[TRG] pulses=214 suppressed=88 cyc=1600 rst=1 rstmode=0x40
[HLT] polls=350 faults=0x0 cfglost=0
[EFF] n=5 last=58555 min=58548 max=58555 late=0 stuck=0 rderr=0
[IMU] init=0 addr=0x68 who=0x68 rst=1 pmrb0=0x40 pmrb=0x1 sr=19 cfg=4 gcfg=0x0 acfg=0x8 icfg=0x30 ien=0x1 armed=1
[ACC] reads=17543 stale=17523 rderr=1 ax=55 ay=-20 az=1122
[PWR] pm=0x1 drift=0 rderr=0
[DWT] ok=1 cyc=1150799978 cyc_per_ms=800000
[HB] up_ms=389180 frames=17590 inf=17590 hazard=303 canary_err=0 q=0 qovr=0
[I2C] init=0 gate=0 whoami=0x140e0 wr=0 wrseen=0x27 addr=0x5a ok=108969 err=1 tmo=0 recov=0 pclk1=200000000 sysclk=400000000
[NAK] nacks=1
[CLK] cpu=800000000 sysb=400000000 pclk1=200000000
[TOF] res=0 step=0 id=0xeacc blk=0xeacc10 ctl=0x0
[RNG] init=0 step=99 id=0xeacc boot=1 calls=93 xerr=0 dm=1 tb=15
[RNG] osc=41 imp=881 imprb=881 mstart=0x40 cfg=91 cfgfail=0x0 vhv=0 vpolls=0
[PRT] calls=70480 xerr=0 ler=1 lidx=0x0 perr=0 maxcnt=17 addr8=0x52
[RTY] wr=0 wmax=0 wref=0  rd=0 rmax=0 rref=0
[RNG] frames=17592 last=42 min=12 max=159 nrdy=0 dxfer=0 dstat=0 lst=0 nrdyerr=0 dclr=0
[DRV] init=0 id=7 mode=0x1 lib=0x2 seq=0x1 odc=0x8b sts=0xe0 armed=1
[TRG] pulses=215 suppressed=88 cyc=1600 rst=1 rstmode=0x40
[HLT] polls=351 faults=0x0 cfglost=0
[EFF] n=5 last=58555 min=58548 max=58555 late=0 stuck=0 rderr=0
[IMU] init=0 addr=0x68 who=0x68 rst=1 pmrb0=0x40 pmrb=0x1 sr=19 cfg=4 gcfg=0x0 acfg=0x8 icfg=0x30 ien=0x1 armed=1
[ACC] reads=17593 stale=17573 rderr=1 ax=55 ay=-21 az=1126
[PWR] pm=0x1 drift=0 rderr=0
[DWT] ok=1 cyc=2032399858 cyc_per_ms=799999
[HB] up_ms=390282 frames=17640 inf=17640 hazard=303 canary_err=0 q=0 qovr=0
[I2C] init=0 gate=0 whoami=0x140e0 wr=0 wrseen=0x27 addr=0x5a ok=109271 err=1 tmo=0 recov=0 pclk1=200000000 sysclk=400000000
[NAK] nacks=1
[CLK] cpu=800000000 sysb=400000000 pclk1=200000000
[TOF] res=0 step=0 id=0xeacc blk=0xeacc10 ctl=0x0
[RNG] init=0 step=99 id=0xeacc boot=1 calls=93 xerr=0 dm=1 tb=15
[RNG] osc=41 imp=881 imprb=881 mstart=0x40 cfg=91 cfgfail=0x0 vhv=0 vpolls=0
[PRT] calls=70677 xerr=0 ler=1 lidx=0x0 perr=0 maxcnt=17 addr8=0x52
[RTY] wr=0 wmax=0 wref=0  rd=0 rmax=0 rref=0
[RNG] frames=17642 last=38 min=12 max=159 nrdy=0 dxfer=0 dstat=0 lst=0 nrdyerr=0 dclr=0
[DRV] init=0 id=7 mode=0x1 lib=0x2 seq=0x1 odc=0x8b sts=0xe0 armed=1
[TRG] pulses=215 suppressed=88 cyc=1600 rst=1 rstmode=0x40
[HLT] polls=352 faults=0x0 cfglost=0
[EFF] n=5 last=58555 min=58548 max=58555 late=0 stuck=0 rderr=0
[IMU] init=0 addr=0x68 who=0x68 rst=1 pmrb0=0x40 pmrb=0x1 sr=19 cfg=4 gcfg=0x0 acfg=0x8 icfg=0x30 ien=0x1 armed=1
[ACC] reads=17642 stale=17623 rderr=1 ax=56 ay=-21 az=1124
[PWR] pm=0x1 drift=0 rderr=0
[DWT] ok=1 cyc=2913999926 cyc_per_ms=800000
[HB] up_ms=391384 frames=17689 inf=17689 hazard=303 canary_err=0 q=0 qovr=0
[I2C] init=0 gate=0 whoami=0x140e0 wr=0 wrseen=0x27 addr=0x5a ok=109573 err=1 tmo=0 recov=0 pclk1=200000000 sysclk=400000000
[NAK] nacks=1
[CLK] cpu=800000000 sysb=400000000 pclk1=200000000
[TOF] res=0 step=0 id=0xeacc blk=0xeacc10 ctl=0x0
[RNG] init=0 step=99 id=0xeacc boot=1 calls=93 xerr=0 dm=1 tb=15
[RNG] osc=41 imp=881 imprb=881 mstart=0x40 cfg=91 cfgfail=0x0 vhv=0 vpolls=0
[PRT] calls=70877 xerr=0 ler=1 lidx=0x0 perr=0 maxcnt=17 addr8=0x52
[RTY] wr=0 wmax=0 wref=0  rd=0 rmax=0 rref=0
[RNG] frames=17692 last=40 min=12 max=159 nrdy=0 dxfer=0 dstat=0 lst=0 nrdyerr=0 dclr=0
[DRV] init=0 id=7 mode=0x1 lib=0x2 seq=0x1 odc=0x8b sts=0xe0 armed=1
[TRG] pulses=215 suppressed=88 cyc=1600 rst=1 rstmode=0x40
[HLT] polls=353 faults=0x0 cfglost=0
[EFF] n=5 last=58555 min=58548 max=58555 late=0 stuck=0 rderr=0
[IMU] init=0 addr=0x68 who=0x68 rst=1 pmrb0=0x40 pmrb=0x1 sr=19 cfg=4 gcfg=0x0 acfg=0x8 icfg=0x30 ien=0x1 armed=1
[ACC] reads=17692 stale=17672 rderr=1 ax=55 ay=-20 az=1125
[PWR] pm=0x1 drift=0 rderr=0
[DWT] ok=1 cyc=3795640506 cyc_per_ms=800036
[HB] up_ms=392486 frames=17739 inf=17739 hazard=304 canary_err=0 q=0 qovr=0
[I2C] init=0 gate=0 whoami=0x140e0 wr=0 wrseen=0x27 addr=0x5a ok=109875 err=1 tmo=0 recov=0 pclk1=200000000 sysclk=400000000
[NAK] nacks=1
[CLK] cpu=800000000 sysb=400000000 pclk1=200000000
[TOF] res=0 step=0 id=0xeacc blk=0xeacc10 ctl=0x0
[RNG] init=0 step=99 id=0xeacc boot=1 calls=93 xerr=0 dm=1 tb=15
[RNG] osc=41 imp=881 imprb=881 mstart=0x40 cfg=91 cfgfail=0x0 vhv=0 vpolls=0
[PRT] calls=71077 xerr=0 ler=1 lidx=0x0 perr=0 maxcnt=17 addr8=0x52
[RTY] wr=0 wmax=0 wref=0  rd=0 rmax=0 rref=0
[RNG] frames=17742 last=31 min=12 max=159 nrdy=0 dxfer=0 dstat=0 lst=0 nrdyerr=0 dclr=0
[DRV] init=0 id=7 mode=0x1 lib=0x2 seq=0x1 odc=0x8b sts=0xe0 armed=1
[TRG] pulses=216 suppressed=88 cyc=1600 rst=1 rstmode=0x40
[HLT] polls=354 faults=0x0 cfglost=0
[EFF] n=5 last=58555 min=58548 max=58555 late=0 stuck=0 rderr=0
[IMU] init=0 addr=0x68 who=0x68 rst=1 pmrb0=0x40 pmrb=0x1 sr=19 cfg=4 gcfg=0x0 acfg=0x8 icfg=0x30 ien=0x1 armed=1
[ACC] reads=17742 stale=17722 rderr=1 ax=52 ay=-20 az=1124
[PWR] pm=0x1 drift=0 rderr=0
[DWT] ok=1 cyc=382369390 cyc_per_ms=800087
[HB] up_ms=393588 frames=17789 inf=17789 hazard=306 canary_err=0 q=0 qovr=0
[I2C] init=0 gate=0 whoami=0x140e0 wr=0 wrseen=0x27 addr=0x5a ok=110177 err=1 tmo=0 recov=0 pclk1=200000000 sysclk=400000000
[NAK] nacks=1
[CLK] cpu=800000000 sysb=400000000 pclk1=200000000
[TOF] res=0 step=0 id=0xeacc blk=0xeacc10 ctl=0x0
[RNG] init=0 step=99 id=0xeacc boot=1 calls=93 xerr=0 dm=1 tb=15
[RNG] osc=41 imp=881 imprb=881 mstart=0x40 cfg=91 cfgfail=0x0 vhv=0 vpolls=0
[PRT] calls=71277 xerr=0 ler=1 lidx=0x0 perr=0 maxcnt=17 addr8=0x52
[RTY] wr=0 wmax=0 wref=0  rd=0 rmax=0 rref=0
[RNG] frames=17791 last=35 min=12 max=159 nrdy=0 dxfer=0 dstat=0 lst=0 nrdyerr=0 dclr=0
[DRV] init=0 id=7 mode=0x1 lib=0x2 seq=0x1 odc=0x8b sts=0xe0 armed=1
[TRG] pulses=217 suppressed=89 cyc=1600 rst=1 rstmode=0x40
[HLT] polls=355 faults=0x0 cfglost=0
[EFF] n=5 last=58555 min=58548 max=58555 late=0 stuck=0 rderr=0
[IMU] init=0 addr=0x68 who=0x68 rst=1 pmrb0=0x40 pmrb=0x1 sr=19 cfg=4 gcfg=0x0 acfg=0x8 icfg=0x30 ien=0x1 armed=1
[ACC] reads=17792 stale=17772 rderr=1 ax=54 ay=-22 az=1123
[PWR] pm=0x1 drift=0 rderr=0
[DWT] ok=1 cyc=1263944930 cyc_per_ms=799977
[HB] up_ms=394690 frames=17839 inf=17839 hazard=306 canary_err=0 q=0 qovr=0
[I2C] init=0 gate=0 whoami=0x140e0 wr=0 wrseen=0x27 addr=0x5a ok=110473 err=1 tmo=0 recov=0 pclk1=200000000 sysclk=400000000
[NAK] nacks=1
[CLK] cpu=800000000 sysb=400000000 pclk1=200000000
[TOF] res=0 step=0 id=0xeacc blk=0xeacc10 ctl=0x0
[RNG] init=0 step=99 id=0xeacc boot=1 calls=93 xerr=0 dm=1 tb=15
[RNG] osc=41 imp=881 imprb=881 mstart=0x40 cfg=91 cfgfail=0x0 vhv=0 vpolls=0
[PRT] calls=71477 xerr=0 ler=1 lidx=0x0 perr=0 maxcnt=17 addr8=0x52
[RTY] wr=0 wmax=0 wref=0  rd=0 rmax=0 rref=0
[RNG] frames=17841 last=31 min=12 max=159 nrdy=0 dxfer=0 dstat=0 lst=0 nrdyerr=0 dclr=0
[DRV] init=0 id=7 mode=0x1 lib=0x2 seq=0x1 odc=0x8b sts=0xe0 armed=1
[TRG] pulses=217 suppressed=89 cyc=1600 rst=1 rstmode=0x40
[HLT] polls=356 faults=0x0 cfglost=0
[EFF] n=5 last=58555 min=58548 max=58555 late=0 stuck=0 rderr=0
[IMU] init=0 addr=0x68 who=0x68 rst=1 pmrb0=0x40 pmrb=0x1 sr=19 cfg=4 gcfg=0x0 acfg=0x8 icfg=0x30 ien=0x1 armed=1
[ACC] reads=17842 stale=17822 rderr=1 ax=54 ay=-22 az=1121
[PWR] pm=0x1 drift=0 rderr=0
[DWT] ok=1 cyc=2145432674 cyc_per_ms=799898
[HB] up_ms=395792 frames=17889 inf=17889 hazard=308 canary_err=0 q=0 qovr=0
[I2C] init=0 gate=0 whoami=0x140e0 wr=0 wrseen=0x27 addr=0x5a ok=110775 err=1 tmo=0 recov=0 pclk1=200000000 sysclk=400000000
[NAK] nacks=1
[CLK] cpu=800000000 sysb=400000000 pclk1=200000000
[TOF] res=0 step=0 id=0xeacc blk=0xeacc10 ctl=0x0
[RNG] init=0 step=99 id=0xeacc boot=1 calls=93 xerr=0 dm=1 tb=15
[RNG] osc=41 imp=881 imprb=881 mstart=0x40 cfg=91 cfgfail=0x0 vhv=0 vpolls=0
[PRT] calls=71677 xerr=0 ler=1 lidx=0x0 perr=0 maxcnt=17 addr8=0x52
[RTY] wr=0 wmax=0 wref=0  rd=0 rmax=0 rref=0
[RNG] frames=17891 last=37 min=12 max=159 nrdy=0 dxfer=0 dstat=0 lst=0 nrdyerr=0 dclr=0
[DRV] init=0 id=7 mode=0x1 lib=0x2 seq=0x1 odc=0x8b sts=0xe0 armed=1
[TRG] pulses=218 suppressed=90 cyc=1600 rst=1 rstmode=0x40
[HLT] polls=357 faults=0x0 cfglost=0
[EFF] n=5 last=58555 min=58548 max=58555 late=0 stuck=0 rderr=0
[IMU] init=0 addr=0x68 who=0x68 rst=1 pmrb0=0x40 pmrb=0x1 sr=19 cfg=4 gcfg=0x0 acfg=0x8 icfg=0x30 ien=0x1 armed=1
[ACC] reads=17892 stale=17872 rderr=1 ax=54 ay=-20 az=1122
[PWR] pm=0x1 drift=0 rderr=0
[DWT] ok=1 cyc=3027032582 cyc_per_ms=799999
[HB] up_ms=396894 frames=17939 inf=17939 hazard=308 canary_err=0 q=0 qovr=0
[I2C] init=0 gate=0 whoami=0x140e0 wr=0 wrseen=0x27 addr=0x5a ok=111077 err=1 tmo=0 recov=0 pclk1=200000000 sysclk=400000000
[NAK] nacks=1
[CLK] cpu=800000000 sysb=400000000 pclk1=200000000
[TOF] res=0 step=0 id=0xeacc blk=0xeacc10 ctl=0x0
[RNG] init=0 step=99 id=0xeacc boot=1 calls=93 xerr=0 dm=1 tb=15
[RNG] osc=41 imp=881 imprb=881 mstart=0x40 cfg=91 cfgfail=0x0 vhv=0 vpolls=0
[PRT] calls=71877 xerr=0 ler=1 lidx=0x0 perr=0 maxcnt=17 addr8=0x52
[RTY] wr=0 wmax=0 wref=0  rd=0 rmax=0 rref=0
[RNG] frames=17941 last=38 min=12 max=159 nrdy=0 dxfer=0 dstat=0 lst=0 nrdyerr=0 dclr=0
[DRV] init=0 id=7 mode=0x1 lib=0x2 seq=0x1 odc=0x8b sts=0xe0 armed=1
[TRG] pulses=218 suppressed=90 cyc=1600 rst=1 rstmode=0x40
[HLT] polls=358 faults=0x0 cfglost=0
[EFF] n=5 last=58555 min=58548 max=58555 late=0 stuck=0 rderr=0
[IMU] init=0 addr=0x68 who=0x68 rst=1 pmrb0=0x40 pmrb=0x1 sr=19 cfg=4 gcfg=0x0 acfg=0x8 icfg=0x30 ien=0x1 armed=1
[ACC] reads=17942 stale=17922 rderr=1 ax=55 ay=-21 az=1121
[PWR] pm=0x1 drift=0 rderr=0
[DWT] ok=1 cyc=3908632650 cyc_per_ms=800000
[HB] up_ms=397996 frames=17989 inf=17989 hazard=308 canary_err=0 q=0 qovr=0
[I2C] init=0 gate=0 whoami=0x140e0 wr=0 wrseen=0x27 addr=0x5a ok=111379 err=1 tmo=0 recov=0 pclk1=200000000 sysclk=400000000
[NAK] nacks=1
[CLK] cpu=800000000 sysb=400000000 pclk1=200000000
[TOF] res=0 step=0 id=0xeacc blk=0xeacc10 ctl=0x0
[RNG] init=0 step=99 id=0xeacc boot=1 calls=93 xerr=0 dm=1 tb=15
[RNG] osc=41 imp=881 imprb=881 mstart=0x40 cfg=91 cfgfail=0x0 vhv=0 vpolls=0
[PRT] calls=72077 xerr=0 ler=1 lidx=0x0 perr=0 maxcnt=17 addr8=0x52
[RTY] wr=0 wmax=0 wref=0  rd=0 rmax=0 rref=0
[RNG] frames=17991 last=25 min=12 max=159 nrdy=0 dxfer=0 dstat=0 lst=0 nrdyerr=0 dclr=0
[DRV] init=0 id=7 mode=0x1 lib=0x2 seq=0x1 odc=0x8b sts=0xe0 armed=1
[TRG] pulses=218 suppressed=90 cyc=1600 rst=1 rstmode=0x40
[HLT] polls=359 faults=0x0 cfglost=0
[EFF] n=5 last=58555 min=58548 max=58555 late=0 stuck=0 rderr=0
[IMU] init=0 addr=0x68 who=0x68 rst=1 pmrb0=0x40 pmrb=0x1 sr=19 cfg=4 gcfg=0x0 acfg=0x8 icfg=0x30 ien=0x1 armed=1
[ACC] reads=17992 stale=17972 rderr=1 ax=56 ay=-19 az=1125
[PWR] pm=0x1 drift=0 rderr=0
[DWT] ok=1 cyc=495265362 cyc_per_ms=800000
[HB] up_ms=399098 frames=18039 inf=18039 hazard=308 canary_err=0 q=0 qovr=0
[I2C] init=0 gate=0 whoami=0x140e0 wr=0 wrseen=0x27 addr=0x5a ok=111681 err=1 tmo=0 recov=0 pclk1=200000000 sysclk=400000000
[NAK] nacks=1
[CLK] cpu=800000000 sysb=400000000 pclk1=200000000
[TOF] res=0 step=0 id=0xeacc blk=0xeacc10 ctl=0x0
[RNG] init=0 step=99 id=0xeacc boot=1 calls=93 xerr=0 dm=1 tb=15
[RNG] osc=41 imp=881 imprb=881 mstart=0x40 cfg=91 cfgfail=0x0 vhv=0 vpolls=0
[PRT] calls=72277 xerr=0 ler=1 lidx=0x0 perr=0 maxcnt=17 addr8=0x52
[RTY] wr=0 wmax=0 wref=0  rd=0 rmax=0 rref=0
[RNG] frames=18041 last=25 min=12 max=159 nrdy=0 dxfer=0 dstat=0 lst=0 nrdyerr=0 dclr=0
[DRV] init=0 id=7 mode=0x1 lib=0x2 seq=0x1 odc=0x8b sts=0xe0 armed=1
[TRG] pulses=218 suppressed=90 cyc=1600 rst=1 rstmode=0x40
[HLT] polls=360 faults=0x0 cfglost=0
[EFF] n=5 last=58555 min=58548 max=58555 late=0 stuck=0 rderr=0
[IMU] init=0 addr=0x68 who=0x68 rst=1 pmrb0=0x40 pmrb=0x1 sr=19 cfg=4 gcfg=0x0 acfg=0x8 icfg=0x30 ien=0x1 armed=1
[ACC] reads=18042 stale=18022 rderr=1 ax=54 ay=-21 az=1123
[PWR] pm=0x1 drift=0 rderr=0
[DWT] ok=1 cyc=1376865510 cyc_per_ms=800000
[HB] up_ms=400200 frames=18089 inf=18089 hazard=308 canary_err=0 q=0 qovr=0
[I2C] init=0 gate=0 whoami=0x140e0 wr=0 wrseen=0x27 addr=0x5a ok=111983 err=1 tmo=0 recov=0 pclk1=200000000 sysclk=400000000
[NAK] nacks=1
[CLK] cpu=800000000 sysb=400000000 pclk1=200000000
[TOF] res=0 step=0 id=0xeacc blk=0xeacc10 ctl=0x0
[RNG] init=0 step=99 id=0xeacc boot=1 calls=93 xerr=0 dm=1 tb=15
[RNG] osc=41 imp=881 imprb=881 mstart=0x40 cfg=91 cfgfail=0x0 vhv=0 vpolls=0
[PRT] calls=72473 xerr=0 ler=1 lidx=0x0 perr=0 maxcnt=17 addr8=0x52
[RTY] wr=0 wmax=0 wref=0  rd=0 rmax=0 rref=0
[RNG] frames=18091 last=33 min=12 max=159 nrdy=0 dxfer=0 dstat=0 lst=0 nrdyerr=0 dclr=0
[DRV] init=0 id=7 mode=0x1 lib=0x2 seq=0x1 odc=0x8b sts=0xe0 armed=1
[TRG] pulses=218 suppressed=90 cyc=1600 rst=1 rstmode=0x40
[HLT] polls=361 faults=0x0 cfglost=0
[EFF] n=5 last=58555 min=58548 max=58555 late=0 stuck=0 rderr=0
[IMU] init=0 addr=0x68 who=0x68 rst=1 pmrb0=0x40 pmrb=0x1 sr=19 cfg=4 gcfg=0x0 acfg=0x8 icfg=0x30 ien=0x1 armed=1
[ACC] reads=18092 stale=18072 rderr=1 ax=54 ay=-20 az=1124
[PWR] pm=0x1 drift=0 rderr=0
[DWT] ok=1 cyc=2258465358 cyc_per_ms=799999
[HB] up_ms=401302 frames=18139 inf=18139 hazard=308 canary_err=0 q=0 qovr=0
[I2C] init=0 gate=0 whoami=0x140e0 wr=0 wrseen=0x27 addr=0x5a ok=112285 err=1 tmo=0 recov=0 pclk1=200000000 sysclk=400000000
[NAK] nacks=1
[CLK] cpu=800000000 sysb=400000000 pclk1=200000000
[TOF] res=0 step=0 id=0xeacc blk=0xeacc10 ctl=0x0
[RNG] init=0 step=99 id=0xeacc boot=1 calls=93 xerr=0 dm=1 tb=15
[RNG] osc=41 imp=881 imprb=881 mstart=0x40 cfg=91 cfgfail=0x0 vhv=0 vpolls=0
[PRT] calls=72673 xerr=0 ler=1 lidx=0x0 perr=0 maxcnt=17 addr8=0x52
[RTY] wr=0 wmax=0 wref=0  rd=0 rmax=0 rref=0
[RNG] frames=18141 last=47 min=12 max=159 nrdy=0 dxfer=0 dstat=0 lst=0 nrdyerr=0 dclr=0
[DRV] init=0 id=7 mode=0x1 lib=0x2 seq=0x1 odc=0x8b sts=0xe0 armed=1
[TRG] pulses=218 suppressed=90 cyc=1600 rst=1 rstmode=0x40
[HLT] polls=362 faults=0x0 cfglost=0
[EFF] n=5 last=58555 min=58548 max=58555 late=0 stuck=0 rderr=0
[IMU] init=0 addr=0x68 who=0x68 rst=1 pmrb0=0x40 pmrb=0x1 sr=19 cfg=4 gcfg=0x0 acfg=0x8 icfg=0x30 ien=0x1 armed=1
[ACC] reads=18141 stale=18121 rderr=1 ax=55 ay=-21 az=1125
[PWR] pm=0x1 drift=0 rderr=0
[DWT] ok=1 cyc=3140065350 cyc_per_ms=799999
[HB] up_ms=402404 frames=18188 inf=18188 hazard=310 canary_err=0 q=0 qovr=0
[I2C] init=0 gate=0 whoami=0x140e0 wr=0 wrseen=0x27 addr=0x5a ok=112587 err=1 tmo=0 recov=0 pclk1=200000000 sysclk=400000000
[NAK] nacks=1
[CLK] cpu=800000000 sysb=400000000 pclk1=200000000
[TOF] res=0 step=0 id=0xeacc blk=0xeacc10 ctl=0x0
[RNG] init=0 step=99 id=0xeacc boot=1 calls=93 xerr=0 dm=1 tb=15
[RNG] osc=41 imp=881 imprb=881 mstart=0x40 cfg=91 cfgfail=0x0 vhv=0 vpolls=0
[PRT] calls=72873 xerr=0 ler=1 lidx=0x0 perr=0 maxcnt=17 addr8=0x52
[RTY] wr=0 wmax=0 wref=0  rd=0 rmax=0 rref=0
[RNG] frames=18191 last=32 min=12 max=159 nrdy=0 dxfer=0 dstat=0 lst=0 nrdyerr=0 dclr=0
[DRV] init=0 id=7 mode=0x1 lib=0x2 seq=0x1 odc=0x8b sts=0xe0 armed=1
[TRG] pulses=219 suppressed=91 cyc=1600 rst=1 rstmode=0x40
[HLT] polls=363 faults=0x0 cfglost=0
[EFF] n=5 last=58555 min=58548 max=58555 late=0 stuck=0 rderr=0
[IMU] init=0 addr=0x68 who=0x68 rst=1 pmrb0=0x40 pmrb=0x1 sr=19 cfg=4 gcfg=0x0 acfg=0x8 icfg=0x30 ien=0x1 armed=1
[ACC] reads=18191 stale=18171 rderr=1 ax=55 ay=-21 az=1125
[PWR] pm=0x1 drift=0 rderr=0
[DWT] ok=1 cyc=4021801202 cyc_per_ms=800123
[HB] up_ms=403506 frames=18238 inf=18238 hazard=310 canary_err=0 q=0 qovr=0
[I2C] init=0 gate=0 whoami=0x140e0 wr=0 wrseen=0x27 addr=0x5a ok=112889 err=1 tmo=0 recov=0 pclk1=200000000 sysclk=400000000
[NAK] nacks=1
[CLK] cpu=800000000 sysb=400000000 pclk1=200000000
[TOF] res=0 step=0 id=0xeacc blk=0xeacc10 ctl=0x0
[RNG] init=0 step=99 id=0xeacc boot=1 calls=93 xerr=0 dm=1 tb=15
[RNG] osc=41 imp=881 imprb=881 mstart=0x40 cfg=91 cfgfail=0x0 vhv=0 vpolls=0
[PRT] calls=73073 xerr=0 ler=1 lidx=0x0 perr=0 maxcnt=17 addr8=0x52
[RTY] wr=0 wmax=0 wref=0  rd=0 rmax=0 rref=0
[RNG] frames=18241 last=31 min=12 max=159 nrdy=0 dxfer=0 dstat=0 lst=0 nrdyerr=0 dclr=0
[DRV] init=0 id=7 mode=0x1 lib=0x2 seq=0x1 odc=0x8b sts=0xe0 armed=1
[TRG] pulses=219 suppressed=91 cyc=1600 rst=1 rstmode=0x40
[HLT] polls=364 faults=0x0 cfglost=0
[EFF] n=5 last=58555 min=58548 max=58555 late=0 stuck=0 rderr=0
[IMU] init=0 addr=0x68 who=0x68 rst=1 pmrb0=0x40 pmrb=0x1 sr=19 cfg=4 gcfg=0x0 acfg=0x8 icfg=0x30 ien=0x1 armed=1
[ACC] reads=18241 stale=18221 rderr=1 ax=55 ay=-19 az=1123
[PWR] pm=0x1 drift=0 rderr=0
[DWT] ok=1 cyc=608434702 cyc_per_ms=800000
[HB] up_ms=404608 frames=18288 inf=18288 hazard=310 canary_err=0 q=0 qovr=0
[I2C] init=0 gate=0 whoami=0x140e0 wr=0 wrseen=0x27 addr=0x5a ok=113187 err=1 tmo=0 recov=0 pclk1=200000000 sysclk=400000000
[NAK] nacks=1
[CLK] cpu=800000000 sysb=400000000 pclk1=200000000
[TOF] res=0 step=0 id=0xeacc blk=0xeacc10 ctl=0x0
[RNG] init=0 step=99 id=0xeacc boot=1 calls=93 xerr=0 dm=1 tb=15
[RNG] osc=41 imp=881 imprb=881 mstart=0x40 cfg=91 cfgfail=0x0 vhv=0 vpolls=0
[PRT] calls=73273 xerr=0 ler=1 lidx=0x0 perr=0 maxcnt=17 addr8=0x52
[RTY] wr=0 wmax=0 wref=0  rd=0 rmax=0 rref=0
[RNG] frames=18290 last=41 min=12 max=159 nrdy=0 dxfer=0 dstat=0 lst=0 nrdyerr=0 dclr=0
[DRV] init=0 id=7 mode=0x1 lib=0x2 seq=0x1 odc=0x8b sts=0xe0 armed=1
[TRG] pulses=219 suppressed=91 cyc=1600 rst=1 rstmode=0x40
[HLT] polls=365 faults=0x0 cfglost=0
[EFF] n=5 last=58555 min=58548 max=58555 late=0 stuck=0 rderr=0
[IMU] init=0 addr=0x68 who=0x68 rst=1 pmrb0=0x40 pmrb=0x1 sr=19 cfg=4 gcfg=0x0 acfg=0x8 icfg=0x30 ien=0x1 armed=1
[ACC] reads=18291 stale=18271 rderr=1 ax=53 ay=-21 az=1123
[PWR] pm=0x1 drift=0 rderr=0
[DWT] ok=1 cyc=1489898158 cyc_per_ms=799876
[HB] up_ms=405710 frames=18338 inf=18338 hazard=311 canary_err=0 q=0 qovr=0
[I2C] init=0 gate=0 whoami=0x140e0 wr=0 wrseen=0x27 addr=0x5a ok=113487 err=1 tmo=0 recov=0 pclk1=200000000 sysclk=400000000
[NAK] nacks=1
[CLK] cpu=800000000 sysb=400000000 pclk1=200000000
[TOF] res=0 step=0 id=0xeacc blk=0xeacc10 ctl=0x0
[RNG] init=0 step=99 id=0xeacc boot=1 calls=93 xerr=0 dm=1 tb=15
[RNG] osc=41 imp=881 imprb=881 mstart=0x40 cfg=91 cfgfail=0x0 vhv=0 vpolls=0
[PRT] calls=73473 xerr=0 ler=1 lidx=0x0 perr=0 maxcnt=17 addr8=0x52
[RTY] wr=0 wmax=0 wref=0  rd=0 rmax=0 rref=0
[RNG] frames=18340 last=32 min=12 max=159 nrdy=0 dxfer=0 dstat=0 lst=0 nrdyerr=0 dclr=0
[DRV] init=0 id=7 mode=0x1 lib=0x2 seq=0x1 odc=0x8b sts=0xe0 armed=1
[TRG] pulses=220 suppressed=91 cyc=1600 rst=1 rstmode=0x40
[HLT] polls=366 faults=0x0 cfglost=0
[EFF] n=5 last=58555 min=58548 max=58555 late=0 stuck=0 rderr=0
[IMU] init=0 addr=0x68 who=0x68 rst=1 pmrb0=0x40 pmrb=0x1 sr=19 cfg=4 gcfg=0x0 acfg=0x8 icfg=0x30 ien=0x1 armed=1
[ACC] reads=18341 stale=18321 rderr=1 ax=56 ay=-19 az=1120
[PWR] pm=0x1 drift=0 rderr=0
[DWT] ok=1 cyc=2371498266 cyc_per_ms=800000
[HB] up_ms=406812 frames=18388 inf=18388 hazard=312 canary_err=0 q=0 qovr=0
[I2C] init=0 gate=0 whoami=0x140e0 wr=0 wrseen=0x27 addr=0x5a ok=113789 err=1 tmo=0 recov=0 pclk1=200000000 sysclk=400000000
[NAK] nacks=1
[CLK] cpu=800000000 sysb=400000000 pclk1=200000000
[TOF] res=0 step=0 id=0xeacc blk=0xeacc10 ctl=0x0
[RNG] init=0 step=99 id=0xeacc boot=1 calls=93 xerr=0 dm=1 tb=15
[RNG] osc=41 imp=881 imprb=881 mstart=0x40 cfg=91 cfgfail=0x0 vhv=0 vpolls=0
[PRT] calls=73673 xerr=0 ler=1 lidx=0x0 perr=0 maxcnt=17 addr8=0x52
[RTY] wr=0 wmax=0 wref=0  rd=0 rmax=0 rref=0
[RNG] frames=18390 last=39 min=12 max=159 nrdy=0 dxfer=0 dstat=0 lst=0 nrdyerr=0 dclr=0
[DRV] init=0 id=7 mode=0x1 lib=0x2 seq=0x1 odc=0x8b sts=0xe0 armed=1
[TRG] pulses=220 suppressed=92 cyc=1600 rst=1 rstmode=0x40
[HLT] polls=367 faults=0x0 cfglost=0
[EFF] n=5 last=58555 min=58548 max=58555 late=0 stuck=0 rderr=0
[IMU] init=0 addr=0x68 who=0x68 rst=1 pmrb0=0x40 pmrb=0x1 sr=19 cfg=4 gcfg=0x0 acfg=0x8 icfg=0x30 ien=0x1 armed=1
[ACC] reads=18391 stale=18371 rderr=1 ax=53 ay=-22 az=1120
[PWR] pm=0x1 drift=0 rderr=0
[DWT] ok=1 cyc=3253098170 cyc_per_ms=799999
[HB] up_ms=407914 frames=18438 inf=18438 hazard=312 canary_err=0 q=0 qovr=0
[I2C] init=0 gate=0 whoami=0x140e0 wr=0 wrseen=0x27 addr=0x5a ok=114091 err=1 tmo=0 recov=0 pclk1=200000000 sysclk=400000000
[NAK] nacks=1
[CLK] cpu=800000000 sysb=400000000 pclk1=200000000
[TOF] res=0 step=0 id=0xeacc blk=0xeacc10 ctl=0x0
[RNG] init=0 step=99 id=0xeacc boot=1 calls=93 xerr=0 dm=1 tb=15
[RNG] osc=41 imp=881 imprb=881 mstart=0x40 cfg=91 cfgfail=0x0 vhv=0 vpolls=0
[PRT] calls=73873 xerr=0 ler=1 lidx=0x0 perr=0 maxcnt=17 addr8=0x52
[RTY] wr=0 wmax=0 wref=0  rd=0 rmax=0 rref=0
[RNG] frames=18440 last=38 min=12 max=159 nrdy=0 dxfer=0 dstat=0 lst=0 nrdyerr=0 dclr=0
[DRV] init=0 id=7 mode=0x1 lib=0x2 seq=0x1 odc=0x8b sts=0xe0 armed=1
[TRG] pulses=220 suppressed=92 cyc=1600 rst=1 rstmode=0x40
[HLT] polls=368 faults=0x0 cfglost=0
[EFF] n=5 last=58555 min=58548 max=58555 late=0 stuck=0 rderr=0
[IMU] init=0 addr=0x68 who=0x68 rst=1 pmrb0=0x40 pmrb=0x1 sr=19 cfg=4 gcfg=0x0 acfg=0x8 icfg=0x30 ien=0x1 armed=1
[ACC] reads=18441 stale=18421 rderr=1 ax=56 ay=-20 az=1124
[PWR] pm=0x1 drift=0 rderr=0
[DWT] ok=1 cyc=4134698046 cyc_per_ms=799999
[HB] up_ms=409016 frames=18488 inf=18488 hazard=312 canary_err=0 q=0 qovr=0
[I2C] init=0 gate=0 whoami=0x140e0 wr=0 wrseen=0x27 addr=0x5a ok=114393 err=1 tmo=0 recov=0 pclk1=200000000 sysclk=400000000
[NAK] nacks=1
[CLK] cpu=800000000 sysb=400000000 pclk1=200000000
[TOF] res=0 step=0 id=0xeacc blk=0xeacc10 ctl=0x0
[RNG] init=0 step=99 id=0xeacc boot=1 calls=93 xerr=0 dm=1 tb=15
[RNG] osc=41 imp=881 imprb=881 mstart=0x40 cfg=91 cfgfail=0x0 vhv=0 vpolls=0
[PRT] calls=74073 xerr=0 ler=1 lidx=0x0 perr=0 maxcnt=17 addr8=0x52
[RTY] wr=0 wmax=0 wref=0  rd=0 rmax=0 rref=0
[RNG] frames=18490 last=31 min=12 max=159 nrdy=0 dxfer=0 dstat=0 lst=0 nrdyerr=0 dclr=0
[DRV] init=0 id=7 mode=0x1 lib=0x2 seq=0x1 odc=0x8b sts=0xe0 armed=1
[TRG] pulses=220 suppressed=92 cyc=1600 rst=1 rstmode=0x40
[HLT] polls=369 faults=0x0 cfglost=0
[EFF] n=5 last=58555 min=58548 max=58555 late=0 stuck=0 rderr=0
[IMU] init=0 addr=0x68 who=0x68 rst=1 pmrb0=0x40 pmrb=0x1 sr=19 cfg=4 gcfg=0x0 acfg=0x8 icfg=0x30 ien=0x1 armed=1
[ACC] reads=18491 stale=18471 rderr=1 ax=54 ay=-17 az=1123
[PWR] pm=0x1 drift=0 rderr=0
[DWT] ok=1 cyc=721330878 cyc_per_ms=800000
[HB] up_ms=410118 frames=18538 inf=18538 hazard=314 canary_err=0 q=0 qovr=0
[I2C] init=0 gate=0 whoami=0x140e0 wr=0 wrseen=0x27 addr=0x5a ok=114695 err=1 tmo=0 recov=0 pclk1=200000000 sysclk=400000000
[NAK] nacks=1
[CLK] cpu=800000000 sysb=400000000 pclk1=200000000
[TOF] res=0 step=0 id=0xeacc blk=0xeacc10 ctl=0x0
[RNG] init=0 step=99 id=0xeacc boot=1 calls=93 xerr=0 dm=1 tb=15
[RNG] osc=41 imp=881 imprb=881 mstart=0x40 cfg=91 cfgfail=0x0 vhv=0 vpolls=0
[PRT] calls=74272 xerr=0 ler=1 lidx=0x0 perr=0 maxcnt=17 addr8=0x52
[RTY] wr=0 wmax=0 wref=0  rd=0 rmax=0 rref=0
[RNG] frames=18540 last=43 min=12 max=159 nrdy=0 dxfer=0 dstat=0 lst=0 nrdyerr=0 dclr=0
[DRV] init=0 id=7 mode=0x1 lib=0x2 seq=0x1 odc=0x8b sts=0xe0 armed=1
[TRG] pulses=221 suppressed=93 cyc=1600 rst=1 rstmode=0x40
[HLT] polls=370 faults=0x0 cfglost=0
[EFF] n=5 last=58555 min=58548 max=58555 late=0 stuck=0 rderr=0
[IMU] init=0 addr=0x68 who=0x68 rst=1 pmrb0=0x40 pmrb=0x1 sr=19 cfg=4 gcfg=0x0 acfg=0x8 icfg=0x30 ien=0x1 armed=1
[ACC] reads=18541 stale=18521 rderr=1 ax=55 ay=-21 az=1124
[PWR] pm=0x1 drift=0 rderr=0
[DWT] ok=1 cyc=1602930666 cyc_per_ms=799999
[HB] up_ms=411220 frames=18588 inf=18588 hazard=315 canary_err=0 q=0 qovr=0
[I2C] init=0 gate=0 whoami=0x140e0 wr=0 wrseen=0x27 addr=0x5a ok=114997 err=1 tmo=0 recov=0 pclk1=200000000 sysclk=400000000
[NAK] nacks=1
[CLK] cpu=800000000 sysb=400000000 pclk1=200000000
[TOF] res=0 step=0 id=0xeacc blk=0xeacc10 ctl=0x0
[RNG] init=0 step=99 id=0xeacc boot=1 calls=93 xerr=0 dm=1 tb=15
[RNG] osc=41 imp=881 imprb=881 mstart=0x40 cfg=91 cfgfail=0x0 vhv=0 vpolls=0
[PRT] calls=74469 xerr=0 ler=1 lidx=0x0 perr=0 maxcnt=17 addr8=0x52
[RTY] wr=0 wmax=0 wref=0  rd=0 rmax=0 rref=0
[RNG] frames=18590 last=45 min=12 max=159 nrdy=0 dxfer=0 dstat=0 lst=0 nrdyerr=0 dclr=0
[DRV] init=0 id=7 mode=0x1 lib=0x2 seq=0x1 odc=0x8b sts=0xe0 armed=1
[TRG] pulses=222 suppressed=93 cyc=1600 rst=1 rstmode=0x40
[HLT] polls=371 faults=0x0 cfglost=0
[EFF] n=5 last=58555 min=58548 max=58555 late=0 stuck=0 rderr=0
[IMU] init=0 addr=0x68 who=0x68 rst=1 pmrb0=0x40 pmrb=0x1 sr=19 cfg=4 gcfg=0x0 acfg=0x8 icfg=0x30 ien=0x1 armed=1
[ACC] reads=18590 stale=18571 rderr=1 ax=54 ay=-23 az=1126
[PWR] pm=0x1 drift=0 rderr=0
[DWT] ok=1 cyc=2484530798 cyc_per_ms=800000
[HB] up_ms=412322 frames=18637 inf=18637 hazard=315 canary_err=0 q=0 qovr=0
[I2C] init=0 gate=0 whoami=0x140e0 wr=0 wrseen=0x27 addr=0x5a ok=115299 err=1 tmo=0 recov=0 pclk1=200000000 sysclk=400000000
[NAK] nacks=1
[CLK] cpu=800000000 sysb=400000000 pclk1=200000000
[TOF] res=0 step=0 id=0xeacc blk=0xeacc10 ctl=0x0
[RNG] init=0 step=99 id=0xeacc boot=1 calls=93 xerr=0 dm=1 tb=15
[RNG] osc=41 imp=881 imprb=881 mstart=0x40 cfg=91 cfgfail=0x0 vhv=0 vpolls=0
[PRT] calls=74669 xerr=0 ler=1 lidx=0x0 perr=0 maxcnt=17 addr8=0x52
[RTY] wr=0 wmax=0 wref=0  rd=0 rmax=0 rref=0
[RNG] frames=18640 last=34 min=12 max=159 nrdy=0 dxfer=0 dstat=0 lst=0 nrdyerr=0 dclr=0
[DRV] init=0 id=7 mode=0x1 lib=0x2 seq=0x1 odc=0x8b sts=0xe0 armed=1
[TRG] pulses=222 suppressed=93 cyc=1600 rst=1 rstmode=0x40
[HLT] polls=372 faults=0x0 cfglost=0
[EFF] n=5 last=58555 min=58548 max=58555 late=0 stuck=0 rderr=0
[IMU] init=0 addr=0x68 who=0x68 rst=1 pmrb0=0x40 pmrb=0x1 sr=19 cfg=4 gcfg=0x0 acfg=0x8 icfg=0x30 ien=0x1 armed=1
[ACC] reads=18640 stale=18620 rderr=1 ax=57 ay=-20 az=1124
[PWR] pm=0x1 drift=0 rderr=0
[DWT] ok=1 cyc=3366171322 cyc_per_ms=800036
[HB] up_ms=413424 frames=18687 inf=18687 hazard=315 canary_err=0 q=0 qovr=0
[I2C] init=0 gate=0 whoami=0x140e0 wr=0 wrseen=0x27 addr=0x5a ok=115601 err=1 tmo=0 recov=0 pclk1=200000000 sysclk=400000000
[NAK] nacks=1
[CLK] cpu=800000000 sysb=400000000 pclk1=200000000
[TOF] res=0 step=0 id=0xeacc blk=0xeacc10 ctl=0x0
[RNG] init=0 step=99 id=0xeacc boot=1 calls=93 xerr=0 dm=1 tb=15
[RNG] osc=41 imp=881 imprb=881 mstart=0x40 cfg=91 cfgfail=0x0 vhv=0 vpolls=0
[PRT] calls=74869 xerr=0 ler=1 lidx=0x0 perr=0 maxcnt=17 addr8=0x52
[RTY] wr=0 wmax=0 wref=0  rd=0 rmax=0 rref=0
[RNG] frames=18690 last=40 min=12 max=159 nrdy=0 dxfer=0 dstat=0 lst=0 nrdyerr=0 dclr=0
[DRV] init=0 id=7 mode=0x1 lib=0x2 seq=0x1 odc=0x8b sts=0xe0 armed=1
[TRG] pulses=222 suppressed=93 cyc=1600 rst=1 rstmode=0x40
[HLT] polls=373 faults=0x0 cfglost=0
[EFF] n=5 last=58555 min=58548 max=58555 late=0 stuck=0 rderr=0
[IMU] init=0 addr=0x68 who=0x68 rst=1 pmrb0=0x40 pmrb=0x1 sr=19 cfg=4 gcfg=0x0 acfg=0x8 icfg=0x30 ien=0x1 armed=1
[ACC] reads=18690 stale=18670 rderr=1 ax=53 ay=-21 az=1123
[PWR] pm=0x1 drift=0 rderr=0
[DWT] ok=1 cyc=4247867450 cyc_per_ms=800087
[HB] up_ms=414526 frames=18737 inf=18737 hazard=315 canary_err=0 q=0 qovr=0
[I2C] init=0 gate=0 whoami=0x140e0 wr=0 wrseen=0x27 addr=0x5a ok=115903 err=1 tmo=0 recov=0 pclk1=200000000 sysclk=400000000
[NAK] nacks=1
[CLK] cpu=800000000 sysb=400000000 pclk1=200000000
[TOF] res=0 step=0 id=0xeacc blk=0xeacc10 ctl=0x0
[RNG] init=0 step=99 id=0xeacc boot=1 calls=93 xerr=0 dm=1 tb=15
[RNG] osc=41 imp=881 imprb=881 mstart=0x40 cfg=91 cfgfail=0x0 vhv=0 vpolls=0
[PRT] calls=75069 xerr=0 ler=1 lidx=0x0 perr=0 maxcnt=17 addr8=0x52
[RTY] wr=0 wmax=0 wref=0  rd=0 rmax=0 rref=0
[RNG] frames=18739 last=29 min=12 max=159 nrdy=0 dxfer=0 dstat=0 lst=0 nrdyerr=0 dclr=0
[DRV] init=0 id=7 mode=0x1 lib=0x2 seq=0x1 odc=0x8b sts=0xe0 armed=1
[TRG] pulses=222 suppressed=93 cyc=1600 rst=1 rstmode=0x40
[HLT] polls=374 faults=0x0 cfglost=0
[EFF] n=5 last=58555 min=58548 max=58555 late=0 stuck=0 rderr=0
[IMU] init=0 addr=0x68 who=0x68 rst=1 pmrb0=0x40 pmrb=0x1 sr=19 cfg=4 gcfg=0x0 acfg=0x8 icfg=0x30 ien=0x1 armed=1
[ACC] reads=18740 stale=18720 rderr=1 ax=54 ay=-21 az=1121
[PWR] pm=0x1 drift=0 rderr=0
[DWT] ok=1 cyc=834475778 cyc_per_ms=799977
[HB] up_ms=415628 frames=18787 inf=18787 hazard=317 canary_err=0 q=0 qovr=0
[I2C] init=0 gate=0 whoami=0x140e0 wr=0 wrseen=0x27 addr=0x5a ok=116199 err=1 tmo=0 recov=0 pclk1=200000000 sysclk=400000000
[NAK] nacks=1
[CLK] cpu=800000000 sysb=400000000 pclk1=200000000
[TOF] res=0 step=0 id=0xeacc blk=0xeacc10 ctl=0x0
[RNG] init=0 step=99 id=0xeacc boot=1 calls=93 xerr=0 dm=1 tb=15
[RNG] osc=41 imp=881 imprb=881 mstart=0x40 cfg=91 cfgfail=0x0 vhv=0 vpolls=0
[PRT] calls=75269 xerr=0 ler=1 lidx=0x0 perr=0 maxcnt=17 addr8=0x52
[RTY] wr=0 wmax=0 wref=0  rd=0 rmax=0 rref=0
[RNG] frames=18789 last=31 min=12 max=159 nrdy=0 dxfer=0 dstat=0 lst=0 nrdyerr=0 dclr=0
[DRV] init=0 id=7 mode=0x1 lib=0x2 seq=0x1 odc=0x8b sts=0xe0 armed=1
[TRG] pulses=224 suppressed=93 cyc=1600 rst=1 rstmode=0x40
[HLT] polls=375 faults=0x0 cfglost=0
[EFF] n=5 last=58555 min=58548 max=58555 late=0 stuck=0 rderr=0
[IMU] init=0 addr=0x68 who=0x68 rst=1 pmrb0=0x40 pmrb=0x1 sr=19 cfg=4 gcfg=0x0 acfg=0x8 icfg=0x30 ien=0x1 armed=1
[ACC] reads=18790 stale=18770 rderr=1 ax=50 ay=-18 az=1121
[PWR] pm=0x1 drift=0 rderr=0
[DWT] ok=1 cyc=1715963578 cyc_per_ms=799898
[HB] up_ms=416730 frames=18837 inf=18837 hazard=318 canary_err=0 q=0 qovr=0
[I2C] init=0 gate=0 whoami=0x140e0 wr=0 wrseen=0x27 addr=0x5a ok=116501 err=1 tmo=0 recov=0 pclk1=200000000 sysclk=400000000
[NAK] nacks=1
[CLK] cpu=800000000 sysb=400000000 pclk1=200000000
[TOF] res=0 step=0 id=0xeacc blk=0xeacc10 ctl=0x0
[RNG] init=0 step=99 id=0xeacc boot=1 calls=93 xerr=0 dm=1 tb=15
[RNG] osc=41 imp=881 imprb=881 mstart=0x40 cfg=91 cfgfail=0x0 vhv=0 vpolls=0
[PRT] calls=75469 xerr=0 ler=1 lidx=0x0 perr=0 maxcnt=17 addr8=0x52
[RTY] wr=0 wmax=0 wref=0  rd=0 rmax=0 rref=0
[RNG] frames=18839 last=39 min=12 max=159 nrdy=0 dxfer=0 dstat=0 lst=0 nrdyerr=0 dclr=0
[DRV] init=0 id=7 mode=0x1 lib=0x2 seq=0x1 odc=0x8b sts=0xe0 armed=1
[TRG] pulses=225 suppressed=93 cyc=1600 rst=1 rstmode=0x40
[HLT] polls=376 faults=0x0 cfglost=0
[EFF] n=5 last=58555 min=58548 max=58555 late=0 stuck=0 rderr=0
[IMU] init=0 addr=0x68 who=0x68 rst=1 pmrb0=0x40 pmrb=0x1 sr=19 cfg=4 gcfg=0x0 acfg=0x8 icfg=0x30 ien=0x1 armed=1
[ACC] reads=18840 stale=18820 rderr=1 ax=54 ay=-20 az=1121
[PWR] pm=0x1 drift=0 rderr=0
[DWT] ok=1 cyc=2597563366 cyc_per_ms=799999
[HB] up_ms=417832 frames=18887 inf=18887 hazard=318 canary_err=0 q=0 qovr=0
[I2C] init=0 gate=0 whoami=0x140e0 wr=0 wrseen=0x27 addr=0x5a ok=116803 err=1 tmo=0 recov=0 pclk1=200000000 sysclk=400000000
[NAK] nacks=1
[CLK] cpu=800000000 sysb=400000000 pclk1=200000000
[TOF] res=0 step=0 id=0xeacc blk=0xeacc10 ctl=0x0
[RNG] init=0 step=99 id=0xeacc boot=1 calls=93 xerr=0 dm=1 tb=15
[RNG] osc=41 imp=881 imprb=881 mstart=0x40 cfg=91 cfgfail=0x0 vhv=0 vpolls=0
[PRT] calls=75669 xerr=0 ler=1 lidx=0x0 perr=0 maxcnt=17 addr8=0x52
[RTY] wr=0 wmax=0 wref=0  rd=0 rmax=0 rref=0
[RNG] frames=18889 last=42 min=12 max=159 nrdy=0 dxfer=0 dstat=0 lst=0 nrdyerr=0 dclr=0
[DRV] init=0 id=7 mode=0x1 lib=0x2 seq=0x1 odc=0x8b sts=0xe0 armed=1
[TRG] pulses=225 suppressed=93 cyc=1600 rst=1 rstmode=0x40
[HLT] polls=377 faults=0x0 cfglost=0
[EFF] n=5 last=58555 min=58548 max=58555 late=0 stuck=0 rderr=0
[IMU] init=0 addr=0x68 who=0x68 rst=1 pmrb0=0x40 pmrb=0x1 sr=19 cfg=4 gcfg=0x0 acfg=0x8 icfg=0x30 ien=0x1 armed=1
[ACC] reads=18890 stale=18870 rderr=1 ax=55 ay=-21 az=1123
[PWR] pm=0x1 drift=0 rderr=0
[DWT] ok=1 cyc=3479163446 cyc_per_ms=800000
[HB] up_ms=418934 frames=18937 inf=18937 hazard=318 canary_err=0 q=0 qovr=0
[I2C] init=0 gate=0 whoami=0x140e0 wr=0 wrseen=0x27 addr=0x5a ok=117105 err=1 tmo=0 recov=0 pclk1=200000000 sysclk=400000000
[NAK] nacks=1
[CLK] cpu=800000000 sysb=400000000 pclk1=200000000
[TOF] res=0 step=0 id=0xeacc blk=0xeacc10 ctl=0x0
[RNG] init=0 step=99 id=0xeacc boot=1 calls=93 xerr=0 dm=1 tb=15
[RNG] osc=41 imp=881 imprb=881 mstart=0x40 cfg=91 cfgfail=0x0 vhv=0 vpolls=0
[PRT] calls=75869 xerr=0 ler=1 lidx=0x0 perr=0 maxcnt=17 addr8=0x52
[RTY] wr=0 wmax=0 wref=0  rd=0 rmax=0 rref=0
[RNG] frames=18939 last=31 min=12 max=159 nrdy=0 dxfer=0 dstat=0 lst=0 nrdyerr=0 dclr=0
[DRV] init=0 id=7 mode=0x1 lib=0x2 seq=0x1 odc=0x8b sts=0xe0 armed=1
[TRG] pulses=225 suppressed=93 cyc=1600 rst=1 rstmode=0x40
[HLT] polls=378 faults=0x0 cfglost=0
[EFF] n=5 last=58555 min=58548 max=58555 late=0 stuck=0 rderr=0
[IMU] init=0 addr=0x68 who=0x68 rst=1 pmrb0=0x40 pmrb=0x1 sr=19 cfg=4 gcfg=0x0 acfg=0x8 icfg=0x30 ien=0x1 armed=1
[ACC] reads=18940 stale=18920 rderr=1 ax=57 ay=-20 az=1124
[PWR] pm=0x1 drift=0 rderr=0
[DWT] ok=1 cyc=65796134 cyc_per_ms=799999
[HB] up_ms=420036 frames=18987 inf=18987 hazard=318 canary_err=0 q=0 qovr=0
[I2C] init=0 gate=0 whoami=0x140e0 wr=0 wrseen=0x27 addr=0x5a ok=117407 err=1 tmo=0 recov=0 pclk1=200000000 sysclk=400000000
[NAK] nacks=1
[CLK] cpu=800000000 sysb=400000000 pclk1=200000000
[TOF] res=0 step=0 id=0xeacc blk=0xeacc10 ctl=0x0
[RNG] init=0 step=99 id=0xeacc boot=1 calls=93 xerr=0 dm=1 tb=15
[RNG] osc=41 imp=881 imprb=881 mstart=0x40 cfg=91 cfgfail=0x0 vhv=0 vpolls=0
[PRT] calls=76069 xerr=0 ler=1 lidx=0x0 perr=0 maxcnt=17 addr8=0x52
[RTY] wr=0 wmax=0 wref=0  rd=0 rmax=0 rref=0
[RNG] frames=18989 last=44 min=12 max=159 nrdy=0 dxfer=0 dstat=0 lst=0 nrdyerr=0 dclr=0
[DRV] init=0 id=7 mode=0x1 lib=0x2 seq=0x1 odc=0x8b sts=0xe0 armed=1
[TRG] pulses=225 suppressed=93 cyc=1600 rst=1 rstmode=0x40
[HLT] polls=379 faults=0x0 cfglost=0
[EFF] n=5 last=58555 min=58548 max=58555 late=0 stuck=0 rderr=0
[IMU] init=0 addr=0x68 who=0x68 rst=1 pmrb0=0x40 pmrb=0x1 sr=19 cfg=4 gcfg=0x0 acfg=0x8 icfg=0x30 ien=0x1 armed=1
[ACC] reads=18990 stale=18970 rderr=1 ax=55 ay=-20 az=1122
[PWR] pm=0x1 drift=0 rderr=0
[DWT] ok=1 cyc=947396390 cyc_per_ms=800000
[HB] up_ms=421138 frames=19037 inf=19037 hazard=319 canary_err=0 q=0 qovr=0
[I2C] init=0 gate=0 whoami=0x140e0 wr=0 wrseen=0x27 addr=0x5a ok=117709 err=1 tmo=0 recov=0 pclk1=200000000 sysclk=400000000
[NAK] nacks=1
[CLK] cpu=800000000 sysb=400000000 pclk1=200000000
[TOF] res=0 step=0 id=0xeacc blk=0xeacc10 ctl=0x0
[RNG] init=0 step=99 id=0xeacc boot=1 calls=93 xerr=0 dm=1 tb=15
[RNG] osc=41 imp=881 imprb=881 mstart=0x40 cfg=91 cfgfail=0x0 vhv=0 vpolls=0
[PRT] calls=76265 xerr=0 ler=1 lidx=0x0 perr=0 maxcnt=17 addr8=0x52
[RTY] wr=0 wmax=0 wref=0  rd=0 rmax=0 rref=0
[RNG] frames=19039 last=49 min=12 max=159 nrdy=0 dxfer=0 dstat=0 lst=0 nrdyerr=0 dclr=0
[DRV] init=0 id=7 mode=0x1 lib=0x2 seq=0x1 odc=0x8b sts=0xe0 armed=1
[TRG] pulses=226 suppressed=93 cyc=1600 rst=1 rstmode=0x40
[HLT] polls=380 faults=0x0 cfglost=0
[EFF] n=5 last=58555 min=58548 max=58555 late=0 stuck=0 rderr=0
[IMU] init=0 addr=0x68 who=0x68 rst=1 pmrb0=0x40 pmrb=0x1 sr=19 cfg=4 gcfg=0x0 acfg=0x8 icfg=0x30 ien=0x1 armed=1
[ACC] reads=19040 stale=19020 rderr=1 ax=53 ay=-19 az=1126
[PWR] pm=0x1 drift=0 rderr=0
[DWT] ok=1 cyc=1828996098 cyc_per_ms=799999
[HB] up_ms=422240 frames=19087 inf=19087 hazard=319 canary_err=0 q=0 qovr=0
[I2C] init=0 gate=0 whoami=0x140e0 wr=0 wrseen=0x27 addr=0x5a ok=118011 err=1 tmo=0 recov=0 pclk1=200000000 sysclk=400000000
[NAK] nacks=1
[CLK] cpu=800000000 sysb=400000000 pclk1=200000000
[TOF] res=0 step=0 id=0xeacc blk=0xeacc10 ctl=0x0
[RNG] init=0 step=99 id=0xeacc boot=1 calls=93 xerr=0 dm=1 tb=15
[RNG] osc=41 imp=881 imprb=881 mstart=0x40 cfg=91 cfgfail=0x0 vhv=0 vpolls=0
[PRT] calls=76465 xerr=0 ler=1 lidx=0x0 perr=0 maxcnt=17 addr8=0x52
[RTY] wr=0 wmax=0 wref=0  rd=0 rmax=0 rref=0
[RNG] frames=19089 last=32 min=12 max=159 nrdy=0 dxfer=0 dstat=0 lst=0 nrdyerr=0 dclr=0
[DRV] init=0 id=7 mode=0x1 lib=0x2 seq=0x1 odc=0x8b sts=0xe0 armed=1
[TRG] pulses=226 suppressed=93 cyc=1600 rst=1 rstmode=0x40
[HLT] polls=381 faults=0x0 cfglost=0
[EFF] n=5 last=58555 min=58548 max=58555 late=0 stuck=0 rderr=0
[IMU] init=0 addr=0x68 who=0x68 rst=1 pmrb0=0x40 pmrb=0x1 sr=19 cfg=4 gcfg=0x0 acfg=0x8 icfg=0x30 ien=0x1 armed=1
[ACC] reads=19089 stale=19069 rderr=1 ax=52 ay=-19 az=1125
[PWR] pm=0x1 drift=0 rderr=0
[DWT] ok=1 cyc=2710596166 cyc_per_ms=800000
[HB] up_ms=423342 frames=19136 inf=19136 hazard=319 canary_err=0 q=0 qovr=0
[I2C] init=0 gate=0 whoami=0x140e0 wr=0 wrseen=0x27 addr=0x5a ok=118313 err=1 tmo=0 recov=0 pclk1=200000000 sysclk=400000000
[NAK] nacks=1
[CLK] cpu=800000000 sysb=400000000 pclk1=200000000
[TOF] res=0 step=0 id=0xeacc blk=0xeacc10 ctl=0x0
[RNG] init=0 step=99 id=0xeacc boot=1 calls=93 xerr=0 dm=1 tb=15
[RNG] osc=41 imp=881 imprb=881 mstart=0x40 cfg=91 cfgfail=0x0 vhv=0 vpolls=0
[PRT] calls=76665 xerr=0 ler=1 lidx=0x0 perr=0 maxcnt=17 addr8=0x52
[RTY] wr=0 wmax=0 wref=0  rd=0 rmax=0 rref=0
[RNG] frames=19139 last=41 min=12 max=159 nrdy=0 dxfer=0 dstat=0 lst=0 nrdyerr=0 dclr=0
[DRV] init=0 id=7 mode=0x1 lib=0x2 seq=0x1 odc=0x8b sts=0xe0 armed=1
[TRG] pulses=226 suppressed=93 cyc=1600 rst=1 rstmode=0x40
[HLT] polls=382 faults=0x0 cfglost=0
[EFF] n=5 last=58555 min=58548 max=58555 late=0 stuck=0 rderr=0
[IMU] init=0 addr=0x68 who=0x68 rst=1 pmrb0=0x40 pmrb=0x1 sr=19 cfg=4 gcfg=0x0 acfg=0x8 icfg=0x30 ien=0x1 armed=1
[ACC] reads=19139 stale=19119 rderr=1 ax=55 ay=-22 az=1120
[PWR] pm=0x1 drift=0 rderr=0
[DWT] ok=1 cyc=3592332026 cyc_per_ms=800123
[HB] up_ms=424444 frames=19186 inf=19186 hazard=319 canary_err=0 q=0 qovr=0
[I2C] init=0 gate=0 whoami=0x140e0 wr=0 wrseen=0x27 addr=0x5a ok=118615 err=1 tmo=0 recov=0 pclk1=200000000 sysclk=400000000
[NAK] nacks=1
[CLK] cpu=800000000 sysb=400000000 pclk1=200000000
[TOF] res=0 step=0 id=0xeacc blk=0xeacc10 ctl=0x0
[RNG] init=0 step=99 id=0xeacc boot=1 calls=93 xerr=0 dm=1 tb=15
[RNG] osc=41 imp=881 imprb=881 mstart=0x40 cfg=91 cfgfail=0x0 vhv=0 vpolls=0
[PRT] calls=76865 xerr=0 ler=1 lidx=0x0 perr=0 maxcnt=17 addr8=0x52
[RTY] wr=0 wmax=0 wref=0  rd=0 rmax=0 rref=0
[RNG] frames=19189 last=30 min=12 max=159 nrdy=0 dxfer=0 dstat=0 lst=0 nrdyerr=0 dclr=0
[DRV] init=0 id=7 mode=0x1 lib=0x2 seq=0x1 odc=0x8b sts=0xe0 armed=1
[TRG] pulses=226 suppressed=93 cyc=1600 rst=1 rstmode=0x40
[HLT] polls=383 faults=0x0 cfglost=0
[EFF] n=5 last=58555 min=58548 max=58555 late=0 stuck=0 rderr=0
[IMU] init=0 addr=0x68 who=0x68 rst=1 pmrb0=0x40 pmrb=0x1 sr=19 cfg=4 gcfg=0x0 acfg=0x8 icfg=0x30 ien=0x1 armed=1
[ACC] reads=19189 stale=19169 rderr=1 ax=55 ay=-21 az=1122
[PWR] pm=0x1 drift=0 rderr=0
[DWT] ok=1 cyc=178965558 cyc_per_ms=800000
[HB] up_ms=425546 frames=19236 inf=19236 hazard=319 canary_err=0 q=0 qovr=0
[I2C] init=0 gate=0 whoami=0x140e0 wr=0 wrseen=0x27 addr=0x5a ok=118913 err=1 tmo=0 recov=0 pclk1=200000000 sysclk=400000000
[NAK] nacks=1
[CLK] cpu=800000000 sysb=400000000 pclk1=200000000
[TOF] res=0 step=0 id=0xeacc blk=0xeacc10 ctl=0x0
[RNG] init=0 step=99 id=0xeacc boot=1 calls=93 xerr=0 dm=1 tb=15
[RNG] osc=41 imp=881 imprb=881 mstart=0x40 cfg=91 cfgfail=0x0 vhv=0 vpolls=0
[PRT] calls=77065 xerr=0 ler=1 lidx=0x0 perr=0 maxcnt=17 addr8=0x52
[RTY] wr=0 wmax=0 wref=0  rd=0 rmax=0 rref=0
[RNG] frames=19238 last=39 min=12 max=159 nrdy=0 dxfer=0 dstat=0 lst=0 nrdyerr=0 dclr=0
[DRV] init=0 id=7 mode=0x1 lib=0x2 seq=0x1 odc=0x8b sts=0xe0 armed=1
[TRG] pulses=226 suppressed=93 cyc=1600 rst=1 rstmode=0x40
[HLT] polls=384 faults=0x0 cfglost=0
[EFF] n=5 last=58555 min=58548 max=58555 late=0 stuck=0 rderr=0
[IMU] init=0 addr=0x68 who=0x68 rst=1 pmrb0=0x40 pmrb=0x1 sr=19 cfg=4 gcfg=0x0 acfg=0x8 icfg=0x30 ien=0x1 armed=1
[ACC] reads=19239 stale=19219 rderr=1 ax=55 ay=-20 az=1124
[PWR] pm=0x1 drift=0 rderr=0
[DWT] ok=1 cyc=1060428966 cyc_per_ms=799876
[HB] up_ms=426648 frames=19286 inf=19286 hazard=320 canary_err=0 q=0 qovr=0
[I2C] init=0 gate=0 whoami=0x140e0 wr=0 wrseen=0x27 addr=0x5a ok=119213 err=1 tmo=0 recov=0 pclk1=200000000 sysclk=400000000
[NAK] nacks=1
[CLK] cpu=800000000 sysb=400000000 pclk1=200000000
[TOF] res=0 step=0 id=0xeacc blk=0xeacc10 ctl=0x0
[RNG] init=0 step=99 id=0xeacc boot=1 calls=93 xerr=0 dm=1 tb=15
[RNG] osc=41 imp=881 imprb=881 mstart=0x40 cfg=91 cfgfail=0x0 vhv=0 vpolls=0
[PRT] calls=77265 xerr=0 ler=1 lidx=0x0 perr=0 maxcnt=17 addr8=0x52
[RTY] wr=0 wmax=0 wref=0  rd=0 rmax=0 rref=0
[RNG] frames=19288 last=31 min=12 max=159 nrdy=0 dxfer=0 dstat=0 lst=0 nrdyerr=0 dclr=0
[DRV] init=0 id=7 mode=0x1 lib=0x2 seq=0x1 odc=0x8b sts=0xe0 armed=1
[TRG] pulses=227 suppressed=93 cyc=1600 rst=1 rstmode=0x40
[HLT] polls=385 faults=0x0 cfglost=0
[EFF] n=5 last=58555 min=58548 max=58555 late=0 stuck=0 rderr=0
[IMU] init=0 addr=0x68 who=0x68 rst=1 pmrb0=0x40 pmrb=0x1 sr=19 cfg=4 gcfg=0x0 acfg=0x8 icfg=0x30 ien=0x1 armed=1
[ACC] reads=19289 stale=19269 rderr=1 ax=54 ay=-21 az=1124
[PWR] pm=0x1 drift=0 rderr=0
[DWT] ok=1 cyc=1942029010 cyc_per_ms=800000
[HB] up_ms=427750 frames=19336 inf=19336 hazard=320 canary_err=0 q=0 qovr=0
[I2C] init=0 gate=0 whoami=0x140e0 wr=0 wrseen=0x27 addr=0x5a ok=119515 err=1 tmo=0 recov=0 pclk1=200000000 sysclk=400000000
[NAK] nacks=1
[CLK] cpu=800000000 sysb=400000000 pclk1=200000000
[TOF] res=0 step=0 id=0xeacc blk=0xeacc10 ctl=0x0
[RNG] init=0 step=99 id=0xeacc boot=1 calls=93 xerr=0 dm=1 tb=15
[RNG] osc=41 imp=881 imprb=881 mstart=0x40 cfg=91 cfgfail=0x0 vhv=0 vpolls=0
[PRT] calls=77465 xerr=0 ler=1 lidx=0x0 perr=0 maxcnt=17 addr8=0x52
[RTY] wr=0 wmax=0 wref=0  rd=0 rmax=0 rref=0
[RNG] frames=19338 last=28 min=12 max=159 nrdy=0 dxfer=0 dstat=0 lst=0 nrdyerr=0 dclr=0
[DRV] init=0 id=7 mode=0x1 lib=0x2 seq=0x1 odc=0x8b sts=0xe0 armed=1
[TRG] pulses=227 suppressed=93 cyc=1600 rst=1 rstmode=0x40
[HLT] polls=386 faults=0x0 cfglost=0
[EFF] n=5 last=58555 min=58548 max=58555 late=0 stuck=0 rderr=0
[IMU] init=0 addr=0x68 who=0x68 rst=1 pmrb0=0x40 pmrb=0x1 sr=19 cfg=4 gcfg=0x0 acfg=0x8 icfg=0x30 ien=0x1 armed=1
[ACC] reads=19339 stale=19319 rderr=1 ax=56 ay=-21 az=1122
[PWR] pm=0x1 drift=0 rderr=0
[DWT] ok=1 cyc=2823628918 cyc_per_ms=799999
[HB] up_ms=428852 frames=19386 inf=19386 hazard=320 canary_err=0 q=0 qovr=0
[I2C] init=0 gate=0 whoami=0x140e0 wr=0 wrseen=0x27 addr=0x5a ok=119817 err=1 tmo=0 recov=0 pclk1=200000000 sysclk=400000000
[NAK] nacks=1
[CLK] cpu=800000000 sysb=400000000 pclk1=200000000
[TOF] res=0 step=0 id=0xeacc blk=0xeacc10 ctl=0x0
[RNG] init=0 step=99 id=0xeacc boot=1 calls=93 xerr=0 dm=1 tb=15
[RNG] osc=41 imp=881 imprb=881 mstart=0x40 cfg=91 cfgfail=0x0 vhv=0 vpolls=0
[PRT] calls=77665 xerr=0 ler=1 lidx=0x0 perr=0 maxcnt=17 addr8=0x52
[RTY] wr=0 wmax=0 wref=0  rd=0 rmax=0 rref=0
[RNG] frames=19388 last=29 min=12 max=159 nrdy=0 dxfer=0 dstat=0 lst=0 nrdyerr=0 dclr=0
[DRV] init=0 id=7 mode=0x1 lib=0x2 seq=0x1 odc=0x8b sts=0xe0 armed=1
[TRG] pulses=227 suppressed=93 cyc=1600 rst=1 rstmode=0x40
[HLT] polls=387 faults=0x0 cfglost=0
[EFF] n=5 last=58555 min=58548 max=58555 late=0 stuck=0 rderr=0
[IMU] init=0 addr=0x68 who=0x68 rst=1 pmrb0=0x40 pmrb=0x1 sr=19 cfg=4 gcfg=0x0 acfg=0x8 icfg=0x30 ien=0x1 armed=1
[ACC] reads=19389 stale=19369 rderr=1 ax=54 ay=-20 az=1124
[PWR] pm=0x1 drift=0 rderr=0
[DWT] ok=1 cyc=3705228798 cyc_per_ms=799999
[HB] up_ms=429954 frames=19436 inf=19436 hazard=321 canary_err=0 q=0 qovr=0
[I2C] init=0 gate=0 whoami=0x140e0 wr=0 wrseen=0x27 addr=0x5a ok=120119 err=1 tmo=0 recov=0 pclk1=200000000 sysclk=400000000
[NAK] nacks=1
[CLK] cpu=800000000 sysb=400000000 pclk1=200000000
[TOF] res=0 step=0 id=0xeacc blk=0xeacc10 ctl=0x0
[RNG] init=0 step=99 id=0xeacc boot=1 calls=93 xerr=0 dm=1 tb=15
[RNG] osc=41 imp=881 imprb=881 mstart=0x40 cfg=91 cfgfail=0x0 vhv=0 vpolls=0
[PRT] calls=77865 xerr=0 ler=1 lidx=0x0 perr=0 maxcnt=17 addr8=0x52
[RTY] wr=0 wmax=0 wref=0  rd=0 rmax=0 rref=0
[RNG] frames=19438 last=57 min=12 max=159 nrdy=0 dxfer=0 dstat=0 lst=0 nrdyerr=0 dclr=0
[DRV] init=0 id=7 mode=0x1 lib=0x2 seq=0x1 odc=0x8b sts=0xe0 armed=1
[TRG] pulses=228 suppressed=93 cyc=1600 rst=1 rstmode=0x40
[HLT] polls=388 faults=0x0 cfglost=0
[EFF] n=5 last=58555 min=58548 max=58555 late=0 stuck=0 rderr=0
[IMU] init=0 addr=0x68 who=0x68 rst=1 pmrb0=0x40 pmrb=0x1 sr=19 cfg=4 gcfg=0x0 acfg=0x8 icfg=0x30 ien=0x1 armed=1
[ACC] reads=19439 stale=19419 rderr=1 ax=55 ay=-20 az=1121
[PWR] pm=0x1 drift=0 rderr=0
[DWT] ok=1 cyc=291865106 cyc_per_ms=800003
[HB] up_ms=431056 frames=19486 inf=19486 hazard=325 canary_err=0 q=0 qovr=0
[I2C] init=0 gate=0 whoami=0x140e0 wr=0 wrseen=0x27 addr=0x5a ok=120421 err=1 tmo=0 recov=0 pclk1=200000000 sysclk=400000000
[NAK] nacks=1
[CLK] cpu=800000000 sysb=400000000 pclk1=200000000
[TOF] res=0 step=0 id=0xeacc blk=0xeacc10 ctl=0x0
[RNG] init=0 step=99 id=0xeacc boot=1 calls=93 xerr=0 dm=1 tb=15
[RNG] osc=41 imp=881 imprb=881 mstart=0x40 cfg=91 cfgfail=0x0 vhv=0 vpolls=0
[PRT] calls=78064 xerr=0 ler=1 lidx=0x0 perr=0 maxcnt=17 addr8=0x52
[RTY] wr=0 wmax=0 wref=0  rd=0 rmax=0 rref=0
[RNG] frames=19488 last=34 min=12 max=159 nrdy=0 dxfer=0 dstat=0 lst=0 nrdyerr=0 dclr=0
[DRV] init=0 id=7 mode=0x1 lib=0x2 seq=0x1 odc=0x8b sts=0xe0 armed=1
[TRG] pulses=230 suppressed=95 cyc=1600 rst=1 rstmode=0x40
[HLT] polls=389 faults=0x0 cfglost=0
[EFF] n=5 last=58555 min=58548 max=58555 late=0 stuck=0 rderr=0
[IMU] init=0 addr=0x68 who=0x68 rst=1 pmrb0=0x40 pmrb=0x1 sr=19 cfg=4 gcfg=0x0 acfg=0x8 icfg=0x30 ien=0x1 armed=1
[ACC] reads=19489 stale=19469 rderr=1 ax=53 ay=-21 az=1121
[PWR] pm=0x1 drift=0 rderr=0
[DWT] ok=1 cyc=1173461470 cyc_per_ms=799996
[HB] up_ms=432158 frames=19536 inf=19536 hazard=326 canary_err=0 q=0 qovr=0
[I2C] init=0 gate=0 whoami=0x140e0 wr=0 wrseen=0x27 addr=0x5a ok=120723 err=1 tmo=0 recov=0 pclk1=200000000 sysclk=400000000
[NAK] nacks=1
[CLK] cpu=800000000 sysb=400000000 pclk1=200000000
[TOF] res=0 step=0 id=0xeacc blk=0xeacc10 ctl=0x0
[RNG] init=0 step=99 id=0xeacc boot=1 calls=93 xerr=0 dm=1 tb=15
[RNG] osc=41 imp=881 imprb=881 mstart=0x40 cfg=91 cfgfail=0x0 vhv=0 vpolls=0
[PRT] calls=78261 xerr=0 ler=1 lidx=0x0 perr=0 maxcnt=17 addr8=0x52
[RTY] wr=0 wmax=0 wref=0  rd=0 rmax=0 rref=0
[RNG] frames=19538 last=41 min=12 max=159 nrdy=0 dxfer=0 dstat=0 lst=0 nrdyerr=0 dclr=0
[DRV] init=0 id=7 mode=0x1 lib=0x2 seq=0x1 odc=0x8b sts=0xe0 armed=1
[TRG] pulses=231 suppressed=95 cyc=1600 rst=1 rstmode=0x40
[HLT] polls=390 faults=0x0 cfglost=0
[EFF] n=5 last=58555 min=58548 max=58555 late=0 stuck=0 rderr=0
[IMU] init=0 addr=0x68 who=0x68 rst=1 pmrb0=0x40 pmrb=0x1 sr=19 cfg=4 gcfg=0x0 acfg=0x8 icfg=0x30 ien=0x1 armed=1
[ACC] reads=19538 stale=19519 rderr=1 ax=56 ay=-19 az=1125
[PWR] pm=0x1 drift=0 rderr=0
[DWT] ok=1 cyc=2055061530 cyc_per_ms=800000
[HB] up_ms=433260 frames=19585 inf=19585 hazard=326 canary_err=0 q=0 qovr=0
[I2C] init=0 gate=0 whoami=0x140e0 wr=0 wrseen=0x27 addr=0x5a ok=121025 err=1 tmo=0 recov=0 pclk1=200000000 sysclk=400000000
[NAK] nacks=1
[CLK] cpu=800000000 sysb=400000000 pclk1=200000000
[TOF] res=0 step=0 id=0xeacc blk=0xeacc10 ctl=0x0
[RNG] init=0 step=99 id=0xeacc boot=1 calls=93 xerr=0 dm=1 tb=15
[RNG] osc=41 imp=881 imprb=881 mstart=0x40 cfg=91 cfgfail=0x0 vhv=0 vpolls=0
[PRT] calls=78461 xerr=0 ler=1 lidx=0x0 perr=0 maxcnt=17 addr8=0x52
[RTY] wr=0 wmax=0 wref=0  rd=0 rmax=0 rref=0
[RNG] frames=19588 last=39 min=12 max=159 nrdy=0 dxfer=0 dstat=0 lst=0 nrdyerr=0 dclr=0
[DRV] init=0 id=7 mode=0x1 lib=0x2 seq=0x1 odc=0x8b sts=0xe0 armed=1
[TRG] pulses=231 suppressed=95 cyc=1600 rst=1 rstmode=0x40
[HLT] polls=391 faults=0x0 cfglost=0
[EFF] n=5 last=58555 min=58548 max=58555 late=0 stuck=0 rderr=0
[IMU] init=0 addr=0x68 who=0x68 rst=1 pmrb0=0x40 pmrb=0x1 sr=19 cfg=4 gcfg=0x0 acfg=0x8 icfg=0x30 ien=0x1 armed=1
[ACC] reads=19588 stale=19568 rderr=1 ax=55 ay=-21 az=1123
[PWR] pm=0x1 drift=0 rderr=0
[DWT] ok=1 cyc=2936702142 cyc_per_ms=800036
[HB] up_ms=434362 frames=19635 inf=19635 hazard=326 canary_err=0 q=0 qovr=0
[I2C] init=0 gate=0 whoami=0x140e0 wr=0 wrseen=0x27 addr=0x5a ok=121327 err=1 tmo=0 recov=0 pclk1=200000000 sysclk=400000000
[NAK] nacks=1
[CLK] cpu=800000000 sysb=400000000 pclk1=200000000
[TOF] res=0 step=0 id=0xeacc blk=0xeacc10 ctl=0x0
[RNG] init=0 step=99 id=0xeacc boot=1 calls=93 xerr=0 dm=1 tb=15
[RNG] osc=41 imp=881 imprb=881 mstart=0x40 cfg=91 cfgfail=0x0 vhv=0 vpolls=0
[PRT] calls=78661 xerr=0 ler=1 lidx=0x0 perr=0 maxcnt=17 addr8=0x52
[RTY] wr=0 wmax=0 wref=0  rd=0 rmax=0 rref=0
[RNG] frames=19638 last=42 min=12 max=159 nrdy=0 dxfer=0 dstat=0 lst=0 nrdyerr=0 dclr=0
[DRV] init=0 id=7 mode=0x1 lib=0x2 seq=0x1 odc=0x8b sts=0xe0 armed=1
[TRG] pulses=231 suppressed=95 cyc=1600 rst=1 rstmode=0x40
[HLT] polls=392 faults=0x0 cfglost=0
[EFF] n=5 last=58555 min=58548 max=58555 late=0 stuck=0 rderr=0
[IMU] init=0 addr=0x68 who=0x68 rst=1 pmrb0=0x40 pmrb=0x1 sr=19 cfg=4 gcfg=0x0 acfg=0x8 icfg=0x30 ien=0x1 armed=1
[ACC] reads=19638 stale=19618 rderr=1 ax=55 ay=-21 az=1122
[PWR] pm=0x1 drift=0 rderr=0
[DWT] ok=1 cyc=3818398238 cyc_per_ms=800087
[HB] up_ms=435464 frames=19685 inf=19685 hazard=327 canary_err=0 q=0 qovr=0
[I2C] init=0 gate=0 whoami=0x140e0 wr=0 wrseen=0x27 addr=0x5a ok=121629 err=1 tmo=0 recov=0 pclk1=200000000 sysclk=400000000
[NAK] nacks=1
[CLK] cpu=800000000 sysb=400000000 pclk1=200000000
[TOF] res=0 step=0 id=0xeacc blk=0xeacc10 ctl=0x0
[RNG] init=0 step=99 id=0xeacc boot=1 calls=93 xerr=0 dm=1 tb=15
[RNG] osc=41 imp=881 imprb=881 mstart=0x40 cfg=91 cfgfail=0x0 vhv=0 vpolls=0
[PRT] calls=78861 xerr=0 ler=1 lidx=0x0 perr=0 maxcnt=17 addr8=0x52
[RTY] wr=0 wmax=0 wref=0  rd=0 rmax=0 rref=0
[RNG] frames=19687 last=30 min=12 max=159 nrdy=0 dxfer=0 dstat=0 lst=0 nrdyerr=0 dclr=0
[DRV] init=0 id=7 mode=0x1 lib=0x2 seq=0x1 odc=0x8b sts=0xe0 armed=1
[TRG] pulses=232 suppressed=95 cyc=1600 rst=1 rstmode=0x40
[HLT] polls=393 faults=0x0 cfglost=0
[EFF] n=5 last=58555 min=58548 max=58555 late=0 stuck=0 rderr=0
[IMU] init=0 addr=0x68 who=0x68 rst=1 pmrb0=0x40 pmrb=0x1 sr=19 cfg=4 gcfg=0x0 acfg=0x8 icfg=0x30 ien=0x1 armed=1
[ACC] reads=19688 stale=19668 rderr=1 ax=56 ay=-22 az=1123
[PWR] pm=0x1 drift=0 rderr=0
[DWT] ok=1 cyc=405006566 cyc_per_ms=799977
[HB] up_ms=436566 frames=19735 inf=19735 hazard=327 canary_err=0 q=0 qovr=0
[I2C] init=0 gate=0 whoami=0x140e0 wr=0 wrseen=0x27 addr=0x5a ok=121925 err=1 tmo=0 recov=0 pclk1=200000000 sysclk=400000000
[NAK] nacks=1
[CLK] cpu=800000000 sysb=400000000 pclk1=200000000
[TOF] res=0 step=0 id=0xeacc blk=0xeacc10 ctl=0x0
[RNG] init=0 step=99 id=0xeacc boot=1 calls=93 xerr=0 dm=1 tb=15
[RNG] osc=41 imp=881 imprb=881 mstart=0x40 cfg=91 cfgfail=0x0 vhv=0 vpolls=0
[PRT] calls=79061 xerr=0 ler=1 lidx=0x0 perr=0 maxcnt=17 addr8=0x52
[RTY] wr=0 wmax=0 wref=0  rd=0 rmax=0 rref=0
[RNG] frames=19737 last=39 min=12 max=159 nrdy=0 dxfer=0 dstat=0 lst=0 nrdyerr=0 dclr=0
[DRV] init=0 id=7 mode=0x1 lib=0x2 seq=0x1 odc=0x8b sts=0xe0 armed=1
[TRG] pulses=232 suppressed=95 cyc=1600 rst=1 rstmode=0x40
[HLT] polls=394 faults=0x0 cfglost=0
[EFF] n=5 last=58555 min=58548 max=58555 late=0 stuck=0 rderr=0
[IMU] init=0 addr=0x68 who=0x68 rst=1 pmrb0=0x40 pmrb=0x1 sr=19 cfg=4 gcfg=0x0 acfg=0x8 icfg=0x30 ien=0x1 armed=1
[ACC] reads=19738 stale=19718 rderr=1 ax=53 ay=-21 az=1124
[PWR] pm=0x1 drift=0 rderr=0
[DWT] ok=1 cyc=1286494306 cyc_per_ms=799898
[HB] up_ms=437668 frames=19785 inf=19785 hazard=328 canary_err=0 q=0 qovr=0
[I2C] init=0 gate=0 whoami=0x140e0 wr=0 wrseen=0x27 addr=0x5a ok=122227 err=1 tmo=0 recov=0 pclk1=200000000 sysclk=400000000
[NAK] nacks=1
[CLK] cpu=800000000 sysb=400000000 pclk1=200000000
[TOF] res=0 step=0 id=0xeacc blk=0xeacc10 ctl=0x0
[RNG] init=0 step=99 id=0xeacc boot=1 calls=93 xerr=0 dm=1 tb=15
[RNG] osc=41 imp=881 imprb=881 mstart=0x40 cfg=91 cfgfail=0x0 vhv=0 vpolls=0
[PRT] calls=79261 xerr=0 ler=1 lidx=0x0 perr=0 maxcnt=17 addr8=0x52
[RTY] wr=0 wmax=0 wref=0  rd=0 rmax=0 rref=0
[RNG] frames=19787 last=47 min=12 max=159 nrdy=0 dxfer=0 dstat=0 lst=0 nrdyerr=0 dclr=0
[DRV] init=0 id=7 mode=0x1 lib=0x2 seq=0x1 odc=0x8b sts=0xe0 armed=1
[TRG] pulses=233 suppressed=95 cyc=1600 rst=1 rstmode=0x40
[HLT] polls=395 faults=0x0 cfglost=0
[EFF] n=5 last=58555 min=58548 max=58555 late=0 stuck=0 rderr=0
[IMU] init=0 addr=0x68 who=0x68 rst=1 pmrb0=0x40 pmrb=0x1 sr=19 cfg=4 gcfg=0x0 acfg=0x8 icfg=0x30 ien=0x1 armed=1
[ACC] reads=19788 stale=19767 rderr=1 ax=50 ay=-18 az=1124
[PWR] pm=0x1 drift=1 rderr=0
[DWT] ok=1 cyc=2168094210 cyc_per_ms=799999
[HB] up_ms=438770 frames=19835 inf=19835 hazard=328 canary_err=0 q=0 qovr=0
[I2C] init=0 gate=0 whoami=0x140e0 wr=0 wrseen=0x27 addr=0x5a ok=122529 err=1 tmo=0 recov=0 pclk1=200000000 sysclk=400000000
[NAK] nacks=1
[CLK] cpu=800000000 sysb=400000000 pclk1=200000000
[TOF] res=0 step=0 id=0xeacc blk=0xeacc10 ctl=0x0
[RNG] init=0 step=99 id=0xeacc boot=1 calls=93 xerr=0 dm=1 tb=15
[RNG] osc=41 imp=881 imprb=881 mstart=0x40 cfg=91 cfgfail=0x0 vhv=0 vpolls=0
[PRT] calls=79461 xerr=0 ler=1 lidx=0x0 perr=0 maxcnt=17 addr8=0x52
[RTY] wr=0 wmax=0 wref=0  rd=0 rmax=0 rref=0
[RNG] frames=19837 last=44 min=12 max=159 nrdy=0 dxfer=0 dstat=0 lst=0 nrdyerr=0 dclr=0
[DRV] init=0 id=7 mode=0x1 lib=0x2 seq=0x1 odc=0x8b sts=0xe0 armed=1
[TRG] pulses=233 suppressed=95 cyc=1600 rst=1 rstmode=0x40
[HLT] polls=396 faults=0x0 cfglost=0
[EFF] n=5 last=58555 min=58548 max=58555 late=0 stuck=0 rderr=0
[IMU] init=0 addr=0x68 who=0x68 rst=1 pmrb0=0x40 pmrb=0x1 sr=19 cfg=4 gcfg=0x0 acfg=0x8 icfg=0x30 ien=0x1 armed=1
[ACC] reads=19838 stale=19817 rderr=1 ax=55 ay=-22 az=1125
[PWR] pm=0x1 drift=1 rderr=0
[DWT] ok=1 cyc=3049694254 cyc_per_ms=800000
[HB] up_ms=439872 frames=19885 inf=19885 hazard=328 canary_err=0 q=0 qovr=0
[I2C] init=0 gate=0 whoami=0x140e0 wr=0 wrseen=0x27 addr=0x5a ok=122831 err=1 tmo=0 recov=0 pclk1=200000000 sysclk=400000000
[NAK] nacks=1
[CLK] cpu=800000000 sysb=400000000 pclk1=200000000
[TOF] res=0 step=0 id=0xeacc blk=0xeacc10 ctl=0x0
[RNG] init=0 step=99 id=0xeacc boot=1 calls=93 xerr=0 dm=1 tb=15
[RNG] osc=41 imp=881 imprb=881 mstart=0x40 cfg=91 cfgfail=0x0 vhv=0 vpolls=0
[PRT] calls=79661 xerr=0 ler=1 lidx=0x0 perr=0 maxcnt=17 addr8=0x52
[RTY] wr=0 wmax=0 wref=0  rd=0 rmax=0 rref=0
[RNG] frames=19887 last=37 min=12 max=159 nrdy=0 dxfer=0 dstat=0 lst=0 nrdyerr=0 dclr=0
[DRV] init=0 id=7 mode=0x1 lib=0x2 seq=0x1 odc=0x8b sts=0xe0 armed=1
[TRG] pulses=233 suppressed=95 cyc=1600 rst=1 rstmode=0x40
[HLT] polls=397 faults=0x0 cfglost=0
[EFF] n=5 last=58555 min=58548 max=58555 late=0 stuck=0 rderr=0
[IMU] init=0 addr=0x68 who=0x68 rst=1 pmrb0=0x40 pmrb=0x1 sr=19 cfg=4 gcfg=0x0 acfg=0x8 icfg=0x30 ien=0x1 armed=1
[ACC] reads=19888 stale=19867 rderr=1 ax=54 ay=-22 az=1123
[PWR] pm=0x1 drift=1 rderr=0
[DWT] ok=1 cyc=3931294342 cyc_per_ms=800000
[HB] up_ms=440974 frames=19935 inf=19935 hazard=328 canary_err=0 q=0 qovr=0
[I2C] init=0 gate=0 whoami=0x140e0 wr=0 wrseen=0x27 addr=0x5a ok=123133 err=1 tmo=0 recov=0 pclk1=200000000 sysclk=400000000
[NAK] nacks=1
[CLK] cpu=800000000 sysb=400000000 pclk1=200000000
[TOF] res=0 step=0 id=0xeacc blk=0xeacc10 ctl=0x0
[RNG] init=0 step=99 id=0xeacc boot=1 calls=93 xerr=0 dm=1 tb=15
[RNG] osc=41 imp=881 imprb=881 mstart=0x40 cfg=91 cfgfail=0x0 vhv=0 vpolls=0
[PRT] calls=79861 xerr=0 ler=1 lidx=0x0 perr=0 maxcnt=17 addr8=0x52
[RTY] wr=0 wmax=0 wref=0  rd=0 rmax=0 rref=0
[RNG] frames=19937 last=37 min=12 max=159 nrdy=0 dxfer=0 dstat=0 lst=0 nrdyerr=0 dclr=0
[DRV] init=0 id=7 mode=0x1 lib=0x2 seq=0x1 odc=0x8b sts=0xe0 armed=1
[TRG] pulses=233 suppressed=95 cyc=1600 rst=1 rstmode=0x40
[HLT] polls=398 faults=0x0 cfglost=0
[EFF] n=5 last=58555 min=58548 max=58555 late=0 stuck=0 rderr=0
[IMU] init=0 addr=0x68 who=0x68 rst=1 pmrb0=0x40 pmrb=0x1 sr=19 cfg=4 gcfg=0x0 acfg=0x8 icfg=0x30 ien=0x1 armed=1
[ACC] reads=19938 stale=19917 rderr=1 ax=54 ay=-19 az=1120
[PWR] pm=0x1 drift=1 rderr=0
[DWT] ok=1 cyc=517927166 cyc_per_ms=800000
[HB] up_ms=442076 frames=19985 inf=19985 hazard=329 canary_err=0 q=0 qovr=0
[I2C] init=0 gate=0 whoami=0x140e0 wr=0 wrseen=0x27 addr=0x5a ok=123435 err=1 tmo=0 recov=0 pclk1=200000000 sysclk=400000000
[NAK] nacks=1
[CLK] cpu=800000000 sysb=400000000 pclk1=200000000
[TOF] res=0 step=0 id=0xeacc blk=0xeacc10 ctl=0x0
[RNG] init=0 step=99 id=0xeacc boot=1 calls=93 xerr=0 dm=1 tb=15
[RNG] osc=41 imp=881 imprb=881 mstart=0x40 cfg=91 cfgfail=0x0 vhv=0 vpolls=0
[PRT] calls=80057 xerr=0 ler=1 lidx=0x0 perr=0 maxcnt=17 addr8=0x52
[RTY] wr=0 wmax=0 wref=0  rd=0 rmax=0 rref=0
[RNG] frames=19987 last=35 min=12 max=159 nrdy=0 dxfer=0 dstat=0 lst=0 nrdyerr=0 dclr=0
[DRV] init=0 id=7 mode=0x1 lib=0x2 seq=0x1 odc=0x8b sts=0xe0 armed=1
[TRG] pulses=234 suppressed=95 cyc=1600 rst=1 rstmode=0x40
[HLT] polls=399 faults=0x0 cfglost=0
[EFF] n=5 last=58555 min=58548 max=58555 late=0 stuck=0 rderr=0
[IMU] init=0 addr=0x68 who=0x68 rst=1 pmrb0=0x40 pmrb=0x1 sr=19 cfg=4 gcfg=0x0 acfg=0x8 icfg=0x30 ien=0x1 armed=1
[ACC] reads=19988 stale=19966 rderr=1 ax=55 ay=-21 az=1125
[PWR] pm=0x1 drift=1 rderr=0
[DWT] ok=1 cyc=1399526926 cyc_per_ms=799999
[HB] up_ms=443178 frames=20035 inf=20035 hazard=329 canary_err=0 q=0 qovr=0
[I2C] init=0 gate=0 whoami=0x140e0 wr=0 wrseen=0x27 addr=0x5a ok=123737 err=1 tmo=0 recov=0 pclk1=200000000 sysclk=400000000
[NAK] nacks=1
[CLK] cpu=800000000 sysb=400000000 pclk1=200000000
[TOF] res=0 step=0 id=0xeacc blk=0xeacc10 ctl=0x0
[RNG] init=0 step=99 id=0xeacc boot=1 calls=93 xerr=0 dm=1 tb=15
[RNG] osc=41 imp=881 imprb=881 mstart=0x40 cfg=91 cfgfail=0x0 vhv=0 vpolls=0
[PRT] calls=80257 xerr=0 ler=1 lidx=0x0 perr=0 maxcnt=17 addr8=0x52
[RTY] wr=0 wmax=0 wref=0  rd=0 rmax=0 rref=0
[RNG] frames=20037 last=27 min=12 max=159 nrdy=0 dxfer=0 dstat=0 lst=0 nrdyerr=0 dclr=0
[DRV] init=0 id=7 mode=0x1 lib=0x2 seq=0x1 odc=0x8b sts=0xe0 armed=1
[TRG] pulses=234 suppressed=95 cyc=1600 rst=1 rstmode=0x40
[HLT] polls=400 faults=0x0 cfglost=0
[EFF] n=5 last=58555 min=58548 max=58555 late=0 stuck=0 rderr=0
[IMU] init=0 addr=0x68 who=0x68 rst=1 pmrb0=0x40 pmrb=0x1 sr=19 cfg=4 gcfg=0x0 acfg=0x8 icfg=0x30 ien=0x1 armed=1
[ACC] reads=20037 stale=20015 rderr=1 ax=54 ay=-20 az=1121
[PWR] pm=0x1 drift=1 rderr=0
[DWT] ok=1 cyc=2281126934 cyc_per_ms=800000
[HB] up_ms=444280 frames=20084 inf=20084 hazard=329 canary_err=0 q=0 qovr=0
[I2C] init=0 gate=0 whoami=0x140e0 wr=0 wrseen=0x27 addr=0x5a ok=124039 err=1 tmo=0 recov=0 pclk1=200000000 sysclk=400000000
[NAK] nacks=1
[CLK] cpu=800000000 sysb=400000000 pclk1=200000000
[TOF] res=0 step=0 id=0xeacc blk=0xeacc10 ctl=0x0
[RNG] init=0 step=99 id=0xeacc boot=1 calls=93 xerr=0 dm=1 tb=15
[RNG] osc=41 imp=881 imprb=881 mstart=0x40 cfg=91 cfgfail=0x0 vhv=0 vpolls=0
[PRT] calls=80457 xerr=0 ler=1 lidx=0x0 perr=0 maxcnt=17 addr8=0x52
[RTY] wr=0 wmax=0 wref=0  rd=0 rmax=0 rref=0
[RNG] frames=20087 last=38 min=12 max=159 nrdy=0 dxfer=0 dstat=0 lst=0 nrdyerr=0 dclr=0
[DRV] init=0 id=7 mode=0x1 lib=0x2 seq=0x1 odc=0x8b sts=0xe0 armed=1
[TRG] pulses=234 suppressed=95 cyc=1600 rst=1 rstmode=0x40
[HLT] polls=401 faults=0x0 cfglost=0
[EFF] n=5 last=58555 min=58548 max=58555 late=0 stuck=0 rderr=0
[IMU] init=0 addr=0x68 who=0x68 rst=1 pmrb0=0x40 pmrb=0x1 sr=19 cfg=4 gcfg=0x0 acfg=0x8 icfg=0x30 ien=0x1 armed=1
[ACC] reads=20087 stale=20065 rderr=1 ax=54 ay=-21 az=1119
[PWR] pm=0x1 drift=1 rderr=0
[DWT] ok=1 cyc=3162862802 cyc_per_ms=800123
[HB] up_ms=445382 frames=20134 inf=20134 hazard=332 canary_err=0 q=0 qovr=0
[I2C] init=0 gate=0 whoami=0x140e0 wr=0 wrseen=0x27 addr=0x5a ok=124341 err=1 tmo=0 recov=0 pclk1=200000000 sysclk=400000000
[NAK] nacks=1
[CLK] cpu=800000000 sysb=400000000 pclk1=200000000
[TOF] res=0 step=0 id=0xeacc blk=0xeacc10 ctl=0x0
[RNG] init=0 step=99 id=0xeacc boot=1 calls=93 xerr=0 dm=1 tb=15
[RNG] osc=41 imp=881 imprb=881 mstart=0x40 cfg=91 cfgfail=0x0 vhv=0 vpolls=0
[PRT] calls=80657 xerr=0 ler=1 lidx=0x0 perr=0 maxcnt=17 addr8=0x52
[RTY] wr=0 wmax=0 wref=0  rd=0 rmax=0 rref=0
[RNG] frames=20137 last=39 min=12 max=159 nrdy=0 dxfer=0 dstat=0 lst=0 nrdyerr=0 dclr=0
[DRV] init=0 id=7 mode=0x1 lib=0x2 seq=0x1 odc=0x8b sts=0xe0 armed=1
[TRG] pulses=236 suppressed=96 cyc=1600 rst=1 rstmode=0x40
[HLT] polls=402 faults=0x0 cfglost=0
[EFF] n=5 last=58555 min=58548 max=58555 late=0 stuck=0 rderr=0
[IMU] init=0 addr=0x68 who=0x68 rst=1 pmrb0=0x40 pmrb=0x1 sr=19 cfg=4 gcfg=0x0 acfg=0x8 icfg=0x30 ien=0x1 armed=1
[ACC] reads=20137 stale=20115 rderr=1 ax=55 ay=-19 az=1125
[PWR] pm=0x1 drift=1 rderr=0
[DWT] ok=1 cyc=4044463710 cyc_per_ms=800000
[HB] up_ms=446484 frames=20184 inf=20184 hazard=332 canary_err=0 q=0 qovr=0
[I2C] init=0 gate=0 whoami=0x140e0 wr=0 wrseen=0x27 addr=0x5a ok=124639 err=1 tmo=0 recov=0 pclk1=200000000 sysclk=400000000
[NAK] nacks=1
[CLK] cpu=800000000 sysb=400000000 pclk1=200000000
[TOF] res=0 step=0 id=0xeacc blk=0xeacc10 ctl=0x0
[RNG] init=0 step=99 id=0xeacc boot=1 calls=93 xerr=0 dm=1 tb=15
[RNG] osc=41 imp=881 imprb=881 mstart=0x40 cfg=91 cfgfail=0x0 vhv=0 vpolls=0
[PRT] calls=80857 xerr=0 ler=1 lidx=0x0 perr=0 maxcnt=17 addr8=0x52
[RTY] wr=0 wmax=0 wref=0  rd=0 rmax=0 rref=0
[RNG] frames=20186 last=33 min=12 max=159 nrdy=0 dxfer=0 dstat=0 lst=0 nrdyerr=0 dclr=0
[DRV] init=0 id=7 mode=0x1 lib=0x2 seq=0x1 odc=0x8b sts=0xe0 armed=1
[TRG] pulses=236 suppressed=96 cyc=1600 rst=1 rstmode=0x40
[HLT] polls=403 faults=0x0 cfglost=0
[EFF] n=5 last=58555 min=58548 max=58555 late=0 stuck=0 rderr=0
[IMU] init=0 addr=0x68 who=0x68 rst=1 pmrb0=0x40 pmrb=0x1 sr=19 cfg=4 gcfg=0x0 acfg=0x8 icfg=0x30 ien=0x1 armed=1
[ACC] reads=20187 stale=20165 rderr=1 ax=55 ay=-21 az=1125
[PWR] pm=0x1 drift=1 rderr=0
[DWT] ok=1 cyc=630959750 cyc_per_ms=799875
[HB] up_ms=447586 frames=20234 inf=20234 hazard=332 canary_err=0 q=0 qovr=0
[I2C] init=0 gate=0 whoami=0x140e0 wr=0 wrseen=0x27 addr=0x5a ok=124939 err=1 tmo=0 recov=0 pclk1=200000000 sysclk=400000000
[NAK] nacks=1
[CLK] cpu=800000000 sysb=400000000 pclk1=200000000
[TOF] res=0 step=0 id=0xeacc blk=0xeacc10 ctl=0x0
[RNG] init=0 step=99 id=0xeacc boot=1 calls=93 xerr=0 dm=1 tb=15
[RNG] osc=41 imp=881 imprb=881 mstart=0x40 cfg=91 cfgfail=0x0 vhv=0 vpolls=0
[PRT] calls=81057 xerr=0 ler=1 lidx=0x0 perr=0 maxcnt=17 addr8=0x52
[RTY] wr=0 wmax=0 wref=0  rd=0 rmax=0 rref=0
[RNG] frames=20236 last=38 min=12 max=159 nrdy=0 dxfer=0 dstat=0 lst=0 nrdyerr=0 dclr=0
[DRV] init=0 id=7 mode=0x1 lib=0x2 seq=0x1 odc=0x8b sts=0xe0 armed=1
[TRG] pulses=236 suppressed=96 cyc=1600 rst=1 rstmode=0x40
[HLT] polls=404 faults=0x0 cfglost=0
[EFF] n=5 last=58555 min=58548 max=58555 late=0 stuck=0 rderr=0
[IMU] init=0 addr=0x68 who=0x68 rst=1 pmrb0=0x40 pmrb=0x1 sr=19 cfg=4 gcfg=0x0 acfg=0x8 icfg=0x30 ien=0x1 armed=1
[ACC] reads=20237 stale=20215 rderr=1 ax=55 ay=-21 az=1125
[PWR] pm=0x1 drift=1 rderr=0
[DWT] ok=1 cyc=1512559818 cyc_per_ms=800000
[HB] up_ms=448688 frames=20284 inf=20284 hazard=333 canary_err=0 q=0 qovr=0
[I2C] init=0 gate=0 whoami=0x140e0 wr=0 wrseen=0x27 addr=0x5a ok=125241 err=1 tmo=0 recov=0 pclk1=200000000 sysclk=400000000
[NAK] nacks=1
[CLK] cpu=800000000 sysb=400000000 pclk1=200000000
[TOF] res=0 step=0 id=0xeacc blk=0xeacc10 ctl=0x0
[RNG] init=0 step=99 id=0xeacc boot=1 calls=93 xerr=0 dm=1 tb=15
[RNG] osc=41 imp=881 imprb=881 mstart=0x40 cfg=91 cfgfail=0x0 vhv=0 vpolls=0
[PRT] calls=81257 xerr=0 ler=1 lidx=0x0 perr=0 maxcnt=17 addr8=0x52
[RTY] wr=0 wmax=0 wref=0  rd=0 rmax=0 rref=0
[RNG] frames=20286 last=41 min=12 max=159 nrdy=0 dxfer=0 dstat=0 lst=0 nrdyerr=0 dclr=0
[DRV] init=0 id=7 mode=0x1 lib=0x2 seq=0x1 odc=0x8b sts=0xe0 armed=1
[TRG] pulses=237 suppressed=96 cyc=1600 rst=1 rstmode=0x40
[HLT] polls=405 faults=0x0 cfglost=0
[EFF] n=5 last=58555 min=58548 max=58555 late=0 stuck=0 rderr=0
[IMU] init=0 addr=0x68 who=0x68 rst=1 pmrb0=0x40 pmrb=0x1 sr=19 cfg=4 gcfg=0x0 acfg=0x8 icfg=0x30 ien=0x1 armed=1
[ACC] reads=20287 stale=20265 rderr=1 ax=54 ay=-18 az=1121
[PWR] pm=0x1 drift=1 rderr=0
[DWT] ok=1 cyc=2394159722 cyc_per_ms=799999
[HB] up_ms=449790 frames=20334 inf=20334 hazard=333 canary_err=0 q=0 qovr=0
[I2C] init=0 gate=0 whoami=0x140e0 wr=0 wrseen=0x27 addr=0x5a ok=125543 err=1 tmo=0 recov=0 pclk1=200000000 sysclk=400000000
[NAK] nacks=1
[CLK] cpu=800000000 sysb=400000000 pclk1=200000000
[TOF] res=0 step=0 id=0xeacc blk=0xeacc10 ctl=0x0
[RNG] init=0 step=99 id=0xeacc boot=1 calls=93 xerr=0 dm=1 tb=15
[RNG] osc=41 imp=881 imprb=881 mstart=0x40 cfg=91 cfgfail=0x0 vhv=0 vpolls=0
[PRT] calls=81457 xerr=0 ler=1 lidx=0x0 perr=0 maxcnt=17 addr8=0x52
[RTY] wr=0 wmax=0 wref=0  rd=0 rmax=0 rref=0
[RNG] frames=20336 last=39 min=12 max=159 nrdy=0 dxfer=0 dstat=0 lst=0 nrdyerr=0 dclr=0
[DRV] init=0 id=7 mode=0x1 lib=0x2 seq=0x1 odc=0x8b sts=0xe0 armed=1
[TRG] pulses=237 suppressed=96 cyc=1600 rst=1 rstmode=0x40
[HLT] polls=406 faults=0x0 cfglost=0
[EFF] n=5 last=58555 min=58548 max=58555 late=0 stuck=0 rderr=0
[IMU] init=0 addr=0x68 who=0x68 rst=1 pmrb0=0x40 pmrb=0x1 sr=19 cfg=4 gcfg=0x0 acfg=0x8 icfg=0x30 ien=0x1 armed=1
[ACC] reads=20337 stale=20315 rderr=1 ax=54 ay=-21 az=1120
[PWR] pm=0x1 drift=1 rderr=0
[DWT] ok=1 cyc=3275759622 cyc_per_ms=799999
[HB] up_ms=450892 frames=20384 inf=20384 hazard=335 canary_err=0 q=0 qovr=0
[I2C] init=0 gate=0 whoami=0x140e0 wr=0 wrseen=0x27 addr=0x5a ok=125845 err=1 tmo=0 recov=0 pclk1=200000000 sysclk=400000000
[NAK] nacks=1
[CLK] cpu=800000000 sysb=400000000 pclk1=200000000
[TOF] res=0 step=0 id=0xeacc blk=0xeacc10 ctl=0x0
[RNG] init=0 step=99 id=0xeacc boot=1 calls=93 xerr=0 dm=1 tb=15
[RNG] osc=41 imp=881 imprb=881 mstart=0x40 cfg=91 cfgfail=0x0 vhv=0 vpolls=0
[PRT] calls=81657 xerr=0 ler=1 lidx=0x0 perr=0 maxcnt=17 addr8=0x52
[RTY] wr=0 wmax=0 wref=0  rd=0 rmax=0 rref=0
[RNG] frames=20386 last=33 min=12 max=159 nrdy=0 dxfer=0 dstat=0 lst=0 nrdyerr=0 dclr=0
[DRV] init=0 id=7 mode=0x1 lib=0x2 seq=0x1 odc=0x8b sts=0xe0 armed=1
[TRG] pulses=238 suppressed=97 cyc=1600 rst=1 rstmode=0x40
[HLT] polls=407 faults=0x0 cfglost=0
[EFF] n=5 last=58555 min=58548 max=58555 late=0 stuck=0 rderr=0
[IMU] init=0 addr=0x68 who=0x68 rst=1 pmrb0=0x40 pmrb=0x1 sr=19 cfg=4 gcfg=0x0 acfg=0x8 icfg=0x30 ien=0x1 armed=1
[ACC] reads=20387 stale=20364 rderr=1 ax=54 ay=-20 az=1123
[PWR] pm=0x1 drift=1 rderr=0
[DWT] ok=1 cyc=4157359714 cyc_per_ms=800000
[HB] up_ms=451994 frames=20434 inf=20434 hazard=336 canary_err=0 q=0 qovr=0
[I2C] init=0 gate=0 whoami=0x140e0 wr=0 wrseen=0x27 addr=0x5a ok=126147 err=1 tmo=0 recov=0 pclk1=200000000 sysclk=400000000
[NAK] nacks=1
[CLK] cpu=800000000 sysb=400000000 pclk1=200000000
[TOF] res=0 step=0 id=0xeacc blk=0xeacc10 ctl=0x0
[RNG] init=0 step=99 id=0xeacc boot=1 calls=93 xerr=0 dm=1 tb=15
[RNG] osc=41 imp=881 imprb=881 mstart=0x40 cfg=91 cfgfail=0x0 vhv=0 vpolls=0
[PRT] calls=81856 xerr=0 ler=1 lidx=0x0 perr=0 maxcnt=17 addr8=0x52
[RTY] wr=0 wmax=0 wref=0  rd=0 rmax=0 rref=0
[RNG] frames=20436 last=32 min=12 max=159 nrdy=0 dxfer=0 dstat=0 lst=0 nrdyerr=0 dclr=0
[DRV] init=0 id=7 mode=0x1 lib=0x2 seq=0x1 odc=0x8b sts=0xe0 armed=1
[TRG] pulses=239 suppressed=97 cyc=1600 rst=1 rstmode=0x40
[HLT] polls=408 faults=0x0 cfglost=0
[EFF] n=5 last=58555 min=58548 max=58555 late=0 stuck=0 rderr=0
[IMU] init=0 addr=0x68 who=0x68 rst=1 pmrb0=0x40 pmrb=0x1 sr=19 cfg=4 gcfg=0x0 acfg=0x8 icfg=0x30 ien=0x1 armed=1
[ACC] reads=20437 stale=20414 rderr=1 ax=55 ay=-20 az=1126
[PWR] pm=0x1 drift=1 rderr=0
[DWT] ok=1 cyc=743992306 cyc_per_ms=799999
[HB] up_ms=453096 frames=20484 inf=20484 hazard=336 canary_err=0 q=0 qovr=0
[I2C] init=0 gate=0 whoami=0x140e0 wr=0 wrseen=0x27 addr=0x5a ok=126449 err=1 tmo=0 recov=0 pclk1=200000000 sysclk=400000000
[NAK] nacks=1
[CLK] cpu=800000000 sysb=400000000 pclk1=200000000
[TOF] res=0 step=0 id=0xeacc blk=0xeacc10 ctl=0x0
[RNG] init=0 step=99 id=0xeacc boot=1 calls=93 xerr=0 dm=1 tb=15
[RNG] osc=41 imp=881 imprb=881 mstart=0x40 cfg=91 cfgfail=0x0 vhv=0 vpolls=0
[PRT] calls=82053 xerr=0 ler=1 lidx=0x0 perr=0 maxcnt=17 addr8=0x52
[RTY] wr=0 wmax=0 wref=0  rd=0 rmax=0 rref=0
[RNG] frames=20486 last=37 min=12 max=159 nrdy=0 dxfer=0 dstat=0 lst=0 nrdyerr=0 dclr=0
[DRV] init=0 id=7 mode=0x1 lib=0x2 seq=0x1 odc=0x8b sts=0xe0 armed=1
[TRG] pulses=239 suppressed=97 cyc=1600 rst=1 rstmode=0x40
[HLT] polls=409 faults=0x0 cfglost=0
[EFF] n=5 last=58555 min=58548 max=58555 late=0 stuck=0 rderr=0
[IMU] init=0 addr=0x68 who=0x68 rst=1 pmrb0=0x40 pmrb=0x1 sr=19 cfg=4 gcfg=0x0 acfg=0x8 icfg=0x30 ien=0x1 armed=1
[ACC] reads=20486 stale=20463 rderr=1 ax=54 ay=-22 az=1124
[PWR] pm=0x1 drift=1 rderr=0
[DWT] ok=1 cyc=1625592422 cyc_per_ms=800000
[HB] up_ms=454198 frames=20533 inf=20533 hazard=336 canary_err=0 q=0 qovr=0
[I2C] init=0 gate=0 whoami=0x140e0 wr=0 wrseen=0x27 addr=0x5a ok=126751 err=1 tmo=0 recov=0 pclk1=200000000 sysclk=400000000
[NAK] nacks=1
[CLK] cpu=800000000 sysb=400000000 pclk1=200000000
[TOF] res=0 step=0 id=0xeacc blk=0xeacc10 ctl=0x0
[RNG] init=0 step=99 id=0xeacc boot=1 calls=93 xerr=0 dm=1 tb=15
[RNG] osc=41 imp=881 imprb=881 mstart=0x40 cfg=91 cfgfail=0x0 vhv=0 vpolls=0
[PRT] calls=82253 xerr=0 ler=1 lidx=0x0 perr=0 maxcnt=17 addr8=0x52
[RTY] wr=0 wmax=0 wref=0  rd=0 rmax=0 rref=0
[RNG] frames=20536 last=41 min=12 max=159 nrdy=0 dxfer=0 dstat=0 lst=0 nrdyerr=0 dclr=0
[DRV] init=0 id=7 mode=0x1 lib=0x2 seq=0x1 odc=0x8b sts=0xe0 armed=1
[TRG] pulses=239 suppressed=97 cyc=1600 rst=1 rstmode=0x40
[HLT] polls=410 faults=0x0 cfglost=0
[EFF] n=5 last=58555 min=58548 max=58555 late=0 stuck=0 rderr=0
[IMU] init=0 addr=0x68 who=0x68 rst=1 pmrb0=0x40 pmrb=0x1 sr=19 cfg=4 gcfg=0x0 acfg=0x8 icfg=0x30 ien=0x1 armed=1
[ACC] reads=20536 stale=20512 rderr=1 ax=54 ay=-20 az=1125
[PWR] pm=0x1 drift=1 rderr=0
[DWT] ok=1 cyc=2507232934 cyc_per_ms=800036
[HB] up_ms=455300 frames=20583 inf=20583 hazard=337 canary_err=0 q=0 qovr=0
[I2C] init=0 gate=0 whoami=0x140e0 wr=0 wrseen=0x27 addr=0x5a ok=127053 err=1 tmo=0 recov=0 pclk1=200000000 sysclk=400000000
[NAK] nacks=1
[CLK] cpu=800000000 sysb=400000000 pclk1=200000000
[TOF] res=0 step=0 id=0xeacc blk=0xeacc10 ctl=0x0
[RNG] init=0 step=99 id=0xeacc boot=1 calls=93 xerr=0 dm=1 tb=15
[RNG] osc=41 imp=881 imprb=881 mstart=0x40 cfg=91 cfgfail=0x0 vhv=0 vpolls=0
[PRT] calls=82453 xerr=0 ler=1 lidx=0x0 perr=0 maxcnt=17 addr8=0x52
[RTY] wr=0 wmax=0 wref=0  rd=0 rmax=0 rref=0
[RNG] frames=20586 last=31 min=12 max=159 nrdy=0 dxfer=0 dstat=0 lst=0 nrdyerr=0 dclr=0
[DRV] init=0 id=7 mode=0x1 lib=0x2 seq=0x1 odc=0x8b sts=0xe0 armed=1
[TRG] pulses=240 suppressed=97 cyc=1600 rst=1 rstmode=0x40
[HLT] polls=411 faults=0x0 cfglost=0
[EFF] n=5 last=58555 min=58548 max=58555 late=0 stuck=0 rderr=0
[IMU] init=0 addr=0x68 who=0x68 rst=1 pmrb0=0x40 pmrb=0x1 sr=19 cfg=4 gcfg=0x0 acfg=0x8 icfg=0x30 ien=0x1 armed=1
[ACC] reads=20586 stale=20562 rderr=1 ax=53 ay=-21 az=1123
[PWR] pm=0x1 drift=1 rderr=0
[DWT] ok=1 cyc=3388929142 cyc_per_ms=800087
[HB] up_ms=456402 frames=20633 inf=20633 hazard=339 canary_err=0 q=0 qovr=0
[I2C] init=0 gate=0 whoami=0x140e0 wr=0 wrseen=0x27 addr=0x5a ok=127355 err=1 tmo=0 recov=0 pclk1=200000000 sysclk=400000000
[NAK] nacks=1
[CLK] cpu=800000000 sysb=400000000 pclk1=200000000
[TOF] res=0 step=0 id=0xeacc blk=0xeacc10 ctl=0x0
[RNG] init=0 step=99 id=0xeacc boot=1 calls=93 xerr=0 dm=1 tb=15
[RNG] osc=41 imp=881 imprb=881 mstart=0x40 cfg=91 cfgfail=0x0 vhv=0 vpolls=0
[PRT] calls=82653 xerr=0 ler=1 lidx=0x0 perr=0 maxcnt=17 addr8=0x52
[RTY] wr=0 wmax=0 wref=0  rd=0 rmax=0 rref=0
[RNG] frames=20635 last=52 min=12 max=159 nrdy=0 dxfer=0 dstat=0 lst=0 nrdyerr=0 dclr=0
[DRV] init=0 id=7 mode=0x1 lib=0x2 seq=0x1 odc=0x8b sts=0xe0 armed=1
[TRG] pulses=241 suppressed=98 cyc=1600 rst=1 rstmode=0x40
[HLT] polls=412 faults=0x0 cfglost=0
[EFF] n=5 last=58555 min=58548 max=58555 late=0 stuck=0 rderr=0
[IMU] init=0 addr=0x68 who=0x68 rst=1 pmrb0=0x40 pmrb=0x1 sr=19 cfg=4 gcfg=0x0 acfg=0x8 icfg=0x30 ien=0x1 armed=1
[ACC] reads=20636 stale=20612 rderr=1 ax=54 ay=-21 az=1120
[PWR] pm=0x1 drift=1 rderr=0
[DWT] ok=1 cyc=4270504758 cyc_per_ms=799977
[HB] up_ms=457504 frames=20683 inf=20683 hazard=340 canary_err=0 q=0 qovr=0
[I2C] init=0 gate=0 whoami=0x140e0 wr=0 wrseen=0x27 addr=0x5a ok=127651 err=1 tmo=0 recov=0 pclk1=200000000 sysclk=400000000
[NAK] nacks=1
[CLK] cpu=800000000 sysb=400000000 pclk1=200000000
[TOF] res=0 step=0 id=0xeacc blk=0xeacc10 ctl=0x0
[RNG] init=0 step=99 id=0xeacc boot=1 calls=93 xerr=0 dm=1 tb=15
[RNG] osc=41 imp=881 imprb=881 mstart=0x40 cfg=91 cfgfail=0x0 vhv=0 vpolls=0
[PRT] calls=82853 xerr=0 ler=1 lidx=0x0 perr=0 maxcnt=17 addr8=0x52
[RTY] wr=0 wmax=0 wref=0  rd=0 rmax=0 rref=0
[RNG] frames=20685 last=32 min=12 max=159 nrdy=0 dxfer=0 dstat=0 lst=0 nrdyerr=0 dclr=0
[DRV] init=0 id=7 mode=0x1 lib=0x2 seq=0x1 odc=0x8b sts=0xe0 armed=1
[TRG] pulses=242 suppressed=98 cyc=1600 rst=1 rstmode=0x40
[HLT] polls=413 faults=0x0 cfglost=0
[EFF] n=5 last=58555 min=58548 max=58555 late=0 stuck=0 rderr=0
[IMU] init=0 addr=0x68 who=0x68 rst=1 pmrb0=0x40 pmrb=0x1 sr=19 cfg=4 gcfg=0x0 acfg=0x8 icfg=0x30 ien=0x1 armed=1
[ACC] reads=20686 stale=20662 rderr=1 ax=56 ay=-18 az=1123
[PWR] pm=0x1 drift=1 rderr=0
[DWT] ok=1 cyc=857025170 cyc_per_ms=799898
[HB] up_ms=458606 frames=20733 inf=20733 hazard=341 canary_err=0 q=0 qovr=0
[I2C] init=0 gate=0 whoami=0x140e0 wr=0 wrseen=0x27 addr=0x5a ok=127953 err=1 tmo=0 recov=0 pclk1=200000000 sysclk=400000000
[NAK] nacks=1
[CLK] cpu=800000000 sysb=400000000 pclk1=200000000
[TOF] res=0 step=0 id=0xeacc blk=0xeacc10 ctl=0x0
[RNG] init=0 step=99 id=0xeacc boot=1 calls=93 xerr=0 dm=1 tb=15
[RNG] osc=41 imp=881 imprb=881 mstart=0x40 cfg=91 cfgfail=0x0 vhv=0 vpolls=0
[PRT] calls=83053 xerr=0 ler=1 lidx=0x0 perr=0 maxcnt=17 addr8=0x52
[RTY] wr=0 wmax=0 wref=0  rd=0 rmax=0 rref=0
[RNG] frames=20735 last=35 min=12 max=159 nrdy=0 dxfer=0 dstat=0 lst=0 nrdyerr=0 dclr=0
[DRV] init=0 id=7 mode=0x1 lib=0x2 seq=0x1 odc=0x8b sts=0xe0 armed=1
[TRG] pulses=243 suppressed=98 cyc=1600 rst=1 rstmode=0x40
[HLT] polls=414 faults=0x0 cfglost=0
[EFF] n=5 last=58555 min=58548 max=58555 late=0 stuck=0 rderr=0
[IMU] init=0 addr=0x68 who=0x68 rst=1 pmrb0=0x40 pmrb=0x1 sr=19 cfg=4 gcfg=0x0 acfg=0x8 icfg=0x30 ien=0x1 armed=1
[ACC] reads=20736 stale=20712 rderr=1 ax=54 ay=-19 az=1122
[PWR] pm=0x1 drift=1 rderr=0
[DWT] ok=1 cyc=1738625022 cyc_per_ms=799999
[HB] up_ms=459708 frames=20783 inf=20783 hazard=342 canary_err=0 q=0 qovr=0
[I2C] init=0 gate=0 whoami=0x140e0 wr=0 wrseen=0x27 addr=0x5a ok=128255 err=1 tmo=0 recov=1 pclk1=200000000 sysclk=400000000
[NAK] nacks=1
[CLK] cpu=800000000 sysb=400000000 pclk1=200000000
[TOF] res=0 step=0 id=0xeacc blk=0xeacc10 ctl=0x0
[RNG] init=0 step=99 id=0xeacc boot=1 calls=93 xerr=0 dm=1 tb=15
[RNG] osc=41 imp=881 imprb=881 mstart=0x40 cfg=91 cfgfail=0x0 vhv=0 vpolls=0
[PRT] calls=83249 xerr=0 ler=1 lidx=0x0 perr=0 maxcnt=17 addr8=0x52
[RTY] wr=0 wmax=0 wref=0  rd=0 rmax=0 rref=0
[RNG] frames=20785 last=27 min=12 max=159 nrdy=0 dxfer=0 dstat=0 lst=0 nrdyerr=0 dclr=0
[DRV] init=0 id=7 mode=0x1 lib=0x2 seq=0x1 odc=0x8b sts=0xe0 armed=1
[TRG] pulses=244 suppressed=98 cyc=1600 rst=1 rstmode=0x40
[HLT] polls=415 faults=0x0 cfglost=0
[EFF] n=5 last=58555 min=58548 max=58555 late=0 stuck=0 rderr=0
[IMU] init=0 addr=0x68 who=0x68 rst=1 pmrb0=0x40 pmrb=0x1 sr=19 cfg=4 gcfg=0x0 acfg=0x8 icfg=0x30 ien=0x1 armed=1
[ACC] reads=20786 stale=20762 rderr=1 ax=53 ay=-20 az=1121
[PWR] pm=0x1 drift=1 rderr=0
[DWT] ok=1 cyc=2620225038 cyc_per_ms=800000
[HB] up_ms=460810 frames=20833 inf=20833 hazard=342 canary_err=0 q=0 qovr=0
[I2C] init=0 gate=0 whoami=0x140e0 wr=0 wrseen=0x27 addr=0x5a ok=128557 err=1 tmo=0 recov=1 pclk1=200000000 sysclk=400000000
[NAK] nacks=1
[CLK] cpu=800000000 sysb=400000000 pclk1=200000000
[TOF] res=0 step=0 id=0xeacc blk=0xeacc10 ctl=0x0
[RNG] init=0 step=99 id=0xeacc boot=1 calls=93 xerr=0 dm=1 tb=15
[RNG] osc=41 imp=881 imprb=881 mstart=0x40 cfg=91 cfgfail=0x0 vhv=0 vpolls=0
[PRT] calls=83449 xerr=0 ler=1 lidx=0x0 perr=0 maxcnt=17 addr8=0x52
[RTY] wr=0 wmax=0 wref=0  rd=0 rmax=0 rref=0
[RNG] frames=20835 last=45 min=12 max=159 nrdy=0 dxfer=0 dstat=0 lst=0 nrdyerr=0 dclr=0
[DRV] init=0 id=7 mode=0x1 lib=0x2 seq=0x1 odc=0x8b sts=0xe0 armed=1
[TRG] pulses=244 suppressed=98 cyc=1600 rst=1 rstmode=0x40
[HLT] polls=416 faults=0x0 cfglost=0
[EFF] n=5 last=58555 min=58548 max=58555 late=0 stuck=0 rderr=0
[IMU] init=0 addr=0x68 who=0x68 rst=1 pmrb0=0x40 pmrb=0x1 sr=19 cfg=4 gcfg=0x0 acfg=0x8 icfg=0x30 ien=0x1 armed=1
[ACC] reads=20835 stale=20811 rderr=1 ax=57 ay=-20 az=1123
[PWR] pm=0x1 drift=1 rderr=0
[DWT] ok=1 cyc=3501825146 cyc_per_ms=800000
[HB] up_ms=461912 frames=20882 inf=20882 hazard=342 canary_err=0 q=0 qovr=0
[I2C] init=0 gate=0 whoami=0x140e0 wr=0 wrseen=0x27 addr=0x5a ok=128859 err=1 tmo=0 recov=1 pclk1=200000000 sysclk=400000000
[NAK] nacks=1
[CLK] cpu=800000000 sysb=400000000 pclk1=200000000
[TOF] res=0 step=0 id=0xeacc blk=0xeacc10 ctl=0x0
[RNG] init=0 step=99 id=0xeacc boot=1 calls=93 xerr=0 dm=1 tb=15
[RNG] osc=41 imp=881 imprb=881 mstart=0x40 cfg=91 cfgfail=0x0 vhv=0 vpolls=0
[PRT] calls=83649 xerr=0 ler=1 lidx=0x0 perr=0 maxcnt=17 addr8=0x52
[RTY] wr=0 wmax=0 wref=0  rd=0 rmax=0 rref=0
[RNG] frames=20885 last=42 min=12 max=159 nrdy=0 dxfer=0 dstat=0 lst=0 nrdyerr=0 dclr=0
[DRV] init=0 id=7 mode=0x1 lib=0x2 seq=0x1 odc=0x8b sts=0xe0 armed=1
[TRG] pulses=244 suppressed=98 cyc=1600 rst=1 rstmode=0x40
[HLT] polls=417 faults=0x0 cfglost=0
[EFF] n=5 last=58555 min=58548 max=58555 late=0 stuck=0 rderr=0
[IMU] init=0 addr=0x68 who=0x68 rst=1 pmrb0=0x40 pmrb=0x1 sr=19 cfg=4 gcfg=0x0 acfg=0x8 icfg=0x30 ien=0x1 armed=1
[ACC] reads=20885 stale=20861 rderr=1 ax=53 ay=-21 az=1125
[PWR] pm=0x1 drift=1 rderr=0
[DWT] ok=1 cyc=88593610 cyc_per_ms=800123
[HB] up_ms=463014 frames=20932 inf=20932 hazard=342 canary_err=0 q=0 qovr=0
[I2C] init=0 gate=0 whoami=0x140e0 wr=0 wrseen=0x27 addr=0x5a ok=129161 err=1 tmo=0 recov=1 pclk1=200000000 sysclk=400000000
[NAK] nacks=1
[CLK] cpu=800000000 sysb=400000000 pclk1=200000000
[TOF] res=0 step=0 id=0xeacc blk=0xeacc10 ctl=0x0
[RNG] init=0 step=99 id=0xeacc boot=1 calls=93 xerr=0 dm=1 tb=15
[RNG] osc=41 imp=881 imprb=881 mstart=0x40 cfg=91 cfgfail=0x0 vhv=0 vpolls=0
[PRT] calls=83849 xerr=0 ler=1 lidx=0x0 perr=0 maxcnt=17 addr8=0x52
[RTY] wr=0 wmax=0 wref=0  rd=0 rmax=0 rref=0
[RNG] frames=20935 last=33 min=12 max=159 nrdy=0 dxfer=0 dstat=0 lst=0 nrdyerr=0 dclr=0
[DRV] init=0 id=7 mode=0x1 lib=0x2 seq=0x1 odc=0x8b sts=0xe0 armed=1
[TRG] pulses=244 suppressed=98 cyc=1600 rst=1 rstmode=0x40
[HLT] polls=418 faults=0x0 cfglost=0
[EFF] n=5 last=58555 min=58548 max=58555 late=0 stuck=0 rderr=0
[IMU] init=0 addr=0x68 who=0x68 rst=1 pmrb0=0x40 pmrb=0x1 sr=19 cfg=4 gcfg=0x0 acfg=0x8 icfg=0x30 ien=0x1 armed=1
[ACC] reads=20935 stale=20911 rderr=1 ax=55 ay=-21 az=1124
[PWR] pm=0x1 drift=1 rderr=0
[DWT] ok=1 cyc=970194510 cyc_per_ms=800000
[HB] up_ms=464116 frames=20982 inf=20982 hazard=344 canary_err=0 q=0 qovr=0
[I2C] init=0 gate=0 whoami=0x140e0 wr=0 wrseen=0x27 addr=0x5a ok=129459 err=1 tmo=0 recov=1 pclk1=200000000 sysclk=400000000
[NAK] nacks=1
[CLK] cpu=800000000 sysb=400000000 pclk1=200000000
[TOF] res=0 step=0 id=0xeacc blk=0xeacc10 ctl=0x0
[RNG] init=0 step=99 id=0xeacc boot=1 calls=93 xerr=0 dm=1 tb=15
[RNG] osc=41 imp=881 imprb=881 mstart=0x40 cfg=91 cfgfail=0x0 vhv=0 vpolls=0
[PRT] calls=84049 xerr=0 ler=1 lidx=0x0 perr=0 maxcnt=17 addr8=0x52
[RTY] wr=0 wmax=0 wref=0  rd=0 rmax=0 rref=0
[RNG] frames=20984 last=38 min=12 max=159 nrdy=0 dxfer=0 dstat=0 lst=0 nrdyerr=0 dclr=0
[DRV] init=0 id=7 mode=0x1 lib=0x2 seq=0x1 odc=0x8b sts=0xe0 armed=1
[TRG] pulses=245 suppressed=99 cyc=1600 rst=1 rstmode=0x40
[HLT] polls=419 faults=0x0 cfglost=0
[EFF] n=5 last=58555 min=58548 max=58555 late=0 stuck=0 rderr=0
[IMU] init=0 addr=0x68 who=0x68 rst=1 pmrb0=0x40 pmrb=0x1 sr=19 cfg=4 gcfg=0x0 acfg=0x8 icfg=0x30 ien=0x1 armed=1
[ACC] reads=20985 stale=20961 rderr=1 ax=54 ay=-19 az=1120
[PWR] pm=0x1 drift=1 rderr=0
[DWT] ok=1 cyc=1851657862 cyc_per_ms=799876
[HB] up_ms=465218 frames=21032 inf=21032 hazard=344 canary_err=0 q=0 qovr=0
[I2C] init=0 gate=0 whoami=0x140e0 wr=0 wrseen=0x27 addr=0x5a ok=129759 err=1 tmo=0 recov=1 pclk1=200000000 sysclk=400000000
[NAK] nacks=1
[CLK] cpu=800000000 sysb=400000000 pclk1=200000000
[TOF] res=0 step=0 id=0xeacc blk=0xeacc10 ctl=0x0
[RNG] init=0 step=99 id=0xeacc boot=1 calls=93 xerr=0 dm=1 tb=15
[RNG] osc=41 imp=881 imprb=881 mstart=0x40 cfg=91 cfgfail=0x0 vhv=0 vpolls=0
[PRT] calls=84249 xerr=0 ler=1 lidx=0x0 perr=0 maxcnt=17 addr8=0x52
[RTY] wr=0 wmax=0 wref=0  rd=0 rmax=0 rref=0
[RNG] frames=21034 last=45 min=12 max=159 nrdy=0 dxfer=0 dstat=0 lst=0 nrdyerr=0 dclr=0
[DRV] init=0 id=7 mode=0x1 lib=0x2 seq=0x1 odc=0x8b sts=0xe0 armed=1
[TRG] pulses=245 suppressed=99 cyc=1600 rst=1 rstmode=0x40
[HLT] polls=420 faults=0x0 cfglost=0
[EFF] n=5 last=58555 min=58548 max=58555 late=0 stuck=0 rderr=0
[IMU] init=0 addr=0x68 who=0x68 rst=1 pmrb0=0x40 pmrb=0x1 sr=19 cfg=4 gcfg=0x0 acfg=0x8 icfg=0x30 ien=0x1 armed=1
[ACC] reads=21035 stale=21011 rderr=1 ax=55 ay=-21 az=1124
[PWR] pm=0x1 drift=1 rderr=0
[DWT] ok=1 cyc=2733257958 cyc_per_ms=800000
[HB] up_ms=466320 frames=21082 inf=21082 hazard=344 canary_err=0 q=0 qovr=0
[I2C] init=0 gate=0 whoami=0x140e0 wr=0 wrseen=0x27 addr=0x5a ok=130061 err=1 tmo=0 recov=1 pclk1=200000000 sysclk=400000000
[NAK] nacks=1
[CLK] cpu=800000000 sysb=400000000 pclk1=200000000
[TOF] res=0 step=0 id=0xeacc blk=0xeacc10 ctl=0x0
[RNG] init=0 step=99 id=0xeacc boot=1 calls=93 xerr=0 dm=1 tb=15
[RNG] osc=41 imp=881 imprb=881 mstart=0x40 cfg=91 cfgfail=0x0 vhv=0 vpolls=0
[PRT] calls=84449 xerr=0 ler=1 lidx=0x0 perr=0 maxcnt=17 addr8=0x52
[RTY] wr=0 wmax=0 wref=0  rd=0 rmax=0 rref=0
[RNG] frames=21084 last=40 min=12 max=159 nrdy=0 dxfer=0 dstat=0 lst=0 nrdyerr=0 dclr=0
[DRV] init=0 id=7 mode=0x1 lib=0x2 seq=0x1 odc=0x8b sts=0xe0 armed=1
[TRG] pulses=245 suppressed=99 cyc=1600 rst=1 rstmode=0x40
[HLT] polls=421 faults=0x0 cfglost=0
[EFF] n=5 last=58555 min=58548 max=58555 late=0 stuck=0 rderr=0
[IMU] init=0 addr=0x68 who=0x68 rst=1 pmrb0=0x40 pmrb=0x1 sr=19 cfg=4 gcfg=0x0 acfg=0x8 icfg=0x30 ien=0x1 armed=1
[ACC] reads=21085 stale=21061 rderr=1 ax=55 ay=-19 az=1123
[PWR] pm=0x1 drift=1 rderr=0
[DWT] ok=1 cyc=3614857926 cyc_per_ms=799999
[HB] up_ms=467422 frames=21132 inf=21132 hazard=345 canary_err=0 q=0 qovr=0
[I2C] init=0 gate=0 whoami=0x140e0 wr=0 wrseen=0x27 addr=0x5a ok=130363 err=1 tmo=0 recov=1 pclk1=200000000 sysclk=400000000
[NAK] nacks=1
[CLK] cpu=800000000 sysb=400000000 pclk1=200000000
[TOF] res=0 step=0 id=0xeacc blk=0xeacc10 ctl=0x0
[RNG] init=0 step=99 id=0xeacc boot=1 calls=93 xerr=0 dm=1 tb=15
[RNG] osc=41 imp=881 imprb=881 mstart=0x40 cfg=91 cfgfail=0x0 vhv=0 vpolls=0
[PRT] calls=84649 xerr=0 ler=1 lidx=0x0 perr=0 maxcnt=17 addr8=0x52
[RTY] wr=0 wmax=0 wref=0  rd=0 rmax=0 rref=0
[RNG] frames=21134 last=28 min=12 max=159 nrdy=0 dxfer=0 dstat=0 lst=0 nrdyerr=0 dclr=0
[DRV] init=0 id=7 mode=0x1 lib=0x2 seq=0x1 odc=0x8b sts=0xe0 armed=1
[TRG] pulses=246 suppressed=99 cyc=1600 rst=1 rstmode=0x40
[HLT] polls=422 faults=0x0 cfglost=0
[EFF] n=5 last=58555 min=58548 max=58555 late=0 stuck=0 rderr=0
[IMU] init=0 addr=0x68 who=0x68 rst=1 pmrb0=0x40 pmrb=0x1 sr=19 cfg=4 gcfg=0x0 acfg=0x8 icfg=0x30 ien=0x1 armed=1
[ACC] reads=21135 stale=21111 rderr=1 ax=56 ay=-20 az=1122
[PWR] pm=0x1 drift=1 rderr=0
[DWT] ok=1 cyc=201490482 cyc_per_ms=799999
[HB] up_ms=468524 frames=21182 inf=21182 hazard=345 canary_err=0 q=0 qovr=0
[I2C] init=0 gate=0 whoami=0x140e0 wr=0 wrseen=0x27 addr=0x5a ok=130665 err=1 tmo=0 recov=1 pclk1=200000000 sysclk=400000000
[NAK] nacks=1
[CLK] cpu=800000000 sysb=400000000 pclk1=200000000
[TOF] res=0 step=0 id=0xeacc blk=0xeacc10 ctl=0x0
[RNG] init=0 step=99 id=0xeacc boot=1 calls=93 xerr=0 dm=1 tb=15
[RNG] osc=41 imp=881 imprb=881 mstart=0x40 cfg=91 cfgfail=0x0 vhv=0 vpolls=0
[PRT] calls=84849 xerr=0 ler=1 lidx=0x0 perr=0 maxcnt=17 addr8=0x52
[RTY] wr=0 wmax=0 wref=0  rd=0 rmax=0 rref=0
[RNG] frames=21184 last=32 min=12 max=159 nrdy=0 dxfer=0 dstat=0 lst=0 nrdyerr=0 dclr=0
[DRV] init=0 id=7 mode=0x1 lib=0x2 seq=0x1 odc=0x8b sts=0xe0 armed=1
[TRG] pulses=246 suppressed=99 cyc=1600 rst=1 rstmode=0x40
[HLT] polls=423 faults=0x0 cfglost=0
[EFF] n=5 last=58555 min=58548 max=58555 late=0 stuck=0 rderr=0
[IMU] init=0 addr=0x68 who=0x68 rst=1 pmrb0=0x40 pmrb=0x1 sr=19 cfg=4 gcfg=0x0 acfg=0x8 icfg=0x30 ien=0x1 armed=1
[ACC] reads=21185 stale=21161 rderr=1 ax=54 ay=-20 az=1124
[PWR] pm=0x1 drift=1 rderr=0
[DWT] ok=1 cyc=1083090598 cyc_per_ms=800000
[HB] up_ms=469626 frames=21232 inf=21232 hazard=345 canary_err=0 q=0 qovr=0
[I2C] init=0 gate=0 whoami=0x140e0 wr=0 wrseen=0x27 addr=0x5a ok=130967 err=1 tmo=0 recov=1 pclk1=200000000 sysclk=400000000
[NAK] nacks=1
[CLK] cpu=800000000 sysb=400000000 pclk1=200000000
[TOF] res=0 step=0 id=0xeacc blk=0xeacc10 ctl=0x0
[RNG] init=0 step=99 id=0xeacc boot=1 calls=93 xerr=0 dm=1 tb=15
[RNG] osc=41 imp=881 imprb=881 mstart=0x40 cfg=91 cfgfail=0x0 vhv=0 vpolls=0
[PRT] calls=85048 xerr=0 ler=1 lidx=0x0 perr=0 maxcnt=17 addr8=0x52
[RTY] wr=0 wmax=0 wref=0  rd=0 rmax=0 rref=0
[RNG] frames=21234 last=35 min=12 max=159 nrdy=0 dxfer=0 dstat=0 lst=0 nrdyerr=0 dclr=0
[DRV] init=0 id=7 mode=0x1 lib=0x2 seq=0x1 odc=0x8b sts=0xe0 armed=1
[TRG] pulses=246 suppressed=99 cyc=1600 rst=1 rstmode=0x40
[HLT] polls=424 faults=0x0 cfglost=0
[EFF] n=5 last=58555 min=58548 max=58555 late=0 stuck=0 rderr=0
[IMU] init=0 addr=0x68 who=0x68 rst=1 pmrb0=0x40 pmrb=0x1 sr=19 cfg=4 gcfg=0x0 acfg=0x8 icfg=0x30 ien=0x1 armed=1
[ACC] reads=21235 stale=21211 rderr=1 ax=55 ay=-22 az=1123
[PWR] pm=0x1 drift=1 rderr=0
[DWT] ok=1 cyc=1964690418 cyc_per_ms=799999
[HB] up_ms=470728 frames=21281 inf=21281 hazard=345 canary_err=0 q=0 qovr=0
[I2C] init=0 gate=0 whoami=0x140e0 wr=0 wrseen=0x27 addr=0x5a ok=131269 err=1 tmo=0 recov=2 pclk1=200000000 sysclk=400000000
[NAK] nacks=1
[CLK] cpu=800000000 sysb=400000000 pclk1=200000000
[TOF] res=0 step=0 id=0xeacc blk=0xeacc10 ctl=0x0
[RNG] init=0 step=99 id=0xeacc boot=1 calls=93 xerr=0 dm=1 tb=15
[RNG] osc=41 imp=881 imprb=881 mstart=0x40 cfg=91 cfgfail=0x0 vhv=0 vpolls=0
[PRT] calls=85245 xerr=0 ler=1 lidx=0x0 perr=0 maxcnt=17 addr8=0x52
[RTY] wr=0 wmax=0 wref=0  rd=0 rmax=0 rref=0
[RNG] frames=21284 last=35 min=12 max=159 nrdy=0 dxfer=0 dstat=0 lst=0 nrdyerr=0 dclr=0
[DRV] init=0 id=7 mode=0x1 lib=0x2 seq=0x1 odc=0x8b sts=0xe0 armed=1
[TRG] pulses=246 suppressed=99 cyc=1600 rst=1 rstmode=0x40
[HLT] polls=425 faults=0x0 cfglost=0
[EFF] n=5 last=58555 min=58548 max=58555 late=0 stuck=0 rderr=0
[IMU] init=0 addr=0x68 who=0x68 rst=1 pmrb0=0x40 pmrb=0x1 sr=19 cfg=4 gcfg=0x0 acfg=0x8 icfg=0x30 ien=0x1 armed=1
[ACC] reads=21284 stale=21260 rderr=1 ax=54 ay=-19 az=1125
[PWR] pm=0x1 drift=1 rderr=0
[DWT] ok=1 cyc=2846427166 cyc_per_ms=800124
[HB] up_ms=471830 frames=21331 inf=21331 hazard=345 canary_err=0 q=0 qovr=0
[I2C] init=0 gate=0 whoami=0x140e0 wr=0 wrseen=0x27 addr=0x5a ok=131567 err=1 tmo=0 recov=2 pclk1=200000000 sysclk=400000000
[NAK] nacks=1
[CLK] cpu=800000000 sysb=400000000 pclk1=200000000
[TOF] res=0 step=0 id=0xeacc blk=0xeacc10 ctl=0x0
[RNG] init=0 step=99 id=0xeacc boot=1 calls=93 xerr=0 dm=1 tb=15
[RNG] osc=41 imp=881 imprb=881 mstart=0x40 cfg=91 cfgfail=0x0 vhv=0 vpolls=0
[PRT] calls=85445 xerr=0 ler=1 lidx=0x0 perr=0 maxcnt=17 addr8=0x52
[RTY] wr=0 wmax=0 wref=0  rd=0 rmax=0 rref=0
[RNG] frames=21333 last=36 min=12 max=159 nrdy=0 dxfer=0 dstat=0 lst=0 nrdyerr=0 dclr=0
[DRV] init=0 id=7 mode=0x1 lib=0x2 seq=0x1 odc=0x8b sts=0xe0 armed=1
[TRG] pulses=246 suppressed=99 cyc=1600 rst=1 rstmode=0x40
[HLT] polls=426 faults=0x0 cfglost=0
[EFF] n=5 last=58555 min=58548 max=58555 late=0 stuck=0 rderr=0
[IMU] init=0 addr=0x68 who=0x68 rst=1 pmrb0=0x40 pmrb=0x1 sr=19 cfg=4 gcfg=0x0 acfg=0x8 icfg=0x30 ien=0x1 armed=1
[ACC] reads=21334 stale=21309 rderr=1 ax=56 ay=-22 az=1121
[PWR] pm=0x1 drift=1 rderr=0
[DWT] ok=1 cyc=3727890550 cyc_per_ms=799876
[HB] up_ms=472932 frames=21381 inf=21381 hazard=347 canary_err=0 q=0 qovr=0
[I2C] init=0 gate=0 whoami=0x140e0 wr=0 wrseen=0x27 addr=0x5a ok=131867 err=1 tmo=0 recov=2 pclk1=200000000 sysclk=400000000
[NAK] nacks=1
[CLK] cpu=800000000 sysb=400000000 pclk1=200000000
[TOF] res=0 step=0 id=0xeacc blk=0xeacc10 ctl=0x0
[RNG] init=0 step=99 id=0xeacc boot=1 calls=93 xerr=0 dm=1 tb=15
[RNG] osc=41 imp=881 imprb=881 mstart=0x40 cfg=91 cfgfail=0x0 vhv=0 vpolls=0
[PRT] calls=85645 xerr=0 ler=1 lidx=0x0 perr=0 maxcnt=17 addr8=0x52
[RTY] wr=0 wmax=0 wref=0  rd=0 rmax=0 rref=0
[RNG] frames=21383 last=34 min=12 max=159 nrdy=0 dxfer=0 dstat=0 lst=0 nrdyerr=0 dclr=0
[DRV] init=0 id=7 mode=0x1 lib=0x2 seq=0x1 odc=0x8b sts=0xe0 armed=1
[TRG] pulses=247 suppressed=100 cyc=1600 rst=1 rstmode=0x40
[HLT] polls=427 faults=0x0 cfglost=0
[EFF] n=5 last=58555 min=58548 max=58555 late=0 stuck=0 rderr=0
[IMU] init=0 addr=0x68 who=0x68 rst=1 pmrb0=0x40 pmrb=0x1 sr=19 cfg=4 gcfg=0x0 acfg=0x8 icfg=0x30 ien=0x1 armed=1
[ACC] reads=21384 stale=21359 rderr=1 ax=54 ay=-22 az=1120
[PWR] pm=0x1 drift=1 rderr=0
[DWT] ok=1 cyc=314593238 cyc_per_ms=800063
[HB] up_ms=474034 frames=21431 inf=21431 hazard=347 canary_err=0 q=0 qovr=0
[I2C] init=0 gate=0 whoami=0x140e0 wr=0 wrseen=0x27 addr=0x5a ok=132169 err=1 tmo=0 recov=2 pclk1=200000000 sysclk=400000000
[NAK] nacks=1
[CLK] cpu=800000000 sysb=400000000 pclk1=200000000
[TOF] res=0 step=0 id=0xeacc blk=0xeacc10 ctl=0x0
[RNG] init=0 step=99 id=0xeacc boot=1 calls=93 xerr=0 dm=1 tb=15
[RNG] osc=41 imp=881 imprb=881 mstart=0x40 cfg=91 cfgfail=0x0 vhv=0 vpolls=0
[PRT] calls=85845 xerr=0 ler=1 lidx=0x0 perr=0 maxcnt=17 addr8=0x52
[RTY] wr=0 wmax=0 wref=0  rd=0 rmax=0 rref=0
[RNG] frames=21433 last=37 min=12 max=159 nrdy=0 dxfer=0 dstat=0 lst=0 nrdyerr=0 dclr=0
[DRV] init=0 id=7 mode=0x1 lib=0x2 seq=0x1 odc=0x8b sts=0xe0 armed=1
[TRG] pulses=247 suppressed=100 cyc=1600 rst=1 rstmode=0x40
[HLT] polls=428 faults=0x0 cfglost=0
[EFF] n=5 last=58555 min=58548 max=58555 late=0 stuck=0 rderr=0
[IMU] init=0 addr=0x68 who=0x68 rst=1 pmrb0=0x40 pmrb=0x1 sr=19 cfg=4 gcfg=0x0 acfg=0x8 icfg=0x30 ien=0x1 armed=1
[ACC] reads=21434 stale=21409 rderr=1 ax=55 ay=-20 az=1125
[PWR] pm=0x1 drift=1 rderr=0
[DWT] ok=1 cyc=1196193138 cyc_per_ms=799999
[HB] up_ms=475136 frames=21481 inf=21481 hazard=348 canary_err=0 q=0 qovr=0
[I2C] init=0 gate=0 whoami=0x140e0 wr=0 wrseen=0x27 addr=0x5a ok=132471 err=1 tmo=0 recov=2 pclk1=200000000 sysclk=400000000
[NAK] nacks=1
[CLK] cpu=800000000 sysb=400000000 pclk1=200000000
[TOF] res=0 step=0 id=0xeacc blk=0xeacc10 ctl=0x0
[RNG] init=0 step=99 id=0xeacc boot=1 calls=93 xerr=0 dm=1 tb=15
[RNG] osc=41 imp=881 imprb=881 mstart=0x40 cfg=91 cfgfail=0x0 vhv=0 vpolls=0
[PRT] calls=86045 xerr=0 ler=1 lidx=0x0 perr=0 maxcnt=17 addr8=0x52
[RTY] wr=0 wmax=0 wref=0  rd=0 rmax=0 rref=0
[RNG] frames=21483 last=40 min=12 max=159 nrdy=0 dxfer=0 dstat=0 lst=0 nrdyerr=0 dclr=0
[DRV] init=0 id=7 mode=0x1 lib=0x2 seq=0x1 odc=0x8b sts=0xe0 armed=1
[TRG] pulses=248 suppressed=100 cyc=1600 rst=1 rstmode=0x40
[HLT] polls=429 faults=0x0 cfglost=0
[EFF] n=5 last=58555 min=58548 max=58555 late=0 stuck=0 rderr=0
[IMU] init=0 addr=0x68 who=0x68 rst=1 pmrb0=0x40 pmrb=0x1 sr=19 cfg=4 gcfg=0x0 acfg=0x8 icfg=0x30 ien=0x1 armed=1
[ACC] reads=21484 stale=21458 rderr=1 ax=53 ay=-20 az=1124
[PWR] pm=0x1 drift=1 rderr=0
[DWT] ok=1 cyc=2077793222 cyc_per_ms=800000
[HB] up_ms=476238 frames=21531 inf=21531 hazard=352 canary_err=0 q=0 qovr=0
[I2C] init=0 gate=0 whoami=0x140e0 wr=0 wrseen=0x27 addr=0x5a ok=132773 err=1 tmo=0 recov=2 pclk1=200000000 sysclk=400000000
[NAK] nacks=1
[CLK] cpu=800000000 sysb=400000000 pclk1=200000000
[TOF] res=0 step=0 id=0xeacc blk=0xeacc10 ctl=0x0
[RNG] init=0 step=99 id=0xeacc boot=1 calls=93 xerr=0 dm=1 tb=15
[RNG] osc=41 imp=881 imprb=881 mstart=0x40 cfg=91 cfgfail=0x0 vhv=0 vpolls=0
[PRT] calls=86245 xerr=0 ler=1 lidx=0x0 perr=0 maxcnt=17 addr8=0x52
[RTY] wr=0 wmax=0 wref=0  rd=0 rmax=0 rref=0
[RNG] frames=21533 last=34 min=12 max=159 nrdy=0 dxfer=0 dstat=0 lst=0 nrdyerr=0 dclr=0
[DRV] init=0 id=7 mode=0x1 lib=0x2 seq=0x1 odc=0x8b sts=0xe0 armed=1
[TRG] pulses=250 suppressed=102 cyc=1600 rst=1 rstmode=0x40
[HLT] polls=430 faults=0x0 cfglost=0
[EFF] n=5 last=58555 min=58548 max=58555 late=0 stuck=0 rderr=0
[IMU] init=0 addr=0x68 who=0x68 rst=1 pmrb0=0x40 pmrb=0x1 sr=19 cfg=4 gcfg=0x0 acfg=0x8 icfg=0x30 ien=0x1 armed=1
[ACC] reads=21534 stale=21508 rderr=1 ax=55 ay=-19 az=1119
[PWR] pm=0x1 drift=1 rderr=0
[DWT] ok=1 cyc=2959393274 cyc_per_ms=800000
[HB] up_ms=477340 frames=21581 inf=21581 hazard=353 canary_err=0 q=0 qovr=0
[I2C] init=0 gate=0 whoami=0x140e0 wr=0 wrseen=0x27 addr=0x5a ok=133075 err=1 tmo=0 recov=2 pclk1=200000000 sysclk=400000000
[NAK] nacks=1
[CLK] cpu=800000000 sysb=400000000 pclk1=200000000
[TOF] res=0 step=0 id=0xeacc blk=0xeacc10 ctl=0x0
[RNG] init=0 step=99 id=0xeacc boot=1 calls=93 xerr=0 dm=1 tb=15
[RNG] osc=41 imp=881 imprb=881 mstart=0x40 cfg=91 cfgfail=0x0 vhv=0 vpolls=0
[PRT] calls=86444 xerr=0 ler=1 lidx=0x0 perr=0 maxcnt=17 addr8=0x52
[RTY] wr=0 wmax=0 wref=0  rd=0 rmax=0 rref=0
[RNG] frames=21583 last=44 min=12 max=159 nrdy=0 dxfer=0 dstat=0 lst=0 nrdyerr=0 dclr=0
[DRV] init=0 id=7 mode=0x1 lib=0x2 seq=0x1 odc=0x8b sts=0xe0 armed=1
[TRG] pulses=251 suppressed=102 cyc=1600 rst=1 rstmode=0x40
[HLT] polls=431 faults=0x0 cfglost=0
[EFF] n=5 last=58555 min=58548 max=58555 late=0 stuck=0 rderr=0
[IMU] init=0 addr=0x68 who=0x68 rst=1 pmrb0=0x40 pmrb=0x1 sr=19 cfg=4 gcfg=0x0 acfg=0x8 icfg=0x30 ien=0x1 armed=1
[ACC] reads=21584 stale=21558 rderr=1 ax=54 ay=-22 az=1122
[PWR] pm=0x1 drift=1 rderr=0
[DWT] ok=1 cyc=3840993138 cyc_per_ms=799999
[HB] up_ms=478442 frames=21631 inf=21631 hazard=354 canary_err=0 q=0 qovr=0
[I2C] init=0 gate=0 whoami=0x140e0 wr=0 wrseen=0x27 addr=0x5a ok=133377 err=1 tmo=0 recov=2 pclk1=200000000 sysclk=400000000
[NAK] nacks=1
[CLK] cpu=800000000 sysb=400000000 pclk1=200000000
[TOF] res=0 step=0 id=0xeacc blk=0xeacc10 ctl=0x0
[RNG] init=0 step=99 id=0xeacc boot=1 calls=93 xerr=0 dm=1 tb=15
[RNG] osc=41 imp=881 imprb=881 mstart=0x40 cfg=91 cfgfail=0x0 vhv=0 vpolls=0
[PRT] calls=86641 xerr=0 ler=1 lidx=0x0 perr=0 maxcnt=17 addr8=0x52
[RTY] wr=0 wmax=0 wref=0  rd=0 rmax=0 rref=0
[RNG] frames=21633 last=49 min=12 max=159 nrdy=0 dxfer=0 dstat=0 lst=0 nrdyerr=0 dclr=0
[DRV] init=0 id=7 mode=0x1 lib=0x2 seq=0x1 odc=0x8b sts=0xe0 armed=1
[TRG] pulses=252 suppressed=102 cyc=1600 rst=1 rstmode=0x40
[HLT] polls=432 faults=0x0 cfglost=0
[EFF] n=5 last=58555 min=58548 max=58555 late=0 stuck=0 rderr=0
[IMU] init=0 addr=0x68 who=0x68 rst=1 pmrb0=0x40 pmrb=0x1 sr=19 cfg=4 gcfg=0x0 acfg=0x8 icfg=0x30 ien=0x1 armed=1
[ACC] reads=21633 stale=21608 rderr=1 ax=56 ay=-20 az=1124
[PWR] pm=0x1 drift=1 rderr=0
[DWT] ok=1 cyc=427625906 cyc_per_ms=800000
[HB] up_ms=479544 frames=21680 inf=21680 hazard=354 canary_err=0 q=0 qovr=0
[I2C] init=0 gate=0 whoami=0x140e0 wr=0 wrseen=0x27 addr=0x5a ok=133679 err=1 tmo=0 recov=2 pclk1=200000000 sysclk=400000000
[NAK] nacks=1
[CLK] cpu=800000000 sysb=400000000 pclk1=200000000
[TOF] res=0 step=0 id=0xeacc blk=0xeacc10 ctl=0x0
[RNG] init=0 step=99 id=0xeacc boot=1 calls=93 xerr=0 dm=1 tb=15
[RNG] osc=41 imp=881 imprb=881 mstart=0x40 cfg=91 cfgfail=0x0 vhv=0 vpolls=0
[PRT] calls=86841 xerr=0 ler=1 lidx=0x0 perr=0 maxcnt=17 addr8=0x52
[RTY] wr=0 wmax=0 wref=0  rd=0 rmax=0 rref=0
[RNG] frames=21683 last=48 min=12 max=159 nrdy=0 dxfer=0 dstat=0 lst=0 nrdyerr=0 dclr=0
[DRV] init=0 id=7 mode=0x1 lib=0x2 seq=0x1 odc=0x8b sts=0xe0 armed=1
[TRG] pulses=253 suppressed=102 cyc=1600 rst=1 rstmode=0x40
[HLT] polls=433 faults=0x0 cfglost=0
[EFF] n=5 last=58555 min=58548 max=58555 late=0 stuck=0 rderr=0
[IMU] init=0 addr=0x68 who=0x68 rst=1 pmrb0=0x40 pmrb=0x1 sr=19 cfg=4 gcfg=0x0 acfg=0x8 icfg=0x30 ien=0x1 armed=1
[ACC] reads=21683 stale=21657 rderr=1 ax=54 ay=-20 az=1122
[PWR] pm=0x1 drift=1 rderr=0
[DWT] ok=1 cyc=1309270090 cyc_per_ms=800040
[HB] up_ms=480646 frames=21730 inf=21730 hazard=355 canary_err=0 q=0 qovr=0
[I2C] init=0 gate=0 whoami=0x140e0 wr=0 wrseen=0x27 addr=0x5a ok=133981 err=1 tmo=0 recov=2 pclk1=200000000 sysclk=400000000
[NAK] nacks=1
[CLK] cpu=800000000 sysb=400000000 pclk1=200000000
[TOF] res=0 step=0 id=0xeacc blk=0xeacc10 ctl=0x0
[RNG] init=0 step=99 id=0xeacc boot=1 calls=93 xerr=0 dm=1 tb=15
[RNG] osc=41 imp=881 imprb=881 mstart=0x40 cfg=91 cfgfail=0x0 vhv=0 vpolls=0
[PRT] calls=87041 xerr=0 ler=1 lidx=0x0 perr=0 maxcnt=17 addr8=0x52
[RTY] wr=0 wmax=0 wref=0  rd=0 rmax=0 rref=0
[RNG] frames=21733 last=34 min=12 max=159 nrdy=0 dxfer=0 dstat=0 lst=0 nrdyerr=0 dclr=0
[DRV] init=0 id=7 mode=0x1 lib=0x2 seq=0x1 odc=0x8b sts=0xe0 armed=1
[TRG] pulses=253 suppressed=102 cyc=1600 rst=1 rstmode=0x40
[HLT] polls=434 faults=0x0 cfglost=0
[EFF] n=5 last=58555 min=58548 max=58555 late=0 stuck=0 rderr=0
[IMU] init=0 addr=0x68 who=0x68 rst=1 pmrb0=0x40 pmrb=0x1 sr=19 cfg=4 gcfg=0x0 acfg=0x8 icfg=0x30 ien=0x1 armed=1
[ACC] reads=21733 stale=21707 rderr=1 ax=56 ay=-21 az=1125
[PWR] pm=0x1 drift=1 rderr=0
[DWT] ok=1 cyc=2190963364 cyc_per_ms=800084
[HB] up_ms=481748 frames=21780 inf=21780 hazard=356 canary_err=0 q=0 qovr=0
[I2C] init=0 gate=0 whoami=0x140e0 wr=0 wrseen=0x27 addr=0x5a ok=134283 err=1 tmo=0 recov=2 pclk1=200000000 sysclk=400000000
[NAK] nacks=1
[CLK] cpu=800000000 sysb=400000000 pclk1=200000000
[TOF] res=0 step=0 id=0xeacc blk=0xeacc10 ctl=0x0
[RNG] init=0 step=99 id=0xeacc boot=1 calls=93 xerr=0 dm=1 tb=15
[RNG] osc=41 imp=881 imprb=881 mstart=0x40 cfg=91 cfgfail=0x0 vhv=0 vpolls=0
[PRT] calls=87241 xerr=0 ler=1 lidx=0x0 perr=0 maxcnt=17 addr8=0x52
[RTY] wr=0 wmax=0 wref=0  rd=0 rmax=0 rref=0
[RNG] frames=21782 last=40 min=12 max=159 nrdy=0 dxfer=0 dstat=0 lst=0 nrdyerr=0 dclr=0
[DRV] init=0 id=7 mode=0x1 lib=0x2 seq=0x1 odc=0x8b sts=0xe0 armed=1
[TRG] pulses=254 suppressed=102 cyc=1600 rst=1 rstmode=0x40
[HLT] polls=435 faults=0x0 cfglost=0
[EFF] n=5 last=58555 min=58548 max=58555 late=0 stuck=0 rderr=0
[IMU] init=0 addr=0x68 who=0x68 rst=1 pmrb0=0x40 pmrb=0x1 sr=19 cfg=4 gcfg=0x0 acfg=0x8 icfg=0x30 ien=0x1 armed=1
[ACC] reads=21783 stale=21757 rderr=1 ax=51 ay=-22 az=1123
[PWR] pm=0x1 drift=1 rderr=0
[DWT] ok=1 cyc=3072538992 cyc_per_ms=799977
[HB] up_ms=482850 frames=21830 inf=21830 hazard=356 canary_err=0 q=0 qovr=0
[I2C] init=0 gate=0 whoami=0x140e0 wr=0 wrseen=0x27 addr=0x5a ok=134579 err=1 tmo=0 recov=2 pclk1=200000000 sysclk=400000000
[NAK] nacks=1
[CLK] cpu=800000000 sysb=400000000 pclk1=200000000
[TOF] res=0 step=0 id=0xeacc blk=0xeacc10 ctl=0x0
[RNG] init=0 step=99 id=0xeacc boot=1 calls=93 xerr=0 dm=1 tb=15
[RNG] osc=41 imp=881 imprb=881 mstart=0x40 cfg=91 cfgfail=0x0 vhv=0 vpolls=0
[PRT] calls=87441 xerr=0 ler=1 lidx=0x0 perr=0 maxcnt=17 addr8=0x52
[RTY] wr=0 wmax=0 wref=0  rd=0 rmax=0 rref=0
[RNG] frames=21832 last=48 min=12 max=159 nrdy=0 dxfer=0 dstat=0 lst=0 nrdyerr=0 dclr=0
[DRV] init=0 id=7 mode=0x1 lib=0x2 seq=0x1 odc=0x8b sts=0xe0 armed=1
[TRG] pulses=254 suppressed=102 cyc=1600 rst=1 rstmode=0x40
[HLT] polls=436 faults=0x0 cfglost=0
[EFF] n=5 last=58555 min=58548 max=58555 late=0 stuck=0 rderr=0
[IMU] init=0 addr=0x68 who=0x68 rst=1 pmrb0=0x40 pmrb=0x1 sr=19 cfg=4 gcfg=0x0 acfg=0x8 icfg=0x30 ien=0x1 armed=1
[ACC] reads=21833 stale=21807 rderr=1 ax=55 ay=-20 az=1121
[PWR] pm=0x1 drift=1 rderr=0
[DWT] ok=1 cyc=3954025942 cyc_per_ms=799897
[HB] up_ms=483952 frames=21880 inf=21880 hazard=358 canary_err=0 q=0 qovr=0
[I2C] init=0 gate=0 whoami=0x140e0 wr=0 wrseen=0x27 addr=0x5a ok=134881 err=1 tmo=0 recov=2 pclk1=200000000 sysclk=400000000
[NAK] nacks=1
[CLK] cpu=800000000 sysb=400000000 pclk1=200000000
[TOF] res=0 step=0 id=0xeacc blk=0xeacc10 ctl=0x0
[RNG] init=0 step=99 id=0xeacc boot=1 calls=93 xerr=0 dm=1 tb=15
[RNG] osc=41 imp=881 imprb=881 mstart=0x40 cfg=91 cfgfail=0x0 vhv=0 vpolls=0
[PRT] calls=87641 xerr=0 ler=1 lidx=0x0 perr=0 maxcnt=17 addr8=0x52
[RTY] wr=0 wmax=0 wref=0  rd=0 rmax=0 rref=0
[RNG] frames=21882 last=43 min=12 max=159 nrdy=0 dxfer=0 dstat=0 lst=0 nrdyerr=0 dclr=0
[DRV] init=0 id=7 mode=0x1 lib=0x2 seq=0x1 odc=0x8b sts=0xe0 armed=1
[TRG] pulses=256 suppressed=102 cyc=1600 rst=1 rstmode=0x40
[HLT] polls=437 faults=0x0 cfglost=0
[EFF] n=5 last=58555 min=58548 max=58555 late=0 stuck=0 rderr=0
[IMU] init=0 addr=0x68 who=0x68 rst=1 pmrb0=0x40 pmrb=0x1 sr=19 cfg=4 gcfg=0x0 acfg=0x8 icfg=0x30 ien=0x1 armed=1
[ACC] reads=21883 stale=21857 rderr=1 ax=56 ay=-22 az=1122
[PWR] pm=0x1 drift=1 rderr=0
[DWT] ok=1 cyc=540658554 cyc_per_ms=799999
[HB] up_ms=485054 frames=21930 inf=21930 hazard=358 canary_err=0 q=0 qovr=0
[I2C] init=0 gate=0 whoami=0x140e0 wr=0 wrseen=0x27 addr=0x5a ok=135183 err=1 tmo=0 recov=2 pclk1=200000000 sysclk=400000000
[NAK] nacks=1
[CLK] cpu=800000000 sysb=400000000 pclk1=200000000
[TOF] res=0 step=0 id=0xeacc blk=0xeacc10 ctl=0x0
[RNG] init=0 step=99 id=0xeacc boot=1 calls=93 xerr=0 dm=1 tb=15
[RNG] osc=41 imp=881 imprb=881 mstart=0x40 cfg=91 cfgfail=0x0 vhv=0 vpolls=0
[PRT] calls=87841 xerr=0 ler=1 lidx=0x0 perr=0 maxcnt=17 addr8=0x52
[RTY] wr=0 wmax=0 wref=0  rd=0 rmax=0 rref=0
[RNG] frames=21932 last=51 min=12 max=159 nrdy=0 dxfer=0 dstat=0 lst=0 nrdyerr=0 dclr=0
[DRV] init=0 id=7 mode=0x1 lib=0x2 seq=0x1 odc=0x8b sts=0xe0 armed=1
[TRG] pulses=256 suppressed=102 cyc=1600 rst=1 rstmode=0x40
[HLT] polls=438 faults=0x0 cfglost=0
[EFF] n=5 last=58555 min=58548 max=58555 late=0 stuck=0 rderr=0
[IMU] init=0 addr=0x68 who=0x68 rst=1 pmrb0=0x40 pmrb=0x1 sr=19 cfg=4 gcfg=0x0 acfg=0x8 icfg=0x30 ien=0x1 armed=1
[ACC] reads=21933 stale=21907 rderr=1 ax=55 ay=-22 az=1120
[PWR] pm=0x1 drift=1 rderr=0
[DWT] ok=1 cyc=1422258602 cyc_per_ms=800000
[HB] up_ms=486156 frames=21980 inf=21980 hazard=358 canary_err=0 q=0 qovr=0
[I2C] init=0 gate=0 whoami=0x140e0 wr=0 wrseen=0x27 addr=0x5a ok=135485 err=1 tmo=0 recov=2 pclk1=200000000 sysclk=400000000
[NAK] nacks=1
[CLK] cpu=800000000 sysb=400000000 pclk1=200000000
[TOF] res=0 step=0 id=0xeacc blk=0xeacc10 ctl=0x0
[RNG] init=0 step=99 id=0xeacc boot=1 calls=93 xerr=0 dm=1 tb=15
[RNG] osc=41 imp=881 imprb=881 mstart=0x40 cfg=91 cfgfail=0x0 vhv=0 vpolls=0
[PRT] calls=88041 xerr=0 ler=1 lidx=0x0 perr=0 maxcnt=17 addr8=0x52
[RTY] wr=0 wmax=0 wref=0  rd=0 rmax=0 rref=0
[RNG] frames=21982 last=31 min=12 max=159 nrdy=0 dxfer=0 dstat=0 lst=0 nrdyerr=0 dclr=0
[DRV] init=0 id=7 mode=0x1 lib=0x2 seq=0x1 odc=0x8b sts=0xe0 armed=1
[TRG] pulses=256 suppressed=102 cyc=1600 rst=1 rstmode=0x40
[HLT] polls=439 faults=0x0 cfglost=0
[EFF] n=5 last=58555 min=58548 max=58555 late=0 stuck=0 rderr=0
[IMU] init=0 addr=0x68 who=0x68 rst=1 pmrb0=0x40 pmrb=0x1 sr=19 cfg=4 gcfg=0x0 acfg=0x8 icfg=0x30 ien=0x1 armed=1
[ACC] reads=21983 stale=21957 rderr=1 ax=56 ay=-20 az=1122
[PWR] pm=0x1 drift=1 rderr=0
[DWT] ok=1 cyc=2303858602 cyc_per_ms=800000
[HB] up_ms=487258 frames=22030 inf=22030 hazard=358 canary_err=0 q=0 qovr=0
[I2C] init=0 gate=0 whoami=0x140e0 wr=0 wrseen=0x27 addr=0x5a ok=135787 err=1 tmo=0 recov=2 pclk1=200000000 sysclk=400000000
[NAK] nacks=1
[CLK] cpu=800000000 sysb=400000000 pclk1=200000000
[TOF] res=0 step=0 id=0xeacc blk=0xeacc10 ctl=0x0
[RNG] init=0 step=99 id=0xeacc boot=1 calls=93 xerr=0 dm=1 tb=15
[RNG] osc=41 imp=881 imprb=881 mstart=0x40 cfg=91 cfgfail=0x0 vhv=0 vpolls=0
[PRT] calls=88241 xerr=0 ler=1 lidx=0x0 perr=0 maxcnt=17 addr8=0x52
[RTY] wr=0 wmax=0 wref=0  rd=0 rmax=0 rref=0
[RNG] frames=22032 last=43 min=12 max=159 nrdy=0 dxfer=0 dstat=0 lst=0 nrdyerr=0 dclr=0
[DRV] init=0 id=7 mode=0x1 lib=0x2 seq=0x1 odc=0x8b sts=0xe0 armed=1
[TRG] pulses=256 suppressed=102 cyc=1600 rst=1 rstmode=0x40
[HLT] polls=440 faults=0x0 cfglost=0
[EFF] n=5 last=58555 min=58548 max=58555 late=0 stuck=0 rderr=0
[IMU] init=0 addr=0x68 who=0x68 rst=1 pmrb0=0x40 pmrb=0x1 sr=19 cfg=4 gcfg=0x0 acfg=0x8 icfg=0x30 ien=0x1 armed=1
[ACC] reads=22033 stale=22007 rderr=1 ax=54 ay=-20 az=1122
[PWR] pm=0x1 drift=1 rderr=0
[DWT] ok=1 cyc=3185458666 cyc_per_ms=800000
[HB] up_ms=488360 frames=22080 inf=22080 hazard=361 canary_err=0 q=0 qovr=0
[I2C] init=0 gate=0 whoami=0x140e0 wr=0 wrseen=0x27 addr=0x5a ok=136089 err=1 tmo=0 recov=2 pclk1=200000000 sysclk=400000000
[NAK] nacks=1
[CLK] cpu=800000000 sysb=400000000 pclk1=200000000
[TOF] res=0 step=0 id=0xeacc blk=0xeacc10 ctl=0x0
[RNG] init=0 step=99 id=0xeacc boot=1 calls=93 xerr=0 dm=1 tb=15
[RNG] osc=41 imp=881 imprb=881 mstart=0x40 cfg=91 cfgfail=0x0 vhv=0 vpolls=0
[PRT] calls=88437 xerr=0 ler=1 lidx=0x0 perr=0 maxcnt=17 addr8=0x52
[RTY] wr=0 wmax=0 wref=0  rd=0 rmax=0 rref=0
[RNG] frames=22082 last=45 min=12 max=159 nrdy=0 dxfer=0 dstat=0 lst=0 nrdyerr=0 dclr=0
[DRV] init=0 id=7 mode=0x1 lib=0x2 seq=0x1 odc=0x8b sts=0xe0 armed=1
[TRG] pulses=257 suppressed=104 cyc=1600 rst=1 rstmode=0x40
[HLT] polls=441 faults=0x0 cfglost=0
[EFF] n=5 last=58555 min=58548 max=58555 late=0 stuck=0 rderr=0
[IMU] init=0 addr=0x68 who=0x68 rst=1 pmrb0=0x40 pmrb=0x1 sr=19 cfg=4 gcfg=0x0 acfg=0x8 icfg=0x30 ien=0x1 armed=1
[ACC] reads=22083 stale=22057 rderr=1 ax=52 ay=-21 az=1122
[PWR] pm=0x1 drift=1 rderr=0
[DWT] ok=1 cyc=4067058582 cyc_per_ms=799999
[HB] up_ms=489462 frames=22130 inf=22130 hazard=361 canary_err=0 q=0 qovr=0
[I2C] init=0 gate=0 whoami=0x140e0 wr=0 wrseen=0x27 addr=0x5a ok=136391 err=1 tmo=0 recov=2 pclk1=200000000 sysclk=400000000
[NAK] nacks=1
[CLK] cpu=800000000 sysb=400000000 pclk1=200000000
[TOF] res=0 step=0 id=0xeacc blk=0xeacc10 ctl=0x0
[RNG] init=0 step=99 id=0xeacc boot=1 calls=93 xerr=0 dm=1 tb=15
[RNG] osc=41 imp=881 imprb=881 mstart=0x40 cfg=91 cfgfail=0x0 vhv=0 vpolls=0
[PRT] calls=88637 xerr=0 ler=1 lidx=0x0 perr=0 maxcnt=17 addr8=0x52
[RTY] wr=0 wmax=0 wref=0  rd=0 rmax=0 rref=0
[RNG] frames=22132 last=45 min=12 max=159 nrdy=0 dxfer=0 dstat=0 lst=0 nrdyerr=0 dclr=0
[DRV] init=0 id=7 mode=0x1 lib=0x2 seq=0x1 odc=0x8b sts=0xe0 armed=1
[TRG] pulses=257 suppressed=104 cyc=1600 rst=1 rstmode=0x40
[HLT] polls=442 faults=0x0 cfglost=0
[EFF] n=5 last=58555 min=58548 max=58555 late=0 stuck=0 rderr=0
[IMU] init=0 addr=0x68 who=0x68 rst=1 pmrb0=0x40 pmrb=0x1 sr=19 cfg=4 gcfg=0x0 acfg=0x8 icfg=0x30 ien=0x1 armed=1
[ACC] reads=22132 stale=22105 rderr=1 ax=54 ay=-20 az=1124
[PWR] pm=0x1 drift=1 rderr=0
[DWT] ok=1 cyc=653691318 cyc_per_ms=800000
[HB] up_ms=490564 frames=22179 inf=22179 hazard=362 canary_err=0 q=0 qovr=0
[I2C] init=0 gate=0 whoami=0x140e0 wr=0 wrseen=0x27 addr=0x5a ok=136693 err=1 tmo=0 recov=2 pclk1=200000000 sysclk=400000000
[NAK] nacks=1
[CLK] cpu=800000000 sysb=400000000 pclk1=200000000
[TOF] res=0 step=0 id=0xeacc blk=0xeacc10 ctl=0x0
[RNG] init=0 step=99 id=0xeacc boot=1 calls=93 xerr=0 dm=1 tb=15
[RNG] osc=41 imp=881 imprb=881 mstart=0x40 cfg=91 cfgfail=0x0 vhv=0 vpolls=0
[PRT] calls=88837 xerr=0 ler=1 lidx=0x0 perr=0 maxcnt=17 addr8=0x52
[RTY] wr=0 wmax=0 wref=0  rd=0 rmax=0 rref=0
[RNG] frames=22182 last=47 min=12 max=159 nrdy=0 dxfer=0 dstat=0 lst=0 nrdyerr=0 dclr=0
[DRV] init=0 id=7 mode=0x1 lib=0x2 seq=0x1 odc=0x8b sts=0xe0 armed=1
[TRG] pulses=258 suppressed=104 cyc=1600 rst=1 rstmode=0x40
[HLT] polls=443 faults=0x0 cfglost=0
[EFF] n=5 last=58555 min=58548 max=58555 late=0 stuck=0 rderr=0
[IMU] init=0 addr=0x68 who=0x68 rst=1 pmrb0=0x40 pmrb=0x1 sr=19 cfg=4 gcfg=0x0 acfg=0x8 icfg=0x30 ien=0x1 armed=1
[ACC] reads=22182 stale=22154 rderr=1 ax=54 ay=-19 az=1122
[PWR] pm=0x1 drift=1 rderr=0
[DWT] ok=1 cyc=1535428080 cyc_per_ms=800124
[HB] up_ms=491666 frames=22229 inf=22229 hazard=366 canary_err=0 q=0 qovr=0
[I2C] init=0 gate=0 whoami=0x140e0 wr=0 wrseen=0x27 addr=0x5a ok=136995 err=1 tmo=0 recov=2 pclk1=200000000 sysclk=400000000
[NAK] nacks=1
[CLK] cpu=800000000 sysb=400000000 pclk1=200000000
[TOF] res=0 step=0 id=0xeacc blk=0xeacc10 ctl=0x0
[RNG] init=0 step=99 id=0xeacc boot=1 calls=93 xerr=0 dm=1 tb=15
[RNG] osc=41 imp=881 imprb=881 mstart=0x40 cfg=91 cfgfail=0x0 vhv=0 vpolls=0
[PRT] calls=89037 xerr=0 ler=1 lidx=0x0 perr=0 maxcnt=17 addr8=0x52
[RTY] wr=0 wmax=0 wref=0  rd=0 rmax=0 rref=0
[RNG] frames=22232 last=37 min=12 max=159 nrdy=0 dxfer=0 dstat=0 lst=0 nrdyerr=0 dclr=0
[DRV] init=0 id=7 mode=0x1 lib=0x2 seq=0x1 odc=0x8b sts=0xe0 armed=1
[TRG] pulses=260 suppressed=106 cyc=1600 rst=1 rstmode=0x40
[HLT] polls=444 faults=0x0 cfglost=0
[EFF] n=5 last=58555 min=58548 max=58555 late=0 stuck=0 rderr=0
[IMU] init=0 addr=0x68 who=0x68 rst=1 pmrb0=0x40 pmrb=0x1 sr=19 cfg=4 gcfg=0x0 acfg=0x8 icfg=0x30 ien=0x1 armed=1
[ACC] reads=22232 stale=22204 rderr=1 ax=56 ay=-20 az=1124
[PWR] pm=0x1 drift=1 rderr=0
[DWT] ok=1 cyc=2417028804 cyc_per_ms=800000
[HB] up_ms=492768 frames=22279 inf=22279 hazard=366 canary_err=0 q=0 qovr=0
[I2C] init=0 gate=0 whoami=0x140e0 wr=0 wrseen=0x27 addr=0x5a ok=137293 err=1 tmo=0 recov=2 pclk1=200000000 sysclk=400000000
[NAK] nacks=1
[CLK] cpu=800000000 sysb=400000000 pclk1=200000000
[TOF] res=0 step=0 id=0xeacc blk=0xeacc10 ctl=0x0
[RNG] init=0 step=99 id=0xeacc boot=1 calls=93 xerr=0 dm=1 tb=15
[RNG] osc=41 imp=881 imprb=881 mstart=0x40 cfg=91 cfgfail=0x0 vhv=0 vpolls=0
[PRT] calls=89237 xerr=0 ler=1 lidx=0x0 perr=0 maxcnt=17 addr8=0x52
[RTY] wr=0 wmax=0 wref=0  rd=0 rmax=0 rref=0
[RNG] frames=22281 last=40 min=12 max=159 nrdy=0 dxfer=0 dstat=0 lst=0 nrdyerr=0 dclr=0
[DRV] init=0 id=7 mode=0x1 lib=0x2 seq=0x1 odc=0x8b sts=0xe0 armed=1
[TRG] pulses=260 suppressed=106 cyc=1600 rst=1 rstmode=0x40
[HLT] polls=445 faults=0x0 cfglost=0
[EFF] n=5 last=58555 min=58548 max=58555 late=0 stuck=0 rderr=0
[IMU] init=0 addr=0x68 who=0x68 rst=1 pmrb0=0x40 pmrb=0x1 sr=19 cfg=4 gcfg=0x0 acfg=0x8 icfg=0x30 ien=0x1 armed=1
[ACC] reads=22282 stale=22253 rderr=1 ax=56 ay=-22 az=1124
[PWR] pm=0x1 drift=1 rderr=0
[DWT] ok=1 cyc=3298491310 cyc_per_ms=799875
[HB] up_ms=493870 frames=22329 inf=22329 hazard=366 canary_err=0 q=0 qovr=0
[I2C] init=0 gate=0 whoami=0x140e0 wr=0 wrseen=0x27 addr=0x5a ok=137593 err=1 tmo=0 recov=2 pclk1=200000000 sysclk=400000000
[NAK] nacks=1
[CLK] cpu=800000000 sysb=400000000 pclk1=200000000
[TOF] res=0 step=0 id=0xeacc blk=0xeacc10 ctl=0x0
[RNG] init=0 step=99 id=0xeacc boot=1 calls=93 xerr=0 dm=1 tb=15
[RNG] osc=41 imp=881 imprb=881 mstart=0x40 cfg=91 cfgfail=0x0 vhv=0 vpolls=0
[PRT] calls=89437 xerr=0 ler=1 lidx=0x0 perr=0 maxcnt=17 addr8=0x52
[RTY] wr=0 wmax=0 wref=0  rd=0 rmax=0 rref=0
[RNG] frames=22331 last=34 min=12 max=159 nrdy=0 dxfer=0 dstat=0 lst=0 nrdyerr=0 dclr=0
[DRV] init=0 id=7 mode=0x1 lib=0x2 seq=0x1 odc=0x8b sts=0xe0 armed=1
[TRG] pulses=260 suppressed=106 cyc=1600 rst=1 rstmode=0x40
[HLT] polls=446 faults=0x0 cfglost=0
[EFF] n=5 last=58555 min=58548 max=58555 late=0 stuck=0 rderr=0
[IMU] init=0 addr=0x68 who=0x68 rst=1 pmrb0=0x40 pmrb=0x1 sr=19 cfg=4 gcfg=0x0 acfg=0x8 icfg=0x30 ien=0x1 armed=1
[ACC] reads=22332 stale=22303 rderr=1 ax=53 ay=-21 az=1125
[PWR] pm=0x1 drift=1 rderr=0
[DWT] ok=1 cyc=4180091402 cyc_per_ms=800000
[HB] up_ms=494972 frames=22379 inf=22379 hazard=366 canary_err=0 q=0 qovr=0
[I2C] init=0 gate=0 whoami=0x140e0 wr=0 wrseen=0x27 addr=0x5a ok=137895 err=1 tmo=0 recov=2 pclk1=200000000 sysclk=400000000
[NAK] nacks=1
[CLK] cpu=800000000 sysb=400000000 pclk1=200000000
[TOF] res=0 step=0 id=0xeacc blk=0xeacc10 ctl=0x0
[RNG] init=0 step=99 id=0xeacc boot=1 calls=93 xerr=0 dm=1 tb=15
[RNG] osc=41 imp=881 imprb=881 mstart=0x40 cfg=91 cfgfail=0x0 vhv=0 vpolls=0
[PRT] calls=89637 xerr=0 ler=1 lidx=0x0 perr=0 maxcnt=17 addr8=0x52
[RTY] wr=0 wmax=0 wref=0  rd=0 rmax=0 rref=0
[RNG] frames=22381 last=31 min=12 max=159 nrdy=0 dxfer=0 dstat=0 lst=0 nrdyerr=0 dclr=0
[DRV] init=0 id=7 mode=0x1 lib=0x2 seq=0x1 odc=0x8b sts=0xe0 armed=1
[TRG] pulses=260 suppressed=106 cyc=1600 rst=1 rstmode=0x40
[HLT] polls=447 faults=0x0 cfglost=0
[EFF] n=5 last=58555 min=58548 max=58555 late=0 stuck=0 rderr=0
[IMU] init=0 addr=0x68 who=0x68 rst=1 pmrb0=0x40 pmrb=0x1 sr=19 cfg=4 gcfg=0x0 acfg=0x8 icfg=0x30 ien=0x1 armed=1
[ACC] reads=22382 stale=22353 rderr=1 ax=55 ay=-19 az=1125
[PWR] pm=0x1 drift=1 rderr=0
[DWT] ok=1 cyc=766724018 cyc_per_ms=799999
[HB] up_ms=496074 frames=22429 inf=22429 hazard=368 canary_err=0 q=0 qovr=0
[I2C] init=0 gate=0 whoami=0x140e0 wr=0 wrseen=0x27 addr=0x5a ok=138197 err=1 tmo=0 recov=2 pclk1=200000000 sysclk=400000000
[NAK] nacks=1
[CLK] cpu=800000000 sysb=400000000 pclk1=200000000
[TOF] res=0 step=0 id=0xeacc blk=0xeacc10 ctl=0x0
[RNG] init=0 step=99 id=0xeacc boot=1 calls=93 xerr=0 dm=1 tb=15
[RNG] osc=41 imp=881 imprb=881 mstart=0x40 cfg=91 cfgfail=0x0 vhv=0 vpolls=0
[PRT] calls=89837 xerr=0 ler=1 lidx=0x0 perr=0 maxcnt=17 addr8=0x52
[RTY] wr=0 wmax=0 wref=0  rd=0 rmax=0 rref=0
[RNG] frames=22431 last=45 min=12 max=159 nrdy=0 dxfer=0 dstat=0 lst=0 nrdyerr=0 dclr=0
[DRV] init=0 id=7 mode=0x1 lib=0x2 seq=0x1 odc=0x8b sts=0xe0 armed=1
[TRG] pulses=262 suppressed=106 cyc=1600 rst=1 rstmode=0x40
[HLT] polls=448 faults=0x0 cfglost=0
[EFF] n=5 last=58555 min=58548 max=58555 late=0 stuck=0 rderr=0
[IMU] init=0 addr=0x68 who=0x68 rst=1 pmrb0=0x40 pmrb=0x1 sr=19 cfg=4 gcfg=0x0 acfg=0x8 icfg=0x30 ien=0x1 armed=1
[ACC] reads=22432 stale=22403 rderr=1 ax=54 ay=-21 az=1123
[PWR] pm=0x1 drift=1 rderr=0
[DWT] ok=1 cyc=1648324030 cyc_per_ms=800000
[HB] up_ms=497176 frames=22479 inf=22479 hazard=370 canary_err=0 q=0 qovr=0
[I2C] init=0 gate=0 whoami=0x140e0 wr=0 wrseen=0x27 addr=0x5a ok=138499 err=1 tmo=0 recov=2 pclk1=200000000 sysclk=400000000
[NAK] nacks=1
[CLK] cpu=800000000 sysb=400000000 pclk1=200000000
[TOF] res=0 step=0 id=0xeacc blk=0xeacc10 ctl=0x0
[RNG] init=0 step=99 id=0xeacc boot=1 calls=93 xerr=0 dm=1 tb=15
[RNG] osc=41 imp=881 imprb=881 mstart=0x40 cfg=91 cfgfail=0x0 vhv=0 vpolls=0
[PRT] calls=90037 xerr=0 ler=1 lidx=0x0 perr=0 maxcnt=17 addr8=0x52
[RTY] wr=0 wmax=0 wref=0  rd=0 rmax=0 rref=0
[RNG] frames=22481 last=39 min=12 max=159 nrdy=0 dxfer=0 dstat=0 lst=0 nrdyerr=0 dclr=0
[DRV] init=0 id=7 mode=0x1 lib=0x2 seq=0x1 odc=0x8b sts=0xe0 armed=1
[TRG] pulses=263 suppressed=107 cyc=1600 rst=1 rstmode=0x40
[HLT] polls=449 faults=0x0 cfglost=0
[EFF] n=5 last=58555 min=58548 max=58555 late=0 stuck=0 rderr=0
[IMU] init=0 addr=0x68 who=0x68 rst=1 pmrb0=0x40 pmrb=0x1 sr=19 cfg=4 gcfg=0x0 acfg=0x8 icfg=0x30 ien=0x1 armed=1
[ACC] reads=22482 stale=22453 rderr=1 ax=53 ay=-21 az=1125
[PWR] pm=0x1 drift=1 rderr=0
[DWT] ok=1 cyc=2529924126 cyc_per_ms=800000
[HB] up_ms=498278 frames=22529 inf=22529 hazard=370 canary_err=0 q=0 qovr=0
[I2C] init=0 gate=0 whoami=0x140e0 wr=0 wrseen=0x27 addr=0x5a ok=138801 err=1 tmo=0 recov=2 pclk1=200000000 sysclk=400000000
[NAK] nacks=1
[CLK] cpu=800000000 sysb=400000000 pclk1=200000000
[TOF] res=0 step=0 id=0xeacc blk=0xeacc10 ctl=0x0
[RNG] init=0 step=99 id=0xeacc boot=1 calls=93 xerr=0 dm=1 tb=15
[RNG] osc=41 imp=881 imprb=881 mstart=0x40 cfg=91 cfgfail=0x0 vhv=0 vpolls=0
[PRT] calls=90233 xerr=0 ler=1 lidx=0x0 perr=0 maxcnt=17 addr8=0x52
[RTY] wr=0 wmax=0 wref=0  rd=0 rmax=0 rref=0
[RNG] frames=22531 last=30 min=12 max=159 nrdy=0 dxfer=0 dstat=0 lst=0 nrdyerr=0 dclr=0
[DRV] init=0 id=7 mode=0x1 lib=0x2 seq=0x1 odc=0x8b sts=0xe0 armed=1
[TRG] pulses=263 suppressed=107 cyc=1600 rst=1 rstmode=0x40
[HLT] polls=450 faults=0x0 cfglost=0
[EFF] n=5 last=58555 min=58548 max=58555 late=0 stuck=0 rderr=0
[IMU] init=0 addr=0x68 who=0x68 rst=1 pmrb0=0x40 pmrb=0x1 sr=19 cfg=4 gcfg=0x0 acfg=0x8 icfg=0x30 ien=0x1 armed=1
[ACC] reads=22532 stale=22503 rderr=1 ax=52 ay=-20 az=1121
[PWR] pm=0x1 drift=1 rderr=0
[DWT] ok=1 cyc=3411523974 cyc_per_ms=799999
[HB] up_ms=499380 frames=22579 inf=22579 hazard=370 canary_err=0 q=0 qovr=0
[I2C] init=0 gate=0 whoami=0x140e0 wr=0 wrseen=0x27 addr=0x5a ok=139103 err=1 tmo=0 recov=2 pclk1=200000000 sysclk=400000000
[NAK] nacks=1
[CLK] cpu=800000000 sysb=400000000 pclk1=200000000
[TOF] res=0 step=0 id=0xeacc blk=0xeacc10 ctl=0x0
[RNG] init=0 step=99 id=0xeacc boot=1 calls=93 xerr=0 dm=1 tb=15
[RNG] osc=41 imp=881 imprb=881 mstart=0x40 cfg=91 cfgfail=0x0 vhv=0 vpolls=0
[PRT] calls=90433 xerr=0 ler=1 lidx=0x0 perr=0 maxcnt=17 addr8=0x52
[RTY] wr=0 wmax=0 wref=0  rd=0 rmax=0 rref=0
[RNG] frames=22581 last=34 min=12 max=159 nrdy=0 dxfer=0 dstat=0 lst=0 nrdyerr=0 dclr=0
[DRV] init=0 id=7 mode=0x1 lib=0x2 seq=0x1 odc=0x8b sts=0xe0 armed=1
[TRG] pulses=263 suppressed=107 cyc=1600 rst=1 rstmode=0x40
[HLT] polls=451 faults=0x0 cfglost=0
[EFF] n=5 last=58555 min=58548 max=58555 late=0 stuck=0 rderr=0
[IMU] init=0 addr=0x68 who=0x68 rst=1 pmrb0=0x40 pmrb=0x1 sr=19 cfg=4 gcfg=0x0 acfg=0x8 icfg=0x30 ien=0x1 armed=1
[ACC] reads=22581 stale=22552 rderr=1 ax=53 ay=-19 az=1125
[PWR] pm=0x1 drift=1 rderr=0
[DWT] ok=1 cyc=4293123990 cyc_per_ms=800000
[HB] up_ms=500482 frames=22628 inf=22628 hazard=370 canary_err=0 q=0 qovr=0
[I2C] init=0 gate=0 whoami=0x140e0 wr=0 wrseen=0x27 addr=0x5a ok=139405 err=1 tmo=0 recov=2 pclk1=200000000 sysclk=400000000
[NAK] nacks=1
[CLK] cpu=800000000 sysb=400000000 pclk1=200000000
[TOF] res=0 step=0 id=0xeacc blk=0xeacc10 ctl=0x0
[RNG] init=0 step=99 id=0xeacc boot=1 calls=93 xerr=0 dm=1 tb=15
[RNG] osc=41 imp=881 imprb=881 mstart=0x40 cfg=91 cfgfail=0x0 vhv=0 vpolls=0
[PRT] calls=90633 xerr=0 ler=1 lidx=0x0 perr=0 maxcnt=17 addr8=0x52
[RTY] wr=0 wmax=0 wref=0  rd=0 rmax=0 rref=0
[RNG] frames=22631 last=35 min=12 max=159 nrdy=0 dxfer=0 dstat=0 lst=0 nrdyerr=0 dclr=0
[DRV] init=0 id=7 mode=0x1 lib=0x2 seq=0x1 odc=0x8b sts=0xe0 armed=1
[TRG] pulses=263 suppressed=107 cyc=1600 rst=1 rstmode=0x40
[HLT] polls=452 faults=0x0 cfglost=0
[EFF] n=5 last=58555 min=58548 max=58555 late=0 stuck=0 rderr=0
[IMU] init=0 addr=0x68 who=0x68 rst=1 pmrb0=0x40 pmrb=0x1 sr=19 cfg=4 gcfg=0x0 acfg=0x8 icfg=0x30 ien=0x1 armed=1
[ACC] reads=22631 stale=22602 rderr=1 ax=55 ay=-20 az=1125
[PWR] pm=0x1 drift=1 rderr=0
[DWT] ok=1 cyc=879893380 cyc_per_ms=800124
[HB] up_ms=501584 frames=22678 inf=22678 hazard=370 canary_err=0 q=0 qovr=0
[I2C] init=0 gate=0 whoami=0x140e0 wr=0 wrseen=0x27 addr=0x5a ok=139707 err=1 tmo=0 recov=2 pclk1=200000000 sysclk=400000000
[NAK] nacks=1
[CLK] cpu=800000000 sysb=400000000 pclk1=200000000
[TOF] res=0 step=0 id=0xeacc blk=0xeacc10 ctl=0x0
[RNG] init=0 step=99 id=0xeacc boot=1 calls=93 xerr=0 dm=1 tb=15
[RNG] osc=41 imp=881 imprb=881 mstart=0x40 cfg=91 cfgfail=0x0 vhv=0 vpolls=0
[PRT] calls=90833 xerr=0 ler=1 lidx=0x0 perr=0 maxcnt=17 addr8=0x52
[RTY] wr=0 wmax=0 wref=0  rd=0 rmax=0 rref=0
[RNG] frames=22681 last=38 min=12 max=159 nrdy=0 dxfer=0 dstat=0 lst=0 nrdyerr=0 dclr=0
[DRV] init=0 id=7 mode=0x1 lib=0x2 seq=0x1 odc=0x8b sts=0xe0 armed=1
[TRG] pulses=263 suppressed=107 cyc=1600 rst=1 rstmode=0x40
[HLT] polls=453 faults=0x0 cfglost=0
[EFF] n=5 last=58555 min=58548 max=58555 late=0 stuck=0 rderr=0
[IMU] init=0 addr=0x68 who=0x68 rst=1 pmrb0=0x40 pmrb=0x1 sr=19 cfg=4 gcfg=0x0 acfg=0x8 icfg=0x30 ien=0x1 armed=1
[ACC] reads=22681 stale=22652 rderr=1 ax=52 ay=-20 az=1123
[PWR] pm=0x1 drift=1 rderr=0
[DWT] ok=1 cyc=1761494148 cyc_per_ms=800000
[HB] up_ms=502686 frames=22728 inf=22728 hazard=371 canary_err=0 q=0 qovr=0
[I2C] init=0 gate=0 whoami=0x140e0 wr=0 wrseen=0x27 addr=0x5a ok=140005 err=1 tmo=0 recov=2 pclk1=200000000 sysclk=400000000
[NAK] nacks=1
[CLK] cpu=800000000 sysb=400000000 pclk1=200000000
[TOF] res=0 step=0 id=0xeacc blk=0xeacc10 ctl=0x0
[RNG] init=0 step=99 id=0xeacc boot=1 calls=93 xerr=0 dm=1 tb=15
[RNG] osc=41 imp=881 imprb=881 mstart=0x40 cfg=91 cfgfail=0x0 vhv=0 vpolls=0
[PRT] calls=91033 xerr=0 ler=1 lidx=0x0 perr=0 maxcnt=17 addr8=0x52
[RTY] wr=0 wmax=0 wref=0  rd=0 rmax=0 rref=0
[RNG] frames=22730 last=47 min=12 max=159 nrdy=0 dxfer=0 dstat=0 lst=0 nrdyerr=0 dclr=0
[DRV] init=0 id=7 mode=0x1 lib=0x2 seq=0x1 odc=0x8b sts=0xe0 armed=1
[TRG] pulses=264 suppressed=107 cyc=1600 rst=1 rstmode=0x40
[HLT] polls=454 faults=0x0 cfglost=0
[EFF] n=5 last=58555 min=58548 max=58555 late=0 stuck=0 rderr=0
[IMU] init=0 addr=0x68 who=0x68 rst=1 pmrb0=0x40 pmrb=0x1 sr=19 cfg=4 gcfg=0x0 acfg=0x8 icfg=0x30 ien=0x1 armed=1
[ACC] reads=22731 stale=22702 rderr=1 ax=54 ay=-19 az=1121
[PWR] pm=0x1 drift=1 rderr=0
[DWT] ok=1 cyc=2642956822 cyc_per_ms=799875
[HB] up_ms=503788 frames=22778 inf=22778 hazard=371 canary_err=0 q=0 qovr=0
[I2C] init=0 gate=0 whoami=0x140e0 wr=0 wrseen=0x27 addr=0x5a ok=140305 err=1 tmo=0 recov=2 pclk1=200000000 sysclk=400000000
[NAK] nacks=1
[CLK] cpu=800000000 sysb=400000000 pclk1=200000000
[TOF] res=0 step=0 id=0xeacc blk=0xeacc10 ctl=0x0
[RNG] init=0 step=99 id=0xeacc boot=1 calls=93 xerr=0 dm=1 tb=15
[RNG] osc=41 imp=881 imprb=881 mstart=0x40 cfg=91 cfgfail=0x0 vhv=0 vpolls=0
[PRT] calls=91233 xerr=0 ler=1 lidx=0x0 perr=0 maxcnt=17 addr8=0x52
[RTY] wr=0 wmax=0 wref=0  rd=0 rmax=0 rref=0
[RNG] frames=22780 last=38 min=12 max=159 nrdy=0 dxfer=0 dstat=0 lst=0 nrdyerr=0 dclr=0
[DRV] init=0 id=7 mode=0x1 lib=0x2 seq=0x1 odc=0x8b sts=0xe0 armed=1
[TRG] pulses=264 suppressed=107 cyc=1600 rst=1 rstmode=0x40
[HLT] polls=455 faults=0x0 cfglost=0
[EFF] n=5 last=58555 min=58548 max=58555 late=0 stuck=0 rderr=0
[IMU] init=0 addr=0x68 who=0x68 rst=1 pmrb0=0x40 pmrb=0x1 sr=19 cfg=4 gcfg=0x0 acfg=0x8 icfg=0x30 ien=0x1 armed=1
[ACC] reads=22781 stale=22752 rderr=1 ax=53 ay=-21 az=1119
[PWR] pm=0x1 drift=1 rderr=0
[DWT] ok=1 cyc=3524556810 cyc_per_ms=799999
[HB] up_ms=504890 frames=22828 inf=22828 hazard=371 canary_err=0 q=0 qovr=0
[I2C] init=0 gate=0 whoami=0x140e0 wr=0 wrseen=0x27 addr=0x5a ok=140607 err=1 tmo=0 recov=2 pclk1=200000000 sysclk=400000000
[NAK] nacks=1
[CLK] cpu=800000000 sysb=400000000 pclk1=200000000
[TOF] res=0 step=0 id=0xeacc blk=0xeacc10 ctl=0x0
[RNG] init=0 step=99 id=0xeacc boot=1 calls=93 xerr=0 dm=1 tb=15
[RNG] osc=41 imp=881 imprb=881 mstart=0x40 cfg=91 cfgfail=0x0 vhv=0 vpolls=0
[PRT] calls=91433 xerr=0 ler=1 lidx=0x0 perr=0 maxcnt=17 addr8=0x52
[RTY] wr=0 wmax=0 wref=0  rd=0 rmax=0 rref=0
[RNG] frames=22830 last=48 min=12 max=159 nrdy=0 dxfer=0 dstat=0 lst=0 nrdyerr=0 dclr=0
[DRV] init=0 id=7 mode=0x1 lib=0x2 seq=0x1 odc=0x8b sts=0xe0 armed=1
[TRG] pulses=264 suppressed=107 cyc=1600 rst=1 rstmode=0x40
[HLT] polls=456 faults=0x0 cfglost=0
[EFF] n=5 last=58555 min=58548 max=58555 late=0 stuck=0 rderr=0
[IMU] init=0 addr=0x68 who=0x68 rst=1 pmrb0=0x40 pmrb=0x1 sr=19 cfg=4 gcfg=0x0 acfg=0x8 icfg=0x30 ien=0x1 armed=1
[ACC] reads=22831 stale=22802 rderr=1 ax=54 ay=-20 az=1124
[PWR] pm=0x1 drift=1 rderr=0
[DWT] ok=1 cyc=111189402 cyc_per_ms=799999
[HB] up_ms=505992 frames=22878 inf=22878 hazard=373 canary_err=0 q=0 qovr=0
[I2C] init=0 gate=0 whoami=0x140e0 wr=0 wrseen=0x27 addr=0x5a ok=140909 err=1 tmo=0 recov=2 pclk1=200000000 sysclk=400000000
[NAK] nacks=1
[CLK] cpu=800000000 sysb=400000000 pclk1=200000000
[TOF] res=0 step=0 id=0xeacc blk=0xeacc10 ctl=0x0
[RNG] init=0 step=99 id=0xeacc boot=1 calls=93 xerr=0 dm=1 tb=15
[RNG] osc=41 imp=881 imprb=881 mstart=0x40 cfg=91 cfgfail=0x0 vhv=0 vpolls=0
[PRT] calls=91633 xerr=0 ler=1 lidx=0x0 perr=0 maxcnt=17 addr8=0x52
[RTY] wr=0 wmax=0 wref=0  rd=0 rmax=0 rref=0
[RNG] frames=22880 last=30 min=12 max=159 nrdy=0 dxfer=0 dstat=0 lst=0 nrdyerr=0 dclr=0
[DRV] init=0 id=7 mode=0x1 lib=0x2 seq=0x1 odc=0x8b sts=0xe0 armed=1
[TRG] pulses=266 suppressed=107 cyc=1600 rst=1 rstmode=0x40
[HLT] polls=457 faults=0x0 cfglost=0
[EFF] n=5 last=58555 min=58548 max=58555 late=0 stuck=0 rderr=0
[IMU] init=0 addr=0x68 who=0x68 rst=1 pmrb0=0x40 pmrb=0x1 sr=19 cfg=4 gcfg=0x0 acfg=0x8 icfg=0x30 ien=0x1 armed=1
[ACC] reads=22881 stale=22851 rderr=1 ax=54 ay=-20 az=1123
[PWR] pm=0x1 drift=1 rderr=0
[DWT] ok=1 cyc=992789382 cyc_per_ms=799999
[HB] up_ms=507094 frames=22928 inf=22928 hazard=373 canary_err=0 q=0 qovr=0
[I2C] init=0 gate=0 whoami=0x140e0 wr=0 wrseen=0x27 addr=0x5a ok=141211 err=1 tmo=0 recov=2 pclk1=200000000 sysclk=400000000
[NAK] nacks=1
[CLK] cpu=800000000 sysb=400000000 pclk1=200000000
[TOF] res=0 step=0 id=0xeacc blk=0xeacc10 ctl=0x0
[RNG] init=0 step=99 id=0xeacc boot=1 calls=93 xerr=0 dm=1 tb=15
[RNG] osc=41 imp=881 imprb=881 mstart=0x40 cfg=91 cfgfail=0x0 vhv=0 vpolls=0
[PRT] calls=91833 xerr=0 ler=1 lidx=0x0 perr=0 maxcnt=17 addr8=0x52
[RTY] wr=0 wmax=0 wref=0  rd=0 rmax=0 rref=0
[RNG] frames=22930 last=33 min=12 max=159 nrdy=0 dxfer=0 dstat=0 lst=0 nrdyerr=0 dclr=0
[DRV] init=0 id=7 mode=0x1 lib=0x2 seq=0x1 odc=0x8b sts=0xe0 armed=1
[TRG] pulses=266 suppressed=107 cyc=1600 rst=1 rstmode=0x40
[HLT] polls=458 faults=0x0 cfglost=0
[EFF] n=5 last=58555 min=58548 max=58555 late=0 stuck=0 rderr=0
[IMU] init=0 addr=0x68 who=0x68 rst=1 pmrb0=0x40 pmrb=0x1 sr=19 cfg=4 gcfg=0x0 acfg=0x8 icfg=0x30 ien=0x1 armed=1
[ACC] reads=22931 stale=22901 rderr=1 ax=53 ay=-19 az=1125
[PWR] pm=0x1 drift=1 rderr=0
[DWT] ok=1 cyc=1874389538 cyc_per_ms=800000
[HB] up_ms=508196 frames=22978 inf=22978 hazard=374 canary_err=0 q=0 qovr=0
[I2C] init=0 gate=0 whoami=0x140e0 wr=0 wrseen=0x27 addr=0x5a ok=141513 err=1 tmo=0 recov=2 pclk1=200000000 sysclk=400000000
[NAK] nacks=1
[CLK] cpu=800000000 sysb=400000000 pclk1=200000000
[TOF] res=0 step=0 id=0xeacc blk=0xeacc10 ctl=0x0
[RNG] init=0 step=99 id=0xeacc boot=1 calls=93 xerr=0 dm=1 tb=15
[RNG] osc=41 imp=881 imprb=881 mstart=0x40 cfg=91 cfgfail=0x0 vhv=0 vpolls=0
[PRT] calls=92029 xerr=0 ler=1 lidx=0x0 perr=0 maxcnt=17 addr8=0x52
[RTY] wr=0 wmax=0 wref=0  rd=0 rmax=0 rref=0
[RNG] frames=22980 last=40 min=12 max=159 nrdy=0 dxfer=0 dstat=0 lst=0 nrdyerr=0 dclr=0
[DRV] init=0 id=7 mode=0x1 lib=0x2 seq=0x1 odc=0x8b sts=0xe0 armed=1
[TRG] pulses=267 suppressed=107 cyc=1600 rst=1 rstmode=0x40
[HLT] polls=459 faults=0x0 cfglost=0
[EFF] n=5 last=58555 min=58548 max=58555 late=0 stuck=0 rderr=0
[IMU] init=0 addr=0x68 who=0x68 rst=1 pmrb0=0x40 pmrb=0x1 sr=19 cfg=4 gcfg=0x0 acfg=0x8 icfg=0x30 ien=0x1 armed=1
[ACC] reads=22981 stale=22951 rderr=1 ax=54 ay=-20 az=1126
[PWR] pm=0x1 drift=1 rderr=0
[DWT] ok=1 cyc=2755989398 cyc_per_ms=799999
[HB] up_ms=509298 frames=23028 inf=23028 hazard=374 canary_err=0 q=0 qovr=0
[I2C] init=0 gate=0 whoami=0x140e0 wr=0 wrseen=0x27 addr=0x5a ok=141815 err=1 tmo=0 recov=2 pclk1=200000000 sysclk=400000000
[NAK] nacks=1
[CLK] cpu=800000000 sysb=400000000 pclk1=200000000
[TOF] res=0 step=0 id=0xeacc blk=0xeacc10 ctl=0x0
[RNG] init=0 step=99 id=0xeacc boot=1 calls=93 xerr=0 dm=1 tb=15
[RNG] osc=41 imp=881 imprb=881 mstart=0x40 cfg=91 cfgfail=0x0 vhv=0 vpolls=0
[PRT] calls=92229 xerr=0 ler=1 lidx=0x0 perr=0 maxcnt=17 addr8=0x52
[RTY] wr=0 wmax=0 wref=0  rd=0 rmax=0 rref=0
[RNG] frames=23030 last=41 min=12 max=159 nrdy=0 dxfer=0 dstat=0 lst=0 nrdyerr=0 dclr=0
[DRV] init=0 id=7 mode=0x1 lib=0x2 seq=0x1 odc=0x8b sts=0xe0 armed=1
[TRG] pulses=267 suppressed=107 cyc=1600 rst=1 rstmode=0x40
[HLT] polls=460 faults=0x0 cfglost=0
[EFF] n=5 last=58555 min=58548 max=58555 late=0 stuck=0 rderr=0
[IMU] init=0 addr=0x68 who=0x68 rst=1 pmrb0=0x40 pmrb=0x1 sr=19 cfg=4 gcfg=0x0 acfg=0x8 icfg=0x30 ien=0x1 armed=1
[ACC] reads=23030 stale=23000 rderr=1 ax=54 ay=-19 az=1122
[PWR] pm=0x1 drift=1 rderr=0
[DWT] ok=1 cyc=3637589458 cyc_per_ms=800000
[HB] up_ms=510400 frames=23077 inf=23077 hazard=375 canary_err=0 q=0 qovr=0
[I2C] init=0 gate=0 whoami=0x140e0 wr=0 wrseen=0x27 addr=0x5a ok=142117 err=1 tmo=0 recov=2 pclk1=200000000 sysclk=400000000
[NAK] nacks=1
[CLK] cpu=800000000 sysb=400000000 pclk1=200000000
[TOF] res=0 step=0 id=0xeacc blk=0xeacc10 ctl=0x0
[RNG] init=0 step=99 id=0xeacc boot=1 calls=93 xerr=0 dm=1 tb=15
[RNG] osc=41 imp=881 imprb=881 mstart=0x40 cfg=91 cfgfail=0x0 vhv=0 vpolls=0
[PRT] calls=92429 xerr=0 ler=1 lidx=0x0 perr=0 maxcnt=17 addr8=0x52
[RTY] wr=0 wmax=0 wref=0  rd=0 rmax=0 rref=0
[RNG] frames=23080 last=51 min=12 max=159 nrdy=0 dxfer=0 dstat=0 lst=0 nrdyerr=0 dclr=0
[DRV] init=0 id=7 mode=0x1 lib=0x2 seq=0x1 odc=0x8b sts=0xe0 armed=1
[TRG] pulses=268 suppressed=107 cyc=1600 rst=1 rstmode=0x40
[HLT] polls=461 faults=0x0 cfglost=0
[EFF] n=5 last=58555 min=58548 max=58555 late=0 stuck=0 rderr=0
[IMU] init=0 addr=0x68 who=0x68 rst=1 pmrb0=0x40 pmrb=0x1 sr=19 cfg=4 gcfg=0x0 acfg=0x8 icfg=0x30 ien=0x1 armed=1
[ACC] reads=23080 stale=23050 rderr=1 ax=52 ay=-18 az=1121
[PWR] pm=0x1 drift=1 rderr=0
[DWT] ok=1 cyc=224358860 cyc_per_ms=800124
[HB] up_ms=511502 frames=23127 inf=23127 hazard=376 canary_err=0 q=0 qovr=0
[I2C] init=0 gate=0 whoami=0x140e0 wr=0 wrseen=0x27 addr=0x5a ok=142419 err=1 tmo=0 recov=2 pclk1=200000000 sysclk=400000000
[NAK] nacks=1
[CLK] cpu=800000000 sysb=400000000 pclk1=200000000
[TOF] res=0 step=0 id=0xeacc blk=0xeacc10 ctl=0x0
[RNG] init=0 step=99 id=0xeacc boot=1 calls=93 xerr=0 dm=1 tb=15
[RNG] osc=41 imp=881 imprb=881 mstart=0x40 cfg=91 cfgfail=0x0 vhv=0 vpolls=0
[PRT] calls=92629 xerr=0 ler=1 lidx=0x0 perr=0 maxcnt=17 addr8=0x52
[RTY] wr=0 wmax=0 wref=0  rd=0 rmax=0 rref=0
[RNG] frames=23130 last=42 min=12 max=159 nrdy=0 dxfer=0 dstat=0 lst=0 nrdyerr=0 dclr=0
[DRV] init=0 id=7 mode=0x1 lib=0x2 seq=0x1 odc=0x8b sts=0xe0 armed=1
[TRG] pulses=269 suppressed=107 cyc=1600 rst=1 rstmode=0x40
[HLT] polls=462 faults=0x0 cfglost=0
[EFF] n=5 last=58555 min=58548 max=58555 late=0 stuck=0 rderr=0
[IMU] init=0 addr=0x68 who=0x68 rst=1 pmrb0=0x40 pmrb=0x1 sr=19 cfg=4 gcfg=0x0 acfg=0x8 icfg=0x30 ien=0x1 armed=1
[ACC] reads=23130 stale=23100 rderr=1 ax=57 ay=-19 az=1124
[PWR] pm=0x1 drift=1 rderr=0
[DWT] ok=1 cyc=1105959584 cyc_per_ms=800000
[HB] up_ms=512604 frames=23177 inf=23177 hazard=376 canary_err=0 q=0 qovr=0
[I2C] init=0 gate=0 whoami=0x140e0 wr=0 wrseen=0x27 addr=0x5a ok=142717 err=1 tmo=0 recov=2 pclk1=200000000 sysclk=400000000
[NAK] nacks=1
[CLK] cpu=800000000 sysb=400000000 pclk1=200000000
[TOF] res=0 step=0 id=0xeacc blk=0xeacc10 ctl=0x0
[RNG] init=0 step=99 id=0xeacc boot=1 calls=93 xerr=0 dm=1 tb=15
[RNG] osc=41 imp=881 imprb=881 mstart=0x40 cfg=91 cfgfail=0x0 vhv=0 vpolls=0
[PRT] calls=92829 xerr=0 ler=1 lidx=0x0 perr=0 maxcnt=17 addr8=0x52
[RTY] wr=0 wmax=0 wref=0  rd=0 rmax=0 rref=0
[RNG] frames=23179 last=36 min=12 max=159 nrdy=0 dxfer=0 dstat=0 lst=0 nrdyerr=0 dclr=0
[DRV] init=0 id=7 mode=0x1 lib=0x2 seq=0x1 odc=0x8b sts=0xe0 armed=1
[TRG] pulses=269 suppressed=107 cyc=1600 rst=1 rstmode=0x40
[HLT] polls=463 faults=0x0 cfglost=0
[EFF] n=5 last=58555 min=58548 max=58555 late=0 stuck=0 rderr=0
[IMU] init=0 addr=0x68 who=0x68 rst=1 pmrb0=0x40 pmrb=0x1 sr=19 cfg=4 gcfg=0x0 acfg=0x8 icfg=0x30 ien=0x1 armed=1
[ACC] reads=23180 stale=23150 rderr=1 ax=56 ay=-21 az=1122
[PWR] pm=0x1 drift=1 rderr=0
[DWT] ok=1 cyc=1987422234 cyc_per_ms=799875
[HB] up_ms=513706 frames=23227 inf=23227 hazard=377 canary_err=0 q=0 qovr=0
[I2C] init=0 gate=0 whoami=0x140e0 wr=0 wrseen=0x27 addr=0x5a ok=143017 err=1 tmo=0 recov=2 pclk1=200000000 sysclk=400000000
[NAK] nacks=1
[CLK] cpu=800000000 sysb=400000000 pclk1=200000000
[TOF] res=0 step=0 id=0xeacc blk=0xeacc10 ctl=0x0
[RNG] init=0 step=99 id=0xeacc boot=1 calls=93 xerr=0 dm=1 tb=15
[RNG] osc=41 imp=881 imprb=881 mstart=0x40 cfg=91 cfgfail=0x0 vhv=0 vpolls=0
[PRT] calls=93029 xerr=0 ler=1 lidx=0x0 perr=0 maxcnt=17 addr8=0x52
[RTY] wr=0 wmax=0 wref=0  rd=0 rmax=0 rref=0
[RNG] frames=23229 last=52 min=12 max=159 nrdy=0 dxfer=0 dstat=0 lst=0 nrdyerr=0 dclr=0
[DRV] init=0 id=7 mode=0x1 lib=0x2 seq=0x1 odc=0x8b sts=0xe0 armed=1
[TRG] pulses=270 suppressed=107 cyc=1600 rst=1 rstmode=0x40
[HLT] polls=464 faults=0x0 cfglost=0
[EFF] n=5 last=58555 min=58548 max=58555 late=0 stuck=0 rderr=0
[IMU] init=0 addr=0x68 who=0x68 rst=1 pmrb0=0x40 pmrb=0x1 sr=19 cfg=4 gcfg=0x0 acfg=0x8 icfg=0x30 ien=0x1 armed=1
[ACC] reads=23230 stale=23200 rderr=1 ax=56 ay=-21 az=1122
[PWR] pm=0x1 drift=1 rderr=0
[DWT] ok=1 cyc=2869022170 cyc_per_ms=799999
[HB] up_ms=514808 frames=23277 inf=23277 hazard=380 canary_err=0 q=0 qovr=0
[I2C] init=0 gate=0 whoami=0x140e0 wr=0 wrseen=0x27 addr=0x5a ok=143319 err=1 tmo=0 recov=2 pclk1=200000000 sysclk=400000000
[NAK] nacks=1
[CLK] cpu=800000000 sysb=400000000 pclk1=200000000
[TOF] res=0 step=0 id=0xeacc blk=0xeacc10 ctl=0x0
[RNG] init=0 step=99 id=0xeacc boot=1 calls=93 xerr=0 dm=1 tb=15
[RNG] osc=41 imp=881 imprb=881 mstart=0x40 cfg=91 cfgfail=0x0 vhv=0 vpolls=0
[PRT] calls=93229 xerr=0 ler=1 lidx=0x0 perr=0 maxcnt=17 addr8=0x52
[RTY] wr=0 wmax=0 wref=0  rd=0 rmax=0 rref=0
[RNG] frames=23279 last=46 min=12 max=159 nrdy=0 dxfer=0 dstat=0 lst=0 nrdyerr=0 dclr=0
[DRV] init=0 id=7 mode=0x1 lib=0x2 seq=0x1 odc=0x8b sts=0xe0 armed=1
[TRG] pulses=272 suppressed=108 cyc=1600 rst=1 rstmode=0x40
[HLT] polls=465 faults=0x0 cfglost=0
[EFF] n=5 last=58555 min=58548 max=58555 late=0 stuck=0 rderr=0
[IMU] init=0 addr=0x68 who=0x68 rst=1 pmrb0=0x40 pmrb=0x1 sr=19 cfg=4 gcfg=0x0 acfg=0x8 icfg=0x30 ien=0x1 armed=1
[ACC] reads=23280 stale=23250 rderr=1 ax=54 ay=-20 az=1125
[PWR] pm=0x1 drift=1 rderr=0
[DWT] ok=1 cyc=3750622074 cyc_per_ms=799999
[HB] up_ms=515910 frames=23327 inf=23327 hazard=381 canary_err=0 q=0 qovr=0
[I2C] init=0 gate=0 whoami=0x140e0 wr=0 wrseen=0x27 addr=0x5a ok=143621 err=1 tmo=0 recov=2 pclk1=200000000 sysclk=400000000
[NAK] nacks=1
[CLK] cpu=800000000 sysb=400000000 pclk1=200000000
[TOF] res=0 step=0 id=0xeacc blk=0xeacc10 ctl=0x0
[RNG] init=0 step=99 id=0xeacc boot=1 calls=93 xerr=0 dm=1 tb=15
[RNG] osc=41 imp=881 imprb=881 mstart=0x40 cfg=91 cfgfail=0x0 vhv=0 vpolls=0
[PRT] calls=93429 xerr=0 ler=1 lidx=0x0 perr=0 maxcnt=17 addr8=0x52
[RTY] wr=0 wmax=0 wref=0  rd=0 rmax=0 rref=0
[RNG] frames=23329 last=35 min=12 max=159 nrdy=0 dxfer=0 dstat=0 lst=0 nrdyerr=0 dclr=0
[DRV] init=0 id=7 mode=0x1 lib=0x2 seq=0x1 odc=0x8b sts=0xe0 armed=1
[TRG] pulses=273 suppressed=108 cyc=1600 rst=1 rstmode=0x40
[HLT] polls=466 faults=0x0 cfglost=0
[EFF] n=5 last=58555 min=58548 max=58555 late=0 stuck=0 rderr=0
[IMU] init=0 addr=0x68 who=0x68 rst=1 pmrb0=0x40 pmrb=0x1 sr=19 cfg=4 gcfg=0x0 acfg=0x8 icfg=0x30 ien=0x1 armed=1
[ACC] reads=23330 stale=23300 rderr=1 ax=53 ay=-20 az=1124
[PWR] pm=0x1 drift=1 rderr=0
[DWT] ok=1 cyc=337254870 cyc_per_ms=800000
[HB] up_ms=517012 frames=23377 inf=23377 hazard=381 canary_err=0 q=0 qovr=0
[I2C] init=0 gate=0 whoami=0x140e0 wr=0 wrseen=0x27 addr=0x5a ok=143923 err=1 tmo=0 recov=2 pclk1=200000000 sysclk=400000000
[NAK] nacks=1
[CLK] cpu=800000000 sysb=400000000 pclk1=200000000
[TOF] res=0 step=0 id=0xeacc blk=0xeacc10 ctl=0x0
[RNG] init=0 step=99 id=0xeacc boot=1 calls=93 xerr=0 dm=1 tb=15
[RNG] osc=41 imp=881 imprb=881 mstart=0x40 cfg=91 cfgfail=0x0 vhv=0 vpolls=0
[PRT] calls=93629 xerr=0 ler=1 lidx=0x0 perr=0 maxcnt=17 addr8=0x52
[RTY] wr=0 wmax=0 wref=0  rd=0 rmax=0 rref=0
[RNG] frames=23379 last=46 min=12 max=159 nrdy=0 dxfer=0 dstat=0 lst=0 nrdyerr=0 dclr=0
[DRV] init=0 id=7 mode=0x1 lib=0x2 seq=0x1 odc=0x8b sts=0xe0 armed=1
[TRG] pulses=273 suppressed=108 cyc=1600 rst=1 rstmode=0x40
[HLT] polls=467 faults=0x0 cfglost=0
[EFF] n=5 last=58555 min=58548 max=58555 late=0 stuck=0 rderr=0
[IMU] init=0 addr=0x68 who=0x68 rst=1 pmrb0=0x40 pmrb=0x1 sr=19 cfg=4 gcfg=0x0 acfg=0x8 icfg=0x30 ien=0x1 armed=1
[ACC] reads=23380 stale=23350 rderr=1 ax=55 ay=-20 az=1126
[PWR] pm=0x1 drift=1 rderr=0
[DWT] ok=1 cyc=1218854894 cyc_per_ms=800000
[HB] up_ms=518114 frames=23427 inf=23427 hazard=381 canary_err=0 q=0 qovr=0
[I2C] init=0 gate=0 whoami=0x140e0 wr=0 wrseen=0x27 addr=0x5a ok=144225 err=1 tmo=0 recov=2 pclk1=200000000 sysclk=400000000
[NAK] nacks=1
[CLK] cpu=800000000 sysb=400000000 pclk1=200000000
[TOF] res=0 step=0 id=0xeacc blk=0xeacc10 ctl=0x0
[RNG] init=0 step=99 id=0xeacc boot=1 calls=93 xerr=0 dm=1 tb=15
[RNG] osc=41 imp=881 imprb=881 mstart=0x40 cfg=91 cfgfail=0x0 vhv=0 vpolls=0
[PRT] calls=93825 xerr=0 ler=1 lidx=0x0 perr=0 maxcnt=17 addr8=0x52
[RTY] wr=0 wmax=0 wref=0  rd=0 rmax=0 rref=0
[RNG] frames=23429 last=33 min=12 max=159 nrdy=0 dxfer=0 dstat=0 lst=0 nrdyerr=0 dclr=0
[DRV] init=0 id=7 mode=0x1 lib=0x2 seq=0x1 odc=0x8b sts=0xe0 armed=1
[TRG] pulses=273 suppressed=108 cyc=1600 rst=1 rstmode=0x40
[HLT] polls=468 faults=0x0 cfglost=0
[EFF] n=5 last=58555 min=58548 max=58555 late=0 stuck=0 rderr=0
[IMU] init=0 addr=0x68 who=0x68 rst=1 pmrb0=0x40 pmrb=0x1 sr=19 cfg=4 gcfg=0x0 acfg=0x8 icfg=0x30 ien=0x1 armed=1
[ACC] reads=23430 stale=23400 rderr=1 ax=54 ay=-21 az=1120
[PWR] pm=0x1 drift=1 rderr=0
[DWT] ok=1 cyc=2100454842 cyc_per_ms=799999
[HB] up_ms=519216 frames=23477 inf=23477 hazard=382 canary_err=0 q=0 qovr=0
[I2C] init=0 gate=0 whoami=0x140e0 wr=0 wrseen=0x27 addr=0x5a ok=144527 err=1 tmo=0 recov=2 pclk1=200000000 sysclk=400000000
[NAK] nacks=1
[CLK] cpu=800000000 sysb=400000000 pclk1=200000000
[TOF] res=0 step=0 id=0xeacc blk=0xeacc10 ctl=0x0
[RNG] init=0 step=99 id=0xeacc boot=1 calls=93 xerr=0 dm=1 tb=15
[RNG] osc=41 imp=881 imprb=881 mstart=0x40 cfg=91 cfgfail=0x0 vhv=0 vpolls=0
[PRT] calls=94025 xerr=0 ler=1 lidx=0x0 perr=0 maxcnt=17 addr8=0x52
[RTY] wr=0 wmax=0 wref=0  rd=0 rmax=0 rref=0
[RNG] frames=23479 last=43 min=12 max=159 nrdy=0 dxfer=0 dstat=0 lst=0 nrdyerr=0 dclr=0
[DRV] init=0 id=7 mode=0x1 lib=0x2 seq=0x1 odc=0x8b sts=0xe0 armed=1
[TRG] pulses=274 suppressed=108 cyc=1600 rst=1 rstmode=0x40
[HLT] polls=469 faults=0x0 cfglost=0
[EFF] n=5 last=58555 min=58548 max=58555 late=0 stuck=0 rderr=0
[IMU] init=0 addr=0x68 who=0x68 rst=1 pmrb0=0x40 pmrb=0x1 sr=19 cfg=4 gcfg=0x0 acfg=0x8 icfg=0x30 ien=0x1 armed=1
[ACC] reads=23479 stale=23449 rderr=1 ax=55 ay=-21 az=1121
[PWR] pm=0x1 drift=1 rderr=0
[DWT] ok=1 cyc=2982054878 cyc_per_ms=800000
[HB] up_ms=520318 frames=23526 inf=23526 hazard=382 canary_err=0 q=0 qovr=0
[I2C] init=0 gate=0 whoami=0x140e0 wr=0 wrseen=0x27 addr=0x5a ok=144829 err=1 tmo=0 recov=2 pclk1=200000000 sysclk=400000000
[NAK] nacks=1
[CLK] cpu=800000000 sysb=400000000 pclk1=200000000
[TOF] res=0 step=0 id=0xeacc blk=0xeacc10 ctl=0x0
[RNG] init=0 step=99 id=0xeacc boot=1 calls=93 xerr=0 dm=1 tb=15
[RNG] osc=41 imp=881 imprb=881 mstart=0x40 cfg=91 cfgfail=0x0 vhv=0 vpolls=0
[PRT] calls=94225 xerr=0 ler=1 lidx=0x0 perr=0 maxcnt=17 addr8=0x52
[RTY] wr=0 wmax=0 wref=0  rd=0 rmax=0 rref=0
[RNG] frames=23529 last=44 min=12 max=159 nrdy=0 dxfer=0 dstat=0 lst=0 nrdyerr=0 dclr=0
[DRV] init=0 id=7 mode=0x1 lib=0x2 seq=0x1 odc=0x8b sts=0xe0 armed=1
[TRG] pulses=274 suppressed=108 cyc=1600 rst=1 rstmode=0x40
[HLT] polls=470 faults=0x0 cfglost=0
[EFF] n=5 last=58555 min=58548 max=58555 late=0 stuck=0 rderr=0
[IMU] init=0 addr=0x68 who=0x68 rst=1 pmrb0=0x40 pmrb=0x1 sr=19 cfg=4 gcfg=0x0 acfg=0x8 icfg=0x30 ien=0x1 armed=1
[ACC] reads=23529 stale=23499 rderr=1 ax=54 ay=-22 az=1125
[PWR] pm=0x1 drift=1 rderr=0
[DWT] ok=1 cyc=3863791512 cyc_per_ms=800123
[HB] up_ms=521420 frames=23576 inf=23576 hazard=382 canary_err=0 q=0 qovr=0
[I2C] init=0 gate=0 whoami=0x140e0 wr=0 wrseen=0x27 addr=0x5a ok=145131 err=1 tmo=0 recov=2 pclk1=200000000 sysclk=400000000
[NAK] nacks=1
[CLK] cpu=800000000 sysb=400000000 pclk1=200000000
[TOF] res=0 step=0 id=0xeacc blk=0xeacc10 ctl=0x0
[RNG] init=0 step=99 id=0xeacc boot=1 calls=93 xerr=0 dm=1 tb=15
[RNG] osc=41 imp=881 imprb=881 mstart=0x40 cfg=91 cfgfail=0x0 vhv=0 vpolls=0
[PRT] calls=94425 xerr=0 ler=1 lidx=0x0 perr=0 maxcnt=17 addr8=0x52
[RTY] wr=0 wmax=0 wref=0  rd=0 rmax=0 rref=0
[RNG] frames=23579 last=39 min=12 max=159 nrdy=0 dxfer=0 dstat=0 lst=0 nrdyerr=0 dclr=0
[DRV] init=0 id=7 mode=0x1 lib=0x2 seq=0x1 odc=0x8b sts=0xe0 armed=1
[TRG] pulses=274 suppressed=108 cyc=1600 rst=1 rstmode=0x40
[HLT] polls=471 faults=0x0 cfglost=0
[EFF] n=5 last=58555 min=58548 max=58555 late=0 stuck=0 rderr=0
[IMU] init=0 addr=0x68 who=0x68 rst=1 pmrb0=0x40 pmrb=0x1 sr=19 cfg=4 gcfg=0x0 acfg=0x8 icfg=0x30 ien=0x1 armed=1
[ACC] reads=23579 stale=23549 rderr=1 ax=54 ay=-20 az=1124
[PWR] pm=0x1 drift=1 rderr=0
[DWT] ok=1 cyc=450424952 cyc_per_ms=800000
[HB] up_ms=522522 frames=23626 inf=23626 hazard=382 canary_err=0 q=0 qovr=0
[I2C] init=0 gate=0 whoami=0x140e0 wr=0 wrseen=0x27 addr=0x5a ok=145429 err=1 tmo=0 recov=2 pclk1=200000000 sysclk=400000000
[NAK] nacks=1
[CLK] cpu=800000000 sysb=400000000 pclk1=200000000
[TOF] res=0 step=0 id=0xeacc blk=0xeacc10 ctl=0x0
[RNG] init=0 step=99 id=0xeacc boot=1 calls=93 xerr=0 dm=1 tb=15
[RNG] osc=41 imp=881 imprb=881 mstart=0x40 cfg=91 cfgfail=0x0 vhv=0 vpolls=0
[PRT] calls=94625 xerr=0 ler=1 lidx=0x0 perr=0 maxcnt=17 addr8=0x52
[RTY] wr=0 wmax=0 wref=0  rd=0 rmax=0 rref=0
[RNG] frames=23628 last=38 min=12 max=159 nrdy=0 dxfer=0 dstat=0 lst=0 nrdyerr=0 dclr=0
[DRV] init=0 id=7 mode=0x1 lib=0x2 seq=0x1 odc=0x8b sts=0xe0 armed=1
[TRG] pulses=274 suppressed=108 cyc=1600 rst=1 rstmode=0x40
[HLT] polls=472 faults=0x0 cfglost=0
[EFF] n=5 last=58555 min=58548 max=58555 late=0 stuck=0 rderr=0
[IMU] init=0 addr=0x68 who=0x68 rst=1 pmrb0=0x40 pmrb=0x1 sr=19 cfg=4 gcfg=0x0 acfg=0x8 icfg=0x30 ien=0x1 armed=1
[ACC] reads=23629 stale=23599 rderr=1 ax=54 ay=-19 az=1125
[PWR] pm=0x1 drift=1 rderr=0
[DWT] ok=1 cyc=1331887614 cyc_per_ms=799875
[HB] up_ms=523624 frames=23676 inf=23676 hazard=382 canary_err=0 q=0 qovr=0
[I2C] init=0 gate=0 whoami=0x140e0 wr=0 wrseen=0x27 addr=0x5a ok=145729 err=1 tmo=0 recov=2 pclk1=200000000 sysclk=400000000
[NAK] nacks=1
[CLK] cpu=800000000 sysb=400000000 pclk1=200000000
[TOF] res=0 step=0 id=0xeacc blk=0xeacc10 ctl=0x0
[RNG] init=0 step=99 id=0xeacc boot=1 calls=93 xerr=0 dm=1 tb=15
[RNG] osc=41 imp=881 imprb=881 mstart=0x40 cfg=91 cfgfail=0x0 vhv=0 vpolls=0
[PRT] calls=94825 xerr=0 ler=1 lidx=0x0 perr=0 maxcnt=17 addr8=0x52
[RTY] wr=0 wmax=0 wref=0  rd=0 rmax=0 rref=0
[RNG] frames=23678 last=37 min=12 max=159 nrdy=0 dxfer=0 dstat=0 lst=0 nrdyerr=0 dclr=0
[DRV] init=0 id=7 mode=0x1 lib=0x2 seq=0x1 odc=0x8b sts=0xe0 armed=1
[TRG] pulses=274 suppressed=108 cyc=1600 rst=1 rstmode=0x40
[HLT] polls=473 faults=0x0 cfglost=0
[EFF] n=5 last=58555 min=58548 max=58555 late=0 stuck=0 rderr=0
[IMU] init=0 addr=0x68 who=0x68 rst=1 pmrb0=0x40 pmrb=0x1 sr=19 cfg=4 gcfg=0x0 acfg=0x8 icfg=0x30 ien=0x1 armed=1
[ACC] reads=23679 stale=23648 rderr=1 ax=52 ay=-23 az=1125
[PWR] pm=0x1 drift=1 rderr=0
[DWT] ok=1 cyc=2213487594 cyc_per_ms=799999
[HB] up_ms=524726 frames=23726 inf=23726 hazard=382 canary_err=0 q=0 qovr=0
[I2C] init=0 gate=0 whoami=0x140e0 wr=0 wrseen=0x27 addr=0x5a ok=146031 err=1 tmo=0 recov=2 pclk1=200000000 sysclk=400000000
[NAK] nacks=1
[CLK] cpu=800000000 sysb=400000000 pclk1=200000000
[TOF] res=0 step=0 id=0xeacc blk=0xeacc10 ctl=0x0
[RNG] init=0 step=99 id=0xeacc boot=1 calls=93 xerr=0 dm=1 tb=15
[RNG] osc=41 imp=881 imprb=881 mstart=0x40 cfg=91 cfgfail=0x0 vhv=0 vpolls=0
[PRT] calls=95025 xerr=0 ler=1 lidx=0x0 perr=0 maxcnt=17 addr8=0x52
[RTY] wr=0 wmax=0 wref=0  rd=0 rmax=0 rref=0
[RNG] frames=23728 last=41 min=12 max=159 nrdy=0 dxfer=0 dstat=0 lst=0 nrdyerr=0 dclr=0
[DRV] init=0 id=7 mode=0x1 lib=0x2 seq=0x1 odc=0x8b sts=0xe0 armed=1
[TRG] pulses=274 suppressed=108 cyc=1600 rst=1 rstmode=0x40
[HLT] polls=474 faults=0x0 cfglost=0
[EFF] n=5 last=58555 min=58548 max=58555 late=0 stuck=0 rderr=0
[IMU] init=0 addr=0x68 who=0x68 rst=1 pmrb0=0x40 pmrb=0x1 sr=19 cfg=4 gcfg=0x0 acfg=0x8 icfg=0x30 ien=0x1 armed=1
[ACC] reads=23729 stale=23698 rderr=1 ax=55 ay=-21 az=1126
[PWR] pm=0x1 drift=1 rderr=0
[DWT] ok=1 cyc=3095087526 cyc_per_ms=799999
[HB] up_ms=525828 frames=23776 inf=23776 hazard=382 canary_err=0 q=0 qovr=0
[I2C] init=0 gate=0 whoami=0x140e0 wr=0 wrseen=0x27 addr=0x5a ok=146333 err=1 tmo=0 recov=2 pclk1=200000000 sysclk=400000000
[NAK] nacks=1
[CLK] cpu=800000000 sysb=400000000 pclk1=200000000
[TOF] res=0 step=0 id=0xeacc blk=0xeacc10 ctl=0x0
[RNG] init=0 step=99 id=0xeacc boot=1 calls=93 xerr=0 dm=1 tb=15
[RNG] osc=41 imp=881 imprb=881 mstart=0x40 cfg=91 cfgfail=0x0 vhv=0 vpolls=0
[PRT] calls=95225 xerr=0 ler=1 lidx=0x0 perr=0 maxcnt=17 addr8=0x52
[RTY] wr=0 wmax=0 wref=0  rd=0 rmax=0 rref=0
[RNG] frames=23778 last=48 min=12 max=159 nrdy=0 dxfer=0 dstat=0 lst=0 nrdyerr=0 dclr=0
[DRV] init=0 id=7 mode=0x1 lib=0x2 seq=0x1 odc=0x8b sts=0xe0 armed=1
[TRG] pulses=274 suppressed=108 cyc=1600 rst=1 rstmode=0x40
[HLT] polls=475 faults=0x0 cfglost=0
[EFF] n=5 last=58555 min=58548 max=58555 late=0 stuck=0 rderr=0
[IMU] init=0 addr=0x68 who=0x68 rst=1 pmrb0=0x40 pmrb=0x1 sr=19 cfg=4 gcfg=0x0 acfg=0x8 icfg=0x30 ien=0x1 armed=1
[ACC] reads=23779 stale=23748 rderr=1 ax=55 ay=-22 az=1125
[PWR] pm=0x1 drift=1 rderr=0
[DWT] ok=1 cyc=3976687606 cyc_per_ms=800000
[HB] up_ms=526930 frames=23826 inf=23826 hazard=382 canary_err=0 q=0 qovr=0
[I2C] init=0 gate=0 whoami=0x140e0 wr=0 wrseen=0x27 addr=0x5a ok=146635 err=1 tmo=0 recov=2 pclk1=200000000 sysclk=400000000
[NAK] nacks=1
[CLK] cpu=800000000 sysb=400000000 pclk1=200000000
[TOF] res=0 step=0 id=0xeacc blk=0xeacc10 ctl=0x0
[RNG] init=0 step=99 id=0xeacc boot=1 calls=93 xerr=0 dm=1 tb=15
[RNG] osc=41 imp=881 imprb=881 mstart=0x40 cfg=91 cfgfail=0x0 vhv=0 vpolls=0
[PRT] calls=95425 xerr=0 ler=1 lidx=0x0 perr=0 maxcnt=17 addr8=0x52
[RTY] wr=0 wmax=0 wref=0  rd=0 rmax=0 rref=0
[RNG] frames=23828 last=46 min=12 max=159 nrdy=0 dxfer=0 dstat=0 lst=0 nrdyerr=0 dclr=0
[DRV] init=0 id=7 mode=0x1 lib=0x2 seq=0x1 odc=0x8b sts=0xe0 armed=1
[TRG] pulses=274 suppressed=108 cyc=1600 rst=1 rstmode=0x40
[HLT] polls=476 faults=0x0 cfglost=0
[EFF] n=5 last=58555 min=58548 max=58555 late=0 stuck=0 rderr=0
[IMU] init=0 addr=0x68 who=0x68 rst=1 pmrb0=0x40 pmrb=0x1 sr=19 cfg=4 gcfg=0x0 acfg=0x8 icfg=0x30 ien=0x1 armed=1
[ACC] reads=23829 stale=23798 rderr=1 ax=57 ay=-20 az=1125
[PWR] pm=0x1 drift=1 rderr=0
[DWT] ok=1 cyc=563320318 cyc_per_ms=800000
[HB] up_ms=528032 frames=23876 inf=23876 hazard=382 canary_err=0 q=0 qovr=0
[I2C] init=0 gate=0 whoami=0x140e0 wr=0 wrseen=0x27 addr=0x5a ok=146937 err=1 tmo=0 recov=2 pclk1=200000000 sysclk=400000000
[NAK] nacks=1
[CLK] cpu=800000000 sysb=400000000 pclk1=200000000
[TOF] res=0 step=0 id=0xeacc blk=0xeacc10 ctl=0x0
[RNG] init=0 step=99 id=0xeacc boot=1 calls=93 xerr=0 dm=1 tb=15
[RNG] osc=41 imp=881 imprb=881 mstart=0x40 cfg=91 cfgfail=0x0 vhv=0 vpolls=0
[PRT] calls=95621 xerr=0 ler=1 lidx=0x0 perr=0 maxcnt=17 addr8=0x52
[RTY] wr=0 wmax=0 wref=0  rd=0 rmax=0 rref=0
[RNG] frames=23878 last=34 min=12 max=159 nrdy=0 dxfer=0 dstat=0 lst=0 nrdyerr=0 dclr=0
[DRV] init=0 id=7 mode=0x1 lib=0x2 seq=0x1 odc=0x8b sts=0xe0 armed=1
[TRG] pulses=274 suppressed=108 cyc=1600 rst=1 rstmode=0x40
[HLT] polls=477 faults=0x0 cfglost=0
[EFF] n=5 last=58555 min=58548 max=58555 late=0 stuck=0 rderr=0
[IMU] init=0 addr=0x68 who=0x68 rst=1 pmrb0=0x40 pmrb=0x1 sr=19 cfg=4 gcfg=0x0 acfg=0x8 icfg=0x30 ien=0x1 armed=1
[ACC] reads=23879 stale=23848 rderr=1 ax=53 ay=-23 az=1118
[PWR] pm=0x1 drift=1 rderr=0
[DWT] ok=1 cyc=1444920226 cyc_per_ms=799999
[HB] up_ms=529134 frames=23926 inf=23926 hazard=382 canary_err=0 q=0 qovr=0
[I2C] init=0 gate=0 whoami=0x140e0 wr=0 wrseen=0x27 addr=0x5a ok=147239 err=1 tmo=0 recov=2 pclk1=200000000 sysclk=400000000
[NAK] nacks=1
[CLK] cpu=800000000 sysb=400000000 pclk1=200000000
[TOF] res=0 step=0 id=0xeacc blk=0xeacc10 ctl=0x0
[RNG] init=0 step=99 id=0xeacc boot=1 calls=93 xerr=0 dm=1 tb=15
[RNG] osc=41 imp=881 imprb=881 mstart=0x40 cfg=91 cfgfail=0x0 vhv=0 vpolls=0
[PRT] calls=95821 xerr=0 ler=1 lidx=0x0 perr=0 maxcnt=17 addr8=0x52
[RTY] wr=0 wmax=0 wref=0  rd=0 rmax=0 rref=0
[RNG] frames=23928 last=47 min=12 max=159 nrdy=0 dxfer=0 dstat=0 lst=0 nrdyerr=0 dclr=0
[DRV] init=0 id=7 mode=0x1 lib=0x2 seq=0x1 odc=0x8b sts=0xe0 armed=1
[TRG] pulses=274 suppressed=108 cyc=1600 rst=1 rstmode=0x40
[HLT] polls=478 faults=0x0 cfglost=0
[EFF] n=5 last=58555 min=58548 max=58555 late=0 stuck=0 rderr=0
[IMU] init=0 addr=0x68 who=0x68 rst=1 pmrb0=0x40 pmrb=0x1 sr=19 cfg=4 gcfg=0x0 acfg=0x8 icfg=0x30 ien=0x1 armed=1
[ACC] reads=23928 stale=23897 rderr=1 ax=55 ay=-18 az=1124
[PWR] pm=0x1 drift=1 rderr=0
[DWT] ok=1 cyc=2326520262 cyc_per_ms=800000
[HB] up_ms=530236 frames=23975 inf=23975 hazard=383 canary_err=0 q=0 qovr=0
[I2C] init=0 gate=0 whoami=0x140e0 wr=0 wrseen=0x27 addr=0x5a ok=147541 err=1 tmo=0 recov=2 pclk1=200000000 sysclk=400000000
[NAK] nacks=1
[CLK] cpu=800000000 sysb=400000000 pclk1=200000000
[TOF] res=0 step=0 id=0xeacc blk=0xeacc10 ctl=0x0
[RNG] init=0 step=99 id=0xeacc boot=1 calls=93 xerr=0 dm=1 tb=15
[RNG] osc=41 imp=881 imprb=881 mstart=0x40 cfg=91 cfgfail=0x0 vhv=0 vpolls=0
[PRT] calls=96021 xerr=0 ler=1 lidx=0x0 perr=0 maxcnt=17 addr8=0x52
[RTY] wr=0 wmax=0 wref=0  rd=0 rmax=0 rref=0
[RNG] frames=23978 last=40 min=12 max=159 nrdy=0 dxfer=0 dstat=0 lst=0 nrdyerr=0 dclr=0
[DRV] init=0 id=7 mode=0x1 lib=0x2 seq=0x1 odc=0x8b sts=0xe0 armed=1
[TRG] pulses=275 suppressed=108 cyc=1600 rst=1 rstmode=0x40
[HLT] polls=479 faults=0x0 cfglost=0
[EFF] n=5 last=58555 min=58548 max=58555 late=0 stuck=0 rderr=0
[IMU] init=0 addr=0x68 who=0x68 rst=1 pmrb0=0x40 pmrb=0x1 sr=19 cfg=4 gcfg=0x0 acfg=0x8 icfg=0x30 ien=0x1 armed=1
[ACC] reads=23978 stale=23947 rderr=1 ax=55 ay=-22 az=1122
[PWR] pm=0x1 drift=1 rderr=0
[DWT] ok=1 cyc=3208256916 cyc_per_ms=800124
[HB] up_ms=531338 frames=24025 inf=24025 hazard=383 canary_err=0 q=0 qovr=0
[I2C] init=0 gate=0 whoami=0x140e0 wr=0 wrseen=0x27 addr=0x5a ok=147843 err=1 tmo=0 recov=2 pclk1=200000000 sysclk=400000000
[NAK] nacks=1
[CLK] cpu=800000000 sysb=400000000 pclk1=200000000
[TOF] res=0 step=0 id=0xeacc blk=0xeacc10 ctl=0x0
[RNG] init=0 step=99 id=0xeacc boot=1 calls=93 xerr=0 dm=1 tb=15
[RNG] osc=41 imp=881 imprb=881 mstart=0x40 cfg=91 cfgfail=0x0 vhv=0 vpolls=0
[PRT] calls=96221 xerr=0 ler=1 lidx=0x0 perr=0 maxcnt=17 addr8=0x52
[RTY] wr=0 wmax=0 wref=0  rd=0 rmax=0 rref=0
[RNG] frames=24028 last=23 min=12 max=159 nrdy=0 dxfer=0 dstat=0 lst=0 nrdyerr=0 dclr=0
[DRV] init=0 id=7 mode=0x1 lib=0x2 seq=0x1 odc=0x8b sts=0xe0 armed=1
[TRG] pulses=276 suppressed=108 cyc=1600 rst=1 rstmode=0x40
[HLT] polls=480 faults=0x0 cfglost=0
[EFF] n=5 last=58555 min=58548 max=58555 late=0 stuck=0 rderr=0
[IMU] init=0 addr=0x68 who=0x68 rst=1 pmrb0=0x40 pmrb=0x1 sr=19 cfg=4 gcfg=0x0 acfg=0x8 icfg=0x30 ien=0x1 armed=1
[ACC] reads=24028 stale=23997 rderr=1 ax=57 ay=-21 az=1121
[PWR] pm=0x1 drift=1 rderr=0
[DWT] ok=1 cyc=4089861096 cyc_per_ms=800003
[HB] up_ms=532440 frames=24075 inf=24075 hazard=385 canary_err=0 q=0 qovr=0
[I2C] init=0 gate=0 whoami=0x140e0 wr=0 wrseen=0x27 addr=0x5a ok=148141 err=1 tmo=0 recov=2 pclk1=200000000 sysclk=400000000
[NAK] nacks=1
[CLK] cpu=800000000 sysb=400000000 pclk1=200000000
[TOF] res=0 step=0 id=0xeacc blk=0xeacc10 ctl=0x0
[RNG] init=0 step=99 id=0xeacc boot=1 calls=93 xerr=0 dm=1 tb=15
[RNG] osc=41 imp=881 imprb=881 mstart=0x40 cfg=91 cfgfail=0x0 vhv=0 vpolls=0
[PRT] calls=96421 xerr=0 ler=1 lidx=0x0 perr=0 maxcnt=17 addr8=0x52
[RTY] wr=0 wmax=0 wref=0  rd=0 rmax=0 rref=0
[RNG] frames=24077 last=33 min=12 max=159 nrdy=0 dxfer=0 dstat=0 lst=0 nrdyerr=0 dclr=0
[DRV] init=0 id=7 mode=0x1 lib=0x2 seq=0x1 odc=0x8b sts=0xe0 armed=1
[TRG] pulses=277 suppressed=108 cyc=1600 rst=1 rstmode=0x40
[HLT] polls=481 faults=0x0 cfglost=0
[EFF] n=5 last=58555 min=58548 max=58555 late=0 stuck=0 rderr=0
[IMU] init=0 addr=0x68 who=0x68 rst=1 pmrb0=0x40 pmrb=0x1 sr=19 cfg=4 gcfg=0x0 acfg=0x8 icfg=0x30 ien=0x1 armed=1
[ACC] reads=24078 stale=24047 rderr=1 ax=56 ay=-21 az=1123
[PWR] pm=0x1 drift=1 rderr=0
[DWT] ok=1 cyc=676352966 cyc_per_ms=799872
[HB] up_ms=533542 frames=24125 inf=24125 hazard=385 canary_err=0 q=0 qovr=0
[I2C] init=0 gate=0 whoami=0x140e0 wr=0 wrseen=0x27 addr=0x5a ok=148441 err=1 tmo=0 recov=2 pclk1=200000000 sysclk=400000000
[NAK] nacks=1
[CLK] cpu=800000000 sysb=400000000 pclk1=200000000
[TOF] res=0 step=0 id=0xeacc blk=0xeacc10 ctl=0x0
[RNG] init=0 step=99 id=0xeacc boot=1 calls=93 xerr=0 dm=1 tb=15
[RNG] osc=41 imp=881 imprb=881 mstart=0x40 cfg=91 cfgfail=0x0 vhv=0 vpolls=0
[PRT] calls=96621 xerr=0 ler=1 lidx=0x0 perr=0 maxcnt=17 addr8=0x52
[RTY] wr=0 wmax=0 wref=0  rd=0 rmax=0 rref=0
[RNG] frames=24127 last=45 min=12 max=159 nrdy=0 dxfer=0 dstat=0 lst=0 nrdyerr=0 dclr=0
[DRV] init=0 id=7 mode=0x1 lib=0x2 seq=0x1 odc=0x8b sts=0xe0 armed=1
[TRG] pulses=277 suppressed=108 cyc=1600 rst=1 rstmode=0x40
[HLT] polls=482 faults=0x0 cfglost=0
[EFF] n=5 last=58555 min=58548 max=58555 late=0 stuck=0 rderr=0
[IMU] init=0 addr=0x68 who=0x68 rst=1 pmrb0=0x40 pmrb=0x1 sr=19 cfg=4 gcfg=0x0 acfg=0x8 icfg=0x30 ien=0x1 armed=1
[ACC] reads=24128 stale=24096 rderr=1 ax=54 ay=-18 az=1124
[PWR] pm=0x1 drift=1 rderr=0
[DWT] ok=1 cyc=1557953022 cyc_per_ms=800000
[HB] up_ms=534644 frames=24175 inf=24175 hazard=385 canary_err=0 q=0 qovr=0
[I2C] init=0 gate=0 whoami=0x140e0 wr=0 wrseen=0x27 addr=0x5a ok=148743 err=1 tmo=0 recov=2 pclk1=200000000 sysclk=400000000
[NAK] nacks=1
[CLK] cpu=800000000 sysb=400000000 pclk1=200000000
[TOF] res=0 step=0 id=0xeacc blk=0xeacc10 ctl=0x0
[RNG] init=0 step=99 id=0xeacc boot=1 calls=93 xerr=0 dm=1 tb=15
[RNG] osc=41 imp=881 imprb=881 mstart=0x40 cfg=91 cfgfail=0x0 vhv=0 vpolls=0
[PRT] calls=96821 xerr=0 ler=1 lidx=0x0 perr=0 maxcnt=17 addr8=0x52
[RTY] wr=0 wmax=0 wref=0  rd=0 rmax=0 rref=0
[RNG] frames=24177 last=50 min=12 max=159 nrdy=0 dxfer=0 dstat=0 lst=0 nrdyerr=0 dclr=0
[DRV] init=0 id=7 mode=0x1 lib=0x2 seq=0x1 odc=0x8b sts=0xe0 armed=1
[TRG] pulses=277 suppressed=108 cyc=1600 rst=1 rstmode=0x40
[HLT] polls=483 faults=0x0 cfglost=0
[EFF] n=5 last=58555 min=58548 max=58555 late=0 stuck=0 rderr=0
[IMU] init=0 addr=0x68 who=0x68 rst=1 pmrb0=0x40 pmrb=0x1 sr=19 cfg=4 gcfg=0x0 acfg=0x8 icfg=0x30 ien=0x1 armed=1
[ACC] reads=24178 stale=24146 rderr=1 ax=54 ay=-20 az=1123
[PWR] pm=0x1 drift=1 rderr=0
[DWT] ok=1 cyc=2439552910 cyc_per_ms=799999
[HB] up_ms=535746 frames=24225 inf=24225 hazard=385 canary_err=0 q=0 qovr=0
[I2C] init=0 gate=0 whoami=0x140e0 wr=0 wrseen=0x27 addr=0x5a ok=149045 err=1 tmo=0 recov=2 pclk1=200000000 sysclk=400000000
[NAK] nacks=1
[CLK] cpu=800000000 sysb=400000000 pclk1=200000000
[TOF] res=0 step=0 id=0xeacc blk=0xeacc10 ctl=0x0
[RNG] init=0 step=99 id=0xeacc boot=1 calls=93 xerr=0 dm=1 tb=15
[RNG] osc=41 imp=881 imprb=881 mstart=0x40 cfg=91 cfgfail=0x0 vhv=0 vpolls=0
[PRT] calls=97021 xerr=0 ler=1 lidx=0x0 perr=0 maxcnt=17 addr8=0x52
[RTY] wr=0 wmax=0 wref=0  rd=0 rmax=0 rref=0
[RNG] frames=24227 last=27 min=12 max=159 nrdy=0 dxfer=0 dstat=0 lst=0 nrdyerr=0 dclr=0
[DRV] init=0 id=7 mode=0x1 lib=0x2 seq=0x1 odc=0x8b sts=0xe0 armed=1
[TRG] pulses=277 suppressed=108 cyc=1600 rst=1 rstmode=0x40
[HLT] polls=484 faults=0x0 cfglost=0
[EFF] n=5 last=58555 min=58548 max=58555 late=0 stuck=0 rderr=0
[IMU] init=0 addr=0x68 who=0x68 rst=1 pmrb0=0x40 pmrb=0x1 sr=19 cfg=4 gcfg=0x0 acfg=0x8 icfg=0x30 ien=0x1 armed=1
[ACC] reads=24228 stale=24196 rderr=1 ax=56 ay=-22 az=1121
[PWR] pm=0x1 drift=1 rderr=0
[DWT] ok=1 cyc=3321153022 cyc_per_ms=800000
[HB] up_ms=536848 frames=24275 inf=24275 hazard=385 canary_err=0 q=0 qovr=0
[I2C] init=0 gate=0 whoami=0x140e0 wr=0 wrseen=0x27 addr=0x5a ok=149347 err=1 tmo=0 recov=2 pclk1=200000000 sysclk=400000000
[NAK] nacks=1
[CLK] cpu=800000000 sysb=400000000 pclk1=200000000
[TOF] res=0 step=0 id=0xeacc blk=0xeacc10 ctl=0x0
[RNG] init=0 step=99 id=0xeacc boot=1 calls=93 xerr=0 dm=1 tb=15
[RNG] osc=41 imp=881 imprb=881 mstart=0x40 cfg=91 cfgfail=0x0 vhv=0 vpolls=0
[PRT] calls=97221 xerr=0 ler=1 lidx=0x0 perr=0 maxcnt=17 addr8=0x52
[RTY] wr=0 wmax=0 wref=0  rd=0 rmax=0 rref=0
[RNG] frames=24277 last=38 min=12 max=159 nrdy=0 dxfer=0 dstat=0 lst=0 nrdyerr=0 dclr=0
[DRV] init=0 id=7 mode=0x1 lib=0x2 seq=0x1 odc=0x8b sts=0xe0 armed=1
[TRG] pulses=277 suppressed=108 cyc=1600 rst=1 rstmode=0x40
[HLT] polls=485 faults=0x0 cfglost=0
[EFF] n=5 last=58555 min=58548 max=58555 late=0 stuck=0 rderr=0
[IMU] init=0 addr=0x68 who=0x68 rst=1 pmrb0=0x40 pmrb=0x1 sr=19 cfg=4 gcfg=0x0 acfg=0x8 icfg=0x30 ien=0x1 armed=1
[ACC] reads=24278 stale=24246 rderr=1 ax=54 ay=-20 az=1122
[PWR] pm=0x1 drift=1 rderr=0
[DWT] ok=1 cyc=4202753038 cyc_per_ms=800000
[HB] up_ms=537950 frames=24325 inf=24325 hazard=385 canary_err=0 q=0 qovr=0
[I2C] init=0 gate=0 whoami=0x140e0 wr=0 wrseen=0x27 addr=0x5a ok=149649 err=1 tmo=0 recov=2 pclk1=200000000 sysclk=400000000
[NAK] nacks=1
[CLK] cpu=800000000 sysb=400000000 pclk1=200000000
[TOF] res=0 step=0 id=0xeacc blk=0xeacc10 ctl=0x0
[RNG] init=0 step=99 id=0xeacc boot=1 calls=93 xerr=0 dm=1 tb=15
[RNG] osc=41 imp=881 imprb=881 mstart=0x40 cfg=91 cfgfail=0x0 vhv=0 vpolls=0
[PRT] calls=97417 xerr=0 ler=1 lidx=0x0 perr=0 maxcnt=17 addr8=0x52
[RTY] wr=0 wmax=0 wref=0  rd=0 rmax=0 rref=0
[RNG] frames=24327 last=47 min=12 max=159 nrdy=0 dxfer=0 dstat=0 lst=0 nrdyerr=0 dclr=0
[DRV] init=0 id=7 mode=0x1 lib=0x2 seq=0x1 odc=0x8b sts=0xe0 armed=1
[TRG] pulses=277 suppressed=108 cyc=1600 rst=1 rstmode=0x40
[HLT] polls=486 faults=0x0 cfglost=0
[EFF] n=5 last=58555 min=58548 max=58555 late=0 stuck=0 rderr=0
[IMU] init=0 addr=0x68 who=0x68 rst=1 pmrb0=0x40 pmrb=0x1 sr=19 cfg=4 gcfg=0x0 acfg=0x8 icfg=0x30 ien=0x1 armed=1
[ACC] reads=24328 stale=24296 rderr=1 ax=57 ay=-21 az=1121
[PWR] pm=0x1 drift=1 rderr=0
[DWT] ok=1 cyc=789385578 cyc_per_ms=799999
[HB] up_ms=539052 frames=24375 inf=24375 hazard=385 canary_err=0 q=0 qovr=0
[I2C] init=0 gate=0 whoami=0x140e0 wr=0 wrseen=0x27 addr=0x5a ok=149951 err=1 tmo=0 recov=2 pclk1=200000000 sysclk=400000000
[NAK] nacks=1
[CLK] cpu=800000000 sysb=400000000 pclk1=200000000
[TOF] res=0 step=0 id=0xeacc blk=0xeacc10 ctl=0x0
[RNG] init=0 step=99 id=0xeacc boot=1 calls=93 xerr=0 dm=1 tb=15
[RNG] osc=41 imp=881 imprb=881 mstart=0x40 cfg=91 cfgfail=0x0 vhv=0 vpolls=0
[PRT] calls=97617 xerr=0 ler=1 lidx=0x0 perr=0 maxcnt=17 addr8=0x52
[RTY] wr=0 wmax=0 wref=0  rd=0 rmax=0 rref=0
[RNG] frames=24377 last=44 min=12 max=159 nrdy=0 dxfer=0 dstat=0 lst=0 nrdyerr=0 dclr=0
[DRV] init=0 id=7 mode=0x1 lib=0x2 seq=0x1 odc=0x8b sts=0xe0 armed=1
[TRG] pulses=277 suppressed=108 cyc=1600 rst=1 rstmode=0x40
[HLT] polls=487 faults=0x0 cfglost=0
[EFF] n=5 last=58555 min=58548 max=58555 late=0 stuck=0 rderr=0
[IMU] init=0 addr=0x68 who=0x68 rst=1 pmrb0=0x40 pmrb=0x1 sr=19 cfg=4 gcfg=0x0 acfg=0x8 icfg=0x30 ien=0x1 armed=1
[ACC] reads=24377 stale=24345 rderr=1 ax=57 ay=-21 az=1124
[PWR] pm=0x1 drift=1 rderr=0
[DWT] ok=1 cyc=1670985682 cyc_per_ms=800000
[HB] up_ms=540154 frames=24424 inf=24424 hazard=386 canary_err=0 q=0 qovr=0
[I2C] init=0 gate=0 whoami=0x140e0 wr=0 wrseen=0x27 addr=0x5a ok=150253 err=1 tmo=0 recov=2 pclk1=200000000 sysclk=400000000
[NAK] nacks=1
[CLK] cpu=800000000 sysb=400000000 pclk1=200000000
[TOF] res=0 step=0 id=0xeacc blk=0xeacc10 ctl=0x0
[RNG] init=0 step=99 id=0xeacc boot=1 calls=93 xerr=0 dm=1 tb=15
[RNG] osc=41 imp=881 imprb=881 mstart=0x40 cfg=91 cfgfail=0x0 vhv=0 vpolls=0
[PRT] calls=97817 xerr=0 ler=1 lidx=0x0 perr=0 maxcnt=17 addr8=0x52
[RTY] wr=0 wmax=0 wref=0  rd=0 rmax=0 rref=0
[RNG] frames=24427 last=41 min=12 max=159 nrdy=0 dxfer=0 dstat=0 lst=0 nrdyerr=0 dclr=0
[DRV] init=0 id=7 mode=0x1 lib=0x2 seq=0x1 odc=0x8b sts=0xe0 armed=1
[TRG] pulses=278 suppressed=108 cyc=1600 rst=1 rstmode=0x40
[HLT] polls=488 faults=0x0 cfglost=0
[EFF] n=5 last=58555 min=58548 max=58555 late=0 stuck=0 rderr=0
[IMU] init=0 addr=0x68 who=0x68 rst=1 pmrb0=0x40 pmrb=0x1 sr=19 cfg=4 gcfg=0x0 acfg=0x8 icfg=0x30 ien=0x1 armed=1
[ACC] reads=24427 stale=24395 rderr=1 ax=54 ay=-20 az=1121
[PWR] pm=0x1 drift=1 rderr=0
[DWT] ok=1 cyc=2552722388 cyc_per_ms=800124
[HB] up_ms=541256 frames=24474 inf=24474 hazard=386 canary_err=0 q=0 qovr=0
[I2C] init=0 gate=0 whoami=0x140e0 wr=0 wrseen=0x27 addr=0x5a ok=150555 err=1 tmo=0 recov=2 pclk1=200000000 sysclk=400000000
[NAK] nacks=1
[CLK] cpu=800000000 sysb=400000000 pclk1=200000000
[TOF] res=0 step=0 id=0xeacc blk=0xeacc10 ctl=0x0
[RNG] init=0 step=99 id=0xeacc boot=1 calls=93 xerr=0 dm=1 tb=15
[RNG] osc=41 imp=881 imprb=881 mstart=0x40 cfg=91 cfgfail=0x0 vhv=0 vpolls=0
[PRT] calls=98017 xerr=0 ler=1 lidx=0x0 perr=0 maxcnt=17 addr8=0x52
[RTY] wr=0 wmax=0 wref=0  rd=0 rmax=0 rref=0
[RNG] frames=24477 last=42 min=12 max=159 nrdy=0 dxfer=0 dstat=0 lst=0 nrdyerr=0 dclr=0
[DRV] init=0 id=7 mode=0x1 lib=0x2 seq=0x1 odc=0x8b sts=0xe0 armed=1
[TRG] pulses=278 suppressed=108 cyc=1600 rst=1 rstmode=0x40
[HLT] polls=489 faults=0x0 cfglost=0
[EFF] n=5 last=58555 min=58548 max=58555 late=0 stuck=0 rderr=0
[IMU] init=0 addr=0x68 who=0x68 rst=1 pmrb0=0x40 pmrb=0x1 sr=19 cfg=4 gcfg=0x0 acfg=0x8 icfg=0x30 ien=0x1 armed=1
[ACC] reads=24477 stale=24445 rderr=1 ax=55 ay=-20 az=1125
[PWR] pm=0x1 drift=1 rderr=0
[DWT] ok=1 cyc=3434323100 cyc_per_ms=800000
[HB] up_ms=542358 frames=24524 inf=24524 hazard=387 canary_err=0 q=0 qovr=0
[I2C] init=0 gate=0 whoami=0x140e0 wr=0 wrseen=0x27 addr=0x5a ok=150853 err=1 tmo=0 recov=2 pclk1=200000000 sysclk=400000000
[NAK] nacks=1
[CLK] cpu=800000000 sysb=400000000 pclk1=200000000
[TOF] res=0 step=0 id=0xeacc blk=0xeacc10 ctl=0x0
[RNG] init=0 step=99 id=0xeacc boot=1 calls=93 xerr=0 dm=1 tb=15
[RNG] osc=41 imp=881 imprb=881 mstart=0x40 cfg=91 cfgfail=0x0 vhv=0 vpolls=0
[PRT] calls=98217 xerr=0 ler=1 lidx=0x0 perr=0 maxcnt=17 addr8=0x52
[RTY] wr=0 wmax=0 wref=0  rd=0 rmax=0 rref=0
[RNG] frames=24526 last=42 min=12 max=159 nrdy=0 dxfer=0 dstat=0 lst=0 nrdyerr=0 dclr=0
[DRV] init=0 id=7 mode=0x1 lib=0x2 seq=0x1 odc=0x8b sts=0xe0 armed=1
[TRG] pulses=279 suppressed=108 cyc=1600 rst=1 rstmode=0x40
[HLT] polls=490 faults=0x0 cfglost=0
[EFF] n=5 last=58555 min=58548 max=58555 late=0 stuck=0 rderr=0
[IMU] init=0 addr=0x68 who=0x68 rst=1 pmrb0=0x40 pmrb=0x1 sr=19 cfg=4 gcfg=0x0 acfg=0x8 icfg=0x30 ien=0x1 armed=1
[ACC] reads=24527 stale=24495 rderr=1 ax=55 ay=-20 az=1125
[PWR] pm=0x1 drift=1 rderr=0
[DWT] ok=1 cyc=20818458 cyc_per_ms=799875
[HB] up_ms=543460 frames=24574 inf=24574 hazard=387 canary_err=0 q=0 qovr=0
[I2C] init=0 gate=0 whoami=0x140e0 wr=0 wrseen=0x27 addr=0x5a ok=151153 err=1 tmo=0 recov=2 pclk1=200000000 sysclk=400000000
[NAK] nacks=1
[CLK] cpu=800000000 sysb=400000000 pclk1=200000000
[TOF] res=0 step=0 id=0xeacc blk=0xeacc10 ctl=0x0
[RNG] init=0 step=99 id=0xeacc boot=1 calls=93 xerr=0 dm=1 tb=15
[RNG] osc=41 imp=881 imprb=881 mstart=0x40 cfg=91 cfgfail=0x0 vhv=0 vpolls=0
[PRT] calls=98417 xerr=0 ler=1 lidx=0x0 perr=0 maxcnt=17 addr8=0x52
[RTY] wr=0 wmax=0 wref=0  rd=0 rmax=0 rref=0
[RNG] frames=24576 last=46 min=12 max=159 nrdy=0 dxfer=0 dstat=0 lst=0 nrdyerr=0 dclr=0
[DRV] init=0 id=7 mode=0x1 lib=0x2 seq=0x1 odc=0x8b sts=0xe0 armed=1
[TRG] pulses=279 suppressed=108 cyc=1600 rst=1 rstmode=0x40
[HLT] polls=491 faults=0x0 cfglost=0
[EFF] n=5 last=58555 min=58548 max=58555 late=0 stuck=0 rderr=0
[IMU] init=0 addr=0x68 who=0x68 rst=1 pmrb0=0x40 pmrb=0x1 sr=19 cfg=4 gcfg=0x0 acfg=0x8 icfg=0x30 ien=0x1 armed=1
[ACC] reads=24577 stale=24545 rderr=1 ax=56 ay=-23 az=1123
[PWR] pm=0x1 drift=1 rderr=0
[DWT] ok=1 cyc=902418462 cyc_per_ms=800000
[HB] up_ms=544562 frames=24624 inf=24624 hazard=387 canary_err=0 q=0 qovr=0
[I2C] init=0 gate=0 whoami=0x140e0 wr=0 wrseen=0x27 addr=0x5a ok=151455 err=1 tmo=0 recov=2 pclk1=200000000 sysclk=400000000
[NAK] nacks=1
[CLK] cpu=800000000 sysb=400000000 pclk1=200000000
[TOF] res=0 step=0 id=0xeacc blk=0xeacc10 ctl=0x0
[RNG] init=0 step=99 id=0xeacc boot=1 calls=93 xerr=0 dm=1 tb=15
[RNG] osc=41 imp=881 imprb=881 mstart=0x40 cfg=91 cfgfail=0x0 vhv=0 vpolls=0
[PRT] calls=98617 xerr=0 ler=1 lidx=0x0 perr=0 maxcnt=17 addr8=0x52
[RTY] wr=0 wmax=0 wref=0  rd=0 rmax=0 rref=0
[RNG] frames=24626 last=35 min=12 max=159 nrdy=0 dxfer=0 dstat=0 lst=0 nrdyerr=0 dclr=0
[DRV] init=0 id=7 mode=0x1 lib=0x2 seq=0x1 odc=0x8b sts=0xe0 armed=1
[TRG] pulses=279 suppressed=108 cyc=1600 rst=1 rstmode=0x40
[HLT] polls=492 faults=0x0 cfglost=0
[EFF] n=5 last=58555 min=58548 max=58555 late=0 stuck=0 rderr=0
[IMU] init=0 addr=0x68 who=0x68 rst=1 pmrb0=0x40 pmrb=0x1 sr=19 cfg=4 gcfg=0x0 acfg=0x8 icfg=0x30 ien=0x1 armed=1
[ACC] reads=24627 stale=24595 rderr=1 ax=53 ay=-23 az=1123
[PWR] pm=0x1 drift=1 rderr=0
[DWT] ok=1 cyc=1784018318 cyc_per_ms=799999
[HB] up_ms=545664 frames=24674 inf=24674 hazard=387 canary_err=0 q=0 qovr=0
[I2C] init=0 gate=0 whoami=0x140e0 wr=0 wrseen=0x27 addr=0x5a ok=151757 err=1 tmo=0 recov=2 pclk1=200000000 sysclk=400000000
[NAK] nacks=1
[CLK] cpu=800000000 sysb=400000000 pclk1=200000000
[TOF] res=0 step=0 id=0xeacc blk=0xeacc10 ctl=0x0
[RNG] init=0 step=99 id=0xeacc boot=1 calls=93 xerr=0 dm=1 tb=15
[RNG] osc=41 imp=881 imprb=881 mstart=0x40 cfg=91 cfgfail=0x0 vhv=0 vpolls=0
[PRT] calls=98817 xerr=0 ler=1 lidx=0x0 perr=0 maxcnt=17 addr8=0x52
[RTY] wr=0 wmax=0 wref=0  rd=0 rmax=0 rref=0
[RNG] frames=24676 last=35 min=12 max=159 nrdy=0 dxfer=0 dstat=0 lst=0 nrdyerr=0 dclr=0
[DRV] init=0 id=7 mode=0x1 lib=0x2 seq=0x1 odc=0x8b sts=0xe0 armed=1
[TRG] pulses=279 suppressed=108 cyc=1600 rst=1 rstmode=0x40
[HLT] polls=493 faults=0x0 cfglost=0
[EFF] n=5 last=58555 min=58548 max=58555 late=0 stuck=0 rderr=0
[IMU] init=0 addr=0x68 who=0x68 rst=1 pmrb0=0x40 pmrb=0x1 sr=19 cfg=4 gcfg=0x0 acfg=0x8 icfg=0x30 ien=0x1 armed=1
[ACC] reads=24677 stale=24645 rderr=1 ax=57 ay=-21 az=1122
[PWR] pm=0x1 drift=1 rderr=0
[DWT] ok=1 cyc=2665618370 cyc_per_ms=800000
[HB] up_ms=546766 frames=24724 inf=24724 hazard=387 canary_err=0 q=0 qovr=0
[I2C] init=0 gate=0 whoami=0x140e0 wr=0 wrseen=0x27 addr=0x5a ok=152059 err=1 tmo=0 recov=2 pclk1=200000000 sysclk=400000000
[NAK] nacks=1
[CLK] cpu=800000000 sysb=400000000 pclk1=200000000
[TOF] res=0 step=0 id=0xeacc blk=0xeacc10 ctl=0x0
[RNG] init=0 step=99 id=0xeacc boot=1 calls=93 xerr=0 dm=1 tb=15
[RNG] osc=41 imp=881 imprb=881 mstart=0x40 cfg=91 cfgfail=0x0 vhv=0 vpolls=0
[PRT] calls=99017 xerr=0 ler=1 lidx=0x0 perr=0 maxcnt=17 addr8=0x52
[RTY] wr=0 wmax=0 wref=0  rd=0 rmax=0 rref=0
[RNG] frames=24726 last=42 min=12 max=159 nrdy=0 dxfer=0 dstat=0 lst=0 nrdyerr=0 dclr=0
[DRV] init=0 id=7 mode=0x1 lib=0x2 seq=0x1 odc=0x8b sts=0xe0 armed=1
[TRG] pulses=279 suppressed=108 cyc=1600 rst=1 rstmode=0x40
[HLT] polls=494 faults=0x0 cfglost=0
[EFF] n=5 last=58555 min=58548 max=58555 late=0 stuck=0 rderr=0
[IMU] init=0 addr=0x68 who=0x68 rst=1 pmrb0=0x40 pmrb=0x1 sr=19 cfg=4 gcfg=0x0 acfg=0x8 icfg=0x30 ien=0x1 armed=1
[ACC] reads=24727 stale=24695 rderr=1 ax=55 ay=-21 az=1127
[PWR] pm=0x1 drift=1 rderr=0
[DWT] ok=1 cyc=3547218426 cyc_per_ms=800000
[HB] up_ms=547868 frames=24774 inf=24774 hazard=388 canary_err=0 q=0 qovr=0
[I2C] init=0 gate=0 whoami=0x140e0 wr=0 wrseen=0x27 addr=0x5a ok=152361 err=1 tmo=0 recov=2 pclk1=200000000 sysclk=400000000
[NAK] nacks=1
[CLK] cpu=800000000 sysb=400000000 pclk1=200000000
[TOF] res=0 step=0 id=0xeacc blk=0xeacc10 ctl=0x0
[RNG] init=0 step=99 id=0xeacc boot=1 calls=93 xerr=0 dm=1 tb=15
[RNG] osc=41 imp=881 imprb=881 mstart=0x40 cfg=91 cfgfail=0x0 vhv=0 vpolls=0
[PRT] calls=99216 xerr=0 ler=1 lidx=0x0 perr=0 maxcnt=17 addr8=0x52
[RTY] wr=0 wmax=0 wref=0  rd=0 rmax=0 rref=0
[RNG] frames=24776 last=30 min=12 max=159 nrdy=0 dxfer=0 dstat=0 lst=0 nrdyerr=0 dclr=0
[DRV] init=0 id=7 mode=0x1 lib=0x2 seq=0x1 odc=0x8b sts=0xe0 armed=1
[TRG] pulses=280 suppressed=108 cyc=1600 rst=1 rstmode=0x40
[HLT] polls=495 faults=0x0 cfglost=0
[EFF] n=5 last=58555 min=58548 max=58555 late=0 stuck=0 rderr=0
[IMU] init=0 addr=0x68 who=0x68 rst=1 pmrb0=0x40 pmrb=0x1 sr=19 cfg=4 gcfg=0x0 acfg=0x8 icfg=0x30 ien=0x1 armed=1
[ACC] reads=24777 stale=24745 rderr=1 ax=56 ay=-20 az=1122
[PWR] pm=0x1 drift=1 rderr=0
[DWT] ok=1 cyc=133850978 cyc_per_ms=799999
[HB] up_ms=548970 frames=24824 inf=24824 hazard=389 canary_err=0 q=0 qovr=0
[I2C] init=0 gate=0 whoami=0x140e0 wr=0 wrseen=0x27 addr=0x5a ok=152663 err=1 tmo=0 recov=2 pclk1=200000000 sysclk=400000000
[NAK] nacks=1
[CLK] cpu=800000000 sysb=400000000 pclk1=200000000
[TOF] res=0 step=0 id=0xeacc blk=0xeacc10 ctl=0x0
[RNG] init=0 step=99 id=0xeacc boot=1 calls=93 xerr=0 dm=1 tb=15
[RNG] osc=41 imp=881 imprb=881 mstart=0x40 cfg=91 cfgfail=0x0 vhv=0 vpolls=0
[PRT] calls=99413 xerr=0 ler=1 lidx=0x0 perr=0 maxcnt=17 addr8=0x52
[RTY] wr=0 wmax=0 wref=0  rd=0 rmax=0 rref=0
[RNG] frames=24826 last=29 min=12 max=159 nrdy=0 dxfer=0 dstat=0 lst=0 nrdyerr=0 dclr=0
[DRV] init=0 id=7 mode=0x1 lib=0x2 seq=0x1 odc=0x8b sts=0xe0 armed=1
[TRG] pulses=281 suppressed=108 cyc=1600 rst=1 rstmode=0x40
[HLT] polls=496 faults=0x0 cfglost=0
[EFF] n=5 last=58555 min=58548 max=58555 late=0 stuck=0 rderr=0
[IMU] init=0 addr=0x68 who=0x68 rst=1 pmrb0=0x40 pmrb=0x1 sr=19 cfg=4 gcfg=0x0 acfg=0x8 icfg=0x30 ien=0x1 armed=1
[ACC] reads=24826 stale=24795 rderr=1 ax=55 ay=-22 az=1121
[PWR] pm=0x1 drift=1 rderr=0
[DWT] ok=1 cyc=1015451098 cyc_per_ms=800000
[HB] up_ms=550072 frames=24873 inf=24873 hazard=390 canary_err=0 q=0 qovr=0
[I2C] init=0 gate=0 whoami=0x140e0 wr=0 wrseen=0x27 addr=0x5a ok=152965 err=1 tmo=0 recov=2 pclk1=200000000 sysclk=400000000
[NAK] nacks=1
[CLK] cpu=800000000 sysb=400000000 pclk1=200000000
[TOF] res=0 step=0 id=0xeacc blk=0xeacc10 ctl=0x0
[RNG] init=0 step=99 id=0xeacc boot=1 calls=93 xerr=0 dm=1 tb=15
[RNG] osc=41 imp=881 imprb=881 mstart=0x40 cfg=91 cfgfail=0x0 vhv=0 vpolls=0
[PRT] calls=99613 xerr=0 ler=1 lidx=0x0 perr=0 maxcnt=17 addr8=0x52
[RTY] wr=0 wmax=0 wref=0  rd=0 rmax=0 rref=0
[RNG] frames=24876 last=29 min=12 max=159 nrdy=0 dxfer=0 dstat=0 lst=0 nrdyerr=0 dclr=0
[DRV] init=0 id=7 mode=0x1 lib=0x2 seq=0x1 odc=0x8b sts=0xe0 armed=1
[TRG] pulses=282 suppressed=108 cyc=1600 rst=1 rstmode=0x40
[HLT] polls=497 faults=0x0 cfglost=0
[EFF] n=5 last=58555 min=58548 max=58555 late=0 stuck=0 rderr=0
[IMU] init=0 addr=0x68 who=0x68 rst=1 pmrb0=0x40 pmrb=0x1 sr=19 cfg=4 gcfg=0x0 acfg=0x8 icfg=0x30 ien=0x1 armed=1
[ACC] reads=24876 stale=24844 rderr=1 ax=55 ay=-18 az=1120
[PWR] pm=0x1 drift=1 rderr=0
[DWT] ok=1 cyc=1897091786 cyc_per_ms=800036
[HB] up_ms=551174 frames=24923 inf=24923 hazard=390 canary_err=0 q=0 qovr=0
[I2C] init=0 gate=0 whoami=0x140e0 wr=0 wrseen=0x27 addr=0x5a ok=153267 err=1 tmo=0 recov=2 pclk1=200000000 sysclk=400000000
[NAK] nacks=1
[CLK] cpu=800000000 sysb=400000000 pclk1=200000000
[TOF] res=0 step=0 id=0xeacc blk=0xeacc10 ctl=0x0
[RNG] init=0 step=99 id=0xeacc boot=1 calls=93 xerr=0 dm=1 tb=15
[RNG] osc=41 imp=881 imprb=881 mstart=0x40 cfg=91 cfgfail=0x0 vhv=0 vpolls=0
[PRT] calls=99813 xerr=0 ler=1 lidx=0x0 perr=0 maxcnt=17 addr8=0x52
[RTY] wr=0 wmax=0 wref=0  rd=0 rmax=0 rref=0
[RNG] frames=24926 last=38 min=12 max=159 nrdy=0 dxfer=0 dstat=0 lst=0 nrdyerr=0 dclr=0
[DRV] init=0 id=7 mode=0x1 lib=0x2 seq=0x1 odc=0x8b sts=0xe0 armed=1
[TRG] pulses=282 suppressed=108 cyc=1600 rst=1 rstmode=0x40
[HLT] polls=498 faults=0x0 cfglost=0
[EFF] n=5 last=58555 min=58548 max=58555 late=0 stuck=0 rderr=0
[IMU] init=0 addr=0x68 who=0x68 rst=1 pmrb0=0x40 pmrb=0x1 sr=19 cfg=4 gcfg=0x0 acfg=0x8 icfg=0x30 ien=0x1 armed=1
[ACC] reads=24926 stale=24894 rderr=1 ax=56 ay=-19 az=1124
[PWR] pm=0x1 drift=1 rderr=0
[DWT] ok=1 cyc=2778788476 cyc_per_ms=800087
[HB] up_ms=552276 frames=24973 inf=24973 hazard=390 canary_err=0 q=0 qovr=0
[I2C] init=0 gate=0 whoami=0x140e0 wr=0 wrseen=0x27 addr=0x5a ok=153569 err=1 tmo=0 recov=2 pclk1=200000000 sysclk=400000000
[NAK] nacks=1
[CLK] cpu=800000000 sysb=400000000 pclk1=200000000
[TOF] res=0 step=0 id=0xeacc blk=0xeacc10 ctl=0x0
[RNG] init=0 step=99 id=0xeacc boot=1 calls=93 xerr=0 dm=1 tb=15
[RNG] osc=41 imp=881 imprb=881 mstart=0x40 cfg=91 cfgfail=0x0 vhv=0 vpolls=0
[PRT] calls=100013 xerr=0 ler=1 lidx=0x0 perr=0 maxcnt=17 addr8=0x52
[RTY] wr=0 wmax=0 wref=0  rd=0 rmax=0 rref=0
[RNG] frames=24975 last=27 min=12 max=159 nrdy=0 dxfer=0 dstat=0 lst=0 nrdyerr=0 dclr=0
[DRV] init=0 id=7 mode=0x1 lib=0x2 seq=0x1 odc=0x8b sts=0xe0 armed=1
[TRG] pulses=282 suppressed=108 cyc=1600 rst=1 rstmode=0x40
[HLT] polls=499 faults=0x0 cfglost=0
[EFF] n=5 last=58555 min=58548 max=58555 late=0 stuck=0 rderr=0
[IMU] init=0 addr=0x68 who=0x68 rst=1 pmrb0=0x40 pmrb=0x1 sr=19 cfg=4 gcfg=0x0 acfg=0x8 icfg=0x30 ien=0x1 armed=1
[ACC] reads=24976 stale=24944 rderr=1 ax=55 ay=-21 az=1126
[PWR] pm=0x1 drift=1 rderr=0
[DWT] ok=1 cyc=3660434120 cyc_per_ms=800041
[HB] up_ms=553379 frames=25023 inf=25023 hazard=390 canary_err=0 q=0 qovr=0
[I2C] init=0 gate=0 whoami=0x140e0 wr=0 wrseen=0x27 addr=0x5a ok=153867 err=1 tmo=0 recov=2 pclk1=200000000 sysclk=400000000
[NAK] nacks=1
[CLK] cpu=800000000 sysb=400000000 pclk1=200000000
[TOF] res=0 step=0 id=0xeacc blk=0xeacc10 ctl=0x0
[RNG] init=0 step=99 id=0xeacc boot=1 calls=93 xerr=0 dm=1 tb=15
[RNG] osc=41 imp=881 imprb=881 mstart=0x40 cfg=91 cfgfail=0x0 vhv=0 vpolls=0
[PRT] calls=100213 xerr=0 ler=1 lidx=0x0 perr=0 maxcnt=17 addr8=0x52
[RTY] wr=0 wmax=0 wref=0  rd=0 rmax=0 rref=0
[RNG] frames=25025 last=43 min=12 max=159 nrdy=0 dxfer=0 dstat=0 lst=0 nrdyerr=0 dclr=0
[DRV] init=0 id=7 mode=0x1 lib=0x2 seq=0x1 odc=0x8b sts=0xe0 armed=1
[TRG] pulses=282 suppressed=108 cyc=1600 rst=1 rstmode=0x40
[HLT] polls=500 faults=0x0 cfglost=0
[EFF] n=5 last=58555 min=58548 max=58555 late=0 stuck=0 rderr=0
[IMU] init=0 addr=0x68 who=0x68 rst=1 pmrb0=0x40 pmrb=0x1 sr=19 cfg=4 gcfg=0x0 acfg=0x8 icfg=0x30 ien=0x1 armed=1
[ACC] reads=25026 stale=24994 rderr=1 ax=55 ay=-22 az=1121
[PWR] pm=0x1 drift=1 rderr=0
[DWT] ok=1 cyc=247753706 cyc_per_ms=799897
[HB] up_ms=554481 frames=25073 inf=25073 hazard=390 canary_err=0 q=0 qovr=0
[I2C] init=0 gate=0 whoami=0x140e0 wr=0 wrseen=0x27 addr=0x5a ok=154167 err=1 tmo=0 recov=2 pclk1=200000000 sysclk=400000000
[NAK] nacks=1
[CLK] cpu=800000000 sysb=400000000 pclk1=200000000
[TOF] res=0 step=0 id=0xeacc blk=0xeacc10 ctl=0x0
[RNG] init=0 step=99 id=0xeacc boot=1 calls=93 xerr=0 dm=1 tb=15
[RNG] osc=41 imp=881 imprb=881 mstart=0x40 cfg=91 cfgfail=0x0 vhv=0 vpolls=0
[PRT] calls=100413 xerr=0 ler=1 lidx=0x0 perr=0 maxcnt=17 addr8=0x52
[RTY] wr=0 wmax=0 wref=0  rd=0 rmax=0 rref=0
[RNG] frames=25075 last=49 min=12 max=159 nrdy=0 dxfer=0 dstat=0 lst=0 nrdyerr=0 dclr=0
[DRV] init=0 id=7 mode=0x1 lib=0x2 seq=0x1 odc=0x8b sts=0xe0 armed=1
[TRG] pulses=282 suppressed=108 cyc=1600 rst=1 rstmode=0x40
[HLT] polls=501 faults=0x0 cfglost=0
[EFF] n=5 last=58555 min=58548 max=58555 late=0 stuck=0 rderr=0
[IMU] init=0 addr=0x68 who=0x68 rst=1 pmrb0=0x40 pmrb=0x1 sr=19 cfg=4 gcfg=0x0 acfg=0x8 icfg=0x30 ien=0x1 armed=1
[ACC] reads=25076 stale=25044 rderr=1 ax=54 ay=-22 az=1127
[PWR] pm=0x1 drift=1 rderr=0
[DWT] ok=1 cyc=1129353810 cyc_per_ms=800000
[HB] up_ms=555583 frames=25123 inf=25123 hazard=390 canary_err=0 q=0 qovr=0
[I2C] init=0 gate=0 whoami=0x140e0 wr=0 wrseen=0x27 addr=0x5a ok=154469 err=1 tmo=0 recov=2 pclk1=200000000 sysclk=400000000
[NAK] nacks=1
[CLK] cpu=800000000 sysb=400000000 pclk1=200000000
[TOF] res=0 step=0 id=0xeacc blk=0xeacc10 ctl=0x0
[RNG] init=0 step=99 id=0xeacc boot=1 calls=93 xerr=0 dm=1 tb=15
[RNG] osc=41 imp=881 imprb=881 mstart=0x40 cfg=91 cfgfail=0x0 vhv=0 vpolls=0
[PRT] calls=100613 xerr=0 ler=1 lidx=0x0 perr=0 maxcnt=17 addr8=0x52
[RTY] wr=0 wmax=0 wref=0  rd=0 rmax=0 rref=0
[RNG] frames=25125 last=42 min=12 max=159 nrdy=0 dxfer=0 dstat=0 lst=0 nrdyerr=0 dclr=0
[DRV] init=0 id=7 mode=0x1 lib=0x2 seq=0x1 odc=0x8b sts=0xe0 armed=1
[TRG] pulses=282 suppressed=108 cyc=1600 rst=1 rstmode=0x40
[HLT] polls=502 faults=0x0 cfglost=0
[EFF] n=5 last=58555 min=58548 max=58555 late=0 stuck=0 rderr=0
[IMU] init=0 addr=0x68 who=0x68 rst=1 pmrb0=0x40 pmrb=0x1 sr=19 cfg=4 gcfg=0x0 acfg=0x8 icfg=0x30 ien=0x1 armed=1
[ACC] reads=25126 stale=25093 rderr=1 ax=56 ay=-21 az=1123
[PWR] pm=0x1 drift=1 rderr=0
[DWT] ok=1 cyc=2010953706 cyc_per_ms=799999
[HB] up_ms=556685 frames=25173 inf=25173 hazard=390 canary_err=0 q=0 qovr=0
[I2C] init=0 gate=0 whoami=0x140e0 wr=0 wrseen=0x27 addr=0x5a ok=154771 err=1 tmo=0 recov=2 pclk1=200000000 sysclk=400000000
[NAK] nacks=1
[CLK] cpu=800000000 sysb=400000000 pclk1=200000000
[TOF] res=0 step=0 id=0xeacc blk=0xeacc10 ctl=0x0
[RNG] init=0 step=99 id=0xeacc boot=1 calls=93 xerr=0 dm=1 tb=15
[RNG] osc=41 imp=881 imprb=881 mstart=0x40 cfg=91 cfgfail=0x0 vhv=0 vpolls=0
[PRT] calls=100813 xerr=0 ler=1 lidx=0x0 perr=0 maxcnt=17 addr8=0x52
[RTY] wr=0 wmax=0 wref=0  rd=0 rmax=0 rref=0
[RNG] frames=25175 last=44 min=12 max=159 nrdy=0 dxfer=0 dstat=0 lst=0 nrdyerr=0 dclr=0
[DRV] init=0 id=7 mode=0x1 lib=0x2 seq=0x1 odc=0x8b sts=0xe0 armed=1
[TRG] pulses=282 suppressed=108 cyc=1600 rst=1 rstmode=0x40
[HLT] polls=503 faults=0x0 cfglost=0
[EFF] n=5 last=58555 min=58548 max=58555 late=0 stuck=0 rderr=0
[IMU] init=0 addr=0x68 who=0x68 rst=1 pmrb0=0x40 pmrb=0x1 sr=19 cfg=4 gcfg=0x0 acfg=0x8 icfg=0x30 ien=0x1 armed=1
[ACC] reads=25176 stale=25143 rderr=1 ax=55 ay=-22 az=1124
[PWR] pm=0x1 drift=1 rderr=0
[DWT] ok=1 cyc=2892553726 cyc_per_ms=800000
[HB] up_ms=557787 frames=25223 inf=25223 hazard=390 canary_err=0 q=0 qovr=0
[I2C] init=0 gate=0 whoami=0x140e0 wr=0 wrseen=0x27 addr=0x5a ok=155073 err=1 tmo=0 recov=2 pclk1=200000000 sysclk=400000000
[NAK] nacks=1
[CLK] cpu=800000000 sysb=400000000 pclk1=200000000
[TOF] res=0 step=0 id=0xeacc blk=0xeacc10 ctl=0x0
[RNG] init=0 step=99 id=0xeacc boot=1 calls=93 xerr=0 dm=1 tb=15
[RNG] osc=41 imp=881 imprb=881 mstart=0x40 cfg=91 cfgfail=0x0 vhv=0 vpolls=0
[PRT] calls=101013 xerr=0 ler=1 lidx=0x0 perr=0 maxcnt=17 addr8=0x52
[RTY] wr=0 wmax=0 wref=0  rd=0 rmax=0 rref=0
[RNG] frames=25225 last=42 min=12 max=159 nrdy=0 dxfer=0 dstat=0 lst=0 nrdyerr=0 dclr=0
[DRV] init=0 id=7 mode=0x1 lib=0x2 seq=0x1 odc=0x8b sts=0xe0 armed=1
[TRG] pulses=282 suppressed=108 cyc=1600 rst=1 rstmode=0x40
[HLT] polls=504 faults=0x0 cfglost=0
[EFF] n=5 last=58555 min=58548 max=58555 late=0 stuck=0 rderr=0
[IMU] init=0 addr=0x68 who=0x68 rst=1 pmrb0=0x40 pmrb=0x1 sr=19 cfg=4 gcfg=0x0 acfg=0x8 icfg=0x30 ien=0x1 armed=1
[ACC] reads=25226 stale=25193 rderr=1 ax=55 ay=-21 az=1125
[PWR] pm=0x1 drift=1 rderr=0
[DWT] ok=1 cyc=3774153826 cyc_per_ms=800000
[HB] up_ms=558889 frames=25273 inf=25273 hazard=393 canary_err=0 q=0 qovr=0
[I2C] init=0 gate=0 whoami=0x140e0 wr=0 wrseen=0x27 addr=0x5a ok=155375 err=1 tmo=0 recov=2 pclk1=200000000 sysclk=400000000
[NAK] nacks=1
[CLK] cpu=800000000 sysb=400000000 pclk1=200000000
[TOF] res=0 step=0 id=0xeacc blk=0xeacc10 ctl=0x0
[RNG] init=0 step=99 id=0xeacc boot=1 calls=93 xerr=0 dm=1 tb=15
[RNG] osc=41 imp=881 imprb=881 mstart=0x40 cfg=91 cfgfail=0x0 vhv=0 vpolls=0
[PRT] calls=101212 xerr=0 ler=1 lidx=0x0 perr=0 maxcnt=17 addr8=0x52
[RTY] wr=0 wmax=0 wref=0  rd=0 rmax=0 rref=0
[RNG] frames=25275 last=35 min=12 max=159 nrdy=0 dxfer=0 dstat=0 lst=0 nrdyerr=0 dclr=0
[DRV] init=0 id=7 mode=0x1 lib=0x2 seq=0x1 odc=0x8b sts=0xe0 armed=1
[TRG] pulses=284 suppressed=109 cyc=1600 rst=1 rstmode=0x40
[HLT] polls=505 faults=0x0 cfglost=0
[EFF] n=5 last=58555 min=58548 max=58555 late=0 stuck=0 rderr=0
[IMU] init=0 addr=0x68 who=0x68 rst=1 pmrb0=0x40 pmrb=0x1 sr=19 cfg=4 gcfg=0x0 acfg=0x8 icfg=0x30 ien=0x1 armed=1
[ACC] reads=25276 stale=25243 rderr=1 ax=55 ay=-20 az=1122
[PWR] pm=0x1 drift=1 rderr=0
[DWT] ok=1 cyc=360786510 cyc_per_ms=799999
[HB] up_ms=559991 frames=25323 inf=25323 hazard=394 canary_err=0 q=0 qovr=0
[I2C] init=0 gate=0 whoami=0x140e0 wr=0 wrseen=0x27 addr=0x5a ok=155677 err=1 tmo=0 recov=2 pclk1=200000000 sysclk=400000000
[NAK] nacks=1
[CLK] cpu=800000000 sysb=400000000 pclk1=200000000
[TOF] res=0 step=0 id=0xeacc blk=0xeacc10 ctl=0x0
[RNG] init=0 step=99 id=0xeacc boot=1 calls=93 xerr=0 dm=1 tb=15
[RNG] osc=41 imp=881 imprb=881 mstart=0x40 cfg=91 cfgfail=0x0 vhv=0 vpolls=0
[PRT] calls=101409 xerr=0 ler=1 lidx=0x0 perr=0 maxcnt=17 addr8=0x52
[RTY] wr=0 wmax=0 wref=0  rd=0 rmax=0 rref=0
[RNG] frames=25325 last=45 min=12 max=159 nrdy=0 dxfer=0 dstat=0 lst=0 nrdyerr=0 dclr=0
[DRV] init=0 id=7 mode=0x1 lib=0x2 seq=0x1 odc=0x8b sts=0xe0 armed=1
[TRG] pulses=285 suppressed=109 cyc=1600 rst=1 rstmode=0x40
[HLT] polls=506 faults=0x0 cfglost=0
[EFF] n=5 last=58555 min=58548 max=58555 late=0 stuck=0 rderr=0
[IMU] init=0 addr=0x68 who=0x68 rst=1 pmrb0=0x40 pmrb=0x1 sr=19 cfg=4 gcfg=0x0 acfg=0x8 icfg=0x30 ien=0x1 armed=1
[ACC] reads=25325 stale=25293 rderr=1 ax=55 ay=-20 az=1123
[PWR] pm=0x1 drift=1 rderr=0
[DWT] ok=1 cyc=1242386470 cyc_per_ms=799999
[HB] up_ms=561093 frames=25372 inf=25372 hazard=395 canary_err=0 q=0 qovr=0
[I2C] init=0 gate=0 whoami=0x140e0 wr=0 wrseen=0x27 addr=0x5a ok=155979 err=1 tmo=0 recov=2 pclk1=200000000 sysclk=400000000
[NAK] nacks=1
[CLK] cpu=800000000 sysb=400000000 pclk1=200000000
[TOF] res=0 step=0 id=0xeacc blk=0xeacc10 ctl=0x0
[RNG] init=0 step=99 id=0xeacc boot=1 calls=93 xerr=0 dm=1 tb=15
[RNG] osc=41 imp=881 imprb=881 mstart=0x40 cfg=91 cfgfail=0x0 vhv=0 vpolls=0
[PRT] calls=101609 xerr=0 ler=1 lidx=0x0 perr=0 maxcnt=17 addr8=0x52
[RTY] wr=0 wmax=0 wref=0  rd=0 rmax=0 rref=0
[RNG] frames=25375 last=41 min=12 max=159 nrdy=0 dxfer=0 dstat=0 lst=0 nrdyerr=0 dclr=0
[DRV] init=0 id=7 mode=0x1 lib=0x2 seq=0x1 odc=0x8b sts=0xe0 armed=1
[TRG] pulses=285 suppressed=110 cyc=1600 rst=1 rstmode=0x40
[HLT] polls=507 faults=0x0 cfglost=0
[EFF] n=5 last=58555 min=58548 max=58555 late=0 stuck=0 rderr=0
[IMU] init=0 addr=0x68 who=0x68 rst=1 pmrb0=0x40 pmrb=0x1 sr=19 cfg=4 gcfg=0x0 acfg=0x8 icfg=0x30 ien=0x1 armed=1
[ACC] reads=25375 stale=25342 rderr=1 ax=53 ay=-20 az=1124
[PWR] pm=0x1 drift=1 rderr=0
[DWT] ok=1 cyc=2124027760 cyc_per_ms=800037
[HB] up_ms=562195 frames=25422 inf=25422 hazard=397 canary_err=0 q=0 qovr=0
[I2C] init=0 gate=0 whoami=0x140e0 wr=0 wrseen=0x27 addr=0x5a ok=156281 err=1 tmo=0 recov=2 pclk1=200000000 sysclk=400000000
[NAK] nacks=1
[CLK] cpu=800000000 sysb=400000000 pclk1=200000000
[TOF] res=0 step=0 id=0xeacc blk=0xeacc10 ctl=0x0
[RNG] init=0 step=99 id=0xeacc boot=1 calls=93 xerr=0 dm=1 tb=15
[RNG] osc=41 imp=881 imprb=881 mstart=0x40 cfg=91 cfgfail=0x0 vhv=0 vpolls=0
[PRT] calls=101809 xerr=0 ler=1 lidx=0x0 perr=0 maxcnt=17 addr8=0x52
[RTY] wr=0 wmax=0 wref=0  rd=0 rmax=0 rref=0
[RNG] frames=25425 last=34 min=12 max=159 nrdy=0 dxfer=0 dstat=0 lst=0 nrdyerr=0 dclr=0
[DRV] init=0 id=7 mode=0x1 lib=0x2 seq=0x1 odc=0x8b sts=0xe0 armed=1
[TRG] pulses=286 suppressed=111 cyc=1600 rst=1 rstmode=0x40
[HLT] polls=508 faults=0x0 cfglost=0
[EFF] n=5 last=58555 min=58548 max=58555 late=0 stuck=0 rderr=0
[IMU] init=0 addr=0x68 who=0x68 rst=1 pmrb0=0x40 pmrb=0x1 sr=19 cfg=4 gcfg=0x0 acfg=0x8 icfg=0x30 ien=0x1 armed=1
[ACC] reads=25425 stale=25392 rderr=1 ax=56 ay=-22 az=1123
[PWR] pm=0x1 drift=1 rderr=0
[DWT] ok=1 cyc=3005723996 cyc_per_ms=800087
[HB] up_ms=563298 frames=25472 inf=25472 hazard=398 canary_err=0 q=0 qovr=0
[I2C] init=0 gate=0 whoami=0x140e0 wr=0 wrseen=0x27 addr=0x5a ok=156583 err=1 tmo=0 recov=2 pclk1=200000000 sysclk=400000000
[NAK] nacks=1
[CLK] cpu=800000000 sysb=400000000 pclk1=200000000
[TOF] res=0 step=0 id=0xeacc blk=0xeacc10 ctl=0x0
[RNG] init=0 step=99 id=0xeacc boot=1 calls=93 xerr=0 dm=1 tb=15
[RNG] osc=41 imp=881 imprb=881 mstart=0x40 cfg=91 cfgfail=0x0 vhv=0 vpolls=0
[PRT] calls=102009 xerr=0 ler=1 lidx=0x0 perr=0 maxcnt=17 addr8=0x52
[RTY] wr=0 wmax=0 wref=0  rd=0 rmax=0 rref=0
[RNG] frames=25475 last=31 min=12 max=159 nrdy=0 dxfer=0 dstat=0 lst=0 nrdyerr=0 dclr=0
[DRV] init=0 id=7 mode=0x1 lib=0x2 seq=0x1 odc=0x8b sts=0xe0 armed=1
[TRG] pulses=287 suppressed=111 cyc=1600 rst=1 rstmode=0x40
[HLT] polls=509 faults=0x0 cfglost=0
[EFF] n=5 last=58555 min=58548 max=58555 late=0 stuck=0 rderr=0
[IMU] init=0 addr=0x68 who=0x68 rst=1 pmrb0=0x40 pmrb=0x1 sr=19 cfg=4 gcfg=0x0 acfg=0x8 icfg=0x30 ien=0x1 armed=1
[ACC] reads=25475 stale=25442 rderr=1 ax=53 ay=-21 az=1122
[PWR] pm=0x1 drift=1 rderr=0
[DWT] ok=1 cyc=3888123872 cyc_per_ms=799999
[HB] up_ms=564401 frames=25522 inf=25522 hazard=398 canary_err=0 q=0 qovr=0
[I2C] init=0 gate=0 whoami=0x140e0 wr=0 wrseen=0x27 addr=0x5a ok=156884 err=1 tmo=0 recov=2 pclk1=200000000 sysclk=400000000
[NAK] nacks=1
[CLK] cpu=800000000 sysb=400000000 pclk1=200000000
[TOF] res=0 step=0 id=0xeacc blk=0xeacc10 ctl=0x0
[RNG] init=0 step=99 id=0xeacc boot=1 calls=93 xerr=0 dm=1 tb=15
[RNG] osc=41 imp=881 imprb=881 mstart=0x40 cfg=91 cfgfail=0x0 vhv=0 vpolls=0
[PRT] calls=102209 xerr=0 ler=1 lidx=0x0 perr=0 maxcnt=17 addr8=0x52
[RTY] wr=0 wmax=0 wref=0  rd=0 rmax=0 rref=0
[RNG] frames=25524 last=32 min=12 max=159 nrdy=0 dxfer=0 dstat=0 lst=0 nrdyerr=0 dclr=0
[DRV] init=0 id=7 mode=0x1 lib=0x2 seq=0x1 odc=0x8b sts=0xe0 armed=1
[TRG] pulses=287 suppressed=111 cyc=1600 rst=1 rstmode=0x40
[HLT] polls=510 faults=0x0 cfglost=0
[EFF] n=5 last=58555 min=58548 max=58555 late=0 stuck=0 rderr=0
[IMU] init=0 addr=0x68 who=0x68 rst=1 pmrb0=0x40 pmrb=0x1 sr=19 cfg=4 gcfg=0x0 acfg=0x8 icfg=0x30 ien=0x1 armed=1
[ACC] reads=25525 stale=25492 rderr=1 ax=55 ay=-20 az=1125
[PWR] pm=0x1 drift=1 rderr=0
[DWT] ok=1 cyc=475468352 cyc_per_ms=799920
[HB] up_ms=565503 frames=25572 inf=25572 hazard=398 canary_err=0 q=0 qovr=0
[I2C] init=0 gate=0 whoami=0x140e0 wr=0 wrseen=0x27 addr=0x5a ok=157181 err=1 tmo=0 recov=2 pclk1=200000000 sysclk=400000000
[NAK] nacks=1
[CLK] cpu=800000000 sysb=400000000 pclk1=200000000
[TOF] res=0 step=0 id=0xeacc blk=0xeacc10 ctl=0x0
[RNG] init=0 step=99 id=0xeacc boot=1 calls=93 xerr=0 dm=1 tb=15
[RNG] osc=41 imp=881 imprb=881 mstart=0x40 cfg=91 cfgfail=0x0 vhv=0 vpolls=0
[PRT] calls=102409 xerr=0 ler=1 lidx=0x0 perr=0 maxcnt=17 addr8=0x52
[RTY] wr=0 wmax=0 wref=0  rd=0 rmax=0 rref=0
[RNG] frames=25574 last=50 min=12 max=159 nrdy=0 dxfer=0 dstat=0 lst=0 nrdyerr=0 dclr=0
[DRV] init=0 id=7 mode=0x1 lib=0x2 seq=0x1 odc=0x8b sts=0xe0 armed=1
[TRG] pulses=287 suppressed=111 cyc=1600 rst=1 rstmode=0x40
[HLT] polls=511 faults=0x0 cfglost=0
[EFF] n=5 last=58555 min=58548 max=58555 late=0 stuck=0 rderr=0
[IMU] init=0 addr=0x68 who=0x68 rst=1 pmrb0=0x40 pmrb=0x1 sr=19 cfg=4 gcfg=0x0 acfg=0x8 icfg=0x30 ien=0x1 armed=1
[ACC] reads=25575 stale=25542 rderr=1 ax=54 ay=-21 az=1121
[PWR] pm=0x1 drift=1 rderr=0
[DWT] ok=1 cyc=1357019174 cyc_per_ms=799955
[HB] up_ms=566606 frames=25622 inf=25622 hazard=398 canary_err=0 q=0 qovr=0
[I2C] init=0 gate=0 whoami=0x140e0 wr=0 wrseen=0x27 addr=0x5a ok=157483 err=1 tmo=0 recov=2 pclk1=200000000 sysclk=400000000
[NAK] nacks=1
[CLK] cpu=800000000 sysb=400000000 pclk1=200000000
[TOF] res=0 step=0 id=0xeacc blk=0xeacc10 ctl=0x0
[RNG] init=0 step=99 id=0xeacc boot=1 calls=93 xerr=0 dm=1 tb=15
[RNG] osc=41 imp=881 imprb=881 mstart=0x40 cfg=91 cfgfail=0x0 vhv=0 vpolls=0
[PRT] calls=102609 xerr=0 ler=1 lidx=0x0 perr=0 maxcnt=17 addr8=0x52
[RTY] wr=0 wmax=0 wref=0  rd=0 rmax=0 rref=0
[RNG] frames=25624 last=43 min=12 max=159 nrdy=0 dxfer=0 dstat=0 lst=0 nrdyerr=0 dclr=0
[DRV] init=0 id=7 mode=0x1 lib=0x2 seq=0x1 odc=0x8b sts=0xe0 armed=1
[TRG] pulses=287 suppressed=111 cyc=1600 rst=1 rstmode=0x40
[HLT] polls=512 faults=0x0 cfglost=0
[EFF] n=5 last=58555 min=58548 max=58555 late=0 stuck=0 rderr=0
[IMU] init=0 addr=0x68 who=0x68 rst=1 pmrb0=0x40 pmrb=0x1 sr=19 cfg=4 gcfg=0x0 acfg=0x8 icfg=0x30 ien=0x1 armed=1
[ACC] reads=25625 stale=25592 rderr=1 ax=55 ay=-18 az=1125
[PWR] pm=0x1 drift=1 rderr=0
[DWT] ok=1 cyc=2239419254 cyc_per_ms=800000
[HB] up_ms=567708 frames=25672 inf=25672 hazard=398 canary_err=0 q=0 qovr=0
[I2C] init=0 gate=0 whoami=0x140e0 wr=0 wrseen=0x27 addr=0x5a ok=157785 err=1 tmo=0 recov=2 pclk1=200000000 sysclk=400000000
[NAK] nacks=1
[CLK] cpu=800000000 sysb=400000000 pclk1=200000000
[TOF] res=0 step=0 id=0xeacc blk=0xeacc10 ctl=0x0
[RNG] init=0 step=99 id=0xeacc boot=1 calls=93 xerr=0 dm=1 tb=15
[RNG] osc=41 imp=881 imprb=881 mstart=0x40 cfg=91 cfgfail=0x0 vhv=0 vpolls=0
[PRT] calls=102809 xerr=0 ler=1 lidx=0x0 perr=0 maxcnt=17 addr8=0x52
[RTY] wr=0 wmax=0 wref=0  rd=0 rmax=0 rref=0
[RNG] frames=25674 last=40 min=12 max=159 nrdy=0 dxfer=0 dstat=0 lst=0 nrdyerr=0 dclr=0
[DRV] init=0 id=7 mode=0x1 lib=0x2 seq=0x1 odc=0x8b sts=0xe0 armed=1
[TRG] pulses=287 suppressed=111 cyc=1600 rst=1 rstmode=0x40
[HLT] polls=513 faults=0x0 cfglost=0
[EFF] n=5 last=58555 min=58548 max=58555 late=0 stuck=0 rderr=0
[IMU] init=0 addr=0x68 who=0x68 rst=1 pmrb0=0x40 pmrb=0x1 sr=19 cfg=4 gcfg=0x0 acfg=0x8 icfg=0x30 ien=0x1 armed=1
[ACC] reads=25675 stale=25642 rderr=1 ax=57 ay=-23 az=1124
[PWR] pm=0x1 drift=1 rderr=0
[DWT] ok=1 cyc=3121019274 cyc_per_ms=800000
[HB] up_ms=568810 frames=25722 inf=25722 hazard=399 canary_err=0 q=0 qovr=0
[I2C] init=0 gate=0 whoami=0x140e0 wr=0 wrseen=0x27 addr=0x5a ok=158087 err=1 tmo=0 recov=2 pclk1=200000000 sysclk=400000000
[NAK] nacks=1
[CLK] cpu=800000000 sysb=400000000 pclk1=200000000
[TOF] res=0 step=0 id=0xeacc blk=0xeacc10 ctl=0x0
[RNG] init=0 step=99 id=0xeacc boot=1 calls=93 xerr=0 dm=1 tb=15
[RNG] osc=41 imp=881 imprb=881 mstart=0x40 cfg=91 cfgfail=0x0 vhv=0 vpolls=0
[PRT] calls=103009 xerr=0 ler=1 lidx=0x0 perr=0 maxcnt=17 addr8=0x52
[RTY] wr=0 wmax=0 wref=0  rd=0 rmax=0 rref=0
[RNG] frames=25724 last=33 min=12 max=159 nrdy=0 dxfer=0 dstat=0 lst=0 nrdyerr=0 dclr=0
[DRV] init=0 id=7 mode=0x1 lib=0x2 seq=0x1 odc=0x8b sts=0xe0 armed=1
[TRG] pulses=288 suppressed=111 cyc=1600 rst=1 rstmode=0x40
[HLT] polls=514 faults=0x0 cfglost=0
[EFF] n=5 last=58555 min=58548 max=58555 late=0 stuck=0 rderr=0
[IMU] init=0 addr=0x68 who=0x68 rst=1 pmrb0=0x40 pmrb=0x1 sr=19 cfg=4 gcfg=0x0 acfg=0x8 icfg=0x30 ien=0x1 armed=1
[ACC] reads=25725 stale=25692 rderr=1 ax=56 ay=-21 az=1122
[PWR] pm=0x1 drift=1 rderr=0
[DWT] ok=1 cyc=4002619246 cyc_per_ms=799999
[HB] up_ms=569912 frames=25772 inf=25772 hazard=399 canary_err=0 q=0 qovr=0
[I2C] init=0 gate=0 whoami=0x140e0 wr=0 wrseen=0x27 addr=0x5a ok=158389 err=1 tmo=0 recov=2 pclk1=200000000 sysclk=400000000
[NAK] nacks=1
[CLK] cpu=800000000 sysb=400000000 pclk1=200000000
[TOF] res=0 step=0 id=0xeacc blk=0xeacc10 ctl=0x0
[RNG] init=0 step=99 id=0xeacc boot=1 calls=93 xerr=0 dm=1 tb=15
[RNG] osc=41 imp=881 imprb=881 mstart=0x40 cfg=91 cfgfail=0x0 vhv=0 vpolls=0
[PRT] calls=103209 xerr=0 ler=1 lidx=0x0 perr=0 maxcnt=17 addr8=0x52
[RTY] wr=0 wmax=0 wref=0  rd=0 rmax=0 rref=0
[RNG] frames=25774 last=36 min=12 max=159 nrdy=0 dxfer=0 dstat=0 lst=0 nrdyerr=0 dclr=0
[DRV] init=0 id=7 mode=0x1 lib=0x2 seq=0x1 odc=0x8b sts=0xe0 armed=1
[TRG] pulses=289 suppressed=111 cyc=1600 rst=1 rstmode=0x40
[HLT] polls=515 faults=0x0 cfglost=0
[EFF] n=5 last=58555 min=58548 max=58555 late=0 stuck=0 rderr=0
[IMU] init=0 addr=0x68 who=0x68 rst=1 pmrb0=0x40 pmrb=0x1 sr=19 cfg=4 gcfg=0x0 acfg=0x8 icfg=0x30 ien=0x1 armed=1
[ACC] reads=25775 stale=25742 rderr=1 ax=56 ay=-19 az=1118
[PWR] pm=0x1 drift=1 rderr=0
[DWT] ok=1 cyc=589255250 cyc_per_ms=800002
[HB] up_ms=571014 frames=25822 inf=25822 hazard=400 canary_err=0 q=0 qovr=0
[I2C] init=0 gate=0 whoami=0x140e0 wr=0 wrseen=0x27 addr=0x5a ok=158691 err=1 tmo=0 recov=2 pclk1=200000000 sysclk=400000000
[NAK] nacks=1
[CLK] cpu=800000000 sysb=400000000 pclk1=200000000
[TOF] res=0 step=0 id=0xeacc blk=0xeacc10 ctl=0x0
[RNG] init=0 step=99 id=0xeacc boot=1 calls=93 xerr=0 dm=1 tb=15
[RNG] osc=41 imp=881 imprb=881 mstart=0x40 cfg=91 cfgfail=0x0 vhv=0 vpolls=0
[PRT] calls=103405 xerr=0 ler=1 lidx=0x0 perr=0 maxcnt=17 addr8=0x52
[RTY] wr=0 wmax=0 wref=0  rd=0 rmax=0 rref=0
[RNG] frames=25824 last=38 min=12 max=159 nrdy=0 dxfer=0 dstat=0 lst=0 nrdyerr=0 dclr=0
[DRV] init=0 id=7 mode=0x1 lib=0x2 seq=0x1 odc=0x8b sts=0xe0 armed=1
[TRG] pulses=289 suppressed=111 cyc=1600 rst=1 rstmode=0x40
[HLT] polls=516 faults=0x0 cfglost=0
[EFF] n=5 last=58555 min=58548 max=58555 late=0 stuck=0 rderr=0
[IMU] init=0 addr=0x68 who=0x68 rst=1 pmrb0=0x40 pmrb=0x1 sr=19 cfg=4 gcfg=0x0 acfg=0x8 icfg=0x30 ien=0x1 armed=1
[ACC] reads=25825 stale=25792 rderr=1 ax=55 ay=-21 az=1127
[PWR] pm=0x1 drift=1 rderr=0
[DWT] ok=1 cyc=1470851838 cyc_per_ms=799996
[HB] up_ms=572116 frames=25872 inf=25872 hazard=400 canary_err=0 q=0 qovr=0
[I2C] init=0 gate=0 whoami=0x140e0 wr=0 wrseen=0x27 addr=0x5a ok=158993 err=1 tmo=0 recov=2 pclk1=200000000 sysclk=400000000
[NAK] nacks=1
[CLK] cpu=800000000 sysb=400000000 pclk1=200000000
[TOF] res=0 step=0 id=0xeacc blk=0xeacc10 ctl=0x0
[RNG] init=0 step=99 id=0xeacc boot=1 calls=93 xerr=0 dm=1 tb=15
[RNG] osc=41 imp=881 imprb=881 mstart=0x40 cfg=91 cfgfail=0x0 vhv=0 vpolls=0
[PRT] calls=103605 xerr=0 ler=1 lidx=0x0 perr=0 maxcnt=17 addr8=0x52
[RTY] wr=0 wmax=0 wref=0  rd=0 rmax=0 rref=0
[RNG] frames=25874 last=34 min=12 max=159 nrdy=0 dxfer=0 dstat=0 lst=0 nrdyerr=0 dclr=0
[DRV] init=0 id=7 mode=0x1 lib=0x2 seq=0x1 odc=0x8b sts=0xe0 armed=1
[TRG] pulses=289 suppressed=111 cyc=1600 rst=1 rstmode=0x40
[HLT] polls=517 faults=0x0 cfglost=0
[EFF] n=5 last=58555 min=58548 max=58555 late=0 stuck=0 rderr=0
[IMU] init=0 addr=0x68 who=0x68 rst=1 pmrb0=0x40 pmrb=0x1 sr=19 cfg=4 gcfg=0x0 acfg=0x8 icfg=0x30 ien=0x1 armed=1
[ACC] reads=25874 stale=25841 rderr=1 ax=55 ay=-21 az=1124
[PWR] pm=0x1 drift=1 rderr=0
[DWT] ok=1 cyc=2352451950 cyc_per_ms=800000
[HB] up_ms=573218 frames=25921 inf=25921 hazard=400 canary_err=0 q=0 qovr=0
[I2C] init=0 gate=0 whoami=0x140e0 wr=0 wrseen=0x27 addr=0x5a ok=159295 err=1 tmo=0 recov=2 pclk1=200000000 sysclk=400000000
[NAK] nacks=1
[CLK] cpu=800000000 sysb=400000000 pclk1=200000000
[TOF] res=0 step=0 id=0xeacc blk=0xeacc10 ctl=0x0
[RNG] init=0 step=99 id=0xeacc boot=1 calls=93 xerr=0 dm=1 tb=15
[RNG] osc=41 imp=881 imprb=881 mstart=0x40 cfg=91 cfgfail=0x0 vhv=0 vpolls=0
[PRT] calls=103805 xerr=0 ler=1 lidx=0x0 perr=0 maxcnt=17 addr8=0x52
[RTY] wr=0 wmax=0 wref=0  rd=0 rmax=0 rref=0
[RNG] frames=25924 last=48 min=12 max=159 nrdy=0 dxfer=0 dstat=0 lst=0 nrdyerr=0 dclr=0
[DRV] init=0 id=7 mode=0x1 lib=0x2 seq=0x1 odc=0x8b sts=0xe0 armed=1
[TRG] pulses=289 suppressed=111 cyc=1600 rst=1 rstmode=0x40
[HLT] polls=518 faults=0x0 cfglost=0
[EFF] n=5 last=58555 min=58548 max=58555 late=0 stuck=0 rderr=0
[IMU] init=0 addr=0x68 who=0x68 rst=1 pmrb0=0x40 pmrb=0x1 sr=19 cfg=4 gcfg=0x0 acfg=0x8 icfg=0x30 ien=0x1 armed=1
[ACC] reads=25924 stale=25891 rderr=1 ax=55 ay=-18 az=1125
[PWR] pm=0x1 drift=1 rderr=0
[DWT] ok=1 cyc=3234188520 cyc_per_ms=800123
[HB] up_ms=574321 frames=25971 inf=25971 hazard=401 canary_err=0 q=0 qovr=0
[I2C] init=0 gate=0 whoami=0x140e0 wr=0 wrseen=0x27 addr=0x5a ok=159597 err=1 tmo=0 recov=2 pclk1=200000000 sysclk=400000000
[NAK] nacks=1
[CLK] cpu=800000000 sysb=400000000 pclk1=200000000
[TOF] res=0 step=0 id=0xeacc blk=0xeacc10 ctl=0x0
[RNG] init=0 step=99 id=0xeacc boot=1 calls=93 xerr=0 dm=1 tb=15
[RNG] osc=41 imp=881 imprb=881 mstart=0x40 cfg=91 cfgfail=0x0 vhv=0 vpolls=0
[PRT] calls=104005 xerr=0 ler=1 lidx=0x0 perr=0 maxcnt=17 addr8=0x52
[RTY] wr=0 wmax=0 wref=0  rd=0 rmax=0 rref=0
[RNG] frames=25974 last=36 min=12 max=159 nrdy=0 dxfer=0 dstat=0 lst=0 nrdyerr=0 dclr=0
[DRV] init=0 id=7 mode=0x1 lib=0x2 seq=0x1 odc=0x8b sts=0xe0 armed=1
[TRG] pulses=290 suppressed=111 cyc=1600 rst=1 rstmode=0x40
[HLT] polls=519 faults=0x0 cfglost=0
[EFF] n=5 last=58555 min=58548 max=58555 late=0 stuck=0 rderr=0
[IMU] init=0 addr=0x68 who=0x68 rst=1 pmrb0=0x40 pmrb=0x1 sr=19 cfg=4 gcfg=0x0 acfg=0x8 icfg=0x30 ien=0x1 armed=1
[ACC] reads=25974 stale=25941 rderr=1 ax=55 ay=-21 az=1123
[PWR] pm=0x1 drift=1 rderr=0
[DWT] ok=1 cyc=4116589284 cyc_per_ms=800000
[HB] up_ms=575424 frames=26021 inf=26021 hazard=401 canary_err=0 q=0 qovr=0
[I2C] init=0 gate=0 whoami=0x140e0 wr=0 wrseen=0x27 addr=0x5a ok=159899 err=1 tmo=0 recov=2 pclk1=200000000 sysclk=400000000
[NAK] nacks=1
[CLK] cpu=800000000 sysb=400000000 pclk1=200000000
[TOF] res=0 step=0 id=0xeacc blk=0xeacc10 ctl=0x0
[RNG] init=0 step=99 id=0xeacc boot=1 calls=93 xerr=0 dm=1 tb=15
[RNG] osc=41 imp=881 imprb=881 mstart=0x40 cfg=91 cfgfail=0x0 vhv=0 vpolls=0
[PRT] calls=104205 xerr=0 ler=1 lidx=0x0 perr=0 maxcnt=17 addr8=0x52
[RTY] wr=0 wmax=0 wref=0  rd=0 rmax=0 rref=0
[RNG] frames=26023 last=53 min=12 max=159 nrdy=0 dxfer=0 dstat=0 lst=0 nrdyerr=0 dclr=0
[DRV] init=0 id=7 mode=0x1 lib=0x2 seq=0x1 odc=0x8b sts=0xe0 armed=1
[TRG] pulses=290 suppressed=111 cyc=1600 rst=1 rstmode=0x40
[HLT] polls=520 faults=0x0 cfglost=0
[EFF] n=5 last=58555 min=58548 max=58555 late=0 stuck=0 rderr=0
[IMU] init=0 addr=0x68 who=0x68 rst=1 pmrb0=0x40 pmrb=0x1 sr=19 cfg=4 gcfg=0x0 acfg=0x8 icfg=0x30 ien=0x1 armed=1
[ACC] reads=26024 stale=25991 rderr=1 ax=55 ay=-20 az=1124
[PWR] pm=0x1 drift=1 rderr=0
[DWT] ok=1 cyc=703997636 cyc_per_ms=799977
[HB] up_ms=576526 frames=26071 inf=26071 hazard=402 canary_err=0 q=0 qovr=0
[I2C] init=0 gate=0 whoami=0x140e0 wr=0 wrseen=0x27 addr=0x5a ok=160195 err=1 tmo=0 recov=2 pclk1=200000000 sysclk=400000000
[NAK] nacks=1
[CLK] cpu=800000000 sysb=400000000 pclk1=200000000
[TOF] res=0 step=0 id=0xeacc blk=0xeacc10 ctl=0x0
[RNG] init=0 step=99 id=0xeacc boot=1 calls=93 xerr=0 dm=1 tb=15
[RNG] osc=41 imp=881 imprb=881 mstart=0x40 cfg=91 cfgfail=0x0 vhv=0 vpolls=0
[PRT] calls=104405 xerr=0 ler=1 lidx=0x0 perr=0 maxcnt=17 addr8=0x52
[RTY] wr=0 wmax=0 wref=0  rd=0 rmax=0 rref=0
[RNG] frames=26073 last=49 min=12 max=159 nrdy=0 dxfer=0 dstat=0 lst=0 nrdyerr=0 dclr=0
[DRV] init=0 id=7 mode=0x1 lib=0x2 seq=0x1 odc=0x8b sts=0xe0 armed=1
[TRG] pulses=291 suppressed=111 cyc=1600 rst=1 rstmode=0x40
[HLT] polls=521 faults=0x0 cfglost=0
[EFF] n=5 last=58555 min=58548 max=58555 late=0 stuck=0 rderr=0
[IMU] init=0 addr=0x68 who=0x68 rst=1 pmrb0=0x40 pmrb=0x1 sr=19 cfg=4 gcfg=0x0 acfg=0x8 icfg=0x30 ien=0x1 armed=1
[ACC] reads=26074 stale=26041 rderr=1 ax=54 ay=-21 az=1124
[PWR] pm=0x1 drift=1 rderr=0
[DWT] ok=1 cyc=1585484662 cyc_per_ms=799897
[HB] up_ms=577629 frames=26121 inf=26121 hazard=403 canary_err=0 q=0 qovr=0
[I2C] init=0 gate=0 whoami=0x140e0 wr=0 wrseen=0x27 addr=0x5a ok=160497 err=1 tmo=0 recov=2 pclk1=200000000 sysclk=400000000
[NAK] nacks=1
[CLK] cpu=800000000 sysb=400000000 pclk1=200000000
[TOF] res=0 step=0 id=0xeacc blk=0xeacc10 ctl=0x0
[RNG] init=0 step=99 id=0xeacc boot=1 calls=93 xerr=0 dm=1 tb=15
[RNG] osc=41 imp=881 imprb=881 mstart=0x40 cfg=91 cfgfail=0x0 vhv=0 vpolls=0
[PRT] calls=104605 xerr=0 ler=1 lidx=0x0 perr=0 maxcnt=17 addr8=0x52
[RTY] wr=0 wmax=0 wref=0  rd=0 rmax=0 rref=0
[RNG] frames=26123 last=41 min=12 max=159 nrdy=0 dxfer=0 dstat=0 lst=0 nrdyerr=0 dclr=0
[DRV] init=0 id=7 mode=0x1 lib=0x2 seq=0x1 odc=0x8b sts=0xe0 armed=1
[TRG] pulses=292 suppressed=111 cyc=1600 rst=1 rstmode=0x40
[HLT] polls=522 faults=0x0 cfglost=0
[EFF] n=5 last=58555 min=58548 max=58555 late=0 stuck=0 rderr=0
[IMU] init=0 addr=0x68 who=0x68 rst=1 pmrb0=0x40 pmrb=0x1 sr=19 cfg=4 gcfg=0x0 acfg=0x8 icfg=0x30 ien=0x1 armed=1
[ACC] reads=26124 stale=26091 rderr=1 ax=55 ay=-19 az=1123
[PWR] pm=0x1 drift=1 rderr=0
[DWT] ok=1 cyc=2467884658 cyc_per_ms=799999
[HB] up_ms=578731 frames=26171 inf=26171 hazard=403 canary_err=0 q=0 qovr=0
[I2C] init=0 gate=0 whoami=0x140e0 wr=0 wrseen=0x27 addr=0x5a ok=160799 err=1 tmo=0 recov=2 pclk1=200000000 sysclk=400000000
[NAK] nacks=1
[CLK] cpu=800000000 sysb=400000000 pclk1=200000000
[TOF] res=0 step=0 id=0xeacc blk=0xeacc10 ctl=0x0
[RNG] init=0 step=99 id=0xeacc boot=1 calls=93 xerr=0 dm=1 tb=15
[RNG] osc=41 imp=881 imprb=881 mstart=0x40 cfg=91 cfgfail=0x0 vhv=0 vpolls=0
[PRT] calls=104805 xerr=0 ler=1 lidx=0x0 perr=0 maxcnt=17 addr8=0x52
[RTY] wr=0 wmax=0 wref=0  rd=0 rmax=0 rref=0
[RNG] frames=26173 last=39 min=12 max=159 nrdy=0 dxfer=0 dstat=0 lst=0 nrdyerr=0 dclr=0
[DRV] init=0 id=7 mode=0x1 lib=0x2 seq=0x1 odc=0x8b sts=0xe0 armed=1
[TRG] pulses=292 suppressed=111 cyc=1600 rst=1 rstmode=0x40
[HLT] polls=523 faults=0x0 cfglost=0
[EFF] n=5 last=58555 min=58548 max=58555 late=0 stuck=0 rderr=0
[IMU] init=0 addr=0x68 who=0x68 rst=1 pmrb0=0x40 pmrb=0x1 sr=19 cfg=4 gcfg=0x0 acfg=0x8 icfg=0x30 ien=0x1 armed=1
[ACC] reads=26174 stale=26141 rderr=1 ax=55 ay=-20 az=1124
[PWR] pm=0x1 drift=1 rderr=0
[DWT] ok=1 cyc=3349484582 cyc_per_ms=799999
[HB] up_ms=579833 frames=26221 inf=26221 hazard=404 canary_err=0 q=0 qovr=0
[I2C] init=0 gate=0 whoami=0x140e0 wr=0 wrseen=0x27 addr=0x5a ok=161101 err=1 tmo=0 recov=2 pclk1=200000000 sysclk=400000000
[NAK] nacks=1
[CLK] cpu=800000000 sysb=400000000 pclk1=200000000
[TOF] res=0 step=0 id=0xeacc blk=0xeacc10 ctl=0x0
[RNG] init=0 step=99 id=0xeacc boot=1 calls=93 xerr=0 dm=1 tb=15
[RNG] osc=41 imp=881 imprb=881 mstart=0x40 cfg=91 cfgfail=0x0 vhv=0 vpolls=0
[PRT] calls=105005 xerr=0 ler=1 lidx=0x0 perr=0 maxcnt=17 addr8=0x52
[RTY] wr=0 wmax=0 wref=0  rd=0 rmax=0 rref=0
[RNG] frames=26223 last=51 min=12 max=159 nrdy=0 dxfer=0 dstat=0 lst=0 nrdyerr=0 dclr=0
[DRV] init=0 id=7 mode=0x1 lib=0x2 seq=0x1 odc=0x8b sts=0xe0 armed=1
[TRG] pulses=293 suppressed=111 cyc=1600 rst=1 rstmode=0x40
[HLT] polls=524 faults=0x0 cfglost=0
[EFF] n=5 last=58555 min=58548 max=58555 late=0 stuck=0 rderr=0
[IMU] init=0 addr=0x68 who=0x68 rst=1 pmrb0=0x40 pmrb=0x1 sr=19 cfg=4 gcfg=0x0 acfg=0x8 icfg=0x30 ien=0x1 armed=1
[ACC] reads=26224 stale=26191 rderr=1 ax=55 ay=-22 az=1119
[PWR] pm=0x1 drift=1 rderr=0
[DWT] ok=1 cyc=4231084594 cyc_per_ms=800000
[HB] up_ms=580935 frames=26271 inf=26271 hazard=406 canary_err=0 q=0 qovr=0
[I2C] init=0 gate=0 whoami=0x140e0 wr=0 wrseen=0x27 addr=0x5a ok=161403 err=1 tmo=0 recov=2 pclk1=200000000 sysclk=400000000
[NAK] nacks=1
[CLK] cpu=800000000 sysb=400000000 pclk1=200000000
[TOF] res=0 step=0 id=0xeacc blk=0xeacc10 ctl=0x0
[RNG] init=0 step=99 id=0xeacc boot=1 calls=93 xerr=0 dm=1 tb=15
[RNG] osc=41 imp=881 imprb=881 mstart=0x40 cfg=91 cfgfail=0x0 vhv=0 vpolls=0
[PRT] calls=105205 xerr=0 ler=1 lidx=0x0 perr=0 maxcnt=17 addr8=0x52
[RTY] wr=0 wmax=0 wref=0  rd=0 rmax=0 rref=0
[RNG] frames=26273 last=41 min=12 max=159 nrdy=0 dxfer=0 dstat=0 lst=0 nrdyerr=0 dclr=0
[DRV] init=0 id=7 mode=0x1 lib=0x2 seq=0x1 odc=0x8b sts=0xe0 armed=1
[TRG] pulses=294 suppressed=112 cyc=1600 rst=1 rstmode=0x40
[HLT] polls=525 faults=0x0 cfglost=0
[EFF] n=5 last=58555 min=58548 max=58555 late=0 stuck=0 rderr=0
[IMU] init=0 addr=0x68 who=0x68 rst=1 pmrb0=0x40 pmrb=0x1 sr=19 cfg=4 gcfg=0x0 acfg=0x8 icfg=0x30 ien=0x1 armed=1
[ACC] reads=26274 stale=26241 rderr=1 ax=55 ay=-21 az=1125
[PWR] pm=0x1 drift=1 rderr=0
[DWT] ok=1 cyc=817717370 cyc_per_ms=800000
[HB] up_ms=582037 frames=26321 inf=26321 hazard=406 canary_err=0 q=0 qovr=0
[I2C] init=0 gate=0 whoami=0x140e0 wr=0 wrseen=0x27 addr=0x5a ok=161705 err=1 tmo=0 recov=2 pclk1=200000000 sysclk=400000000
[NAK] nacks=1
[CLK] cpu=800000000 sysb=400000000 pclk1=200000000
[TOF] res=0 step=0 id=0xeacc blk=0xeacc10 ctl=0x0
[RNG] init=0 step=99 id=0xeacc boot=1 calls=93 xerr=0 dm=1 tb=15
[RNG] osc=41 imp=881 imprb=881 mstart=0x40 cfg=91 cfgfail=0x0 vhv=0 vpolls=0
[PRT] calls=105404 xerr=0 ler=1 lidx=0x0 perr=0 maxcnt=17 addr8=0x52
[RTY] wr=0 wmax=0 wref=0  rd=0 rmax=0 rref=0
[RNG] frames=26323 last=38 min=12 max=159 nrdy=0 dxfer=0 dstat=0 lst=0 nrdyerr=0 dclr=0
[DRV] init=0 id=7 mode=0x1 lib=0x2 seq=0x1 odc=0x8b sts=0xe0 armed=1
[TRG] pulses=294 suppressed=112 cyc=1600 rst=1 rstmode=0x40
[HLT] polls=526 faults=0x0 cfglost=0
[EFF] n=5 last=58555 min=58548 max=58555 late=0 stuck=0 rderr=0
[IMU] init=0 addr=0x68 who=0x68 rst=1 pmrb0=0x40 pmrb=0x1 sr=19 cfg=4 gcfg=0x0 acfg=0x8 icfg=0x30 ien=0x1 armed=1
[ACC] reads=26324 stale=26291 rderr=1 ax=53 ay=-20 az=1125
[PWR] pm=0x1 drift=1 rderr=0
[DWT] ok=1 cyc=1699317302 cyc_per_ms=799999
[HB] up_ms=583139 frames=26371 inf=26371 hazard=406 canary_err=0 q=0 qovr=0
[I2C] init=0 gate=0 whoami=0x140e0 wr=0 wrseen=0x27 addr=0x5a ok=162007 err=1 tmo=0 recov=2 pclk1=200000000 sysclk=400000000
[NAK] nacks=1
[CLK] cpu=800000000 sysb=400000000 pclk1=200000000
[TOF] res=0 step=0 id=0xeacc blk=0xeacc10 ctl=0x0
[RNG] init=0 step=99 id=0xeacc boot=1 calls=93 xerr=0 dm=1 tb=15
[RNG] osc=41 imp=881 imprb=881 mstart=0x40 cfg=91 cfgfail=0x0 vhv=0 vpolls=0
[PRT] calls=105601 xerr=0 ler=1 lidx=0x0 perr=0 maxcnt=17 addr8=0x52
[RTY] wr=0 wmax=0 wref=0  rd=0 rmax=0 rref=0
[RNG] frames=26373 last=41 min=12 max=159 nrdy=0 dxfer=0 dstat=0 lst=0 nrdyerr=0 dclr=0
[DRV] init=0 id=7 mode=0x1 lib=0x2 seq=0x1 odc=0x8b sts=0xe0 armed=1
[TRG] pulses=294 suppressed=112 cyc=1600 rst=1 rstmode=0x40
[HLT] polls=527 faults=0x0 cfglost=0
[EFF] n=5 last=58555 min=58548 max=58555 late=0 stuck=0 rderr=0
[IMU] init=0 addr=0x68 who=0x68 rst=1 pmrb0=0x40 pmrb=0x1 sr=19 cfg=4 gcfg=0x0 acfg=0x8 icfg=0x30 ien=0x1 armed=1
[ACC] reads=26373 stale=26341 rderr=1 ax=54 ay=-21 az=1126
[PWR] pm=0x1 drift=1 rderr=0
[DWT] ok=1 cyc=2580917282 cyc_per_ms=799999
[HB] up_ms=584241 frames=26420 inf=26420 hazard=407 canary_err=0 q=0 qovr=0
[I2C] init=0 gate=0 whoami=0x140e0 wr=0 wrseen=0x27 addr=0x5a ok=162309 err=1 tmo=0 recov=2 pclk1=200000000 sysclk=400000000
[NAK] nacks=1
[CLK] cpu=800000000 sysb=400000000 pclk1=200000000
[TOF] res=0 step=0 id=0xeacc blk=0xeacc10 ctl=0x0
[RNG] init=0 step=99 id=0xeacc boot=1 calls=93 xerr=0 dm=1 tb=15
[RNG] osc=41 imp=881 imprb=881 mstart=0x40 cfg=91 cfgfail=0x0 vhv=0 vpolls=0
[PRT] calls=105801 xerr=0 ler=1 lidx=0x0 perr=0 maxcnt=17 addr8=0x52
[RTY] wr=0 wmax=0 wref=0  rd=0 rmax=0 rref=0
[RNG] frames=26423 last=37 min=12 max=159 nrdy=0 dxfer=0 dstat=0 lst=0 nrdyerr=0 dclr=0
[DRV] init=0 id=7 mode=0x1 lib=0x2 seq=0x1 odc=0x8b sts=0xe0 armed=1
[TRG] pulses=295 suppressed=112 cyc=1600 rst=1 rstmode=0x40
[HLT] polls=528 faults=0x0 cfglost=0
[EFF] n=5 last=58555 min=58548 max=58555 late=0 stuck=0 rderr=0
[IMU] init=0 addr=0x68 who=0x68 rst=1 pmrb0=0x40 pmrb=0x1 sr=19 cfg=4 gcfg=0x0 acfg=0x8 icfg=0x30 ien=0x1 armed=1
[ACC] reads=26423 stale=26390 rderr=1 ax=56 ay=-22 az=1120
[PWR] pm=0x1 drift=1 rderr=0
[DWT] ok=1 cyc=3462558588 cyc_per_ms=800037
[HB] up_ms=585343 frames=26470 inf=26470 hazard=409 canary_err=0 q=0 qovr=0
[I2C] init=0 gate=0 whoami=0x140e0 wr=0 wrseen=0x27 addr=0x5a ok=162611 err=1 tmo=0 recov=2 pclk1=200000000 sysclk=400000000
[NAK] nacks=1
[CLK] cpu=800000000 sysb=400000000 pclk1=200000000
[TOF] res=0 step=0 id=0xeacc blk=0xeacc10 ctl=0x0
[RNG] init=0 step=99 id=0xeacc boot=1 calls=93 xerr=0 dm=1 tb=15
[RNG] osc=41 imp=881 imprb=881 mstart=0x40 cfg=91 cfgfail=0x0 vhv=0 vpolls=0
[PRT] calls=106001 xerr=0 ler=1 lidx=0x0 perr=0 maxcnt=17 addr8=0x52
[RTY] wr=0 wmax=0 wref=0  rd=0 rmax=0 rref=0
[RNG] frames=26473 last=42 min=12 max=159 nrdy=0 dxfer=0 dstat=0 lst=0 nrdyerr=0 dclr=0
[DRV] init=0 id=7 mode=0x1 lib=0x2 seq=0x1 odc=0x8b sts=0xe0 armed=1
[TRG] pulses=296 suppressed=113 cyc=1600 rst=1 rstmode=0x40
[HLT] polls=529 faults=0x0 cfglost=0
[EFF] n=5 last=58555 min=58548 max=58555 late=0 stuck=0 rderr=0
[IMU] init=0 addr=0x68 who=0x68 rst=1 pmrb0=0x40 pmrb=0x1 sr=19 cfg=4 gcfg=0x0 acfg=0x8 icfg=0x30 ien=0x1 armed=1
[ACC] reads=26473 stale=26440 rderr=1 ax=55 ay=-20 az=1122
[PWR] pm=0x1 drift=1 rderr=0
[DWT] ok=1 cyc=49287484 cyc_per_ms=800087
[HB] up_ms=586445 frames=26520 inf=26520 hazard=409 canary_err=0 q=0 qovr=0
[I2C] init=0 gate=0 whoami=0x140e0 wr=0 wrseen=0x27 addr=0x5a ok=162913 err=1 tmo=0 recov=2 pclk1=200000000 sysclk=400000000
[NAK] nacks=1
[CLK] cpu=800000000 sysb=400000000 pclk1=200000000
[TOF] res=0 step=0 id=0xeacc blk=0xeacc10 ctl=0x0
[RNG] init=0 step=99 id=0xeacc boot=1 calls=93 xerr=0 dm=1 tb=15
[RNG] osc=41 imp=881 imprb=881 mstart=0x40 cfg=91 cfgfail=0x0 vhv=0 vpolls=0
[PRT] calls=106201 xerr=0 ler=1 lidx=0x0 perr=0 maxcnt=17 addr8=0x52
[RTY] wr=0 wmax=0 wref=0  rd=0 rmax=0 rref=0
[RNG] frames=26522 last=38 min=12 max=159 nrdy=0 dxfer=0 dstat=0 lst=0 nrdyerr=0 dclr=0
[DRV] init=0 id=7 mode=0x1 lib=0x2 seq=0x1 odc=0x8b sts=0xe0 armed=1
[TRG] pulses=296 suppressed=113 cyc=1600 rst=1 rstmode=0x40
[HLT] polls=530 faults=0x0 cfglost=0
[EFF] n=5 last=58555 min=58548 max=58555 late=0 stuck=0 rderr=0
[IMU] init=0 addr=0x68 who=0x68 rst=1 pmrb0=0x40 pmrb=0x1 sr=19 cfg=4 gcfg=0x0 acfg=0x8 icfg=0x30 ien=0x1 armed=1
[ACC] reads=26523 stale=26490 rderr=1 ax=53 ay=-20 az=1122
[PWR] pm=0x1 drift=1 rderr=0
[DWT] ok=1 cyc=930863060 cyc_per_ms=799977
[HB] up_ms=587547 frames=26570 inf=26570 hazard=411 canary_err=0 q=0 qovr=0
[I2C] init=0 gate=0 whoami=0x140e0 wr=0 wrseen=0x27 addr=0x5a ok=163209 err=1 tmo=0 recov=2 pclk1=200000000 sysclk=400000000
[NAK] nacks=1
[CLK] cpu=800000000 sysb=400000000 pclk1=200000000
[TOF] res=0 step=0 id=0xeacc blk=0xeacc10 ctl=0x0
[RNG] init=0 step=99 id=0xeacc boot=1 calls=93 xerr=0 dm=1 tb=15
[RNG] osc=41 imp=881 imprb=881 mstart=0x40 cfg=91 cfgfail=0x0 vhv=0 vpolls=0
[PRT] calls=106401 xerr=0 ler=1 lidx=0x0 perr=0 maxcnt=17 addr8=0x52
[RTY] wr=0 wmax=0 wref=0  rd=0 rmax=0 rref=0
[RNG] frames=26572 last=37 min=12 max=159 nrdy=0 dxfer=0 dstat=0 lst=0 nrdyerr=0 dclr=0
[DRV] init=0 id=7 mode=0x1 lib=0x2 seq=0x1 odc=0x8b sts=0xe0 armed=1
[TRG] pulses=297 suppressed=114 cyc=1600 rst=1 rstmode=0x40
[HLT] polls=531 faults=0x0 cfglost=0
[EFF] n=5 last=58555 min=58548 max=58555 late=0 stuck=0 rderr=0
[IMU] init=0 addr=0x68 who=0x68 rst=1 pmrb0=0x40 pmrb=0x1 sr=19 cfg=4 gcfg=0x0 acfg=0x8 icfg=0x30 ien=0x1 armed=1
[ACC] reads=26573 stale=26540 rderr=1 ax=54 ay=-20 az=1122
[PWR] pm=0x1 drift=1 rderr=0
[DWT] ok=1 cyc=1812350042 cyc_per_ms=799897
[HB] up_ms=588650 frames=26620 inf=26620 hazard=412 canary_err=0 q=0 qovr=0
[I2C] init=0 gate=0 whoami=0x140e0 wr=0 wrseen=0x27 addr=0x5a ok=163511 err=1 tmo=0 recov=2 pclk1=200000000 sysclk=400000000
[NAK] nacks=1
[CLK] cpu=800000000 sysb=400000000 pclk1=200000000
[TOF] res=0 step=0 id=0xeacc blk=0xeacc10 ctl=0x0
[RNG] init=0 step=99 id=0xeacc boot=1 calls=93 xerr=0 dm=1 tb=15
[RNG] osc=41 imp=881 imprb=881 mstart=0x40 cfg=91 cfgfail=0x0 vhv=0 vpolls=0
[PRT] calls=106601 xerr=0 ler=1 lidx=0x0 perr=0 maxcnt=17 addr8=0x52
[RTY] wr=0 wmax=0 wref=0  rd=0 rmax=0 rref=0
[RNG] frames=26622 last=42 min=12 max=159 nrdy=0 dxfer=0 dstat=0 lst=0 nrdyerr=0 dclr=0
[DRV] init=0 id=7 mode=0x1 lib=0x2 seq=0x1 odc=0x8b sts=0xe0 armed=1
[TRG] pulses=298 suppressed=114 cyc=1600 rst=1 rstmode=0x40
[HLT] polls=532 faults=0x0 cfglost=0
[EFF] n=5 last=58555 min=58548 max=58555 late=0 stuck=0 rderr=0
[IMU] init=0 addr=0x68 who=0x68 rst=1 pmrb0=0x40 pmrb=0x1 sr=19 cfg=4 gcfg=0x0 acfg=0x8 icfg=0x30 ien=0x1 armed=1
[ACC] reads=26623 stale=26590 rderr=1 ax=55 ay=-21 az=1123
[PWR] pm=0x1 drift=1 rderr=0
[DWT] ok=1 cyc=2694750090 cyc_per_ms=800000
[HB] up_ms=589752 frames=26670 inf=26670 hazard=412 canary_err=0 q=0 qovr=0
[I2C] init=0 gate=0 whoami=0x140e0 wr=0 wrseen=0x27 addr=0x5a ok=163813 err=1 tmo=0 recov=2 pclk1=200000000 sysclk=400000000
[NAK] nacks=1
[CLK] cpu=800000000 sysb=400000000 pclk1=200000000
[TOF] res=0 step=0 id=0xeacc blk=0xeacc10 ctl=0x0
[RNG] init=0 step=99 id=0xeacc boot=1 calls=93 xerr=0 dm=1 tb=15
[RNG] osc=41 imp=881 imprb=881 mstart=0x40 cfg=91 cfgfail=0x0 vhv=0 vpolls=0
[PRT] calls=106801 xerr=0 ler=1 lidx=0x0 perr=0 maxcnt=17 addr8=0x52
[RTY] wr=0 wmax=0 wref=0  rd=0 rmax=0 rref=0
[RNG] frames=26672 last=31 min=12 max=159 nrdy=0 dxfer=0 dstat=0 lst=0 nrdyerr=0 dclr=0
[DRV] init=0 id=7 mode=0x1 lib=0x2 seq=0x1 odc=0x8b sts=0xe0 armed=1
[TRG] pulses=298 suppressed=114 cyc=1600 rst=1 rstmode=0x40
[HLT] polls=533 faults=0x0 cfglost=0
[EFF] n=5 last=58555 min=58548 max=58555 late=0 stuck=0 rderr=0
[IMU] init=0 addr=0x68 who=0x68 rst=1 pmrb0=0x40 pmrb=0x1 sr=19 cfg=4 gcfg=0x0 acfg=0x8 icfg=0x30 ien=0x1 armed=1
[ACC] reads=26673 stale=26640 rderr=1 ax=56 ay=-20 az=1124
[PWR] pm=0x1 drift=1 rderr=0
[DWT] ok=1 cyc=3576349938 cyc_per_ms=799999
[HB] up_ms=590854 frames=26720 inf=26720 hazard=412 canary_err=0 q=0 qovr=0
[I2C] init=0 gate=0 whoami=0x140e0 wr=0 wrseen=0x27 addr=0x5a ok=164115 err=1 tmo=0 recov=2 pclk1=200000000 sysclk=400000000
[NAK] nacks=1
[CLK] cpu=800000000 sysb=400000000 pclk1=200000000
[TOF] res=0 step=0 id=0xeacc blk=0xeacc10 ctl=0x0
[RNG] init=0 step=99 id=0xeacc boot=1 calls=93 xerr=0 dm=1 tb=15
[RNG] osc=41 imp=881 imprb=881 mstart=0x40 cfg=91 cfgfail=0x0 vhv=0 vpolls=0
[PRT] calls=107001 xerr=0 ler=1 lidx=0x0 perr=0 maxcnt=17 addr8=0x52
[RTY] wr=0 wmax=0 wref=0  rd=0 rmax=0 rref=0
[RNG] frames=26722 last=45 min=12 max=159 nrdy=0 dxfer=0 dstat=0 lst=0 nrdyerr=0 dclr=0
[DRV] init=0 id=7 mode=0x1 lib=0x2 seq=0x1 odc=0x8b sts=0xe0 armed=1
[TRG] pulses=298 suppressed=114 cyc=1600 rst=1 rstmode=0x40
[HLT] polls=534 faults=0x0 cfglost=0
[EFF] n=5 last=58555 min=58548 max=58555 late=0 stuck=0 rderr=0
[IMU] init=0 addr=0x68 who=0x68 rst=1 pmrb0=0x40 pmrb=0x1 sr=19 cfg=4 gcfg=0x0 acfg=0x8 icfg=0x30 ien=0x1 armed=1
[ACC] reads=26723 stale=26690 rderr=1 ax=58 ay=-21 az=1125
[PWR] pm=0x1 drift=1 rderr=0
[DWT] ok=1 cyc=162982674 cyc_per_ms=800000
[HB] up_ms=591956 frames=26770 inf=26770 hazard=414 canary_err=0 q=0 qovr=0
[I2C] init=0 gate=0 whoami=0x140e0 wr=0 wrseen=0x27 addr=0x5a ok=164417 err=1 tmo=0 recov=2 pclk1=200000000 sysclk=400000000
[NAK] nacks=1
[CLK] cpu=800000000 sysb=400000000 pclk1=200000000
[TOF] res=0 step=0 id=0xeacc blk=0xeacc10 ctl=0x0
[RNG] init=0 step=99 id=0xeacc boot=1 calls=93 xerr=0 dm=1 tb=15
[RNG] osc=41 imp=881 imprb=881 mstart=0x40 cfg=91 cfgfail=0x0 vhv=0 vpolls=0
[PRT] calls=107201 xerr=0 ler=1 lidx=0x0 perr=0 maxcnt=17 addr8=0x52
[RTY] wr=0 wmax=0 wref=0  rd=0 rmax=0 rref=0
[RNG] frames=26772 last=42 min=12 max=159 nrdy=0 dxfer=0 dstat=0 lst=0 nrdyerr=0 dclr=0
[DRV] init=0 id=7 mode=0x1 lib=0x2 seq=0x1 odc=0x8b sts=0xe0 armed=1
[TRG] pulses=299 suppressed=115 cyc=1600 rst=1 rstmode=0x40
[HLT] polls=535 faults=0x0 cfglost=0
[EFF] n=5 last=58555 min=58548 max=58555 late=0 stuck=0 rderr=0
[IMU] init=0 addr=0x68 who=0x68 rst=1 pmrb0=0x40 pmrb=0x1 sr=19 cfg=4 gcfg=0x0 acfg=0x8 icfg=0x30 ien=0x1 armed=1
[ACC] reads=26773 stale=26740 rderr=1 ax=54 ay=-18 az=1120
[PWR] pm=0x1 drift=1 rderr=0
[DWT] ok=1 cyc=1044582742 cyc_per_ms=800000
[HB] up_ms=593058 frames=26820 inf=26820 hazard=415 canary_err=0 q=0 qovr=0
[I2C] init=0 gate=0 whoami=0x140e0 wr=0 wrseen=0x27 addr=0x5a ok=164719 err=1 tmo=0 recov=2 pclk1=200000000 sysclk=400000000
[NAK] nacks=1
[CLK] cpu=800000000 sysb=400000000 pclk1=200000000
[TOF] res=0 step=0 id=0xeacc blk=0xeacc10 ctl=0x0
[RNG] init=0 step=99 id=0xeacc boot=1 calls=93 xerr=0 dm=1 tb=15
[RNG] osc=41 imp=881 imprb=881 mstart=0x40 cfg=91 cfgfail=0x0 vhv=0 vpolls=0
[PRT] calls=107400 xerr=0 ler=1 lidx=0x0 perr=0 maxcnt=17 addr8=0x52
[RTY] wr=0 wmax=0 wref=0  rd=0 rmax=0 rref=0
[RNG] frames=26822 last=41 min=12 max=159 nrdy=0 dxfer=0 dstat=0 lst=0 nrdyerr=0 dclr=0
[DRV] init=0 id=7 mode=0x1 lib=0x2 seq=0x1 odc=0x8b sts=0xe0 armed=1
[TRG] pulses=300 suppressed=115 cyc=1600 rst=1 rstmode=0x40
[HLT] polls=536 faults=0x0 cfglost=0
[EFF] n=5 last=58555 min=58548 max=58555 late=0 stuck=0 rderr=0
[IMU] init=0 addr=0x68 who=0x68 rst=1 pmrb0=0x40 pmrb=0x1 sr=19 cfg=4 gcfg=0x0 acfg=0x8 icfg=0x30 ien=0x1 armed=1
[ACC] reads=26823 stale=26790 rderr=1 ax=55 ay=-22 az=1122
[PWR] pm=0x1 drift=1 rderr=0
[DWT] ok=1 cyc=1926182742 cyc_per_ms=800000
[HB] up_ms=594160 frames=26870 inf=26870 hazard=416 canary_err=0 q=0 qovr=0
[I2C] init=0 gate=0 whoami=0x140e0 wr=0 wrseen=0x27 addr=0x5a ok=165021 err=1 tmo=0 recov=2 pclk1=200000000 sysclk=400000000
[NAK] nacks=1
[CLK] cpu=800000000 sysb=400000000 pclk1=200000000
[TOF] res=0 step=0 id=0xeacc blk=0xeacc10 ctl=0x0
[RNG] init=0 step=99 id=0xeacc boot=1 calls=93 xerr=0 dm=1 tb=15
[RNG] osc=41 imp=881 imprb=881 mstart=0x40 cfg=91 cfgfail=0x0 vhv=0 vpolls=0
[PRT] calls=107597 xerr=0 ler=1 lidx=0x0 perr=0 maxcnt=17 addr8=0x52
[RTY] wr=0 wmax=0 wref=0  rd=0 rmax=0 rref=0
[RNG] frames=26872 last=39 min=12 max=159 nrdy=0 dxfer=0 dstat=0 lst=0 nrdyerr=0 dclr=0
[DRV] init=0 id=7 mode=0x1 lib=0x2 seq=0x1 odc=0x8b sts=0xe0 armed=1
[TRG] pulses=301 suppressed=115 cyc=1600 rst=1 rstmode=0x40
[HLT] polls=537 faults=0x0 cfglost=0
[EFF] n=5 last=58555 min=58548 max=58555 late=0 stuck=0 rderr=0
[IMU] init=0 addr=0x68 who=0x68 rst=1 pmrb0=0x40 pmrb=0x1 sr=19 cfg=4 gcfg=0x0 acfg=0x8 icfg=0x30 ien=0x1 armed=1
[ACC] reads=26872 stale=26840 rderr=1 ax=54 ay=-19 az=1122
[PWR] pm=0x1 drift=1 rderr=0
[DWT] ok=1 cyc=2807782642 cyc_per_ms=799999
[HB] up_ms=595262 frames=26919 inf=26919 hazard=417 canary_err=0 q=0 qovr=0
[I2C] init=0 gate=0 whoami=0x140e0 wr=0 wrseen=0x27 addr=0x5a ok=165323 err=1 tmo=0 recov=2 pclk1=200000000 sysclk=400000000
[NAK] nacks=1
[CLK] cpu=800000000 sysb=400000000 pclk1=200000000
[TOF] res=0 step=0 id=0xeacc blk=0xeacc10 ctl=0x0
[RNG] init=0 step=99 id=0xeacc boot=1 calls=93 xerr=0 dm=1 tb=15
[RNG] osc=41 imp=881 imprb=881 mstart=0x40 cfg=91 cfgfail=0x0 vhv=0 vpolls=0
[PRT] calls=107797 xerr=0 ler=1 lidx=0x0 perr=0 maxcnt=17 addr8=0x52
[RTY] wr=0 wmax=0 wref=0  rd=0 rmax=0 rref=0
[RNG] frames=26922 last=38 min=12 max=159 nrdy=0 dxfer=0 dstat=0 lst=0 nrdyerr=0 dclr=0
[DRV] init=0 id=7 mode=0x1 lib=0x2 seq=0x1 odc=0x8b sts=0xe0 armed=1
[TRG] pulses=302 suppressed=115 cyc=1600 rst=1 rstmode=0x40
[HLT] polls=538 faults=0x0 cfglost=0
[EFF] n=5 last=58555 min=58548 max=58555 late=0 stuck=0 rderr=0
[IMU] init=0 addr=0x68 who=0x68 rst=1 pmrb0=0x40 pmrb=0x1 sr=19 cfg=4 gcfg=0x0 acfg=0x8 icfg=0x30 ien=0x1 armed=1
[ACC] reads=26922 stale=26889 rderr=1 ax=55 ay=-19 az=1124
[PWR] pm=0x1 drift=1 rderr=0
[DWT] ok=1 cyc=3689423996 cyc_per_ms=800037
[HB] up_ms=596364 frames=26969 inf=26969 hazard=418 canary_err=0 q=0 qovr=0
[I2C] init=0 gate=0 whoami=0x140e0 wr=0 wrseen=0x27 addr=0x5a ok=165625 err=1 tmo=0 recov=2 pclk1=200000000 sysclk=400000000
[NAK] nacks=1
[CLK] cpu=800000000 sysb=400000000 pclk1=200000000
[TOF] res=0 step=0 id=0xeacc blk=0xeacc10 ctl=0x0
[RNG] init=0 step=99 id=0xeacc boot=1 calls=93 xerr=0 dm=1 tb=15
[RNG] osc=41 imp=881 imprb=881 mstart=0x40 cfg=91 cfgfail=0x0 vhv=0 vpolls=0
[PRT] calls=107997 xerr=0 ler=1 lidx=0x0 perr=0 maxcnt=17 addr8=0x52
[RTY] wr=0 wmax=0 wref=0  rd=0 rmax=0 rref=0
[RNG] frames=26972 last=48 min=12 max=159 nrdy=0 dxfer=0 dstat=0 lst=0 nrdyerr=0 dclr=0
[DRV] init=0 id=7 mode=0x1 lib=0x2 seq=0x1 odc=0x8b sts=0xe0 armed=1
[TRG] pulses=302 suppressed=116 cyc=1600 rst=1 rstmode=0x40
[HLT] polls=539 faults=0x0 cfglost=0
[EFF] n=5 last=58555 min=58548 max=58555 late=0 stuck=0 rderr=0
[IMU] init=0 addr=0x68 who=0x68 rst=1 pmrb0=0x40 pmrb=0x1 sr=19 cfg=4 gcfg=0x0 acfg=0x8 icfg=0x30 ien=0x1 armed=1
[ACC] reads=26972 stale=26939 rderr=1 ax=54 ay=-21 az=1124
[PWR] pm=0x1 drift=1 rderr=0
[DWT] ok=1 cyc=276152868 cyc_per_ms=800087
[HB] up_ms=597466 frames=27019 inf=27019 hazard=421 canary_err=0 q=0 qovr=0
[I2C] init=0 gate=0 whoami=0x140e0 wr=0 wrseen=0x27 addr=0x5a ok=165927 err=1 tmo=0 recov=2 pclk1=200000000 sysclk=400000000
[NAK] nacks=1
[CLK] cpu=800000000 sysb=400000000 pclk1=200000000
[TOF] res=0 step=0 id=0xeacc blk=0xeacc10 ctl=0x0
[RNG] init=0 step=99 id=0xeacc boot=1 calls=93 xerr=0 dm=1 tb=15
[RNG] osc=41 imp=881 imprb=881 mstart=0x40 cfg=91 cfgfail=0x0 vhv=0 vpolls=0
[PRT] calls=108197 xerr=0 ler=1 lidx=0x0 perr=0 maxcnt=17 addr8=0x52
[RTY] wr=0 wmax=0 wref=0  rd=0 rmax=0 rref=0
[RNG] frames=27021 last=31 min=12 max=159 nrdy=0 dxfer=0 dstat=0 lst=0 nrdyerr=0 dclr=0
[DRV] init=0 id=7 mode=0x1 lib=0x2 seq=0x1 odc=0x8b sts=0xe0 armed=1
[TRG] pulses=303 suppressed=118 cyc=1600 rst=1 rstmode=0x40
[HLT] polls=540 faults=0x0 cfglost=0
[EFF] n=5 last=58555 min=58548 max=58555 late=0 stuck=0 rderr=0
[IMU] init=0 addr=0x68 who=0x68 rst=1 pmrb0=0x40 pmrb=0x1 sr=19 cfg=4 gcfg=0x0 acfg=0x8 icfg=0x30 ien=0x1 armed=1
[ACC] reads=27022 stale=26989 rderr=1 ax=55 ay=-20 az=1123
[PWR] pm=0x1 drift=1 rderr=0
[DWT] ok=1 cyc=1157728464 cyc_per_ms=799977
[HB] up_ms=598569 frames=27069 inf=27069 hazard=421 canary_err=0 q=0 qovr=0
[I2C] init=0 gate=0 whoami=0x140e0 wr=0 wrseen=0x27 addr=0x5a ok=166225 err=1 tmo=0 recov=2 pclk1=200000000 sysclk=400000000
[NAK] nacks=1
[CLK] cpu=800000000 sysb=400000000 pclk1=200000000
[TOF] res=0 step=0 id=0xeacc blk=0xeacc10 ctl=0x0
[RNG] init=0 step=99 id=0xeacc boot=1 calls=93 xerr=0 dm=1 tb=15
[RNG] osc=41 imp=881 imprb=881 mstart=0x40 cfg=91 cfgfail=0x0 vhv=0 vpolls=0
[PRT] calls=108397 xerr=0 ler=1 lidx=0x0 perr=0 maxcnt=17 addr8=0x52
[RTY] wr=0 wmax=0 wref=0  rd=0 rmax=0 rref=0
[RNG] frames=27071 last=40 min=12 max=159 nrdy=0 dxfer=0 dstat=0 lst=0 nrdyerr=0 dclr=0
[DRV] init=0 id=7 mode=0x1 lib=0x2 seq=0x1 odc=0x8b sts=0xe0 armed=1
[TRG] pulses=303 suppressed=118 cyc=1600 rst=1 rstmode=0x40
[HLT] polls=541 faults=0x0 cfglost=0
[EFF] n=5 last=58555 min=58548 max=58555 late=0 stuck=0 rderr=0
[IMU] init=0 addr=0x68 who=0x68 rst=1 pmrb0=0x40 pmrb=0x1 sr=19 cfg=4 gcfg=0x0 acfg=0x8 icfg=0x30 ien=0x1 armed=1
[ACC] reads=27072 stale=27039 rderr=1 ax=55 ay=-22 az=1125
[PWR] pm=0x1 drift=1 rderr=0
[DWT] ok=1 cyc=2040015370 cyc_per_ms=799897
[HB] up_ms=599672 frames=27119 inf=27119 hazard=421 canary_err=0 q=0 qovr=0
[I2C] init=0 gate=0 whoami=0x140e0 wr=0 wrseen=0x27 addr=0x5a ok=166525 err=1 tmo=0 recov=2 pclk1=200000000 sysclk=400000000
[NAK] nacks=1
[CLK] cpu=800000000 sysb=400000000 pclk1=200000000
[TOF] res=0 step=0 id=0xeacc blk=0xeacc10 ctl=0x0
[RNG] init=0 step=99 id=0xeacc boot=1 calls=93 xerr=0 dm=1 tb=15
[RNG] osc=41 imp=881 imprb=881 mstart=0x40 cfg=91 cfgfail=0x0 vhv=0 vpolls=0
[PRT] calls=108597 xerr=0 ler=1 lidx=0x0 perr=0 maxcnt=17 addr8=0x52
[RTY] wr=0 wmax=0 wref=0  rd=0 rmax=0 rref=0
[RNG] frames=27121 last=35 min=12 max=159 nrdy=0 dxfer=0 dstat=0 lst=0 nrdyerr=0 dclr=0
[DRV] init=0 id=7 mode=0x1 lib=0x2 seq=0x1 odc=0x8b sts=0xe0 armed=1
[TRG] pulses=303 suppressed=118 cyc=1600 rst=1 rstmode=0x40
[HLT] polls=542 faults=0x0 cfglost=0
[EFF] n=5 last=58555 min=58548 max=58555 late=0 stuck=0 rderr=0
[IMU] init=0 addr=0x68 who=0x68 rst=1 pmrb0=0x40 pmrb=0x1 sr=19 cfg=4 gcfg=0x0 acfg=0x8 icfg=0x30 ien=0x1 armed=1
[ACC] reads=27122 stale=27089 rderr=1 ax=53 ay=-19 az=1123
[PWR] pm=0x1 drift=1 rderr=0
[DWT] ok=1 cyc=2922415374 cyc_per_ms=800000
[HB] up_ms=600775 frames=27169 inf=27169 hazard=421 canary_err=0 q=0 qovr=0
[I2C] init=0 gate=0 whoami=0x140e0 wr=0 wrseen=0x27 addr=0x5a ok=166827 err=1 tmo=0 recov=2 pclk1=200000000 sysclk=400000000
[NAK] nacks=1
[CLK] cpu=800000000 sysb=400000000 pclk1=200000000
[TOF] res=0 step=0 id=0xeacc blk=0xeacc10 ctl=0x0
[RNG] init=0 step=99 id=0xeacc boot=1 calls=93 xerr=0 dm=1 tb=15
[RNG] osc=41 imp=881 imprb=881 mstart=0x40 cfg=91 cfgfail=0x0 vhv=0 vpolls=0
[PRT] calls=108797 xerr=0 ler=1 lidx=0x0 perr=0 maxcnt=17 addr8=0x52
[RTY] wr=0 wmax=0 wref=0  rd=0 rmax=0 rref=0
[RNG] frames=27171 last=45 min=12 max=159 nrdy=0 dxfer=0 dstat=0 lst=0 nrdyerr=0 dclr=0
[DRV] init=0 id=7 mode=0x1 lib=0x2 seq=0x1 odc=0x8b sts=0xe0 armed=1
[TRG] pulses=303 suppressed=118 cyc=1600 rst=1 rstmode=0x40
[HLT] polls=543 faults=0x0 cfglost=0
[EFF] n=5 last=58555 min=58548 max=58555 late=0 stuck=0 rderr=0
[IMU] init=0 addr=0x68 who=0x68 rst=1 pmrb0=0x40 pmrb=0x1 sr=19 cfg=4 gcfg=0x0 acfg=0x8 icfg=0x30 ien=0x1 armed=1
[ACC] reads=27172 stale=27139 rderr=1 ax=55 ay=-19 az=1122
[PWR] pm=0x1 drift=1 rderr=0
[DWT] ok=1 cyc=3804815518 cyc_per_ms=800000
[HB] up_ms=601877 frames=27219 inf=27219 hazard=421 canary_err=0 q=0 qovr=0
[I2C] init=0 gate=0 whoami=0x140e0 wr=0 wrseen=0x27 addr=0x5a ok=167129 err=1 tmo=0 recov=2 pclk1=200000000 sysclk=400000000
[NAK] nacks=1
[CLK] cpu=800000000 sysb=400000000 pclk1=200000000
[TOF] res=0 step=0 id=0xeacc blk=0xeacc10 ctl=0x0
[RNG] init=0 step=99 id=0xeacc boot=1 calls=93 xerr=0 dm=1 tb=15
[RNG] osc=41 imp=881 imprb=881 mstart=0x40 cfg=91 cfgfail=0x0 vhv=0 vpolls=0
[PRT] calls=108997 xerr=0 ler=1 lidx=0x0 perr=0 maxcnt=17 addr8=0x52
[RTY] wr=0 wmax=0 wref=0  rd=0 rmax=0 rref=0
[RNG] frames=27221 last=43 min=12 max=159 nrdy=0 dxfer=0 dstat=0 lst=0 nrdyerr=0 dclr=0
[DRV] init=0 id=7 mode=0x1 lib=0x2 seq=0x1 odc=0x8b sts=0xe0 armed=1
[TRG] pulses=303 suppressed=118 cyc=1600 rst=1 rstmode=0x40
[HLT] polls=544 faults=0x0 cfglost=0
[EFF] n=5 last=58555 min=58548 max=58555 late=0 stuck=0 rderr=0
[IMU] init=0 addr=0x68 who=0x68 rst=1 pmrb0=0x40 pmrb=0x1 sr=19 cfg=4 gcfg=0x0 acfg=0x8 icfg=0x30 ien=0x1 armed=1
[ACC] reads=27222 stale=27189 rderr=1 ax=53 ay=-20 az=1122
[PWR] pm=0x1 drift=1 rderr=0
[DWT] ok=1 cyc=391448210 cyc_per_ms=799999
[HB] up_ms=602979 frames=27269 inf=27269 hazard=421 canary_err=0 q=0 qovr=0
[I2C] init=0 gate=0 whoami=0x140e0 wr=0 wrseen=0x27 addr=0x5a ok=167431 err=1 tmo=0 recov=2 pclk1=200000000 sysclk=400000000
[NAK] nacks=1
[CLK] cpu=800000000 sysb=400000000 pclk1=200000000
[TOF] res=0 step=0 id=0xeacc blk=0xeacc10 ctl=0x0
[RNG] init=0 step=99 id=0xeacc boot=1 calls=93 xerr=0 dm=1 tb=15
[RNG] osc=41 imp=881 imprb=881 mstart=0x40 cfg=91 cfgfail=0x0 vhv=0 vpolls=0
[PRT] calls=109197 xerr=0 ler=1 lidx=0x0 perr=0 maxcnt=17 addr8=0x52
[RTY] wr=0 wmax=0 wref=0  rd=0 rmax=0 rref=0
[RNG] frames=27271 last=39 min=12 max=159 nrdy=0 dxfer=0 dstat=0 lst=0 nrdyerr=0 dclr=0
[DRV] init=0 id=7 mode=0x1 lib=0x2 seq=0x1 odc=0x8b sts=0xe0 armed=1
[TRG] pulses=303 suppressed=118 cyc=1600 rst=1 rstmode=0x40
[HLT] polls=545 faults=0x0 cfglost=0
[EFF] n=5 last=58555 min=58548 max=58555 late=0 stuck=0 rderr=0
[IMU] init=0 addr=0x68 who=0x68 rst=1 pmrb0=0x40 pmrb=0x1 sr=19 cfg=4 gcfg=0x0 acfg=0x8 icfg=0x30 ien=0x1 armed=1
[ACC] reads=27272 stale=27239 rderr=1 ax=55 ay=-21 az=1121
[PWR] pm=0x1 drift=1 rderr=0
[DWT] ok=1 cyc=1273048166 cyc_per_ms=799999
[HB] up_ms=604081 frames=27319 inf=27319 hazard=421 canary_err=0 q=0 qovr=0
[I2C] init=0 gate=0 whoami=0x140e0 wr=0 wrseen=0x27 addr=0x5a ok=167733 err=1 tmo=0 recov=2 pclk1=200000000 sysclk=400000000
[NAK] nacks=1
[CLK] cpu=800000000 sysb=400000000 pclk1=200000000
[TOF] res=0 step=0 id=0xeacc blk=0xeacc10 ctl=0x0
[RNG] init=0 step=99 id=0xeacc boot=1 calls=93 xerr=0 dm=1 tb=15
[RNG] osc=41 imp=881 imprb=881 mstart=0x40 cfg=91 cfgfail=0x0 vhv=0 vpolls=0
[PRT] calls=109397 xerr=0 ler=1 lidx=0x0 perr=0 maxcnt=17 addr8=0x52
[RTY] wr=0 wmax=0 wref=0  rd=0 rmax=0 rref=0
[RNG] frames=27321 last=40 min=12 max=159 nrdy=0 dxfer=0 dstat=0 lst=0 nrdyerr=0 dclr=0
[DRV] init=0 id=7 mode=0x1 lib=0x2 seq=0x1 odc=0x8b sts=0xe0 armed=1
[TRG] pulses=303 suppressed=118 cyc=1600 rst=1 rstmode=0x40
[HLT] polls=546 faults=0x0 cfglost=0
[EFF] n=5 last=58555 min=58548 max=58555 late=0 stuck=0 rderr=0
[IMU] init=0 addr=0x68 who=0x68 rst=1 pmrb0=0x40 pmrb=0x1 sr=19 cfg=4 gcfg=0x0 acfg=0x8 icfg=0x30 ien=0x1 armed=1
[ACC] reads=27322 stale=27289 rderr=1 ax=55 ay=-20 az=1121
[PWR] pm=0x1 drift=1 rderr=0
[DWT] ok=1 cyc=2154648058 cyc_per_ms=799999
[HB] up_ms=605183 frames=27369 inf=27369 hazard=423 canary_err=0 q=0 qovr=0
[I2C] init=0 gate=0 whoami=0x140e0 wr=0 wrseen=0x27 addr=0x5a ok=168035 err=1 tmo=0 recov=2 pclk1=200000000 sysclk=400000000
[NAK] nacks=1
[CLK] cpu=800000000 sysb=400000000 pclk1=200000000
[TOF] res=0 step=0 id=0xeacc blk=0xeacc10 ctl=0x0
[RNG] init=0 step=99 id=0xeacc boot=1 calls=93 xerr=0 dm=1 tb=15
[RNG] osc=41 imp=881 imprb=881 mstart=0x40 cfg=91 cfgfail=0x0 vhv=0 vpolls=0
[PRT] calls=109593 xerr=0 ler=1 lidx=0x0 perr=0 maxcnt=17 addr8=0x52
[RTY] wr=0 wmax=0 wref=0  rd=0 rmax=0 rref=0
[RNG] frames=27371 last=43 min=12 max=159 nrdy=0 dxfer=0 dstat=0 lst=0 nrdyerr=0 dclr=0
[DRV] init=0 id=7 mode=0x1 lib=0x2 seq=0x1 odc=0x8b sts=0xe0 armed=1
[TRG] pulses=304 suppressed=119 cyc=1600 rst=1 rstmode=0x40
[HLT] polls=547 faults=0x0 cfglost=0
[EFF] n=5 last=58555 min=58548 max=58555 late=0 stuck=0 rderr=0
[IMU] init=0 addr=0x68 who=0x68 rst=1 pmrb0=0x40 pmrb=0x1 sr=19 cfg=4 gcfg=0x0 acfg=0x8 icfg=0x30 ien=0x1 armed=1
[ACC] reads=27372 stale=27339 rderr=1 ax=55 ay=-19 az=1124
[PWR] pm=0x1 drift=1 rderr=0
[DWT] ok=1 cyc=3036248098 cyc_per_ms=800000
[HB] up_ms=606285 frames=27419 inf=27419 hazard=425 canary_err=0 q=0 qovr=0
[I2C] init=0 gate=0 whoami=0x140e0 wr=0 wrseen=0x27 addr=0x5a ok=168337 err=1 tmo=0 recov=2 pclk1=200000000 sysclk=400000000
[NAK] nacks=1
[CLK] cpu=800000000 sysb=400000000 pclk1=200000000
[TOF] res=0 step=0 id=0xeacc blk=0xeacc10 ctl=0x0
[RNG] init=0 step=99 id=0xeacc boot=1 calls=93 xerr=0 dm=1 tb=15
[RNG] osc=41 imp=881 imprb=881 mstart=0x40 cfg=91 cfgfail=0x0 vhv=0 vpolls=0
[PRT] calls=109793 xerr=0 ler=1 lidx=0x0 perr=0 maxcnt=17 addr8=0x52
[RTY] wr=0 wmax=0 wref=0  rd=0 rmax=0 rref=0
[RNG] frames=27421 last=38 min=12 max=159 nrdy=0 dxfer=0 dstat=0 lst=0 nrdyerr=0 dclr=0
[DRV] init=0 id=7 mode=0x1 lib=0x2 seq=0x1 odc=0x8b sts=0xe0 armed=1
[TRG] pulses=305 suppressed=120 cyc=1600 rst=1 rstmode=0x40
[HLT] polls=548 faults=0x0 cfglost=0
[EFF] n=5 last=58555 min=58548 max=58555 late=0 stuck=0 rderr=0
[IMU] init=0 addr=0x68 who=0x68 rst=1 pmrb0=0x40 pmrb=0x1 sr=19 cfg=4 gcfg=0x0 acfg=0x8 icfg=0x30 ien=0x1 armed=1
[ACC] reads=27421 stale=27388 rderr=1 ax=55 ay=-20 az=1124
[PWR] pm=0x1 drift=1 rderr=0
[DWT] ok=1 cyc=3917848202 cyc_per_ms=800000
[HB] up_ms=607387 frames=27468 inf=27468 hazard=426 canary_err=0 q=0 qovr=0
[I2C] init=0 gate=0 whoami=0x140e0 wr=0 wrseen=0x27 addr=0x5a ok=168639 err=1 tmo=0 recov=2 pclk1=200000000 sysclk=400000000
[NAK] nacks=1
[CLK] cpu=800000000 sysb=400000000 pclk1=200000000
[TOF] res=0 step=0 id=0xeacc blk=0xeacc10 ctl=0x0
[RNG] init=0 step=99 id=0xeacc boot=1 calls=93 xerr=0 dm=1 tb=15
[RNG] osc=41 imp=881 imprb=881 mstart=0x40 cfg=91 cfgfail=0x0 vhv=0 vpolls=0
[PRT] calls=109993 xerr=0 ler=1 lidx=0x0 perr=0 maxcnt=17 addr8=0x52
[RTY] wr=0 wmax=0 wref=0  rd=0 rmax=0 rref=0
[RNG] frames=27471 last=44 min=12 max=159 nrdy=0 dxfer=0 dstat=0 lst=0 nrdyerr=0 dclr=0
[DRV] init=0 id=7 mode=0x1 lib=0x2 seq=0x1 odc=0x8b sts=0xe0 armed=1
[TRG] pulses=306 suppressed=120 cyc=1600 rst=1 rstmode=0x40
[HLT] polls=549 faults=0x0 cfglost=0
[EFF] n=5 last=58555 min=58548 max=58555 late=0 stuck=0 rderr=0
[IMU] init=0 addr=0x68 who=0x68 rst=1 pmrb0=0x40 pmrb=0x1 sr=19 cfg=4 gcfg=0x0 acfg=0x8 icfg=0x30 ien=0x1 armed=1
[ACC] reads=27471 stale=27438 rderr=1 ax=52 ay=-19 az=1126
[PWR] pm=0x1 drift=1 rderr=0
[DWT] ok=1 cyc=504617476 cyc_per_ms=800123
[HB] up_ms=608489 frames=27518 inf=27518 hazard=426 canary_err=0 q=0 qovr=0
[I2C] init=0 gate=0 whoami=0x140e0 wr=0 wrseen=0x27 addr=0x5a ok=168941 err=1 tmo=0 recov=2 pclk1=200000000 sysclk=400000000
[NAK] nacks=1
[CLK] cpu=800000000 sysb=400000000 pclk1=200000000
[TOF] res=0 step=0 id=0xeacc blk=0xeacc10 ctl=0x0
[RNG] init=0 step=99 id=0xeacc boot=1 calls=93 xerr=0 dm=1 tb=15
[RNG] osc=41 imp=881 imprb=881 mstart=0x40 cfg=91 cfgfail=0x0 vhv=0 vpolls=0
[PRT] calls=110193 xerr=0 ler=1 lidx=0x0 perr=0 maxcnt=17 addr8=0x52
[RTY] wr=0 wmax=0 wref=0  rd=0 rmax=0 rref=0
[RNG] frames=27521 last=38 min=12 max=159 nrdy=0 dxfer=0 dstat=0 lst=0 nrdyerr=0 dclr=0
[DRV] init=0 id=7 mode=0x1 lib=0x2 seq=0x1 odc=0x8b sts=0xe0 armed=1
[TRG] pulses=306 suppressed=120 cyc=1600 rst=1 rstmode=0x40
[HLT] polls=550 faults=0x0 cfglost=0
[EFF] n=5 last=58555 min=58548 max=58555 late=0 stuck=0 rderr=0
[IMU] init=0 addr=0x68 who=0x68 rst=1 pmrb0=0x40 pmrb=0x1 sr=19 cfg=4 gcfg=0x0 acfg=0x8 icfg=0x30 ien=0x1 armed=1
[ACC] reads=27521 stale=27488 rderr=1 ax=54 ay=-19 az=1125
[PWR] pm=0x1 drift=1 rderr=0
[DWT] ok=1 cyc=1386218156 cyc_per_ms=800000
[HB] up_ms=609592 frames=27568 inf=27568 hazard=426 canary_err=0 q=0 qovr=0
[I2C] init=0 gate=0 whoami=0x140e0 wr=0 wrseen=0x27 addr=0x5a ok=169242 err=1 tmo=0 recov=2 pclk1=200000000 sysclk=400000000
[NAK] nacks=1
[CLK] cpu=800000000 sysb=400000000 pclk1=200000000
[TOF] res=0 step=0 id=0xeacc blk=0xeacc10 ctl=0x0
[RNG] init=0 step=99 id=0xeacc boot=1 calls=93 xerr=0 dm=1 tb=15
[RNG] osc=41 imp=881 imprb=881 mstart=0x40 cfg=91 cfgfail=0x0 vhv=0 vpolls=0
[PRT] calls=110393 xerr=0 ler=1 lidx=0x0 perr=0 maxcnt=17 addr8=0x52
[RTY] wr=0 wmax=0 wref=0  rd=0 rmax=0 rref=0
[RNG] frames=27570 last=42 min=12 max=159 nrdy=0 dxfer=0 dstat=0 lst=0 nrdyerr=0 dclr=0
[DRV] init=0 id=7 mode=0x1 lib=0x2 seq=0x1 odc=0x8b sts=0xe0 armed=1
[TRG] pulses=306 suppressed=120 cyc=1600 rst=1 rstmode=0x40
[HLT] polls=551 faults=0x0 cfglost=0
[EFF] n=5 last=58555 min=58548 max=58555 late=0 stuck=0 rderr=0
[IMU] init=0 addr=0x68 who=0x68 rst=1 pmrb0=0x40 pmrb=0x1 sr=19 cfg=4 gcfg=0x0 acfg=0x8 icfg=0x30 ien=0x1 armed=1
[ACC] reads=27571 stale=27538 rderr=1 ax=52 ay=-20 az=1122
[PWR] pm=0x1 drift=1 rderr=0
[DWT] ok=1 cyc=2268530020 cyc_per_ms=799920
[HB] up_ms=610695 frames=27618 inf=27618 hazard=426 canary_err=0 q=0 qovr=0
[I2C] init=0 gate=0 whoami=0x140e0 wr=0 wrseen=0x27 addr=0x5a ok=169539 err=1 tmo=0 recov=2 pclk1=200000000 sysclk=400000000
[NAK] nacks=1
[CLK] cpu=800000000 sysb=400000000 pclk1=200000000
[TOF] res=0 step=0 id=0xeacc blk=0xeacc10 ctl=0x0
[RNG] init=0 step=99 id=0xeacc boot=1 calls=93 xerr=0 dm=1 tb=15
[RNG] osc=41 imp=881 imprb=881 mstart=0x40 cfg=91 cfgfail=0x0 vhv=0 vpolls=0
[PRT] calls=110593 xerr=0 ler=1 lidx=0x0 perr=0 maxcnt=17 addr8=0x52
[RTY] wr=0 wmax=0 wref=0  rd=0 rmax=0 rref=0
[RNG] frames=27620 last=46 min=12 max=159 nrdy=0 dxfer=0 dstat=0 lst=0 nrdyerr=0 dclr=0
[DRV] init=0 id=7 mode=0x1 lib=0x2 seq=0x1 odc=0x8b sts=0xe0 armed=1
[TRG] pulses=306 suppressed=120 cyc=1600 rst=1 rstmode=0x40
[HLT] polls=552 faults=0x0 cfglost=0
[EFF] n=5 last=58555 min=58548 max=58555 late=0 stuck=0 rderr=0
[IMU] init=0 addr=0x68 who=0x68 rst=1 pmrb0=0x40 pmrb=0x1 sr=19 cfg=4 gcfg=0x0 acfg=0x8 icfg=0x30 ien=0x1 armed=1
[ACC] reads=27621 stale=27588 rderr=1 ax=56 ay=-19 az=1123
[PWR] pm=0x1 drift=1 rderr=0
[DWT] ok=1 cyc=3150880870 cyc_per_ms=799955
[HB] up_ms=611798 frames=27668 inf=27668 hazard=427 canary_err=0 q=0 qovr=0
[I2C] init=0 gate=0 whoami=0x140e0 wr=0 wrseen=0x27 addr=0x5a ok=169841 err=1 tmo=0 recov=2 pclk1=200000000 sysclk=400000000
[NAK] nacks=1
[CLK] cpu=800000000 sysb=400000000 pclk1=200000000
[TOF] res=0 step=0 id=0xeacc blk=0xeacc10 ctl=0x0
[RNG] init=0 step=99 id=0xeacc boot=1 calls=93 xerr=0 dm=1 tb=15
[RNG] osc=41 imp=881 imprb=881 mstart=0x40 cfg=91 cfgfail=0x0 vhv=0 vpolls=0
[PRT] calls=110793 xerr=0 ler=1 lidx=0x0 perr=0 maxcnt=17 addr8=0x52
[RTY] wr=0 wmax=0 wref=0  rd=0 rmax=0 rref=0
[RNG] frames=27670 last=47 min=12 max=159 nrdy=0 dxfer=0 dstat=0 lst=0 nrdyerr=0 dclr=0
[DRV] init=0 id=7 mode=0x1 lib=0x2 seq=0x1 odc=0x8b sts=0xe0 armed=1
[TRG] pulses=307 suppressed=120 cyc=1600 rst=1 rstmode=0x40
[HLT] polls=553 faults=0x0 cfglost=0
[EFF] n=5 last=58555 min=58548 max=58555 late=0 stuck=0 rderr=0
[IMU] init=0 addr=0x68 who=0x68 rst=1 pmrb0=0x40 pmrb=0x1 sr=19 cfg=4 gcfg=0x0 acfg=0x8 icfg=0x30 ien=0x1 armed=1
[ACC] reads=27671 stale=27638 rderr=1 ax=57 ay=-19 az=1124
[PWR] pm=0x1 drift=1 rderr=0
[DWT] ok=1 cyc=4033280862 cyc_per_ms=799999
[HB] up_ms=612900 frames=27718 inf=27718 hazard=429 canary_err=0 q=0 qovr=0
[I2C] init=0 gate=0 whoami=0x140e0 wr=0 wrseen=0x27 addr=0x5a ok=170143 err=1 tmo=0 recov=2 pclk1=200000000 sysclk=400000000
[NAK] nacks=1
[CLK] cpu=800000000 sysb=400000000 pclk1=200000000
[TOF] res=0 step=0 id=0xeacc blk=0xeacc10 ctl=0x0
[RNG] init=0 step=99 id=0xeacc boot=1 calls=93 xerr=0 dm=1 tb=15
[RNG] osc=41 imp=881 imprb=881 mstart=0x40 cfg=91 cfgfail=0x0 vhv=0 vpolls=0
[PRT] calls=110993 xerr=0 ler=1 lidx=0x0 perr=0 maxcnt=17 addr8=0x52
[RTY] wr=0 wmax=0 wref=0  rd=0 rmax=0 rref=0
[RNG] frames=27720 last=28 min=12 max=159 nrdy=0 dxfer=0 dstat=0 lst=0 nrdyerr=0 dclr=0
[DRV] init=0 id=7 mode=0x1 lib=0x2 seq=0x1 odc=0x8b sts=0xe0 armed=1
[TRG] pulses=308 suppressed=121 cyc=1600 rst=1 rstmode=0x40
[HLT] polls=554 faults=0x0 cfglost=0
[EFF] n=5 last=58555 min=58548 max=58555 late=0 stuck=0 rderr=0
[IMU] init=0 addr=0x68 who=0x68 rst=1 pmrb0=0x40 pmrb=0x1 sr=19 cfg=4 gcfg=0x0 acfg=0x8 icfg=0x30 ien=0x1 armed=1
[ACC] reads=27721 stale=27688 rderr=1 ax=55 ay=-20 az=1122
[PWR] pm=0x1 drift=1 rderr=0
[DWT] ok=1 cyc=619913510 cyc_per_ms=799999
[HB] up_ms=614002 frames=27768 inf=27768 hazard=430 canary_err=0 q=0 qovr=0
[I2C] init=0 gate=0 whoami=0x140e0 wr=0 wrseen=0x27 addr=0x5a ok=170445 err=1 tmo=0 recov=2 pclk1=200000000 sysclk=400000000
[NAK] nacks=1
[CLK] cpu=800000000 sysb=400000000 pclk1=200000000
[TOF] res=0 step=0 id=0xeacc blk=0xeacc10 ctl=0x0
[RNG] init=0 step=99 id=0xeacc boot=1 calls=93 xerr=0 dm=1 tb=15
[RNG] osc=41 imp=881 imprb=881 mstart=0x40 cfg=91 cfgfail=0x0 vhv=0 vpolls=0
[PRT] calls=111193 xerr=0 ler=1 lidx=0x0 perr=0 maxcnt=17 addr8=0x52
[RTY] wr=0 wmax=0 wref=0  rd=0 rmax=0 rref=0
[RNG] frames=27770 last=45 min=12 max=159 nrdy=0 dxfer=0 dstat=0 lst=0 nrdyerr=0 dclr=0
[DRV] init=0 id=7 mode=0x1 lib=0x2 seq=0x1 odc=0x8b sts=0xe0 armed=1
[TRG] pulses=309 suppressed=121 cyc=1600 rst=1 rstmode=0x40
[HLT] polls=555 faults=0x0 cfglost=0
[EFF] n=5 last=58555 min=58548 max=58555 late=0 stuck=0 rderr=0
[IMU] init=0 addr=0x68 who=0x68 rst=1 pmrb0=0x40 pmrb=0x1 sr=19 cfg=4 gcfg=0x0 acfg=0x8 icfg=0x30 ien=0x1 armed=1
[ACC] reads=27771 stale=27738 rderr=1 ax=55 ay=-19 az=1126
[PWR] pm=0x1 drift=1 rderr=0
[DWT] ok=1 cyc=1501513546 cyc_per_ms=800000
[HB] up_ms=615104 frames=27818 inf=27818 hazard=430 canary_err=0 q=0 qovr=0
[I2C] init=0 gate=0 whoami=0x140e0 wr=0 wrseen=0x27 addr=0x5a ok=170747 err=1 tmo=0 recov=2 pclk1=200000000 sysclk=400000000
[NAK] nacks=1
[CLK] cpu=800000000 sysb=400000000 pclk1=200000000
[TOF] res=0 step=0 id=0xeacc blk=0xeacc10 ctl=0x0
[RNG] init=0 step=99 id=0xeacc boot=1 calls=93 xerr=0 dm=1 tb=15
[RNG] osc=41 imp=881 imprb=881 mstart=0x40 cfg=91 cfgfail=0x0 vhv=0 vpolls=0
[PRT] calls=111393 xerr=0 ler=1 lidx=0x0 perr=0 maxcnt=17 addr8=0x52
[RTY] wr=0 wmax=0 wref=0  rd=0 rmax=0 rref=0
[RNG] frames=27820 last=35 min=12 max=159 nrdy=0 dxfer=0 dstat=0 lst=0 nrdyerr=0 dclr=0
[DRV] init=0 id=7 mode=0x1 lib=0x2 seq=0x1 odc=0x8b sts=0xe0 armed=1
[TRG] pulses=309 suppressed=121 cyc=1600 rst=1 rstmode=0x40
[HLT] polls=556 faults=0x0 cfglost=0
[EFF] n=5 last=58555 min=58548 max=58555 late=0 stuck=0 rderr=0
[IMU] init=0 addr=0x68 who=0x68 rst=1 pmrb0=0x40 pmrb=0x1 sr=19 cfg=4 gcfg=0x0 acfg=0x8 icfg=0x30 ien=0x1 armed=1
[ACC] reads=27821 stale=27788 rderr=1 ax=54 ay=-21 az=1122
[PWR] pm=0x1 drift=1 rderr=0
[DWT] ok=1 cyc=2383113570 cyc_per_ms=800000
[HB] up_ms=616206 frames=27868 inf=27868 hazard=430 canary_err=0 q=0 qovr=0
[I2C] init=0 gate=0 whoami=0x140e0 wr=0 wrseen=0x27 addr=0x5a ok=171049 err=1 tmo=0 recov=2 pclk1=200000000 sysclk=400000000
[NAK] nacks=1
[CLK] cpu=800000000 sysb=400000000 pclk1=200000000
[TOF] res=0 step=0 id=0xeacc blk=0xeacc10 ctl=0x0
[RNG] init=0 step=99 id=0xeacc boot=1 calls=93 xerr=0 dm=1 tb=15
[RNG] osc=41 imp=881 imprb=881 mstart=0x40 cfg=91 cfgfail=0x0 vhv=0 vpolls=0
[PRT] calls=111592 xerr=0 ler=1 lidx=0x0 perr=0 maxcnt=17 addr8=0x52
[RTY] wr=0 wmax=0 wref=0  rd=0 rmax=0 rref=0
[RNG] frames=27870 last=48 min=12 max=159 nrdy=0 dxfer=0 dstat=0 lst=0 nrdyerr=0 dclr=0
[DRV] init=0 id=7 mode=0x1 lib=0x2 seq=0x1 odc=0x8b sts=0xe0 armed=1
[TRG] pulses=309 suppressed=121 cyc=1600 rst=1 rstmode=0x40
[HLT] polls=557 faults=0x0 cfglost=0
[EFF] n=5 last=58555 min=58548 max=58555 late=0 stuck=0 rderr=0
[IMU] init=0 addr=0x68 who=0x68 rst=1 pmrb0=0x40 pmrb=0x1 sr=19 cfg=4 gcfg=0x0 acfg=0x8 icfg=0x30 ien=0x1 armed=1
[ACC] reads=27871 stale=27838 rderr=1 ax=56 ay=-21 az=1125
[PWR] pm=0x1 drift=1 rderr=0
[DWT] ok=1 cyc=3264713562 cyc_per_ms=799999
[HB] up_ms=617308 frames=27918 inf=27918 hazard=430 canary_err=0 q=0 qovr=0
[I2C] init=0 gate=0 whoami=0x140e0 wr=0 wrseen=0x27 addr=0x5a ok=171351 err=1 tmo=0 recov=2 pclk1=200000000 sysclk=400000000
[NAK] nacks=1
[CLK] cpu=800000000 sysb=400000000 pclk1=200000000
[TOF] res=0 step=0 id=0xeacc blk=0xeacc10 ctl=0x0
[RNG] init=0 step=99 id=0xeacc boot=1 calls=93 xerr=0 dm=1 tb=15
[RNG] osc=41 imp=881 imprb=881 mstart=0x40 cfg=91 cfgfail=0x0 vhv=0 vpolls=0
[PRT] calls=111789 xerr=0 ler=1 lidx=0x0 perr=0 maxcnt=17 addr8=0x52
[RTY] wr=0 wmax=0 wref=0  rd=0 rmax=0 rref=0
[RNG] frames=27920 last=41 min=12 max=159 nrdy=0 dxfer=0 dstat=0 lst=0 nrdyerr=0 dclr=0
[DRV] init=0 id=7 mode=0x1 lib=0x2 seq=0x1 odc=0x8b sts=0xe0 armed=1
[TRG] pulses=309 suppressed=121 cyc=1600 rst=1 rstmode=0x40
[HLT] polls=558 faults=0x0 cfglost=0
[EFF] n=5 last=58555 min=58548 max=58555 late=0 stuck=0 rderr=0
[IMU] init=0 addr=0x68 who=0x68 rst=1 pmrb0=0x40 pmrb=0x1 sr=19 cfg=4 gcfg=0x0 acfg=0x8 icfg=0x30 ien=0x1 armed=1
[ACC] reads=27920 stale=27888 rderr=1 ax=55 ay=-19 az=1127
[PWR] pm=0x1 drift=1 rderr=0
[DWT] ok=1 cyc=4146313454 cyc_per_ms=799999
[HB] up_ms=618410 frames=27967 inf=27967 hazard=430 canary_err=0 q=0 qovr=0
[I2C] init=0 gate=0 whoami=0x140e0 wr=0 wrseen=0x27 addr=0x5a ok=171653 err=1 tmo=0 recov=2 pclk1=200000000 sysclk=400000000
[NAK] nacks=1
[CLK] cpu=800000000 sysb=400000000 pclk1=200000000
[TOF] res=0 step=0 id=0xeacc blk=0xeacc10 ctl=0x0
[RNG] init=0 step=99 id=0xeacc boot=1 calls=93 xerr=0 dm=1 tb=15
[RNG] osc=41 imp=881 imprb=881 mstart=0x40 cfg=91 cfgfail=0x0 vhv=0 vpolls=0
[PRT] calls=111989 xerr=0 ler=1 lidx=0x0 perr=0 maxcnt=17 addr8=0x52
[RTY] wr=0 wmax=0 wref=0  rd=0 rmax=0 rref=0
[RNG] frames=27970 last=36 min=12 max=159 nrdy=0 dxfer=0 dstat=0 lst=0 nrdyerr=0 dclr=0
[DRV] init=0 id=7 mode=0x1 lib=0x2 seq=0x1 odc=0x8b sts=0xe0 armed=1
[TRG] pulses=309 suppressed=121 cyc=1600 rst=1 rstmode=0x40
[HLT] polls=559 faults=0x0 cfglost=0
[EFF] n=5 last=58555 min=58548 max=58555 late=0 stuck=0 rderr=0
[IMU] init=0 addr=0x68 who=0x68 rst=1 pmrb0=0x40 pmrb=0x1 sr=19 cfg=4 gcfg=0x0 acfg=0x8 icfg=0x30 ien=0x1 armed=1
[ACC] reads=27970 stale=27937 rderr=1 ax=55 ay=-21 az=1124
[PWR] pm=0x1 drift=1 rderr=0
[DWT] ok=1 cyc=732987496 cyc_per_ms=800037
[HB] up_ms=619512 frames=28017 inf=28017 hazard=430 canary_err=0 q=0 qovr=0
[I2C] init=0 gate=0 whoami=0x140e0 wr=0 wrseen=0x27 addr=0x5a ok=171955 err=1 tmo=0 recov=2 pclk1=200000000 sysclk=400000000
[NAK] nacks=1
[CLK] cpu=800000000 sysb=400000000 pclk1=200000000
[TOF] res=0 step=0 id=0xeacc blk=0xeacc10 ctl=0x0
[RNG] init=0 step=99 id=0xeacc boot=1 calls=93 xerr=0 dm=1 tb=15
[RNG] osc=41 imp=881 imprb=881 mstart=0x40 cfg=91 cfgfail=0x0 vhv=0 vpolls=0
[PRT] calls=112189 xerr=0 ler=1 lidx=0x0 perr=0 maxcnt=17 addr8=0x52
[RTY] wr=0 wmax=0 wref=0  rd=0 rmax=0 rref=0
[RNG] frames=28020 last=39 min=12 max=159 nrdy=0 dxfer=0 dstat=0 lst=0 nrdyerr=0 dclr=0
[DRV] init=0 id=7 mode=0x1 lib=0x2 seq=0x1 odc=0x8b sts=0xe0 armed=1
[TRG] pulses=309 suppressed=121 cyc=1600 rst=1 rstmode=0x40
[HLT] polls=560 faults=0x0 cfglost=0
[EFF] n=5 last=58555 min=58548 max=58555 late=0 stuck=0 rderr=0
[IMU] init=0 addr=0x68 who=0x68 rst=1 pmrb0=0x40 pmrb=0x1 sr=19 cfg=4 gcfg=0x0 acfg=0x8 icfg=0x30 ien=0x1 armed=1
[ACC] reads=28020 stale=27987 rderr=1 ax=56 ay=-18 az=1122
[PWR] pm=0x1 drift=1 rderr=0
[DWT] ok=1 cyc=1614683664 cyc_per_ms=800087
[HB] up_ms=620615 frames=28067 inf=28067 hazard=431 canary_err=0 q=0 qovr=0
[I2C] init=0 gate=0 whoami=0x140e0 wr=0 wrseen=0x27 addr=0x5a ok=172257 err=1 tmo=0 recov=2 pclk1=200000000 sysclk=400000000
[NAK] nacks=1
[CLK] cpu=800000000 sysb=400000000 pclk1=200000000
[TOF] res=0 step=0 id=0xeacc blk=0xeacc10 ctl=0x0
[RNG] init=0 step=99 id=0xeacc boot=1 calls=93 xerr=0 dm=1 tb=15
[RNG] osc=41 imp=881 imprb=881 mstart=0x40 cfg=91 cfgfail=0x0 vhv=0 vpolls=0
[PRT] calls=112389 xerr=0 ler=1 lidx=0x0 perr=0 maxcnt=17 addr8=0x52
[RTY] wr=0 wmax=0 wref=0  rd=0 rmax=0 rref=0
[RNG] frames=28070 last=42 min=12 max=159 nrdy=0 dxfer=0 dstat=0 lst=0 nrdyerr=0 dclr=0
[DRV] init=0 id=7 mode=0x1 lib=0x2 seq=0x1 odc=0x8b sts=0xe0 armed=1
[TRG] pulses=310 suppressed=121 cyc=1600 rst=1 rstmode=0x40
[HLT] polls=561 faults=0x0 cfglost=0
[EFF] n=5 last=58555 min=58548 max=58555 late=0 stuck=0 rderr=0
[IMU] init=0 addr=0x68 who=0x68 rst=1 pmrb0=0x40 pmrb=0x1 sr=19 cfg=4 gcfg=0x0 acfg=0x8 icfg=0x30 ien=0x1 armed=1
[ACC] reads=28070 stale=28037 rderr=1 ax=56 ay=-20 az=1123
[PWR] pm=0x1 drift=1 rderr=0
[DWT] ok=1 cyc=2497083612 cyc_per_ms=799999
[HB] up_ms=621718 frames=28117 inf=28117 hazard=431 canary_err=0 q=0 qovr=0
[I2C] init=0 gate=0 whoami=0x140e0 wr=0 wrseen=0x27 addr=0x5a ok=172558 err=1 tmo=0 recov=2 pclk1=200000000 sysclk=400000000
[NAK] nacks=1
[CLK] cpu=800000000 sysb=400000000 pclk1=200000000
[TOF] res=0 step=0 id=0xeacc blk=0xeacc10 ctl=0x0
[RNG] init=0 step=99 id=0xeacc boot=1 calls=93 xerr=0 dm=1 tb=15
[RNG] osc=41 imp=881 imprb=881 mstart=0x40 cfg=91 cfgfail=0x0 vhv=0 vpolls=0
[PRT] calls=112589 xerr=0 ler=1 lidx=0x0 perr=0 maxcnt=17 addr8=0x52
[RTY] wr=0 wmax=0 wref=0  rd=0 rmax=0 rref=0
[RNG] frames=28119 last=46 min=12 max=159 nrdy=0 dxfer=0 dstat=0 lst=0 nrdyerr=0 dclr=0
[DRV] init=0 id=7 mode=0x1 lib=0x2 seq=0x1 odc=0x8b sts=0xe0 armed=1
[TRG] pulses=310 suppressed=121 cyc=1600 rst=1 rstmode=0x40
[HLT] polls=562 faults=0x0 cfglost=0
[EFF] n=5 last=58555 min=58548 max=58555 late=0 stuck=0 rderr=0
[IMU] init=0 addr=0x68 who=0x68 rst=1 pmrb0=0x40 pmrb=0x1 sr=19 cfg=4 gcfg=0x0 acfg=0x8 icfg=0x30 ien=0x1 armed=1
[ACC] reads=28120 stale=28087 rderr=1 ax=56 ay=-22 az=1122
[PWR] pm=0x1 drift=1 rderr=0
[DWT] ok=1 cyc=3379395468 cyc_per_ms=799920
[HB] up_ms=622821 frames=28167 inf=28167 hazard=431 canary_err=0 q=0 qovr=0
[I2C] init=0 gate=0 whoami=0x140e0 wr=0 wrseen=0x27 addr=0x5a ok=172855 err=1 tmo=0 recov=2 pclk1=200000000 sysclk=400000000
[NAK] nacks=1
[CLK] cpu=800000000 sysb=400000000 pclk1=200000000
[TOF] res=0 step=0 id=0xeacc blk=0xeacc10 ctl=0x0
[RNG] init=0 step=99 id=0xeacc boot=1 calls=93 xerr=0 dm=1 tb=15
[RNG] osc=41 imp=881 imprb=881 mstart=0x40 cfg=91 cfgfail=0x0 vhv=0 vpolls=0
[PRT] calls=112789 xerr=0 ler=1 lidx=0x0 perr=0 maxcnt=17 addr8=0x52
[RTY] wr=0 wmax=0 wref=0  rd=0 rmax=0 rref=0
[RNG] frames=28169 last=32 min=12 max=159 nrdy=0 dxfer=0 dstat=0 lst=0 nrdyerr=0 dclr=0
[DRV] init=0 id=7 mode=0x1 lib=0x2 seq=0x1 odc=0x8b sts=0xe0 armed=1
[TRG] pulses=310 suppressed=121 cyc=1600 rst=1 rstmode=0x40
[HLT] polls=563 faults=0x0 cfglost=0
[EFF] n=5 last=58555 min=58548 max=58555 late=0 stuck=0 rderr=0
[IMU] init=0 addr=0x68 who=0x68 rst=1 pmrb0=0x40 pmrb=0x1 sr=19 cfg=4 gcfg=0x0 acfg=0x8 icfg=0x30 ien=0x1 armed=1
[ACC] reads=28170 stale=28136 rderr=1 ax=55 ay=-21 az=1126
[PWR] pm=0x1 drift=1 rderr=0
[DWT] ok=1 cyc=4261746342 cyc_per_ms=799955
[HB] up_ms=623924 frames=28217 inf=28217 hazard=432 canary_err=0 q=0 qovr=0
[I2C] init=0 gate=0 whoami=0x140e0 wr=0 wrseen=0x27 addr=0x5a ok=173157 err=1 tmo=0 recov=2 pclk1=200000000 sysclk=400000000
[NAK] nacks=1
[CLK] cpu=800000000 sysb=400000000 pclk1=200000000
[TOF] res=0 step=0 id=0xeacc blk=0xeacc10 ctl=0x0
[RNG] init=0 step=99 id=0xeacc boot=1 calls=93 xerr=0 dm=1 tb=15
[RNG] osc=41 imp=881 imprb=881 mstart=0x40 cfg=91 cfgfail=0x0 vhv=0 vpolls=0
[PRT] calls=112989 xerr=0 ler=1 lidx=0x0 perr=0 maxcnt=17 addr8=0x52
[RTY] wr=0 wmax=0 wref=0  rd=0 rmax=0 rref=0
[RNG] frames=28219 last=46 min=12 max=159 nrdy=0 dxfer=0 dstat=0 lst=0 nrdyerr=0 dclr=0
[DRV] init=0 id=7 mode=0x1 lib=0x2 seq=0x1 odc=0x8b sts=0xe0 armed=1
[TRG] pulses=311 suppressed=121 cyc=1600 rst=1 rstmode=0x40
[HLT] polls=564 faults=0x0 cfglost=0
[EFF] n=5 last=58555 min=58548 max=58555 late=0 stuck=0 rderr=0
[IMU] init=0 addr=0x68 who=0x68 rst=1 pmrb0=0x40 pmrb=0x1 sr=19 cfg=4 gcfg=0x0 acfg=0x8 icfg=0x30 ien=0x1 armed=1
[ACC] reads=28220 stale=28186 rderr=1 ax=52 ay=-20 az=1124
[PWR] pm=0x1 drift=1 rderr=0
[DWT] ok=1 cyc=849179038 cyc_per_ms=799999
[HB] up_ms=625026 frames=28267 inf=28267 hazard=433 canary_err=0 q=0 qovr=0
[I2C] init=0 gate=0 whoami=0x140e0 wr=0 wrseen=0x27 addr=0x5a ok=173459 err=1 tmo=0 recov=2 pclk1=200000000 sysclk=400000000
[NAK] nacks=1
[CLK] cpu=800000000 sysb=400000000 pclk1=200000000
[TOF] res=0 step=0 id=0xeacc blk=0xeacc10 ctl=0x0
[RNG] init=0 step=99 id=0xeacc boot=1 calls=93 xerr=0 dm=1 tb=15
[RNG] osc=41 imp=881 imprb=881 mstart=0x40 cfg=91 cfgfail=0x0 vhv=0 vpolls=0
[PRT] calls=113189 xerr=0 ler=1 lidx=0x0 perr=0 maxcnt=17 addr8=0x52
[RTY] wr=0 wmax=0 wref=0  rd=0 rmax=0 rref=0
[RNG] frames=28269 last=40 min=12 max=159 nrdy=0 dxfer=0 dstat=0 lst=0 nrdyerr=0 dclr=0
[DRV] init=0 id=7 mode=0x1 lib=0x2 seq=0x1 odc=0x8b sts=0xe0 armed=1
[TRG] pulses=312 suppressed=121 cyc=1600 rst=1 rstmode=0x40
[HLT] polls=565 faults=0x0 cfglost=0
[EFF] n=5 last=58555 min=58548 max=58555 late=0 stuck=0 rderr=0
[IMU] init=0 addr=0x68 who=0x68 rst=1 pmrb0=0x40 pmrb=0x1 sr=19 cfg=4 gcfg=0x0 acfg=0x8 icfg=0x30 ien=0x1 armed=1
[ACC] reads=28270 stale=28236 rderr=1 ax=54 ay=-18 az=1123
[PWR] pm=0x1 drift=1 rderr=0
[DWT] ok=1 cyc=1730779042 cyc_per_ms=800000
[HB] up_ms=626128 frames=28317 inf=28317 hazard=434 canary_err=0 q=0 qovr=0
[I2C] init=0 gate=0 whoami=0x140e0 wr=0 wrseen=0x27 addr=0x5a ok=173761 err=1 tmo=0 recov=2 pclk1=200000000 sysclk=400000000
[NAK] nacks=1
[CLK] cpu=800000000 sysb=400000000 pclk1=200000000
[TOF] res=0 step=0 id=0xeacc blk=0xeacc10 ctl=0x0
[RNG] init=0 step=99 id=0xeacc boot=1 calls=93 xerr=0 dm=1 tb=15
[RNG] osc=41 imp=881 imprb=881 mstart=0x40 cfg=91 cfgfail=0x0 vhv=0 vpolls=0
[PRT] calls=113389 xerr=0 ler=1 lidx=0x0 perr=0 maxcnt=17 addr8=0x52
[RTY] wr=0 wmax=0 wref=0  rd=0 rmax=0 rref=0
[RNG] frames=28319 last=39 min=12 max=159 nrdy=0 dxfer=0 dstat=0 lst=0 nrdyerr=0 dclr=0
[DRV] init=0 id=7 mode=0x1 lib=0x2 seq=0x1 odc=0x8b sts=0xe0 armed=1
[TRG] pulses=313 suppressed=121 cyc=1600 rst=1 rstmode=0x40
[HLT] polls=566 faults=0x0 cfglost=0
[EFF] n=5 last=58555 min=58548 max=58555 late=0 stuck=0 rderr=0
[IMU] init=0 addr=0x68 who=0x68 rst=1 pmrb0=0x40 pmrb=0x1 sr=19 cfg=4 gcfg=0x0 acfg=0x8 icfg=0x30 ien=0x1 armed=1
[ACC] reads=28320 stale=28286 rderr=1 ax=55 ay=-20 az=1122
[PWR] pm=0x1 drift=1 rderr=0
[DWT] ok=1 cyc=2612378982 cyc_per_ms=799999
[HB] up_ms=627230 frames=28367 inf=28367 hazard=435 canary_err=0 q=0 qovr=0
[I2C] init=0 gate=0 whoami=0x140e0 wr=0 wrseen=0x27 addr=0x5a ok=174063 err=1 tmo=0 recov=2 pclk1=200000000 sysclk=400000000
[NAK] nacks=1
[CLK] cpu=800000000 sysb=400000000 pclk1=200000000
[TOF] res=0 step=0 id=0xeacc blk=0xeacc10 ctl=0x0
[RNG] init=0 step=99 id=0xeacc boot=1 calls=93 xerr=0 dm=1 tb=15
[RNG] osc=41 imp=881 imprb=881 mstart=0x40 cfg=91 cfgfail=0x0 vhv=0 vpolls=0
[PRT] calls=113589 xerr=0 ler=1 lidx=0x0 perr=0 maxcnt=17 addr8=0x52
[RTY] wr=0 wmax=0 wref=0  rd=0 rmax=0 rref=0
[RNG] frames=28369 last=49 min=12 max=159 nrdy=0 dxfer=0 dstat=0 lst=0 nrdyerr=0 dclr=0
[DRV] init=0 id=7 mode=0x1 lib=0x2 seq=0x1 odc=0x8b sts=0xe0 armed=1
[TRG] pulses=314 suppressed=121 cyc=1600 rst=1 rstmode=0x40
[HLT] polls=567 faults=0x0 cfglost=0
[EFF] n=5 last=58555 min=58548 max=58555 late=0 stuck=0 rderr=0
[IMU] init=0 addr=0x68 who=0x68 rst=1 pmrb0=0x40 pmrb=0x1 sr=19 cfg=4 gcfg=0x0 acfg=0x8 icfg=0x30 ien=0x1 armed=1
[ACC] reads=28370 stale=28336 rderr=1 ax=54 ay=-21 az=1119
[PWR] pm=0x1 drift=1 rderr=0
[DWT] ok=1 cyc=3493978930 cyc_per_ms=799999
[HB] up_ms=628332 frames=28417 inf=28417 hazard=436 canary_err=0 q=0 qovr=0
[I2C] init=0 gate=0 whoami=0x140e0 wr=0 wrseen=0x27 addr=0x5a ok=174365 err=1 tmo=0 recov=2 pclk1=200000000 sysclk=400000000
[NAK] nacks=1
[CLK] cpu=800000000 sysb=400000000 pclk1=200000000
[TOF] res=0 step=0 id=0xeacc blk=0xeacc10 ctl=0x0
[RNG] init=0 step=99 id=0xeacc boot=1 calls=93 xerr=0 dm=1 tb=15
[RNG] osc=41 imp=881 imprb=881 mstart=0x40 cfg=91 cfgfail=0x0 vhv=0 vpolls=0
[PRT] calls=113785 xerr=0 ler=1 lidx=0x0 perr=0 maxcnt=17 addr8=0x52
[RTY] wr=0 wmax=0 wref=0  rd=0 rmax=0 rref=0
[RNG] frames=28419 last=38 min=12 max=159 nrdy=0 dxfer=0 dstat=0 lst=0 nrdyerr=0 dclr=0
[DRV] init=0 id=7 mode=0x1 lib=0x2 seq=0x1 odc=0x8b sts=0xe0 armed=1
[TRG] pulses=315 suppressed=121 cyc=1600 rst=1 rstmode=0x40
[HLT] polls=568 faults=0x0 cfglost=0
[EFF] n=5 last=58555 min=58548 max=58555 late=0 stuck=0 rderr=0
[IMU] init=0 addr=0x68 who=0x68 rst=1 pmrb0=0x40 pmrb=0x1 sr=19 cfg=4 gcfg=0x0 acfg=0x8 icfg=0x30 ien=0x1 armed=1
[ACC] reads=28420 stale=28385 rderr=1 ax=54 ay=-20 az=1124
[PWR] pm=0x1 drift=1 rderr=0
[DWT] ok=1 cyc=80611606 cyc_per_ms=799999
[HB] up_ms=629434 frames=28467 inf=28467 hazard=436 canary_err=0 q=0 qovr=0
[I2C] init=0 gate=0 whoami=0x140e0 wr=0 wrseen=0x27 addr=0x5a ok=174667 err=1 tmo=0 recov=2 pclk1=200000000 sysclk=400000000
[NAK] nacks=1
[CLK] cpu=800000000 sysb=400000000 pclk1=200000000
[TOF] res=0 step=0 id=0xeacc blk=0xeacc10 ctl=0x0
[RNG] init=0 step=99 id=0xeacc boot=1 calls=93 xerr=0 dm=1 tb=15
[RNG] osc=41 imp=881 imprb=881 mstart=0x40 cfg=91 cfgfail=0x0 vhv=0 vpolls=0
[PRT] calls=113985 xerr=0 ler=1 lidx=0x0 perr=0 maxcnt=17 addr8=0x52
[RTY] wr=0 wmax=0 wref=0  rd=0 rmax=0 rref=0
[RNG] frames=28469 last=40 min=12 max=159 nrdy=0 dxfer=0 dstat=0 lst=0 nrdyerr=0 dclr=0
[DRV] init=0 id=7 mode=0x1 lib=0x2 seq=0x1 odc=0x8b sts=0xe0 armed=1
[TRG] pulses=315 suppressed=121 cyc=1600 rst=1 rstmode=0x40
[HLT] polls=569 faults=0x0 cfglost=0
[EFF] n=5 last=58555 min=58548 max=58555 late=0 stuck=0 rderr=0
[IMU] init=0 addr=0x68 who=0x68 rst=1 pmrb0=0x40 pmrb=0x1 sr=19 cfg=4 gcfg=0x0 acfg=0x8 icfg=0x30 ien=0x1 armed=1
[ACC] reads=28469 stale=28434 rderr=1 ax=54 ay=-21 az=1123
[PWR] pm=0x1 drift=1 rderr=0
[DWT] ok=1 cyc=962211778 cyc_per_ms=800000
[HB] up_ms=630536 frames=28516 inf=28516 hazard=437 canary_err=0 q=0 qovr=0
[I2C] init=0 gate=0 whoami=0x140e0 wr=0 wrseen=0x27 addr=0x5a ok=174969 err=1 tmo=0 recov=2 pclk1=200000000 sysclk=400000000
[NAK] nacks=1
[CLK] cpu=800000000 sysb=400000000 pclk1=200000000
[TOF] res=0 step=0 id=0xeacc blk=0xeacc10 ctl=0x0
[RNG] init=0 step=99 id=0xeacc boot=1 calls=93 xerr=0 dm=1 tb=15
[RNG] osc=41 imp=881 imprb=881 mstart=0x40 cfg=91 cfgfail=0x0 vhv=0 vpolls=0
[PRT] calls=114185 xerr=0 ler=1 lidx=0x0 perr=0 maxcnt=17 addr8=0x52
[RTY] wr=0 wmax=0 wref=0  rd=0 rmax=0 rref=0
[RNG] frames=28519 last=45 min=12 max=159 nrdy=0 dxfer=0 dstat=0 lst=0 nrdyerr=0 dclr=0
[DRV] init=0 id=7 mode=0x1 lib=0x2 seq=0x1 odc=0x8b sts=0xe0 armed=1
[TRG] pulses=316 suppressed=121 cyc=1600 rst=1 rstmode=0x40
[HLT] polls=570 faults=0x0 cfglost=0
[EFF] n=5 last=58555 min=58548 max=58555 late=0 stuck=0 rderr=0
[IMU] init=0 addr=0x68 who=0x68 rst=1 pmrb0=0x40 pmrb=0x1 sr=19 cfg=4 gcfg=0x0 acfg=0x8 icfg=0x30 ien=0x1 armed=1
[ACC] reads=28519 stale=28484 rderr=1 ax=53 ay=-21 az=1120
[PWR] pm=0x1 drift=1 rderr=0
[DWT] ok=1 cyc=1843948212 cyc_per_ms=800123
[HB] up_ms=631639 frames=28566 inf=28566 hazard=437 canary_err=0 q=0 qovr=0
[I2C] init=0 gate=0 whoami=0x140e0 wr=0 wrseen=0x27 addr=0x5a ok=175271 err=1 tmo=0 recov=2 pclk1=200000000 sysclk=400000000
[NAK] nacks=1
[CLK] cpu=800000000 sysb=400000000 pclk1=200000000
[TOF] res=0 step=0 id=0xeacc blk=0xeacc10 ctl=0x0
[RNG] init=0 step=99 id=0xeacc boot=1 calls=93 xerr=0 dm=1 tb=15
[RNG] osc=41 imp=881 imprb=881 mstart=0x40 cfg=91 cfgfail=0x0 vhv=0 vpolls=0
[PRT] calls=114385 xerr=0 ler=1 lidx=0x0 perr=0 maxcnt=17 addr8=0x52
[RTY] wr=0 wmax=0 wref=0  rd=0 rmax=0 rref=0
[RNG] frames=28569 last=26 min=12 max=159 nrdy=0 dxfer=0 dstat=0 lst=0 nrdyerr=0 dclr=0
[DRV] init=0 id=7 mode=0x1 lib=0x2 seq=0x1 odc=0x8b sts=0xe0 armed=1
[TRG] pulses=316 suppressed=121 cyc=1600 rst=1 rstmode=0x40
[HLT] polls=571 faults=0x0 cfglost=0
[EFF] n=5 last=58555 min=58548 max=58555 late=0 stuck=0 rderr=0
[IMU] init=0 addr=0x68 who=0x68 rst=1 pmrb0=0x40 pmrb=0x1 sr=19 cfg=4 gcfg=0x0 acfg=0x8 icfg=0x30 ien=0x1 armed=1
[ACC] reads=28569 stale=28534 rderr=1 ax=55 ay=-19 az=1125
[PWR] pm=0x1 drift=1 rderr=0
[DWT] ok=1 cyc=2726348956 cyc_per_ms=800000
[HB] up_ms=632742 frames=28616 inf=28616 hazard=437 canary_err=0 q=0 qovr=0
[I2C] init=0 gate=0 whoami=0x140e0 wr=0 wrseen=0x27 addr=0x5a ok=175573 err=1 tmo=0 recov=2 pclk1=200000000 sysclk=400000000
[NAK] nacks=1
[CLK] cpu=800000000 sysb=400000000 pclk1=200000000
[TOF] res=0 step=0 id=0xeacc blk=0xeacc10 ctl=0x0
[RNG] init=0 step=99 id=0xeacc boot=1 calls=93 xerr=0 dm=1 tb=15
[RNG] osc=41 imp=881 imprb=881 mstart=0x40 cfg=91 cfgfail=0x0 vhv=0 vpolls=0
[PRT] calls=114585 xerr=0 ler=1 lidx=0x0 perr=0 maxcnt=17 addr8=0x52
[RTY] wr=0 wmax=0 wref=0  rd=0 rmax=0 rref=0
[RNG] frames=28618 last=46 min=12 max=159 nrdy=0 dxfer=0 dstat=0 lst=0 nrdyerr=0 dclr=0
[DRV] init=0 id=7 mode=0x1 lib=0x2 seq=0x1 odc=0x8b sts=0xe0 armed=1
[TRG] pulses=316 suppressed=121 cyc=1600 rst=1 rstmode=0x40
[HLT] polls=572 faults=0x0 cfglost=0
[EFF] n=5 last=58555 min=58548 max=58555 late=0 stuck=0 rderr=0
[IMU] init=0 addr=0x68 who=0x68 rst=1 pmrb0=0x40 pmrb=0x1 sr=19 cfg=4 gcfg=0x0 acfg=0x8 icfg=0x30 ien=0x1 armed=1
[ACC] reads=28619 stale=28584 rderr=1 ax=55 ay=-20 az=1124
[PWR] pm=0x1 drift=1 rderr=0
[DWT] ok=1 cyc=3608724704 cyc_per_ms=799978
[HB] up_ms=633845 frames=28666 inf=28666 hazard=437 canary_err=0 q=0 qovr=0
[I2C] init=0 gate=0 whoami=0x140e0 wr=0 wrseen=0x27 addr=0x5a ok=175871 err=1 tmo=0 recov=2 pclk1=200000000 sysclk=400000000
[NAK] nacks=1
[CLK] cpu=800000000 sysb=400000000 pclk1=200000000
[TOF] res=0 step=0 id=0xeacc blk=0xeacc10 ctl=0x0
[RNG] init=0 step=99 id=0xeacc boot=1 calls=93 xerr=0 dm=1 tb=15
[RNG] osc=41 imp=881 imprb=881 mstart=0x40 cfg=91 cfgfail=0x0 vhv=0 vpolls=0
[PRT] calls=114785 xerr=0 ler=1 lidx=0x0 perr=0 maxcnt=17 addr8=0x52
[RTY] wr=0 wmax=0 wref=0  rd=0 rmax=0 rref=0
[RNG] frames=28668 last=38 min=12 max=159 nrdy=0 dxfer=0 dstat=0 lst=0 nrdyerr=0 dclr=0
[DRV] init=0 id=7 mode=0x1 lib=0x2 seq=0x1 odc=0x8b sts=0xe0 armed=1
[TRG] pulses=316 suppressed=121 cyc=1600 rst=1 rstmode=0x40
[HLT] polls=573 faults=0x0 cfglost=0
[EFF] n=5 last=58555 min=58548 max=58555 late=0 stuck=0 rderr=0
[IMU] init=0 addr=0x68 who=0x68 rst=1 pmrb0=0x40 pmrb=0x1 sr=19 cfg=4 gcfg=0x0 acfg=0x8 icfg=0x30 ien=0x1 armed=1
[ACC] reads=28669 stale=28634 rderr=1 ax=54 ay=-20 az=1125
[PWR] pm=0x1 drift=1 rderr=0
[DWT] ok=1 cyc=196044342 cyc_per_ms=799897
[HB] up_ms=634947 frames=28716 inf=28716 hazard=438 canary_err=0 q=0 qovr=0
[I2C] init=0 gate=0 whoami=0x140e0 wr=0 wrseen=0x27 addr=0x5a ok=176171 err=1 tmo=0 recov=2 pclk1=200000000 sysclk=400000000
[NAK] nacks=1
[CLK] cpu=800000000 sysb=400000000 pclk1=200000000
[TOF] res=0 step=0 id=0xeacc blk=0xeacc10 ctl=0x0
[RNG] init=0 step=99 id=0xeacc boot=1 calls=93 xerr=0 dm=1 tb=15
[RNG] osc=41 imp=881 imprb=881 mstart=0x40 cfg=91 cfgfail=0x0 vhv=0 vpolls=0
[PRT] calls=114985 xerr=0 ler=1 lidx=0x0 perr=0 maxcnt=17 addr8=0x52
[RTY] wr=0 wmax=0 wref=0  rd=0 rmax=0 rref=0
[RNG] frames=28718 last=50 min=12 max=159 nrdy=0 dxfer=0 dstat=0 lst=0 nrdyerr=0 dclr=0
[DRV] init=0 id=7 mode=0x1 lib=0x2 seq=0x1 odc=0x8b sts=0xe0 armed=1
[TRG] pulses=317 suppressed=121 cyc=1600 rst=1 rstmode=0x40
[HLT] polls=574 faults=0x0 cfglost=0
[EFF] n=5 last=58555 min=58548 max=58555 late=0 stuck=0 rderr=0
[IMU] init=0 addr=0x68 who=0x68 rst=1 pmrb0=0x40 pmrb=0x1 sr=19 cfg=4 gcfg=0x0 acfg=0x8 icfg=0x30 ien=0x1 armed=1
[ACC] reads=28719 stale=28684 rderr=1 ax=54 ay=-20 az=1124
[PWR] pm=0x1 drift=1 rderr=0
[DWT] ok=1 cyc=1077644446 cyc_per_ms=800000
[HB] up_ms=636049 frames=28766 inf=28766 hazard=438 canary_err=0 q=0 qovr=0
[I2C] init=0 gate=0 whoami=0x140e0 wr=0 wrseen=0x27 addr=0x5a ok=176473 err=1 tmo=0 recov=2 pclk1=200000000 sysclk=400000000
[NAK] nacks=1
[CLK] cpu=800000000 sysb=400000000 pclk1=200000000
[TOF] res=0 step=0 id=0xeacc blk=0xeacc10 ctl=0x0
[RNG] init=0 step=99 id=0xeacc boot=1 calls=93 xerr=0 dm=1 tb=15
[RNG] osc=41 imp=881 imprb=881 mstart=0x40 cfg=91 cfgfail=0x0 vhv=0 vpolls=0
[PRT] calls=115185 xerr=0 ler=1 lidx=0x0 perr=0 maxcnt=17 addr8=0x52
[RTY] wr=0 wmax=0 wref=0  rd=0 rmax=0 rref=0
[RNG] frames=28768 last=31 min=12 max=159 nrdy=0 dxfer=0 dstat=0 lst=0 nrdyerr=0 dclr=0
[DRV] init=0 id=7 mode=0x1 lib=0x2 seq=0x1 odc=0x8b sts=0xe0 armed=1
[TRG] pulses=317 suppressed=121 cyc=1600 rst=1 rstmode=0x40
[HLT] polls=575 faults=0x0 cfglost=0
[EFF] n=5 last=58555 min=58548 max=58555 late=0 stuck=0 rderr=0
[IMU] init=0 addr=0x68 who=0x68 rst=1 pmrb0=0x40 pmrb=0x1 sr=19 cfg=4 gcfg=0x0 acfg=0x8 icfg=0x30 ien=0x1 armed=1
[ACC] reads=28769 stale=28734 rderr=1 ax=52 ay=-20 az=1123
[PWR] pm=0x1 drift=1 rderr=0
[DWT] ok=1 cyc=1959244342 cyc_per_ms=799999
[HB] up_ms=637151 frames=28816 inf=28816 hazard=439 canary_err=0 q=0 qovr=0
[I2C] init=0 gate=0 whoami=0x140e0 wr=0 wrseen=0x27 addr=0x5a ok=176775 err=1 tmo=0 recov=2 pclk1=200000000 sysclk=400000000
[NAK] nacks=1
[CLK] cpu=800000000 sysb=400000000 pclk1=200000000
[TOF] res=0 step=0 id=0xeacc blk=0xeacc10 ctl=0x0
[RNG] init=0 step=99 id=0xeacc boot=1 calls=93 xerr=0 dm=1 tb=15
[RNG] osc=41 imp=881 imprb=881 mstart=0x40 cfg=91 cfgfail=0x0 vhv=0 vpolls=0
[PRT] calls=115385 xerr=0 ler=1 lidx=0x0 perr=0 maxcnt=17 addr8=0x52
[RTY] wr=0 wmax=0 wref=0  rd=0 rmax=0 rref=0
[RNG] frames=28818 last=36 min=12 max=159 nrdy=0 dxfer=0 dstat=0 lst=0 nrdyerr=0 dclr=0
[DRV] init=0 id=7 mode=0x1 lib=0x2 seq=0x1 odc=0x8b sts=0xe0 armed=1
[TRG] pulses=318 suppressed=121 cyc=1600 rst=1 rstmode=0x40
[HLT] polls=576 faults=0x0 cfglost=0
[EFF] n=5 last=58555 min=58548 max=58555 late=0 stuck=0 rderr=0
[IMU] init=0 addr=0x68 who=0x68 rst=1 pmrb0=0x40 pmrb=0x1 sr=19 cfg=4 gcfg=0x0 acfg=0x8 icfg=0x30 ien=0x1 armed=1
[ACC] reads=28819 stale=28784 rderr=1 ax=54 ay=-22 az=1121
[PWR] pm=0x1 drift=1 rderr=0
[DWT] ok=1 cyc=2840844342 cyc_per_ms=800000
[HB] up_ms=638253 frames=28866 inf=28866 hazard=439 canary_err=0 q=0 qovr=0
[I2C] init=0 gate=0 whoami=0x140e0 wr=0 wrseen=0x27 addr=0x5a ok=177077 err=1 tmo=0 recov=2 pclk1=200000000 sysclk=400000000
[NAK] nacks=1
[CLK] cpu=800000000 sysb=400000000 pclk1=200000000
[TOF] res=0 step=0 id=0xeacc blk=0xeacc10 ctl=0x0
[RNG] init=0 step=99 id=0xeacc boot=1 calls=93 xerr=0 dm=1 tb=15
[RNG] osc=41 imp=881 imprb=881 mstart=0x40 cfg=91 cfgfail=0x0 vhv=0 vpolls=0
[PRT] calls=115585 xerr=0 ler=1 lidx=0x0 perr=0 maxcnt=17 addr8=0x52
[RTY] wr=0 wmax=0 wref=0  rd=0 rmax=0 rref=0
[RNG] frames=28868 last=47 min=12 max=159 nrdy=0 dxfer=0 dstat=0 lst=0 nrdyerr=0 dclr=0
[DRV] init=0 id=7 mode=0x1 lib=0x2 seq=0x1 odc=0x8b sts=0xe0 armed=1
[TRG] pulses=318 suppressed=121 cyc=1600 rst=1 rstmode=0x40
[HLT] polls=577 faults=0x0 cfglost=0
[EFF] n=5 last=58555 min=58548 max=58555 late=0 stuck=0 rderr=0
[IMU] init=0 addr=0x68 who=0x68 rst=1 pmrb0=0x40 pmrb=0x1 sr=19 cfg=4 gcfg=0x0 acfg=0x8 icfg=0x30 ien=0x1 armed=1
[ACC] reads=28869 stale=28834 rderr=1 ax=53 ay=-20 az=1123
[PWR] pm=0x1 drift=1 rderr=0
[DWT] ok=1 cyc=3722444466 cyc_per_ms=800000
[HB] up_ms=639355 frames=28916 inf=28916 hazard=439 canary_err=0 q=0 qovr=0
[I2C] init=0 gate=0 whoami=0x140e0 wr=0 wrseen=0x27 addr=0x5a ok=177379 err=1 tmo=0 recov=2 pclk1=200000000 sysclk=400000000
[NAK] nacks=1
[CLK] cpu=800000000 sysb=400000000 pclk1=200000000
[TOF] res=0 step=0 id=0xeacc blk=0xeacc10 ctl=0x0
[RNG] init=0 step=99 id=0xeacc boot=1 calls=93 xerr=0 dm=1 tb=15
[RNG] osc=41 imp=881 imprb=881 mstart=0x40 cfg=91 cfgfail=0x0 vhv=0 vpolls=0
[PRT] calls=115784 xerr=0 ler=1 lidx=0x0 perr=0 maxcnt=17 addr8=0x52
[RTY] wr=0 wmax=0 wref=0  rd=0 rmax=0 rref=0
[RNG] frames=28918 last=43 min=12 max=159 nrdy=0 dxfer=0 dstat=0 lst=0 nrdyerr=0 dclr=0
[DRV] init=0 id=7 mode=0x1 lib=0x2 seq=0x1 odc=0x8b sts=0xe0 armed=1
[TRG] pulses=318 suppressed=121 cyc=1600 rst=1 rstmode=0x40
[HLT] polls=578 faults=0x0 cfglost=0
[EFF] n=5 last=58555 min=58548 max=58555 late=0 stuck=0 rderr=0
[IMU] init=0 addr=0x68 who=0x68 rst=1 pmrb0=0x40 pmrb=0x1 sr=19 cfg=4 gcfg=0x0 acfg=0x8 icfg=0x30 ien=0x1 armed=1
[ACC] reads=28919 stale=28884 rderr=1 ax=55 ay=-20 az=1122
[PWR] pm=0x1 drift=1 rderr=0
[DWT] ok=1 cyc=309077066 cyc_per_ms=799999
[HB] up_ms=640457 frames=28966 inf=28966 hazard=441 canary_err=0 q=0 qovr=0
[I2C] init=0 gate=0 whoami=0x140e0 wr=0 wrseen=0x27 addr=0x5a ok=177681 err=1 tmo=0 recov=2 pclk1=200000000 sysclk=400000000
[NAK] nacks=1
[CLK] cpu=800000000 sysb=400000000 pclk1=200000000
[TOF] res=0 step=0 id=0xeacc blk=0xeacc10 ctl=0x0
[RNG] init=0 step=99 id=0xeacc boot=1 calls=93 xerr=0 dm=1 tb=15
[RNG] osc=41 imp=881 imprb=881 mstart=0x40 cfg=91 cfgfail=0x0 vhv=0 vpolls=0
[PRT] calls=115981 xerr=0 ler=1 lidx=0x0 perr=0 maxcnt=17 addr8=0x52
[RTY] wr=0 wmax=0 wref=0  rd=0 rmax=0 rref=0
[RNG] frames=28968 last=44 min=12 max=159 nrdy=0 dxfer=0 dstat=0 lst=0 nrdyerr=0 dclr=0
[DRV] init=0 id=7 mode=0x1 lib=0x2 seq=0x1 odc=0x8b sts=0xe0 armed=1
[TRG] pulses=319 suppressed=122 cyc=1600 rst=1 rstmode=0x40
[HLT] polls=579 faults=0x0 cfglost=0
[EFF] n=5 last=58555 min=58548 max=58555 late=0 stuck=0 rderr=0
[IMU] init=0 addr=0x68 who=0x68 rst=1 pmrb0=0x40 pmrb=0x1 sr=19 cfg=4 gcfg=0x0 acfg=0x8 icfg=0x30 ien=0x1 armed=1
[ACC] reads=28968 stale=28933 rderr=1 ax=55 ay=-23 az=1121
[PWR] pm=0x1 drift=1 rderr=0
[DWT] ok=1 cyc=1190676974 cyc_per_ms=799999
[HB] up_ms=641559 frames=29015 inf=29015 hazard=442 canary_err=0 q=0 qovr=0
[I2C] init=0 gate=0 whoami=0x140e0 wr=0 wrseen=0x27 addr=0x5a ok=177983 err=1 tmo=0 recov=2 pclk1=200000000 sysclk=400000000
[NAK] nacks=1
[CLK] cpu=800000000 sysb=400000000 pclk1=200000000
[TOF] res=0 step=0 id=0xeacc blk=0xeacc10 ctl=0x0
[RNG] init=0 step=99 id=0xeacc boot=1 calls=93 xerr=0 dm=1 tb=15
[RNG] osc=41 imp=881 imprb=881 mstart=0x40 cfg=91 cfgfail=0x0 vhv=0 vpolls=0
[PRT] calls=116181 xerr=0 ler=1 lidx=0x0 perr=0 maxcnt=17 addr8=0x52
[RTY] wr=0 wmax=0 wref=0  rd=0 rmax=0 rref=0
[RNG] frames=29018 last=39 min=12 max=159 nrdy=0 dxfer=0 dstat=0 lst=0 nrdyerr=0 dclr=0
[DRV] init=0 id=7 mode=0x1 lib=0x2 seq=0x1 odc=0x8b sts=0xe0 armed=1
[TRG] pulses=320 suppressed=122 cyc=1600 rst=1 rstmode=0x40
[HLT] polls=580 faults=0x0 cfglost=0
[EFF] n=5 last=58555 min=58548 max=58555 late=0 stuck=0 rderr=0
[IMU] init=0 addr=0x68 who=0x68 rst=1 pmrb0=0x40 pmrb=0x1 sr=19 cfg=4 gcfg=0x0 acfg=0x8 icfg=0x30 ien=0x1 armed=1
[ACC] reads=29018 stale=28982 rderr=1 ax=54 ay=-19 az=1125
[PWR] pm=0x1 drift=1 rderr=0
[DWT] ok=1 cyc=2072318272 cyc_per_ms=800037
[HB] up_ms=642661 frames=29065 inf=29065 hazard=443 canary_err=0 q=0 qovr=0
[I2C] init=0 gate=0 whoami=0x140e0 wr=0 wrseen=0x27 addr=0x5a ok=178285 err=1 tmo=0 recov=2 pclk1=200000000 sysclk=400000000
[NAK] nacks=1
[CLK] cpu=800000000 sysb=400000000 pclk1=200000000
[TOF] res=0 step=0 id=0xeacc blk=0xeacc10 ctl=0x0
[RNG] init=0 step=99 id=0xeacc boot=1 calls=93 xerr=0 dm=1 tb=15
[RNG] osc=41 imp=881 imprb=881 mstart=0x40 cfg=91 cfgfail=0x0 vhv=0 vpolls=0
[PRT] calls=116381 xerr=0 ler=1 lidx=0x0 perr=0 maxcnt=17 addr8=0x52
[RTY] wr=0 wmax=0 wref=0  rd=0 rmax=0 rref=0
[RNG] frames=29068 last=41 min=12 max=159 nrdy=0 dxfer=0 dstat=0 lst=0 nrdyerr=0 dclr=0
[DRV] init=0 id=7 mode=0x1 lib=0x2 seq=0x1 odc=0x8b sts=0xe0 armed=1
[TRG] pulses=321 suppressed=122 cyc=1600 rst=1 rstmode=0x40
[HLT] polls=581 faults=0x0 cfglost=0
[EFF] n=5 last=58555 min=58548 max=58555 late=0 stuck=0 rderr=0
[IMU] init=0 addr=0x68 who=0x68 rst=1 pmrb0=0x40 pmrb=0x1 sr=19 cfg=4 gcfg=0x0 acfg=0x8 icfg=0x30 ien=0x1 armed=1
[ACC] reads=29068 stale=29032 rderr=1 ax=54 ay=-20 az=1120
[PWR] pm=0x1 drift=1 rderr=0
[DWT] ok=1 cyc=2954014548 cyc_per_ms=800087
[HB] up_ms=643764 frames=29115 inf=29115 hazard=444 canary_err=0 q=0 qovr=0
[I2C] init=0 gate=0 whoami=0x140e0 wr=0 wrseen=0x27 addr=0x5a ok=178587 err=1 tmo=0 recov=2 pclk1=200000000 sysclk=400000000
[NAK] nacks=1
[CLK] cpu=800000000 sysb=400000000 pclk1=200000000
[TOF] res=0 step=0 id=0xeacc blk=0xeacc10 ctl=0x0
[RNG] init=0 step=99 id=0xeacc boot=1 calls=93 xerr=0 dm=1 tb=15
[RNG] osc=41 imp=881 imprb=881 mstart=0x40 cfg=91 cfgfail=0x0 vhv=0 vpolls=0
[PRT] calls=116581 xerr=0 ler=1 lidx=0x0 perr=0 maxcnt=17 addr8=0x52
[RTY] wr=0 wmax=0 wref=0  rd=0 rmax=0 rref=0
[RNG] frames=29118 last=37 min=12 max=159 nrdy=0 dxfer=0 dstat=0 lst=0 nrdyerr=0 dclr=0
[DRV] init=0 id=7 mode=0x1 lib=0x2 seq=0x1 odc=0x8b sts=0xe0 armed=1
[TRG] pulses=322 suppressed=122 cyc=1600 rst=1 rstmode=0x40
[HLT] polls=582 faults=0x0 cfglost=0
[EFF] n=5 last=58555 min=58548 max=58555 late=0 stuck=0 rderr=0
[IMU] init=0 addr=0x68 who=0x68 rst=1 pmrb0=0x40 pmrb=0x1 sr=19 cfg=4 gcfg=0x0 acfg=0x8 icfg=0x30 ien=0x1 armed=1
[ACC] reads=29118 stale=29082 rderr=1 ax=52 ay=-20 az=1123
[PWR] pm=0x1 drift=1 rderr=0
[DWT] ok=1 cyc=3836414364 cyc_per_ms=799999
[HB] up_ms=644867 frames=29165 inf=29165 hazard=444 canary_err=0 q=0 qovr=0
[I2C] init=0 gate=0 whoami=0x140e0 wr=0 wrseen=0x27 addr=0x5a ok=178888 err=1 tmo=0 recov=2 pclk1=200000000 sysclk=400000000
[NAK] nacks=1
[CLK] cpu=800000000 sysb=400000000 pclk1=200000000
[TOF] res=0 step=0 id=0xeacc blk=0xeacc10 ctl=0x0
[RNG] init=0 step=99 id=0xeacc boot=1 calls=93 xerr=0 dm=1 tb=15
[RNG] osc=41 imp=881 imprb=881 mstart=0x40 cfg=91 cfgfail=0x0 vhv=0 vpolls=0
[PRT] calls=116781 xerr=0 ler=1 lidx=0x0 perr=0 maxcnt=17 addr8=0x52
[RTY] wr=0 wmax=0 wref=0  rd=0 rmax=0 rref=0
[RNG] frames=29167 last=43 min=12 max=159 nrdy=0 dxfer=0 dstat=0 lst=0 nrdyerr=0 dclr=0
[DRV] init=0 id=7 mode=0x1 lib=0x2 seq=0x1 odc=0x8b sts=0xe0 armed=1
[TRG] pulses=322 suppressed=122 cyc=1600 rst=1 rstmode=0x40
[HLT] polls=583 faults=0x0 cfglost=0
[EFF] n=5 last=58555 min=58548 max=58555 late=0 stuck=0 rderr=0
[IMU] init=0 addr=0x68 who=0x68 rst=1 pmrb0=0x40 pmrb=0x1 sr=19 cfg=4 gcfg=0x0 acfg=0x8 icfg=0x30 ien=0x1 armed=1
[ACC] reads=29168 stale=29132 rderr=1 ax=54 ay=-21 az=1125
[PWR] pm=0x1 drift=1 rderr=0
[DWT] ok=1 cyc=423758988 cyc_per_ms=799920
[HB] up_ms=645969 frames=29215 inf=29215 hazard=444 canary_err=0 q=0 qovr=0
[I2C] init=0 gate=0 whoami=0x140e0 wr=0 wrseen=0x27 addr=0x5a ok=179185 err=1 tmo=0 recov=2 pclk1=200000000 sysclk=400000000
[NAK] nacks=1
[CLK] cpu=800000000 sysb=400000000 pclk1=200000000
[TOF] res=0 step=0 id=0xeacc blk=0xeacc10 ctl=0x0
[RNG] init=0 step=99 id=0xeacc boot=1 calls=93 xerr=0 dm=1 tb=15
[RNG] osc=41 imp=881 imprb=881 mstart=0x40 cfg=91 cfgfail=0x0 vhv=0 vpolls=0
[PRT] calls=116981 xerr=0 ler=1 lidx=0x0 perr=0 maxcnt=17 addr8=0x52
[RTY] wr=0 wmax=0 wref=0  rd=0 rmax=0 rref=0
[RNG] frames=29217 last=31 min=12 max=159 nrdy=0 dxfer=0 dstat=0 lst=0 nrdyerr=0 dclr=0
[DRV] init=0 id=7 mode=0x1 lib=0x2 seq=0x1 odc=0x8b sts=0xe0 armed=1
[TRG] pulses=322 suppressed=122 cyc=1600 rst=1 rstmode=0x40
[HLT] polls=584 faults=0x0 cfglost=0
[EFF] n=5 last=58555 min=58548 max=58555 late=0 stuck=0 rderr=0
[IMU] init=0 addr=0x68 who=0x68 rst=1 pmrb0=0x40 pmrb=0x1 sr=19 cfg=4 gcfg=0x0 acfg=0x8 icfg=0x30 ien=0x1 armed=1
[ACC] reads=29218 stale=29182 rderr=1 ax=53 ay=-20 az=1124
[PWR] pm=0x1 drift=1 rderr=0
[DWT] ok=1 cyc=1305309722 cyc_per_ms=799955
[HB] up_ms=647072 frames=29265 inf=29265 hazard=444 canary_err=0 q=0 qovr=0
[I2C] init=0 gate=0 whoami=0x140e0 wr=0 wrseen=0x27 addr=0x5a ok=179487 err=1 tmo=0 recov=2 pclk1=200000000 sysclk=400000000
[NAK] nacks=1
[CLK] cpu=800000000 sysb=400000000 pclk1=200000000
[TOF] res=0 step=0 id=0xeacc blk=0xeacc10 ctl=0x0
[RNG] init=0 step=99 id=0xeacc boot=1 calls=93 xerr=0 dm=1 tb=15
[RNG] osc=41 imp=881 imprb=881 mstart=0x40 cfg=91 cfgfail=0x0 vhv=0 vpolls=0
[PRT] calls=117181 xerr=0 ler=1 lidx=0x0 perr=0 maxcnt=17 addr8=0x52
[RTY] wr=0 wmax=0 wref=0  rd=0 rmax=0 rref=0
[RNG] frames=29267 last=50 min=12 max=159 nrdy=0 dxfer=0 dstat=0 lst=0 nrdyerr=0 dclr=0
[DRV] init=0 id=7 mode=0x1 lib=0x2 seq=0x1 odc=0x8b sts=0xe0 armed=1
[TRG] pulses=322 suppressed=122 cyc=1600 rst=1 rstmode=0x40
[HLT] polls=585 faults=0x0 cfglost=0
[EFF] n=5 last=58555 min=58548 max=58555 late=0 stuck=0 rderr=0
[IMU] init=0 addr=0x68 who=0x68 rst=1 pmrb0=0x40 pmrb=0x1 sr=19 cfg=4 gcfg=0x0 acfg=0x8 icfg=0x30 ien=0x1 armed=1
[ACC] reads=29268 stale=29232 rderr=1 ax=54 ay=-22 az=1125
[PWR] pm=0x1 drift=1 rderr=0
[DWT] ok=1 cyc=2187709826 cyc_per_ms=800000
[HB] up_ms=648174 frames=29315 inf=29315 hazard=444 canary_err=0 q=0 qovr=0
[I2C] init=0 gate=0 whoami=0x140e0 wr=0 wrseen=0x27 addr=0x5a ok=179789 err=1 tmo=0 recov=2 pclk1=200000000 sysclk=400000000
[NAK] nacks=1
[CLK] cpu=800000000 sysb=400000000 pclk1=200000000
[TOF] res=0 step=0 id=0xeacc blk=0xeacc10 ctl=0x0
[RNG] init=0 step=99 id=0xeacc boot=1 calls=93 xerr=0 dm=1 tb=15
[RNG] osc=41 imp=881 imprb=881 mstart=0x40 cfg=91 cfgfail=0x0 vhv=0 vpolls=0
[PRT] calls=117381 xerr=0 ler=1 lidx=0x0 perr=0 maxcnt=17 addr8=0x52
[RTY] wr=0 wmax=0 wref=0  rd=0 rmax=0 rref=0
[RNG] frames=29317 last=28 min=12 max=159 nrdy=0 dxfer=0 dstat=0 lst=0 nrdyerr=0 dclr=0
[DRV] init=0 id=7 mode=0x1 lib=0x2 seq=0x1 odc=0x8b sts=0xe0 armed=1
[TRG] pulses=322 suppressed=122 cyc=1600 rst=1 rstmode=0x40
[HLT] polls=586 faults=0x0 cfglost=0
[EFF] n=5 last=58555 min=58548 max=58555 late=0 stuck=0 rderr=0
[IMU] init=0 addr=0x68 who=0x68 rst=1 pmrb0=0x40 pmrb=0x1 sr=19 cfg=4 gcfg=0x0 acfg=0x8 icfg=0x30 ien=0x1 armed=1
[ACC] reads=29318 stale=29282 rderr=1 ax=54 ay=-21 az=1121
[PWR] pm=0x1 drift=1 rderr=0
[DWT] ok=1 cyc=3069309830 cyc_per_ms=800000
[HB] up_ms=649276 frames=29365 inf=29365 hazard=444 canary_err=0 q=0 qovr=0
[I2C] init=0 gate=0 whoami=0x140e0 wr=0 wrseen=0x27 addr=0x5a ok=180091 err=1 tmo=0 recov=2 pclk1=200000000 sysclk=400000000
[NAK] nacks=1
[CLK] cpu=800000000 sysb=400000000 pclk1=200000000
[TOF] res=0 step=0 id=0xeacc blk=0xeacc10 ctl=0x0
[RNG] init=0 step=99 id=0xeacc boot=1 calls=93 xerr=0 dm=1 tb=15
[RNG] osc=41 imp=881 imprb=881 mstart=0x40 cfg=91 cfgfail=0x0 vhv=0 vpolls=0
[PRT] calls=117581 xerr=0 ler=1 lidx=0x0 perr=0 maxcnt=17 addr8=0x52
[RTY] wr=0 wmax=0 wref=0  rd=0 rmax=0 rref=0
[RNG] frames=29367 last=44 min=12 max=159 nrdy=0 dxfer=0 dstat=0 lst=0 nrdyerr=0 dclr=0
[DRV] init=0 id=7 mode=0x1 lib=0x2 seq=0x1 odc=0x8b sts=0xe0 armed=1
[TRG] pulses=322 suppressed=122 cyc=1600 rst=1 rstmode=0x40
[HLT] polls=587 faults=0x0 cfglost=0
[EFF] n=5 last=58555 min=58548 max=58555 late=0 stuck=0 rderr=0
[IMU] init=0 addr=0x68 who=0x68 rst=1 pmrb0=0x40 pmrb=0x1 sr=19 cfg=4 gcfg=0x0 acfg=0x8 icfg=0x30 ien=0x1 armed=1
[ACC] reads=29368 stale=29332 rderr=1 ax=55 ay=-19 az=1124
[PWR] pm=0x1 drift=1 rderr=0
[DWT] ok=1 cyc=3950909742 cyc_per_ms=799999
[HB] up_ms=650378 frames=29415 inf=29415 hazard=444 canary_err=0 q=0 qovr=0
[I2C] init=0 gate=0 whoami=0x140e0 wr=0 wrseen=0x27 addr=0x5a ok=180393 err=1 tmo=0 recov=2 pclk1=200000000 sysclk=400000000
[NAK] nacks=1
[CLK] cpu=800000000 sysb=400000000 pclk1=200000000
[TOF] res=0 step=0 id=0xeacc blk=0xeacc10 ctl=0x0
[RNG] init=0 step=99 id=0xeacc boot=1 calls=93 xerr=0 dm=1 tb=15
[RNG] osc=41 imp=881 imprb=881 mstart=0x40 cfg=91 cfgfail=0x0 vhv=0 vpolls=0
[PRT] calls=117781 xerr=0 ler=1 lidx=0x0 perr=0 maxcnt=17 addr8=0x52
[RTY] wr=0 wmax=0 wref=0  rd=0 rmax=0 rref=0
[RNG] frames=29417 last=34 min=12 max=159 nrdy=0 dxfer=0 dstat=0 lst=0 nrdyerr=0 dclr=0
[DRV] init=0 id=7 mode=0x1 lib=0x2 seq=0x1 odc=0x8b sts=0xe0 armed=1
[TRG] pulses=322 suppressed=122 cyc=1600 rst=1 rstmode=0x40
[HLT] polls=588 faults=0x0 cfglost=0
[EFF] n=5 last=58555 min=58548 max=58555 late=0 stuck=0 rderr=0
[IMU] init=0 addr=0x68 who=0x68 rst=1 pmrb0=0x40 pmrb=0x1 sr=19 cfg=4 gcfg=0x0 acfg=0x8 icfg=0x30 ien=0x1 armed=1
[ACC] reads=29418 stale=29382 rderr=1 ax=54 ay=-21 az=1124
[PWR] pm=0x1 drift=1 rderr=0
[DWT] ok=1 cyc=537542438 cyc_per_ms=799999
[HB] up_ms=651480 frames=29465 inf=29465 hazard=445 canary_err=0 q=0 qovr=0
[I2C] init=0 gate=0 whoami=0x140e0 wr=0 wrseen=0x27 addr=0x5a ok=180695 err=1 tmo=0 recov=2 pclk1=200000000 sysclk=400000000
[NAK] nacks=1
[CLK] cpu=800000000 sysb=400000000 pclk1=200000000
[TOF] res=0 step=0 id=0xeacc blk=0xeacc10 ctl=0x0
[RNG] init=0 step=99 id=0xeacc boot=1 calls=93 xerr=0 dm=1 tb=15
[RNG] osc=41 imp=881 imprb=881 mstart=0x40 cfg=91 cfgfail=0x0 vhv=0 vpolls=0
[PRT] calls=117977 xerr=0 ler=1 lidx=0x0 perr=0 maxcnt=17 addr8=0x52
[RTY] wr=0 wmax=0 wref=0  rd=0 rmax=0 rref=0
[RNG] frames=29467 last=26 min=12 max=159 nrdy=0 dxfer=0 dstat=0 lst=0 nrdyerr=0 dclr=0
[DRV] init=0 id=7 mode=0x1 lib=0x2 seq=0x1 odc=0x8b sts=0xe0 armed=1
[TRG] pulses=323 suppressed=122 cyc=1600 rst=1 rstmode=0x40
[HLT] polls=589 faults=0x0 cfglost=0
[EFF] n=5 last=58555 min=58548 max=58555 late=0 stuck=0 rderr=0
[IMU] init=0 addr=0x68 who=0x68 rst=1 pmrb0=0x40 pmrb=0x1 sr=19 cfg=4 gcfg=0x0 acfg=0x8 icfg=0x30 ien=0x1 armed=1
[ACC] reads=29468 stale=29432 rderr=1 ax=56 ay=-21 az=1124
[PWR] pm=0x1 drift=1 rderr=0
[DWT] ok=1 cyc=1419142398 cyc_per_ms=799999
[HB] up_ms=652582 frames=29515 inf=29515 hazard=445 canary_err=0 q=0 qovr=0
[I2C] init=0 gate=0 whoami=0x140e0 wr=0 wrseen=0x27 addr=0x5a ok=180997 err=1 tmo=0 recov=2 pclk1=200000000 sysclk=400000000
[NAK] nacks=1
[CLK] cpu=800000000 sysb=400000000 pclk1=200000000
[TOF] res=0 step=0 id=0xeacc blk=0xeacc10 ctl=0x0
[RNG] init=0 step=99 id=0xeacc boot=1 calls=93 xerr=0 dm=1 tb=15
[RNG] osc=41 imp=881 imprb=881 mstart=0x40 cfg=91 cfgfail=0x0 vhv=0 vpolls=0
[PRT] calls=118177 xerr=0 ler=1 lidx=0x0 perr=0 maxcnt=17 addr8=0x52
[RTY] wr=0 wmax=0 wref=0  rd=0 rmax=0 rref=0
[RNG] frames=29517 last=40 min=12 max=159 nrdy=0 dxfer=0 dstat=0 lst=0 nrdyerr=0 dclr=0
[DRV] init=0 id=7 mode=0x1 lib=0x2 seq=0x1 odc=0x8b sts=0xe0 armed=1
[TRG] pulses=323 suppressed=122 cyc=1600 rst=1 rstmode=0x40
[HLT] polls=590 faults=0x0 cfglost=0
[EFF] n=5 last=58555 min=58548 max=58555 late=0 stuck=0 rderr=0
[IMU] init=0 addr=0x68 who=0x68 rst=1 pmrb0=0x40 pmrb=0x1 sr=19 cfg=4 gcfg=0x0 acfg=0x8 icfg=0x30 ien=0x1 armed=1
[ACC] reads=29517 stale=29481 rderr=1 ax=54 ay=-21 az=1123
[PWR] pm=0x1 drift=1 rderr=0
[DWT] ok=1 cyc=2300742518 cyc_per_ms=800000
[HB] up_ms=653684 frames=29564 inf=29564 hazard=445 canary_err=0 q=0 qovr=0
[I2C] init=0 gate=0 whoami=0x140e0 wr=0 wrseen=0x27 addr=0x5a ok=181299 err=1 tmo=0 recov=2 pclk1=200000000 sysclk=400000000
[NAK] nacks=1
[CLK] cpu=800000000 sysb=400000000 pclk1=200000000
[TOF] res=0 step=0 id=0xeacc blk=0xeacc10 ctl=0x0
[RNG] init=0 step=99 id=0xeacc boot=1 calls=93 xerr=0 dm=1 tb=15
[RNG] osc=41 imp=881 imprb=881 mstart=0x40 cfg=91 cfgfail=0x0 vhv=0 vpolls=0
[PRT] calls=118377 xerr=0 ler=1 lidx=0x0 perr=0 maxcnt=17 addr8=0x52
[RTY] wr=0 wmax=0 wref=0  rd=0 rmax=0 rref=0
[RNG] frames=29567 last=45 min=12 max=159 nrdy=0 dxfer=0 dstat=0 lst=0 nrdyerr=0 dclr=0
[DRV] init=0 id=7 mode=0x1 lib=0x2 seq=0x1 odc=0x8b sts=0xe0 armed=1
[TRG] pulses=323 suppressed=122 cyc=1600 rst=1 rstmode=0x40
[HLT] polls=591 faults=0x0 cfglost=0
[EFF] n=5 last=58555 min=58548 max=58555 late=0 stuck=0 rderr=0
[IMU] init=0 addr=0x68 who=0x68 rst=1 pmrb0=0x40 pmrb=0x1 sr=19 cfg=4 gcfg=0x0 acfg=0x8 icfg=0x30 ien=0x1 armed=1
[ACC] reads=29567 stale=29531 rderr=1 ax=55 ay=-21 az=1123
[PWR] pm=0x1 drift=1 rderr=0
[DWT] ok=1 cyc=3182479020 cyc_per_ms=800123
[HB] up_ms=654787 frames=29614 inf=29614 hazard=446 canary_err=0 q=0 qovr=0
[I2C] init=0 gate=0 whoami=0x140e0 wr=0 wrseen=0x27 addr=0x5a ok=181601 err=1 tmo=0 recov=2 pclk1=200000000 sysclk=400000000
[NAK] nacks=1
[CLK] cpu=800000000 sysb=400000000 pclk1=200000000
[TOF] res=0 step=0 id=0xeacc blk=0xeacc10 ctl=0x0
[RNG] init=0 step=99 id=0xeacc boot=1 calls=93 xerr=0 dm=1 tb=15
[RNG] osc=41 imp=881 imprb=881 mstart=0x40 cfg=91 cfgfail=0x0 vhv=0 vpolls=0
[PRT] calls=118577 xerr=0 ler=1 lidx=0x0 perr=0 maxcnt=17 addr8=0x52
[RTY] wr=0 wmax=0 wref=0  rd=0 rmax=0 rref=0
[RNG] frames=29617 last=42 min=12 max=159 nrdy=0 dxfer=0 dstat=0 lst=0 nrdyerr=0 dclr=0
[DRV] init=0 id=7 mode=0x1 lib=0x2 seq=0x1 odc=0x8b sts=0xe0 armed=1
[TRG] pulses=324 suppressed=122 cyc=1600 rst=1 rstmode=0x40
[HLT] polls=592 faults=0x0 cfglost=0
[EFF] n=5 last=58555 min=58548 max=58555 late=0 stuck=0 rderr=0
[IMU] init=0 addr=0x68 who=0x68 rst=1 pmrb0=0x40 pmrb=0x1 sr=19 cfg=4 gcfg=0x0 acfg=0x8 icfg=0x30 ien=0x1 armed=1
[ACC] reads=29617 stale=29581 rderr=1 ax=54 ay=-20 az=1126
[PWR] pm=0x1 drift=1 rderr=0
[DWT] ok=1 cyc=4064879792 cyc_per_ms=800000
[HB] up_ms=655890 frames=29664 inf=29664 hazard=446 canary_err=0 q=0 qovr=0
[I2C] init=0 gate=0 whoami=0x140e0 wr=0 wrseen=0x27 addr=0x5a ok=181903 err=1 tmo=0 recov=2 pclk1=200000000 sysclk=400000000
[NAK] nacks=1
[CLK] cpu=800000000 sysb=400000000 pclk1=200000000
[TOF] res=0 step=0 id=0xeacc blk=0xeacc10 ctl=0x0
[RNG] init=0 step=99 id=0xeacc boot=1 calls=93 xerr=0 dm=1 tb=15
[RNG] osc=41 imp=881 imprb=881 mstart=0x40 cfg=91 cfgfail=0x0 vhv=0 vpolls=0
[PRT] calls=118777 xerr=0 ler=1 lidx=0x0 perr=0 maxcnt=17 addr8=0x52
[RTY] wr=0 wmax=0 wref=0  rd=0 rmax=0 rref=0
[RNG] frames=29666 last=37 min=12 max=159 nrdy=0 dxfer=0 dstat=0 lst=0 nrdyerr=0 dclr=0
[DRV] init=0 id=7 mode=0x1 lib=0x2 seq=0x1 odc=0x8b sts=0xe0 armed=1
[TRG] pulses=324 suppressed=122 cyc=1600 rst=1 rstmode=0x40
[HLT] polls=593 faults=0x0 cfglost=0
[EFF] n=5 last=58555 min=58548 max=58555 late=0 stuck=0 rderr=0
[IMU] init=0 addr=0x68 who=0x68 rst=1 pmrb0=0x40 pmrb=0x1 sr=19 cfg=4 gcfg=0x0 acfg=0x8 icfg=0x30 ien=0x1 armed=1
[ACC] reads=29667 stale=29631 rderr=1 ax=55 ay=-19 az=1121
[PWR] pm=0x1 drift=1 rderr=0
[DWT] ok=1 cyc=652288208 cyc_per_ms=799977
[HB] up_ms=656992 frames=29714 inf=29714 hazard=446 canary_err=0 q=0 qovr=0
[I2C] init=0 gate=0 whoami=0x140e0 wr=0 wrseen=0x27 addr=0x5a ok=182199 err=1 tmo=0 recov=2 pclk1=200000000 sysclk=400000000
[NAK] nacks=1
[CLK] cpu=800000000 sysb=400000000 pclk1=200000000
[TOF] res=0 step=0 id=0xeacc blk=0xeacc10 ctl=0x0
[RNG] init=0 step=99 id=0xeacc boot=1 calls=93 xerr=0 dm=1 tb=15
[RNG] osc=41 imp=881 imprb=881 mstart=0x40 cfg=91 cfgfail=0x0 vhv=0 vpolls=0
[PRT] calls=118977 xerr=0 ler=1 lidx=0x0 perr=0 maxcnt=17 addr8=0x52
[RTY] wr=0 wmax=0 wref=0  rd=0 rmax=0 rref=0
[RNG] frames=29716 last=48 min=12 max=159 nrdy=0 dxfer=0 dstat=0 lst=0 nrdyerr=0 dclr=0
[DRV] init=0 id=7 mode=0x1 lib=0x2 seq=0x1 odc=0x8b sts=0xe0 armed=1
[TRG] pulses=324 suppressed=122 cyc=1600 rst=1 rstmode=0x40
[HLT] polls=594 faults=0x0 cfglost=0
[EFF] n=5 last=58555 min=58548 max=58555 late=0 stuck=0 rderr=0
[IMU] init=0 addr=0x68 who=0x68 rst=1 pmrb0=0x40 pmrb=0x1 sr=19 cfg=4 gcfg=0x0 acfg=0x8 icfg=0x30 ien=0x1 armed=1
[ACC] reads=29717 stale=29681 rderr=1 ax=52 ay=-20 az=1122
[PWR] pm=0x1 drift=1 rderr=0
[DWT] ok=1 cyc=1533775206 cyc_per_ms=799897
[HB] up_ms=658095 frames=29764 inf=29764 hazard=446 canary_err=0 q=0 qovr=0
[I2C] init=0 gate=0 whoami=0x140e0 wr=0 wrseen=0x27 addr=0x5a ok=182501 err=1 tmo=0 recov=2 pclk1=200000000 sysclk=400000000
[NAK] nacks=1
[CLK] cpu=800000000 sysb=400000000 pclk1=200000000
[TOF] res=0 step=0 id=0xeacc blk=0xeacc10 ctl=0x0
[RNG] init=0 step=99 id=0xeacc boot=1 calls=93 xerr=0 dm=1 tb=15
[RNG] osc=41 imp=881 imprb=881 mstart=0x40 cfg=91 cfgfail=0x0 vhv=0 vpolls=0
[PRT] calls=119177 xerr=0 ler=1 lidx=0x0 perr=0 maxcnt=17 addr8=0x52
[RTY] wr=0 wmax=0 wref=0  rd=0 rmax=0 rref=0
[RNG] frames=29766 last=29 min=12 max=159 nrdy=0 dxfer=0 dstat=0 lst=0 nrdyerr=0 dclr=0
[DRV] init=0 id=7 mode=0x1 lib=0x2 seq=0x1 odc=0x8b sts=0xe0 armed=1
[TRG] pulses=324 suppressed=122 cyc=1600 rst=1 rstmode=0x40
[HLT] polls=595 faults=0x0 cfglost=0
[EFF] n=5 last=58555 min=58548 max=58555 late=0 stuck=0 rderr=0
[IMU] init=0 addr=0x68 who=0x68 rst=1 pmrb0=0x40 pmrb=0x1 sr=19 cfg=4 gcfg=0x0 acfg=0x8 icfg=0x30 ien=0x1 armed=1
[ACC] reads=29767 stale=29731 rderr=1 ax=54 ay=-20 az=1124
[PWR] pm=0x1 drift=1 rderr=0
[DWT] ok=1 cyc=2416175214 cyc_per_ms=800000
[HB] up_ms=659197 frames=29814 inf=29814 hazard=446 canary_err=0 q=0 qovr=0
[I2C] init=0 gate=0 whoami=0x140e0 wr=0 wrseen=0x27 addr=0x5a ok=182803 err=1 tmo=0 recov=2 pclk1=200000000 sysclk=400000000
[NAK] nacks=1
[CLK] cpu=800000000 sysb=400000000 pclk1=200000000
[TOF] res=0 step=0 id=0xeacc blk=0xeacc10 ctl=0x0
[RNG] init=0 step=99 id=0xeacc boot=1 calls=93 xerr=0 dm=1 tb=15
[RNG] osc=41 imp=881 imprb=881 mstart=0x40 cfg=91 cfgfail=0x0 vhv=0 vpolls=0
[PRT] calls=119377 xerr=0 ler=1 lidx=0x0 perr=0 maxcnt=17 addr8=0x52
[RTY] wr=0 wmax=0 wref=0  rd=0 rmax=0 rref=0
[RNG] frames=29816 last=43 min=12 max=159 nrdy=0 dxfer=0 dstat=0 lst=0 nrdyerr=0 dclr=0
[DRV] init=0 id=7 mode=0x1 lib=0x2 seq=0x1 odc=0x8b sts=0xe0 armed=1
[TRG] pulses=324 suppressed=122 cyc=1600 rst=1 rstmode=0x40
[HLT] polls=596 faults=0x0 cfglost=0
[EFF] n=5 last=58555 min=58548 max=58555 late=0 stuck=0 rderr=0
[IMU] init=0 addr=0x68 who=0x68 rst=1 pmrb0=0x40 pmrb=0x1 sr=19 cfg=4 gcfg=0x0 acfg=0x8 icfg=0x30 ien=0x1 armed=1
[ACC] reads=29817 stale=29781 rderr=1 ax=54 ay=-21 az=1124
[PWR] pm=0x1 drift=1 rderr=0
[DWT] ok=1 cyc=3297775122 cyc_per_ms=799999
[HB] up_ms=660299 frames=29864 inf=29864 hazard=446 canary_err=0 q=0 qovr=0
[I2C] init=0 gate=0 whoami=0x140e0 wr=0 wrseen=0x27 addr=0x5a ok=183105 err=1 tmo=0 recov=2 pclk1=200000000 sysclk=400000000
[NAK] nacks=1
[CLK] cpu=800000000 sysb=400000000 pclk1=200000000
[TOF] res=0 step=0 id=0xeacc blk=0xeacc10 ctl=0x0
[RNG] init=0 step=99 id=0xeacc boot=1 calls=93 xerr=0 dm=1 tb=15
[RNG] osc=41 imp=881 imprb=881 mstart=0x40 cfg=91 cfgfail=0x0 vhv=0 vpolls=0
[PRT] calls=119577 xerr=0 ler=1 lidx=0x0 perr=0 maxcnt=17 addr8=0x52
[RTY] wr=0 wmax=0 wref=0  rd=0 rmax=0 rref=0
[RNG] frames=29866 last=39 min=12 max=159 nrdy=0 dxfer=0 dstat=0 lst=0 nrdyerr=0 dclr=0
[DRV] init=0 id=7 mode=0x1 lib=0x2 seq=0x1 odc=0x8b sts=0xe0 armed=1
[TRG] pulses=324 suppressed=122 cyc=1600 rst=1 rstmode=0x40
[HLT] polls=597 faults=0x0 cfglost=0
[EFF] n=5 last=58555 min=58548 max=58555 late=0 stuck=0 rderr=0
[IMU] init=0 addr=0x68 who=0x68 rst=1 pmrb0=0x40 pmrb=0x1 sr=19 cfg=4 gcfg=0x0 acfg=0x8 icfg=0x30 ien=0x1 armed=1
[ACC] reads=29867 stale=29831 rderr=1 ax=53 ay=-19 az=1121
[PWR] pm=0x1 drift=1 rderr=0
[DWT] ok=1 cyc=4179375086 cyc_per_ms=799999
[HB] up_ms=661401 frames=29914 inf=29914 hazard=446 canary_err=0 q=0 qovr=0
[I2C] init=0 gate=0 whoami=0x140e0 wr=0 wrseen=0x27 addr=0x5a ok=183407 err=1 tmo=0 recov=2 pclk1=200000000 sysclk=400000000
[NAK] nacks=1
[CLK] cpu=800000000 sysb=400000000 pclk1=200000000
[TOF] res=0 step=0 id=0xeacc blk=0xeacc10 ctl=0x0
[RNG] init=0 step=99 id=0xeacc boot=1 calls=93 xerr=0 dm=1 tb=15
[RNG] osc=41 imp=881 imprb=881 mstart=0x40 cfg=91 cfgfail=0x0 vhv=0 vpolls=0
[PRT] calls=119777 xerr=0 ler=1 lidx=0x0 perr=0 maxcnt=17 addr8=0x52
[RTY] wr=0 wmax=0 wref=0  rd=0 rmax=0 rref=0
[RNG] frames=29916 last=39 min=12 max=159 nrdy=0 dxfer=0 dstat=0 lst=0 nrdyerr=0 dclr=0
[DRV] init=0 id=7 mode=0x1 lib=0x2 seq=0x1 odc=0x8b sts=0xe0 armed=1
[TRG] pulses=324 suppressed=122 cyc=1600 rst=1 rstmode=0x40
[HLT] polls=598 faults=0x0 cfglost=0
[EFF] n=5 last=58555 min=58548 max=58555 late=0 stuck=0 rderr=0
[IMU] init=0 addr=0x68 who=0x68 rst=1 pmrb0=0x40 pmrb=0x1 sr=19 cfg=4 gcfg=0x0 acfg=0x8 icfg=0x30 ien=0x1 armed=1
[ACC] reads=29917 stale=29881 rderr=1 ax=53 ay=-20 az=1125
[PWR] pm=0x1 drift=1 rderr=0
[DWT] ok=1 cyc=766007930 cyc_per_ms=800000
[HB] up_ms=662503 frames=29964 inf=29964 hazard=447 canary_err=0 q=0 qovr=0
[I2C] init=0 gate=0 whoami=0x140e0 wr=0 wrseen=0x27 addr=0x5a ok=183709 err=1 tmo=0 recov=2 pclk1=200000000 sysclk=400000000
[NAK] nacks=1
[CLK] cpu=800000000 sysb=400000000 pclk1=200000000
[TOF] res=0 step=0 id=0xeacc blk=0xeacc10 ctl=0x0
[RNG] init=0 step=99 id=0xeacc boot=1 calls=93 xerr=0 dm=1 tb=15
[RNG] osc=41 imp=881 imprb=881 mstart=0x40 cfg=91 cfgfail=0x0 vhv=0 vpolls=0
[PRT] calls=119976 xerr=0 ler=1 lidx=0x0 perr=0 maxcnt=17 addr8=0x52
[RTY] wr=0 wmax=0 wref=0  rd=0 rmax=0 rref=0
[RNG] frames=29966 last=40 min=12 max=159 nrdy=0 dxfer=0 dstat=0 lst=0 nrdyerr=0 dclr=0
[DRV] init=0 id=7 mode=0x1 lib=0x2 seq=0x1 odc=0x8b sts=0xe0 armed=1
[TRG] pulses=325 suppressed=122 cyc=1600 rst=1 rstmode=0x40
[HLT] polls=599 faults=0x0 cfglost=0
[EFF] n=5 last=58555 min=58548 max=58555 late=0 stuck=0 rderr=0
[IMU] init=0 addr=0x68 who=0x68 rst=1 pmrb0=0x40 pmrb=0x1 sr=19 cfg=4 gcfg=0x0 acfg=0x8 icfg=0x30 ien=0x1 armed=1
[ACC] reads=29967 stale=29931 rderr=1 ax=54 ay=-21 az=1123
[PWR] pm=0x1 drift=1 rderr=0
[DWT] ok=1 cyc=1647607870 cyc_per_ms=799999
[HB] up_ms=663605 frames=30014 inf=30014 hazard=447 canary_err=0 q=0 qovr=0
[I2C] init=0 gate=0 whoami=0x140e0 wr=0 wrseen=0x27 addr=0x5a ok=184011 err=1 tmo=0 recov=2 pclk1=200000000 sysclk=400000000
[NAK] nacks=1
[CLK] cpu=800000000 sysb=400000000 pclk1=200000000
[TOF] res=0 step=0 id=0xeacc blk=0xeacc10 ctl=0x0
[RNG] init=0 step=99 id=0xeacc boot=1 calls=93 xerr=0 dm=1 tb=15
[RNG] osc=41 imp=881 imprb=881 mstart=0x40 cfg=91 cfgfail=0x0 vhv=0 vpolls=0
[PRT] calls=120173 xerr=0 ler=1 lidx=0x0 perr=0 maxcnt=17 addr8=0x52
[RTY] wr=0 wmax=0 wref=0  rd=0 rmax=0 rref=0
[RNG] frames=30016 last=42 min=12 max=159 nrdy=0 dxfer=0 dstat=0 lst=0 nrdyerr=0 dclr=0
[DRV] init=0 id=7 mode=0x1 lib=0x2 seq=0x1 odc=0x8b sts=0xe0 armed=1
[TRG] pulses=325 suppressed=122 cyc=1600 rst=1 rstmode=0x40
[HLT] polls=600 faults=0x0 cfglost=0
[EFF] n=5 last=58555 min=58548 max=58555 late=0 stuck=0 rderr=0
[IMU] init=0 addr=0x68 who=0x68 rst=1 pmrb0=0x40 pmrb=0x1 sr=19 cfg=4 gcfg=0x0 acfg=0x8 icfg=0x30 ien=0x1 armed=1
[ACC] reads=30016 stale=29981 rderr=1 ax=50 ay=-18 az=1122
[PWR] pm=0x1 drift=1 rderr=0
[DWT] ok=1 cyc=2529207814 cyc_per_ms=799999
[HB] up_ms=664707 frames=30063 inf=30063 hazard=447 canary_err=0 q=0 qovr=0
[I2C] init=0 gate=0 whoami=0x140e0 wr=0 wrseen=0x27 addr=0x5a ok=184313 err=1 tmo=0 recov=2 pclk1=200000000 sysclk=400000000
[NAK] nacks=1
[CLK] cpu=800000000 sysb=400000000 pclk1=200000000
[TOF] res=0 step=0 id=0xeacc blk=0xeacc10 ctl=0x0
[RNG] init=0 step=99 id=0xeacc boot=1 calls=93 xerr=0 dm=1 tb=15
[RNG] osc=41 imp=881 imprb=881 mstart=0x40 cfg=91 cfgfail=0x0 vhv=0 vpolls=0
[PRT] calls=120373 xerr=0 ler=1 lidx=0x0 perr=0 maxcnt=17 addr8=0x52
[RTY] wr=0 wmax=0 wref=0  rd=0 rmax=0 rref=0
[RNG] frames=30066 last=37 min=12 max=159 nrdy=0 dxfer=0 dstat=0 lst=0 nrdyerr=0 dclr=0
[DRV] init=0 id=7 mode=0x1 lib=0x2 seq=0x1 odc=0x8b sts=0xe0 armed=1
[TRG] pulses=325 suppressed=122 cyc=1600 rst=1 rstmode=0x40
[HLT] polls=601 faults=0x0 cfglost=0
[EFF] n=5 last=58555 min=58548 max=58555 late=0 stuck=0 rderr=0
[IMU] init=0 addr=0x68 who=0x68 rst=1 pmrb0=0x40 pmrb=0x1 sr=19 cfg=4 gcfg=0x0 acfg=0x8 icfg=0x30 ien=0x1 armed=1
[ACC] reads=30066 stale=30030 rderr=1 ax=55 ay=-21 az=1122
[PWR] pm=0x1 drift=1 rderr=0
[DWT] ok=1 cyc=3410849224 cyc_per_ms=800037
[HB] up_ms=665809 frames=30113 inf=30113 hazard=448 canary_err=0 q=0 qovr=0
[I2C] init=0 gate=0 whoami=0x140e0 wr=0 wrseen=0x27 addr=0x5a ok=184615 err=1 tmo=0 recov=2 pclk1=200000000 sysclk=400000000
[NAK] nacks=1
[CLK] cpu=800000000 sysb=400000000 pclk1=200000000
[TOF] res=0 step=0 id=0xeacc blk=0xeacc10 ctl=0x0
[RNG] init=0 step=99 id=0xeacc boot=1 calls=93 xerr=0 dm=1 tb=15
[RNG] osc=41 imp=881 imprb=881 mstart=0x40 cfg=91 cfgfail=0x0 vhv=0 vpolls=0
[PRT] calls=120573 xerr=0 ler=1 lidx=0x0 perr=0 maxcnt=17 addr8=0x52
[RTY] wr=0 wmax=0 wref=0  rd=0 rmax=0 rref=0
[RNG] frames=30116 last=44 min=12 max=159 nrdy=0 dxfer=0 dstat=0 lst=0 nrdyerr=0 dclr=0
[DRV] init=0 id=7 mode=0x1 lib=0x2 seq=0x1 odc=0x8b sts=0xe0 armed=1
[TRG] pulses=326 suppressed=122 cyc=1600 rst=1 rstmode=0x40
[HLT] polls=602 faults=0x0 cfglost=0
[EFF] n=5 last=58555 min=58548 max=58555 late=0 stuck=0 rderr=0
[IMU] init=0 addr=0x68 who=0x68 rst=1 pmrb0=0x40 pmrb=0x1 sr=19 cfg=4 gcfg=0x0 acfg=0x8 icfg=0x30 ien=0x1 armed=1
[ACC] reads=30116 stale=30080 rderr=1 ax=54 ay=-19 az=1124
[PWR] pm=0x1 drift=1 rderr=0
[DWT] ok=1 cyc=4292545360 cyc_per_ms=800087
[HB] up_ms=666912 frames=30163 inf=30163 hazard=448 canary_err=0 q=0 qovr=0
[I2C] init=0 gate=0 whoami=0x140e0 wr=0 wrseen=0x27 addr=0x5a ok=184917 err=1 tmo=0 recov=2 pclk1=200000000 sysclk=400000000
[NAK] nacks=1
[CLK] cpu=800000000 sysb=400000000 pclk1=200000000
[TOF] res=0 step=0 id=0xeacc blk=0xeacc10 ctl=0x0
[RNG] init=0 step=99 id=0xeacc boot=1 calls=93 xerr=0 dm=1 tb=15
[RNG] osc=41 imp=881 imprb=881 mstart=0x40 cfg=91 cfgfail=0x0 vhv=0 vpolls=0
[PRT] calls=120773 xerr=0 ler=1 lidx=0x0 perr=0 maxcnt=17 addr8=0x52
[RTY] wr=0 wmax=0 wref=0  rd=0 rmax=0 rref=0
[RNG] frames=30166 last=35 min=12 max=159 nrdy=0 dxfer=0 dstat=0 lst=0 nrdyerr=0 dclr=0
[DRV] init=0 id=7 mode=0x1 lib=0x2 seq=0x1 odc=0x8b sts=0xe0 armed=1
[TRG] pulses=326 suppressed=122 cyc=1600 rst=1 rstmode=0x40
[HLT] polls=603 faults=0x0 cfglost=0
[EFF] n=5 last=58555 min=58548 max=58555 late=0 stuck=0 rderr=0
[IMU] init=0 addr=0x68 who=0x68 rst=1 pmrb0=0x40 pmrb=0x1 sr=19 cfg=4 gcfg=0x0 acfg=0x8 icfg=0x30 ien=0x1 armed=1
[ACC] reads=30166 stale=30130 rderr=1 ax=54 ay=-23 az=1121
[PWR] pm=0x1 drift=1 rderr=0
[DWT] ok=1 cyc=879977940 cyc_per_ms=799999
[HB] up_ms=668014 frames=30213 inf=30213 hazard=448 canary_err=0 q=0 qovr=0
[I2C] init=0 gate=0 whoami=0x140e0 wr=0 wrseen=0x27 addr=0x5a ok=185215 err=1 tmo=0 recov=2 pclk1=200000000 sysclk=400000000
[NAK] nacks=1
[CLK] cpu=800000000 sysb=400000000 pclk1=200000000
[TOF] res=0 step=0 id=0xeacc blk=0xeacc10 ctl=0x0
[RNG] init=0 step=99 id=0xeacc boot=1 calls=93 xerr=0 dm=1 tb=15
[RNG] osc=41 imp=881 imprb=881 mstart=0x40 cfg=91 cfgfail=0x0 vhv=0 vpolls=0
[PRT] calls=120973 xerr=0 ler=1 lidx=0x0 perr=0 maxcnt=17 addr8=0x52
[RTY] wr=0 wmax=0 wref=0  rd=0 rmax=0 rref=0
[RNG] frames=30215 last=34 min=12 max=159 nrdy=0 dxfer=0 dstat=0 lst=0 nrdyerr=0 dclr=0
[DRV] init=0 id=7 mode=0x1 lib=0x2 seq=0x1 odc=0x8b sts=0xe0 armed=1
[TRG] pulses=326 suppressed=122 cyc=1600 rst=1 rstmode=0x40
[HLT] polls=604 faults=0x0 cfglost=0
[EFF] n=5 last=58555 min=58548 max=58555 late=0 stuck=0 rderr=0
[IMU] init=0 addr=0x68 who=0x68 rst=1 pmrb0=0x40 pmrb=0x1 sr=19 cfg=4 gcfg=0x0 acfg=0x8 icfg=0x30 ien=0x1 armed=1
[ACC] reads=30216 stale=30180 rderr=1 ax=55 ay=-20 az=1121
[PWR] pm=0x1 drift=1 rderr=0
[DWT] ok=1 cyc=1761440482 cyc_per_ms=799875
[HB] up_ms=669117 frames=30263 inf=30263 hazard=448 canary_err=0 q=0 qovr=0
[I2C] init=0 gate=0 whoami=0x140e0 wr=0 wrseen=0x27 addr=0x5a ok=185515 err=1 tmo=0 recov=2 pclk1=200000000 sysclk=400000000
[NAK] nacks=1
[CLK] cpu=800000000 sysb=400000000 pclk1=200000000
[TOF] res=0 step=0 id=0xeacc blk=0xeacc10 ctl=0x0
[RNG] init=0 step=99 id=0xeacc boot=1 calls=93 xerr=0 dm=1 tb=15
[RNG] osc=41 imp=881 imprb=881 mstart=0x40 cfg=91 cfgfail=0x0 vhv=0 vpolls=0
[PRT] calls=121173 xerr=0 ler=1 lidx=0x0 perr=0 maxcnt=17 addr8=0x52
[RTY] wr=0 wmax=0 wref=0  rd=0 rmax=0 rref=0
[RNG] frames=30265 last=35 min=12 max=159 nrdy=0 dxfer=0 dstat=0 lst=0 nrdyerr=0 dclr=0
[DRV] init=0 id=7 mode=0x1 lib=0x2 seq=0x1 odc=0x8b sts=0xe0 armed=1
[TRG] pulses=326 suppressed=122 cyc=1600 rst=1 rstmode=0x40
[HLT] polls=605 faults=0x0 cfglost=0
[EFF] n=5 last=58555 min=58548 max=58555 late=0 stuck=0 rderr=0
[IMU] init=0 addr=0x68 who=0x68 rst=1 pmrb0=0x40 pmrb=0x1 sr=19 cfg=4 gcfg=0x0 acfg=0x8 icfg=0x30 ien=0x1 armed=1
[ACC] reads=30266 stale=30230 rderr=1 ax=55 ay=-18 az=1122
[PWR] pm=0x1 drift=1 rderr=0
[DWT] ok=1 cyc=2643840578 cyc_per_ms=800000
[HB] up_ms=670220 frames=30313 inf=30313 hazard=449 canary_err=0 q=0 qovr=0
[I2C] init=0 gate=0 whoami=0x140e0 wr=0 wrseen=0x27 addr=0x5a ok=185817 err=1 tmo=0 recov=2 pclk1=200000000 sysclk=400000000
[NAK] nacks=1
[CLK] cpu=800000000 sysb=400000000 pclk1=200000000
[TOF] res=0 step=0 id=0xeacc blk=0xeacc10 ctl=0x0
[RNG] init=0 step=99 id=0xeacc boot=1 calls=93 xerr=0 dm=1 tb=15
[RNG] osc=41 imp=881 imprb=881 mstart=0x40 cfg=91 cfgfail=0x0 vhv=0 vpolls=0
[PRT] calls=121373 xerr=0 ler=1 lidx=0x0 perr=0 maxcnt=17 addr8=0x52
[RTY] wr=0 wmax=0 wref=0  rd=0 rmax=0 rref=0
[RNG] frames=30315 last=37 min=12 max=159 nrdy=0 dxfer=0 dstat=0 lst=0 nrdyerr=0 dclr=0
[DRV] init=0 id=7 mode=0x1 lib=0x2 seq=0x1 odc=0x8b sts=0xe0 armed=1
[TRG] pulses=327 suppressed=122 cyc=1600 rst=1 rstmode=0x40
[HLT] polls=606 faults=0x0 cfglost=0
[EFF] n=5 last=58555 min=58548 max=58555 late=0 stuck=0 rderr=0
[IMU] init=0 addr=0x68 who=0x68 rst=1 pmrb0=0x40 pmrb=0x1 sr=19 cfg=4 gcfg=0x0 acfg=0x8 icfg=0x30 ien=0x1 armed=1
[ACC] reads=30316 stale=30280 rderr=1 ax=55 ay=-19 az=1123
[PWR] pm=0x1 drift=1 rderr=0
[DWT] ok=1 cyc=3526240674 cyc_per_ms=800000
[HB] up_ms=671322 frames=30363 inf=30363 hazard=449 canary_err=0 q=0 qovr=0
[I2C] init=0 gate=0 whoami=0x140e0 wr=0 wrseen=0x27 addr=0x5a ok=186119 err=1 tmo=0 recov=2 pclk1=200000000 sysclk=400000000
[NAK] nacks=1
[CLK] cpu=800000000 sysb=400000000 pclk1=200000000
[TOF] res=0 step=0 id=0xeacc blk=0xeacc10 ctl=0x0
[RNG] init=0 step=99 id=0xeacc boot=1 calls=93 xerr=0 dm=1 tb=15
[RNG] osc=41 imp=881 imprb=881 mstart=0x40 cfg=91 cfgfail=0x0 vhv=0 vpolls=0
[PRT] calls=121573 xerr=0 ler=1 lidx=0x0 perr=0 maxcnt=17 addr8=0x52
[RTY] wr=0 wmax=0 wref=0  rd=0 rmax=0 rref=0
[RNG] frames=30365 last=41 min=12 max=159 nrdy=0 dxfer=0 dstat=0 lst=0 nrdyerr=0 dclr=0
[DRV] init=0 id=7 mode=0x1 lib=0x2 seq=0x1 odc=0x8b sts=0xe0 armed=1
[TRG] pulses=327 suppressed=122 cyc=1600 rst=1 rstmode=0x40
[HLT] polls=607 faults=0x0 cfglost=0
[EFF] n=5 last=58555 min=58548 max=58555 late=0 stuck=0 rderr=0
[IMU] init=0 addr=0x68 who=0x68 rst=1 pmrb0=0x40 pmrb=0x1 sr=19 cfg=4 gcfg=0x0 acfg=0x8 icfg=0x30 ien=0x1 armed=1
[ACC] reads=30366 stale=30330 rderr=1 ax=55 ay=-21 az=1120
[PWR] pm=0x1 drift=1 rderr=0
[DWT] ok=1 cyc=112873298 cyc_per_ms=799999
[HB] up_ms=672424 frames=30413 inf=30413 hazard=450 canary_err=0 q=0 qovr=0
[I2C] init=0 gate=0 whoami=0x140e0 wr=0 wrseen=0x27 addr=0x5a ok=186421 err=1 tmo=0 recov=2 pclk1=200000000 sysclk=400000000
[NAK] nacks=1
[CLK] cpu=800000000 sysb=400000000 pclk1=200000000
[TOF] res=0 step=0 id=0xeacc blk=0xeacc10 ctl=0x0
[RNG] init=0 step=99 id=0xeacc boot=1 calls=93 xerr=0 dm=1 tb=15
[RNG] osc=41 imp=881 imprb=881 mstart=0x40 cfg=91 cfgfail=0x0 vhv=0 vpolls=0
[PRT] calls=121773 xerr=0 ler=1 lidx=0x0 perr=0 maxcnt=17 addr8=0x52
[RTY] wr=0 wmax=0 wref=0  rd=0 rmax=0 rref=0
[RNG] frames=30415 last=45 min=12 max=159 nrdy=0 dxfer=0 dstat=0 lst=0 nrdyerr=0 dclr=0
[DRV] init=0 id=7 mode=0x1 lib=0x2 seq=0x1 odc=0x8b sts=0xe0 armed=1
[TRG] pulses=328 suppressed=122 cyc=1600 rst=1 rstmode=0x40
[HLT] polls=608 faults=0x0 cfglost=0
[EFF] n=5 last=58555 min=58548 max=58555 late=0 stuck=0 rderr=0
[IMU] init=0 addr=0x68 who=0x68 rst=1 pmrb0=0x40 pmrb=0x1 sr=19 cfg=4 gcfg=0x0 acfg=0x8 icfg=0x30 ien=0x1 armed=1
[ACC] reads=30416 stale=30380 rderr=1 ax=53 ay=-20 az=1122
[PWR] pm=0x1 drift=1 rderr=0
[DWT] ok=1 cyc=994473242 cyc_per_ms=799999
[HB] up_ms=673526 frames=30463 inf=30463 hazard=450 canary_err=0 q=0 qovr=0
[I2C] init=0 gate=0 whoami=0x140e0 wr=0 wrseen=0x27 addr=0x5a ok=186723 err=1 tmo=0 recov=2 pclk1=200000000 sysclk=400000000
[NAK] nacks=1
[CLK] cpu=800000000 sysb=400000000 pclk1=200000000
[TOF] res=0 step=0 id=0xeacc blk=0xeacc10 ctl=0x0
[RNG] init=0 step=99 id=0xeacc boot=1 calls=93 xerr=0 dm=1 tb=15
[RNG] osc=41 imp=881 imprb=881 mstart=0x40 cfg=91 cfgfail=0x0 vhv=0 vpolls=0
[PRT] calls=121973 xerr=0 ler=1 lidx=0x0 perr=0 maxcnt=17 addr8=0x52
[RTY] wr=0 wmax=0 wref=0  rd=0 rmax=0 rref=0
[RNG] frames=30465 last=54 min=12 max=159 nrdy=0 dxfer=0 dstat=0 lst=0 nrdyerr=0 dclr=0
[DRV] init=0 id=7 mode=0x1 lib=0x2 seq=0x1 odc=0x8b sts=0xe0 armed=1
[TRG] pulses=328 suppressed=122 cyc=1600 rst=1 rstmode=0x40
[HLT] polls=609 faults=0x0 cfglost=0
[EFF] n=5 last=58555 min=58548 max=58555 late=0 stuck=0 rderr=0
[IMU] init=0 addr=0x68 who=0x68 rst=1 pmrb0=0x40 pmrb=0x1 sr=19 cfg=4 gcfg=0x0 acfg=0x8 icfg=0x30 ien=0x1 armed=1
[ACC] reads=30466 stale=30429 rderr=1 ax=55 ay=-20 az=1122
[PWR] pm=0x1 drift=1 rderr=0
[DWT] ok=1 cyc=1876073198 cyc_per_ms=799999
[HB] up_ms=674628 frames=30513 inf=30513 hazard=451 canary_err=0 q=0 qovr=0
[I2C] init=0 gate=0 whoami=0x140e0 wr=0 wrseen=0x27 addr=0x5a ok=187025 err=1 tmo=0 recov=2 pclk1=200000000 sysclk=400000000
[NAK] nacks=1
[CLK] cpu=800000000 sysb=400000000 pclk1=200000000
[TOF] res=0 step=0 id=0xeacc blk=0xeacc10 ctl=0x0
[RNG] init=0 step=99 id=0xeacc boot=1 calls=93 xerr=0 dm=1 tb=15
[RNG] osc=41 imp=881 imprb=881 mstart=0x40 cfg=91 cfgfail=0x0 vhv=0 vpolls=0
[PRT] calls=122169 xerr=0 ler=1 lidx=0x0 perr=0 maxcnt=17 addr8=0x52
[RTY] wr=0 wmax=0 wref=0  rd=0 rmax=0 rref=0
[RNG] frames=30515 last=34 min=12 max=159 nrdy=0 dxfer=0 dstat=0 lst=0 nrdyerr=0 dclr=0
[DRV] init=0 id=7 mode=0x1 lib=0x2 seq=0x1 odc=0x8b sts=0xe0 armed=1
[TRG] pulses=329 suppressed=122 cyc=1600 rst=1 rstmode=0x40
[HLT] polls=610 faults=0x0 cfglost=0
[EFF] n=5 last=58555 min=58548 max=58555 late=0 stuck=0 rderr=0
[IMU] init=0 addr=0x68 who=0x68 rst=1 pmrb0=0x40 pmrb=0x1 sr=19 cfg=4 gcfg=0x0 acfg=0x8 icfg=0x30 ien=0x1 armed=1
[ACC] reads=30516 stale=30479 rderr=1 ax=53 ay=-20 az=1121
[PWR] pm=0x1 drift=1 rderr=0
[DWT] ok=1 cyc=2757673222 cyc_per_ms=800000
[HB] up_ms=675730 frames=30563 inf=30563 hazard=452 canary_err=0 q=0 qovr=0
[I2C] init=0 gate=0 whoami=0x140e0 wr=0 wrseen=0x27 addr=0x5a ok=187327 err=1 tmo=0 recov=2 pclk1=200000000 sysclk=400000000
[NAK] nacks=1
[CLK] cpu=800000000 sysb=400000000 pclk1=200000000
[TOF] res=0 step=0 id=0xeacc blk=0xeacc10 ctl=0x0
[RNG] init=0 step=99 id=0xeacc boot=1 calls=93 xerr=0 dm=1 tb=15
[RNG] osc=41 imp=881 imprb=881 mstart=0x40 cfg=91 cfgfail=0x0 vhv=0 vpolls=0
[PRT] calls=122369 xerr=0 ler=1 lidx=0x0 perr=0 maxcnt=17 addr8=0x52
[RTY] wr=0 wmax=0 wref=0  rd=0 rmax=0 rref=0
[RNG] frames=30565 last=43 min=12 max=159 nrdy=0 dxfer=0 dstat=0 lst=0 nrdyerr=0 dclr=0
[DRV] init=0 id=7 mode=0x1 lib=0x2 seq=0x1 odc=0x8b sts=0xe0 armed=1
[TRG] pulses=330 suppressed=122 cyc=1600 rst=1 rstmode=0x40
[HLT] polls=611 faults=0x0 cfglost=0
[EFF] n=5 last=58555 min=58548 max=58555 late=0 stuck=0 rderr=0
[IMU] init=0 addr=0x68 who=0x68 rst=1 pmrb0=0x40 pmrb=0x1 sr=19 cfg=4 gcfg=0x0 acfg=0x8 icfg=0x30 ien=0x1 armed=1
[ACC] reads=30565 stale=30527 rderr=1 ax=54 ay=-19 az=1123
[PWR] pm=0x1 drift=1 rderr=0
[DWT] ok=1 cyc=3639273334 cyc_per_ms=800000
[HB] up_ms=676832 frames=30612 inf=30612 hazard=455 canary_err=0 q=0 qovr=0
[I2C] init=0 gate=0 whoami=0x140e0 wr=0 wrseen=0x27 addr=0x5a ok=187629 err=1 tmo=0 recov=2 pclk1=200000000 sysclk=400000000
[NAK] nacks=1
[CLK] cpu=800000000 sysb=400000000 pclk1=200000000
[TOF] res=0 step=0 id=0xeacc blk=0xeacc10 ctl=0x0
[RNG] init=0 step=99 id=0xeacc boot=1 calls=93 xerr=0 dm=1 tb=15
[RNG] osc=41 imp=881 imprb=881 mstart=0x40 cfg=91 cfgfail=0x0 vhv=0 vpolls=0
[PRT] calls=122569 xerr=0 ler=1 lidx=0x0 perr=0 maxcnt=17 addr8=0x52
[RTY] wr=0 wmax=0 wref=0  rd=0 rmax=0 rref=0
[RNG] frames=30615 last=47 min=12 max=159 nrdy=0 dxfer=0 dstat=0 lst=0 nrdyerr=0 dclr=0
[DRV] init=0 id=7 mode=0x1 lib=0x2 seq=0x1 odc=0x8b sts=0xe0 armed=1
[TRG] pulses=332 suppressed=123 cyc=1600 rst=1 rstmode=0x40
[HLT] polls=612 faults=0x0 cfglost=0
[EFF] n=5 last=58555 min=58548 max=58555 late=0 stuck=0 rderr=0
[IMU] init=0 addr=0x68 who=0x68 rst=1 pmrb0=0x40 pmrb=0x1 sr=19 cfg=4 gcfg=0x0 acfg=0x8 icfg=0x30 ien=0x1 armed=1
[ACC] reads=30615 stale=30577 rderr=1 ax=53 ay=-21 az=1122
[PWR] pm=0x1 drift=1 rderr=0
[DWT] ok=1 cyc=226042544 cyc_per_ms=800123
[HB] up_ms=677934 frames=30662 inf=30662 hazard=455 canary_err=0 q=0 qovr=0
[I2C] init=0 gate=0 whoami=0x140e0 wr=0 wrseen=0x27 addr=0x5a ok=187931 err=1 tmo=0 recov=2 pclk1=200000000 sysclk=400000000
[NAK] nacks=1
[CLK] cpu=800000000 sysb=400000000 pclk1=200000000
[TOF] res=0 step=0 id=0xeacc blk=0xeacc10 ctl=0x0
[RNG] init=0 step=99 id=0xeacc boot=1 calls=93 xerr=0 dm=1 tb=15
[RNG] osc=41 imp=881 imprb=881 mstart=0x40 cfg=91 cfgfail=0x0 vhv=0 vpolls=0
[PRT] calls=122769 xerr=0 ler=1 lidx=0x0 perr=0 maxcnt=17 addr8=0x52
[RTY] wr=0 wmax=0 wref=0  rd=0 rmax=0 rref=0
[RNG] frames=30665 last=36 min=12 max=159 nrdy=0 dxfer=0 dstat=0 lst=0 nrdyerr=0 dclr=0
[DRV] init=0 id=7 mode=0x1 lib=0x2 seq=0x1 odc=0x8b sts=0xe0 armed=1
[TRG] pulses=332 suppressed=123 cyc=1600 rst=1 rstmode=0x40
[HLT] polls=613 faults=0x0 cfglost=0
[EFF] n=5 last=58555 min=58548 max=58555 late=0 stuck=0 rderr=0
[IMU] init=0 addr=0x68 who=0x68 rst=1 pmrb0=0x40 pmrb=0x1 sr=19 cfg=4 gcfg=0x0 acfg=0x8 icfg=0x30 ien=0x1 armed=1
[ACC] reads=30665 stale=30627 rderr=1 ax=55 ay=-22 az=1122
[PWR] pm=0x1 drift=1 rderr=0
[DWT] ok=1 cyc=1107643276 cyc_per_ms=800000
[HB] up_ms=679037 frames=30712 inf=30712 hazard=455 canary_err=0 q=0 qovr=0
[I2C] init=0 gate=0 whoami=0x140e0 wr=0 wrseen=0x27 addr=0x5a ok=188232 err=1 tmo=0 recov=2 pclk1=200000000 sysclk=400000000
[NAK] nacks=1
[CLK] cpu=800000000 sysb=400000000 pclk1=200000000
[TOF] res=0 step=0 id=0xeacc blk=0xeacc10 ctl=0x0
[RNG] init=0 step=99 id=0xeacc boot=1 calls=93 xerr=0 dm=1 tb=15
[RNG] osc=41 imp=881 imprb=881 mstart=0x40 cfg=91 cfgfail=0x0 vhv=0 vpolls=0
[PRT] calls=122969 xerr=0 ler=1 lidx=0x0 perr=0 maxcnt=17 addr8=0x52
[RTY] wr=0 wmax=0 wref=0  rd=0 rmax=0 rref=0
[RNG] frames=30714 last=44 min=12 max=159 nrdy=0 dxfer=0 dstat=0 lst=0 nrdyerr=0 dclr=0
[DRV] init=0 id=7 mode=0x1 lib=0x2 seq=0x1 odc=0x8b sts=0xe0 armed=1
[TRG] pulses=332 suppressed=123 cyc=1600 rst=1 rstmode=0x40
[HLT] polls=614 faults=0x0 cfglost=0
[EFF] n=5 last=58555 min=58548 max=58555 late=0 stuck=0 rderr=0
[IMU] init=0 addr=0x68 who=0x68 rst=1 pmrb0=0x40 pmrb=0x1 sr=19 cfg=4 gcfg=0x0 acfg=0x8 icfg=0x30 ien=0x1 armed=1
[ACC] reads=30715 stale=30677 rderr=1 ax=56 ay=-19 az=1122
[PWR] pm=0x1 drift=1 rderr=0
[DWT] ok=1 cyc=1989955248 cyc_per_ms=799920
[HB] up_ms=680140 frames=30762 inf=30762 hazard=457 canary_err=0 q=0 qovr=0
[I2C] init=0 gate=0 whoami=0x140e0 wr=0 wrseen=0x27 addr=0x5a ok=188529 err=1 tmo=0 recov=2 pclk1=200000000 sysclk=400000000
[NAK] nacks=1
[CLK] cpu=800000000 sysb=400000000 pclk1=200000000
[TOF] res=0 step=0 id=0xeacc blk=0xeacc10 ctl=0x0
[RNG] init=0 step=99 id=0xeacc boot=1 calls=93 xerr=0 dm=1 tb=15
[RNG] osc=41 imp=881 imprb=881 mstart=0x40 cfg=91 cfgfail=0x0 vhv=0 vpolls=0
[PRT] calls=123169 xerr=0 ler=1 lidx=0x0 perr=0 maxcnt=17 addr8=0x52
[RTY] wr=0 wmax=0 wref=0  rd=0 rmax=0 rref=0
[RNG] frames=30764 last=35 min=12 max=159 nrdy=0 dxfer=0 dstat=0 lst=0 nrdyerr=0 dclr=0
[DRV] init=0 id=7 mode=0x1 lib=0x2 seq=0x1 odc=0x8b sts=0xe0 armed=1
[TRG] pulses=334 suppressed=123 cyc=1600 rst=1 rstmode=0x40
[HLT] polls=615 faults=0x0 cfglost=0
[EFF] n=5 last=58555 min=58548 max=58555 late=0 stuck=0 rderr=0
[IMU] init=0 addr=0x68 who=0x68 rst=1 pmrb0=0x40 pmrb=0x1 sr=19 cfg=4 gcfg=0x0 acfg=0x8 icfg=0x30 ien=0x1 armed=1
[ACC] reads=30764 stale=30727 rderr=2 ax=53 ay=-18 az=1124
[PWR] pm=0x1 drift=1 rderr=0
[DWT] ok=1 cyc=2872305706 cyc_per_ms=799955
[HB] up_ms=681243 frames=30812 inf=30812 hazard=458 canary_err=0 q=0 qovr=0
[I2C] init=0 gate=0 whoami=0x140e0 wr=0 wrseen=0x27 addr=0x5a ok=188830 err=2 tmo=0 recov=2 pclk1=200000000 sysclk=400000000
[NAK] nacks=2
[CLK] cpu=800000000 sysb=400000000 pclk1=200000000
[TOF] res=0 step=0 id=0xeacc blk=0xeacc10 ctl=0x0
[RNG] init=0 step=99 id=0xeacc boot=1 calls=93 xerr=0 dm=1 tb=15
[RNG] osc=41 imp=881 imprb=881 mstart=0x40 cfg=91 cfgfail=0x0 vhv=0 vpolls=0
[PRT] calls=123369 xerr=0 ler=1 lidx=0x0 perr=0 maxcnt=17 addr8=0x52
[RTY] wr=0 wmax=0 wref=0  rd=0 rmax=0 rref=0
[RNG] frames=30814 last=36 min=12 max=159 nrdy=0 dxfer=0 dstat=0 lst=0 nrdyerr=0 dclr=0
[DRV] init=0 id=7 mode=0x1 lib=0x2 seq=0x1 odc=0x8b sts=0xe0 armed=1
[TRG] pulses=335 suppressed=123 cyc=1600 rst=1 rstmode=0x40
[HLT] polls=616 faults=0x0 cfglost=0
[EFF] n=5 last=58555 min=58548 max=58555 late=0 stuck=0 rderr=0
[IMU] init=0 addr=0x68 who=0x68 rst=1 pmrb0=0x40 pmrb=0x1 sr=19 cfg=4 gcfg=0x0 acfg=0x8 icfg=0x30 ien=0x1 armed=1
[ACC] reads=30814 stale=30777 rderr=2 ax=53 ay=-21 az=1123
[PWR] pm=0x1 drift=1 rderr=0
[DWT] ok=1 cyc=3754705974 cyc_per_ms=800000
[HB] up_ms=682346 frames=30862 inf=30862 hazard=458 canary_err=0 q=0 qovr=0
[I2C] init=0 gate=0 whoami=0x140e0 wr=0 wrseen=0x27 addr=0x5a ok=189132 err=2 tmo=0 recov=2 pclk1=200000000 sysclk=400000000
[NAK] nacks=2
[CLK] cpu=800000000 sysb=400000000 pclk1=200000000
[TOF] res=0 step=0 id=0xeacc blk=0xeacc10 ctl=0x0
[RNG] init=0 step=99 id=0xeacc boot=1 calls=93 xerr=0 dm=1 tb=15
[RNG] osc=41 imp=881 imprb=881 mstart=0x40 cfg=91 cfgfail=0x0 vhv=0 vpolls=0
[PRT] calls=123569 xerr=0 ler=1 lidx=0x0 perr=0 maxcnt=17 addr8=0x52
[RTY] wr=0 wmax=0 wref=0  rd=0 rmax=0 rref=0
[RNG] frames=30864 last=44 min=12 max=159 nrdy=0 dxfer=0 dstat=0 lst=0 nrdyerr=0 dclr=0
[DRV] init=0 id=7 mode=0x1 lib=0x2 seq=0x1 odc=0x8b sts=0xe0 armed=1
[TRG] pulses=335 suppressed=123 cyc=1600 rst=1 rstmode=0x40
[HLT] polls=617 faults=0x0 cfglost=0
[EFF] n=5 last=58555 min=58548 max=58555 late=0 stuck=0 rderr=0
[IMU] init=0 addr=0x68 who=0x68 rst=1 pmrb0=0x40 pmrb=0x1 sr=19 cfg=4 gcfg=0x0 acfg=0x8 icfg=0x30 ien=0x1 armed=1
[ACC] reads=30864 stale=30827 rderr=2 ax=53 ay=-19 az=1122
[PWR] pm=0x1 drift=1 rderr=0
[DWT] ok=1 cyc=342138754 cyc_per_ms=800000
[HB] up_ms=683448 frames=30912 inf=30912 hazard=458 canary_err=0 q=0 qovr=0
[I2C] init=0 gate=0 whoami=0x140e0 wr=0 wrseen=0x27 addr=0x5a ok=189434 err=2 tmo=0 recov=2 pclk1=200000000 sysclk=400000000
[NAK] nacks=2
[CLK] cpu=800000000 sysb=400000000 pclk1=200000000
[TOF] res=0 step=0 id=0xeacc blk=0xeacc10 ctl=0x0
[RNG] init=0 step=99 id=0xeacc boot=1 calls=93 xerr=0 dm=1 tb=15
[RNG] osc=41 imp=881 imprb=881 mstart=0x40 cfg=91 cfgfail=0x0 vhv=0 vpolls=0
[PRT] calls=123769 xerr=0 ler=1 lidx=0x0 perr=0 maxcnt=17 addr8=0x52
[RTY] wr=0 wmax=0 wref=0  rd=0 rmax=0 rref=0
[RNG] frames=30914 last=36 min=12 max=159 nrdy=0 dxfer=0 dstat=0 lst=0 nrdyerr=0 dclr=0
[DRV] init=0 id=7 mode=0x1 lib=0x2 seq=0x1 odc=0x8b sts=0xe0 armed=1
[TRG] pulses=335 suppressed=123 cyc=1600 rst=1 rstmode=0x40
[HLT] polls=618 faults=0x0 cfglost=0
[EFF] n=5 last=58555 min=58548 max=58555 late=0 stuck=0 rderr=0
[IMU] init=0 addr=0x68 who=0x68 rst=1 pmrb0=0x40 pmrb=0x1 sr=19 cfg=4 gcfg=0x0 acfg=0x8 icfg=0x30 ien=0x1 armed=1
[ACC] reads=30914 stale=30877 rderr=2 ax=54 ay=-19 az=1123
[PWR] pm=0x1 drift=1 rderr=0
[DWT] ok=1 cyc=1223738738 cyc_per_ms=799999
[HB] up_ms=684550 frames=30962 inf=30962 hazard=458 canary_err=0 q=0 qovr=0
[I2C] init=0 gate=0 whoami=0x140e0 wr=0 wrseen=0x27 addr=0x5a ok=189736 err=2 tmo=0 recov=2 pclk1=200000000 sysclk=400000000
[NAK] nacks=2
[CLK] cpu=800000000 sysb=400000000 pclk1=200000000
[TOF] res=0 step=0 id=0xeacc blk=0xeacc10 ctl=0x0
[RNG] init=0 step=99 id=0xeacc boot=1 calls=93 xerr=0 dm=1 tb=15
[RNG] osc=41 imp=881 imprb=881 mstart=0x40 cfg=91 cfgfail=0x0 vhv=0 vpolls=0
[PRT] calls=123969 xerr=0 ler=1 lidx=0x0 perr=0 maxcnt=17 addr8=0x52
[RTY] wr=0 wmax=0 wref=0  rd=0 rmax=0 rref=0
[RNG] frames=30964 last=31 min=12 max=159 nrdy=0 dxfer=0 dstat=0 lst=0 nrdyerr=0 dclr=0
[DRV] init=0 id=7 mode=0x1 lib=0x2 seq=0x1 odc=0x8b sts=0xe0 armed=1
[TRG] pulses=335 suppressed=123 cyc=1600 rst=1 rstmode=0x40
[HLT] polls=619 faults=0x0 cfglost=0
[EFF] n=5 last=58555 min=58548 max=58555 late=0 stuck=0 rderr=0
[IMU] init=0 addr=0x68 who=0x68 rst=1 pmrb0=0x40 pmrb=0x1 sr=19 cfg=4 gcfg=0x0 acfg=0x8 icfg=0x30 ien=0x1 armed=1
[ACC] reads=30964 stale=30927 rderr=2 ax=56 ay=-20 az=1123
[PWR] pm=0x1 drift=1 rderr=0
[DWT] ok=1 cyc=2105338730 cyc_per_ms=799999
[HB] up_ms=685652 frames=31012 inf=31012 hazard=460 canary_err=0 q=0 qovr=0
[I2C] init=0 gate=0 whoami=0x140e0 wr=0 wrseen=0x27 addr=0x5a ok=190038 err=2 tmo=0 recov=2 pclk1=200000000 sysclk=400000000
[NAK] nacks=2
[CLK] cpu=800000000 sysb=400000000 pclk1=200000000
[TOF] res=0 step=0 id=0xeacc blk=0xeacc10 ctl=0x0
[RNG] init=0 step=99 id=0xeacc boot=1 calls=93 xerr=0 dm=1 tb=15
[RNG] osc=41 imp=881 imprb=881 mstart=0x40 cfg=91 cfgfail=0x0 vhv=0 vpolls=0
[PRT] calls=124169 xerr=0 ler=1 lidx=0x0 perr=0 maxcnt=17 addr8=0x52
[RTY] wr=0 wmax=0 wref=0  rd=0 rmax=0 rref=0
[RNG] frames=31014 last=34 min=12 max=159 nrdy=0 dxfer=0 dstat=0 lst=0 nrdyerr=0 dclr=0
[DRV] init=0 id=7 mode=0x1 lib=0x2 seq=0x1 odc=0x8b sts=0xe0 armed=1
[TRG] pulses=337 suppressed=123 cyc=1600 rst=1 rstmode=0x40
[HLT] polls=620 faults=0x0 cfglost=0
[EFF] n=5 last=58555 min=58548 max=58555 late=0 stuck=0 rderr=0
[IMU] init=0 addr=0x68 who=0x68 rst=1 pmrb0=0x40 pmrb=0x1 sr=19 cfg=4 gcfg=0x0 acfg=0x8 icfg=0x30 ien=0x1 armed=1
[ACC] reads=31014 stale=30977 rderr=2 ax=56 ay=-19 az=1121
[PWR] pm=0x1 drift=1 rderr=0
[DWT] ok=1 cyc=2986938590 cyc_per_ms=799999
[HB] up_ms=686754 frames=31062 inf=31062 hazard=460 canary_err=0 q=0 qovr=0
[I2C] init=0 gate=0 whoami=0x140e0 wr=0 wrseen=0x27 addr=0x5a ok=190340 err=2 tmo=0 recov=2 pclk1=200000000 sysclk=400000000
[NAK] nacks=2
[CLK] cpu=800000000 sysb=400000000 pclk1=200000000
[TOF] res=0 step=0 id=0xeacc blk=0xeacc10 ctl=0x0
[RNG] init=0 step=99 id=0xeacc boot=1 calls=93 xerr=0 dm=1 tb=15
[RNG] osc=41 imp=881 imprb=881 mstart=0x40 cfg=91 cfgfail=0x0 vhv=0 vpolls=0
[PRT] calls=124365 xerr=0 ler=1 lidx=0x0 perr=0 maxcnt=17 addr8=0x52
[RTY] wr=0 wmax=0 wref=0  rd=0 rmax=0 rref=0
[RNG] frames=31064 last=52 min=12 max=159 nrdy=0 dxfer=0 dstat=0 lst=0 nrdyerr=0 dclr=0
[DRV] init=0 id=7 mode=0x1 lib=0x2 seq=0x1 odc=0x8b sts=0xe0 armed=1
[TRG] pulses=337 suppressed=123 cyc=1600 rst=1 rstmode=0x40
[HLT] polls=621 faults=0x0 cfglost=0
[EFF] n=5 last=58555 min=58548 max=58555 late=0 stuck=0 rderr=0
[IMU] init=0 addr=0x68 who=0x68 rst=1 pmrb0=0x40 pmrb=0x1 sr=19 cfg=4 gcfg=0x0 acfg=0x8 icfg=0x30 ien=0x1 armed=1
[ACC] reads=31064 stale=31027 rderr=2 ax=54 ay=-20 az=1123
[PWR] pm=0x1 drift=1 rderr=0
[DWT] ok=1 cyc=3868538594 cyc_per_ms=800000
[HB] up_ms=687856 frames=31112 inf=31112 hazard=460 canary_err=0 q=0 qovr=0
[I2C] init=0 gate=0 whoami=0x140e0 wr=0 wrseen=0x27 addr=0x5a ok=190642 err=2 tmo=0 recov=2 pclk1=200000000 sysclk=400000000
[NAK] nacks=2
[CLK] cpu=800000000 sysb=400000000 pclk1=200000000
[TOF] res=0 step=0 id=0xeacc blk=0xeacc10 ctl=0x0
[RNG] init=0 step=99 id=0xeacc boot=1 calls=93 xerr=0 dm=1 tb=15
[RNG] osc=41 imp=881 imprb=881 mstart=0x40 cfg=91 cfgfail=0x0 vhv=0 vpolls=0
[PRT] calls=124565 xerr=0 ler=1 lidx=0x0 perr=0 maxcnt=17 addr8=0x52
[RTY] wr=0 wmax=0 wref=0  rd=0 rmax=0 rref=0
[RNG] frames=31114 last=41 min=12 max=159 nrdy=0 dxfer=0 dstat=0 lst=0 nrdyerr=0 dclr=0
[DRV] init=0 id=7 mode=0x1 lib=0x2 seq=0x1 odc=0x8b sts=0xe0 armed=1
[TRG] pulses=337 suppressed=123 cyc=1600 rst=1 rstmode=0x40
[HLT] polls=622 faults=0x0 cfglost=0
[EFF] n=5 last=58555 min=58548 max=58555 late=0 stuck=0 rderr=0
[IMU] init=0 addr=0x68 who=0x68 rst=1 pmrb0=0x40 pmrb=0x1 sr=19 cfg=4 gcfg=0x0 acfg=0x8 icfg=0x30 ien=0x1 armed=1
[ACC] reads=31113 stale=31076 rderr=2 ax=54 ay=-20 az=1123
[PWR] pm=0x1 drift=1 rderr=0
[DWT] ok=1 cyc=455171442 cyc_per_ms=800000
[HB] up_ms=688958 frames=31161 inf=31161 hazard=461 canary_err=0 q=0 qovr=0
[I2C] init=0 gate=0 whoami=0x140e0 wr=0 wrseen=0x27 addr=0x5a ok=190944 err=2 tmo=0 recov=2 pclk1=200000000 sysclk=400000000
[NAK] nacks=2
[CLK] cpu=800000000 sysb=400000000 pclk1=200000000
[TOF] res=0 step=0 id=0xeacc blk=0xeacc10 ctl=0x0
[RNG] init=0 step=99 id=0xeacc boot=1 calls=93 xerr=0 dm=1 tb=15
[RNG] osc=41 imp=881 imprb=881 mstart=0x40 cfg=91 cfgfail=0x0 vhv=0 vpolls=0
[PRT] calls=124765 xerr=0 ler=1 lidx=0x0 perr=0 maxcnt=17 addr8=0x52
[RTY] wr=0 wmax=0 wref=0  rd=0 rmax=0 rref=0
[RNG] frames=31164 last=31 min=12 max=159 nrdy=0 dxfer=0 dstat=0 lst=0 nrdyerr=0 dclr=0
[DRV] init=0 id=7 mode=0x1 lib=0x2 seq=0x1 odc=0x8b sts=0xe0 armed=1
[TRG] pulses=338 suppressed=123 cyc=1600 rst=1 rstmode=0x40
[HLT] polls=623 faults=0x0 cfglost=0
[EFF] n=5 last=58555 min=58548 max=58555 late=0 stuck=0 rderr=0
[IMU] init=0 addr=0x68 who=0x68 rst=1 pmrb0=0x40 pmrb=0x1 sr=19 cfg=4 gcfg=0x0 acfg=0x8 icfg=0x30 ien=0x1 armed=1
[ACC] reads=31163 stale=31126 rderr=2 ax=54 ay=-19 az=1121
[PWR] pm=0x1 drift=1 rderr=0
[DWT] ok=1 cyc=1336907988 cyc_per_ms=800123
[HB] up_ms=690061 frames=31211 inf=31211 hazard=462 canary_err=0 q=0 qovr=0
[I2C] init=0 gate=0 whoami=0x140e0 wr=0 wrseen=0x27 addr=0x5a ok=191246 err=2 tmo=0 recov=2 pclk1=200000000 sysclk=400000000
[NAK] nacks=2
[CLK] cpu=800000000 sysb=400000000 pclk1=200000000
[TOF] res=0 step=0 id=0xeacc blk=0xeacc10 ctl=0x0
[RNG] init=0 step=99 id=0xeacc boot=1 calls=93 xerr=0 dm=1 tb=15
[RNG] osc=41 imp=881 imprb=881 mstart=0x40 cfg=91 cfgfail=0x0 vhv=0 vpolls=0
[PRT] calls=124965 xerr=0 ler=1 lidx=0x0 perr=0 maxcnt=17 addr8=0x52
[RTY] wr=0 wmax=0 wref=0  rd=0 rmax=0 rref=0
[RNG] frames=31214 last=43 min=12 max=159 nrdy=0 dxfer=0 dstat=0 lst=0 nrdyerr=0 dclr=0
[DRV] init=0 id=7 mode=0x1 lib=0x2 seq=0x1 odc=0x8b sts=0xe0 armed=1
[TRG] pulses=339 suppressed=123 cyc=1600 rst=1 rstmode=0x40
[HLT] polls=624 faults=0x0 cfglost=0
[EFF] n=5 last=58555 min=58548 max=58555 late=0 stuck=0 rderr=0
[IMU] init=0 addr=0x68 who=0x68 rst=1 pmrb0=0x40 pmrb=0x1 sr=19 cfg=4 gcfg=0x0 acfg=0x8 icfg=0x30 ien=0x1 armed=1
[ACC] reads=31213 stale=31176 rderr=2 ax=55 ay=-20 az=1125
[PWR] pm=0x1 drift=1 rderr=0
[DWT] ok=1 cyc=2219308740 cyc_per_ms=800000
[HB] up_ms=691164 frames=31261 inf=31261 hazard=462 canary_err=0 q=0 qovr=0
[I2C] init=0 gate=0 whoami=0x140e0 wr=0 wrseen=0x27 addr=0x5a ok=191548 err=2 tmo=0 recov=2 pclk1=200000000 sysclk=400000000
[NAK] nacks=2
[CLK] cpu=800000000 sysb=400000000 pclk1=200000000
[TOF] res=0 step=0 id=0xeacc blk=0xeacc10 ctl=0x0
[RNG] init=0 step=99 id=0xeacc boot=1 calls=93 xerr=0 dm=1 tb=15
[RNG] osc=41 imp=881 imprb=881 mstart=0x40 cfg=91 cfgfail=0x0 vhv=0 vpolls=0
[PRT] calls=125165 xerr=0 ler=1 lidx=0x0 perr=0 maxcnt=17 addr8=0x52
[RTY] wr=0 wmax=0 wref=0  rd=0 rmax=0 rref=0
[RNG] frames=31263 last=41 min=12 max=159 nrdy=0 dxfer=0 dstat=0 lst=0 nrdyerr=0 dclr=0
[DRV] init=0 id=7 mode=0x1 lib=0x2 seq=0x1 odc=0x8b sts=0xe0 armed=1
[TRG] pulses=339 suppressed=123 cyc=1600 rst=1 rstmode=0x40
[HLT] polls=625 faults=0x0 cfglost=0
[EFF] n=5 last=58555 min=58548 max=58555 late=0 stuck=0 rderr=0
[IMU] init=0 addr=0x68 who=0x68 rst=1 pmrb0=0x40 pmrb=0x1 sr=19 cfg=4 gcfg=0x0 acfg=0x8 icfg=0x30 ien=0x1 armed=1
[ACC] reads=31263 stale=31226 rderr=2 ax=55 ay=-21 az=1121
[PWR] pm=0x1 drift=1 rderr=0
[DWT] ok=1 cyc=3101684456 cyc_per_ms=799977
[HB] up_ms=692267 frames=31311 inf=31311 hazard=463 canary_err=0 q=0 qovr=0
[I2C] init=0 gate=0 whoami=0x140e0 wr=0 wrseen=0x27 addr=0x5a ok=191846 err=2 tmo=0 recov=2 pclk1=200000000 sysclk=400000000
[NAK] nacks=2
[CLK] cpu=800000000 sysb=400000000 pclk1=200000000
[TOF] res=0 step=0 id=0xeacc blk=0xeacc10 ctl=0x0
[RNG] init=0 step=99 id=0xeacc boot=1 calls=93 xerr=0 dm=1 tb=15
[RNG] osc=41 imp=881 imprb=881 mstart=0x40 cfg=91 cfgfail=0x0 vhv=0 vpolls=0
[PRT] calls=125365 xerr=0 ler=1 lidx=0x0 perr=0 maxcnt=17 addr8=0x52
[RTY] wr=0 wmax=0 wref=0  rd=0 rmax=0 rref=0
[RNG] frames=31313 last=34 min=12 max=159 nrdy=0 dxfer=0 dstat=0 lst=0 nrdyerr=0 dclr=0
[DRV] init=0 id=7 mode=0x1 lib=0x2 seq=0x1 odc=0x8b sts=0xe0 armed=1
[TRG] pulses=340 suppressed=123 cyc=1600 rst=1 rstmode=0x40
[HLT] polls=626 faults=0x0 cfglost=0
[EFF] n=5 last=58555 min=58548 max=58555 late=0 stuck=0 rderr=0
[IMU] init=0 addr=0x68 who=0x68 rst=1 pmrb0=0x40 pmrb=0x1 sr=19 cfg=4 gcfg=0x0 acfg=0x8 icfg=0x30 ien=0x1 armed=1
[ACC] reads=31313 stale=31276 rderr=2 ax=54 ay=-21 az=1124
[PWR] pm=0x1 drift=1 rderr=0
[DWT] ok=1 cyc=3983971386 cyc_per_ms=799897
[HB] up_ms=693370 frames=31361 inf=31361 hazard=465 canary_err=0 q=0 qovr=0
[I2C] init=0 gate=0 whoami=0x140e0 wr=0 wrseen=0x27 addr=0x5a ok=192146 err=2 tmo=0 recov=2 pclk1=200000000 sysclk=400000000
[NAK] nacks=2
[CLK] cpu=800000000 sysb=400000000 pclk1=200000000
[TOF] res=0 step=0 id=0xeacc blk=0xeacc10 ctl=0x0
[RNG] init=0 step=99 id=0xeacc boot=1 calls=93 xerr=0 dm=1 tb=15
[RNG] osc=41 imp=881 imprb=881 mstart=0x40 cfg=91 cfgfail=0x0 vhv=0 vpolls=0
[PRT] calls=125565 xerr=0 ler=1 lidx=0x0 perr=0 maxcnt=17 addr8=0x52
[RTY] wr=0 wmax=0 wref=0  rd=0 rmax=0 rref=0
[RNG] frames=31363 last=38 min=12 max=159 nrdy=0 dxfer=0 dstat=0 lst=0 nrdyerr=0 dclr=0
[DRV] init=0 id=7 mode=0x1 lib=0x2 seq=0x1 odc=0x8b sts=0xe0 armed=1
[TRG] pulses=342 suppressed=123 cyc=1600 rst=1 rstmode=0x40
[HLT] polls=627 faults=0x0 cfglost=0
[EFF] n=5 last=58555 min=58548 max=58555 late=0 stuck=0 rderr=0
[IMU] init=0 addr=0x68 who=0x68 rst=1 pmrb0=0x40 pmrb=0x1 sr=19 cfg=4 gcfg=0x0 acfg=0x8 icfg=0x30 ien=0x1 armed=1
[ACC] reads=31363 stale=31326 rderr=2 ax=55 ay=-20 az=1123
[PWR] pm=0x1 drift=1 rderr=0
[DWT] ok=1 cyc=571404062 cyc_per_ms=799999
[HB] up_ms=694472 frames=31411 inf=31411 hazard=467 canary_err=0 q=0 qovr=0
[I2C] init=0 gate=0 whoami=0x140e0 wr=0 wrseen=0x27 addr=0x5a ok=192448 err=2 tmo=0 recov=2 pclk1=200000000 sysclk=400000000
[NAK] nacks=2
[CLK] cpu=800000000 sysb=400000000 pclk1=200000000
[TOF] res=0 step=0 id=0xeacc blk=0xeacc10 ctl=0x0
[RNG] init=0 step=99 id=0xeacc boot=1 calls=93 xerr=0 dm=1 tb=15
[RNG] osc=41 imp=881 imprb=881 mstart=0x40 cfg=91 cfgfail=0x0 vhv=0 vpolls=0
[PRT] calls=125765 xerr=0 ler=1 lidx=0x0 perr=0 maxcnt=17 addr8=0x52
[RTY] wr=0 wmax=0 wref=0  rd=0 rmax=0 rref=0
[RNG] frames=31413 last=31 min=12 max=159 nrdy=0 dxfer=0 dstat=0 lst=0 nrdyerr=0 dclr=0
[DRV] init=0 id=7 mode=0x1 lib=0x2 seq=0x1 odc=0x8b sts=0xe0 armed=1
[TRG] pulses=343 suppressed=124 cyc=1600 rst=1 rstmode=0x40
[HLT] polls=628 faults=0x0 cfglost=0
[EFF] n=5 last=58555 min=58548 max=58555 late=0 stuck=0 rderr=0
[IMU] init=0 addr=0x68 who=0x68 rst=1 pmrb0=0x40 pmrb=0x1 sr=19 cfg=4 gcfg=0x0 acfg=0x8 icfg=0x30 ien=0x1 armed=1
[ACC] reads=31413 stale=31376 rderr=2 ax=53 ay=-20 az=1125
[PWR] pm=0x1 drift=1 rderr=0
[DWT] ok=1 cyc=1453004006 cyc_per_ms=799999
[HB] up_ms=695574 frames=31461 inf=31461 hazard=467 canary_err=0 q=0 qovr=0
[I2C] init=0 gate=0 whoami=0x140e0 wr=0 wrseen=0x27 addr=0x5a ok=192750 err=2 tmo=0 recov=2 pclk1=200000000 sysclk=400000000
[NAK] nacks=2
[CLK] cpu=800000000 sysb=400000000 pclk1=200000000
[TOF] res=0 step=0 id=0xeacc blk=0xeacc10 ctl=0x0
[RNG] init=0 step=99 id=0xeacc boot=1 calls=93 xerr=0 dm=1 tb=15
[RNG] osc=41 imp=881 imprb=881 mstart=0x40 cfg=91 cfgfail=0x0 vhv=0 vpolls=0
[PRT] calls=125965 xerr=0 ler=1 lidx=0x0 perr=0 maxcnt=17 addr8=0x52
[RTY] wr=0 wmax=0 wref=0  rd=0 rmax=0 rref=0
[RNG] frames=31463 last=47 min=12 max=159 nrdy=0 dxfer=0 dstat=0 lst=0 nrdyerr=0 dclr=0
[DRV] init=0 id=7 mode=0x1 lib=0x2 seq=0x1 odc=0x8b sts=0xe0 armed=1
[TRG] pulses=343 suppressed=124 cyc=1600 rst=1 rstmode=0x40
[HLT] polls=629 faults=0x0 cfglost=0
[EFF] n=5 last=58555 min=58548 max=58555 late=0 stuck=0 rderr=0
[IMU] init=0 addr=0x68 who=0x68 rst=1 pmrb0=0x40 pmrb=0x1 sr=19 cfg=4 gcfg=0x0 acfg=0x8 icfg=0x30 ien=0x1 armed=1
[ACC] reads=31463 stale=31426 rderr=2 ax=54 ay=-21 az=1125
[PWR] pm=0x1 drift=1 rderr=0
[DWT] ok=1 cyc=2334604058 cyc_per_ms=800000
[HB] up_ms=696676 frames=31511 inf=31511 hazard=467 canary_err=0 q=0 qovr=0
[I2C] init=0 gate=0 whoami=0x140e0 wr=0 wrseen=0x27 addr=0x5a ok=193052 err=2 tmo=0 recov=2 pclk1=200000000 sysclk=400000000
[NAK] nacks=2
[CLK] cpu=800000000 sysb=400000000 pclk1=200000000
[TOF] res=0 step=0 id=0xeacc blk=0xeacc10 ctl=0x0
[RNG] init=0 step=99 id=0xeacc boot=1 calls=93 xerr=0 dm=1 tb=15
[RNG] osc=41 imp=881 imprb=881 mstart=0x40 cfg=91 cfgfail=0x0 vhv=0 vpolls=0
[PRT] calls=126165 xerr=0 ler=1 lidx=0x0 perr=0 maxcnt=17 addr8=0x52
[RTY] wr=0 wmax=0 wref=0  rd=0 rmax=0 rref=0
[RNG] frames=31513 last=43 min=12 max=159 nrdy=0 dxfer=0 dstat=0 lst=0 nrdyerr=0 dclr=0
[DRV] init=0 id=7 mode=0x1 lib=0x2 seq=0x1 odc=0x8b sts=0xe0 armed=1
[TRG] pulses=343 suppressed=124 cyc=1600 rst=1 rstmode=0x40
[HLT] polls=630 faults=0x0 cfglost=0
[EFF] n=5 last=58555 min=58548 max=58555 late=0 stuck=0 rderr=0
[IMU] init=0 addr=0x68 who=0x68 rst=1 pmrb0=0x40 pmrb=0x1 sr=19 cfg=4 gcfg=0x0 acfg=0x8 icfg=0x30 ien=0x1 armed=1
[ACC] reads=31513 stale=31476 rderr=2 ax=54 ay=-21 az=1123
[PWR] pm=0x1 drift=1 rderr=0
[DWT] ok=1 cyc=3216204190 cyc_per_ms=800000
[HB] up_ms=697778 frames=31561 inf=31561 hazard=468 canary_err=0 q=0 qovr=0
[I2C] init=0 gate=0 whoami=0x140e0 wr=0 wrseen=0x27 addr=0x5a ok=193354 err=2 tmo=0 recov=2 pclk1=200000000 sysclk=400000000
[NAK] nacks=2
[CLK] cpu=800000000 sysb=400000000 pclk1=200000000
[TOF] res=0 step=0 id=0xeacc blk=0xeacc10 ctl=0x0
[RNG] init=0 step=99 id=0xeacc boot=1 calls=93 xerr=0 dm=1 tb=15
[RNG] osc=41 imp=881 imprb=881 mstart=0x40 cfg=91 cfgfail=0x0 vhv=0 vpolls=0
[PRT] calls=126364 xerr=0 ler=1 lidx=0x0 perr=0 maxcnt=17 addr8=0x52
[RTY] wr=0 wmax=0 wref=0  rd=0 rmax=0 rref=0
[RNG] frames=31563 last=38 min=12 max=159 nrdy=0 dxfer=0 dstat=0 lst=0 nrdyerr=0 dclr=0
[DRV] init=0 id=7 mode=0x1 lib=0x2 seq=0x1 odc=0x8b sts=0xe0 armed=1
[TRG] pulses=344 suppressed=124 cyc=1600 rst=1 rstmode=0x40
[HLT] polls=631 faults=0x0 cfglost=0
[EFF] n=5 last=58555 min=58548 max=58555 late=0 stuck=0 rderr=0
[IMU] init=0 addr=0x68 who=0x68 rst=1 pmrb0=0x40 pmrb=0x1 sr=19 cfg=4 gcfg=0x0 acfg=0x8 icfg=0x30 ien=0x1 armed=1
[ACC] reads=31563 stale=31526 rderr=2 ax=54 ay=-19 az=1124
[PWR] pm=0x1 drift=1 rderr=0
[DWT] ok=1 cyc=4097804102 cyc_per_ms=799999
[HB] up_ms=698880 frames=31611 inf=31611 hazard=468 canary_err=0 q=0 qovr=0
[I2C] init=0 gate=0 whoami=0x140e0 wr=0 wrseen=0x27 addr=0x5a ok=193656 err=2 tmo=0 recov=2 pclk1=200000000 sysclk=400000000
[NAK] nacks=2
[CLK] cpu=800000000 sysb=400000000 pclk1=200000000
[TOF] res=0 step=0 id=0xeacc blk=0xeacc10 ctl=0x0
[RNG] init=0 step=99 id=0xeacc boot=1 calls=93 xerr=0 dm=1 tb=15
[RNG] osc=41 imp=881 imprb=881 mstart=0x40 cfg=91 cfgfail=0x0 vhv=0 vpolls=0
[PRT] calls=126561 xerr=0 ler=1 lidx=0x0 perr=0 maxcnt=17 addr8=0x52
[RTY] wr=0 wmax=0 wref=0  rd=0 rmax=0 rref=0
[RNG] frames=31613 last=38 min=12 max=159 nrdy=0 dxfer=0 dstat=0 lst=0 nrdyerr=0 dclr=0
[DRV] init=0 id=7 mode=0x1 lib=0x2 seq=0x1 odc=0x8b sts=0xe0 armed=1
[TRG] pulses=344 suppressed=124 cyc=1600 rst=1 rstmode=0x40
[HLT] polls=632 faults=0x0 cfglost=0
[EFF] n=5 last=58555 min=58548 max=58555 late=0 stuck=0 rderr=0
[IMU] init=0 addr=0x68 who=0x68 rst=1 pmrb0=0x40 pmrb=0x1 sr=19 cfg=4 gcfg=0x0 acfg=0x8 icfg=0x30 ien=0x1 armed=1
[ACC] reads=31612 stale=31576 rderr=2 ax=55 ay=-21 az=1121
[PWR] pm=0x1 drift=1 rderr=0
[DWT] ok=1 cyc=684436726 cyc_per_ms=799999
[HB] up_ms=699982 frames=31660 inf=31660 hazard=469 canary_err=0 q=0 qovr=0
[I2C] init=0 gate=0 whoami=0x140e0 wr=0 wrseen=0x27 addr=0x5a ok=193958 err=2 tmo=0 recov=2 pclk1=200000000 sysclk=400000000
[NAK] nacks=2
[CLK] cpu=800000000 sysb=400000000 pclk1=200000000
[TOF] res=0 step=0 id=0xeacc blk=0xeacc10 ctl=0x0
[RNG] init=0 step=99 id=0xeacc boot=1 calls=93 xerr=0 dm=1 tb=15
[RNG] osc=41 imp=881 imprb=881 mstart=0x40 cfg=91 cfgfail=0x0 vhv=0 vpolls=0
[PRT] calls=126761 xerr=0 ler=1 lidx=0x0 perr=0 maxcnt=17 addr8=0x52
[RTY] wr=0 wmax=0 wref=0  rd=0 rmax=0 rref=0
[RNG] frames=31663 last=41 min=12 max=159 nrdy=0 dxfer=0 dstat=0 lst=0 nrdyerr=0 dclr=0
[DRV] init=0 id=7 mode=0x1 lib=0x2 seq=0x1 odc=0x8b sts=0xe0 armed=1
[TRG] pulses=345 suppressed=124 cyc=1600 rst=1 rstmode=0x40
[HLT] polls=633 faults=0x0 cfglost=0
[EFF] n=5 last=58555 min=58548 max=58555 late=0 stuck=0 rderr=0
[IMU] init=0 addr=0x68 who=0x68 rst=1 pmrb0=0x40 pmrb=0x1 sr=19 cfg=4 gcfg=0x0 acfg=0x8 icfg=0x30 ien=0x1 armed=1
[ACC] reads=31662 stale=31625 rderr=2 ax=55 ay=-21 az=1124
[PWR] pm=0x1 drift=1 rderr=0
[DWT] ok=1 cyc=1566078048 cyc_per_ms=800037
[HB] up_ms=701084 frames=31710 inf=31710 hazard=469 canary_err=0 q=0 qovr=0
[I2C] init=0 gate=0 whoami=0x140e0 wr=0 wrseen=0x27 addr=0x5a ok=194260 err=2 tmo=0 recov=2 pclk1=200000000 sysclk=400000000
[NAK] nacks=2
[CLK] cpu=800000000 sysb=400000000 pclk1=200000000
[TOF] res=0 step=0 id=0xeacc blk=0xeacc10 ctl=0x0
[RNG] init=0 step=99 id=0xeacc boot=1 calls=93 xerr=0 dm=1 tb=15
[RNG] osc=41 imp=881 imprb=881 mstart=0x40 cfg=91 cfgfail=0x0 vhv=0 vpolls=0
[PRT] calls=126961 xerr=0 ler=1 lidx=0x0 perr=0 maxcnt=17 addr8=0x52
[RTY] wr=0 wmax=0 wref=0  rd=0 rmax=0 rref=0
[RNG] frames=31713 last=36 min=12 max=159 nrdy=0 dxfer=0 dstat=0 lst=0 nrdyerr=0 dclr=0
[DRV] init=0 id=7 mode=0x1 lib=0x2 seq=0x1 odc=0x8b sts=0xe0 armed=1
[TRG] pulses=345 suppressed=124 cyc=1600 rst=1 rstmode=0x40
[HLT] polls=634 faults=0x0 cfglost=0
[EFF] n=5 last=58555 min=58548 max=58555 late=0 stuck=0 rderr=0
[IMU] init=0 addr=0x68 who=0x68 rst=1 pmrb0=0x40 pmrb=0x1 sr=19 cfg=4 gcfg=0x0 acfg=0x8 icfg=0x30 ien=0x1 armed=1
[ACC] reads=31712 stale=31674 rderr=2 ax=55 ay=-23 az=1121
[PWR] pm=0x1 drift=1 rderr=0
[DWT] ok=1 cyc=2447774304 cyc_per_ms=800087
[HB] up_ms=702187 frames=31760 inf=31760 hazard=470 canary_err=0 q=0 qovr=0
[I2C] init=0 gate=0 whoami=0x140e0 wr=0 wrseen=0x27 addr=0x5a ok=194562 err=2 tmo=0 recov=2 pclk1=200000000 sysclk=400000000
[NAK] nacks=2
[CLK] cpu=800000000 sysb=400000000 pclk1=200000000
[TOF] res=0 step=0 id=0xeacc blk=0xeacc10 ctl=0x0
[RNG] init=0 step=99 id=0xeacc boot=1 calls=93 xerr=0 dm=1 tb=15
[RNG] osc=41 imp=881 imprb=881 mstart=0x40 cfg=91 cfgfail=0x0 vhv=0 vpolls=0
[PRT] calls=127161 xerr=0 ler=1 lidx=0x0 perr=0 maxcnt=17 addr8=0x52
[RTY] wr=0 wmax=0 wref=0  rd=0 rmax=0 rref=0
[RNG] frames=31763 last=28 min=12 max=159 nrdy=0 dxfer=0 dstat=0 lst=0 nrdyerr=0 dclr=0
[DRV] init=0 id=7 mode=0x1 lib=0x2 seq=0x1 odc=0x8b sts=0xe0 armed=1
[TRG] pulses=346 suppressed=124 cyc=1600 rst=1 rstmode=0x40
[HLT] polls=635 faults=0x0 cfglost=0
[EFF] n=5 last=58555 min=58548 max=58555 late=0 stuck=0 rderr=0
[IMU] init=0 addr=0x68 who=0x68 rst=1 pmrb0=0x40 pmrb=0x1 sr=19 cfg=4 gcfg=0x0 acfg=0x8 icfg=0x30 ien=0x1 armed=1
[ACC] reads=31762 stale=31724 rderr=2 ax=53 ay=-20 az=1122
[PWR] pm=0x1 drift=1 rderr=0
[DWT] ok=1 cyc=3330174152 cyc_per_ms=799999
[HB] up_ms=703290 frames=31810 inf=31810 hazard=470 canary_err=0 q=0 qovr=0
[I2C] init=0 gate=0 whoami=0x140e0 wr=0 wrseen=0x27 addr=0x5a ok=194863 err=2 tmo=0 recov=2 pclk1=200000000 sysclk=400000000
[NAK] nacks=2
[CLK] cpu=800000000 sysb=400000000 pclk1=200000000
[TOF] res=0 step=0 id=0xeacc blk=0xeacc10 ctl=0x0
[RNG] init=0 step=99 id=0xeacc boot=1 calls=93 xerr=0 dm=1 tb=15
[RNG] osc=41 imp=881 imprb=881 mstart=0x40 cfg=91 cfgfail=0x0 vhv=0 vpolls=0
[PRT] calls=127361 xerr=0 ler=1 lidx=0x0 perr=0 maxcnt=17 addr8=0x52
[RTY] wr=0 wmax=0 wref=0  rd=0 rmax=0 rref=0
[RNG] frames=31812 last=31 min=12 max=159 nrdy=0 dxfer=0 dstat=0 lst=0 nrdyerr=0 dclr=0
[DRV] init=0 id=7 mode=0x1 lib=0x2 seq=0x1 odc=0x8b sts=0xe0 armed=1
[TRG] pulses=346 suppressed=124 cyc=1600 rst=1 rstmode=0x40
[HLT] polls=636 faults=0x0 cfglost=0
[EFF] n=5 last=58555 min=58548 max=58555 late=0 stuck=0 rderr=0
[IMU] init=0 addr=0x68 who=0x68 rst=1 pmrb0=0x40 pmrb=0x1 sr=19 cfg=4 gcfg=0x0 acfg=0x8 icfg=0x30 ien=0x1 armed=1
[ACC] reads=31812 stale=31774 rderr=2 ax=53 ay=-21 az=1122
[PWR] pm=0x1 drift=1 rderr=0
[DWT] ok=1 cyc=4212486028 cyc_per_ms=799920
[HB] up_ms=704393 frames=31860 inf=31860 hazard=471 canary_err=0 q=0 qovr=0
[I2C] init=0 gate=0 whoami=0x140e0 wr=0 wrseen=0x27 addr=0x5a ok=195160 err=2 tmo=0 recov=2 pclk1=200000000 sysclk=400000000
[NAK] nacks=2
[CLK] cpu=800000000 sysb=400000000 pclk1=200000000
[TOF] res=0 step=0 id=0xeacc blk=0xeacc10 ctl=0x0
[RNG] init=0 step=99 id=0xeacc boot=1 calls=93 xerr=0 dm=1 tb=15
[RNG] osc=41 imp=881 imprb=881 mstart=0x40 cfg=91 cfgfail=0x0 vhv=0 vpolls=0
[PRT] calls=127561 xerr=0 ler=1 lidx=0x0 perr=0 maxcnt=17 addr8=0x52
[RTY] wr=0 wmax=0 wref=0  rd=0 rmax=0 rref=0
[RNG] frames=31862 last=34 min=12 max=159 nrdy=0 dxfer=0 dstat=0 lst=0 nrdyerr=0 dclr=0
[DRV] init=0 id=7 mode=0x1 lib=0x2 seq=0x1 odc=0x8b sts=0xe0 armed=1
[TRG] pulses=347 suppressed=124 cyc=1600 rst=1 rstmode=0x40
[HLT] polls=637 faults=0x0 cfglost=0
[EFF] n=5 last=58555 min=58548 max=58555 late=0 stuck=0 rderr=0
[IMU] init=0 addr=0x68 who=0x68 rst=1 pmrb0=0x40 pmrb=0x1 sr=19 cfg=4 gcfg=0x0 acfg=0x8 icfg=0x30 ien=0x1 armed=1
[ACC] reads=31862 stale=31824 rderr=2 ax=53 ay=-19 az=1128
[PWR] pm=0x1 drift=1 rderr=0
[DWT] ok=1 cyc=799869566 cyc_per_ms=799955
[HB] up_ms=705495 frames=31910 inf=31910 hazard=472 canary_err=0 q=0 qovr=0
[I2C] init=0 gate=0 whoami=0x140e0 wr=0 wrseen=0x27 addr=0x5a ok=195462 err=2 tmo=0 recov=2 pclk1=200000000 sysclk=400000000
[NAK] nacks=2
[CLK] cpu=800000000 sysb=400000000 pclk1=200000000
[TOF] res=0 step=0 id=0xeacc blk=0xeacc10 ctl=0x0
[RNG] init=0 step=99 id=0xeacc boot=1 calls=93 xerr=0 dm=1 tb=15
[RNG] osc=41 imp=881 imprb=881 mstart=0x40 cfg=91 cfgfail=0x0 vhv=0 vpolls=0
[PRT] calls=127761 xerr=0 ler=1 lidx=0x0 perr=0 maxcnt=17 addr8=0x52
[RTY] wr=0 wmax=0 wref=0  rd=0 rmax=0 rref=0
[RNG] frames=31912 last=36 min=12 max=159 nrdy=0 dxfer=0 dstat=0 lst=0 nrdyerr=0 dclr=0
[DRV] init=0 id=7 mode=0x1 lib=0x2 seq=0x1 odc=0x8b sts=0xe0 armed=1
[TRG] pulses=349 suppressed=124 cyc=1600 rst=1 rstmode=0x40
[HLT] polls=638 faults=0x0 cfglost=0
[EFF] n=5 last=58555 min=58548 max=58555 late=0 stuck=0 rderr=0
[IMU] init=0 addr=0x68 who=0x68 rst=1 pmrb0=0x40 pmrb=0x1 sr=19 cfg=4 gcfg=0x0 acfg=0x8 icfg=0x30 ien=0x1 armed=1
[ACC] reads=31912 stale=31874 rderr=2 ax=55 ay=-20 az=1128
[PWR] pm=0x1 drift=1 rderr=0
[DWT] ok=1 cyc=1681472966 cyc_per_ms=800003
[HB] up_ms=706597 frames=31960 inf=31960 hazard=473 canary_err=0 q=0 qovr=0
[I2C] init=0 gate=0 whoami=0x140e0 wr=0 wrseen=0x27 addr=0x5a ok=195764 err=2 tmo=0 recov=2 pclk1=200000000 sysclk=400000000
[NAK] nacks=2
[CLK] cpu=800000000 sysb=400000000 pclk1=200000000
[TOF] res=0 step=0 id=0xeacc blk=0xeacc10 ctl=0x0
[RNG] init=0 step=99 id=0xeacc boot=1 calls=93 xerr=0 dm=1 tb=15
[RNG] osc=41 imp=881 imprb=881 mstart=0x40 cfg=91 cfgfail=0x0 vhv=0 vpolls=0
[PRT] calls=127961 xerr=0 ler=1 lidx=0x0 perr=0 maxcnt=17 addr8=0x52
[RTY] wr=0 wmax=0 wref=0  rd=0 rmax=0 rref=0
[RNG] frames=31962 last=39 min=12 max=159 nrdy=0 dxfer=0 dstat=0 lst=0 nrdyerr=0 dclr=0
[DRV] init=0 id=7 mode=0x1 lib=0x2 seq=0x1 odc=0x8b sts=0xe0 armed=1
[TRG] pulses=349 suppressed=124 cyc=1600 rst=1 rstmode=0x40
[HLT] polls=639 faults=0x0 cfglost=0
[EFF] n=5 last=58555 min=58548 max=58555 late=0 stuck=0 rderr=0
[IMU] init=0 addr=0x68 who=0x68 rst=1 pmrb0=0x40 pmrb=0x1 sr=19 cfg=4 gcfg=0x0 acfg=0x8 icfg=0x30 ien=0x1 armed=1
[ACC] reads=31962 stale=31924 rderr=2 ax=53 ay=-20 az=1120
[PWR] pm=0x1 drift=1 rderr=0
[DWT] ok=1 cyc=2563069590 cyc_per_ms=799996
[HB] up_ms=707699 frames=32010 inf=32010 hazard=473 canary_err=0 q=0 qovr=0
[I2C] init=0 gate=0 whoami=0x140e0 wr=0 wrseen=0x27 addr=0x5a ok=196066 err=2 tmo=0 recov=2 pclk1=200000000 sysclk=400000000
[NAK] nacks=2
[CLK] cpu=800000000 sysb=400000000 pclk1=200000000
[TOF] res=0 step=0 id=0xeacc blk=0xeacc10 ctl=0x0
[RNG] init=0 step=99 id=0xeacc boot=1 calls=93 xerr=0 dm=1 tb=15
[RNG] osc=41 imp=881 imprb=881 mstart=0x40 cfg=91 cfgfail=0x0 vhv=0 vpolls=0
[PRT] calls=128161 xerr=0 ler=1 lidx=0x0 perr=0 maxcnt=17 addr8=0x52
[RTY] wr=0 wmax=0 wref=0  rd=0 rmax=0 rref=0
[RNG] frames=32012 last=28 min=12 max=159 nrdy=0 dxfer=0 dstat=0 lst=0 nrdyerr=0 dclr=0
[DRV] init=0 id=7 mode=0x1 lib=0x2 seq=0x1 odc=0x8b sts=0xe0 armed=1
[TRG] pulses=349 suppressed=124 cyc=1600 rst=1 rstmode=0x40
[HLT] polls=640 faults=0x0 cfglost=0
[EFF] n=5 last=58555 min=58548 max=58555 late=0 stuck=0 rderr=0
[IMU] init=0 addr=0x68 who=0x68 rst=1 pmrb0=0x40 pmrb=0x1 sr=19 cfg=4 gcfg=0x0 acfg=0x8 icfg=0x30 ien=0x1 armed=1
[ACC] reads=32012 stale=31974 rderr=2 ax=54 ay=-19 az=1125
[PWR] pm=0x1 drift=1 rderr=0
[DWT] ok=1 cyc=3444669506 cyc_per_ms=799999
[HB] up_ms=708801 frames=32060 inf=32060 hazard=476 canary_err=0 q=0 qovr=0
[I2C] init=0 gate=0 whoami=0x140e0 wr=0 wrseen=0x27 addr=0x5a ok=196368 err=2 tmo=0 recov=2 pclk1=200000000 sysclk=400000000
[NAK] nacks=2
[CLK] cpu=800000000 sysb=400000000 pclk1=200000000
[TOF] res=0 step=0 id=0xeacc blk=0xeacc10 ctl=0x0
[RNG] init=0 step=99 id=0xeacc boot=1 calls=93 xerr=0 dm=1 tb=15
[RNG] osc=41 imp=881 imprb=881 mstart=0x40 cfg=91 cfgfail=0x0 vhv=0 vpolls=0
[PRT] calls=128361 xerr=0 ler=1 lidx=0x0 perr=0 maxcnt=17 addr8=0x52
[RTY] wr=0 wmax=0 wref=0  rd=0 rmax=0 rref=0
[RNG] frames=32062 last=31 min=12 max=159 nrdy=0 dxfer=0 dstat=0 lst=0 nrdyerr=0 dclr=0
[DRV] init=0 id=7 mode=0x1 lib=0x2 seq=0x1 odc=0x8b sts=0xe0 armed=1
[TRG] pulses=350 suppressed=126 cyc=1600 rst=1 rstmode=0x40
[HLT] polls=641 faults=0x0 cfglost=0
[EFF] n=5 last=58555 min=58548 max=58555 late=0 stuck=0 rderr=0
[IMU] init=0 addr=0x68 who=0x68 rst=1 pmrb0=0x40 pmrb=0x1 sr=19 cfg=4 gcfg=0x0 acfg=0x8 icfg=0x30 ien=0x1 armed=1
[ACC] reads=32062 stale=32024 rderr=2 ax=54 ay=-21 az=1123
[PWR] pm=0x1 drift=1 rderr=0
[DWT] ok=1 cyc=31302110 cyc_per_ms=799999
[HB] up_ms=709903 frames=32110 inf=32110 hazard=476 canary_err=0 q=0 qovr=0
[I2C] init=0 gate=0 whoami=0x140e0 wr=0 wrseen=0x27 addr=0x5a ok=196670 err=2 tmo=0 recov=2 pclk1=200000000 sysclk=400000000
[NAK] nacks=2
[CLK] cpu=800000000 sysb=400000000 pclk1=200000000
[TOF] res=0 step=0 id=0xeacc blk=0xeacc10 ctl=0x0
[RNG] init=0 step=99 id=0xeacc boot=1 calls=93 xerr=0 dm=1 tb=15
[RNG] osc=41 imp=881 imprb=881 mstart=0x40 cfg=91 cfgfail=0x0 vhv=0 vpolls=0
[PRT] calls=128557 xerr=0 ler=1 lidx=0x0 perr=0 maxcnt=17 addr8=0x52
[RTY] wr=0 wmax=0 wref=0  rd=0 rmax=0 rref=0
[RNG] frames=32112 last=31 min=12 max=159 nrdy=0 dxfer=0 dstat=0 lst=0 nrdyerr=0 dclr=0
[DRV] init=0 id=7 mode=0x1 lib=0x2 seq=0x1 odc=0x8b sts=0xe0 armed=1
[TRG] pulses=351 suppressed=126 cyc=1600 rst=1 rstmode=0x40
[HLT] polls=642 faults=0x0 cfglost=0
[EFF] n=5 last=58555 min=58548 max=58555 late=0 stuck=0 rderr=0
[IMU] init=0 addr=0x68 who=0x68 rst=1 pmrb0=0x40 pmrb=0x1 sr=19 cfg=4 gcfg=0x0 acfg=0x8 icfg=0x30 ien=0x1 armed=1
[ACC] reads=32112 stale=32073 rderr=2 ax=56 ay=-18 az=1123
[PWR] pm=0x1 drift=1 rderr=0
[DWT] ok=1 cyc=912905634 cyc_per_ms=800003
[HB] up_ms=711005 frames=32160 inf=32160 hazard=477 canary_err=0 q=0 qovr=0
[I2C] init=0 gate=0 whoami=0x140e0 wr=0 wrseen=0x27 addr=0x5a ok=196972 err=2 tmo=0 recov=2 pclk1=200000000 sysclk=400000000
[NAK] nacks=2
[CLK] cpu=800000000 sysb=400000000 pclk1=200000000
[TOF] res=0 step=0 id=0xeacc blk=0xeacc10 ctl=0x0
[RNG] init=0 step=99 id=0xeacc boot=1 calls=93 xerr=0 dm=1 tb=15
[RNG] osc=41 imp=881 imprb=881 mstart=0x40 cfg=91 cfgfail=0x0 vhv=0 vpolls=0
[PRT] calls=128757 xerr=0 ler=1 lidx=0x0 perr=0 maxcnt=17 addr8=0x52
[RTY] wr=0 wmax=0 wref=0  rd=0 rmax=0 rref=0
[RNG] frames=32162 last=30 min=12 max=159 nrdy=0 dxfer=0 dstat=0 lst=0 nrdyerr=0 dclr=0
[DRV] init=0 id=7 mode=0x1 lib=0x2 seq=0x1 odc=0x8b sts=0xe0 armed=1
[TRG] pulses=351 suppressed=126 cyc=1600 rst=1 rstmode=0x40
[HLT] polls=643 faults=0x0 cfglost=0
[EFF] n=5 last=58555 min=58548 max=58555 late=0 stuck=0 rderr=0
[IMU] init=0 addr=0x68 who=0x68 rst=1 pmrb0=0x40 pmrb=0x1 sr=19 cfg=4 gcfg=0x0 acfg=0x8 icfg=0x30 ien=0x1 armed=1
[ACC] reads=32161 stale=32122 rderr=2 ax=54 ay=-19 az=1125
[PWR] pm=0x1 drift=1 rderr=0
[DWT] ok=1 cyc=1794502258 cyc_per_ms=799996
[HB] up_ms=712107 frames=32209 inf=32209 hazard=477 canary_err=0 q=0 qovr=0
[I2C] init=0 gate=0 whoami=0x140e0 wr=0 wrseen=0x27 addr=0x5a ok=197274 err=2 tmo=0 recov=2 pclk1=200000000 sysclk=400000000
[NAK] nacks=2
[CLK] cpu=800000000 sysb=400000000 pclk1=200000000
[TOF] res=0 step=0 id=0xeacc blk=0xeacc10 ctl=0x0
[RNG] init=0 step=99 id=0xeacc boot=1 calls=93 xerr=0 dm=1 tb=15
[RNG] osc=41 imp=881 imprb=881 mstart=0x40 cfg=91 cfgfail=0x0 vhv=0 vpolls=0
[PRT] calls=128957 xerr=0 ler=1 lidx=0x0 perr=0 maxcnt=17 addr8=0x52
[RTY] wr=0 wmax=0 wref=0  rd=0 rmax=0 rref=0
[RNG] frames=32212 last=32 min=12 max=159 nrdy=0 dxfer=0 dstat=0 lst=0 nrdyerr=0 dclr=0
[DRV] init=0 id=7 mode=0x1 lib=0x2 seq=0x1 odc=0x8b sts=0xe0 armed=1
[TRG] pulses=351 suppressed=126 cyc=1600 rst=1 rstmode=0x40
[HLT] polls=644 faults=0x0 cfglost=0
[EFF] n=5 last=58555 min=58548 max=58555 late=0 stuck=0 rderr=0
[IMU] init=0 addr=0x68 who=0x68 rst=1 pmrb0=0x40 pmrb=0x1 sr=19 cfg=4 gcfg=0x0 acfg=0x8 icfg=0x30 ien=0x1 armed=1
[ACC] reads=32211 stale=32172 rderr=2 ax=54 ay=-21 az=1123
[PWR] pm=0x1 drift=1 rderr=0
[DWT] ok=1 cyc=2676238800 cyc_per_ms=800123
[HB] up_ms=713210 frames=32259 inf=32259 hazard=477 canary_err=0 q=0 qovr=0
[I2C] init=0 gate=0 whoami=0x140e0 wr=0 wrseen=0x27 addr=0x5a ok=197576 err=2 tmo=0 recov=2 pclk1=200000000 sysclk=400000000
[NAK] nacks=2
[CLK] cpu=800000000 sysb=400000000 pclk1=200000000
[TOF] res=0 step=0 id=0xeacc blk=0xeacc10 ctl=0x0
[RNG] init=0 step=99 id=0xeacc boot=1 calls=93 xerr=0 dm=1 tb=15
[RNG] osc=41 imp=881 imprb=881 mstart=0x40 cfg=91 cfgfail=0x0 vhv=0 vpolls=0
[PRT] calls=129157 xerr=0 ler=1 lidx=0x0 perr=0 maxcnt=17 addr8=0x52
[RTY] wr=0 wmax=0 wref=0  rd=0 rmax=0 rref=0
[RNG] frames=32262 last=46 min=12 max=159 nrdy=0 dxfer=0 dstat=0 lst=0 nrdyerr=0 dclr=0
[DRV] init=0 id=7 mode=0x1 lib=0x2 seq=0x1 odc=0x8b sts=0xe0 armed=1
[TRG] pulses=351 suppressed=126 cyc=1600 rst=1 rstmode=0x40
[HLT] polls=645 faults=0x0 cfglost=0
[EFF] n=5 last=58555 min=58548 max=58555 late=0 stuck=0 rderr=0
[IMU] init=0 addr=0x68 who=0x68 rst=1 pmrb0=0x40 pmrb=0x1 sr=19 cfg=4 gcfg=0x0 acfg=0x8 icfg=0x30 ien=0x1 armed=1
[ACC] reads=32261 stale=32222 rderr=2 ax=55 ay=-20 az=1123
[PWR] pm=0x1 drift=1 rderr=0
[DWT] ok=1 cyc=3558639532 cyc_per_ms=800000
[HB] up_ms=714313 frames=32309 inf=32309 hazard=478 canary_err=0 q=0 qovr=0
[I2C] init=0 gate=0 whoami=0x140e0 wr=0 wrseen=0x27 addr=0x5a ok=197878 err=2 tmo=0 recov=2 pclk1=200000000 sysclk=400000000
[NAK] nacks=2
[CLK] cpu=800000000 sysb=400000000 pclk1=200000000
[TOF] res=0 step=0 id=0xeacc blk=0xeacc10 ctl=0x0
[RNG] init=0 step=99 id=0xeacc boot=1 calls=93 xerr=0 dm=1 tb=15
[RNG] osc=41 imp=881 imprb=881 mstart=0x40 cfg=91 cfgfail=0x0 vhv=0 vpolls=0
[PRT] calls=129357 xerr=0 ler=1 lidx=0x0 perr=0 maxcnt=17 addr8=0x52
[RTY] wr=0 wmax=0 wref=0  rd=0 rmax=0 rref=0
[RNG] frames=32311 last=40 min=12 max=159 nrdy=0 dxfer=0 dstat=0 lst=0 nrdyerr=0 dclr=0
[DRV] init=0 id=7 mode=0x1 lib=0x2 seq=0x1 odc=0x8b sts=0xe0 armed=1
[TRG] pulses=352 suppressed=126 cyc=1600 rst=1 rstmode=0x40
[HLT] polls=646 faults=0x0 cfglost=0
[EFF] n=5 last=58555 min=58548 max=58555 late=0 stuck=0 rderr=0
[IMU] init=0 addr=0x68 who=0x68 rst=1 pmrb0=0x40 pmrb=0x1 sr=19 cfg=4 gcfg=0x0 acfg=0x8 icfg=0x30 ien=0x1 armed=1
[ACC] reads=32311 stale=32271 rderr=2 ax=54 ay=-20 az=1124
[PWR] pm=0x1 drift=1 rderr=0
[DWT] ok=1 cyc=146047924 cyc_per_ms=799977
[HB] up_ms=715415 frames=32359 inf=32359 hazard=478 canary_err=0 q=0 qovr=0
[I2C] init=0 gate=0 whoami=0x140e0 wr=0 wrseen=0x27 addr=0x5a ok=198174 err=2 tmo=0 recov=2 pclk1=200000000 sysclk=400000000
[NAK] nacks=2
[CLK] cpu=800000000 sysb=400000000 pclk1=200000000
[TOF] res=0 step=0 id=0xeacc blk=0xeacc10 ctl=0x0
[RNG] init=0 step=99 id=0xeacc boot=1 calls=93 xerr=0 dm=1 tb=15
[RNG] osc=41 imp=881 imprb=881 mstart=0x40 cfg=91 cfgfail=0x0 vhv=0 vpolls=0
[PRT] calls=129557 xerr=0 ler=1 lidx=0x0 perr=0 maxcnt=17 addr8=0x52
[RTY] wr=0 wmax=0 wref=0  rd=0 rmax=0 rref=0
[RNG] frames=32361 last=35 min=12 max=159 nrdy=0 dxfer=0 dstat=0 lst=0 nrdyerr=0 dclr=0
[DRV] init=0 id=7 mode=0x1 lib=0x2 seq=0x1 odc=0x8b sts=0xe0 armed=1
[TRG] pulses=352 suppressed=126 cyc=1600 rst=1 rstmode=0x40
[HLT] polls=647 faults=0x0 cfglost=0
[EFF] n=5 last=58555 min=58548 max=58555 late=0 stuck=0 rderr=0
[IMU] init=0 addr=0x68 who=0x68 rst=1 pmrb0=0x40 pmrb=0x1 sr=19 cfg=4 gcfg=0x0 acfg=0x8 icfg=0x30 ien=0x1 armed=1
[ACC] reads=32361 stale=32321 rderr=2 ax=54 ay=-20 az=1126
[PWR] pm=0x1 drift=1 rderr=0
[DWT] ok=1 cyc=1027534950 cyc_per_ms=799897
[HB] up_ms=716518 frames=32409 inf=32409 hazard=479 canary_err=0 q=0 qovr=0
[I2C] init=0 gate=0 whoami=0x140e0 wr=0 wrseen=0x27 addr=0x5a ok=198476 err=2 tmo=0 recov=2 pclk1=200000000 sysclk=400000000
[NAK] nacks=2
[CLK] cpu=800000000 sysb=400000000 pclk1=200000000
[TOF] res=0 step=0 id=0xeacc blk=0xeacc10 ctl=0x0
[RNG] init=0 step=99 id=0xeacc boot=1 calls=93 xerr=0 dm=1 tb=15
[RNG] osc=41 imp=881 imprb=881 mstart=0x40 cfg=91 cfgfail=0x0 vhv=0 vpolls=0
[PRT] calls=129757 xerr=0 ler=1 lidx=0x0 perr=0 maxcnt=17 addr8=0x52
[RTY] wr=0 wmax=0 wref=0  rd=0 rmax=0 rref=0
[RNG] frames=32411 last=43 min=12 max=159 nrdy=0 dxfer=0 dstat=0 lst=0 nrdyerr=0 dclr=0
[DRV] init=0 id=7 mode=0x1 lib=0x2 seq=0x1 odc=0x8b sts=0xe0 armed=1
[TRG] pulses=353 suppressed=126 cyc=1600 rst=1 rstmode=0x40
[HLT] polls=648 faults=0x0 cfglost=0
[EFF] n=5 last=58555 min=58548 max=58555 late=0 stuck=0 rderr=0
[IMU] init=0 addr=0x68 who=0x68 rst=1 pmrb0=0x40 pmrb=0x1 sr=19 cfg=4 gcfg=0x0 acfg=0x8 icfg=0x30 ien=0x1 armed=1
[ACC] reads=32411 stale=32371 rderr=2 ax=55 ay=-22 az=1124
[PWR] pm=0x1 drift=1 rderr=0
[DWT] ok=1 cyc=1909934970 cyc_per_ms=800000
[HB] up_ms=717620 frames=32459 inf=32459 hazard=480 canary_err=0 q=0 qovr=0
[I2C] init=0 gate=0 whoami=0x140e0 wr=0 wrseen=0x27 addr=0x5a ok=198778 err=2 tmo=0 recov=2 pclk1=200000000 sysclk=400000000
[NAK] nacks=2
[CLK] cpu=800000000 sysb=400000000 pclk1=200000000
[TOF] res=0 step=0 id=0xeacc blk=0xeacc10 ctl=0x0
[RNG] init=0 step=99 id=0xeacc boot=1 calls=93 xerr=0 dm=1 tb=15
[RNG] osc=41 imp=881 imprb=881 mstart=0x40 cfg=91 cfgfail=0x0 vhv=0 vpolls=0
[PRT] calls=129957 xerr=0 ler=1 lidx=0x0 perr=0 maxcnt=17 addr8=0x52
[RTY] wr=0 wmax=0 wref=0  rd=0 rmax=0 rref=0
[RNG] frames=32461 last=33 min=12 max=159 nrdy=0 dxfer=0 dstat=0 lst=0 nrdyerr=0 dclr=0
[DRV] init=0 id=7 mode=0x1 lib=0x2 seq=0x1 odc=0x8b sts=0xe0 armed=1
[TRG] pulses=354 suppressed=126 cyc=1600 rst=1 rstmode=0x40
[HLT] polls=649 faults=0x0 cfglost=0
[EFF] n=5 last=58555 min=58548 max=58555 late=0 stuck=0 rderr=0
[IMU] init=0 addr=0x68 who=0x68 rst=1 pmrb0=0x40 pmrb=0x1 sr=19 cfg=4 gcfg=0x0 acfg=0x8 icfg=0x30 ien=0x1 armed=1
[ACC] reads=32461 stale=32421 rderr=2 ax=55 ay=-20 az=1124
[PWR] pm=0x1 drift=1 rderr=0
[DWT] ok=1 cyc=2791534850 cyc_per_ms=799999
[HB] up_ms=718722 frames=32509 inf=32509 hazard=480 canary_err=0 q=0 qovr=0
[I2C] init=0 gate=0 whoami=0x140e0 wr=0 wrseen=0x27 addr=0x5a ok=199080 err=2 tmo=0 recov=2 pclk1=200000000 sysclk=400000000
[NAK] nacks=2
[CLK] cpu=800000000 sysb=400000000 pclk1=200000000
[TOF] res=0 step=0 id=0xeacc blk=0xeacc10 ctl=0x0
[RNG] init=0 step=99 id=0xeacc boot=1 calls=93 xerr=0 dm=1 tb=15
[RNG] osc=41 imp=881 imprb=881 mstart=0x40 cfg=91 cfgfail=0x0 vhv=0 vpolls=0
[PRT] calls=130157 xerr=0 ler=1 lidx=0x0 perr=0 maxcnt=17 addr8=0x52
[RTY] wr=0 wmax=0 wref=0  rd=0 rmax=0 rref=0
[RNG] frames=32511 last=23 min=12 max=159 nrdy=0 dxfer=0 dstat=0 lst=0 nrdyerr=0 dclr=0
[DRV] init=0 id=7 mode=0x1 lib=0x2 seq=0x1 odc=0x8b sts=0xe0 armed=1
[TRG] pulses=354 suppressed=126 cyc=1600 rst=1 rstmode=0x40
[HLT] polls=650 faults=0x0 cfglost=0
[EFF] n=5 last=58555 min=58548 max=58555 late=0 stuck=0 rderr=0
[IMU] init=0 addr=0x68 who=0x68 rst=1 pmrb0=0x40 pmrb=0x1 sr=19 cfg=4 gcfg=0x0 acfg=0x8 icfg=0x30 ien=0x1 armed=1
[ACC] reads=32511 stale=32471 rderr=2 ax=53 ay=-19 az=1124
[PWR] pm=0x1 drift=1 rderr=0
[DWT] ok=1 cyc=3673134874 cyc_per_ms=800000
[HB] up_ms=719824 frames=32558 inf=32558 hazard=480 canary_err=0 q=0 qovr=0
[I2C] init=0 gate=0 whoami=0x140e0 wr=0 wrseen=0x27 addr=0x5a ok=199382 err=2 tmo=0 recov=3 pclk1=200000000 sysclk=400000000
[NAK] nacks=2
[CLK] cpu=800000000 sysb=400000000 pclk1=200000000
[TOF] res=0 step=0 id=0xeacc blk=0xeacc10 ctl=0x0
[RNG] init=0 step=99 id=0xeacc boot=1 calls=93 xerr=0 dm=1 tb=15
[RNG] osc=41 imp=881 imprb=881 mstart=0x40 cfg=91 cfgfail=0x0 vhv=0 vpolls=0
[PRT] calls=130353 xerr=0 ler=1 lidx=0x0 perr=0 maxcnt=17 addr8=0x52
[RTY] wr=0 wmax=0 wref=0  rd=0 rmax=0 rref=0
[RNG] frames=32561 last=38 min=12 max=159 nrdy=0 dxfer=0 dstat=0 lst=0 nrdyerr=0 dclr=0
[DRV] init=0 id=7 mode=0x1 lib=0x2 seq=0x1 odc=0x8b sts=0xe0 armed=1
[TRG] pulses=354 suppressed=126 cyc=1600 rst=1 rstmode=0x40
[HLT] polls=651 faults=0x0 cfglost=0
[EFF] n=5 last=58555 min=58548 max=58555 late=0 stuck=0 rderr=0
[IMU] init=0 addr=0x68 who=0x68 rst=1 pmrb0=0x40 pmrb=0x1 sr=19 cfg=4 gcfg=0x0 acfg=0x8 icfg=0x30 ien=0x1 armed=1
[ACC] reads=32560 stale=32520 rderr=2 ax=53 ay=-20 az=1121
[PWR] pm=0x1 drift=1 rderr=0
[DWT] ok=1 cyc=259808880 cyc_per_ms=800037
[HB] up_ms=720926 frames=32608 inf=32608 hazard=480 canary_err=0 q=0 qovr=0
[I2C] init=0 gate=0 whoami=0x140e0 wr=0 wrseen=0x27 addr=0x5a ok=199684 err=2 tmo=0 recov=3 pclk1=200000000 sysclk=400000000
[NAK] nacks=2
[CLK] cpu=800000000 sysb=400000000 pclk1=200000000
[TOF] res=0 step=0 id=0xeacc blk=0xeacc10 ctl=0x0
[RNG] init=0 step=99 id=0xeacc boot=1 calls=93 xerr=0 dm=1 tb=15
[RNG] osc=41 imp=881 imprb=881 mstart=0x40 cfg=91 cfgfail=0x0 vhv=0 vpolls=0
[PRT] calls=130553 xerr=0 ler=1 lidx=0x0 perr=0 maxcnt=17 addr8=0x52
[RTY] wr=0 wmax=0 wref=0  rd=0 rmax=0 rref=0
[RNG] frames=32611 last=42 min=12 max=159 nrdy=0 dxfer=0 dstat=0 lst=0 nrdyerr=0 dclr=0
[DRV] init=0 id=7 mode=0x1 lib=0x2 seq=0x1 odc=0x8b sts=0xe0 armed=1
[TRG] pulses=354 suppressed=126 cyc=1600 rst=1 rstmode=0x40
[HLT] polls=652 faults=0x0 cfglost=0
[EFF] n=5 last=58555 min=58548 max=58555 late=0 stuck=0 rderr=0
[IMU] init=0 addr=0x68 who=0x68 rst=1 pmrb0=0x40 pmrb=0x1 sr=19 cfg=4 gcfg=0x0 acfg=0x8 icfg=0x30 ien=0x1 armed=1
[ACC] reads=32610 stale=32570 rderr=2 ax=55 ay=-22 az=1120
[PWR] pm=0x1 drift=1 rderr=0
[DWT] ok=1 cyc=1141505136 cyc_per_ms=800087
[HB] up_ms=722029 frames=32658 inf=32658 hazard=480 canary_err=0 q=0 qovr=0
[I2C] init=0 gate=0 whoami=0x140e0 wr=0 wrseen=0x27 addr=0x5a ok=199986 err=2 tmo=0 recov=3 pclk1=200000000 sysclk=400000000
[NAK] nacks=2
[CLK] cpu=800000000 sysb=400000000 pclk1=200000000
[TOF] res=0 step=0 id=0xeacc blk=0xeacc10 ctl=0x0
[RNG] init=0 step=99 id=0xeacc boot=1 calls=93 xerr=0 dm=1 tb=15
[RNG] osc=41 imp=881 imprb=881 mstart=0x40 cfg=91 cfgfail=0x0 vhv=0 vpolls=0
[PRT] calls=130753 xerr=0 ler=1 lidx=0x0 perr=0 maxcnt=17 addr8=0x52
[RTY] wr=0 wmax=0 wref=0  rd=0 rmax=0 rref=0
[RNG] frames=32661 last=42 min=12 max=159 nrdy=0 dxfer=0 dstat=0 lst=0 nrdyerr=0 dclr=0
[DRV] init=0 id=7 mode=0x1 lib=0x2 seq=0x1 odc=0x8b sts=0xe0 armed=1
[TRG] pulses=354 suppressed=126 cyc=1600 rst=1 rstmode=0x40
[HLT] polls=653 faults=0x0 cfglost=0
[EFF] n=5 last=58555 min=58548 max=58555 late=0 stuck=0 rderr=0
[IMU] init=0 addr=0x68 who=0x68 rst=1 pmrb0=0x40 pmrb=0x1 sr=19 cfg=4 gcfg=0x0 acfg=0x8 icfg=0x30 ien=0x1 armed=1
[ACC] reads=32660 stale=32620 rderr=2 ax=54 ay=-20 az=1124
[PWR] pm=0x1 drift=1 rderr=0
[DWT] ok=1 cyc=2023904956 cyc_per_ms=799999
[HB] up_ms=723132 frames=32708 inf=32708 hazard=480 canary_err=0 q=0 qovr=0
[I2C] init=0 gate=0 whoami=0x140e0 wr=0 wrseen=0x27 addr=0x5a ok=200287 err=2 tmo=0 recov=3 pclk1=200000000 sysclk=400000000
[NAK] nacks=2
[CLK] cpu=800000000 sysb=400000000 pclk1=200000000
[TOF] res=0 step=0 id=0xeacc blk=0xeacc10 ctl=0x0
[RNG] init=0 step=99 id=0xeacc boot=1 calls=93 xerr=0 dm=1 tb=15
[RNG] osc=41 imp=881 imprb=881 mstart=0x40 cfg=91 cfgfail=0x0 vhv=0 vpolls=0
[PRT] calls=130953 xerr=0 ler=1 lidx=0x0 perr=0 maxcnt=17 addr8=0x52
[RTY] wr=0 wmax=0 wref=0  rd=0 rmax=0 rref=0
[RNG] frames=32710 last=27 min=12 max=159 nrdy=0 dxfer=0 dstat=0 lst=0 nrdyerr=0 dclr=0
[DRV] init=0 id=7 mode=0x1 lib=0x2 seq=0x1 odc=0x8b sts=0xe0 armed=1
[TRG] pulses=354 suppressed=126 cyc=1600 rst=1 rstmode=0x40
[HLT] polls=654 faults=0x0 cfglost=0
[EFF] n=5 last=58555 min=58548 max=58555 late=0 stuck=0 rderr=0
[IMU] init=0 addr=0x68 who=0x68 rst=1 pmrb0=0x40 pmrb=0x1 sr=19 cfg=4 gcfg=0x0 acfg=0x8 icfg=0x30 ien=0x1 armed=1
[ACC] reads=32710 stale=32670 rderr=2 ax=53 ay=-20 az=1124
[PWR] pm=0x1 drift=1 rderr=0
[DWT] ok=1 cyc=2906216776 cyc_per_ms=799920
[HB] up_ms=724235 frames=32758 inf=32758 hazard=480 canary_err=0 q=0 qovr=0
[I2C] init=0 gate=0 whoami=0x140e0 wr=0 wrseen=0x27 addr=0x5a ok=200584 err=2 tmo=0 recov=3 pclk1=200000000 sysclk=400000000
[NAK] nacks=2
[CLK] cpu=800000000 sysb=400000000 pclk1=200000000
[TOF] res=0 step=0 id=0xeacc blk=0xeacc10 ctl=0x0
[RNG] init=0 step=99 id=0xeacc boot=1 calls=93 xerr=0 dm=1 tb=15
[RNG] osc=41 imp=881 imprb=881 mstart=0x40 cfg=91 cfgfail=0x0 vhv=0 vpolls=0
[PRT] calls=131153 xerr=0 ler=1 lidx=0x0 perr=0 maxcnt=17 addr8=0x52
[RTY] wr=0 wmax=0 wref=0  rd=0 rmax=0 rref=0
[RNG] frames=32760 last=35 min=12 max=159 nrdy=0 dxfer=0 dstat=0 lst=0 nrdyerr=0 dclr=0
[DRV] init=0 id=7 mode=0x1 lib=0x2 seq=0x1 odc=0x8b sts=0xe0 armed=1
[TRG] pulses=354 suppressed=126 cyc=1600 rst=1 rstmode=0x40
[HLT] polls=655 faults=0x0 cfglost=0
[EFF] n=5 last=58555 min=58548 max=58555 late=0 stuck=0 rderr=0
[IMU] init=0 addr=0x68 who=0x68 rst=1 pmrb0=0x40 pmrb=0x1 sr=19 cfg=4 gcfg=0x0 acfg=0x8 icfg=0x30 ien=0x1 armed=1
[ACC] reads=32760 stale=32718 rderr=2 ax=52 ay=-20 az=1124
[PWR] pm=0x1 drift=1 rderr=0
[DWT] ok=1 cyc=3788567730 cyc_per_ms=799955
[HB] up_ms=725338 frames=32808 inf=32808 hazard=480 canary_err=0 q=0 qovr=0
[I2C] init=0 gate=0 whoami=0x140e0 wr=0 wrseen=0x27 addr=0x5a ok=200886 err=2 tmo=0 recov=3 pclk1=200000000 sysclk=400000000
[NAK] nacks=2
[CLK] cpu=800000000 sysb=400000000 pclk1=200000000
[TOF] res=0 step=0 id=0xeacc blk=0xeacc10 ctl=0x0
[RNG] init=0 step=99 id=0xeacc boot=1 calls=93 xerr=0 dm=1 tb=15
[RNG] osc=41 imp=881 imprb=881 mstart=0x40 cfg=91 cfgfail=0x0 vhv=0 vpolls=0
[PRT] calls=131353 xerr=0 ler=1 lidx=0x0 perr=0 maxcnt=17 addr8=0x52
[RTY] wr=0 wmax=0 wref=0  rd=0 rmax=0 rref=0
[RNG] frames=32810 last=38 min=12 max=159 nrdy=0 dxfer=0 dstat=0 lst=0 nrdyerr=0 dclr=0
[DRV] init=0 id=7 mode=0x1 lib=0x2 seq=0x1 odc=0x8b sts=0xe0 armed=1
[TRG] pulses=354 suppressed=126 cyc=1600 rst=1 rstmode=0x40
[HLT] polls=656 faults=0x0 cfglost=0
[EFF] n=5 last=58555 min=58548 max=58555 late=0 stuck=0 rderr=0
[IMU] init=0 addr=0x68 who=0x68 rst=1 pmrb0=0x40 pmrb=0x1 sr=19 cfg=4 gcfg=0x0 acfg=0x8 icfg=0x30 ien=0x1 armed=1
[ACC] reads=32810 stale=32768 rderr=2 ax=53 ay=-21 az=1124
[PWR] pm=0x1 drift=1 rderr=0
[DWT] ok=1 cyc=376000382 cyc_per_ms=799999
[HB] up_ms=726440 frames=32858 inf=32858 hazard=481 canary_err=0 q=0 qovr=0
[I2C] init=0 gate=0 whoami=0x140e0 wr=0 wrseen=0x27 addr=0x5a ok=201188 err=2 tmo=0 recov=3 pclk1=200000000 sysclk=400000000
[NAK] nacks=2
[CLK] cpu=800000000 sysb=400000000 pclk1=200000000
[TOF] res=0 step=0 id=0xeacc blk=0xeacc10 ctl=0x0
[RNG] init=0 step=99 id=0xeacc boot=1 calls=93 xerr=0 dm=1 tb=15
[RNG] osc=41 imp=881 imprb=881 mstart=0x40 cfg=91 cfgfail=0x0 vhv=0 vpolls=0
[PRT] calls=131553 xerr=0 ler=1 lidx=0x0 perr=0 maxcnt=17 addr8=0x52
[RTY] wr=0 wmax=0 wref=0  rd=0 rmax=0 rref=0
[RNG] frames=32860 last=37 min=12 max=159 nrdy=0 dxfer=0 dstat=0 lst=0 nrdyerr=0 dclr=0
[DRV] init=0 id=7 mode=0x1 lib=0x2 seq=0x1 odc=0x8b sts=0xe0 armed=1
[TRG] pulses=355 suppressed=126 cyc=1600 rst=1 rstmode=0x40
[HLT] polls=657 faults=0x0 cfglost=0
[EFF] n=5 last=58555 min=58548 max=58555 late=0 stuck=0 rderr=0
[IMU] init=0 addr=0x68 who=0x68 rst=1 pmrb0=0x40 pmrb=0x1 sr=19 cfg=4 gcfg=0x0 acfg=0x8 icfg=0x30 ien=0x1 armed=1
[ACC] reads=32860 stale=32818 rderr=2 ax=54 ay=-20 az=1125
[PWR] pm=0x1 drift=1 rderr=0
[DWT] ok=1 cyc=1257600346 cyc_per_ms=799999
[HB] up_ms=727542 frames=32908 inf=32908 hazard=483 canary_err=0 q=0 qovr=0
[I2C] init=0 gate=0 whoami=0x140e0 wr=0 wrseen=0x27 addr=0x5a ok=201490 err=2 tmo=0 recov=3 pclk1=200000000 sysclk=400000000
[NAK] nacks=2
[CLK] cpu=800000000 sysb=400000000 pclk1=200000000
[TOF] res=0 step=0 id=0xeacc blk=0xeacc10 ctl=0x0
[RNG] init=0 step=99 id=0xeacc boot=1 calls=93 xerr=0 dm=1 tb=15
[RNG] osc=41 imp=881 imprb=881 mstart=0x40 cfg=91 cfgfail=0x0 vhv=0 vpolls=0
[PRT] calls=131753 xerr=0 ler=1 lidx=0x0 perr=0 maxcnt=17 addr8=0x52
[RTY] wr=0 wmax=0 wref=0  rd=0 rmax=0 rref=0
[RNG] frames=32910 last=29 min=12 max=159 nrdy=0 dxfer=0 dstat=0 lst=0 nrdyerr=0 dclr=0
[DRV] init=0 id=7 mode=0x1 lib=0x2 seq=0x1 odc=0x8b sts=0xe0 armed=1
[TRG] pulses=356 suppressed=127 cyc=1600 rst=1 rstmode=0x40
[HLT] polls=658 faults=0x0 cfglost=0
[EFF] n=5 last=58555 min=58548 max=58555 late=0 stuck=0 rderr=0
[IMU] init=0 addr=0x68 who=0x68 rst=1 pmrb0=0x40 pmrb=0x1 sr=19 cfg=4 gcfg=0x0 acfg=0x8 icfg=0x30 ien=0x1 armed=1
[ACC] reads=32910 stale=32868 rderr=2 ax=61 ay=-20 az=1124
[PWR] pm=0x1 drift=1 rderr=0
[DWT] ok=1 cyc=2139200326 cyc_per_ms=799999
[HB] up_ms=728644 frames=32958 inf=32958 hazard=484 canary_err=0 q=0 qovr=0
[I2C] init=0 gate=0 whoami=0x140e0 wr=0 wrseen=0x27 addr=0x5a ok=201792 err=2 tmo=0 recov=3 pclk1=200000000 sysclk=400000000
[NAK] nacks=2
[CLK] cpu=800000000 sysb=400000000 pclk1=200000000
[TOF] res=0 step=0 id=0xeacc blk=0xeacc10 ctl=0x0
[RNG] init=0 step=99 id=0xeacc boot=1 calls=93 xerr=0 dm=1 tb=15
[RNG] osc=41 imp=881 imprb=881 mstart=0x40 cfg=91 cfgfail=0x0 vhv=0 vpolls=0
[PRT] calls=131953 xerr=0 ler=1 lidx=0x0 perr=0 maxcnt=17 addr8=0x52
[RTY] wr=0 wmax=0 wref=0  rd=0 rmax=0 rref=0
[RNG] frames=32960 last=31 min=12 max=159 nrdy=0 dxfer=0 dstat=0 lst=0 nrdyerr=0 dclr=0
[DRV] init=0 id=7 mode=0x1 lib=0x2 seq=0x1 odc=0x8b sts=0xe0 armed=1
[TRG] pulses=357 suppressed=127 cyc=1600 rst=1 rstmode=0x40
[HLT] polls=659 faults=0x0 cfglost=0
[EFF] n=5 last=58555 min=58548 max=58555 late=0 stuck=0 rderr=0
[IMU] init=0 addr=0x68 who=0x68 rst=1 pmrb0=0x40 pmrb=0x1 sr=19 cfg=4 gcfg=0x0 acfg=0x8 icfg=0x30 ien=0x1 armed=1
[ACC] reads=32960 stale=32918 rderr=2 ax=51 ay=-22 az=1123
[PWR] pm=0x1 drift=1 rderr=0
[DWT] ok=1 cyc=3020800258 cyc_per_ms=799999
[HB] up_ms=729746 frames=33008 inf=33008 hazard=484 canary_err=0 q=0 qovr=0
[I2C] init=0 gate=0 whoami=0x140e0 wr=0 wrseen=0x27 addr=0x5a ok=202094 err=2 tmo=0 recov=3 pclk1=200000000 sysclk=400000000
[NAK] nacks=2
[CLK] cpu=800000000 sysb=400000000 pclk1=200000000
[TOF] res=0 step=0 id=0xeacc blk=0xeacc10 ctl=0x0
[RNG] init=0 step=99 id=0xeacc boot=1 calls=93 xerr=0 dm=1 tb=15
[RNG] osc=41 imp=881 imprb=881 mstart=0x40 cfg=91 cfgfail=0x0 vhv=0 vpolls=0
[PRT] calls=132149 xerr=0 ler=1 lidx=0x0 perr=0 maxcnt=17 addr8=0x52
[RTY] wr=0 wmax=0 wref=0  rd=0 rmax=0 rref=0
[RNG] frames=33010 last=31 min=12 max=159 nrdy=0 dxfer=0 dstat=0 lst=0 nrdyerr=0 dclr=0
[DRV] init=0 id=7 mode=0x1 lib=0x2 seq=0x1 odc=0x8b sts=0xe0 armed=1
[TRG] pulses=357 suppressed=127 cyc=1600 rst=1 rstmode=0x40
[HLT] polls=660 faults=0x0 cfglost=0
[EFF] n=5 last=58555 min=58548 max=58555 late=0 stuck=0 rderr=0
[IMU] init=0 addr=0x68 who=0x68 rst=1 pmrb0=0x40 pmrb=0x1 sr=19 cfg=4 gcfg=0x0 acfg=0x8 icfg=0x30 ien=0x1 armed=1
[ACC] reads=33010 stale=32968 rderr=2 ax=55 ay=-19 az=1126
[PWR] pm=0x1 drift=1 rderr=0
[DWT] ok=1 cyc=3902400230 cyc_per_ms=799999
[HB] up_ms=730848 frames=33058 inf=33058 hazard=485 canary_err=0 q=0 qovr=0
[I2C] init=0 gate=0 whoami=0x140e0 wr=0 wrseen=0x27 addr=0x5a ok=202396 err=2 tmo=0 recov=3 pclk1=200000000 sysclk=400000000
[NAK] nacks=2
[CLK] cpu=800000000 sysb=400000000 pclk1=200000000
[TOF] res=0 step=0 id=0xeacc blk=0xeacc10 ctl=0x0
[RNG] init=0 step=99 id=0xeacc boot=1 calls=93 xerr=0 dm=1 tb=15
[RNG] osc=41 imp=881 imprb=881 mstart=0x40 cfg=91 cfgfail=0x0 vhv=0 vpolls=0
[PRT] calls=132349 xerr=0 ler=1 lidx=0x0 perr=0 maxcnt=17 addr8=0x52
[RTY] wr=0 wmax=0 wref=0  rd=0 rmax=0 rref=0
[RNG] frames=33060 last=48 min=12 max=159 nrdy=0 dxfer=0 dstat=0 lst=0 nrdyerr=0 dclr=0
[DRV] init=0 id=7 mode=0x1 lib=0x2 seq=0x1 odc=0x8b sts=0xe0 armed=1
[TRG] pulses=358 suppressed=127 cyc=1600 rst=1 rstmode=0x40
[HLT] polls=661 faults=0x0 cfglost=0
[EFF] n=5 last=58555 min=58548 max=58555 late=0 stuck=0 rderr=0
[IMU] init=0 addr=0x68 who=0x68 rst=1 pmrb0=0x40 pmrb=0x1 sr=19 cfg=4 gcfg=0x0 acfg=0x8 icfg=0x30 ien=0x1 armed=1
[ACC] reads=33059 stale=33017 rderr=2 ax=53 ay=-21 az=1122
[PWR] pm=0x1 drift=1 rderr=0
[DWT] ok=1 cyc=489033122 cyc_per_ms=800000
[HB] up_ms=731950 frames=33107 inf=33107 hazard=486 canary_err=0 q=0 qovr=0
[I2C] init=0 gate=0 whoami=0x140e0 wr=0 wrseen=0x27 addr=0x5a ok=202698 err=2 tmo=0 recov=3 pclk1=200000000 sysclk=400000000
[NAK] nacks=2
[CLK] cpu=800000000 sysb=400000000 pclk1=200000000
[TOF] res=0 step=0 id=0xeacc blk=0xeacc10 ctl=0x0
[RNG] init=0 step=99 id=0xeacc boot=1 calls=93 xerr=0 dm=1 tb=15
[RNG] osc=41 imp=881 imprb=881 mstart=0x40 cfg=91 cfgfail=0x0 vhv=0 vpolls=0
[PRT] calls=132549 xerr=0 ler=1 lidx=0x0 perr=0 maxcnt=17 addr8=0x52
[RTY] wr=0 wmax=0 wref=0  rd=0 rmax=0 rref=0
[RNG] frames=33110 last=38 min=12 max=159 nrdy=0 dxfer=0 dstat=0 lst=0 nrdyerr=0 dclr=0
[DRV] init=0 id=7 mode=0x1 lib=0x2 seq=0x1 odc=0x8b sts=0xe0 armed=1
[TRG] pulses=359 suppressed=127 cyc=1600 rst=1 rstmode=0x40
[HLT] polls=662 faults=0x0 cfglost=0
[EFF] n=5 last=58555 min=58548 max=58555 late=0 stuck=0 rderr=0
[IMU] init=0 addr=0x68 who=0x68 rst=1 pmrb0=0x40 pmrb=0x1 sr=19 cfg=4 gcfg=0x0 acfg=0x8 icfg=0x30 ien=0x1 armed=1
[ACC] reads=33109 stale=33067 rderr=2 ax=54 ay=-20 az=1123
[PWR] pm=0x1 drift=1 rderr=0
[DWT] ok=1 cyc=1370769676 cyc_per_ms=800123
[HB] up_ms=733053 frames=33157 inf=33157 hazard=486 canary_err=0 q=0 qovr=0
[I2C] init=0 gate=0 whoami=0x140e0 wr=0 wrseen=0x27 addr=0x5a ok=203000 err=2 tmo=0 recov=3 pclk1=200000000 sysclk=400000000
[NAK] nacks=2
[CLK] cpu=800000000 sysb=400000000 pclk1=200000000
[TOF] res=0 step=0 id=0xeacc blk=0xeacc10 ctl=0x0
[RNG] init=0 step=99 id=0xeacc boot=1 calls=93 xerr=0 dm=1 tb=15
[RNG] osc=41 imp=881 imprb=881 mstart=0x40 cfg=91 cfgfail=0x0 vhv=0 vpolls=0
[PRT] calls=132749 xerr=0 ler=1 lidx=0x0 perr=0 maxcnt=17 addr8=0x52
[RTY] wr=0 wmax=0 wref=0  rd=0 rmax=0 rref=0
[RNG] frames=33160 last=35 min=12 max=159 nrdy=0 dxfer=0 dstat=0 lst=0 nrdyerr=0 dclr=0
[DRV] init=0 id=7 mode=0x1 lib=0x2 seq=0x1 odc=0x8b sts=0xe0 armed=1
[TRG] pulses=359 suppressed=127 cyc=1600 rst=1 rstmode=0x40
[HLT] polls=663 faults=0x0 cfglost=0
[EFF] n=5 last=58555 min=58548 max=58555 late=0 stuck=0 rderr=0
[IMU] init=0 addr=0x68 who=0x68 rst=1 pmrb0=0x40 pmrb=0x1 sr=19 cfg=4 gcfg=0x0 acfg=0x8 icfg=0x30 ien=0x1 armed=1
[ACC] reads=33159 stale=33117 rderr=2 ax=55 ay=-19 az=1122
[PWR] pm=0x1 drift=1 rderr=0
[DWT] ok=1 cyc=2253170388 cyc_per_ms=800000
[HB] up_ms=734156 frames=33207 inf=33207 hazard=486 canary_err=0 q=0 qovr=0
[I2C] init=0 gate=0 whoami=0x140e0 wr=0 wrseen=0x27 addr=0x5a ok=203302 err=2 tmo=0 recov=3 pclk1=200000000 sysclk=400000000
[NAK] nacks=2
[CLK] cpu=800000000 sysb=400000000 pclk1=200000000
[TOF] res=0 step=0 id=0xeacc blk=0xeacc10 ctl=0x0
[RNG] init=0 step=99 id=0xeacc boot=1 calls=93 xerr=0 dm=1 tb=15
[RNG] osc=41 imp=881 imprb=881 mstart=0x40 cfg=91 cfgfail=0x0 vhv=0 vpolls=0
[PRT] calls=132949 xerr=0 ler=1 lidx=0x0 perr=0 maxcnt=17 addr8=0x52
[RTY] wr=0 wmax=0 wref=0  rd=0 rmax=0 rref=0
[RNG] frames=33209 last=43 min=12 max=159 nrdy=0 dxfer=0 dstat=0 lst=0 nrdyerr=0 dclr=0
[DRV] init=0 id=7 mode=0x1 lib=0x2 seq=0x1 odc=0x8b sts=0xe0 armed=1
[TRG] pulses=359 suppressed=127 cyc=1600 rst=1 rstmode=0x40
[HLT] polls=664 faults=0x0 cfglost=0
[EFF] n=5 last=58555 min=58548 max=58555 late=0 stuck=0 rderr=0
[IMU] init=0 addr=0x68 who=0x68 rst=1 pmrb0=0x40 pmrb=0x1 sr=19 cfg=4 gcfg=0x0 acfg=0x8 icfg=0x30 ien=0x1 armed=1
[ACC] reads=33209 stale=33166 rderr=2 ax=57 ay=-21 az=1119
[PWR] pm=0x1 drift=1 rderr=0
[DWT] ok=1 cyc=3135546112 cyc_per_ms=799977
[HB] up_ms=735259 frames=33257 inf=33257 hazard=487 canary_err=0 q=0 qovr=0
[I2C] init=0 gate=0 whoami=0x140e0 wr=0 wrseen=0x27 addr=0x5a ok=203600 err=2 tmo=0 recov=3 pclk1=200000000 sysclk=400000000
[NAK] nacks=2
[CLK] cpu=800000000 sysb=400000000 pclk1=200000000
[TOF] res=0 step=0 id=0xeacc blk=0xeacc10 ctl=0x0
[RNG] init=0 step=99 id=0xeacc boot=1 calls=93 xerr=0 dm=1 tb=15
[RNG] osc=41 imp=881 imprb=881 mstart=0x40 cfg=91 cfgfail=0x0 vhv=0 vpolls=0
[PRT] calls=133149 xerr=0 ler=1 lidx=0x0 perr=0 maxcnt=17 addr8=0x52
[RTY] wr=0 wmax=0 wref=0  rd=0 rmax=0 rref=0
[RNG] frames=33259 last=31 min=12 max=159 nrdy=0 dxfer=0 dstat=0 lst=0 nrdyerr=0 dclr=0
[DRV] init=0 id=7 mode=0x1 lib=0x2 seq=0x1 odc=0x8b sts=0xe0 armed=1
[TRG] pulses=360 suppressed=127 cyc=1600 rst=1 rstmode=0x40
[HLT] polls=665 faults=0x0 cfglost=0
[EFF] n=5 last=58555 min=58548 max=58555 late=0 stuck=0 rderr=0
[IMU] init=0 addr=0x68 who=0x68 rst=1 pmrb0=0x40 pmrb=0x1 sr=19 cfg=4 gcfg=0x0 acfg=0x8 icfg=0x30 ien=0x1 armed=1
[ACC] reads=33259 stale=33216 rderr=2 ax=55 ay=-22 az=1122
[PWR] pm=0x1 drift=1 rderr=0
[DWT] ok=1 cyc=4017832974 cyc_per_ms=799897
[HB] up_ms=736362 frames=33307 inf=33307 hazard=487 canary_err=0 q=0 qovr=0
[I2C] init=0 gate=0 whoami=0x140e0 wr=0 wrseen=0x27 addr=0x5a ok=203900 err=2 tmo=0 recov=3 pclk1=200000000 sysclk=400000000
[NAK] nacks=2
[CLK] cpu=800000000 sysb=400000000 pclk1=200000000
[TOF] res=0 step=0 id=0xeacc blk=0xeacc10 ctl=0x0
[RNG] init=0 step=99 id=0xeacc boot=1 calls=93 xerr=0 dm=1 tb=15
[RNG] osc=41 imp=881 imprb=881 mstart=0x40 cfg=91 cfgfail=0x0 vhv=0 vpolls=0
[PRT] calls=133349 xerr=0 ler=1 lidx=0x0 perr=0 maxcnt=17 addr8=0x52
[RTY] wr=0 wmax=0 wref=0  rd=0 rmax=0 rref=0
[RNG] frames=33309 last=47 min=12 max=159 nrdy=0 dxfer=0 dstat=0 lst=0 nrdyerr=0 dclr=0
[DRV] init=0 id=7 mode=0x1 lib=0x2 seq=0x1 odc=0x8b sts=0xe0 armed=1
[TRG] pulses=360 suppressed=127 cyc=1600 rst=1 rstmode=0x40
[HLT] polls=666 faults=0x0 cfglost=0
[EFF] n=5 last=58555 min=58548 max=58555 late=0 stuck=0 rderr=0
[IMU] init=0 addr=0x68 who=0x68 rst=1 pmrb0=0x40 pmrb=0x1 sr=19 cfg=4 gcfg=0x0 acfg=0x8 icfg=0x30 ien=0x1 armed=1
[ACC] reads=33309 stale=33266 rderr=2 ax=55 ay=-19 az=1124
[PWR] pm=0x1 drift=1 rderr=0
[DWT] ok=1 cyc=605265742 cyc_per_ms=800000
[HB] up_ms=737464 frames=33357 inf=33357 hazard=489 canary_err=0 q=0 qovr=0
[I2C] init=0 gate=0 whoami=0x140e0 wr=0 wrseen=0x27 addr=0x5a ok=204202 err=2 tmo=0 recov=3 pclk1=200000000 sysclk=400000000
[NAK] nacks=2
[CLK] cpu=800000000 sysb=400000000 pclk1=200000000
[TOF] res=0 step=0 id=0xeacc blk=0xeacc10 ctl=0x0
[RNG] init=0 step=99 id=0xeacc boot=1 calls=93 xerr=0 dm=1 tb=15
[RNG] osc=41 imp=881 imprb=881 mstart=0x40 cfg=91 cfgfail=0x0 vhv=0 vpolls=0
[PRT] calls=133549 xerr=0 ler=1 lidx=0x0 perr=0 maxcnt=17 addr8=0x52
[RTY] wr=0 wmax=0 wref=0  rd=0 rmax=0 rref=0
[RNG] frames=33359 last=35 min=12 max=159 nrdy=0 dxfer=0 dstat=0 lst=0 nrdyerr=0 dclr=0
[DRV] init=0 id=7 mode=0x1 lib=0x2 seq=0x1 odc=0x8b sts=0xe0 armed=1
[TRG] pulses=361 suppressed=128 cyc=1600 rst=1 rstmode=0x40
[HLT] polls=667 faults=0x0 cfglost=0
[EFF] n=5 last=58555 min=58548 max=58555 late=0 stuck=0 rderr=0
[IMU] init=0 addr=0x68 who=0x68 rst=1 pmrb0=0x40 pmrb=0x1 sr=19 cfg=4 gcfg=0x0 acfg=0x8 icfg=0x30 ien=0x1 armed=1
[ACC] reads=33359 stale=33316 rderr=2 ax=57 ay=-20 az=1124
[PWR] pm=0x1 drift=1 rderr=0
[DWT] ok=1 cyc=1486865682 cyc_per_ms=799999
[HB] up_ms=738566 frames=33407 inf=33407 hazard=489 canary_err=0 q=0 qovr=0
[I2C] init=0 gate=0 whoami=0x140e0 wr=0 wrseen=0x27 addr=0x5a ok=204504 err=2 tmo=0 recov=3 pclk1=200000000 sysclk=400000000
[NAK] nacks=2
[CLK] cpu=800000000 sysb=400000000 pclk1=200000000
[TOF] res=0 step=0 id=0xeacc blk=0xeacc10 ctl=0x0
[RNG] init=0 step=99 id=0xeacc boot=1 calls=93 xerr=0 dm=1 tb=15
[RNG] osc=41 imp=881 imprb=881 mstart=0x40 cfg=91 cfgfail=0x0 vhv=0 vpolls=0
[PRT] calls=133749 xerr=0 ler=1 lidx=0x0 perr=0 maxcnt=17 addr8=0x52
[RTY] wr=0 wmax=0 wref=0  rd=0 rmax=0 rref=0
[RNG] frames=33409 last=39 min=12 max=159 nrdy=0 dxfer=0 dstat=0 lst=0 nrdyerr=0 dclr=0
[DRV] init=0 id=7 mode=0x1 lib=0x2 seq=0x1 odc=0x8b sts=0xe0 armed=1
[TRG] pulses=361 suppressed=128 cyc=1600 rst=1 rstmode=0x40
[HLT] polls=668 faults=0x0 cfglost=0
[EFF] n=5 last=58555 min=58548 max=58555 late=0 stuck=0 rderr=0
[IMU] init=0 addr=0x68 who=0x68 rst=1 pmrb0=0x40 pmrb=0x1 sr=19 cfg=4 gcfg=0x0 acfg=0x8 icfg=0x30 ien=0x1 armed=1
[ACC] reads=33409 stale=33365 rderr=2 ax=54 ay=-21 az=1121
[PWR] pm=0x1 drift=1 rderr=0
[DWT] ok=1 cyc=2368465722 cyc_per_ms=800000
[HB] up_ms=739668 frames=33457 inf=33457 hazard=489 canary_err=0 q=0 qovr=0
[I2C] init=0 gate=0 whoami=0x140e0 wr=0 wrseen=0x27 addr=0x5a ok=204806 err=2 tmo=0 recov=3 pclk1=200000000 sysclk=400000000
[NAK] nacks=2
[CLK] cpu=800000000 sysb=400000000 pclk1=200000000
[TOF] res=0 step=0 id=0xeacc blk=0xeacc10 ctl=0x0
[RNG] init=0 step=99 id=0xeacc boot=1 calls=93 xerr=0 dm=1 tb=15
[RNG] osc=41 imp=881 imprb=881 mstart=0x40 cfg=91 cfgfail=0x0 vhv=0 vpolls=0
[PRT] calls=133949 xerr=0 ler=1 lidx=0x0 perr=0 maxcnt=17 addr8=0x52
[RTY] wr=0 wmax=0 wref=0  rd=0 rmax=0 rref=0
[RNG] frames=33459 last=39 min=12 max=159 nrdy=0 dxfer=0 dstat=0 lst=0 nrdyerr=0 dclr=0
[DRV] init=0 id=7 mode=0x1 lib=0x2 seq=0x1 odc=0x8b sts=0xe0 armed=1
[TRG] pulses=361 suppressed=128 cyc=1600 rst=1 rstmode=0x40
[HLT] polls=669 faults=0x0 cfglost=0
[EFF] n=5 last=58555 min=58548 max=58555 late=0 stuck=0 rderr=0
[IMU] init=0 addr=0x68 who=0x68 rst=1 pmrb0=0x40 pmrb=0x1 sr=19 cfg=4 gcfg=0x0 acfg=0x8 icfg=0x30 ien=0x1 armed=1
[ACC] reads=33459 stale=33415 rderr=2 ax=53 ay=-20 az=1123
[PWR] pm=0x1 drift=1 rderr=0
[DWT] ok=1 cyc=3250065810 cyc_per_ms=800000
[HB] up_ms=740770 frames=33507 inf=33507 hazard=491 canary_err=0 q=0 qovr=0
[I2C] init=0 gate=0 whoami=0x140e0 wr=0 wrseen=0x27 addr=0x5a ok=205108 err=2 tmo=0 recov=3 pclk1=200000000 sysclk=400000000
[NAK] nacks=2
[CLK] cpu=800000000 sysb=400000000 pclk1=200000000
[TOF] res=0 step=0 id=0xeacc blk=0xeacc10 ctl=0x0
[RNG] init=0 step=99 id=0xeacc boot=1 calls=93 xerr=0 dm=1 tb=15
[RNG] osc=41 imp=881 imprb=881 mstart=0x40 cfg=91 cfgfail=0x0 vhv=0 vpolls=0
[PRT] calls=134148 xerr=0 ler=1 lidx=0x0 perr=0 maxcnt=17 addr8=0x52
[RTY] wr=0 wmax=0 wref=0  rd=0 rmax=0 rref=0
[RNG] frames=33509 last=30 min=12 max=159 nrdy=0 dxfer=0 dstat=0 lst=0 nrdyerr=0 dclr=0
[DRV] init=0 id=7 mode=0x1 lib=0x2 seq=0x1 odc=0x8b sts=0xe0 armed=1
[TRG] pulses=362 suppressed=129 cyc=1600 rst=1 rstmode=0x40
[HLT] polls=670 faults=0x0 cfglost=0
[EFF] n=5 last=58555 min=58548 max=58555 late=0 stuck=0 rderr=0
[IMU] init=0 addr=0x68 who=0x68 rst=1 pmrb0=0x40 pmrb=0x1 sr=19 cfg=4 gcfg=0x0 acfg=0x8 icfg=0x30 ien=0x1 armed=1
[ACC] reads=33509 stale=33465 rderr=2 ax=54 ay=-21 az=1125
[PWR] pm=0x1 drift=1 rderr=0
[DWT] ok=1 cyc=4131665750 cyc_per_ms=799999
[HB] up_ms=741872 frames=33557 inf=33557 hazard=491 canary_err=0 q=0 qovr=0
[I2C] init=0 gate=0 whoami=0x140e0 wr=0 wrseen=0x27 addr=0x5a ok=205410 err=2 tmo=0 recov=3 pclk1=200000000 sysclk=400000000
[NAK] nacks=2
[CLK] cpu=800000000 sysb=400000000 pclk1=200000000
[TOF] res=0 step=0 id=0xeacc blk=0xeacc10 ctl=0x0
[RNG] init=0 step=99 id=0xeacc boot=1 calls=93 xerr=0 dm=1 tb=15
[RNG] osc=41 imp=881 imprb=881 mstart=0x40 cfg=91 cfgfail=0x0 vhv=0 vpolls=0
[PRT] calls=134345 xerr=0 ler=1 lidx=0x0 perr=0 maxcnt=17 addr8=0x52
[RTY] wr=0 wmax=0 wref=0  rd=0 rmax=0 rref=0
[RNG] frames=33559 last=46 min=12 max=159 nrdy=0 dxfer=0 dstat=0 lst=0 nrdyerr=0 dclr=0
[DRV] init=0 id=7 mode=0x1 lib=0x2 seq=0x1 odc=0x8b sts=0xe0 armed=1
[TRG] pulses=362 suppressed=129 cyc=1600 rst=1 rstmode=0x40
[HLT] polls=671 faults=0x0 cfglost=0
[EFF] n=5 last=58555 min=58548 max=58555 late=0 stuck=0 rderr=0
[IMU] init=0 addr=0x68 who=0x68 rst=1 pmrb0=0x40 pmrb=0x1 sr=19 cfg=4 gcfg=0x0 acfg=0x8 icfg=0x30 ien=0x1 armed=1
[ACC] reads=33558 stale=33515 rderr=2 ax=55 ay=-20 az=1122
[PWR] pm=0x1 drift=1 rderr=0
[DWT] ok=1 cyc=718298434 cyc_per_ms=799999
[HB] up_ms=742974 frames=33606 inf=33606 hazard=493 canary_err=0 q=0 qovr=0
[I2C] init=0 gate=0 whoami=0x140e0 wr=0 wrseen=0x27 addr=0x5a ok=205712 err=2 tmo=0 recov=3 pclk1=200000000 sysclk=400000000
[NAK] nacks=2
[CLK] cpu=800000000 sysb=400000000 pclk1=200000000
[TOF] res=0 step=0 id=0xeacc blk=0xeacc10 ctl=0x0
[RNG] init=0 step=99 id=0xeacc boot=1 calls=93 xerr=0 dm=1 tb=15
[RNG] osc=41 imp=881 imprb=881 mstart=0x40 cfg=91 cfgfail=0x0 vhv=0 vpolls=0
[PRT] calls=134545 xerr=0 ler=1 lidx=0x0 perr=0 maxcnt=17 addr8=0x52
[RTY] wr=0 wmax=0 wref=0  rd=0 rmax=0 rref=0
[RNG] frames=33609 last=40 min=12 max=159 nrdy=0 dxfer=0 dstat=0 lst=0 nrdyerr=0 dclr=0
[DRV] init=0 id=7 mode=0x1 lib=0x2 seq=0x1 odc=0x8b sts=0xe0 armed=1
[TRG] pulses=363 suppressed=130 cyc=1600 rst=1 rstmode=0x40
[HLT] polls=672 faults=0x0 cfglost=0
[EFF] n=5 last=58555 min=58548 max=58555 late=0 stuck=0 rderr=0
[IMU] init=0 addr=0x68 who=0x68 rst=1 pmrb0=0x40 pmrb=0x1 sr=19 cfg=4 gcfg=0x0 acfg=0x8 icfg=0x30 ien=0x1 armed=1
[ACC] reads=33608 stale=33564 rderr=2 ax=55 ay=-20 az=1123
[PWR] pm=0x1 drift=1 rderr=0
[DWT] ok=1 cyc=1599939712 cyc_per_ms=800037
[HB] up_ms=744076 frames=33656 inf=33656 hazard=493 canary_err=0 q=0 qovr=0
[I2C] init=0 gate=0 whoami=0x140e0 wr=0 wrseen=0x27 addr=0x5a ok=206014 err=2 tmo=0 recov=3 pclk1=200000000 sysclk=400000000
[NAK] nacks=2
[CLK] cpu=800000000 sysb=400000000 pclk1=200000000
[TOF] res=0 step=0 id=0xeacc blk=0xeacc10 ctl=0x0
[RNG] init=0 step=99 id=0xeacc boot=1 calls=93 xerr=0 dm=1 tb=15
[RNG] osc=41 imp=881 imprb=881 mstart=0x40 cfg=91 cfgfail=0x0 vhv=0 vpolls=0
[PRT] calls=134745 xerr=0 ler=1 lidx=0x0 perr=0 maxcnt=17 addr8=0x52
[RTY] wr=0 wmax=0 wref=0  rd=0 rmax=0 rref=0
[RNG] frames=33659 last=39 min=12 max=159 nrdy=0 dxfer=0 dstat=0 lst=0 nrdyerr=0 dclr=0
[DRV] init=0 id=7 mode=0x1 lib=0x2 seq=0x1 odc=0x8b sts=0xe0 armed=1
[TRG] pulses=363 suppressed=130 cyc=1600 rst=1 rstmode=0x40
[HLT] polls=673 faults=0x0 cfglost=0
[EFF] n=5 last=58555 min=58548 max=58555 late=0 stuck=0 rderr=0
[IMU] init=0 addr=0x68 who=0x68 rst=1 pmrb0=0x40 pmrb=0x1 sr=19 cfg=4 gcfg=0x0 acfg=0x8 icfg=0x30 ien=0x1 armed=1
[ACC] reads=33658 stale=33614 rderr=2 ax=53 ay=-21 az=1122
[PWR] pm=0x1 drift=1 rderr=0
[DWT] ok=1 cyc=2481635872 cyc_per_ms=800087
[HB] up_ms=745179 frames=33706 inf=33706 hazard=493 canary_err=0 q=0 qovr=0
[I2C] init=0 gate=0 whoami=0x140e0 wr=0 wrseen=0x27 addr=0x5a ok=206316 err=2 tmo=0 recov=3 pclk1=200000000 sysclk=400000000
[NAK] nacks=2
[CLK] cpu=800000000 sysb=400000000 pclk1=200000000
[TOF] res=0 step=0 id=0xeacc blk=0xeacc10 ctl=0x0
[RNG] init=0 step=99 id=0xeacc boot=1 calls=93 xerr=0 dm=1 tb=15
[RNG] osc=41 imp=881 imprb=881 mstart=0x40 cfg=91 cfgfail=0x0 vhv=0 vpolls=0
[PRT] calls=134945 xerr=0 ler=1 lidx=0x0 perr=0 maxcnt=17 addr8=0x52
[RTY] wr=0 wmax=0 wref=0  rd=0 rmax=0 rref=0
[RNG] frames=33709 last=45 min=12 max=159 nrdy=0 dxfer=0 dstat=0 lst=0 nrdyerr=0 dclr=0
[DRV] init=0 id=7 mode=0x1 lib=0x2 seq=0x1 odc=0x8b sts=0xe0 armed=1
[TRG] pulses=363 suppressed=130 cyc=1600 rst=1 rstmode=0x40
[HLT] polls=674 faults=0x0 cfglost=0
[EFF] n=5 last=58555 min=58548 max=58555 late=0 stuck=0 rderr=0
[IMU] init=0 addr=0x68 who=0x68 rst=1 pmrb0=0x40 pmrb=0x1 sr=19 cfg=4 gcfg=0x0 acfg=0x8 icfg=0x30 ien=0x1 armed=1
[ACC] reads=33708 stale=33664 rderr=2 ax=55 ay=-19 az=1125
[PWR] pm=0x1 drift=1 rderr=0
[DWT] ok=1 cyc=3364035788 cyc_per_ms=799999
[HB] up_ms=746282 frames=33756 inf=33756 hazard=493 canary_err=0 q=0 qovr=0
[I2C] init=0 gate=0 whoami=0x140e0 wr=0 wrseen=0x27 addr=0x5a ok=206617 err=2 tmo=0 recov=3 pclk1=200000000 sysclk=400000000
[NAK] nacks=2
[CLK] cpu=800000000 sysb=400000000 pclk1=200000000
[TOF] res=0 step=0 id=0xeacc blk=0xeacc10 ctl=0x0
[RNG] init=0 step=99 id=0xeacc boot=1 calls=93 xerr=0 dm=1 tb=15
[RNG] osc=41 imp=881 imprb=881 mstart=0x40 cfg=91 cfgfail=0x0 vhv=0 vpolls=0
[PRT] calls=135145 xerr=0 ler=1 lidx=0x0 perr=0 maxcnt=17 addr8=0x52
[RTY] wr=0 wmax=0 wref=0  rd=0 rmax=0 rref=0
[RNG] frames=33758 last=51 min=12 max=159 nrdy=0 dxfer=0 dstat=0 lst=0 nrdyerr=0 dclr=0
[DRV] init=0 id=7 mode=0x1 lib=0x2 seq=0x1 odc=0x8b sts=0xe0 armed=1
[TRG] pulses=363 suppressed=130 cyc=1600 rst=1 rstmode=0x40
[HLT] polls=675 faults=0x0 cfglost=0
[EFF] n=5 last=58555 min=58548 max=58555 late=0 stuck=0 rderr=0
[IMU] init=0 addr=0x68 who=0x68 rst=1 pmrb0=0x40 pmrb=0x1 sr=19 cfg=4 gcfg=0x0 acfg=0x8 icfg=0x30 ien=0x1 armed=1
[ACC] reads=33758 stale=33713 rderr=2 ax=54 ay=-22 az=1124
[PWR] pm=0x1 drift=1 rderr=0
[DWT] ok=1 cyc=4246347652 cyc_per_ms=799920
[HB] up_ms=747385 frames=33806 inf=33806 hazard=494 canary_err=0 q=0 qovr=0
[I2C] init=0 gate=0 whoami=0x140e0 wr=0 wrseen=0x27 addr=0x5a ok=206914 err=2 tmo=0 recov=3 pclk1=200000000 sysclk=400000000
[NAK] nacks=2
[CLK] cpu=800000000 sysb=400000000 pclk1=200000000
[TOF] res=0 step=0 id=0xeacc blk=0xeacc10 ctl=0x0
[RNG] init=0 step=99 id=0xeacc boot=1 calls=93 xerr=0 dm=1 tb=15
[RNG] osc=41 imp=881 imprb=881 mstart=0x40 cfg=91 cfgfail=0x0 vhv=0 vpolls=0
[PRT] calls=135345 xerr=0 ler=1 lidx=0x0 perr=0 maxcnt=17 addr8=0x52
[RTY] wr=0 wmax=0 wref=0  rd=0 rmax=0 rref=0
[RNG] frames=33808 last=42 min=12 max=159 nrdy=0 dxfer=0 dstat=0 lst=0 nrdyerr=0 dclr=0
[DRV] init=0 id=7 mode=0x1 lib=0x2 seq=0x1 odc=0x8b sts=0xe0 armed=1
[TRG] pulses=364 suppressed=130 cyc=1600 rst=1 rstmode=0x40
[HLT] polls=676 faults=0x0 cfglost=0
[EFF] n=5 last=58555 min=58548 max=58555 late=0 stuck=0 rderr=0
[IMU] init=0 addr=0x68 who=0x68 rst=1 pmrb0=0x40 pmrb=0x1 sr=19 cfg=4 gcfg=0x0 acfg=0x8 icfg=0x30 ien=0x1 armed=1
[ACC] reads=33808 stale=33763 rderr=2 ax=56 ay=-19 az=1121
[PWR] pm=0x1 drift=1 rderr=0
[DWT] ok=1 cyc=833731270 cyc_per_ms=799955
[HB] up_ms=748487 frames=33856 inf=33856 hazard=494 canary_err=0 q=0 qovr=0
[I2C] init=0 gate=0 whoami=0x140e0 wr=0 wrseen=0x27 addr=0x5a ok=207216 err=2 tmo=0 recov=3 pclk1=200000000 sysclk=400000000
[NAK] nacks=2
[CLK] cpu=800000000 sysb=400000000 pclk1=200000000
[TOF] res=0 step=0 id=0xeacc blk=0xeacc10 ctl=0x0
[RNG] init=0 step=99 id=0xeacc boot=1 calls=93 xerr=0 dm=1 tb=15
[RNG] osc=41 imp=881 imprb=881 mstart=0x40 cfg=91 cfgfail=0x0 vhv=0 vpolls=0
[PRT] calls=135545 xerr=0 ler=1 lidx=0x0 perr=0 maxcnt=17 addr8=0x52
[RTY] wr=0 wmax=0 wref=0  rd=0 rmax=0 rref=0
[RNG] frames=33858 last=34 min=12 max=159 nrdy=0 dxfer=0 dstat=0 lst=0 nrdyerr=0 dclr=0
[DRV] init=0 id=7 mode=0x1 lib=0x2 seq=0x1 odc=0x8b sts=0xe0 armed=1
[TRG] pulses=364 suppressed=130 cyc=1600 rst=1 rstmode=0x40
[HLT] polls=677 faults=0x0 cfglost=0
[EFF] n=5 last=58555 min=58548 max=58555 late=0 stuck=0 rderr=0
[IMU] init=0 addr=0x68 who=0x68 rst=1 pmrb0=0x40 pmrb=0x1 sr=19 cfg=4 gcfg=0x0 acfg=0x8 icfg=0x30 ien=0x1 armed=1
[ACC] reads=33858 stale=33813 rderr=2 ax=52 ay=-23 az=1124
[PWR] pm=0x1 drift=1 rderr=0
[DWT] ok=1 cyc=1715331222 cyc_per_ms=799999
[HB] up_ms=749589 frames=33906 inf=33906 hazard=497 canary_err=0 q=0 qovr=0
[I2C] init=0 gate=0 whoami=0x140e0 wr=0 wrseen=0x27 addr=0x5a ok=207518 err=2 tmo=0 recov=3 pclk1=200000000 sysclk=400000000
[NAK] nacks=2
[CLK] cpu=800000000 sysb=400000000 pclk1=200000000
[TOF] res=0 step=0 id=0xeacc blk=0xeacc10 ctl=0x0
[RNG] init=0 step=99 id=0xeacc boot=1 calls=93 xerr=0 dm=1 tb=15
[RNG] osc=41 imp=881 imprb=881 mstart=0x40 cfg=91 cfgfail=0x0 vhv=0 vpolls=0
[PRT] calls=135745 xerr=0 ler=1 lidx=0x0 perr=0 maxcnt=17 addr8=0x52
[RTY] wr=0 wmax=0 wref=0  rd=0 rmax=0 rref=0
[RNG] frames=33908 last=25 min=12 max=159 nrdy=0 dxfer=0 dstat=0 lst=0 nrdyerr=0 dclr=0
[DRV] init=0 id=7 mode=0x1 lib=0x2 seq=0x1 odc=0x8b sts=0xe0 armed=1
[TRG] pulses=365 suppressed=132 cyc=1600 rst=1 rstmode=0x40
[HLT] polls=678 faults=0x0 cfglost=0
[EFF] n=5 last=58555 min=58548 max=58555 late=0 stuck=0 rderr=0
[IMU] init=0 addr=0x68 who=0x68 rst=1 pmrb0=0x40 pmrb=0x1 sr=19 cfg=4 gcfg=0x0 acfg=0x8 icfg=0x30 ien=0x1 armed=1
[ACC] reads=33908 stale=33863 rderr=2 ax=55 ay=-21 az=1123
[PWR] pm=0x1 drift=1 rderr=0
[DWT] ok=1 cyc=2596931166 cyc_per_ms=799999
[HB] up_ms=750691 frames=33956 inf=33956 hazard=497 canary_err=0 q=0 qovr=0
[I2C] init=0 gate=0 whoami=0x140e0 wr=0 wrseen=0x27 addr=0x5a ok=207820 err=2 tmo=0 recov=3 pclk1=200000000 sysclk=400000000
[NAK] nacks=2
[CLK] cpu=800000000 sysb=400000000 pclk1=200000000
[TOF] res=0 step=0 id=0xeacc blk=0xeacc10 ctl=0x0
[RNG] init=0 step=99 id=0xeacc boot=1 calls=93 xerr=0 dm=1 tb=15
[RNG] osc=41 imp=881 imprb=881 mstart=0x40 cfg=91 cfgfail=0x0 vhv=0 vpolls=0
[PRT] calls=135945 xerr=0 ler=1 lidx=0x0 perr=0 maxcnt=17 addr8=0x52
[RTY] wr=0 wmax=0 wref=0  rd=0 rmax=0 rref=0
[RNG] frames=33958 last=51 min=12 max=159 nrdy=0 dxfer=0 dstat=0 lst=0 nrdyerr=0 dclr=0
[DRV] init=0 id=7 mode=0x1 lib=0x2 seq=0x1 odc=0x8b sts=0xe0 armed=1
[TRG] pulses=365 suppressed=132 cyc=1600 rst=1 rstmode=0x40
[HLT] polls=679 faults=0x0 cfglost=0
[EFF] n=5 last=58555 min=58548 max=58555 late=0 stuck=0 rderr=0
[IMU] init=0 addr=0x68 who=0x68 rst=1 pmrb0=0x40 pmrb=0x1 sr=19 cfg=4 gcfg=0x0 acfg=0x8 icfg=0x30 ien=0x1 armed=1
[ACC] reads=33958 stale=33913 rderr=2 ax=56 ay=-20 az=1125
[PWR] pm=0x1 drift=1 rderr=0
[DWT] ok=1 cyc=3478531114 cyc_per_ms=799999
[HB] up_ms=751793 frames=34006 inf=34006 hazard=497 canary_err=0 q=0 qovr=0
[I2C] init=0 gate=0 whoami=0x140e0 wr=0 wrseen=0x27 addr=0x5a ok=208122 err=2 tmo=0 recov=3 pclk1=200000000 sysclk=400000000
[NAK] nacks=2
[CLK] cpu=800000000 sysb=400000000 pclk1=200000000
[TOF] res=0 step=0 id=0xeacc blk=0xeacc10 ctl=0x0
[RNG] init=0 step=99 id=0xeacc boot=1 calls=93 xerr=0 dm=1 tb=15
[RNG] osc=41 imp=881 imprb=881 mstart=0x40 cfg=91 cfgfail=0x0 vhv=0 vpolls=0
[PRT] calls=136145 xerr=0 ler=1 lidx=0x0 perr=0 maxcnt=17 addr8=0x52
[RTY] wr=0 wmax=0 wref=0  rd=0 rmax=0 rref=0
[RNG] frames=34008 last=27 min=12 max=159 nrdy=0 dxfer=0 dstat=0 lst=0 nrdyerr=0 dclr=0
[DRV] init=0 id=7 mode=0x1 lib=0x2 seq=0x1 odc=0x8b sts=0xe0 armed=1
[TRG] pulses=365 suppressed=132 cyc=1600 rst=1 rstmode=0x40
[HLT] polls=680 faults=0x0 cfglost=0
[EFF] n=5 last=58555 min=58548 max=58555 late=0 stuck=0 rderr=0
[IMU] init=0 addr=0x68 who=0x68 rst=1 pmrb0=0x40 pmrb=0x1 sr=19 cfg=4 gcfg=0x0 acfg=0x8 icfg=0x30 ien=0x1 armed=1
[ACC] reads=34008 stale=33963 rderr=2 ax=55 ay=-20 az=1124
[PWR] pm=0x1 drift=1 rderr=0
[DWT] ok=1 cyc=65163826 cyc_per_ms=800000
[HB] up_ms=752895 frames=34056 inf=34056 hazard=498 canary_err=0 q=0 qovr=0
[I2C] init=0 gate=0 whoami=0x140e0 wr=0 wrseen=0x27 addr=0x5a ok=208424 err=2 tmo=0 recov=3 pclk1=200000000 sysclk=400000000
[NAK] nacks=2
[CLK] cpu=800000000 sysb=400000000 pclk1=200000000
[TOF] res=0 step=0 id=0xeacc blk=0xeacc10 ctl=0x0
[RNG] init=0 step=99 id=0xeacc boot=1 calls=93 xerr=0 dm=1 tb=15
[RNG] osc=41 imp=881 imprb=881 mstart=0x40 cfg=91 cfgfail=0x0 vhv=0 vpolls=0
[PRT] calls=136341 xerr=0 ler=1 lidx=0x0 perr=0 maxcnt=17 addr8=0x52
[RTY] wr=0 wmax=0 wref=0  rd=0 rmax=0 rref=0
[RNG] frames=34058 last=35 min=12 max=159 nrdy=0 dxfer=0 dstat=0 lst=0 nrdyerr=0 dclr=0
[DRV] init=0 id=7 mode=0x1 lib=0x2 seq=0x1 odc=0x8b sts=0xe0 armed=1
[TRG] pulses=366 suppressed=132 cyc=1600 rst=1 rstmode=0x40
[HLT] polls=681 faults=0x0 cfglost=0
[EFF] n=5 last=58555 min=58548 max=58555 late=0 stuck=0 rderr=0
[IMU] init=0 addr=0x68 who=0x68 rst=1 pmrb0=0x40 pmrb=0x1 sr=19 cfg=4 gcfg=0x0 acfg=0x8 icfg=0x30 ien=0x1 armed=1
[ACC] reads=34058 stale=34013 rderr=2 ax=54 ay=-22 az=1123
[PWR] pm=0x1 drift=1 rderr=0
[DWT] ok=1 cyc=946763794 cyc_per_ms=799999
[HB] up_ms=753997 frames=34106 inf=34106 hazard=499 canary_err=0 q=0 qovr=0
[I2C] init=0 gate=0 whoami=0x140e0 wr=0 wrseen=0x27 addr=0x5a ok=208726 err=2 tmo=0 recov=3 pclk1=200000000 sysclk=400000000
[NAK] nacks=2
[CLK] cpu=800000000 sysb=400000000 pclk1=200000000
[TOF] res=0 step=0 id=0xeacc blk=0xeacc10 ctl=0x0
[RNG] init=0 step=99 id=0xeacc boot=1 calls=93 xerr=0 dm=1 tb=15
[RNG] osc=41 imp=881 imprb=881 mstart=0x40 cfg=91 cfgfail=0x0 vhv=0 vpolls=0
[PRT] calls=136541 xerr=0 ler=1 lidx=0x0 perr=0 maxcnt=17 addr8=0x52
[RTY] wr=0 wmax=0 wref=0  rd=0 rmax=0 rref=0
[RNG] frames=34108 last=44 min=12 max=159 nrdy=0 dxfer=0 dstat=0 lst=0 nrdyerr=0 dclr=0
[DRV] init=0 id=7 mode=0x1 lib=0x2 seq=0x1 odc=0x8b sts=0xe0 armed=1
[TRG] pulses=367 suppressed=132 cyc=1600 rst=1 rstmode=0x40
[HLT] polls=682 faults=0x0 cfglost=0
[EFF] n=5 last=58555 min=58548 max=58555 late=0 stuck=0 rderr=0
[IMU] init=0 addr=0x68 who=0x68 rst=1 pmrb0=0x40 pmrb=0x1 sr=19 cfg=4 gcfg=0x0 acfg=0x8 icfg=0x30 ien=0x1 armed=1
[ACC] reads=34107 stale=34062 rderr=2 ax=55 ay=-21 az=1123
[PWR] pm=0x1 drift=1 rderr=0
[DWT] ok=1 cyc=1828363874 cyc_per_ms=800000
[HB] up_ms=755099 frames=34155 inf=34155 hazard=499 canary_err=0 q=0 qovr=0
[I2C] init=0 gate=0 whoami=0x140e0 wr=0 wrseen=0x27 addr=0x5a ok=209028 err=2 tmo=0 recov=3 pclk1=200000000 sysclk=400000000
[NAK] nacks=2
[CLK] cpu=800000000 sysb=400000000 pclk1=200000000
[TOF] res=0 step=0 id=0xeacc blk=0xeacc10 ctl=0x0
[RNG] init=0 step=99 id=0xeacc boot=1 calls=93 xerr=0 dm=1 tb=15
[RNG] osc=41 imp=881 imprb=881 mstart=0x40 cfg=91 cfgfail=0x0 vhv=0 vpolls=0
[PRT] calls=136741 xerr=0 ler=1 lidx=0x0 perr=0 maxcnt=17 addr8=0x52
[RTY] wr=0 wmax=0 wref=0  rd=0 rmax=0 rref=0
[RNG] frames=34158 last=37 min=12 max=159 nrdy=0 dxfer=0 dstat=0 lst=0 nrdyerr=0 dclr=0
[DRV] init=0 id=7 mode=0x1 lib=0x2 seq=0x1 odc=0x8b sts=0xe0 armed=1
[TRG] pulses=367 suppressed=132 cyc=1600 rst=1 rstmode=0x40
[HLT] polls=683 faults=0x0 cfglost=0
[EFF] n=5 last=58555 min=58548 max=58555 late=0 stuck=0 rderr=0
[IMU] init=0 addr=0x68 who=0x68 rst=1 pmrb0=0x40 pmrb=0x1 sr=19 cfg=4 gcfg=0x0 acfg=0x8 icfg=0x30 ien=0x1 armed=1
[ACC] reads=34157 stale=34112 rderr=2 ax=55 ay=-19 az=1121
[PWR] pm=0x1 drift=1 rderr=0
[DWT] ok=1 cyc=2710100472 cyc_per_ms=800123
[HB] up_ms=756202 frames=34205 inf=34205 hazard=500 canary_err=0 q=0 qovr=0
[I2C] init=0 gate=0 whoami=0x140e0 wr=0 wrseen=0x27 addr=0x5a ok=209330 err=2 tmo=0 recov=3 pclk1=200000000 sysclk=400000000
[NAK] nacks=2
[CLK] cpu=800000000 sysb=400000000 pclk1=200000000
[TOF] res=0 step=0 id=0xeacc blk=0xeacc10 ctl=0x0
[RNG] init=0 step=99 id=0xeacc boot=1 calls=93 xerr=0 dm=1 tb=15
[RNG] osc=41 imp=881 imprb=881 mstart=0x40 cfg=91 cfgfail=0x0 vhv=0 vpolls=0
[PRT] calls=136941 xerr=0 ler=1 lidx=0x0 perr=0 maxcnt=17 addr8=0x52
[RTY] wr=0 wmax=0 wref=0  rd=0 rmax=0 rref=0
[RNG] frames=34208 last=45 min=12 max=159 nrdy=0 dxfer=0 dstat=0 lst=0 nrdyerr=0 dclr=0
[DRV] init=0 id=7 mode=0x1 lib=0x2 seq=0x1 odc=0x8b sts=0xe0 armed=1
[TRG] pulses=368 suppressed=132 cyc=1600 rst=1 rstmode=0x40
[HLT] polls=684 faults=0x0 cfglost=0
[EFF] n=5 last=58555 min=58548 max=58555 late=0 stuck=0 rderr=0
[IMU] init=0 addr=0x68 who=0x68 rst=1 pmrb0=0x40 pmrb=0x1 sr=19 cfg=4 gcfg=0x0 acfg=0x8 icfg=0x30 ien=0x1 armed=1
[ACC] reads=34207 stale=34162 rderr=2 ax=55 ay=-20 az=1124
[PWR] pm=0x1 drift=1 rderr=0
[DWT] ok=1 cyc=3592501208 cyc_per_ms=800000
[HB] up_ms=757305 frames=34255 inf=34255 hazard=500 canary_err=0 q=0 qovr=0
[I2C] init=0 gate=0 whoami=0x140e0 wr=0 wrseen=0x27 addr=0x5a ok=209632 err=2 tmo=0 recov=3 pclk1=200000000 sysclk=400000000
[NAK] nacks=2
[CLK] cpu=800000000 sysb=400000000 pclk1=200000000
[TOF] res=0 step=0 id=0xeacc blk=0xeacc10 ctl=0x0
[RNG] init=0 step=99 id=0xeacc boot=1 calls=93 xerr=0 dm=1 tb=15
[RNG] osc=41 imp=881 imprb=881 mstart=0x40 cfg=91 cfgfail=0x0 vhv=0 vpolls=0
[PRT] calls=137141 xerr=0 ler=1 lidx=0x0 perr=0 maxcnt=17 addr8=0x52
[RTY] wr=0 wmax=0 wref=0  rd=0 rmax=0 rref=0
[RNG] frames=34257 last=41 min=12 max=159 nrdy=0 dxfer=0 dstat=0 lst=0 nrdyerr=0 dclr=0
[DRV] init=0 id=7 mode=0x1 lib=0x2 seq=0x1 odc=0x8b sts=0xe0 armed=1
[TRG] pulses=368 suppressed=132 cyc=1600 rst=1 rstmode=0x40
[HLT] polls=685 faults=0x0 cfglost=0
[EFF] n=5 last=58555 min=58548 max=58555 late=0 stuck=0 rderr=0
[IMU] init=0 addr=0x68 who=0x68 rst=1 pmrb0=0x40 pmrb=0x1 sr=19 cfg=4 gcfg=0x0 acfg=0x8 icfg=0x30 ien=0x1 armed=1
[ACC] reads=34257 stale=34212 rderr=2 ax=54 ay=-21 az=1121
[PWR] pm=0x1 drift=1 rderr=0
[DWT] ok=1 cyc=179909596 cyc_per_ms=799977
[HB] up_ms=758407 frames=34305 inf=34305 hazard=501 canary_err=0 q=0 qovr=0
[I2C] init=0 gate=0 whoami=0x140e0 wr=0 wrseen=0x27 addr=0x5a ok=209928 err=2 tmo=0 recov=3 pclk1=200000000 sysclk=400000000
[NAK] nacks=2
[CLK] cpu=800000000 sysb=400000000 pclk1=200000000
[TOF] res=0 step=0 id=0xeacc blk=0xeacc10 ctl=0x0
[RNG] init=0 step=99 id=0xeacc boot=1 calls=93 xerr=0 dm=1 tb=15
[RNG] osc=41 imp=881 imprb=881 mstart=0x40 cfg=91 cfgfail=0x0 vhv=0 vpolls=0
[PRT] calls=137341 xerr=0 ler=1 lidx=0x0 perr=0 maxcnt=17 addr8=0x52
[RTY] wr=0 wmax=0 wref=0  rd=0 rmax=0 rref=0
[RNG] frames=34307 last=45 min=12 max=159 nrdy=0 dxfer=0 dstat=0 lst=0 nrdyerr=0 dclr=0
[DRV] init=0 id=7 mode=0x1 lib=0x2 seq=0x1 odc=0x8b sts=0xe0 armed=1
[TRG] pulses=369 suppressed=132 cyc=1600 rst=1 rstmode=0x40
[HLT] polls=686 faults=0x0 cfglost=0
[EFF] n=5 last=58555 min=58548 max=58555 late=0 stuck=0 rderr=0
[IMU] init=0 addr=0x68 who=0x68 rst=1 pmrb0=0x40 pmrb=0x1 sr=19 cfg=4 gcfg=0x0 acfg=0x8 icfg=0x30 ien=0x1 armed=1
[ACC] reads=34307 stale=34262 rderr=2 ax=52 ay=-22 az=1125
[PWR] pm=0x1 drift=1 rderr=0
[DWT] ok=1 cyc=1061396674 cyc_per_ms=799897
[HB] up_ms=759510 frames=34355 inf=34355 hazard=501 canary_err=0 q=0 qovr=0
[I2C] init=0 gate=0 whoami=0x140e0 wr=0 wrseen=0x27 addr=0x5a ok=210230 err=2 tmo=0 recov=3 pclk1=200000000 sysclk=400000000
[NAK] nacks=2
[CLK] cpu=800000000 sysb=400000000 pclk1=200000000
[TOF] res=0 step=0 id=0xeacc blk=0xeacc10 ctl=0x0
[RNG] init=0 step=99 id=0xeacc boot=1 calls=93 xerr=0 dm=1 tb=15
[RNG] osc=41 imp=881 imprb=881 mstart=0x40 cfg=91 cfgfail=0x0 vhv=0 vpolls=0
[PRT] calls=137541 xerr=0 ler=1 lidx=0x0 perr=0 maxcnt=17 addr8=0x52
[RTY] wr=0 wmax=0 wref=0  rd=0 rmax=0 rref=0
[RNG] frames=34357 last=35 min=12 max=159 nrdy=0 dxfer=0 dstat=0 lst=0 nrdyerr=0 dclr=0
[DRV] init=0 id=7 mode=0x1 lib=0x2 seq=0x1 odc=0x8b sts=0xe0 armed=1
[TRG] pulses=369 suppressed=132 cyc=1600 rst=1 rstmode=0x40
[HLT] polls=687 faults=0x0 cfglost=0
[EFF] n=5 last=58555 min=58548 max=58555 late=0 stuck=0 rderr=0
[IMU] init=0 addr=0x68 who=0x68 rst=1 pmrb0=0x40 pmrb=0x1 sr=19 cfg=4 gcfg=0x0 acfg=0x8 icfg=0x30 ien=0x1 armed=1
[ACC] reads=34357 stale=34312 rderr=2 ax=54 ay=-18 az=1125
[PWR] pm=0x1 drift=1 rderr=0
[DWT] ok=1 cyc=1943796630 cyc_per_ms=799999
[HB] up_ms=760612 frames=34405 inf=34405 hazard=501 canary_err=0 q=0 qovr=0
[I2C] init=0 gate=0 whoami=0x140e0 wr=0 wrseen=0x27 addr=0x5a ok=210532 err=2 tmo=0 recov=3 pclk1=200000000 sysclk=400000000
[NAK] nacks=2
[CLK] cpu=800000000 sysb=400000000 pclk1=200000000
[TOF] res=0 step=0 id=0xeacc blk=0xeacc10 ctl=0x0
[RNG] init=0 step=99 id=0xeacc boot=1 calls=93 xerr=0 dm=1 tb=15
[RNG] osc=41 imp=881 imprb=881 mstart=0x40 cfg=91 cfgfail=0x0 vhv=0 vpolls=0
[PRT] calls=137741 xerr=0 ler=1 lidx=0x0 perr=0 maxcnt=17 addr8=0x52
[RTY] wr=0 wmax=0 wref=0  rd=0 rmax=0 rref=0
[RNG] frames=34407 last=38 min=12 max=159 nrdy=0 dxfer=0 dstat=0 lst=0 nrdyerr=0 dclr=0
[DRV] init=0 id=7 mode=0x1 lib=0x2 seq=0x1 odc=0x8b sts=0xe0 armed=1
[TRG] pulses=369 suppressed=132 cyc=1600 rst=1 rstmode=0x40
[HLT] polls=688 faults=0x0 cfglost=0
[EFF] n=5 last=58555 min=58548 max=58555 late=0 stuck=0 rderr=0
[IMU] init=0 addr=0x68 who=0x68 rst=1 pmrb0=0x40 pmrb=0x1 sr=19 cfg=4 gcfg=0x0 acfg=0x8 icfg=0x30 ien=0x1 armed=1
[ACC] reads=34407 stale=34362 rderr=2 ax=53 ay=-21 az=1124
[PWR] pm=0x1 drift=1 rderr=0
[DWT] ok=1 cyc=2825396542 cyc_per_ms=799999
[HB] up_ms=761714 frames=34455 inf=34455 hazard=501 canary_err=0 q=0 qovr=0
[I2C] init=0 gate=0 whoami=0x140e0 wr=0 wrseen=0x27 addr=0x5a ok=210834 err=2 tmo=0 recov=3 pclk1=200000000 sysclk=400000000
[NAK] nacks=2
[CLK] cpu=800000000 sysb=400000000 pclk1=200000000
[TOF] res=0 step=0 id=0xeacc blk=0xeacc10 ctl=0x0
[RNG] init=0 step=99 id=0xeacc boot=1 calls=93 xerr=0 dm=1 tb=15
[RNG] osc=41 imp=881 imprb=881 mstart=0x40 cfg=91 cfgfail=0x0 vhv=0 vpolls=0
[PRT] calls=137941 xerr=0 ler=1 lidx=0x0 perr=0 maxcnt=17 addr8=0x52
[RTY] wr=0 wmax=0 wref=0  rd=0 rmax=0 rref=0
[RNG] frames=34457 last=39 min=12 max=159 nrdy=0 dxfer=0 dstat=0 lst=0 nrdyerr=0 dclr=0
[DRV] init=0 id=7 mode=0x1 lib=0x2 seq=0x1 odc=0x8b sts=0xe0 armed=1
[TRG] pulses=369 suppressed=132 cyc=1600 rst=1 rstmode=0x40
[HLT] polls=689 faults=0x0 cfglost=0
[EFF] n=5 last=58555 min=58548 max=58555 late=0 stuck=0 rderr=0
[IMU] init=0 addr=0x68 who=0x68 rst=1 pmrb0=0x40 pmrb=0x1 sr=19 cfg=4 gcfg=0x0 acfg=0x8 icfg=0x30 ien=0x1 armed=1
[ACC] reads=34457 stale=34412 rderr=2 ax=56 ay=-19 az=1125
[PWR] pm=0x1 drift=1 rderr=0
[DWT] ok=1 cyc=3706996510 cyc_per_ms=799999
[HB] up_ms=762816 frames=34505 inf=34505 hazard=502 canary_err=0 q=0 qovr=0
[I2C] init=0 gate=0 whoami=0x140e0 wr=0 wrseen=0x27 addr=0x5a ok=211136 err=2 tmo=0 recov=3 pclk1=200000000 sysclk=400000000
[NAK] nacks=2
[CLK] cpu=800000000 sysb=400000000 pclk1=200000000
[TOF] res=0 step=0 id=0xeacc blk=0xeacc10 ctl=0x0
[RNG] init=0 step=99 id=0xeacc boot=1 calls=93 xerr=0 dm=1 tb=15
[RNG] osc=41 imp=881 imprb=881 mstart=0x40 cfg=91 cfgfail=0x0 vhv=0 vpolls=0
[PRT] calls=138141 xerr=0 ler=1 lidx=0x0 perr=0 maxcnt=17 addr8=0x52
[RTY] wr=0 wmax=0 wref=0  rd=0 rmax=0 rref=0
[RNG] frames=34507 last=25 min=12 max=159 nrdy=0 dxfer=0 dstat=0 lst=0 nrdyerr=0 dclr=0
[DRV] init=0 id=7 mode=0x1 lib=0x2 seq=0x1 odc=0x8b sts=0xe0 armed=1
[TRG] pulses=370 suppressed=133 cyc=1600 rst=1 rstmode=0x40
[HLT] polls=690 faults=0x0 cfglost=0
[EFF] n=5 last=58555 min=58548 max=58555 late=0 stuck=0 rderr=0
[IMU] init=0 addr=0x68 who=0x68 rst=1 pmrb0=0x40 pmrb=0x1 sr=19 cfg=4 gcfg=0x0 acfg=0x8 icfg=0x30 ien=0x1 armed=1
[ACC] reads=34507 stale=34462 rderr=2 ax=55 ay=-21 az=1125
[PWR] pm=0x1 drift=1 rderr=0
[DWT] ok=1 cyc=293630214 cyc_per_ms=800000
[HB] up_ms=763918 frames=34555 inf=34555 hazard=504 canary_err=0 q=0 qovr=0
[I2C] init=0 gate=0 whoami=0x140e0 wr=0 wrseen=0x27 addr=0x5a ok=211438 err=2 tmo=0 recov=3 pclk1=200000000 sysclk=400000000
[NAK] nacks=2
[CLK] cpu=800000000 sysb=400000000 pclk1=200000000
[TOF] res=0 step=0 id=0xeacc blk=0xeacc10 ctl=0x0
[RNG] init=0 step=99 id=0xeacc boot=1 calls=93 xerr=0 dm=1 tb=15
[RNG] osc=41 imp=881 imprb=881 mstart=0x40 cfg=91 cfgfail=0x0 vhv=0 vpolls=0
[PRT] calls=138340 xerr=0 ler=1 lidx=0x0 perr=0 maxcnt=17 addr8=0x52
[RTY] wr=0 wmax=0 wref=0  rd=0 rmax=0 rref=0
[RNG] frames=34557 last=37 min=12 max=159 nrdy=0 dxfer=0 dstat=0 lst=0 nrdyerr=0 dclr=0
[DRV] init=0 id=7 mode=0x1 lib=0x2 seq=0x1 odc=0x8b sts=0xe0 armed=1
[TRG] pulses=371 suppressed=133 cyc=1600 rst=1 rstmode=0x40
[HLT] polls=691 faults=0x0 cfglost=0
[EFF] n=5 last=58555 min=58548 max=58555 late=0 stuck=0 rderr=0
[IMU] init=0 addr=0x68 who=0x68 rst=1 pmrb0=0x40 pmrb=0x1 sr=19 cfg=4 gcfg=0x0 acfg=0x8 icfg=0x30 ien=0x1 armed=1
[ACC] reads=34557 stale=34512 rderr=2 ax=57 ay=-21 az=1125
[PWR] pm=0x1 drift=1 rderr=0
[DWT] ok=1 cyc=1175229318 cyc_per_ms=799999
[HB] up_ms=765020 frames=34605 inf=34605 hazard=504 canary_err=0 q=0 qovr=0
[I2C] init=0 gate=0 whoami=0x140e0 wr=0 wrseen=0x27 addr=0x5a ok=211740 err=2 tmo=0 recov=3 pclk1=200000000 sysclk=400000000
[NAK] nacks=2
[CLK] cpu=800000000 sysb=400000000 pclk1=200000000
[TOF] res=0 step=0 id=0xeacc blk=0xeacc10 ctl=0x0
[RNG] init=0 step=99 id=0xeacc boot=1 calls=93 xerr=0 dm=1 tb=15
[RNG] osc=41 imp=881 imprb=881 mstart=0x40 cfg=91 cfgfail=0x0 vhv=0 vpolls=0
[PRT] calls=138537 xerr=0 ler=1 lidx=0x0 perr=0 maxcnt=17 addr8=0x52
[RTY] wr=0 wmax=0 wref=0  rd=0 rmax=0 rref=0
[RNG] frames=34607 last=37 min=12 max=159 nrdy=0 dxfer=0 dstat=0 lst=0 nrdyerr=0 dclr=0
[DRV] init=0 id=7 mode=0x1 lib=0x2 seq=0x1 odc=0x8b sts=0xe0 armed=1
[TRG] pulses=371 suppressed=133 cyc=1600 rst=1 rstmode=0x40
[HLT] polls=692 faults=0x0 cfglost=0
[EFF] n=5 last=58555 min=58548 max=58555 late=0 stuck=0 rderr=0
[IMU] init=0 addr=0x68 who=0x68 rst=1 pmrb0=0x40 pmrb=0x1 sr=19 cfg=4 gcfg=0x0 acfg=0x8 icfg=0x30 ien=0x1 armed=1
[ACC] reads=34606 stale=34562 rderr=2 ax=56 ay=-19 az=1126
[PWR] pm=0x1 drift=1 rderr=0
[DWT] ok=1 cyc=2056829222 cyc_per_ms=799999
[HB] up_ms=766122 frames=34654 inf=34654 hazard=505 canary_err=0 q=0 qovr=0
[I2C] init=0 gate=0 whoami=0x140e0 wr=0 wrseen=0x27 addr=0x5a ok=212042 err=2 tmo=0 recov=3 pclk1=200000000 sysclk=400000000
[NAK] nacks=2
[CLK] cpu=800000000 sysb=400000000 pclk1=200000000
[TOF] res=0 step=0 id=0xeacc blk=0xeacc10 ctl=0x0
[RNG] init=0 step=99 id=0xeacc boot=1 calls=93 xerr=0 dm=1 tb=15
[RNG] osc=41 imp=881 imprb=881 mstart=0x40 cfg=91 cfgfail=0x0 vhv=0 vpolls=0
[PRT] calls=138737 xerr=0 ler=1 lidx=0x0 perr=0 maxcnt=17 addr8=0x52
[RTY] wr=0 wmax=0 wref=0  rd=0 rmax=0 rref=0
[RNG] frames=34657 last=37 min=12 max=159 nrdy=0 dxfer=0 dstat=0 lst=0 nrdyerr=0 dclr=0
[DRV] init=0 id=7 mode=0x1 lib=0x2 seq=0x1 odc=0x8b sts=0xe0 armed=1
[TRG] pulses=372 suppressed=133 cyc=1600 rst=1 rstmode=0x40
[HLT] polls=693 faults=0x0 cfglost=0
[EFF] n=5 last=58555 min=58548 max=58555 late=0 stuck=0 rderr=0
[IMU] init=0 addr=0x68 who=0x68 rst=1 pmrb0=0x40 pmrb=0x1 sr=19 cfg=4 gcfg=0x0 acfg=0x8 icfg=0x30 ien=0x1 armed=1
[ACC] reads=34656 stale=34611 rderr=2 ax=56 ay=-19 az=1124
[PWR] pm=0x1 drift=1 rderr=0
[DWT] ok=1 cyc=2938470536 cyc_per_ms=800037
[HB] up_ms=767224 frames=34704 inf=34704 hazard=505 canary_err=0 q=0 qovr=0
[I2C] init=0 gate=0 whoami=0x140e0 wr=0 wrseen=0x27 addr=0x5a ok=212344 err=2 tmo=0 recov=3 pclk1=200000000 sysclk=400000000
[NAK] nacks=2
[CLK] cpu=800000000 sysb=400000000 pclk1=200000000
[TOF] res=0 step=0 id=0xeacc blk=0xeacc10 ctl=0x0
[RNG] init=0 step=99 id=0xeacc boot=1 calls=93 xerr=0 dm=1 tb=15
[RNG] osc=41 imp=881 imprb=881 mstart=0x40 cfg=91 cfgfail=0x0 vhv=0 vpolls=0
[PRT] calls=138937 xerr=0 ler=1 lidx=0x0 perr=0 maxcnt=17 addr8=0x52
[RTY] wr=0 wmax=0 wref=0  rd=0 rmax=0 rref=0
[RNG] frames=34707 last=34 min=12 max=159 nrdy=0 dxfer=0 dstat=0 lst=0 nrdyerr=0 dclr=0
[DRV] init=0 id=7 mode=0x1 lib=0x2 seq=0x1 odc=0x8b sts=0xe0 armed=1
[TRG] pulses=372 suppressed=133 cyc=1600 rst=1 rstmode=0x40
[HLT] polls=694 faults=0x0 cfglost=0
[EFF] n=5 last=58555 min=58548 max=58555 late=0 stuck=0 rderr=0
[IMU] init=0 addr=0x68 who=0x68 rst=1 pmrb0=0x40 pmrb=0x1 sr=19 cfg=4 gcfg=0x0 acfg=0x8 icfg=0x30 ien=0x1 armed=1
[ACC] reads=34706 stale=34660 rderr=2 ax=56 ay=-19 az=1122
[PWR] pm=0x1 drift=1 rderr=0
[DWT] ok=1 cyc=3820166736 cyc_per_ms=800087
[HB] up_ms=768327 frames=34754 inf=34754 hazard=505 canary_err=0 q=0 qovr=0
[I2C] init=0 gate=0 whoami=0x140e0 wr=0 wrseen=0x27 addr=0x5a ok=212646 err=2 tmo=0 recov=3 pclk1=200000000 sysclk=400000000
[NAK] nacks=2
[CLK] cpu=800000000 sysb=400000000 pclk1=200000000
[TOF] res=0 step=0 id=0xeacc blk=0xeacc10 ctl=0x0
[RNG] init=0 step=99 id=0xeacc boot=1 calls=93 xerr=0 dm=1 tb=15
[RNG] osc=41 imp=881 imprb=881 mstart=0x40 cfg=91 cfgfail=0x0 vhv=0 vpolls=0
[PRT] calls=139137 xerr=0 ler=1 lidx=0x0 perr=0 maxcnt=17 addr8=0x52
[RTY] wr=0 wmax=0 wref=0  rd=0 rmax=0 rref=0
[RNG] frames=34757 last=38 min=12 max=159 nrdy=0 dxfer=0 dstat=0 lst=0 nrdyerr=0 dclr=0
[DRV] init=0 id=7 mode=0x1 lib=0x2 seq=0x1 odc=0x8b sts=0xe0 armed=1
[TRG] pulses=372 suppressed=133 cyc=1600 rst=1 rstmode=0x40
[HLT] polls=695 faults=0x0 cfglost=0
[EFF] n=5 last=58555 min=58548 max=58555 late=0 stuck=0 rderr=0
[IMU] init=0 addr=0x68 who=0x68 rst=1 pmrb0=0x40 pmrb=0x1 sr=19 cfg=4 gcfg=0x0 acfg=0x8 icfg=0x30 ien=0x1 armed=1
[ACC] reads=34756 stale=34710 rderr=2 ax=55 ay=-20 az=1123
[PWR] pm=0x1 drift=1 rderr=0
[DWT] ok=1 cyc=407599344 cyc_per_ms=799999
[HB] up_ms=769429 frames=34804 inf=34804 hazard=505 canary_err=0 q=0 qovr=0
[I2C] init=0 gate=0 whoami=0x140e0 wr=0 wrseen=0x27 addr=0x5a ok=212944 err=2 tmo=0 recov=3 pclk1=200000000 sysclk=400000000
[NAK] nacks=2
[CLK] cpu=800000000 sysb=400000000 pclk1=200000000
[TOF] res=0 step=0 id=0xeacc blk=0xeacc10 ctl=0x0
[RNG] init=0 step=99 id=0xeacc boot=1 calls=93 xerr=0 dm=1 tb=15
[RNG] osc=41 imp=881 imprb=881 mstart=0x40 cfg=91 cfgfail=0x0 vhv=0 vpolls=0
[PRT] calls=139337 xerr=0 ler=1 lidx=0x0 perr=0 maxcnt=17 addr8=0x52
[RTY] wr=0 wmax=0 wref=0  rd=0 rmax=0 rref=0
[RNG] frames=34806 last=31 min=12 max=159 nrdy=0 dxfer=0 dstat=0 lst=0 nrdyerr=0 dclr=0
[DRV] init=0 id=7 mode=0x1 lib=0x2 seq=0x1 odc=0x8b sts=0xe0 armed=1
[TRG] pulses=372 suppressed=133 cyc=1600 rst=1 rstmode=0x40
[HLT] polls=696 faults=0x0 cfglost=0
[EFF] n=5 last=58555 min=58548 max=58555 late=0 stuck=0 rderr=0
[IMU] init=0 addr=0x68 who=0x68 rst=1 pmrb0=0x40 pmrb=0x1 sr=19 cfg=4 gcfg=0x0 acfg=0x8 icfg=0x30 ien=0x1 armed=1
[ACC] reads=34806 stale=34760 rderr=2 ax=55 ay=-20 az=1122
[PWR] pm=0x1 drift=1 rderr=0
[DWT] ok=1 cyc=1289061902 cyc_per_ms=799875
[HB] up_ms=770532 frames=34854 inf=34854 hazard=505 canary_err=0 q=0 qovr=0
[I2C] init=0 gate=0 whoami=0x140e0 wr=0 wrseen=0x27 addr=0x5a ok=213244 err=2 tmo=0 recov=3 pclk1=200000000 sysclk=400000000
[NAK] nacks=2
[CLK] cpu=800000000 sysb=400000000 pclk1=200000000
[TOF] res=0 step=0 id=0xeacc blk=0xeacc10 ctl=0x0
[RNG] init=0 step=99 id=0xeacc boot=1 calls=93 xerr=0 dm=1 tb=15
[RNG] osc=41 imp=881 imprb=881 mstart=0x40 cfg=91 cfgfail=0x0 vhv=0 vpolls=0
[PRT] calls=139537 xerr=0 ler=1 lidx=0x0 perr=0 maxcnt=17 addr8=0x52
[RTY] wr=0 wmax=0 wref=0  rd=0 rmax=0 rref=0
[RNG] frames=34856 last=48 min=12 max=159 nrdy=0 dxfer=0 dstat=0 lst=0 nrdyerr=0 dclr=0
[DRV] init=0 id=7 mode=0x1 lib=0x2 seq=0x1 odc=0x8b sts=0xe0 armed=1
[TRG] pulses=372 suppressed=133 cyc=1600 rst=1 rstmode=0x40
[HLT] polls=697 faults=0x0 cfglost=0
[EFF] n=5 last=58555 min=58548 max=58555 late=0 stuck=0 rderr=0
[IMU] init=0 addr=0x68 who=0x68 rst=1 pmrb0=0x40 pmrb=0x1 sr=19 cfg=4 gcfg=0x0 acfg=0x8 icfg=0x30 ien=0x1 armed=1
[ACC] reads=34856 stale=34810 rderr=2 ax=54 ay=-21 az=1123
[PWR] pm=0x1 drift=1 rderr=0
[DWT] ok=1 cyc=2171461934 cyc_per_ms=800000
[HB] up_ms=771635 frames=34904 inf=34904 hazard=505 canary_err=0 q=0 qovr=0
[I2C] init=0 gate=0 whoami=0x140e0 wr=0 wrseen=0x27 addr=0x5a ok=213546 err=2 tmo=0 recov=3 pclk1=200000000 sysclk=400000000
[NAK] nacks=2
[CLK] cpu=800000000 sysb=400000000 pclk1=200000000
[TOF] res=0 step=0 id=0xeacc blk=0xeacc10 ctl=0x0
[RNG] init=0 step=99 id=0xeacc boot=1 calls=93 xerr=0 dm=1 tb=15
[RNG] osc=41 imp=881 imprb=881 mstart=0x40 cfg=91 cfgfail=0x0 vhv=0 vpolls=0
[PRT] calls=139737 xerr=0 ler=1 lidx=0x0 perr=0 maxcnt=17 addr8=0x52
[RTY] wr=0 wmax=0 wref=0  rd=0 rmax=0 rref=0
[RNG] frames=34906 last=41 min=12 max=159 nrdy=0 dxfer=0 dstat=0 lst=0 nrdyerr=0 dclr=0
[DRV] init=0 id=7 mode=0x1 lib=0x2 seq=0x1 odc=0x8b sts=0xe0 armed=1
[TRG] pulses=372 suppressed=133 cyc=1600 rst=1 rstmode=0x40
[HLT] polls=698 faults=0x0 cfglost=0
[EFF] n=5 last=58555 min=58548 max=58555 late=0 stuck=0 rderr=0
[IMU] init=0 addr=0x68 who=0x68 rst=1 pmrb0=0x40 pmrb=0x1 sr=19 cfg=4 gcfg=0x0 acfg=0x8 icfg=0x30 ien=0x1 armed=1
[ACC] reads=34906 stale=34860 rderr=2 ax=55 ay=-21 az=1126
[PWR] pm=0x1 drift=1 rderr=0
[DWT] ok=1 cyc=3053862038 cyc_per_ms=800000
[HB] up_ms=772737 frames=34954 inf=34954 hazard=505 canary_err=0 q=0 qovr=0
[I2C] init=0 gate=0 whoami=0x140e0 wr=0 wrseen=0x27 addr=0x5a ok=213848 err=2 tmo=0 recov=3 pclk1=200000000 sysclk=400000000
[NAK] nacks=2
[CLK] cpu=800000000 sysb=400000000 pclk1=200000000
[TOF] res=0 step=0 id=0xeacc blk=0xeacc10 ctl=0x0
[RNG] init=0 step=99 id=0xeacc boot=1 calls=93 xerr=0 dm=1 tb=15
[RNG] osc=41 imp=881 imprb=881 mstart=0x40 cfg=91 cfgfail=0x0 vhv=0 vpolls=0
[PRT] calls=139937 xerr=0 ler=1 lidx=0x0 perr=0 maxcnt=17 addr8=0x52
[RTY] wr=0 wmax=0 wref=0  rd=0 rmax=0 rref=0
[RNG] frames=34956 last=35 min=12 max=159 nrdy=0 dxfer=0 dstat=0 lst=0 nrdyerr=0 dclr=0
[DRV] init=0 id=7 mode=0x1 lib=0x2 seq=0x1 odc=0x8b sts=0xe0 armed=1
[TRG] pulses=372 suppressed=133 cyc=1600 rst=1 rstmode=0x40
[HLT] polls=699 faults=0x0 cfglost=0
[EFF] n=5 last=58555 min=58548 max=58555 late=0 stuck=0 rderr=0
[IMU] init=0 addr=0x68 who=0x68 rst=1 pmrb0=0x40 pmrb=0x1 sr=19 cfg=4 gcfg=0x0 acfg=0x8 icfg=0x30 ien=0x1 armed=1
[ACC] reads=34956 stale=34910 rderr=2 ax=56 ay=-21 az=1122
[PWR] pm=0x1 drift=1 rderr=0
[DWT] ok=1 cyc=3935462054 cyc_per_ms=800000
[HB] up_ms=773839 frames=35004 inf=35004 hazard=506 canary_err=0 q=0 qovr=0
[I2C] init=0 gate=0 whoami=0x140e0 wr=0 wrseen=0x27 addr=0x5a ok=214150 err=2 tmo=0 recov=3 pclk1=200000000 sysclk=400000000
[NAK] nacks=2
[CLK] cpu=800000000 sysb=400000000 pclk1=200000000
[TOF] res=0 step=0 id=0xeacc blk=0xeacc10 ctl=0x0
[RNG] init=0 step=99 id=0xeacc boot=1 calls=93 xerr=0 dm=1 tb=15
[RNG] osc=41 imp=881 imprb=881 mstart=0x40 cfg=91 cfgfail=0x0 vhv=0 vpolls=0
[PRT] calls=140137 xerr=0 ler=1 lidx=0x0 perr=0 maxcnt=17 addr8=0x52
[RTY] wr=0 wmax=0 wref=0  rd=0 rmax=0 rref=0
[RNG] frames=35006 last=47 min=12 max=159 nrdy=0 dxfer=0 dstat=0 lst=0 nrdyerr=0 dclr=0
[DRV] init=0 id=7 mode=0x1 lib=0x2 seq=0x1 odc=0x8b sts=0xe0 armed=1
[TRG] pulses=373 suppressed=133 cyc=1600 rst=1 rstmode=0x40
[HLT] polls=700 faults=0x0 cfglost=0
[EFF] n=5 last=58555 min=58548 max=58555 late=0 stuck=0 rderr=0
[IMU] init=0 addr=0x68 who=0x68 rst=1 pmrb0=0x40 pmrb=0x1 sr=19 cfg=4 gcfg=0x0 acfg=0x8 icfg=0x30 ien=0x1 armed=1
[ACC] reads=35006 stale=34960 rderr=2 ax=56 ay=-21 az=1121
[PWR] pm=0x1 drift=1 rderr=0
[DWT] ok=1 cyc=522094626 cyc_per_ms=799999
[HB] up_ms=774941 frames=35054 inf=35054 hazard=506 canary_err=0 q=0 qovr=0
[I2C] init=0 gate=0 whoami=0x140e0 wr=0 wrseen=0x27 addr=0x5a ok=214452 err=2 tmo=0 recov=3 pclk1=200000000 sysclk=400000000
[NAK] nacks=2
[CLK] cpu=800000000 sysb=400000000 pclk1=200000000
[TOF] res=0 step=0 id=0xeacc blk=0xeacc10 ctl=0x0
[RNG] init=0 step=99 id=0xeacc boot=1 calls=93 xerr=0 dm=1 tb=15
[RNG] osc=41 imp=881 imprb=881 mstart=0x40 cfg=91 cfgfail=0x0 vhv=0 vpolls=0
[PRT] calls=140337 xerr=0 ler=1 lidx=0x0 perr=0 maxcnt=17 addr8=0x52
[RTY] wr=0 wmax=0 wref=0  rd=0 rmax=0 rref=0
[RNG] frames=35056 last=36 min=12 max=159 nrdy=0 dxfer=0 dstat=0 lst=0 nrdyerr=0 dclr=0
[DRV] init=0 id=7 mode=0x1 lib=0x2 seq=0x1 odc=0x8b sts=0xe0 armed=1
[TRG] pulses=373 suppressed=133 cyc=1600 rst=1 rstmode=0x40
[HLT] polls=701 faults=0x0 cfglost=0
[EFF] n=5 last=58555 min=58548 max=58555 late=0 stuck=0 rderr=0
[IMU] init=0 addr=0x68 who=0x68 rst=1 pmrb0=0x40 pmrb=0x1 sr=19 cfg=4 gcfg=0x0 acfg=0x8 icfg=0x30 ien=0x1 armed=1
[ACC] reads=35056 stale=35010 rderr=2 ax=54 ay=-21 az=1122
[PWR] pm=0x1 drift=1 rderr=0
[DWT] ok=1 cyc=1403694610 cyc_per_ms=799999
[HB] up_ms=776043 frames=35104 inf=35104 hazard=507 canary_err=0 q=0 qovr=0
[I2C] init=0 gate=0 whoami=0x140e0 wr=0 wrseen=0x27 addr=0x5a ok=214754 err=2 tmo=0 recov=3 pclk1=200000000 sysclk=400000000
[NAK] nacks=2
[CLK] cpu=800000000 sysb=400000000 pclk1=200000000
[TOF] res=0 step=0 id=0xeacc blk=0xeacc10 ctl=0x0
[RNG] init=0 step=99 id=0xeacc boot=1 calls=93 xerr=0 dm=1 tb=15
[RNG] osc=41 imp=881 imprb=881 mstart=0x40 cfg=91 cfgfail=0x0 vhv=0 vpolls=0
[PRT] calls=140533 xerr=0 ler=1 lidx=0x0 perr=0 maxcnt=17 addr8=0x52
[RTY] wr=0 wmax=0 wref=0  rd=0 rmax=0 rref=0
[RNG] frames=35106 last=36 min=12 max=159 nrdy=0 dxfer=0 dstat=0 lst=0 nrdyerr=0 dclr=0
[DRV] init=0 id=7 mode=0x1 lib=0x2 seq=0x1 odc=0x8b sts=0xe0 armed=1
[TRG] pulses=374 suppressed=133 cyc=1600 rst=1 rstmode=0x40
[HLT] polls=702 faults=0x0 cfglost=0
[EFF] n=5 last=58555 min=58548 max=58555 late=0 stuck=0 rderr=0
[IMU] init=0 addr=0x68 who=0x68 rst=1 pmrb0=0x40 pmrb=0x1 sr=19 cfg=4 gcfg=0x0 acfg=0x8 icfg=0x30 ien=0x1 armed=1
[ACC] reads=35106 stale=35060 rderr=2 ax=57 ay=-19 az=1126
[PWR] pm=0x1 drift=1 rderr=0
[DWT] ok=1 cyc=2285294626 cyc_per_ms=800000
[HB] up_ms=777145 frames=35154 inf=35154 hazard=507 canary_err=0 q=0 qovr=0
[I2C] init=0 gate=0 whoami=0x140e0 wr=0 wrseen=0x27 addr=0x5a ok=215056 err=2 tmo=0 recov=3 pclk1=200000000 sysclk=400000000
[NAK] nacks=2
[CLK] cpu=800000000 sysb=400000000 pclk1=200000000
[TOF] res=0 step=0 id=0xeacc blk=0xeacc10 ctl=0x0
[RNG] init=0 step=99 id=0xeacc boot=1 calls=93 xerr=0 dm=1 tb=15
[RNG] osc=41 imp=881 imprb=881 mstart=0x40 cfg=91 cfgfail=0x0 vhv=0 vpolls=0
[PRT] calls=140733 xerr=0 ler=1 lidx=0x0 perr=0 maxcnt=17 addr8=0x52
[RTY] wr=0 wmax=0 wref=0  rd=0 rmax=0 rref=0
[RNG] frames=35156 last=41 min=12 max=159 nrdy=0 dxfer=0 dstat=0 lst=0 nrdyerr=0 dclr=0
[DRV] init=0 id=7 mode=0x1 lib=0x2 seq=0x1 odc=0x8b sts=0xe0 armed=1
[TRG] pulses=374 suppressed=133 cyc=1600 rst=1 rstmode=0x40
[HLT] polls=703 faults=0x0 cfglost=0
[EFF] n=5 last=58555 min=58548 max=58555 late=0 stuck=0 rderr=0
[IMU] init=0 addr=0x68 who=0x68 rst=1 pmrb0=0x40 pmrb=0x1 sr=19 cfg=4 gcfg=0x0 acfg=0x8 icfg=0x30 ien=0x1 armed=1
[ACC] reads=35155 stale=35109 rderr=2 ax=56 ay=-21 az=1123
[PWR] pm=0x1 drift=1 rderr=0
[DWT] ok=1 cyc=3166894750 cyc_per_ms=800000
[HB] up_ms=778247 frames=35203 inf=35203 hazard=507 canary_err=0 q=0 qovr=0
[I2C] init=0 gate=0 whoami=0x140e0 wr=0 wrseen=0x27 addr=0x5a ok=215358 err=2 tmo=0 recov=3 pclk1=200000000 sysclk=400000000
[NAK] nacks=2
[CLK] cpu=800000000 sysb=400000000 pclk1=200000000
[TOF] res=0 step=0 id=0xeacc blk=0xeacc10 ctl=0x0
[RNG] init=0 step=99 id=0xeacc boot=1 calls=93 xerr=0 dm=1 tb=15
[RNG] osc=41 imp=881 imprb=881 mstart=0x40 cfg=91 cfgfail=0x0 vhv=0 vpolls=0
[PRT] calls=140933 xerr=0 ler=1 lidx=0x0 perr=0 maxcnt=17 addr8=0x52
[RTY] wr=0 wmax=0 wref=0  rd=0 rmax=0 rref=0
[RNG] frames=35206 last=29 min=12 max=159 nrdy=0 dxfer=0 dstat=0 lst=0 nrdyerr=0 dclr=0
[DRV] init=0 id=7 mode=0x1 lib=0x2 seq=0x1 odc=0x8b sts=0xe0 armed=1
[TRG] pulses=374 suppressed=133 cyc=1600 rst=1 rstmode=0x40
[HLT] polls=704 faults=0x0 cfglost=0
[EFF] n=5 last=58555 min=58548 max=58555 late=0 stuck=0 rderr=0
[IMU] init=0 addr=0x68 who=0x68 rst=1 pmrb0=0x40 pmrb=0x1 sr=19 cfg=4 gcfg=0x0 acfg=0x8 icfg=0x30 ien=0x1 armed=1
[ACC] reads=35205 stale=35159 rderr=2 ax=53 ay=-19 az=1125
[PWR] pm=0x1 drift=1 rderr=0
[DWT] ok=1 cyc=4048631264 cyc_per_ms=800123
[HB] up_ms=779350 frames=35253 inf=35253 hazard=511 canary_err=0 q=0 qovr=0
[I2C] init=0 gate=0 whoami=0x140e0 wr=0 wrseen=0x27 addr=0x5a ok=215660 err=2 tmo=0 recov=3 pclk1=200000000 sysclk=400000000
[NAK] nacks=2
[CLK] cpu=800000000 sysb=400000000 pclk1=200000000
[TOF] res=0 step=0 id=0xeacc blk=0xeacc10 ctl=0x0
[RNG] init=0 step=99 id=0xeacc boot=1 calls=93 xerr=0 dm=1 tb=15
[RNG] osc=41 imp=881 imprb=881 mstart=0x40 cfg=91 cfgfail=0x0 vhv=0 vpolls=0
[PRT] calls=141133 xerr=0 ler=1 lidx=0x0 perr=0 maxcnt=17 addr8=0x52
[RTY] wr=0 wmax=0 wref=0  rd=0 rmax=0 rref=0
[RNG] frames=35256 last=45 min=12 max=159 nrdy=0 dxfer=0 dstat=0 lst=0 nrdyerr=0 dclr=0
[DRV] init=0 id=7 mode=0x1 lib=0x2 seq=0x1 odc=0x8b sts=0xe0 armed=1
[TRG] pulses=376 suppressed=135 cyc=1600 rst=1 rstmode=0x40
[HLT] polls=705 faults=0x0 cfglost=0
[EFF] n=5 last=58555 min=58548 max=58555 late=0 stuck=0 rderr=0
[IMU] init=0 addr=0x68 who=0x68 rst=1 pmrb0=0x40 pmrb=0x1 sr=19 cfg=4 gcfg=0x0 acfg=0x8 icfg=0x30 ien=0x1 armed=1
[ACC] reads=35255 stale=35209 rderr=2 ax=54 ay=-22 az=1123
[PWR] pm=0x1 drift=1 rderr=0
[DWT] ok=1 cyc=636064692 cyc_per_ms=800000
[HB] up_ms=780452 frames=35303 inf=35303 hazard=511 canary_err=0 q=0 qovr=0
[I2C] init=0 gate=0 whoami=0x140e0 wr=0 wrseen=0x27 addr=0x5a ok=215961 err=2 tmo=0 recov=3 pclk1=200000000 sysclk=400000000
[NAK] nacks=2
[CLK] cpu=800000000 sysb=400000000 pclk1=200000000
[TOF] res=0 step=0 id=0xeacc blk=0xeacc10 ctl=0x0
[RNG] init=0 step=99 id=0xeacc boot=1 calls=93 xerr=0 dm=1 tb=15
[RNG] osc=41 imp=881 imprb=881 mstart=0x40 cfg=91 cfgfail=0x0 vhv=0 vpolls=0
[PRT] calls=141333 xerr=0 ler=1 lidx=0x0 perr=0 maxcnt=17 addr8=0x52
[RTY] wr=0 wmax=0 wref=0  rd=0 rmax=0 rref=0
[RNG] frames=35305 last=42 min=12 max=159 nrdy=0 dxfer=0 dstat=0 lst=0 nrdyerr=0 dclr=0
[DRV] init=0 id=7 mode=0x1 lib=0x2 seq=0x1 odc=0x8b sts=0xe0 armed=1
[TRG] pulses=376 suppressed=135 cyc=1600 rst=1 rstmode=0x40
[HLT] polls=706 faults=0x0 cfglost=0
[EFF] n=5 last=58555 min=58548 max=58555 late=0 stuck=0 rderr=0
[IMU] init=0 addr=0x68 who=0x68 rst=1 pmrb0=0x40 pmrb=0x1 sr=19 cfg=4 gcfg=0x0 acfg=0x8 icfg=0x30 ien=0x1 armed=1
[ACC] reads=35305 stale=35259 rderr=2 ax=54 ay=-20 az=1124
[PWR] pm=0x1 drift=1 rderr=0
[DWT] ok=1 cyc=1517576616 cyc_per_ms=799920
[HB] up_ms=781555 frames=35353 inf=35353 hazard=512 canary_err=0 q=0 qovr=0
[I2C] init=0 gate=0 whoami=0x140e0 wr=0 wrseen=0x27 addr=0x5a ok=216258 err=2 tmo=0 recov=3 pclk1=200000000 sysclk=400000000
[NAK] nacks=2
[CLK] cpu=800000000 sysb=400000000 pclk1=200000000
[TOF] res=0 step=0 id=0xeacc blk=0xeacc10 ctl=0x0
[RNG] init=0 step=99 id=0xeacc boot=1 calls=93 xerr=0 dm=1 tb=15
[RNG] osc=41 imp=881 imprb=881 mstart=0x40 cfg=91 cfgfail=0x0 vhv=0 vpolls=0
[PRT] calls=141533 xerr=0 ler=1 lidx=0x0 perr=0 maxcnt=17 addr8=0x52
[RTY] wr=0 wmax=0 wref=0  rd=0 rmax=0 rref=0
[RNG] frames=35355 last=34 min=12 max=159 nrdy=0 dxfer=0 dstat=0 lst=0 nrdyerr=0 dclr=0
[DRV] init=0 id=7 mode=0x1 lib=0x2 seq=0x1 odc=0x8b sts=0xe0 armed=1
[TRG] pulses=377 suppressed=135 cyc=1600 rst=1 rstmode=0x40
[HLT] polls=707 faults=0x0 cfglost=0
[EFF] n=5 last=58555 min=58548 max=58555 late=0 stuck=0 rderr=0
[IMU] init=0 addr=0x68 who=0x68 rst=1 pmrb0=0x40 pmrb=0x1 sr=19 cfg=4 gcfg=0x0 acfg=0x8 icfg=0x30 ien=0x1 armed=1
[ACC] reads=35355 stale=35309 rderr=2 ax=54 ay=-22 az=1125
[PWR] pm=0x1 drift=1 rderr=0
[DWT] ok=1 cyc=2399927398 cyc_per_ms=799955
[HB] up_ms=782658 frames=35403 inf=35403 hazard=512 canary_err=0 q=0 qovr=0
[I2C] init=0 gate=0 whoami=0x140e0 wr=0 wrseen=0x27 addr=0x5a ok=216560 err=2 tmo=0 recov=3 pclk1=200000000 sysclk=400000000
[NAK] nacks=2
[CLK] cpu=800000000 sysb=400000000 pclk1=200000000
[TOF] res=0 step=0 id=0xeacc blk=0xeacc10 ctl=0x0
[RNG] init=0 step=99 id=0xeacc boot=1 calls=93 xerr=0 dm=1 tb=15
[RNG] osc=41 imp=881 imprb=881 mstart=0x40 cfg=91 cfgfail=0x0 vhv=0 vpolls=0
[PRT] calls=141733 xerr=0 ler=1 lidx=0x0 perr=0 maxcnt=17 addr8=0x52
[RTY] wr=0 wmax=0 wref=0  rd=0 rmax=0 rref=0
[RNG] frames=35405 last=34 min=12 max=159 nrdy=0 dxfer=0 dstat=0 lst=0 nrdyerr=0 dclr=0
[DRV] init=0 id=7 mode=0x1 lib=0x2 seq=0x1 odc=0x8b sts=0xe0 armed=1
[TRG] pulses=377 suppressed=135 cyc=1600 rst=1 rstmode=0x40
[HLT] polls=708 faults=0x0 cfglost=0
[EFF] n=5 last=58555 min=58548 max=58555 late=0 stuck=0 rderr=0
[IMU] init=0 addr=0x68 who=0x68 rst=1 pmrb0=0x40 pmrb=0x1 sr=19 cfg=4 gcfg=0x0 acfg=0x8 icfg=0x30 ien=0x1 armed=1
[ACC] reads=35405 stale=35359 rderr=2 ax=56 ay=-17 az=1121
[PWR] pm=0x1 drift=1 rderr=0
[DWT] ok=1 cyc=3282327446 cyc_per_ms=800000
[HB] up_ms=783760 frames=35453 inf=35453 hazard=512 canary_err=0 q=0 qovr=0
[I2C] init=0 gate=0 whoami=0x140e0 wr=0 wrseen=0x27 addr=0x5a ok=216862 err=2 tmo=0 recov=3 pclk1=200000000 sysclk=400000000
[NAK] nacks=2
[CLK] cpu=800000000 sysb=400000000 pclk1=200000000
[TOF] res=0 step=0 id=0xeacc blk=0xeacc10 ctl=0x0
[RNG] init=0 step=99 id=0xeacc boot=1 calls=93 xerr=0 dm=1 tb=15
[RNG] osc=41 imp=881 imprb=881 mstart=0x40 cfg=91 cfgfail=0x0 vhv=0 vpolls=0
[PRT] calls=141933 xerr=0 ler=1 lidx=0x0 perr=0 maxcnt=17 addr8=0x52
[RTY] wr=0 wmax=0 wref=0  rd=0 rmax=0 rref=0
[RNG] frames=35455 last=39 min=12 max=159 nrdy=0 dxfer=0 dstat=0 lst=0 nrdyerr=0 dclr=0
[DRV] init=0 id=7 mode=0x1 lib=0x2 seq=0x1 odc=0x8b sts=0xe0 armed=1
[TRG] pulses=377 suppressed=135 cyc=1600 rst=1 rstmode=0x40
[HLT] polls=709 faults=0x0 cfglost=0
[EFF] n=5 last=58555 min=58548 max=58555 late=0 stuck=0 rderr=0
[IMU] init=0 addr=0x68 who=0x68 rst=1 pmrb0=0x40 pmrb=0x1 sr=19 cfg=4 gcfg=0x0 acfg=0x8 icfg=0x30 ien=0x1 armed=1
[ACC] reads=35455 stale=35409 rderr=2 ax=54 ay=-22 az=1120
[PWR] pm=0x1 drift=1 rderr=0
[DWT] ok=1 cyc=4163927326 cyc_per_ms=799999
[HB] up_ms=784862 frames=35503 inf=35503 hazard=513 canary_err=0 q=0 qovr=0
[I2C] init=0 gate=0 whoami=0x140e0 wr=0 wrseen=0x27 addr=0x5a ok=217164 err=2 tmo=0 recov=3 pclk1=200000000 sysclk=400000000
[NAK] nacks=2
[CLK] cpu=800000000 sysb=400000000 pclk1=200000000
[TOF] res=0 step=0 id=0xeacc blk=0xeacc10 ctl=0x0
[RNG] init=0 step=99 id=0xeacc boot=1 calls=93 xerr=0 dm=1 tb=15
[RNG] osc=41 imp=881 imprb=881 mstart=0x40 cfg=91 cfgfail=0x0 vhv=0 vpolls=0
[PRT] calls=142133 xerr=0 ler=1 lidx=0x0 perr=0 maxcnt=17 addr8=0x52
[RTY] wr=0 wmax=0 wref=0  rd=0 rmax=0 rref=0
[RNG] frames=35505 last=25 min=12 max=159 nrdy=0 dxfer=0 dstat=0 lst=0 nrdyerr=0 dclr=0
[DRV] init=0 id=7 mode=0x1 lib=0x2 seq=0x1 odc=0x8b sts=0xe0 armed=1
[TRG] pulses=378 suppressed=135 cyc=1600 rst=1 rstmode=0x40
[HLT] polls=710 faults=0x0 cfglost=0
[EFF] n=5 last=58555 min=58548 max=58555 late=0 stuck=0 rderr=0
[IMU] init=0 addr=0x68 who=0x68 rst=1 pmrb0=0x40 pmrb=0x1 sr=19 cfg=4 gcfg=0x0 acfg=0x8 icfg=0x30 ien=0x1 armed=1
[ACC] reads=35505 stale=35459 rderr=2 ax=53 ay=-22 az=1123
[PWR] pm=0x1 drift=1 rderr=0
[DWT] ok=1 cyc=750559986 cyc_per_ms=799999
[HB] up_ms=785964 frames=35553 inf=35553 hazard=513 canary_err=0 q=0 qovr=0
[I2C] init=0 gate=0 whoami=0x140e0 wr=0 wrseen=0x27 addr=0x5a ok=217466 err=2 tmo=0 recov=3 pclk1=200000000 sysclk=400000000
[NAK] nacks=2
[CLK] cpu=800000000 sysb=400000000 pclk1=200000000
[TOF] res=0 step=0 id=0xeacc blk=0xeacc10 ctl=0x0
[RNG] init=0 step=99 id=0xeacc boot=1 calls=93 xerr=0 dm=1 tb=15
[RNG] osc=41 imp=881 imprb=881 mstart=0x40 cfg=91 cfgfail=0x0 vhv=0 vpolls=0
[PRT] calls=142333 xerr=0 ler=1 lidx=0x0 perr=0 maxcnt=17 addr8=0x52
[RTY] wr=0 wmax=0 wref=0  rd=0 rmax=0 rref=0
[RNG] frames=35555 last=35 min=12 max=159 nrdy=0 dxfer=0 dstat=0 lst=0 nrdyerr=0 dclr=0
[DRV] init=0 id=7 mode=0x1 lib=0x2 seq=0x1 odc=0x8b sts=0xe0 armed=1
[TRG] pulses=378 suppressed=135 cyc=1600 rst=1 rstmode=0x40
[HLT] polls=711 faults=0x0 cfglost=0
[EFF] n=5 last=58555 min=58548 max=58555 late=0 stuck=0 rderr=0
[IMU] init=0 addr=0x68 who=0x68 rst=1 pmrb0=0x40 pmrb=0x1 sr=19 cfg=4 gcfg=0x0 acfg=0x8 icfg=0x30 ien=0x1 armed=1
[ACC] reads=35555 stale=35509 rderr=2 ax=55 ay=-18 az=1122
[PWR] pm=0x1 drift=1 rderr=0
[DWT] ok=1 cyc=1632160146 cyc_per_ms=800000
[HB] up_ms=787066 frames=35603 inf=35603 hazard=513 canary_err=0 q=0 qovr=0
[I2C] init=0 gate=0 whoami=0x140e0 wr=0 wrseen=0x27 addr=0x5a ok=217768 err=2 tmo=0 recov=3 pclk1=200000000 sysclk=400000000
[NAK] nacks=2
[CLK] cpu=800000000 sysb=400000000 pclk1=200000000
[TOF] res=0 step=0 id=0xeacc blk=0xeacc10 ctl=0x0
[RNG] init=0 step=99 id=0xeacc boot=1 calls=93 xerr=0 dm=1 tb=15
[RNG] osc=41 imp=881 imprb=881 mstart=0x40 cfg=91 cfgfail=0x0 vhv=0 vpolls=0
[PRT] calls=142532 xerr=0 ler=1 lidx=0x0 perr=0 maxcnt=17 addr8=0x52
[RTY] wr=0 wmax=0 wref=0  rd=0 rmax=0 rref=0
[RNG] frames=35605 last=36 min=12 max=159 nrdy=0 dxfer=0 dstat=0 lst=0 nrdyerr=0 dclr=0
[DRV] init=0 id=7 mode=0x1 lib=0x2 seq=0x1 odc=0x8b sts=0xe0 armed=1
[TRG] pulses=378 suppressed=135 cyc=1600 rst=1 rstmode=0x40
[HLT] polls=712 faults=0x0 cfglost=0
[EFF] n=5 last=58555 min=58548 max=58555 late=0 stuck=0 rderr=0
[IMU] init=0 addr=0x68 who=0x68 rst=1 pmrb0=0x40 pmrb=0x1 sr=19 cfg=4 gcfg=0x0 acfg=0x8 icfg=0x30 ien=0x1 armed=1
[ACC] reads=35605 stale=35559 rderr=2 ax=55 ay=-21 az=1124
[PWR] pm=0x1 drift=1 rderr=0
[DWT] ok=1 cyc=2513760070 cyc_per_ms=799999
[HB] up_ms=788168 frames=35653 inf=35653 hazard=513 canary_err=0 q=0 qovr=0
[I2C] init=0 gate=0 whoami=0x140e0 wr=0 wrseen=0x27 addr=0x5a ok=218070 err=2 tmo=0 recov=3 pclk1=200000000 sysclk=400000000
[NAK] nacks=2
[CLK] cpu=800000000 sysb=400000000 pclk1=200000000
[TOF] res=0 step=0 id=0xeacc blk=0xeacc10 ctl=0x0
[RNG] init=0 step=99 id=0xeacc boot=1 calls=93 xerr=0 dm=1 tb=15
[RNG] osc=41 imp=881 imprb=881 mstart=0x40 cfg=91 cfgfail=0x0 vhv=0 vpolls=0
[PRT] calls=142729 xerr=0 ler=1 lidx=0x0 perr=0 maxcnt=17 addr8=0x52
[RTY] wr=0 wmax=0 wref=0  rd=0 rmax=0 rref=0
[RNG] frames=35655 last=42 min=12 max=159 nrdy=0 dxfer=0 dstat=0 lst=0 nrdyerr=0 dclr=0
[DRV] init=0 id=7 mode=0x1 lib=0x2 seq=0x1 odc=0x8b sts=0xe0 armed=1
[TRG] pulses=378 suppressed=135 cyc=1600 rst=1 rstmode=0x40
[HLT] polls=713 faults=0x0 cfglost=0
[EFF] n=5 last=58555 min=58548 max=58555 late=0 stuck=0 rderr=0
[IMU] init=0 addr=0x68 who=0x68 rst=1 pmrb0=0x40 pmrb=0x1 sr=19 cfg=4 gcfg=0x0 acfg=0x8 icfg=0x30 ien=0x1 armed=1
[ACC] reads=35654 stale=35609 rderr=2 ax=54 ay=-19 az=1123
[PWR] pm=0x1 drift=1 rderr=0
[DWT] ok=1 cyc=3395360066 cyc_per_ms=799999
[HB] up_ms=789270 frames=35702 inf=35702 hazard=514 canary_err=0 q=0 qovr=0
[I2C] init=0 gate=0 whoami=0x140e0 wr=0 wrseen=0x27 addr=0x5a ok=218372 err=2 tmo=0 recov=3 pclk1=200000000 sysclk=400000000
[NAK] nacks=2
[CLK] cpu=800000000 sysb=400000000 pclk1=200000000
[TOF] res=0 step=0 id=0xeacc blk=0xeacc10 ctl=0x0
[RNG] init=0 step=99 id=0xeacc boot=1 calls=93 xerr=0 dm=1 tb=15
[RNG] osc=41 imp=881 imprb=881 mstart=0x40 cfg=91 cfgfail=0x0 vhv=0 vpolls=0
[PRT] calls=142929 xerr=0 ler=1 lidx=0x0 perr=0 maxcnt=17 addr8=0x52
[RTY] wr=0 wmax=0 wref=0  rd=0 rmax=0 rref=0
[RNG] frames=35705 last=30 min=12 max=159 nrdy=0 dxfer=0 dstat=0 lst=0 nrdyerr=0 dclr=0
[DRV] init=0 id=7 mode=0x1 lib=0x2 seq=0x1 odc=0x8b sts=0xe0 armed=1
[TRG] pulses=379 suppressed=135 cyc=1600 rst=1 rstmode=0x40
[HLT] polls=714 faults=0x0 cfglost=0
[EFF] n=5 last=58555 min=58548 max=58555 late=0 stuck=0 rderr=0
[IMU] init=0 addr=0x68 who=0x68 rst=1 pmrb0=0x40 pmrb=0x1 sr=19 cfg=4 gcfg=0x0 acfg=0x8 icfg=0x30 ien=0x1 armed=1
[ACC] reads=35704 stale=35658 rderr=2 ax=54 ay=-19 az=1126
[PWR] pm=0x1 drift=1 rderr=0
[DWT] ok=1 cyc=4277001352 cyc_per_ms=800037
[HB] up_ms=790372 frames=35752 inf=35752 hazard=514 canary_err=0 q=0 qovr=0
[I2C] init=0 gate=0 whoami=0x140e0 wr=0 wrseen=0x27 addr=0x5a ok=218674 err=2 tmo=0 recov=3 pclk1=200000000 sysclk=400000000
[NAK] nacks=2
[CLK] cpu=800000000 sysb=400000000 pclk1=200000000
[TOF] res=0 step=0 id=0xeacc blk=0xeacc10 ctl=0x0
[RNG] init=0 step=99 id=0xeacc boot=1 calls=93 xerr=0 dm=1 tb=15
[RNG] osc=41 imp=881 imprb=881 mstart=0x40 cfg=91 cfgfail=0x0 vhv=0 vpolls=0
[PRT] calls=143129 xerr=0 ler=1 lidx=0x0 perr=0 maxcnt=17 addr8=0x52
[RTY] wr=0 wmax=0 wref=0  rd=0 rmax=0 rref=0
[RNG] frames=35755 last=32 min=12 max=159 nrdy=0 dxfer=0 dstat=0 lst=0 nrdyerr=0 dclr=0
[DRV] init=0 id=7 mode=0x1 lib=0x2 seq=0x1 odc=0x8b sts=0xe0 armed=1
[TRG] pulses=379 suppressed=135 cyc=1600 rst=1 rstmode=0x40
[HLT] polls=715 faults=0x0 cfglost=0
[EFF] n=5 last=58555 min=58548 max=58555 late=0 stuck=0 rderr=0
[IMU] init=0 addr=0x68 who=0x68 rst=1 pmrb0=0x40 pmrb=0x1 sr=19 cfg=4 gcfg=0x0 acfg=0x8 icfg=0x30 ien=0x1 armed=1
[ACC] reads=35754 stale=35708 rderr=2 ax=56 ay=-19 az=1123
[PWR] pm=0x1 drift=1 rderr=0
[DWT] ok=1 cyc=863730212 cyc_per_ms=800087
[HB] up_ms=791474 frames=35802 inf=35802 hazard=514 canary_err=0 q=0 qovr=0
[I2C] init=0 gate=0 whoami=0x140e0 wr=0 wrseen=0x27 addr=0x5a ok=218976 err=2 tmo=0 recov=3 pclk1=200000000 sysclk=400000000
[NAK] nacks=2
[CLK] cpu=800000000 sysb=400000000 pclk1=200000000
[TOF] res=0 step=0 id=0xeacc blk=0xeacc10 ctl=0x0
[RNG] init=0 step=99 id=0xeacc boot=1 calls=93 xerr=0 dm=1 tb=15
[RNG] osc=41 imp=881 imprb=881 mstart=0x40 cfg=91 cfgfail=0x0 vhv=0 vpolls=0
[PRT] calls=143329 xerr=0 ler=1 lidx=0x0 perr=0 maxcnt=17 addr8=0x52
[RTY] wr=0 wmax=0 wref=0  rd=0 rmax=0 rref=0
[RNG] frames=35804 last=34 min=12 max=159 nrdy=0 dxfer=0 dstat=0 lst=0 nrdyerr=0 dclr=0
[DRV] init=0 id=7 mode=0x1 lib=0x2 seq=0x1 odc=0x8b sts=0xe0 armed=1
[TRG] pulses=379 suppressed=135 cyc=1600 rst=1 rstmode=0x40
[HLT] polls=716 faults=0x0 cfglost=0
[EFF] n=5 last=58555 min=58548 max=58555 late=0 stuck=0 rderr=0
[IMU] init=0 addr=0x68 who=0x68 rst=1 pmrb0=0x40 pmrb=0x1 sr=19 cfg=4 gcfg=0x0 acfg=0x8 icfg=0x30 ien=0x1 armed=1
[ACC] reads=35804 stale=35758 rderr=2 ax=57 ay=-21 az=1122
[PWR] pm=0x1 drift=1 rderr=0
[DWT] ok=1 cyc=1745305896 cyc_per_ms=799977
[HB] up_ms=792577 frames=35852 inf=35852 hazard=515 canary_err=0 q=0 qovr=0
[I2C] init=0 gate=0 whoami=0x140e0 wr=0 wrseen=0x27 addr=0x5a ok=219274 err=2 tmo=0 recov=3 pclk1=200000000 sysclk=400000000
[NAK] nacks=2
[CLK] cpu=800000000 sysb=400000000 pclk1=200000000
[TOF] res=0 step=0 id=0xeacc blk=0xeacc10 ctl=0x0
[RNG] init=0 step=99 id=0xeacc boot=1 calls=93 xerr=0 dm=1 tb=15
[RNG] osc=41 imp=881 imprb=881 mstart=0x40 cfg=91 cfgfail=0x0 vhv=0 vpolls=0
[PRT] calls=143529 xerr=0 ler=1 lidx=0x0 perr=0 maxcnt=17 addr8=0x52
[RTY] wr=0 wmax=0 wref=0  rd=0 rmax=0 rref=0
[RNG] frames=35854 last=42 min=12 max=159 nrdy=0 dxfer=0 dstat=0 lst=0 nrdyerr=0 dclr=0
[DRV] init=0 id=7 mode=0x1 lib=0x2 seq=0x1 odc=0x8b sts=0xe0 armed=1
[TRG] pulses=380 suppressed=135 cyc=1600 rst=1 rstmode=0x40
[HLT] polls=717 faults=0x0 cfglost=0
[EFF] n=5 last=58555 min=58548 max=58555 late=0 stuck=0 rderr=0
[IMU] init=0 addr=0x68 who=0x68 rst=1 pmrb0=0x40 pmrb=0x1 sr=19 cfg=4 gcfg=0x0 acfg=0x8 icfg=0x30 ien=0x1 armed=1
[ACC] reads=35854 stale=35807 rderr=2 ax=57 ay=-22 az=1122
[PWR] pm=0x1 drift=1 rderr=0
[DWT] ok=1 cyc=2627592698 cyc_per_ms=799897
[HB] up_ms=793680 frames=35902 inf=35902 hazard=515 canary_err=0 q=0 qovr=0
[I2C] init=0 gate=0 whoami=0x140e0 wr=0 wrseen=0x27 addr=0x5a ok=219574 err=2 tmo=0 recov=3 pclk1=200000000 sysclk=400000000
[NAK] nacks=2
[CLK] cpu=800000000 sysb=400000000 pclk1=200000000
[TOF] res=0 step=0 id=0xeacc blk=0xeacc10 ctl=0x0
[RNG] init=0 step=99 id=0xeacc boot=1 calls=93 xerr=0 dm=1 tb=15
[RNG] osc=41 imp=881 imprb=881 mstart=0x40 cfg=91 cfgfail=0x0 vhv=0 vpolls=0
[PRT] calls=143729 xerr=0 ler=1 lidx=0x0 perr=0 maxcnt=17 addr8=0x52
[RTY] wr=0 wmax=0 wref=0  rd=0 rmax=0 rref=0
[RNG] frames=35904 last=41 min=12 max=159 nrdy=0 dxfer=0 dstat=0 lst=0 nrdyerr=0 dclr=0
[DRV] init=0 id=7 mode=0x1 lib=0x2 seq=0x1 odc=0x8b sts=0xe0 armed=1
[TRG] pulses=380 suppressed=135 cyc=1600 rst=1 rstmode=0x40
[HLT] polls=718 faults=0x0 cfglost=0
[EFF] n=5 last=58555 min=58548 max=58555 late=0 stuck=0 rderr=0
[IMU] init=0 addr=0x68 who=0x68 rst=1 pmrb0=0x40 pmrb=0x1 sr=19 cfg=4 gcfg=0x0 acfg=0x8 icfg=0x30 ien=0x1 armed=1
[ACC] reads=35904 stale=35857 rderr=2 ax=56 ay=-21 az=1122
[PWR] pm=0x1 drift=1 rderr=0
[DWT] ok=1 cyc=3509992786 cyc_per_ms=800000
[HB] up_ms=794783 frames=35952 inf=35952 hazard=515 canary_err=0 q=0 qovr=0
[I2C] init=0 gate=0 whoami=0x140e0 wr=0 wrseen=0x27 addr=0x5a ok=219876 err=2 tmo=0 recov=3 pclk1=200000000 sysclk=400000000
[NAK] nacks=2
[CLK] cpu=800000000 sysb=400000000 pclk1=200000000
[TOF] res=0 step=0 id=0xeacc blk=0xeacc10 ctl=0x0
[RNG] init=0 step=99 id=0xeacc boot=1 calls=93 xerr=0 dm=1 tb=15
[RNG] osc=41 imp=881 imprb=881 mstart=0x40 cfg=91 cfgfail=0x0 vhv=0 vpolls=0
[PRT] calls=143929 xerr=0 ler=1 lidx=0x0 perr=0 maxcnt=17 addr8=0x52
[RTY] wr=0 wmax=0 wref=0  rd=0 rmax=0 rref=0
[RNG] frames=35954 last=43 min=12 max=159 nrdy=0 dxfer=0 dstat=0 lst=0 nrdyerr=0 dclr=0
[DRV] init=0 id=7 mode=0x1 lib=0x2 seq=0x1 odc=0x8b sts=0xe0 armed=1
[TRG] pulses=380 suppressed=135 cyc=1600 rst=1 rstmode=0x40
[HLT] polls=719 faults=0x0 cfglost=0
[EFF] n=5 last=58555 min=58548 max=58555 late=0 stuck=0 rderr=0
[IMU] init=0 addr=0x68 who=0x68 rst=1 pmrb0=0x40 pmrb=0x1 sr=19 cfg=4 gcfg=0x0 acfg=0x8 icfg=0x30 ien=0x1 armed=1
[ACC] reads=35954 stale=35907 rderr=2 ax=53 ay=-22 az=1124
[PWR] pm=0x1 drift=1 rderr=0
[DWT] ok=1 cyc=97425482 cyc_per_ms=799999
[HB] up_ms=795885 frames=36002 inf=36002 hazard=516 canary_err=0 q=0 qovr=0
[I2C] init=0 gate=0 whoami=0x140e0 wr=0 wrseen=0x27 addr=0x5a ok=220178 err=2 tmo=0 recov=3 pclk1=200000000 sysclk=400000000
[NAK] nacks=2
[CLK] cpu=800000000 sysb=400000000 pclk1=200000000
[TOF] res=0 step=0 id=0xeacc blk=0xeacc10 ctl=0x0
[RNG] init=0 step=99 id=0xeacc boot=1 calls=93 xerr=0 dm=1 tb=15
[RNG] osc=41 imp=881 imprb=881 mstart=0x40 cfg=91 cfgfail=0x0 vhv=0 vpolls=0
[PRT] calls=144129 xerr=0 ler=1 lidx=0x0 perr=0 maxcnt=17 addr8=0x52
[RTY] wr=0 wmax=0 wref=0  rd=0 rmax=0 rref=0
[RNG] frames=36004 last=42 min=12 max=159 nrdy=0 dxfer=0 dstat=0 lst=0 nrdyerr=0 dclr=0
[DRV] init=0 id=7 mode=0x1 lib=0x2 seq=0x1 odc=0x8b sts=0xe0 armed=1
[TRG] pulses=381 suppressed=135 cyc=1600 rst=1 rstmode=0x40
[HLT] polls=720 faults=0x0 cfglost=0
[EFF] n=5 last=58555 min=58548 max=58555 late=0 stuck=0 rderr=0
[IMU] init=0 addr=0x68 who=0x68 rst=1 pmrb0=0x40 pmrb=0x1 sr=19 cfg=4 gcfg=0x0 acfg=0x8 icfg=0x30 ien=0x1 armed=1
[ACC] reads=36004 stale=35957 rderr=2 ax=55 ay=-20 az=1124
[PWR] pm=0x1 drift=1 rderr=0
[DWT] ok=1 cyc=979025554 cyc_per_ms=800000
[HB] up_ms=796987 frames=36052 inf=36052 hazard=517 canary_err=0 q=0 qovr=0
[I2C] init=0 gate=0 whoami=0x140e0 wr=0 wrseen=0x27 addr=0x5a ok=220480 err=2 tmo=0 recov=3 pclk1=200000000 sysclk=400000000
[NAK] nacks=2
[CLK] cpu=800000000 sysb=400000000 pclk1=200000000
[TOF] res=0 step=0 id=0xeacc blk=0xeacc10 ctl=0x0
[RNG] init=0 step=99 id=0xeacc boot=1 calls=93 xerr=0 dm=1 tb=15
[RNG] osc=41 imp=881 imprb=881 mstart=0x40 cfg=91 cfgfail=0x0 vhv=0 vpolls=0
[PRT] calls=144329 xerr=0 ler=1 lidx=0x0 perr=0 maxcnt=17 addr8=0x52
[RTY] wr=0 wmax=0 wref=0  rd=0 rmax=0 rref=0
[RNG] frames=36054 last=37 min=12 max=159 nrdy=0 dxfer=0 dstat=0 lst=0 nrdyerr=0 dclr=0
[DRV] init=0 id=7 mode=0x1 lib=0x2 seq=0x1 odc=0x8b sts=0xe0 armed=1
[TRG] pulses=382 suppressed=135 cyc=1600 rst=1 rstmode=0x40
[HLT] polls=721 faults=0x0 cfglost=0
[EFF] n=5 last=58555 min=58548 max=58555 late=0 stuck=0 rderr=0
[IMU] init=0 addr=0x68 who=0x68 rst=1 pmrb0=0x40 pmrb=0x1 sr=19 cfg=4 gcfg=0x0 acfg=0x8 icfg=0x30 ien=0x1 armed=1
[ACC] reads=36054 stale=36006 rderr=2 ax=54 ay=-21 az=1125
[PWR] pm=0x1 drift=1 rderr=0
[DWT] ok=1 cyc=1860625514 cyc_per_ms=799999
[HB] up_ms=798089 frames=36102 inf=36102 hazard=518 canary_err=0 q=0 qovr=0
[I2C] init=0 gate=0 whoami=0x140e0 wr=0 wrseen=0x27 addr=0x5a ok=220781 err=3 tmo=0 recov=3 pclk1=200000000 sysclk=400000000
[NAK] nacks=3
[CLK] cpu=800000000 sysb=400000000 pclk1=200000000
[TOF] res=0 step=0 id=0xeacc blk=0xeacc10 ctl=0x0
[RNG] init=0 step=99 id=0xeacc boot=1 calls=93 xerr=0 dm=1 tb=15
[RNG] osc=41 imp=881 imprb=881 mstart=0x40 cfg=91 cfgfail=0x0 vhv=0 vpolls=0
[PRT] calls=144529 xerr=0 ler=1 lidx=0x0 perr=0 maxcnt=17 addr8=0x52
[RTY] wr=0 wmax=0 wref=0  rd=0 rmax=0 rref=0
[RNG] frames=36104 last=35 min=12 max=159 nrdy=0 dxfer=0 dstat=0 lst=0 nrdyerr=0 dclr=0
[DRV] init=0 id=7 mode=0x1 lib=0x2 seq=0x1 odc=0x8b sts=0xe0 armed=1
[TRG] pulses=383 suppressed=135 cyc=1600 rst=1 rstmode=0x40
[HLT] polls=722 faults=0x0 cfglost=0
[EFF] n=5 last=58555 min=58548 max=58555 late=0 stuck=0 rderr=0
[IMU] init=0 addr=0x68 who=0x68 rst=1 pmrb0=0x40 pmrb=0x1 sr=19 cfg=4 gcfg=0x0 acfg=0x8 icfg=0x30 ien=0x1 armed=1
[ACC] reads=36103 stale=36056 rderr=3 ax=55 ay=-21 az=1122
[PWR] pm=0x1 drift=1 rderr=0
[DWT] ok=1 cyc=2742225414 cyc_per_ms=799999
[HB] up_ms=799191 frames=36152 inf=36152 hazard=519 canary_err=0 q=0 qovr=0
[I2C] init=0 gate=0 whoami=0x140e0 wr=0 wrseen=0x27 addr=0x5a ok=221083 err=3 tmo=0 recov=3 pclk1=200000000 sysclk=400000000
[NAK] nacks=3
[CLK] cpu=800000000 sysb=400000000 pclk1=200000000
[TOF] res=0 step=0 id=0xeacc blk=0xeacc10 ctl=0x0
[RNG] init=0 step=99 id=0xeacc boot=1 calls=93 xerr=0 dm=1 tb=15
[RNG] osc=41 imp=881 imprb=881 mstart=0x40 cfg=91 cfgfail=0x0 vhv=0 vpolls=0
[PRT] calls=144725 xerr=0 ler=1 lidx=0x0 perr=0 maxcnt=17 addr8=0x52
[RTY] wr=0 wmax=0 wref=0  rd=0 rmax=0 rref=0
[RNG] frames=36154 last=35 min=12 max=159 nrdy=0 dxfer=0 dstat=0 lst=0 nrdyerr=0 dclr=0
[DRV] init=0 id=7 mode=0x1 lib=0x2 seq=0x1 odc=0x8b sts=0xe0 armed=1
[TRG] pulses=384 suppressed=135 cyc=1600 rst=1 rstmode=0x40
[HLT] polls=723 faults=0x0 cfglost=0
[EFF] n=5 last=58555 min=58548 max=58555 late=0 stuck=0 rderr=0
[IMU] init=0 addr=0x68 who=0x68 rst=1 pmrb0=0x40 pmrb=0x1 sr=19 cfg=4 gcfg=0x0 acfg=0x8 icfg=0x30 ien=0x1 armed=1
[ACC] reads=36153 stale=36106 rderr=3 ax=57 ay=-20 az=1122
[PWR] pm=0x1 drift=1 rderr=0
[DWT] ok=1 cyc=3623825458 cyc_per_ms=800000
[HB] up_ms=800293 frames=36202 inf=36202 hazard=520 canary_err=0 q=0 qovr=0
[I2C] init=0 gate=0 whoami=0x140e0 wr=0 wrseen=0x27 addr=0x5a ok=221385 err=3 tmo=0 recov=3 pclk1=200000000 sysclk=400000000
[NAK] nacks=3
[CLK] cpu=800000000 sysb=400000000 pclk1=200000000
[TOF] res=0 step=0 id=0xeacc blk=0xeacc10 ctl=0x0
[RNG] init=0 step=99 id=0xeacc boot=1 calls=93 xerr=0 dm=1 tb=15
[RNG] osc=41 imp=881 imprb=881 mstart=0x40 cfg=91 cfgfail=0x0 vhv=0 vpolls=0
[PRT] calls=144925 xerr=0 ler=1 lidx=0x0 perr=0 maxcnt=17 addr8=0x52
[RTY] wr=0 wmax=0 wref=0  rd=0 rmax=0 rref=0
[RNG] frames=36204 last=41 min=12 max=159 nrdy=0 dxfer=0 dstat=0 lst=0 nrdyerr=0 dclr=0
[DRV] init=0 id=7 mode=0x1 lib=0x2 seq=0x1 odc=0x8b sts=0xe0 armed=1
[TRG] pulses=385 suppressed=135 cyc=1600 rst=1 rstmode=0x40
[HLT] polls=724 faults=0x0 cfglost=0
[EFF] n=5 last=58555 min=58548 max=58555 late=0 stuck=0 rderr=0
[IMU] init=0 addr=0x68 who=0x68 rst=1 pmrb0=0x40 pmrb=0x1 sr=19 cfg=4 gcfg=0x0 acfg=0x8 icfg=0x30 ien=0x1 armed=1
[ACC] reads=36202 stale=36155 rderr=3 ax=54 ay=-21 az=1121
[PWR] pm=0x1 drift=1 rderr=0
[DWT] ok=1 cyc=210458310 cyc_per_ms=800000
[HB] up_ms=801395 frames=36251 inf=36251 hazard=520 canary_err=0 q=0 qovr=0
[I2C] init=0 gate=0 whoami=0x140e0 wr=0 wrseen=0x27 addr=0x5a ok=221687 err=3 tmo=0 recov=3 pclk1=200000000 sysclk=400000000
[NAK] nacks=3
[CLK] cpu=800000000 sysb=400000000 pclk1=200000000
[TOF] res=0 step=0 id=0xeacc blk=0xeacc10 ctl=0x0
[RNG] init=0 step=99 id=0xeacc boot=1 calls=93 xerr=0 dm=1 tb=15
[RNG] osc=41 imp=881 imprb=881 mstart=0x40 cfg=91 cfgfail=0x0 vhv=0 vpolls=0
[PRT] calls=145125 xerr=0 ler=1 lidx=0x0 perr=0 maxcnt=17 addr8=0x52
[RTY] wr=0 wmax=0 wref=0  rd=0 rmax=0 rref=0
[RNG] frames=36254 last=40 min=12 max=159 nrdy=0 dxfer=0 dstat=0 lst=0 nrdyerr=0 dclr=0
[DRV] init=0 id=7 mode=0x1 lib=0x2 seq=0x1 odc=0x8b sts=0xe0 armed=1
[TRG] pulses=385 suppressed=135 cyc=1600 rst=1 rstmode=0x40
[HLT] polls=725 faults=0x0 cfglost=0
[EFF] n=5 last=58555 min=58548 max=58555 late=0 stuck=0 rderr=0
[IMU] init=0 addr=0x68 who=0x68 rst=1 pmrb0=0x40 pmrb=0x1 sr=19 cfg=4 gcfg=0x0 acfg=0x8 icfg=0x30 ien=0x1 armed=1
[ACC] reads=36252 stale=36205 rderr=3 ax=54 ay=-20 az=1121
[PWR] pm=0x1 drift=1 rderr=0
[DWT] ok=1 cyc=1092194788 cyc_per_ms=800123
[HB] up_ms=802498 frames=36301 inf=36301 hazard=520 canary_err=0 q=0 qovr=0
[I2C] init=0 gate=0 whoami=0x140e0 wr=0 wrseen=0x27 addr=0x5a ok=221989 err=3 tmo=0 recov=3 pclk1=200000000 sysclk=400000000
[NAK] nacks=3
[CLK] cpu=800000000 sysb=400000000 pclk1=200000000
[TOF] res=0 step=0 id=0xeacc blk=0xeacc10 ctl=0x0
[RNG] init=0 step=99 id=0xeacc boot=1 calls=93 xerr=0 dm=1 tb=15
[RNG] osc=41 imp=881 imprb=881 mstart=0x40 cfg=91 cfgfail=0x0 vhv=0 vpolls=0
[PRT] calls=145325 xerr=0 ler=1 lidx=0x0 perr=0 maxcnt=17 addr8=0x52
[RTY] wr=0 wmax=0 wref=0  rd=0 rmax=0 rref=0
[RNG] frames=36304 last=33 min=12 max=159 nrdy=0 dxfer=0 dstat=0 lst=0 nrdyerr=0 dclr=0
[DRV] init=0 id=7 mode=0x1 lib=0x2 seq=0x1 odc=0x8b sts=0xe0 armed=1
[TRG] pulses=385 suppressed=135 cyc=1600 rst=1 rstmode=0x40
[HLT] polls=726 faults=0x0 cfglost=0
[EFF] n=5 last=58555 min=58548 max=58555 late=0 stuck=0 rderr=0
[IMU] init=0 addr=0x68 who=0x68 rst=1 pmrb0=0x40 pmrb=0x1 sr=19 cfg=4 gcfg=0x0 acfg=0x8 icfg=0x30 ien=0x1 armed=1
[ACC] reads=36302 stale=36255 rderr=3 ax=54 ay=-21 az=1124
[PWR] pm=0x1 drift=1 rderr=0
[DWT] ok=1 cyc=1974595496 cyc_per_ms=800000
[HB] up_ms=803601 frames=36351 inf=36351 hazard=521 canary_err=0 q=0 qovr=0
[I2C] init=0 gate=0 whoami=0x140e0 wr=0 wrseen=0x27 addr=0x5a ok=222291 err=3 tmo=0 recov=3 pclk1=200000000 sysclk=400000000
[NAK] nacks=3
[CLK] cpu=800000000 sysb=400000000 pclk1=200000000
[TOF] res=0 step=0 id=0xeacc blk=0xeacc10 ctl=0x0
[RNG] init=0 step=99 id=0xeacc boot=1 calls=93 xerr=0 dm=1 tb=15
[RNG] osc=41 imp=881 imprb=881 mstart=0x40 cfg=91 cfgfail=0x0 vhv=0 vpolls=0
[PRT] calls=145525 xerr=0 ler=1 lidx=0x0 perr=0 maxcnt=17 addr8=0x52
[RTY] wr=0 wmax=0 wref=0  rd=0 rmax=0 rref=0
[RNG] frames=36353 last=38 min=12 max=159 nrdy=0 dxfer=0 dstat=0 lst=0 nrdyerr=0 dclr=0
[DRV] init=0 id=7 mode=0x1 lib=0x2 seq=0x1 odc=0x8b sts=0xe0 armed=1
[TRG] pulses=386 suppressed=135 cyc=1600 rst=1 rstmode=0x40
[HLT] polls=727 faults=0x0 cfglost=0
[EFF] n=5 last=58555 min=58548 max=58555 late=0 stuck=0 rderr=0
[IMU] init=0 addr=0x68 who=0x68 rst=1 pmrb0=0x40 pmrb=0x1 sr=19 cfg=4 gcfg=0x0 acfg=0x8 icfg=0x30 ien=0x1 armed=1
[ACC] reads=36352 stale=36305 rderr=3 ax=55 ay=-21 az=1126
[PWR] pm=0x1 drift=1 rderr=0
[DWT] ok=1 cyc=2856971220 cyc_per_ms=799977
[HB] up_ms=804704 frames=36401 inf=36401 hazard=522 canary_err=0 q=0 qovr=0
[I2C] init=0 gate=0 whoami=0x140e0 wr=0 wrseen=0x27 addr=0x5a ok=222589 err=3 tmo=0 recov=3 pclk1=200000000 sysclk=400000000
[NAK] nacks=3
[CLK] cpu=800000000 sysb=400000000 pclk1=200000000
[TOF] res=0 step=0 id=0xeacc blk=0xeacc10 ctl=0x0
[RNG] init=0 step=99 id=0xeacc boot=1 calls=93 xerr=0 dm=1 tb=15
[RNG] osc=41 imp=881 imprb=881 mstart=0x40 cfg=91 cfgfail=0x0 vhv=0 vpolls=0
[PRT] calls=145725 xerr=0 ler=1 lidx=0x0 perr=0 maxcnt=17 addr8=0x52
[RTY] wr=0 wmax=0 wref=0  rd=0 rmax=0 rref=0
[RNG] frames=36403 last=49 min=12 max=159 nrdy=0 dxfer=0 dstat=0 lst=0 nrdyerr=0 dclr=0
[DRV] init=0 id=7 mode=0x1 lib=0x2 seq=0x1 odc=0x8b sts=0xe0 armed=1
[TRG] pulses=387 suppressed=135 cyc=1600 rst=1 rstmode=0x40
[HLT] polls=728 faults=0x0 cfglost=0
[EFF] n=5 last=58555 min=58548 max=58555 late=0 stuck=0 rderr=0
[IMU] init=0 addr=0x68 who=0x68 rst=1 pmrb0=0x40 pmrb=0x1 sr=19 cfg=4 gcfg=0x0 acfg=0x8 icfg=0x30 ien=0x1 armed=1
[ACC] reads=36402 stale=36354 rderr=3 ax=55 ay=-20 az=1125
[PWR] pm=0x1 drift=1 rderr=0
[DWT] ok=1 cyc=3739258162 cyc_per_ms=799897
[HB] up_ms=805807 frames=36451 inf=36451 hazard=522 canary_err=0 q=0 qovr=0
[I2C] init=0 gate=0 whoami=0x140e0 wr=0 wrseen=0x27 addr=0x5a ok=222889 err=3 tmo=0 recov=3 pclk1=200000000 sysclk=400000000
[NAK] nacks=3
[CLK] cpu=800000000 sysb=400000000 pclk1=200000000
[TOF] res=0 step=0 id=0xeacc blk=0xeacc10 ctl=0x0
[RNG] init=0 step=99 id=0xeacc boot=1 calls=93 xerr=0 dm=1 tb=15
[RNG] osc=41 imp=881 imprb=881 mstart=0x40 cfg=91 cfgfail=0x0 vhv=0 vpolls=0
[PRT] calls=145925 xerr=0 ler=1 lidx=0x0 perr=0 maxcnt=17 addr8=0x52
[RTY] wr=0 wmax=0 wref=0  rd=0 rmax=0 rref=0
[RNG] frames=36453 last=37 min=12 max=159 nrdy=0 dxfer=0 dstat=0 lst=0 nrdyerr=0 dclr=0
[DRV] init=0 id=7 mode=0x1 lib=0x2 seq=0x1 odc=0x8b sts=0xe0 armed=1
[TRG] pulses=387 suppressed=135 cyc=1600 rst=1 rstmode=0x40
[HLT] polls=729 faults=0x0 cfglost=0
[EFF] n=5 last=58555 min=58548 max=58555 late=0 stuck=0 rderr=0
[IMU] init=0 addr=0x68 who=0x68 rst=1 pmrb0=0x40 pmrb=0x1 sr=19 cfg=4 gcfg=0x0 acfg=0x8 icfg=0x30 ien=0x1 armed=1
[ACC] reads=36452 stale=36404 rderr=3 ax=54 ay=-20 az=1124
[PWR] pm=0x1 drift=1 rderr=0
[DWT] ok=1 cyc=326690886 cyc_per_ms=800000
[HB] up_ms=806909 frames=36501 inf=36501 hazard=523 canary_err=0 q=0 qovr=0
[I2C] init=0 gate=0 whoami=0x140e0 wr=0 wrseen=0x27 addr=0x5a ok=223191 err=3 tmo=0 recov=3 pclk1=200000000 sysclk=400000000
[NAK] nacks=3
[CLK] cpu=800000000 sysb=400000000 pclk1=200000000
[TOF] res=0 step=0 id=0xeacc blk=0xeacc10 ctl=0x0
[RNG] init=0 step=99 id=0xeacc boot=1 calls=93 xerr=0 dm=1 tb=15
[RNG] osc=41 imp=881 imprb=881 mstart=0x40 cfg=91 cfgfail=0x0 vhv=0 vpolls=0
[PRT] calls=146125 xerr=0 ler=1 lidx=0x0 perr=0 maxcnt=17 addr8=0x52
[RTY] wr=0 wmax=0 wref=0  rd=0 rmax=0 rref=0
[RNG] frames=36503 last=28 min=12 max=159 nrdy=0 dxfer=0 dstat=0 lst=0 nrdyerr=0 dclr=0
[DRV] init=0 id=7 mode=0x1 lib=0x2 seq=0x1 odc=0x8b sts=0xe0 armed=1
[TRG] pulses=388 suppressed=135 cyc=1600 rst=1 rstmode=0x40
[HLT] polls=730 faults=0x0 cfglost=0
[EFF] n=5 last=58555 min=58548 max=58555 late=0 stuck=0 rderr=0
[IMU] init=0 addr=0x68 who=0x68 rst=1 pmrb0=0x40 pmrb=0x1 sr=19 cfg=4 gcfg=0x0 acfg=0x8 icfg=0x30 ien=0x1 armed=1
[ACC] reads=36502 stale=36454 rderr=3 ax=55 ay=-20 az=1125
[PWR] pm=0x1 drift=1 rderr=0
[DWT] ok=1 cyc=1208290846 cyc_per_ms=799999
[HB] up_ms=808011 frames=36551 inf=36551 hazard=523 canary_err=0 q=0 qovr=0
[I2C] init=0 gate=0 whoami=0x140e0 wr=0 wrseen=0x27 addr=0x5a ok=223493 err=3 tmo=0 recov=3 pclk1=200000000 sysclk=400000000
[NAK] nacks=3
[CLK] cpu=800000000 sysb=400000000 pclk1=200000000
[TOF] res=0 step=0 id=0xeacc blk=0xeacc10 ctl=0x0
[RNG] init=0 step=99 id=0xeacc boot=1 calls=93 xerr=0 dm=1 tb=15
[RNG] osc=41 imp=881 imprb=881 mstart=0x40 cfg=91 cfgfail=0x0 vhv=0 vpolls=0
[PRT] calls=146325 xerr=0 ler=1 lidx=0x0 perr=0 maxcnt=17 addr8=0x52
[RTY] wr=0 wmax=0 wref=0  rd=0 rmax=0 rref=0
[RNG] frames=36553 last=36 min=12 max=159 nrdy=0 dxfer=0 dstat=0 lst=0 nrdyerr=0 dclr=0
[DRV] init=0 id=7 mode=0x1 lib=0x2 seq=0x1 odc=0x8b sts=0xe0 armed=1
[TRG] pulses=388 suppressed=135 cyc=1600 rst=1 rstmode=0x40
[HLT] polls=731 faults=0x0 cfglost=0
[EFF] n=5 last=58555 min=58548 max=58555 late=0 stuck=0 rderr=0
[IMU] init=0 addr=0x68 who=0x68 rst=1 pmrb0=0x40 pmrb=0x1 sr=19 cfg=4 gcfg=0x0 acfg=0x8 icfg=0x30 ien=0x1 armed=1
[ACC] reads=36552 stale=36504 rderr=3 ax=52 ay=-21 az=1124
[PWR] pm=0x1 drift=1 rderr=0
[DWT] ok=1 cyc=2089890878 cyc_per_ms=800000
[HB] up_ms=809113 frames=36601 inf=36601 hazard=523 canary_err=0 q=0 qovr=0
[I2C] init=0 gate=0 whoami=0x140e0 wr=0 wrseen=0x27 addr=0x5a ok=223795 err=3 tmo=0 recov=3 pclk1=200000000 sysclk=400000000
[NAK] nacks=3
[CLK] cpu=800000000 sysb=400000000 pclk1=200000000
[TOF] res=0 step=0 id=0xeacc blk=0xeacc10 ctl=0x0
[RNG] init=0 step=99 id=0xeacc boot=1 calls=93 xerr=0 dm=1 tb=15
[RNG] osc=41 imp=881 imprb=881 mstart=0x40 cfg=91 cfgfail=0x0 vhv=0 vpolls=0
[PRT] calls=146525 xerr=0 ler=1 lidx=0x0 perr=0 maxcnt=17 addr8=0x52
[RTY] wr=0 wmax=0 wref=0  rd=0 rmax=0 rref=0
[RNG] frames=36603 last=42 min=12 max=159 nrdy=0 dxfer=0 dstat=0 lst=0 nrdyerr=0 dclr=0
[DRV] init=0 id=7 mode=0x1 lib=0x2 seq=0x1 odc=0x8b sts=0xe0 armed=1
[TRG] pulses=388 suppressed=135 cyc=1600 rst=1 rstmode=0x40
[HLT] polls=732 faults=0x0 cfglost=0
[EFF] n=5 last=58555 min=58548 max=58555 late=0 stuck=0 rderr=0
[IMU] init=0 addr=0x68 who=0x68 rst=1 pmrb0=0x40 pmrb=0x1 sr=19 cfg=4 gcfg=0x0 acfg=0x8 icfg=0x30 ien=0x1 armed=1
[ACC] reads=36602 stale=36553 rderr=3 ax=56 ay=-19 az=1121
[PWR] pm=0x1 drift=1 rderr=0
[DWT] ok=1 cyc=2971490930 cyc_per_ms=800000
[HB] up_ms=810215 frames=36651 inf=36651 hazard=523 canary_err=0 q=0 qovr=0
[I2C] init=0 gate=0 whoami=0x140e0 wr=0 wrseen=0x27 addr=0x5a ok=224097 err=3 tmo=0 recov=3 pclk1=200000000 sysclk=400000000
[NAK] nacks=3
[CLK] cpu=800000000 sysb=400000000 pclk1=200000000
[TOF] res=0 step=0 id=0xeacc blk=0xeacc10 ctl=0x0
[RNG] init=0 step=99 id=0xeacc boot=1 calls=93 xerr=0 dm=1 tb=15
[RNG] osc=41 imp=881 imprb=881 mstart=0x40 cfg=91 cfgfail=0x0 vhv=0 vpolls=0
[PRT] calls=146724 xerr=0 ler=1 lidx=0x0 perr=0 maxcnt=17 addr8=0x52
[RTY] wr=0 wmax=0 wref=0  rd=0 rmax=0 rref=0
[RNG] frames=36653 last=39 min=12 max=159 nrdy=0 dxfer=0 dstat=0 lst=0 nrdyerr=0 dclr=0
[DRV] init=0 id=7 mode=0x1 lib=0x2 seq=0x1 odc=0x8b sts=0xe0 armed=1
[TRG] pulses=388 suppressed=135 cyc=1600 rst=1 rstmode=0x40
[HLT] polls=733 faults=0x0 cfglost=0
[EFF] n=5 last=58555 min=58548 max=58555 late=0 stuck=0 rderr=0
[IMU] init=0 addr=0x68 who=0x68 rst=1 pmrb0=0x40 pmrb=0x1 sr=19 cfg=4 gcfg=0x0 acfg=0x8 icfg=0x30 ien=0x1 armed=1
[ACC] reads=36652 stale=36603 rderr=3 ax=53 ay=-21 az=1124
[PWR] pm=0x1 drift=1 rderr=0
[DWT] ok=1 cyc=3853090894 cyc_per_ms=799999
[HB] up_ms=811317 frames=36701 inf=36701 hazard=523 canary_err=0 q=0 qovr=0
[I2C] init=0 gate=0 whoami=0x140e0 wr=0 wrseen=0x27 addr=0x5a ok=224399 err=3 tmo=0 recov=3 pclk1=200000000 sysclk=400000000
[NAK] nacks=3
[CLK] cpu=800000000 sysb=400000000 pclk1=200000000
[TOF] res=0 step=0 id=0xeacc blk=0xeacc10 ctl=0x0
[RNG] init=0 step=99 id=0xeacc boot=1 calls=93 xerr=0 dm=1 tb=15
[RNG] osc=41 imp=881 imprb=881 mstart=0x40 cfg=91 cfgfail=0x0 vhv=0 vpolls=0
[PRT] calls=146921 xerr=0 ler=1 lidx=0x0 perr=0 maxcnt=17 addr8=0x52
[RTY] wr=0 wmax=0 wref=0  rd=0 rmax=0 rref=0
[RNG] frames=36703 last=45 min=12 max=159 nrdy=0 dxfer=0 dstat=0 lst=0 nrdyerr=0 dclr=0
[DRV] init=0 id=7 mode=0x1 lib=0x2 seq=0x1 odc=0x8b sts=0xe0 armed=1
[TRG] pulses=388 suppressed=135 cyc=1600 rst=1 rstmode=0x40
[HLT] polls=734 faults=0x0 cfglost=0
[EFF] n=5 last=58555 min=58548 max=58555 late=0 stuck=0 rderr=0
[IMU] init=0 addr=0x68 who=0x68 rst=1 pmrb0=0x40 pmrb=0x1 sr=19 cfg=4 gcfg=0x0 acfg=0x8 icfg=0x30 ien=0x1 armed=1
[ACC] reads=36701 stale=36653 rderr=3 ax=53 ay=-21 az=1123
[PWR] pm=0x1 drift=1 rderr=0
[DWT] ok=1 cyc=439723598 cyc_per_ms=800000
[HB] up_ms=812419 frames=36750 inf=36750 hazard=524 canary_err=0 q=0 qovr=0
[I2C] init=0 gate=0 whoami=0x140e0 wr=0 wrseen=0x27 addr=0x5a ok=224701 err=3 tmo=0 recov=3 pclk1=200000000 sysclk=400000000
[NAK] nacks=3
[CLK] cpu=800000000 sysb=400000000 pclk1=200000000
[TOF] res=0 step=0 id=0xeacc blk=0xeacc10 ctl=0x0
[RNG] init=0 step=99 id=0xeacc boot=1 calls=93 xerr=0 dm=1 tb=15
[RNG] osc=41 imp=881 imprb=881 mstart=0x40 cfg=91 cfgfail=0x0 vhv=0 vpolls=0
[PRT] calls=147121 xerr=0 ler=1 lidx=0x0 perr=0 maxcnt=17 addr8=0x52
[RTY] wr=0 wmax=0 wref=0  rd=0 rmax=0 rref=0
[RNG] frames=36753 last=33 min=12 max=159 nrdy=0 dxfer=0 dstat=0 lst=0 nrdyerr=0 dclr=0
[DRV] init=0 id=7 mode=0x1 lib=0x2 seq=0x1 odc=0x8b sts=0xe0 armed=1
[TRG] pulses=389 suppressed=135 cyc=1600 rst=1 rstmode=0x40
[HLT] polls=735 faults=0x0 cfglost=0
[EFF] n=5 last=58555 min=58548 max=58555 late=0 stuck=0 rderr=0
[IMU] init=0 addr=0x68 who=0x68 rst=1 pmrb0=0x40 pmrb=0x1 sr=19 cfg=4 gcfg=0x0 acfg=0x8 icfg=0x30 ien=0x1 armed=1
[ACC] reads=36751 stale=36702 rderr=3 ax=56 ay=-20 az=1126
[PWR] pm=0x1 drift=1 rderr=0
[DWT] ok=1 cyc=1321364860 cyc_per_ms=800037
[HB] up_ms=813521 frames=36800 inf=36800 hazard=526 canary_err=0 q=0 qovr=0
[I2C] init=0 gate=0 whoami=0x140e0 wr=0 wrseen=0x27 addr=0x5a ok=225003 err=3 tmo=0 recov=3 pclk1=200000000 sysclk=400000000
[NAK] nacks=3
[CLK] cpu=800000000 sysb=400000000 pclk1=200000000
[TOF] res=0 step=0 id=0xeacc blk=0xeacc10 ctl=0x0
[RNG] init=0 step=99 id=0xeacc boot=1 calls=93 xerr=0 dm=1 tb=15
[RNG] osc=41 imp=881 imprb=881 mstart=0x40 cfg=91 cfgfail=0x0 vhv=0 vpolls=0
[PRT] calls=147321 xerr=0 ler=1 lidx=0x0 perr=0 maxcnt=17 addr8=0x52
[RTY] wr=0 wmax=0 wref=0  rd=0 rmax=0 rref=0
[RNG] frames=36803 last=31 min=12 max=159 nrdy=0 dxfer=0 dstat=0 lst=0 nrdyerr=0 dclr=0
[DRV] init=0 id=7 mode=0x1 lib=0x2 seq=0x1 odc=0x8b sts=0xe0 armed=1
[TRG] pulses=390 suppressed=136 cyc=1600 rst=1 rstmode=0x40
[HLT] polls=736 faults=0x0 cfglost=0
[EFF] n=5 last=58555 min=58548 max=58555 late=0 stuck=0 rderr=0
[IMU] init=0 addr=0x68 who=0x68 rst=1 pmrb0=0x40 pmrb=0x1 sr=19 cfg=4 gcfg=0x0 acfg=0x8 icfg=0x30 ien=0x1 armed=1
[ACC] reads=36801 stale=36752 rderr=3 ax=55 ay=-18 az=1126
[PWR] pm=0x1 drift=1 rderr=0
[DWT] ok=1 cyc=2203061040 cyc_per_ms=800087
[HB] up_ms=814624 frames=36850 inf=36850 hazard=526 canary_err=0 q=0 qovr=0
[I2C] init=0 gate=0 whoami=0x140e0 wr=0 wrseen=0x27 addr=0x5a ok=225305 err=3 tmo=0 recov=3 pclk1=200000000 sysclk=400000000
[NAK] nacks=3
[CLK] cpu=800000000 sysb=400000000 pclk1=200000000
[TOF] res=0 step=0 id=0xeacc blk=0xeacc10 ctl=0x0
[RNG] init=0 step=99 id=0xeacc boot=1 calls=93 xerr=0 dm=1 tb=15
[RNG] osc=41 imp=881 imprb=881 mstart=0x40 cfg=91 cfgfail=0x0 vhv=0 vpolls=0
[PRT] calls=147521 xerr=0 ler=1 lidx=0x0 perr=0 maxcnt=17 addr8=0x52
[RTY] wr=0 wmax=0 wref=0  rd=0 rmax=0 rref=0
[RNG] frames=36853 last=38 min=12 max=159 nrdy=0 dxfer=0 dstat=0 lst=0 nrdyerr=0 dclr=0
[DRV] init=0 id=7 mode=0x1 lib=0x2 seq=0x1 odc=0x8b sts=0xe0 armed=1
[TRG] pulses=390 suppressed=136 cyc=1600 rst=1 rstmode=0x40
[HLT] polls=737 faults=0x0 cfglost=0
[EFF] n=5 last=58555 min=58548 max=58555 late=0 stuck=0 rderr=0
[IMU] init=0 addr=0x68 who=0x68 rst=1 pmrb0=0x40 pmrb=0x1 sr=19 cfg=4 gcfg=0x0 acfg=0x8 icfg=0x30 ien=0x1 armed=1
[ACC] reads=36851 stale=36802 rderr=3 ax=55 ay=-19 az=1122
[PWR] pm=0x1 drift=1 rderr=0
[DWT] ok=1 cyc=3085460932 cyc_per_ms=799999
[HB] up_ms=815727 frames=36900 inf=36900 hazard=527 canary_err=0 q=0 qovr=0
[I2C] init=0 gate=0 whoami=0x140e0 wr=0 wrseen=0x27 addr=0x5a ok=225606 err=3 tmo=0 recov=3 pclk1=200000000 sysclk=400000000
[NAK] nacks=3
[CLK] cpu=800000000 sysb=400000000 pclk1=200000000
[TOF] res=0 step=0 id=0xeacc blk=0xeacc10 ctl=0x0
[RNG] init=0 step=99 id=0xeacc boot=1 calls=93 xerr=0 dm=1 tb=15
[RNG] osc=41 imp=881 imprb=881 mstart=0x40 cfg=91 cfgfail=0x0 vhv=0 vpolls=0
[PRT] calls=147721 xerr=0 ler=1 lidx=0x0 perr=0 maxcnt=17 addr8=0x52
[RTY] wr=0 wmax=0 wref=0  rd=0 rmax=0 rref=0
[RNG] frames=36902 last=39 min=12 max=159 nrdy=0 dxfer=0 dstat=0 lst=0 nrdyerr=0 dclr=0
[DRV] init=0 id=7 mode=0x1 lib=0x2 seq=0x1 odc=0x8b sts=0xe0 armed=1
[TRG] pulses=391 suppressed=136 cyc=1600 rst=1 rstmode=0x40
[HLT] polls=738 faults=0x0 cfglost=0
[EFF] n=5 last=58555 min=58548 max=58555 late=0 stuck=0 rderr=0
[IMU] init=0 addr=0x68 who=0x68 rst=1 pmrb0=0x40 pmrb=0x1 sr=19 cfg=4 gcfg=0x0 acfg=0x8 icfg=0x30 ien=0x1 armed=1
[ACC] reads=36901 stale=36852 rderr=3 ax=56 ay=-19 az=1124
[PWR] pm=0x1 drift=1 rderr=0
[DWT] ok=1 cyc=3967772820 cyc_per_ms=799920
[HB] up_ms=816830 frames=36950 inf=36950 hazard=527 canary_err=0 q=0 qovr=0
[I2C] init=0 gate=0 whoami=0x140e0 wr=0 wrseen=0x27 addr=0x5a ok=225903 err=3 tmo=0 recov=3 pclk1=200000000 sysclk=400000000
[NAK] nacks=3
[CLK] cpu=800000000 sysb=400000000 pclk1=200000000
[TOF] res=0 step=0 id=0xeacc blk=0xeacc10 ctl=0x0
[RNG] init=0 step=99 id=0xeacc boot=1 calls=93 xerr=0 dm=1 tb=15
[RNG] osc=41 imp=881 imprb=881 mstart=0x40 cfg=91 cfgfail=0x0 vhv=0 vpolls=0
[PRT] calls=147921 xerr=0 ler=1 lidx=0x0 perr=0 maxcnt=17 addr8=0x52
[RTY] wr=0 wmax=0 wref=0  rd=0 rmax=0 rref=0
[RNG] frames=36952 last=35 min=12 max=159 nrdy=0 dxfer=0 dstat=0 lst=0 nrdyerr=0 dclr=0
[DRV] init=0 id=7 mode=0x1 lib=0x2 seq=0x1 odc=0x8b sts=0xe0 armed=1
[TRG] pulses=391 suppressed=136 cyc=1600 rst=1 rstmode=0x40
[HLT] polls=739 faults=0x0 cfglost=0
[EFF] n=5 last=58555 min=58548 max=58555 late=0 stuck=0 rderr=0
[IMU] init=0 addr=0x68 who=0x68 rst=1 pmrb0=0x40 pmrb=0x1 sr=19 cfg=4 gcfg=0x0 acfg=0x8 icfg=0x30 ien=0x1 armed=1
[ACC] reads=36951 stale=36901 rderr=3 ax=56 ay=-21 az=1124
[PWR] pm=0x1 drift=1 rderr=0
[DWT] ok=1 cyc=555197908 cyc_per_ms=799993
[HB] up_ms=817932 frames=37000 inf=37000 hazard=527 canary_err=0 q=0 qovr=0
[I2C] init=0 gate=0 whoami=0x140e0 wr=0 wrseen=0x27 addr=0x5a ok=226205 err=3 tmo=0 recov=4 pclk1=200000000 sysclk=400000000
[NAK] nacks=3
[CLK] cpu=800000000 sysb=400000000 pclk1=200000000
[TOF] res=0 step=0 id=0xeacc blk=0xeacc10 ctl=0x0
[RNG] init=0 step=99 id=0xeacc boot=1 calls=93 xerr=0 dm=1 tb=15
[RNG] osc=41 imp=881 imprb=881 mstart=0x40 cfg=91 cfgfail=0x0 vhv=0 vpolls=0
[PRT] calls=148121 xerr=0 ler=1 lidx=0x0 perr=0 maxcnt=17 addr8=0x52
[RTY] wr=0 wmax=0 wref=0  rd=0 rmax=0 rref=0
[RNG] frames=37002 last=42 min=12 max=159 nrdy=0 dxfer=0 dstat=0 lst=0 nrdyerr=0 dclr=0
[DRV] init=0 id=7 mode=0x1 lib=0x2 seq=0x1 odc=0x8b sts=0xe0 armed=1
[TRG] pulses=391 suppressed=136 cyc=1600 rst=1 rstmode=0x40
[HLT] polls=740 faults=0x0 cfglost=0
[EFF] n=5 last=58555 min=58548 max=58555 late=0 stuck=0 rderr=0
[IMU] init=0 addr=0x68 who=0x68 rst=1 pmrb0=0x40 pmrb=0x1 sr=19 cfg=4 gcfg=0x0 acfg=0x8 icfg=0x30 ien=0x1 armed=1
[ACC] reads=37001 stale=36951 rderr=3 ax=56 ay=-21 az=1123
[PWR] pm=0x1 drift=1 rderr=0
[DWT] ok=1 cyc=1436756390 cyc_per_ms=799962
[HB] up_ms=819034 frames=37050 inf=37050 hazard=527 canary_err=0 q=0 qovr=0
[I2C] init=0 gate=0 whoami=0x140e0 wr=0 wrseen=0x27 addr=0x5a ok=226507 err=3 tmo=0 recov=4 pclk1=200000000 sysclk=400000000
[NAK] nacks=3
[CLK] cpu=800000000 sysb=400000000 pclk1=200000000
[TOF] res=0 step=0 id=0xeacc blk=0xeacc10 ctl=0x0
[RNG] init=0 step=99 id=0xeacc boot=1 calls=93 xerr=0 dm=1 tb=15
[RNG] osc=41 imp=881 imprb=881 mstart=0x40 cfg=91 cfgfail=0x0 vhv=0 vpolls=0
[PRT] calls=148320 xerr=0 ler=1 lidx=0x0 perr=0 maxcnt=17 addr8=0x52
[RTY] wr=0 wmax=0 wref=0  rd=0 rmax=0 rref=0
[RNG] frames=37052 last=43 min=12 max=159 nrdy=0 dxfer=0 dstat=0 lst=0 nrdyerr=0 dclr=0
[DRV] init=0 id=7 mode=0x1 lib=0x2 seq=0x1 odc=0x8b sts=0xe0 armed=1
[TRG] pulses=391 suppressed=136 cyc=1600 rst=1 rstmode=0x40
[HLT] polls=741 faults=0x0 cfglost=0
[EFF] n=5 last=58555 min=58548 max=58555 late=0 stuck=0 rderr=0
[IMU] init=0 addr=0x68 who=0x68 rst=1 pmrb0=0x40 pmrb=0x1 sr=19 cfg=4 gcfg=0x0 acfg=0x8 icfg=0x30 ien=0x1 armed=1
[ACC] reads=37051 stale=37001 rderr=3 ax=56 ay=-21 az=1123
[PWR] pm=0x1 drift=1 rderr=0
[DWT] ok=1 cyc=2318356290 cyc_per_ms=799999
[HB] up_ms=820136 frames=37100 inf=37100 hazard=528 canary_err=0 q=0 qovr=0
[I2C] init=0 gate=0 whoami=0x140e0 wr=0 wrseen=0x27 addr=0x5a ok=226809 err=3 tmo=0 recov=4 pclk1=200000000 sysclk=400000000
[NAK] nacks=3
[CLK] cpu=800000000 sysb=400000000 pclk1=200000000
[TOF] res=0 step=0 id=0xeacc blk=0xeacc10 ctl=0x0
[RNG] init=0 step=99 id=0xeacc boot=1 calls=93 xerr=0 dm=1 tb=15
[RNG] osc=41 imp=881 imprb=881 mstart=0x40 cfg=91 cfgfail=0x0 vhv=0 vpolls=0
[PRT] calls=148517 xerr=0 ler=1 lidx=0x0 perr=0 maxcnt=17 addr8=0x52
[RTY] wr=0 wmax=0 wref=0  rd=0 rmax=0 rref=0
[RNG] frames=37102 last=39 min=12 max=159 nrdy=0 dxfer=0 dstat=0 lst=0 nrdyerr=0 dclr=0
[DRV] init=0 id=7 mode=0x1 lib=0x2 seq=0x1 odc=0x8b sts=0xe0 armed=1
[TRG] pulses=392 suppressed=136 cyc=1600 rst=1 rstmode=0x40
[HLT] polls=742 faults=0x0 cfglost=0
[EFF] n=5 last=58555 min=58548 max=58555 late=0 stuck=0 rderr=0
[IMU] init=0 addr=0x68 who=0x68 rst=1 pmrb0=0x40 pmrb=0x1 sr=19 cfg=4 gcfg=0x0 acfg=0x8 icfg=0x30 ien=0x1 armed=1
[ACC] reads=37100 stale=37051 rderr=3 ax=53 ay=-18 az=1124
[PWR] pm=0x1 drift=1 rderr=0
[DWT] ok=1 cyc=3199956194 cyc_per_ms=799999
[HB] up_ms=821238 frames=37149 inf=37149 hazard=529 canary_err=0 q=0 qovr=0
[I2C] init=0 gate=0 whoami=0x140e0 wr=0 wrseen=0x27 addr=0x5a ok=227111 err=3 tmo=0 recov=4 pclk1=200000000 sysclk=400000000
[NAK] nacks=3
[CLK] cpu=800000000 sysb=400000000 pclk1=200000000
[TOF] res=0 step=0 id=0xeacc blk=0xeacc10 ctl=0x0
[RNG] init=0 step=99 id=0xeacc boot=1 calls=93 xerr=0 dm=1 tb=15
[RNG] osc=41 imp=881 imprb=881 mstart=0x40 cfg=91 cfgfail=0x0 vhv=0 vpolls=0
[PRT] calls=148717 xerr=0 ler=1 lidx=0x0 perr=0 maxcnt=17 addr8=0x52
[RTY] wr=0 wmax=0 wref=0  rd=0 rmax=0 rref=0
[RNG] frames=37152 last=29 min=12 max=159 nrdy=0 dxfer=0 dstat=0 lst=0 nrdyerr=0 dclr=0
[DRV] init=0 id=7 mode=0x1 lib=0x2 seq=0x1 odc=0x8b sts=0xe0 armed=1
[TRG] pulses=393 suppressed=136 cyc=1600 rst=1 rstmode=0x40
[HLT] polls=743 faults=0x0 cfglost=0
[EFF] n=5 last=58555 min=58548 max=58555 late=0 stuck=0 rderr=0
[IMU] init=0 addr=0x68 who=0x68 rst=1 pmrb0=0x40 pmrb=0x1 sr=19 cfg=4 gcfg=0x0 acfg=0x8 icfg=0x30 ien=0x1 armed=1
[ACC] reads=37150 stale=37100 rderr=3 ax=54 ay=-21 az=1124
[PWR] pm=0x1 drift=1 rderr=0
[DWT] ok=1 cyc=4081629852 cyc_per_ms=800066
[HB] up_ms=822341 frames=37199 inf=37199 hazard=532 canary_err=0 q=0 qovr=0
[I2C] init=0 gate=0 whoami=0x140e0 wr=0 wrseen=0x27 addr=0x5a ok=227413 err=3 tmo=0 recov=4 pclk1=200000000 sysclk=400000000
[NAK] nacks=3
[CLK] cpu=800000000 sysb=400000000 pclk1=200000000
[TOF] res=0 step=0 id=0xeacc blk=0xeacc10 ctl=0x0
[RNG] init=0 step=99 id=0xeacc boot=1 calls=93 xerr=0 dm=1 tb=15
[RNG] osc=41 imp=881 imprb=881 mstart=0x40 cfg=91 cfgfail=0x0 vhv=0 vpolls=0
[PRT] calls=148917 xerr=0 ler=1 lidx=0x0 perr=0 maxcnt=17 addr8=0x52
[RTY] wr=0 wmax=0 wref=0  rd=0 rmax=0 rref=0
[RNG] frames=37202 last=42 min=12 max=159 nrdy=0 dxfer=0 dstat=0 lst=0 nrdyerr=0 dclr=0
[DRV] init=0 id=7 mode=0x1 lib=0x2 seq=0x1 odc=0x8b sts=0xe0 armed=1
[TRG] pulses=394 suppressed=138 cyc=1600 rst=1 rstmode=0x40
[HLT] polls=744 faults=0x0 cfglost=0
[EFF] n=5 last=58555 min=58548 max=58555 late=0 stuck=0 rderr=0
[IMU] init=0 addr=0x68 who=0x68 rst=1 pmrb0=0x40 pmrb=0x1 sr=19 cfg=4 gcfg=0x0 acfg=0x8 icfg=0x30 ien=0x1 armed=1
[ACC] reads=37200 stale=37150 rderr=3 ax=52 ay=-20 az=1125
[PWR] pm=0x1 drift=1 rderr=0
[DWT] ok=1 cyc=669158842 cyc_per_ms=800087
[HB] up_ms=823444 frames=37249 inf=37249 hazard=533 canary_err=0 q=0 qovr=0
[I2C] init=0 gate=0 whoami=0x140e0 wr=0 wrseen=0x27 addr=0x5a ok=227715 err=3 tmo=0 recov=4 pclk1=200000000 sysclk=400000000
[NAK] nacks=3
[CLK] cpu=800000000 sysb=400000000 pclk1=200000000
[TOF] res=0 step=0 id=0xeacc blk=0xeacc10 ctl=0x0
[RNG] init=0 step=99 id=0xeacc boot=1 calls=93 xerr=0 dm=1 tb=15
[RNG] osc=41 imp=881 imprb=881 mstart=0x40 cfg=91 cfgfail=0x0 vhv=0 vpolls=0
[PRT] calls=149117 xerr=0 ler=1 lidx=0x0 perr=0 maxcnt=17 addr8=0x52
[RTY] wr=0 wmax=0 wref=0  rd=0 rmax=0 rref=0
[RNG] frames=37252 last=32 min=12 max=159 nrdy=0 dxfer=0 dstat=0 lst=0 nrdyerr=0 dclr=0
[DRV] init=0 id=7 mode=0x1 lib=0x2 seq=0x1 odc=0x8b sts=0xe0 armed=1
[TRG] pulses=395 suppressed=138 cyc=1600 rst=1 rstmode=0x40
[HLT] polls=745 faults=0x0 cfglost=0
[EFF] n=5 last=58555 min=58548 max=58555 late=0 stuck=0 rderr=0
[IMU] init=0 addr=0x68 who=0x68 rst=1 pmrb0=0x40 pmrb=0x1 sr=19 cfg=4 gcfg=0x0 acfg=0x8 icfg=0x30 ien=0x1 armed=1
[ACC] reads=37250 stale=37200 rderr=3 ax=52 ay=-19 az=1125
[PWR] pm=0x1 drift=1 rderr=0
[DWT] ok=1 cyc=1551558720 cyc_per_ms=799999
[HB] up_ms=824547 frames=37299 inf=37299 hazard=535 canary_err=0 q=0 qovr=0
[I2C] init=0 gate=0 whoami=0x140e0 wr=0 wrseen=0x27 addr=0x5a ok=228014 err=3 tmo=0 recov=4 pclk1=200000000 sysclk=400000000
[NAK] nacks=3
[CLK] cpu=800000000 sysb=400000000 pclk1=200000000
[TOF] res=0 step=0 id=0xeacc blk=0xeacc10 ctl=0x0
[RNG] init=0 step=99 id=0xeacc boot=1 calls=93 xerr=0 dm=1 tb=15
[RNG] osc=41 imp=881 imprb=881 mstart=0x40 cfg=91 cfgfail=0x0 vhv=0 vpolls=0
[PRT] calls=149317 xerr=0 ler=1 lidx=0x0 perr=0 maxcnt=17 addr8=0x52
[RTY] wr=0 wmax=0 wref=0  rd=0 rmax=0 rref=0
[RNG] frames=37301 last=42 min=12 max=159 nrdy=0 dxfer=0 dstat=0 lst=0 nrdyerr=0 dclr=0
[DRV] init=0 id=7 mode=0x1 lib=0x2 seq=0x1 odc=0x8b sts=0xe0 armed=1
[TRG] pulses=396 suppressed=139 cyc=1600 rst=1 rstmode=0x40
[HLT] polls=746 faults=0x0 cfglost=0
[EFF] n=5 last=58555 min=58548 max=58555 late=0 stuck=0 rderr=0
[IMU] init=0 addr=0x68 who=0x68 rst=1 pmrb0=0x40 pmrb=0x1 sr=19 cfg=4 gcfg=0x0 acfg=0x8 icfg=0x30 ien=0x1 armed=1
[ACC] reads=37300 stale=37250 rderr=3 ax=57 ay=-20 az=1123
[PWR] pm=0x1 drift=1 rderr=0
[DWT] ok=1 cyc=2433870604 cyc_per_ms=799920
[HB] up_ms=825650 frames=37349 inf=37349 hazard=535 canary_err=0 q=0 qovr=0
[I2C] init=0 gate=0 whoami=0x140e0 wr=0 wrseen=0x27 addr=0x5a ok=228311 err=3 tmo=0 recov=4 pclk1=200000000 sysclk=400000000
[NAK] nacks=3
[CLK] cpu=800000000 sysb=400000000 pclk1=200000000
[TOF] res=0 step=0 id=0xeacc blk=0xeacc10 ctl=0x0
[RNG] init=0 step=99 id=0xeacc boot=1 calls=93 xerr=0 dm=1 tb=15
[RNG] osc=41 imp=881 imprb=881 mstart=0x40 cfg=91 cfgfail=0x0 vhv=0 vpolls=0
[PRT] calls=149517 xerr=0 ler=1 lidx=0x0 perr=0 maxcnt=17 addr8=0x52
[RTY] wr=0 wmax=0 wref=0  rd=0 rmax=0 rref=0
[RNG] frames=37351 last=35 min=12 max=159 nrdy=0 dxfer=0 dstat=0 lst=0 nrdyerr=0 dclr=0
[DRV] init=0 id=7 mode=0x1 lib=0x2 seq=0x1 odc=0x8b sts=0xe0 armed=1
[TRG] pulses=396 suppressed=139 cyc=1600 rst=1 rstmode=0x40
[HLT] polls=747 faults=0x0 cfglost=0
[EFF] n=5 last=58555 min=58548 max=58555 late=0 stuck=0 rderr=0
[IMU] init=0 addr=0x68 who=0x68 rst=1 pmrb0=0x40 pmrb=0x1 sr=19 cfg=4 gcfg=0x0 acfg=0x8 icfg=0x30 ien=0x1 armed=1
[ACC] reads=37350 stale=37300 rderr=3 ax=56 ay=-20 az=1127
[PWR] pm=0x1 drift=1 rderr=0
[DWT] ok=1 cyc=3316222276 cyc_per_ms=799956
[HB] up_ms=826753 frames=37399 inf=37399 hazard=535 canary_err=0 q=0 qovr=0
[I2C] init=0 gate=0 whoami=0x140e0 wr=0 wrseen=0x27 addr=0x5a ok=228613 err=3 tmo=0 recov=4 pclk1=200000000 sysclk=400000000
[NAK] nacks=3
[CLK] cpu=800000000 sysb=400000000 pclk1=200000000
[TOF] res=0 step=0 id=0xeacc blk=0xeacc10 ctl=0x0
[RNG] init=0 step=99 id=0xeacc boot=1 calls=93 xerr=0 dm=1 tb=15
[RNG] osc=41 imp=881 imprb=881 mstart=0x40 cfg=91 cfgfail=0x0 vhv=0 vpolls=0
[PRT] calls=149717 xerr=0 ler=1 lidx=0x0 perr=0 maxcnt=17 addr8=0x52
[RTY] wr=0 wmax=0 wref=0  rd=0 rmax=0 rref=0
[RNG] frames=37401 last=39 min=12 max=159 nrdy=0 dxfer=0 dstat=0 lst=0 nrdyerr=0 dclr=0
[DRV] init=0 id=7 mode=0x1 lib=0x2 seq=0x1 odc=0x8b sts=0xe0 armed=1
[TRG] pulses=396 suppressed=139 cyc=1600 rst=1 rstmode=0x40
[HLT] polls=748 faults=0x0 cfglost=0
[EFF] n=5 last=58555 min=58548 max=58555 late=0 stuck=0 rderr=0
[IMU] init=0 addr=0x68 who=0x68 rst=1 pmrb0=0x40 pmrb=0x1 sr=19 cfg=4 gcfg=0x0 acfg=0x8 icfg=0x30 ien=0x1 armed=1
[ACC] reads=37400 stale=37350 rderr=3 ax=57 ay=-22 az=1122
[PWR] pm=0x1 drift=1 rderr=0
[DWT] ok=1 cyc=4198622160 cyc_per_ms=799999
[HB] up_ms=827856 frames=37449 inf=37449 hazard=535 canary_err=0 q=0 qovr=0
[I2C] init=0 gate=0 whoami=0x140e0 wr=0 wrseen=0x27 addr=0x5a ok=228915 err=3 tmo=0 recov=4 pclk1=200000000 sysclk=400000000
[NAK] nacks=3
[CLK] cpu=800000000 sysb=400000000 pclk1=200000000
[TOF] res=0 step=0 id=0xeacc blk=0xeacc10 ctl=0x0
[RNG] init=0 step=99 id=0xeacc boot=1 calls=93 xerr=0 dm=1 tb=15
[RNG] osc=41 imp=881 imprb=881 mstart=0x40 cfg=91 cfgfail=0x0 vhv=0 vpolls=0
[PRT] calls=149917 xerr=0 ler=1 lidx=0x0 perr=0 maxcnt=17 addr8=0x52
[RTY] wr=0 wmax=0 wref=0  rd=0 rmax=0 rref=0
[RNG] frames=37451 last=34 min=12 max=159 nrdy=0 dxfer=0 dstat=0 lst=0 nrdyerr=0 dclr=0
[DRV] init=0 id=7 mode=0x1 lib=0x2 seq=0x1 odc=0x8b sts=0xe0 armed=1
[TRG] pulses=396 suppressed=139 cyc=1600 rst=1 rstmode=0x40
[HLT] polls=749 faults=0x0 cfglost=0
[EFF] n=5 last=58555 min=58548 max=58555 late=0 stuck=0 rderr=0
[IMU] init=0 addr=0x68 who=0x68 rst=1 pmrb0=0x40 pmrb=0x1 sr=19 cfg=4 gcfg=0x0 acfg=0x8 icfg=0x30 ien=0x1 armed=1
[ACC] reads=37450 stale=37399 rderr=3 ax=54 ay=-17 az=1123
[PWR] pm=0x1 drift=1 rderr=0
[DWT] ok=1 cyc=786054888 cyc_per_ms=800000
[HB] up_ms=828958 frames=37499 inf=37499 hazard=535 canary_err=0 q=0 qovr=0
[I2C] init=0 gate=0 whoami=0x140e0 wr=0 wrseen=0x27 addr=0x5a ok=229217 err=3 tmo=0 recov=4 pclk1=200000000 sysclk=400000000
[NAK] nacks=3
[CLK] cpu=800000000 sysb=400000000 pclk1=200000000
[TOF] res=0 step=0 id=0xeacc blk=0xeacc10 ctl=0x0
[RNG] init=0 step=99 id=0xeacc boot=1 calls=93 xerr=0 dm=1 tb=15
[RNG] osc=41 imp=881 imprb=881 mstart=0x40 cfg=91 cfgfail=0x0 vhv=0 vpolls=0
[PRT] calls=150117 xerr=0 ler=1 lidx=0x0 perr=0 maxcnt=17 addr8=0x52
[RTY] wr=0 wmax=0 wref=0  rd=0 rmax=0 rref=0
[RNG] frames=37501 last=52 min=12 max=159 nrdy=0 dxfer=0 dstat=0 lst=0 nrdyerr=0 dclr=0
[DRV] init=0 id=7 mode=0x1 lib=0x2 seq=0x1 odc=0x8b sts=0xe0 armed=1
[TRG] pulses=396 suppressed=139 cyc=1600 rst=1 rstmode=0x40
[HLT] polls=750 faults=0x0 cfglost=0
[EFF] n=5 last=58555 min=58548 max=58555 late=0 stuck=0 rderr=0
[IMU] init=0 addr=0x68 who=0x68 rst=1 pmrb0=0x40 pmrb=0x1 sr=19 cfg=4 gcfg=0x0 acfg=0x8 icfg=0x30 ien=0x1 armed=1
[ACC] reads=37500 stale=37449 rderr=3 ax=55 ay=-19 az=1121
[PWR] pm=0x1 drift=1 rderr=0
[DWT] ok=1 cyc=1667654932 cyc_per_ms=800000
[HB] up_ms=830060 frames=37549 inf=37549 hazard=536 canary_err=0 q=0 qovr=0
[I2C] init=0 gate=0 whoami=0x140e0 wr=0 wrseen=0x27 addr=0x5a ok=229519 err=3 tmo=0 recov=4 pclk1=200000000 sysclk=400000000
[NAK] nacks=3
[CLK] cpu=800000000 sysb=400000000 pclk1=200000000
[TOF] res=0 step=0 id=0xeacc blk=0xeacc10 ctl=0x0
[RNG] init=0 step=99 id=0xeacc boot=1 calls=93 xerr=0 dm=1 tb=15
[RNG] osc=41 imp=881 imprb=881 mstart=0x40 cfg=91 cfgfail=0x0 vhv=0 vpolls=0
[PRT] calls=150317 xerr=0 ler=1 lidx=0x0 perr=0 maxcnt=17 addr8=0x52
[RTY] wr=0 wmax=0 wref=0  rd=0 rmax=0 rref=0
[RNG] frames=37551 last=38 min=12 max=159 nrdy=0 dxfer=0 dstat=0 lst=0 nrdyerr=0 dclr=0
[DRV] init=0 id=7 mode=0x1 lib=0x2 seq=0x1 odc=0x8b sts=0xe0 armed=1
[TRG] pulses=397 suppressed=139 cyc=1600 rst=1 rstmode=0x40
[HLT] polls=751 faults=0x0 cfglost=0
[EFF] n=5 last=58555 min=58548 max=58555 late=0 stuck=0 rderr=0
[IMU] init=0 addr=0x68 who=0x68 rst=1 pmrb0=0x40 pmrb=0x1 sr=19 cfg=4 gcfg=0x0 acfg=0x8 icfg=0x30 ien=0x1 armed=1
[ACC] reads=37550 stale=37499 rderr=3 ax=56 ay=-20 az=1124
[PWR] pm=0x1 drift=1 rderr=0
[DWT] ok=1 cyc=2549254932 cyc_per_ms=800000
[HB] up_ms=831162 frames=37599 inf=37599 hazard=536 canary_err=0 q=0 qovr=0
[I2C] init=0 gate=0 whoami=0x140e0 wr=0 wrseen=0x27 addr=0x5a ok=229821 err=3 tmo=0 recov=4 pclk1=200000000 sysclk=400000000
[NAK] nacks=3
[CLK] cpu=800000000 sysb=400000000 pclk1=200000000
[TOF] res=0 step=0 id=0xeacc blk=0xeacc10 ctl=0x0
[RNG] init=0 step=99 id=0xeacc boot=1 calls=93 xerr=0 dm=1 tb=15
[RNG] osc=41 imp=881 imprb=881 mstart=0x40 cfg=91 cfgfail=0x0 vhv=0 vpolls=0
[PRT] calls=150517 xerr=0 ler=1 lidx=0x0 perr=0 maxcnt=17 addr8=0x52
[RTY] wr=0 wmax=0 wref=0  rd=0 rmax=0 rref=0
[RNG] frames=37601 last=40 min=12 max=159 nrdy=0 dxfer=0 dstat=0 lst=0 nrdyerr=0 dclr=0
[DRV] init=0 id=7 mode=0x1 lib=0x2 seq=0x1 odc=0x8b sts=0xe0 armed=1
[TRG] pulses=397 suppressed=139 cyc=1600 rst=1 rstmode=0x40
[HLT] polls=752 faults=0x0 cfglost=0
[EFF] n=5 last=58555 min=58548 max=58555 late=0 stuck=0 rderr=0
[IMU] init=0 addr=0x68 who=0x68 rst=1 pmrb0=0x40 pmrb=0x1 sr=19 cfg=4 gcfg=0x0 acfg=0x8 icfg=0x30 ien=0x1 armed=1
[ACC] reads=37600 stale=37549 rderr=3 ax=56 ay=-21 az=1127
[PWR] pm=0x1 drift=1 rderr=0
[DWT] ok=1 cyc=3430854812 cyc_per_ms=799999
[HB] up_ms=832264 frames=37649 inf=37649 hazard=536 canary_err=0 q=0 qovr=0
[I2C] init=0 gate=0 whoami=0x140e0 wr=0 wrseen=0x27 addr=0x5a ok=230123 err=3 tmo=0 recov=4 pclk1=200000000 sysclk=400000000
[NAK] nacks=3
[CLK] cpu=800000000 sysb=400000000 pclk1=200000000
[TOF] res=0 step=0 id=0xeacc blk=0xeacc10 ctl=0x0
[RNG] init=0 step=99 id=0xeacc boot=1 calls=93 xerr=0 dm=1 tb=15
[RNG] osc=41 imp=881 imprb=881 mstart=0x40 cfg=91 cfgfail=0x0 vhv=0 vpolls=0
[PRT] calls=150713 xerr=0 ler=1 lidx=0x0 perr=0 maxcnt=17 addr8=0x52
[RTY] wr=0 wmax=0 wref=0  rd=0 rmax=0 rref=0
[RNG] frames=37651 last=42 min=12 max=159 nrdy=0 dxfer=0 dstat=0 lst=0 nrdyerr=0 dclr=0
[DRV] init=0 id=7 mode=0x1 lib=0x2 seq=0x1 odc=0x8b sts=0xe0 armed=1
[TRG] pulses=397 suppressed=139 cyc=1600 rst=1 rstmode=0x40
[HLT] polls=753 faults=0x0 cfglost=0
[EFF] n=5 last=58555 min=58548 max=58555 late=0 stuck=0 rderr=0
[IMU] init=0 addr=0x68 who=0x68 rst=1 pmrb0=0x40 pmrb=0x1 sr=19 cfg=4 gcfg=0x0 acfg=0x8 icfg=0x30 ien=0x1 armed=1
[ACC] reads=37650 stale=37599 rderr=3 ax=54 ay=-22 az=1122
[PWR] pm=0x1 drift=1 rderr=0
[DWT] ok=1 cyc=17487560 cyc_per_ms=800000
[HB] up_ms=833366 frames=37699 inf=37699 hazard=537 canary_err=0 q=0 qovr=0
[I2C] init=0 gate=0 whoami=0x140e0 wr=0 wrseen=0x27 addr=0x5a ok=230425 err=3 tmo=0 recov=4 pclk1=200000000 sysclk=400000000
[NAK] nacks=3
[CLK] cpu=800000000 sysb=400000000 pclk1=200000000
[TOF] res=0 step=0 id=0xeacc blk=0xeacc10 ctl=0x0
[RNG] init=0 step=99 id=0xeacc boot=1 calls=93 xerr=0 dm=1 tb=15
[RNG] osc=41 imp=881 imprb=881 mstart=0x40 cfg=91 cfgfail=0x0 vhv=0 vpolls=0
[PRT] calls=150913 xerr=0 ler=1 lidx=0x0 perr=0 maxcnt=17 addr8=0x52
[RTY] wr=0 wmax=0 wref=0  rd=0 rmax=0 rref=0
[RNG] frames=37701 last=35 min=12 max=159 nrdy=0 dxfer=0 dstat=0 lst=0 nrdyerr=0 dclr=0
[DRV] init=0 id=7 mode=0x1 lib=0x2 seq=0x1 odc=0x8b sts=0xe0 armed=1
[TRG] pulses=398 suppressed=139 cyc=1600 rst=1 rstmode=0x40
[HLT] polls=754 faults=0x0 cfglost=0
[EFF] n=5 last=58555 min=58548 max=58555 late=0 stuck=0 rderr=0
[IMU] init=0 addr=0x68 who=0x68 rst=1 pmrb0=0x40 pmrb=0x1 sr=19 cfg=4 gcfg=0x0 acfg=0x8 icfg=0x30 ien=0x1 armed=1
[ACC] reads=37699 stale=37648 rderr=3 ax=55 ay=-20 az=1123
[PWR] pm=0x1 drift=1 rderr=0
[DWT] ok=1 cyc=899087532 cyc_per_ms=799999
[HB] up_ms=834468 frames=37748 inf=37748 hazard=538 canary_err=0 q=0 qovr=0
[I2C] init=0 gate=0 whoami=0x140e0 wr=0 wrseen=0x27 addr=0x5a ok=230727 err=3 tmo=0 recov=4 pclk1=200000000 sysclk=400000000
[NAK] nacks=3
[CLK] cpu=800000000 sysb=400000000 pclk1=200000000
[TOF] res=0 step=0 id=0xeacc blk=0xeacc10 ctl=0x0
[RNG] init=0 step=99 id=0xeacc boot=1 calls=93 xerr=0 dm=1 tb=15
[RNG] osc=41 imp=881 imprb=881 mstart=0x40 cfg=91 cfgfail=0x0 vhv=0 vpolls=0
[PRT] calls=151113 xerr=0 ler=1 lidx=0x0 perr=0 maxcnt=17 addr8=0x52
[RTY] wr=0 wmax=0 wref=0  rd=0 rmax=0 rref=0
[RNG] frames=37751 last=48 min=12 max=159 nrdy=0 dxfer=0 dstat=0 lst=0 nrdyerr=0 dclr=0
[DRV] init=0 id=7 mode=0x1 lib=0x2 seq=0x1 odc=0x8b sts=0xe0 armed=1
[TRG] pulses=399 suppressed=139 cyc=1600 rst=1 rstmode=0x40
[HLT] polls=755 faults=0x0 cfglost=0
[EFF] n=5 last=58555 min=58548 max=58555 late=0 stuck=0 rderr=0
[IMU] init=0 addr=0x68 who=0x68 rst=1 pmrb0=0x40 pmrb=0x1 sr=19 cfg=4 gcfg=0x0 acfg=0x8 icfg=0x30 ien=0x1 armed=1
[ACC] reads=37749 stale=37698 rderr=3 ax=55 ay=-20 az=1124
[PWR] pm=0x1 drift=1 rderr=0
[DWT] ok=1 cyc=1780823420 cyc_per_ms=800123
[HB] up_ms=835571 frames=37798 inf=37798 hazard=538 canary_err=0 q=0 qovr=0
[I2C] init=0 gate=0 whoami=0x140e0 wr=0 wrseen=0x27 addr=0x5a ok=231029 err=3 tmo=0 recov=4 pclk1=200000000 sysclk=400000000
[NAK] nacks=3
[CLK] cpu=800000000 sysb=400000000 pclk1=200000000
[TOF] res=0 step=0 id=0xeacc blk=0xeacc10 ctl=0x0
[RNG] init=0 step=99 id=0xeacc boot=1 calls=93 xerr=0 dm=1 tb=15
[RNG] osc=41 imp=881 imprb=881 mstart=0x40 cfg=91 cfgfail=0x0 vhv=0 vpolls=0
[PRT] calls=151313 xerr=0 ler=1 lidx=0x0 perr=0 maxcnt=17 addr8=0x52
[RTY] wr=0 wmax=0 wref=0  rd=0 rmax=0 rref=0
[RNG] frames=37801 last=39 min=12 max=159 nrdy=0 dxfer=0 dstat=0 lst=0 nrdyerr=0 dclr=0
[DRV] init=0 id=7 mode=0x1 lib=0x2 seq=0x1 odc=0x8b sts=0xe0 armed=1
[TRG] pulses=399 suppressed=139 cyc=1600 rst=1 rstmode=0x40
[HLT] polls=756 faults=0x0 cfglost=0
[EFF] n=5 last=58555 min=58548 max=58555 late=0 stuck=0 rderr=0
[IMU] init=0 addr=0x68 who=0x68 rst=1 pmrb0=0x40 pmrb=0x1 sr=19 cfg=4 gcfg=0x0 acfg=0x8 icfg=0x30 ien=0x1 armed=1
[ACC] reads=37799 stale=37748 rderr=3 ax=57 ay=-20 az=1121
[PWR] pm=0x1 drift=1 rderr=0
[DWT] ok=1 cyc=2663224282 cyc_per_ms=800000
[HB] up_ms=836674 frames=37848 inf=37848 hazard=538 canary_err=0 q=0 qovr=0
[I2C] init=0 gate=0 whoami=0x140e0 wr=0 wrseen=0x27 addr=0x5a ok=231331 err=3 tmo=0 recov=4 pclk1=200000000 sysclk=400000000
[NAK] nacks=3
[CLK] cpu=800000000 sysb=400000000 pclk1=200000000
[TOF] res=0 step=0 id=0xeacc blk=0xeacc10 ctl=0x0
[RNG] init=0 step=99 id=0xeacc boot=1 calls=93 xerr=0 dm=1 tb=15
[RNG] osc=41 imp=881 imprb=881 mstart=0x40 cfg=91 cfgfail=0x0 vhv=0 vpolls=0
[PRT] calls=151513 xerr=0 ler=1 lidx=0x0 perr=0 maxcnt=17 addr8=0x52
[RTY] wr=0 wmax=0 wref=0  rd=0 rmax=0 rref=0
[RNG] frames=37850 last=45 min=12 max=159 nrdy=0 dxfer=0 dstat=0 lst=0 nrdyerr=0 dclr=0
[DRV] init=0 id=7 mode=0x1 lib=0x2 seq=0x1 odc=0x8b sts=0xe0 armed=1
[TRG] pulses=399 suppressed=139 cyc=1600 rst=1 rstmode=0x40
[HLT] polls=757 faults=0x0 cfglost=0
[EFF] n=5 last=58555 min=58548 max=58555 late=0 stuck=0 rderr=0
[IMU] init=0 addr=0x68 who=0x68 rst=1 pmrb0=0x40 pmrb=0x1 sr=19 cfg=4 gcfg=0x0 acfg=0x8 icfg=0x30 ien=0x1 armed=1
[ACC] reads=37849 stale=37798 rderr=3 ax=55 ay=-23 az=1123
[PWR] pm=0x1 drift=1 rderr=0
[DWT] ok=1 cyc=3545599912 cyc_per_ms=799977
[HB] up_ms=837777 frames=37898 inf=37898 hazard=538 canary_err=0 q=0 qovr=0
[I2C] init=0 gate=0 whoami=0x140e0 wr=0 wrseen=0x27 addr=0x5a ok=231629 err=3 tmo=0 recov=4 pclk1=200000000 sysclk=400000000
[NAK] nacks=3
[CLK] cpu=800000000 sysb=400000000 pclk1=200000000
[TOF] res=0 step=0 id=0xeacc blk=0xeacc10 ctl=0x0
[RNG] init=0 step=99 id=0xeacc boot=1 calls=93 xerr=0 dm=1 tb=15
[RNG] osc=41 imp=881 imprb=881 mstart=0x40 cfg=91 cfgfail=0x0 vhv=0 vpolls=0
[PRT] calls=151713 xerr=0 ler=1 lidx=0x0 perr=0 maxcnt=17 addr8=0x52
[RTY] wr=0 wmax=0 wref=0  rd=0 rmax=0 rref=0
[RNG] frames=37900 last=45 min=12 max=159 nrdy=0 dxfer=0 dstat=0 lst=0 nrdyerr=0 dclr=0
[DRV] init=0 id=7 mode=0x1 lib=0x2 seq=0x1 odc=0x8b sts=0xe0 armed=1
[TRG] pulses=399 suppressed=139 cyc=1600 rst=1 rstmode=0x40
[HLT] polls=758 faults=0x0 cfglost=0
[EFF] n=5 last=58555 min=58548 max=58555 late=0 stuck=0 rderr=0
[IMU] init=0 addr=0x68 who=0x68 rst=1 pmrb0=0x40 pmrb=0x1 sr=19 cfg=4 gcfg=0x0 acfg=0x8 icfg=0x30 ien=0x1 armed=1
[ACC] reads=37899 stale=37847 rderr=3 ax=56 ay=-20 az=1121
[PWR] pm=0x1 drift=1 rderr=0
[DWT] ok=1 cyc=132930512 cyc_per_ms=799907
[HB] up_ms=838880 frames=37948 inf=37948 hazard=540 canary_err=0 q=0 qovr=0
[I2C] init=0 gate=0 whoami=0x140e0 wr=0 wrseen=0x27 addr=0x5a ok=231929 err=3 tmo=0 recov=4 pclk1=200000000 sysclk=400000000
[NAK] nacks=3
[CLK] cpu=800000000 sysb=400000000 pclk1=200000000
[TOF] res=0 step=0 id=0xeacc blk=0xeacc10 ctl=0x0
[RNG] init=0 step=99 id=0xeacc boot=1 calls=93 xerr=0 dm=1 tb=15
[RNG] osc=41 imp=881 imprb=881 mstart=0x40 cfg=91 cfgfail=0x0 vhv=0 vpolls=0
[PRT] calls=151913 xerr=0 ler=1 lidx=0x0 perr=0 maxcnt=17 addr8=0x52
[RTY] wr=0 wmax=0 wref=0  rd=0 rmax=0 rref=0
[RNG] frames=37950 last=36 min=12 max=159 nrdy=0 dxfer=0 dstat=0 lst=0 nrdyerr=0 dclr=0
[DRV] init=0 id=7 mode=0x1 lib=0x2 seq=0x1 odc=0x8b sts=0xe0 armed=1
[TRG] pulses=400 suppressed=140 cyc=1600 rst=1 rstmode=0x40
[HLT] polls=759 faults=0x0 cfglost=0
[EFF] n=5 last=58555 min=58548 max=58555 late=0 stuck=0 rderr=0
[IMU] init=0 addr=0x68 who=0x68 rst=1 pmrb0=0x40 pmrb=0x1 sr=19 cfg=4 gcfg=0x0 acfg=0x8 icfg=0x30 ien=0x1 armed=1
[ACC] reads=37949 stale=37897 rderr=3 ax=56 ay=-20 az=1123
[PWR] pm=0x1 drift=1 rderr=0
[DWT] ok=1 cyc=1015320260 cyc_per_ms=799990
[HB] up_ms=839983 frames=37998 inf=37998 hazard=540 canary_err=0 q=0 qovr=0
[I2C] init=0 gate=0 whoami=0x140e0 wr=0 wrseen=0x27 addr=0x5a ok=232231 err=3 tmo=0 recov=4 pclk1=200000000 sysclk=400000000
[NAK] nacks=3
[CLK] cpu=800000000 sysb=400000000 pclk1=200000000
[TOF] res=0 step=0 id=0xeacc blk=0xeacc10 ctl=0x0
[RNG] init=0 step=99 id=0xeacc boot=1 calls=93 xerr=0 dm=1 tb=15
[RNG] osc=41 imp=881 imprb=881 mstart=0x40 cfg=91 cfgfail=0x0 vhv=0 vpolls=0
[PRT] calls=152113 xerr=0 ler=1 lidx=0x0 perr=0 maxcnt=17 addr8=0x52
[RTY] wr=0 wmax=0 wref=0  rd=0 rmax=0 rref=0
[RNG] frames=38000 last=42 min=12 max=159 nrdy=0 dxfer=0 dstat=0 lst=0 nrdyerr=0 dclr=0
[DRV] init=0 id=7 mode=0x1 lib=0x2 seq=0x1 odc=0x8b sts=0xe0 armed=1
[TRG] pulses=400 suppressed=140 cyc=1600 rst=1 rstmode=0x40
[HLT] polls=760 faults=0x0 cfglost=0
[EFF] n=5 last=58555 min=58548 max=58555 late=0 stuck=0 rderr=0
[IMU] init=0 addr=0x68 who=0x68 rst=1 pmrb0=0x40 pmrb=0x1 sr=19 cfg=4 gcfg=0x0 acfg=0x8 icfg=0x30 ien=0x1 armed=1
[ACC] reads=37999 stale=37947 rderr=3 ax=56 ay=-21 az=1120
[PWR] pm=0x1 drift=1 rderr=0
[DWT] ok=1 cyc=1897720312 cyc_per_ms=800000
[HB] up_ms=841085 frames=38048 inf=38048 hazard=540 canary_err=0 q=0 qovr=0
[I2C] init=0 gate=0 whoami=0x140e0 wr=0 wrseen=0x27 addr=0x5a ok=232533 err=3 tmo=0 recov=4 pclk1=200000000 sysclk=400000000
[NAK] nacks=3
[CLK] cpu=800000000 sysb=400000000 pclk1=200000000
[TOF] res=0 step=0 id=0xeacc blk=0xeacc10 ctl=0x0
[RNG] init=0 step=99 id=0xeacc boot=1 calls=93 xerr=0 dm=1 tb=15
[RNG] osc=41 imp=881 imprb=881 mstart=0x40 cfg=91 cfgfail=0x0 vhv=0 vpolls=0
[PRT] calls=152313 xerr=0 ler=1 lidx=0x0 perr=0 maxcnt=17 addr8=0x52
[RTY] wr=0 wmax=0 wref=0  rd=0 rmax=0 rref=0
[RNG] frames=38050 last=38 min=12 max=159 nrdy=0 dxfer=0 dstat=0 lst=0 nrdyerr=0 dclr=0
[DRV] init=0 id=7 mode=0x1 lib=0x2 seq=0x1 odc=0x8b sts=0xe0 armed=1
[TRG] pulses=400 suppressed=140 cyc=1600 rst=1 rstmode=0x40
[HLT] polls=761 faults=0x0 cfglost=0
[EFF] n=5 last=58555 min=58548 max=58555 late=0 stuck=0 rderr=0
[IMU] init=0 addr=0x68 who=0x68 rst=1 pmrb0=0x40 pmrb=0x1 sr=19 cfg=4 gcfg=0x0 acfg=0x8 icfg=0x30 ien=0x1 armed=1
[ACC] reads=38049 stale=37997 rderr=3 ax=57 ay=-22 az=1122
[PWR] pm=0x1 drift=1 rderr=0
[DWT] ok=1 cyc=2779320332 cyc_per_ms=800000
[HB] up_ms=842187 frames=38098 inf=38098 hazard=540 canary_err=0 q=0 qovr=0
[I2C] init=0 gate=0 whoami=0x140e0 wr=0 wrseen=0x27 addr=0x5a ok=232835 err=3 tmo=0 recov=4 pclk1=200000000 sysclk=400000000
[NAK] nacks=3
[CLK] cpu=800000000 sysb=400000000 pclk1=200000000
[TOF] res=0 step=0 id=0xeacc blk=0xeacc10 ctl=0x0
[RNG] init=0 step=99 id=0xeacc boot=1 calls=93 xerr=0 dm=1 tb=15
[RNG] osc=41 imp=881 imprb=881 mstart=0x40 cfg=91 cfgfail=0x0 vhv=0 vpolls=0
[PRT] calls=152513 xerr=0 ler=1 lidx=0x0 perr=0 maxcnt=17 addr8=0x52
[RTY] wr=0 wmax=0 wref=0  rd=0 rmax=0 rref=0
[RNG] frames=38100 last=44 min=12 max=159 nrdy=0 dxfer=0 dstat=0 lst=0 nrdyerr=0 dclr=0
[DRV] init=0 id=7 mode=0x1 lib=0x2 seq=0x1 odc=0x8b sts=0xe0 armed=1
[TRG] pulses=400 suppressed=140 cyc=1600 rst=1 rstmode=0x40
[HLT] polls=762 faults=0x0 cfglost=0
[EFF] n=5 last=58555 min=58548 max=58555 late=0 stuck=0 rderr=0
[IMU] init=0 addr=0x68 who=0x68 rst=1 pmrb0=0x40 pmrb=0x1 sr=19 cfg=4 gcfg=0x0 acfg=0x8 icfg=0x30 ien=0x1 armed=1
[ACC] reads=38099 stale=38047 rderr=3 ax=56 ay=-22 az=1120
[PWR] pm=0x1 drift=1 rderr=0
[DWT] ok=1 cyc=3660920400 cyc_per_ms=800000
[HB] up_ms=843289 frames=38148 inf=38148 hazard=541 canary_err=0 q=0 qovr=0
[I2C] init=0 gate=0 whoami=0x140e0 wr=0 wrseen=0x27 addr=0x5a ok=233137 err=3 tmo=0 recov=4 pclk1=200000000 sysclk=400000000
[NAK] nacks=3
[CLK] cpu=800000000 sysb=400000000 pclk1=200000000
[TOF] res=0 step=0 id=0xeacc blk=0xeacc10 ctl=0x0
[RNG] init=0 step=99 id=0xeacc boot=1 calls=93 xerr=0 dm=1 tb=15
[RNG] osc=41 imp=881 imprb=881 mstart=0x40 cfg=91 cfgfail=0x0 vhv=0 vpolls=0
[PRT] calls=152713 xerr=0 ler=1 lidx=0x0 perr=0 maxcnt=17 addr8=0x52
[RTY] wr=0 wmax=0 wref=0  rd=0 rmax=0 rref=0
[RNG] frames=38150 last=38 min=12 max=159 nrdy=0 dxfer=0 dstat=0 lst=0 nrdyerr=0 dclr=0
[DRV] init=0 id=7 mode=0x1 lib=0x2 seq=0x1 odc=0x8b sts=0xe0 armed=1
[TRG] pulses=401 suppressed=140 cyc=1600 rst=1 rstmode=0x40
[HLT] polls=763 faults=0x0 cfglost=0
[EFF] n=5 last=58555 min=58548 max=58555 late=0 stuck=0 rderr=0
[IMU] init=0 addr=0x68 who=0x68 rst=1 pmrb0=0x40 pmrb=0x1 sr=19 cfg=4 gcfg=0x0 acfg=0x8 icfg=0x30 ien=0x1 armed=1
[ACC] reads=38149 stale=38097 rderr=3 ax=55 ay=-22 az=1124
[PWR] pm=0x1 drift=1 rderr=0
[DWT] ok=1 cyc=247552936 cyc_per_ms=799999
[HB] up_ms=844391 frames=38198 inf=38198 hazard=541 canary_err=0 q=0 qovr=0
[I2C] init=0 gate=0 whoami=0x140e0 wr=0 wrseen=0x27 addr=0x5a ok=233439 err=3 tmo=0 recov=4 pclk1=200000000 sysclk=400000000
[NAK] nacks=3
[CLK] cpu=800000000 sysb=400000000 pclk1=200000000
[TOF] res=0 step=0 id=0xeacc blk=0xeacc10 ctl=0x0
[RNG] init=0 step=99 id=0xeacc boot=1 calls=93 xerr=0 dm=1 tb=15
[RNG] osc=41 imp=881 imprb=881 mstart=0x40 cfg=91 cfgfail=0x0 vhv=0 vpolls=0
[PRT] calls=152909 xerr=0 ler=1 lidx=0x0 perr=0 maxcnt=17 addr8=0x52
[RTY] wr=0 wmax=0 wref=0  rd=0 rmax=0 rref=0
[RNG] frames=38200 last=40 min=12 max=159 nrdy=0 dxfer=0 dstat=0 lst=0 nrdyerr=0 dclr=0
[DRV] init=0 id=7 mode=0x1 lib=0x2 seq=0x1 odc=0x8b sts=0xe0 armed=1
[TRG] pulses=401 suppressed=140 cyc=1600 rst=1 rstmode=0x40
[HLT] polls=764 faults=0x0 cfglost=0
[EFF] n=5 last=58555 min=58548 max=58555 late=0 stuck=0 rderr=0
[IMU] init=0 addr=0x68 who=0x68 rst=1 pmrb0=0x40 pmrb=0x1 sr=19 cfg=4 gcfg=0x0 acfg=0x8 icfg=0x30 ien=0x1 armed=1
[ACC] reads=38199 stale=38147 rderr=3 ax=56 ay=-20 az=1124
[PWR] pm=0x1 drift=1 rderr=0
[DWT] ok=1 cyc=1129152904 cyc_per_ms=799999
[HB] up_ms=845493 frames=38248 inf=38248 hazard=541 canary_err=0 q=0 qovr=0
[I2C] init=0 gate=0 whoami=0x140e0 wr=0 wrseen=0x27 addr=0x5a ok=233741 err=3 tmo=0 recov=4 pclk1=200000000 sysclk=400000000
[NAK] nacks=3
[CLK] cpu=800000000 sysb=400000000 pclk1=200000000
[TOF] res=0 step=0 id=0xeacc blk=0xeacc10 ctl=0x0
[RNG] init=0 step=99 id=0xeacc boot=1 calls=93 xerr=0 dm=1 tb=15
[RNG] osc=41 imp=881 imprb=881 mstart=0x40 cfg=91 cfgfail=0x0 vhv=0 vpolls=0
[PRT] calls=153109 xerr=0 ler=1 lidx=0x0 perr=0 maxcnt=17 addr8=0x52
[RTY] wr=0 wmax=0 wref=0  rd=0 rmax=0 rref=0
[RNG] frames=38250 last=38 min=12 max=159 nrdy=0 dxfer=0 dstat=0 lst=0 nrdyerr=0 dclr=0
[DRV] init=0 id=7 mode=0x1 lib=0x2 seq=0x1 odc=0x8b sts=0xe0 armed=1
[TRG] pulses=401 suppressed=140 cyc=1600 rst=1 rstmode=0x40
[HLT] polls=765 faults=0x0 cfglost=0
[EFF] n=5 last=58555 min=58548 max=58555 late=0 stuck=0 rderr=0
[IMU] init=0 addr=0x68 who=0x68 rst=1 pmrb0=0x40 pmrb=0x1 sr=19 cfg=4 gcfg=0x0 acfg=0x8 icfg=0x30 ien=0x1 armed=1
[ACC] reads=38248 stale=38196 rderr=3 ax=55 ay=-20 az=1126
[PWR] pm=0x1 drift=1 rderr=0
[DWT] ok=1 cyc=2010753036 cyc_per_ms=800000
[HB] up_ms=846595 frames=38297 inf=38297 hazard=541 canary_err=0 q=0 qovr=0
[I2C] init=0 gate=0 whoami=0x140e0 wr=0 wrseen=0x27 addr=0x5a ok=234043 err=3 tmo=0 recov=4 pclk1=200000000 sysclk=400000000
[NAK] nacks=3
[CLK] cpu=800000000 sysb=400000000 pclk1=200000000
[TOF] res=0 step=0 id=0xeacc blk=0xeacc10 ctl=0x0
[RNG] init=0 step=99 id=0xeacc boot=1 calls=93 xerr=0 dm=1 tb=15
[RNG] osc=41 imp=881 imprb=881 mstart=0x40 cfg=91 cfgfail=0x0 vhv=0 vpolls=0
[PRT] calls=153309 xerr=0 ler=1 lidx=0x0 perr=0 maxcnt=17 addr8=0x52
[RTY] wr=0 wmax=0 wref=0  rd=0 rmax=0 rref=0
[RNG] frames=38300 last=39 min=12 max=159 nrdy=0 dxfer=0 dstat=0 lst=0 nrdyerr=0 dclr=0
[DRV] init=0 id=7 mode=0x1 lib=0x2 seq=0x1 odc=0x8b sts=0xe0 armed=1
[TRG] pulses=401 suppressed=140 cyc=1600 rst=1 rstmode=0x40
[HLT] polls=766 faults=0x0 cfglost=0
[EFF] n=5 last=58555 min=58548 max=58555 late=0 stuck=0 rderr=0
[IMU] init=0 addr=0x68 who=0x68 rst=1 pmrb0=0x40 pmrb=0x1 sr=19 cfg=4 gcfg=0x0 acfg=0x8 icfg=0x30 ien=0x1 armed=1
[ACC] reads=38298 stale=38246 rderr=3 ax=56 ay=-20 az=1122
[PWR] pm=0x1 drift=1 rderr=0
[DWT] ok=1 cyc=2892488836 cyc_per_ms=800123
[HB] up_ms=847698 frames=38347 inf=38347 hazard=542 canary_err=0 q=0 qovr=0
[I2C] init=0 gate=0 whoami=0x140e0 wr=0 wrseen=0x27 addr=0x5a ok=234345 err=3 tmo=0 recov=4 pclk1=200000000 sysclk=400000000
[NAK] nacks=3
[CLK] cpu=800000000 sysb=400000000 pclk1=200000000
[TOF] res=0 step=0 id=0xeacc blk=0xeacc10 ctl=0x0
[RNG] init=0 step=99 id=0xeacc boot=1 calls=93 xerr=0 dm=1 tb=15
[RNG] osc=41 imp=881 imprb=881 mstart=0x40 cfg=91 cfgfail=0x0 vhv=0 vpolls=0
[PRT] calls=153509 xerr=0 ler=1 lidx=0x0 perr=0 maxcnt=17 addr8=0x52
[RTY] wr=0 wmax=0 wref=0  rd=0 rmax=0 rref=0
[RNG] frames=38350 last=46 min=12 max=159 nrdy=0 dxfer=0 dstat=0 lst=0 nrdyerr=0 dclr=0
[DRV] init=0 id=7 mode=0x1 lib=0x2 seq=0x1 odc=0x8b sts=0xe0 armed=1
[TRG] pulses=402 suppressed=140 cyc=1600 rst=1 rstmode=0x40
[HLT] polls=767 faults=0x0 cfglost=0
[EFF] n=5 last=58555 min=58548 max=58555 late=0 stuck=0 rderr=0
[IMU] init=0 addr=0x68 who=0x68 rst=1 pmrb0=0x40 pmrb=0x1 sr=19 cfg=4 gcfg=0x0 acfg=0x8 icfg=0x30 ien=0x1 armed=1
[ACC] reads=38348 stale=38296 rderr=3 ax=56 ay=-21 az=1122
[PWR] pm=0x1 drift=1 rderr=0
[DWT] ok=1 cyc=3774889588 cyc_per_ms=800000
[HB] up_ms=848801 frames=38397 inf=38397 hazard=543 canary_err=0 q=0 qovr=0
[I2C] init=0 gate=0 whoami=0x140e0 wr=0 wrseen=0x27 addr=0x5a ok=234647 err=3 tmo=0 recov=4 pclk1=200000000 sysclk=400000000
[NAK] nacks=3
[CLK] cpu=800000000 sysb=400000000 pclk1=200000000
[TOF] res=0 step=0 id=0xeacc blk=0xeacc10 ctl=0x0
[RNG] init=0 step=99 id=0xeacc boot=1 calls=93 xerr=0 dm=1 tb=15
[RNG] osc=41 imp=881 imprb=881 mstart=0x40 cfg=91 cfgfail=0x0 vhv=0 vpolls=0
[PRT] calls=153709 xerr=0 ler=1 lidx=0x0 perr=0 maxcnt=17 addr8=0x52
[RTY] wr=0 wmax=0 wref=0  rd=0 rmax=0 rref=0
[RNG] frames=38399 last=50 min=12 max=159 nrdy=0 dxfer=0 dstat=0 lst=0 nrdyerr=0 dclr=0
[DRV] init=0 id=7 mode=0x1 lib=0x2 seq=0x1 odc=0x8b sts=0xe0 armed=1
[TRG] pulses=403 suppressed=140 cyc=1600 rst=1 rstmode=0x40
[HLT] polls=768 faults=0x0 cfglost=0
[EFF] n=5 last=58555 min=58548 max=58555 late=0 stuck=0 rderr=0
[IMU] init=0 addr=0x68 who=0x68 rst=1 pmrb0=0x40 pmrb=0x1 sr=19 cfg=4 gcfg=0x0 acfg=0x8 icfg=0x30 ien=0x1 armed=1
[ACC] reads=38398 stale=38346 rderr=3 ax=53 ay=-18 az=1124
[PWR] pm=0x1 drift=1 rderr=0
[DWT] ok=1 cyc=362298016 cyc_per_ms=799977
[HB] up_ms=849904 frames=38447 inf=38447 hazard=546 canary_err=0 q=0 qovr=0
[I2C] init=0 gate=0 whoami=0x140e0 wr=0 wrseen=0x27 addr=0x5a ok=234945 err=3 tmo=0 recov=4 pclk1=200000000 sysclk=400000000
[NAK] nacks=3
[CLK] cpu=800000000 sysb=400000000 pclk1=200000000
[TOF] res=0 step=0 id=0xeacc blk=0xeacc10 ctl=0x0
[RNG] init=0 step=99 id=0xeacc boot=1 calls=93 xerr=0 dm=1 tb=15
[RNG] osc=41 imp=881 imprb=881 mstart=0x40 cfg=91 cfgfail=0x0 vhv=0 vpolls=0
[PRT] calls=153909 xerr=0 ler=1 lidx=0x0 perr=0 maxcnt=17 addr8=0x52
[RTY] wr=0 wmax=0 wref=0  rd=0 rmax=0 rref=0
[RNG] frames=38449 last=47 min=12 max=159 nrdy=0 dxfer=0 dstat=0 lst=0 nrdyerr=0 dclr=0
[DRV] init=0 id=7 mode=0x1 lib=0x2 seq=0x1 odc=0x8b sts=0xe0 armed=1
[TRG] pulses=405 suppressed=141 cyc=1600 rst=1 rstmode=0x40
[HLT] polls=769 faults=0x0 cfglost=0
[EFF] n=5 last=58555 min=58548 max=58555 late=0 stuck=0 rderr=0
[IMU] init=0 addr=0x68 who=0x68 rst=1 pmrb0=0x40 pmrb=0x1 sr=19 cfg=4 gcfg=0x0 acfg=0x8 icfg=0x30 ien=0x1 armed=1
[ACC] reads=38448 stale=38396 rderr=3 ax=60 ay=-17 az=1123
[PWR] pm=0x1 drift=1 rderr=0
[DWT] ok=1 cyc=1244595964 cyc_per_ms=799907
[HB] up_ms=851007 frames=38497 inf=38497 hazard=546 canary_err=0 q=0 qovr=0
[I2C] init=0 gate=0 whoami=0x140e0 wr=0 wrseen=0x27 addr=0x5a ok=235245 err=3 tmo=0 recov=4 pclk1=200000000 sysclk=400000000
[NAK] nacks=3
[CLK] cpu=800000000 sysb=400000000 pclk1=200000000
[TOF] res=0 step=0 id=0xeacc blk=0xeacc10 ctl=0x0
[RNG] init=0 step=99 id=0xeacc boot=1 calls=93 xerr=0 dm=1 tb=15
[RNG] osc=41 imp=881 imprb=881 mstart=0x40 cfg=91 cfgfail=0x0 vhv=0 vpolls=0
[PRT] calls=154109 xerr=0 ler=1 lidx=0x0 perr=0 maxcnt=17 addr8=0x52
[RTY] wr=0 wmax=0 wref=0  rd=0 rmax=0 rref=0
[RNG] frames=38499 last=50 min=12 max=159 nrdy=0 dxfer=0 dstat=0 lst=0 nrdyerr=0 dclr=0
[DRV] init=0 id=7 mode=0x1 lib=0x2 seq=0x1 odc=0x8b sts=0xe0 armed=1
[TRG] pulses=405 suppressed=141 cyc=1600 rst=1 rstmode=0x40
[HLT] polls=770 faults=0x0 cfglost=0
[EFF] n=5 last=58555 min=58548 max=58555 late=0 stuck=0 rderr=0
[IMU] init=0 addr=0x68 who=0x68 rst=1 pmrb0=0x40 pmrb=0x1 sr=19 cfg=4 gcfg=0x0 acfg=0x8 icfg=0x30 ien=0x1 armed=1
[ACC] reads=38498 stale=38446 rderr=3 ax=53 ay=-20 az=1121
[PWR] pm=0x1 drift=1 rderr=0
[DWT] ok=1 cyc=2126985652 cyc_per_ms=799990
[HB] up_ms=852110 frames=38547 inf=38547 hazard=547 canary_err=0 q=0 qovr=0
[I2C] init=0 gate=0 whoami=0x140e0 wr=0 wrseen=0x27 addr=0x5a ok=235547 err=3 tmo=0 recov=4 pclk1=200000000 sysclk=400000000
[NAK] nacks=3
[CLK] cpu=800000000 sysb=400000000 pclk1=200000000
[TOF] res=0 step=0 id=0xeacc blk=0xeacc10 ctl=0x0
[RNG] init=0 step=99 id=0xeacc boot=1 calls=93 xerr=0 dm=1 tb=15
[RNG] osc=41 imp=881 imprb=881 mstart=0x40 cfg=91 cfgfail=0x0 vhv=0 vpolls=0
[PRT] calls=154309 xerr=0 ler=1 lidx=0x0 perr=0 maxcnt=17 addr8=0x52
[RTY] wr=0 wmax=0 wref=0  rd=0 rmax=0 rref=0
[RNG] frames=38549 last=43 min=12 max=159 nrdy=0 dxfer=0 dstat=0 lst=0 nrdyerr=0 dclr=0
[DRV] init=0 id=7 mode=0x1 lib=0x2 seq=0x1 odc=0x8b sts=0xe0 armed=1
[TRG] pulses=406 suppressed=141 cyc=1600 rst=1 rstmode=0x40
[HLT] polls=771 faults=0x0 cfglost=0
[EFF] n=5 last=58555 min=58548 max=58555 late=0 stuck=0 rderr=0
[IMU] init=0 addr=0x68 who=0x68 rst=1 pmrb0=0x40 pmrb=0x1 sr=19 cfg=4 gcfg=0x0 acfg=0x8 icfg=0x30 ien=0x1 armed=1
[ACC] reads=38548 stale=38496 rderr=3 ax=56 ay=-22 az=1123
[PWR] pm=0x1 drift=1 rderr=0
[DWT] ok=1 cyc=3009385728 cyc_per_ms=800000
[HB] up_ms=853212 frames=38597 inf=38597 hazard=547 canary_err=0 q=0 qovr=0
[I2C] init=0 gate=0 whoami=0x140e0 wr=0 wrseen=0x27 addr=0x5a ok=235849 err=3 tmo=0 recov=4 pclk1=200000000 sysclk=400000000
[NAK] nacks=3
[CLK] cpu=800000000 sysb=400000000 pclk1=200000000
[TOF] res=0 step=0 id=0xeacc blk=0xeacc10 ctl=0x0
[RNG] init=0 step=99 id=0xeacc boot=1 calls=93 xerr=0 dm=1 tb=15
[RNG] osc=41 imp=881 imprb=881 mstart=0x40 cfg=91 cfgfail=0x0 vhv=0 vpolls=0
[PRT] calls=154509 xerr=0 ler=1 lidx=0x0 perr=0 maxcnt=17 addr8=0x52
[RTY] wr=0 wmax=0 wref=0  rd=0 rmax=0 rref=0
[RNG] frames=38599 last=28 min=12 max=159 nrdy=0 dxfer=0 dstat=0 lst=0 nrdyerr=0 dclr=0
[DRV] init=0 id=7 mode=0x1 lib=0x2 seq=0x1 odc=0x8b sts=0xe0 armed=1
[TRG] pulses=407 suppressed=141 cyc=1600 rst=1 rstmode=0x40
[HLT] polls=772 faults=0x0 cfglost=0
[EFF] n=5 last=58555 min=58548 max=58555 late=0 stuck=0 rderr=0
[IMU] init=0 addr=0x68 who=0x68 rst=1 pmrb0=0x40 pmrb=0x1 sr=19 cfg=4 gcfg=0x0 acfg=0x8 icfg=0x30 ien=0x1 armed=1
[ACC] reads=38598 stale=38546 rderr=3 ax=55 ay=-21 az=1124
[PWR] pm=0x1 drift=1 rderr=0
[DWT] ok=1 cyc=3890989160 cyc_per_ms=800003
[HB] up_ms=854314 frames=38647 inf=38647 hazard=548 canary_err=0 q=0 qovr=0
[I2C] init=0 gate=0 whoami=0x140e0 wr=0 wrseen=0x27 addr=0x5a ok=236151 err=3 tmo=0 recov=4 pclk1=200000000 sysclk=400000000
[NAK] nacks=3
[CLK] cpu=800000000 sysb=400000000 pclk1=200000000
[TOF] res=0 step=0 id=0xeacc blk=0xeacc10 ctl=0x0
[RNG] init=0 step=99 id=0xeacc boot=1 calls=93 xerr=0 dm=1 tb=15
[RNG] osc=41 imp=881 imprb=881 mstart=0x40 cfg=91 cfgfail=0x0 vhv=0 vpolls=0
[PRT] calls=154709 xerr=0 ler=1 lidx=0x0 perr=0 maxcnt=17 addr8=0x52
[RTY] wr=0 wmax=0 wref=0  rd=0 rmax=0 rref=0
[RNG] frames=38649 last=44 min=12 max=159 nrdy=0 dxfer=0 dstat=0 lst=0 nrdyerr=0 dclr=0
[DRV] init=0 id=7 mode=0x1 lib=0x2 seq=0x1 odc=0x8b sts=0xe0 armed=1
[TRG] pulses=407 suppressed=141 cyc=1600 rst=1 rstmode=0x40
[HLT] polls=773 faults=0x0 cfglost=0
[EFF] n=5 last=58555 min=58548 max=58555 late=0 stuck=0 rderr=0
[IMU] init=0 addr=0x68 who=0x68 rst=1 pmrb0=0x40 pmrb=0x1 sr=19 cfg=4 gcfg=0x0 acfg=0x8 icfg=0x30 ien=0x1 armed=1
[ACC] reads=38648 stale=38596 rderr=3 ax=54 ay=-19 az=1121
[PWR] pm=0x1 drift=1 rderr=0
[DWT] ok=1 cyc=477618320 cyc_per_ms=799996
[HB] up_ms=855416 frames=38697 inf=38697 hazard=548 canary_err=0 q=0 qovr=0
[I2C] init=0 gate=0 whoami=0x140e0 wr=0 wrseen=0x27 addr=0x5a ok=236453 err=3 tmo=0 recov=4 pclk1=200000000 sysclk=400000000
[NAK] nacks=3
[CLK] cpu=800000000 sysb=400000000 pclk1=200000000
[TOF] res=0 step=0 id=0xeacc blk=0xeacc10 ctl=0x0
[RNG] init=0 step=99 id=0xeacc boot=1 calls=93 xerr=0 dm=1 tb=15
[RNG] osc=41 imp=881 imprb=881 mstart=0x40 cfg=91 cfgfail=0x0 vhv=0 vpolls=0
[PRT] calls=154909 xerr=0 ler=1 lidx=0x0 perr=0 maxcnt=17 addr8=0x52
[RTY] wr=0 wmax=0 wref=0  rd=0 rmax=0 rref=0
[RNG] frames=38699 last=32 min=12 max=159 nrdy=0 dxfer=0 dstat=0 lst=0 nrdyerr=0 dclr=0
[DRV] init=0 id=7 mode=0x1 lib=0x2 seq=0x1 odc=0x8b sts=0xe0 armed=1
[TRG] pulses=408 suppressed=142 cyc=1600 rst=1 rstmode=0x40
[HLT] polls=774 faults=0x0 cfglost=0
[EFF] n=5 last=58555 min=58548 max=58555 late=0 stuck=0 rderr=0
[IMU] init=0 addr=0x68 who=0x68 rst=1 pmrb0=0x40 pmrb=0x1 sr=19 cfg=4 gcfg=0x0 acfg=0x8 icfg=0x30 ien=0x1 armed=1
[ACC] reads=38698 stale=38646 rderr=3 ax=55 ay=-21 az=1123
[PWR] pm=0x1 drift=1 rderr=0
[DWT] ok=1 cyc=1359222696 cyc_per_ms=800003
[HB] up_ms=856518 frames=38747 inf=38747 hazard=551 canary_err=0 q=0 qovr=0
[I2C] init=0 gate=0 whoami=0x140e0 wr=0 wrseen=0x27 addr=0x5a ok=236755 err=3 tmo=0 recov=4 pclk1=200000000 sysclk=400000000
[NAK] nacks=3
[CLK] cpu=800000000 sysb=400000000 pclk1=200000000
[TOF] res=0 step=0 id=0xeacc blk=0xeacc10 ctl=0x0
[RNG] init=0 step=99 id=0xeacc boot=1 calls=93 xerr=0 dm=1 tb=15
[RNG] osc=41 imp=881 imprb=881 mstart=0x40 cfg=91 cfgfail=0x0 vhv=0 vpolls=0
[PRT] calls=155105 xerr=0 ler=1 lidx=0x0 perr=0 maxcnt=17 addr8=0x52
[RTY] wr=0 wmax=0 wref=0  rd=0 rmax=0 rref=0
[RNG] frames=38749 last=37 min=12 max=159 nrdy=0 dxfer=0 dstat=0 lst=0 nrdyerr=0 dclr=0
[DRV] init=0 id=7 mode=0x1 lib=0x2 seq=0x1 odc=0x8b sts=0xe0 armed=1
[TRG] pulses=409 suppressed=142 cyc=1600 rst=1 rstmode=0x40
[HLT] polls=775 faults=0x0 cfglost=0
[EFF] n=5 last=58555 min=58548 max=58555 late=0 stuck=0 rderr=0
[IMU] init=0 addr=0x68 who=0x68 rst=1 pmrb0=0x40 pmrb=0x1 sr=19 cfg=4 gcfg=0x0 acfg=0x8 icfg=0x30 ien=0x1 armed=1
[ACC] reads=38748 stale=38696 rderr=3 ax=57 ay=-22 az=1126
[PWR] pm=0x1 drift=1 rderr=0
[DWT] ok=1 cyc=2240818328 cyc_per_ms=799996
[HB] up_ms=857620 frames=38797 inf=38797 hazard=551 canary_err=0 q=0 qovr=0
[I2C] init=0 gate=0 whoami=0x140e0 wr=0 wrseen=0x27 addr=0x5a ok=237057 err=3 tmo=0 recov=4 pclk1=200000000 sysclk=400000000
[NAK] nacks=3
[CLK] cpu=800000000 sysb=400000000 pclk1=200000000
[TOF] res=0 step=0 id=0xeacc blk=0xeacc10 ctl=0x0
[RNG] init=0 step=99 id=0xeacc boot=1 calls=93 xerr=0 dm=1 tb=15
[RNG] osc=41 imp=881 imprb=881 mstart=0x40 cfg=91 cfgfail=0x0 vhv=0 vpolls=0
[PRT] calls=155305 xerr=0 ler=1 lidx=0x0 perr=0 maxcnt=17 addr8=0x52
[RTY] wr=0 wmax=0 wref=0  rd=0 rmax=0 rref=0
[RNG] frames=38799 last=29 min=12 max=159 nrdy=0 dxfer=0 dstat=0 lst=0 nrdyerr=0 dclr=0
[DRV] init=0 id=7 mode=0x1 lib=0x2 seq=0x1 odc=0x8b sts=0xe0 armed=1
[TRG] pulses=409 suppressed=142 cyc=1600 rst=1 rstmode=0x40
[HLT] polls=776 faults=0x0 cfglost=0
[EFF] n=5 last=58555 min=58548 max=58555 late=0 stuck=0 rderr=0
[IMU] init=0 addr=0x68 who=0x68 rst=1 pmrb0=0x40 pmrb=0x1 sr=19 cfg=4 gcfg=0x0 acfg=0x8 icfg=0x30 ien=0x1 armed=1
[ACC] reads=38797 stale=38745 rderr=3 ax=55 ay=-21 az=1125
[PWR] pm=0x1 drift=1 rderr=0
[DWT] ok=1 cyc=3122418500 cyc_per_ms=800000
[HB] up_ms=858722 frames=38846 inf=38846 hazard=552 canary_err=0 q=0 qovr=0
[I2C] init=0 gate=0 whoami=0x140e0 wr=0 wrseen=0x27 addr=0x5a ok=237359 err=3 tmo=0 recov=4 pclk1=200000000 sysclk=400000000
[NAK] nacks=3
[CLK] cpu=800000000 sysb=400000000 pclk1=200000000
[TOF] res=0 step=0 id=0xeacc blk=0xeacc10 ctl=0x0
[RNG] init=0 step=99 id=0xeacc boot=1 calls=93 xerr=0 dm=1 tb=15
[RNG] osc=41 imp=881 imprb=881 mstart=0x40 cfg=91 cfgfail=0x0 vhv=0 vpolls=0
[PRT] calls=155505 xerr=0 ler=1 lidx=0x0 perr=0 maxcnt=17 addr8=0x52
[RTY] wr=0 wmax=0 wref=0  rd=0 rmax=0 rref=0
[RNG] frames=38849 last=43 min=12 max=159 nrdy=0 dxfer=0 dstat=0 lst=0 nrdyerr=0 dclr=0
[DRV] init=0 id=7 mode=0x1 lib=0x2 seq=0x1 odc=0x8b sts=0xe0 armed=1
[TRG] pulses=410 suppressed=142 cyc=1600 rst=1 rstmode=0x40
[HLT] polls=776 faults=0x0 cfglost=0
[EFF] n=5 last=58555 min=58548 max=58555 late=0 stuck=0 rderr=0
[IMU] init=0 addr=0x68 who=0x68 rst=1 pmrb0=0x40 pmrb=0x1 sr=19 cfg=4 gcfg=0x0 acfg=0x8 icfg=0x30 ien=0x1 armed=1
[ACC] reads=38847 stale=38795 rderr=3 ax=54 ay=-21 az=1124
[PWR] pm=0x1 drift=1 rderr=0
[DWT] ok=1 cyc=4004154216 cyc_per_ms=800123
[HB] up_ms=859825 frames=38896 inf=38896 hazard=553 canary_err=0 q=0 qovr=0
[I2C] init=0 gate=0 whoami=0x140e0 wr=0 wrseen=0x27 addr=0x5a ok=237661 err=3 tmo=0 recov=4 pclk1=200000000 sysclk=400000000
[NAK] nacks=3
[CLK] cpu=800000000 sysb=400000000 pclk1=200000000
[TOF] res=0 step=0 id=0xeacc blk=0xeacc10 ctl=0x0
[RNG] init=0 step=99 id=0xeacc boot=1 calls=93 xerr=0 dm=1 tb=15
[RNG] osc=41 imp=881 imprb=881 mstart=0x40 cfg=91 cfgfail=0x0 vhv=0 vpolls=0
[PRT] calls=155705 xerr=0 ler=1 lidx=0x0 perr=0 maxcnt=17 addr8=0x52
[RTY] wr=0 wmax=0 wref=0  rd=0 rmax=0 rref=0
[RNG] frames=38899 last=35 min=12 max=159 nrdy=0 dxfer=0 dstat=0 lst=0 nrdyerr=0 dclr=0
[DRV] init=0 id=7 mode=0x1 lib=0x2 seq=0x1 odc=0x8b sts=0xe0 armed=1
[TRG] pulses=411 suppressed=142 cyc=1600 rst=1 rstmode=0x40
[HLT] polls=777 faults=0x0 cfglost=0
[EFF] n=5 last=58555 min=58548 max=58555 late=0 stuck=0 rderr=0
[IMU] init=0 addr=0x68 who=0x68 rst=1 pmrb0=0x40 pmrb=0x1 sr=19 cfg=4 gcfg=0x0 acfg=0x8 icfg=0x30 ien=0x1 armed=1
[ACC] reads=38897 stale=38845 rderr=3 ax=54 ay=-20 az=1124
[PWR] pm=0x1 drift=1 rderr=0
[DWT] ok=1 cyc=591587668 cyc_per_ms=800000
[HB] up_ms=860928 frames=38946 inf=38946 hazard=553 canary_err=0 q=0 qovr=0
[I2C] init=0 gate=0 whoami=0x140e0 wr=0 wrseen=0x27 addr=0x5a ok=237963 err=3 tmo=0 recov=4 pclk1=200000000 sysclk=400000000
[NAK] nacks=3
[CLK] cpu=800000000 sysb=400000000 pclk1=200000000
[TOF] res=0 step=0 id=0xeacc blk=0xeacc10 ctl=0x0
[RNG] init=0 step=99 id=0xeacc boot=1 calls=93 xerr=0 dm=1 tb=15
[RNG] osc=41 imp=881 imprb=881 mstart=0x40 cfg=91 cfgfail=0x0 vhv=0 vpolls=0
[PRT] calls=155905 xerr=0 ler=1 lidx=0x0 perr=0 maxcnt=17 addr8=0x52
[RTY] wr=0 wmax=0 wref=0  rd=0 rmax=0 rref=0
[RNG] frames=38948 last=30 min=12 max=159 nrdy=0 dxfer=0 dstat=0 lst=0 nrdyerr=0 dclr=0
[DRV] init=0 id=7 mode=0x1 lib=0x2 seq=0x1 odc=0x8b sts=0xe0 armed=1
[TRG] pulses=411 suppressed=142 cyc=1600 rst=1 rstmode=0x40
[HLT] polls=778 faults=0x0 cfglost=0
[EFF] n=5 last=58555 min=58548 max=58555 late=0 stuck=0 rderr=0
[IMU] init=0 addr=0x68 who=0x68 rst=1 pmrb0=0x40 pmrb=0x1 sr=19 cfg=4 gcfg=0x0 acfg=0x8 icfg=0x30 ien=0x1 armed=1
[ACC] reads=38947 stale=38894 rderr=3 ax=54 ay=-20 az=1124
[PWR] pm=0x1 drift=1 rderr=0
[DWT] ok=1 cyc=1473963416 cyc_per_ms=799978
[HB] up_ms=862031 frames=38996 inf=38996 hazard=553 canary_err=0 q=0 qovr=0
[I2C] init=0 gate=0 whoami=0x140e0 wr=0 wrseen=0x27 addr=0x5a ok=238261 err=3 tmo=0 recov=4 pclk1=200000000 sysclk=400000000
[NAK] nacks=3
[CLK] cpu=800000000 sysb=400000000 pclk1=200000000
[TOF] res=0 step=0 id=0xeacc blk=0xeacc10 ctl=0x0
[RNG] init=0 step=99 id=0xeacc boot=1 calls=93 xerr=0 dm=1 tb=15
[RNG] osc=41 imp=881 imprb=881 mstart=0x40 cfg=91 cfgfail=0x0 vhv=0 vpolls=0
[PRT] calls=156105 xerr=0 ler=1 lidx=0x0 perr=0 maxcnt=17 addr8=0x52
[RTY] wr=0 wmax=0 wref=0  rd=0 rmax=0 rref=0
[RNG] frames=38998 last=41 min=12 max=159 nrdy=0 dxfer=0 dstat=0 lst=0 nrdyerr=0 dclr=0
[DRV] init=0 id=7 mode=0x1 lib=0x2 seq=0x1 odc=0x8b sts=0xe0 armed=1
[TRG] pulses=411 suppressed=142 cyc=1600 rst=1 rstmode=0x40
[HLT] polls=779 faults=0x0 cfglost=0
[EFF] n=5 last=58555 min=58548 max=58555 late=0 stuck=0 rderr=0
[IMU] init=0 addr=0x68 who=0x68 rst=1 pmrb0=0x40 pmrb=0x1 sr=19 cfg=4 gcfg=0x0 acfg=0x8 icfg=0x30 ien=0x1 armed=1
[ACC] reads=38997 stale=38944 rderr=3 ax=55 ay=-21 az=1119
[PWR] pm=0x1 drift=1 rderr=0
[DWT] ok=1 cyc=2356261240 cyc_per_ms=799907
[HB] up_ms=863134 frames=39046 inf=39046 hazard=553 canary_err=0 q=0 qovr=0
[I2C] init=0 gate=0 whoami=0x140e0 wr=0 wrseen=0x27 addr=0x5a ok=238561 err=3 tmo=0 recov=4 pclk1=200000000 sysclk=400000000
[NAK] nacks=3
[CLK] cpu=800000000 sysb=400000000 pclk1=200000000
[TOF] res=0 step=0 id=0xeacc blk=0xeacc10 ctl=0x0
[RNG] init=0 step=99 id=0xeacc boot=1 calls=93 xerr=0 dm=1 tb=15
[RNG] osc=41 imp=881 imprb=881 mstart=0x40 cfg=91 cfgfail=0x0 vhv=0 vpolls=0
[PRT] calls=156305 xerr=0 ler=1 lidx=0x0 perr=0 maxcnt=17 addr8=0x52
[RTY] wr=0 wmax=0 wref=0  rd=0 rmax=0 rref=0
[RNG] frames=39048 last=37 min=12 max=159 nrdy=0 dxfer=0 dstat=0 lst=0 nrdyerr=0 dclr=0
[DRV] init=0 id=7 mode=0x1 lib=0x2 seq=0x1 odc=0x8b sts=0xe0 armed=1
[TRG] pulses=411 suppressed=142 cyc=1600 rst=1 rstmode=0x40
[HLT] polls=780 faults=0x0 cfglost=0
[EFF] n=5 last=58555 min=58548 max=58555 late=0 stuck=0 rderr=0
[IMU] init=0 addr=0x68 who=0x68 rst=1 pmrb0=0x40 pmrb=0x1 sr=19 cfg=4 gcfg=0x0 acfg=0x8 icfg=0x30 ien=0x1 armed=1
[ACC] reads=39047 stale=38994 rderr=3 ax=56 ay=-22 az=1126
[PWR] pm=0x1 drift=1 rderr=0
[DWT] ok=1 cyc=3238650988 cyc_per_ms=799990
[HB] up_ms=864237 frames=39096 inf=39096 hazard=553 canary_err=0 q=0 qovr=0
[I2C] init=0 gate=0 whoami=0x140e0 wr=0 wrseen=0x27 addr=0x5a ok=238863 err=3 tmo=0 recov=4 pclk1=200000000 sysclk=400000000
[NAK] nacks=3
[CLK] cpu=800000000 sysb=400000000 pclk1=200000000
[TOF] res=0 step=0 id=0xeacc blk=0xeacc10 ctl=0x0
[RNG] init=0 step=99 id=0xeacc boot=1 calls=93 xerr=0 dm=1 tb=15
[RNG] osc=41 imp=881 imprb=881 mstart=0x40 cfg=91 cfgfail=0x0 vhv=0 vpolls=0
[PRT] calls=156505 xerr=0 ler=1 lidx=0x0 perr=0 maxcnt=17 addr8=0x52
[RTY] wr=0 wmax=0 wref=0  rd=0 rmax=0 rref=0
[RNG] frames=39098 last=37 min=12 max=159 nrdy=0 dxfer=0 dstat=0 lst=0 nrdyerr=0 dclr=0
[DRV] init=0 id=7 mode=0x1 lib=0x2 seq=0x1 odc=0x8b sts=0xe0 armed=1
[TRG] pulses=411 suppressed=142 cyc=1600 rst=1 rstmode=0x40
[HLT] polls=781 faults=0x0 cfglost=0
[EFF] n=5 last=58555 min=58548 max=58555 late=0 stuck=0 rderr=0
[IMU] init=0 addr=0x68 who=0x68 rst=1 pmrb0=0x40 pmrb=0x1 sr=19 cfg=4 gcfg=0x0 acfg=0x8 icfg=0x30 ien=0x1 armed=1
[ACC] reads=39097 stale=39044 rderr=3 ax=56 ay=-20 az=1121
[PWR] pm=0x1 drift=1 rderr=0
[DWT] ok=1 cyc=4121051104 cyc_per_ms=800000
[HB] up_ms=865339 frames=39146 inf=39146 hazard=553 canary_err=0 q=0 qovr=0
[I2C] init=0 gate=0 whoami=0x140e0 wr=0 wrseen=0x27 addr=0x5a ok=239165 err=3 tmo=0 recov=4 pclk1=200000000 sysclk=400000000
[NAK] nacks=3
[CLK] cpu=800000000 sysb=400000000 pclk1=200000000
[TOF] res=0 step=0 id=0xeacc blk=0xeacc10 ctl=0x0
[RNG] init=0 step=99 id=0xeacc boot=1 calls=93 xerr=0 dm=1 tb=15
[RNG] osc=41 imp=881 imprb=881 mstart=0x40 cfg=91 cfgfail=0x0 vhv=0 vpolls=0
[PRT] calls=156705 xerr=0 ler=1 lidx=0x0 perr=0 maxcnt=17 addr8=0x52
[RTY] wr=0 wmax=0 wref=0  rd=0 rmax=0 rref=0
[RNG] frames=39148 last=39 min=12 max=159 nrdy=0 dxfer=0 dstat=0 lst=0 nrdyerr=0 dclr=0
[DRV] init=0 id=7 mode=0x1 lib=0x2 seq=0x1 odc=0x8b sts=0xe0 armed=1
[TRG] pulses=411 suppressed=142 cyc=1600 rst=1 rstmode=0x40
[HLT] polls=782 faults=0x0 cfglost=0
[EFF] n=5 last=58555 min=58548 max=58555 late=0 stuck=0 rderr=0
[IMU] init=0 addr=0x68 who=0x68 rst=1 pmrb0=0x40 pmrb=0x1 sr=19 cfg=4 gcfg=0x0 acfg=0x8 icfg=0x30 ien=0x1 armed=1
[ACC] reads=39147 stale=39094 rderr=3 ax=56 ay=-19 az=1125
[PWR] pm=0x1 drift=1 rderr=0
[DWT] ok=1 cyc=707683828 cyc_per_ms=800000
[HB] up_ms=866441 frames=39196 inf=39196 hazard=553 canary_err=0 q=0 qovr=0
[I2C] init=0 gate=0 whoami=0x140e0 wr=0 wrseen=0x27 addr=0x5a ok=239467 err=3 tmo=0 recov=4 pclk1=200000000 sysclk=400000000
[NAK] nacks=3
[CLK] cpu=800000000 sysb=400000000 pclk1=200000000
[TOF] res=0 step=0 id=0xeacc blk=0xeacc10 ctl=0x0
[RNG] init=0 step=99 id=0xeacc boot=1 calls=93 xerr=0 dm=1 tb=15
[RNG] osc=41 imp=881 imprb=881 mstart=0x40 cfg=91 cfgfail=0x0 vhv=0 vpolls=0
[PRT] calls=156905 xerr=0 ler=1 lidx=0x0 perr=0 maxcnt=17 addr8=0x52
[RTY] wr=0 wmax=0 wref=0  rd=0 rmax=0 rref=0
[RNG] frames=39198 last=36 min=12 max=159 nrdy=0 dxfer=0 dstat=0 lst=0 nrdyerr=0 dclr=0
[DRV] init=0 id=7 mode=0x1 lib=0x2 seq=0x1 odc=0x8b sts=0xe0 armed=1
[TRG] pulses=411 suppressed=142 cyc=1600 rst=1 rstmode=0x40
[HLT] polls=783 faults=0x0 cfglost=0
[EFF] n=5 last=58555 min=58548 max=58555 late=0 stuck=0 rderr=0
[IMU] init=0 addr=0x68 who=0x68 rst=1 pmrb0=0x40 pmrb=0x1 sr=19 cfg=4 gcfg=0x0 acfg=0x8 icfg=0x30 ien=0x1 armed=1
[ACC] reads=39197 stale=39144 rderr=3 ax=54 ay=-20 az=1125
[PWR] pm=0x1 drift=1 rderr=0
[DWT] ok=1 cyc=1589283784 cyc_per_ms=799999
[HB] up_ms=867543 frames=39246 inf=39246 hazard=554 canary_err=0 q=0 qovr=0
[I2C] init=0 gate=0 whoami=0x140e0 wr=0 wrseen=0x27 addr=0x5a ok=239769 err=3 tmo=0 recov=4 pclk1=200000000 sysclk=400000000
[NAK] nacks=3
[CLK] cpu=800000000 sysb=400000000 pclk1=200000000
[TOF] res=0 step=0 id=0xeacc blk=0xeacc10 ctl=0x0
[RNG] init=0 step=99 id=0xeacc boot=1 calls=93 xerr=0 dm=1 tb=15
[RNG] osc=41 imp=881 imprb=881 mstart=0x40 cfg=91 cfgfail=0x0 vhv=0 vpolls=0
[PRT] calls=157105 xerr=0 ler=1 lidx=0x0 perr=0 maxcnt=17 addr8=0x52
[RTY] wr=0 wmax=0 wref=0  rd=0 rmax=0 rref=0
[RNG] frames=39248 last=48 min=12 max=159 nrdy=0 dxfer=0 dstat=0 lst=0 nrdyerr=0 dclr=0
[DRV] init=0 id=7 mode=0x1 lib=0x2 seq=0x1 odc=0x8b sts=0xe0 armed=1
[TRG] pulses=412 suppressed=142 cyc=1600 rst=1 rstmode=0x40
[HLT] polls=784 faults=0x0 cfglost=0
[EFF] n=5 last=58555 min=58548 max=58555 late=0 stuck=0 rderr=0
[IMU] init=0 addr=0x68 who=0x68 rst=1 pmrb0=0x40 pmrb=0x1 sr=19 cfg=4 gcfg=0x0 acfg=0x8 icfg=0x30 ien=0x1 armed=1
[ACC] reads=39247 stale=39194 rderr=3 ax=55 ay=-20 az=1124
[PWR] pm=0x1 drift=1 rderr=0
[DWT] ok=1 cyc=2470883720 cyc_per_ms=799999
[HB] up_ms=868645 frames=39296 inf=39296 hazard=554 canary_err=0 q=0 qovr=0
[I2C] init=0 gate=0 whoami=0x140e0 wr=0 wrseen=0x27 addr=0x5a ok=240071 err=3 tmo=0 recov=4 pclk1=200000000 sysclk=400000000
[NAK] nacks=3
[CLK] cpu=800000000 sysb=400000000 pclk1=200000000
[TOF] res=0 step=0 id=0xeacc blk=0xeacc10 ctl=0x0
[RNG] init=0 step=99 id=0xeacc boot=1 calls=93 xerr=0 dm=1 tb=15
[RNG] osc=41 imp=881 imprb=881 mstart=0x40 cfg=91 cfgfail=0x0 vhv=0 vpolls=0
[PRT] calls=157301 xerr=0 ler=1 lidx=0x0 perr=0 maxcnt=17 addr8=0x52
[RTY] wr=0 wmax=0 wref=0  rd=0 rmax=0 rref=0
[RNG] frames=39298 last=38 min=12 max=159 nrdy=0 dxfer=0 dstat=0 lst=0 nrdyerr=0 dclr=0
[DRV] init=0 id=7 mode=0x1 lib=0x2 seq=0x1 odc=0x8b sts=0xe0 armed=1
[TRG] pulses=412 suppressed=142 cyc=1600 rst=1 rstmode=0x40
[HLT] polls=785 faults=0x0 cfglost=0
[EFF] n=5 last=58555 min=58548 max=58555 late=0 stuck=0 rderr=0
[IMU] init=0 addr=0x68 who=0x68 rst=1 pmrb0=0x40 pmrb=0x1 sr=19 cfg=4 gcfg=0x0 acfg=0x8 icfg=0x30 ien=0x1 armed=1
[ACC] reads=39297 stale=39244 rderr=3 ax=53 ay=-21 az=1126
[PWR] pm=0x1 drift=1 rderr=0
[DWT] ok=1 cyc=3352483732 cyc_per_ms=800000
[HB] up_ms=869747 frames=39346 inf=39346 hazard=556 canary_err=0 q=0 qovr=0
[I2C] init=0 gate=0 whoami=0x140e0 wr=0 wrseen=0x27 addr=0x5a ok=240373 err=3 tmo=0 recov=4 pclk1=200000000 sysclk=400000000
[NAK] nacks=3
[CLK] cpu=800000000 sysb=400000000 pclk1=200000000
[TOF] res=0 step=0 id=0xeacc blk=0xeacc10 ctl=0x0
[RNG] init=0 step=99 id=0xeacc boot=1 calls=93 xerr=0 dm=1 tb=15
[RNG] osc=41 imp=881 imprb=881 mstart=0x40 cfg=91 cfgfail=0x0 vhv=0 vpolls=0
[PRT] calls=157501 xerr=0 ler=1 lidx=0x0 perr=0 maxcnt=17 addr8=0x52
[RTY] wr=0 wmax=0 wref=0  rd=0 rmax=0 rref=0
[RNG] frames=39348 last=52 min=12 max=159 nrdy=0 dxfer=0 dstat=0 lst=0 nrdyerr=0 dclr=0
[DRV] init=0 id=7 mode=0x1 lib=0x2 seq=0x1 odc=0x8b sts=0xe0 armed=1
[TRG] pulses=413 suppressed=143 cyc=1600 rst=1 rstmode=0x40
[HLT] polls=786 faults=0x0 cfglost=0
[EFF] n=5 last=58555 min=58548 max=58555 late=0 stuck=0 rderr=0
[IMU] init=0 addr=0x68 who=0x68 rst=1 pmrb0=0x40 pmrb=0x1 sr=19 cfg=4 gcfg=0x0 acfg=0x8 icfg=0x30 ien=0x1 armed=1
[ACC] reads=39346 stale=39293 rderr=3 ax=60 ay=-22 az=1120
[PWR] pm=0x1 drift=1 rderr=0
[DWT] ok=1 cyc=4234083836 cyc_per_ms=800000
[HB] up_ms=870849 frames=39395 inf=39395 hazard=557 canary_err=0 q=0 qovr=0
[I2C] init=0 gate=0 whoami=0x140e0 wr=0 wrseen=0x27 addr=0x5a ok=240675 err=3 tmo=0 recov=4 pclk1=200000000 sysclk=400000000
[NAK] nacks=3
[CLK] cpu=800000000 sysb=400000000 pclk1=200000000
[TOF] res=0 step=0 id=0xeacc blk=0xeacc10 ctl=0x0
[RNG] init=0 step=99 id=0xeacc boot=1 calls=93 xerr=0 dm=1 tb=15
[RNG] osc=41 imp=881 imprb=881 mstart=0x40 cfg=91 cfgfail=0x0 vhv=0 vpolls=0
[PRT] calls=157701 xerr=0 ler=1 lidx=0x0 perr=0 maxcnt=17 addr8=0x52
[RTY] wr=0 wmax=0 wref=0  rd=0 rmax=0 rref=0
[RNG] frames=39398 last=38 min=12 max=159 nrdy=0 dxfer=0 dstat=0 lst=0 nrdyerr=0 dclr=0
[DRV] init=0 id=7 mode=0x1 lib=0x2 seq=0x1 odc=0x8b sts=0xe0 armed=1
[TRG] pulses=414 suppressed=143 cyc=1600 rst=1 rstmode=0x40
[HLT] polls=787 faults=0x0 cfglost=0
[EFF] n=5 last=58555 min=58548 max=58555 late=0 stuck=0 rderr=0
[IMU] init=0 addr=0x68 who=0x68 rst=1 pmrb0=0x40 pmrb=0x1 sr=19 cfg=4 gcfg=0x0 acfg=0x8 icfg=0x30 ien=0x1 armed=1
[ACC] reads=39396 stale=39343 rderr=3 ax=54 ay=-21 az=1123
[PWR] pm=0x1 drift=1 rderr=0
[DWT] ok=1 cyc=820852328 cyc_per_ms=800123
[HB] up_ms=871952 frames=39445 inf=39445 hazard=558 canary_err=0 q=0 qovr=0
[I2C] init=0 gate=0 whoami=0x140e0 wr=0 wrseen=0x27 addr=0x5a ok=240977 err=3 tmo=0 recov=4 pclk1=200000000 sysclk=400000000
[NAK] nacks=3
[CLK] cpu=800000000 sysb=400000000 pclk1=200000000
[TOF] res=0 step=0 id=0xeacc blk=0xeacc10 ctl=0x0
[RNG] init=0 step=99 id=0xeacc boot=1 calls=93 xerr=0 dm=1 tb=15
[RNG] osc=41 imp=881 imprb=881 mstart=0x40 cfg=91 cfgfail=0x0 vhv=0 vpolls=0
[PRT] calls=157901 xerr=0 ler=1 lidx=0x0 perr=0 maxcnt=17 addr8=0x52
[RTY] wr=0 wmax=0 wref=0  rd=0 rmax=0 rref=0
[RNG] frames=39448 last=32 min=12 max=159 nrdy=0 dxfer=0 dstat=0 lst=0 nrdyerr=0 dclr=0
[DRV] init=0 id=7 mode=0x1 lib=0x2 seq=0x1 odc=0x8b sts=0xe0 armed=1
[TRG] pulses=415 suppressed=143 cyc=1600 rst=1 rstmode=0x40
[HLT] polls=788 faults=0x0 cfglost=0
[EFF] n=5 last=58555 min=58548 max=58555 late=0 stuck=0 rderr=0
[IMU] init=0 addr=0x68 who=0x68 rst=1 pmrb0=0x40 pmrb=0x1 sr=19 cfg=4 gcfg=0x0 acfg=0x8 icfg=0x30 ien=0x1 armed=1
[ACC] reads=39446 stale=39393 rderr=3 ax=53 ay=-21 az=1124
[PWR] pm=0x1 drift=1 rderr=0
[DWT] ok=1 cyc=1703253072 cyc_per_ms=800000
[HB] up_ms=873055 frames=39495 inf=39495 hazard=559 canary_err=0 q=0 qovr=0
[I2C] init=0 gate=0 whoami=0x140e0 wr=0 wrseen=0x27 addr=0x5a ok=241279 err=3 tmo=0 recov=4 pclk1=200000000 sysclk=400000000
[NAK] nacks=3
[CLK] cpu=800000000 sysb=400000000 pclk1=200000000
[TOF] res=0 step=0 id=0xeacc blk=0xeacc10 ctl=0x0
[RNG] init=0 step=99 id=0xeacc boot=1 calls=93 xerr=0 dm=1 tb=15
[RNG] osc=41 imp=881 imprb=881 mstart=0x40 cfg=91 cfgfail=0x0 vhv=0 vpolls=0
[PRT] calls=158101 xerr=0 ler=1 lidx=0x0 perr=0 maxcnt=17 addr8=0x52
[RTY] wr=0 wmax=0 wref=0  rd=0 rmax=0 rref=0
[RNG] frames=39497 last=40 min=12 max=159 nrdy=0 dxfer=0 dstat=0 lst=0 nrdyerr=0 dclr=0
[DRV] init=0 id=7 mode=0x1 lib=0x2 seq=0x1 odc=0x8b sts=0xe0 armed=1
[TRG] pulses=416 suppressed=143 cyc=1600 rst=1 rstmode=0x40
[HLT] polls=789 faults=0x0 cfglost=0
[EFF] n=5 last=58555 min=58548 max=58555 late=0 stuck=0 rderr=0
[IMU] init=0 addr=0x68 who=0x68 rst=1 pmrb0=0x40 pmrb=0x1 sr=19 cfg=4 gcfg=0x0 acfg=0x8 icfg=0x30 ien=0x1 armed=1
[ACC] reads=39496 stale=39443 rderr=3 ax=55 ay=-21 az=1128
[PWR] pm=0x1 drift=1 rderr=0
[DWT] ok=1 cyc=2585596412 cyc_per_ms=799948
[HB] up_ms=874158 frames=39545 inf=39545 hazard=559 canary_err=0 q=0 qovr=0
[I2C] init=0 gate=0 whoami=0x140e0 wr=0 wrseen=0x27 addr=0x5a ok=241577 err=3 tmo=0 recov=4 pclk1=200000000 sysclk=400000000
[NAK] nacks=3
[CLK] cpu=800000000 sysb=400000000 pclk1=200000000
[TOF] res=0 step=0 id=0xeacc blk=0xeacc10 ctl=0x0
[RNG] init=0 step=99 id=0xeacc boot=1 calls=93 xerr=0 dm=1 tb=15
[RNG] osc=41 imp=881 imprb=881 mstart=0x40 cfg=91 cfgfail=0x0 vhv=0 vpolls=0
[PRT] calls=158301 xerr=0 ler=1 lidx=0x0 perr=0 maxcnt=17 addr8=0x52
[RTY] wr=0 wmax=0 wref=0  rd=0 rmax=0 rref=0
[RNG] frames=39547 last=40 min=12 max=159 nrdy=0 dxfer=0 dstat=0 lst=0 nrdyerr=0 dclr=0
[DRV] init=0 id=7 mode=0x1 lib=0x2 seq=0x1 odc=0x8b sts=0xe0 armed=1
[TRG] pulses=416 suppressed=143 cyc=1600 rst=1 rstmode=0x40
[HLT] polls=790 faults=0x0 cfglost=0
[EFF] n=5 last=58555 min=58548 max=58555 late=0 stuck=0 rderr=0
[IMU] init=0 addr=0x68 who=0x68 rst=1 pmrb0=0x40 pmrb=0x1 sr=19 cfg=4 gcfg=0x0 acfg=0x8 icfg=0x30 ien=0x1 armed=1
[ACC] reads=39546 stale=39493 rderr=3 ax=53 ay=-21 az=1121
[PWR] pm=0x1 drift=1 rderr=0
[DWT] ok=1 cyc=3467883310 cyc_per_ms=799897
[HB] up_ms=875261 frames=39595 inf=39595 hazard=559 canary_err=0 q=0 qovr=0
[I2C] init=0 gate=0 whoami=0x140e0 wr=0 wrseen=0x27 addr=0x5a ok=241877 err=3 tmo=0 recov=4 pclk1=200000000 sysclk=400000000
[NAK] nacks=3
[CLK] cpu=800000000 sysb=400000000 pclk1=200000000
[TOF] res=0 step=0 id=0xeacc blk=0xeacc10 ctl=0x0
[RNG] init=0 step=99 id=0xeacc boot=1 calls=93 xerr=0 dm=1 tb=15
[RNG] osc=41 imp=881 imprb=881 mstart=0x40 cfg=91 cfgfail=0x0 vhv=0 vpolls=0
[PRT] calls=158501 xerr=0 ler=1 lidx=0x0 perr=0 maxcnt=17 addr8=0x52
[RTY] wr=0 wmax=0 wref=0  rd=0 rmax=0 rref=0
[RNG] frames=39597 last=39 min=12 max=159 nrdy=0 dxfer=0 dstat=0 lst=0 nrdyerr=0 dclr=0
[DRV] init=0 id=7 mode=0x1 lib=0x2 seq=0x1 odc=0x8b sts=0xe0 armed=1
[TRG] pulses=416 suppressed=143 cyc=1600 rst=1 rstmode=0x40
[HLT] polls=791 faults=0x0 cfglost=0
[EFF] n=5 last=58555 min=58548 max=58555 late=0 stuck=0 rderr=0
[IMU] init=0 addr=0x68 who=0x68 rst=1 pmrb0=0x40 pmrb=0x1 sr=19 cfg=4 gcfg=0x0 acfg=0x8 icfg=0x30 ien=0x1 armed=1
[ACC] reads=39596 stale=39543 rderr=3 ax=56 ay=-20 az=1124
[PWR] pm=0x1 drift=1 rderr=0
[DWT] ok=1 cyc=55316026 cyc_per_ms=800000
[HB] up_ms=876363 frames=39645 inf=39645 hazard=559 canary_err=0 q=0 qovr=0
[I2C] init=0 gate=0 whoami=0x140e0 wr=0 wrseen=0x27 addr=0x5a ok=242179 err=3 tmo=0 recov=4 pclk1=200000000 sysclk=400000000
[NAK] nacks=3
[CLK] cpu=800000000 sysb=400000000 pclk1=200000000
[TOF] res=0 step=0 id=0xeacc blk=0xeacc10 ctl=0x0
[RNG] init=0 step=99 id=0xeacc boot=1 calls=93 xerr=0 dm=1 tb=15
[RNG] osc=41 imp=881 imprb=881 mstart=0x40 cfg=91 cfgfail=0x0 vhv=0 vpolls=0
[PRT] calls=158701 xerr=0 ler=1 lidx=0x0 perr=0 maxcnt=17 addr8=0x52
[RTY] wr=0 wmax=0 wref=0  rd=0 rmax=0 rref=0
[RNG] frames=39647 last=39 min=12 max=159 nrdy=0 dxfer=0 dstat=0 lst=0 nrdyerr=0 dclr=0
[DRV] init=0 id=7 mode=0x1 lib=0x2 seq=0x1 odc=0x8b sts=0xe0 armed=1
[TRG] pulses=416 suppressed=143 cyc=1600 rst=1 rstmode=0x40
[HLT] polls=792 faults=0x0 cfglost=0
[EFF] n=5 last=58555 min=58548 max=58555 late=0 stuck=0 rderr=0
[IMU] init=0 addr=0x68 who=0x68 rst=1 pmrb0=0x40 pmrb=0x1 sr=19 cfg=4 gcfg=0x0 acfg=0x8 icfg=0x30 ien=0x1 armed=1
[ACC] reads=39646 stale=39593 rderr=3 ax=54 ay=-20 az=1121
[PWR] pm=0x1 drift=1 rderr=0
[DWT] ok=1 cyc=936916026 cyc_per_ms=800000
[HB] up_ms=877465 frames=39695 inf=39695 hazard=559 canary_err=0 q=0 qovr=0
[I2C] init=0 gate=0 whoami=0x140e0 wr=0 wrseen=0x27 addr=0x5a ok=242481 err=3 tmo=0 recov=4 pclk1=200000000 sysclk=400000000
[NAK] nacks=3
[CLK] cpu=800000000 sysb=400000000 pclk1=200000000
[TOF] res=0 step=0 id=0xeacc blk=0xeacc10 ctl=0x0
[RNG] init=0 step=99 id=0xeacc boot=1 calls=93 xerr=0 dm=1 tb=15
[RNG] osc=41 imp=881 imprb=881 mstart=0x40 cfg=91 cfgfail=0x0 vhv=0 vpolls=0
[PRT] calls=158901 xerr=0 ler=1 lidx=0x0 perr=0 maxcnt=17 addr8=0x52
[RTY] wr=0 wmax=0 wref=0  rd=0 rmax=0 rref=0
[RNG] frames=39697 last=42 min=12 max=159 nrdy=0 dxfer=0 dstat=0 lst=0 nrdyerr=0 dclr=0
[DRV] init=0 id=7 mode=0x1 lib=0x2 seq=0x1 odc=0x8b sts=0xe0 armed=1
[TRG] pulses=416 suppressed=143 cyc=1600 rst=1 rstmode=0x40
[HLT] polls=793 faults=0x0 cfglost=0
[EFF] n=5 last=58555 min=58548 max=58555 late=0 stuck=0 rderr=0
[IMU] init=0 addr=0x68 who=0x68 rst=1 pmrb0=0x40 pmrb=0x1 sr=19 cfg=4 gcfg=0x0 acfg=0x8 icfg=0x30 ien=0x1 armed=1
[ACC] reads=39696 stale=39643 rderr=3 ax=54 ay=-19 az=1124
[PWR] pm=0x1 drift=1 rderr=0
[DWT] ok=1 cyc=1818516022 cyc_per_ms=799999
[HB] up_ms=878567 frames=39745 inf=39745 hazard=559 canary_err=0 q=0 qovr=0
[I2C] init=0 gate=0 whoami=0x140e0 wr=0 wrseen=0x27 addr=0x5a ok=242783 err=3 tmo=0 recov=4 pclk1=200000000 sysclk=400000000
[NAK] nacks=3
[CLK] cpu=800000000 sysb=400000000 pclk1=200000000
[TOF] res=0 step=0 id=0xeacc blk=0xeacc10 ctl=0x0
[RNG] init=0 step=99 id=0xeacc boot=1 calls=93 xerr=0 dm=1 tb=15
[RNG] osc=41 imp=881 imprb=881 mstart=0x40 cfg=91 cfgfail=0x0 vhv=0 vpolls=0
[PRT] calls=159101 xerr=0 ler=1 lidx=0x0 perr=0 maxcnt=17 addr8=0x52
[RTY] wr=0 wmax=0 wref=0  rd=0 rmax=0 rref=0
[RNG] frames=39747 last=37 min=12 max=159 nrdy=0 dxfer=0 dstat=0 lst=0 nrdyerr=0 dclr=0
[DRV] init=0 id=7 mode=0x1 lib=0x2 seq=0x1 odc=0x8b sts=0xe0 armed=1
[TRG] pulses=416 suppressed=143 cyc=1600 rst=1 rstmode=0x40
[HLT] polls=794 faults=0x0 cfglost=0
[EFF] n=5 last=58555 min=58548 max=58555 late=0 stuck=0 rderr=0
[IMU] init=0 addr=0x68 who=0x68 rst=1 pmrb0=0x40 pmrb=0x1 sr=19 cfg=4 gcfg=0x0 acfg=0x8 icfg=0x30 ien=0x1 armed=1
[ACC] reads=39746 stale=39693 rderr=3 ax=54 ay=-20 az=1120
[PWR] pm=0x1 drift=1 rderr=0
[DWT] ok=1 cyc=2700116082 cyc_per_ms=800000
[HB] up_ms=879669 frames=39795 inf=39795 hazard=562 canary_err=0 q=0 qovr=0
[I2C] init=0 gate=0 whoami=0x140e0 wr=0 wrseen=0x27 addr=0x5a ok=243085 err=3 tmo=0 recov=4 pclk1=200000000 sysclk=400000000
[NAK] nacks=3
[CLK] cpu=800000000 sysb=400000000 pclk1=200000000
[TOF] res=0 step=0 id=0xeacc blk=0xeacc10 ctl=0x0
[RNG] init=0 step=99 id=0xeacc boot=1 calls=93 xerr=0 dm=1 tb=15
[RNG] osc=41 imp=881 imprb=881 mstart=0x40 cfg=91 cfgfail=0x0 vhv=0 vpolls=0
[PRT] calls=159300 xerr=0 ler=1 lidx=0x0 perr=0 maxcnt=17 addr8=0x52
[RTY] wr=0 wmax=0 wref=0  rd=0 rmax=0 rref=0
[RNG] frames=39797 last=31 min=12 max=159 nrdy=0 dxfer=0 dstat=0 lst=0 nrdyerr=0 dclr=0
[DRV] init=0 id=7 mode=0x1 lib=0x2 seq=0x1 odc=0x8b sts=0xe0 armed=1
[TRG] pulses=418 suppressed=144 cyc=1600 rst=1 rstmode=0x40
[HLT] polls=795 faults=0x0 cfglost=0
[EFF] n=5 last=58555 min=58548 max=58555 late=0 stuck=0 rderr=0
[IMU] init=0 addr=0x68 who=0x68 rst=1 pmrb0=0x40 pmrb=0x1 sr=19 cfg=4 gcfg=0x0 acfg=0x8 icfg=0x30 ien=0x1 armed=1
[ACC] reads=39796 stale=39743 rderr=3 ax=54 ay=-19 az=1123
[PWR] pm=0x1 drift=1 rderr=0
[DWT] ok=1 cyc=3581716042 cyc_per_ms=799999
[HB] up_ms=880771 frames=39845 inf=39845 hazard=562 canary_err=0 q=0 qovr=0
[I2C] init=0 gate=0 whoami=0x140e0 wr=0 wrseen=0x27 addr=0x5a ok=243387 err=3 tmo=0 recov=4 pclk1=200000000 sysclk=400000000
[NAK] nacks=3
[CLK] cpu=800000000 sysb=400000000 pclk1=200000000
[TOF] res=0 step=0 id=0xeacc blk=0xeacc10 ctl=0x0
[RNG] init=0 step=99 id=0xeacc boot=1 calls=93 xerr=0 dm=1 tb=15
[RNG] osc=41 imp=881 imprb=881 mstart=0x40 cfg=91 cfgfail=0x0 vhv=0 vpolls=0
[PRT] calls=159497 xerr=0 ler=1 lidx=0x0 perr=0 maxcnt=17 addr8=0x52
[RTY] wr=0 wmax=0 wref=0  rd=0 rmax=0 rref=0
[RNG] frames=39847 last=43 min=12 max=159 nrdy=0 dxfer=0 dstat=0 lst=0 nrdyerr=0 dclr=0
[DRV] init=0 id=7 mode=0x1 lib=0x2 seq=0x1 odc=0x8b sts=0xe0 armed=1
[TRG] pulses=418 suppressed=144 cyc=1600 rst=1 rstmode=0x40
[HLT] polls=796 faults=0x0 cfglost=0
[EFF] n=5 last=58555 min=58548 max=58555 late=0 stuck=0 rderr=0
[IMU] init=0 addr=0x68 who=0x68 rst=1 pmrb0=0x40 pmrb=0x1 sr=19 cfg=4 gcfg=0x0 acfg=0x8 icfg=0x30 ien=0x1 armed=1
[ACC] reads=39845 stale=39793 rderr=3 ax=53 ay=-21 az=1126
[PWR] pm=0x1 drift=1 rderr=0
[DWT] ok=1 cyc=168348666 cyc_per_ms=799999
[HB] up_ms=881873 frames=39894 inf=39894 hazard=562 canary_err=0 q=0 qovr=0
[I2C] init=0 gate=0 whoami=0x140e0 wr=0 wrseen=0x27 addr=0x5a ok=243689 err=3 tmo=0 recov=4 pclk1=200000000 sysclk=400000000
[NAK] nacks=3
[CLK] cpu=800000000 sysb=400000000 pclk1=200000000
[TOF] res=0 step=0 id=0xeacc blk=0xeacc10 ctl=0x0
[RNG] init=0 step=99 id=0xeacc boot=1 calls=93 xerr=0 dm=1 tb=15
[RNG] osc=41 imp=881 imprb=881 mstart=0x40 cfg=91 cfgfail=0x0 vhv=0 vpolls=0
[PRT] calls=159697 xerr=0 ler=1 lidx=0x0 perr=0 maxcnt=17 addr8=0x52
[RTY] wr=0 wmax=0 wref=0  rd=0 rmax=0 rref=0
[RNG] frames=39897 last=40 min=12 max=159 nrdy=0 dxfer=0 dstat=0 lst=0 nrdyerr=0 dclr=0
[DRV] init=0 id=7 mode=0x1 lib=0x2 seq=0x1 odc=0x8b sts=0xe0 armed=1
[TRG] pulses=418 suppressed=144 cyc=1600 rst=1 rstmode=0x40
[HLT] polls=797 faults=0x0 cfglost=0
[EFF] n=5 last=58555 min=58548 max=58555 late=0 stuck=0 rderr=0
[IMU] init=0 addr=0x68 who=0x68 rst=1 pmrb0=0x40 pmrb=0x1 sr=19 cfg=4 gcfg=0x0 acfg=0x8 icfg=0x30 ien=0x1 armed=1
[ACC] reads=39895 stale=39842 rderr=3 ax=56 ay=-19 az=1125
[PWR] pm=0x1 drift=1 rderr=0
[DWT] ok=1 cyc=1049990096 cyc_per_ms=800037
[HB] up_ms=882975 frames=39944 inf=39944 hazard=562 canary_err=0 q=0 qovr=0
[I2C] init=0 gate=0 whoami=0x140e0 wr=0 wrseen=0x27 addr=0x5a ok=243991 err=3 tmo=0 recov=4 pclk1=200000000 sysclk=400000000
[NAK] nacks=3
[CLK] cpu=800000000 sysb=400000000 pclk1=200000000
[TOF] res=0 step=0 id=0xeacc blk=0xeacc10 ctl=0x0
[RNG] init=0 step=99 id=0xeacc boot=1 calls=93 xerr=0 dm=1 tb=15
[RNG] osc=41 imp=881 imprb=881 mstart=0x40 cfg=91 cfgfail=0x0 vhv=0 vpolls=0
[PRT] calls=159897 xerr=0 ler=1 lidx=0x0 perr=0 maxcnt=17 addr8=0x52
[RTY] wr=0 wmax=0 wref=0  rd=0 rmax=0 rref=0
[RNG] frames=39947 last=46 min=12 max=159 nrdy=0 dxfer=0 dstat=0 lst=0 nrdyerr=0 dclr=0
[DRV] init=0 id=7 mode=0x1 lib=0x2 seq=0x1 odc=0x8b sts=0xe0 armed=1
[TRG] pulses=418 suppressed=144 cyc=1600 rst=1 rstmode=0x40
[HLT] polls=798 faults=0x0 cfglost=0
[EFF] n=5 last=58555 min=58548 max=58555 late=0 stuck=0 rderr=0
[IMU] init=0 addr=0x68 who=0x68 rst=1 pmrb0=0x40 pmrb=0x1 sr=19 cfg=4 gcfg=0x0 acfg=0x8 icfg=0x30 ien=0x1 armed=1
[ACC] reads=39945 stale=39892 rderr=3 ax=54 ay=-20 az=1122
[PWR] pm=0x1 drift=1 rderr=0
[DWT] ok=1 cyc=1931686192 cyc_per_ms=800087
[HB] up_ms=884078 frames=39994 inf=39994 hazard=562 canary_err=0 q=0 qovr=0
[I2C] init=0 gate=0 whoami=0x140e0 wr=0 wrseen=0x27 addr=0x5a ok=244293 err=3 tmo=0 recov=4 pclk1=200000000 sysclk=400000000
[NAK] nacks=3
[CLK] cpu=800000000 sysb=400000000 pclk1=200000000
[TOF] res=0 step=0 id=0xeacc blk=0xeacc10 ctl=0x0
[RNG] init=0 step=99 id=0xeacc boot=1 calls=93 xerr=0 dm=1 tb=15
[RNG] osc=41 imp=881 imprb=881 mstart=0x40 cfg=91 cfgfail=0x0 vhv=0 vpolls=0
[PRT] calls=160097 xerr=0 ler=1 lidx=0x0 perr=0 maxcnt=17 addr8=0x52
[RTY] wr=0 wmax=0 wref=0  rd=0 rmax=0 rref=0
[RNG] frames=39997 last=42 min=12 max=159 nrdy=0 dxfer=0 dstat=0 lst=0 nrdyerr=0 dclr=0
[DRV] init=0 id=7 mode=0x1 lib=0x2 seq=0x1 odc=0x8b sts=0xe0 armed=1
[TRG] pulses=418 suppressed=144 cyc=1600 rst=1 rstmode=0x40
[HLT] polls=799 faults=0x0 cfglost=0
[EFF] n=5 last=58555 min=58548 max=58555 late=0 stuck=0 rderr=0
[IMU] init=0 addr=0x68 who=0x68 rst=1 pmrb0=0x40 pmrb=0x1 sr=19 cfg=4 gcfg=0x0 acfg=0x8 icfg=0x30 ien=0x1 armed=1
[ACC] reads=39995 stale=39942 rderr=3 ax=54 ay=-21 az=1123
[PWR] pm=0x1 drift=1 rderr=0
[DWT] ok=1 cyc=2814086120 cyc_per_ms=799999
[HB] up_ms=885181 frames=40044 inf=40044 hazard=562 canary_err=0 q=0 qovr=0
[I2C] init=0 gate=0 whoami=0x140e0 wr=0 wrseen=0x27 addr=0x5a ok=244594 err=3 tmo=0 recov=4 pclk1=200000000 sysclk=400000000
[NAK] nacks=3
[CLK] cpu=800000000 sysb=400000000 pclk1=200000000
[TOF] res=0 step=0 id=0xeacc blk=0xeacc10 ctl=0x0
[RNG] init=0 step=99 id=0xeacc boot=1 calls=93 xerr=0 dm=1 tb=15
[RNG] osc=41 imp=881 imprb=881 mstart=0x40 cfg=91 cfgfail=0x0 vhv=0 vpolls=0
[PRT] calls=160297 xerr=0 ler=1 lidx=0x0 perr=0 maxcnt=17 addr8=0x52
[RTY] wr=0 wmax=0 wref=0  rd=0 rmax=0 rref=0
[RNG] frames=40046 last=33 min=12 max=159 nrdy=0 dxfer=0 dstat=0 lst=0 nrdyerr=0 dclr=0
[DRV] init=0 id=7 mode=0x1 lib=0x2 seq=0x1 odc=0x8b sts=0xe0 armed=1
[TRG] pulses=418 suppressed=144 cyc=1600 rst=1 rstmode=0x40
[HLT] polls=800 faults=0x0 cfglost=0
[EFF] n=5 last=58555 min=58548 max=58555 late=0 stuck=0 rderr=0
[IMU] init=0 addr=0x68 who=0x68 rst=1 pmrb0=0x40 pmrb=0x1 sr=19 cfg=4 gcfg=0x0 acfg=0x8 icfg=0x30 ien=0x1 armed=1
[ACC] reads=40045 stale=39992 rderr=3 ax=54 ay=-20 az=1127
[PWR] pm=0x1 drift=1 rderr=0
[DWT] ok=1 cyc=3696397968 cyc_per_ms=799920
[HB] up_ms=886284 frames=40094 inf=40094 hazard=562 canary_err=0 q=0 qovr=0
[I2C] init=0 gate=0 whoami=0x140e0 wr=0 wrseen=0x27 addr=0x5a ok=244891 err=3 tmo=0 recov=4 pclk1=200000000 sysclk=400000000
[NAK] nacks=3
[CLK] cpu=800000000 sysb=400000000 pclk1=200000000
[TOF] res=0 step=0 id=0xeacc blk=0xeacc10 ctl=0x0
[RNG] init=0 step=99 id=0xeacc boot=1 calls=93 xerr=0 dm=1 tb=15
[RNG] osc=41 imp=881 imprb=881 mstart=0x40 cfg=91 cfgfail=0x0 vhv=0 vpolls=0
[PRT] calls=160497 xerr=0 ler=1 lidx=0x0 perr=0 maxcnt=17 addr8=0x52
[RTY] wr=0 wmax=0 wref=0  rd=0 rmax=0 rref=0
[RNG] frames=40096 last=37 min=12 max=159 nrdy=0 dxfer=0 dstat=0 lst=0 nrdyerr=0 dclr=0
[DRV] init=0 id=7 mode=0x1 lib=0x2 seq=0x1 odc=0x8b sts=0xe0 armed=1
[TRG] pulses=418 suppressed=144 cyc=1600 rst=1 rstmode=0x40
[HLT] polls=801 faults=0x0 cfglost=0
[EFF] n=5 last=58555 min=58548 max=58555 late=0 stuck=0 rderr=0
[IMU] init=0 addr=0x68 who=0x68 rst=1 pmrb0=0x40 pmrb=0x1 sr=19 cfg=4 gcfg=0x0 acfg=0x8 icfg=0x30 ien=0x1 armed=1
[ACC] reads=40095 stale=40042 rderr=3 ax=56 ay=-19 az=1123
[PWR] pm=0x1 drift=1 rderr=0
[DWT] ok=1 cyc=283781554 cyc_per_ms=799955
[HB] up_ms=887386 frames=40144 inf=40144 hazard=562 canary_err=0 q=0 qovr=0
[I2C] init=0 gate=0 whoami=0x140e0 wr=0 wrseen=0x27 addr=0x5a ok=245193 err=3 tmo=0 recov=4 pclk1=200000000 sysclk=400000000
[NAK] nacks=3
[CLK] cpu=800000000 sysb=400000000 pclk1=200000000
[TOF] res=0 step=0 id=0xeacc blk=0xeacc10 ctl=0x0
[RNG] init=0 step=99 id=0xeacc boot=1 calls=93 xerr=0 dm=1 tb=15
[RNG] osc=41 imp=881 imprb=881 mstart=0x40 cfg=91 cfgfail=0x0 vhv=0 vpolls=0
[PRT] calls=160697 xerr=0 ler=1 lidx=0x0 perr=0 maxcnt=17 addr8=0x52
[RTY] wr=0 wmax=0 wref=0  rd=0 rmax=0 rref=0
[RNG] frames=40146 last=46 min=12 max=159 nrdy=0 dxfer=0 dstat=0 lst=0 nrdyerr=0 dclr=0
[DRV] init=0 id=7 mode=0x1 lib=0x2 seq=0x1 odc=0x8b sts=0xe0 armed=1
[TRG] pulses=418 suppressed=144 cyc=1600 rst=1 rstmode=0x40
[HLT] polls=802 faults=0x0 cfglost=0
[EFF] n=5 last=58555 min=58548 max=58555 late=0 stuck=0 rderr=0
[IMU] init=0 addr=0x68 who=0x68 rst=1 pmrb0=0x40 pmrb=0x1 sr=19 cfg=4 gcfg=0x0 acfg=0x8 icfg=0x30 ien=0x1 armed=1
[ACC] reads=40145 stale=40092 rderr=3 ax=55 ay=-20 az=1122
[PWR] pm=0x1 drift=1 rderr=0
[DWT] ok=1 cyc=1165381470 cyc_per_ms=799999
[HB] up_ms=888488 frames=40194 inf=40194 hazard=563 canary_err=0 q=0 qovr=0
[I2C] init=0 gate=0 whoami=0x140e0 wr=0 wrseen=0x27 addr=0x5a ok=245495 err=3 tmo=0 recov=4 pclk1=200000000 sysclk=400000000
[NAK] nacks=3
[CLK] cpu=800000000 sysb=400000000 pclk1=200000000
[TOF] res=0 step=0 id=0xeacc blk=0xeacc10 ctl=0x0
[RNG] init=0 step=99 id=0xeacc boot=1 calls=93 xerr=0 dm=1 tb=15
[RNG] osc=41 imp=881 imprb=881 mstart=0x40 cfg=91 cfgfail=0x0 vhv=0 vpolls=0
[PRT] calls=160897 xerr=0 ler=1 lidx=0x0 perr=0 maxcnt=17 addr8=0x52
[RTY] wr=0 wmax=0 wref=0  rd=0 rmax=0 rref=0
[RNG] frames=40196 last=35 min=12 max=159 nrdy=0 dxfer=0 dstat=0 lst=0 nrdyerr=0 dclr=0
[DRV] init=0 id=7 mode=0x1 lib=0x2 seq=0x1 odc=0x8b sts=0xe0 armed=1
[TRG] pulses=419 suppressed=144 cyc=1600 rst=1 rstmode=0x40
[HLT] polls=803 faults=0x0 cfglost=0
[EFF] n=5 last=58555 min=58548 max=58555 late=0 stuck=0 rderr=0
[IMU] init=0 addr=0x68 who=0x68 rst=1 pmrb0=0x40 pmrb=0x1 sr=19 cfg=4 gcfg=0x0 acfg=0x8 icfg=0x30 ien=0x1 armed=1
[ACC] reads=40195 stale=40142 rderr=3 ax=55 ay=-18 az=1123
[PWR] pm=0x1 drift=1 rderr=0
[DWT] ok=1 cyc=2046981522 cyc_per_ms=800000
[HB] up_ms=889590 frames=40244 inf=40244 hazard=563 canary_err=0 q=0 qovr=0
[I2C] init=0 gate=0 whoami=0x140e0 wr=0 wrseen=0x27 addr=0x5a ok=245797 err=3 tmo=0 recov=4 pclk1=200000000 sysclk=400000000
[NAK] nacks=3
[CLK] cpu=800000000 sysb=400000000 pclk1=200000000
[TOF] res=0 step=0 id=0xeacc blk=0xeacc10 ctl=0x0
[RNG] init=0 step=99 id=0xeacc boot=1 calls=93 xerr=0 dm=1 tb=15
[RNG] osc=41 imp=881 imprb=881 mstart=0x40 cfg=91 cfgfail=0x0 vhv=0 vpolls=0
[PRT] calls=161097 xerr=0 ler=1 lidx=0x0 perr=0 maxcnt=17 addr8=0x52
[RTY] wr=0 wmax=0 wref=0  rd=0 rmax=0 rref=0
[RNG] frames=40246 last=39 min=12 max=159 nrdy=0 dxfer=0 dstat=0 lst=0 nrdyerr=0 dclr=0
[DRV] init=0 id=7 mode=0x1 lib=0x2 seq=0x1 odc=0x8b sts=0xe0 armed=1
[TRG] pulses=419 suppressed=144 cyc=1600 rst=1 rstmode=0x40
[HLT] polls=804 faults=0x0 cfglost=0
[EFF] n=5 last=58555 min=58548 max=58555 late=0 stuck=0 rderr=0
[IMU] init=0 addr=0x68 who=0x68 rst=1 pmrb0=0x40 pmrb=0x1 sr=19 cfg=4 gcfg=0x0 acfg=0x8 icfg=0x30 ien=0x1 armed=1
[ACC] reads=40245 stale=40192 rderr=3 ax=55 ay=-20 az=1125
[PWR] pm=0x1 drift=1 rderr=0
[DWT] ok=1 cyc=2928581414 cyc_per_ms=799999
[HB] up_ms=890692 frames=40294 inf=40294 hazard=563 canary_err=0 q=0 qovr=0
[I2C] init=0 gate=0 whoami=0x140e0 wr=0 wrseen=0x27 addr=0x5a ok=246099 err=3 tmo=0 recov=4 pclk1=200000000 sysclk=400000000
[NAK] nacks=3
[CLK] cpu=800000000 sysb=400000000 pclk1=200000000
[TOF] res=0 step=0 id=0xeacc blk=0xeacc10 ctl=0x0
[RNG] init=0 step=99 id=0xeacc boot=1 calls=93 xerr=0 dm=1 tb=15
[RNG] osc=41 imp=881 imprb=881 mstart=0x40 cfg=91 cfgfail=0x0 vhv=0 vpolls=0
[PRT] calls=161297 xerr=0 ler=1 lidx=0x0 perr=0 maxcnt=17 addr8=0x52
[RTY] wr=0 wmax=0 wref=0  rd=0 rmax=0 rref=0
[RNG] frames=40296 last=42 min=12 max=159 nrdy=0 dxfer=0 dstat=0 lst=0 nrdyerr=0 dclr=0
[DRV] init=0 id=7 mode=0x1 lib=0x2 seq=0x1 odc=0x8b sts=0xe0 armed=1
[TRG] pulses=419 suppressed=144 cyc=1600 rst=1 rstmode=0x40
[HLT] polls=805 faults=0x0 cfglost=0
[EFF] n=5 last=58555 min=58548 max=58555 late=0 stuck=0 rderr=0
[IMU] init=0 addr=0x68 who=0x68 rst=1 pmrb0=0x40 pmrb=0x1 sr=19 cfg=4 gcfg=0x0 acfg=0x8 icfg=0x30 ien=0x1 armed=1
[ACC] reads=40295 stale=40242 rderr=3 ax=56 ay=-22 az=1120
[PWR] pm=0x1 drift=1 rderr=0
[DWT] ok=1 cyc=3810181430 cyc_per_ms=800000
[HB] up_ms=891794 frames=40344 inf=40344 hazard=564 canary_err=0 q=0 qovr=0
[I2C] init=0 gate=0 whoami=0x140e0 wr=0 wrseen=0x27 addr=0x5a ok=246401 err=3 tmo=0 recov=4 pclk1=200000000 sysclk=400000000
[NAK] nacks=3
[CLK] cpu=800000000 sysb=400000000 pclk1=200000000
[TOF] res=0 step=0 id=0xeacc blk=0xeacc10 ctl=0x0
[RNG] init=0 step=99 id=0xeacc boot=1 calls=93 xerr=0 dm=1 tb=15
[RNG] osc=41 imp=881 imprb=881 mstart=0x40 cfg=91 cfgfail=0x0 vhv=0 vpolls=0
[PRT] calls=161493 xerr=0 ler=1 lidx=0x0 perr=0 maxcnt=17 addr8=0x52
[RTY] wr=0 wmax=0 wref=0  rd=0 rmax=0 rref=0
[RNG] frames=40346 last=31 min=12 max=159 nrdy=0 dxfer=0 dstat=0 lst=0 nrdyerr=0 dclr=0
[DRV] init=0 id=7 mode=0x1 lib=0x2 seq=0x1 odc=0x8b sts=0xe0 armed=1
[TRG] pulses=420 suppressed=144 cyc=1600 rst=1 rstmode=0x40
[HLT] polls=806 faults=0x0 cfglost=0
[EFF] n=5 last=58555 min=58548 max=58555 late=0 stuck=0 rderr=0
[IMU] init=0 addr=0x68 who=0x68 rst=1 pmrb0=0x40 pmrb=0x1 sr=19 cfg=4 gcfg=0x0 acfg=0x8 icfg=0x30 ien=0x1 armed=1
[ACC] reads=40345 stale=40292 rderr=3 ax=56 ay=-21 az=1123
[PWR] pm=0x1 drift=1 rderr=0
[DWT] ok=1 cyc=396814094 cyc_per_ms=799999
[HB] up_ms=892896 frames=40394 inf=40394 hazard=564 canary_err=0 q=0 qovr=0
[I2C] init=0 gate=0 whoami=0x140e0 wr=0 wrseen=0x27 addr=0x5a ok=246703 err=3 tmo=0 recov=4 pclk1=200000000 sysclk=400000000
[NAK] nacks=3
[CLK] cpu=800000000 sysb=400000000 pclk1=200000000
[TOF] res=0 step=0 id=0xeacc blk=0xeacc10 ctl=0x0
[RNG] init=0 step=99 id=0xeacc boot=1 calls=93 xerr=0 dm=1 tb=15
[RNG] osc=41 imp=881 imprb=881 mstart=0x40 cfg=91 cfgfail=0x0 vhv=0 vpolls=0
[PRT] calls=161693 xerr=0 ler=1 lidx=0x0 perr=0 maxcnt=17 addr8=0x52
[RTY] wr=0 wmax=0 wref=0  rd=0 rmax=0 rref=0
[RNG] frames=40396 last=38 min=12 max=159 nrdy=0 dxfer=0 dstat=0 lst=0 nrdyerr=0 dclr=0
[DRV] init=0 id=7 mode=0x1 lib=0x2 seq=0x1 odc=0x8b sts=0xe0 armed=1
[TRG] pulses=420 suppressed=144 cyc=1600 rst=1 rstmode=0x40
[HLT] polls=807 faults=0x0 cfglost=0
[EFF] n=5 last=58555 min=58548 max=58555 late=0 stuck=0 rderr=0
[IMU] init=0 addr=0x68 who=0x68 rst=1 pmrb0=0x40 pmrb=0x1 sr=19 cfg=4 gcfg=0x0 acfg=0x8 icfg=0x30 ien=0x1 armed=1
[ACC] reads=40394 stale=40341 rderr=3 ax=55 ay=-20 az=1122
[PWR] pm=0x1 drift=1 rderr=0
[DWT] ok=1 cyc=1278414242 cyc_per_ms=800000
[HB] up_ms=893998 frames=40443 inf=40443 hazard=564 canary_err=0 q=0 qovr=0
[I2C] init=0 gate=0 whoami=0x140e0 wr=0 wrseen=0x27 addr=0x5a ok=247005 err=3 tmo=0 recov=4 pclk1=200000000 sysclk=400000000
[NAK] nacks=3
[CLK] cpu=800000000 sysb=400000000 pclk1=200000000
[TOF] res=0 step=0 id=0xeacc blk=0xeacc10 ctl=0x0
[RNG] init=0 step=99 id=0xeacc boot=1 calls=93 xerr=0 dm=1 tb=15
[RNG] osc=41 imp=881 imprb=881 mstart=0x40 cfg=91 cfgfail=0x0 vhv=0 vpolls=0
[PRT] calls=161893 xerr=0 ler=1 lidx=0x0 perr=0 maxcnt=17 addr8=0x52
[RTY] wr=0 wmax=0 wref=0  rd=0 rmax=0 rref=0
[RNG] frames=40446 last=47 min=12 max=159 nrdy=0 dxfer=0 dstat=0 lst=0 nrdyerr=0 dclr=0
[DRV] init=0 id=7 mode=0x1 lib=0x2 seq=0x1 odc=0x8b sts=0xe0 armed=1
[TRG] pulses=420 suppressed=144 cyc=1600 rst=1 rstmode=0x40
[HLT] polls=808 faults=0x0 cfglost=0
[EFF] n=5 last=58555 min=58548 max=58555 late=0 stuck=0 rderr=0
[IMU] init=0 addr=0x68 who=0x68 rst=1 pmrb0=0x40 pmrb=0x1 sr=19 cfg=4 gcfg=0x0 acfg=0x8 icfg=0x30 ien=0x1 armed=1
[ACC] reads=40444 stale=40391 rderr=3 ax=55 ay=-22 az=1123
[PWR] pm=0x1 drift=1 rderr=0
[DWT] ok=1 cyc=2160150812 cyc_per_ms=800123
[HB] up_ms=895101 frames=40493 inf=40493 hazard=564 canary_err=0 q=0 qovr=0
[I2C] init=0 gate=0 whoami=0x140e0 wr=0 wrseen=0x27 addr=0x5a ok=247307 err=3 tmo=0 recov=4 pclk1=200000000 sysclk=400000000
[NAK] nacks=3
[CLK] cpu=800000000 sysb=400000000 pclk1=200000000
[TOF] res=0 step=0 id=0xeacc blk=0xeacc10 ctl=0x0
[RNG] init=0 step=99 id=0xeacc boot=1 calls=93 xerr=0 dm=1 tb=15
[RNG] osc=41 imp=881 imprb=881 mstart=0x40 cfg=91 cfgfail=0x0 vhv=0 vpolls=0
[PRT] calls=162093 xerr=0 ler=1 lidx=0x0 perr=0 maxcnt=17 addr8=0x52
[RTY] wr=0 wmax=0 wref=0  rd=0 rmax=0 rref=0
[RNG] frames=40496 last=28 min=12 max=159 nrdy=0 dxfer=0 dstat=0 lst=0 nrdyerr=0 dclr=0
[DRV] init=0 id=7 mode=0x1 lib=0x2 seq=0x1 odc=0x8b sts=0xe0 armed=1
[TRG] pulses=420 suppressed=144 cyc=1600 rst=1 rstmode=0x40
[HLT] polls=809 faults=0x0 cfglost=0
[EFF] n=5 last=58555 min=58548 max=58555 late=0 stuck=0 rderr=0
[IMU] init=0 addr=0x68 who=0x68 rst=1 pmrb0=0x40 pmrb=0x1 sr=19 cfg=4 gcfg=0x0 acfg=0x8 icfg=0x30 ien=0x1 armed=1
[ACC] reads=40494 stale=40441 rderr=3 ax=55 ay=-21 az=1123
[PWR] pm=0x1 drift=1 rderr=0
[DWT] ok=1 cyc=3042551536 cyc_per_ms=800000
[HB] up_ms=896204 frames=40543 inf=40543 hazard=565 canary_err=0 q=0 qovr=0
[I2C] init=0 gate=0 whoami=0x140e0 wr=0 wrseen=0x27 addr=0x5a ok=247609 err=3 tmo=0 recov=4 pclk1=200000000 sysclk=400000000
[NAK] nacks=3
[CLK] cpu=800000000 sysb=400000000 pclk1=200000000
[TOF] res=0 step=0 id=0xeacc blk=0xeacc10 ctl=0x0
[RNG] init=0 step=99 id=0xeacc boot=1 calls=93 xerr=0 dm=1 tb=15
[RNG] osc=41 imp=881 imprb=881 mstart=0x40 cfg=91 cfgfail=0x0 vhv=0 vpolls=0
[PRT] calls=162293 xerr=0 ler=1 lidx=0x0 perr=0 maxcnt=17 addr8=0x52
[RTY] wr=0 wmax=0 wref=0  rd=0 rmax=0 rref=0
[RNG] frames=40545 last=34 min=12 max=159 nrdy=0 dxfer=0 dstat=0 lst=0 nrdyerr=0 dclr=0
[DRV] init=0 id=7 mode=0x1 lib=0x2 seq=0x1 odc=0x8b sts=0xe0 armed=1
[TRG] pulses=421 suppressed=144 cyc=1600 rst=1 rstmode=0x40
[HLT] polls=810 faults=0x0 cfglost=0
[EFF] n=5 last=58555 min=58548 max=58555 late=0 stuck=0 rderr=0
[IMU] init=0 addr=0x68 who=0x68 rst=1 pmrb0=0x40 pmrb=0x1 sr=19 cfg=4 gcfg=0x0 acfg=0x8 icfg=0x30 ien=0x1 armed=1
[ACC] reads=40544 stale=40491 rderr=3 ax=56 ay=-20 az=1123
[PWR] pm=0x1 drift=1 rderr=0
[DWT] ok=1 cyc=3924927260 cyc_per_ms=799977
[HB] up_ms=897307 frames=40593 inf=40593 hazard=565 canary_err=0 q=0 qovr=0
[I2C] init=0 gate=0 whoami=0x140e0 wr=0 wrseen=0x27 addr=0x5a ok=247907 err=3 tmo=0 recov=4 pclk1=200000000 sysclk=400000000
[NAK] nacks=3
[CLK] cpu=800000000 sysb=400000000 pclk1=200000000
[TOF] res=0 step=0 id=0xeacc blk=0xeacc10 ctl=0x0
[RNG] init=0 step=99 id=0xeacc boot=1 calls=93 xerr=0 dm=1 tb=15
[RNG] osc=41 imp=881 imprb=881 mstart=0x40 cfg=91 cfgfail=0x0 vhv=0 vpolls=0
[PRT] calls=162493 xerr=0 ler=1 lidx=0x0 perr=0 maxcnt=17 addr8=0x52
[RTY] wr=0 wmax=0 wref=0  rd=0 rmax=0 rref=0
[RNG] frames=40595 last=42 min=12 max=159 nrdy=0 dxfer=0 dstat=0 lst=0 nrdyerr=0 dclr=0
[DRV] init=0 id=7 mode=0x1 lib=0x2 seq=0x1 odc=0x8b sts=0xe0 armed=1
[TRG] pulses=421 suppressed=144 cyc=1600 rst=1 rstmode=0x40
[HLT] polls=811 faults=0x0 cfglost=0
[EFF] n=5 last=58555 min=58548 max=58555 late=0 stuck=0 rderr=0
[IMU] init=0 addr=0x68 who=0x68 rst=1 pmrb0=0x40 pmrb=0x1 sr=19 cfg=4 gcfg=0x0 acfg=0x8 icfg=0x30 ien=0x1 armed=1
[ACC] reads=40594 stale=40541 rderr=3 ax=54 ay=-18 az=1127
[PWR] pm=0x1 drift=1 rderr=0
[DWT] ok=1 cyc=512246830 cyc_per_ms=799897
[HB] up_ms=898409 frames=40643 inf=40643 hazard=568 canary_err=0 q=0 qovr=0
[I2C] init=0 gate=0 whoami=0x140e0 wr=0 wrseen=0x27 addr=0x5a ok=248207 err=3 tmo=0 recov=4 pclk1=200000000 sysclk=400000000
[NAK] nacks=3
[CLK] cpu=800000000 sysb=400000000 pclk1=200000000
[TOF] res=0 step=0 id=0xeacc blk=0xeacc10 ctl=0x0
[RNG] init=0 step=99 id=0xeacc boot=1 calls=93 xerr=0 dm=1 tb=15
[RNG] osc=41 imp=881 imprb=881 mstart=0x40 cfg=91 cfgfail=0x0 vhv=0 vpolls=0
[PRT] calls=162693 xerr=0 ler=1 lidx=0x0 perr=0 maxcnt=17 addr8=0x52
[RTY] wr=0 wmax=0 wref=0  rd=0 rmax=0 rref=0
[RNG] frames=40645 last=31 min=12 max=159 nrdy=0 dxfer=0 dstat=0 lst=0 nrdyerr=0 dclr=0
[DRV] init=0 id=7 mode=0x1 lib=0x2 seq=0x1 odc=0x8b sts=0xe0 armed=1
[TRG] pulses=422 suppressed=146 cyc=1600 rst=1 rstmode=0x40
[HLT] polls=812 faults=0x0 cfglost=0
[EFF] n=5 last=58555 min=58548 max=58555 late=0 stuck=0 rderr=0
[IMU] init=0 addr=0x68 who=0x68 rst=1 pmrb0=0x40 pmrb=0x1 sr=19 cfg=4 gcfg=0x0 acfg=0x8 icfg=0x30 ien=0x1 armed=1
[ACC] reads=40644 stale=40591 rderr=3 ax=52 ay=-20 az=1124
[PWR] pm=0x1 drift=1 rderr=0
[DWT] ok=1 cyc=1393846958 cyc_per_ms=800000
[HB] up_ms=899511 frames=40693 inf=40693 hazard=568 canary_err=0 q=0 qovr=0
[I2C] init=0 gate=0 whoami=0x140e0 wr=0 wrseen=0x27 addr=0x5a ok=248509 err=3 tmo=0 recov=4 pclk1=200000000 sysclk=400000000
[NAK] nacks=3
[CLK] cpu=800000000 sysb=400000000 pclk1=200000000
[TOF] res=0 step=0 id=0xeacc blk=0xeacc10 ctl=0x0
[RNG] init=0 step=99 id=0xeacc boot=1 calls=93 xerr=0 dm=1 tb=15
[RNG] osc=41 imp=881 imprb=881 mstart=0x40 cfg=91 cfgfail=0x0 vhv=0 vpolls=0
[PRT] calls=162893 xerr=0 ler=1 lidx=0x0 perr=0 maxcnt=17 addr8=0x52
[RTY] wr=0 wmax=0 wref=0  rd=0 rmax=0 rref=0
[RNG] frames=40695 last=50 min=12 max=159 nrdy=0 dxfer=0 dstat=0 lst=0 nrdyerr=0 dclr=0
[DRV] init=0 id=7 mode=0x1 lib=0x2 seq=0x1 odc=0x8b sts=0xe0 armed=1
[TRG] pulses=422 suppressed=146 cyc=1600 rst=1 rstmode=0x40
[HLT] polls=813 faults=0x0 cfglost=0
[EFF] n=5 last=58555 min=58548 max=58555 late=0 stuck=0 rderr=0
[IMU] init=0 addr=0x68 who=0x68 rst=1 pmrb0=0x40 pmrb=0x1 sr=19 cfg=4 gcfg=0x0 acfg=0x8 icfg=0x30 ien=0x1 armed=1
[ACC] reads=40694 stale=40641 rderr=3 ax=55 ay=-21 az=1126
[PWR] pm=0x1 drift=1 rderr=0
[DWT] ok=1 cyc=2275446818 cyc_per_ms=799999
[HB] up_ms=900613 frames=40743 inf=40743 hazard=568 canary_err=0 q=0 qovr=0
[I2C] init=0 gate=0 whoami=0x140e0 wr=0 wrseen=0x27 addr=0x5a ok=248811 err=3 tmo=0 recov=4 pclk1=200000000 sysclk=400000000
[NAK] nacks=3
[CLK] cpu=800000000 sysb=400000000 pclk1=200000000
[TOF] res=0 step=0 id=0xeacc blk=0xeacc10 ctl=0x0
[RNG] init=0 step=99 id=0xeacc boot=1 calls=93 xerr=0 dm=1 tb=15
[RNG] osc=41 imp=881 imprb=881 mstart=0x40 cfg=91 cfgfail=0x0 vhv=0 vpolls=0
[PRT] calls=163093 xerr=0 ler=1 lidx=0x0 perr=0 maxcnt=17 addr8=0x52
[RTY] wr=0 wmax=0 wref=0  rd=0 rmax=0 rref=0
[RNG] frames=40745 last=48 min=12 max=159 nrdy=0 dxfer=0 dstat=0 lst=0 nrdyerr=0 dclr=0
[DRV] init=0 id=7 mode=0x1 lib=0x2 seq=0x1 odc=0x8b sts=0xe0 armed=1
[TRG] pulses=422 suppressed=146 cyc=1600 rst=1 rstmode=0x40
[HLT] polls=814 faults=0x0 cfglost=0
[EFF] n=5 last=58555 min=58548 max=58555 late=0 stuck=0 rderr=0
[IMU] init=0 addr=0x68 who=0x68 rst=1 pmrb0=0x40 pmrb=0x1 sr=19 cfg=4 gcfg=0x0 acfg=0x8 icfg=0x30 ien=0x1 armed=1
[ACC] reads=40744 stale=40691 rderr=3 ax=54 ay=-22 az=1123
[PWR] pm=0x1 drift=1 rderr=0
[DWT] ok=1 cyc=3157046762 cyc_per_ms=799999
[HB] up_ms=901715 frames=40793 inf=40793 hazard=568 canary_err=0 q=0 qovr=0
[I2C] init=0 gate=0 whoami=0x140e0 wr=0 wrseen=0x27 addr=0x5a ok=249113 err=3 tmo=0 recov=4 pclk1=200000000 sysclk=400000000
[NAK] nacks=3
[CLK] cpu=800000000 sysb=400000000 pclk1=200000000
[TOF] res=0 step=0 id=0xeacc blk=0xeacc10 ctl=0x0
[RNG] init=0 step=99 id=0xeacc boot=1 calls=93 xerr=0 dm=1 tb=15
[RNG] osc=41 imp=881 imprb=881 mstart=0x40 cfg=91 cfgfail=0x0 vhv=0 vpolls=0
[PRT] calls=163293 xerr=0 ler=1 lidx=0x0 perr=0 maxcnt=17 addr8=0x52
[RTY] wr=0 wmax=0 wref=0  rd=0 rmax=0 rref=0
[RNG] frames=40795 last=36 min=12 max=159 nrdy=0 dxfer=0 dstat=0 lst=0 nrdyerr=0 dclr=0
[DRV] init=0 id=7 mode=0x1 lib=0x2 seq=0x1 odc=0x8b sts=0xe0 armed=1
[TRG] pulses=422 suppressed=146 cyc=1600 rst=1 rstmode=0x40
[HLT] polls=815 faults=0x0 cfglost=0
[EFF] n=5 last=58555 min=58548 max=58555 late=0 stuck=0 rderr=0
[IMU] init=0 addr=0x68 who=0x68 rst=1 pmrb0=0x40 pmrb=0x1 sr=19 cfg=4 gcfg=0x0 acfg=0x8 icfg=0x30 ien=0x1 armed=1
[ACC] reads=40794 stale=40741 rderr=3 ax=55 ay=-20 az=1123
[PWR] pm=0x1 drift=1 rderr=0
[DWT] ok=1 cyc=4038646938 cyc_per_ms=800000
[HB] up_ms=902817 frames=40843 inf=40843 hazard=568 canary_err=0 q=0 qovr=0
[I2C] init=0 gate=0 whoami=0x140e0 wr=0 wrseen=0x27 addr=0x5a ok=249415 err=3 tmo=0 recov=4 pclk1=200000000 sysclk=400000000
[NAK] nacks=3
[CLK] cpu=800000000 sysb=400000000 pclk1=200000000
[TOF] res=0 step=0 id=0xeacc blk=0xeacc10 ctl=0x0
[RNG] init=0 step=99 id=0xeacc boot=1 calls=93 xerr=0 dm=1 tb=15
[RNG] osc=41 imp=881 imprb=881 mstart=0x40 cfg=91 cfgfail=0x0 vhv=0 vpolls=0
[PRT] calls=163492 xerr=0 ler=1 lidx=0x0 perr=0 maxcnt=17 addr8=0x52
[RTY] wr=0 wmax=0 wref=0  rd=0 rmax=0 rref=0
[RNG] frames=40845 last=46 min=12 max=159 nrdy=0 dxfer=0 dstat=0 lst=0 nrdyerr=0 dclr=0
[DRV] init=0 id=7 mode=0x1 lib=0x2 seq=0x1 odc=0x8b sts=0xe0 armed=1
[TRG] pulses=422 suppressed=146 cyc=1600 rst=1 rstmode=0x40
[HLT] polls=816 faults=0x0 cfglost=0
[EFF] n=5 last=58555 min=58548 max=58555 late=0 stuck=0 rderr=0
[IMU] init=0 addr=0x68 who=0x68 rst=1 pmrb0=0x40 pmrb=0x1 sr=19 cfg=4 gcfg=0x0 acfg=0x8 icfg=0x30 ien=0x1 armed=1
[ACC] reads=40844 stale=40791 rderr=3 ax=56 ay=-19 az=1123
[PWR] pm=0x1 drift=1 rderr=0
[DWT] ok=1 cyc=625279566 cyc_per_ms=799999
[HB] up_ms=903919 frames=40893 inf=40893 hazard=568 canary_err=0 q=0 qovr=0
[I2C] init=0 gate=0 whoami=0x140e0 wr=0 wrseen=0x27 addr=0x5a ok=249717 err=3 tmo=0 recov=4 pclk1=200000000 sysclk=400000000
[NAK] nacks=3
[CLK] cpu=800000000 sysb=400000000 pclk1=200000000
[TOF] res=0 step=0 id=0xeacc blk=0xeacc10 ctl=0x0
[RNG] init=0 step=99 id=0xeacc boot=1 calls=93 xerr=0 dm=1 tb=15
[RNG] osc=41 imp=881 imprb=881 mstart=0x40 cfg=91 cfgfail=0x0 vhv=0 vpolls=0
[PRT] calls=163689 xerr=0 ler=1 lidx=0x0 perr=0 maxcnt=17 addr8=0x52
[RTY] wr=0 wmax=0 wref=0  rd=0 rmax=0 rref=0
[RNG] frames=40895 last=39 min=12 max=159 nrdy=0 dxfer=0 dstat=0 lst=0 nrdyerr=0 dclr=0
[DRV] init=0 id=7 mode=0x1 lib=0x2 seq=0x1 odc=0x8b sts=0xe0 armed=1
[TRG] pulses=422 suppressed=146 cyc=1600 rst=1 rstmode=0x40
[HLT] polls=817 faults=0x0 cfglost=0
[EFF] n=5 last=58555 min=58548 max=58555 late=0 stuck=0 rderr=0
[IMU] init=0 addr=0x68 who=0x68 rst=1 pmrb0=0x40 pmrb=0x1 sr=19 cfg=4 gcfg=0x0 acfg=0x8 icfg=0x30 ien=0x1 armed=1
[ACC] reads=40893 stale=40841 rderr=3 ax=55 ay=-19 az=1123
[PWR] pm=0x1 drift=1 rderr=0
[DWT] ok=1 cyc=1506879486 cyc_per_ms=799999
[HB] up_ms=905021 frames=40942 inf=40942 hazard=569 canary_err=0 q=0 qovr=0
[I2C] init=0 gate=0 whoami=0x140e0 wr=0 wrseen=0x27 addr=0x5a ok=250019 err=3 tmo=0 recov=4 pclk1=200000000 sysclk=400000000
[NAK] nacks=3
[CLK] cpu=800000000 sysb=400000000 pclk1=200000000
[TOF] res=0 step=0 id=0xeacc blk=0xeacc10 ctl=0x0
[RNG] init=0 step=99 id=0xeacc boot=1 calls=93 xerr=0 dm=1 tb=15
[RNG] osc=41 imp=881 imprb=881 mstart=0x40 cfg=91 cfgfail=0x0 vhv=0 vpolls=0
[PRT] calls=163889 xerr=0 ler=1 lidx=0x0 perr=0 maxcnt=17 addr8=0x52
[RTY] wr=0 wmax=0 wref=0  rd=0 rmax=0 rref=0
[RNG] frames=40945 last=46 min=12 max=159 nrdy=0 dxfer=0 dstat=0 lst=0 nrdyerr=0 dclr=0
[DRV] init=0 id=7 mode=0x1 lib=0x2 seq=0x1 odc=0x8b sts=0xe0 armed=1
[TRG] pulses=423 suppressed=146 cyc=1600 rst=1 rstmode=0x40
[HLT] polls=818 faults=0x0 cfglost=0
[EFF] n=5 last=58555 min=58548 max=58555 late=0 stuck=0 rderr=0
[IMU] init=0 addr=0x68 who=0x68 rst=1 pmrb0=0x40 pmrb=0x1 sr=19 cfg=4 gcfg=0x0 acfg=0x8 icfg=0x30 ien=0x1 armed=1
[ACC] reads=40943 stale=40890 rderr=3 ax=54 ay=-20 az=1125
[PWR] pm=0x1 drift=1 rderr=0
[DWT] ok=1 cyc=2388520816 cyc_per_ms=800037
[HB] up_ms=906123 frames=40992 inf=40992 hazard=569 canary_err=0 q=0 qovr=0
[I2C] init=0 gate=0 whoami=0x140e0 wr=0 wrseen=0x27 addr=0x5a ok=250321 err=3 tmo=0 recov=4 pclk1=200000000 sysclk=400000000
[NAK] nacks=3
[CLK] cpu=800000000 sysb=400000000 pclk1=200000000
[TOF] res=0 step=0 id=0xeacc blk=0xeacc10 ctl=0x0
[RNG] init=0 step=99 id=0xeacc boot=1 calls=93 xerr=0 dm=1 tb=15
[RNG] osc=41 imp=881 imprb=881 mstart=0x40 cfg=91 cfgfail=0x0 vhv=0 vpolls=0
[PRT] calls=164089 xerr=0 ler=1 lidx=0x0 perr=0 maxcnt=17 addr8=0x52
[RTY] wr=0 wmax=0 wref=0  rd=0 rmax=0 rref=0
[RNG] frames=40995 last=47 min=12 max=159 nrdy=0 dxfer=0 dstat=0 lst=0 nrdyerr=0 dclr=0
[DRV] init=0 id=7 mode=0x1 lib=0x2 seq=0x1 odc=0x8b sts=0xe0 armed=1
[TRG] pulses=423 suppressed=146 cyc=1600 rst=1 rstmode=0x40
[HLT] polls=819 faults=0x0 cfglost=0
[EFF] n=5 last=58555 min=58548 max=58555 late=0 stuck=0 rderr=0
[IMU] init=0 addr=0x68 who=0x68 rst=1 pmrb0=0x40 pmrb=0x1 sr=19 cfg=4 gcfg=0x0 acfg=0x8 icfg=0x30 ien=0x1 armed=1
[ACC] reads=40993 stale=40940 rderr=3 ax=56 ay=-20 az=1124
[PWR] pm=0x1 drift=1 rderr=0
[DWT] ok=1 cyc=3270217064 cyc_per_ms=800087
[HB] up_ms=907226 frames=41042 inf=41042 hazard=570 canary_err=0 q=0 qovr=0
[I2C] init=0 gate=0 whoami=0x140e0 wr=0 wrseen=0x27 addr=0x5a ok=250623 err=3 tmo=0 recov=4 pclk1=200000000 sysclk=400000000
[NAK] nacks=3
[CLK] cpu=800000000 sysb=400000000 pclk1=200000000
[TOF] res=0 step=0 id=0xeacc blk=0xeacc10 ctl=0x0
[RNG] init=0 step=99 id=0xeacc boot=1 calls=93 xerr=0 dm=1 tb=15
[RNG] osc=41 imp=881 imprb=881 mstart=0x40 cfg=91 cfgfail=0x0 vhv=0 vpolls=0
[PRT] calls=164289 xerr=0 ler=1 lidx=0x0 perr=0 maxcnt=17 addr8=0x52
[RTY] wr=0 wmax=0 wref=0  rd=0 rmax=0 rref=0
[RNG] frames=41045 last=42 min=12 max=159 nrdy=0 dxfer=0 dstat=0 lst=0 nrdyerr=0 dclr=0
[DRV] init=0 id=7 mode=0x1 lib=0x2 seq=0x1 odc=0x8b sts=0xe0 armed=1
[TRG] pulses=424 suppressed=146 cyc=1600 rst=1 rstmode=0x40
[HLT] polls=820 faults=0x0 cfglost=0
[EFF] n=5 last=58555 min=58548 max=58555 late=0 stuck=0 rderr=0
[IMU] init=0 addr=0x68 who=0x68 rst=1 pmrb0=0x40 pmrb=0x1 sr=19 cfg=4 gcfg=0x0 acfg=0x8 icfg=0x30 ien=0x1 armed=1
[ACC] reads=41043 stale=40990 rderr=3 ax=56 ay=-20 az=1122
[PWR] pm=0x1 drift=1 rderr=0
[DWT] ok=1 cyc=4152616860 cyc_per_ms=799999
[HB] up_ms=908329 frames=41092 inf=41092 hazard=570 canary_err=0 q=0 qovr=0
[I2C] init=0 gate=0 whoami=0x140e0 wr=0 wrseen=0x27 addr=0x5a ok=250924 err=3 tmo=0 recov=4 pclk1=200000000 sysclk=400000000
[NAK] nacks=3
[CLK] cpu=800000000 sysb=400000000 pclk1=200000000
[TOF] res=0 step=0 id=0xeacc blk=0xeacc10 ctl=0x0
[RNG] init=0 step=99 id=0xeacc boot=1 calls=93 xerr=0 dm=1 tb=15
[RNG] osc=41 imp=881 imprb=881 mstart=0x40 cfg=91 cfgfail=0x0 vhv=0 vpolls=0
[PRT] calls=164489 xerr=0 ler=1 lidx=0x0 perr=0 maxcnt=17 addr8=0x52
[RTY] wr=0 wmax=0 wref=0  rd=0 rmax=0 rref=0
[RNG] frames=41094 last=47 min=12 max=159 nrdy=0 dxfer=0 dstat=0 lst=0 nrdyerr=0 dclr=0
[DRV] init=0 id=7 mode=0x1 lib=0x2 seq=0x1 odc=0x8b sts=0xe0 armed=1
[TRG] pulses=424 suppressed=146 cyc=1600 rst=1 rstmode=0x40
[HLT] polls=821 faults=0x0 cfglost=0
[EFF] n=5 last=58555 min=58548 max=58555 late=0 stuck=0 rderr=0
[IMU] init=0 addr=0x68 who=0x68 rst=1 pmrb0=0x40 pmrb=0x1 sr=19 cfg=4 gcfg=0x0 acfg=0x8 icfg=0x30 ien=0x1 armed=1
[ACC] reads=41093 stale=41040 rderr=3 ax=56 ay=-20 az=1124
[PWR] pm=0x1 drift=1 rderr=0
[DWT] ok=1 cyc=739961496 cyc_per_ms=799920
[HB] up_ms=909431 frames=41142 inf=41142 hazard=570 canary_err=0 q=0 qovr=0
[I2C] init=0 gate=0 whoami=0x140e0 wr=0 wrseen=0x27 addr=0x5a ok=251221 err=3 tmo=0 recov=4 pclk1=200000000 sysclk=400000000
[NAK] nacks=3
[CLK] cpu=800000000 sysb=400000000 pclk1=200000000
[TOF] res=0 step=0 id=0xeacc blk=0xeacc10 ctl=0x0
[RNG] init=0 step=99 id=0xeacc boot=1 calls=93 xerr=0 dm=1 tb=15
[RNG] osc=41 imp=881 imprb=881 mstart=0x40 cfg=91 cfgfail=0x0 vhv=0 vpolls=0
[PRT] calls=164689 xerr=0 ler=1 lidx=0x0 perr=0 maxcnt=17 addr8=0x52
[RTY] wr=0 wmax=0 wref=0  rd=0 rmax=0 rref=0
[RNG] frames=41144 last=54 min=12 max=159 nrdy=0 dxfer=0 dstat=0 lst=0 nrdyerr=0 dclr=0
[DRV] init=0 id=7 mode=0x1 lib=0x2 seq=0x1 odc=0x8b sts=0xe0 armed=1
[TRG] pulses=424 suppressed=146 cyc=1600 rst=1 rstmode=0x40
[HLT] polls=822 faults=0x0 cfglost=0
[EFF] n=5 last=58555 min=58548 max=58555 late=0 stuck=0 rderr=0
[IMU] init=0 addr=0x68 who=0x68 rst=1 pmrb0=0x40 pmrb=0x1 sr=19 cfg=4 gcfg=0x0 acfg=0x8 icfg=0x30 ien=0x1 armed=1
[ACC] reads=41143 stale=41090 rderr=3 ax=55 ay=-21 az=1120
[PWR] pm=0x1 drift=1 rderr=0
[DWT] ok=1 cyc=1621512254 cyc_per_ms=799955
[HB] up_ms=910534 frames=41192 inf=41192 hazard=570 canary_err=0 q=0 qovr=0
[I2C] init=0 gate=0 whoami=0x140e0 wr=0 wrseen=0x27 addr=0x5a ok=251523 err=3 tmo=0 recov=4 pclk1=200000000 sysclk=400000000
[NAK] nacks=3
[CLK] cpu=800000000 sysb=400000000 pclk1=200000000
[TOF] res=0 step=0 id=0xeacc blk=0xeacc10 ctl=0x0
[RNG] init=0 step=99 id=0xeacc boot=1 calls=93 xerr=0 dm=1 tb=15
[RNG] osc=41 imp=881 imprb=881 mstart=0x40 cfg=91 cfgfail=0x0 vhv=0 vpolls=0
[PRT] calls=164889 xerr=0 ler=1 lidx=0x0 perr=0 maxcnt=17 addr8=0x52
[RTY] wr=0 wmax=0 wref=0  rd=0 rmax=0 rref=0
[RNG] frames=41194 last=43 min=12 max=159 nrdy=0 dxfer=0 dstat=0 lst=0 nrdyerr=0 dclr=0
[DRV] init=0 id=7 mode=0x1 lib=0x2 seq=0x1 odc=0x8b sts=0xe0 armed=1
[TRG] pulses=424 suppressed=146 cyc=1600 rst=1 rstmode=0x40
[HLT] polls=823 faults=0x0 cfglost=0
[EFF] n=5 last=58555 min=58548 max=58555 late=0 stuck=0 rderr=0
[IMU] init=0 addr=0x68 who=0x68 rst=1 pmrb0=0x40 pmrb=0x1 sr=19 cfg=4 gcfg=0x0 acfg=0x8 icfg=0x30 ien=0x1 armed=1
[ACC] reads=41193 stale=41140 rderr=3 ax=54 ay=-19 az=1127
[PWR] pm=0x1 drift=1 rderr=0
[DWT] ok=1 cyc=2503912294 cyc_per_ms=800000
[HB] up_ms=911636 frames=41242 inf=41242 hazard=570 canary_err=0 q=0 qovr=0
[I2C] init=0 gate=0 whoami=0x140e0 wr=0 wrseen=0x27 addr=0x5a ok=251825 err=3 tmo=0 recov=4 pclk1=200000000 sysclk=400000000
[NAK] nacks=3
[CLK] cpu=800000000 sysb=400000000 pclk1=200000000
[TOF] res=0 step=0 id=0xeacc blk=0xeacc10 ctl=0x0
[RNG] init=0 step=99 id=0xeacc boot=1 calls=93 xerr=0 dm=1 tb=15
[RNG] osc=41 imp=881 imprb=881 mstart=0x40 cfg=91 cfgfail=0x0 vhv=0 vpolls=0
[PRT] calls=165089 xerr=0 ler=1 lidx=0x0 perr=0 maxcnt=17 addr8=0x52
[RTY] wr=0 wmax=0 wref=0  rd=0 rmax=0 rref=0
[RNG] frames=41244 last=44 min=12 max=159 nrdy=0 dxfer=0 dstat=0 lst=0 nrdyerr=0 dclr=0
[DRV] init=0 id=7 mode=0x1 lib=0x2 seq=0x1 odc=0x8b sts=0xe0 armed=1
[TRG] pulses=424 suppressed=146 cyc=1600 rst=1 rstmode=0x40
[HLT] polls=824 faults=0x0 cfglost=0
[EFF] n=5 last=58555 min=58548 max=58555 late=0 stuck=0 rderr=0
[IMU] init=0 addr=0x68 who=0x68 rst=1 pmrb0=0x40 pmrb=0x1 sr=19 cfg=4 gcfg=0x0 acfg=0x8 icfg=0x30 ien=0x1 armed=1
[ACC] reads=41243 stale=41190 rderr=3 ax=56 ay=-20 az=1126
[PWR] pm=0x1 drift=1 rderr=0
[DWT] ok=1 cyc=3385512294 cyc_per_ms=800000
[HB] up_ms=912738 frames=41292 inf=41292 hazard=570 canary_err=0 q=0 qovr=0
[I2C] init=0 gate=0 whoami=0x140e0 wr=0 wrseen=0x27 addr=0x5a ok=252127 err=3 tmo=0 recov=4 pclk1=200000000 sysclk=400000000
[NAK] nacks=3
[CLK] cpu=800000000 sysb=400000000 pclk1=200000000
[TOF] res=0 step=0 id=0xeacc blk=0xeacc10 ctl=0x0
[RNG] init=0 step=99 id=0xeacc boot=1 calls=93 xerr=0 dm=1 tb=15
[RNG] osc=41 imp=881 imprb=881 mstart=0x40 cfg=91 cfgfail=0x0 vhv=0 vpolls=0
[PRT] calls=165289 xerr=0 ler=1 lidx=0x0 perr=0 maxcnt=17 addr8=0x52
[RTY] wr=0 wmax=0 wref=0  rd=0 rmax=0 rref=0
[RNG] frames=41294 last=47 min=12 max=159 nrdy=0 dxfer=0 dstat=0 lst=0 nrdyerr=0 dclr=0
[DRV] init=0 id=7 mode=0x1 lib=0x2 seq=0x1 odc=0x8b sts=0xe0 armed=1
[TRG] pulses=424 suppressed=146 cyc=1600 rst=1 rstmode=0x40
[HLT] polls=825 faults=0x0 cfglost=0
[EFF] n=5 last=58555 min=58548 max=58555 late=0 stuck=0 rderr=0
[IMU] init=0 addr=0x68 who=0x68 rst=1 pmrb0=0x40 pmrb=0x1 sr=19 cfg=4 gcfg=0x0 acfg=0x8 icfg=0x30 ien=0x1 armed=1
[ACC] reads=41293 stale=41239 rderr=3 ax=54 ay=-19 az=1123
[PWR] pm=0x1 drift=1 rderr=0
[DWT] ok=1 cyc=4267112278 cyc_per_ms=799999
[HB] up_ms=913840 frames=41342 inf=41342 hazard=571 canary_err=0 q=0 qovr=0
[I2C] init=0 gate=0 whoami=0x140e0 wr=0 wrseen=0x27 addr=0x5a ok=252429 err=3 tmo=0 recov=4 pclk1=200000000 sysclk=400000000
[NAK] nacks=3
[CLK] cpu=800000000 sysb=400000000 pclk1=200000000
[TOF] res=0 step=0 id=0xeacc blk=0xeacc10 ctl=0x0
[RNG] init=0 step=99 id=0xeacc boot=1 calls=93 xerr=0 dm=1 tb=15
[RNG] osc=41 imp=881 imprb=881 mstart=0x40 cfg=91 cfgfail=0x0 vhv=0 vpolls=0
[PRT] calls=165489 xerr=0 ler=1 lidx=0x0 perr=0 maxcnt=17 addr8=0x52
[RTY] wr=0 wmax=0 wref=0  rd=0 rmax=0 rref=0
[RNG] frames=41344 last=39 min=12 max=159 nrdy=0 dxfer=0 dstat=0 lst=0 nrdyerr=0 dclr=0
[DRV] init=0 id=7 mode=0x1 lib=0x2 seq=0x1 odc=0x8b sts=0xe0 armed=1
[TRG] pulses=425 suppressed=146 cyc=1600 rst=1 rstmode=0x40
[HLT] polls=826 faults=0x0 cfglost=0
[EFF] n=5 last=58555 min=58548 max=58555 late=0 stuck=0 rderr=0
[IMU] init=0 addr=0x68 who=0x68 rst=1 pmrb0=0x40 pmrb=0x1 sr=19 cfg=4 gcfg=0x0 acfg=0x8 icfg=0x30 ien=0x1 armed=1
[ACC] reads=41343 stale=41289 rderr=3 ax=54 ay=-18 az=1126
[PWR] pm=0x1 drift=1 rderr=0
[DWT] ok=1 cyc=853744870 cyc_per_ms=799999
[HB] up_ms=914942 frames=41392 inf=41392 hazard=571 canary_err=0 q=0 qovr=0
[I2C] init=0 gate=0 whoami=0x140e0 wr=0 wrseen=0x27 addr=0x5a ok=252731 err=3 tmo=0 recov=4 pclk1=200000000 sysclk=400000000
[NAK] nacks=3
[CLK] cpu=800000000 sysb=400000000 pclk1=200000000
[TOF] res=0 step=0 id=0xeacc blk=0xeacc10 ctl=0x0
[RNG] init=0 step=99 id=0xeacc boot=1 calls=93 xerr=0 dm=1 tb=15
[RNG] osc=41 imp=881 imprb=881 mstart=0x40 cfg=91 cfgfail=0x0 vhv=0 vpolls=0
[PRT] calls=165685 xerr=0 ler=1 lidx=0x0 perr=0 maxcnt=17 addr8=0x52
[RTY] wr=0 wmax=0 wref=0  rd=0 rmax=0 rref=0
[RNG] frames=41394 last=43 min=12 max=159 nrdy=0 dxfer=0 dstat=0 lst=0 nrdyerr=0 dclr=0
[DRV] init=0 id=7 mode=0x1 lib=0x2 seq=0x1 odc=0x8b sts=0xe0 armed=1
[TRG] pulses=425 suppressed=146 cyc=1600 rst=1 rstmode=0x40
[HLT] polls=827 faults=0x0 cfglost=0
[EFF] n=5 last=58555 min=58548 max=58555 late=0 stuck=0 rderr=0
[IMU] init=0 addr=0x68 who=0x68 rst=1 pmrb0=0x40 pmrb=0x1 sr=19 cfg=4 gcfg=0x0 acfg=0x8 icfg=0x30 ien=0x1 armed=1
[ACC] reads=41393 stale=41339 rderr=3 ax=53 ay=-19 az=1122
[PWR] pm=0x1 drift=1 rderr=0
[DWT] ok=1 cyc=1735348390 cyc_per_ms=800003
[HB] up_ms=916044 frames=41442 inf=41442 hazard=574 canary_err=0 q=0 qovr=0
[I2C] init=0 gate=0 whoami=0x140e0 wr=0 wrseen=0x27 addr=0x5a ok=253033 err=3 tmo=0 recov=4 pclk1=200000000 sysclk=400000000
[NAK] nacks=3
[CLK] cpu=800000000 sysb=400000000 pclk1=200000000
[TOF] res=0 step=0 id=0xeacc blk=0xeacc10 ctl=0x0
[RNG] init=0 step=99 id=0xeacc boot=1 calls=93 xerr=0 dm=1 tb=15
[RNG] osc=41 imp=881 imprb=881 mstart=0x40 cfg=91 cfgfail=0x0 vhv=0 vpolls=0
[PRT] calls=165885 xerr=0 ler=1 lidx=0x0 perr=0 maxcnt=17 addr8=0x52
[RTY] wr=0 wmax=0 wref=0  rd=0 rmax=0 rref=0
[RNG] frames=41444 last=44 min=12 max=159 nrdy=0 dxfer=0 dstat=0 lst=0 nrdyerr=0 dclr=0
[DRV] init=0 id=7 mode=0x1 lib=0x2 seq=0x1 odc=0x8b sts=0xe0 armed=1
[TRG] pulses=427 suppressed=147 cyc=1600 rst=1 rstmode=0x40
[HLT] polls=828 faults=0x0 cfglost=0
[EFF] n=5 last=58555 min=58548 max=58555 late=0 stuck=0 rderr=0
[IMU] init=0 addr=0x68 who=0x68 rst=1 pmrb0=0x40 pmrb=0x1 sr=19 cfg=4 gcfg=0x0 acfg=0x8 icfg=0x30 ien=0x1 armed=1
[ACC] reads=41442 stale=41388 rderr=3 ax=54 ay=-21 az=1122
[PWR] pm=0x1 drift=1 rderr=0
[DWT] ok=1 cyc=2616945066 cyc_per_ms=799996
[HB] up_ms=917146 frames=41491 inf=41491 hazard=574 canary_err=0 q=0 qovr=0
[I2C] init=0 gate=0 whoami=0x140e0 wr=0 wrseen=0x27 addr=0x5a ok=253335 err=3 tmo=0 recov=4 pclk1=200000000 sysclk=400000000
[NAK] nacks=3
[CLK] cpu=800000000 sysb=400000000 pclk1=200000000
[TOF] res=0 step=0 id=0xeacc blk=0xeacc10 ctl=0x0
[RNG] init=0 step=99 id=0xeacc boot=1 calls=93 xerr=0 dm=1 tb=15
[RNG] osc=41 imp=881 imprb=881 mstart=0x40 cfg=91 cfgfail=0x0 vhv=0 vpolls=0
[PRT] calls=166085 xerr=0 ler=1 lidx=0x0 perr=0 maxcnt=17 addr8=0x52
[RTY] wr=0 wmax=0 wref=0  rd=0 rmax=0 rref=0
[RNG] frames=41494 last=28 min=12 max=159 nrdy=0 dxfer=0 dstat=0 lst=0 nrdyerr=0 dclr=0
[DRV] init=0 id=7 mode=0x1 lib=0x2 seq=0x1 odc=0x8b sts=0xe0 armed=1
[TRG] pulses=427 suppressed=147 cyc=1600 rst=1 rstmode=0x40
[HLT] polls=829 faults=0x0 cfglost=0
[EFF] n=5 last=58555 min=58548 max=58555 late=0 stuck=0 rderr=0
[IMU] init=0 addr=0x68 who=0x68 rst=1 pmrb0=0x40 pmrb=0x1 sr=19 cfg=4 gcfg=0x0 acfg=0x8 icfg=0x30 ien=0x1 armed=1
[ACC] reads=41492 stale=41438 rderr=3 ax=55 ay=-20 az=1122
[PWR] pm=0x1 drift=1 rderr=0
[DWT] ok=1 cyc=3498681572 cyc_per_ms=800123
[HB] up_ms=918249 frames=41541 inf=41541 hazard=575 canary_err=0 q=0 qovr=0
[I2C] init=0 gate=0 whoami=0x140e0 wr=0 wrseen=0x27 addr=0x5a ok=253637 err=3 tmo=0 recov=4 pclk1=200000000 sysclk=400000000
[NAK] nacks=3
[CLK] cpu=800000000 sysb=400000000 pclk1=200000000
[TOF] res=0 step=0 id=0xeacc blk=0xeacc10 ctl=0x0
[RNG] init=0 step=99 id=0xeacc boot=1 calls=93 xerr=0 dm=1 tb=15
[RNG] osc=41 imp=881 imprb=881 mstart=0x40 cfg=91 cfgfail=0x0 vhv=0 vpolls=0
[PRT] calls=166285 xerr=0 ler=1 lidx=0x0 perr=0 maxcnt=17 addr8=0x52
[RTY] wr=0 wmax=0 wref=0  rd=0 rmax=0 rref=0
[RNG] frames=41544 last=38 min=12 max=159 nrdy=0 dxfer=0 dstat=0 lst=0 nrdyerr=0 dclr=0
[DRV] init=0 id=7 mode=0x1 lib=0x2 seq=0x1 odc=0x8b sts=0xe0 armed=1
[TRG] pulses=428 suppressed=147 cyc=1600 rst=1 rstmode=0x40
[HLT] polls=830 faults=0x0 cfglost=0
[EFF] n=5 last=58555 min=58548 max=58555 late=0 stuck=0 rderr=0
[IMU] init=0 addr=0x68 who=0x68 rst=1 pmrb0=0x40 pmrb=0x1 sr=19 cfg=4 gcfg=0x0 acfg=0x8 icfg=0x30 ien=0x1 armed=1
[ACC] reads=41542 stale=41488 rderr=3 ax=53 ay=-21 az=1125
[PWR] pm=0x1 drift=1 rderr=0
[DWT] ok=1 cyc=86115020 cyc_per_ms=800000
[HB] up_ms=919351 frames=41591 inf=41591 hazard=576 canary_err=0 q=0 qovr=0
[I2C] init=0 gate=0 whoami=0x140e0 wr=0 wrseen=0x27 addr=0x5a ok=253938 err=3 tmo=0 recov=4 pclk1=200000000 sysclk=400000000
[NAK] nacks=3
[CLK] cpu=800000000 sysb=400000000 pclk1=200000000
[TOF] res=0 step=0 id=0xeacc blk=0xeacc10 ctl=0x0
[RNG] init=0 step=99 id=0xeacc boot=1 calls=93 xerr=0 dm=1 tb=15
[RNG] osc=41 imp=881 imprb=881 mstart=0x40 cfg=91 cfgfail=0x0 vhv=0 vpolls=0
[PRT] calls=166485 xerr=0 ler=1 lidx=0x0 perr=0 maxcnt=17 addr8=0x52
[RTY] wr=0 wmax=0 wref=0  rd=0 rmax=0 rref=0
[RNG] frames=41593 last=37 min=12 max=159 nrdy=0 dxfer=0 dstat=0 lst=0 nrdyerr=0 dclr=0
[DRV] init=0 id=7 mode=0x1 lib=0x2 seq=0x1 odc=0x8b sts=0xe0 armed=1
[TRG] pulses=429 suppressed=147 cyc=1600 rst=1 rstmode=0x40
[HLT] polls=831 faults=0x0 cfglost=0
[EFF] n=5 last=58555 min=58548 max=58555 late=0 stuck=0 rderr=0
[IMU] init=0 addr=0x68 who=0x68 rst=1 pmrb0=0x40 pmrb=0x1 sr=19 cfg=4 gcfg=0x0 acfg=0x8 icfg=0x30 ien=0x1 armed=1
[ACC] reads=41592 stale=41538 rderr=3 ax=54 ay=-19 az=1124
[PWR] pm=0x1 drift=1 rderr=0
[DWT] ok=1 cyc=967626836 cyc_per_ms=799919
[HB] up_ms=920453 frames=41641 inf=41641 hazard=576 canary_err=0 q=0 qovr=0
[I2C] init=0 gate=0 whoami=0x140e0 wr=0 wrseen=0x27 addr=0x5a ok=254235 err=3 tmo=0 recov=4 pclk1=200000000 sysclk=400000000
[NAK] nacks=3
[CLK] cpu=800000000 sysb=400000000 pclk1=200000000
[TOF] res=0 step=0 id=0xeacc blk=0xeacc10 ctl=0x0
[RNG] init=0 step=99 id=0xeacc boot=1 calls=93 xerr=0 dm=1 tb=15
[RNG] osc=41 imp=881 imprb=881 mstart=0x40 cfg=91 cfgfail=0x0 vhv=0 vpolls=0
[PRT] calls=166685 xerr=0 ler=1 lidx=0x0 perr=0 maxcnt=17 addr8=0x52
[RTY] wr=0 wmax=0 wref=0  rd=0 rmax=0 rref=0
[RNG] frames=41643 last=40 min=12 max=159 nrdy=0 dxfer=0 dstat=0 lst=0 nrdyerr=0 dclr=0
[DRV] init=0 id=7 mode=0x1 lib=0x2 seq=0x1 odc=0x8b sts=0xe0 armed=1
[TRG] pulses=429 suppressed=147 cyc=1600 rst=1 rstmode=0x40
[HLT] polls=832 faults=0x0 cfglost=0
[EFF] n=5 last=58555 min=58548 max=58555 late=0 stuck=0 rderr=0
[IMU] init=0 addr=0x68 who=0x68 rst=1 pmrb0=0x40 pmrb=0x1 sr=19 cfg=4 gcfg=0x0 acfg=0x8 icfg=0x30 ien=0x1 armed=1
[ACC] reads=41642 stale=41588 rderr=3 ax=55 ay=-20 az=1125
[PWR] pm=0x1 drift=1 rderr=0
[DWT] ok=1 cyc=1849177646 cyc_per_ms=799955
[HB] up_ms=921556 frames=41691 inf=41691 hazard=576 canary_err=0 q=0 qovr=0
[I2C] init=0 gate=0 whoami=0x140e0 wr=0 wrseen=0x27 addr=0x5a ok=254537 err=3 tmo=0 recov=4 pclk1=200000000 sysclk=400000000
[NAK] nacks=3
[CLK] cpu=800000000 sysb=400000000 pclk1=200000000
[TOF] res=0 step=0 id=0xeacc blk=0xeacc10 ctl=0x0
[RNG] init=0 step=99 id=0xeacc boot=1 calls=93 xerr=0 dm=1 tb=15
[RNG] osc=41 imp=881 imprb=881 mstart=0x40 cfg=91 cfgfail=0x0 vhv=0 vpolls=0
[PRT] calls=166885 xerr=0 ler=1 lidx=0x0 perr=0 maxcnt=17 addr8=0x52
[RTY] wr=0 wmax=0 wref=0  rd=0 rmax=0 rref=0
[RNG] frames=41693 last=36 min=12 max=159 nrdy=0 dxfer=0 dstat=0 lst=0 nrdyerr=0 dclr=0
[DRV] init=0 id=7 mode=0x1 lib=0x2 seq=0x1 odc=0x8b sts=0xe0 armed=1
[TRG] pulses=429 suppressed=147 cyc=1600 rst=1 rstmode=0x40
[HLT] polls=833 faults=0x0 cfglost=0
[EFF] n=5 last=58555 min=58548 max=58555 late=0 stuck=0 rderr=0
[IMU] init=0 addr=0x68 who=0x68 rst=1 pmrb0=0x40 pmrb=0x1 sr=19 cfg=4 gcfg=0x0 acfg=0x8 icfg=0x30 ien=0x1 armed=1
[ACC] reads=41692 stale=41638 rderr=3 ax=54 ay=-21 az=1119
[PWR] pm=0x1 drift=1 rderr=0
[DWT] ok=1 cyc=2731577730 cyc_per_ms=800000
[HB] up_ms=922658 frames=41741 inf=41741 hazard=576 canary_err=0 q=0 qovr=0
[I2C] init=0 gate=0 whoami=0x140e0 wr=0 wrseen=0x27 addr=0x5a ok=254839 err=3 tmo=0 recov=4 pclk1=200000000 sysclk=400000000
[NAK] nacks=3
[CLK] cpu=800000000 sysb=400000000 pclk1=200000000
[TOF] res=0 step=0 id=0xeacc blk=0xeacc10 ctl=0x0
[RNG] init=0 step=99 id=0xeacc boot=1 calls=93 xerr=0 dm=1 tb=15
[RNG] osc=41 imp=881 imprb=881 mstart=0x40 cfg=91 cfgfail=0x0 vhv=0 vpolls=0
[PRT] calls=167085 xerr=0 ler=1 lidx=0x0 perr=0 maxcnt=17 addr8=0x52
[RTY] wr=0 wmax=0 wref=0  rd=0 rmax=0 rref=0
[RNG] frames=41743 last=39 min=12 max=159 nrdy=0 dxfer=0 dstat=0 lst=0 nrdyerr=0 dclr=0
[DRV] init=0 id=7 mode=0x1 lib=0x2 seq=0x1 odc=0x8b sts=0xe0 armed=1
[TRG] pulses=429 suppressed=147 cyc=1600 rst=1 rstmode=0x40
[HLT] polls=834 faults=0x0 cfglost=0
[EFF] n=5 last=58555 min=58548 max=58555 late=0 stuck=0 rderr=0
[IMU] init=0 addr=0x68 who=0x68 rst=1 pmrb0=0x40 pmrb=0x1 sr=19 cfg=4 gcfg=0x0 acfg=0x8 icfg=0x30 ien=0x1 armed=1
[ACC] reads=41742 stale=41688 rderr=3 ax=55 ay=-18 az=1124
[PWR] pm=0x1 drift=1 rderr=0
[DWT] ok=1 cyc=3613177750 cyc_per_ms=800000
[HB] up_ms=923760 frames=41791 inf=41791 hazard=576 canary_err=0 q=0 qovr=0
[I2C] init=0 gate=0 whoami=0x140e0 wr=0 wrseen=0x27 addr=0x5a ok=255141 err=3 tmo=0 recov=4 pclk1=200000000 sysclk=400000000
[NAK] nacks=3
[CLK] cpu=800000000 sysb=400000000 pclk1=200000000
[TOF] res=0 step=0 id=0xeacc blk=0xeacc10 ctl=0x0
[RNG] init=0 step=99 id=0xeacc boot=1 calls=93 xerr=0 dm=1 tb=15
[RNG] osc=41 imp=881 imprb=881 mstart=0x40 cfg=91 cfgfail=0x0 vhv=0 vpolls=0
[PRT] calls=167285 xerr=0 ler=1 lidx=0x0 perr=0 maxcnt=17 addr8=0x52
[RTY] wr=0 wmax=0 wref=0  rd=0 rmax=0 rref=0
[RNG] frames=41793 last=36 min=12 max=159 nrdy=0 dxfer=0 dstat=0 lst=0 nrdyerr=0 dclr=0
[DRV] init=0 id=7 mode=0x1 lib=0x2 seq=0x1 odc=0x8b sts=0xe0 armed=1
[TRG] pulses=429 suppressed=147 cyc=1600 rst=1 rstmode=0x40
[HLT] polls=835 faults=0x0 cfglost=0
[EFF] n=5 last=58555 min=58548 max=58555 late=0 stuck=0 rderr=0
[IMU] init=0 addr=0x68 who=0x68 rst=1 pmrb0=0x40 pmrb=0x1 sr=19 cfg=4 gcfg=0x0 acfg=0x8 icfg=0x30 ien=0x1 armed=1
[ACC] reads=41792 stale=41738 rderr=3 ax=57 ay=-19 az=1119
[PWR] pm=0x1 drift=1 rderr=0
[DWT] ok=1 cyc=199810338 cyc_per_ms=799999
[HB] up_ms=924862 frames=41841 inf=41841 hazard=576 canary_err=0 q=0 qovr=0
[I2C] init=0 gate=0 whoami=0x140e0 wr=0 wrseen=0x27 addr=0x5a ok=255443 err=3 tmo=0 recov=4 pclk1=200000000 sysclk=400000000
[NAK] nacks=3
[CLK] cpu=800000000 sysb=400000000 pclk1=200000000
[TOF] res=0 step=0 id=0xeacc blk=0xeacc10 ctl=0x0
[RNG] init=0 step=99 id=0xeacc boot=1 calls=93 xerr=0 dm=1 tb=15
[RNG] osc=41 imp=881 imprb=881 mstart=0x40 cfg=91 cfgfail=0x0 vhv=0 vpolls=0
[PRT] calls=167485 xerr=0 ler=1 lidx=0x0 perr=0 maxcnt=17 addr8=0x52
[RTY] wr=0 wmax=0 wref=0  rd=0 rmax=0 rref=0
[RNG] frames=41843 last=45 min=12 max=159 nrdy=0 dxfer=0 dstat=0 lst=0 nrdyerr=0 dclr=0
[DRV] init=0 id=7 mode=0x1 lib=0x2 seq=0x1 odc=0x8b sts=0xe0 armed=1
[TRG] pulses=429 suppressed=147 cyc=1600 rst=1 rstmode=0x40
[HLT] polls=836 faults=0x0 cfglost=0
[EFF] n=5 last=58555 min=58548 max=58555 late=0 stuck=0 rderr=0
[IMU] init=0 addr=0x68 who=0x68 rst=1 pmrb0=0x40 pmrb=0x1 sr=19 cfg=4 gcfg=0x0 acfg=0x8 icfg=0x30 ien=0x1 armed=1
[ACC] reads=41842 stale=41788 rderr=3 ax=54 ay=-20 az=1124
[PWR] pm=0x1 drift=1 rderr=0
[DWT] ok=1 cyc=1081410278 cyc_per_ms=799999
[HB] up_ms=925964 frames=41891 inf=41891 hazard=577 canary_err=0 q=0 qovr=0
[I2C] init=0 gate=0 whoami=0x140e0 wr=0 wrseen=0x27 addr=0x5a ok=255745 err=3 tmo=0 recov=4 pclk1=200000000 sysclk=400000000
[NAK] nacks=3
[CLK] cpu=800000000 sysb=400000000 pclk1=200000000
[TOF] res=0 step=0 id=0xeacc blk=0xeacc10 ctl=0x0
[RNG] init=0 step=99 id=0xeacc boot=1 calls=93 xerr=0 dm=1 tb=15
[RNG] osc=41 imp=881 imprb=881 mstart=0x40 cfg=91 cfgfail=0x0 vhv=0 vpolls=0
[PRT] calls=167681 xerr=0 ler=1 lidx=0x0 perr=0 maxcnt=17 addr8=0x52
[RTY] wr=0 wmax=0 wref=0  rd=0 rmax=0 rref=0
[RNG] frames=41893 last=37 min=12 max=159 nrdy=0 dxfer=0 dstat=0 lst=0 nrdyerr=0 dclr=0
[DRV] init=0 id=7 mode=0x1 lib=0x2 seq=0x1 odc=0x8b sts=0xe0 armed=1
[TRG] pulses=430 suppressed=147 cyc=1600 rst=1 rstmode=0x40
[HLT] polls=837 faults=0x0 cfglost=0
[EFF] n=5 last=58555 min=58548 max=58555 late=0 stuck=0 rderr=0
[IMU] init=0 addr=0x68 who=0x68 rst=1 pmrb0=0x40 pmrb=0x1 sr=19 cfg=4 gcfg=0x0 acfg=0x8 icfg=0x30 ien=0x1 armed=1
[ACC] reads=41892 stale=41838 rderr=3 ax=59 ay=-22 az=1125
[PWR] pm=0x1 drift=1 rderr=0
[DWT] ok=1 cyc=1963010362 cyc_per_ms=800000
[HB] up_ms=927066 frames=41941 inf=41941 hazard=579 canary_err=0 q=0 qovr=0
[I2C] init=0 gate=0 whoami=0x140e0 wr=0 wrseen=0x27 addr=0x5a ok=256047 err=3 tmo=0 recov=4 pclk1=200000000 sysclk=400000000
[NAK] nacks=3
[CLK] cpu=800000000 sysb=400000000 pclk1=200000000
[TOF] res=0 step=0 id=0xeacc blk=0xeacc10 ctl=0x0
[RNG] init=0 step=99 id=0xeacc boot=1 calls=93 xerr=0 dm=1 tb=15
[RNG] osc=41 imp=881 imprb=881 mstart=0x40 cfg=91 cfgfail=0x0 vhv=0 vpolls=0
[PRT] calls=167881 xerr=0 ler=1 lidx=0x0 perr=0 maxcnt=17 addr8=0x52
[RTY] wr=0 wmax=0 wref=0  rd=0 rmax=0 rref=0
[RNG] frames=41943 last=41 min=12 max=159 nrdy=0 dxfer=0 dstat=0 lst=0 nrdyerr=0 dclr=0
[DRV] init=0 id=7 mode=0x1 lib=0x2 seq=0x1 odc=0x8b sts=0xe0 armed=1
[TRG] pulses=432 suppressed=147 cyc=1600 rst=1 rstmode=0x40
[HLT] polls=838 faults=0x0 cfglost=0
[EFF] n=5 last=58555 min=58548 max=58555 late=0 stuck=0 rderr=0
[IMU] init=0 addr=0x68 who=0x68 rst=1 pmrb0=0x40 pmrb=0x1 sr=19 cfg=4 gcfg=0x0 acfg=0x8 icfg=0x30 ien=0x1 armed=1
[ACC] reads=41941 stale=41887 rderr=3 ax=53 ay=-21 az=1125
[PWR] pm=0x1 drift=1 rderr=0
[DWT] ok=1 cyc=2844610462 cyc_per_ms=800000
[HB] up_ms=928168 frames=41990 inf=41990 hazard=579 canary_err=0 q=0 qovr=0
[I2C] init=0 gate=0 whoami=0x140e0 wr=0 wrseen=0x27 addr=0x5a ok=256349 err=3 tmo=0 recov=4 pclk1=200000000 sysclk=400000000
[NAK] nacks=3
[CLK] cpu=800000000 sysb=400000000 pclk1=200000000
[TOF] res=0 step=0 id=0xeacc blk=0xeacc10 ctl=0x0
[RNG] init=0 step=99 id=0xeacc boot=1 calls=93 xerr=0 dm=1 tb=15
[RNG] osc=41 imp=881 imprb=881 mstart=0x40 cfg=91 cfgfail=0x0 vhv=0 vpolls=0
[PRT] calls=168081 xerr=0 ler=1 lidx=0x0 perr=0 maxcnt=17 addr8=0x52
[RTY] wr=0 wmax=0 wref=0  rd=0 rmax=0 rref=0
[RNG] frames=41993 last=46 min=12 max=159 nrdy=0 dxfer=0 dstat=0 lst=0 nrdyerr=0 dclr=0
[DRV] init=0 id=7 mode=0x1 lib=0x2 seq=0x1 odc=0x8b sts=0xe0 armed=1
[TRG] pulses=432 suppressed=147 cyc=1600 rst=1 rstmode=0x40
[HLT] polls=839 faults=0x0 cfglost=0
[EFF] n=5 last=58555 min=58548 max=58555 late=0 stuck=0 rderr=0
[IMU] init=0 addr=0x68 who=0x68 rst=1 pmrb0=0x40 pmrb=0x1 sr=19 cfg=4 gcfg=0x0 acfg=0x8 icfg=0x30 ien=0x1 armed=1
[ACC] reads=41991 stale=41937 rderr=3 ax=55 ay=-19 az=1119
[PWR] pm=0x1 drift=1 rderr=0
[DWT] ok=1 cyc=3726346972 cyc_per_ms=800123
[HB] up_ms=929271 frames=42040 inf=42040 hazard=580 canary_err=0 q=0 qovr=0
[I2C] init=0 gate=0 whoami=0x140e0 wr=0 wrseen=0x27 addr=0x5a ok=256651 err=3 tmo=0 recov=4 pclk1=200000000 sysclk=400000000
[NAK] nacks=3
[CLK] cpu=800000000 sysb=400000000 pclk1=200000000
[TOF] res=0 step=0 id=0xeacc blk=0xeacc10 ctl=0x0
[RNG] init=0 step=99 id=0xeacc boot=1 calls=93 xerr=0 dm=1 tb=15
[RNG] osc=41 imp=881 imprb=881 mstart=0x40 cfg=91 cfgfail=0x0 vhv=0 vpolls=0
[PRT] calls=168281 xerr=0 ler=1 lidx=0x0 perr=0 maxcnt=17 addr8=0x52
[RTY] wr=0 wmax=0 wref=0  rd=0 rmax=0 rref=0
[RNG] frames=42043 last=30 min=12 max=159 nrdy=0 dxfer=0 dstat=0 lst=0 nrdyerr=0 dclr=0
[DRV] init=0 id=7 mode=0x1 lib=0x2 seq=0x1 odc=0x8b sts=0xe0 armed=1
[TRG] pulses=433 suppressed=147 cyc=1600 rst=1 rstmode=0x40
[HLT] polls=840 faults=0x0 cfglost=0
[EFF] n=5 last=58555 min=58548 max=58555 late=0 stuck=0 rderr=0
[IMU] init=0 addr=0x68 who=0x68 rst=1 pmrb0=0x40 pmrb=0x1 sr=19 cfg=4 gcfg=0x0 acfg=0x8 icfg=0x30 ien=0x1 armed=1
[ACC] reads=42041 stale=41987 rderr=3 ax=54 ay=-19 az=1124
[PWR] pm=0x1 drift=1 rderr=0
[DWT] ok=1 cyc=313780384 cyc_per_ms=800000
[HB] up_ms=930373 frames=42090 inf=42090 hazard=581 canary_err=0 q=0 qovr=0
[I2C] init=0 gate=0 whoami=0x140e0 wr=0 wrseen=0x27 addr=0x5a ok=256952 err=3 tmo=0 recov=4 pclk1=200000000 sysclk=400000000
[NAK] nacks=3
[CLK] cpu=800000000 sysb=400000000 pclk1=200000000
[TOF] res=0 step=0 id=0xeacc blk=0xeacc10 ctl=0x0
[RNG] init=0 step=99 id=0xeacc boot=1 calls=93 xerr=0 dm=1 tb=15
[RNG] osc=41 imp=881 imprb=881 mstart=0x40 cfg=91 cfgfail=0x0 vhv=0 vpolls=0
[PRT] calls=168481 xerr=0 ler=1 lidx=0x0 perr=0 maxcnt=17 addr8=0x52
[RTY] wr=0 wmax=0 wref=0  rd=0 rmax=0 rref=0
[RNG] frames=42092 last=37 min=12 max=159 nrdy=0 dxfer=0 dstat=0 lst=0 nrdyerr=0 dclr=0
[DRV] init=0 id=7 mode=0x1 lib=0x2 seq=0x1 odc=0x8b sts=0xe0 armed=1
[TRG] pulses=434 suppressed=147 cyc=1600 rst=1 rstmode=0x40
[HLT] polls=841 faults=0x0 cfglost=0
[EFF] n=5 last=58555 min=58548 max=58555 late=0 stuck=0 rderr=0
[IMU] init=0 addr=0x68 who=0x68 rst=1 pmrb0=0x40 pmrb=0x1 sr=19 cfg=4 gcfg=0x0 acfg=0x8 icfg=0x30 ien=0x1 armed=1
[ACC] reads=42091 stale=42037 rderr=3 ax=53 ay=-19 az=1122
[PWR] pm=0x1 drift=1 rderr=0
[DWT] ok=1 cyc=1195292268 cyc_per_ms=799920
[HB] up_ms=931476 frames=42140 inf=42140 hazard=582 canary_err=0 q=0 qovr=0
[I2C] init=0 gate=0 whoami=0x140e0 wr=0 wrseen=0x27 addr=0x5a ok=257249 err=3 tmo=0 recov=5 pclk1=200000000 sysclk=400000000
[NAK] nacks=3
[CLK] cpu=800000000 sysb=400000000 pclk1=200000000
[TOF] res=0 step=0 id=0xeacc blk=0xeacc10 ctl=0x0
[RNG] init=0 step=99 id=0xeacc boot=1 calls=93 xerr=0 dm=1 tb=15
[RNG] osc=41 imp=881 imprb=881 mstart=0x40 cfg=91 cfgfail=0x0 vhv=0 vpolls=0
[PRT] calls=168680 xerr=0 ler=1 lidx=0x0 perr=0 maxcnt=17 addr8=0x52
[RTY] wr=0 wmax=0 wref=0  rd=0 rmax=0 rref=0
[RNG] frames=42142 last=30 min=12 max=159 nrdy=0 dxfer=0 dstat=0 lst=0 nrdyerr=0 dclr=0
[DRV] init=0 id=7 mode=0x1 lib=0x2 seq=0x1 odc=0x8b sts=0xe0 armed=1
[TRG] pulses=435 suppressed=147 cyc=1600 rst=1 rstmode=0x40
[HLT] polls=842 faults=0x0 cfglost=0
[EFF] n=5 last=58555 min=58548 max=58555 late=0 stuck=0 rderr=0
[IMU] init=0 addr=0x68 who=0x68 rst=1 pmrb0=0x40 pmrb=0x1 sr=19 cfg=4 gcfg=0x0 acfg=0x8 icfg=0x30 ien=0x1 armed=1
[ACC] reads=42141 stale=42087 rderr=3 ax=54 ay=-19 az=1129
[PWR] pm=0x1 drift=1 rderr=0
[DWT] ok=1 cyc=2077643082 cyc_per_ms=799955
[HB] up_ms=932578 frames=42190 inf=42190 hazard=582 canary_err=0 q=0 qovr=0
[I2C] init=0 gate=0 whoami=0x140e0 wr=0 wrseen=0x27 addr=0x5a ok=257551 err=3 tmo=0 recov=5 pclk1=200000000 sysclk=400000000
[NAK] nacks=3
[CLK] cpu=800000000 sysb=400000000 pclk1=200000000
[TOF] res=0 step=0 id=0xeacc blk=0xeacc10 ctl=0x0
[RNG] init=0 step=99 id=0xeacc boot=1 calls=93 xerr=0 dm=1 tb=15
[RNG] osc=41 imp=881 imprb=881 mstart=0x40 cfg=91 cfgfail=0x0 vhv=0 vpolls=0
[PRT] calls=168877 xerr=0 ler=1 lidx=0x0 perr=0 maxcnt=17 addr8=0x52
[RTY] wr=0 wmax=0 wref=0  rd=0 rmax=0 rref=0
[RNG] frames=42192 last=29 min=12 max=159 nrdy=0 dxfer=0 dstat=0 lst=0 nrdyerr=0 dclr=0
[DRV] init=0 id=7 mode=0x1 lib=0x2 seq=0x1 odc=0x8b sts=0xe0 armed=1
[TRG] pulses=435 suppressed=147 cyc=1600 rst=1 rstmode=0x40
[HLT] polls=843 faults=0x0 cfglost=0
[EFF] n=5 last=58555 min=58548 max=58555 late=0 stuck=0 rderr=0
[IMU] init=0 addr=0x68 who=0x68 rst=1 pmrb0=0x40 pmrb=0x1 sr=19 cfg=4 gcfg=0x0 acfg=0x8 icfg=0x30 ien=0x1 armed=1
[ACC] reads=42190 stale=42137 rderr=3 ax=55 ay=-22 az=1125
[PWR] pm=0x1 drift=1 rderr=0
[DWT] ok=1 cyc=2959242990 cyc_per_ms=799999
[HB] up_ms=933680 frames=42239 inf=42239 hazard=582 canary_err=0 q=0 qovr=0
[I2C] init=0 gate=0 whoami=0x140e0 wr=0 wrseen=0x27 addr=0x5a ok=257853 err=3 tmo=0 recov=5 pclk1=200000000 sysclk=400000000
[NAK] nacks=3
[CLK] cpu=800000000 sysb=400000000 pclk1=200000000
[TOF] res=0 step=0 id=0xeacc blk=0xeacc10 ctl=0x0
[RNG] init=0 step=99 id=0xeacc boot=1 calls=93 xerr=0 dm=1 tb=15
[RNG] osc=41 imp=881 imprb=881 mstart=0x40 cfg=91 cfgfail=0x0 vhv=0 vpolls=0
[PRT] calls=169077 xerr=0 ler=1 lidx=0x0 perr=0 maxcnt=17 addr8=0x52
[RTY] wr=0 wmax=0 wref=0  rd=0 rmax=0 rref=0
[RNG] frames=42242 last=43 min=12 max=159 nrdy=0 dxfer=0 dstat=0 lst=0 nrdyerr=0 dclr=0
[DRV] init=0 id=7 mode=0x1 lib=0x2 seq=0x1 odc=0x8b sts=0xe0 armed=1
[TRG] pulses=435 suppressed=147 cyc=1600 rst=1 rstmode=0x40
[HLT] polls=844 faults=0x0 cfglost=0
[EFF] n=5 last=58555 min=58548 max=58555 late=0 stuck=0 rderr=0
[IMU] init=0 addr=0x68 who=0x68 rst=1 pmrb0=0x40 pmrb=0x1 sr=19 cfg=4 gcfg=0x0 acfg=0x8 icfg=0x30 ien=0x1 armed=1
[ACC] reads=42240 stale=42186 rderr=3 ax=55 ay=-20 az=1121
[PWR] pm=0x1 drift=1 rderr=0
[DWT] ok=1 cyc=3840887872 cyc_per_ms=800040
[HB] up_ms=934782 frames=42289 inf=42289 hazard=583 canary_err=0 q=0 qovr=0
[I2C] init=0 gate=0 whoami=0x140e0 wr=0 wrseen=0x27 addr=0x5a ok=258155 err=3 tmo=0 recov=5 pclk1=200000000 sysclk=400000000
[NAK] nacks=3
[CLK] cpu=800000000 sysb=400000000 pclk1=200000000
[TOF] res=0 step=0 id=0xeacc blk=0xeacc10 ctl=0x0
[RNG] init=0 step=99 id=0xeacc boot=1 calls=93 xerr=0 dm=1 tb=15
[RNG] osc=41 imp=881 imprb=881 mstart=0x40 cfg=91 cfgfail=0x0 vhv=0 vpolls=0
[PRT] calls=169277 xerr=0 ler=1 lidx=0x0 perr=0 maxcnt=17 addr8=0x52
[RTY] wr=0 wmax=0 wref=0  rd=0 rmax=0 rref=0
[RNG] frames=42292 last=38 min=12 max=159 nrdy=0 dxfer=0 dstat=0 lst=0 nrdyerr=0 dclr=0
[DRV] init=0 id=7 mode=0x1 lib=0x2 seq=0x1 odc=0x8b sts=0xe0 armed=1
[TRG] pulses=436 suppressed=147 cyc=1600 rst=1 rstmode=0x40
[HLT] polls=845 faults=0x0 cfglost=0
[EFF] n=5 last=58555 min=58548 max=58555 late=0 stuck=0 rderr=0
[IMU] init=0 addr=0x68 who=0x68 rst=1 pmrb0=0x40 pmrb=0x1 sr=19 cfg=4 gcfg=0x0 acfg=0x8 icfg=0x30 ien=0x1 armed=1
[ACC] reads=42290 stale=42236 rderr=3 ax=53 ay=-20 az=1119
[PWR] pm=0x1 drift=1 rderr=0
[DWT] ok=1 cyc=427613284 cyc_per_ms=800084
[HB] up_ms=935884 frames=42339 inf=42339 hazard=583 canary_err=0 q=0 qovr=0
[I2C] init=0 gate=0 whoami=0x140e0 wr=0 wrseen=0x27 addr=0x5a ok=258457 err=3 tmo=0 recov=5 pclk1=200000000 sysclk=400000000
[NAK] nacks=3
[CLK] cpu=800000000 sysb=400000000 pclk1=200000000
[TOF] res=0 step=0 id=0xeacc blk=0xeacc10 ctl=0x0
[RNG] init=0 step=99 id=0xeacc boot=1 calls=93 xerr=0 dm=1 tb=15
[RNG] osc=41 imp=881 imprb=881 mstart=0x40 cfg=91 cfgfail=0x0 vhv=0 vpolls=0
[PRT] calls=169477 xerr=0 ler=1 lidx=0x0 perr=0 maxcnt=17 addr8=0x52
[RTY] wr=0 wmax=0 wref=0  rd=0 rmax=0 rref=0
[RNG] frames=42341 last=32 min=12 max=159 nrdy=0 dxfer=0 dstat=0 lst=0 nrdyerr=0 dclr=0
[DRV] init=0 id=7 mode=0x1 lib=0x2 seq=0x1 odc=0x8b sts=0xe0 armed=1
[TRG] pulses=437 suppressed=147 cyc=1600 rst=1 rstmode=0x40
[HLT] polls=846 faults=0x0 cfglost=0
[EFF] n=5 last=58555 min=58548 max=58555 late=0 stuck=0 rderr=0
[IMU] init=0 addr=0x68 who=0x68 rst=1 pmrb0=0x40 pmrb=0x1 sr=19 cfg=4 gcfg=0x0 acfg=0x8 icfg=0x30 ien=0x1 armed=1
[ACC] reads=42340 stale=42286 rderr=3 ax=56 ay=-20 az=1121
[PWR] pm=0x1 drift=1 rderr=0
[DWT] ok=1 cyc=1309192264 cyc_per_ms=799980
[HB] up_ms=936987 frames=42389 inf=42389 hazard=585 canary_err=0 q=0 qovr=0
[I2C] init=0 gate=0 whoami=0x140e0 wr=0 wrseen=0x27 addr=0x5a ok=258755 err=3 tmo=0 recov=5 pclk1=200000000 sysclk=400000000
[NAK] nacks=3
[CLK] cpu=800000000 sysb=400000000 pclk1=200000000
[TOF] res=0 step=0 id=0xeacc blk=0xeacc10 ctl=0x0
[RNG] init=0 step=99 id=0xeacc boot=1 calls=93 xerr=0 dm=1 tb=15
[RNG] osc=41 imp=881 imprb=881 mstart=0x40 cfg=91 cfgfail=0x0 vhv=0 vpolls=0
[PRT] calls=169677 xerr=0 ler=1 lidx=0x0 perr=0 maxcnt=17 addr8=0x52
[RTY] wr=0 wmax=0 wref=0  rd=0 rmax=0 rref=0
[RNG] frames=42391 last=39 min=12 max=159 nrdy=0 dxfer=0 dstat=0 lst=0 nrdyerr=0 dclr=0
[DRV] init=0 id=7 mode=0x1 lib=0x2 seq=0x1 odc=0x8b sts=0xe0 armed=1
[TRG] pulses=438 suppressed=147 cyc=1600 rst=1 rstmode=0x40
[HLT] polls=847 faults=0x0 cfglost=0
[EFF] n=5 last=58555 min=58548 max=58555 late=0 stuck=0 rderr=0
[IMU] init=0 addr=0x68 who=0x68 rst=1 pmrb0=0x40 pmrb=0x1 sr=19 cfg=4 gcfg=0x0 acfg=0x8 icfg=0x30 ien=0x1 armed=1
[ACC] reads=42390 stale=42336 rderr=3 ax=53 ay=-23 az=1120
[PWR] pm=0x1 drift=1 rderr=0
[DWT] ok=1 cyc=2191475702 cyc_per_ms=799894
[HB] up_ms=938090 frames=42439 inf=42439 hazard=586 canary_err=0 q=0 qovr=0
[I2C] init=0 gate=0 whoami=0x140e0 wr=0 wrseen=0x27 addr=0x5a ok=259055 err=3 tmo=0 recov=5 pclk1=200000000 sysclk=400000000
[NAK] nacks=3
[CLK] cpu=800000000 sysb=400000000 pclk1=200000000
[TOF] res=0 step=0 id=0xeacc blk=0xeacc10 ctl=0x0
[RNG] init=0 step=99 id=0xeacc boot=1 calls=93 xerr=0 dm=1 tb=15
[RNG] osc=41 imp=881 imprb=881 mstart=0x40 cfg=91 cfgfail=0x0 vhv=0 vpolls=0
[PRT] calls=169877 xerr=0 ler=1 lidx=0x0 perr=0 maxcnt=17 addr8=0x52
[RTY] wr=0 wmax=0 wref=0  rd=0 rmax=0 rref=0
[RNG] frames=42441 last=37 min=12 max=159 nrdy=0 dxfer=0 dstat=0 lst=0 nrdyerr=0 dclr=0
[DRV] init=0 id=7 mode=0x1 lib=0x2 seq=0x1 odc=0x8b sts=0xe0 armed=1
[TRG] pulses=439 suppressed=147 cyc=1600 rst=1 rstmode=0x40
[HLT] polls=848 faults=0x0 cfglost=0
[EFF] n=5 last=58555 min=58548 max=58555 late=0 stuck=0 rderr=0
[IMU] init=0 addr=0x68 who=0x68 rst=1 pmrb0=0x40 pmrb=0x1 sr=19 cfg=4 gcfg=0x0 acfg=0x8 icfg=0x30 ien=0x1 armed=1
[ACC] reads=42440 stale=42386 rderr=3 ax=54 ay=-19 az=1122
[PWR] pm=0x1 drift=1 rderr=0
[DWT] ok=1 cyc=3073875738 cyc_per_ms=800000
[HB] up_ms=939193 frames=42489 inf=42489 hazard=589 canary_err=0 q=0 qovr=0
[I2C] init=0 gate=0 whoami=0x140e0 wr=0 wrseen=0x27 addr=0x5a ok=259357 err=3 tmo=0 recov=5 pclk1=200000000 sysclk=400000000
[NAK] nacks=3
[CLK] cpu=800000000 sysb=400000000 pclk1=200000000
[TOF] res=0 step=0 id=0xeacc blk=0xeacc10 ctl=0x0
[RNG] init=0 step=99 id=0xeacc boot=1 calls=93 xerr=0 dm=1 tb=15
[RNG] osc=41 imp=881 imprb=881 mstart=0x40 cfg=91 cfgfail=0x0 vhv=0 vpolls=0
[PRT] calls=170077 xerr=0 ler=1 lidx=0x0 perr=0 maxcnt=17 addr8=0x52
[RTY] wr=0 wmax=0 wref=0  rd=0 rmax=0 rref=0
[RNG] frames=42491 last=30 min=12 max=159 nrdy=0 dxfer=0 dstat=0 lst=0 nrdyerr=0 dclr=0
[DRV] init=0 id=7 mode=0x1 lib=0x2 seq=0x1 odc=0x8b sts=0xe0 armed=1
[TRG] pulses=441 suppressed=148 cyc=1600 rst=1 rstmode=0x40
[HLT] polls=849 faults=0x0 cfglost=0
[EFF] n=5 last=58555 min=58548 max=58555 late=0 stuck=0 rderr=0
[IMU] init=0 addr=0x68 who=0x68 rst=1 pmrb0=0x40 pmrb=0x1 sr=19 cfg=4 gcfg=0x0 acfg=0x8 icfg=0x30 ien=0x1 armed=1
[ACC] reads=42490 stale=42436 rderr=3 ax=56 ay=-20 az=1125
[PWR] pm=0x1 drift=1 rderr=0
[DWT] ok=1 cyc=3956275886 cyc_per_ms=800000
[HB] up_ms=940295 frames=42539 inf=42539 hazard=589 canary_err=0 q=0 qovr=0
[I2C] init=0 gate=0 whoami=0x140e0 wr=0 wrseen=0x27 addr=0x5a ok=259659 err=3 tmo=0 recov=5 pclk1=200000000 sysclk=400000000
[NAK] nacks=3
[CLK] cpu=800000000 sysb=400000000 pclk1=200000000
[TOF] res=0 step=0 id=0xeacc blk=0xeacc10 ctl=0x0
[RNG] init=0 step=99 id=0xeacc boot=1 calls=93 xerr=0 dm=1 tb=15
[RNG] osc=41 imp=881 imprb=881 mstart=0x40 cfg=91 cfgfail=0x0 vhv=0 vpolls=0
[PRT] calls=170277 xerr=0 ler=1 lidx=0x0 perr=0 maxcnt=17 addr8=0x52
[RTY] wr=0 wmax=0 wref=0  rd=0 rmax=0 rref=0
[RNG] frames=42541 last=40 min=12 max=159 nrdy=0 dxfer=0 dstat=0 lst=0 nrdyerr=0 dclr=0
[DRV] init=0 id=7 mode=0x1 lib=0x2 seq=0x1 odc=0x8b sts=0xe0 armed=1
[TRG] pulses=441 suppressed=148 cyc=1600 rst=1 rstmode=0x40
[HLT] polls=850 faults=0x0 cfglost=0
[EFF] n=5 last=58555 min=58548 max=58555 late=0 stuck=0 rderr=0
[IMU] init=0 addr=0x68 who=0x68 rst=1 pmrb0=0x40 pmrb=0x1 sr=19 cfg=4 gcfg=0x0 acfg=0x8 icfg=0x30 ien=0x1 armed=1
[ACC] reads=42540 stale=42486 rderr=3 ax=55 ay=-20 az=1124
[PWR] pm=0x1 drift=1 rderr=0
[DWT] ok=1 cyc=542908582 cyc_per_ms=799999
[HB] up_ms=941397 frames=42589 inf=42589 hazard=589 canary_err=0 q=0 qovr=0
[I2C] init=0 gate=0 whoami=0x140e0 wr=0 wrseen=0x27 addr=0x5a ok=259961 err=3 tmo=0 recov=5 pclk1=200000000 sysclk=400000000
[NAK] nacks=3
[CLK] cpu=800000000 sysb=400000000 pclk1=200000000
[TOF] res=0 step=0 id=0xeacc blk=0xeacc10 ctl=0x0
[RNG] init=0 step=99 id=0xeacc boot=1 calls=93 xerr=0 dm=1 tb=15
[RNG] osc=41 imp=881 imprb=881 mstart=0x40 cfg=91 cfgfail=0x0 vhv=0 vpolls=0
[PRT] calls=170477 xerr=0 ler=1 lidx=0x0 perr=0 maxcnt=17 addr8=0x52
[RTY] wr=0 wmax=0 wref=0  rd=0 rmax=0 rref=0
[RNG] frames=42591 last=29 min=12 max=159 nrdy=0 dxfer=0 dstat=0 lst=0 nrdyerr=0 dclr=0
[DRV] init=0 id=7 mode=0x1 lib=0x2 seq=0x1 odc=0x8b sts=0xe0 armed=1
[TRG] pulses=441 suppressed=148 cyc=1600 rst=1 rstmode=0x40
[HLT] polls=851 faults=0x0 cfglost=0
[EFF] n=5 last=58555 min=58548 max=58555 late=0 stuck=0 rderr=0
[IMU] init=0 addr=0x68 who=0x68 rst=1 pmrb0=0x40 pmrb=0x1 sr=19 cfg=4 gcfg=0x0 acfg=0x8 icfg=0x30 ien=0x1 armed=1
[ACC] reads=42590 stale=42536 rderr=3 ax=53 ay=-20 az=1124
[PWR] pm=0x1 drift=1 rderr=0
[DWT] ok=1 cyc=1424508498 cyc_per_ms=799999
[HB] up_ms=942499 frames=42639 inf=42639 hazard=590 canary_err=0 q=0 qovr=0
[I2C] init=0 gate=0 whoami=0x140e0 wr=0 wrseen=0x27 addr=0x5a ok=260263 err=3 tmo=0 recov=5 pclk1=200000000 sysclk=400000000
[NAK] nacks=3
[CLK] cpu=800000000 sysb=400000000 pclk1=200000000
[TOF] res=0 step=0 id=0xeacc blk=0xeacc10 ctl=0x0
[RNG] init=0 step=99 id=0xeacc boot=1 calls=93 xerr=0 dm=1 tb=15
[RNG] osc=41 imp=881 imprb=881 mstart=0x40 cfg=91 cfgfail=0x0 vhv=0 vpolls=0
[PRT] calls=170677 xerr=0 ler=1 lidx=0x0 perr=0 maxcnt=17 addr8=0x52
[RTY] wr=0 wmax=0 wref=0  rd=0 rmax=0 rref=0
[RNG] frames=42641 last=37 min=12 max=159 nrdy=0 dxfer=0 dstat=0 lst=0 nrdyerr=0 dclr=0
[DRV] init=0 id=7 mode=0x1 lib=0x2 seq=0x1 odc=0x8b sts=0xe0 armed=1
[TRG] pulses=442 suppressed=148 cyc=1600 rst=1 rstmode=0x40
[HLT] polls=852 faults=0x0 cfglost=0
[EFF] n=5 last=58555 min=58548 max=58555 late=0 stuck=0 rderr=0
[IMU] init=0 addr=0x68 who=0x68 rst=1 pmrb0=0x40 pmrb=0x1 sr=19 cfg=4 gcfg=0x0 acfg=0x8 icfg=0x30 ien=0x1 armed=1
[ACC] reads=42640 stale=42586 rderr=3 ax=56 ay=-19 az=1123
[PWR] pm=0x1 drift=1 rderr=0
[DWT] ok=1 cyc=2306108402 cyc_per_ms=799999
[HB] up_ms=943601 frames=42689 inf=42689 hazard=590 canary_err=0 q=0 qovr=0
[I2C] init=0 gate=0 whoami=0x140e0 wr=0 wrseen=0x27 addr=0x5a ok=260565 err=3 tmo=0 recov=5 pclk1=200000000 sysclk=400000000
[NAK] nacks=3
[CLK] cpu=800000000 sysb=400000000 pclk1=200000000
[TOF] res=0 step=0 id=0xeacc blk=0xeacc10 ctl=0x0
[RNG] init=0 step=99 id=0xeacc boot=1 calls=93 xerr=0 dm=1 tb=15
[RNG] osc=41 imp=881 imprb=881 mstart=0x40 cfg=91 cfgfail=0x0 vhv=0 vpolls=0
[PRT] calls=170873 xerr=0 ler=1 lidx=0x0 perr=0 maxcnt=17 addr8=0x52
[RTY] wr=0 wmax=0 wref=0  rd=0 rmax=0 rref=0
[RNG] frames=42691 last=32 min=12 max=159 nrdy=0 dxfer=0 dstat=0 lst=0 nrdyerr=0 dclr=0
[DRV] init=0 id=7 mode=0x1 lib=0x2 seq=0x1 odc=0x8b sts=0xe0 armed=1
[TRG] pulses=442 suppressed=148 cyc=1600 rst=1 rstmode=0x40
[HLT] polls=853 faults=0x0 cfglost=0
[EFF] n=5 last=58555 min=58548 max=58555 late=0 stuck=0 rderr=0
[IMU] init=0 addr=0x68 who=0x68 rst=1 pmrb0=0x40 pmrb=0x1 sr=19 cfg=4 gcfg=0x0 acfg=0x8 icfg=0x30 ien=0x1 armed=1
[ACC] reads=42690 stale=42636 rderr=3 ax=54 ay=-20 az=1121
[PWR] pm=0x1 drift=1 rderr=0
[DWT] ok=1 cyc=3187708422 cyc_per_ms=800000
[HB] up_ms=944703 frames=42739 inf=42739 hazard=590 canary_err=0 q=0 qovr=0
[I2C] init=0 gate=0 whoami=0x140e0 wr=0 wrseen=0x27 addr=0x5a ok=260867 err=3 tmo=0 recov=5 pclk1=200000000 sysclk=400000000
[NAK] nacks=3
[CLK] cpu=800000000 sysb=400000000 pclk1=200000000
[TOF] res=0 step=0 id=0xeacc blk=0xeacc10 ctl=0x0
[RNG] init=0 step=99 id=0xeacc boot=1 calls=93 xerr=0 dm=1 tb=15
[RNG] osc=41 imp=881 imprb=881 mstart=0x40 cfg=91 cfgfail=0x0 vhv=0 vpolls=0
[PRT] calls=171073 xerr=0 ler=1 lidx=0x0 perr=0 maxcnt=17 addr8=0x52
[RTY] wr=0 wmax=0 wref=0  rd=0 rmax=0 rref=0
[RNG] frames=42741 last=43 min=12 max=159 nrdy=0 dxfer=0 dstat=0 lst=0 nrdyerr=0 dclr=0
[DRV] init=0 id=7 mode=0x1 lib=0x2 seq=0x1 odc=0x8b sts=0xe0 armed=1
[TRG] pulses=442 suppressed=148 cyc=1600 rst=1 rstmode=0x40
[HLT] polls=854 faults=0x0 cfglost=0
[EFF] n=5 last=58555 min=58548 max=58555 late=0 stuck=0 rderr=0
[IMU] init=0 addr=0x68 who=0x68 rst=1 pmrb0=0x40 pmrb=0x1 sr=19 cfg=4 gcfg=0x0 acfg=0x8 icfg=0x30 ien=0x1 armed=1
[ACC] reads=42739 stale=42685 rderr=3 ax=55 ay=-21 az=1125
[PWR] pm=0x1 drift=1 rderr=0
[DWT] ok=1 cyc=4069308610 cyc_per_ms=800000
[HB] up_ms=945805 frames=42788 inf=42788 hazard=591 canary_err=0 q=0 qovr=0
[I2C] init=0 gate=0 whoami=0x140e0 wr=0 wrseen=0x27 addr=0x5a ok=261169 err=3 tmo=0 recov=5 pclk1=200000000 sysclk=400000000
[NAK] nacks=3
[CLK] cpu=800000000 sysb=400000000 pclk1=200000000
[TOF] res=0 step=0 id=0xeacc blk=0xeacc10 ctl=0x0
[RNG] init=0 step=99 id=0xeacc boot=1 calls=93 xerr=0 dm=1 tb=15
[RNG] osc=41 imp=881 imprb=881 mstart=0x40 cfg=91 cfgfail=0x0 vhv=0 vpolls=0
[PRT] calls=171273 xerr=0 ler=1 lidx=0x0 perr=0 maxcnt=17 addr8=0x52
[RTY] wr=0 wmax=0 wref=0  rd=0 rmax=0 rref=0
[RNG] frames=42791 last=44 min=12 max=159 nrdy=0 dxfer=0 dstat=0 lst=0 nrdyerr=0 dclr=0
[DRV] init=0 id=7 mode=0x1 lib=0x2 seq=0x1 odc=0x8b sts=0xe0 armed=1
[TRG] pulses=443 suppressed=148 cyc=1600 rst=1 rstmode=0x40
[HLT] polls=855 faults=0x0 cfglost=0
[EFF] n=5 last=58555 min=58548 max=58555 late=0 stuck=0 rderr=0
[IMU] init=0 addr=0x68 who=0x68 rst=1 pmrb0=0x40 pmrb=0x1 sr=19 cfg=4 gcfg=0x0 acfg=0x8 icfg=0x30 ien=0x1 armed=1
[ACC] reads=42789 stale=42735 rderr=3 ax=56 ay=-20 az=1120
[PWR] pm=0x1 drift=1 rderr=0
[DWT] ok=1 cyc=656077832 cyc_per_ms=800123
[HB] up_ms=946907 frames=42838 inf=42838 hazard=592 canary_err=0 q=0 qovr=0
[I2C] init=0 gate=0 whoami=0x140e0 wr=0 wrseen=0x27 addr=0x5a ok=261471 err=3 tmo=0 recov=5 pclk1=200000000 sysclk=400000000
[NAK] nacks=3
[CLK] cpu=800000000 sysb=400000000 pclk1=200000000
[TOF] res=0 step=0 id=0xeacc blk=0xeacc10 ctl=0x0
[RNG] init=0 step=99 id=0xeacc boot=1 calls=93 xerr=0 dm=1 tb=15
[RNG] osc=41 imp=881 imprb=881 mstart=0x40 cfg=91 cfgfail=0x0 vhv=0 vpolls=0
[PRT] calls=171473 xerr=0 ler=1 lidx=0x0 perr=0 maxcnt=17 addr8=0x52
[RTY] wr=0 wmax=0 wref=0  rd=0 rmax=0 rref=0
[RNG] frames=42841 last=30 min=12 max=159 nrdy=0 dxfer=0 dstat=0 lst=0 nrdyerr=0 dclr=0
[DRV] init=0 id=7 mode=0x1 lib=0x2 seq=0x1 odc=0x8b sts=0xe0 armed=1
[TRG] pulses=444 suppressed=149 cyc=1600 rst=1 rstmode=0x40
[HLT] polls=856 faults=0x0 cfglost=0
[EFF] n=5 last=58555 min=58548 max=58555 late=0 stuck=0 rderr=0
[IMU] init=0 addr=0x68 who=0x68 rst=1 pmrb0=0x40 pmrb=0x1 sr=19 cfg=4 gcfg=0x0 acfg=0x8 icfg=0x30 ien=0x1 armed=1
[ACC] reads=42839 stale=42785 rderr=3 ax=57 ay=-21 az=1120
[PWR] pm=0x1 drift=1 rderr=0
[DWT] ok=1 cyc=1537679392 cyc_per_ms=800001
[HB] up_ms=948010 frames=42888 inf=42888 hazard=593 canary_err=0 q=0 qovr=0
[I2C] init=0 gate=0 whoami=0x140e0 wr=0 wrseen=0x27 addr=0x5a ok=261772 err=3 tmo=0 recov=5 pclk1=200000000 sysclk=400000000
[NAK] nacks=3
[CLK] cpu=800000000 sysb=400000000 pclk1=200000000
[TOF] res=0 step=0 id=0xeacc blk=0xeacc10 ctl=0x0
[RNG] init=0 step=99 id=0xeacc boot=1 calls=93 xerr=0 dm=1 tb=15
[RNG] osc=41 imp=881 imprb=881 mstart=0x40 cfg=91 cfgfail=0x0 vhv=0 vpolls=0
[PRT] calls=171673 xerr=0 ler=1 lidx=0x0 perr=0 maxcnt=17 addr8=0x52
[RTY] wr=0 wmax=0 wref=0  rd=0 rmax=0 rref=0
[RNG] frames=42890 last=42 min=12 max=159 nrdy=0 dxfer=0 dstat=0 lst=0 nrdyerr=0 dclr=0
[DRV] init=0 id=7 mode=0x1 lib=0x2 seq=0x1 odc=0x8b sts=0xe0 armed=1
[TRG] pulses=444 suppressed=149 cyc=1600 rst=1 rstmode=0x40
[HLT] polls=857 faults=0x0 cfglost=0
[EFF] n=5 last=58555 min=58548 max=58555 late=0 stuck=0 rderr=0
[IMU] init=0 addr=0x68 who=0x68 rst=1 pmrb0=0x40 pmrb=0x1 sr=19 cfg=4 gcfg=0x0 acfg=0x8 icfg=0x30 ien=0x1 armed=1
[ACC] reads=42889 stale=42835 rderr=3 ax=57 ay=-20 az=1127
[PWR] pm=0x1 drift=1 rderr=0
[DWT] ok=1 cyc=2419990440 cyc_per_ms=799919
[HB] up_ms=949113 frames=42938 inf=42938 hazard=593 canary_err=0 q=0 qovr=0
[I2C] init=0 gate=0 whoami=0x140e0 wr=0 wrseen=0x27 addr=0x5a ok=262069 err=3 tmo=0 recov=5 pclk1=200000000 sysclk=400000000
[NAK] nacks=3
[CLK] cpu=800000000 sysb=400000000 pclk1=200000000
[TOF] res=0 step=0 id=0xeacc blk=0xeacc10 ctl=0x0
[RNG] init=0 step=99 id=0xeacc boot=1 calls=93 xerr=0 dm=1 tb=15
[RNG] osc=41 imp=881 imprb=881 mstart=0x40 cfg=91 cfgfail=0x0 vhv=0 vpolls=0
[PRT] calls=171873 xerr=0 ler=1 lidx=0x0 perr=0 maxcnt=17 addr8=0x52
[RTY] wr=0 wmax=0 wref=0  rd=0 rmax=0 rref=0
[RNG] frames=42940 last=37 min=12 max=159 nrdy=0 dxfer=0 dstat=0 lst=0 nrdyerr=0 dclr=0
[DRV] init=0 id=7 mode=0x1 lib=0x2 seq=0x1 odc=0x8b sts=0xe0 armed=1
[TRG] pulses=444 suppressed=149 cyc=1600 rst=1 rstmode=0x40
[HLT] polls=858 faults=0x0 cfglost=0
[EFF] n=5 last=58555 min=58548 max=58555 late=0 stuck=0 rderr=0
[IMU] init=0 addr=0x68 who=0x68 rst=1 pmrb0=0x40 pmrb=0x1 sr=19 cfg=4 gcfg=0x0 acfg=0x8 icfg=0x30 ien=0x1 armed=1
[ACC] reads=42939 stale=42885 rderr=3 ax=54 ay=-19 az=1125
[PWR] pm=0x1 drift=1 rderr=0
[DWT] ok=1 cyc=3302341258 cyc_per_ms=799955
[HB] up_ms=950216 frames=42988 inf=42988 hazard=594 canary_err=0 q=0 qovr=0
[I2C] init=0 gate=0 whoami=0x140e0 wr=0 wrseen=0x27 addr=0x5a ok=262371 err=3 tmo=0 recov=5 pclk1=200000000 sysclk=400000000
[NAK] nacks=3
[CLK] cpu=800000000 sysb=400000000 pclk1=200000000
[TOF] res=0 step=0 id=0xeacc blk=0xeacc10 ctl=0x0
[RNG] init=0 step=99 id=0xeacc boot=1 calls=93 xerr=0 dm=1 tb=15
[RNG] osc=41 imp=881 imprb=881 mstart=0x40 cfg=91 cfgfail=0x0 vhv=0 vpolls=0
[PRT] calls=172073 xerr=0 ler=1 lidx=0x0 perr=0 maxcnt=17 addr8=0x52
[RTY] wr=0 wmax=0 wref=0  rd=0 rmax=0 rref=0
[RNG] frames=42990 last=46 min=12 max=159 nrdy=0 dxfer=0 dstat=0 lst=0 nrdyerr=0 dclr=0
[DRV] init=0 id=7 mode=0x1 lib=0x2 seq=0x1 odc=0x8b sts=0xe0 armed=1
[TRG] pulses=445 suppressed=149 cyc=1600 rst=1 rstmode=0x40
[HLT] polls=859 faults=0x0 cfglost=0
[EFF] n=5 last=58555 min=58548 max=58555 late=0 stuck=0 rderr=0
[IMU] init=0 addr=0x68 who=0x68 rst=1 pmrb0=0x40 pmrb=0x1 sr=19 cfg=4 gcfg=0x0 acfg=0x8 icfg=0x30 ien=0x1 armed=1
[ACC] reads=42989 stale=42935 rderr=3 ax=55 ay=-20 az=1124
[PWR] pm=0x1 drift=1 rderr=0
[DWT] ok=1 cyc=4184741206 cyc_per_ms=799999
[HB] up_ms=951318 frames=43038 inf=43038 hazard=594 canary_err=0 q=0 qovr=0
[I2C] init=0 gate=0 whoami=0x140e0 wr=0 wrseen=0x27 addr=0x5a ok=262673 err=3 tmo=0 recov=5 pclk1=200000000 sysclk=400000000
[NAK] nacks=3
[CLK] cpu=800000000 sysb=400000000 pclk1=200000000
[TOF] res=0 step=0 id=0xeacc blk=0xeacc10 ctl=0x0
[RNG] init=0 step=99 id=0xeacc boot=1 calls=93 xerr=0 dm=1 tb=15
[RNG] osc=41 imp=881 imprb=881 mstart=0x40 cfg=91 cfgfail=0x0 vhv=0 vpolls=0
[PRT] calls=172273 xerr=0 ler=1 lidx=0x0 perr=0 maxcnt=17 addr8=0x52
[RTY] wr=0 wmax=0 wref=0  rd=0 rmax=0 rref=0
[RNG] frames=43040 last=39 min=12 max=159 nrdy=0 dxfer=0 dstat=0 lst=0 nrdyerr=0 dclr=0
[DRV] init=0 id=7 mode=0x1 lib=0x2 seq=0x1 odc=0x8b sts=0xe0 armed=1
[TRG] pulses=445 suppressed=149 cyc=1600 rst=1 rstmode=0x40
[HLT] polls=860 faults=0x0 cfglost=0
[EFF] n=5 last=58555 min=58548 max=58555 late=0 stuck=0 rderr=0
[IMU] init=0 addr=0x68 who=0x68 rst=1 pmrb0=0x40 pmrb=0x1 sr=19 cfg=4 gcfg=0x0 acfg=0x8 icfg=0x30 ien=0x1 armed=1
[ACC] reads=43039 stale=42984 rderr=3 ax=53 ay=-23 az=1124
[PWR] pm=0x1 drift=1 rderr=0
[DWT] ok=1 cyc=771373818 cyc_per_ms=799999
[HB] up_ms=952420 frames=43088 inf=43088 hazard=594 canary_err=0 q=0 qovr=0
[I2C] init=0 gate=0 whoami=0x140e0 wr=0 wrseen=0x27 addr=0x5a ok=262975 err=3 tmo=0 recov=5 pclk1=200000000 sysclk=400000000
[NAK] nacks=3
[CLK] cpu=800000000 sysb=400000000 pclk1=200000000
[TOF] res=0 step=0 id=0xeacc blk=0xeacc10 ctl=0x0
[RNG] init=0 step=99 id=0xeacc boot=1 calls=93 xerr=0 dm=1 tb=15
[RNG] osc=41 imp=881 imprb=881 mstart=0x40 cfg=91 cfgfail=0x0 vhv=0 vpolls=0
[PRT] calls=172473 xerr=0 ler=1 lidx=0x0 perr=0 maxcnt=17 addr8=0x52
[RTY] wr=0 wmax=0 wref=0  rd=0 rmax=0 rref=0
[RNG] frames=43090 last=41 min=12 max=159 nrdy=0 dxfer=0 dstat=0 lst=0 nrdyerr=0 dclr=0
[DRV] init=0 id=7 mode=0x1 lib=0x2 seq=0x1 odc=0x8b sts=0xe0 armed=1
[TRG] pulses=445 suppressed=149 cyc=1600 rst=1 rstmode=0x40
[HLT] polls=861 faults=0x0 cfglost=0
[EFF] n=5 last=58555 min=58548 max=58555 late=0 stuck=0 rderr=0
[IMU] init=0 addr=0x68 who=0x68 rst=1 pmrb0=0x40 pmrb=0x1 sr=19 cfg=4 gcfg=0x0 acfg=0x8 icfg=0x30 ien=0x1 armed=1
[ACC] reads=43089 stale=43034 rderr=3 ax=54 ay=-23 az=1123
[PWR] pm=0x1 drift=1 rderr=0
[DWT] ok=1 cyc=1652973810 cyc_per_ms=799999
