2026-09-03T20:19:29.510109 [HB] up_ms=5640033 frames=267323 inf=267323 hazard=34238 canary_err=0 q=0 qovr=0
2026-09-03T20:19:29.521356 [I2C] init=0 gate=0 whoami=0x201e0 wr=0 wrseen=0x27 addr=0x5a ok=1081995 err=0 tmo=0 recov=0 pclk1=200000000 sysclk=400000000
2026-09-03T20:19:29.522747 [NAK] nacks=0
2026-09-03T20:19:29.527359 [CLK] cpu=800000000 sysb=400000000 pclk1=200000000
2026-09-03T20:19:29.531845 [TOF] res=0 step=0 id=0xeacc blk=0xeacc10 ctl=0x0
2026-09-03T20:19:29.537734 [RNG] init=0 step=99 id=0xeacc boot=1 calls=93 xerr=0 dm=1 tb=15
2026-09-03T20:19:29.544727 [RNG] osc=41 imp=881 imprb=881 mstart=0x40 cfg=91 cfgfail=0x0 vhv=0 vpolls=0
2026-09-03T20:19:29.550979 [PRT] calls=1068781 xerr=0 ler=1 lidx=0x0 perr=0 maxcnt=17 addr8=0x52
2026-09-03T20:19:29.555119 [RTY] wr=0 wmax=0 wref=0  rd=0 rmax=0 rref=0
2026-09-03T20:19:29.563108 [RNG] frames=267009 last=39 min=23 max=61 nrdy=316 dxfer=0 dstat=0 lst=0 nrdyerr=0 dclr=0
2026-09-03T20:19:29.569379 [DRV] init=0 id=7 mode=0x1 lib=0x2 seq=0x1 odc=0x8b sts=0xe0 armed=1
2026-09-03T20:19:29.575112 [TRG] pulses=2507 suppressed=31734 cyc=1600 rst=1 rstmode=0x40
2026-09-03T20:19:29.578480 [HLT] polls=5346 faults=0x0 cfglost=0
2026-09-03T20:19:29.584225 [EFF] n=5 last=58588 min=58472 max=58588 late=0 stuck=0 rderr=0
2026-09-03T20:19:29.588334 [DWT] ok=1 cyc=2223207831 cyc_per_ms=799908
2026-09-03T20:19:30.602966 [HB] up_ms=5641118 frames=267374 inf=267374 hazard=34276 canary_err=0 q=0 qovr=0
2026-09-03T20:19:30.614283 [I2C] init=0 gate=0 whoami=0x201e0 wr=0 wrseen=0x27 addr=0x5a ok=1082201 err=0 tmo=0 recov=0 pclk1=200000000 sysclk=400000000
2026-09-03T20:19:30.615668 [NAK] nacks=0
2026-09-03T20:19:30.620179 [CLK] cpu=800000000 sysb=400000000 pclk1=200000000
2026-09-03T20:19:30.624654 [TOF] res=0 step=0 id=0xeacc blk=0xeacc10 ctl=0x0
2026-09-03T20:19:30.630645 [RNG] init=0 step=99 id=0xeacc boot=1 calls=93 xerr=0 dm=1 tb=15
2026-09-03T20:19:30.637579 [RNG] osc=41 imp=881 imprb=881 mstart=0x40 cfg=91 cfgfail=0x0 vhv=0 vpolls=0
2026-09-03T20:19:30.643787 [PRT] calls=1068985 xerr=0 ler=1 lidx=0x0 perr=0 maxcnt=17 addr8=0x52
2026-09-03T20:19:30.647955 [RTY] wr=0 wmax=0 wref=0  rd=0 rmax=0 rref=0
2026-09-03T20:19:30.656018 [RNG] frames=267060 last=46 min=23 max=61 nrdy=316 dxfer=0 dstat=0 lst=0 nrdyerr=0 dclr=0
2026-09-03T20:19:30.662263 [DRV] init=0 id=7 mode=0x1 lib=0x2 seq=0x1 odc=0x8b sts=0xe0 armed=1
2026-09-03T20:19:30.667900 [TRG] pulses=2509 suppressed=31767 cyc=1600 rst=1 rstmode=0x40
2026-09-03T20:19:30.671407 [HLT] polls=5347 faults=0x0 cfglost=0
2026-09-03T20:19:30.677150 [EFF] n=5 last=58588 min=58472 max=58588 late=0 stuck=0 rderr=0
2026-09-03T20:19:30.681147 [DWT] ok=1 cyc=3091307079 cyc_per_ms=800091
2026-09-03T20:19:31.695475 [HB] up_ms=5642203 frames=267426 inf=267426 hazard=34276 canary_err=0 q=0 qovr=0
2026-09-03T20:19:31.706708 [I2C] init=0 gate=0 whoami=0x201e0 wr=0 wrseen=0x27 addr=0x5a ok=1082411 err=0 tmo=0 recov=0 pclk1=200000000 sysclk=400000000
2026-09-03T20:19:31.707953 [NAK] nacks=0
2026-09-03T20:19:31.712754 [CLK] cpu=800000000 sysb=400000000 pclk1=200000000
2026-09-03T20:19:31.717204 [TOF] res=0 step=0 id=0xeacc blk=0xeacc10 ctl=0x0
2026-09-03T20:19:31.723102 [RNG] init=0 step=99 id=0xeacc boot=1 calls=93 xerr=0 dm=1 tb=15
2026-09-03T20:19:31.729955 [RNG] osc=41 imp=881 imprb=881 mstart=0x40 cfg=91 cfgfail=0x0 vhv=0 vpolls=0
2026-09-03T20:19:31.737726 [PRT] calls=1069189 xerr=0 ler=1 lidx=0x0 perr=0 maxcnt=17 addr8=0x52
2026-09-03T20:19:31.740651 [RTY] wr=0 wmax=0 wref=0  rd=0 rmax=0 rref=0
2026-09-03T20:19:31.748447 [RNG] frames=267112 last=39 min=23 max=61 nrdy=316 dxfer=0 dstat=0 lst=0 nrdyerr=0 dclr=0
2026-09-03T20:19:31.754631 [DRV] init=0 id=7 mode=0x1 lib=0x2 seq=0x1 odc=0x8b sts=0xe0 armed=1
2026-09-03T20:19:31.760535 [TRG] pulses=2509 suppressed=31767 cyc=1600 rst=1 rstmode=0x40
2026-09-03T20:19:31.763901 [HLT] polls=5348 faults=0x0 cfglost=0
2026-09-03T20:19:31.769594 [EFF] n=5 last=58588 min=58472 max=58588 late=0 stuck=0 rderr=0
2026-09-03T20:19:31.773799 [DWT] ok=1 cyc=3959306279 cyc_per_ms=799999
2026-09-03T20:19:32.788035 [HB] up_ms=5643288 frames=267477 inf=267477 hazard=34276 canary_err=0 q=0 qovr=0
2026-09-03T20:19:32.799271 [I2C] init=0 gate=0 whoami=0x201e0 wr=0 wrseen=0x27 addr=0x5a ok=1082617 err=0 tmo=0 recov=0 pclk1=200000000 sysclk=400000000
2026-09-03T20:19:32.800669 [NAK] nacks=0
2026-09-03T20:19:32.805280 [CLK] cpu=800000000 sysb=400000000 pclk1=200000000
2026-09-03T20:19:32.809766 [TOF] res=0 step=0 id=0xeacc blk=0xeacc10 ctl=0x0
2026-09-03T20:19:32.815647 [RNG] init=0 step=99 id=0xeacc boot=1 calls=93 xerr=0 dm=1 tb=15
2026-09-03T20:19:32.822516 [RNG] osc=41 imp=881 imprb=881 mstart=0x40 cfg=91 cfgfail=0x0 vhv=0 vpolls=0
2026-09-03T20:19:32.828887 [PRT] calls=1069397 xerr=0 ler=1 lidx=0x0 perr=0 maxcnt=17 addr8=0x52
2026-09-03T20:19:32.832892 [RTY] wr=0 wmax=0 wref=0  rd=0 rmax=0 rref=0
2026-09-03T20:19:32.841026 [RNG] frames=267163 last=35 min=23 max=61 nrdy=316 dxfer=0 dstat=0 lst=0 nrdyerr=0 dclr=0
2026-09-03T20:19:32.847268 [DRV] init=0 id=7 mode=0x1 lib=0x2 seq=0x1 odc=0x8b sts=0xe0 armed=1
2026-09-03T20:19:32.852909 [TRG] pulses=2509 suppressed=31767 cyc=1600 rst=1 rstmode=0x40
2026-09-03T20:19:32.856336 [HLT] polls=5349 faults=0x0 cfglost=0
2026-09-03T20:19:32.862142 [EFF] n=5 last=58588 min=58472 max=58588 late=0 stuck=0 rderr=0
2026-09-03T20:19:32.866156 [DWT] ok=1 cyc=532339767 cyc_per_ms=800000
2026-09-03T20:19:33.880320 [HB] up_ms=5644373 frames=267528 inf=267528 hazard=34276 canary_err=0 q=0 qovr=0
2026-09-03T20:19:33.891595 [I2C] init=0 gate=0 whoami=0x201e0 wr=0 wrseen=0x27 addr=0x5a ok=1082827 err=0 tmo=0 recov=0 pclk1=200000000 sysclk=400000000
2026-09-03T20:19:33.892957 [NAK] nacks=0
2026-09-03T20:19:33.897463 [CLK] cpu=800000000 sysb=400000000 pclk1=200000000
2026-09-03T20:19:33.902100 [TOF] res=0 step=0 id=0xeacc blk=0xeacc10 ctl=0x0
2026-09-03T20:19:33.907946 [RNG] init=0 step=99 id=0xeacc boot=1 calls=93 xerr=0 dm=1 tb=15
2026-09-03T20:19:33.914842 [RNG] osc=41 imp=881 imprb=881 mstart=0x40 cfg=91 cfgfail=0x0 vhv=0 vpolls=0
2026-09-03T20:19:33.921197 [PRT] calls=1069601 xerr=0 ler=1 lidx=0x0 perr=0 maxcnt=17 addr8=0x52
2026-09-03T20:19:33.925317 [RTY] wr=0 wmax=0 wref=0  rd=0 rmax=0 rref=0
2026-09-03T20:19:33.933317 [RNG] frames=267215 last=34 min=23 max=61 nrdy=316 dxfer=0 dstat=0 lst=0 nrdyerr=0 dclr=0
2026-09-03T20:19:33.939618 [DRV] init=0 id=7 mode=0x1 lib=0x2 seq=0x1 odc=0x8b sts=0xe0 armed=1
2026-09-03T20:19:33.945315 [TRG] pulses=2509 suppressed=31767 cyc=1600 rst=1 rstmode=0x40
2026-09-03T20:19:33.948696 [HLT] polls=5350 faults=0x0 cfglost=0
2026-09-03T20:19:33.954463 [EFF] n=5 last=58588 min=58472 max=58588 late=0 stuck=0 rderr=0
2026-09-03T20:19:33.958448 [DWT] ok=1 cyc=1400339607 cyc_per_ms=799999
2026-09-03T20:19:34.972268 [HB] up_ms=5645458 frames=267580 inf=267580 hazard=34276 canary_err=0 q=0 qovr=0
2026-09-03T20:19:34.983695 [I2C] init=0 gate=0 whoami=0x201e0 wr=0 wrseen=0x27 addr=0x5a ok=1083033 err=0 tmo=0 recov=0 pclk1=200000000 sysclk=400000000
2026-09-03T20:19:34.984881 [NAK] nacks=0
2026-09-03T20:19:34.989504 [CLK] cpu=800000000 sysb=400000000 pclk1=200000000
2026-09-03T20:19:34.994008 [TOF] res=0 step=0 id=0xeacc blk=0xeacc10 ctl=0x0
2026-09-03T20:19:34.999877 [RNG] init=0 step=99 id=0xeacc boot=1 calls=93 xerr=0 dm=1 tb=15
2026-09-03T20:19:35.007360 [RNG] osc=41 imp=881 imprb=881 mstart=0x40 cfg=91 cfgfail=0x0 vhv=0 vpolls=0
2026-09-03T20:19:35.013163 [PRT] calls=1069809 xerr=0 ler=1 lidx=0x0 perr=0 maxcnt=17 addr8=0x52
2026-09-03T20:19:35.017278 [RTY] wr=0 wmax=0 wref=0  rd=0 rmax=0 rref=0
2026-09-03T20:19:35.025417 [RNG] frames=267266 last=43 min=23 max=61 nrdy=316 dxfer=0 dstat=0 lst=0 nrdyerr=0 dclr=0
2026-09-03T20:19:35.031529 [DRV] init=0 id=7 mode=0x1 lib=0x2 seq=0x1 odc=0x8b sts=0xe0 armed=1
2026-09-03T20:19:35.037177 [TRG] pulses=2509 suppressed=31767 cyc=1600 rst=1 rstmode=0x40
2026-09-03T20:19:35.040682 [HLT] polls=5351 faults=0x0 cfglost=0
2026-09-03T20:19:35.046409 [EFF] n=5 last=58588 min=58472 max=58588 late=0 stuck=0 rderr=0
2026-09-03T20:19:35.050538 [DWT] ok=1 cyc=2268237695 cyc_per_ms=799906
2026-09-03T20:19:36.065062 [HB] up_ms=5646543 frames=267631 inf=267631 hazard=34276 canary_err=0 q=0 qovr=0
2026-09-03T20:19:36.076311 [I2C] init=0 gate=0 whoami=0x201e0 wr=0 wrseen=0x27 addr=0x5a ok=1083242 err=0 tmo=0 recov=0 pclk1=200000000 sysclk=400000000
2026-09-03T20:19:36.077575 [NAK] nacks=0
2026-09-03T20:19:36.082179 [CLK] cpu=800000000 sysb=400000000 pclk1=200000000
2026-09-03T20:19:36.086889 [TOF] res=0 step=0 id=0xeacc blk=0xeacc10 ctl=0x0
2026-09-03T20:19:36.092688 [RNG] init=0 step=99 id=0xeacc boot=1 calls=93 xerr=0 dm=1 tb=15
2026-09-03T20:19:36.099591 [RNG] osc=41 imp=881 imprb=881 mstart=0x40 cfg=91 cfgfail=0x0 vhv=0 vpolls=0
2026-09-03T20:19:36.105852 [PRT] calls=1070013 xerr=0 ler=1 lidx=0x0 perr=0 maxcnt=17 addr8=0x52
2026-09-03T20:19:36.110052 [RTY] wr=0 wmax=0 wref=0  rd=0 rmax=0 rref=0
2026-09-03T20:19:36.118059 [RNG] frames=267318 last=46 min=23 max=61 nrdy=316 dxfer=0 dstat=0 lst=0 nrdyerr=0 dclr=0
2026-09-03T20:19:36.124196 [DRV] init=0 id=7 mode=0x1 lib=0x2 seq=0x1 odc=0x8b sts=0xe0 armed=1
2026-09-03T20:19:36.129960 [TRG] pulses=2509 suppressed=31767 cyc=1600 rst=1 rstmode=0x40
2026-09-03T20:19:36.133431 [HLT] polls=5352 faults=0x0 cfglost=0
2026-09-03T20:19:36.139182 [EFF] n=5 last=58588 min=58472 max=58588 late=0 stuck=0 rderr=0
2026-09-03T20:19:36.143187 [DWT] ok=1 cyc=3136339627 cyc_per_ms=800093
2026-09-03T20:19:37.157741 [HB] up_ms=5647628 frames=267683 inf=267683 hazard=34317 canary_err=0 q=0 qovr=0
2026-09-03T20:19:37.169004 [I2C] init=0 gate=0 whoami=0x201e0 wr=0 wrseen=0x27 addr=0x5a ok=1083449 err=0 tmo=0 recov=0 pclk1=200000000 sysclk=400000000
2026-09-03T20:19:37.170358 [NAK] nacks=0
2026-09-03T20:19:37.175069 [CLK] cpu=800000000 sysb=400000000 pclk1=200000000
2026-09-03T20:19:37.181114 [TOF] res=0 step=0 id=0xeacc blk=0xeacc10 ctl=0x0
2026-09-03T20:19:37.186645 [RNG] init=0 step=99 id=0xeacc boot=1 calls=93 xerr=0 dm=1 tb=15
2026-09-03T20:19:37.192223 [RNG] osc=41 imp=881 imprb=881 mstart=0x40 cfg=91 cfgfail=0x0 vhv=0 vpolls=0
2026-09-03T20:19:37.198968 [PRT] calls=1070221 xerr=0 ler=1 lidx=0x0 perr=0 maxcnt=17 addr8=0x52
2026-09-03T20:19:37.202630 [RTY] wr=0 wmax=0 wref=0  rd=0 rmax=0 rref=0
2026-09-03T20:19:37.210628 [RNG] frames=267369 last=41 min=23 max=61 nrdy=316 dxfer=0 dstat=0 lst=0 nrdyerr=0 dclr=0
2026-09-03T20:19:37.216996 [DRV] init=0 id=7 mode=0x1 lib=0x2 seq=0x1 odc=0x8b sts=0xe0 armed=1
2026-09-03T20:19:37.222622 [TRG] pulses=2512 suppressed=31805 cyc=1600 rst=1 rstmode=0x40
2026-09-03T20:19:37.226155 [HLT] polls=5353 faults=0x0 cfglost=0
2026-09-03T20:19:37.231844 [EFF] n=5 last=58588 min=58472 max=58588 late=0 stuck=0 rderr=0
2026-09-03T20:19:37.235845 [DWT] ok=1 cyc=4004237795 cyc_per_ms=799906
2026-09-03T20:19:38.250415 [HB] up_ms=5648713 frames=267734 inf=267734 hazard=34317 canary_err=0 q=0 qovr=0
2026-09-03T20:19:38.261675 [I2C] init=0 gate=0 whoami=0x201e0 wr=0 wrseen=0x27 addr=0x5a ok=1083653 err=0 tmo=0 recov=0 pclk1=200000000 sysclk=400000000
2026-09-03T20:19:38.263034 [NAK] nacks=0
2026-09-03T20:19:38.267695 [CLK] cpu=800000000 sysb=400000000 pclk1=200000000
2026-09-03T20:19:38.272162 [TOF] res=0 step=0 id=0xeacc blk=0xeacc10 ctl=0x0
2026-09-03T20:19:38.278053 [RNG] init=0 step=99 id=0xeacc boot=1 calls=93 xerr=0 dm=1 tb=15
2026-09-03T20:19:38.285038 [RNG] osc=41 imp=881 imprb=881 mstart=0x40 cfg=91 cfgfail=0x0 vhv=0 vpolls=0
2026-09-03T20:19:38.291302 [PRT] calls=1070423 xerr=0 ler=1 lidx=0x0 perr=0 maxcnt=17 addr8=0x52
2026-09-03T20:19:38.295289 [RTY] wr=0 wmax=0 wref=0  rd=0 rmax=0 rref=0
2026-09-03T20:19:38.303588 [RNG] frames=267419 last=51 min=23 max=61 nrdy=317 dxfer=0 dstat=0 lst=0 nrdyerr=0 dclr=0
2026-09-03T20:19:38.309713 [DRV] init=0 id=7 mode=0x1 lib=0x2 seq=0x1 odc=0x8b sts=0xe0 armed=1
2026-09-03T20:19:38.315301 [TRG] pulses=2512 suppressed=31805 cyc=1600 rst=1 rstmode=0x40
2026-09-03T20:19:38.318787 [HLT] polls=5354 faults=0x0 cfglost=0
2026-09-03T20:19:38.324736 [EFF] n=5 last=58588 min=58472 max=58588 late=0 stuck=0 rderr=0
2026-09-03T20:19:38.328589 [DWT] ok=1 cyc=577372407 cyc_per_ms=800093
2026-09-03T20:19:39.342988 [HB] up_ms=5649798 frames=267786 inf=267786 hazard=34317 canary_err=0 q=0 qovr=0
2026-09-03T20:19:39.354232 [I2C] init=0 gate=0 whoami=0x201e0 wr=0 wrseen=0x27 addr=0x5a ok=1083863 err=0 tmo=0 recov=0 pclk1=200000000 sysclk=400000000
2026-09-03T20:19:39.355490 [NAK] nacks=0
2026-09-03T20:19:39.360243 [CLK] cpu=800000000 sysb=400000000 pclk1=200000000
2026-09-03T20:19:39.364700 [TOF] res=0 step=0 id=0xeacc blk=0xeacc10 ctl=0x0
2026-09-03T20:19:39.370609 [RNG] init=0 step=99 id=0xeacc boot=1 calls=93 xerr=0 dm=1 tb=15
2026-09-03T20:19:39.377489 [RNG] osc=41 imp=881 imprb=881 mstart=0x40 cfg=91 cfgfail=0x0 vhv=0 vpolls=0
2026-09-03T20:19:39.383852 [PRT] calls=1070627 xerr=0 ler=1 lidx=0x0 perr=0 maxcnt=17 addr8=0x52
2026-09-03T20:19:39.387840 [RTY] wr=0 wmax=0 wref=0  rd=0 rmax=0 rref=0
2026-09-03T20:19:39.396012 [RNG] frames=267471 last=36 min=23 max=61 nrdy=317 dxfer=0 dstat=0 lst=0 nrdyerr=0 dclr=0
2026-09-03T20:19:39.402096 [DRV] init=0 id=7 mode=0x1 lib=0x2 seq=0x1 odc=0x8b sts=0xe0 armed=1
2026-09-03T20:19:39.407868 [TRG] pulses=2512 suppressed=31805 cyc=1600 rst=1 rstmode=0x40
2026-09-03T20:19:39.411352 [HLT] polls=5355 faults=0x0 cfglost=0
2026-09-03T20:19:39.417094 [EFF] n=5 last=58588 min=58472 max=58588 late=0 stuck=0 rderr=0
2026-09-03T20:19:39.421089 [DWT] ok=1 cyc=1445371679 cyc_per_ms=799999
2026-09-03T20:19:40.434505 [HB] up_ms=5650883 frames=267837 inf=267837 hazard=34317 canary_err=0 q=0 qovr=0
2026-09-03T20:19:40.445888 [I2C] init=0 gate=0 whoami=0x201e0 wr=0 wrseen=0x27 addr=0x5a ok=1084069 err=0 tmo=0 recov=0 pclk1=200000000 sysclk=400000000
2026-09-03T20:19:40.447249 [NAK] nacks=0
2026-09-03T20:19:40.451809 [CLK] cpu=800000000 sysb=400000000 pclk1=200000000
2026-09-03T20:19:40.456677 [TOF] res=0 step=0 id=0xeacc blk=0xeacc10 ctl=0x0
2026-09-03T20:19:40.462139 [RNG] init=0 step=99 id=0xeacc boot=1 calls=93 xerr=0 dm=1 tb=15
2026-09-03T20:19:40.469143 [RNG] osc=41 imp=881 imprb=881 mstart=0x40 cfg=91 cfgfail=0x0 vhv=0 vpolls=0
2026-09-03T20:19:40.475603 [PRT] calls=1070835 xerr=0 ler=1 lidx=0x0 perr=0 maxcnt=17 addr8=0x52
2026-09-03T20:19:40.479540 [RTY] wr=0 wmax=0 wref=0  rd=0 rmax=0 rref=0
2026-09-03T20:19:40.487637 [RNG] frames=267522 last=44 min=23 max=61 nrdy=317 dxfer=0 dstat=0 lst=0 nrdyerr=0 dclr=0
2026-09-03T20:19:40.494287 [DRV] init=0 id=7 mode=0x1 lib=0x2 seq=0x1 odc=0x8b sts=0xe0 armed=1
2026-09-03T20:19:40.499391 [TRG] pulses=2512 suppressed=31805 cyc=1600 rst=1 rstmode=0x40
2026-09-03T20:19:40.502892 [HLT] polls=5356 faults=0x0 cfglost=0
2026-09-03T20:19:40.509307 [EFF] n=5 last=58588 min=58472 max=58588 late=0 stuck=0 rderr=0
2026-09-03T20:19:40.512852 [DWT] ok=1 cyc=2313372479 cyc_per_ms=800000
2026-09-03T20:19:41.526478 [HB] up_ms=5651968 frames=267888 inf=267888 hazard=34317 canary_err=0 q=0 qovr=0
2026-09-03T20:19:41.537719 [I2C] init=0 gate=0 whoami=0x201e0 wr=0 wrseen=0x27 addr=0x5a ok=1084279 err=0 tmo=0 recov=0 pclk1=200000000 sysclk=400000000
2026-09-03T20:19:41.539014 [NAK] nacks=0
2026-09-03T20:19:41.543839 [CLK] cpu=800000000 sysb=400000000 pclk1=200000000
2026-09-03T20:19:41.548204 [TOF] res=0 step=0 id=0xeacc blk=0xeacc10 ctl=0x0
2026-09-03T20:19:41.554092 [RNG] init=0 step=99 id=0xeacc boot=1 calls=93 xerr=0 dm=1 tb=15
2026-09-03T20:19:41.560972 [RNG] osc=41 imp=881 imprb=881 mstart=0x40 cfg=91 cfgfail=0x0 vhv=0 vpolls=0
2026-09-03T20:19:41.567184 [PRT] calls=1071039 xerr=0 ler=1 lidx=0x0 perr=0 maxcnt=17 addr8=0x52
2026-09-03T20:19:41.571316 [RTY] wr=0 wmax=0 wref=0  rd=0 rmax=0 rref=0
2026-09-03T20:19:41.579308 [RNG] frames=267574 last=31 min=23 max=61 nrdy=317 dxfer=0 dstat=0 lst=0 nrdyerr=0 dclr=0
2026-09-03T20:19:41.585596 [DRV] init=0 id=7 mode=0x1 lib=0x2 seq=0x1 odc=0x8b sts=0xe0 armed=1
2026-09-03T20:19:41.591429 [TRG] pulses=2512 suppressed=31805 cyc=1600 rst=1 rstmode=0x40
2026-09-03T20:19:41.594818 [HLT] polls=5357 faults=0x0 cfglost=0
2026-09-03T20:19:41.600443 [EFF] n=5 last=58588 min=58472 max=58588 late=0 stuck=0 rderr=0
2026-09-03T20:19:41.604439 [DWT] ok=1 cyc=3181372319 cyc_per_ms=799999
2026-09-03T20:19:42.617997 [HB] up_ms=5653053 frames=267940 inf=267940 hazard=34317 canary_err=0 q=0 qovr=0
2026-09-03T20:19:42.629383 [I2C] init=0 gate=0 whoami=0x201e0 wr=0 wrseen=0x27 addr=0x5a ok=1084485 err=0 tmo=0 recov=0 pclk1=200000000 sysclk=400000000
2026-09-03T20:19:42.630621 [NAK] nacks=0
2026-09-03T20:19:42.635269 [CLK] cpu=800000000 sysb=400000000 pclk1=200000000
2026-09-03T20:19:42.639756 [TOF] res=0 step=0 id=0xeacc blk=0xeacc10 ctl=0x0
2026-09-03T20:19:42.645633 [RNG] init=0 step=99 id=0xeacc boot=1 calls=93 xerr=0 dm=1 tb=15
2026-09-03T20:19:42.652625 [RNG] osc=41 imp=881 imprb=881 mstart=0x40 cfg=91 cfgfail=0x0 vhv=0 vpolls=0
2026-09-03T20:19:42.658880 [PRT] calls=1071247 xerr=0 ler=1 lidx=0x0 perr=0 maxcnt=17 addr8=0x52
2026-09-03T20:19:42.662992 [RTY] wr=0 wmax=0 wref=0  rd=0 rmax=0 rref=0
2026-09-03T20:19:42.671110 [RNG] frames=267625 last=43 min=23 max=61 nrdy=317 dxfer=0 dstat=0 lst=0 nrdyerr=0 dclr=0
2026-09-03T20:19:42.677259 [DRV] init=0 id=7 mode=0x1 lib=0x2 seq=0x1 odc=0x8b sts=0xe0 armed=1
2026-09-03T20:19:42.683004 [TRG] pulses=2512 suppressed=31805 cyc=1600 rst=1 rstmode=0x40
2026-09-03T20:19:42.686368 [HLT] polls=5358 faults=0x0 cfglost=0
2026-09-03T20:19:42.692133 [EFF] n=5 last=58588 min=58472 max=58588 late=0 stuck=0 rderr=0
2026-09-03T20:19:42.696266 [DWT] ok=1 cyc=4049270327 cyc_per_ms=799905
2026-09-03T20:19:43.710185 [HB] up_ms=5654138 frames=267991 inf=267991 hazard=34348 canary_err=0 q=0 qovr=0
2026-09-03T20:19:43.721518 [I2C] init=0 gate=0 whoami=0x201e0 wr=0 wrseen=0x27 addr=0x5a ok=1084694 err=0 tmo=0 recov=0 pclk1=200000000 sysclk=400000000
2026-09-03T20:19:43.722689 [NAK] nacks=0
2026-09-03T20:19:43.727314 [CLK] cpu=800000000 sysb=400000000 pclk1=200000000
2026-09-03T20:19:43.731932 [TOF] res=0 step=0 id=0xeacc blk=0xeacc10 ctl=0x0
2026-09-03T20:19:43.737803 [RNG] init=0 step=99 id=0xeacc boot=1 calls=93 xerr=0 dm=1 tb=15
2026-09-03T20:19:43.744695 [RNG] osc=41 imp=881 imprb=881 mstart=0x40 cfg=91 cfgfail=0x0 vhv=0 vpolls=0
2026-09-03T20:19:43.750955 [PRT] calls=1071451 xerr=0 ler=1 lidx=0x0 perr=0 maxcnt=17 addr8=0x52
2026-09-03T20:19:43.755085 [RTY] wr=0 wmax=0 wref=0  rd=0 rmax=0 rref=0
2026-09-03T20:19:43.763194 [RNG] frames=267677 last=38 min=23 max=61 nrdy=317 dxfer=0 dstat=0 lst=0 nrdyerr=0 dclr=0
2026-09-03T20:19:43.769315 [DRV] init=0 id=7 mode=0x1 lib=0x2 seq=0x1 odc=0x8b sts=0xe0 armed=1
2026-09-03T20:19:43.774937 [TRG] pulses=2515 suppressed=31836 cyc=1600 rst=1 rstmode=0x40
2026-09-03T20:19:43.778572 [HLT] polls=5359 faults=0x0 cfglost=0
2026-09-03T20:19:43.784306 [EFF] n=5 last=58588 min=58472 max=58588 late=0 stuck=0 rderr=0
2026-09-03T20:19:43.788216 [DWT] ok=1 cyc=622408711 cyc_per_ms=800097
2026-09-03T20:19:44.801367 [HB] up_ms=5655223 frames=268043 inf=268043 hazard=34358 canary_err=0 q=0 qovr=0
2026-09-03T20:19:44.812630 [I2C] init=0 gate=0 whoami=0x201e0 wr=0 wrseen=0x27 addr=0x5a ok=1084901 err=0 tmo=0 recov=0 pclk1=200000000 sysclk=400000000
2026-09-03T20:19:44.813989 [NAK] nacks=0
2026-09-03T20:19:44.818617 [CLK] cpu=800000000 sysb=400000000 pclk1=200000000
2026-09-03T20:19:44.823132 [TOF] res=0 step=0 id=0xeacc blk=0xeacc10 ctl=0x0
2026-09-03T20:19:44.828981 [RNG] init=0 step=99 id=0xeacc boot=1 calls=93 xerr=0 dm=1 tb=15
2026-09-03T20:19:44.835858 [RNG] osc=41 imp=881 imprb=881 mstart=0x40 cfg=91 cfgfail=0x0 vhv=0 vpolls=0
2026-09-03T20:19:44.842237 [PRT] calls=1071659 xerr=0 ler=1 lidx=0x0 perr=0 maxcnt=17 addr8=0x52
2026-09-03T20:19:44.846230 [RTY] wr=0 wmax=0 wref=0  rd=0 rmax=0 rref=0
2026-09-03T20:19:44.854237 [RNG] frames=267728 last=49 min=23 max=61 nrdy=317 dxfer=0 dstat=0 lst=0 nrdyerr=0 dclr=0
2026-09-03T20:19:44.860634 [DRV] init=0 id=7 mode=0x1 lib=0x2 seq=0x1 odc=0x8b sts=0xe0 armed=1
2026-09-03T20:19:44.866243 [TRG] pulses=2515 suppressed=31843 cyc=1600 rst=1 rstmode=0x40
2026-09-03T20:19:44.869733 [HLT] polls=5360 faults=0x0 cfglost=0
2026-09-03T20:19:44.875359 [EFF] n=5 last=58588 min=58472 max=58588 late=0 stuck=0 rderr=0
2026-09-03T20:19:44.879476 [DWT] ok=1 cyc=1490303139 cyc_per_ms=799902
2026-09-03T20:19:45.893054 [HB] up_ms=5656308 frames=268094 inf=268094 hazard=34358 canary_err=0 q=0 qovr=0
2026-09-03T20:19:45.904431 [I2C] init=0 gate=0 whoami=0x201e0 wr=0 wrseen=0x27 addr=0x5a ok=1085107 err=0 tmo=0 recov=0 pclk1=200000000 sysclk=400000000
2026-09-03T20:19:45.905657 [NAK] nacks=0
2026-09-03T20:19:45.910289 [CLK] cpu=800000000 sysb=400000000 pclk1=200000000
2026-09-03T20:19:45.914791 [TOF] res=0 step=0 id=0xeacc blk=0xeacc10 ctl=0x0
2026-09-03T20:19:45.920797 [RNG] init=0 step=99 id=0xeacc boot=1 calls=93 xerr=0 dm=1 tb=15
2026-09-03T20:19:45.927666 [RNG] osc=41 imp=881 imprb=881 mstart=0x40 cfg=91 cfgfail=0x0 vhv=0 vpolls=0
2026-09-03T20:19:45.933930 [PRT] calls=1071863 xerr=0 ler=1 lidx=0x0 perr=0 maxcnt=17 addr8=0x52
2026-09-03T20:19:45.937922 [RTY] wr=0 wmax=0 wref=0  rd=0 rmax=0 rref=0
2026-09-03T20:19:45.946162 [RNG] frames=267779 last=48 min=23 max=61 nrdy=317 dxfer=0 dstat=0 lst=0 nrdyerr=0 dclr=0
2026-09-03T20:19:45.952288 [DRV] init=0 id=7 mode=0x1 lib=0x2 seq=0x1 odc=0x8b sts=0xe0 armed=1
2026-09-03T20:19:45.957917 [TRG] pulses=2515 suppressed=31843 cyc=1600 rst=1 rstmode=0x40
2026-09-03T20:19:45.961412 [HLT] polls=5361 faults=0x0 cfglost=0
2026-09-03T20:19:45.967293 [EFF] n=5 last=58588 min=58472 max=58588 late=0 stuck=0 rderr=0
2026-09-03T20:19:45.971289 [DWT] ok=1 cyc=2358405127 cyc_per_ms=800093
2026-09-03T20:19:46.984626 [HB] up_ms=5657393 frames=268146 inf=268146 hazard=34358 canary_err=0 q=0 qovr=0
2026-09-03T20:19:46.995690 [I2C] init=0 gate=0 whoami=0x201e0 wr=0 wrseen=0x27 addr=0x5a ok=1085317 err=0 tmo=0 recov=0 pclk1=200000000 sysclk=400000000
2026-09-03T20:19:46.996927 [NAK] nacks=0
2026-09-03T20:19:47.001690 [CLK] cpu=800000000 sysb=400000000 pclk1=200000000
2026-09-03T20:19:47.006307 [TOF] res=0 step=0 id=0xeacc blk=0xeacc10 ctl=0x0
2026-09-03T20:19:47.012325 [RNG] init=0 step=99 id=0xeacc boot=1 calls=93 xerr=0 dm=1 tb=15
2026-09-03T20:19:47.018938 [RNG] osc=41 imp=881 imprb=881 mstart=0x40 cfg=91 cfgfail=0x0 vhv=0 vpolls=0
2026-09-03T20:19:47.025335 [PRT] calls=1072067 xerr=0 ler=1 lidx=0x0 perr=0 maxcnt=17 addr8=0x52
2026-09-03T20:19:47.029701 [RTY] wr=0 wmax=0 wref=0  rd=0 rmax=0 rref=0
2026-09-03T20:19:47.037444 [RNG] frames=267831 last=49 min=23 max=61 nrdy=317 dxfer=0 dstat=0 lst=0 nrdyerr=0 dclr=0
2026-09-03T20:19:47.043600 [DRV] init=0 id=7 mode=0x1 lib=0x2 seq=0x1 odc=0x8b sts=0xe0 armed=1
2026-09-03T20:19:47.049325 [TRG] pulses=2515 suppressed=31843 cyc=1600 rst=1 rstmode=0x40
2026-09-03T20:19:47.052944 [HLT] polls=5362 faults=0x0 cfglost=0
2026-09-03T20:19:47.058468 [EFF] n=5 last=58588 min=58472 max=58588 late=0 stuck=0 rderr=0
2026-09-03T20:19:47.062452 [DWT] ok=1 cyc=3226404383 cyc_per_ms=799999
2026-09-03T20:19:48.075722 [HB] up_ms=5658478 frames=268197 inf=268197 hazard=34358 canary_err=0 q=0 qovr=0
2026-09-03T20:19:48.087027 [I2C] init=0 gate=0 whoami=0x201e0 wr=0 wrseen=0x27 addr=0x5a ok=1085523 err=0 tmo=0 recov=0 pclk1=200000000 sysclk=400000000
2026-09-03T20:19:48.088336 [NAK] nacks=0
2026-09-03T20:19:48.092881 [CLK] cpu=800000000 sysb=400000000 pclk1=200000000
2026-09-03T20:19:48.097365 [TOF] res=0 step=0 id=0xeacc blk=0xeacc10 ctl=0x0
2026-09-03T20:19:48.103272 [RNG] init=0 step=99 id=0xeacc boot=1 calls=93 xerr=0 dm=1 tb=15
2026-09-03T20:19:48.110254 [RNG] osc=41 imp=881 imprb=881 mstart=0x40 cfg=91 cfgfail=0x0 vhv=0 vpolls=0
2026-09-03T20:19:48.116500 [PRT] calls=1072275 xerr=0 ler=1 lidx=0x0 perr=0 maxcnt=17 addr8=0x52
2026-09-03T20:19:48.120715 [RTY] wr=0 wmax=0 wref=0  rd=0 rmax=0 rref=0
2026-09-03T20:19:48.128901 [RNG] frames=267882 last=43 min=23 max=61 nrdy=317 dxfer=0 dstat=0 lst=0 nrdyerr=0 dclr=0
2026-09-03T20:19:48.134887 [DRV] init=0 id=7 mode=0x1 lib=0x2 seq=0x1 odc=0x8b sts=0xe0 armed=1
2026-09-03T20:19:48.140684 [TRG] pulses=2515 suppressed=31843 cyc=1600 rst=1 rstmode=0x40
2026-09-03T20:19:48.144022 [HLT] polls=5364 faults=0x0 cfglost=0
2026-09-03T20:19:48.149887 [EFF] n=5 last=58588 min=58472 max=58588 late=0 stuck=0 rderr=0
2026-09-03T20:19:48.153909 [DWT] ok=1 cyc=4094437815 cyc_per_ms=800030
2026-09-03T20:19:49.167177 [HB] up_ms=5659563 frames=268248 inf=268248 hazard=34358 canary_err=0 q=0 qovr=0
2026-09-03T20:19:49.178429 [I2C] init=0 gate=0 whoami=0x201e0 wr=0 wrseen=0x27 addr=0x5a ok=1085733 err=0 tmo=0 recov=0 pclk1=200000000 sysclk=400000000
2026-09-03T20:19:49.179675 [NAK] nacks=0
2026-09-03T20:19:49.184311 [CLK] cpu=800000000 sysb=400000000 pclk1=200000000
2026-09-03T20:19:49.189049 [TOF] res=0 step=0 id=0xeacc blk=0xeacc10 ctl=0x0
2026-09-03T20:19:49.194809 [RNG] init=0 step=99 id=0xeacc boot=1 calls=93 xerr=0 dm=1 tb=15
2026-09-03T20:19:49.201897 [RNG] osc=41 imp=881 imprb=881 mstart=0x40 cfg=91 cfgfail=0x0 vhv=0 vpolls=0
2026-09-03T20:19:49.208053 [PRT] calls=1072479 xerr=0 ler=1 lidx=0x0 perr=0 maxcnt=17 addr8=0x52
2026-09-03T20:19:49.212191 [RTY] wr=0 wmax=0 wref=0  rd=0 rmax=0 rref=0
2026-09-03T20:19:49.220173 [RNG] frames=267934 last=36 min=23 max=61 nrdy=317 dxfer=0 dstat=0 lst=0 nrdyerr=0 dclr=0
2026-09-03T20:19:49.226296 [DRV] init=0 id=7 mode=0x1 lib=0x2 seq=0x1 odc=0x8b sts=0xe0 armed=1
2026-09-03T20:19:49.232041 [TRG] pulses=2515 suppressed=31843 cyc=1600 rst=1 rstmode=0x40
2026-09-03T20:19:49.235596 [HLT] polls=5365 faults=0x0 cfglost=0
2026-09-03T20:19:49.241301 [EFF] n=5 last=58588 min=58472 max=58588 late=0 stuck=0 rderr=0
2026-09-03T20:19:49.245178 [DWT] ok=1 cyc=667470383 cyc_per_ms=799999
2026-09-03T20:19:50.258118 [HB] up_ms=5660648 frames=268300 inf=268300 hazard=34378 canary_err=0 q=0 qovr=0
2026-09-03T20:19:50.269489 [I2C] init=0 gate=0 whoami=0x201e0 wr=0 wrseen=0x27 addr=0x5a ok=1085941 err=0 tmo=0 recov=0 pclk1=200000000 sysclk=400000000
2026-09-03T20:19:50.270753 [NAK] nacks=0
2026-09-03T20:19:50.275358 [CLK] cpu=800000000 sysb=400000000 pclk1=200000000
2026-09-03T20:19:50.279856 [TOF] res=0 step=0 id=0xeacc blk=0xeacc10 ctl=0x0
2026-09-03T20:19:50.285624 [RNG] init=0 step=99 id=0xeacc boot=1 calls=93 xerr=0 dm=1 tb=15
2026-09-03T20:19:50.292641 [RNG] osc=41 imp=881 imprb=881 mstart=0x40 cfg=91 cfgfail=0x0 vhv=0 vpolls=0
2026-09-03T20:19:50.298985 [PRT] calls=1072687 xerr=0 ler=1 lidx=0x0 perr=0 maxcnt=17 addr8=0x52
2026-09-03T20:19:50.302994 [RTY] wr=0 wmax=0 wref=0  rd=0 rmax=0 rref=0
2026-09-03T20:19:50.311120 [RNG] frames=267985 last=40 min=23 max=61 nrdy=317 dxfer=0 dstat=0 lst=0 nrdyerr=0 dclr=0
2026-09-03T20:19:50.317387 [DRV] init=0 id=7 mode=0x1 lib=0x2 seq=0x1 odc=0x8b sts=0xe0 armed=1
2026-09-03T20:19:50.323021 [TRG] pulses=2517 suppressed=31864 cyc=1600 rst=1 rstmode=0x40
2026-09-03T20:19:50.326392 [HLT] polls=5366 faults=0x0 cfglost=0
2026-09-03T20:19:50.332110 [EFF] n=5 last=58588 min=58472 max=58588 late=0 stuck=0 rderr=0
2026-09-03T20:19:50.336234 [DWT] ok=1 cyc=1535338619 cyc_per_ms=799878
2026-09-03T20:19:51.349288 [HB] up_ms=5661733 frames=268351 inf=268351 hazard=34399 canary_err=0 q=0 qovr=0
2026-09-03T20:19:51.360538 [I2C] init=0 gate=0 whoami=0x201e0 wr=0 wrseen=0x27 addr=0x5a ok=1086150 err=0 tmo=0 recov=0 pclk1=200000000 sysclk=400000000
2026-09-03T20:19:51.361784 [NAK] nacks=0
2026-09-03T20:19:51.366443 [CLK] cpu=800000000 sysb=400000000 pclk1=200000000
2026-09-03T20:19:51.371104 [TOF] res=0 step=0 id=0xeacc blk=0xeacc10 ctl=0x0
2026-09-03T20:19:51.376928 [RNG] init=0 step=99 id=0xeacc boot=1 calls=93 xerr=0 dm=1 tb=15
2026-09-03T20:19:51.383897 [RNG] osc=41 imp=881 imprb=881 mstart=0x40 cfg=91 cfgfail=0x0 vhv=0 vpolls=0
2026-09-03T20:19:51.390047 [PRT] calls=1072891 xerr=0 ler=1 lidx=0x0 perr=0 maxcnt=17 addr8=0x52
2026-09-03T20:19:51.394181 [RTY] wr=0 wmax=0 wref=0  rd=0 rmax=0 rref=0
2026-09-03T20:19:51.402282 [RNG] frames=268037 last=50 min=23 max=61 nrdy=317 dxfer=0 dstat=0 lst=0 nrdyerr=0 dclr=0
2026-09-03T20:19:51.408426 [DRV] init=0 id=7 mode=0x1 lib=0x2 seq=0x1 odc=0x8b sts=0xe0 armed=1
2026-09-03T20:19:51.414035 [TRG] pulses=2518 suppressed=31881 cyc=1600 rst=1 rstmode=0x40
2026-09-03T20:19:51.417667 [HLT] polls=5367 faults=0x0 cfglost=0
2026-09-03T20:19:51.423420 [EFF] n=5 last=58588 min=58472 max=58588 late=0 stuck=0 rderr=0
2026-09-03T20:19:51.427297 [DWT] ok=1 cyc=2403437751 cyc_per_ms=800091
2026-09-03T20:19:52.439955 [HB] up_ms=5662818 frames=268403 inf=268403 hazard=34399 canary_err=0 q=0 qovr=0
2026-09-03T20:19:52.451235 [I2C] init=0 gate=0 whoami=0x201e0 wr=0 wrseen=0x27 addr=0x5a ok=1086357 err=0 tmo=0 recov=0 pclk1=200000000 sysclk=400000000
2026-09-03T20:19:52.452603 [NAK] nacks=0
2026-09-03T20:19:52.457082 [CLK] cpu=800000000 sysb=400000000 pclk1=200000000
2026-09-03T20:19:52.461610 [TOF] res=0 step=0 id=0xeacc blk=0xeacc10 ctl=0x0
2026-09-03T20:19:52.467468 [RNG] init=0 step=99 id=0xeacc boot=1 calls=93 xerr=0 dm=1 tb=15
2026-09-03T20:19:52.474469 [RNG] osc=41 imp=881 imprb=881 mstart=0x40 cfg=91 cfgfail=0x0 vhv=0 vpolls=0
2026-09-03T20:19:52.480721 [PRT] calls=1073099 xerr=0 ler=1 lidx=0x0 perr=0 maxcnt=17 addr8=0x52
2026-09-03T20:19:52.484871 [RTY] wr=0 wmax=0 wref=0  rd=0 rmax=0 rref=0
2026-09-03T20:19:52.492848 [RNG] frames=268088 last=39 min=23 max=61 nrdy=317 dxfer=0 dstat=0 lst=0 nrdyerr=0 dclr=0
2026-09-03T20:19:52.499076 [DRV] init=0 id=7 mode=0x1 lib=0x2 seq=0x1 odc=0x8b sts=0xe0 armed=1
2026-09-03T20:19:52.504705 [TRG] pulses=2518 suppressed=31881 cyc=1600 rst=1 rstmode=0x40
2026-09-03T20:19:52.508214 [HLT] polls=5368 faults=0x0 cfglost=0
2026-09-03T20:19:52.513970 [EFF] n=5 last=58588 min=58472 max=58588 late=0 stuck=0 rderr=0
2026-09-03T20:19:52.517959 [DWT] ok=1 cyc=3271335883 cyc_per_ms=799906
2026-09-03T20:19:53.530892 [HB] up_ms=5663903 frames=268454 inf=268454 hazard=34399 canary_err=0 q=0 qovr=0
2026-09-03T20:19:53.542148 [I2C] init=0 gate=0 whoami=0x201e0 wr=0 wrseen=0x27 addr=0x5a ok=1086563 err=0 tmo=0 recov=0 pclk1=200000000 sysclk=400000000
2026-09-03T20:19:53.543519 [NAK] nacks=0
2026-09-03T20:19:53.548128 [CLK] cpu=800000000 sysb=400000000 pclk1=200000000
2026-09-03T20:19:53.552504 [TOF] res=0 step=0 id=0xeacc blk=0xeacc10 ctl=0x0
2026-09-03T20:19:53.558516 [RNG] init=0 step=99 id=0xeacc boot=1 calls=93 xerr=0 dm=1 tb=15
2026-09-03T20:19:53.565386 [RNG] osc=41 imp=881 imprb=881 mstart=0x40 cfg=91 cfgfail=0x0 vhv=0 vpolls=0
2026-09-03T20:19:53.571664 [PRT] calls=1073303 xerr=0 ler=1 lidx=0x0 perr=0 maxcnt=17 addr8=0x52
2026-09-03T20:19:53.575798 [RTY] wr=0 wmax=0 wref=0  rd=0 rmax=0 rref=0
2026-09-03T20:19:53.583941 [RNG] frames=268139 last=46 min=23 max=61 nrdy=317 dxfer=0 dstat=0 lst=0 nrdyerr=0 dclr=0
2026-09-03T20:19:53.590036 [DRV] init=0 id=7 mode=0x1 lib=0x2 seq=0x1 odc=0x8b sts=0xe0 armed=1
2026-09-03T20:19:53.595761 [TRG] pulses=2518 suppressed=31881 cyc=1600 rst=1 rstmode=0x40
2026-09-03T20:19:53.599145 [HLT] polls=5369 faults=0x0 cfglost=0
2026-09-03T20:19:53.605008 [EFF] n=5 last=58588 min=58472 max=58588 late=0 stuck=0 rderr=0
2026-09-03T20:19:53.609016 [DWT] ok=1 cyc=4139437883 cyc_per_ms=800094
2026-09-03T20:19:54.622185 [HB] up_ms=5664988 frames=268506 inf=268506 hazard=34399 canary_err=0 q=0 qovr=0
2026-09-03T20:19:54.633436 [I2C] init=0 gate=0 whoami=0x201e0 wr=0 wrseen=0x27 addr=0x5a ok=1086771 err=0 tmo=0 recov=0 pclk1=200000000 sysclk=400000000
2026-09-03T20:19:54.634711 [NAK] nacks=0
2026-09-03T20:19:54.639477 [CLK] cpu=800000000 sysb=400000000 pclk1=200000000
2026-09-03T20:19:54.643926 [TOF] res=0 step=0 id=0xeacc blk=0xeacc10 ctl=0x0
2026-09-03T20:19:54.649806 [RNG] init=0 step=99 id=0xeacc boot=1 calls=93 xerr=0 dm=1 tb=15
2026-09-03T20:19:54.656690 [RNG] osc=41 imp=881 imprb=881 mstart=0x40 cfg=91 cfgfail=0x0 vhv=0 vpolls=0
2026-09-03T20:19:54.663057 [PRT] calls=1073505 xerr=0 ler=1 lidx=0x0 perr=0 maxcnt=17 addr8=0x52
2026-09-03T20:19:54.667180 [RTY] wr=0 wmax=0 wref=0  rd=0 rmax=0 rref=0
2026-09-03T20:19:54.675186 [RNG] frames=268190 last=48 min=23 max=61 nrdy=318 dxfer=0 dstat=0 lst=0 nrdyerr=0 dclr=0
2026-09-03T20:19:54.681307 [DRV] init=0 id=7 mode=0x1 lib=0x2 seq=0x1 odc=0x8b sts=0xe0 armed=1
2026-09-03T20:19:54.687057 [TRG] pulses=2518 suppressed=31881 cyc=1600 rst=1 rstmode=0x40
2026-09-03T20:19:54.690597 [HLT] polls=5370 faults=0x0 cfglost=0
2026-09-03T20:19:54.696303 [EFF] n=5 last=58588 min=58472 max=58588 late=0 stuck=0 rderr=0
2026-09-03T20:19:54.700219 [DWT] ok=1 cyc=712469823 cyc_per_ms=799999
2026-09-03T20:19:55.713487 [HB] up_ms=5666073 frames=268557 inf=268557 hazard=34399 canary_err=0 q=0 qovr=0
2026-09-03T20:19:55.724742 [I2C] init=0 gate=0 whoami=0x201e0 wr=0 wrseen=0x27 addr=0x5a ok=1086977 err=0 tmo=0 recov=0 pclk1=200000000 sysclk=400000000
2026-09-03T20:19:55.726225 [NAK] nacks=0
2026-09-03T20:19:55.730729 [CLK] cpu=800000000 sysb=400000000 pclk1=200000000
2026-09-03T20:19:55.735231 [TOF] res=0 step=0 id=0xeacc blk=0xeacc10 ctl=0x0
2026-09-03T20:19:55.741115 [RNG] init=0 step=99 id=0xeacc boot=1 calls=93 xerr=0 dm=1 tb=15
2026-09-03T20:19:55.747987 [RNG] osc=41 imp=881 imprb=881 mstart=0x40 cfg=91 cfgfail=0x0 vhv=0 vpolls=0
2026-09-03T20:19:55.754236 [PRT] calls=1073713 xerr=0 ler=1 lidx=0x0 perr=0 maxcnt=17 addr8=0x52
2026-09-03T20:19:55.758364 [RTY] wr=0 wmax=0 wref=0  rd=0 rmax=0 rref=0
2026-09-03T20:19:55.767879 [RNG] frames=268241 last=37 min=23 max=61 nrdy=318 dxfer=0 dstat=0 lst=0 nrdyerr=0 dclr=0
2026-09-03T20:19:55.772631 [DRV] init=0 id=7 mode=0x1 lib=0x2 seq=0x1 odc=0x8b sts=0xe0 armed=1
2026-09-03T20:19:55.778374 [TRG] pulses=2518 suppressed=31881 cyc=1600 rst=1 rstmode=0x40
2026-09-03T20:19:55.781739 [HLT] polls=5371 faults=0x0 cfglost=0
2026-09-03T20:19:55.787634 [EFF] n=5 last=58588 min=58472 max=58588 late=0 stuck=0 rderr=0
2026-09-03T20:19:55.791632 [DWT] ok=1 cyc=1580470623 cyc_per_ms=800000
2026-09-03T20:19:56.805037 [HB] up_ms=5667158 frames=268608 inf=268608 hazard=34407 canary_err=0 q=0 qovr=0
2026-09-03T20:19:56.816281 [I2C] init=0 gate=0 whoami=0x201e0 wr=0 wrseen=0x27 addr=0x5a ok=1087187 err=0 tmo=0 recov=0 pclk1=200000000 sysclk=400000000
2026-09-03T20:19:56.817667 [NAK] nacks=0
2026-09-03T20:19:56.822329 [CLK] cpu=800000000 sysb=400000000 pclk1=200000000
2026-09-03T20:19:56.826932 [TOF] res=0 step=0 id=0xeacc blk=0xeacc10 ctl=0x0
2026-09-03T20:19:56.832650 [RNG] init=0 step=99 id=0xeacc boot=1 calls=93 xerr=0 dm=1 tb=15
2026-09-03T20:19:56.839537 [RNG] osc=41 imp=881 imprb=881 mstart=0x40 cfg=91 cfgfail=0x0 vhv=0 vpolls=0
2026-09-03T20:19:56.845910 [PRT] calls=1073917 xerr=0 ler=1 lidx=0x0 perr=0 maxcnt=17 addr8=0x52
2026-09-03T20:19:56.850038 [RTY] wr=0 wmax=0 wref=0  rd=0 rmax=0 rref=0
2026-09-03T20:19:56.858042 [RNG] frames=268293 last=45 min=23 max=61 nrdy=318 dxfer=0 dstat=0 lst=0 nrdyerr=0 dclr=0
2026-09-03T20:19:56.864156 [DRV] init=0 id=7 mode=0x1 lib=0x2 seq=0x1 odc=0x8b sts=0xe0 armed=1
2026-09-03T20:19:56.870053 [TRG] pulses=2519 suppressed=31891 cyc=1600 rst=1 rstmode=0x40
2026-09-03T20:19:56.873422 [HLT] polls=5372 faults=0x0 cfglost=0
2026-09-03T20:19:56.879158 [EFF] n=5 last=58588 min=58472 max=58588 late=0 stuck=0 rderr=0
2026-09-03T20:19:56.883150 [DWT] ok=1 cyc=2448474155 cyc_per_ms=800003
2026-09-03T20:19:57.896622 [HB] up_ms=5668243 frames=268660 inf=268660 hazard=34440 canary_err=0 q=0 qovr=0
2026-09-03T20:19:57.907957 [I2C] init=0 gate=0 whoami=0x201e0 wr=0 wrseen=0x27 addr=0x5a ok=1087393 err=0 tmo=0 recov=0 pclk1=200000000 sysclk=400000000
2026-09-03T20:19:57.909220 [NAK] nacks=0
2026-09-03T20:19:57.913838 [CLK] cpu=800000000 sysb=400000000 pclk1=200000000
2026-09-03T20:19:57.918332 [TOF] res=0 step=0 id=0xeacc blk=0xeacc10 ctl=0x0
2026-09-03T20:19:57.924219 [RNG] init=0 step=99 id=0xeacc boot=1 calls=93 xerr=0 dm=1 tb=15
2026-09-03T20:19:57.931209 [RNG] osc=41 imp=881 imprb=881 mstart=0x40 cfg=91 cfgfail=0x0 vhv=0 vpolls=0
2026-09-03T20:19:57.937469 [PRT] calls=1074125 xerr=0 ler=1 lidx=0x0 perr=0 maxcnt=17 addr8=0x52
2026-09-03T20:19:57.941602 [RTY] wr=0 wmax=0 wref=0  rd=0 rmax=0 rref=0
2026-09-03T20:19:57.949611 [RNG] frames=268344 last=35 min=23 max=61 nrdy=318 dxfer=0 dstat=0 lst=0 nrdyerr=0 dclr=0
2026-09-03T20:19:57.955830 [DRV] init=0 id=7 mode=0x1 lib=0x2 seq=0x1 odc=0x8b sts=0xe0 armed=1
2026-09-03T20:19:57.961458 [TRG] pulses=2521 suppressed=31919 cyc=1600 rst=1 rstmode=0x40
2026-09-03T20:19:57.964957 [HLT] polls=5373 faults=0x0 cfglost=0
2026-09-03T20:19:57.970707 [EFF] n=5 last=58588 min=58472 max=58588 late=0 stuck=0 rderr=0
2026-09-03T20:19:57.974742 [DWT] ok=1 cyc=3316368539 cyc_per_ms=799902
2026-09-03T20:19:58.988128 [HB] up_ms=5669328 frames=268711 inf=268711 hazard=34440 canary_err=0 q=0 qovr=0
2026-09-03T20:19:58.999374 [I2C] init=0 gate=0 whoami=0x201e0 wr=0 wrseen=0x27 addr=0x5a ok=1087602 err=0 tmo=0 recov=0 pclk1=200000000 sysclk=400000000
2026-09-03T20:19:59.000640 [NAK] nacks=0
2026-09-03T20:19:59.005245 [CLK] cpu=800000000 sysb=400000000 pclk1=200000000
2026-09-03T20:19:59.009868 [TOF] res=0 step=0 id=0xeacc blk=0xeacc10 ctl=0x0
2026-09-03T20:19:59.015778 [RNG] init=0 step=99 id=0xeacc boot=1 calls=93 xerr=0 dm=1 tb=15
2026-09-03T20:19:59.022657 [RNG] osc=41 imp=881 imprb=881 mstart=0x40 cfg=91 cfgfail=0x0 vhv=0 vpolls=0
2026-09-03T20:19:59.028914 [PRT] calls=1074329 xerr=0 ler=1 lidx=0x0 perr=0 maxcnt=17 addr8=0x52
2026-09-03T20:19:59.033115 [RTY] wr=0 wmax=0 wref=0  rd=0 rmax=0 rref=0
2026-09-03T20:19:59.041166 [RNG] frames=268396 last=37 min=23 max=61 nrdy=318 dxfer=0 dstat=0 lst=0 nrdyerr=0 dclr=0
2026-09-03T20:19:59.047405 [DRV] init=0 id=7 mode=0x1 lib=0x2 seq=0x1 odc=0x8b sts=0xe0 armed=1
2026-09-03T20:19:59.054652 [TRG] pulses=2521 suppressed=31919 cyc=1600 rst=1 rstmode=0x40
2026-09-03T20:19:59.056776 [HLT] polls=5374 faults=0x0 cfglost=0
2026-09-03T20:19:59.062635 [EFF] n=5 last=58588 min=58472 max=58588 late=0 stuck=0 rderr=0
2026-09-03T20:19:59.066637 [DWT] ok=1 cyc=4184470415 cyc_per_ms=800093
2026-09-03T20:20:00.079805 [HB] up_ms=5670413 frames=268763 inf=268763 hazard=34440 canary_err=0 q=0 qovr=0
2026-09-03T20:20:00.091095 [I2C] init=0 gate=0 whoami=0x201e0 wr=0 wrseen=0x27 addr=0x5a ok=1087809 err=0 tmo=0 recov=0 pclk1=200000000 sysclk=400000000
2026-09-03T20:20:00.092432 [NAK] nacks=0
2026-09-03T20:20:00.097092 [CLK] cpu=800000000 sysb=400000000 pclk1=200000000
2026-09-03T20:20:00.101592 [TOF] res=0 step=0 id=0xeacc blk=0xeacc10 ctl=0x0
2026-09-03T20:20:00.107536 [RNG] init=0 step=99 id=0xeacc boot=1 calls=93 xerr=0 dm=1 tb=15
2026-09-03T20:20:00.114485 [RNG] osc=41 imp=881 imprb=881 mstart=0x40 cfg=91 cfgfail=0x0 vhv=0 vpolls=0
2026-09-03T20:20:00.120677 [PRT] calls=1074537 xerr=0 ler=1 lidx=0x0 perr=0 maxcnt=17 addr8=0x52
2026-09-03T20:20:00.124847 [RTY] wr=0 wmax=0 wref=0  rd=0 rmax=0 rref=0
2026-09-03T20:20:00.132839 [RNG] frames=268447 last=39 min=23 max=61 nrdy=318 dxfer=0 dstat=0 lst=0 nrdyerr=0 dclr=0
2026-09-03T20:20:00.139077 [DRV] init=0 id=7 mode=0x1 lib=0x2 seq=0x1 odc=0x8b sts=0xe0 armed=1
2026-09-03T20:20:00.144777 [TRG] pulses=2521 suppressed=31919 cyc=1600 rst=1 rstmode=0x40
2026-09-03T20:20:00.148213 [HLT] polls=5375 faults=0x0 cfglost=0
2026-09-03T20:20:00.153948 [EFF] n=5 last=58588 min=58472 max=58588 late=0 stuck=0 rderr=0
2026-09-03T20:20:00.157958 [DWT] ok=1 cyc=757401251 cyc_per_ms=799906
2026-09-03T20:20:01.172100 [HB] up_ms=5671498 frames=268814 inf=268814 hazard=34440 canary_err=0 q=0 qovr=0
2026-09-03T20:20:01.183355 [I2C] init=0 gate=0 whoami=0x201e0 wr=0 wrseen=0x27 addr=0x5a ok=1088015 err=0 tmo=0 recov=0 pclk1=200000000 sysclk=400000000
2026-09-03T20:20:01.184716 [NAK] nacks=0
2026-09-03T20:20:01.189341 [CLK] cpu=800000000 sysb=400000000 pclk1=200000000
2026-09-03T20:20:01.193885 [TOF] res=0 step=0 id=0xeacc blk=0xeacc10 ctl=0x0
2026-09-03T20:20:01.199745 [RNG] init=0 step=99 id=0xeacc boot=1 calls=93 xerr=0 dm=1 tb=15
2026-09-03T20:20:01.206614 [RNG] osc=41 imp=881 imprb=881 mstart=0x40 cfg=91 cfgfail=0x0 vhv=0 vpolls=0
2026-09-03T20:20:01.212859 [PRT] calls=1074741 xerr=0 ler=1 lidx=0x0 perr=0 maxcnt=17 addr8=0x52
2026-09-03T20:20:01.216972 [RTY] wr=0 wmax=0 wref=0  rd=0 rmax=0 rref=0
2026-09-03T20:20:01.225148 [RNG] frames=268498 last=37 min=23 max=61 nrdy=318 dxfer=0 dstat=0 lst=0 nrdyerr=0 dclr=0
2026-09-03T20:20:01.231347 [DRV] init=0 id=7 mode=0x1 lib=0x2 seq=0x1 odc=0x8b sts=0xe0 armed=1
2026-09-03T20:20:01.236969 [TRG] pulses=2521 suppressed=31919 cyc=1600 rst=1 rstmode=0x40
2026-09-03T20:20:01.240338 [HLT] polls=5376 faults=0x0 cfglost=0
2026-09-03T20:20:01.246242 [EFF] n=5 last=58588 min=58472 max=58588 late=0 stuck=0 rderr=0
2026-09-03T20:20:01.250214 [DWT] ok=1 cyc=1625503275 cyc_per_ms=800094
2026-09-03T20:20:02.264407 [HB] up_ms=5672583 frames=268866 inf=268866 hazard=34440 canary_err=0 q=0 qovr=0
2026-09-03T20:20:02.275531 [I2C] init=0 gate=0 whoami=0x201e0 wr=0 wrseen=0x27 addr=0x5a ok=1088225 err=0 tmo=0 recov=0 pclk1=200000000 sysclk=400000000
2026-09-03T20:20:02.276885 [NAK] nacks=0
2026-09-03T20:20:02.281679 [CLK] cpu=800000000 sysb=400000000 pclk1=200000000
2026-09-03T20:20:02.286136 [TOF] res=0 step=0 id=0xeacc blk=0xeacc10 ctl=0x0
2026-09-03T20:20:02.291901 [RNG] init=0 step=99 id=0xeacc boot=1 calls=93 xerr=0 dm=1 tb=15
2026-09-03T20:20:02.298799 [RNG] osc=41 imp=881 imprb=881 mstart=0x40 cfg=91 cfgfail=0x0 vhv=0 vpolls=0
2026-09-03T20:20:02.305265 [PRT] calls=1074945 xerr=0 ler=1 lidx=0x0 perr=0 maxcnt=17 addr8=0x52
2026-09-03T20:20:02.309260 [RTY] wr=0 wmax=0 wref=0  rd=0 rmax=0 rref=0
2026-09-03T20:20:02.317312 [RNG] frames=268550 last=38 min=23 max=61 nrdy=318 dxfer=0 dstat=0 lst=0 nrdyerr=0 dclr=0
2026-09-03T20:20:02.323518 [DRV] init=0 id=7 mode=0x1 lib=0x2 seq=0x1 odc=0x8b sts=0xe0 armed=1
2026-09-03T20:20:02.329288 [TRG] pulses=2521 suppressed=31919 cyc=1600 rst=1 rstmode=0x40
2026-09-03T20:20:02.332773 [HLT] polls=5377 faults=0x0 cfglost=0
2026-09-03T20:20:02.338504 [EFF] n=5 last=58588 min=58472 max=58588 late=0 stuck=0 rderr=0
2026-09-03T20:20:02.342375 [DWT] ok=1 cyc=2493502531 cyc_per_ms=799999
2026-09-03T20:20:03.356320 [HB] up_ms=5673668 frames=268917 inf=268917 hazard=34440 canary_err=0 q=0 qovr=0
2026-09-03T20:20:03.367693 [I2C] init=0 gate=0 whoami=0x201e0 wr=0 wrseen=0x27 addr=0x5a ok=1088431 err=0 tmo=0 recov=0 pclk1=200000000 sysclk=400000000
2026-09-03T20:20:03.368937 [NAK] nacks=0
2026-09-03T20:20:03.373586 [CLK] cpu=800000000 sysb=400000000 pclk1=200000000
2026-09-03T20:20:03.378076 [TOF] res=0 step=0 id=0xeacc blk=0xeacc10 ctl=0x0
2026-09-03T20:20:03.383930 [RNG] init=0 step=99 id=0xeacc boot=1 calls=93 xerr=0 dm=1 tb=15
2026-09-03T20:20:03.390962 [RNG] osc=41 imp=881 imprb=881 mstart=0x40 cfg=91 cfgfail=0x0 vhv=0 vpolls=0
2026-09-03T20:20:03.397203 [PRT] calls=1075153 xerr=0 ler=1 lidx=0x0 perr=0 maxcnt=17 addr8=0x52
2026-09-03T20:20:03.401170 [RTY] wr=0 wmax=0 wref=0  rd=0 rmax=0 rref=0
2026-09-03T20:20:03.409440 [RNG] frames=268601 last=42 min=23 max=61 nrdy=318 dxfer=0 dstat=0 lst=0 nrdyerr=0 dclr=0
2026-09-03T20:20:03.415586 [DRV] init=0 id=7 mode=0x1 lib=0x2 seq=0x1 odc=0x8b sts=0xe0 armed=1
2026-09-03T20:20:03.421184 [TRG] pulses=2521 suppressed=31919 cyc=1600 rst=1 rstmode=0x40
2026-09-03T20:20:03.424756 [HLT] polls=5378 faults=0x0 cfglost=0
2026-09-03T20:20:03.430613 [EFF] n=5 last=58588 min=58472 max=58588 late=0 stuck=0 rderr=0
2026-09-03T20:20:03.434447 [DWT] ok=1 cyc=3361506791 cyc_per_ms=800003
2026-09-03T20:20:04.448128 [HB] up_ms=5674753 frames=268968 inf=268968 hazard=34481 canary_err=0 q=0 qovr=0
2026-09-03T20:20:04.459310 [I2C] init=0 gate=0 whoami=0x201e0 wr=0 wrseen=0x27 addr=0x5a ok=1088639 err=0 tmo=0 recov=0 pclk1=200000000 sysclk=400000000
2026-09-03T20:20:04.460664 [NAK] nacks=0
2026-09-03T20:20:04.465240 [CLK] cpu=800000000 sysb=400000000 pclk1=200000000
2026-09-03T20:20:04.469865 [TOF] res=0 step=0 id=0xeacc blk=0xeacc10 ctl=0x0
2026-09-03T20:20:04.475730 [RNG] init=0 step=99 id=0xeacc boot=1 calls=93 xerr=0 dm=1 tb=15
2026-09-03T20:20:04.482618 [RNG] osc=41 imp=881 imprb=881 mstart=0x40 cfg=91 cfgfail=0x0 vhv=0 vpolls=0
2026-09-03T20:20:04.488858 [PRT] calls=1075355 xerr=0 ler=1 lidx=0x0 perr=0 maxcnt=17 addr8=0x52
2026-09-03T20:20:04.493005 [RTY] wr=0 wmax=0 wref=0  rd=0 rmax=0 rref=0
2026-09-03T20:20:04.500983 [RNG] frames=268652 last=45 min=23 max=61 nrdy=319 dxfer=0 dstat=0 lst=0 nrdyerr=0 dclr=0
2026-09-03T20:20:04.507265 [DRV] init=0 id=7 mode=0x1 lib=0x2 seq=0x1 odc=0x8b sts=0xe0 armed=1
2026-09-03T20:20:04.512993 [TRG] pulses=2524 suppressed=31957 cyc=1600 rst=1 rstmode=0x40
2026-09-03T20:20:04.516482 [HLT] polls=5379 faults=0x0 cfglost=0
2026-09-03T20:20:04.522233 [EFF] n=5 last=58588 min=58472 max=58588 late=0 stuck=0 rderr=0
2026-09-03T20:20:04.526130 [DWT] ok=1 cyc=4229503163 cyc_per_ms=799996
2026-09-03T20:20:05.540419 [HB] up_ms=5675838 frames=269020 inf=269020 hazard=34481 canary_err=0 q=0 qovr=0
2026-09-03T20:20:05.551791 [I2C] init=0 gate=0 whoami=0x201e0 wr=0 wrseen=0x27 addr=0x5a ok=1088845 err=0 tmo=0 recov=0 pclk1=200000000 sysclk=400000000
2026-09-03T20:20:05.553025 [NAK] nacks=0
2026-09-03T20:20:05.557677 [CLK] cpu=800000000 sysb=400000000 pclk1=200000000
2026-09-03T20:20:05.562160 [TOF] res=0 step=0 id=0xeacc blk=0xeacc10 ctl=0x0
2026-09-03T20:20:05.568070 [RNG] init=0 step=99 id=0xeacc boot=1 calls=93 xerr=0 dm=1 tb=15
2026-09-03T20:20:05.575029 [RNG] osc=41 imp=881 imprb=881 mstart=0x40 cfg=91 cfgfail=0x0 vhv=0 vpolls=0
2026-09-03T20:20:05.581288 [PRT] calls=1075563 xerr=0 ler=1 lidx=0x0 perr=0 maxcnt=17 addr8=0x52
2026-09-03T20:20:05.585306 [RTY] wr=0 wmax=0 wref=0  rd=0 rmax=0 rref=0
2026-09-03T20:20:05.593408 [RNG] frames=268703 last=47 min=23 max=61 nrdy=319 dxfer=0 dstat=0 lst=0 nrdyerr=0 dclr=0
2026-09-03T20:20:05.599705 [DRV] init=0 id=7 mode=0x1 lib=0x2 seq=0x1 odc=0x8b sts=0xe0 armed=1
2026-09-03T20:20:05.605284 [TRG] pulses=2524 suppressed=31957 cyc=1600 rst=1 rstmode=0x40
2026-09-03T20:20:05.608785 [HLT] polls=5380 faults=0x0 cfglost=0
2026-09-03T20:20:05.614593 [EFF] n=5 last=58588 min=58472 max=58588 late=0 stuck=0 rderr=0
2026-09-03T20:20:05.618524 [DWT] ok=1 cyc=802433859 cyc_per_ms=799905
2026-09-03T20:20:06.632328 [HB] up_ms=5676923 frames=269071 inf=269071 hazard=34481 canary_err=0 q=0 qovr=0
2026-09-03T20:20:06.643610 [I2C] init=0 gate=0 whoami=0x201e0 wr=0 wrseen=0x27 addr=0x5a ok=1089054 err=0 tmo=0 recov=0 pclk1=200000000 sysclk=400000000
2026-09-03T20:20:06.644954 [NAK] nacks=0
2026-09-03T20:20:06.649450 [CLK] cpu=800000000 sysb=400000000 pclk1=200000000
2026-09-03T20:20:06.654061 [TOF] res=0 step=0 id=0xeacc blk=0xeacc10 ctl=0x0
2026-09-03T20:20:06.659954 [RNG] init=0 step=99 id=0xeacc boot=1 calls=93 xerr=0 dm=1 tb=15
2026-09-03T20:20:06.666824 [RNG] osc=41 imp=881 imprb=881 mstart=0x40 cfg=91 cfgfail=0x0 vhv=0 vpolls=0
2026-09-03T20:20:06.673070 [PRT] calls=1075767 xerr=0 ler=1 lidx=0x0 perr=0 maxcnt=17 addr8=0x52
2026-09-03T20:20:06.677326 [RTY] wr=0 wmax=0 wref=0  rd=0 rmax=0 rref=0
2026-09-03T20:20:06.685321 [RNG] frames=268755 last=37 min=23 max=61 nrdy=319 dxfer=0 dstat=0 lst=0 nrdyerr=0 dclr=0
2026-09-03T20:20:06.691579 [DRV] init=0 id=7 mode=0x1 lib=0x2 seq=0x1 odc=0x8b sts=0xe0 armed=1
2026-09-03T20:20:06.697197 [TRG] pulses=2524 suppressed=31957 cyc=1600 rst=1 rstmode=0x40
2026-09-03T20:20:06.700700 [HLT] polls=5381 faults=0x0 cfglost=0
2026-09-03T20:20:06.706457 [EFF] n=5 last=58588 min=58472 max=58588 late=0 stuck=0 rderr=0
2026-09-03T20:20:06.710452 [DWT] ok=1 cyc=1670535831 cyc_per_ms=800093
2026-09-03T20:20:07.723894 [HB] up_ms=5678008 frames=269123 inf=269123 hazard=34481 canary_err=0 q=0 qovr=0
2026-09-03T20:20:07.735139 [I2C] init=0 gate=0 whoami=0x201e0 wr=0 wrseen=0x27 addr=0x5a ok=1089261 err=0 tmo=0 recov=0 pclk1=200000000 sysclk=400000000
2026-09-03T20:20:07.736484 [NAK] nacks=0
2026-09-03T20:20:07.741137 [CLK] cpu=800000000 sysb=400000000 pclk1=200000000
2026-09-03T20:20:07.745629 [TOF] res=0 step=0 id=0xeacc blk=0xeacc10 ctl=0x0
2026-09-03T20:20:07.751505 [RNG] init=0 step=99 id=0xeacc boot=1 calls=93 xerr=0 dm=1 tb=15
2026-09-03T20:20:07.758497 [RNG] osc=41 imp=881 imprb=881 mstart=0x40 cfg=91 cfgfail=0x0 vhv=0 vpolls=0
2026-09-03T20:20:07.764736 [PRT] calls=1075975 xerr=0 ler=1 lidx=0x0 perr=0 maxcnt=17 addr8=0x52
2026-09-03T20:20:07.769515 [RTY] wr=0 wmax=0 wref=0  rd=0 rmax=0 rref=0
2026-09-03T20:20:07.776891 [RNG] frames=268806 last=40 min=23 max=61 nrdy=319 dxfer=0 dstat=0 lst=0 nrdyerr=0 dclr=0
2026-09-03T20:20:07.783150 [DRV] init=0 id=7 mode=0x1 lib=0x2 seq=0x1 odc=0x8b sts=0xe0 armed=1
2026-09-03T20:20:07.788735 [TRG] pulses=2524 suppressed=31957 cyc=1600 rst=1 rstmode=0x40
2026-09-03T20:20:07.792262 [HLT] polls=5382 faults=0x0 cfglost=0
2026-09-03T20:20:07.797979 [EFF] n=5 last=58588 min=58472 max=58588 late=0 stuck=0 rderr=0
2026-09-03T20:20:07.801979 [DWT] ok=1 cyc=2538433975 cyc_per_ms=799906
2026-09-03T20:20:08.816072 [HB] up_ms=5679093 frames=269174 inf=269174 hazard=34481 canary_err=0 q=0 qovr=0
2026-09-03T20:20:08.827412 [I2C] init=0 gate=0 whoami=0x201e0 wr=0 wrseen=0x27 addr=0x5a ok=1089465 err=0 tmo=0 recov=0 pclk1=200000000 sysclk=400000000
2026-09-03T20:20:08.828777 [NAK] nacks=0
2026-09-03T20:20:08.833412 [CLK] cpu=800000000 sysb=400000000 pclk1=200000000
2026-09-03T20:20:08.837905 [TOF] res=0 step=0 id=0xeacc blk=0xeacc10 ctl=0x0
2026-09-03T20:20:08.843797 [RNG] init=0 step=99 id=0xeacc boot=1 calls=93 xerr=0 dm=1 tb=15
2026-09-03T20:20:08.850670 [RNG] osc=41 imp=881 imprb=881 mstart=0x40 cfg=91 cfgfail=0x0 vhv=0 vpolls=0
2026-09-03T20:20:08.857068 [PRT] calls=1076177 xerr=0 ler=1 lidx=0x0 perr=0 maxcnt=17 addr8=0x52
2026-09-03T20:20:08.861039 [RTY] wr=0 wmax=0 wref=0  rd=0 rmax=0 rref=0
2026-09-03T20:20:08.869177 [RNG] frames=268856 last=48 min=23 max=61 nrdy=320 dxfer=0 dstat=0 lst=0 nrdyerr=0 dclr=0
2026-09-03T20:20:08.875439 [DRV] init=0 id=7 mode=0x1 lib=0x2 seq=0x1 odc=0x8b sts=0xe0 armed=1
2026-09-03T20:20:08.881053 [TRG] pulses=2524 suppressed=31957 cyc=1600 rst=1 rstmode=0x40
2026-09-03T20:20:08.884570 [HLT] polls=5383 faults=0x0 cfglost=0
2026-09-03T20:20:08.890420 [EFF] n=5 last=58588 min=58472 max=58588 late=0 stuck=0 rderr=0
2026-09-03T20:20:08.894307 [DWT] ok=1 cyc=3406535971 cyc_per_ms=800094
2026-09-03T20:20:09.908717 [HB] up_ms=5680178 frames=269226 inf=269226 hazard=34481 canary_err=0 q=0 qovr=0
2026-09-03T20:20:09.919963 [I2C] init=0 gate=0 whoami=0x201e0 wr=0 wrseen=0x27 addr=0x5a ok=1089675 err=0 tmo=0 recov=0 pclk1=200000000 sysclk=400000000
2026-09-03T20:20:09.921328 [NAK] nacks=0
2026-09-03T20:20:09.925986 [CLK] cpu=800000000 sysb=400000000 pclk1=200000000
2026-09-03T20:20:09.930452 [TOF] res=0 step=0 id=0xeacc blk=0xeacc10 ctl=0x0
2026-09-03T20:20:09.936337 [RNG] init=0 step=99 id=0xeacc boot=1 calls=93 xerr=0 dm=1 tb=15
2026-09-03T20:20:09.943205 [RNG] osc=41 imp=881 imprb=881 mstart=0x40 cfg=91 cfgfail=0x0 vhv=0 vpolls=0
2026-09-03T20:20:09.949613 [PRT] calls=1076381 xerr=0 ler=1 lidx=0x0 perr=0 maxcnt=17 addr8=0x52
2026-09-03T20:20:09.953706 [RTY] wr=0 wmax=0 wref=0  rd=0 rmax=0 rref=0
2026-09-03T20:20:09.961732 [RNG] frames=268908 last=40 min=23 max=61 nrdy=320 dxfer=0 dstat=0 lst=0 nrdyerr=0 dclr=0
2026-09-03T20:20:09.967953 [DRV] init=0 id=7 mode=0x1 lib=0x2 seq=0x1 odc=0x8b sts=0xe0 armed=1
2026-09-03T20:20:09.973709 [TRG] pulses=2524 suppressed=31957 cyc=1600 rst=1 rstmode=0x40
2026-09-03T20:20:09.977075 [HLT] polls=5384 faults=0x0 cfglost=0
2026-09-03T20:20:09.982846 [EFF] n=5 last=58588 min=58472 max=58588 late=0 stuck=0 rderr=0
2026-09-03T20:20:09.986828 [DWT] ok=1 cyc=4274535227 cyc_per_ms=799999
2026-09-03T20:20:11.000880 [HB] up_ms=5681263 frames=269277 inf=269277 hazard=34518 canary_err=0 q=0 qovr=0
2026-09-03T20:20:11.012249 [I2C] init=0 gate=0 whoami=0x201e0 wr=0 wrseen=0x27 addr=0x5a ok=1089881 err=0 tmo=0 recov=0 pclk1=200000000 sysclk=400000000
2026-09-03T20:20:11.013494 [NAK] nacks=0
2026-09-03T20:20:11.018127 [CLK] cpu=800000000 sysb=400000000 pclk1=200000000
2026-09-03T20:20:11.022635 [TOF] res=0 step=0 id=0xeacc blk=0xeacc10 ctl=0x0
2026-09-03T20:20:11.028505 [RNG] init=0 step=99 id=0xeacc boot=1 calls=93 xerr=0 dm=1 tb=15
2026-09-03T20:20:11.035496 [RNG] osc=41 imp=881 imprb=881 mstart=0x40 cfg=91 cfgfail=0x0 vhv=0 vpolls=0
2026-09-03T20:20:11.041756 [PRT] calls=1076589 xerr=0 ler=1 lidx=0x0 perr=0 maxcnt=17 addr8=0x52
2026-09-03T20:20:11.045743 [RTY] wr=0 wmax=0 wref=0  rd=0 rmax=0 rref=0
2026-09-03T20:20:11.054013 [RNG] frames=268959 last=42 min=23 max=61 nrdy=320 dxfer=0 dstat=0 lst=0 nrdyerr=0 dclr=0
2026-09-03T20:20:11.060127 [DRV] init=0 id=7 mode=0x1 lib=0x2 seq=0x1 odc=0x8b sts=0xe0 armed=1
2026-09-03T20:20:11.065750 [TRG] pulses=2527 suppressed=31994 cyc=1600 rst=1 rstmode=0x40
2026-09-03T20:20:11.069253 [HLT] polls=5385 faults=0x0 cfglost=0
2026-09-03T20:20:11.075149 [EFF] n=5 last=58588 min=58472 max=58588 late=0 stuck=0 rderr=0
2026-09-03T20:20:11.078999 [DWT] ok=1 cyc=847572395 cyc_per_ms=800004
2026-09-03T20:20:12.092544 [HB] up_ms=5682348 frames=269328 inf=269328 hazard=34522 canary_err=0 q=0 qovr=0
2026-09-03T20:20:12.103796 [I2C] init=0 gate=0 whoami=0x201e0 wr=0 wrseen=0x27 addr=0x5a ok=1090091 err=0 tmo=0 recov=0 pclk1=200000000 sysclk=400000000
2026-09-03T20:20:12.105039 [NAK] nacks=0
2026-09-03T20:20:12.109679 [CLK] cpu=800000000 sysb=400000000 pclk1=200000000
2026-09-03T20:20:12.114290 [TOF] res=0 step=0 id=0xeacc blk=0xeacc10 ctl=0x0
2026-09-03T20:20:12.120177 [RNG] init=0 step=99 id=0xeacc boot=1 calls=93 xerr=0 dm=1 tb=15
2026-09-03T20:20:12.127050 [RNG] osc=41 imp=881 imprb=881 mstart=0x40 cfg=91 cfgfail=0x0 vhv=0 vpolls=0
2026-09-03T20:20:12.133412 [PRT] calls=1076793 xerr=0 ler=1 lidx=0x0 perr=0 maxcnt=17 addr8=0x52
2026-09-03T20:20:12.137549 [RTY] wr=0 wmax=0 wref=0  rd=0 rmax=0 rref=0
2026-09-03T20:20:12.145547 [RNG] frames=269011 last=42 min=23 max=61 nrdy=320 dxfer=0 dstat=0 lst=0 nrdyerr=0 dclr=0
2026-09-03T20:20:12.151670 [DRV] init=0 id=7 mode=0x1 lib=0x2 seq=0x1 odc=0x8b sts=0xe0 armed=1
2026-09-03T20:20:12.157411 [TRG] pulses=2527 suppressed=31995 cyc=1600 rst=1 rstmode=0x40
2026-09-03T20:20:12.160922 [HLT] polls=5386 faults=0x0 cfglost=0
2026-09-03T20:20:12.166659 [EFF] n=5 last=58588 min=58472 max=58588 late=0 stuck=0 rderr=0
2026-09-03T20:20:12.170668 [DWT] ok=1 cyc=1715568619 cyc_per_ms=799996
2026-09-03T20:20:13.184222 [HB] up_ms=5683433 frames=269380 inf=269380 hazard=34522 canary_err=0 q=0 qovr=0
2026-09-03T20:20:13.195457 [I2C] init=0 gate=0 whoami=0x201e0 wr=0 wrseen=0x27 addr=0x5a ok=1090297 err=0 tmo=0 recov=0 pclk1=200000000 sysclk=400000000
2026-09-03T20:20:13.196842 [NAK] nacks=0
2026-09-03T20:20:13.201463 [CLK] cpu=800000000 sysb=400000000 pclk1=200000000
2026-09-03T20:20:13.205955 [TOF] res=0 step=0 id=0xeacc blk=0xeacc10 ctl=0x0
2026-09-03T20:20:13.212029 [RNG] init=0 step=99 id=0xeacc boot=1 calls=93 xerr=0 dm=1 tb=15
2026-09-03T20:20:13.218722 [RNG] osc=41 imp=881 imprb=881 mstart=0x40 cfg=91 cfgfail=0x0 vhv=0 vpolls=0
2026-09-03T20:20:13.224965 [PRT] calls=1077001 xerr=0 ler=1 lidx=0x0 perr=0 maxcnt=17 addr8=0x52
2026-09-03T20:20:13.229125 [RTY] wr=0 wmax=0 wref=0  rd=0 rmax=0 rref=0
2026-09-03T20:20:13.237209 [RNG] frames=269062 last=43 min=23 max=61 nrdy=320 dxfer=0 dstat=0 lst=0 nrdyerr=0 dclr=0
2026-09-03T20:20:13.243461 [DRV] init=0 id=7 mode=0x1 lib=0x2 seq=0x1 odc=0x8b sts=0xe0 armed=1
2026-09-03T20:20:13.249084 [TRG] pulses=2527 suppressed=31995 cyc=1600 rst=1 rstmode=0x40
2026-09-03T20:20:13.252465 [HLT] polls=5387 faults=0x0 cfglost=0
2026-09-03T20:20:13.258223 [EFF] n=5 last=58588 min=58472 max=58588 late=0 stuck=0 rderr=0
2026-09-03T20:20:13.262334 [DWT] ok=1 cyc=2583466611 cyc_per_ms=799905
2026-09-03T20:20:14.275886 [HB] up_ms=5684518 frames=269431 inf=269431 hazard=34522 canary_err=0 q=0 qovr=0
2026-09-03T20:20:14.287145 [I2C] init=0 gate=0 whoami=0x201e0 wr=0 wrseen=0x27 addr=0x5a ok=1090502 err=0 tmo=0 recov=0 pclk1=200000000 sysclk=400000000
2026-09-03T20:20:14.288497 [NAK] nacks=0
2026-09-03T20:20:14.293000 [CLK] cpu=800000000 sysb=400000000 pclk1=200000000
2026-09-03T20:20:14.297655 [TOF] res=0 step=0 id=0xeacc blk=0xeacc10 ctl=0x0
2026-09-03T20:20:14.303497 [RNG] init=0 step=99 id=0xeacc boot=1 calls=93 xerr=0 dm=1 tb=15
2026-09-03T20:20:14.310396 [RNG] osc=41 imp=881 imprb=881 mstart=0x40 cfg=91 cfgfail=0x0 vhv=0 vpolls=0
2026-09-03T20:20:14.316658 [PRT] calls=1077201 xerr=0 ler=1 lidx=0x0 perr=0 maxcnt=17 addr8=0x52
2026-09-03T20:20:14.320767 [RTY] wr=0 wmax=0 wref=0  rd=0 rmax=0 rref=0
2026-09-03T20:20:14.328885 [RNG] frames=269112 last=32 min=23 max=61 nrdy=322 dxfer=0 dstat=0 lst=0 nrdyerr=0 dclr=0
2026-09-03T20:20:14.335010 [DRV] init=0 id=7 mode=0x1 lib=0x2 seq=0x1 odc=0x8b sts=0xe0 armed=1
2026-09-03T20:20:14.340665 [TRG] pulses=2527 suppressed=31995 cyc=1600 rst=1 rstmode=0x40
2026-09-03T20:20:14.344281 [HLT] polls=5388 faults=0x0 cfglost=0
2026-09-03T20:20:14.349872 [EFF] n=5 last=58588 min=58472 max=58588 late=0 stuck=0 rderr=0
2026-09-03T20:20:14.353874 [DWT] ok=1 cyc=3451568583 cyc_per_ms=800093
2026-09-03T20:20:15.367307 [HB] up_ms=5685603 frames=269483 inf=269483 hazard=34522 canary_err=0 q=0 qovr=0
2026-09-03T20:20:15.378549 [I2C] init=0 gate=0 whoami=0x201e0 wr=0 wrseen=0x27 addr=0x5a ok=1090709 err=0 tmo=0 recov=0 pclk1=200000000 sysclk=400000000
2026-09-03T20:20:15.379926 [NAK] nacks=0
2026-09-03T20:20:15.384543 [CLK] cpu=800000000 sysb=400000000 pclk1=200000000
2026-09-03T20:20:15.389047 [TOF] res=0 step=0 id=0xeacc blk=0xeacc10 ctl=0x0
2026-09-03T20:20:15.394936 [RNG] init=0 step=99 id=0xeacc boot=1 calls=93 xerr=0 dm=1 tb=15
2026-09-03T20:20:15.401947 [RNG] osc=41 imp=881 imprb=881 mstart=0x40 cfg=91 cfgfail=0x0 vhv=0 vpolls=0
2026-09-03T20:20:15.408188 [PRT] calls=1077409 xerr=0 ler=1 lidx=0x0 perr=0 maxcnt=17 addr8=0x52
2026-09-03T20:20:15.412306 [RTY] wr=0 wmax=0 wref=0  rd=0 rmax=0 rref=0
2026-09-03T20:20:15.420296 [RNG] frames=269163 last=46 min=23 max=61 nrdy=322 dxfer=0 dstat=0 lst=0 nrdyerr=0 dclr=0
2026-09-03T20:20:15.426548 [DRV] init=0 id=7 mode=0x1 lib=0x2 seq=0x1 odc=0x8b sts=0xe0 armed=1
2026-09-03T20:20:15.432169 [TRG] pulses=2527 suppressed=31995 cyc=1600 rst=1 rstmode=0x40
2026-09-03T20:20:15.435662 [HLT] polls=5389 faults=0x0 cfglost=0
2026-09-03T20:20:15.441440 [EFF] n=5 last=58588 min=58472 max=58588 late=0 stuck=0 rderr=0
2026-09-03T20:20:15.445294 [DWT] ok=1 cyc=24499363 cyc_per_ms=799906
2026-09-03T20:20:16.458709 [HB] up_ms=5686688 frames=269534 inf=269534 hazard=34522 canary_err=0 q=0 qovr=0
2026-09-03T20:20:16.470090 [I2C] init=0 gate=0 whoami=0x201e0 wr=0 wrseen=0x27 addr=0x5a ok=1090913 err=0 tmo=0 recov=0 pclk1=200000000 sysclk=400000000
2026-09-03T20:20:16.471459 [NAK] nacks=0
2026-09-03T20:20:16.475961 [CLK] cpu=800000000 sysb=400000000 pclk1=200000000
2026-09-03T20:20:16.480456 [TOF] res=0 step=0 id=0xeacc blk=0xeacc10 ctl=0x0
2026-09-03T20:20:16.486460 [RNG] init=0 step=99 id=0xeacc boot=1 calls=93 xerr=0 dm=1 tb=15
2026-09-03T20:20:16.493351 [RNG] osc=41 imp=881 imprb=881 mstart=0x40 cfg=91 cfgfail=0x0 vhv=0 vpolls=0
2026-09-03T20:20:16.499605 [PRT] calls=1077611 xerr=0 ler=1 lidx=0x0 perr=0 maxcnt=17 addr8=0x52
2026-09-03T20:20:16.503606 [RTY] wr=0 wmax=0 wref=0  rd=0 rmax=0 rref=0
2026-09-03T20:20:16.511844 [RNG] frames=269213 last=38 min=23 max=61 nrdy=323 dxfer=0 dstat=0 lst=0 nrdyerr=0 dclr=0
2026-09-03T20:20:16.517969 [DRV] init=0 id=7 mode=0x1 lib=0x2 seq=0x1 odc=0x8b sts=0xe0 armed=1
2026-09-03T20:20:16.523608 [TRG] pulses=2527 suppressed=31995 cyc=1600 rst=1 rstmode=0x40
2026-09-03T20:20:16.527097 [HLT] polls=5390 faults=0x0 cfglost=0
2026-09-03T20:20:16.532834 [EFF] n=5 last=58588 min=58472 max=58588 late=0 stuck=0 rderr=0
2026-09-03T20:20:16.536724 [DWT] ok=1 cyc=892601363 cyc_per_ms=800094
2026-09-03T20:20:17.550652 [HB] up_ms=5687773 frames=269586 inf=269586 hazard=34548 canary_err=0 q=0 qovr=0
2026-09-03T20:20:17.561883 [I2C] init=0 gate=0 whoami=0x201e0 wr=0 wrseen=0x27 addr=0x5a ok=1091123 err=0 tmo=0 recov=0 pclk1=200000000 sysclk=400000000
2026-09-03T20:20:17.563128 [NAK] nacks=0
2026-09-03T20:20:17.567871 [CLK] cpu=800000000 sysb=400000000 pclk1=200000000
2026-09-03T20:20:17.572629 [TOF] res=0 step=0 id=0xeacc blk=0xeacc10 ctl=0x0
2026-09-03T20:20:17.578255 [RNG] init=0 step=99 id=0xeacc boot=1 calls=93 xerr=0 dm=1 tb=15
2026-09-03T20:20:17.585504 [RNG] osc=41 imp=881 imprb=881 mstart=0x40 cfg=91 cfgfail=0x0 vhv=0 vpolls=0
2026-09-03T20:20:17.591506 [PRT] calls=1077815 xerr=0 ler=1 lidx=0x0 perr=0 maxcnt=17 addr8=0x52
2026-09-03T20:20:17.595654 [RTY] wr=0 wmax=0 wref=0  rd=0 rmax=0 rref=0
2026-09-03T20:20:17.603642 [RNG] frames=269265 last=45 min=23 max=61 nrdy=323 dxfer=0 dstat=0 lst=0 nrdyerr=0 dclr=0
2026-09-03T20:20:17.609772 [DRV] init=0 id=7 mode=0x1 lib=0x2 seq=0x1 odc=0x8b sts=0xe0 armed=1
2026-09-03T20:20:17.615506 [TRG] pulses=2530 suppressed=32021 cyc=1600 rst=1 rstmode=0x40
2026-09-03T20:20:17.619008 [HLT] polls=5391 faults=0x0 cfglost=0
2026-09-03T20:20:17.624782 [EFF] n=5 last=58588 min=58472 max=58588 late=0 stuck=0 rderr=0
2026-09-03T20:20:17.628758 [DWT] ok=1 cyc=1760606919 cyc_per_ms=800005
2026-09-03T20:20:18.642842 [HB] up_ms=5688858 frames=269637 inf=269637 hazard=34563 canary_err=0 q=0 qovr=0
2026-09-03T20:20:18.654173 [I2C] init=0 gate=0 whoami=0x201e0 wr=0 wrseen=0x27 addr=0x5a ok=1091329 err=0 tmo=0 recov=0 pclk1=200000000 sysclk=400000000
2026-09-03T20:20:18.655440 [NAK] nacks=0
2026-09-03T20:20:18.660056 [CLK] cpu=800000000 sysb=400000000 pclk1=200000000
2026-09-03T20:20:18.664544 [TOF] res=0 step=0 id=0xeacc blk=0xeacc10 ctl=0x0
2026-09-03T20:20:18.670431 [RNG] init=0 step=99 id=0xeacc boot=1 calls=93 xerr=0 dm=1 tb=15
2026-09-03T20:20:18.677426 [RNG] osc=41 imp=881 imprb=881 mstart=0x40 cfg=91 cfgfail=0x0 vhv=0 vpolls=0
2026-09-03T20:20:18.683675 [PRT] calls=1078023 xerr=0 ler=1 lidx=0x0 perr=0 maxcnt=17 addr8=0x52
2026-09-03T20:20:18.687667 [RTY] wr=0 wmax=0 wref=0  rd=0 rmax=0 rref=0
2026-09-03T20:20:18.695933 [RNG] frames=269316 last=37 min=23 max=61 nrdy=323 dxfer=0 dstat=0 lst=0 nrdyerr=0 dclr=0
2026-09-03T20:20:18.702039 [DRV] init=0 id=7 mode=0x1 lib=0x2 seq=0x1 odc=0x8b sts=0xe0 armed=1
2026-09-03T20:20:18.707669 [TRG] pulses=2530 suppressed=32033 cyc=1600 rst=1 rstmode=0x40
2026-09-03T20:20:18.711174 [HLT] polls=5392 faults=0x0 cfglost=0
2026-09-03T20:20:18.717045 [EFF] n=5 last=58588 min=58472 max=58588 late=0 stuck=0 rderr=0
2026-09-03T20:20:18.721042 [DWT] ok=1 cyc=2628601423 cyc_per_ms=799994
2026-09-03T20:20:19.734847 [HB] up_ms=5689943 frames=269688 inf=269688 hazard=34563 canary_err=0 q=0 qovr=0
2026-09-03T20:20:19.746088 [I2C] init=0 gate=0 whoami=0x201e0 wr=0 wrseen=0x27 addr=0x5a ok=1091539 err=0 tmo=0 recov=0 pclk1=200000000 sysclk=400000000
2026-09-03T20:20:19.747333 [NAK] nacks=0
2026-09-03T20:20:19.751961 [CLK] cpu=800000000 sysb=400000000 pclk1=200000000
2026-09-03T20:20:19.756603 [TOF] res=0 step=0 id=0xeacc blk=0xeacc10 ctl=0x0
2026-09-03T20:20:19.762473 [RNG] init=0 step=99 id=0xeacc boot=1 calls=93 xerr=0 dm=1 tb=15
2026-09-03T20:20:19.769331 [RNG] osc=41 imp=881 imprb=881 mstart=0x40 cfg=91 cfgfail=0x0 vhv=0 vpolls=0
2026-09-03T20:20:19.775737 [PRT] calls=1078227 xerr=0 ler=1 lidx=0x0 perr=0 maxcnt=17 addr8=0x52
2026-09-03T20:20:19.779842 [RTY] wr=0 wmax=0 wref=0  rd=0 rmax=0 rref=0
2026-09-03T20:20:19.787837 [RNG] frames=269368 last=40 min=23 max=61 nrdy=323 dxfer=0 dstat=0 lst=0 nrdyerr=0 dclr=0
2026-09-03T20:20:19.793976 [DRV] init=0 id=7 mode=0x1 lib=0x2 seq=0x1 odc=0x8b sts=0xe0 armed=1
2026-09-03T20:20:19.801093 [TRG] pulses=2530 suppressed=32033 cyc=1600 rst=1 rstmode=0x40
2026-09-03T20:20:19.805733 [HLT] polls=5393 faults=0x0 cfglost=0
2026-09-03T20:20:19.808969 [EFF] n=5 last=58588 min=58472 max=58588 late=0 stuck=0 rderr=0
2026-09-03T20:20:19.812981 [DWT] ok=1 cyc=3496601291 cyc_per_ms=799999
2026-09-03T20:20:20.827257 [HB] up_ms=5691028 frames=269740 inf=269740 hazard=34563 canary_err=0 q=0 qovr=0
2026-09-03T20:20:20.838506 [I2C] init=0 gate=0 whoami=0x201e0 wr=0 wrseen=0x27 addr=0x5a ok=1091745 err=0 tmo=0 recov=0 pclk1=200000000 sysclk=400000000
2026-09-03T20:20:20.839877 [NAK] nacks=0
2026-09-03T20:20:20.844506 [CLK] cpu=800000000 sysb=400000000 pclk1=200000000
2026-09-03T20:20:20.848999 [TOF] res=0 step=0 id=0xeacc blk=0xeacc10 ctl=0x0
2026-09-03T20:20:20.854747 [RNG] init=0 step=99 id=0xeacc boot=1 calls=93 xerr=0 dm=1 tb=15
2026-09-03T20:20:20.861755 [RNG] osc=41 imp=881 imprb=881 mstart=0x40 cfg=91 cfgfail=0x0 vhv=0 vpolls=0
2026-09-03T20:20:20.868130 [PRT] calls=1078435 xerr=0 ler=1 lidx=0x0 perr=0 maxcnt=17 addr8=0x52
2026-09-03T20:20:20.872123 [RTY] wr=0 wmax=0 wref=0  rd=0 rmax=0 rref=0
2026-09-03T20:20:20.880256 [RNG] frames=269419 last=43 min=23 max=61 nrdy=323 dxfer=0 dstat=0 lst=0 nrdyerr=0 dclr=0
2026-09-03T20:20:20.886505 [DRV] init=0 id=7 mode=0x1 lib=0x2 seq=0x1 odc=0x8b sts=0xe0 armed=1
2026-09-03T20:20:20.892151 [TRG] pulses=2530 suppressed=32033 cyc=1600 rst=1 rstmode=0x40
2026-09-03T20:20:20.895643 [HLT] polls=5394 faults=0x0 cfglost=0
2026-09-03T20:20:20.901375 [EFF] n=5 last=58588 min=58472 max=58588 late=0 stuck=0 rderr=0
2026-09-03T20:20:20.905260 [DWT] ok=1 cyc=69532003 cyc_per_ms=799905
2026-09-03T20:20:21.919569 [HB] up_ms=5692113 frames=269791 inf=269791 hazard=34563 canary_err=0 q=0 qovr=0
2026-09-03T20:20:21.930801 [I2C] init=0 gate=0 whoami=0x201e0 wr=0 wrseen=0x27 addr=0x5a ok=1091954 err=0 tmo=0 recov=0 pclk1=200000000 sysclk=400000000
2026-09-03T20:20:21.932107 [NAK] nacks=0
2026-09-03T20:20:21.936687 [CLK] cpu=800000000 sysb=400000000 pclk1=200000000
2026-09-03T20:20:21.941333 [TOF] res=0 step=0 id=0xeacc blk=0xeacc10 ctl=0x0
2026-09-03T20:20:21.947179 [RNG] init=0 step=99 id=0xeacc boot=1 calls=93 xerr=0 dm=1 tb=15
2026-09-03T20:20:21.954054 [RNG] osc=41 imp=881 imprb=881 mstart=0x40 cfg=91 cfgfail=0x0 vhv=0 vpolls=0
2026-09-03T20:20:21.960303 [PRT] calls=1078639 xerr=0 ler=1 lidx=0x0 perr=0 maxcnt=17 addr8=0x52
2026-09-03T20:20:21.964594 [RTY] wr=0 wmax=0 wref=0  rd=0 rmax=0 rref=0
2026-09-03T20:20:21.972540 [RNG] frames=269471 last=46 min=23 max=61 nrdy=323 dxfer=0 dstat=0 lst=0 nrdyerr=0 dclr=0
2026-09-03T20:20:21.978666 [DRV] init=0 id=7 mode=0x1 lib=0x2 seq=0x1 odc=0x8b sts=0xe0 armed=1
2026-09-03T20:20:21.984450 [TRG] pulses=2530 suppressed=32033 cyc=1600 rst=1 rstmode=0x40
2026-09-03T20:20:21.987930 [HLT] polls=5395 faults=0x0 cfglost=0
2026-09-03T20:20:21.993697 [EFF] n=5 last=58588 min=58472 max=58588 late=0 stuck=0 rderr=0
2026-09-03T20:20:21.997574 [DWT] ok=1 cyc=937634011 cyc_per_ms=800094
2026-09-03T20:20:23.011619 [HB] up_ms=5693198 frames=269843 inf=269843 hazard=34563 canary_err=0 q=0 qovr=0
2026-09-03T20:20:23.022835 [I2C] init=0 gate=0 whoami=0x201e0 wr=0 wrseen=0x27 addr=0x5a ok=1092161 err=0 tmo=0 recov=0 pclk1=200000000 sysclk=400000000
2026-09-03T20:20:23.024234 [NAK] nacks=0
2026-09-03T20:20:23.028839 [CLK] cpu=800000000 sysb=400000000 pclk1=200000000
2026-09-03T20:20:23.033320 [TOF] res=0 step=0 id=0xeacc blk=0xeacc10 ctl=0x0
2026-09-03T20:20:23.039078 [RNG] init=0 step=99 id=0xeacc boot=1 calls=93 xerr=0 dm=1 tb=15
2026-09-03T20:20:23.046091 [RNG] osc=41 imp=881 imprb=881 mstart=0x40 cfg=91 cfgfail=0x0 vhv=0 vpolls=0
2026-09-03T20:20:23.052333 [PRT] calls=1078847 xerr=0 ler=1 lidx=0x0 perr=0 maxcnt=17 addr8=0x52
2026-09-03T20:20:23.056456 [RTY] wr=0 wmax=0 wref=0  rd=0 rmax=0 rref=0
2026-09-03T20:20:23.064468 [RNG] frames=269522 last=41 min=23 max=61 nrdy=323 dxfer=0 dstat=0 lst=0 nrdyerr=0 dclr=0
2026-09-03T20:20:23.070834 [DRV] init=0 id=7 mode=0x1 lib=0x2 seq=0x1 odc=0x8b sts=0xe0 armed=1
2026-09-03T20:20:23.076457 [TRG] pulses=2530 suppressed=32033 cyc=1600 rst=1 rstmode=0x40
2026-09-03T20:20:23.079834 [HLT] polls=5396 faults=0x0 cfglost=0
2026-09-03T20:20:23.085606 [EFF] n=5 last=58588 min=58472 max=58588 late=0 stuck=0 rderr=0
2026-09-03T20:20:23.089704 [DWT] ok=1 cyc=1805532043 cyc_per_ms=799906
2026-09-03T20:20:24.103789 [HB] up_ms=5694283 frames=269894 inf=269894 hazard=34577 canary_err=0 q=0 qovr=0
2026-09-03T20:20:24.115000 [I2C] init=0 gate=0 whoami=0x201e0 wr=0 wrseen=0x27 addr=0x5a ok=1092367 err=0 tmo=0 recov=0 pclk1=200000000 sysclk=400000000
2026-09-03T20:20:24.116371 [NAK] nacks=0
2026-09-03T20:20:24.120994 [CLK] cpu=800000000 sysb=400000000 pclk1=200000000
2026-09-03T20:20:24.125499 [TOF] res=0 step=0 id=0xeacc blk=0xeacc10 ctl=0x0
2026-09-03T20:20:24.131375 [RNG] init=0 step=99 id=0xeacc boot=1 calls=93 xerr=0 dm=1 tb=15
2026-09-03T20:20:24.138254 [RNG] osc=41 imp=881 imprb=881 mstart=0x40 cfg=91 cfgfail=0x0 vhv=0 vpolls=0
2026-09-03T20:20:24.144673 [PRT] calls=1079051 xerr=0 ler=1 lidx=0x0 perr=0 maxcnt=17 addr8=0x52
2026-09-03T20:20:24.148699 [RTY] wr=0 wmax=0 wref=0  rd=0 rmax=0 rref=0
2026-09-03T20:20:24.156758 [RNG] frames=269573 last=44 min=23 max=61 nrdy=323 dxfer=0 dstat=0 lst=0 nrdyerr=0 dclr=0
2026-09-03T20:20:24.163005 [DRV] init=0 id=7 mode=0x1 lib=0x2 seq=0x1 odc=0x8b sts=0xe0 armed=1
2026-09-03T20:20:24.168620 [TRG] pulses=2532 suppressed=32048 cyc=1600 rst=1 rstmode=0x40
2026-09-03T20:20:24.172124 [HLT] polls=5397 faults=0x0 cfglost=0
2026-09-03T20:20:24.177881 [EFF] n=5 last=58588 min=58472 max=58588 late=0 stuck=0 rderr=0
2026-09-03T20:20:24.181899 [DWT] ok=1 cyc=2673640355 cyc_per_ms=800099
2026-09-03T20:20:25.196549 [HB] up_ms=5695368 frames=269946 inf=269946 hazard=34604 canary_err=0 q=0 qovr=0
2026-09-03T20:20:25.207796 [I2C] init=0 gate=0 whoami=0x201e0 wr=0 wrseen=0x27 addr=0x5a ok=1092577 err=0 tmo=0 recov=0 pclk1=200000000 sysclk=400000000
2026-09-03T20:20:25.209061 [NAK] nacks=0
2026-09-03T20:20:25.213776 [CLK] cpu=800000000 sysb=400000000 pclk1=200000000
2026-09-03T20:20:25.218275 [TOF] res=0 step=0 id=0xeacc blk=0xeacc10 ctl=0x0
2026-09-03T20:20:25.224182 [RNG] init=0 step=99 id=0xeacc boot=1 calls=93 xerr=0 dm=1 tb=15
2026-09-03T20:20:25.231048 [RNG] osc=41 imp=881 imprb=881 mstart=0x40 cfg=91 cfgfail=0x0 vhv=0 vpolls=0
2026-09-03T20:20:25.237412 [PRT] calls=1079255 xerr=0 ler=1 lidx=0x0 perr=0 maxcnt=17 addr8=0x52
2026-09-03T20:20:25.241542 [RTY] wr=0 wmax=0 wref=0  rd=0 rmax=0 rref=0
2026-09-03T20:20:25.249547 [RNG] frames=269625 last=43 min=23 max=61 nrdy=323 dxfer=0 dstat=0 lst=0 nrdyerr=0 dclr=0
2026-09-03T20:20:25.255663 [DRV] init=0 id=7 mode=0x1 lib=0x2 seq=0x1 odc=0x8b sts=0xe0 armed=1
2026-09-03T20:20:25.261541 [TRG] pulses=2533 suppressed=32071 cyc=1600 rst=1 rstmode=0x40
2026-09-03T20:20:25.264921 [HLT] polls=5398 faults=0x0 cfglost=0
2026-09-03T20:20:25.270654 [EFF] n=5 last=58588 min=58472 max=58588 late=0 stuck=0 rderr=0
2026-09-03T20:20:25.274685 [DWT] ok=1 cyc=3541633311 cyc_per_ms=799993
2026-09-03T20:20:26.289159 [HB] up_ms=5696453 frames=269997 inf=269997 hazard=34604 canary_err=0 q=0 qovr=0
2026-09-03T20:20:26.300335 [I2C] init=0 gate=0 whoami=0x201e0 wr=0 wrseen=0x27 addr=0x5a ok=1092783 err=0 tmo=0 recov=0 pclk1=200000000 sysclk=400000000
2026-09-03T20:20:26.301717 [NAK] nacks=0
2026-09-03T20:20:26.306330 [CLK] cpu=800000000 sysb=400000000 pclk1=200000000
2026-09-03T20:20:26.310824 [TOF] res=0 step=0 id=0xeacc blk=0xeacc10 ctl=0x0
2026-09-03T20:20:26.316727 [RNG] init=0 step=99 id=0xeacc boot=1 calls=93 xerr=0 dm=1 tb=15
2026-09-03T20:20:26.323617 [RNG] osc=41 imp=881 imprb=881 mstart=0x40 cfg=91 cfgfail=0x0 vhv=0 vpolls=0
2026-09-03T20:20:26.329962 [PRT] calls=1079463 xerr=0 ler=1 lidx=0x0 perr=0 maxcnt=17 addr8=0x52
2026-09-03T20:20:26.333952 [RTY] wr=0 wmax=0 wref=0  rd=0 rmax=0 rref=0
2026-09-03T20:20:26.342222 [RNG] frames=269676 last=47 min=23 max=61 nrdy=323 dxfer=0 dstat=0 lst=0 nrdyerr=0 dclr=0
2026-09-03T20:20:26.348348 [DRV] init=0 id=7 mode=0x1 lib=0x2 seq=0x1 odc=0x8b sts=0xe0 armed=1
2026-09-03T20:20:26.354081 [TRG] pulses=2533 suppressed=32071 cyc=1600 rst=1 rstmode=0x40
2026-09-03T20:20:26.357458 [HLT] polls=5400 faults=0x0 cfglost=0
2026-09-03T20:20:26.363336 [EFF] n=5 last=58588 min=58472 max=58588 late=0 stuck=0 rderr=0
2026-09-03T20:20:26.367196 [DWT] ok=1 cyc=114699451 cyc_per_ms=800030
2026-09-03T20:20:27.382005 [HB] up_ms=5697538 frames=270048 inf=270048 hazard=34604 canary_err=0 q=0 qovr=0
2026-09-03T20:20:27.393255 [I2C] init=0 gate=0 whoami=0x201e0 wr=0 wrseen=0x27 addr=0x5a ok=1092993 err=0 tmo=0 recov=0 pclk1=200000000 sysclk=400000000
2026-09-03T20:20:27.394498 [NAK] nacks=0
2026-09-03T20:20:27.399252 [CLK] cpu=800000000 sysb=400000000 pclk1=200000000
2026-09-03T20:20:27.403862 [TOF] res=0 step=0 id=0xeacc blk=0xeacc10 ctl=0x0
2026-09-03T20:20:27.409643 [RNG] init=0 step=99 id=0xeacc boot=1 calls=93 xerr=0 dm=1 tb=15
2026-09-03T20:20:27.416503 [RNG] osc=41 imp=881 imprb=881 mstart=0x40 cfg=91 cfgfail=0x0 vhv=0 vpolls=0
2026-09-03T20:20:27.422876 [PRT] calls=1079667 xerr=0 ler=1 lidx=0x0 perr=0 maxcnt=17 addr8=0x52
2026-09-03T20:20:27.427004 [RTY] wr=0 wmax=0 wref=0  rd=0 rmax=0 rref=0
2026-09-03T20:20:27.434994 [RNG] frames=269728 last=35 min=23 max=61 nrdy=323 dxfer=0 dstat=0 lst=0 nrdyerr=0 dclr=0
2026-09-03T20:20:27.441278 [DRV] init=0 id=7 mode=0x1 lib=0x2 seq=0x1 odc=0x8b sts=0xe0 armed=1
2026-09-03T20:20:27.447011 [TRG] pulses=2533 suppressed=32071 cyc=1600 rst=1 rstmode=0x40
2026-09-03T20:20:27.450493 [HLT] polls=5401 faults=0x0 cfglost=0
2026-09-03T20:20:27.456114 [EFF] n=5 last=58588 min=58472 max=58588 late=0 stuck=0 rderr=0
2026-09-03T20:20:27.460146 [DWT] ok=1 cyc=982699363 cyc_per_ms=799999
2026-09-03T20:20:28.474427 [HB] up_ms=5698623 frames=270100 inf=270100 hazard=34604 canary_err=0 q=0 qovr=0
2026-09-03T20:20:28.485793 [I2C] init=0 gate=0 whoami=0x201e0 wr=0 wrseen=0x27 addr=0x5a ok=1093201 err=0 tmo=0 recov=0 pclk1=200000000 sysclk=400000000
2026-09-03T20:20:28.487052 [NAK] nacks=0
2026-09-03T20:20:28.491648 [CLK] cpu=800000000 sysb=400000000 pclk1=200000000
2026-09-03T20:20:28.496156 [TOF] res=0 step=0 id=0xeacc blk=0xeacc10 ctl=0x0
2026-09-03T20:20:28.502023 [RNG] init=0 step=99 id=0xeacc boot=1 calls=93 xerr=0 dm=1 tb=15
2026-09-03T20:20:28.509036 [RNG] osc=41 imp=881 imprb=881 mstart=0x40 cfg=91 cfgfail=0x0 vhv=0 vpolls=0
2026-09-03T20:20:28.515282 [PRT] calls=1079875 xerr=0 ler=1 lidx=0x0 perr=0 maxcnt=17 addr8=0x52
2026-09-03T20:20:28.519278 [RTY] wr=0 wmax=0 wref=0  rd=0 rmax=0 rref=0
2026-09-03T20:20:28.527537 [RNG] frames=269779 last=39 min=23 max=61 nrdy=323 dxfer=0 dstat=0 lst=0 nrdyerr=0 dclr=0
2026-09-03T20:20:28.533691 [DRV] init=0 id=7 mode=0x1 lib=0x2 seq=0x1 odc=0x8b sts=0xe0 armed=1
2026-09-03T20:20:28.539429 [TRG] pulses=2533 suppressed=32071 cyc=1600 rst=1 rstmode=0x40
2026-09-03T20:20:28.542832 [HLT] polls=5402 faults=0x0 cfglost=0
2026-09-03T20:20:28.548531 [EFF] n=5 last=58588 min=58472 max=58588 late=0 stuck=0 rderr=0
2026-09-03T20:20:28.552651 [DWT] ok=1 cyc=1850564735 cyc_per_ms=799875
2026-09-03T20:20:29.566944 [HB] up_ms=5699708 frames=270151 inf=270151 hazard=34604 canary_err=0 q=0 qovr=0
2026-09-03T20:20:29.578079 [I2C] init=0 gate=0 whoami=0x201e0 wr=0 wrseen=0x27 addr=0x5a ok=1093410 err=0 tmo=0 recov=0 pclk1=200000000 sysclk=400000000
2026-09-03T20:20:29.579450 [NAK] nacks=0
2026-09-03T20:20:29.584065 [CLK] cpu=800000000 sysb=400000000 pclk1=200000000
2026-09-03T20:20:29.588605 [TOF] res=0 step=0 id=0xeacc blk=0xeacc10 ctl=0x0
2026-09-03T20:20:29.594463 [RNG] init=0 step=99 id=0xeacc boot=1 calls=93 xerr=0 dm=1 tb=15
2026-09-03T20:20:29.601320 [RNG] osc=41 imp=881 imprb=881 mstart=0x40 cfg=91 cfgfail=0x0 vhv=0 vpolls=0
2026-09-03T20:20:29.607599 [PRT] calls=1080079 xerr=0 ler=1 lidx=0x0 perr=0 maxcnt=17 addr8=0x52
2026-09-03T20:20:29.611822 [RTY] wr=0 wmax=0 wref=0  rd=0 rmax=0 rref=0
2026-09-03T20:20:29.619824 [RNG] frames=269831 last=48 min=23 max=61 nrdy=323 dxfer=0 dstat=0 lst=0 nrdyerr=0 dclr=0
2026-09-03T20:20:29.626082 [DRV] init=0 id=7 mode=0x1 lib=0x2 seq=0x1 odc=0x8b sts=0xe0 armed=1
2026-09-03T20:20:29.631699 [TRG] pulses=2533 suppressed=32071 cyc=1600 rst=1 rstmode=0x40
2026-09-03T20:20:29.635196 [HLT] polls=5403 faults=0x0 cfglost=0
2026-09-03T20:20:29.640965 [EFF] n=5 last=58588 min=58472 max=58588 late=0 stuck=0 rderr=0
2026-09-03T20:20:29.644949 [DWT] ok=1 cyc=2718666671 cyc_per_ms=800093
2026-09-03T20:20:30.658639 [HB] up_ms=5700793 frames=270203 inf=270203 hazard=34607 canary_err=0 q=0 qovr=0
2026-09-03T20:20:30.669867 [I2C] init=0 gate=0 whoami=0x201e0 wr=0 wrseen=0x27 addr=0x5a ok=1093617 err=0 tmo=0 recov=0 pclk1=200000000 sysclk=400000000
2026-09-03T20:20:30.671222 [NAK] nacks=0
2026-09-03T20:20:30.675864 [CLK] cpu=800000000 sysb=400000000 pclk1=200000000
2026-09-03T20:20:30.680354 [TOF] res=0 step=0 id=0xeacc blk=0xeacc10 ctl=0x0
2026-09-03T20:20:30.686117 [RNG] init=0 step=99 id=0xeacc boot=1 calls=93 xerr=0 dm=1 tb=15
2026-09-03T20:20:30.693124 [RNG] osc=41 imp=881 imprb=881 mstart=0x40 cfg=91 cfgfail=0x0 vhv=0 vpolls=0
2026-09-03T20:20:30.699482 [PRT] calls=1080287 xerr=0 ler=1 lidx=0x0 perr=0 maxcnt=17 addr8=0x52
2026-09-03T20:20:30.703478 [RTY] wr=0 wmax=0 wref=0  rd=0 rmax=0 rref=0
2026-09-03T20:20:30.711477 [RNG] frames=269882 last=50 min=23 max=61 nrdy=323 dxfer=0 dstat=0 lst=0 nrdyerr=0 dclr=0
2026-09-03T20:20:30.717853 [DRV] init=0 id=7 mode=0x1 lib=0x2 seq=0x1 odc=0x8b sts=0xe0 armed=1
2026-09-03T20:20:30.723478 [TRG] pulses=2534 suppressed=32076 cyc=1600 rst=1 rstmode=0x40
2026-09-03T20:20:30.726978 [HLT] polls=5404 faults=0x0 cfglost=0
2026-09-03T20:20:30.732620 [EFF] n=5 last=58588 min=58472 max=58588 late=0 stuck=0 rderr=0
2026-09-03T20:20:30.736727 [DWT] ok=1 cyc=3586567615 cyc_per_ms=799908
2026-09-03T20:20:31.750774 [HB] up_ms=5701878 frames=270254 inf=270254 hazard=34645 canary_err=0 q=0 qovr=0
2026-09-03T20:20:31.762041 [I2C] init=0 gate=0 whoami=0x201e0 wr=0 wrseen=0x27 addr=0x5a ok=1093823 err=0 tmo=0 recov=0 pclk1=200000000 sysclk=400000000
2026-09-03T20:20:31.763406 [NAK] nacks=0
2026-09-03T20:20:31.768061 [CLK] cpu=800000000 sysb=400000000 pclk1=200000000
2026-09-03T20:20:31.772529 [TOF] res=0 step=0 id=0xeacc blk=0xeacc10 ctl=0x0
2026-09-03T20:20:31.778398 [RNG] init=0 step=99 id=0xeacc boot=1 calls=93 xerr=0 dm=1 tb=15
2026-09-03T20:20:31.785268 [RNG] osc=41 imp=881 imprb=881 mstart=0x40 cfg=91 cfgfail=0x0 vhv=0 vpolls=0
2026-09-03T20:20:31.791580 [PRT] calls=1080491 xerr=0 ler=1 lidx=0x0 perr=0 maxcnt=17 addr8=0x52
2026-09-03T20:20:31.795653 [RTY] wr=0 wmax=0 wref=0  rd=0 rmax=0 rref=0
2026-09-03T20:20:31.803770 [RNG] frames=269933 last=52 min=23 max=61 nrdy=323 dxfer=0 dstat=0 lst=0 nrdyerr=0 dclr=0
2026-09-03T20:20:31.810026 [DRV] init=0 id=7 mode=0x1 lib=0x2 seq=0x1 odc=0x8b sts=0xe0 armed=1
2026-09-03T20:20:31.815647 [TRG] pulses=2536 suppressed=32109 cyc=1600 rst=1 rstmode=0x40
2026-09-03T20:20:31.819023 [HLT] polls=5405 faults=0x0 cfglost=0
2026-09-03T20:20:31.824958 [EFF] n=5 last=58588 min=58472 max=58588 late=0 stuck=0 rderr=0
2026-09-03T20:20:31.828773 [DWT] ok=1 cyc=159699551 cyc_per_ms=800091
2026-09-03T20:20:32.842963 [HB] up_ms=5702963 frames=270306 inf=270306 hazard=34645 canary_err=0 q=0 qovr=0
2026-09-03T20:20:32.854061 [I2C] init=0 gate=0 whoami=0x201e0 wr=0 wrseen=0x27 addr=0x5a ok=1094033 err=0 tmo=0 recov=0 pclk1=200000000 sysclk=400000000
2026-09-03T20:20:32.855445 [NAK] nacks=0
2026-09-03T20:20:32.860060 [CLK] cpu=800000000 sysb=400000000 pclk1=200000000
2026-09-03T20:20:32.864578 [TOF] res=0 step=0 id=0xeacc blk=0xeacc10 ctl=0x0
2026-09-03T20:20:32.870429 [RNG] init=0 step=99 id=0xeacc boot=1 calls=93 xerr=0 dm=1 tb=15
2026-09-03T20:20:32.877318 [RNG] osc=41 imp=881 imprb=881 mstart=0x40 cfg=91 cfgfail=0x0 vhv=0 vpolls=0
2026-09-03T20:20:32.883700 [PRT] calls=1080695 xerr=0 ler=1 lidx=0x0 perr=0 maxcnt=17 addr8=0x52
2026-09-03T20:20:32.887815 [RTY] wr=0 wmax=0 wref=0  rd=0 rmax=0 rref=0
2026-09-03T20:20:32.895810 [RNG] frames=269985 last=41 min=23 max=61 nrdy=323 dxfer=0 dstat=0 lst=0 nrdyerr=0 dclr=0
2026-09-03T20:20:32.901933 [DRV] init=0 id=7 mode=0x1 lib=0x2 seq=0x1 odc=0x8b sts=0xe0 armed=1
2026-09-03T20:20:32.907682 [TRG] pulses=2536 suppressed=32109 cyc=1600 rst=1 rstmode=0x40
2026-09-03T20:20:32.911202 [HLT] polls=5406 faults=0x0 cfglost=0
2026-09-03T20:20:32.916942 [EFF] n=5 last=58588 min=58472 max=58588 late=0 stuck=0 rderr=0
2026-09-03T20:20:32.920944 [DWT] ok=1 cyc=1027698807 cyc_per_ms=799999
2026-09-03T20:20:33.934528 [HB] up_ms=5704048 frames=270357 inf=270357 hazard=34645 canary_err=0 q=0 qovr=0
2026-09-03T20:20:33.945857 [I2C] init=0 gate=0 whoami=0x201e0 wr=0 wrseen=0x27 addr=0x5a ok=1094239 err=0 tmo=0 recov=0 pclk1=200000000 sysclk=400000000
2026-09-03T20:20:33.947221 [NAK] nacks=0
2026-09-03T20:20:33.951731 [CLK] cpu=800000000 sysb=400000000 pclk1=200000000
2026-09-03T20:20:33.956212 [TOF] res=0 step=0 id=0xeacc blk=0xeacc10 ctl=0x0
2026-09-03T20:20:33.962225 [RNG] init=0 step=99 id=0xeacc boot=1 calls=93 xerr=0 dm=1 tb=15
2026-09-03T20:20:33.969111 [RNG] osc=41 imp=881 imprb=881 mstart=0x40 cfg=91 cfgfail=0x0 vhv=0 vpolls=0
2026-09-03T20:20:33.975358 [PRT] calls=1080903 xerr=0 ler=1 lidx=0x0 perr=0 maxcnt=17 addr8=0x52
2026-09-03T20:20:33.979475 [RTY] wr=0 wmax=0 wref=0  rd=0 rmax=0 rref=0
2026-09-03T20:20:33.987626 [RNG] frames=270036 last=44 min=23 max=61 nrdy=323 dxfer=0 dstat=0 lst=0 nrdyerr=0 dclr=0
2026-09-03T20:20:33.993875 [DRV] init=0 id=7 mode=0x1 lib=0x2 seq=0x1 odc=0x8b sts=0xe0 armed=1
2026-09-03T20:20:33.999474 [TRG] pulses=2536 suppressed=32109 cyc=1600 rst=1 rstmode=0x40
2026-09-03T20:20:34.002844 [HLT] polls=5407 faults=0x0 cfglost=0
2026-09-03T20:20:34.008768 [EFF] n=5 last=58588 min=58472 max=58588 late=0 stuck=0 rderr=0
2026-09-03T20:20:34.012733 [DWT] ok=1 cyc=1895699579 cyc_per_ms=800000
2026-09-03T20:20:35.026178 [HB] up_ms=5705133 frames=270408 inf=270408 hazard=34645 canary_err=0 q=0 qovr=0
2026-09-03T20:20:35.037394 [I2C] init=0 gate=0 whoami=0x201e0 wr=0 wrseen=0x27 addr=0x5a ok=1094449 err=0 tmo=0 recov=0 pclk1=200000000 sysclk=400000000
2026-09-03T20:20:35.038654 [NAK] nacks=0
2026-09-03T20:20:35.043257 [CLK] cpu=800000000 sysb=400000000 pclk1=200000000
2026-09-03T20:20:35.047878 [TOF] res=0 step=0 id=0xeacc blk=0xeacc10 ctl=0x0
2026-09-03T20:20:35.053750 [RNG] init=0 step=99 id=0xeacc boot=1 calls=93 xerr=0 dm=1 tb=15
2026-09-03T20:20:35.060696 [RNG] osc=41 imp=881 imprb=881 mstart=0x40 cfg=91 cfgfail=0x0 vhv=0 vpolls=0
2026-09-03T20:20:35.066904 [PRT] calls=1081107 xerr=0 ler=1 lidx=0x0 perr=0 maxcnt=17 addr8=0x52
2026-09-03T20:20:35.071007 [RTY] wr=0 wmax=0 wref=0  rd=0 rmax=0 rref=0
2026-09-03T20:20:35.079021 [RNG] frames=270088 last=43 min=23 max=61 nrdy=323 dxfer=0 dstat=0 lst=0 nrdyerr=0 dclr=0
2026-09-03T20:20:35.085256 [DRV] init=0 id=7 mode=0x1 lib=0x2 seq=0x1 odc=0x8b sts=0xe0 armed=1
2026-09-03T20:20:35.091041 [TRG] pulses=2536 suppressed=32109 cyc=1600 rst=1 rstmode=0x40
2026-09-03T20:20:35.094393 [HLT] polls=5408 faults=0x0 cfglost=0
2026-09-03T20:20:35.100147 [EFF] n=5 last=58588 min=58472 max=58588 late=0 stuck=0 rderr=0
2026-09-03T20:20:35.104145 [DWT] ok=1 cyc=2763699399 cyc_per_ms=799999
2026-09-03T20:20:36.117060 [HB] up_ms=5706218 frames=270460 inf=270460 hazard=34645 canary_err=0 q=0 qovr=0
2026-09-03T20:20:36.128471 [I2C] init=0 gate=0 whoami=0x201e0 wr=0 wrseen=0x27 addr=0x5a ok=1094655 err=0 tmo=0 recov=0 pclk1=200000000 sysclk=400000000
2026-09-03T20:20:36.129673 [NAK] nacks=0
2026-09-03T20:20:36.134298 [CLK] cpu=800000000 sysb=400000000 pclk1=200000000
2026-09-03T20:20:36.138793 [TOF] res=0 step=0 id=0xeacc blk=0xeacc10 ctl=0x0
2026-09-03T20:20:36.144568 [RNG] init=0 step=99 id=0xeacc boot=1 calls=93 xerr=0 dm=1 tb=15
2026-09-03T20:20:36.151547 [RNG] osc=41 imp=881 imprb=881 mstart=0x40 cfg=91 cfgfail=0x0 vhv=0 vpolls=0
2026-09-03T20:20:36.157817 [PRT] calls=1081315 xerr=0 ler=1 lidx=0x0 perr=0 maxcnt=17 addr8=0x52
2026-09-03T20:20:36.161941 [RTY] wr=0 wmax=0 wref=0  rd=0 rmax=0 rref=0
2026-09-03T20:20:36.170057 [RNG] frames=270139 last=34 min=23 max=61 nrdy=323 dxfer=0 dstat=0 lst=0 nrdyerr=0 dclr=0
2026-09-03T20:20:36.176198 [DRV] init=0 id=7 mode=0x1 lib=0x2 seq=0x1 odc=0x8b sts=0xe0 armed=1
2026-09-03T20:20:36.181942 [TRG] pulses=2536 suppressed=32109 cyc=1600 rst=1 rstmode=0x40
2026-09-03T20:20:36.185299 [HLT] polls=5409 faults=0x0 cfglost=0
2026-09-03T20:20:36.191051 [EFF] n=5 last=58588 min=58472 max=58588 late=0 stuck=0 rderr=0
2026-09-03T20:20:36.195176 [DWT] ok=1 cyc=3631597423 cyc_per_ms=799906
2026-09-03T20:20:37.208344 [HB] up_ms=5707303 frames=270511 inf=270511 hazard=34645 canary_err=0 q=0 qovr=0
2026-09-03T20:20:37.219461 [I2C] init=0 gate=0 whoami=0x201e0 wr=0 wrseen=0x27 addr=0x5a ok=1094864 err=0 tmo=0 recov=0 pclk1=200000000 sysclk=400000000
2026-09-03T20:20:37.220835 [NAK] nacks=0
2026-09-03T20:20:37.225469 [CLK] cpu=800000000 sysb=400000000 pclk1=200000000
2026-09-03T20:20:37.229944 [TOF] res=0 step=0 id=0xeacc blk=0xeacc10 ctl=0x0
2026-09-03T20:20:37.235825 [RNG] init=0 step=99 id=0xeacc boot=1 calls=93 xerr=0 dm=1 tb=15
2026-09-03T20:20:37.242723 [RNG] osc=41 imp=881 imprb=881 mstart=0x40 cfg=91 cfgfail=0x0 vhv=0 vpolls=0
2026-09-03T20:20:37.248957 [PRT] calls=1081519 xerr=0 ler=1 lidx=0x0 perr=0 maxcnt=17 addr8=0x52
2026-09-03T20:20:37.253206 [RTY] wr=0 wmax=0 wref=0  rd=0 rmax=0 rref=0
2026-09-03T20:20:37.261214 [RNG] frames=270191 last=39 min=23 max=61 nrdy=323 dxfer=0 dstat=0 lst=0 nrdyerr=0 dclr=0
2026-09-03T20:20:37.267471 [DRV] init=0 id=7 mode=0x1 lib=0x2 seq=0x1 odc=0x8b sts=0xe0 armed=1
2026-09-03T20:20:37.273091 [TRG] pulses=2536 suppressed=32109 cyc=1600 rst=1 rstmode=0x40
2026-09-03T20:20:37.276606 [HLT] polls=5410 faults=0x0 cfglost=0
2026-09-03T20:20:37.282337 [EFF] n=5 last=58588 min=58472 max=58588 late=0 stuck=0 rderr=0
2026-09-03T20:20:37.286203 [DWT] ok=1 cyc=204732115 cyc_per_ms=800093
2026-09-03T20:20:38.299503 [HB] up_ms=5708388 frames=270563 inf=270563 hazard=34686 canary_err=0 q=0 qovr=0
2026-09-03T20:20:38.310746 [I2C] init=0 gate=0 whoami=0x201e0 wr=0 wrseen=0x27 addr=0x5a ok=1095071 err=0 tmo=0 recov=0 pclk1=200000000 sysclk=400000000
2026-09-03T20:20:38.312115 [NAK] nacks=0
2026-09-03T20:20:38.316759 [CLK] cpu=800000000 sysb=400000000 pclk1=200000000
2026-09-03T20:20:38.321241 [TOF] res=0 step=0 id=0xeacc blk=0xeacc10 ctl=0x0
2026-09-03T20:20:38.327130 [RNG] init=0 step=99 id=0xeacc boot=1 calls=93 xerr=0 dm=1 tb=15
2026-09-03T20:20:38.334185 [RNG] osc=41 imp=881 imprb=881 mstart=0x40 cfg=91 cfgfail=0x0 vhv=0 vpolls=0
2026-09-03T20:20:38.340373 [PRT] calls=1081727 xerr=0 ler=1 lidx=0x0 perr=0 maxcnt=17 addr8=0x52
2026-09-03T20:20:38.344496 [RTY] wr=0 wmax=0 wref=0  rd=0 rmax=0 rref=0
2026-09-03T20:20:38.352510 [RNG] frames=270242 last=46 min=23 max=61 nrdy=323 dxfer=0 dstat=0 lst=0 nrdyerr=0 dclr=0
2026-09-03T20:20:38.358763 [DRV] init=0 id=7 mode=0x1 lib=0x2 seq=0x1 odc=0x8b sts=0xe0 armed=1
2026-09-03T20:20:38.364385 [TRG] pulses=2539 suppressed=32147 cyc=1600 rst=1 rstmode=0x40
2026-09-03T20:20:38.367875 [HLT] polls=5411 faults=0x0 cfglost=0
2026-09-03T20:20:38.373631 [EFF] n=5 last=58588 min=58472 max=58588 late=0 stuck=0 rderr=0
2026-09-03T20:20:38.377669 [DWT] ok=1 cyc=1072630191 cyc_per_ms=799906
2026-09-03T20:20:39.391536 [HB] up_ms=5709473 frames=270614 inf=270614 hazard=34686 canary_err=0 q=0 qovr=0
2026-09-03T20:20:39.402973 [I2C] init=0 gate=0 whoami=0x201e0 wr=0 wrseen=0x27 addr=0x5a ok=1095277 err=0 tmo=0 recov=0 pclk1=200000000 sysclk=400000000
2026-09-03T20:20:39.404286 [NAK] nacks=0
2026-09-03T20:20:39.408778 [CLK] cpu=800000000 sysb=400000000 pclk1=200000000
2026-09-03T20:20:39.413312 [TOF] res=0 step=0 id=0xeacc blk=0xeacc10 ctl=0x0
2026-09-03T20:20:39.419289 [RNG] init=0 step=99 id=0xeacc boot=1 calls=93 xerr=0 dm=1 tb=15
2026-09-03T20:20:39.426156 [RNG] osc=41 imp=881 imprb=881 mstart=0x40 cfg=91 cfgfail=0x0 vhv=0 vpolls=0
2026-09-03T20:20:39.432415 [PRT] calls=1081931 xerr=0 ler=1 lidx=0x0 perr=0 maxcnt=17 addr8=0x52
2026-09-03T20:20:39.436536 [RTY] wr=0 wmax=0 wref=0  rd=0 rmax=0 rref=0
2026-09-03T20:20:39.444731 [RNG] frames=270293 last=44 min=23 max=61 nrdy=323 dxfer=0 dstat=0 lst=0 nrdyerr=0 dclr=0
2026-09-03T20:20:39.450909 [DRV] init=0 id=7 mode=0x1 lib=0x2 seq=0x1 odc=0x8b sts=0xe0 armed=1
2026-09-03T20:20:39.456533 [TRG] pulses=2539 suppressed=32147 cyc=1600 rst=1 rstmode=0x40
2026-09-03T20:20:39.459995 [HLT] polls=5412 faults=0x0 cfglost=0
2026-09-03T20:20:39.465816 [EFF] n=5 last=58588 min=58472 max=58588 late=0 stuck=0 rderr=0
2026-09-03T20:20:39.469801 [DWT] ok=1 cyc=1940732199 cyc_per_ms=800094
2026-09-03T20:20:40.483955 [HB] up_ms=5710558 frames=270666 inf=270666 hazard=34686 canary_err=0 q=0 qovr=0
2026-09-03T20:20:40.495080 [I2C] init=0 gate=0 whoami=0x201e0 wr=0 wrseen=0x27 addr=0x5a ok=1095487 err=0 tmo=0 recov=0 pclk1=200000000 sysclk=400000000
2026-09-03T20:20:40.496469 [NAK] nacks=0
2026-09-03T20:20:40.501204 [CLK] cpu=800000000 sysb=400000000 pclk1=200000000
2026-09-03T20:20:40.505727 [TOF] res=0 step=0 id=0xeacc blk=0xeacc10 ctl=0x0
2026-09-03T20:20:40.511459 [RNG] init=0 step=99 id=0xeacc boot=1 calls=93 xerr=0 dm=1 tb=15
2026-09-03T20:20:40.518326 [RNG] osc=41 imp=881 imprb=881 mstart=0x40 cfg=91 cfgfail=0x0 vhv=0 vpolls=0
2026-09-03T20:20:40.524872 [PRT] calls=1082135 xerr=0 ler=1 lidx=0x0 perr=0 maxcnt=17 addr8=0x52
2026-09-03T20:20:40.528846 [RTY] wr=0 wmax=0 wref=0  rd=0 rmax=0 rref=0
2026-09-03T20:20:40.536822 [RNG] frames=270345 last=41 min=23 max=61 nrdy=323 dxfer=0 dstat=0 lst=0 nrdyerr=0 dclr=0
2026-09-03T20:20:40.543074 [DRV] init=0 id=7 mode=0x1 lib=0x2 seq=0x1 odc=0x8b sts=0xe0 armed=1
2026-09-03T20:20:40.548848 [TRG] pulses=2539 suppressed=32147 cyc=1600 rst=1 rstmode=0x40
2026-09-03T20:20:40.552428 [HLT] polls=5413 faults=0x0 cfglost=0
2026-09-03T20:20:40.557936 [EFF] n=5 last=58588 min=58472 max=58588 late=0 stuck=0 rderr=0
2026-09-03T20:20:40.561949 [DWT] ok=1 cyc=2808731463 cyc_per_ms=799999
2026-09-03T20:20:41.576235 [HB] up_ms=5711643 frames=270717 inf=270717 hazard=34686 canary_err=0 q=0 qovr=0
2026-09-03T20:20:41.587641 [I2C] init=0 gate=0 whoami=0x201e0 wr=0 wrseen=0x27 addr=0x5a ok=1095693 err=0 tmo=0 recov=0 pclk1=200000000 sysclk=400000000
2026-09-03T20:20:41.588899 [NAK] nacks=0
2026-09-03T20:20:41.593476 [CLK] cpu=800000000 sysb=400000000 pclk1=200000000
2026-09-03T20:20:41.597973 [TOF] res=0 step=0 id=0xeacc blk=0xeacc10 ctl=0x0
2026-09-03T20:20:41.603849 [RNG] init=0 step=99 id=0xeacc boot=1 calls=93 xerr=0 dm=1 tb=15
2026-09-03T20:20:41.610870 [RNG] osc=41 imp=881 imprb=881 mstart=0x40 cfg=91 cfgfail=0x0 vhv=0 vpolls=0
2026-09-03T20:20:41.617101 [PRT] calls=1082343 xerr=0 ler=1 lidx=0x0 perr=0 maxcnt=17 addr8=0x52
2026-09-03T20:20:41.621121 [RTY] wr=0 wmax=0 wref=0  rd=0 rmax=0 rref=0
2026-09-03T20:20:41.629402 [RNG] frames=270396 last=38 min=23 max=61 nrdy=323 dxfer=0 dstat=0 lst=0 nrdyerr=0 dclr=0
2026-09-03T20:20:41.635478 [DRV] init=0 id=7 mode=0x1 lib=0x2 seq=0x1 odc=0x8b sts=0xe0 armed=1
2026-09-03T20:20:41.641106 [TRG] pulses=2539 suppressed=32147 cyc=1600 rst=1 rstmode=0x40
2026-09-03T20:20:41.644669 [HLT] polls=5414 faults=0x0 cfglost=0
2026-09-03T20:20:41.650487 [EFF] n=5 last=58588 min=58472 max=58588 late=0 stuck=0 rderr=0
2026-09-03T20:20:41.654483 [DWT] ok=1 cyc=3676732259 cyc_per_ms=800000
2026-09-03T20:20:42.668768 [HB] up_ms=5712728 frames=270768 inf=270768 hazard=34686 canary_err=0 q=0 qovr=0
2026-09-03T20:20:42.680013 [I2C] init=0 gate=0 whoami=0x201e0 wr=0 wrseen=0x27 addr=0x5a ok=1095903 err=0 tmo=0 recov=0 pclk1=200000000 sysclk=400000000
2026-09-03T20:20:42.681301 [NAK] nacks=0
2026-09-03T20:20:42.685885 [CLK] cpu=800000000 sysb=400000000 pclk1=200000000
2026-09-03T20:20:42.690508 [TOF] res=0 step=0 id=0xeacc blk=0xeacc10 ctl=0x0
2026-09-03T20:20:42.696395 [RNG] init=0 step=99 id=0xeacc boot=1 calls=93 xerr=0 dm=1 tb=15
2026-09-03T20:20:42.703282 [RNG] osc=41 imp=881 imprb=881 mstart=0x40 cfg=91 cfgfail=0x0 vhv=0 vpolls=0
2026-09-03T20:20:42.709649 [PRT] calls=1082547 xerr=0 ler=1 lidx=0x0 perr=0 maxcnt=17 addr8=0x52
2026-09-03T20:20:42.713765 [RTY] wr=0 wmax=0 wref=0  rd=0 rmax=0 rref=0
2026-09-03T20:20:42.721758 [RNG] frames=270448 last=35 min=23 max=61 nrdy=323 dxfer=0 dstat=0 lst=0 nrdyerr=0 dclr=0
2026-09-03T20:20:42.727907 [DRV] init=0 id=7 mode=0x1 lib=0x2 seq=0x1 odc=0x8b sts=0xe0 armed=1
2026-09-03T20:20:42.733699 [TRG] pulses=2539 suppressed=32147 cyc=1600 rst=1 rstmode=0x40
2026-09-03T20:20:42.737148 [HLT] polls=5415 faults=0x0 cfglost=0
2026-09-03T20:20:42.742886 [EFF] n=5 last=58588 min=58472 max=58588 late=0 stuck=0 rderr=0
2026-09-03T20:20:42.746761 [DWT] ok=1 cyc=249764783 cyc_per_ms=799999
2026-09-03T20:20:43.760710 [HB] up_ms=5713813 frames=270820 inf=270820 hazard=34686 canary_err=0 q=0 qovr=0
2026-09-03T20:20:43.771801 [I2C] init=0 gate=0 whoami=0x201e0 wr=0 wrseen=0x27 addr=0x5a ok=1096109 err=0 tmo=0 recov=0 pclk1=200000000 sysclk=400000000
2026-09-03T20:20:43.773188 [NAK] nacks=0
2026-09-03T20:20:43.777828 [CLK] cpu=800000000 sysb=400000000 pclk1=200000000
2026-09-03T20:20:43.782305 [TOF] res=0 step=0 id=0xeacc blk=0xeacc10 ctl=0x0
2026-09-03T20:20:43.788073 [RNG] init=0 step=99 id=0xeacc boot=1 calls=93 xerr=0 dm=1 tb=15
2026-09-03T20:20:43.795055 [RNG] osc=41 imp=881 imprb=881 mstart=0x40 cfg=91 cfgfail=0x0 vhv=0 vpolls=0
2026-09-03T20:20:43.801424 [PRT] calls=1082755 xerr=0 ler=1 lidx=0x0 perr=0 maxcnt=17 addr8=0x52
2026-09-03T20:20:43.805422 [RTY] wr=0 wmax=0 wref=0  rd=0 rmax=0 rref=0
2026-09-03T20:20:43.813580 [RNG] frames=270499 last=40 min=23 max=61 nrdy=323 dxfer=0 dstat=0 lst=0 nrdyerr=0 dclr=0
2026-09-03T20:20:43.819798 [DRV] init=0 id=7 mode=0x1 lib=0x2 seq=0x1 odc=0x8b sts=0xe0 armed=1
2026-09-03T20:20:43.825441 [TRG] pulses=2539 suppressed=32147 cyc=1600 rst=1 rstmode=0x40
2026-09-03T20:20:43.828800 [HLT] polls=5416 faults=0x0 cfglost=0
2026-09-03T20:20:43.834547 [EFF] n=5 last=58588 min=58472 max=58588 late=0 stuck=0 rderr=0
2026-09-03T20:20:43.838673 [DWT] ok=1 cyc=1117662783 cyc_per_ms=799905
2026-09-03T20:20:44.852214 [HB] up_ms=5714898 frames=270871 inf=270871 hazard=34717 canary_err=0 q=0 qovr=0
2026-09-03T20:20:44.863475 [I2C] init=0 gate=0 whoami=0x201e0 wr=0 wrseen=0x27 addr=0x5a ok=1096318 err=0 tmo=0 recov=0 pclk1=200000000 sysclk=400000000
2026-09-03T20:20:44.864708 [NAK] nacks=0
2026-09-03T20:20:44.869335 [CLK] cpu=800000000 sysb=400000000 pclk1=200000000
2026-09-03T20:20:44.873821 [TOF] res=0 step=0 id=0xeacc blk=0xeacc10 ctl=0x0
2026-09-03T20:20:44.879711 [RNG] init=0 step=99 id=0xeacc boot=1 calls=93 xerr=0 dm=1 tb=15
2026-09-03T20:20:44.886606 [RNG] osc=41 imp=881 imprb=881 mstart=0x40 cfg=91 cfgfail=0x0 vhv=0 vpolls=0
2026-09-03T20:20:44.892955 [PRT] calls=1082959 xerr=0 ler=1 lidx=0x0 perr=0 maxcnt=17 addr8=0x52
2026-09-03T20:20:44.897091 [RTY] wr=0 wmax=0 wref=0  rd=0 rmax=0 rref=0
2026-09-03T20:20:44.905084 [RNG] frames=270551 last=42 min=23 max=61 nrdy=323 dxfer=0 dstat=0 lst=0 nrdyerr=0 dclr=0
2026-09-03T20:20:44.911332 [DRV] init=0 id=7 mode=0x1 lib=0x2 seq=0x1 odc=0x8b sts=0xe0 armed=1
2026-09-03T20:20:44.916962 [TRG] pulses=2542 suppressed=32178 cyc=1600 rst=1 rstmode=0x40
2026-09-03T20:20:44.920486 [HLT] polls=5417 faults=0x0 cfglost=0
2026-09-03T20:20:44.926205 [EFF] n=5 last=58588 min=58472 max=58588 late=0 stuck=0 rderr=0
2026-09-03T20:20:44.930222 [DWT] ok=1 cyc=1985768519 cyc_per_ms=800097
2026-09-03T20:20:45.944002 [HB] up_ms=5715983 frames=270923 inf=270923 hazard=34727 canary_err=0 q=0 qovr=0
2026-09-03T20:20:45.955272 [I2C] init=0 gate=0 whoami=0x201e0 wr=0 wrseen=0x27 addr=0x5a ok=1096525 err=0 tmo=0 recov=0 pclk1=200000000 sysclk=400000000
2026-09-03T20:20:45.956651 [NAK] nacks=0
2026-09-03T20:20:45.961277 [CLK] cpu=800000000 sysb=400000000 pclk1=200000000
2026-09-03T20:20:45.965742 [TOF] res=0 step=0 id=0xeacc blk=0xeacc10 ctl=0x0
2026-09-03T20:20:45.971664 [RNG] init=0 step=99 id=0xeacc boot=1 calls=93 xerr=0 dm=1 tb=15
2026-09-03T20:20:45.978676 [RNG] osc=41 imp=881 imprb=881 mstart=0x40 cfg=91 cfgfail=0x0 vhv=0 vpolls=0
2026-09-03T20:20:45.984881 [PRT] calls=1083167 xerr=0 ler=1 lidx=0x0 perr=0 maxcnt=17 addr8=0x52
2026-09-03T20:20:45.988881 [RTY] wr=0 wmax=0 wref=0  rd=0 rmax=0 rref=0
2026-09-03T20:20:45.997002 [RNG] frames=270602 last=43 min=23 max=61 nrdy=323 dxfer=0 dstat=0 lst=0 nrdyerr=0 dclr=0
2026-09-03T20:20:46.003240 [DRV] init=0 id=7 mode=0x1 lib=0x2 seq=0x1 odc=0x8b sts=0xe0 armed=1
2026-09-03T20:20:46.008869 [TRG] pulses=2542 suppressed=32185 cyc=1600 rst=1 rstmode=0x40
2026-09-03T20:20:46.012394 [HLT] polls=5418 faults=0x0 cfglost=0
2026-09-03T20:20:46.018001 [EFF] n=5 last=58588 min=58472 max=58588 late=0 stuck=0 rderr=0
2026-09-03T20:20:46.022131 [DWT] ok=1 cyc=2853662871 cyc_per_ms=799902
2026-09-03T20:20:47.035663 [HB] up_ms=5717068 frames=270974 inf=270974 hazard=34727 canary_err=0 q=0 qovr=0
2026-09-03T20:20:47.047043 [I2C] init=0 gate=0 whoami=0x201e0 wr=0 wrseen=0x27 addr=0x5a ok=1096731 err=0 tmo=0 recov=0 pclk1=200000000 sysclk=400000000
2026-09-03T20:20:47.048278 [NAK] nacks=0
2026-09-03T20:20:47.052903 [CLK] cpu=800000000 sysb=400000000 pclk1=200000000
2026-09-03T20:20:47.057405 [TOF] res=0 step=0 id=0xeacc blk=0xeacc10 ctl=0x0
2026-09-03T20:20:47.063410 [RNG] init=0 step=99 id=0xeacc boot=1 calls=93 xerr=0 dm=1 tb=15
2026-09-03T20:20:47.070276 [RNG] osc=41 imp=881 imprb=881 mstart=0x40 cfg=91 cfgfail=0x0 vhv=0 vpolls=0
2026-09-03T20:20:47.076525 [PRT] calls=1083371 xerr=0 ler=1 lidx=0x0 perr=0 maxcnt=17 addr8=0x52
2026-09-03T20:20:47.080529 [RTY] wr=0 wmax=0 wref=0  rd=0 rmax=0 rref=0
2026-09-03T20:20:47.088667 [RNG] frames=270653 last=46 min=23 max=61 nrdy=323 dxfer=0 dstat=0 lst=0 nrdyerr=0 dclr=0
2026-09-03T20:20:47.094917 [DRV] init=0 id=7 mode=0x1 lib=0x2 seq=0x1 odc=0x8b sts=0xe0 armed=1
2026-09-03T20:20:47.100597 [TRG] pulses=2542 suppressed=32185 cyc=1600 rst=1 rstmode=0x40
2026-09-03T20:20:47.104021 [HLT] polls=5419 faults=0x0 cfglost=0
2026-09-03T20:20:47.109780 [EFF] n=5 last=58588 min=58472 max=58588 late=0 stuck=0 rderr=0
2026-09-03T20:20:47.113784 [DWT] ok=1 cyc=3721764903 cyc_per_ms=800094
2026-09-03T20:20:48.127445 [HB] up_ms=5718153 frames=271026 inf=271026 hazard=34727 canary_err=0 q=0 qovr=0
2026-09-03T20:20:48.138591 [I2C] init=0 gate=0 whoami=0x201e0 wr=0 wrseen=0x27 addr=0x5a ok=1096941 err=0 tmo=0 recov=0 pclk1=200000000 sysclk=400000000
2026-09-03T20:20:48.139938 [NAK] nacks=0
2026-09-03T20:20:48.144737 [CLK] cpu=800000000 sysb=400000000 pclk1=200000000
2026-09-03T20:20:48.149193 [TOF] res=0 step=0 id=0xeacc blk=0xeacc10 ctl=0x0
2026-09-03T20:20:48.154936 [RNG] init=0 step=99 id=0xeacc boot=1 calls=93 xerr=0 dm=1 tb=15
2026-09-03T20:20:48.161973 [RNG] osc=41 imp=881 imprb=881 mstart=0x40 cfg=91 cfgfail=0x0 vhv=0 vpolls=0
2026-09-03T20:20:48.168319 [PRT] calls=1083575 xerr=0 ler=1 lidx=0x0 perr=0 maxcnt=17 addr8=0x52
2026-09-03T20:20:48.172313 [RTY] wr=0 wmax=0 wref=0  rd=0 rmax=0 rref=0
2026-09-03T20:20:48.180319 [RNG] frames=270705 last=42 min=23 max=61 nrdy=323 dxfer=0 dstat=0 lst=0 nrdyerr=0 dclr=0
2026-09-03T20:20:48.186585 [DRV] init=0 id=7 mode=0x1 lib=0x2 seq=0x1 odc=0x8b sts=0xe0 armed=1
2026-09-03T20:20:48.192309 [TRG] pulses=2542 suppressed=32185 cyc=1600 rst=1 rstmode=0x40
2026-09-03T20:20:48.195946 [HLT] polls=5420 faults=0x0 cfglost=0
2026-09-03T20:20:48.201610 [EFF] n=5 last=58588 min=58472 max=58588 late=0 stuck=0 rderr=0
2026-09-03T20:20:48.205440 [DWT] ok=1 cyc=294796879 cyc_per_ms=799999
2026-09-03T20:20:49.218980 [HB] up_ms=5719238 frames=271077 inf=271077 hazard=34727 canary_err=0 q=0 qovr=0
2026-09-03T20:20:49.230356 [I2C] init=0 gate=0 whoami=0x201e0 wr=0 wrseen=0x27 addr=0x5a ok=1097145 err=0 tmo=0 recov=0 pclk1=200000000 sysclk=400000000
2026-09-03T20:20:49.231723 [NAK] nacks=0
2026-09-03T20:20:49.236235 [CLK] cpu=800000000 sysb=400000000 pclk1=200000000
2026-09-03T20:20:49.240721 [TOF] res=0 step=0 id=0xeacc blk=0xeacc10 ctl=0x0
2026-09-03T20:20:49.246627 [RNG] init=0 step=99 id=0xeacc boot=1 calls=93 xerr=0 dm=1 tb=15
2026-09-03T20:20:49.253622 [RNG] osc=41 imp=881 imprb=881 mstart=0x40 cfg=91 cfgfail=0x0 vhv=0 vpolls=0
2026-09-03T20:20:49.259845 [PRT] calls=1083781 xerr=0 ler=1 lidx=0x0 perr=0 maxcnt=17 addr8=0x52
2026-09-03T20:20:49.263977 [RTY] wr=0 wmax=0 wref=0  rd=0 rmax=0 rref=0
2026-09-03T20:20:49.272126 [RNG] frames=270755 last=41 min=23 max=61 nrdy=324 dxfer=0 dstat=0 lst=0 nrdyerr=0 dclr=0
2026-09-03T20:20:49.278223 [DRV] init=0 id=7 mode=0x1 lib=0x2 seq=0x1 odc=0x8b sts=0xe0 armed=1
2026-09-03T20:20:49.283981 [TRG] pulses=2542 suppressed=32185 cyc=1600 rst=1 rstmode=0x40
2026-09-03T20:20:49.287344 [HLT] polls=5421 faults=0x0 cfglost=0
2026-09-03T20:20:49.293217 [EFF] n=5 last=58588 min=58472 max=58588 late=0 stuck=0 rderr=0
2026-09-03T20:20:49.297245 [DWT] ok=1 cyc=1162797611 cyc_per_ms=800000
2026-09-03T20:20:50.311262 [HB] up_ms=5720323 frames=271128 inf=271128 hazard=34727 canary_err=0 q=0 qovr=0
2026-09-03T20:20:50.322516 [I2C] init=0 gate=0 whoami=0x201e0 wr=0 wrseen=0x27 addr=0x5a ok=1097355 err=0 tmo=0 recov=0 pclk1=200000000 sysclk=400000000
2026-09-03T20:20:50.323756 [NAK] nacks=0
2026-09-03T20:20:50.328391 [CLK] cpu=800000000 sysb=400000000 pclk1=200000000
2026-09-03T20:20:50.332999 [TOF] res=0 step=0 id=0xeacc blk=0xeacc10 ctl=0x0
2026-09-03T20:20:50.338883 [RNG] init=0 step=99 id=0xeacc boot=1 calls=93 xerr=0 dm=1 tb=15
2026-09-03T20:20:50.345811 [RNG] osc=41 imp=881 imprb=881 mstart=0x40 cfg=91 cfgfail=0x0 vhv=0 vpolls=0
2026-09-03T20:20:50.352134 [PRT] calls=1083985 xerr=0 ler=1 lidx=0x0 perr=0 maxcnt=17 addr8=0x52
2026-09-03T20:20:50.356252 [RTY] wr=0 wmax=0 wref=0  rd=0 rmax=0 rref=0
2026-09-03T20:20:50.364263 [RNG] frames=270807 last=35 min=23 max=61 nrdy=324 dxfer=0 dstat=0 lst=0 nrdyerr=0 dclr=0
2026-09-03T20:20:50.370387 [DRV] init=0 id=7 mode=0x1 lib=0x2 seq=0x1 odc=0x8b sts=0xe0 armed=1
2026-09-03T20:20:50.376270 [TRG] pulses=2542 suppressed=32185 cyc=1600 rst=1 rstmode=0x40
2026-09-03T20:20:50.379663 [HLT] polls=5422 faults=0x0 cfglost=0
2026-09-03T20:20:50.385388 [EFF] n=5 last=58588 min=58472 max=58588 late=0 stuck=0 rderr=0
2026-09-03T20:20:50.389378 [DWT] ok=1 cyc=2030797495 cyc_per_ms=799999
2026-09-03T20:20:51.402520 [HB] up_ms=5721408 frames=271180 inf=271180 hazard=34747 canary_err=0 q=0 qovr=0
2026-09-03T20:20:51.413904 [I2C] init=0 gate=0 whoami=0x201e0 wr=0 wrseen=0x27 addr=0x5a ok=1097559 err=0 tmo=0 recov=0 pclk1=200000000 sysclk=400000000
2026-09-03T20:20:51.415146 [NAK] nacks=0
2026-09-03T20:20:51.419766 [CLK] cpu=800000000 sysb=400000000 pclk1=200000000
2026-09-03T20:20:51.424265 [TOF] res=0 step=0 id=0xeacc blk=0xeacc10 ctl=0x0
2026-09-03T20:20:51.430152 [RNG] init=0 step=99 id=0xeacc boot=1 calls=93 xerr=0 dm=1 tb=15
2026-09-03T20:20:51.437151 [RNG] osc=41 imp=881 imprb=881 mstart=0x40 cfg=91 cfgfail=0x0 vhv=0 vpolls=0
2026-09-03T20:20:51.443395 [PRT] calls=1084191 xerr=0 ler=1 lidx=0x0 perr=0 maxcnt=17 addr8=0x52
2026-09-03T20:20:51.447524 [RTY] wr=0 wmax=0 wref=0  rd=0 rmax=0 rref=0
2026-09-03T20:20:51.455657 [RNG] frames=270857 last=40 min=23 max=61 nrdy=325 dxfer=0 dstat=0 lst=0 nrdyerr=0 dclr=0
2026-09-03T20:20:51.461774 [DRV] init=0 id=7 mode=0x1 lib=0x2 seq=0x1 odc=0x8b sts=0xe0 armed=1
2026-09-03T20:20:51.467419 [TRG] pulses=2544 suppressed=32206 cyc=1600 rst=1 rstmode=0x40
2026-09-03T20:20:51.470915 [HLT] polls=5423 faults=0x0 cfglost=0
2026-09-03T20:20:51.476659 [EFF] n=5 last=58588 min=58472 max=58588 late=0 stuck=0 rderr=0
2026-09-03T20:20:51.480794 [DWT] ok=1 cyc=2898698307 cyc_per_ms=799908
2026-09-03T20:20:52.494472 [HB] up_ms=5722493 frames=271231 inf=271231 hazard=34768 canary_err=0 q=0 qovr=0
2026-09-03T20:20:52.505702 [I2C] init=0 gate=0 whoami=0x201e0 wr=0 wrseen=0x27 addr=0x5a ok=1097768 err=0 tmo=0 recov=0 pclk1=200000000 sysclk=400000000
2026-09-03T20:20:52.506947 [NAK] nacks=0
2026-09-03T20:20:52.511594 [CLK] cpu=800000000 sysb=400000000 pclk1=200000000
2026-09-03T20:20:52.516210 [TOF] res=0 step=0 id=0xeacc blk=0xeacc10 ctl=0x0
2026-09-03T20:20:52.522071 [RNG] init=0 step=99 id=0xeacc boot=1 calls=93 xerr=0 dm=1 tb=15
2026-09-03T20:20:52.528961 [RNG] osc=41 imp=881 imprb=881 mstart=0x40 cfg=91 cfgfail=0x0 vhv=0 vpolls=0
2026-09-03T20:20:52.535199 [PRT] calls=1084395 xerr=0 ler=1 lidx=0x0 perr=0 maxcnt=17 addr8=0x52
2026-09-03T20:20:52.539444 [RTY] wr=0 wmax=0 wref=0  rd=0 rmax=0 rref=0
2026-09-03T20:20:52.547454 [RNG] frames=270909 last=41 min=23 max=61 nrdy=325 dxfer=0 dstat=0 lst=0 nrdyerr=0 dclr=0
2026-09-03T20:20:52.553579 [DRV] init=0 id=7 mode=0x1 lib=0x2 seq=0x1 odc=0x8b sts=0xe0 armed=1
2026-09-03T20:20:52.559206 [TRG] pulses=2545 suppressed=32223 cyc=1600 rst=1 rstmode=0x40
2026-09-03T20:20:52.562825 [HLT] polls=5424 faults=0x0 cfglost=0
2026-09-03T20:20:52.568641 [EFF] n=5 last=58588 min=58472 max=58588 late=0 stuck=0 rderr=0
2026-09-03T20:20:52.572581 [DWT] ok=1 cyc=3766797503 cyc_per_ms=800091
2026-09-03T20:20:53.586112 [HB] up_ms=5723578 frames=271283 inf=271283 hazard=34768 canary_err=0 q=0 qovr=0
2026-09-03T20:20:53.597377 [I2C] init=0 gate=0 whoami=0x201e0 wr=0 wrseen=0x27 addr=0x5a ok=1097975 err=0 tmo=0 recov=0 pclk1=200000000 sysclk=400000000
2026-09-03T20:20:53.598733 [NAK] nacks=0
2026-09-03T20:20:53.603228 [CLK] cpu=800000000 sysb=400000000 pclk1=200000000
2026-09-03T20:20:53.607760 [TOF] res=0 step=0 id=0xeacc blk=0xeacc10 ctl=0x0
2026-09-03T20:20:53.613647 [RNG] init=0 step=99 id=0xeacc boot=1 calls=93 xerr=0 dm=1 tb=15
2026-09-03T20:20:53.620653 [RNG] osc=41 imp=881 imprb=881 mstart=0x40 cfg=91 cfgfail=0x0 vhv=0 vpolls=0
2026-09-03T20:20:53.626863 [PRT] calls=1084603 xerr=0 ler=1 lidx=0x0 perr=0 maxcnt=17 addr8=0x52
2026-09-03T20:20:53.630996 [RTY] wr=0 wmax=0 wref=0  rd=0 rmax=0 rref=0
2026-09-03T20:20:53.638983 [RNG] frames=270960 last=47 min=23 max=61 nrdy=325 dxfer=0 dstat=0 lst=0 nrdyerr=0 dclr=0
2026-09-03T20:20:53.645381 [DRV] init=0 id=7 mode=0x1 lib=0x2 seq=0x1 odc=0x8b sts=0xe0 armed=1
2026-09-03T20:20:53.650986 [TRG] pulses=2545 suppressed=32223 cyc=1600 rst=1 rstmode=0x40
2026-09-03T20:20:53.654356 [HLT] polls=5425 faults=0x0 cfglost=0
2026-09-03T20:20:53.660104 [EFF] n=5 last=58588 min=58472 max=58588 late=0 stuck=0 rderr=0
2026-09-03T20:20:53.664117 [DWT] ok=1 cyc=339728351 cyc_per_ms=799906
2026-09-03T20:20:54.678019 [HB] up_ms=5724663 frames=271334 inf=271334 hazard=34768 canary_err=0 q=0 qovr=0
2026-09-03T20:20:54.689396 [I2C] init=0 gate=0 whoami=0x201e0 wr=0 wrseen=0x27 addr=0x5a ok=1098181 err=0 tmo=0 recov=0 pclk1=200000000 sysclk=400000000
2026-09-03T20:20:54.690765 [NAK] nacks=0
2026-09-03T20:20:54.695276 [CLK] cpu=800000000 sysb=400000000 pclk1=200000000
2026-09-03T20:20:54.699762 [TOF] res=0 step=0 id=0xeacc blk=0xeacc10 ctl=0x0
2026-09-03T20:20:54.705835 [RNG] init=0 step=99 id=0xeacc boot=1 calls=93 xerr=0 dm=1 tb=15
2026-09-03T20:20:54.712659 [RNG] osc=41 imp=881 imprb=881 mstart=0x40 cfg=91 cfgfail=0x0 vhv=0 vpolls=0
2026-09-03T20:20:54.718907 [PRT] calls=1084807 xerr=0 ler=1 lidx=0x0 perr=0 maxcnt=17 addr8=0x52
2026-09-03T20:20:54.723012 [RTY] wr=0 wmax=0 wref=0  rd=0 rmax=0 rref=0
2026-09-03T20:20:54.731152 [RNG] frames=271011 last=41 min=23 max=61 nrdy=325 dxfer=0 dstat=0 lst=0 nrdyerr=0 dclr=0
2026-09-03T20:20:54.737391 [DRV] init=0 id=7 mode=0x1 lib=0x2 seq=0x1 odc=0x8b sts=0xe0 armed=1
2026-09-03T20:20:54.743010 [TRG] pulses=2545 suppressed=32223 cyc=1600 rst=1 rstmode=0x40
2026-09-03T20:20:54.746393 [HLT] polls=5426 faults=0x0 cfglost=0
2026-09-03T20:20:54.752264 [EFF] n=5 last=58588 min=58472 max=58588 late=0 stuck=0 rderr=0
2026-09-03T20:20:54.756275 [DWT] ok=1 cyc=1207830295 cyc_per_ms=800093
2026-09-03T20:20:55.770065 [HB] up_ms=5725748 frames=271386 inf=271386 hazard=34768 canary_err=0 q=0 qovr=0
2026-09-03T20:20:55.781309 [I2C] init=0 gate=0 whoami=0x201e0 wr=0 wrseen=0x27 addr=0x5a ok=1098391 err=0 tmo=0 recov=0 pclk1=200000000 sysclk=400000000
2026-09-03T20:20:55.782579 [NAK] nacks=0
2026-09-03T20:20:55.787296 [CLK] cpu=800000000 sysb=400000000 pclk1=200000000
2026-09-03T20:20:55.791827 [TOF] res=0 step=0 id=0xeacc blk=0xeacc10 ctl=0x0
2026-09-03T20:20:55.797673 [RNG] init=0 step=99 id=0xeacc boot=1 calls=93 xerr=0 dm=1 tb=15
2026-09-03T20:20:55.804543 [RNG] osc=41 imp=881 imprb=881 mstart=0x40 cfg=91 cfgfail=0x0 vhv=0 vpolls=0
2026-09-03T20:20:55.810918 [PRT] calls=1085011 xerr=0 ler=1 lidx=0x0 perr=0 maxcnt=17 addr8=0x52
2026-09-03T20:20:55.814938 [RTY] wr=0 wmax=0 wref=0  rd=0 rmax=0 rref=0
2026-09-03T20:20:55.823047 [RNG] frames=271063 last=37 min=23 max=61 nrdy=325 dxfer=0 dstat=0 lst=0 nrdyerr=0 dclr=0
2026-09-03T20:20:55.829174 [DRV] init=0 id=7 mode=0x1 lib=0x2 seq=0x1 odc=0x8b sts=0xe0 armed=1
2026-09-03T20:20:55.834927 [TRG] pulses=2545 suppressed=32223 cyc=1600 rst=1 rstmode=0x40
2026-09-03T20:20:55.838423 [HLT] polls=5427 faults=0x0 cfglost=0
2026-09-03T20:20:55.844189 [EFF] n=5 last=58588 min=58472 max=58588 late=0 stuck=0 rderr=0
2026-09-03T20:20:55.848182 [DWT] ok=1 cyc=2075829543 cyc_per_ms=799999
2026-09-03T20:20:56.862209 [HB] up_ms=5726833 frames=271437 inf=271437 hazard=34768 canary_err=0 q=0 qovr=0
2026-09-03T20:20:56.873460 [I2C] init=0 gate=0 whoami=0x201e0 wr=0 wrseen=0x27 addr=0x5a ok=1098597 err=0 tmo=0 recov=0 pclk1=200000000 sysclk=400000000
2026-09-03T20:20:56.874827 [NAK] nacks=0
2026-09-03T20:20:56.879461 [CLK] cpu=800000000 sysb=400000000 pclk1=200000000
2026-09-03T20:20:56.883944 [TOF] res=0 step=0 id=0xeacc blk=0xeacc10 ctl=0x0
2026-09-03T20:20:56.889839 [RNG] init=0 step=99 id=0xeacc boot=1 calls=93 xerr=0 dm=1 tb=15
2026-09-03T20:20:56.896730 [RNG] osc=41 imp=881 imprb=881 mstart=0x40 cfg=91 cfgfail=0x0 vhv=0 vpolls=0
2026-09-03T20:20:56.902947 [PRT] calls=1085219 xerr=0 ler=1 lidx=0x0 perr=0 maxcnt=17 addr8=0x52
2026-09-03T20:20:56.907083 [RTY] wr=0 wmax=0 wref=0  rd=0 rmax=0 rref=0
2026-09-03T20:20:56.915210 [RNG] frames=271114 last=38 min=23 max=61 nrdy=325 dxfer=0 dstat=0 lst=0 nrdyerr=0 dclr=0
2026-09-03T20:20:56.921478 [DRV] init=0 id=7 mode=0x1 lib=0x2 seq=0x1 odc=0x8b sts=0xe0 armed=1
2026-09-03T20:20:56.927114 [TRG] pulses=2545 suppressed=32223 cyc=1600 rst=1 rstmode=0x40
2026-09-03T20:20:56.930465 [HLT] polls=5428 faults=0x0 cfglost=0
2026-09-03T20:20:56.936326 [EFF] n=5 last=58588 min=58472 max=58588 late=0 stuck=0 rderr=0
2026-09-03T20:20:56.940339 [DWT] ok=1 cyc=2943830315 cyc_per_ms=800000
2026-09-03T20:20:57.954361 [HB] up_ms=5727918 frames=271488 inf=271488 hazard=34776 canary_err=0 q=0 qovr=0
2026-09-03T20:20:57.965738 [I2C] init=0 gate=0 whoami=0x201e0 wr=0 wrseen=0x27 addr=0x5a ok=1098807 err=0 tmo=0 recov=0 pclk1=200000000 sysclk=400000000
2026-09-03T20:20:57.967265 [NAK] nacks=0
2026-09-03T20:20:57.971363 [CLK] cpu=800000000 sysb=400000000 pclk1=200000000
2026-09-03T20:20:57.975984 [TOF] res=0 step=0 id=0xeacc blk=0xeacc10 ctl=0x0
2026-09-03T20:20:57.981919 [RNG] init=0 step=99 id=0xeacc boot=1 calls=93 xerr=0 dm=1 tb=15
2026-09-03T20:20:57.988742 [RNG] osc=41 imp=881 imprb=881 mstart=0x40 cfg=91 cfgfail=0x0 vhv=0 vpolls=0
2026-09-03T20:20:57.995114 [PRT] calls=1085423 xerr=0 ler=1 lidx=0x0 perr=0 maxcnt=17 addr8=0x52
2026-09-03T20:20:57.999462 [RTY] wr=0 wmax=0 wref=0  rd=0 rmax=0 rref=0
2026-09-03T20:20:58.007243 [RNG] frames=271166 last=39 min=23 max=61 nrdy=325 dxfer=0 dstat=0 lst=0 nrdyerr=0 dclr=0
2026-09-03T20:20:58.013504 [DRV] init=0 id=7 mode=0x1 lib=0x2 seq=0x1 odc=0x8b sts=0xe0 armed=1
2026-09-03T20:20:58.019248 [TRG] pulses=2546 suppressed=32233 cyc=1600 rst=1 rstmode=0x40
2026-09-03T20:20:58.022630 [HLT] polls=5429 faults=0x0 cfglost=0
2026-09-03T20:20:58.028384 [EFF] n=5 last=58588 min=58472 max=58588 late=0 stuck=0 rderr=0
2026-09-03T20:20:58.032390 [DWT] ok=1 cyc=3811833891 cyc_per_ms=800003
2026-09-03T20:20:59.046665 [HB] up_ms=5729003 frames=271540 inf=271540 hazard=34809 canary_err=0 q=0 qovr=0
2026-09-03T20:20:59.058027 [I2C] init=0 gate=0 whoami=0x201e0 wr=0 wrseen=0x27 addr=0x5a ok=1099013 err=0 tmo=0 recov=0 pclk1=200000000 sysclk=400000000
2026-09-03T20:20:59.059377 [NAK] nacks=0
2026-09-03T20:20:59.063907 [CLK] cpu=800000000 sysb=400000000 pclk1=200000000
2026-09-03T20:20:59.068520 [TOF] res=0 step=0 id=0xeacc blk=0xeacc10 ctl=0x0
2026-09-03T20:20:59.074268 [RNG] init=0 step=99 id=0xeacc boot=1 calls=93 xerr=0 dm=1 tb=15
2026-09-03T20:20:59.081309 [RNG] osc=41 imp=881 imprb=881 mstart=0x40 cfg=91 cfgfail=0x0 vhv=0 vpolls=0
2026-09-03T20:20:59.087515 [PRT] calls=1085631 xerr=0 ler=1 lidx=0x0 perr=0 maxcnt=17 addr8=0x52
2026-09-03T20:20:59.091655 [RTY] wr=0 wmax=0 wref=0  rd=0 rmax=0 rref=0
2026-09-03T20:20:59.099805 [RNG] frames=271217 last=46 min=23 max=61 nrdy=325 dxfer=0 dstat=0 lst=0 nrdyerr=0 dclr=0
2026-09-03T20:20:59.106027 [DRV] init=0 id=7 mode=0x1 lib=0x2 seq=0x1 odc=0x8b sts=0xe0 armed=1
2026-09-03T20:20:59.111897 [TRG] pulses=2548 suppressed=32261 cyc=1600 rst=1 rstmode=0x40
2026-09-03T20:20:59.115018 [HLT] polls=5430 faults=0x0 cfglost=0
2026-09-03T20:20:59.120793 [EFF] n=5 last=58588 min=58472 max=58588 late=0 stuck=0 rderr=0
2026-09-03T20:20:59.124768 [DWT] ok=1 cyc=384760975 cyc_per_ms=799902
2026-09-03T20:21:00.140378 [HB] up_ms=5730088 frames=271591 inf=271591 hazard=34809 canary_err=0 q=0 qovr=0
2026-09-03T20:21:00.150161 [I2C] init=0 gate=0 whoami=0x201e0 wr=0 wrseen=0x27 addr=0x5a ok=1099222 err=0 tmo=0 recov=0 pclk1=200000000 sysclk=400000000
2026-09-03T20:21:00.151528 [NAK] nacks=0
2026-09-03T20:21:00.156030 [CLK] cpu=800000000 sysb=400000000 pclk1=200000000
2026-09-03T20:21:00.160756 [TOF] res=0 step=0 id=0xeacc blk=0xeacc10 ctl=0x0
2026-09-03T20:21:00.166530 [RNG] init=0 step=99 id=0xeacc boot=1 calls=93 xerr=0 dm=1 tb=15
2026-09-03T20:21:00.173421 [RNG] osc=41 imp=881 imprb=881 mstart=0x40 cfg=91 cfgfail=0x0 vhv=0 vpolls=0
2026-09-03T20:21:00.179666 [PRT] calls=1085835 xerr=0 ler=1 lidx=0x0 perr=0 maxcnt=17 addr8=0x52
2026-09-03T20:21:00.183941 [RTY] wr=0 wmax=0 wref=0  rd=0 rmax=0 rref=0
2026-09-03T20:21:00.191920 [RNG] frames=271269 last=48 min=23 max=61 nrdy=325 dxfer=0 dstat=0 lst=0 nrdyerr=0 dclr=0
2026-09-03T20:21:00.198054 [DRV] init=0 id=7 mode=0x1 lib=0x2 seq=0x1 odc=0x8b sts=0xe0 armed=1
2026-09-03T20:21:00.203799 [TRG] pulses=2548 suppressed=32261 cyc=1600 rst=1 rstmode=0x40
2026-09-03T20:21:00.207300 [HLT] polls=5431 faults=0x0 cfglost=0
2026-09-03T20:21:00.213053 [EFF] n=5 last=58588 min=58472 max=58588 late=0 stuck=0 rderr=0
2026-09-03T20:21:00.217104 [DWT] ok=1 cyc=1252862927 cyc_per_ms=800093
2026-09-03T20:21:01.230970 [HB] up_ms=5731173 frames=271643 inf=271643 hazard=34809 canary_err=0 q=0 qovr=0
2026-09-03T20:21:01.242213 [I2C] init=0 gate=0 whoami=0x201e0 wr=0 wrseen=0x27 addr=0x5a ok=1099429 err=0 tmo=0 recov=0 pclk1=200000000 sysclk=400000000
2026-09-03T20:21:01.243712 [NAK] nacks=0
2026-09-03T20:21:01.248231 [CLK] cpu=800000000 sysb=400000000 pclk1=200000000
2026-09-03T20:21:01.252718 [TOF] res=0 step=0 id=0xeacc blk=0xeacc10 ctl=0x0
2026-09-03T20:21:01.258611 [RNG] init=0 step=99 id=0xeacc boot=1 calls=93 xerr=0 dm=1 tb=15
2026-09-03T20:21:01.265658 [RNG] osc=41 imp=881 imprb=881 mstart=0x40 cfg=91 cfgfail=0x0 vhv=0 vpolls=0
2026-09-03T20:21:01.271837 [PRT] calls=1086043 xerr=0 ler=1 lidx=0x0 perr=0 maxcnt=17 addr8=0x52
2026-09-03T20:21:01.275956 [RTY] wr=0 wmax=0 wref=0  rd=0 rmax=0 rref=0
2026-09-03T20:21:01.283984 [RNG] frames=271320 last=43 min=23 max=61 nrdy=325 dxfer=0 dstat=0 lst=0 nrdyerr=0 dclr=0
2026-09-03T20:21:01.290316 [DRV] init=0 id=7 mode=0x1 lib=0x2 seq=0x1 odc=0x8b sts=0xe0 armed=1
2026-09-03T20:21:01.295995 [TRG] pulses=2548 suppressed=32261 cyc=1600 rst=1 rstmode=0x40
2026-09-03T20:21:01.299373 [HLT] polls=5432 faults=0x0 cfglost=0
2026-09-03T20:21:01.305084 [EFF] n=5 last=58588 min=58472 max=58588 late=0 stuck=0 rderr=0
2026-09-03T20:21:01.309211 [DWT] ok=1 cyc=2120761039 cyc_per_ms=799906
2026-09-03T20:21:02.322995 [HB] up_ms=5732258 frames=271694 inf=271694 hazard=34809 canary_err=0 q=0 qovr=0
2026-09-03T20:21:02.334531 [I2C] init=0 gate=0 whoami=0x201e0 wr=0 wrseen=0x27 addr=0x5a ok=1099635 err=0 tmo=0 recov=0 pclk1=200000000 sysclk=400000000
2026-09-03T20:21:02.335749 [NAK] nacks=0
2026-09-03T20:21:02.340257 [CLK] cpu=800000000 sysb=400000000 pclk1=200000000
2026-09-03T20:21:02.344734 [TOF] res=0 step=0 id=0xeacc blk=0xeacc10 ctl=0x0
2026-09-03T20:21:02.350771 [RNG] init=0 step=99 id=0xeacc boot=1 calls=93 xerr=0 dm=1 tb=15
2026-09-03T20:21:02.357627 [RNG] osc=41 imp=881 imprb=881 mstart=0x40 cfg=91 cfgfail=0x0 vhv=0 vpolls=0
2026-09-03T20:21:02.363874 [PRT] calls=1086247 xerr=0 ler=1 lidx=0x0 perr=0 maxcnt=17 addr8=0x52
2026-09-03T20:21:02.368073 [RTY] wr=0 wmax=0 wref=0  rd=0 rmax=0 rref=0
2026-09-03T20:21:02.376120 [RNG] frames=271371 last=47 min=23 max=61 nrdy=325 dxfer=0 dstat=0 lst=0 nrdyerr=0 dclr=0
2026-09-03T20:21:02.382315 [DRV] init=0 id=7 mode=0x1 lib=0x2 seq=0x1 odc=0x8b sts=0xe0 armed=1
2026-09-03T20:21:02.388000 [TRG] pulses=2548 suppressed=32261 cyc=1600 rst=1 rstmode=0x40
2026-09-03T20:21:02.391366 [HLT] polls=5433 faults=0x0 cfglost=0
2026-09-03T20:21:02.397253 [EFF] n=5 last=58588 min=58472 max=58588 late=0 stuck=0 rderr=0
2026-09-03T20:21:02.401260 [DWT] ok=1 cyc=2988863019 cyc_per_ms=800093
2026-09-03T20:21:03.415671 [HB] up_ms=5733343 frames=271746 inf=271746 hazard=34809 canary_err=0 q=0 qovr=0
2026-09-03T20:21:03.426995 [I2C] init=0 gate=0 whoami=0x201e0 wr=0 wrseen=0x27 addr=0x5a ok=1099845 err=0 tmo=0 recov=0 pclk1=200000000 sysclk=400000000
2026-09-03T20:21:03.428144 [NAK] nacks=0
2026-09-03T20:21:03.432998 [CLK] cpu=800000000 sysb=400000000 pclk1=200000000
2026-09-03T20:21:03.437411 [TOF] res=0 step=0 id=0xeacc blk=0xeacc10 ctl=0x0
2026-09-03T20:21:03.443276 [RNG] init=0 step=99 id=0xeacc boot=1 calls=93 xerr=0 dm=1 tb=15
2026-09-03T20:21:03.450201 [RNG] osc=41 imp=881 imprb=881 mstart=0x40 cfg=91 cfgfail=0x0 vhv=0 vpolls=0
2026-09-03T20:21:03.456644 [PRT] calls=1086451 xerr=0 ler=1 lidx=0x0 perr=0 maxcnt=17 addr8=0x52
2026-09-03T20:21:03.460662 [RTY] wr=0 wmax=0 wref=0  rd=0 rmax=0 rref=0
2026-09-03T20:21:03.468657 [RNG] frames=271423 last=46 min=23 max=61 nrdy=325 dxfer=0 dstat=0 lst=0 nrdyerr=0 dclr=0
2026-09-03T20:21:03.474883 [DRV] init=0 id=7 mode=0x1 lib=0x2 seq=0x1 odc=0x8b sts=0xe0 armed=1
2026-09-03T20:21:03.480721 [TRG] pulses=2548 suppressed=32261 cyc=1600 rst=1 rstmode=0x40
2026-09-03T20:21:03.484021 [HLT] polls=5434 faults=0x0 cfglost=0
2026-09-03T20:21:03.489779 [EFF] n=5 last=58588 min=58472 max=58588 late=0 stuck=0 rderr=0
2026-09-03T20:21:03.493777 [DWT] ok=1 cyc=3856862291 cyc_per_ms=799999
2026-09-03T20:21:04.507824 [HB] up_ms=5734428 frames=271797 inf=271797 hazard=34809 canary_err=0 q=0 qovr=0
2026-09-03T20:21:04.519194 [I2C] init=0 gate=0 whoami=0x201e0 wr=0 wrseen=0x27 addr=0x5a ok=1100051 err=0 tmo=0 recov=0 pclk1=200000000 sysclk=400000000
2026-09-03T20:21:04.520543 [NAK] nacks=0
2026-09-03T20:21:04.525057 [CLK] cpu=800000000 sysb=400000000 pclk1=200000000
2026-09-03T20:21:04.529720 [TOF] res=0 step=0 id=0xeacc blk=0xeacc10 ctl=0x0
2026-09-03T20:21:04.535445 [RNG] init=0 step=99 id=0xeacc boot=1 calls=93 xerr=0 dm=1 tb=15
2026-09-03T20:21:04.542425 [RNG] osc=41 imp=881 imprb=881 mstart=0x40 cfg=91 cfgfail=0x0 vhv=0 vpolls=0
2026-09-03T20:21:04.548691 [PRT] calls=1086659 xerr=0 ler=1 lidx=0x0 perr=0 maxcnt=17 addr8=0x52
2026-09-03T20:21:04.552819 [RTY] wr=0 wmax=0 wref=0  rd=0 rmax=0 rref=0
2026-09-03T20:21:04.560927 [RNG] frames=271474 last=48 min=23 max=61 nrdy=325 dxfer=0 dstat=0 lst=0 nrdyerr=0 dclr=0
2026-09-03T20:21:04.567212 [DRV] init=0 id=7 mode=0x1 lib=0x2 seq=0x1 odc=0x8b sts=0xe0 armed=1
2026-09-03T20:21:04.572818 [TRG] pulses=2548 suppressed=32261 cyc=1600 rst=1 rstmode=0x40
2026-09-03T20:21:04.576170 [HLT] polls=5436 faults=0x0 cfglost=0
2026-09-03T20:21:04.582133 [EFF] n=5 last=58588 min=58472 max=58588 late=0 stuck=0 rderr=0
2026-09-03T20:21:04.585963 [DWT] ok=1 cyc=429931807 cyc_per_ms=800033
2026-09-03T20:21:05.599855 [HB] up_ms=5735513 frames=271848 inf=271848 hazard=34850 canary_err=0 q=0 qovr=0
2026-09-03T20:21:05.610966 [I2C] init=0 gate=0 whoami=0x201e0 wr=0 wrseen=0x27 addr=0x5a ok=1100261 err=0 tmo=0 recov=0 pclk1=200000000 sysclk=400000000
2026-09-03T20:21:05.612344 [NAK] nacks=0
2026-09-03T20:21:05.616967 [CLK] cpu=800000000 sysb=400000000 pclk1=200000000
2026-09-03T20:21:05.621621 [TOF] res=0 step=0 id=0xeacc blk=0xeacc10 ctl=0x0
2026-09-03T20:21:05.627450 [RNG] init=0 step=99 id=0xeacc boot=1 calls=93 xerr=0 dm=1 tb=15
2026-09-03T20:21:05.634347 [RNG] osc=41 imp=881 imprb=881 mstart=0x40 cfg=91 cfgfail=0x0 vhv=0 vpolls=0
2026-09-03T20:21:05.640646 [PRT] calls=1086863 xerr=0 ler=1 lidx=0x0 perr=0 maxcnt=17 addr8=0x52
2026-09-03T20:21:05.644714 [RTY] wr=0 wmax=0 wref=0  rd=0 rmax=0 rref=0
2026-09-03T20:21:05.652711 [RNG] frames=271526 last=47 min=23 max=61 nrdy=325 dxfer=0 dstat=0 lst=0 nrdyerr=0 dclr=0
2026-09-03T20:21:05.658950 [DRV] init=0 id=7 mode=0x1 lib=0x2 seq=0x1 odc=0x8b sts=0xe0 armed=1
2026-09-03T20:21:05.664708 [TRG] pulses=2551 suppressed=32299 cyc=1600 rst=1 rstmode=0x40
2026-09-03T20:21:05.668199 [HLT] polls=5437 faults=0x0 cfglost=0
2026-09-03T20:21:05.673824 [EFF] n=5 last=58588 min=58472 max=58588 late=0 stuck=0 rderr=0
2026-09-03T20:21:05.677830 [DWT] ok=1 cyc=1297928259 cyc_per_ms=799996
2026-09-03T20:21:06.691998 [HB] up_ms=5736598 frames=271900 inf=271900 hazard=34850 canary_err=0 q=0 qovr=0
2026-09-03T20:21:06.703253 [I2C] init=0 gate=0 whoami=0x201e0 wr=0 wrseen=0x27 addr=0x5a ok=1100469 err=0 tmo=0 recov=0 pclk1=200000000 sysclk=400000000
2026-09-03T20:21:06.704643 [NAK] nacks=0
2026-09-03T20:21:06.709239 [CLK] cpu=800000000 sysb=400000000 pclk1=200000000
2026-09-03T20:21:06.713740 [TOF] res=0 step=0 id=0xeacc blk=0xeacc10 ctl=0x0
2026-09-03T20:21:06.719500 [RNG] init=0 step=99 id=0xeacc boot=1 calls=93 xerr=0 dm=1 tb=15
2026-09-03T20:21:06.726491 [RNG] osc=41 imp=881 imprb=881 mstart=0x40 cfg=91 cfgfail=0x0 vhv=0 vpolls=0
2026-09-03T20:21:06.732889 [PRT] calls=1087071 xerr=0 ler=1 lidx=0x0 perr=0 maxcnt=17 addr8=0x52
2026-09-03T20:21:06.736870 [RTY] wr=0 wmax=0 wref=0  rd=0 rmax=0 rref=0
2026-09-03T20:21:06.745039 [RNG] frames=271577 last=40 min=23 max=61 nrdy=325 dxfer=0 dstat=0 lst=0 nrdyerr=0 dclr=0
2026-09-03T20:21:06.751247 [DRV] init=0 id=7 mode=0x1 lib=0x2 seq=0x1 odc=0x8b sts=0xe0 armed=1
2026-09-03T20:21:06.756867 [TRG] pulses=2551 suppressed=32299 cyc=1600 rst=1 rstmode=0x40
2026-09-03T20:21:06.760356 [HLT] polls=5438 faults=0x0 cfglost=0
2026-09-03T20:21:06.766117 [EFF] n=5 last=58588 min=58472 max=58588 late=0 stuck=0 rderr=0
2026-09-03T20:21:06.770120 [DWT] ok=1 cyc=2165793651 cyc_per_ms=799875
2026-09-03T20:21:07.784404 [HB] up_ms=5737683 frames=271951 inf=271951 hazard=34850 canary_err=0 q=0 qovr=0
2026-09-03T20:21:07.795679 [I2C] init=0 gate=0 whoami=0x201e0 wr=0 wrseen=0x27 addr=0x5a ok=1100678 err=0 tmo=0 recov=0 pclk1=200000000 sysclk=400000000
2026-09-03T20:21:07.797088 [NAK] nacks=0
2026-09-03T20:21:07.801673 [CLK] cpu=800000000 sysb=400000000 pclk1=200000000
2026-09-03T20:21:07.806141 [TOF] res=0 step=0 id=0xeacc blk=0xeacc10 ctl=0x0
2026-09-03T20:21:07.812015 [RNG] init=0 step=99 id=0xeacc boot=1 calls=93 xerr=0 dm=1 tb=15
2026-09-03T20:21:07.818913 [RNG] osc=41 imp=881 imprb=881 mstart=0x40 cfg=91 cfgfail=0x0 vhv=0 vpolls=0
2026-09-03T20:21:07.825268 [PRT] calls=1087275 xerr=0 ler=1 lidx=0x0 perr=0 maxcnt=17 addr8=0x52
2026-09-03T20:21:07.829428 [RTY] wr=0 wmax=0 wref=0  rd=0 rmax=0 rref=0
2026-09-03T20:21:07.837406 [RNG] frames=271629 last=39 min=23 max=61 nrdy=325 dxfer=0 dstat=0 lst=0 nrdyerr=0 dclr=0
2026-09-03T20:21:07.843666 [DRV] init=0 id=7 mode=0x1 lib=0x2 seq=0x1 odc=0x8b sts=0xe0 armed=1
2026-09-03T20:21:07.849310 [TRG] pulses=2551 suppressed=32299 cyc=1600 rst=1 rstmode=0x40
2026-09-03T20:21:07.852905 [HLT] polls=5439 faults=0x0 cfglost=0
2026-09-03T20:21:07.858684 [EFF] n=5 last=58588 min=58472 max=58588 late=0 stuck=0 rderr=0
2026-09-03T20:21:07.862544 [DWT] ok=1 cyc=3033895559 cyc_per_ms=800093
2026-09-03T20:21:08.875811 [HB] up_ms=5738768 frames=272003 inf=272003 hazard=34850 canary_err=0 q=0 qovr=0
2026-09-03T20:21:08.887056 [I2C] init=0 gate=0 whoami=0x201e0 wr=0 wrseen=0x27 addr=0x5a ok=1100885 err=0 tmo=0 recov=0 pclk1=200000000 sysclk=400000000
2026-09-03T20:21:08.888435 [NAK] nacks=0
2026-09-03T20:21:08.893059 [CLK] cpu=800000000 sysb=400000000 pclk1=200000000
2026-09-03T20:21:08.897590 [TOF] res=0 step=0 id=0xeacc blk=0xeacc10 ctl=0x0
2026-09-03T20:21:08.903294 [RNG] init=0 step=99 id=0xeacc boot=1 calls=93 xerr=0 dm=1 tb=15
2026-09-03T20:21:08.910290 [RNG] osc=41 imp=881 imprb=881 mstart=0x40 cfg=91 cfgfail=0x0 vhv=0 vpolls=0
2026-09-03T20:21:08.916721 [PRT] calls=1087483 xerr=0 ler=1 lidx=0x0 perr=0 maxcnt=17 addr8=0x52
2026-09-03T20:21:08.920712 [RTY] wr=0 wmax=0 wref=0  rd=0 rmax=0 rref=0
2026-09-03T20:21:08.928695 [RNG] frames=271680 last=43 min=23 max=61 nrdy=325 dxfer=0 dstat=0 lst=0 nrdyerr=0 dclr=0
2026-09-03T20:21:08.935060 [DRV] init=0 id=7 mode=0x1 lib=0x2 seq=0x1 odc=0x8b sts=0xe0 armed=1
2026-09-03T20:21:08.940677 [TRG] pulses=2551 suppressed=32299 cyc=1600 rst=1 rstmode=0x40
2026-09-03T20:21:08.944058 [HLT] polls=5440 faults=0x0 cfglost=0
2026-09-03T20:21:08.949813 [EFF] n=5 last=58588 min=58472 max=58588 late=0 stuck=0 rderr=0
2026-09-03T20:21:08.953933 [DWT] ok=1 cyc=3901793775 cyc_per_ms=799906
2026-09-03T20:21:09.966733 [HB] up_ms=5739853 frames=272054 inf=272054 hazard=34850 canary_err=0 q=0 qovr=0
2026-09-03T20:21:09.977957 [I2C] init=0 gate=0 whoami=0x201e0 wr=0 wrseen=0x27 addr=0x5a ok=1101091 err=0 tmo=0 recov=0 pclk1=200000000 sysclk=400000000
2026-09-03T20:21:09.979335 [NAK] nacks=0
2026-09-03T20:21:09.983832 [CLK] cpu=800000000 sysb=400000000 pclk1=200000000
2026-09-03T20:21:09.988315 [TOF] res=0 step=0 id=0xeacc blk=0xeacc10 ctl=0x0
2026-09-03T20:21:09.994354 [RNG] init=0 step=99 id=0xeacc boot=1 calls=93 xerr=0 dm=1 tb=15
2026-09-03T20:21:10.001609 [RNG] osc=41 imp=881 imprb=881 mstart=0x40 cfg=91 cfgfail=0x0 vhv=0 vpolls=0
2026-09-03T20:21:10.007459 [PRT] calls=1087687 xerr=0 ler=1 lidx=0x0 perr=0 maxcnt=17 addr8=0x52
2026-09-03T20:21:10.011456 [RTY] wr=0 wmax=0 wref=0  rd=0 rmax=0 rref=0
2026-09-03T20:21:10.019769 [RNG] frames=271731 last=43 min=23 max=61 nrdy=325 dxfer=0 dstat=0 lst=0 nrdyerr=0 dclr=0
2026-09-03T20:21:10.025851 [DRV] init=0 id=7 mode=0x1 lib=0x2 seq=0x1 odc=0x8b sts=0xe0 armed=1
2026-09-03T20:21:10.031459 [TRG] pulses=2551 suppressed=32299 cyc=1600 rst=1 rstmode=0x40
2026-09-03T20:21:10.034960 [HLT] polls=5441 faults=0x0 cfglost=0
2026-09-03T20:21:10.040826 [EFF] n=5 last=58588 min=58472 max=58588 late=0 stuck=0 rderr=0
2026-09-03T20:21:10.044726 [DWT] ok=1 cyc=474928423 cyc_per_ms=800093
2026-09-03T20:21:11.057870 [HB] up_ms=5740938 frames=272106 inf=272106 hazard=34850 canary_err=0 q=0 qovr=0
2026-09-03T20:21:11.069136 [I2C] init=0 gate=0 whoami=0x201e0 wr=0 wrseen=0x27 addr=0x5a ok=1101301 err=0 tmo=0 recov=0 pclk1=200000000 sysclk=400000000
2026-09-03T20:21:11.070359 [NAK] nacks=0
2026-09-03T20:21:11.075111 [CLK] cpu=800000000 sysb=400000000 pclk1=200000000
2026-09-03T20:21:11.079641 [TOF] res=0 step=0 id=0xeacc blk=0xeacc10 ctl=0x0
2026-09-03T20:21:11.085492 [RNG] init=0 step=99 id=0xeacc boot=1 calls=93 xerr=0 dm=1 tb=15
2026-09-03T20:21:11.092358 [RNG] osc=41 imp=881 imprb=881 mstart=0x40 cfg=91 cfgfail=0x0 vhv=0 vpolls=0
2026-09-03T20:21:11.098748 [PRT] calls=1087891 xerr=0 ler=1 lidx=0x0 perr=0 maxcnt=17 addr8=0x52
2026-09-03T20:21:11.102728 [RTY] wr=0 wmax=0 wref=0  rd=0 rmax=0 rref=0
2026-09-03T20:21:11.110736 [RNG] frames=271783 last=43 min=23 max=61 nrdy=325 dxfer=0 dstat=0 lst=0 nrdyerr=0 dclr=0
2026-09-03T20:21:11.116991 [DRV] init=0 id=7 mode=0x1 lib=0x2 seq=0x1 odc=0x8b sts=0xe0 armed=1
2026-09-03T20:21:11.122729 [TRG] pulses=2551 suppressed=32299 cyc=1600 rst=1 rstmode=0x40
2026-09-03T20:21:11.126109 [HLT] polls=5442 faults=0x0 cfglost=0
2026-09-03T20:21:11.131861 [EFF] n=5 last=58588 min=58472 max=58588 late=0 stuck=0 rderr=0
2026-09-03T20:21:11.135861 [DWT] ok=1 cyc=1342927719 cyc_per_ms=799999
2026-09-03T20:21:12.149028 [HB] up_ms=5742023 frames=272157 inf=272157 hazard=34887 canary_err=0 q=0 qovr=0
2026-09-03T20:21:12.160279 [I2C] init=0 gate=0 whoami=0x201e0 wr=0 wrseen=0x27 addr=0x5a ok=1101507 err=0 tmo=0 recov=0 pclk1=200000000 sysclk=400000000
2026-09-03T20:21:12.161652 [NAK] nacks=0
2026-09-03T20:21:12.166294 [CLK] cpu=800000000 sysb=400000000 pclk1=200000000
2026-09-03T20:21:12.170780 [TOF] res=0 step=0 id=0xeacc blk=0xeacc10 ctl=0x0
2026-09-03T20:21:12.176647 [RNG] init=0 step=99 id=0xeacc boot=1 calls=93 xerr=0 dm=1 tb=15
2026-09-03T20:21:12.183696 [RNG] osc=41 imp=881 imprb=881 mstart=0x40 cfg=91 cfgfail=0x0 vhv=0 vpolls=0
2026-09-03T20:21:12.189901 [PRT] calls=1088099 xerr=0 ler=1 lidx=0x0 perr=0 maxcnt=17 addr8=0x52
2026-09-03T20:21:12.193894 [RTY] wr=0 wmax=0 wref=0  rd=0 rmax=0 rref=0
2026-09-03T20:21:12.202156 [RNG] frames=271834 last=36 min=23 max=61 nrdy=325 dxfer=0 dstat=0 lst=0 nrdyerr=0 dclr=0
2026-09-03T20:21:12.208263 [DRV] init=0 id=7 mode=0x1 lib=0x2 seq=0x1 odc=0x8b sts=0xe0 armed=1
2026-09-03T20:21:12.213903 [TRG] pulses=2554 suppressed=32336 cyc=1600 rst=1 rstmode=0x40
2026-09-03T20:21:12.217387 [HLT] polls=5443 faults=0x0 cfglost=0
2026-09-03T20:21:12.223274 [EFF] n=5 last=58588 min=58472 max=58588 late=0 stuck=0 rderr=0
2026-09-03T20:21:12.227270 [DWT] ok=1 cyc=2210932159 cyc_per_ms=800004
2026-09-03T20:21:13.241045 [HB] up_ms=5743108 frames=272208 inf=272208 hazard=34891 canary_err=0 q=0 qovr=0
2026-09-03T20:21:13.252303 [I2C] init=0 gate=0 whoami=0x201e0 wr=0 wrseen=0x27 addr=0x5a ok=1101717 err=0 tmo=0 recov=0 pclk1=200000000 sysclk=400000000
2026-09-03T20:21:13.253667 [NAK] nacks=0
2026-09-03T20:21:13.258171 [CLK] cpu=800000000 sysb=400000000 pclk1=200000000
2026-09-03T20:21:13.262819 [TOF] res=0 step=0 id=0xeacc blk=0xeacc10 ctl=0x0
2026-09-03T20:21:13.268674 [RNG] init=0 step=99 id=0xeacc boot=1 calls=93 xerr=0 dm=1 tb=15
2026-09-03T20:21:13.275546 [RNG] osc=41 imp=881 imprb=881 mstart=0x40 cfg=91 cfgfail=0x0 vhv=0 vpolls=0
2026-09-03T20:21:13.281929 [PRT] calls=1088303 xerr=0 ler=1 lidx=0x0 perr=0 maxcnt=17 addr8=0x52
2026-09-03T20:21:13.286043 [RTY] wr=0 wmax=0 wref=0  rd=0 rmax=0 rref=0
2026-09-03T20:21:13.294050 [RNG] frames=271886 last=35 min=23 max=61 nrdy=325 dxfer=0 dstat=0 lst=0 nrdyerr=0 dclr=0
2026-09-03T20:21:13.300182 [DRV] init=0 id=7 mode=0x1 lib=0x2 seq=0x1 odc=0x8b sts=0xe0 armed=1
2026-09-03T20:21:13.305939 [TRG] pulses=2554 suppressed=32337 cyc=1600 rst=1 rstmode=0x40
2026-09-03T20:21:13.309455 [HLT] polls=5444 faults=0x0 cfglost=0
2026-09-03T20:21:13.315184 [EFF] n=5 last=58588 min=58472 max=58588 late=0 stuck=0 rderr=0
2026-09-03T20:21:13.319168 [DWT] ok=1 cyc=3078928267 cyc_per_ms=799996
2026-09-03T20:21:14.332706 [HB] up_ms=5744193 frames=272260 inf=272260 hazard=34891 canary_err=0 q=0 qovr=0
2026-09-03T20:21:14.344080 [I2C] init=0 gate=0 whoami=0x201e0 wr=0 wrseen=0x27 addr=0x5a ok=1101923 err=0 tmo=0 recov=0 pclk1=200000000 sysclk=400000000
2026-09-03T20:21:14.345321 [NAK] nacks=0
2026-09-03T20:21:14.349963 [CLK] cpu=800000000 sysb=400000000 pclk1=200000000
2026-09-03T20:21:14.354442 [TOF] res=0 step=0 id=0xeacc blk=0xeacc10 ctl=0x0
2026-09-03T20:21:14.360323 [RNG] init=0 step=99 id=0xeacc boot=1 calls=93 xerr=0 dm=1 tb=15
2026-09-03T20:21:14.367327 [RNG] osc=41 imp=881 imprb=881 mstart=0x40 cfg=91 cfgfail=0x0 vhv=0 vpolls=0
2026-09-03T20:21:14.373601 [PRT] calls=1088511 xerr=0 ler=1 lidx=0x0 perr=0 maxcnt=17 addr8=0x52
2026-09-03T20:21:14.377589 [RTY] wr=0 wmax=0 wref=0  rd=0 rmax=0 rref=0
2026-09-03T20:21:14.385698 [RNG] frames=271937 last=39 min=23 max=61 nrdy=325 dxfer=0 dstat=0 lst=0 nrdyerr=0 dclr=0
2026-09-03T20:21:14.391947 [DRV] init=0 id=7 mode=0x1 lib=0x2 seq=0x1 odc=0x8b sts=0xe0 armed=1
2026-09-03T20:21:14.397646 [TRG] pulses=2554 suppressed=32337 cyc=1600 rst=1 rstmode=0x40
2026-09-03T20:21:14.401075 [HLT] polls=5445 faults=0x0 cfglost=0
2026-09-03T20:21:14.406823 [EFF] n=5 last=58588 min=58472 max=58588 late=0 stuck=0 rderr=0
2026-09-03T20:21:14.410943 [DWT] ok=1 cyc=3946826371 cyc_per_ms=799906
2026-09-03T20:21:15.424981 [HB] up_ms=5745278 frames=272311 inf=272311 hazard=34891 canary_err=0 q=0 qovr=0
2026-09-03T20:21:15.436232 [I2C] init=0 gate=0 whoami=0x201e0 wr=0 wrseen=0x27 addr=0x5a ok=1102132 err=0 tmo=0 recov=0 pclk1=200000000 sysclk=400000000
2026-09-03T20:21:15.437706 [NAK] nacks=0
2026-09-03T20:21:15.442103 [CLK] cpu=800000000 sysb=400000000 pclk1=200000000
2026-09-03T20:21:15.446786 [TOF] res=0 step=0 id=0xeacc blk=0xeacc10 ctl=0x0
2026-09-03T20:21:15.452623 [RNG] init=0 step=99 id=0xeacc boot=1 calls=93 xerr=0 dm=1 tb=15
2026-09-03T20:21:15.459487 [RNG] osc=41 imp=881 imprb=881 mstart=0x40 cfg=91 cfgfail=0x0 vhv=0 vpolls=0
2026-09-03T20:21:15.465885 [PRT] calls=1088715 xerr=0 ler=1 lidx=0x0 perr=0 maxcnt=17 addr8=0x52
2026-09-03T20:21:15.469995 [RTY] wr=0 wmax=0 wref=0  rd=0 rmax=0 rref=0
2026-09-03T20:21:15.477991 [RNG] frames=271989 last=35 min=23 max=61 nrdy=325 dxfer=0 dstat=0 lst=0 nrdyerr=0 dclr=0
2026-09-03T20:21:15.484236 [DRV] init=0 id=7 mode=0x1 lib=0x2 seq=0x1 odc=0x8b sts=0xe0 armed=1
2026-09-03T20:21:15.489844 [TRG] pulses=2554 suppressed=32337 cyc=1600 rst=1 rstmode=0x40
2026-09-03T20:21:15.493480 [HLT] polls=5446 faults=0x0 cfglost=0
2026-09-03T20:21:15.499220 [EFF] n=5 last=58588 min=58472 max=58588 late=0 stuck=0 rderr=0
2026-09-03T20:21:15.503102 [DWT] ok=1 cyc=519961047 cyc_per_ms=800093
2026-09-03T20:21:16.517264 [HB] up_ms=5746363 frames=272363 inf=272363 hazard=34891 canary_err=0 q=0 qovr=0
2026-09-03T20:21:16.528509 [I2C] init=0 gate=0 whoami=0x201e0 wr=0 wrseen=0x27 addr=0x5a ok=1102339 err=0 tmo=0 recov=0 pclk1=200000000 sysclk=400000000
2026-09-03T20:21:16.529877 [NAK] nacks=0
2026-09-03T20:21:16.534511 [CLK] cpu=800000000 sysb=400000000 pclk1=200000000
2026-09-03T20:21:16.538999 [TOF] res=0 step=0 id=0xeacc blk=0xeacc10 ctl=0x0
2026-09-03T20:21:16.544880 [RNG] init=0 step=99 id=0xeacc boot=1 calls=93 xerr=0 dm=1 tb=15
2026-09-03T20:21:16.551894 [RNG] osc=41 imp=881 imprb=881 mstart=0x40 cfg=91 cfgfail=0x0 vhv=0 vpolls=0
2026-09-03T20:21:16.558134 [PRT] calls=1088923 xerr=0 ler=1 lidx=0x0 perr=0 maxcnt=17 addr8=0x52
2026-09-03T20:21:16.562128 [RTY] wr=0 wmax=0 wref=0  rd=0 rmax=0 rref=0
2026-09-03T20:21:16.570483 [RNG] frames=272040 last=41 min=23 max=61 nrdy=325 dxfer=0 dstat=0 lst=0 nrdyerr=0 dclr=0
2026-09-03T20:21:16.576541 [DRV] init=0 id=7 mode=0x1 lib=0x2 seq=0x1 odc=0x8b sts=0xe0 armed=1
2026-09-03T20:21:16.582195 [TRG] pulses=2554 suppressed=32337 cyc=1600 rst=1 rstmode=0x40
2026-09-03T20:21:16.587658 [HLT] polls=5447 faults=0x0 cfglost=0
2026-09-03T20:21:16.591689 [EFF] n=5 last=58588 min=58472 max=58588 late=0 stuck=0 rderr=0
2026-09-03T20:21:16.595697 [DWT] ok=1 cyc=1387859115 cyc_per_ms=799906
2026-09-03T20:21:17.609409 [HB] up_ms=5747448 frames=272414 inf=272414 hazard=34891 canary_err=0 q=0 qovr=0
2026-09-03T20:21:17.620826 [I2C] init=0 gate=0 whoami=0x201e0 wr=0 wrseen=0x27 addr=0x5a ok=1102545 err=0 tmo=0 recov=0 pclk1=200000000 sysclk=400000000
2026-09-03T20:21:17.622034 [NAK] nacks=0
2026-09-03T20:21:17.626665 [CLK] cpu=800000000 sysb=400000000 pclk1=200000000
2026-09-03T20:21:17.631174 [TOF] res=0 step=0 id=0xeacc blk=0xeacc10 ctl=0x0
2026-09-03T20:21:17.637161 [RNG] init=0 step=99 id=0xeacc boot=1 calls=93 xerr=0 dm=1 tb=15
2026-09-03T20:21:17.644041 [RNG] osc=41 imp=881 imprb=881 mstart=0x40 cfg=91 cfgfail=0x0 vhv=0 vpolls=0
2026-09-03T20:21:17.650305 [PRT] calls=1089127 xerr=0 ler=1 lidx=0x0 perr=0 maxcnt=17 addr8=0x52
2026-09-03T20:21:17.654288 [RTY] wr=0 wmax=0 wref=0  rd=0 rmax=0 rref=0
2026-09-03T20:21:17.662579 [RNG] frames=272091 last=35 min=23 max=61 nrdy=325 dxfer=0 dstat=0 lst=0 nrdyerr=0 dclr=0
2026-09-03T20:21:17.668669 [DRV] init=0 id=7 mode=0x1 lib=0x2 seq=0x1 odc=0x8b sts=0xe0 armed=1
2026-09-03T20:21:17.674281 [TRG] pulses=2554 suppressed=32337 cyc=1600 rst=1 rstmode=0x40
2026-09-03T20:21:17.677782 [HLT] polls=5448 faults=0x0 cfglost=0
2026-09-03T20:21:17.684079 [EFF] n=5 last=58588 min=58472 max=58588 late=0 stuck=0 rderr=0
2026-09-03T20:21:17.687530 [DWT] ok=1 cyc=2255961091 cyc_per_ms=800093
2026-09-03T20:21:18.701874 [HB] up_ms=5748533 frames=272466 inf=272466 hazard=34917 canary_err=0 q=0 qovr=0
2026-09-03T20:21:18.713073 [I2C] init=0 gate=0 whoami=0x201e0 wr=0 wrseen=0x27 addr=0x5a ok=1102755 err=0 tmo=0 recov=0 pclk1=200000000 sysclk=400000000
2026-09-03T20:21:18.714450 [NAK] nacks=0
2026-09-03T20:21:18.719196 [CLK] cpu=800000000 sysb=400000000 pclk1=200000000
2026-09-03T20:21:18.723679 [TOF] res=0 step=0 id=0xeacc blk=0xeacc10 ctl=0x0
2026-09-03T20:21:18.729436 [RNG] init=0 step=99 id=0xeacc boot=1 calls=93 xerr=0 dm=1 tb=15
2026-09-03T20:21:18.736314 [RNG] osc=41 imp=881 imprb=881 mstart=0x40 cfg=91 cfgfail=0x0 vhv=0 vpolls=0
2026-09-03T20:21:18.742812 [PRT] calls=1089331 xerr=0 ler=1 lidx=0x0 perr=0 maxcnt=17 addr8=0x52
2026-09-03T20:21:18.746820 [RTY] wr=0 wmax=0 wref=0  rd=0 rmax=0 rref=0
2026-09-03T20:21:18.754834 [RNG] frames=272143 last=39 min=23 max=61 nrdy=325 dxfer=0 dstat=0 lst=0 nrdyerr=0 dclr=0
2026-09-03T20:21:18.761077 [DRV] init=0 id=7 mode=0x1 lib=0x2 seq=0x1 odc=0x8b sts=0xe0 armed=1
2026-09-03T20:21:18.766817 [TRG] pulses=2557 suppressed=32363 cyc=1600 rst=1 rstmode=0x40
2026-09-03T20:21:18.770323 [HLT] polls=5449 faults=0x0 cfglost=0
2026-09-03T20:21:18.776080 [EFF] n=5 last=58588 min=58472 max=58588 late=0 stuck=0 rderr=0
2026-09-03T20:21:18.779965 [DWT] ok=1 cyc=3123966671 cyc_per_ms=800005
2026-09-03T20:21:19.793976 [HB] up_ms=5749618 frames=272517 inf=272517 hazard=34932 canary_err=0 q=0 qovr=0
2026-09-03T20:21:19.805343 [I2C] init=0 gate=0 whoami=0x201e0 wr=0 wrseen=0x27 addr=0x5a ok=1102961 err=0 tmo=0 recov=0 pclk1=200000000 sysclk=400000000
2026-09-03T20:21:19.806613 [NAK] nacks=0
2026-09-03T20:21:19.811212 [CLK] cpu=800000000 sysb=400000000 pclk1=200000000
2026-09-03T20:21:19.815715 [TOF] res=0 step=0 id=0xeacc blk=0xeacc10 ctl=0x0
2026-09-03T20:21:19.821633 [RNG] init=0 step=99 id=0xeacc boot=1 calls=93 xerr=0 dm=1 tb=15
2026-09-03T20:21:19.828618 [RNG] osc=41 imp=881 imprb=881 mstart=0x40 cfg=91 cfgfail=0x0 vhv=0 vpolls=0
2026-09-03T20:21:19.834839 [PRT] calls=1089539 xerr=0 ler=1 lidx=0x0 perr=0 maxcnt=17 addr8=0x52
2026-09-03T20:21:19.838862 [RTY] wr=0 wmax=0 wref=0  rd=0 rmax=0 rref=0
2026-09-03T20:21:19.847089 [RNG] frames=272194 last=49 min=23 max=61 nrdy=325 dxfer=0 dstat=0 lst=0 nrdyerr=0 dclr=0
2026-09-03T20:21:19.853203 [DRV] init=0 id=7 mode=0x1 lib=0x2 seq=0x1 odc=0x8b sts=0xe0 armed=1
2026-09-03T20:21:19.858835 [TRG] pulses=2557 suppressed=32375 cyc=1600 rst=1 rstmode=0x40
2026-09-03T20:21:19.862342 [HLT] polls=5450 faults=0x0 cfglost=0
2026-09-03T20:21:19.868222 [EFF] n=5 last=58588 min=58472 max=58588 late=0 stuck=0 rderr=0
2026-09-03T20:21:19.872208 [DWT] ok=1 cyc=3991961187 cyc_per_ms=799994
2026-09-03T20:21:20.886650 [HB] up_ms=5750703 frames=272568 inf=272568 hazard=34932 canary_err=0 q=0 qovr=0
2026-09-03T20:21:20.897890 [I2C] init=0 gate=0 whoami=0x201e0 wr=0 wrseen=0x27 addr=0x5a ok=1103171 err=0 tmo=0 recov=0 pclk1=200000000 sysclk=400000000
2026-09-03T20:21:20.899124 [NAK] nacks=0
2026-09-03T20:21:20.903752 [CLK] cpu=800000000 sysb=400000000 pclk1=200000000
2026-09-03T20:21:20.908359 [TOF] res=0 step=0 id=0xeacc blk=0xeacc10 ctl=0x0
2026-09-03T20:21:20.914409 [RNG] init=0 step=99 id=0xeacc boot=1 calls=93 xerr=0 dm=1 tb=15
2026-09-03T20:21:20.921120 [RNG] osc=41 imp=881 imprb=881 mstart=0x40 cfg=91 cfgfail=0x0 vhv=0 vpolls=0
2026-09-03T20:21:20.927494 [PRT] calls=1089743 xerr=0 ler=1 lidx=0x0 perr=0 maxcnt=17 addr8=0x52
2026-09-03T20:21:20.931502 [RTY] wr=0 wmax=0 wref=0  rd=0 rmax=0 rref=0
2026-09-03T20:21:20.939666 [RNG] frames=272246 last=44 min=23 max=61 nrdy=325 dxfer=0 dstat=0 lst=0 nrdyerr=0 dclr=0
2026-09-03T20:21:20.945771 [DRV] init=0 id=7 mode=0x1 lib=0x2 seq=0x1 odc=0x8b sts=0xe0 armed=1
2026-09-03T20:21:20.951507 [TRG] pulses=2557 suppressed=32375 cyc=1600 rst=1 rstmode=0x40
2026-09-03T20:21:20.955005 [HLT] polls=5451 faults=0x0 cfglost=0
2026-09-03T20:21:20.960769 [EFF] n=5 last=58588 min=58472 max=58588 late=0 stuck=0 rderr=0
2026-09-03T20:21:20.964645 [DWT] ok=1 cyc=564993723 cyc_per_ms=799999
2026-09-03T20:21:21.979042 [HB] up_ms=5751788 frames=272620 inf=272620 hazard=34932 canary_err=0 q=0 qovr=0
2026-09-03T20:21:21.990420 [I2C] init=0 gate=0 whoami=0x201e0 wr=0 wrseen=0x27 addr=0x5a ok=1103377 err=0 tmo=0 recov=0 pclk1=200000000 sysclk=400000000
2026-09-03T20:21:21.991658 [NAK] nacks=0
2026-09-03T20:21:21.996275 [CLK] cpu=800000000 sysb=400000000 pclk1=200000000
2026-09-03T20:21:22.000787 [TOF] res=0 step=0 id=0xeacc blk=0xeacc10 ctl=0x0
2026-09-03T20:21:22.006668 [RNG] init=0 step=99 id=0xeacc boot=1 calls=93 xerr=0 dm=1 tb=15
2026-09-03T20:21:22.013718 [RNG] osc=41 imp=881 imprb=881 mstart=0x40 cfg=91 cfgfail=0x0 vhv=0 vpolls=0
2026-09-03T20:21:22.019903 [PRT] calls=1089951 xerr=0 ler=1 lidx=0x0 perr=0 maxcnt=17 addr8=0x52
2026-09-03T20:21:22.024058 [RTY] wr=0 wmax=0 wref=0  rd=0 rmax=0 rref=0
2026-09-03T20:21:22.032179 [RNG] frames=272297 last=37 min=23 max=61 nrdy=325 dxfer=0 dstat=0 lst=0 nrdyerr=0 dclr=0
2026-09-03T20:21:22.038286 [DRV] init=0 id=7 mode=0x1 lib=0x2 seq=0x1 odc=0x8b sts=0xe0 armed=1
2026-09-03T20:21:22.044021 [TRG] pulses=2557 suppressed=32375 cyc=1600 rst=1 rstmode=0x40
2026-09-03T20:21:22.047474 [HLT] polls=5452 faults=0x0 cfglost=0
2026-09-03T20:21:22.053164 [EFF] n=5 last=58588 min=58472 max=58588 late=0 stuck=0 rderr=0
2026-09-03T20:21:22.057266 [DWT] ok=1 cyc=1432891735 cyc_per_ms=799906
2026-09-03T20:21:23.071687 [HB] up_ms=5752873 frames=272671 inf=272671 hazard=34932 canary_err=0 q=0 qovr=0
2026-09-03T20:21:23.082944 [I2C] init=0 gate=0 whoami=0x201e0 wr=0 wrseen=0x27 addr=0x5a ok=1103586 err=0 tmo=0 recov=0 pclk1=200000000 sysclk=400000000
2026-09-03T20:21:23.084182 [NAK] nacks=0
2026-09-03T20:21:23.088794 [CLK] cpu=800000000 sysb=400000000 pclk1=200000000
2026-09-03T20:21:23.093420 [TOF] res=0 step=0 id=0xeacc blk=0xeacc10 ctl=0x0
2026-09-03T20:21:23.099312 [RNG] init=0 step=99 id=0xeacc boot=1 calls=93 xerr=0 dm=1 tb=15
2026-09-03T20:21:23.106171 [RNG] osc=41 imp=881 imprb=881 mstart=0x40 cfg=91 cfgfail=0x0 vhv=0 vpolls=0
2026-09-03T20:21:23.112424 [PRT] calls=1090155 xerr=0 ler=1 lidx=0x0 perr=0 maxcnt=17 addr8=0x52
2026-09-03T20:21:23.116696 [RTY] wr=0 wmax=0 wref=0  rd=0 rmax=0 rref=0
2026-09-03T20:21:23.124671 [RNG] frames=272349 last=38 min=23 max=61 nrdy=325 dxfer=0 dstat=0 lst=0 nrdyerr=0 dclr=0
2026-09-03T20:21:23.130832 [DRV] init=0 id=7 mode=0x1 lib=0x2 seq=0x1 odc=0x8b sts=0xe0 armed=1
2026-09-03T20:21:23.136436 [TRG] pulses=2557 suppressed=32375 cyc=1600 rst=1 rstmode=0x40
2026-09-03T20:21:23.140058 [HLT] polls=5453 faults=0x0 cfglost=0
2026-09-03T20:21:23.145853 [EFF] n=5 last=58588 min=58472 max=58588 late=0 stuck=0 rderr=0
2026-09-03T20:21:23.149815 [DWT] ok=1 cyc=2300993763 cyc_per_ms=800094
2026-09-03T20:21:24.163873 [HB] up_ms=5753958 frames=272723 inf=272723 hazard=34932 canary_err=0 q=0 qovr=0
2026-09-03T20:21:24.175144 [I2C] init=0 gate=0 whoami=0x201e0 wr=0 wrseen=0x27 addr=0x5a ok=1103791 err=0 tmo=0 recov=0 pclk1=200000000 sysclk=400000000
2026-09-03T20:21:24.176503 [NAK] nacks=0
2026-09-03T20:21:24.181157 [CLK] cpu=800000000 sysb=400000000 pclk1=200000000
2026-09-03T20:21:24.185637 [TOF] res=0 step=0 id=0xeacc blk=0xeacc10 ctl=0x0
2026-09-03T20:21:24.191480 [RNG] init=0 step=99 id=0xeacc boot=1 calls=93 xerr=0 dm=1 tb=15
2026-09-03T20:21:24.198503 [RNG] osc=41 imp=881 imprb=881 mstart=0x40 cfg=91 cfgfail=0x0 vhv=0 vpolls=0
2026-09-03T20:21:24.204734 [PRT] calls=1090361 xerr=0 ler=1 lidx=0x0 perr=0 maxcnt=17 addr8=0x52
2026-09-03T20:21:24.208843 [RTY] wr=0 wmax=0 wref=0  rd=0 rmax=0 rref=0
2026-09-03T20:21:24.216854 [RNG] frames=272399 last=45 min=23 max=61 nrdy=326 dxfer=0 dstat=0 lst=0 nrdyerr=0 dclr=0
2026-09-03T20:21:24.223214 [DRV] init=0 id=7 mode=0x1 lib=0x2 seq=0x1 odc=0x8b sts=0xe0 armed=1
2026-09-03T20:21:24.228840 [TRG] pulses=2557 suppressed=32375 cyc=1600 rst=1 rstmode=0x40
2026-09-03T20:21:24.232213 [HLT] polls=5454 faults=0x0 cfglost=0
2026-09-03T20:21:24.237986 [EFF] n=5 last=58588 min=58472 max=58588 late=0 stuck=0 rderr=0
2026-09-03T20:21:24.242081 [DWT] ok=1 cyc=3168891803 cyc_per_ms=799906
2026-09-03T20:21:25.256622 [HB] up_ms=5755043 frames=272774 inf=272774 hazard=34946 canary_err=0 q=0 qovr=0
2026-09-03T20:21:25.267959 [I2C] init=0 gate=0 whoami=0x201e0 wr=0 wrseen=0x27 addr=0x5a ok=1103997 err=0 tmo=0 recov=0 pclk1=200000000 sysclk=400000000
2026-09-03T20:21:25.269195 [NAK] nacks=0
2026-09-03T20:21:25.273826 [CLK] cpu=800000000 sysb=400000000 pclk1=200000000
2026-09-03T20:21:25.278315 [TOF] res=0 step=0 id=0xeacc blk=0xeacc10 ctl=0x0
2026-09-03T20:21:25.284328 [RNG] init=0 step=99 id=0xeacc boot=1 calls=93 xerr=0 dm=1 tb=15
2026-09-03T20:21:25.291342 [RNG] osc=41 imp=881 imprb=881 mstart=0x40 cfg=91 cfgfail=0x0 vhv=0 vpolls=0
2026-09-03T20:21:25.297460 [PRT] calls=1090565 xerr=0 ler=1 lidx=0x0 perr=0 maxcnt=17 addr8=0x52
2026-09-03T20:21:25.301597 [RTY] wr=0 wmax=0 wref=0  rd=0 rmax=0 rref=0
2026-09-03T20:21:25.309690 [RNG] frames=272450 last=37 min=23 max=61 nrdy=326 dxfer=0 dstat=0 lst=0 nrdyerr=0 dclr=0
2026-09-03T20:21:25.315817 [DRV] init=0 id=7 mode=0x1 lib=0x2 seq=0x1 odc=0x8b sts=0xe0 armed=1
2026-09-03T20:21:25.321567 [TRG] pulses=2559 suppressed=32390 cyc=1600 rst=1 rstmode=0x40
2026-09-03T20:21:25.324924 [HLT] polls=5455 faults=0x0 cfglost=0
2026-09-03T20:21:25.330811 [EFF] n=5 last=58588 min=58472 max=58588 late=0 stuck=0 rderr=0
2026-09-03T20:21:25.334842 [DWT] ok=1 cyc=4037000111 cyc_per_ms=800099
2026-09-03T20:21:26.349437 [HB] up_ms=5756128 frames=272826 inf=272826 hazard=34973 canary_err=0 q=0 qovr=0
2026-09-03T20:21:26.360686 [I2C] init=0 gate=0 whoami=0x201e0 wr=0 wrseen=0x27 addr=0x5a ok=1104207 err=0 tmo=0 recov=0 pclk1=200000000 sysclk=400000000
2026-09-03T20:21:26.361923 [NAK] nacks=0
2026-09-03T20:21:26.366674 [CLK] cpu=800000000 sysb=400000000 pclk1=200000000
2026-09-03T20:21:26.371168 [TOF] res=0 step=0 id=0xeacc blk=0xeacc10 ctl=0x0
2026-09-03T20:21:26.377038 [RNG] init=0 step=99 id=0xeacc boot=1 calls=93 xerr=0 dm=1 tb=15
2026-09-03T20:21:26.383965 [RNG] osc=41 imp=881 imprb=881 mstart=0x40 cfg=91 cfgfail=0x0 vhv=0 vpolls=0
2026-09-03T20:21:26.390278 [PRT] calls=1090769 xerr=0 ler=1 lidx=0x0 perr=0 maxcnt=17 addr8=0x52
2026-09-03T20:21:26.394407 [RTY] wr=0 wmax=0 wref=0  rd=0 rmax=0 rref=0
2026-09-03T20:21:26.402410 [RNG] frames=272502 last=41 min=23 max=61 nrdy=326 dxfer=0 dstat=0 lst=0 nrdyerr=0 dclr=0
2026-09-03T20:21:26.408529 [DRV] init=0 id=7 mode=0x1 lib=0x2 seq=0x1 odc=0x8b sts=0xe0 armed=1
2026-09-03T20:21:26.414409 [TRG] pulses=2560 suppressed=32413 cyc=1600 rst=1 rstmode=0x40
2026-09-03T20:21:26.417778 [HLT] polls=5456 faults=0x0 cfglost=0
2026-09-03T20:21:26.423541 [EFF] n=5 last=58588 min=58472 max=58588 late=0 stuck=0 rderr=0
2026-09-03T20:21:26.427393 [DWT] ok=1 cyc=610025807 cyc_per_ms=799993
2026-09-03T20:21:27.441698 [HB] up_ms=5757213 frames=272877 inf=272877 hazard=34973 canary_err=0 q=0 qovr=0
2026-09-03T20:21:27.453052 [I2C] init=0 gate=0 whoami=0x201e0 wr=0 wrseen=0x27 addr=0x5a ok=1104413 err=0 tmo=0 recov=0 pclk1=200000000 sysclk=400000000
2026-09-03T20:21:27.454432 [NAK] nacks=0
2026-09-03T20:21:27.459056 [CLK] cpu=800000000 sysb=400000000 pclk1=200000000
2026-09-03T20:21:27.463596 [TOF] res=0 step=0 id=0xeacc blk=0xeacc10 ctl=0x0
2026-09-03T20:21:27.469438 [RNG] init=0 step=99 id=0xeacc boot=1 calls=93 xerr=0 dm=1 tb=15
2026-09-03T20:21:27.476417 [RNG] osc=41 imp=881 imprb=881 mstart=0x40 cfg=91 cfgfail=0x0 vhv=0 vpolls=0
2026-09-03T20:21:27.482680 [PRT] calls=1090977 xerr=0 ler=1 lidx=0x0 perr=0 maxcnt=17 addr8=0x52
2026-09-03T20:21:27.486675 [RTY] wr=0 wmax=0 wref=0  rd=0 rmax=0 rref=0
2026-09-03T20:21:27.494913 [RNG] frames=272553 last=45 min=23 max=61 nrdy=326 dxfer=0 dstat=0 lst=0 nrdyerr=0 dclr=0
2026-09-03T20:21:27.501044 [DRV] init=0 id=7 mode=0x1 lib=0x2 seq=0x1 odc=0x8b sts=0xe0 armed=1
2026-09-03T20:21:27.506674 [TRG] pulses=2560 suppressed=32413 cyc=1600 rst=1 rstmode=0x40
2026-09-03T20:21:27.510165 [HLT] polls=5457 faults=0x0 cfglost=0
2026-09-03T20:21:27.516045 [EFF] n=5 last=58588 min=58472 max=58588 late=0 stuck=0 rderr=0
2026-09-03T20:21:27.520028 [DWT] ok=1 cyc=1478026587 cyc_per_ms=800000
2026-09-03T20:21:28.535021 [HB] up_ms=5758298 frames=272928 inf=272928 hazard=34973 canary_err=0 q=0 qovr=0
2026-09-03T20:21:28.546272 [I2C] init=0 gate=0 whoami=0x201e0 wr=0 wrseen=0x27 addr=0x5a ok=1104623 err=0 tmo=0 recov=0 pclk1=200000000 sysclk=400000000
2026-09-03T20:21:28.547652 [NAK] nacks=0
2026-09-03T20:21:28.552125 [CLK] cpu=800000000 sysb=400000000 pclk1=200000000
2026-09-03T20:21:28.556744 [TOF] res=0 step=0 id=0xeacc blk=0xeacc10 ctl=0x0
2026-09-03T20:21:28.562649 [RNG] init=0 step=99 id=0xeacc boot=1 calls=93 xerr=0 dm=1 tb=15
2026-09-03T20:21:28.569502 [RNG] osc=41 imp=881 imprb=881 mstart=0x40 cfg=91 cfgfail=0x0 vhv=0 vpolls=0
2026-09-03T20:21:28.575889 [PRT] calls=1091181 xerr=0 ler=1 lidx=0x0 perr=0 maxcnt=17 addr8=0x52
2026-09-03T20:21:28.580019 [RTY] wr=0 wmax=0 wref=0  rd=0 rmax=0 rref=0
2026-09-03T20:21:28.587999 [RNG] frames=272605 last=43 min=23 max=61 nrdy=326 dxfer=0 dstat=0 lst=0 nrdyerr=0 dclr=0
2026-09-03T20:21:28.594249 [DRV] init=0 id=7 mode=0x1 lib=0x2 seq=0x1 odc=0x8b sts=0xe0 armed=1
2026-09-03T20:21:28.599986 [TRG] pulses=2560 suppressed=32413 cyc=1600 rst=1 rstmode=0x40
2026-09-03T20:21:28.603470 [HLT] polls=5458 faults=0x0 cfglost=0
2026-09-03T20:21:28.609225 [EFF] n=5 last=58588 min=58472 max=58588 late=0 stuck=0 rderr=0
2026-09-03T20:21:28.613256 [DWT] ok=1 cyc=2346026451 cyc_per_ms=799999
2026-09-03T20:21:29.627899 [HB] up_ms=5759383 frames=272980 inf=272980 hazard=34973 canary_err=0 q=0 qovr=0
2026-09-03T20:21:29.639288 [I2C] init=0 gate=0 whoami=0x201e0 wr=0 wrseen=0x27 addr=0x5a ok=1104829 err=0 tmo=0 recov=0 pclk1=200000000 sysclk=400000000
2026-09-03T20:21:29.640487 [NAK] nacks=0
2026-09-03T20:21:29.645113 [CLK] cpu=800000000 sysb=400000000 pclk1=200000000
2026-09-03T20:21:29.649659 [TOF] res=0 step=0 id=0xeacc blk=0xeacc10 ctl=0x0
2026-09-03T20:21:29.655483 [RNG] init=0 step=99 id=0xeacc boot=1 calls=93 xerr=0 dm=1 tb=15
2026-09-03T20:21:29.662486 [RNG] osc=41 imp=881 imprb=881 mstart=0x40 cfg=91 cfgfail=0x0 vhv=0 vpolls=0
2026-09-03T20:21:29.668748 [PRT] calls=1091389 xerr=0 ler=1 lidx=0x0 perr=0 maxcnt=17 addr8=0x52
2026-09-03T20:21:29.672840 [RTY] wr=0 wmax=0 wref=0  rd=0 rmax=0 rref=0
2026-09-03T20:21:29.680998 [RNG] frames=272656 last=39 min=23 max=61 nrdy=326 dxfer=0 dstat=0 lst=0 nrdyerr=0 dclr=0
2026-09-03T20:21:29.687093 [DRV] init=0 id=7 mode=0x1 lib=0x2 seq=0x1 odc=0x8b sts=0xe0 armed=1
2026-09-03T20:21:29.692833 [TRG] pulses=2560 suppressed=32413 cyc=1600 rst=1 rstmode=0x40
2026-09-03T20:21:29.696193 [HLT] polls=5459 faults=0x0 cfglost=0
2026-09-03T20:21:29.701963 [EFF] n=5 last=58588 min=58472 max=58588 late=0 stuck=0 rderr=0
2026-09-03T20:21:29.706075 [DWT] ok=1 cyc=3213924423 cyc_per_ms=799905
2026-09-03T20:21:30.720751 [HB] up_ms=5760468 frames=273031 inf=273031 hazard=34973 canary_err=0 q=0 qovr=0
2026-09-03T20:21:30.731990 [I2C] init=0 gate=0 whoami=0x201e0 wr=0 wrseen=0x27 addr=0x5a ok=1105038 err=0 tmo=0 recov=0 pclk1=200000000 sysclk=400000000
2026-09-03T20:21:30.733219 [NAK] nacks=0
2026-09-03T20:21:30.737870 [CLK] cpu=800000000 sysb=400000000 pclk1=200000000
2026-09-03T20:21:30.742470 [TOF] res=0 step=0 id=0xeacc blk=0xeacc10 ctl=0x0
2026-09-03T20:21:30.748348 [RNG] init=0 step=99 id=0xeacc boot=1 calls=93 xerr=0 dm=1 tb=15
2026-09-03T20:21:30.755215 [RNG] osc=41 imp=881 imprb=881 mstart=0x40 cfg=91 cfgfail=0x0 vhv=0 vpolls=0
2026-09-03T20:21:30.761461 [PRT] calls=1091593 xerr=0 ler=1 lidx=0x0 perr=0 maxcnt=17 addr8=0x52
2026-09-03T20:21:30.765714 [RTY] wr=0 wmax=0 wref=0  rd=0 rmax=0 rref=0
2026-09-03T20:21:30.773703 [RNG] frames=272708 last=42 min=23 max=61 nrdy=326 dxfer=0 dstat=0 lst=0 nrdyerr=0 dclr=0
2026-09-03T20:21:30.780008 [DRV] init=0 id=7 mode=0x1 lib=0x2 seq=0x1 odc=0x8b sts=0xe0 armed=1
2026-09-03T20:21:30.785607 [TRG] pulses=2560 suppressed=32413 cyc=1600 rst=1 rstmode=0x40
2026-09-03T20:21:30.789068 [HLT] polls=5460 faults=0x0 cfglost=0
2026-09-03T20:21:30.794828 [EFF] n=5 last=58588 min=58472 max=58588 late=0 stuck=0 rderr=0
2026-09-03T20:21:30.798842 [DWT] ok=1 cyc=4082026395 cyc_per_ms=800093
2026-09-03T20:21:31.813109 [HB] up_ms=5761553 frames=273083 inf=273083 hazard=34976 canary_err=0 q=0 qovr=0
2026-09-03T20:21:31.824351 [I2C] init=0 gate=0 whoami=0x201e0 wr=0 wrseen=0x27 addr=0x5a ok=1105245 err=0 tmo=0 recov=0 pclk1=200000000 sysclk=400000000
2026-09-03T20:21:31.825709 [NAK] nacks=0
2026-09-03T20:21:31.830356 [CLK] cpu=800000000 sysb=400000000 pclk1=200000000
2026-09-03T20:21:31.834842 [TOF] res=0 step=0 id=0xeacc blk=0xeacc10 ctl=0x0
2026-09-03T20:21:31.840704 [RNG] init=0 step=99 id=0xeacc boot=1 calls=93 xerr=0 dm=1 tb=15
2026-09-03T20:21:31.847718 [RNG] osc=41 imp=881 imprb=881 mstart=0x40 cfg=91 cfgfail=0x0 vhv=0 vpolls=0
2026-09-03T20:21:31.853957 [PRT] calls=1091801 xerr=0 ler=1 lidx=0x0 perr=0 maxcnt=17 addr8=0x52
2026-09-03T20:21:31.858069 [RTY] wr=0 wmax=0 wref=0  rd=0 rmax=0 rref=0
2026-09-03T20:21:31.866097 [RNG] frames=272759 last=47 min=23 max=61 nrdy=326 dxfer=0 dstat=0 lst=0 nrdyerr=0 dclr=0
2026-09-03T20:21:31.872334 [DRV] init=0 id=7 mode=0x1 lib=0x2 seq=0x1 odc=0x8b sts=0xe0 armed=1
2026-09-03T20:21:31.878059 [TRG] pulses=2561 suppressed=32418 cyc=1600 rst=1 rstmode=0x40
2026-09-03T20:21:31.881460 [HLT] polls=5461 faults=0x0 cfglost=0
2026-09-03T20:21:31.887190 [EFF] n=5 last=58588 min=58472 max=58588 late=0 stuck=0 rderr=0
2026-09-03T20:21:31.891173 [DWT] ok=1 cyc=654959975 cyc_per_ms=799908
2026-09-03T20:21:32.905745 [HB] up_ms=5762638 frames=273134 inf=273134 hazard=35014 canary_err=0 q=0 qovr=0
2026-09-03T20:21:32.917095 [I2C] init=0 gate=0 whoami=0x201e0 wr=0 wrseen=0x27 addr=0x5a ok=1105451 err=0 tmo=0 recov=0 pclk1=200000000 sysclk=400000000
2026-09-03T20:21:32.918361 [NAK] nacks=0
2026-09-03T20:21:32.922949 [CLK] cpu=800000000 sysb=400000000 pclk1=200000000
2026-09-03T20:21:32.927462 [TOF] res=0 step=0 id=0xeacc blk=0xeacc10 ctl=0x0
2026-09-03T20:21:32.933457 [RNG] init=0 step=99 id=0xeacc boot=1 calls=93 xerr=0 dm=1 tb=15
2026-09-03T20:21:32.940337 [RNG] osc=41 imp=881 imprb=881 mstart=0x40 cfg=91 cfgfail=0x0 vhv=0 vpolls=0
2026-09-03T20:21:32.946705 [PRT] calls=1092005 xerr=0 ler=1 lidx=0x0 perr=0 maxcnt=17 addr8=0x52
2026-09-03T20:21:32.950604 [RTY] wr=0 wmax=0 wref=0  rd=0 rmax=0 rref=0
2026-09-03T20:21:32.958816 [RNG] frames=272810 last=43 min=23 max=61 nrdy=326 dxfer=0 dstat=0 lst=0 nrdyerr=0 dclr=0
2026-09-03T20:21:32.964947 [DRV] init=0 id=7 mode=0x1 lib=0x2 seq=0x1 odc=0x8b sts=0xe0 armed=1
2026-09-03T20:21:32.970584 [TRG] pulses=2563 suppressed=32451 cyc=1600 rst=1 rstmode=0x40
2026-09-03T20:21:32.974060 [HLT] polls=5462 faults=0x0 cfglost=0
2026-09-03T20:21:32.979965 [EFF] n=5 last=58588 min=58472 max=58588 late=0 stuck=0 rderr=0
2026-09-03T20:21:32.983937 [DWT] ok=1 cyc=1523059231 cyc_per_ms=800091
2026-09-03T20:21:33.998109 [HB] up_ms=5763723 frames=273186 inf=273186 hazard=35014 canary_err=0 q=0 qovr=0
2026-09-03T20:21:34.009218 [I2C] init=0 gate=0 whoami=0x201e0 wr=0 wrseen=0x27 addr=0x5a ok=1105659 err=0 tmo=0 recov=0 pclk1=200000000 sysclk=400000000
2026-09-03T20:21:34.010604 [NAK] nacks=0
2026-09-03T20:21:34.015339 [CLK] cpu=800000000 sysb=400000000 pclk1=200000000
2026-09-03T20:21:34.019844 [TOF] res=0 step=0 id=0xeacc blk=0xeacc10 ctl=0x0
2026-09-03T20:21:34.025601 [RNG] init=0 step=99 id=0xeacc boot=1 calls=93 xerr=0 dm=1 tb=15
2026-09-03T20:21:34.032590 [RNG] osc=41 imp=881 imprb=881 mstart=0x40 cfg=91 cfgfail=0x0 vhv=0 vpolls=0
2026-09-03T20:21:34.038960 [PRT] calls=1092207 xerr=0 ler=1 lidx=0x0 perr=0 maxcnt=17 addr8=0x52
2026-09-03T20:21:34.042963 [RTY] wr=0 wmax=0 wref=0  rd=0 rmax=0 rref=0
2026-09-03T20:21:34.051072 [RNG] frames=272861 last=51 min=23 max=61 nrdy=327 dxfer=0 dstat=0 lst=0 nrdyerr=0 dclr=0
2026-09-03T20:21:34.057184 [DRV] init=0 id=7 mode=0x1 lib=0x2 seq=0x1 odc=0x8b sts=0xe0 armed=1
2026-09-03T20:21:34.062947 [TRG] pulses=2563 suppressed=32451 cyc=1600 rst=1 rstmode=0x40
2026-09-03T20:21:34.066457 [HLT] polls=5463 faults=0x0 cfglost=0
2026-09-03T20:21:34.072195 [EFF] n=5 last=58588 min=58472 max=58588 late=0 stuck=0 rderr=0
2026-09-03T20:21:34.076177 [DWT] ok=1 cyc=2391058487 cyc_per_ms=799999
2026-09-03T20:21:35.090353 [HB] up_ms=5764808 frames=273237 inf=273237 hazard=35014 canary_err=0 q=0 qovr=0
2026-09-03T20:21:35.101605 [I2C] init=0 gate=0 whoami=0x201e0 wr=0 wrseen=0x27 addr=0x5a ok=1105865 err=0 tmo=0 recov=0 pclk1=200000000 sysclk=400000000
2026-09-03T20:21:35.102961 [NAK] nacks=0
2026-09-03T20:21:35.107609 [CLK] cpu=800000000 sysb=400000000 pclk1=200000000
2026-09-03T20:21:35.112074 [TOF] res=0 step=0 id=0xeacc blk=0xeacc10 ctl=0x0
2026-09-03T20:21:35.117964 [RNG] init=0 step=99 id=0xeacc boot=1 calls=93 xerr=0 dm=1 tb=15
2026-09-03T20:21:35.124947 [RNG] osc=41 imp=881 imprb=881 mstart=0x40 cfg=91 cfgfail=0x0 vhv=0 vpolls=0
2026-09-03T20:21:35.131224 [PRT] calls=1092415 xerr=0 ler=1 lidx=0x0 perr=0 maxcnt=17 addr8=0x52
2026-09-03T20:21:35.135198 [RTY] wr=0 wmax=0 wref=0  rd=0 rmax=0 rref=0
2026-09-03T20:21:35.143463 [RNG] frames=272912 last=45 min=23 max=61 nrdy=327 dxfer=0 dstat=0 lst=0 nrdyerr=0 dclr=0
2026-09-03T20:21:35.149587 [DRV] init=0 id=7 mode=0x1 lib=0x2 seq=0x1 odc=0x8b sts=0xe0 armed=1
2026-09-03T20:21:35.155193 [TRG] pulses=2563 suppressed=32451 cyc=1600 rst=1 rstmode=0x40
2026-09-03T20:21:35.158687 [HLT] polls=5464 faults=0x0 cfglost=0
2026-09-03T20:21:35.164604 [EFF] n=5 last=58588 min=58472 max=58588 late=0 stuck=0 rderr=0
2026-09-03T20:21:35.168575 [DWT] ok=1 cyc=3259059271 cyc_per_ms=800000
2026-09-03T20:21:36.182769 [HB] up_ms=5765893 frames=273288 inf=273288 hazard=35014 canary_err=0 q=0 qovr=0
2026-09-03T20:21:36.193847 [I2C] init=0 gate=0 whoami=0x201e0 wr=0 wrseen=0x27 addr=0x5a ok=1106075 err=0 tmo=0 recov=0 pclk1=200000000 sysclk=400000000
2026-09-03T20:21:36.195214 [NAK] nacks=0
2026-09-03T20:21:36.199846 [CLK] cpu=800000000 sysb=400000000 pclk1=200000000
2026-09-03T20:21:36.204461 [TOF] res=0 step=0 id=0xeacc blk=0xeacc10 ctl=0x0
2026-09-03T20:21:36.210215 [RNG] init=0 step=99 id=0xeacc boot=1 calls=93 xerr=0 dm=1 tb=15
2026-09-03T20:21:36.217210 [RNG] osc=41 imp=881 imprb=881 mstart=0x40 cfg=91 cfgfail=0x0 vhv=0 vpolls=0
2026-09-03T20:21:36.223605 [PRT] calls=1092619 xerr=0 ler=1 lidx=0x0 perr=0 maxcnt=17 addr8=0x52
2026-09-03T20:21:36.227607 [RTY] wr=0 wmax=0 wref=0  rd=0 rmax=0 rref=0
2026-09-03T20:21:36.235721 [RNG] frames=272964 last=41 min=23 max=61 nrdy=327 dxfer=0 dstat=0 lst=0 nrdyerr=0 dclr=0
2026-09-03T20:21:36.241815 [DRV] init=0 id=7 mode=0x1 lib=0x2 seq=0x1 odc=0x8b sts=0xe0 armed=1
2026-09-03T20:21:36.247631 [TRG] pulses=2563 suppressed=32451 cyc=1600 rst=1 rstmode=0x40
2026-09-03T20:21:36.251067 [HLT] polls=5465 faults=0x0 cfglost=0
2026-09-03T20:21:36.256818 [EFF] n=5 last=58588 min=58472 max=58588 late=0 stuck=0 rderr=0
2026-09-03T20:21:36.260814 [DWT] ok=1 cyc=4127059151 cyc_per_ms=799999
2026-09-03T20:21:37.274638 [HB] up_ms=5766978 frames=273340 inf=273340 hazard=35014 canary_err=0 q=0 qovr=0
2026-09-03T20:21:37.285858 [I2C] init=0 gate=0 whoami=0x201e0 wr=0 wrseen=0x27 addr=0x5a ok=1106281 err=0 tmo=0 recov=0 pclk1=200000000 sysclk=400000000
2026-09-03T20:21:37.287242 [NAK] nacks=0
2026-09-03T20:21:37.291758 [CLK] cpu=800000000 sysb=400000000 pclk1=200000000
2026-09-03T20:21:37.296446 [TOF] res=0 step=0 id=0xeacc blk=0xeacc10 ctl=0x0
2026-09-03T20:21:37.302106 [RNG] init=0 step=99 id=0xeacc boot=1 calls=93 xerr=0 dm=1 tb=15
2026-09-03T20:21:37.309088 [RNG] osc=41 imp=881 imprb=881 mstart=0x40 cfg=91 cfgfail=0x0 vhv=0 vpolls=0
2026-09-03T20:21:37.315345 [PRT] calls=1092827 xerr=0 ler=1 lidx=0x0 perr=0 maxcnt=17 addr8=0x52
2026-09-03T20:21:37.319463 [RTY] wr=0 wmax=0 wref=0  rd=0 rmax=0 rref=0
2026-09-03T20:21:37.327599 [RNG] frames=273015 last=37 min=23 max=61 nrdy=327 dxfer=0 dstat=0 lst=0 nrdyerr=0 dclr=0
2026-09-03T20:21:37.333873 [DRV] init=0 id=7 mode=0x1 lib=0x2 seq=0x1 odc=0x8b sts=0xe0 armed=1
2026-09-03T20:21:37.339453 [TRG] pulses=2563 suppressed=32451 cyc=1600 rst=1 rstmode=0x40
2026-09-03T20:21:37.342826 [HLT] polls=5466 faults=0x0 cfglost=0
2026-09-03T20:21:37.348612 [EFF] n=5 last=58588 min=58472 max=58588 late=0 stuck=0 rderr=0
2026-09-03T20:21:37.352597 [DWT] ok=1 cyc=699989847 cyc_per_ms=799905
2026-09-03T20:21:38.366508 [HB] up_ms=5768063 frames=273391 inf=273391 hazard=35014 canary_err=0 q=0 qovr=0
2026-09-03T20:21:38.377757 [I2C] init=0 gate=0 whoami=0x201e0 wr=0 wrseen=0x27 addr=0x5a ok=1106490 err=0 tmo=0 recov=0 pclk1=200000000 sysclk=400000000
2026-09-03T20:21:38.379126 [NAK] nacks=0
2026-09-03T20:21:38.383786 [CLK] cpu=800000000 sysb=400000000 pclk1=200000000
2026-09-03T20:21:38.388239 [TOF] res=0 step=0 id=0xeacc blk=0xeacc10 ctl=0x0
2026-09-03T20:21:38.394113 [RNG] init=0 step=99 id=0xeacc boot=1 calls=93 xerr=0 dm=1 tb=15
2026-09-03T20:21:38.400988 [RNG] osc=41 imp=881 imprb=881 mstart=0x40 cfg=91 cfgfail=0x0 vhv=0 vpolls=0
2026-09-03T20:21:38.407356 [PRT] calls=1093031 xerr=0 ler=1 lidx=0x0 perr=0 maxcnt=17 addr8=0x52
2026-09-03T20:21:38.411483 [RTY] wr=0 wmax=0 wref=0  rd=0 rmax=0 rref=0
2026-09-03T20:21:38.419482 [RNG] frames=273067 last=44 min=23 max=61 nrdy=327 dxfer=0 dstat=0 lst=0 nrdyerr=0 dclr=0
2026-09-03T20:21:38.425722 [DRV] init=0 id=7 mode=0x1 lib=0x2 seq=0x1 odc=0x8b sts=0xe0 armed=1
2026-09-03T20:21:38.431346 [TRG] pulses=2563 suppressed=32451 cyc=1600 rst=1 rstmode=0x40
2026-09-03T20:21:38.434969 [HLT] polls=5467 faults=0x0 cfglost=0
2026-09-03T20:21:38.440723 [EFF] n=5 last=58588 min=58472 max=58588 late=0 stuck=0 rderr=0
2026-09-03T20:21:38.444609 [DWT] ok=1 cyc=1568091811 cyc_per_ms=800093
2026-09-03T20:21:39.458912 [HB] up_ms=5769148 frames=273443 inf=273443 hazard=35055 canary_err=0 q=0 qovr=0
2026-09-03T20:21:39.470160 [I2C] init=0 gate=0 whoami=0x201e0 wr=0 wrseen=0x27 addr=0x5a ok=1106697 err=0 tmo=0 recov=0 pclk1=200000000 sysclk=400000000
2026-09-03T20:21:39.471511 [NAK] nacks=0
2026-09-03T20:21:39.476145 [CLK] cpu=800000000 sysb=400000000 pclk1=200000000
2026-09-03T20:21:39.480705 [TOF] res=0 step=0 id=0xeacc blk=0xeacc10 ctl=0x0
2026-09-03T20:21:39.486498 [RNG] init=0 step=99 id=0xeacc boot=1 calls=93 xerr=0 dm=1 tb=15
2026-09-03T20:21:39.493595 [RNG] osc=41 imp=881 imprb=881 mstart=0x40 cfg=91 cfgfail=0x0 vhv=0 vpolls=0
2026-09-03T20:21:39.499767 [PRT] calls=1093239 xerr=0 ler=1 lidx=0x0 perr=0 maxcnt=17 addr8=0x52
2026-09-03T20:21:39.503777 [RTY] wr=0 wmax=0 wref=0  rd=0 rmax=0 rref=0
2026-09-03T20:21:39.511903 [RNG] frames=273118 last=43 min=23 max=61 nrdy=327 dxfer=0 dstat=0 lst=0 nrdyerr=0 dclr=0
2026-09-03T20:21:39.518116 [DRV] init=0 id=7 mode=0x1 lib=0x2 seq=0x1 odc=0x8b sts=0xe0 armed=1
2026-09-03T20:21:39.523880 [TRG] pulses=2566 suppressed=32489 cyc=1600 rst=1 rstmode=0x40
2026-09-03T20:21:39.527246 [HLT] polls=5468 faults=0x0 cfglost=0
2026-09-03T20:21:39.532996 [EFF] n=5 last=58588 min=58472 max=58588 late=0 stuck=0 rderr=0
2026-09-03T20:21:39.537112 [DWT] ok=1 cyc=2435989975 cyc_per_ms=799906
2026-09-03T20:21:40.551049 [HB] up_ms=5770233 frames=273494 inf=273494 hazard=35055 canary_err=0 q=0 qovr=0
2026-09-03T20:21:40.562469 [I2C] init=0 gate=0 whoami=0x201e0 wr=0 wrseen=0x27 addr=0x5a ok=1106903 err=0 tmo=0 recov=0 pclk1=200000000 sysclk=400000000
2026-09-03T20:21:40.563700 [NAK] nacks=0
2026-09-03T20:21:40.568287 [CLK] cpu=800000000 sysb=400000000 pclk1=200000000
2026-09-03T20:21:40.572794 [TOF] res=0 step=0 id=0xeacc blk=0xeacc10 ctl=0x0
2026-09-03T20:21:40.578820 [RNG] init=0 step=99 id=0xeacc boot=1 calls=93 xerr=0 dm=1 tb=15
2026-09-03T20:21:40.585659 [RNG] osc=41 imp=881 imprb=881 mstart=0x40 cfg=91 cfgfail=0x0 vhv=0 vpolls=0
2026-09-03T20:21:40.591916 [PRT] calls=1093443 xerr=0 ler=1 lidx=0x0 perr=0 maxcnt=17 addr8=0x52
2026-09-03T20:21:40.596161 [RTY] wr=0 wmax=0 wref=0  rd=0 rmax=0 rref=0
2026-09-03T20:21:40.604152 [RNG] frames=273169 last=39 min=23 max=61 nrdy=327 dxfer=0 dstat=0 lst=0 nrdyerr=0 dclr=0
2026-09-03T20:21:40.611398 [DRV] init=0 id=7 mode=0x1 lib=0x2 seq=0x1 odc=0x8b sts=0xe0 armed=1
2026-09-03T20:21:40.616002 [TRG] pulses=2566 suppressed=32489 cyc=1600 rst=1 rstmode=0x40
2026-09-03T20:21:40.619360 [HLT] polls=5469 faults=0x0 cfglost=0
2026-09-03T20:21:40.625257 [EFF] n=5 last=58588 min=58472 max=58588 late=0 stuck=0 rderr=0
2026-09-03T20:21:40.629264 [DWT] ok=1 cyc=3304091955 cyc_per_ms=800093
2026-09-03T20:21:41.643450 [HB] up_ms=5771318 frames=273546 inf=273546 hazard=35055 canary_err=0 q=0 qovr=0
2026-09-03T20:21:41.654700 [I2C] init=0 gate=0 whoami=0x201e0 wr=0 wrseen=0x27 addr=0x5a ok=1107113 err=0 tmo=0 recov=0 pclk1=200000000 sysclk=400000000
2026-09-03T20:21:41.656064 [NAK] nacks=0
2026-09-03T20:21:41.660691 [CLK] cpu=800000000 sysb=400000000 pclk1=200000000
2026-09-03T20:21:41.665177 [TOF] res=0 step=0 id=0xeacc blk=0xeacc10 ctl=0x0
2026-09-03T20:21:41.671047 [RNG] init=0 step=99 id=0xeacc boot=1 calls=93 xerr=0 dm=1 tb=15
2026-09-03T20:21:41.677925 [RNG] osc=41 imp=881 imprb=881 mstart=0x40 cfg=91 cfgfail=0x0 vhv=0 vpolls=0
2026-09-03T20:21:41.684294 [PRT] calls=1093647 xerr=0 ler=1 lidx=0x0 perr=0 maxcnt=17 addr8=0x52
2026-09-03T20:21:41.688413 [RTY] wr=0 wmax=0 wref=0  rd=0 rmax=0 rref=0
2026-09-03T20:21:41.696436 [RNG] frames=273221 last=38 min=23 max=61 nrdy=327 dxfer=0 dstat=0 lst=0 nrdyerr=0 dclr=0
2026-09-03T20:21:41.702542 [DRV] init=0 id=7 mode=0x1 lib=0x2 seq=0x1 odc=0x8b sts=0xe0 armed=1
2026-09-03T20:21:41.708442 [TRG] pulses=2566 suppressed=32489 cyc=1600 rst=1 rstmode=0x40
2026-09-03T20:21:41.711782 [HLT] polls=5470 faults=0x0 cfglost=0
2026-09-03T20:21:41.717539 [EFF] n=5 last=58588 min=58472 max=58588 late=0 stuck=0 rderr=0
2026-09-03T20:21:41.721530 [DWT] ok=1 cyc=4172091215 cyc_per_ms=799999
2026-09-03T20:21:42.735723 [HB] up_ms=5772403 frames=273597 inf=273597 hazard=35055 canary_err=0 q=0 qovr=0
2026-09-03T20:21:42.747094 [I2C] init=0 gate=0 whoami=0x201e0 wr=0 wrseen=0x27 addr=0x5a ok=1107319 err=0 tmo=0 recov=0 pclk1=200000000 sysclk=400000000
2026-09-03T20:21:42.748340 [NAK] nacks=0
2026-09-03T20:21:42.752959 [CLK] cpu=800000000 sysb=400000000 pclk1=200000000
2026-09-03T20:21:42.757459 [TOF] res=0 step=0 id=0xeacc blk=0xeacc10 ctl=0x0
2026-09-03T20:21:42.763330 [RNG] init=0 step=99 id=0xeacc boot=1 calls=93 xerr=0 dm=1 tb=15
2026-09-03T20:21:42.770333 [RNG] osc=41 imp=881 imprb=881 mstart=0x40 cfg=91 cfgfail=0x0 vhv=0 vpolls=0
2026-09-03T20:21:42.776620 [PRT] calls=1093855 xerr=0 ler=1 lidx=0x0 perr=0 maxcnt=17 addr8=0x52
2026-09-03T20:21:42.780697 [RTY] wr=0 wmax=0 wref=0  rd=0 rmax=0 rref=0
2026-09-03T20:21:42.788811 [RNG] frames=273272 last=47 min=23 max=61 nrdy=327 dxfer=0 dstat=0 lst=0 nrdyerr=0 dclr=0
2026-09-03T20:21:42.795075 [DRV] init=0 id=7 mode=0x1 lib=0x2 seq=0x1 odc=0x8b sts=0xe0 armed=1
2026-09-03T20:21:42.800694 [TRG] pulses=2566 suppressed=32489 cyc=1600 rst=1 rstmode=0x40
2026-09-03T20:21:42.804183 [HLT] polls=5472 faults=0x0 cfglost=0
2026-09-03T20:21:42.809945 [EFF] n=5 last=58588 min=58472 max=58588 late=0 stuck=0 rderr=0
2026-09-03T20:21:42.813934 [DWT] ok=1 cyc=745157279 cyc_per_ms=800030
2026-09-03T20:21:43.827886 [HB] up_ms=5773488 frames=273648 inf=273648 hazard=35055 canary_err=0 q=0 qovr=0
2026-09-03T20:21:43.839134 [I2C] init=0 gate=0 whoami=0x201e0 wr=0 wrseen=0x27 addr=0x5a ok=1107529 err=0 tmo=0 recov=0 pclk1=200000000 sysclk=400000000
2026-09-03T20:21:43.840435 [NAK] nacks=0
2026-09-03T20:21:43.844997 [CLK] cpu=800000000 sysb=400000000 pclk1=200000000
2026-09-03T20:21:43.849667 [TOF] res=0 step=0 id=0xeacc blk=0xeacc10 ctl=0x0
2026-09-03T20:21:43.855486 [RNG] init=0 step=99 id=0xeacc boot=1 calls=93 xerr=0 dm=1 tb=15
2026-09-03T20:21:43.862392 [RNG] osc=41 imp=881 imprb=881 mstart=0x40 cfg=91 cfgfail=0x0 vhv=0 vpolls=0
2026-09-03T20:21:43.868743 [PRT] calls=1094059 xerr=0 ler=1 lidx=0x0 perr=0 maxcnt=17 addr8=0x52
2026-09-03T20:21:43.872854 [RTY] wr=0 wmax=0 wref=0  rd=0 rmax=0 rref=0
2026-09-03T20:21:43.880945 [RNG] frames=273324 last=47 min=23 max=61 nrdy=327 dxfer=0 dstat=0 lst=0 nrdyerr=0 dclr=0
2026-09-03T20:21:43.886990 [DRV] init=0 id=7 mode=0x1 lib=0x2 seq=0x1 odc=0x8b sts=0xe0 armed=1
2026-09-03T20:21:43.892855 [TRG] pulses=2566 suppressed=32489 cyc=1600 rst=1 rstmode=0x40
2026-09-03T20:21:43.896220 [HLT] polls=5473 faults=0x0 cfglost=0
2026-09-03T20:21:43.901967 [EFF] n=5 last=58588 min=58472 max=58588 late=0 stuck=0 rderr=0
2026-09-03T20:21:43.905967 [DWT] ok=1 cyc=1613157223 cyc_per_ms=799999
2026-09-03T20:21:44.919548 [HB] up_ms=5774573 frames=273700 inf=273700 hazard=35055 canary_err=0 q=0 qovr=0
2026-09-03T20:21:44.930794 [I2C] init=0 gate=0 whoami=0x201e0 wr=0 wrseen=0x27 addr=0x5a ok=1107737 err=0 tmo=0 recov=0 pclk1=200000000 sysclk=400000000
2026-09-03T20:21:44.932154 [NAK] nacks=0
2026-09-03T20:21:44.936776 [CLK] cpu=800000000 sysb=400000000 pclk1=200000000
2026-09-03T20:21:44.941288 [TOF] res=0 step=0 id=0xeacc blk=0xeacc10 ctl=0x0
2026-09-03T20:21:44.947034 [RNG] init=0 step=99 id=0xeacc boot=1 calls=93 xerr=0 dm=1 tb=15
2026-09-03T20:21:44.954027 [RNG] osc=41 imp=881 imprb=881 mstart=0x40 cfg=91 cfgfail=0x0 vhv=0 vpolls=0
2026-09-03T20:21:44.960398 [PRT] calls=1094267 xerr=0 ler=1 lidx=0x0 perr=0 maxcnt=17 addr8=0x52
2026-09-03T20:21:44.964388 [RTY] wr=0 wmax=0 wref=0  rd=0 rmax=0 rref=0
2026-09-03T20:21:44.972537 [RNG] frames=273375 last=38 min=23 max=61 nrdy=327 dxfer=0 dstat=0 lst=0 nrdyerr=0 dclr=0
2026-09-03T20:21:44.978785 [DRV] init=0 id=7 mode=0x1 lib=0x2 seq=0x1 odc=0x8b sts=0xe0 armed=1
2026-09-03T20:21:44.984384 [TRG] pulses=2566 suppressed=32489 cyc=1600 rst=1 rstmode=0x40
2026-09-03T20:21:44.987876 [HLT] polls=5474 faults=0x0 cfglost=0
2026-09-03T20:21:44.993509 [EFF] n=5 last=58588 min=58472 max=58588 late=0 stuck=0 rderr=0
2026-09-03T20:21:44.997652 [DWT] ok=1 cyc=2481022551 cyc_per_ms=799875
2026-09-03T20:21:46.011475 [HB] up_ms=5775658 frames=273751 inf=273751 hazard=35086 canary_err=0 q=0 qovr=0
2026-09-03T20:21:46.022716 [I2C] init=0 gate=0 whoami=0x201e0 wr=0 wrseen=0x27 addr=0x5a ok=1107946 err=0 tmo=0 recov=0 pclk1=200000000 sysclk=400000000
2026-09-03T20:21:46.024121 [NAK] nacks=0
2026-09-03T20:21:46.028591 [CLK] cpu=800000000 sysb=400000000 pclk1=200000000
2026-09-03T20:21:46.033188 [TOF] res=0 step=0 id=0xeacc blk=0xeacc10 ctl=0x0
2026-09-03T20:21:46.039057 [RNG] init=0 step=99 id=0xeacc boot=1 calls=93 xerr=0 dm=1 tb=15
2026-09-03T20:21:46.045940 [RNG] osc=41 imp=881 imprb=881 mstart=0x40 cfg=91 cfgfail=0x0 vhv=0 vpolls=0
2026-09-03T20:21:46.052182 [PRT] calls=1094471 xerr=0 ler=1 lidx=0x0 perr=0 maxcnt=17 addr8=0x52
2026-09-03T20:21:46.056426 [RTY] wr=0 wmax=0 wref=0  rd=0 rmax=0 rref=0
2026-09-03T20:21:46.064449 [RNG] frames=273427 last=43 min=23 max=61 nrdy=327 dxfer=0 dstat=0 lst=0 nrdyerr=0 dclr=0
2026-09-03T20:21:46.070675 [DRV] init=0 id=7 mode=0x1 lib=0x2 seq=0x1 odc=0x8b sts=0xe0 armed=1
2026-09-03T20:21:46.076300 [TRG] pulses=2569 suppressed=32520 cyc=1600 rst=1 rstmode=0x40
2026-09-03T20:21:46.079811 [HLT] polls=5475 faults=0x0 cfglost=0
2026-09-03T20:21:46.085545 [EFF] n=5 last=58588 min=58472 max=58588 late=0 stuck=0 rderr=0
2026-09-03T20:21:46.089539 [DWT] ok=1 cyc=3349128207 cyc_per_ms=800097
2026-09-03T20:21:47.103645 [HB] up_ms=5776743 frames=273803 inf=273803 hazard=35096 canary_err=0 q=0 qovr=0
2026-09-03T20:21:47.114874 [I2C] init=0 gate=0 whoami=0x201e0 wr=0 wrseen=0x27 addr=0x5a ok=1108153 err=0 tmo=0 recov=0 pclk1=200000000 sysclk=400000000
2026-09-03T20:21:47.116234 [NAK] nacks=0
2026-09-03T20:21:47.120868 [CLK] cpu=800000000 sysb=400000000 pclk1=200000000
2026-09-03T20:21:47.125366 [TOF] res=0 step=0 id=0xeacc blk=0xeacc10 ctl=0x0
2026-09-03T20:21:47.131234 [RNG] init=0 step=99 id=0xeacc boot=1 calls=93 xerr=0 dm=1 tb=15
2026-09-03T20:21:47.138234 [RNG] osc=41 imp=881 imprb=881 mstart=0x40 cfg=91 cfgfail=0x0 vhv=0 vpolls=0
2026-09-03T20:21:47.144488 [PRT] calls=1094679 xerr=0 ler=1 lidx=0x0 perr=0 maxcnt=17 addr8=0x52
2026-09-03T20:21:47.148472 [RTY] wr=0 wmax=0 wref=0  rd=0 rmax=0 rref=0
2026-09-03T20:21:47.156670 [RNG] frames=273478 last=38 min=23 max=61 nrdy=327 dxfer=0 dstat=0 lst=0 nrdyerr=0 dclr=0
2026-09-03T20:21:47.162869 [DRV] init=0 id=7 mode=0x1 lib=0x2 seq=0x1 odc=0x8b sts=0xe0 armed=1
2026-09-03T20:21:47.168474 [TRG] pulses=2569 suppressed=32527 cyc=1600 rst=1 rstmode=0x40
2026-09-03T20:21:47.171976 [HLT] polls=5476 faults=0x0 cfglost=0
2026-09-03T20:21:47.177729 [EFF] n=5 last=58588 min=58472 max=58588 late=0 stuck=0 rderr=0
2026-09-03T20:21:47.181709 [DWT] ok=1 cyc=4217022607 cyc_per_ms=799902
2026-09-03T20:21:48.195799 [HB] up_ms=5777828 frames=273854 inf=273854 hazard=35096 canary_err=0 q=0 qovr=0
2026-09-03T20:21:48.207176 [I2C] init=0 gate=0 whoami=0x201e0 wr=0 wrseen=0x27 addr=0x5a ok=1108359 err=0 tmo=0 recov=0 pclk1=200000000 sysclk=400000000
2026-09-03T20:21:48.208569 [NAK] nacks=0
2026-09-03T20:21:48.213033 [CLK] cpu=800000000 sysb=400000000 pclk1=200000000
2026-09-03T20:21:48.217540 [TOF] res=0 step=0 id=0xeacc blk=0xeacc10 ctl=0x0
2026-09-03T20:21:48.223547 [RNG] init=0 step=99 id=0xeacc boot=1 calls=93 xerr=0 dm=1 tb=15
2026-09-03T20:21:48.230407 [RNG] osc=41 imp=881 imprb=881 mstart=0x40 cfg=91 cfgfail=0x0 vhv=0 vpolls=0
2026-09-03T20:21:48.236641 [PRT] calls=1094883 xerr=0 ler=1 lidx=0x0 perr=0 maxcnt=17 addr8=0x52
2026-09-03T20:21:48.240809 [RTY] wr=0 wmax=0 wref=0  rd=0 rmax=0 rref=0
2026-09-03T20:21:48.248950 [RNG] frames=273529 last=39 min=23 max=61 nrdy=327 dxfer=0 dstat=0 lst=0 nrdyerr=0 dclr=0
2026-09-03T20:21:48.255151 [DRV] init=0 id=7 mode=0x1 lib=0x2 seq=0x1 odc=0x8b sts=0xe0 armed=1
2026-09-03T20:21:48.260775 [TRG] pulses=2569 suppressed=32527 cyc=1600 rst=1 rstmode=0x40
2026-09-03T20:21:48.264274 [HLT] polls=5477 faults=0x0 cfglost=0
2026-09-03T20:21:48.270027 [EFF] n=5 last=58588 min=58472 max=58588 late=0 stuck=0 rderr=0
2026-09-03T20:21:48.274008 [DWT] ok=1 cyc=790157311 cyc_per_ms=800094
2026-09-03T20:21:49.288222 [HB] up_ms=5778913 frames=273906 inf=273906 hazard=35096 canary_err=0 q=0 qovr=0
2026-09-03T20:21:49.299475 [I2C] init=0 gate=0 whoami=0x201e0 wr=0 wrseen=0x27 addr=0x5a ok=1108569 err=0 tmo=0 recov=0 pclk1=200000000 sysclk=400000000
2026-09-03T20:21:49.300706 [NAK] nacks=0
2026-09-03T20:21:49.305455 [CLK] cpu=800000000 sysb=400000000 pclk1=200000000
2026-09-03T20:21:49.309960 [TOF] res=0 step=0 id=0xeacc blk=0xeacc10 ctl=0x0
2026-09-03T20:21:49.315852 [RNG] init=0 step=99 id=0xeacc boot=1 calls=93 xerr=0 dm=1 tb=15
2026-09-03T20:21:49.322697 [RNG] osc=41 imp=881 imprb=881 mstart=0x40 cfg=91 cfgfail=0x0 vhv=0 vpolls=0
2026-09-03T20:21:49.329079 [PRT] calls=1095087 xerr=0 ler=1 lidx=0x0 perr=0 maxcnt=17 addr8=0x52
2026-09-03T20:21:49.333068 [RTY] wr=0 wmax=0 wref=0  rd=0 rmax=0 rref=0
2026-09-03T20:21:49.341192 [RNG] frames=273581 last=44 min=23 max=61 nrdy=327 dxfer=0 dstat=0 lst=0 nrdyerr=0 dclr=0
2026-09-03T20:21:49.347317 [DRV] init=0 id=7 mode=0x1 lib=0x2 seq=0x1 odc=0x8b sts=0xe0 armed=1
2026-09-03T20:21:49.353099 [TRG] pulses=2569 suppressed=32527 cyc=1600 rst=1 rstmode=0x40
2026-09-03T20:21:49.356575 [HLT] polls=5478 faults=0x0 cfglost=0
2026-09-03T20:21:49.362317 [EFF] n=5 last=58588 min=58472 max=58588 late=0 stuck=0 rderr=0
2026-09-03T20:21:49.366310 [DWT] ok=1 cyc=1658156671 cyc_per_ms=799999
2026-09-03T20:21:50.380269 [HB] up_ms=5779998 frames=273957 inf=273957 hazard=35096 canary_err=0 q=0 qovr=0
2026-09-03T20:21:50.391659 [I2C] init=0 gate=0 whoami=0x201e0 wr=0 wrseen=0x27 addr=0x5a ok=1108775 err=0 tmo=0 recov=0 pclk1=200000000 sysclk=400000000
2026-09-03T20:21:50.393017 [NAK] nacks=0
2026-09-03T20:21:50.397509 [CLK] cpu=800000000 sysb=400000000 pclk1=200000000
2026-09-03T20:21:50.402002 [TOF] res=0 step=0 id=0xeacc blk=0xeacc10 ctl=0x0
2026-09-03T20:21:50.408241 [RNG] init=0 step=99 id=0xeacc boot=1 calls=93 xerr=0 dm=1 tb=15
2026-09-03T20:21:50.414890 [RNG] osc=41 imp=881 imprb=881 mstart=0x40 cfg=91 cfgfail=0x0 vhv=0 vpolls=0
2026-09-03T20:21:50.421137 [PRT] calls=1095295 xerr=0 ler=1 lidx=0x0 perr=0 maxcnt=17 addr8=0x52
2026-09-03T20:21:50.425305 [RTY] wr=0 wmax=0 wref=0  rd=0 rmax=0 rref=0
2026-09-03T20:21:50.433374 [RNG] frames=273632 last=36 min=23 max=61 nrdy=327 dxfer=0 dstat=0 lst=0 nrdyerr=0 dclr=0
2026-09-03T20:21:50.439637 [DRV] init=0 id=7 mode=0x1 lib=0x2 seq=0x1 odc=0x8b sts=0xe0 armed=1
2026-09-03T20:21:50.445242 [TRG] pulses=2569 suppressed=32527 cyc=1600 rst=1 rstmode=0x40
2026-09-03T20:21:50.448742 [HLT] polls=5479 faults=0x0 cfglost=0
2026-09-03T20:21:50.454624 [EFF] n=5 last=58588 min=58472 max=58588 late=0 stuck=0 rderr=0
2026-09-03T20:21:50.458492 [DWT] ok=1 cyc=2526157403 cyc_per_ms=800000
2026-09-03T20:21:51.472827 [HB] up_ms=5781083 frames=274008 inf=274008 hazard=35096 canary_err=0 q=0 qovr=0
2026-09-03T20:21:51.483954 [I2C] init=0 gate=0 whoami=0x201e0 wr=0 wrseen=0x27 addr=0x5a ok=1108985 err=0 tmo=0 recov=0 pclk1=200000000 sysclk=400000000
2026-09-03T20:21:51.485316 [NAK] nacks=0
2026-09-03T20:21:51.489947 [CLK] cpu=800000000 sysb=400000000 pclk1=200000000
2026-09-03T20:21:51.494592 [TOF] res=0 step=0 id=0xeacc blk=0xeacc10 ctl=0x0
2026-09-03T20:21:51.500311 [RNG] init=0 step=99 id=0xeacc boot=1 calls=93 xerr=0 dm=1 tb=15
2026-09-03T20:21:51.507204 [RNG] osc=41 imp=881 imprb=881 mstart=0x40 cfg=91 cfgfail=0x0 vhv=0 vpolls=0
2026-09-03T20:21:51.513628 [PRT] calls=1095499 xerr=0 ler=1 lidx=0x0 perr=0 maxcnt=17 addr8=0x52
2026-09-03T20:21:51.517675 [RTY] wr=0 wmax=0 wref=0  rd=0 rmax=0 rref=0
2026-09-03T20:21:51.525702 [RNG] frames=273684 last=47 min=23 max=61 nrdy=327 dxfer=0 dstat=0 lst=0 nrdyerr=0 dclr=0
2026-09-03T20:21:51.531941 [DRV] init=0 id=7 mode=0x1 lib=0x2 seq=0x1 odc=0x8b sts=0xe0 armed=1
2026-09-03T20:21:51.537669 [TRG] pulses=2569 suppressed=32527 cyc=1600 rst=1 rstmode=0x40
2026-09-03T20:21:51.541061 [HLT] polls=5480 faults=0x0 cfglost=0
2026-09-03T20:21:51.546798 [EFF] n=5 last=58588 min=58472 max=58588 late=0 stuck=0 rderr=0
2026-09-03T20:21:51.550807 [DWT] ok=1 cyc=3394157247 cyc_per_ms=799999
2026-09-03T20:21:52.564414 [HB] up_ms=5782168 frames=274060 inf=274060 hazard=35116 canary_err=0 q=0 qovr=0
2026-09-03T20:21:52.575763 [I2C] init=0 gate=0 whoami=0x201e0 wr=0 wrseen=0x27 addr=0x5a ok=1109191 err=0 tmo=0 recov=0 pclk1=200000000 sysclk=400000000
2026-09-03T20:21:52.577165 [NAK] nacks=0
2026-09-03T20:21:52.581638 [CLK] cpu=800000000 sysb=400000000 pclk1=200000000
2026-09-03T20:21:52.586169 [TOF] res=0 step=0 id=0xeacc blk=0xeacc10 ctl=0x0
2026-09-03T20:21:52.592006 [RNG] init=0 step=99 id=0xeacc boot=1 calls=93 xerr=0 dm=1 tb=15
2026-09-03T20:21:52.598989 [RNG] osc=41 imp=881 imprb=881 mstart=0x40 cfg=91 cfgfail=0x0 vhv=0 vpolls=0
2026-09-03T20:21:52.605246 [PRT] calls=1095707 xerr=0 ler=1 lidx=0x0 perr=0 maxcnt=17 addr8=0x52
2026-09-03T20:21:52.609368 [RTY] wr=0 wmax=0 wref=0  rd=0 rmax=0 rref=0
2026-09-03T20:21:52.617359 [RNG] frames=273735 last=40 min=23 max=61 nrdy=327 dxfer=0 dstat=0 lst=0 nrdyerr=0 dclr=0
2026-09-03T20:21:52.623773 [DRV] init=0 id=7 mode=0x1 lib=0x2 seq=0x1 odc=0x8b sts=0xe0 armed=1
2026-09-03T20:21:52.629230 [TRG] pulses=2571 suppressed=32548 cyc=1600 rst=1 rstmode=0x40
2026-09-03T20:21:52.632725 [HLT] polls=5481 faults=0x0 cfglost=0
2026-09-03T20:21:52.638472 [EFF] n=5 last=58588 min=58472 max=58588 late=0 stuck=0 rderr=0
2026-09-03T20:21:52.642612 [DWT] ok=1 cyc=4262058059 cyc_per_ms=799908
2026-09-03T20:21:53.656948 [HB] up_ms=5783253 frames=274111 inf=274111 hazard=35137 canary_err=0 q=0 qovr=0
2026-09-03T20:21:53.668204 [I2C] init=0 gate=0 whoami=0x201e0 wr=0 wrseen=0x27 addr=0x5a ok=1109400 err=0 tmo=0 recov=0 pclk1=200000000 sysclk=400000000
2026-09-03T20:21:53.669593 [NAK] nacks=0
2026-09-03T20:21:53.674205 [CLK] cpu=800000000 sysb=400000000 pclk1=200000000
2026-09-03T20:21:53.678705 [TOF] res=0 step=0 id=0xeacc blk=0xeacc10 ctl=0x0
2026-09-03T20:21:53.684655 [RNG] init=0 step=99 id=0xeacc boot=1 calls=93 xerr=0 dm=1 tb=15
2026-09-03T20:21:53.691581 [RNG] osc=41 imp=881 imprb=881 mstart=0x40 cfg=91 cfgfail=0x0 vhv=0 vpolls=0
2026-09-03T20:21:53.697814 [PRT] calls=1095911 xerr=0 ler=1 lidx=0x0 perr=0 maxcnt=17 addr8=0x52
2026-09-03T20:21:53.701933 [RTY] wr=0 wmax=0 wref=0  rd=0 rmax=0 rref=0
2026-09-03T20:21:53.710058 [RNG] frames=273787 last=37 min=23 max=61 nrdy=327 dxfer=0 dstat=0 lst=0 nrdyerr=0 dclr=0
2026-09-03T20:21:53.716176 [DRV] init=0 id=7 mode=0x1 lib=0x2 seq=0x1 odc=0x8b sts=0xe0 armed=1
2026-09-03T20:21:53.721917 [TRG] pulses=2572 suppressed=32565 cyc=1600 rst=1 rstmode=0x40
2026-09-03T20:21:53.725452 [HLT] polls=5482 faults=0x0 cfglost=0
2026-09-03T20:21:53.731167 [EFF] n=5 last=58588 min=58472 max=58588 late=0 stuck=0 rderr=0
2026-09-03T20:21:53.735044 [DWT] ok=1 cyc=835189967 cyc_per_ms=800091
2026-09-03T20:21:54.749630 [HB] up_ms=5784338 frames=274163 inf=274163 hazard=35137 canary_err=0 q=0 qovr=0
2026-09-03T20:21:54.760866 [I2C] init=0 gate=0 whoami=0x201e0 wr=0 wrseen=0x27 addr=0x5a ok=1109607 err=0 tmo=0 recov=0 pclk1=200000000 sysclk=400000000
2026-09-03T20:21:54.762363 [NAK] nacks=0
2026-09-03T20:21:54.766860 [CLK] cpu=800000000 sysb=400000000 pclk1=200000000
2026-09-03T20:21:54.771488 [TOF] res=0 step=0 id=0xeacc blk=0xeacc10 ctl=0x0
2026-09-03T20:21:54.777228 [RNG] init=0 step=99 id=0xeacc boot=1 calls=93 xerr=0 dm=1 tb=15
2026-09-03T20:21:54.784230 [RNG] osc=41 imp=881 imprb=881 mstart=0x40 cfg=91 cfgfail=0x0 vhv=0 vpolls=0
2026-09-03T20:21:54.790485 [PRT] calls=1096119 xerr=0 ler=1 lidx=0x0 perr=0 maxcnt=17 addr8=0x52
2026-09-03T20:21:54.794621 [RTY] wr=0 wmax=0 wref=0  rd=0 rmax=0 rref=0
2026-09-03T20:21:54.802663 [RNG] frames=273838 last=41 min=23 max=61 nrdy=327 dxfer=0 dstat=0 lst=0 nrdyerr=0 dclr=0
2026-09-03T20:21:54.809001 [DRV] init=0 id=7 mode=0x1 lib=0x2 seq=0x1 odc=0x8b sts=0xe0 armed=1
2026-09-03T20:21:54.814634 [TRG] pulses=2572 suppressed=32565 cyc=1600 rst=1 rstmode=0x40
2026-09-03T20:21:54.818111 [HLT] polls=5483 faults=0x0 cfglost=0
2026-09-03T20:21:54.823867 [EFF] n=5 last=58588 min=58472 max=58588 late=0 stuck=0 rderr=0
2026-09-03T20:21:54.827862 [DWT] ok=1 cyc=1703088107 cyc_per_ms=799906
2026-09-03T20:21:55.841537 [HB] up_ms=5785423 frames=274214 inf=274214 hazard=35137 canary_err=0 q=0 qovr=0
2026-09-03T20:21:55.852837 [I2C] init=0 gate=0 whoami=0x201e0 wr=0 wrseen=0x27 addr=0x5a ok=1109813 err=0 tmo=0 recov=0 pclk1=200000000 sysclk=400000000
2026-09-03T20:21:55.854199 [NAK] nacks=0
2026-09-03T20:21:55.858734 [CLK] cpu=800000000 sysb=400000000 pclk1=200000000
2026-09-03T20:21:55.863318 [TOF] res=0 step=0 id=0xeacc blk=0xeacc10 ctl=0x0
2026-09-03T20:21:55.869200 [RNG] init=0 step=99 id=0xeacc boot=1 calls=93 xerr=0 dm=1 tb=15
2026-09-03T20:21:55.876103 [RNG] osc=41 imp=881 imprb=881 mstart=0x40 cfg=91 cfgfail=0x0 vhv=0 vpolls=0
2026-09-03T20:21:55.882317 [PRT] calls=1096323 xerr=0 ler=1 lidx=0x0 perr=0 maxcnt=17 addr8=0x52
2026-09-03T20:21:55.886433 [RTY] wr=0 wmax=0 wref=0  rd=0 rmax=0 rref=0
2026-09-03T20:21:55.894579 [RNG] frames=273889 last=52 min=23 max=61 nrdy=327 dxfer=0 dstat=0 lst=0 nrdyerr=0 dclr=0
2026-09-03T20:21:55.900809 [DRV] init=0 id=7 mode=0x1 lib=0x2 seq=0x1 odc=0x8b sts=0xe0 armed=1
2026-09-03T20:21:55.906444 [TRG] pulses=2572 suppressed=32565 cyc=1600 rst=1 rstmode=0x40
2026-09-03T20:21:55.909831 [HLT] polls=5484 faults=0x0 cfglost=0
2026-09-03T20:21:55.915680 [EFF] n=5 last=58588 min=58472 max=58588 late=0 stuck=0 rderr=0
2026-09-03T20:21:55.919684 [DWT] ok=1 cyc=2571190007 cyc_per_ms=800093
2026-09-03T20:21:56.933390 [HB] up_ms=5786508 frames=274266 inf=274266 hazard=35137 canary_err=0 q=0 qovr=0
2026-09-03T20:21:56.944533 [I2C] init=0 gate=0 whoami=0x201e0 wr=0 wrseen=0x27 addr=0x5a ok=1110023 err=0 tmo=0 recov=0 pclk1=200000000 sysclk=400000000
2026-09-03T20:21:56.945772 [NAK] nacks=0
2026-09-03T20:21:56.950528 [CLK] cpu=800000000 sysb=400000000 pclk1=200000000
2026-09-03T20:21:56.955023 [TOF] res=0 step=0 id=0xeacc blk=0xeacc10 ctl=0x0
2026-09-03T20:21:56.960899 [RNG] init=0 step=99 id=0xeacc boot=1 calls=93 xerr=0 dm=1 tb=15
2026-09-03T20:21:56.967766 [RNG] osc=41 imp=881 imprb=881 mstart=0x40 cfg=91 cfgfail=0x0 vhv=0 vpolls=0
2026-09-03T20:21:56.974151 [PRT] calls=1096527 xerr=0 ler=1 lidx=0x0 perr=0 maxcnt=17 addr8=0x52
2026-09-03T20:21:56.978142 [RTY] wr=0 wmax=0 wref=0  rd=0 rmax=0 rref=0
2026-09-03T20:21:56.986329 [RNG] frames=273941 last=49 min=23 max=61 nrdy=327 dxfer=0 dstat=0 lst=0 nrdyerr=0 dclr=0
2026-09-03T20:21:56.992415 [DRV] init=0 id=7 mode=0x1 lib=0x2 seq=0x1 odc=0x8b sts=0xe0 armed=1
2026-09-03T20:21:56.998128 [TRG] pulses=2572 suppressed=32565 cyc=1600 rst=1 rstmode=0x40
2026-09-03T20:21:57.001667 [HLT] polls=5485 faults=0x0 cfglost=0
2026-09-03T20:21:57.007388 [EFF] n=5 last=58588 min=58472 max=58588 late=0 stuck=0 rderr=0
2026-09-03T20:21:57.011379 [DWT] ok=1 cyc=3439189323 cyc_per_ms=799999
2026-09-03T20:21:58.024750 [HB] up_ms=5787593 frames=274317 inf=274317 hazard=35137 canary_err=0 q=0 qovr=0
2026-09-03T20:21:58.036119 [I2C] init=0 gate=0 whoami=0x201e0 wr=0 wrseen=0x27 addr=0x5a ok=1110229 err=0 tmo=0 recov=0 pclk1=200000000 sysclk=400000000
2026-09-03T20:21:58.037370 [NAK] nacks=0
2026-09-03T20:21:58.041995 [CLK] cpu=800000000 sysb=400000000 pclk1=200000000
2026-09-03T20:21:58.046460 [TOF] res=0 step=0 id=0xeacc blk=0xeacc10 ctl=0x0
2026-09-03T20:21:58.052390 [RNG] init=0 step=99 id=0xeacc boot=1 calls=93 xerr=0 dm=1 tb=15
2026-09-03T20:21:58.059349 [RNG] osc=41 imp=881 imprb=881 mstart=0x40 cfg=91 cfgfail=0x0 vhv=0 vpolls=0
2026-09-03T20:21:58.065618 [PRT] calls=1096735 xerr=0 ler=1 lidx=0x0 perr=0 maxcnt=17 addr8=0x52
2026-09-03T20:21:58.069627 [RTY] wr=0 wmax=0 wref=0  rd=0 rmax=0 rref=0
2026-09-03T20:21:58.077854 [RNG] frames=273992 last=43 min=23 max=61 nrdy=327 dxfer=0 dstat=0 lst=0 nrdyerr=0 dclr=0
2026-09-03T20:21:58.084015 [DRV] init=0 id=7 mode=0x1 lib=0x2 seq=0x1 odc=0x8b sts=0xe0 armed=1
2026-09-03T20:21:58.089648 [TRG] pulses=2572 suppressed=32565 cyc=1600 rst=1 rstmode=0x40
2026-09-03T20:21:58.093087 [HLT] polls=5486 faults=0x0 cfglost=0
2026-09-03T20:21:58.098951 [EFF] n=5 last=58588 min=58472 max=58588 late=0 stuck=0 rderr=0
2026-09-03T20:21:58.102714 [DWT] ok=1 cyc=12222811 cyc_per_ms=800000
2026-09-03T20:21:59.117235 [HB] up_ms=5788678 frames=274368 inf=274368 hazard=35145 canary_err=0 q=0 qovr=0
2026-09-03T20:21:59.128444 [I2C] init=0 gate=0 whoami=0x201e0 wr=0 wrseen=0x27 addr=0x5a ok=1110439 err=0 tmo=0 recov=0 pclk1=200000000 sysclk=400000000
2026-09-03T20:21:59.129812 [NAK] nacks=0
2026-09-03T20:21:59.134328 [CLK] cpu=800000000 sysb=400000000 pclk1=200000000
2026-09-03T20:21:59.138956 [TOF] res=0 step=0 id=0xeacc blk=0xeacc10 ctl=0x0
2026-09-03T20:21:59.144802 [RNG] init=0 step=99 id=0xeacc boot=1 calls=93 xerr=0 dm=1 tb=15
2026-09-03T20:21:59.151708 [RNG] osc=41 imp=881 imprb=881 mstart=0x40 cfg=91 cfgfail=0x0 vhv=0 vpolls=0
2026-09-03T20:21:59.158053 [PRT] calls=1096939 xerr=0 ler=1 lidx=0x0 perr=0 maxcnt=17 addr8=0x52
2026-09-03T20:21:59.162171 [RTY] wr=0 wmax=0 wref=0  rd=0 rmax=0 rref=0
2026-09-03T20:21:59.170250 [RNG] frames=274044 last=41 min=23 max=61 nrdy=327 dxfer=0 dstat=0 lst=0 nrdyerr=0 dclr=0
2026-09-03T20:21:59.176440 [DRV] init=0 id=7 mode=0x1 lib=0x2 seq=0x1 odc=0x8b sts=0xe0 armed=1
2026-09-03T20:21:59.182197 [TRG] pulses=2573 suppressed=32575 cyc=1600 rst=1 rstmode=0x40
2026-09-03T20:21:59.185721 [HLT] polls=5487 faults=0x0 cfglost=0
2026-09-03T20:21:59.191414 [EFF] n=5 last=58588 min=58472 max=58588 late=0 stuck=0 rderr=0
2026-09-03T20:21:59.195267 [DWT] ok=1 cyc=880226371 cyc_per_ms=800003
2026-09-03T20:22:00.209281 [HB] up_ms=5789763 frames=274420 inf=274420 hazard=35178 canary_err=0 q=0 qovr=0
2026-09-03T20:22:00.220700 [I2C] init=0 gate=0 whoami=0x201e0 wr=0 wrseen=0x27 addr=0x5a ok=1110645 err=0 tmo=0 recov=0 pclk1=200000000 sysclk=400000000
2026-09-03T20:22:00.222025 [NAK] nacks=0
2026-09-03T20:22:00.226510 [CLK] cpu=800000000 sysb=400000000 pclk1=200000000
2026-09-03T20:22:00.231007 [TOF] res=0 step=0 id=0xeacc blk=0xeacc10 ctl=0x0
2026-09-03T20:22:00.236908 [RNG] init=0 step=99 id=0xeacc boot=1 calls=93 xerr=0 dm=1 tb=15
2026-09-03T20:22:00.243896 [RNG] osc=41 imp=881 imprb=881 mstart=0x40 cfg=91 cfgfail=0x0 vhv=0 vpolls=0
2026-09-03T20:22:00.250201 [PRT] calls=1097147 xerr=0 ler=1 lidx=0x0 perr=0 maxcnt=17 addr8=0x52
2026-09-03T20:22:00.254281 [RTY] wr=0 wmax=0 wref=0  rd=0 rmax=0 rref=0
2026-09-03T20:22:00.262382 [RNG] frames=274095 last=38 min=23 max=61 nrdy=327 dxfer=0 dstat=0 lst=0 nrdyerr=0 dclr=0
2026-09-03T20:22:00.268691 [DRV] init=0 id=7 mode=0x1 lib=0x2 seq=0x1 odc=0x8b sts=0xe0 armed=1
2026-09-03T20:22:00.274255 [TRG] pulses=2575 suppressed=32603 cyc=1600 rst=1 rstmode=0x40
2026-09-03T20:22:00.277742 [HLT] polls=5488 faults=0x0 cfglost=0
2026-09-03T20:22:00.283530 [EFF] n=5 last=58588 min=58472 max=58588 late=0 stuck=0 rderr=0
2026-09-03T20:22:00.288262 [DWT] ok=1 cyc=1748120711 cyc_per_ms=799902
2026-09-03T20:22:01.301375 [HB] up_ms=5790848 frames=274471 inf=274471 hazard=35178 canary_err=0 q=0 qovr=0
2026-09-03T20:22:01.312629 [I2C] init=0 gate=0 whoami=0x201e0 wr=0 wrseen=0x27 addr=0x5a ok=1110852 err=0 tmo=0 recov=0 pclk1=200000000 sysclk=400000000
2026-09-03T20:22:01.313971 [NAK] nacks=0
2026-09-03T20:22:01.318484 [CLK] cpu=800000000 sysb=400000000 pclk1=200000000
2026-09-03T20:22:01.323099 [TOF] res=0 step=0 id=0xeacc blk=0xeacc10 ctl=0x0
2026-09-03T20:22:01.328964 [RNG] init=0 step=99 id=0xeacc boot=1 calls=93 xerr=0 dm=1 tb=15
2026-09-03T20:22:01.335862 [RNG] osc=41 imp=881 imprb=881 mstart=0x40 cfg=91 cfgfail=0x0 vhv=0 vpolls=0
2026-09-03T20:22:01.342095 [PRT] calls=1097349 xerr=0 ler=1 lidx=0x0 perr=0 maxcnt=17 addr8=0x52
2026-09-03T20:22:01.346336 [RTY] wr=0 wmax=0 wref=0  rd=0 rmax=0 rref=0
2026-09-03T20:22:01.354349 [RNG] frames=274146 last=36 min=23 max=61 nrdy=328 dxfer=0 dstat=0 lst=0 nrdyerr=0 dclr=0
2026-09-03T20:22:01.360468 [DRV] init=0 id=7 mode=0x1 lib=0x2 seq=0x1 odc=0x8b sts=0xe0 armed=1
2026-09-03T20:22:01.366215 [TRG] pulses=2575 suppressed=32603 cyc=1600 rst=1 rstmode=0x40
2026-09-03T20:22:01.369742 [HLT] polls=5489 faults=0x0 cfglost=0
2026-09-03T20:22:01.375470 [EFF] n=5 last=58588 min=58472 max=58588 late=0 stuck=0 rderr=0
2026-09-03T20:22:01.379443 [DWT] ok=1 cyc=2616222679 cyc_per_ms=800093
2026-09-03T20:22:02.392835 [HB] up_ms=5791933 frames=274523 inf=274523 hazard=35178 canary_err=0 q=0 qovr=0
2026-09-03T20:22:02.404152 [I2C] init=0 gate=0 whoami=0x201e0 wr=0 wrseen=0x27 addr=0x5a ok=1111057 err=0 tmo=0 recov=0 pclk1=200000000 sysclk=400000000
2026-09-03T20:22:02.405445 [NAK] nacks=0
2026-09-03T20:22:02.410064 [CLK] cpu=800000000 sysb=400000000 pclk1=200000000
2026-09-03T20:22:02.414583 [TOF] res=0 step=0 id=0xeacc blk=0xeacc10 ctl=0x0
2026-09-03T20:22:02.420324 [RNG] init=0 step=99 id=0xeacc boot=1 calls=93 xerr=0 dm=1 tb=15
2026-09-03T20:22:02.427311 [RNG] osc=41 imp=881 imprb=881 mstart=0x40 cfg=91 cfgfail=0x0 vhv=0 vpolls=0
2026-09-03T20:22:02.433592 [PRT] calls=1097555 xerr=0 ler=1 lidx=0x0 perr=0 maxcnt=17 addr8=0x52
2026-09-03T20:22:02.438678 [RTY] wr=0 wmax=0 wref=0  rd=0 rmax=0 rref=0
2026-09-03T20:22:02.445686 [RNG] frames=274196 last=41 min=23 max=61 nrdy=329 dxfer=0 dstat=0 lst=0 nrdyerr=0 dclr=0
2026-09-03T20:22:02.452177 [DRV] init=0 id=7 mode=0x1 lib=0x2 seq=0x1 odc=0x8b sts=0xe0 armed=1
2026-09-03T20:22:02.457656 [TRG] pulses=2575 suppressed=32603 cyc=1600 rst=1 rstmode=0x40
2026-09-03T20:22:02.461036 [HLT] polls=5490 faults=0x0 cfglost=0
2026-09-03T20:22:02.466814 [EFF] n=5 last=58588 min=58472 max=58588 late=0 stuck=0 rderr=0
2026-09-03T20:22:02.470946 [DWT] ok=1 cyc=3484120719 cyc_per_ms=799906
2026-09-03T20:22:03.483814 [HB] up_ms=5793018 frames=274574 inf=274574 hazard=35178 canary_err=0 q=0 qovr=0
2026-09-03T20:22:03.495170 [I2C] init=0 gate=0 whoami=0x201e0 wr=0 wrseen=0x27 addr=0x5a ok=1111263 err=0 tmo=0 recov=0 pclk1=200000000 sysclk=400000000
2026-09-03T20:22:03.496534 [NAK] nacks=0
2026-09-03T20:22:03.501037 [CLK] cpu=800000000 sysb=400000000 pclk1=200000000
2026-09-03T20:22:03.505511 [TOF] res=0 step=0 id=0xeacc blk=0xeacc10 ctl=0x0
2026-09-03T20:22:03.511539 [RNG] init=0 step=99 id=0xeacc boot=1 calls=93 xerr=0 dm=1 tb=15
2026-09-03T20:22:03.518649 [RNG] osc=41 imp=881 imprb=881 mstart=0x40 cfg=91 cfgfail=0x0 vhv=0 vpolls=0
2026-09-03T20:22:03.524645 [PRT] calls=1097759 xerr=0 ler=1 lidx=0x0 perr=0 maxcnt=17 addr8=0x52
2026-09-03T20:22:03.528757 [RTY] wr=0 wmax=0 wref=0  rd=0 rmax=0 rref=0
2026-09-03T20:22:03.536886 [RNG] frames=274247 last=39 min=23 max=61 nrdy=329 dxfer=0 dstat=0 lst=0 nrdyerr=0 dclr=0
2026-09-03T20:22:03.542994 [DRV] init=0 id=7 mode=0x1 lib=0x2 seq=0x1 odc=0x8b sts=0xe0 armed=1
2026-09-03T20:22:03.548719 [TRG] pulses=2575 suppressed=32603 cyc=1600 rst=1 rstmode=0x40
2026-09-03T20:22:03.553161 [HLT] polls=5491 faults=0x0 cfglost=0
2026-09-03T20:22:03.558003 [EFF] n=5 last=58588 min=58472 max=58588 late=0 stuck=0 rderr=0
2026-09-03T20:22:03.561743 [DWT] ok=1 cyc=57255427 cyc_per_ms=800094
2026-09-03T20:22:04.575012 [HB] up_ms=5794103 frames=274626 inf=274626 hazard=35178 canary_err=0 q=0 qovr=0
2026-09-03T20:22:04.586329 [I2C] init=0 gate=0 whoami=0x201e0 wr=0 wrseen=0x27 addr=0x5a ok=1111473 err=0 tmo=0 recov=0 pclk1=200000000 sysclk=400000000
2026-09-03T20:22:04.587509 [NAK] nacks=0
2026-09-03T20:22:04.592262 [CLK] cpu=800000000 sysb=400000000 pclk1=200000000
2026-09-03T20:22:04.596770 [TOF] res=0 step=0 id=0xeacc blk=0xeacc10 ctl=0x0
2026-09-03T20:22:04.602512 [RNG] init=0 step=99 id=0xeacc boot=1 calls=93 xerr=0 dm=1 tb=15
2026-09-03T20:22:04.609494 [RNG] osc=41 imp=881 imprb=881 mstart=0x40 cfg=91 cfgfail=0x0 vhv=0 vpolls=0
2026-09-03T20:22:04.615906 [PRT] calls=1097963 xerr=0 ler=1 lidx=0x0 perr=0 maxcnt=17 addr8=0x52
2026-09-03T20:22:04.619902 [RTY] wr=0 wmax=0 wref=0  rd=0 rmax=0 rref=0
2026-09-03T20:22:04.628122 [RNG] frames=274299 last=38 min=23 max=61 nrdy=329 dxfer=0 dstat=0 lst=0 nrdyerr=0 dclr=0
2026-09-03T20:22:04.634397 [DRV] init=0 id=7 mode=0x1 lib=0x2 seq=0x1 odc=0x8b sts=0xe0 armed=1
2026-09-03T20:22:04.639864 [TRG] pulses=2575 suppressed=32603 cyc=1600 rst=1 rstmode=0x40
2026-09-03T20:22:04.643365 [HLT] polls=5492 faults=0x0 cfglost=0
2026-09-03T20:22:04.649103 [EFF] n=5 last=58588 min=58472 max=58588 late=0 stuck=0 rderr=0
2026-09-03T20:22:04.653003 [DWT] ok=1 cyc=925254707 cyc_per_ms=799999
2026-09-03T20:22:05.666361 [HB] up_ms=5795188 frames=274677 inf=274677 hazard=35178 canary_err=0 q=0 qovr=0
2026-09-03T20:22:05.677732 [I2C] init=0 gate=0 whoami=0x201e0 wr=0 wrseen=0x27 addr=0x5a ok=1111677 err=0 tmo=0 recov=0 pclk1=200000000 sysclk=400000000
2026-09-03T20:22:05.678988 [NAK] nacks=0
2026-09-03T20:22:05.683659 [CLK] cpu=800000000 sysb=400000000 pclk1=200000000
2026-09-03T20:22:05.688092 [TOF] res=0 step=0 id=0xeacc blk=0xeacc10 ctl=0x0
2026-09-03T20:22:05.693990 [RNG] init=0 step=99 id=0xeacc boot=1 calls=93 xerr=0 dm=1 tb=15
2026-09-03T20:22:05.700972 [RNG] osc=41 imp=881 imprb=881 mstart=0x40 cfg=91 cfgfail=0x0 vhv=0 vpolls=0
2026-09-03T20:22:05.707241 [PRT] calls=1098169 xerr=0 ler=1 lidx=0x0 perr=0 maxcnt=17 addr8=0x52
2026-09-03T20:22:05.711233 [RTY] wr=0 wmax=0 wref=0  rd=0 rmax=0 rref=0
2026-09-03T20:22:05.719472 [RNG] frames=274349 last=49 min=23 max=61 nrdy=330 dxfer=0 dstat=0 lst=0 nrdyerr=0 dclr=0
2026-09-03T20:22:05.725597 [DRV] init=0 id=7 mode=0x1 lib=0x2 seq=0x1 odc=0x8b sts=0xe0 armed=1
2026-09-03T20:22:05.731227 [TRG] pulses=2575 suppressed=32603 cyc=1600 rst=1 rstmode=0x40
2026-09-03T20:22:05.734717 [HLT] polls=5493 faults=0x0 cfglost=0
2026-09-03T20:22:05.740614 [EFF] n=5 last=58588 min=58472 max=58588 late=0 stuck=0 rderr=0
2026-09-03T20:22:05.744597 [DWT] ok=1 cyc=1793258947 cyc_per_ms=800003
2026-09-03T20:22:06.758215 [HB] up_ms=5796273 frames=274728 inf=274728 hazard=35219 canary_err=0 q=0 qovr=0
2026-09-03T20:22:06.769464 [I2C] init=0 gate=0 whoami=0x201e0 wr=0 wrseen=0x27 addr=0x5a ok=1111887 err=0 tmo=0 recov=0 pclk1=200000000 sysclk=400000000
2026-09-03T20:22:06.770771 [NAK] nacks=0
2026-09-03T20:22:06.775325 [CLK] cpu=800000000 sysb=400000000 pclk1=200000000
2026-09-03T20:22:06.780035 [TOF] res=0 step=0 id=0xeacc blk=0xeacc10 ctl=0x0
2026-09-03T20:22:06.785828 [RNG] init=0 step=99 id=0xeacc boot=1 calls=93 xerr=0 dm=1 tb=15
2026-09-03T20:22:06.792698 [RNG] osc=41 imp=881 imprb=881 mstart=0x40 cfg=91 cfgfail=0x0 vhv=0 vpolls=0
2026-09-03T20:22:06.799090 [PRT] calls=1098373 xerr=0 ler=1 lidx=0x0 perr=0 maxcnt=17 addr8=0x52
2026-09-03T20:22:06.803079 [RTY] wr=0 wmax=0 wref=0  rd=0 rmax=0 rref=0
2026-09-03T20:22:06.811178 [RNG] frames=274401 last=44 min=23 max=61 nrdy=330 dxfer=0 dstat=0 lst=0 nrdyerr=0 dclr=0
2026-09-03T20:22:06.817373 [DRV] init=0 id=7 mode=0x1 lib=0x2 seq=0x1 odc=0x8b sts=0xe0 armed=1
2026-09-03T20:22:06.823172 [TRG] pulses=2578 suppressed=32641 cyc=1600 rst=1 rstmode=0x40
2026-09-03T20:22:06.826574 [HLT] polls=5494 faults=0x0 cfglost=0
2026-09-03T20:22:06.832351 [EFF] n=5 last=58588 min=58472 max=58588 late=0 stuck=0 rderr=0
2026-09-03T20:22:06.836329 [DWT] ok=1 cyc=2661255347 cyc_per_ms=799996
2026-09-03T20:22:07.849955 [HB] up_ms=5797358 frames=274780 inf=274780 hazard=35219 canary_err=0 q=0 qovr=0
2026-09-03T20:22:07.861318 [I2C] init=0 gate=0 whoami=0x201e0 wr=0 wrseen=0x27 addr=0x5a ok=1112093 err=0 tmo=0 recov=0 pclk1=200000000 sysclk=400000000
2026-09-03T20:22:07.862573 [NAK] nacks=0
2026-09-03T20:22:07.867182 [CLK] cpu=800000000 sysb=400000000 pclk1=200000000
2026-09-03T20:22:07.871686 [TOF] res=0 step=0 id=0xeacc blk=0xeacc10 ctl=0x0
2026-09-03T20:22:07.877567 [RNG] init=0 step=99 id=0xeacc boot=1 calls=93 xerr=0 dm=1 tb=15
2026-09-03T20:22:07.884547 [RNG] osc=41 imp=881 imprb=881 mstart=0x40 cfg=91 cfgfail=0x0 vhv=0 vpolls=0
2026-09-03T20:22:07.890789 [PRT] calls=1098581 xerr=0 ler=1 lidx=0x0 perr=0 maxcnt=17 addr8=0x52
2026-09-03T20:22:07.894915 [RTY] wr=0 wmax=0 wref=0  rd=0 rmax=0 rref=0
2026-09-03T20:22:07.903044 [RNG] frames=274452 last=47 min=23 max=61 nrdy=330 dxfer=0 dstat=0 lst=0 nrdyerr=0 dclr=0
2026-09-03T20:22:07.909166 [DRV] init=0 id=7 mode=0x1 lib=0x2 seq=0x1 odc=0x8b sts=0xe0 armed=1
2026-09-03T20:22:07.914786 [TRG] pulses=2578 suppressed=32641 cyc=1600 rst=1 rstmode=0x40
2026-09-03T20:22:07.918291 [HLT] polls=5495 faults=0x0 cfglost=0
2026-09-03T20:22:07.924029 [EFF] n=5 last=58588 min=58472 max=58588 late=0 stuck=0 rderr=0
2026-09-03T20:22:07.928148 [DWT] ok=1 cyc=3529153419 cyc_per_ms=799906
2026-09-03T20:22:08.941547 [HB] up_ms=5798443 frames=274831 inf=274831 hazard=35219 canary_err=0 q=0 qovr=0
2026-09-03T20:22:08.952795 [I2C] init=0 gate=0 whoami=0x201e0 wr=0 wrseen=0x27 addr=0x5a ok=1112302 err=0 tmo=0 recov=0 pclk1=200000000 sysclk=400000000
2026-09-03T20:22:08.954032 [NAK] nacks=0
2026-09-03T20:22:08.958677 [CLK] cpu=800000000 sysb=400000000 pclk1=200000000
2026-09-03T20:22:08.963285 [TOF] res=0 step=0 id=0xeacc blk=0xeacc10 ctl=0x0
2026-09-03T20:22:08.969152 [RNG] init=0 step=99 id=0xeacc boot=1 calls=93 xerr=0 dm=1 tb=15
2026-09-03T20:22:08.976034 [RNG] osc=41 imp=881 imprb=881 mstart=0x40 cfg=91 cfgfail=0x0 vhv=0 vpolls=0
2026-09-03T20:22:08.982289 [PRT] calls=1098785 xerr=0 ler=1 lidx=0x0 perr=0 maxcnt=17 addr8=0x52
2026-09-03T20:22:08.986410 [RTY] wr=0 wmax=0 wref=0  rd=0 rmax=0 rref=0
2026-09-03T20:22:08.994542 [RNG] frames=274504 last=35 min=23 max=61 nrdy=330 dxfer=0 dstat=0 lst=0 nrdyerr=0 dclr=0
2026-09-03T20:22:09.000671 [DRV] init=0 id=7 mode=0x1 lib=0x2 seq=0x1 odc=0x8b sts=0xe0 armed=1
2026-09-03T20:22:09.006261 [TRG] pulses=2578 suppressed=32641 cyc=1600 rst=1 rstmode=0x40
2026-09-03T20:22:09.009891 [HLT] polls=5496 faults=0x0 cfglost=0
2026-09-03T20:22:09.015714 [EFF] n=5 last=58588 min=58472 max=58588 late=0 stuck=0 rderr=0
2026-09-03T20:22:09.019521 [DWT] ok=1 cyc=102288087 cyc_per_ms=800093
2026-09-03T20:22:10.032665 [HB] up_ms=5799528 frames=274883 inf=274883 hazard=35219 canary_err=0 q=0 qovr=0
2026-09-03T20:22:10.043906 [I2C] init=0 gate=0 whoami=0x201e0 wr=0 wrseen=0x27 addr=0x5a ok=1112509 err=0 tmo=0 recov=0 pclk1=200000000 sysclk=400000000
2026-09-03T20:22:10.045278 [NAK] nacks=0
2026-09-03T20:22:10.049928 [CLK] cpu=800000000 sysb=400000000 pclk1=200000000
2026-09-03T20:22:10.054391 [TOF] res=0 step=0 id=0xeacc blk=0xeacc10 ctl=0x0
2026-09-03T20:22:10.060266 [RNG] init=0 step=99 id=0xeacc boot=1 calls=93 xerr=0 dm=1 tb=15
2026-09-03T20:22:10.067273 [RNG] osc=41 imp=881 imprb=881 mstart=0x40 cfg=91 cfgfail=0x0 vhv=0 vpolls=0
2026-09-03T20:22:10.073519 [PRT] calls=1098993 xerr=0 ler=1 lidx=0x0 perr=0 maxcnt=17 addr8=0x52
2026-09-03T20:22:10.077660 [RTY] wr=0 wmax=0 wref=0  rd=0 rmax=0 rref=0
2026-09-03T20:22:10.085671 [RNG] frames=274555 last=38 min=23 max=61 nrdy=330 dxfer=0 dstat=0 lst=0 nrdyerr=0 dclr=0
2026-09-03T20:22:10.091878 [DRV] init=0 id=7 mode=0x1 lib=0x2 seq=0x1 odc=0x8b sts=0xe0 armed=1
2026-09-03T20:22:10.097501 [TRG] pulses=2578 suppressed=32641 cyc=1600 rst=1 rstmode=0x40
2026-09-03T20:22:10.100998 [HLT] polls=5497 faults=0x0 cfglost=0
2026-09-03T20:22:10.106753 [EFF] n=5 last=58588 min=58472 max=58588 late=0 stuck=0 rderr=0
2026-09-03T20:22:10.110744 [DWT] ok=1 cyc=970186223 cyc_per_ms=799906
2026-09-03T20:22:11.124277 [HB] up_ms=5800613 frames=274934 inf=274934 hazard=35219 canary_err=0 q=0 qovr=0
2026-09-03T20:22:11.135701 [I2C] init=0 gate=0 whoami=0x201e0 wr=0 wrseen=0x27 addr=0x5a ok=1112715 err=0 tmo=0 recov=0 pclk1=200000000 sysclk=400000000
2026-09-03T20:22:11.136882 [NAK] nacks=0
2026-09-03T20:22:11.141504 [CLK] cpu=800000000 sysb=400000000 pclk1=200000000
2026-09-03T20:22:11.145990 [TOF] res=0 step=0 id=0xeacc blk=0xeacc10 ctl=0x0
2026-09-03T20:22:11.151884 [RNG] init=0 step=99 id=0xeacc boot=1 calls=93 xerr=0 dm=1 tb=15
2026-09-03T20:22:11.158884 [RNG] osc=41 imp=881 imprb=881 mstart=0x40 cfg=91 cfgfail=0x0 vhv=0 vpolls=0
2026-09-03T20:22:11.165117 [PRT] calls=1099197 xerr=0 ler=1 lidx=0x0 perr=0 maxcnt=17 addr8=0x52
2026-09-03T20:22:11.169131 [RTY] wr=0 wmax=0 wref=0  rd=0 rmax=0 rref=0
2026-09-03T20:22:11.177247 [RNG] frames=274606 last=38 min=23 max=61 nrdy=330 dxfer=0 dstat=0 lst=0 nrdyerr=0 dclr=0
2026-09-03T20:22:11.183497 [DRV] init=0 id=7 mode=0x1 lib=0x2 seq=0x1 odc=0x8b sts=0xe0 armed=1
2026-09-03T20:22:11.189113 [TRG] pulses=2578 suppressed=32641 cyc=1600 rst=1 rstmode=0x40
2026-09-03T20:22:11.192640 [HLT] polls=5498 faults=0x0 cfglost=0
2026-09-03T20:22:11.198372 [EFF] n=5 last=58588 min=58472 max=58588 late=0 stuck=0 rderr=0
2026-09-03T20:22:11.202374 [DWT] ok=1 cyc=1838288179 cyc_per_ms=800093
2026-09-03T20:22:12.215722 [HB] up_ms=5801698 frames=274986 inf=274986 hazard=35219 canary_err=0 q=0 qovr=0
2026-09-03T20:22:12.226888 [I2C] init=0 gate=0 whoami=0x201e0 wr=0 wrseen=0x27 addr=0x5a ok=1112925 err=0 tmo=0 recov=0 pclk1=200000000 sysclk=400000000
2026-09-03T20:22:12.228244 [NAK] nacks=0
2026-09-03T20:22:12.232880 [CLK] cpu=800000000 sysb=400000000 pclk1=200000000
2026-09-03T20:22:12.237375 [TOF] res=0 step=0 id=0xeacc blk=0xeacc10 ctl=0x0
2026-09-03T20:22:12.243248 [RNG] init=0 step=99 id=0xeacc boot=1 calls=93 xerr=0 dm=1 tb=15
2026-09-03T20:22:12.250324 [RNG] osc=41 imp=881 imprb=881 mstart=0x40 cfg=91 cfgfail=0x0 vhv=0 vpolls=0
2026-09-03T20:22:12.256486 [PRT] calls=1099401 xerr=0 ler=1 lidx=0x0 perr=0 maxcnt=17 addr8=0x52
2026-09-03T20:22:12.260625 [RTY] wr=0 wmax=0 wref=0  rd=0 rmax=0 rref=0
2026-09-03T20:22:12.268646 [RNG] frames=274658 last=48 min=23 max=61 nrdy=330 dxfer=0 dstat=0 lst=0 nrdyerr=0 dclr=0
2026-09-03T20:22:12.274781 [DRV] init=0 id=7 mode=0x1 lib=0x2 seq=0x1 odc=0x8b sts=0xe0 armed=1
2026-09-03T20:22:12.280620 [TRG] pulses=2578 suppressed=32641 cyc=1600 rst=1 rstmode=0x40
2026-09-03T20:22:12.283997 [HLT] polls=5499 faults=0x0 cfglost=0
2026-09-03T20:22:12.289776 [EFF] n=5 last=58588 min=58472 max=58588 late=0 stuck=0 rderr=0
2026-09-03T20:22:12.293724 [DWT] ok=1 cyc=2706287451 cyc_per_ms=799999
2026-09-03T20:22:13.307505 [HB] up_ms=5802783 frames=275037 inf=275037 hazard=35256 canary_err=0 q=0 qovr=0
2026-09-03T20:22:13.318873 [I2C] init=0 gate=0 whoami=0x201e0 wr=0 wrseen=0x27 addr=0x5a ok=1113131 err=0 tmo=0 recov=0 pclk1=200000000 sysclk=400000000
2026-09-03T20:22:13.320109 [NAK] nacks=0
2026-09-03T20:22:13.324739 [CLK] cpu=800000000 sysb=400000000 pclk1=200000000
2026-09-03T20:22:13.329240 [TOF] res=0 step=0 id=0xeacc blk=0xeacc10 ctl=0x0
2026-09-03T20:22:13.335127 [RNG] init=0 step=99 id=0xeacc boot=1 calls=93 xerr=0 dm=1 tb=15
2026-09-03T20:22:13.342126 [RNG] osc=41 imp=881 imprb=881 mstart=0x40 cfg=91 cfgfail=0x0 vhv=0 vpolls=0
2026-09-03T20:22:13.348386 [PRT] calls=1099609 xerr=0 ler=1 lidx=0x0 perr=0 maxcnt=17 addr8=0x52
2026-09-03T20:22:13.352477 [RTY] wr=0 wmax=0 wref=0  rd=0 rmax=0 rref=0
2026-09-03T20:22:13.360619 [RNG] frames=274709 last=44 min=23 max=61 nrdy=330 dxfer=0 dstat=0 lst=0 nrdyerr=0 dclr=0
2026-09-03T20:22:13.366863 [DRV] init=0 id=7 mode=0x1 lib=0x2 seq=0x1 odc=0x8b sts=0xe0 armed=1
2026-09-03T20:22:13.372475 [TRG] pulses=2581 suppressed=32678 cyc=1600 rst=1 rstmode=0x40
2026-09-03T20:22:13.375851 [HLT] polls=5500 faults=0x0 cfglost=0
2026-09-03T20:22:13.381722 [EFF] n=5 last=58588 min=58472 max=58588 late=0 stuck=0 rderr=0
2026-09-03T20:22:13.385731 [DWT] ok=1 cyc=3574291899 cyc_per_ms=800004
2026-09-03T20:22:14.399640 [HB] up_ms=5803868 frames=275088 inf=275088 hazard=35260 canary_err=0 q=0 qovr=0
2026-09-03T20:22:14.410871 [I2C] init=0 gate=0 whoami=0x201e0 wr=0 wrseen=0x27 addr=0x5a ok=1113341 err=0 tmo=0 recov=0 pclk1=200000000 sysclk=400000000
2026-09-03T20:22:14.412127 [NAK] nacks=0
2026-09-03T20:22:14.416769 [CLK] cpu=800000000 sysb=400000000 pclk1=200000000
2026-09-03T20:22:14.421350 [TOF] res=0 step=0 id=0xeacc blk=0xeacc10 ctl=0x0
2026-09-03T20:22:14.427229 [RNG] init=0 step=99 id=0xeacc boot=1 calls=93 xerr=0 dm=1 tb=15
2026-09-03T20:22:14.434124 [RNG] osc=41 imp=881 imprb=881 mstart=0x40 cfg=91 cfgfail=0x0 vhv=0 vpolls=0
2026-09-03T20:22:14.440477 [PRT] calls=1099813 xerr=0 ler=1 lidx=0x0 perr=0 maxcnt=17 addr8=0x52
2026-09-03T20:22:14.444638 [RTY] wr=0 wmax=0 wref=0  rd=0 rmax=0 rref=0
2026-09-03T20:22:14.452621 [RNG] frames=274761 last=46 min=23 max=61 nrdy=330 dxfer=0 dstat=0 lst=0 nrdyerr=0 dclr=0
2026-09-03T20:22:14.458716 [DRV] init=0 id=7 mode=0x1 lib=0x2 seq=0x1 odc=0x8b sts=0xe0 armed=1
2026-09-03T20:22:14.464617 [TRG] pulses=2581 suppressed=32679 cyc=1600 rst=1 rstmode=0x40
2026-09-03T20:22:14.467989 [HLT] polls=5501 faults=0x0 cfglost=0
2026-09-03T20:22:14.473713 [EFF] n=5 last=58588 min=58472 max=58588 late=0 stuck=0 rderr=0
2026-09-03T20:22:14.477624 [DWT] ok=1 cyc=147320739 cyc_per_ms=799996
2026-09-03T20:22:15.492124 [HB] up_ms=5804953 frames=275140 inf=275140 hazard=35260 canary_err=0 q=0 qovr=0
2026-09-03T20:22:15.503370 [I2C] init=0 gate=0 whoami=0x201e0 wr=0 wrseen=0x27 addr=0x5a ok=1113547 err=0 tmo=0 recov=0 pclk1=200000000 sysclk=400000000
2026-09-03T20:22:15.504744 [NAK] nacks=0
2026-09-03T20:22:15.509357 [CLK] cpu=800000000 sysb=400000000 pclk1=200000000
2026-09-03T20:22:15.513853 [TOF] res=0 step=0 id=0xeacc blk=0xeacc10 ctl=0x0
2026-09-03T20:22:15.519631 [RNG] init=0 step=99 id=0xeacc boot=1 calls=93 xerr=0 dm=1 tb=15
2026-09-03T20:22:15.526740 [RNG] osc=41 imp=881 imprb=881 mstart=0x40 cfg=91 cfgfail=0x0 vhv=0 vpolls=0
2026-09-03T20:22:15.532976 [PRT] calls=1100021 xerr=0 ler=1 lidx=0x0 perr=0 maxcnt=17 addr8=0x52
2026-09-03T20:22:15.537012 [RTY] wr=0 wmax=0 wref=0  rd=0 rmax=0 rref=0
2026-09-03T20:22:15.545098 [RNG] frames=274812 last=41 min=23 max=61 nrdy=330 dxfer=0 dstat=0 lst=0 nrdyerr=0 dclr=0
2026-09-03T20:22:15.551360 [DRV] init=0 id=7 mode=0x1 lib=0x2 seq=0x1 odc=0x8b sts=0xe0 armed=1
2026-09-03T20:22:15.556959 [TRG] pulses=2581 suppressed=32679 cyc=1600 rst=1 rstmode=0x40
2026-09-03T20:22:15.560465 [HLT] polls=5502 faults=0x0 cfglost=0
2026-09-03T20:22:15.566222 [EFF] n=5 last=58588 min=58472 max=58588 late=0 stuck=0 rderr=0
2026-09-03T20:22:15.570360 [DWT] ok=1 cyc=1015218835 cyc_per_ms=799906
2026-09-03T20:22:16.584796 [HB] up_ms=5806038 frames=275191 inf=275191 hazard=35260 canary_err=0 q=0 qovr=0
2026-09-03T20:22:16.595992 [I2C] init=0 gate=0 whoami=0x201e0 wr=0 wrseen=0x27 addr=0x5a ok=1113756 err=0 tmo=0 recov=0 pclk1=200000000 sysclk=400000000
2026-09-03T20:22:16.597228 [NAK] nacks=0
2026-09-03T20:22:16.601868 [CLK] cpu=800000000 sysb=400000000 pclk1=200000000
2026-09-03T20:22:16.606486 [TOF] res=0 step=0 id=0xeacc blk=0xeacc10 ctl=0x0
2026-09-03T20:22:16.612355 [RNG] init=0 step=99 id=0xeacc boot=1 calls=93 xerr=0 dm=1 tb=15
2026-09-03T20:22:16.619231 [RNG] osc=41 imp=881 imprb=881 mstart=0x40 cfg=91 cfgfail=0x0 vhv=0 vpolls=0
2026-09-03T20:22:16.625479 [PRT] calls=1100225 xerr=0 ler=1 lidx=0x0 perr=0 maxcnt=17 addr8=0x52
2026-09-03T20:22:16.629718 [RTY] wr=0 wmax=0 wref=0  rd=0 rmax=0 rref=0
2026-09-03T20:22:16.637737 [RNG] frames=274864 last=40 min=23 max=61 nrdy=330 dxfer=0 dstat=0 lst=0 nrdyerr=0 dclr=0
2026-09-03T20:22:16.643963 [DRV] init=0 id=7 mode=0x1 lib=0x2 seq=0x1 odc=0x8b sts=0xe0 armed=1
2026-09-03T20:22:16.649617 [TRG] pulses=2581 suppressed=32679 cyc=1600 rst=1 rstmode=0x40
2026-09-03T20:22:16.653093 [HLT] polls=5503 faults=0x0 cfglost=0
2026-09-03T20:22:16.658841 [EFF] n=5 last=58588 min=58472 max=58588 late=0 stuck=0 rderr=0
2026-09-03T20:22:16.662841 [DWT] ok=1 cyc=1883320791 cyc_per_ms=800093
2026-09-03T20:22:17.677126 [HB] up_ms=5807123 frames=275243 inf=275243 hazard=35260 canary_err=0 q=0 qovr=0
2026-09-03T20:22:17.688498 [I2C] init=0 gate=0 whoami=0x201e0 wr=0 wrseen=0x27 addr=0x5a ok=1113963 err=0 tmo=0 recov=0 pclk1=200000000 sysclk=400000000
2026-09-03T20:22:17.689864 [NAK] nacks=0
2026-09-03T20:22:17.694491 [CLK] cpu=800000000 sysb=400000000 pclk1=200000000
2026-09-03T20:22:17.699016 [TOF] res=0 step=0 id=0xeacc blk=0xeacc10 ctl=0x0
2026-09-03T20:22:17.704773 [RNG] init=0 step=99 id=0xeacc boot=1 calls=93 xerr=0 dm=1 tb=15
2026-09-03T20:22:17.711740 [RNG] osc=41 imp=881 imprb=881 mstart=0x40 cfg=91 cfgfail=0x0 vhv=0 vpolls=0
2026-09-03T20:22:17.718127 [PRT] calls=1100433 xerr=0 ler=1 lidx=0x0 perr=0 maxcnt=17 addr8=0x52
2026-09-03T20:22:17.722104 [RTY] wr=0 wmax=0 wref=0  rd=0 rmax=0 rref=0
2026-09-03T20:22:17.730110 [RNG] frames=274915 last=50 min=23 max=61 nrdy=330 dxfer=0 dstat=0 lst=0 nrdyerr=0 dclr=0
2026-09-03T20:22:17.736474 [DRV] init=0 id=7 mode=0x1 lib=0x2 seq=0x1 odc=0x8b sts=0xe0 armed=1
2026-09-03T20:22:17.742097 [TRG] pulses=2581 suppressed=32679 cyc=1600 rst=1 rstmode=0x40
2026-09-03T20:22:17.745628 [HLT] polls=5504 faults=0x0 cfglost=0
2026-09-03T20:22:17.751365 [EFF] n=5 last=58588 min=58472 max=58588 late=0 stuck=0 rderr=0
2026-09-03T20:22:17.755342 [DWT] ok=1 cyc=2751218827 cyc_per_ms=799906
2026-09-03T20:22:18.769655 [HB] up_ms=5808208 frames=275294 inf=275294 hazard=35260 canary_err=0 q=0 qovr=0
2026-09-03T20:22:18.781003 [I2C] init=0 gate=0 whoami=0x201e0 wr=0 wrseen=0x27 addr=0x5a ok=1114169 err=0 tmo=0 recov=0 pclk1=200000000 sysclk=400000000
2026-09-03T20:22:18.782260 [NAK] nacks=0
2026-09-03T20:22:18.786887 [CLK] cpu=800000000 sysb=400000000 pclk1=200000000
2026-09-03T20:22:18.791361 [TOF] res=0 step=0 id=0xeacc blk=0xeacc10 ctl=0x0
2026-09-03T20:22:18.797363 [RNG] init=0 step=99 id=0xeacc boot=1 calls=93 xerr=0 dm=1 tb=15
2026-09-03T20:22:18.804245 [RNG] osc=41 imp=881 imprb=881 mstart=0x40 cfg=91 cfgfail=0x0 vhv=0 vpolls=0
2026-09-03T20:22:18.810487 [PRT] calls=1100637 xerr=0 ler=1 lidx=0x0 perr=0 maxcnt=17 addr8=0x52
2026-09-03T20:22:18.814514 [RTY] wr=0 wmax=0 wref=0  rd=0 rmax=0 rref=0
2026-09-03T20:22:18.822744 [RNG] frames=274966 last=40 min=23 max=61 nrdy=330 dxfer=0 dstat=0 lst=0 nrdyerr=0 dclr=0
2026-09-03T20:22:18.828865 [DRV] init=0 id=7 mode=0x1 lib=0x2 seq=0x1 odc=0x8b sts=0xe0 armed=1
2026-09-03T20:22:18.834684 [TRG] pulses=2581 suppressed=32679 cyc=1600 rst=1 rstmode=0x40
2026-09-03T20:22:18.838004 [HLT] polls=5505 faults=0x0 cfglost=0
2026-09-03T20:22:18.843854 [EFF] n=5 last=58588 min=58472 max=58588 late=0 stuck=0 rderr=0
2026-09-03T20:22:18.847853 [DWT] ok=1 cyc=3619320891 cyc_per_ms=800094
2026-09-03T20:22:19.862139 [HB] up_ms=5809293 frames=275346 inf=275346 hazard=35286 canary_err=0 q=0 qovr=0
2026-09-03T20:22:19.873387 [I2C] init=0 gate=0 whoami=0x201e0 wr=0 wrseen=0x27 addr=0x5a ok=1114379 err=0 tmo=0 recov=0 pclk1=200000000 sysclk=400000000
2026-09-03T20:22:19.874761 [NAK] nacks=0
2026-09-03T20:22:19.879395 [CLK] cpu=800000000 sysb=400000000 pclk1=200000000
2026-09-03T20:22:19.883922 [TOF] res=0 step=0 id=0xeacc blk=0xeacc10 ctl=0x0
2026-09-03T20:22:19.889757 [RNG] init=0 step=99 id=0xeacc boot=1 calls=93 xerr=0 dm=1 tb=15
2026-09-03T20:22:19.896656 [RNG] osc=41 imp=881 imprb=881 mstart=0x40 cfg=91 cfgfail=0x0 vhv=0 vpolls=0
2026-09-03T20:22:19.903124 [PRT] calls=1100841 xerr=0 ler=1 lidx=0x0 perr=0 maxcnt=17 addr8=0x52
2026-09-03T20:22:19.907115 [RTY] wr=0 wmax=0 wref=0  rd=0 rmax=0 rref=0
2026-09-03T20:22:19.915261 [RNG] frames=275018 last=33 min=23 max=61 nrdy=330 dxfer=0 dstat=0 lst=0 nrdyerr=0 dclr=0
2026-09-03T20:22:19.921377 [DRV] init=0 id=7 mode=0x1 lib=0x2 seq=0x1 odc=0x8b sts=0xe0 armed=1
2026-09-03T20:22:19.927110 [TRG] pulses=2584 suppressed=32705 cyc=1600 rst=1 rstmode=0x40
2026-09-03T20:22:19.930630 [HLT] polls=5506 faults=0x0 cfglost=0
2026-09-03T20:22:19.936372 [EFF] n=5 last=58588 min=58472 max=58588 late=0 stuck=0 rderr=0
2026-09-03T20:22:19.940251 [DWT] ok=1 cyc=192359127 cyc_per_ms=800005
2026-09-03T20:22:20.954907 [HB] up_ms=5810378 frames=275397 inf=275397 hazard=35301 canary_err=0 q=0 qovr=0
2026-09-03T20:22:20.966303 [I2C] init=0 gate=0 whoami=0x201e0 wr=0 wrseen=0x27 addr=0x5a ok=1114585 err=0 tmo=0 recov=0 pclk1=200000000 sysclk=400000000
2026-09-03T20:22:20.967522 [NAK] nacks=0
2026-09-03T20:22:20.972139 [CLK] cpu=800000000 sysb=400000000 pclk1=200000000
2026-09-03T20:22:20.976652 [TOF] res=0 step=0 id=0xeacc blk=0xeacc10 ctl=0x0
2026-09-03T20:22:20.982518 [RNG] init=0 step=99 id=0xeacc boot=1 calls=93 xerr=0 dm=1 tb=15
2026-09-03T20:22:20.989514 [RNG] osc=41 imp=881 imprb=881 mstart=0x40 cfg=91 cfgfail=0x0 vhv=0 vpolls=0
2026-09-03T20:22:20.995759 [PRT] calls=1101049 xerr=0 ler=1 lidx=0x0 perr=0 maxcnt=17 addr8=0x52
2026-09-03T20:22:20.999766 [RTY] wr=0 wmax=0 wref=0  rd=0 rmax=0 rref=0
2026-09-03T20:22:21.008006 [RNG] frames=275069 last=50 min=23 max=61 nrdy=330 dxfer=0 dstat=0 lst=0 nrdyerr=0 dclr=0
2026-09-03T20:22:21.014255 [DRV] init=0 id=7 mode=0x1 lib=0x2 seq=0x1 odc=0x8b sts=0xe0 armed=1
2026-09-03T20:22:21.019881 [TRG] pulses=2584 suppressed=32717 cyc=1600 rst=1 rstmode=0x40
2026-09-03T20:22:21.023254 [HLT] polls=5508 faults=0x0 cfglost=0
2026-09-03T20:22:21.029128 [EFF] n=5 last=58588 min=58472 max=58588 late=0 stuck=0 rderr=0
2026-09-03T20:22:21.033184 [DWT] ok=1 cyc=1060386179 cyc_per_ms=800024
2026-09-03T20:22:22.047417 [HB] up_ms=5811463 frames=275448 inf=275448 hazard=35301 canary_err=0 q=0 qovr=0
2026-09-03T20:22:22.058678 [I2C] init=0 gate=0 whoami=0x201e0 wr=0 wrseen=0x27 addr=0x5a ok=1114795 err=0 tmo=0 recov=0 pclk1=200000000 sysclk=400000000
2026-09-03T20:22:22.059906 [NAK] nacks=0
2026-09-03T20:22:22.064532 [CLK] cpu=800000000 sysb=400000000 pclk1=200000000
2026-09-03T20:22:22.069154 [TOF] res=0 step=0 id=0xeacc blk=0xeacc10 ctl=0x0
2026-09-03T20:22:22.075072 [RNG] init=0 step=99 id=0xeacc boot=1 calls=93 xerr=0 dm=1 tb=15
2026-09-03T20:22:22.081912 [RNG] osc=41 imp=881 imprb=881 mstart=0x40 cfg=91 cfgfail=0x0 vhv=0 vpolls=0
2026-09-03T20:22:22.088305 [PRT] calls=1101253 xerr=0 ler=1 lidx=0x0 perr=0 maxcnt=17 addr8=0x52
2026-09-03T20:22:22.092393 [RTY] wr=0 wmax=0 wref=0  rd=0 rmax=0 rref=0
2026-09-03T20:22:22.100434 [RNG] frames=275121 last=42 min=23 max=61 nrdy=330 dxfer=0 dstat=0 lst=0 nrdyerr=0 dclr=0
2026-09-03T20:22:22.106656 [DRV] init=0 id=7 mode=0x1 lib=0x2 seq=0x1 odc=0x8b sts=0xe0 armed=1
2026-09-03T20:22:22.112391 [TRG] pulses=2584 suppressed=32717 cyc=1600 rst=1 rstmode=0x40
2026-09-03T20:22:22.115888 [HLT] polls=5509 faults=0x0 cfglost=0
2026-09-03T20:22:22.121524 [EFF] n=5 last=58588 min=58472 max=58588 late=0 stuck=0 rderr=0
2026-09-03T20:22:22.125506 [DWT] ok=1 cyc=1928386107 cyc_per_ms=799999
2026-09-03T20:22:23.140064 [HB] up_ms=5812548 frames=275500 inf=275500 hazard=35301 canary_err=0 q=0 qovr=0
2026-09-03T20:22:23.151434 [I2C] init=0 gate=0 whoami=0x201e0 wr=0 wrseen=0x27 addr=0x5a ok=1115003 err=0 tmo=0 recov=0 pclk1=200000000 sysclk=400000000
2026-09-03T20:22:23.152696 [NAK] nacks=0
2026-09-03T20:22:23.157297 [CLK] cpu=800000000 sysb=400000000 pclk1=200000000
2026-09-03T20:22:23.161803 [TOF] res=0 step=0 id=0xeacc blk=0xeacc10 ctl=0x0
2026-09-03T20:22:23.167690 [RNG] init=0 step=99 id=0xeacc boot=1 calls=93 xerr=0 dm=1 tb=15
2026-09-03T20:22:23.174667 [RNG] osc=41 imp=881 imprb=881 mstart=0x40 cfg=91 cfgfail=0x0 vhv=0 vpolls=0
2026-09-03T20:22:23.180943 [PRT] calls=1101461 xerr=0 ler=1 lidx=0x0 perr=0 maxcnt=17 addr8=0x52
2026-09-03T20:22:23.184921 [RTY] wr=0 wmax=0 wref=0  rd=0 rmax=0 rref=0
2026-09-03T20:22:23.193041 [RNG] frames=275172 last=38 min=23 max=61 nrdy=330 dxfer=0 dstat=0 lst=0 nrdyerr=0 dclr=0
2026-09-03T20:22:23.199290 [DRV] init=0 id=7 mode=0x1 lib=0x2 seq=0x1 odc=0x8b sts=0xe0 armed=1
2026-09-03T20:22:23.204917 [TRG] pulses=2584 suppressed=32717 cyc=1600 rst=1 rstmode=0x40
2026-09-03T20:22:23.208405 [HLT] polls=5510 faults=0x0 cfglost=0
2026-09-03T20:22:23.214157 [EFF] n=5 last=58588 min=58472 max=58588 late=0 stuck=0 rderr=0
2026-09-03T20:22:23.218154 [DWT] ok=1 cyc=2796251499 cyc_per_ms=799875
2026-09-03T20:22:24.232391 [HB] up_ms=5813633 frames=275551 inf=275551 hazard=35301 canary_err=0 q=0 qovr=0
2026-09-03T20:22:24.243599 [I2C] init=0 gate=0 whoami=0x201e0 wr=0 wrseen=0x27 addr=0x5a ok=1115212 err=0 tmo=0 recov=0 pclk1=200000000 sysclk=400000000
2026-09-03T20:22:24.244936 [NAK] nacks=0
2026-09-03T20:22:24.249607 [CLK] cpu=800000000 sysb=400000000 pclk1=200000000
2026-09-03T20:22:24.254072 [TOF] res=0 step=0 id=0xeacc blk=0xeacc10 ctl=0x0
2026-09-03T20:22:24.259937 [RNG] init=0 step=99 id=0xeacc boot=1 calls=93 xerr=0 dm=1 tb=15
2026-09-03T20:22:24.266944 [RNG] osc=41 imp=881 imprb=881 mstart=0x40 cfg=91 cfgfail=0x0 vhv=0 vpolls=0
2026-09-03T20:22:24.273190 [PRT] calls=1101665 xerr=0 ler=1 lidx=0x0 perr=0 maxcnt=17 addr8=0x52
2026-09-03T20:22:24.277305 [RTY] wr=0 wmax=0 wref=0  rd=0 rmax=0 rref=0
2026-09-03T20:22:24.285436 [RNG] frames=275224 last=43 min=23 max=61 nrdy=330 dxfer=0 dstat=0 lst=0 nrdyerr=0 dclr=0
2026-09-03T20:22:24.291606 [DRV] init=0 id=7 mode=0x1 lib=0x2 seq=0x1 odc=0x8b sts=0xe0 armed=1
2026-09-03T20:22:24.297170 [TRG] pulses=2584 suppressed=32717 cyc=1600 rst=1 rstmode=0x40
2026-09-03T20:22:24.300809 [HLT] polls=5511 faults=0x0 cfglost=0
2026-09-03T20:22:24.306569 [EFF] n=5 last=58588 min=58472 max=58588 late=0 stuck=0 rderr=0
2026-09-03T20:22:24.310568 [DWT] ok=1 cyc=3664353503 cyc_per_ms=800094
2026-09-03T20:22:25.324851 [HB] up_ms=5814718 frames=275603 inf=275603 hazard=35301 canary_err=0 q=0 qovr=0
2026-09-03T20:22:25.336109 [I2C] init=0 gate=0 whoami=0x201e0 wr=0 wrseen=0x27 addr=0x5a ok=1115419 err=0 tmo=0 recov=0 pclk1=200000000 sysclk=400000000
2026-09-03T20:22:25.337462 [NAK] nacks=0
2026-09-03T20:22:25.342082 [CLK] cpu=800000000 sysb=400000000 pclk1=200000000
2026-09-03T20:22:25.346620 [TOF] res=0 step=0 id=0xeacc blk=0xeacc10 ctl=0x0
2026-09-03T20:22:25.352505 [RNG] init=0 step=99 id=0xeacc boot=1 calls=93 xerr=0 dm=1 tb=15
2026-09-03T20:22:25.359465 [RNG] osc=41 imp=881 imprb=881 mstart=0x40 cfg=91 cfgfail=0x0 vhv=0 vpolls=0
2026-09-03T20:22:25.365760 [PRT] calls=1101873 xerr=0 ler=1 lidx=0x0 perr=0 maxcnt=17 addr8=0x52
2026-09-03T20:22:25.369846 [RTY] wr=0 wmax=0 wref=0  rd=0 rmax=0 rref=0
2026-09-03T20:22:25.377850 [RNG] frames=275275 last=43 min=23 max=61 nrdy=330 dxfer=0 dstat=0 lst=0 nrdyerr=0 dclr=0
2026-09-03T20:22:25.384087 [DRV] init=0 id=7 mode=0x1 lib=0x2 seq=0x1 odc=0x8b sts=0xe0 armed=1
2026-09-03T20:22:25.389847 [TRG] pulses=2584 suppressed=32717 cyc=1600 rst=1 rstmode=0x40
2026-09-03T20:22:25.393200 [HLT] polls=5512 faults=0x0 cfglost=0
2026-09-03T20:22:25.399699 [EFF] n=5 last=58588 min=58472 max=58588 late=0 stuck=0 rderr=0
2026-09-03T20:22:25.402965 [DWT] ok=1 cyc=237284263 cyc_per_ms=799906
2026-09-03T20:22:26.417384 [HB] up_ms=5815803 frames=275654 inf=275654 hazard=35315 canary_err=0 q=0 qovr=0
2026-09-03T20:22:26.428748 [I2C] init=0 gate=0 whoami=0x201e0 wr=0 wrseen=0x27 addr=0x5a ok=1115625 err=0 tmo=0 recov=0 pclk1=200000000 sysclk=400000000
2026-09-03T20:22:26.430006 [NAK] nacks=0
2026-09-03T20:22:26.434639 [CLK] cpu=800000000 sysb=400000000 pclk1=200000000
2026-09-03T20:22:26.439118 [TOF] res=0 step=0 id=0xeacc blk=0xeacc10 ctl=0x0
2026-09-03T20:22:26.445113 [RNG] init=0 step=99 id=0xeacc boot=1 calls=93 xerr=0 dm=1 tb=15
2026-09-03T20:22:26.451998 [RNG] osc=41 imp=881 imprb=881 mstart=0x40 cfg=91 cfgfail=0x0 vhv=0 vpolls=0
2026-09-03T20:22:26.458234 [PRT] calls=1102077 xerr=0 ler=1 lidx=0x0 perr=0 maxcnt=17 addr8=0x52
2026-09-03T20:22:26.462360 [RTY] wr=0 wmax=0 wref=0  rd=0 rmax=0 rref=0
2026-09-03T20:22:26.470481 [RNG] frames=275326 last=37 min=23 max=61 nrdy=330 dxfer=0 dstat=0 lst=0 nrdyerr=0 dclr=0
2026-09-03T20:22:26.476634 [DRV] init=0 id=7 mode=0x1 lib=0x2 seq=0x1 odc=0x8b sts=0xe0 armed=1
2026-09-03T20:22:26.482389 [TRG] pulses=2586 suppressed=32732 cyc=1600 rst=1 rstmode=0x40
2026-09-03T20:22:26.485734 [HLT] polls=5513 faults=0x0 cfglost=0
2026-09-03T20:22:26.491635 [EFF] n=5 last=58588 min=58472 max=58588 late=0 stuck=0 rderr=0
2026-09-03T20:22:26.495630 [DWT] ok=1 cyc=1105392471 cyc_per_ms=800099
2026-09-03T20:22:27.509541 [HB] up_ms=5816888 frames=275706 inf=275706 hazard=35342 canary_err=0 q=0 qovr=0
2026-09-03T20:22:27.520773 [I2C] init=0 gate=0 whoami=0x201e0 wr=0 wrseen=0x27 addr=0x5a ok=1115835 err=0 tmo=0 recov=0 pclk1=200000000 sysclk=400000000
2026-09-03T20:22:27.522141 [NAK] nacks=0
2026-09-03T20:22:27.526901 [CLK] cpu=800000000 sysb=400000000 pclk1=200000000
2026-09-03T20:22:27.531397 [TOF] res=0 step=0 id=0xeacc blk=0xeacc10 ctl=0x0
2026-09-03T20:22:27.537143 [RNG] init=0 step=99 id=0xeacc boot=1 calls=93 xerr=0 dm=1 tb=15
2026-09-03T20:22:27.544157 [RNG] osc=41 imp=881 imprb=881 mstart=0x40 cfg=91 cfgfail=0x0 vhv=0 vpolls=0
2026-09-03T20:22:27.550519 [PRT] calls=1102281 xerr=0 ler=1 lidx=0x0 perr=0 maxcnt=17 addr8=0x52
2026-09-03T20:22:27.554510 [RTY] wr=0 wmax=0 wref=0  rd=0 rmax=0 rref=0
2026-09-03T20:22:27.562645 [RNG] frames=275378 last=44 min=23 max=61 nrdy=330 dxfer=0 dstat=0 lst=0 nrdyerr=0 dclr=0
2026-09-03T20:22:27.568768 [DRV] init=0 id=7 mode=0x1 lib=0x2 seq=0x1 odc=0x8b sts=0xe0 armed=1
2026-09-03T20:22:27.574487 [TRG] pulses=2587 suppressed=32755 cyc=1600 rst=1 rstmode=0x40
2026-09-03T20:22:27.577994 [HLT] polls=5514 faults=0x0 cfglost=0
2026-09-03T20:22:27.583737 [EFF] n=5 last=58588 min=58472 max=58588 late=0 stuck=0 rderr=0
2026-09-03T20:22:27.587744 [DWT] ok=1 cyc=1973385551 cyc_per_ms=799993
2026-09-03T20:22:28.601943 [HB] up_ms=5817973 frames=275757 inf=275757 hazard=35342 canary_err=0 q=0 qovr=0
2026-09-03T20:22:28.613188 [I2C] init=0 gate=0 whoami=0x201e0 wr=0 wrseen=0x27 addr=0x5a ok=1116041 err=0 tmo=0 recov=0 pclk1=200000000 sysclk=400000000
2026-09-03T20:22:28.614549 [NAK] nacks=0
2026-09-03T20:22:28.619182 [CLK] cpu=800000000 sysb=400000000 pclk1=200000000
2026-09-03T20:22:28.623678 [TOF] res=0 step=0 id=0xeacc blk=0xeacc10 ctl=0x0
2026-09-03T20:22:28.629582 [RNG] init=0 step=99 id=0xeacc boot=1 calls=93 xerr=0 dm=1 tb=15
2026-09-03T20:22:28.636589 [RNG] osc=41 imp=881 imprb=881 mstart=0x40 cfg=91 cfgfail=0x0 vhv=0 vpolls=0
2026-09-03T20:22:28.642799 [PRT] calls=1102489 xerr=0 ler=1 lidx=0x0 perr=0 maxcnt=17 addr8=0x52
2026-09-03T20:22:28.646790 [RTY] wr=0 wmax=0 wref=0  rd=0 rmax=0 rref=0
2026-09-03T20:22:28.654926 [RNG] frames=275429 last=31 min=23 max=61 nrdy=330 dxfer=0 dstat=0 lst=0 nrdyerr=0 dclr=0
2026-09-03T20:22:28.661158 [DRV] init=0 id=7 mode=0x1 lib=0x2 seq=0x1 odc=0x8b sts=0xe0 armed=1
2026-09-03T20:22:28.666815 [TRG] pulses=2587 suppressed=32755 cyc=1600 rst=1 rstmode=0x40
2026-09-03T20:22:28.670286 [HLT] polls=5515 faults=0x0 cfglost=0
2026-09-03T20:22:28.676154 [EFF] n=5 last=58588 min=58472 max=58588 late=0 stuck=0 rderr=0
2026-09-03T20:22:28.680035 [DWT] ok=1 cyc=2841386323 cyc_per_ms=800000
2026-09-03T20:22:29.693848 [HB] up_ms=5819058 frames=275808 inf=275808 hazard=35342 canary_err=0 q=0 qovr=0
2026-09-03T20:22:29.705093 [I2C] init=0 gate=0 whoami=0x201e0 wr=0 wrseen=0x27 addr=0x5a ok=1116251 err=0 tmo=0 recov=0 pclk1=200000000 sysclk=400000000
2026-09-03T20:22:29.706457 [NAK] nacks=0
2026-09-03T20:22:29.710958 [CLK] cpu=800000000 sysb=400000000 pclk1=200000000
2026-09-03T20:22:29.715616 [TOF] res=0 step=0 id=0xeacc blk=0xeacc10 ctl=0x0
2026-09-03T20:22:29.721461 [RNG] init=0 step=99 id=0xeacc boot=1 calls=93 xerr=0 dm=1 tb=15
2026-09-03T20:22:29.728322 [RNG] osc=41 imp=881 imprb=881 mstart=0x40 cfg=91 cfgfail=0x0 vhv=0 vpolls=0
2026-09-03T20:22:29.734707 [PRT] calls=1102693 xerr=0 ler=1 lidx=0x0 perr=0 maxcnt=17 addr8=0x52
2026-09-03T20:22:29.738828 [RTY] wr=0 wmax=0 wref=0  rd=0 rmax=0 rref=0
2026-09-03T20:22:29.746816 [RNG] frames=275481 last=35 min=23 max=61 nrdy=330 dxfer=0 dstat=0 lst=0 nrdyerr=0 dclr=0
2026-09-03T20:22:29.752955 [DRV] init=0 id=7 mode=0x1 lib=0x2 seq=0x1 odc=0x8b sts=0xe0 armed=1
2026-09-03T20:22:29.758810 [TRG] pulses=2587 suppressed=32755 cyc=1600 rst=1 rstmode=0x40
2026-09-03T20:22:29.762197 [HLT] polls=5516 faults=0x0 cfglost=0
2026-09-03T20:22:29.767949 [EFF] n=5 last=58588 min=58472 max=58588 late=0 stuck=0 rderr=0
2026-09-03T20:22:29.771980 [DWT] ok=1 cyc=3709386187 cyc_per_ms=799999
2026-09-03T20:22:30.786002 [HB] up_ms=5820143 frames=275860 inf=275860 hazard=35342 canary_err=0 q=0 qovr=0
2026-09-03T20:22:30.797375 [I2C] init=0 gate=0 whoami=0x201e0 wr=0 wrseen=0x27 addr=0x5a ok=1116457 err=0 tmo=0 recov=0 pclk1=200000000 sysclk=400000000
2026-09-03T20:22:30.798642 [NAK] nacks=0
2026-09-03T20:22:30.803242 [CLK] cpu=800000000 sysb=400000000 pclk1=200000000
2026-09-03T20:22:30.807732 [TOF] res=0 step=0 id=0xeacc blk=0xeacc10 ctl=0x0
2026-09-03T20:22:30.813628 [RNG] init=0 step=99 id=0xeacc boot=1 calls=93 xerr=0 dm=1 tb=15
2026-09-03T20:22:30.820664 [RNG] osc=41 imp=881 imprb=881 mstart=0x40 cfg=91 cfgfail=0x0 vhv=0 vpolls=0
2026-09-03T20:22:30.826875 [PRT] calls=1102901 xerr=0 ler=1 lidx=0x0 perr=0 maxcnt=17 addr8=0x52
2026-09-03T20:22:30.830993 [RTY] wr=0 wmax=0 wref=0  rd=0 rmax=0 rref=0
2026-09-03T20:22:30.839115 [RNG] frames=275532 last=35 min=23 max=61 nrdy=330 dxfer=0 dstat=0 lst=0 nrdyerr=0 dclr=0
2026-09-03T20:22:30.845239 [DRV] init=0 id=7 mode=0x1 lib=0x2 seq=0x1 odc=0x8b sts=0xe0 armed=1
2026-09-03T20:22:30.850860 [TRG] pulses=2587 suppressed=32755 cyc=1600 rst=1 rstmode=0x40
2026-09-03T20:22:30.854352 [HLT] polls=5517 faults=0x0 cfglost=0
2026-09-03T20:22:30.860107 [EFF] n=5 last=58588 min=58472 max=58588 late=0 stuck=0 rderr=0
2026-09-03T20:22:30.864092 [DWT] ok=1 cyc=282316855 cyc_per_ms=799905
2026-09-03T20:22:31.878167 [HB] up_ms=5821228 frames=275911 inf=275911 hazard=35342 canary_err=0 q=0 qovr=0
2026-09-03T20:22:31.889410 [I2C] init=0 gate=0 whoami=0x201e0 wr=0 wrseen=0x27 addr=0x5a ok=1116666 err=0 tmo=0 recov=0 pclk1=200000000 sysclk=400000000
2026-09-03T20:22:31.890788 [NAK] nacks=0
2026-09-03T20:22:31.895407 [CLK] cpu=800000000 sysb=400000000 pclk1=200000000
2026-09-03T20:22:31.899908 [TOF] res=0 step=0 id=0xeacc blk=0xeacc10 ctl=0x0
2026-09-03T20:22:31.905785 [RNG] init=0 step=99 id=0xeacc boot=1 calls=93 xerr=0 dm=1 tb=15
2026-09-03T20:22:31.912671 [RNG] osc=41 imp=881 imprb=881 mstart=0x40 cfg=91 cfgfail=0x0 vhv=0 vpolls=0
2026-09-03T20:22:31.919031 [PRT] calls=1103105 xerr=0 ler=1 lidx=0x0 perr=0 maxcnt=17 addr8=0x52
2026-09-03T20:22:31.923184 [RTY] wr=0 wmax=0 wref=0  rd=0 rmax=0 rref=0
2026-09-03T20:22:31.931140 [RNG] frames=275584 last=41 min=23 max=61 nrdy=330 dxfer=0 dstat=0 lst=0 nrdyerr=0 dclr=0
2026-09-03T20:22:31.937407 [DRV] init=0 id=7 mode=0x1 lib=0x2 seq=0x1 odc=0x8b sts=0xe0 armed=1
2026-09-03T20:22:31.943006 [TRG] pulses=2587 suppressed=32755 cyc=1600 rst=1 rstmode=0x40
2026-09-03T20:22:31.946651 [HLT] polls=5518 faults=0x0 cfglost=0
2026-09-03T20:22:31.952424 [EFF] n=5 last=58588 min=58472 max=58588 late=0 stuck=0 rderr=0
2026-09-03T20:22:31.956257 [DWT] ok=1 cyc=1150418891 cyc_per_ms=800094
2026-09-03T20:22:32.970723 [HB] up_ms=5822313 frames=275963 inf=275963 hazard=35345 canary_err=0 q=0 qovr=0
2026-09-03T20:22:32.981986 [I2C] init=0 gate=0 whoami=0x201e0 wr=0 wrseen=0x27 addr=0x5a ok=1116873 err=0 tmo=0 recov=0 pclk1=200000000 sysclk=400000000
2026-09-03T20:22:32.983327 [NAK] nacks=0
2026-09-03T20:22:32.987956 [CLK] cpu=800000000 sysb=400000000 pclk1=200000000
2026-09-03T20:22:32.992465 [TOF] res=0 step=0 id=0xeacc blk=0xeacc10 ctl=0x0
2026-09-03T20:22:32.998315 [RNG] init=0 step=99 id=0xeacc boot=1 calls=93 xerr=0 dm=1 tb=15
2026-09-03T20:22:33.005317 [RNG] osc=41 imp=881 imprb=881 mstart=0x40 cfg=91 cfgfail=0x0 vhv=0 vpolls=0
2026-09-03T20:22:33.011579 [PRT] calls=1103313 xerr=0 ler=1 lidx=0x0 perr=0 maxcnt=17 addr8=0x52
2026-09-03T20:22:33.015691 [RTY] wr=0 wmax=0 wref=0  rd=0 rmax=0 rref=0
2026-09-03T20:22:33.023683 [RNG] frames=275635 last=36 min=23 max=61 nrdy=330 dxfer=0 dstat=0 lst=0 nrdyerr=0 dclr=0
2026-09-03T20:22:33.030059 [DRV] init=0 id=7 mode=0x1 lib=0x2 seq=0x1 odc=0x8b sts=0xe0 armed=1
2026-09-03T20:22:33.035682 [TRG] pulses=2588 suppressed=32760 cyc=1600 rst=1 rstmode=0x40
2026-09-03T20:22:33.039064 [HLT] polls=5519 faults=0x0 cfglost=0
2026-09-03T20:22:33.044826 [EFF] n=5 last=58588 min=58472 max=58588 late=0 stuck=0 rderr=0
2026-09-03T20:22:33.048929 [DWT] ok=1 cyc=2018319763 cyc_per_ms=799908
2026-09-03T20:22:34.063252 [HB] up_ms=5823398 frames=276014 inf=276014 hazard=35383 canary_err=0 q=0 qovr=0
2026-09-03T20:22:34.074643 [I2C] init=0 gate=0 whoami=0x201e0 wr=0 wrseen=0x27 addr=0x5a ok=1117079 err=0 tmo=0 recov=0 pclk1=200000000 sysclk=400000000
2026-09-03T20:22:34.075864 [NAK] nacks=0
2026-09-03T20:22:34.080487 [CLK] cpu=800000000 sysb=400000000 pclk1=200000000
2026-09-03T20:22:34.085009 [TOF] res=0 step=0 id=0xeacc blk=0xeacc10 ctl=0x0
2026-09-03T20:22:34.090995 [RNG] init=0 step=99 id=0xeacc boot=1 calls=93 xerr=0 dm=1 tb=15
2026-09-03T20:22:34.097855 [RNG] osc=41 imp=881 imprb=881 mstart=0x40 cfg=91 cfgfail=0x0 vhv=0 vpolls=0
2026-09-03T20:22:34.104113 [PRT] calls=1103517 xerr=0 ler=1 lidx=0x0 perr=0 maxcnt=17 addr8=0x52
2026-09-03T20:22:34.108225 [RTY] wr=0 wmax=0 wref=0  rd=0 rmax=0 rref=0
2026-09-03T20:22:34.116350 [RNG] frames=275686 last=48 min=23 max=61 nrdy=330 dxfer=0 dstat=0 lst=0 nrdyerr=0 dclr=0
2026-09-03T20:22:34.122618 [DRV] init=0 id=7 mode=0x1 lib=0x2 seq=0x1 odc=0x8b sts=0xe0 armed=1
2026-09-03T20:22:34.128230 [TRG] pulses=2590 suppressed=32793 cyc=1600 rst=1 rstmode=0x40
2026-09-03T20:22:34.131751 [HLT] polls=5520 faults=0x0 cfglost=0
2026-09-03T20:22:34.137621 [EFF] n=5 last=58588 min=58472 max=58588 late=0 stuck=0 rderr=0
2026-09-03T20:22:34.141463 [DWT] ok=1 cyc=2886418967 cyc_per_ms=800091
2026-09-03T20:22:35.156169 [HB] up_ms=5824483 frames=276066 inf=276066 hazard=35383 canary_err=0 q=0 qovr=0
2026-09-03T20:22:35.167427 [I2C] init=0 gate=0 whoami=0x201e0 wr=0 wrseen=0x27 addr=0x5a ok=1117287 err=0 tmo=0 recov=0 pclk1=200000000 sysclk=400000000
2026-09-03T20:22:35.168826 [NAK] nacks=0
2026-09-03T20:22:35.173427 [CLK] cpu=800000000 sysb=400000000 pclk1=200000000
2026-09-03T20:22:35.177907 [TOF] res=0 step=0 id=0xeacc blk=0xeacc10 ctl=0x0
2026-09-03T20:22:35.183820 [RNG] init=0 step=99 id=0xeacc boot=1 calls=93 xerr=0 dm=1 tb=15
2026-09-03T20:22:35.190655 [RNG] osc=41 imp=881 imprb=881 mstart=0x40 cfg=91 cfgfail=0x0 vhv=0 vpolls=0
2026-09-03T20:22:35.197027 [PRT] calls=1103719 xerr=0 ler=1 lidx=0x0 perr=0 maxcnt=17 addr8=0x52
2026-09-03T20:22:35.201199 [RTY] wr=0 wmax=0 wref=0  rd=0 rmax=0 rref=0
2026-09-03T20:22:35.209144 [RNG] frames=275737 last=40 min=23 max=61 nrdy=331 dxfer=0 dstat=0 lst=0 nrdyerr=0 dclr=0
2026-09-03T20:22:35.215402 [DRV] init=0 id=7 mode=0x1 lib=0x2 seq=0x1 odc=0x8b sts=0xe0 armed=1
2026-09-03T20:22:35.221157 [TRG] pulses=2590 suppressed=32793 cyc=1600 rst=1 rstmode=0x40
2026-09-03T20:22:35.224674 [HLT] polls=5521 faults=0x0 cfglost=0
2026-09-03T20:22:35.230381 [EFF] n=5 last=58588 min=58472 max=58588 late=0 stuck=0 rderr=0
2026-09-03T20:22:35.234267 [DWT] ok=1 cyc=3754418215 cyc_per_ms=799999
2026-09-03T20:22:36.248216 [HB] up_ms=5825568 frames=276117 inf=276117 hazard=35383 canary_err=0 q=0 qovr=0
2026-09-03T20:22:36.259603 [I2C] init=0 gate=0 whoami=0x201e0 wr=0 wrseen=0x27 addr=0x5a ok=1117493 err=0 tmo=0 recov=0 pclk1=200000000 sysclk=400000000
2026-09-03T20:22:36.260953 [NAK] nacks=0
2026-09-03T20:22:36.265609 [CLK] cpu=800000000 sysb=400000000 pclk1=200000000
2026-09-03T20:22:36.269960 [TOF] res=0 step=0 id=0xeacc blk=0xeacc10 ctl=0x0
2026-09-03T20:22:36.275957 [RNG] init=0 step=99 id=0xeacc boot=1 calls=93 xerr=0 dm=1 tb=15
2026-09-03T20:22:36.284205 [RNG] osc=41 imp=881 imprb=881 mstart=0x40 cfg=91 cfgfail=0x0 vhv=0 vpolls=0
2026-09-03T20:22:36.289068 [PRT] calls=1103927 xerr=0 ler=1 lidx=0x0 perr=0 maxcnt=17 addr8=0x52
2026-09-03T20:22:36.293193 [RTY] wr=0 wmax=0 wref=0  rd=0 rmax=0 rref=0
2026-09-03T20:22:36.301335 [RNG] frames=275788 last=43 min=23 max=61 nrdy=331 dxfer=0 dstat=0 lst=0 nrdyerr=0 dclr=0
2026-09-03T20:22:36.307590 [DRV] init=0 id=7 mode=0x1 lib=0x2 seq=0x1 odc=0x8b sts=0xe0 armed=1
2026-09-03T20:22:36.313223 [TRG] pulses=2590 suppressed=32793 cyc=1600 rst=1 rstmode=0x40
2026-09-03T20:22:36.316585 [HLT] polls=5522 faults=0x0 cfglost=0
2026-09-03T20:22:36.322446 [EFF] n=5 last=58588 min=58472 max=58588 late=0 stuck=0 rderr=0
2026-09-03T20:22:36.326432 [DWT] ok=1 cyc=327451703 cyc_per_ms=800000
2026-09-03T20:22:37.340663 [HB] up_ms=5826653 frames=276168 inf=276168 hazard=35383 canary_err=0 q=0 qovr=0
2026-09-03T20:22:37.351760 [I2C] init=0 gate=0 whoami=0x201e0 wr=0 wrseen=0x27 addr=0x5a ok=1117703 err=0 tmo=0 recov=0 pclk1=200000000 sysclk=400000000
2026-09-03T20:22:37.353132 [NAK] nacks=0
2026-09-03T20:22:37.357767 [CLK] cpu=800000000 sysb=400000000 pclk1=200000000
2026-09-03T20:22:37.362379 [TOF] res=0 step=0 id=0xeacc blk=0xeacc10 ctl=0x0
2026-09-03T20:22:37.368132 [RNG] init=0 step=99 id=0xeacc boot=1 calls=93 xerr=0 dm=1 tb=15
2026-09-03T20:22:37.374999 [RNG] osc=41 imp=881 imprb=881 mstart=0x40 cfg=91 cfgfail=0x0 vhv=0 vpolls=0
2026-09-03T20:22:37.381367 [PRT] calls=1104131 xerr=0 ler=1 lidx=0x0 perr=0 maxcnt=17 addr8=0x52
2026-09-03T20:22:37.385503 [RTY] wr=0 wmax=0 wref=0  rd=0 rmax=0 rref=0
2026-09-03T20:22:37.393500 [RNG] frames=275840 last=40 min=23 max=61 nrdy=331 dxfer=0 dstat=0 lst=0 nrdyerr=0 dclr=0
2026-09-03T20:22:37.399755 [DRV] init=0 id=7 mode=0x1 lib=0x2 seq=0x1 odc=0x8b sts=0xe0 armed=1
2026-09-03T20:22:37.405486 [TRG] pulses=2590 suppressed=32793 cyc=1600 rst=1 rstmode=0x40
2026-09-03T20:22:37.408979 [HLT] polls=5523 faults=0x0 cfglost=0
2026-09-03T20:22:37.416877 [EFF] n=5 last=58588 min=58472 max=58588 late=0 stuck=0 rderr=0
2026-09-03T20:22:37.418762 [DWT] ok=1 cyc=1195451543 cyc_per_ms=799999
2026-09-03T20:22:38.432578 [HB] up_ms=5827738 frames=276220 inf=276220 hazard=35383 canary_err=0 q=0 qovr=0
2026-09-03T20:22:38.443847 [I2C] init=0 gate=0 whoami=0x201e0 wr=0 wrseen=0x27 addr=0x5a ok=1117909 err=0 tmo=0 recov=0 pclk1=200000000 sysclk=400000000
2026-09-03T20:22:38.445182 [NAK] nacks=0
2026-09-03T20:22:38.449829 [CLK] cpu=800000000 sysb=400000000 pclk1=200000000
2026-09-03T20:22:38.454306 [TOF] res=0 step=0 id=0xeacc blk=0xeacc10 ctl=0x0
2026-09-03T20:22:38.460057 [RNG] init=0 step=99 id=0xeacc boot=1 calls=93 xerr=0 dm=1 tb=15
2026-09-03T20:22:38.467073 [RNG] osc=41 imp=881 imprb=881 mstart=0x40 cfg=91 cfgfail=0x0 vhv=0 vpolls=0
2026-09-03T20:22:38.473431 [PRT] calls=1104339 xerr=0 ler=1 lidx=0x0 perr=0 maxcnt=17 addr8=0x52
2026-09-03T20:22:38.477424 [RTY] wr=0 wmax=0 wref=0  rd=0 rmax=0 rref=0
2026-09-03T20:22:38.485585 [RNG] frames=275891 last=43 min=23 max=61 nrdy=331 dxfer=0 dstat=0 lst=0 nrdyerr=0 dclr=0
2026-09-03T20:22:38.491806 [DRV] init=0 id=7 mode=0x1 lib=0x2 seq=0x1 odc=0x8b sts=0xe0 armed=1
2026-09-03T20:22:38.497418 [TRG] pulses=2590 suppressed=32793 cyc=1600 rst=1 rstmode=0x40
2026-09-03T20:22:38.500833 [HLT] polls=5524 faults=0x0 cfglost=0
2026-09-03T20:22:38.506539 [EFF] n=5 last=58588 min=58472 max=58588 late=0 stuck=0 rderr=0
2026-09-03T20:22:38.510710 [DWT] ok=1 cyc=2063349599 cyc_per_ms=799906
2026-09-03T20:22:39.524509 [HB] up_ms=5828823 frames=276271 inf=276271 hazard=35383 canary_err=0 q=0 qovr=0
2026-09-03T20:22:39.535731 [I2C] init=0 gate=0 whoami=0x201e0 wr=0 wrseen=0x27 addr=0x5a ok=1118118 err=0 tmo=0 recov=0 pclk1=200000000 sysclk=400000000
2026-09-03T20:22:39.537119 [NAK] nacks=0
2026-09-03T20:22:39.541730 [CLK] cpu=800000000 sysb=400000000 pclk1=200000000
2026-09-03T20:22:39.546261 [TOF] res=0 step=0 id=0xeacc blk=0xeacc10 ctl=0x0
2026-09-03T20:22:39.552114 [RNG] init=0 step=99 id=0xeacc boot=1 calls=93 xerr=0 dm=1 tb=15
2026-09-03T20:22:39.559028 [RNG] osc=41 imp=881 imprb=881 mstart=0x40 cfg=91 cfgfail=0x0 vhv=0 vpolls=0
2026-09-03T20:22:39.565389 [PRT] calls=1104543 xerr=0 ler=1 lidx=0x0 perr=0 maxcnt=17 addr8=0x52
2026-09-03T20:22:39.569474 [RTY] wr=0 wmax=0 wref=0  rd=0 rmax=0 rref=0
2026-09-03T20:22:39.577487 [RNG] frames=275943 last=55 min=23 max=61 nrdy=331 dxfer=0 dstat=0 lst=0 nrdyerr=0 dclr=0
2026-09-03T20:22:39.583722 [DRV] init=0 id=7 mode=0x1 lib=0x2 seq=0x1 odc=0x8b sts=0xe0 armed=1
2026-09-03T20:22:39.589356 [TRG] pulses=2590 suppressed=32793 cyc=1600 rst=1 rstmode=0x40
2026-09-03T20:22:39.592991 [HLT] polls=5525 faults=0x0 cfglost=0
2026-09-03T20:22:39.598730 [EFF] n=5 last=58588 min=58472 max=58588 late=0 stuck=0 rderr=0
2026-09-03T20:22:39.602597 [DWT] ok=1 cyc=2931451579 cyc_per_ms=800093
2026-09-03T20:22:40.616432 [HB] up_ms=5829908 frames=276323 inf=276323 hazard=35424 canary_err=0 q=0 qovr=0
2026-09-03T20:22:40.627675 [I2C] init=0 gate=0 whoami=0x201e0 wr=0 wrseen=0x27 addr=0x5a ok=1118325 err=0 tmo=0 recov=0 pclk1=200000000 sysclk=400000000
2026-09-03T20:22:40.629078 [NAK] nacks=0
2026-09-03T20:22:40.633678 [CLK] cpu=800000000 sysb=400000000 pclk1=200000000
2026-09-03T20:22:40.638241 [TOF] res=0 step=0 id=0xeacc blk=0xeacc10 ctl=0x0
2026-09-03T20:22:40.644057 [RNG] init=0 step=99 id=0xeacc boot=1 calls=93 xerr=0 dm=1 tb=15
2026-09-03T20:22:40.651088 [RNG] osc=41 imp=881 imprb=881 mstart=0x40 cfg=91 cfgfail=0x0 vhv=0 vpolls=0
2026-09-03T20:22:40.657309 [PRT] calls=1104751 xerr=0 ler=1 lidx=0x0 perr=0 maxcnt=17 addr8=0x52
2026-09-03T20:22:40.661297 [RTY] wr=0 wmax=0 wref=0  rd=0 rmax=0 rref=0
2026-09-03T20:22:40.669416 [RNG] frames=275994 last=50 min=23 max=61 nrdy=331 dxfer=0 dstat=0 lst=0 nrdyerr=0 dclr=0
2026-09-03T20:22:40.675799 [DRV] init=0 id=7 mode=0x1 lib=0x2 seq=0x1 odc=0x8b sts=0xe0 armed=1
2026-09-03T20:22:40.681287 [TRG] pulses=2593 suppressed=32831 cyc=1600 rst=1 rstmode=0x40
2026-09-03T20:22:40.684806 [HLT] polls=5526 faults=0x0 cfglost=0
2026-09-03T20:22:40.690590 [EFF] n=5 last=58588 min=58472 max=58588 late=0 stuck=0 rderr=0
2026-09-03T20:22:40.694570 [DWT] ok=1 cyc=3799349751 cyc_per_ms=799906
2026-09-03T20:22:41.708121 [HB] up_ms=5830993 frames=276374 inf=276374 hazard=35424 canary_err=0 q=0 qovr=0
2026-09-03T20:22:41.719484 [I2C] init=0 gate=0 whoami=0x201e0 wr=0 wrseen=0x27 addr=0x5a ok=1118531 err=0 tmo=0 recov=0 pclk1=200000000 sysclk=400000000
2026-09-03T20:22:41.720849 [NAK] nacks=0
2026-09-03T20:22:41.725357 [CLK] cpu=800000000 sysb=400000000 pclk1=200000000
2026-09-03T20:22:41.729836 [TOF] res=0 step=0 id=0xeacc blk=0xeacc10 ctl=0x0
2026-09-03T20:22:41.735847 [RNG] init=0 step=99 id=0xeacc boot=1 calls=93 xerr=0 dm=1 tb=15
2026-09-03T20:22:41.742728 [RNG] osc=41 imp=881 imprb=881 mstart=0x40 cfg=91 cfgfail=0x0 vhv=0 vpolls=0
2026-09-03T20:22:41.748966 [PRT] calls=1104955 xerr=0 ler=1 lidx=0x0 perr=0 maxcnt=17 addr8=0x52
2026-09-03T20:22:41.752964 [RTY] wr=0 wmax=0 wref=0  rd=0 rmax=0 rref=0
2026-09-03T20:22:41.761219 [RNG] frames=276045 last=37 min=23 max=61 nrdy=331 dxfer=0 dstat=0 lst=0 nrdyerr=0 dclr=0
2026-09-03T20:22:41.767338 [DRV] init=0 id=7 mode=0x1 lib=0x2 seq=0x1 odc=0x8b sts=0xe0 armed=1
2026-09-03T20:22:41.772968 [TRG] pulses=2593 suppressed=32831 cyc=1600 rst=1 rstmode=0x40
2026-09-03T20:22:41.776459 [HLT] polls=5527 faults=0x0 cfglost=0
2026-09-03T20:22:41.782337 [EFF] n=5 last=58588 min=58472 max=58588 late=0 stuck=0 rderr=0
2026-09-03T20:22:41.786207 [DWT] ok=1 cyc=372484351 cyc_per_ms=800093
2026-09-03T20:22:42.799801 [HB] up_ms=5832078 frames=276426 inf=276426 hazard=35424 canary_err=0 q=0 qovr=0
2026-09-03T20:22:42.810923 [I2C] init=0 gate=0 whoami=0x201e0 wr=0 wrseen=0x27 addr=0x5a ok=1118741 err=0 tmo=0 recov=0 pclk1=200000000 sysclk=400000000
2026-09-03T20:22:42.812283 [NAK] nacks=0
2026-09-03T20:22:42.817037 [CLK] cpu=800000000 sysb=400000000 pclk1=200000000
2026-09-03T20:22:42.821601 [TOF] res=0 step=0 id=0xeacc blk=0xeacc10 ctl=0x0
2026-09-03T20:22:42.827289 [RNG] init=0 step=99 id=0xeacc boot=1 calls=93 xerr=0 dm=1 tb=15
2026-09-03T20:22:42.834287 [RNG] osc=41 imp=881 imprb=881 mstart=0x40 cfg=91 cfgfail=0x0 vhv=0 vpolls=0
2026-09-03T20:22:42.840660 [PRT] calls=1105159 xerr=0 ler=1 lidx=0x0 perr=0 maxcnt=17 addr8=0x52
2026-09-03T20:22:42.844687 [RTY] wr=0 wmax=0 wref=0  rd=0 rmax=0 rref=0
2026-09-03T20:22:42.852673 [RNG] frames=276097 last=40 min=23 max=61 nrdy=331 dxfer=0 dstat=0 lst=0 nrdyerr=0 dclr=0
2026-09-03T20:22:42.858911 [DRV] init=0 id=7 mode=0x1 lib=0x2 seq=0x1 odc=0x8b sts=0xe0 armed=1
2026-09-03T20:22:42.864689 [TRG] pulses=2593 suppressed=32831 cyc=1600 rst=1 rstmode=0x40
2026-09-03T20:22:42.868160 [HLT] polls=5528 faults=0x0 cfglost=0
2026-09-03T20:22:42.873788 [EFF] n=5 last=58588 min=58472 max=58588 late=0 stuck=0 rderr=0
2026-09-03T20:22:42.877787 [DWT] ok=1 cyc=1240483615 cyc_per_ms=799999
2026-09-03T20:22:43.891579 [HB] up_ms=5833163 frames=276477 inf=276477 hazard=35424 canary_err=0 q=0 qovr=0
2026-09-03T20:22:43.902738 [I2C] init=0 gate=0 whoami=0x201e0 wr=0 wrseen=0x27 addr=0x5a ok=1118947 err=0 tmo=0 recov=0 pclk1=200000000 sysclk=400000000
2026-09-03T20:22:43.904097 [NAK] nacks=0
2026-09-03T20:22:43.908735 [CLK] cpu=800000000 sysb=400000000 pclk1=200000000
2026-09-03T20:22:43.913221 [TOF] res=0 step=0 id=0xeacc blk=0xeacc10 ctl=0x0
2026-09-03T20:22:43.919107 [RNG] init=0 step=99 id=0xeacc boot=1 calls=93 xerr=0 dm=1 tb=15
2026-09-03T20:22:43.925970 [RNG] osc=41 imp=881 imprb=881 mstart=0x40 cfg=91 cfgfail=0x0 vhv=0 vpolls=0
2026-09-03T20:22:43.932221 [PRT] calls=1105367 xerr=0 ler=1 lidx=0x0 perr=0 maxcnt=17 addr8=0x52
2026-09-03T20:22:43.936340 [RTY] wr=0 wmax=0 wref=0  rd=0 rmax=0 rref=0
2026-09-03T20:22:43.944546 [RNG] frames=276148 last=38 min=23 max=61 nrdy=331 dxfer=0 dstat=0 lst=0 nrdyerr=0 dclr=0
2026-09-03T20:22:43.950729 [DRV] init=0 id=7 mode=0x1 lib=0x2 seq=0x1 odc=0x8b sts=0xe0 armed=1
2026-09-03T20:22:43.956348 [TRG] pulses=2593 suppressed=32831 cyc=1600 rst=1 rstmode=0x40
2026-09-03T20:22:43.959837 [HLT] polls=5529 faults=0x0 cfglost=0
2026-09-03T20:22:43.965603 [EFF] n=5 last=58588 min=58472 max=58588 late=0 stuck=0 rderr=0
2026-09-03T20:22:43.969594 [DWT] ok=1 cyc=2108484415 cyc_per_ms=800000
2026-09-03T20:22:44.983052 [HB] up_ms=5834248 frames=276528 inf=276528 hazard=35424 canary_err=0 q=0 qovr=0
2026-09-03T20:22:44.994298 [I2C] init=0 gate=0 whoami=0x201e0 wr=0 wrseen=0x27 addr=0x5a ok=1119155 err=0 tmo=0 recov=0 pclk1=200000000 sysclk=400000000
2026-09-03T20:22:44.995539 [NAK] nacks=0
2026-09-03T20:22:45.000181 [CLK] cpu=800000000 sysb=400000000 pclk1=200000000
2026-09-03T20:22:45.004790 [TOF] res=0 step=0 id=0xeacc blk=0xeacc10 ctl=0x0
2026-09-03T20:22:45.010548 [RNG] init=0 step=99 id=0xeacc boot=1 calls=93 xerr=0 dm=1 tb=15
2026-09-03T20:22:45.017415 [RNG] osc=41 imp=881 imprb=881 mstart=0x40 cfg=91 cfgfail=0x0 vhv=0 vpolls=0
2026-09-03T20:22:45.023792 [PRT] calls=1105569 xerr=0 ler=1 lidx=0x0 perr=0 maxcnt=17 addr8=0x52
2026-09-03T20:22:45.027927 [RTY] wr=0 wmax=0 wref=0  rd=0 rmax=0 rref=0
2026-09-03T20:22:45.035918 [RNG] frames=276199 last=43 min=23 max=61 nrdy=332 dxfer=0 dstat=0 lst=0 nrdyerr=0 dclr=0
2026-09-03T20:22:45.042160 [DRV] init=0 id=7 mode=0x1 lib=0x2 seq=0x1 odc=0x8b sts=0xe0 armed=1
2026-09-03T20:22:45.047898 [TRG] pulses=2593 suppressed=32831 cyc=1600 rst=1 rstmode=0x40
2026-09-03T20:22:45.051412 [HLT] polls=5530 faults=0x0 cfglost=0
2026-09-03T20:22:45.057160 [EFF] n=5 last=58588 min=58472 max=58588 late=0 stuck=0 rderr=0
2026-09-03T20:22:45.061071 [DWT] ok=1 cyc=2976484263 cyc_per_ms=799999
2026-09-03T20:22:46.074764 [HB] up_ms=5835333 frames=276580 inf=276580 hazard=35424 canary_err=0 q=0 qovr=0
2026-09-03T20:22:46.085995 [I2C] init=0 gate=0 whoami=0x201e0 wr=0 wrseen=0x27 addr=0x5a ok=1119361 err=0 tmo=0 recov=0 pclk1=200000000 sysclk=400000000
2026-09-03T20:22:46.087356 [NAK] nacks=0
2026-09-03T20:22:46.091988 [CLK] cpu=800000000 sysb=400000000 pclk1=200000000
2026-09-03T20:22:46.096583 [TOF] res=0 step=0 id=0xeacc blk=0xeacc10 ctl=0x0
2026-09-03T20:22:46.102239 [RNG] init=0 step=99 id=0xeacc boot=1 calls=93 xerr=0 dm=1 tb=15
2026-09-03T20:22:46.109236 [RNG] osc=41 imp=881 imprb=881 mstart=0x40 cfg=91 cfgfail=0x0 vhv=0 vpolls=0
2026-09-03T20:22:46.115614 [PRT] calls=1105777 xerr=0 ler=1 lidx=0x0 perr=0 maxcnt=17 addr8=0x52
2026-09-03T20:22:46.119634 [RTY] wr=0 wmax=0 wref=0  rd=0 rmax=0 rref=0
2026-09-03T20:22:46.127726 [RNG] frames=276250 last=49 min=23 max=61 nrdy=332 dxfer=0 dstat=0 lst=0 nrdyerr=0 dclr=0
2026-09-03T20:22:46.133971 [DRV] init=0 id=7 mode=0x1 lib=0x2 seq=0x1 odc=0x8b sts=0xe0 armed=1
2026-09-03T20:22:46.139686 [TRG] pulses=2593 suppressed=32831 cyc=1600 rst=1 rstmode=0x40
2026-09-03T20:22:46.143103 [HLT] polls=5531 faults=0x0 cfglost=0
2026-09-03T20:22:46.149341 [EFF] n=5 last=58588 min=58472 max=58588 late=0 stuck=0 rderr=0
2026-09-03T20:22:46.152848 [DWT] ok=1 cyc=3844382287 cyc_per_ms=799906
2026-09-03T20:22:47.166442 [HB] up_ms=5836418 frames=276631 inf=276631 hazard=35455 canary_err=0 q=0 qovr=0
2026-09-03T20:22:47.177682 [I2C] init=0 gate=0 whoami=0x201e0 wr=0 wrseen=0x27 addr=0x5a ok=1119570 err=0 tmo=0 recov=0 pclk1=200000000 sysclk=400000000
2026-09-03T20:22:47.179060 [NAK] nacks=0
2026-09-03T20:22:47.183588 [CLK] cpu=800000000 sysb=400000000 pclk1=200000000
2026-09-03T20:22:47.188178 [TOF] res=0 step=0 id=0xeacc blk=0xeacc10 ctl=0x0
2026-09-03T20:22:47.194075 [RNG] init=0 step=99 id=0xeacc boot=1 calls=93 xerr=0 dm=1 tb=15
2026-09-03T20:22:47.200935 [RNG] osc=41 imp=881 imprb=881 mstart=0x40 cfg=91 cfgfail=0x0 vhv=0 vpolls=0
2026-09-03T20:22:47.207185 [PRT] calls=1105981 xerr=0 ler=1 lidx=0x0 perr=0 maxcnt=17 addr8=0x52
2026-09-03T20:22:47.211430 [RTY] wr=0 wmax=0 wref=0  rd=0 rmax=0 rref=0
2026-09-03T20:22:47.219465 [RNG] frames=276302 last=44 min=23 max=61 nrdy=332 dxfer=0 dstat=0 lst=0 nrdyerr=0 dclr=0
2026-09-03T20:22:47.225548 [DRV] init=0 id=7 mode=0x1 lib=0x2 seq=0x1 odc=0x8b sts=0xe0 armed=1
2026-09-03T20:22:47.231287 [TRG] pulses=2596 suppressed=32862 cyc=1600 rst=1 rstmode=0x40
2026-09-03T20:22:47.234793 [HLT] polls=5532 faults=0x0 cfglost=0
2026-09-03T20:22:47.240542 [EFF] n=5 last=58588 min=58472 max=58588 late=0 stuck=0 rderr=0
2026-09-03T20:22:47.244457 [DWT] ok=1 cyc=417520703 cyc_per_ms=800097
2026-09-03T20:22:48.257540 [HB] up_ms=5837503 frames=276683 inf=276683 hazard=35465 canary_err=0 q=0 qovr=0
2026-09-03T20:22:48.268784 [I2C] init=0 gate=0 whoami=0x201e0 wr=0 wrseen=0x27 addr=0x5a ok=1119777 err=0 tmo=0 recov=0 pclk1=200000000 sysclk=400000000
2026-09-03T20:22:48.270127 [NAK] nacks=0
2026-09-03T20:22:48.274805 [CLK] cpu=800000000 sysb=400000000 pclk1=200000000
2026-09-03T20:22:48.279247 [TOF] res=0 step=0 id=0xeacc blk=0xeacc10 ctl=0x0
2026-09-03T20:22:48.285119 [RNG] init=0 step=99 id=0xeacc boot=1 calls=93 xerr=0 dm=1 tb=15
2026-09-03T20:22:48.292136 [RNG] osc=41 imp=881 imprb=881 mstart=0x40 cfg=91 cfgfail=0x0 vhv=0 vpolls=0
2026-09-03T20:22:48.298361 [PRT] calls=1106189 xerr=0 ler=1 lidx=0x0 perr=0 maxcnt=17 addr8=0x52
2026-09-03T20:22:48.302489 [RTY] wr=0 wmax=0 wref=0  rd=0 rmax=0 rref=0
2026-09-03T20:22:48.310498 [RNG] frames=276353 last=43 min=23 max=61 nrdy=332 dxfer=0 dstat=0 lst=0 nrdyerr=0 dclr=0
2026-09-03T20:22:48.316753 [DRV] init=0 id=7 mode=0x1 lib=0x2 seq=0x1 odc=0x8b sts=0xe0 armed=1
2026-09-03T20:22:48.322504 [TRG] pulses=2596 suppressed=32869 cyc=1600 rst=1 rstmode=0x40
2026-09-03T20:22:48.325859 [HLT] polls=5533 faults=0x0 cfglost=0
2026-09-03T20:22:48.331647 [EFF] n=5 last=58588 min=58472 max=58588 late=0 stuck=0 rderr=0
2026-09-03T20:22:48.335741 [DWT] ok=1 cyc=1285415151 cyc_per_ms=799902
2026-09-03T20:22:49.348964 [HB] up_ms=5838588 frames=276734 inf=276734 hazard=35465 canary_err=0 q=0 qovr=0
2026-09-03T20:22:49.360216 [I2C] init=0 gate=0 whoami=0x201e0 wr=0 wrseen=0x27 addr=0x5a ok=1119983 err=0 tmo=0 recov=0 pclk1=200000000 sysclk=400000000
2026-09-03T20:22:49.361584 [NAK] nacks=0
2026-09-03T20:22:49.366203 [CLK] cpu=800000000 sysb=400000000 pclk1=200000000
2026-09-03T20:22:49.370707 [TOF] res=0 step=0 id=0xeacc blk=0xeacc10 ctl=0x0
2026-09-03T20:22:49.376590 [RNG] init=0 step=99 id=0xeacc boot=1 calls=93 xerr=0 dm=1 tb=15
2026-09-03T20:22:49.383443 [RNG] osc=41 imp=881 imprb=881 mstart=0x40 cfg=91 cfgfail=0x0 vhv=0 vpolls=0
2026-09-03T20:22:49.389735 [PRT] calls=1106393 xerr=0 ler=1 lidx=0x0 perr=0 maxcnt=17 addr8=0x52
2026-09-03T20:22:49.393852 [RTY] wr=0 wmax=0 wref=0  rd=0 rmax=0 rref=0
2026-09-03T20:22:49.401955 [RNG] frames=276404 last=43 min=23 max=61 nrdy=332 dxfer=0 dstat=0 lst=0 nrdyerr=0 dclr=0
2026-09-03T20:22:49.408222 [DRV] init=0 id=7 mode=0x1 lib=0x2 seq=0x1 odc=0x8b sts=0xe0 armed=1
2026-09-03T20:22:49.413833 [TRG] pulses=2596 suppressed=32869 cyc=1600 rst=1 rstmode=0x40
2026-09-03T20:22:49.417180 [HLT] polls=5534 faults=0x0 cfglost=0
2026-09-03T20:22:49.423061 [EFF] n=5 last=58588 min=58472 max=58588 late=0 stuck=0 rderr=0
2026-09-03T20:22:49.427061 [DWT] ok=1 cyc=2153517071 cyc_per_ms=800093
2026-09-03T20:22:50.441053 [HB] up_ms=5839673 frames=276786 inf=276786 hazard=35465 canary_err=0 q=0 qovr=0
2026-09-03T20:22:50.452288 [I2C] init=0 gate=0 whoami=0x201e0 wr=0 wrseen=0x27 addr=0x5a ok=1120193 err=0 tmo=0 recov=0 pclk1=200000000 sysclk=400000000
2026-09-03T20:22:50.453543 [NAK] nacks=0
2026-09-03T20:22:50.458289 [CLK] cpu=800000000 sysb=400000000 pclk1=200000000
2026-09-03T20:22:50.462769 [TOF] res=0 step=0 id=0xeacc blk=0xeacc10 ctl=0x0
2026-09-03T20:22:50.468670 [RNG] init=0 step=99 id=0xeacc boot=1 calls=93 xerr=0 dm=1 tb=15
2026-09-03T20:22:50.475531 [RNG] osc=41 imp=881 imprb=881 mstart=0x40 cfg=91 cfgfail=0x0 vhv=0 vpolls=0
2026-09-03T20:22:50.481897 [PRT] calls=1106597 xerr=0 ler=1 lidx=0x0 perr=0 maxcnt=17 addr8=0x52
2026-09-03T20:22:50.485900 [RTY] wr=0 wmax=0 wref=0  rd=0 rmax=0 rref=0
2026-09-03T20:22:50.494024 [RNG] frames=276456 last=51 min=23 max=61 nrdy=332 dxfer=0 dstat=0 lst=0 nrdyerr=0 dclr=0
2026-09-03T20:22:50.500144 [DRV] init=0 id=7 mode=0x1 lib=0x2 seq=0x1 odc=0x8b sts=0xe0 armed=1
2026-09-03T20:22:50.505903 [TRG] pulses=2596 suppressed=32869 cyc=1600 rst=1 rstmode=0x40
2026-09-03T20:22:50.509400 [HLT] polls=5535 faults=0x0 cfglost=0
2026-09-03T20:22:50.515131 [EFF] n=5 last=58588 min=58472 max=58588 late=0 stuck=0 rderr=0
2026-09-03T20:22:50.519143 [DWT] ok=1 cyc=3021516351 cyc_per_ms=799999
2026-09-03T20:22:51.533096 [HB] up_ms=5840758 frames=276837 inf=276837 hazard=35465 canary_err=0 q=0 qovr=0
2026-09-03T20:22:51.544241 [I2C] init=0 gate=0 whoami=0x201e0 wr=0 wrseen=0x27 addr=0x5a ok=1120397 err=0 tmo=0 recov=0 pclk1=200000000 sysclk=400000000
2026-09-03T20:22:51.545627 [NAK] nacks=0
2026-09-03T20:22:51.550227 [CLK] cpu=800000000 sysb=400000000 pclk1=200000000
2026-09-03T20:22:51.554769 [TOF] res=0 step=0 id=0xeacc blk=0xeacc10 ctl=0x0
2026-09-03T20:22:51.560624 [RNG] init=0 step=99 id=0xeacc boot=1 calls=93 xerr=0 dm=1 tb=15
2026-09-03T20:22:51.567648 [RNG] osc=41 imp=881 imprb=881 mstart=0x40 cfg=91 cfgfail=0x0 vhv=0 vpolls=0
2026-09-03T20:22:51.573848 [PRT] calls=1106803 xerr=0 ler=1 lidx=0x0 perr=0 maxcnt=17 addr8=0x52
2026-09-03T20:22:51.577852 [RTY] wr=0 wmax=0 wref=0  rd=0 rmax=0 rref=0
2026-09-03T20:22:51.586224 [RNG] frames=276506 last=38 min=23 max=61 nrdy=333 dxfer=0 dstat=0 lst=0 nrdyerr=0 dclr=0
2026-09-03T20:22:51.592216 [DRV] init=0 id=7 mode=0x1 lib=0x2 seq=0x1 odc=0x8b sts=0xe0 armed=1
2026-09-03T20:22:51.597842 [TRG] pulses=2596 suppressed=32869 cyc=1600 rst=1 rstmode=0x40
2026-09-03T20:22:51.601344 [HLT] polls=5536 faults=0x0 cfglost=0
2026-09-03T20:22:51.607222 [EFF] n=5 last=58588 min=58472 max=58588 late=0 stuck=0 rderr=0
2026-09-03T20:22:51.611208 [DWT] ok=1 cyc=3889517099 cyc_per_ms=800000
2026-09-03T20:22:52.625172 [HB] up_ms=5841843 frames=276888 inf=276888 hazard=35465 canary_err=0 q=0 qovr=0
2026-09-03T20:22:52.636296 [I2C] init=0 gate=0 whoami=0x201e0 wr=0 wrseen=0x27 addr=0x5a ok=1120607 err=0 tmo=0 recov=0 pclk1=200000000 sysclk=400000000
2026-09-03T20:22:52.637672 [NAK] nacks=0
2026-09-03T20:22:52.642302 [CLK] cpu=800000000 sysb=400000000 pclk1=200000000
2026-09-03T20:22:52.646914 [TOF] res=0 step=0 id=0xeacc blk=0xeacc10 ctl=0x0
2026-09-03T20:22:52.652667 [RNG] init=0 step=99 id=0xeacc boot=1 calls=93 xerr=0 dm=1 tb=15
2026-09-03T20:22:52.659673 [RNG] osc=41 imp=881 imprb=881 mstart=0x40 cfg=91 cfgfail=0x0 vhv=0 vpolls=0
2026-09-03T20:22:52.665910 [PRT] calls=1107007 xerr=0 ler=1 lidx=0x0 perr=0 maxcnt=17 addr8=0x52
2026-09-03T20:22:52.670036 [RTY] wr=0 wmax=0 wref=0  rd=0 rmax=0 rref=0
2026-09-03T20:22:52.678202 [RNG] frames=276558 last=47 min=23 max=61 nrdy=333 dxfer=0 dstat=0 lst=0 nrdyerr=0 dclr=0
2026-09-03T20:22:52.684293 [DRV] init=0 id=7 mode=0x1 lib=0x2 seq=0x1 odc=0x8b sts=0xe0 armed=1
2026-09-03T20:22:52.690413 [TRG] pulses=2596 suppressed=32869 cyc=1600 rst=1 rstmode=0x40
2026-09-03T20:22:52.693577 [HLT] polls=5537 faults=0x0 cfglost=0
2026-09-03T20:22:52.699296 [EFF] n=5 last=58588 min=58472 max=58588 late=0 stuck=0 rderr=0
2026-09-03T20:22:52.703190 [DWT] ok=1 cyc=462549639 cyc_per_ms=799999
2026-09-03T20:22:53.717027 [HB] up_ms=5842928 frames=276940 inf=276940 hazard=35485 canary_err=0 q=0 qovr=0
2026-09-03T20:22:53.728401 [I2C] init=0 gate=0 whoami=0x201e0 wr=0 wrseen=0x27 addr=0x5a ok=1120813 err=0 tmo=0 recov=0 pclk1=200000000 sysclk=400000000
2026-09-03T20:22:53.729779 [NAK] nacks=0
2026-09-03T20:22:53.734272 [CLK] cpu=800000000 sysb=400000000 pclk1=200000000
2026-09-03T20:22:53.738804 [TOF] res=0 step=0 id=0xeacc blk=0xeacc10 ctl=0x0
2026-09-03T20:22:53.744790 [RNG] init=0 step=99 id=0xeacc boot=1 calls=93 xerr=0 dm=1 tb=15
2026-09-03T20:22:53.751660 [RNG] osc=41 imp=881 imprb=881 mstart=0x40 cfg=91 cfgfail=0x0 vhv=0 vpolls=0
2026-09-03T20:22:53.757911 [PRT] calls=1107215 xerr=0 ler=1 lidx=0x0 perr=0 maxcnt=17 addr8=0x52
2026-09-03T20:22:53.762007 [RTY] wr=0 wmax=0 wref=0  rd=0 rmax=0 rref=0
2026-09-03T20:22:53.770137 [RNG] frames=276609 last=41 min=23 max=61 nrdy=333 dxfer=0 dstat=0 lst=0 nrdyerr=0 dclr=0
2026-09-03T20:22:53.776267 [DRV] init=0 id=7 mode=0x1 lib=0x2 seq=0x1 odc=0x8b sts=0xe0 armed=1
2026-09-03T20:22:53.782031 [TRG] pulses=2598 suppressed=32890 cyc=1600 rst=1 rstmode=0x40
2026-09-03T20:22:53.785376 [HLT] polls=5538 faults=0x0 cfglost=0
2026-09-03T20:22:53.791132 [EFF] n=5 last=58588 min=58472 max=58588 late=0 stuck=0 rderr=0
2026-09-03T20:22:53.795246 [DWT] ok=1 cyc=1330450515 cyc_per_ms=799908
2026-09-03T20:22:54.809119 [HB] up_ms=5844013 frames=276991 inf=276991 hazard=35506 canary_err=0 q=0 qovr=0
2026-09-03T20:22:54.820358 [I2C] init=0 gate=0 whoami=0x201e0 wr=0 wrseen=0x27 addr=0x5a ok=1121022 err=0 tmo=0 recov=0 pclk1=200000000 sysclk=400000000
2026-09-03T20:22:54.821714 [NAK] nacks=0
2026-09-03T20:22:54.826227 [CLK] cpu=800000000 sysb=400000000 pclk1=200000000
2026-09-03T20:22:54.830844 [TOF] res=0 step=0 id=0xeacc blk=0xeacc10 ctl=0x0
2026-09-03T20:22:54.836623 [RNG] init=0 step=99 id=0xeacc boot=1 calls=93 xerr=0 dm=1 tb=15
2026-09-03T20:22:54.843488 [RNG] osc=41 imp=881 imprb=881 mstart=0x40 cfg=91 cfgfail=0x0 vhv=0 vpolls=0
2026-09-03T20:22:54.849846 [PRT] calls=1107419 xerr=0 ler=1 lidx=0x0 perr=0 maxcnt=17 addr8=0x52
2026-09-03T20:22:54.853966 [RTY] wr=0 wmax=0 wref=0  rd=0 rmax=0 rref=0
2026-09-03T20:22:54.861972 [RNG] frames=276661 last=47 min=23 max=61 nrdy=333 dxfer=0 dstat=0 lst=0 nrdyerr=0 dclr=0
2026-09-03T20:22:54.868221 [DRV] init=0 id=7 mode=0x1 lib=0x2 seq=0x1 odc=0x8b sts=0xe0 armed=1
2026-09-03T20:22:54.873866 [TRG] pulses=2599 suppressed=32907 cyc=1600 rst=1 rstmode=0x40
2026-09-03T20:22:54.877341 [HLT] polls=5539 faults=0x0 cfglost=0
2026-09-03T20:22:54.883086 [EFF] n=5 last=58588 min=58472 max=58588 late=0 stuck=0 rderr=0
2026-09-03T20:22:54.887086 [DWT] ok=1 cyc=2198549711 cyc_per_ms=800091
2026-09-03T20:22:55.900697 [HB] up_ms=5845098 frames=277043 inf=277043 hazard=35506 canary_err=0 q=0 qovr=0
2026-09-03T20:22:55.911951 [I2C] init=0 gate=0 whoami=0x201e0 wr=0 wrseen=0x27 addr=0x5a ok=1121229 err=0 tmo=0 recov=0 pclk1=200000000 sysclk=400000000
2026-09-03T20:22:55.913328 [NAK] nacks=0
2026-09-03T20:22:55.917963 [CLK] cpu=800000000 sysb=400000000 pclk1=200000000
2026-09-03T20:22:55.922434 [TOF] res=0 step=0 id=0xeacc blk=0xeacc10 ctl=0x0
2026-09-03T20:22:55.928351 [RNG] init=0 step=99 id=0xeacc boot=1 calls=93 xerr=0 dm=1 tb=15
2026-09-03T20:22:55.935316 [RNG] osc=41 imp=881 imprb=881 mstart=0x40 cfg=91 cfgfail=0x0 vhv=0 vpolls=0
2026-09-03T20:22:55.941589 [PRT] calls=1107627 xerr=0 ler=1 lidx=0x0 perr=0 maxcnt=17 addr8=0x52
2026-09-03T20:22:55.945683 [RTY] wr=0 wmax=0 wref=0  rd=0 rmax=0 rref=0
2026-09-03T20:22:55.953683 [RNG] frames=276712 last=35 min=23 max=61 nrdy=333 dxfer=0 dstat=0 lst=0 nrdyerr=0 dclr=0
2026-09-03T20:22:55.959940 [DRV] init=0 id=7 mode=0x1 lib=0x2 seq=0x1 odc=0x8b sts=0xe0 armed=1
2026-09-03T20:22:55.965667 [TRG] pulses=2599 suppressed=32907 cyc=1600 rst=1 rstmode=0x40
2026-09-03T20:22:55.969048 [HLT] polls=5540 faults=0x0 cfglost=0
2026-09-03T20:22:55.974832 [EFF] n=5 last=58588 min=58472 max=58588 late=0 stuck=0 rderr=0
2026-09-03T20:22:55.978955 [DWT] ok=1 cyc=3066447843 cyc_per_ms=799906
2026-09-03T20:22:56.992948 [HB] up_ms=5846183 frames=277094 inf=277094 hazard=35506 canary_err=0 q=0 qovr=0
2026-09-03T20:22:57.004164 [I2C] init=0 gate=0 whoami=0x201e0 wr=0 wrseen=0x27 addr=0x5a ok=1121433 err=0 tmo=0 recov=0 pclk1=200000000 sysclk=400000000
2026-09-03T20:22:57.005579 [NAK] nacks=0
2026-09-03T20:22:57.010157 [CLK] cpu=800000000 sysb=400000000 pclk1=200000000
2026-09-03T20:22:57.014669 [TOF] res=0 step=0 id=0xeacc blk=0xeacc10 ctl=0x0
2026-09-03T20:22:57.020537 [RNG] init=0 step=99 id=0xeacc boot=1 calls=93 xerr=0 dm=1 tb=15
2026-09-03T20:22:57.027529 [RNG] osc=41 imp=881 imprb=881 mstart=0x40 cfg=91 cfgfail=0x0 vhv=0 vpolls=0
2026-09-03T20:22:57.033766 [PRT] calls=1107829 xerr=0 ler=1 lidx=0x0 perr=0 maxcnt=17 addr8=0x52
2026-09-03T20:22:57.037775 [RTY] wr=0 wmax=0 wref=0  rd=0 rmax=0 rref=0
2026-09-03T20:22:57.046028 [RNG] frames=276762 last=35 min=23 max=61 nrdy=334 dxfer=0 dstat=0 lst=0 nrdyerr=0 dclr=0
2026-09-03T20:22:57.052163 [DRV] init=0 id=7 mode=0x1 lib=0x2 seq=0x1 odc=0x8b sts=0xe0 armed=1
2026-09-03T20:22:57.057774 [TRG] pulses=2599 suppressed=32907 cyc=1600 rst=1 rstmode=0x40
2026-09-03T20:22:57.061267 [HLT] polls=5541 faults=0x0 cfglost=0
2026-09-03T20:22:57.067144 [EFF] n=5 last=58588 min=58472 max=58588 late=0 stuck=0 rderr=0
2026-09-03T20:22:57.071141 [DWT] ok=1 cyc=3934549815 cyc_per_ms=800093
2026-09-03T20:22:58.085772 [HB] up_ms=5847268 frames=277146 inf=277146 hazard=35506 canary_err=0 q=0 qovr=0
2026-09-03T20:22:58.097004 [I2C] init=0 gate=0 whoami=0x201e0 wr=0 wrseen=0x27 addr=0x5a ok=1121643 err=0 tmo=0 recov=0 pclk1=200000000 sysclk=400000000
2026-09-03T20:22:58.098366 [NAK] nacks=0
2026-09-03T20:22:58.103147 [CLK] cpu=800000000 sysb=400000000 pclk1=200000000
2026-09-03T20:22:58.107671 [TOF] res=0 step=0 id=0xeacc blk=0xeacc10 ctl=0x0
2026-09-03T20:22:58.113368 [RNG] init=0 step=99 id=0xeacc boot=1 calls=93 xerr=0 dm=1 tb=15
2026-09-03T20:22:58.120286 [RNG] osc=41 imp=881 imprb=881 mstart=0x40 cfg=91 cfgfail=0x0 vhv=0 vpolls=0
2026-09-03T20:22:58.126744 [PRT] calls=1108033 xerr=0 ler=1 lidx=0x0 perr=0 maxcnt=17 addr8=0x52
2026-09-03T20:22:58.130745 [RTY] wr=0 wmax=0 wref=0  rd=0 rmax=0 rref=0
2026-09-03T20:22:58.138804 [RNG] frames=276814 last=49 min=23 max=61 nrdy=334 dxfer=0 dstat=0 lst=0 nrdyerr=0 dclr=0
2026-09-03T20:22:58.144984 [DRV] init=0 id=7 mode=0x1 lib=0x2 seq=0x1 odc=0x8b sts=0xe0 armed=1
2026-09-03T20:22:58.150728 [TRG] pulses=2599 suppressed=32907 cyc=1600 rst=1 rstmode=0x40
2026-09-03T20:22:58.154305 [HLT] polls=5542 faults=0x0 cfglost=0
2026-09-03T20:22:58.159989 [EFF] n=5 last=58588 min=58472 max=58588 late=0 stuck=0 rderr=0
2026-09-03T20:22:58.163863 [DWT] ok=1 cyc=507581739 cyc_per_ms=799999
2026-09-03T20:22:59.178096 [HB] up_ms=5848353 frames=277197 inf=277197 hazard=35506 canary_err=0 q=0 qovr=0
2026-09-03T20:22:59.189484 [I2C] init=0 gate=0 whoami=0x201e0 wr=0 wrseen=0x27 addr=0x5a ok=1121849 err=0 tmo=0 recov=0 pclk1=200000000 sysclk=400000000
2026-09-03T20:22:59.190851 [NAK] nacks=0
2026-09-03T20:22:59.195330 [CLK] cpu=800000000 sysb=400000000 pclk1=200000000
2026-09-03T20:22:59.199997 [TOF] res=0 step=0 id=0xeacc blk=0xeacc10 ctl=0x0
2026-09-03T20:22:59.205843 [RNG] init=0 step=99 id=0xeacc boot=1 calls=93 xerr=0 dm=1 tb=15
2026-09-03T20:22:59.212703 [RNG] osc=41 imp=881 imprb=881 mstart=0x40 cfg=91 cfgfail=0x0 vhv=0 vpolls=0
2026-09-03T20:22:59.218956 [PRT] calls=1108241 xerr=0 ler=1 lidx=0x0 perr=0 maxcnt=17 addr8=0x52
2026-09-03T20:22:59.223083 [RTY] wr=0 wmax=0 wref=0  rd=0 rmax=0 rref=0
2026-09-03T20:22:59.231326 [RNG] frames=276865 last=38 min=23 max=61 nrdy=334 dxfer=0 dstat=0 lst=0 nrdyerr=0 dclr=0
2026-09-03T20:22:59.237467 [DRV] init=0 id=7 mode=0x1 lib=0x2 seq=0x1 odc=0x8b sts=0xe0 armed=1
2026-09-03T20:22:59.243087 [TRG] pulses=2599 suppressed=32907 cyc=1600 rst=1 rstmode=0x40
2026-09-03T20:22:59.246591 [HLT] polls=5544 faults=0x0 cfglost=0
2026-09-03T20:22:59.252467 [EFF] n=5 last=58588 min=58472 max=58588 late=0 stuck=0 rderr=0
2026-09-03T20:22:59.256456 [DWT] ok=1 cyc=1375615151 cyc_per_ms=800030
2026-09-03T20:23:00.271012 [HB] up_ms=5849438 frames=277248 inf=277248 hazard=35514 canary_err=0 q=0 qovr=0
2026-09-03T20:23:00.282189 [I2C] init=0 gate=0 whoami=0x201e0 wr=0 wrseen=0x27 addr=0x5a ok=1122059 err=0 tmo=0 recov=0 pclk1=200000000 sysclk=400000000
2026-09-03T20:23:00.283441 [NAK] nacks=0
2026-09-03T20:23:00.288086 [CLK] cpu=800000000 sysb=400000000 pclk1=200000000
2026-09-03T20:23:00.292692 [TOF] res=0 step=0 id=0xeacc blk=0xeacc10 ctl=0x0
2026-09-03T20:23:00.298572 [RNG] init=0 step=99 id=0xeacc boot=1 calls=93 xerr=0 dm=1 tb=15
2026-09-03T20:23:00.305471 [RNG] osc=41 imp=881 imprb=881 mstart=0x40 cfg=91 cfgfail=0x0 vhv=0 vpolls=0
2026-09-03T20:23:00.311806 [PRT] calls=1108445 xerr=0 ler=1 lidx=0x0 perr=0 maxcnt=17 addr8=0x52
2026-09-03T20:23:00.315917 [RTY] wr=0 wmax=0 wref=0  rd=0 rmax=0 rref=0
2026-09-03T20:23:00.323928 [RNG] frames=276917 last=42 min=23 max=61 nrdy=334 dxfer=0 dstat=0 lst=0 nrdyerr=0 dclr=0
2026-09-03T20:23:00.330165 [DRV] init=0 id=7 mode=0x1 lib=0x2 seq=0x1 odc=0x8b sts=0xe0 armed=1
2026-09-03T20:23:00.335949 [TRG] pulses=2600 suppressed=32917 cyc=1600 rst=1 rstmode=0x40
2026-09-03T20:23:00.339335 [HLT] polls=5545 faults=0x0 cfglost=0
2026-09-03T20:23:00.345044 [EFF] n=5 last=58588 min=58472 max=58588 late=0 stuck=0 rderr=0
2026-09-03T20:23:00.349016 [DWT] ok=1 cyc=2243618779 cyc_per_ms=800003
2026-09-03T20:23:01.362783 [HB] up_ms=5850523 frames=277300 inf=277300 hazard=35547 canary_err=0 q=0 qovr=0
2026-09-03T20:23:01.374159 [I2C] init=0 gate=0 whoami=0x201e0 wr=0 wrseen=0x27 addr=0x5a ok=1122267 err=0 tmo=0 recov=0 pclk1=200000000 sysclk=400000000
2026-09-03T20:23:01.375400 [NAK] nacks=0
2026-09-03T20:23:01.380028 [CLK] cpu=800000000 sysb=400000000 pclk1=200000000
2026-09-03T20:23:01.384815 [TOF] res=0 step=0 id=0xeacc blk=0xeacc10 ctl=0x0
2026-09-03T20:23:01.390412 [RNG] init=0 step=99 id=0xeacc boot=1 calls=93 xerr=0 dm=1 tb=15
2026-09-03T20:23:01.397399 [RNG] osc=41 imp=881 imprb=881 mstart=0x40 cfg=91 cfgfail=0x0 vhv=0 vpolls=0
2026-09-03T20:23:01.403877 [PRT] calls=1108653 xerr=0 ler=1 lidx=0x0 perr=0 maxcnt=17 addr8=0x52
2026-09-03T20:23:01.407781 [RTY] wr=0 wmax=0 wref=0  rd=0 rmax=0 rref=0
2026-09-03T20:23:01.415905 [RNG] frames=276968 last=38 min=23 max=61 nrdy=334 dxfer=0 dstat=0 lst=0 nrdyerr=0 dclr=0
2026-09-03T20:23:01.422151 [DRV] init=0 id=7 mode=0x1 lib=0x2 seq=0x1 odc=0x8b sts=0xe0 armed=1
2026-09-03T20:23:01.427784 [TRG] pulses=2602 suppressed=32945 cyc=1600 rst=1 rstmode=0x40
2026-09-03T20:23:01.431149 [HLT] polls=5546 faults=0x0 cfglost=0
2026-09-03T20:23:01.437013 [EFF] n=5 last=58588 min=58472 max=58588 late=0 stuck=0 rderr=0
2026-09-03T20:23:01.441014 [DWT] ok=1 cyc=3111480463 cyc_per_ms=799872
2026-09-03T20:23:02.454758 [HB] up_ms=5851608 frames=277351 inf=277351 hazard=35547 canary_err=0 q=0 qovr=0
2026-09-03T20:23:02.466029 [I2C] init=0 gate=0 whoami=0x201e0 wr=0 wrseen=0x27 addr=0x5a ok=1122476 err=0 tmo=0 recov=0 pclk1=200000000 sysclk=400000000
2026-09-03T20:23:02.467235 [NAK] nacks=0
2026-09-03T20:23:02.471890 [CLK] cpu=800000000 sysb=400000000 pclk1=200000000
2026-09-03T20:23:02.476499 [TOF] res=0 step=0 id=0xeacc blk=0xeacc10 ctl=0x0
2026-09-03T20:23:02.482369 [RNG] init=0 step=99 id=0xeacc boot=1 calls=93 xerr=0 dm=1 tb=15
2026-09-03T20:23:02.489256 [RNG] osc=41 imp=881 imprb=881 mstart=0x40 cfg=91 cfgfail=0x0 vhv=0 vpolls=0
2026-09-03T20:23:02.495499 [PRT] calls=1108857 xerr=0 ler=1 lidx=0x0 perr=0 maxcnt=17 addr8=0x52
2026-09-03T20:23:02.499780 [RTY] wr=0 wmax=0 wref=0  rd=0 rmax=0 rref=0
2026-09-03T20:23:02.508041 [RNG] frames=277020 last=47 min=23 max=61 nrdy=334 dxfer=0 dstat=0 lst=0 nrdyerr=0 dclr=0
2026-09-03T20:23:02.513972 [DRV] init=0 id=7 mode=0x1 lib=0x2 seq=0x1 odc=0x8b sts=0xe0 armed=1
2026-09-03T20:23:02.519497 [TRG] pulses=2602 suppressed=32945 cyc=1600 rst=1 rstmode=0x40
2026-09-03T20:23:02.523119 [HLT] polls=5547 faults=0x0 cfglost=0
2026-09-03T20:23:02.528854 [EFF] n=5 last=58588 min=58472 max=58588 late=0 stuck=0 rderr=0
2026-09-03T20:23:02.532846 [DWT] ok=1 cyc=3979582383 cyc_per_ms=800093
2026-09-03T20:23:03.547237 [HB] up_ms=5852693 frames=277403 inf=277403 hazard=35547 canary_err=0 q=0 qovr=0
2026-09-03T20:23:03.558483 [I2C] init=0 gate=0 whoami=0x201e0 wr=0 wrseen=0x27 addr=0x5a ok=1122683 err=0 tmo=0 recov=0 pclk1=200000000 sysclk=400000000
2026-09-03T20:23:03.559843 [NAK] nacks=0
2026-09-03T20:23:03.564463 [CLK] cpu=800000000 sysb=400000000 pclk1=200000000
2026-09-03T20:23:03.569011 [TOF] res=0 step=0 id=0xeacc blk=0xeacc10 ctl=0x0
2026-09-03T20:23:03.574848 [RNG] init=0 step=99 id=0xeacc boot=1 calls=93 xerr=0 dm=1 tb=15
2026-09-03T20:23:03.581850 [RNG] osc=41 imp=881 imprb=881 mstart=0x40 cfg=91 cfgfail=0x0 vhv=0 vpolls=0
2026-09-03T20:23:03.588108 [PRT] calls=1109065 xerr=0 ler=1 lidx=0x0 perr=0 maxcnt=17 addr8=0x52
2026-09-03T20:23:03.592082 [RTY] wr=0 wmax=0 wref=0  rd=0 rmax=0 rref=0
2026-09-03T20:23:03.600222 [RNG] frames=277071 last=41 min=23 max=61 nrdy=334 dxfer=0 dstat=0 lst=0 nrdyerr=0 dclr=0
2026-09-03T20:23:03.606460 [DRV] init=0 id=7 mode=0x1 lib=0x2 seq=0x1 odc=0x8b sts=0xe0 armed=1
2026-09-03T20:23:03.612085 [TRG] pulses=2602 suppressed=32945 cyc=1600 rst=1 rstmode=0x40
2026-09-03T20:23:03.615607 [HLT] polls=5548 faults=0x0 cfglost=0
2026-09-03T20:23:03.621328 [EFF] n=5 last=58588 min=58472 max=58588 late=0 stuck=0 rderr=0
2026-09-03T20:23:03.625318 [DWT] ok=1 cyc=552513211 cyc_per_ms=799906
2026-09-03T20:23:04.640346 [HB] up_ms=5853778 frames=277454 inf=277454 hazard=35547 canary_err=0 q=0 qovr=0
2026-09-03T20:23:04.651810 [I2C] init=0 gate=0 whoami=0x201e0 wr=0 wrseen=0x27 addr=0x5a ok=1122889 err=0 tmo=0 recov=0 pclk1=200000000 sysclk=400000000
2026-09-03T20:23:04.653125 [NAK] nacks=0
2026-09-03T20:23:04.657605 [CLK] cpu=800000000 sysb=400000000 pclk1=200000000
2026-09-03T20:23:04.662198 [TOF] res=0 step=0 id=0xeacc blk=0xeacc10 ctl=0x0
2026-09-03T20:23:04.668106 [RNG] init=0 step=99 id=0xeacc boot=1 calls=93 xerr=0 dm=1 tb=15
2026-09-03T20:23:04.674956 [RNG] osc=41 imp=881 imprb=881 mstart=0x40 cfg=91 cfgfail=0x0 vhv=0 vpolls=0
2026-09-03T20:23:04.681361 [PRT] calls=1109269 xerr=0 ler=1 lidx=0x0 perr=0 maxcnt=17 addr8=0x52
2026-09-03T20:23:04.685372 [RTY] wr=0 wmax=0 wref=0  rd=0 rmax=0 rref=0
2026-09-03T20:23:04.693436 [RNG] frames=277122 last=40 min=23 max=61 nrdy=334 dxfer=0 dstat=0 lst=0 nrdyerr=0 dclr=0
2026-09-03T20:23:04.699699 [DRV] init=0 id=7 mode=0x1 lib=0x2 seq=0x1 odc=0x8b sts=0xe0 armed=1
2026-09-03T20:23:04.705306 [TRG] pulses=2602 suppressed=32945 cyc=1600 rst=1 rstmode=0x40
2026-09-03T20:23:04.708803 [HLT] polls=5549 faults=0x0 cfglost=0
2026-09-03T20:23:04.714685 [EFF] n=5 last=58588 min=58472 max=58588 late=0 stuck=0 rderr=0
2026-09-03T20:23:04.718626 [DWT] ok=1 cyc=1420615239 cyc_per_ms=800094
2026-09-03T20:23:05.733320 [HB] up_ms=5854863 frames=277506 inf=277506 hazard=35547 canary_err=0 q=0 qovr=0
2026-09-03T20:23:05.744576 [I2C] init=0 gate=0 whoami=0x201e0 wr=0 wrseen=0x27 addr=0x5a ok=1123099 err=0 tmo=0 recov=0 pclk1=200000000 sysclk=400000000
2026-09-03T20:23:05.745926 [NAK] nacks=0
2026-09-03T20:23:05.750572 [CLK] cpu=800000000 sysb=400000000 pclk1=200000000
2026-09-03T20:23:05.755109 [TOF] res=0 step=0 id=0xeacc blk=0xeacc10 ctl=0x0
2026-09-03T20:23:05.760924 [RNG] init=0 step=99 id=0xeacc boot=1 calls=93 xerr=0 dm=1 tb=15
2026-09-03T20:23:05.767805 [RNG] osc=41 imp=881 imprb=881 mstart=0x40 cfg=91 cfgfail=0x0 vhv=0 vpolls=0
2026-09-03T20:23:05.774173 [PRT] calls=1109473 xerr=0 ler=1 lidx=0x0 perr=0 maxcnt=17 addr8=0x52
2026-09-03T20:23:05.778298 [RTY] wr=0 wmax=0 wref=0  rd=0 rmax=0 rref=0
2026-09-03T20:23:05.786303 [RNG] frames=277174 last=42 min=23 max=61 nrdy=334 dxfer=0 dstat=0 lst=0 nrdyerr=0 dclr=0
2026-09-03T20:23:05.792591 [DRV] init=0 id=7 mode=0x1 lib=0x2 seq=0x1 odc=0x8b sts=0xe0 armed=1
2026-09-03T20:23:05.798296 [TRG] pulses=2602 suppressed=32945 cyc=1600 rst=1 rstmode=0x40
2026-09-03T20:23:05.801810 [HLT] polls=5550 faults=0x0 cfglost=0
2026-09-03T20:23:05.807538 [EFF] n=5 last=58588 min=58472 max=58588 late=0 stuck=0 rderr=0
2026-09-03T20:23:05.811414 [DWT] ok=1 cyc=2288614443 cyc_per_ms=799999
2026-09-03T20:23:06.826175 [HB] up_ms=5855948 frames=277557 inf=277557 hazard=35547 canary_err=0 q=0 qovr=0
2026-09-03T20:23:06.837427 [I2C] init=0 gate=0 whoami=0x201e0 wr=0 wrseen=0x27 addr=0x5a ok=1123305 err=0 tmo=0 recov=0 pclk1=200000000 sysclk=400000000
2026-09-03T20:23:06.838791 [NAK] nacks=0
2026-09-03T20:23:06.843411 [CLK] cpu=800000000 sysb=400000000 pclk1=200000000
2026-09-03T20:23:06.847920 [TOF] res=0 step=0 id=0xeacc blk=0xeacc10 ctl=0x0
2026-09-03T20:23:06.853786 [RNG] init=0 step=99 id=0xeacc boot=1 calls=93 xerr=0 dm=1 tb=15
2026-09-03T20:23:06.860853 [RNG] osc=41 imp=881 imprb=881 mstart=0x40 cfg=91 cfgfail=0x0 vhv=0 vpolls=0
2026-09-03T20:23:06.867076 [PRT] calls=1109681 xerr=0 ler=1 lidx=0x0 perr=0 maxcnt=17 addr8=0x52
2026-09-03T20:23:06.871030 [RTY] wr=0 wmax=0 wref=0  rd=0 rmax=0 rref=0
2026-09-03T20:23:06.879283 [RNG] frames=277225 last=44 min=23 max=61 nrdy=334 dxfer=0 dstat=0 lst=0 nrdyerr=0 dclr=0
2026-09-03T20:23:06.885406 [DRV] init=0 id=7 mode=0x1 lib=0x2 seq=0x1 odc=0x8b sts=0xe0 armed=1
2026-09-03T20:23:06.891029 [TRG] pulses=2602 suppressed=32945 cyc=1600 rst=1 rstmode=0x40
2026-09-03T20:23:06.894527 [HLT] polls=5551 faults=0x0 cfglost=0
2026-09-03T20:23:06.900407 [EFF] n=5 last=58588 min=58472 max=58588 late=0 stuck=0 rderr=0
2026-09-03T20:23:06.904397 [DWT] ok=1 cyc=3156618755 cyc_per_ms=800003
2026-09-03T20:23:07.918907 [HB] up_ms=5857033 frames=277608 inf=277608 hazard=35588 canary_err=0 q=0 qovr=0
2026-09-03T20:23:07.930150 [I2C] init=0 gate=0 whoami=0x201e0 wr=0 wrseen=0x27 addr=0x5a ok=1123515 err=0 tmo=0 recov=0 pclk1=200000000 sysclk=400000000
2026-09-03T20:23:07.931391 [NAK] nacks=0
2026-09-03T20:23:07.936030 [CLK] cpu=800000000 sysb=400000000 pclk1=200000000
2026-09-03T20:23:07.940665 [TOF] res=0 step=0 id=0xeacc blk=0xeacc10 ctl=0x0
2026-09-03T20:23:07.946514 [RNG] init=0 step=99 id=0xeacc boot=1 calls=93 xerr=0 dm=1 tb=15
2026-09-03T20:23:07.953396 [RNG] osc=41 imp=881 imprb=881 mstart=0x40 cfg=91 cfgfail=0x0 vhv=0 vpolls=0
2026-09-03T20:23:07.959762 [PRT] calls=1109885 xerr=0 ler=1 lidx=0x0 perr=0 maxcnt=17 addr8=0x52
2026-09-03T20:23:07.963893 [RTY] wr=0 wmax=0 wref=0  rd=0 rmax=0 rref=0
2026-09-03T20:23:07.971907 [RNG] frames=277277 last=41 min=23 max=61 nrdy=334 dxfer=0 dstat=0 lst=0 nrdyerr=0 dclr=0
2026-09-03T20:23:07.978130 [DRV] init=0 id=7 mode=0x1 lib=0x2 seq=0x1 odc=0x8b sts=0xe0 armed=1
2026-09-03T20:23:07.983886 [TRG] pulses=2605 suppressed=32983 cyc=1600 rst=1 rstmode=0x40
2026-09-03T20:23:07.987395 [HLT] polls=5552 faults=0x0 cfglost=0
2026-09-03T20:23:07.993124 [EFF] n=5 last=58588 min=58472 max=58588 late=0 stuck=0 rderr=0
2026-09-03T20:23:07.997005 [DWT] ok=1 cyc=4024615083 cyc_per_ms=799996
2026-09-03T20:23:09.012045 [HB] up_ms=5858118 frames=277660 inf=277660 hazard=35588 canary_err=0 q=0 qovr=0
2026-09-03T20:23:09.023388 [I2C] init=0 gate=0 whoami=0x201e0 wr=0 wrseen=0x27 addr=0x5a ok=1123721 err=0 tmo=0 recov=0 pclk1=200000000 sysclk=400000000
2026-09-03T20:23:09.024650 [NAK] nacks=0
2026-09-03T20:23:09.029255 [CLK] cpu=800000000 sysb=400000000 pclk1=200000000
2026-09-03T20:23:09.033756 [TOF] res=0 step=0 id=0xeacc blk=0xeacc10 ctl=0x0
2026-09-03T20:23:09.039630 [RNG] init=0 step=99 id=0xeacc boot=1 calls=93 xerr=0 dm=1 tb=15
2026-09-03T20:23:09.046651 [RNG] osc=41 imp=881 imprb=881 mstart=0x40 cfg=91 cfgfail=0x0 vhv=0 vpolls=0
2026-09-03T20:23:09.052872 [PRT] calls=1110093 xerr=0 ler=1 lidx=0x0 perr=0 maxcnt=17 addr8=0x52
2026-09-03T20:23:09.057022 [RTY] wr=0 wmax=0 wref=0  rd=0 rmax=0 rref=0
2026-09-03T20:23:09.065122 [RNG] frames=277328 last=46 min=23 max=61 nrdy=334 dxfer=0 dstat=0 lst=0 nrdyerr=0 dclr=0
2026-09-03T20:23:09.071382 [DRV] init=0 id=7 mode=0x1 lib=0x2 seq=0x1 odc=0x8b sts=0xe0 armed=1
2026-09-03T20:23:09.076989 [TRG] pulses=2605 suppressed=32983 cyc=1600 rst=1 rstmode=0x40
2026-09-03T20:23:09.080482 [HLT] polls=5553 faults=0x0 cfglost=0
2026-09-03T20:23:09.086243 [EFF] n=5 last=58588 min=58472 max=58588 late=0 stuck=0 rderr=0
2026-09-03T20:23:09.090261 [DWT] ok=1 cyc=597545807 cyc_per_ms=799906
2026-09-03T20:23:10.104876 [HB] up_ms=5859203 frames=277711 inf=277711 hazard=35588 canary_err=0 q=0 qovr=0
2026-09-03T20:23:10.116167 [I2C] init=0 gate=0 whoami=0x201e0 wr=0 wrseen=0x27 addr=0x5a ok=1123930 err=0 tmo=0 recov=0 pclk1=200000000 sysclk=400000000
2026-09-03T20:23:10.117522 [NAK] nacks=0
2026-09-03T20:23:10.122116 [CLK] cpu=800000000 sysb=400000000 pclk1=200000000
2026-09-03T20:23:10.126649 [TOF] res=0 step=0 id=0xeacc blk=0xeacc10 ctl=0x0
2026-09-03T20:23:10.132488 [RNG] init=0 step=99 id=0xeacc boot=1 calls=93 xerr=0 dm=1 tb=15
2026-09-03T20:23:10.139365 [RNG] osc=41 imp=881 imprb=881 mstart=0x40 cfg=91 cfgfail=0x0 vhv=0 vpolls=0
2026-09-03T20:23:10.145628 [PRT] calls=1110297 xerr=0 ler=1 lidx=0x0 perr=0 maxcnt=17 addr8=0x52
2026-09-03T20:23:10.149864 [RTY] wr=0 wmax=0 wref=0  rd=0 rmax=0 rref=0
2026-09-03T20:23:10.157866 [RNG] frames=277380 last=44 min=23 max=61 nrdy=334 dxfer=0 dstat=0 lst=0 nrdyerr=0 dclr=0
2026-09-03T20:23:10.164128 [DRV] init=0 id=7 mode=0x1 lib=0x2 seq=0x1 odc=0x8b sts=0xe0 armed=1
2026-09-03T20:23:10.169742 [TRG] pulses=2605 suppressed=32983 cyc=1600 rst=1 rstmode=0x40
2026-09-03T20:23:10.173354 [HLT] polls=5554 faults=0x0 cfglost=0
2026-09-03T20:23:10.179100 [EFF] n=5 last=58588 min=58472 max=58588 late=0 stuck=0 rderr=0
2026-09-03T20:23:10.183028 [DWT] ok=1 cyc=1465647767 cyc_per_ms=800093
2026-09-03T20:23:11.196864 [HB] up_ms=5860288 frames=277763 inf=277763 hazard=35588 canary_err=0 q=0 qovr=0
2026-09-03T20:23:11.208152 [I2C] init=0 gate=0 whoami=0x201e0 wr=0 wrseen=0x27 addr=0x5a ok=1124137 err=0 tmo=0 recov=0 pclk1=200000000 sysclk=400000000
2026-09-03T20:23:11.209479 [NAK] nacks=0
2026-09-03T20:23:11.214100 [CLK] cpu=800000000 sysb=400000000 pclk1=200000000
2026-09-03T20:23:11.218621 [TOF] res=0 step=0 id=0xeacc blk=0xeacc10 ctl=0x0
2026-09-03T20:23:11.224474 [RNG] init=0 step=99 id=0xeacc boot=1 calls=93 xerr=0 dm=1 tb=15
2026-09-03T20:23:11.231488 [RNG] osc=41 imp=881 imprb=881 mstart=0x40 cfg=91 cfgfail=0x0 vhv=0 vpolls=0
2026-09-03T20:23:11.237735 [PRT] calls=1110505 xerr=0 ler=1 lidx=0x0 perr=0 maxcnt=17 addr8=0x52
2026-09-03T20:23:11.241720 [RTY] wr=0 wmax=0 wref=0  rd=0 rmax=0 rref=0
2026-09-03T20:23:11.249867 [RNG] frames=277431 last=36 min=23 max=61 nrdy=334 dxfer=0 dstat=0 lst=0 nrdyerr=0 dclr=0
2026-09-03T20:23:11.256096 [DRV] init=0 id=7 mode=0x1 lib=0x2 seq=0x1 odc=0x8b sts=0xe0 armed=1
2026-09-03T20:23:11.261732 [TRG] pulses=2605 suppressed=32983 cyc=1600 rst=1 rstmode=0x40
2026-09-03T20:23:11.265213 [HLT] polls=5555 faults=0x0 cfglost=0
2026-09-03T20:23:11.270968 [EFF] n=5 last=58588 min=58472 max=58588 late=0 stuck=0 rderr=0
2026-09-03T20:23:11.274961 [DWT] ok=1 cyc=2333545919 cyc_per_ms=799906
2026-09-03T20:23:12.288369 [HB] up_ms=5861373 frames=277814 inf=277814 hazard=35588 canary_err=0 q=0 qovr=0
2026-09-03T20:23:12.299721 [I2C] init=0 gate=0 whoami=0x201e0 wr=0 wrseen=0x27 addr=0x5a ok=1124341 err=0 tmo=0 recov=0 pclk1=200000000 sysclk=400000000
2026-09-03T20:23:12.301096 [NAK] nacks=0
2026-09-03T20:23:12.305611 [CLK] cpu=800000000 sysb=400000000 pclk1=200000000
2026-09-03T20:23:12.310083 [TOF] res=0 step=0 id=0xeacc blk=0xeacc10 ctl=0x0
2026-09-03T20:23:12.316089 [RNG] init=0 step=99 id=0xeacc boot=1 calls=93 xerr=0 dm=1 tb=15
2026-09-03T20:23:12.322998 [RNG] osc=41 imp=881 imprb=881 mstart=0x40 cfg=91 cfgfail=0x0 vhv=0 vpolls=0
2026-09-03T20:23:12.329217 [PRT] calls=1110707 xerr=0 ler=1 lidx=0x0 perr=0 maxcnt=17 addr8=0x52
2026-09-03T20:23:12.333280 [RTY] wr=0 wmax=0 wref=0  rd=0 rmax=0 rref=0
2026-09-03T20:23:12.341463 [RNG] frames=277481 last=37 min=23 max=61 nrdy=335 dxfer=0 dstat=0 lst=0 nrdyerr=0 dclr=0
2026-09-03T20:23:12.347598 [DRV] init=0 id=7 mode=0x1 lib=0x2 seq=0x1 odc=0x8b sts=0xe0 armed=1
2026-09-03T20:23:12.353225 [TRG] pulses=2605 suppressed=32983 cyc=1600 rst=1 rstmode=0x40
2026-09-03T20:23:12.356703 [HLT] polls=5556 faults=0x0 cfglost=0
2026-09-03T20:23:12.362594 [EFF] n=5 last=58588 min=58472 max=58588 late=0 stuck=0 rderr=0
2026-09-03T20:23:12.366608 [DWT] ok=1 cyc=3201647923 cyc_per_ms=800094
2026-09-03T20:23:13.380218 [HB] up_ms=5862458 frames=277866 inf=277866 hazard=35588 canary_err=0 q=0 qovr=0
2026-09-03T20:23:13.391350 [I2C] init=0 gate=0 whoami=0x201e0 wr=0 wrseen=0x27 addr=0x5a ok=1124551 err=0 tmo=0 recov=0 pclk1=200000000 sysclk=400000000
2026-09-03T20:23:13.392728 [NAK] nacks=0
2026-09-03T20:23:13.397465 [CLK] cpu=800000000 sysb=400000000 pclk1=200000000
2026-09-03T20:23:13.401965 [TOF] res=0 step=0 id=0xeacc blk=0xeacc10 ctl=0x0
2026-09-03T20:23:13.407702 [RNG] init=0 step=99 id=0xeacc boot=1 calls=93 xerr=0 dm=1 tb=15
2026-09-03T20:23:13.414718 [RNG] osc=41 imp=881 imprb=881 mstart=0x40 cfg=91 cfgfail=0x0 vhv=0 vpolls=0
2026-09-03T20:23:13.421080 [PRT] calls=1110911 xerr=0 ler=1 lidx=0x0 perr=0 maxcnt=17 addr8=0x52
2026-09-03T20:23:13.425085 [RTY] wr=0 wmax=0 wref=0  rd=0 rmax=0 rref=0
2026-09-03T20:23:13.433245 [RNG] frames=277533 last=36 min=23 max=61 nrdy=335 dxfer=0 dstat=0 lst=0 nrdyerr=0 dclr=0
2026-09-03T20:23:13.440869 [DRV] init=0 id=7 mode=0x1 lib=0x2 seq=0x1 odc=0x8b sts=0xe0 armed=1
2026-09-03T20:23:13.445683 [TRG] pulses=2605 suppressed=32983 cyc=1600 rst=1 rstmode=0x40
2026-09-03T20:23:13.448690 [HLT] polls=5557 faults=0x0 cfglost=0
2026-09-03T20:23:13.454681 [EFF] n=5 last=58588 min=58472 max=58588 late=0 stuck=0 rderr=0
2026-09-03T20:23:13.458682 [DWT] ok=1 cyc=4069647163 cyc_per_ms=799999
2026-09-03T20:23:14.471965 [HB] up_ms=5863543 frames=277917 inf=277917 hazard=35625 canary_err=0 q=0 qovr=0
2026-09-03T20:23:14.483349 [I2C] init=0 gate=0 whoami=0x201e0 wr=0 wrseen=0x27 addr=0x5a ok=1124757 err=0 tmo=0 recov=0 pclk1=200000000 sysclk=400000000
2026-09-03T20:23:14.484708 [NAK] nacks=0
2026-09-03T20:23:14.489328 [CLK] cpu=800000000 sysb=400000000 pclk1=200000000
2026-09-03T20:23:14.493826 [TOF] res=0 step=0 id=0xeacc blk=0xeacc10 ctl=0x0
2026-09-03T20:23:14.499698 [RNG] init=0 step=99 id=0xeacc boot=1 calls=93 xerr=0 dm=1 tb=15
2026-09-03T20:23:14.506624 [RNG] osc=41 imp=881 imprb=881 mstart=0x40 cfg=91 cfgfail=0x0 vhv=0 vpolls=0
2026-09-03T20:23:14.512946 [PRT] calls=1111119 xerr=0 ler=1 lidx=0x0 perr=0 maxcnt=17 addr8=0x52
2026-09-03T20:23:14.517061 [RTY] wr=0 wmax=0 wref=0  rd=0 rmax=0 rref=0
2026-09-03T20:23:14.525196 [RNG] frames=277584 last=39 min=23 max=61 nrdy=335 dxfer=0 dstat=0 lst=0 nrdyerr=0 dclr=0
2026-09-03T20:23:14.531313 [DRV] init=0 id=7 mode=0x1 lib=0x2 seq=0x1 odc=0x8b sts=0xe0 armed=1
2026-09-03T20:23:14.536946 [TRG] pulses=2608 suppressed=33020 cyc=1600 rst=1 rstmode=0x40
2026-09-03T20:23:14.540441 [HLT] polls=5558 faults=0x0 cfglost=0
2026-09-03T20:23:14.546312 [EFF] n=5 last=58588 min=58472 max=58588 late=0 stuck=0 rderr=0
2026-09-03T20:23:14.550233 [DWT] ok=1 cyc=642684403 cyc_per_ms=800004
2026-09-03T20:23:15.564469 [HB] up_ms=5864628 frames=277968 inf=277968 hazard=35629 canary_err=0 q=0 qovr=0
2026-09-03T20:23:15.575736 [I2C] init=0 gate=0 whoami=0x201e0 wr=0 wrseen=0x27 addr=0x5a ok=1124967 err=0 tmo=0 recov=0 pclk1=200000000 sysclk=400000000
2026-09-03T20:23:15.576953 [NAK] nacks=0
2026-09-03T20:23:15.581584 [CLK] cpu=800000000 sysb=400000000 pclk1=200000000
2026-09-03T20:23:15.586215 [TOF] res=0 step=0 id=0xeacc blk=0xeacc10 ctl=0x0
2026-09-03T20:23:15.592066 [RNG] init=0 step=99 id=0xeacc boot=1 calls=93 xerr=0 dm=1 tb=15
2026-09-03T20:23:15.598948 [RNG] osc=41 imp=881 imprb=881 mstart=0x40 cfg=91 cfgfail=0x0 vhv=0 vpolls=0
2026-09-03T20:23:15.605366 [PRT] calls=1111323 xerr=0 ler=1 lidx=0x0 perr=0 maxcnt=17 addr8=0x52
2026-09-03T20:23:15.609436 [RTY] wr=0 wmax=0 wref=0  rd=0 rmax=0 rref=0
2026-09-03T20:23:15.617468 [RNG] frames=277636 last=36 min=23 max=61 nrdy=335 dxfer=0 dstat=0 lst=0 nrdyerr=0 dclr=0
2026-09-03T20:23:15.623684 [DRV] init=0 id=7 mode=0x1 lib=0x2 seq=0x1 odc=0x8b sts=0xe0 armed=1
2026-09-03T20:23:15.629442 [TRG] pulses=2608 suppressed=33021 cyc=1600 rst=1 rstmode=0x40
2026-09-03T20:23:15.633069 [HLT] polls=5559 faults=0x0 cfglost=0
2026-09-03T20:23:15.638587 [EFF] n=5 last=58588 min=58472 max=58588 late=0 stuck=0 rderr=0
2026-09-03T20:23:15.642580 [DWT] ok=1 cyc=1510680555 cyc_per_ms=799996
2026-09-03T20:23:16.656632 [HB] up_ms=5865713 frames=278020 inf=278020 hazard=35629 canary_err=0 q=0 qovr=0
2026-09-03T20:23:16.667981 [I2C] init=0 gate=0 whoami=0x201e0 wr=0 wrseen=0x27 addr=0x5a ok=1125173 err=0 tmo=0 recov=0 pclk1=200000000 sysclk=400000000
2026-09-03T20:23:16.669336 [NAK] nacks=0
2026-09-03T20:23:16.673818 [CLK] cpu=800000000 sysb=400000000 pclk1=200000000
2026-09-03T20:23:16.678333 [TOF] res=0 step=0 id=0xeacc blk=0xeacc10 ctl=0x0
2026-09-03T20:23:16.684273 [RNG] init=0 step=99 id=0xeacc boot=1 calls=93 xerr=0 dm=1 tb=15
2026-09-03T20:23:16.691193 [RNG] osc=41 imp=881 imprb=881 mstart=0x40 cfg=91 cfgfail=0x0 vhv=0 vpolls=0
2026-09-03T20:23:16.697436 [PRT] calls=1111531 xerr=0 ler=1 lidx=0x0 perr=0 maxcnt=17 addr8=0x52
2026-09-03T20:23:16.701591 [RTY] wr=0 wmax=0 wref=0  rd=0 rmax=0 rref=0
2026-09-03T20:23:16.709697 [RNG] frames=277687 last=41 min=23 max=61 nrdy=335 dxfer=0 dstat=0 lst=0 nrdyerr=0 dclr=0
2026-09-03T20:23:16.715941 [DRV] init=0 id=7 mode=0x1 lib=0x2 seq=0x1 odc=0x8b sts=0xe0 armed=1
2026-09-03T20:23:16.721593 [TRG] pulses=2608 suppressed=33021 cyc=1600 rst=1 rstmode=0x40
2026-09-03T20:23:16.725052 [HLT] polls=5560 faults=0x0 cfglost=0
2026-09-03T20:23:16.730804 [EFF] n=5 last=58588 min=58472 max=58588 late=0 stuck=0 rderr=0
2026-09-03T20:23:16.734816 [DWT] ok=1 cyc=2378578551 cyc_per_ms=799905
2026-09-03T20:23:17.748961 [HB] up_ms=5866798 frames=278071 inf=278071 hazard=35629 canary_err=0 q=0 qovr=0
2026-09-03T20:23:17.760198 [I2C] init=0 gate=0 whoami=0x201e0 wr=0 wrseen=0x27 addr=0x5a ok=1125382 err=0 tmo=0 recov=0 pclk1=200000000 sysclk=400000000
2026-09-03T20:23:17.761438 [NAK] nacks=0
2026-09-03T20:23:17.766068 [CLK] cpu=800000000 sysb=400000000 pclk1=200000000
2026-09-03T20:23:17.770694 [TOF] res=0 step=0 id=0xeacc blk=0xeacc10 ctl=0x0
2026-09-03T20:23:17.776594 [RNG] init=0 step=99 id=0xeacc boot=1 calls=93 xerr=0 dm=1 tb=15
2026-09-03T20:23:17.783448 [RNG] osc=41 imp=881 imprb=881 mstart=0x40 cfg=91 cfgfail=0x0 vhv=0 vpolls=0
2026-09-03T20:23:17.789698 [PRT] calls=1111735 xerr=0 ler=1 lidx=0x0 perr=0 maxcnt=17 addr8=0x52
2026-09-03T20:23:17.793936 [RTY] wr=0 wmax=0 wref=0  rd=0 rmax=0 rref=0
2026-09-03T20:23:17.801952 [RNG] frames=277739 last=38 min=23 max=61 nrdy=335 dxfer=0 dstat=0 lst=0 nrdyerr=0 dclr=0
2026-09-03T20:23:17.808174 [DRV] init=0 id=7 mode=0x1 lib=0x2 seq=0x1 odc=0x8b sts=0xe0 armed=1
2026-09-03T20:23:17.813800 [TRG] pulses=2608 suppressed=33021 cyc=1600 rst=1 rstmode=0x40
2026-09-03T20:23:17.817346 [HLT] polls=5561 faults=0x0 cfglost=0
2026-09-03T20:23:17.823095 [EFF] n=5 last=58588 min=58472 max=58588 late=0 stuck=0 rderr=0
2026-09-03T20:23:17.827060 [DWT] ok=1 cyc=3246680511 cyc_per_ms=800093
2026-09-03T20:23:18.840590 [HB] up_ms=5867883 frames=278123 inf=278123 hazard=35629 canary_err=0 q=0 qovr=0
2026-09-03T20:23:18.851843 [I2C] init=0 gate=0 whoami=0x201e0 wr=0 wrseen=0x27 addr=0x5a ok=1125589 err=0 tmo=0 recov=0 pclk1=200000000 sysclk=400000000
2026-09-03T20:23:18.853200 [NAK] nacks=0
2026-09-03T20:23:18.857814 [CLK] cpu=800000000 sysb=400000000 pclk1=200000000
2026-09-03T20:23:18.862311 [TOF] res=0 step=0 id=0xeacc blk=0xeacc10 ctl=0x0
2026-09-03T20:23:18.868109 [RNG] init=0 step=99 id=0xeacc boot=1 calls=93 xerr=0 dm=1 tb=15
2026-09-03T20:23:18.875062 [RNG] osc=41 imp=881 imprb=881 mstart=0x40 cfg=91 cfgfail=0x0 vhv=0 vpolls=0
2026-09-03T20:23:18.881441 [PRT] calls=1111943 xerr=0 ler=1 lidx=0x0 perr=0 maxcnt=17 addr8=0x52
2026-09-03T20:23:18.885438 [RTY] wr=0 wmax=0 wref=0  rd=0 rmax=0 rref=0
2026-09-03T20:23:18.893437 [RNG] frames=277790 last=39 min=23 max=61 nrdy=335 dxfer=0 dstat=0 lst=0 nrdyerr=0 dclr=0
2026-09-03T20:23:18.899858 [DRV] init=0 id=7 mode=0x1 lib=0x2 seq=0x1 odc=0x8b sts=0xe0 armed=1
2026-09-03T20:23:18.905487 [TRG] pulses=2608 suppressed=33021 cyc=1600 rst=1 rstmode=0x40
2026-09-03T20:23:18.908804 [HLT] polls=5562 faults=0x0 cfglost=0
2026-09-03T20:23:18.914589 [EFF] n=5 last=58588 min=58472 max=58588 late=0 stuck=0 rderr=0
2026-09-03T20:23:18.918698 [DWT] ok=1 cyc=4114578667 cyc_per_ms=799906
2026-09-03T20:23:19.932105 [HB] up_ms=5868968 frames=278174 inf=278174 hazard=35629 canary_err=0 q=0 qovr=0
2026-09-03T20:23:19.943454 [I2C] init=0 gate=0 whoami=0x201e0 wr=0 wrseen=0x27 addr=0x5a ok=1125795 err=0 tmo=0 recov=0 pclk1=200000000 sysclk=400000000
2026-09-03T20:23:19.944813 [NAK] nacks=0
2026-09-03T20:23:19.949336 [CLK] cpu=800000000 sysb=400000000 pclk1=200000000
2026-09-03T20:23:19.953820 [TOF] res=0 step=0 id=0xeacc blk=0xeacc10 ctl=0x0
2026-09-03T20:23:19.959818 [RNG] init=0 step=99 id=0xeacc boot=1 calls=93 xerr=0 dm=1 tb=15
2026-09-03T20:23:19.966715 [RNG] osc=41 imp=881 imprb=881 mstart=0x40 cfg=91 cfgfail=0x0 vhv=0 vpolls=0
2026-09-03T20:23:19.972927 [PRT] calls=1112147 xerr=0 ler=1 lidx=0x0 perr=0 maxcnt=17 addr8=0x52
2026-09-03T20:23:19.977053 [RTY] wr=0 wmax=0 wref=0  rd=0 rmax=0 rref=0
2026-09-03T20:23:19.985187 [RNG] frames=277841 last=37 min=23 max=61 nrdy=335 dxfer=0 dstat=0 lst=0 nrdyerr=0 dclr=0
2026-09-03T20:23:19.991428 [DRV] init=0 id=7 mode=0x1 lib=0x2 seq=0x1 odc=0x8b sts=0xe0 armed=1
2026-09-03T20:23:19.997040 [TRG] pulses=2608 suppressed=33021 cyc=1600 rst=1 rstmode=0x40
2026-09-03T20:23:20.000423 [HLT] polls=5563 faults=0x0 cfglost=0
2026-09-03T20:23:20.006333 [EFF] n=5 last=58588 min=58472 max=58588 late=0 stuck=0 rderr=0
2026-09-03T20:23:20.010177 [DWT] ok=1 cyc=687713299 cyc_per_ms=800093
2026-09-03T20:23:21.024096 [HB] up_ms=5870053 frames=278226 inf=278226 hazard=35655 canary_err=0 q=0 qovr=0
2026-09-03T20:23:21.035222 [I2C] init=0 gate=0 whoami=0x201e0 wr=0 wrseen=0x27 addr=0x5a ok=1126005 err=0 tmo=0 recov=0 pclk1=200000000 sysclk=400000000
2026-09-03T20:23:21.036609 [NAK] nacks=0
2026-09-03T20:23:21.041322 [CLK] cpu=800000000 sysb=400000000 pclk1=200000000
2026-09-03T20:23:21.045819 [TOF] res=0 step=0 id=0xeacc blk=0xeacc10 ctl=0x0
2026-09-03T20:23:21.051603 [RNG] init=0 step=99 id=0xeacc boot=1 calls=93 xerr=0 dm=1 tb=15
2026-09-03T20:23:21.058596 [RNG] osc=41 imp=881 imprb=881 mstart=0x40 cfg=91 cfgfail=0x0 vhv=0 vpolls=0
2026-09-03T20:23:21.064941 [PRT] calls=1112351 xerr=0 ler=1 lidx=0x0 perr=0 maxcnt=17 addr8=0x52
2026-09-03T20:23:21.068961 [RTY] wr=0 wmax=0 wref=0  rd=0 rmax=0 rref=0
2026-09-03T20:23:21.077073 [RNG] frames=277893 last=44 min=23 max=61 nrdy=335 dxfer=0 dstat=0 lst=0 nrdyerr=0 dclr=0
2026-09-03T20:23:21.083194 [DRV] init=0 id=7 mode=0x1 lib=0x2 seq=0x1 odc=0x8b sts=0xe0 armed=1
2026-09-03T20:23:21.088946 [TRG] pulses=2611 suppressed=33047 cyc=1600 rst=1 rstmode=0x40
2026-09-03T20:23:21.092438 [HLT] polls=5564 faults=0x0 cfglost=0
2026-09-03T20:23:21.098191 [EFF] n=5 last=58588 min=58472 max=58588 late=0 stuck=0 rderr=0
2026-09-03T20:23:21.102181 [DWT] ok=1 cyc=1555718775 cyc_per_ms=800005
2026-09-03T20:23:22.115963 [HB] up_ms=5871138 frames=278277 inf=278277 hazard=35670 canary_err=0 q=0 qovr=0
2026-09-03T20:23:22.127238 [I2C] init=0 gate=0 whoami=0x201e0 wr=0 wrseen=0x27 addr=0x5a ok=1126211 err=0 tmo=0 recov=0 pclk1=200000000 sysclk=400000000
2026-09-03T20:23:22.128597 [NAK] nacks=0
2026-09-03T20:23:22.133220 [CLK] cpu=800000000 sysb=400000000 pclk1=200000000
2026-09-03T20:23:22.137718 [TOF] res=0 step=0 id=0xeacc blk=0xeacc10 ctl=0x0
2026-09-03T20:23:22.143591 [RNG] init=0 step=99 id=0xeacc boot=1 calls=93 xerr=0 dm=1 tb=15
2026-09-03T20:23:22.150461 [RNG] osc=41 imp=881 imprb=881 mstart=0x40 cfg=91 cfgfail=0x0 vhv=0 vpolls=0
2026-09-03T20:23:22.156704 [PRT] calls=1112559 xerr=0 ler=1 lidx=0x0 perr=0 maxcnt=17 addr8=0x52
2026-09-03T20:23:22.160825 [RTY] wr=0 wmax=0 wref=0  rd=0 rmax=0 rref=0
2026-09-03T20:23:22.168953 [RNG] frames=277944 last=40 min=23 max=61 nrdy=335 dxfer=0 dstat=0 lst=0 nrdyerr=0 dclr=0
2026-09-03T20:23:22.175069 [DRV] init=0 id=7 mode=0x1 lib=0x2 seq=0x1 odc=0x8b sts=0xe0 armed=1
2026-09-03T20:23:22.180814 [TRG] pulses=2611 suppressed=33059 cyc=1600 rst=1 rstmode=0x40
2026-09-03T20:23:22.184209 [HLT] polls=5565 faults=0x0 cfglost=0
2026-09-03T20:23:22.190079 [EFF] n=5 last=58588 min=58472 max=58588 late=0 stuck=0 rderr=0
2026-09-03T20:23:22.194083 [DWT] ok=1 cyc=2423713407 cyc_per_ms=799995
2026-09-03T20:23:23.207857 [HB] up_ms=5872223 frames=278328 inf=278328 hazard=35670 canary_err=0 q=0 qovr=0
2026-09-03T20:23:23.218970 [I2C] init=0 gate=0 whoami=0x201e0 wr=0 wrseen=0x27 addr=0x5a ok=1126421 err=0 tmo=0 recov=0 pclk1=200000000 sysclk=400000000
2026-09-03T20:23:23.220336 [NAK] nacks=0
2026-09-03T20:23:23.224961 [CLK] cpu=800000000 sysb=400000000 pclk1=200000000
2026-09-03T20:23:23.229602 [TOF] res=0 step=0 id=0xeacc blk=0xeacc10 ctl=0x0
2026-09-03T20:23:23.235336 [RNG] init=0 step=99 id=0xeacc boot=1 calls=93 xerr=0 dm=1 tb=15
2026-09-03T20:23:23.242329 [RNG] osc=41 imp=881 imprb=881 mstart=0x40 cfg=91 cfgfail=0x0 vhv=0 vpolls=0
2026-09-03T20:23:23.248597 [PRT] calls=1112763 xerr=0 ler=1 lidx=0x0 perr=0 maxcnt=17 addr8=0x52
2026-09-03T20:23:23.252698 [RTY] wr=0 wmax=0 wref=0  rd=0 rmax=0 rref=0
2026-09-03T20:23:23.260828 [RNG] frames=277996 last=42 min=23 max=61 nrdy=335 dxfer=0 dstat=0 lst=0 nrdyerr=0 dclr=0
2026-09-03T20:23:23.266960 [DRV] init=0 id=7 mode=0x1 lib=0x2 seq=0x1 odc=0x8b sts=0xe0 armed=1
2026-09-03T20:23:23.272697 [TRG] pulses=2611 suppressed=33059 cyc=1600 rst=1 rstmode=0x40
2026-09-03T20:23:23.276197 [HLT] polls=5566 faults=0x0 cfglost=0
2026-09-03T20:23:23.281948 [EFF] n=5 last=58588 min=58472 max=58588 late=0 stuck=0 rderr=0
2026-09-03T20:23:23.285972 [DWT] ok=1 cyc=3291713171 cyc_per_ms=799999
2026-09-03T20:23:24.299888 [HB] up_ms=5873308 frames=278380 inf=278380 hazard=35670 canary_err=0 q=0 qovr=0
2026-09-03T20:23:24.311233 [I2C] init=0 gate=0 whoami=0x201e0 wr=0 wrseen=0x27 addr=0x5a ok=1126627 err=0 tmo=0 recov=0 pclk1=200000000 sysclk=400000000
2026-09-03T20:23:24.312627 [NAK] nacks=0
2026-09-03T20:23:24.317111 [CLK] cpu=800000000 sysb=400000000 pclk1=200000000
2026-09-03T20:23:24.321611 [TOF] res=0 step=0 id=0xeacc blk=0xeacc10 ctl=0x0
2026-09-03T20:23:24.327465 [RNG] init=0 step=99 id=0xeacc boot=1 calls=93 xerr=0 dm=1 tb=15
2026-09-03T20:23:24.334694 [RNG] osc=41 imp=881 imprb=881 mstart=0x40 cfg=91 cfgfail=0x0 vhv=0 vpolls=0
2026-09-03T20:23:24.340797 [PRT] calls=1112971 xerr=0 ler=1 lidx=0x0 perr=0 maxcnt=17 addr8=0x52
2026-09-03T20:23:24.344901 [RTY] wr=0 wmax=0 wref=0  rd=0 rmax=0 rref=0
2026-09-03T20:23:24.352970 [RNG] frames=278047 last=47 min=23 max=61 nrdy=335 dxfer=0 dstat=0 lst=0 nrdyerr=0 dclr=0
2026-09-03T20:23:24.359240 [DRV] init=0 id=7 mode=0x1 lib=0x2 seq=0x1 odc=0x8b sts=0xe0 armed=1
2026-09-03T20:23:24.364846 [TRG] pulses=2611 suppressed=33059 cyc=1600 rst=1 rstmode=0x40
2026-09-03T20:23:24.368224 [HLT] polls=5567 faults=0x0 cfglost=0
2026-09-03T20:23:24.373963 [EFF] n=5 last=58588 min=58472 max=58588 late=0 stuck=0 rderr=0
2026-09-03T20:23:24.378087 [DWT] ok=1 cyc=4159611283 cyc_per_ms=799906
2026-09-03T20:23:25.392783 [HB] up_ms=5874393 frames=278431 inf=278431 hazard=35670 canary_err=0 q=0 qovr=0
2026-09-03T20:23:25.403993 [I2C] init=0 gate=0 whoami=0x201e0 wr=0 wrseen=0x27 addr=0x5a ok=1126836 err=0 tmo=0 recov=0 pclk1=200000000 sysclk=400000000
2026-09-03T20:23:25.405351 [NAK] nacks=0
2026-09-03T20:23:25.409991 [CLK] cpu=800000000 sysb=400000000 pclk1=200000000
2026-09-03T20:23:25.414494 [TOF] res=0 step=0 id=0xeacc blk=0xeacc10 ctl=0x0
2026-09-03T20:23:25.420365 [RNG] init=0 step=99 id=0xeacc boot=1 calls=93 xerr=0 dm=1 tb=15
2026-09-03T20:23:25.427342 [RNG] osc=41 imp=881 imprb=881 mstart=0x40 cfg=91 cfgfail=0x0 vhv=0 vpolls=0
2026-09-03T20:23:25.433676 [PRT] calls=1113175 xerr=0 ler=1 lidx=0x0 perr=0 maxcnt=17 addr8=0x52
2026-09-03T20:23:25.437735 [RTY] wr=0 wmax=0 wref=0  rd=0 rmax=0 rref=0
2026-09-03T20:23:25.445854 [RNG] frames=278099 last=38 min=23 max=61 nrdy=335 dxfer=0 dstat=0 lst=0 nrdyerr=0 dclr=0
2026-09-03T20:23:25.451977 [DRV] init=0 id=7 mode=0x1 lib=0x2 seq=0x1 odc=0x8b sts=0xe0 armed=1
2026-09-03T20:23:25.457611 [TRG] pulses=2611 suppressed=33059 cyc=1600 rst=1 rstmode=0x40
2026-09-03T20:23:25.461215 [HLT] polls=5568 faults=0x0 cfglost=0
2026-09-03T20:23:25.467001 [EFF] n=5 last=58588 min=58472 max=58588 late=0 stuck=0 rderr=0
2026-09-03T20:23:25.470848 [DWT] ok=1 cyc=732745931 cyc_per_ms=800093
2026-09-03T20:23:26.485409 [HB] up_ms=5875478 frames=278483 inf=278483 hazard=35670 canary_err=0 q=0 qovr=0
2026-09-03T20:23:26.496652 [I2C] init=0 gate=0 whoami=0x201e0 wr=0 wrseen=0x27 addr=0x5a ok=1127043 err=0 tmo=0 recov=0 pclk1=200000000 sysclk=400000000
2026-09-03T20:23:26.497991 [NAK] nacks=0
2026-09-03T20:23:26.502653 [CLK] cpu=800000000 sysb=400000000 pclk1=200000000
2026-09-03T20:23:26.507119 [TOF] res=0 step=0 id=0xeacc blk=0xeacc10 ctl=0x0
2026-09-03T20:23:26.512998 [RNG] init=0 step=99 id=0xeacc boot=1 calls=93 xerr=0 dm=1 tb=15
2026-09-03T20:23:26.519996 [RNG] osc=41 imp=881 imprb=881 mstart=0x40 cfg=91 cfgfail=0x0 vhv=0 vpolls=0
2026-09-03T20:23:26.526239 [PRT] calls=1113383 xerr=0 ler=1 lidx=0x0 perr=0 maxcnt=17 addr8=0x52
2026-09-03T20:23:26.530233 [RTY] wr=0 wmax=0 wref=0  rd=0 rmax=0 rref=0
2026-09-03T20:23:26.538374 [RNG] frames=278150 last=39 min=23 max=61 nrdy=335 dxfer=0 dstat=0 lst=0 nrdyerr=0 dclr=0
2026-09-03T20:23:26.544629 [DRV] init=0 id=7 mode=0x1 lib=0x2 seq=0x1 odc=0x8b sts=0xe0 armed=1
2026-09-03T20:23:26.550244 [TRG] pulses=2611 suppressed=33059 cyc=1600 rst=1 rstmode=0x40
2026-09-03T20:23:26.553740 [HLT] polls=5569 faults=0x0 cfglost=0
2026-09-03T20:23:26.559485 [EFF] n=5 last=58588 min=58472 max=58588 late=0 stuck=0 rderr=0
2026-09-03T20:23:26.563487 [DWT] ok=1 cyc=1600644075 cyc_per_ms=799906
2026-09-03T20:23:27.577897 [HB] up_ms=5876563 frames=278534 inf=278534 hazard=35684 canary_err=0 q=0 qovr=0
2026-09-03T20:23:27.589265 [I2C] init=0 gate=0 whoami=0x201e0 wr=0 wrseen=0x27 addr=0x5a ok=1127249 err=0 tmo=0 recov=0 pclk1=200000000 sysclk=400000000
2026-09-03T20:23:27.590658 [NAK] nacks=0
2026-09-03T20:23:27.595250 [CLK] cpu=800000000 sysb=400000000 pclk1=200000000
2026-09-03T20:23:27.599791 [TOF] res=0 step=0 id=0xeacc blk=0xeacc10 ctl=0x0
2026-09-03T20:23:27.605697 [RNG] init=0 step=99 id=0xeacc boot=1 calls=93 xerr=0 dm=1 tb=15
2026-09-03T20:23:27.612651 [RNG] osc=41 imp=881 imprb=881 mstart=0x40 cfg=91 cfgfail=0x0 vhv=0 vpolls=0
2026-09-03T20:23:27.618884 [PRT] calls=1113587 xerr=0 ler=1 lidx=0x0 perr=0 maxcnt=17 addr8=0x52
2026-09-03T20:23:27.622874 [RTY] wr=0 wmax=0 wref=0  rd=0 rmax=0 rref=0
2026-09-03T20:23:27.631116 [RNG] frames=278201 last=42 min=23 max=61 nrdy=335 dxfer=0 dstat=0 lst=0 nrdyerr=0 dclr=0
2026-09-03T20:23:27.637246 [DRV] init=0 id=7 mode=0x1 lib=0x2 seq=0x1 odc=0x8b sts=0xe0 armed=1
2026-09-03T20:23:27.642875 [TRG] pulses=2613 suppressed=33074 cyc=1600 rst=1 rstmode=0x40
2026-09-03T20:23:27.646365 [HLT] polls=5570 faults=0x0 cfglost=0
2026-09-03T20:23:27.652252 [EFF] n=5 last=58588 min=58472 max=58588 late=0 stuck=0 rderr=0
2026-09-03T20:23:27.656245 [DWT] ok=1 cyc=2468752247 cyc_per_ms=800099
2026-09-03T20:23:28.670905 [HB] up_ms=5877648 frames=278586 inf=278586 hazard=35711 canary_err=0 q=0 qovr=0
2026-09-03T20:23:28.682153 [I2C] init=0 gate=0 whoami=0x201e0 wr=0 wrseen=0x27 addr=0x5a ok=1127459 err=0 tmo=0 recov=0 pclk1=200000000 sysclk=400000000
2026-09-03T20:23:28.683390 [NAK] nacks=0
2026-09-03T20:23:28.688148 [CLK] cpu=800000000 sysb=400000000 pclk1=200000000
2026-09-03T20:23:28.692659 [TOF] res=0 step=0 id=0xeacc blk=0xeacc10 ctl=0x0
2026-09-03T20:23:28.698521 [RNG] init=0 step=99 id=0xeacc boot=1 calls=93 xerr=0 dm=1 tb=15
2026-09-03T20:23:28.705389 [RNG] osc=41 imp=881 imprb=881 mstart=0x40 cfg=91 cfgfail=0x0 vhv=0 vpolls=0
2026-09-03T20:23:28.711778 [PRT] calls=1113791 xerr=0 ler=1 lidx=0x0 perr=0 maxcnt=17 addr8=0x52
2026-09-03T20:23:28.715894 [RTY] wr=0 wmax=0 wref=0  rd=0 rmax=0 rref=0
2026-09-03T20:23:28.723893 [RNG] frames=278253 last=47 min=23 max=61 nrdy=335 dxfer=0 dstat=0 lst=0 nrdyerr=0 dclr=0
2026-09-03T20:23:28.730133 [DRV] init=0 id=7 mode=0x1 lib=0x2 seq=0x1 odc=0x8b sts=0xe0 armed=1
2026-09-03T20:23:28.735890 [TRG] pulses=2614 suppressed=33097 cyc=1600 rst=1 rstmode=0x40
2026-09-03T20:23:28.739256 [HLT] polls=5571 faults=0x0 cfglost=0
2026-09-03T20:23:28.745004 [EFF] n=5 last=58588 min=58472 max=58588 late=0 stuck=0 rderr=0
2026-09-03T20:23:28.749029 [DWT] ok=1 cyc=3336745243 cyc_per_ms=799993
2026-09-03T20:23:29.763811 [HB] up_ms=5878733 frames=278637 inf=278637 hazard=35711 canary_err=0 q=0 qovr=0
2026-09-03T20:23:29.775171 [I2C] init=0 gate=0 whoami=0x201e0 wr=0 wrseen=0x27 addr=0x5a ok=1127663 err=0 tmo=0 recov=0 pclk1=200000000 sysclk=400000000
2026-09-03T20:23:29.776537 [NAK] nacks=0
2026-09-03T20:23:29.781043 [CLK] cpu=800000000 sysb=400000000 pclk1=200000000
2026-09-03T20:23:29.785541 [TOF] res=0 step=0 id=0xeacc blk=0xeacc10 ctl=0x0
2026-09-03T20:23:29.791535 [RNG] init=0 step=99 id=0xeacc boot=1 calls=93 xerr=0 dm=1 tb=15
2026-09-03T20:23:29.798411 [RNG] osc=41 imp=881 imprb=881 mstart=0x40 cfg=91 cfgfail=0x0 vhv=0 vpolls=0
2026-09-03T20:23:29.804661 [PRT] calls=1113997 xerr=0 ler=1 lidx=0x0 perr=0 maxcnt=17 addr8=0x52
2026-09-03T20:23:29.808783 [RTY] wr=0 wmax=0 wref=0  rd=0 rmax=0 rref=0
2026-09-03T20:23:29.816901 [RNG] frames=278303 last=45 min=23 max=61 nrdy=336 dxfer=0 dstat=0 lst=0 nrdyerr=0 dclr=0
2026-09-03T20:23:29.823163 [DRV] init=0 id=7 mode=0x1 lib=0x2 seq=0x1 odc=0x8b sts=0xe0 armed=1
2026-09-03T20:23:29.828778 [TRG] pulses=2614 suppressed=33097 cyc=1600 rst=1 rstmode=0x40
2026-09-03T20:23:29.832277 [HLT] polls=5572 faults=0x0 cfglost=0
2026-09-03T20:23:29.838241 [EFF] n=5 last=58588 min=58472 max=58588 late=0 stuck=0 rderr=0
2026-09-03T20:23:29.842042 [DWT] ok=1 cyc=4204746039 cyc_per_ms=800000
2026-09-03T20:23:30.857587 [HB] up_ms=5879818 frames=278688 inf=278688 hazard=35711 canary_err=0 q=0 qovr=0
2026-09-03T20:23:30.868800 [I2C] init=0 gate=0 whoami=0x201e0 wr=0 wrseen=0x27 addr=0x5a ok=1127873 err=0 tmo=0 recov=0 pclk1=200000000 sysclk=400000000
2026-09-03T20:23:30.870050 [NAK] nacks=0
2026-09-03T20:23:30.874688 [CLK] cpu=800000000 sysb=400000000 pclk1=200000000
2026-09-03T20:23:30.879291 [TOF] res=0 step=0 id=0xeacc blk=0xeacc10 ctl=0x0
2026-09-03T20:23:30.885196 [RNG] init=0 step=99 id=0xeacc boot=1 calls=93 xerr=0 dm=1 tb=15
2026-09-03T20:23:30.892050 [RNG] osc=41 imp=881 imprb=881 mstart=0x40 cfg=91 cfgfail=0x0 vhv=0 vpolls=0
2026-09-03T20:23:30.898425 [PRT] calls=1114201 xerr=0 ler=1 lidx=0x0 perr=0 maxcnt=17 addr8=0x52
2026-09-03T20:23:30.902534 [RTY] wr=0 wmax=0 wref=0  rd=0 rmax=0 rref=0
2026-09-03T20:23:30.910543 [RNG] frames=278355 last=40 min=23 max=61 nrdy=336 dxfer=0 dstat=0 lst=0 nrdyerr=0 dclr=0
2026-09-03T20:23:30.916679 [DRV] init=0 id=7 mode=0x1 lib=0x2 seq=0x1 odc=0x8b sts=0xe0 armed=1
2026-09-03T20:23:30.922658 [TRG] pulses=2614 suppressed=33097 cyc=1600 rst=1 rstmode=0x40
2026-09-03T20:23:30.925948 [HLT] polls=5573 faults=0x0 cfglost=0
2026-09-03T20:23:30.931666 [EFF] n=5 last=58588 min=58472 max=58588 late=0 stuck=0 rderr=0
2026-09-03T20:23:30.935543 [DWT] ok=1 cyc=777778595 cyc_per_ms=799999
2026-09-03T20:23:31.950461 [HB] up_ms=5880903 frames=278740 inf=278740 hazard=35711 canary_err=0 q=0 qovr=0
2026-09-03T20:23:31.961705 [I2C] init=0 gate=0 whoami=0x201e0 wr=0 wrseen=0x27 addr=0x5a ok=1128079 err=0 tmo=0 recov=0 pclk1=200000000 sysclk=400000000
2026-09-03T20:23:31.963070 [NAK] nacks=0
2026-09-03T20:23:31.967716 [CLK] cpu=800000000 sysb=400000000 pclk1=200000000
2026-09-03T20:23:31.972199 [TOF] res=0 step=0 id=0xeacc blk=0xeacc10 ctl=0x0
2026-09-03T20:23:31.977960 [RNG] init=0 step=99 id=0xeacc boot=1 calls=93 xerr=0 dm=1 tb=15
2026-09-03T20:23:31.985077 [RNG] osc=41 imp=881 imprb=881 mstart=0x40 cfg=91 cfgfail=0x0 vhv=0 vpolls=0
2026-09-03T20:23:31.991312 [PRT] calls=1114409 xerr=0 ler=1 lidx=0x0 perr=0 maxcnt=17 addr8=0x52
2026-09-03T20:23:31.995307 [RTY] wr=0 wmax=0 wref=0  rd=0 rmax=0 rref=0
2026-09-03T20:23:32.003595 [RNG] frames=278406 last=46 min=23 max=61 nrdy=336 dxfer=0 dstat=0 lst=0 nrdyerr=0 dclr=0
2026-09-03T20:23:32.009686 [DRV] init=0 id=7 mode=0x1 lib=0x2 seq=0x1 odc=0x8b sts=0xe0 armed=1
2026-09-03T20:23:32.015441 [TRG] pulses=2614 suppressed=33097 cyc=1600 rst=1 rstmode=0x40
2026-09-03T20:23:32.018819 [HLT] polls=5574 faults=0x0 cfglost=0
2026-09-03T20:23:32.024590 [EFF] n=5 last=58588 min=58472 max=58588 late=0 stuck=0 rderr=0
2026-09-03T20:23:32.028697 [DWT] ok=1 cyc=1645676679 cyc_per_ms=799906
2026-09-03T20:23:33.043748 [HB] up_ms=5881988 frames=278791 inf=278791 hazard=35711 canary_err=0 q=0 qovr=0
2026-09-03T20:23:33.054997 [I2C] init=0 gate=0 whoami=0x201e0 wr=0 wrseen=0x27 addr=0x5a ok=1128288 err=0 tmo=0 recov=0 pclk1=200000000 sysclk=400000000
2026-09-03T20:23:33.056339 [NAK] nacks=0
2026-09-03T20:23:33.060966 [CLK] cpu=800000000 sysb=400000000 pclk1=200000000
2026-09-03T20:23:33.065610 [TOF] res=0 step=0 id=0xeacc blk=0xeacc10 ctl=0x0
2026-09-03T20:23:33.071342 [RNG] init=0 step=99 id=0xeacc boot=1 calls=93 xerr=0 dm=1 tb=15
2026-09-03T20:23:33.078345 [RNG] osc=41 imp=881 imprb=881 mstart=0x40 cfg=91 cfgfail=0x0 vhv=0 vpolls=0
2026-09-03T20:23:33.084863 [PRT] calls=1114613 xerr=0 ler=1 lidx=0x0 perr=0 maxcnt=17 addr8=0x52
2026-09-03T20:23:33.088756 [RTY] wr=0 wmax=0 wref=0  rd=0 rmax=0 rref=0
2026-09-03T20:23:33.096849 [RNG] frames=278458 last=39 min=23 max=61 nrdy=336 dxfer=0 dstat=0 lst=0 nrdyerr=0 dclr=0
2026-09-03T20:23:33.102961 [DRV] init=0 id=7 mode=0x1 lib=0x2 seq=0x1 odc=0x8b sts=0xe0 armed=1
2026-09-03T20:23:33.108605 [TRG] pulses=2614 suppressed=33097 cyc=1600 rst=1 rstmode=0x40
2026-09-03T20:23:33.112201 [HLT] polls=5575 faults=0x0 cfglost=0
2026-09-03T20:23:33.117979 [EFF] n=5 last=58588 min=58472 max=58588 late=0 stuck=0 rderr=0
2026-09-03T20:23:33.121964 [DWT] ok=1 cyc=2513778651 cyc_per_ms=800093
2026-09-03T20:23:34.137004 [HB] up_ms=5883073 frames=278843 inf=278843 hazard=35714 canary_err=0 q=0 qovr=0
2026-09-03T20:23:34.148260 [I2C] init=0 gate=0 whoami=0x201e0 wr=0 wrseen=0x27 addr=0x5a ok=1128495 err=0 tmo=0 recov=0 pclk1=200000000 sysclk=400000000
2026-09-03T20:23:34.149633 [NAK] nacks=0
2026-09-03T20:23:34.154244 [CLK] cpu=800000000 sysb=400000000 pclk1=200000000
2026-09-03T20:23:34.158740 [TOF] res=0 step=0 id=0xeacc blk=0xeacc10 ctl=0x0
2026-09-03T20:23:34.164687 [RNG] init=0 step=99 id=0xeacc boot=1 calls=93 xerr=0 dm=1 tb=15
2026-09-03T20:23:34.171655 [RNG] osc=41 imp=881 imprb=881 mstart=0x40 cfg=91 cfgfail=0x0 vhv=0 vpolls=0
2026-09-03T20:23:34.177862 [PRT] calls=1114821 xerr=0 ler=1 lidx=0x0 perr=0 maxcnt=17 addr8=0x52
2026-09-03T20:23:34.181993 [RTY] wr=0 wmax=0 wref=0  rd=0 rmax=0 rref=0
2026-09-03T20:23:34.189991 [RNG] frames=278509 last=49 min=23 max=61 nrdy=336 dxfer=0 dstat=0 lst=0 nrdyerr=0 dclr=0
2026-09-03T20:23:34.196239 [DRV] init=0 id=7 mode=0x1 lib=0x2 seq=0x1 odc=0x8b sts=0xe0 armed=1
2026-09-03T20:23:34.201983 [TRG] pulses=2615 suppressed=33102 cyc=1600 rst=1 rstmode=0x40
2026-09-03T20:23:34.205361 [HLT] polls=5576 faults=0x0 cfglost=0
2026-09-03T20:23:34.211105 [EFF] n=5 last=58588 min=58472 max=58588 late=0 stuck=0 rderr=0
2026-09-03T20:23:34.215238 [DWT] ok=1 cyc=3381679511 cyc_per_ms=799908
2026-09-03T20:23:35.229771 [HB] up_ms=5884158 frames=278894 inf=278894 hazard=35752 canary_err=0 q=0 qovr=0
2026-09-03T20:23:35.241023 [I2C] init=0 gate=0 whoami=0x201e0 wr=0 wrseen=0x27 addr=0x5a ok=1128701 err=0 tmo=0 recov=0 pclk1=200000000 sysclk=400000000
2026-09-03T20:23:35.242388 [NAK] nacks=0
2026-09-03T20:23:35.247014 [CLK] cpu=800000000 sysb=400000000 pclk1=200000000
2026-09-03T20:23:35.251531 [TOF] res=0 step=0 id=0xeacc blk=0xeacc10 ctl=0x0
2026-09-03T20:23:35.257519 [RNG] init=0 step=99 id=0xeacc boot=1 calls=93 xerr=0 dm=1 tb=15
2026-09-03T20:23:35.264389 [RNG] osc=41 imp=881 imprb=881 mstart=0x40 cfg=91 cfgfail=0x0 vhv=0 vpolls=0
2026-09-03T20:23:35.270674 [PRT] calls=1115025 xerr=0 ler=1 lidx=0x0 perr=0 maxcnt=17 addr8=0x52
2026-09-03T20:23:35.274687 [RTY] wr=0 wmax=0 wref=0  rd=0 rmax=0 rref=0
2026-09-03T20:23:35.282908 [RNG] frames=278560 last=43 min=23 max=61 nrdy=336 dxfer=0 dstat=0 lst=0 nrdyerr=0 dclr=0
2026-09-03T20:23:35.289085 [DRV] init=0 id=7 mode=0x1 lib=0x2 seq=0x1 odc=0x8b sts=0xe0 armed=1
2026-09-03T20:23:35.294644 [TRG] pulses=2617 suppressed=33135 cyc=1600 rst=1 rstmode=0x40
2026-09-03T20:23:35.298124 [HLT] polls=5577 faults=0x0 cfglost=0
2026-09-03T20:23:35.304011 [EFF] n=5 last=58588 min=58472 max=58588 late=0 stuck=0 rderr=0
2026-09-03T20:23:35.308009 [DWT] ok=1 cyc=4249778711 cyc_per_ms=800091
2026-09-03T20:23:36.322686 [HB] up_ms=5885243 frames=278946 inf=278946 hazard=35752 canary_err=0 q=0 qovr=0
2026-09-03T20:23:36.333809 [I2C] init=0 gate=0 whoami=0x201e0 wr=0 wrseen=0x27 addr=0x5a ok=1128911 err=0 tmo=0 recov=0 pclk1=200000000 sysclk=400000000
2026-09-03T20:23:36.335166 [NAK] nacks=0
2026-09-03T20:23:36.339913 [CLK] cpu=800000000 sysb=400000000 pclk1=200000000
2026-09-03T20:23:36.344436 [TOF] res=0 step=0 id=0xeacc blk=0xeacc10 ctl=0x0
2026-09-03T20:23:36.350157 [RNG] init=0 step=99 id=0xeacc boot=1 calls=93 xerr=0 dm=1 tb=15
2026-09-03T20:23:36.357168 [RNG] osc=41 imp=881 imprb=881 mstart=0x40 cfg=91 cfgfail=0x0 vhv=0 vpolls=0
2026-09-03T20:23:36.363628 [PRT] calls=1115229 xerr=0 ler=1 lidx=0x0 perr=0 maxcnt=17 addr8=0x52
2026-09-03T20:23:36.367535 [RTY] wr=0 wmax=0 wref=0  rd=0 rmax=0 rref=0
2026-09-03T20:23:36.375656 [RNG] frames=278612 last=42 min=23 max=61 nrdy=336 dxfer=0 dstat=0 lst=0 nrdyerr=0 dclr=0
2026-09-03T20:23:36.381781 [DRV] init=0 id=7 mode=0x1 lib=0x2 seq=0x1 odc=0x8b sts=0xe0 armed=1
2026-09-03T20:23:36.387532 [TRG] pulses=2617 suppressed=33135 cyc=1600 rst=1 rstmode=0x40
2026-09-03T20:23:36.391031 [HLT] polls=5578 faults=0x0 cfglost=0
2026-09-03T20:23:36.396775 [EFF] n=5 last=58588 min=58472 max=58588 late=0 stuck=0 rderr=0
2026-09-03T20:23:36.400699 [DWT] ok=1 cyc=822810671 cyc_per_ms=799999
2026-09-03T20:23:37.414953 [HB] up_ms=5886328 frames=278997 inf=278997 hazard=35752 canary_err=0 q=0 qovr=0
2026-09-03T20:23:37.426199 [I2C] init=0 gate=0 whoami=0x201e0 wr=0 wrseen=0x27 addr=0x5a ok=1129117 err=0 tmo=0 recov=0 pclk1=200000000 sysclk=400000000
2026-09-03T20:23:37.427583 [NAK] nacks=0
2026-09-03T20:23:37.432189 [CLK] cpu=800000000 sysb=400000000 pclk1=200000000
2026-09-03T20:23:37.436696 [TOF] res=0 step=0 id=0xeacc blk=0xeacc10 ctl=0x0
2026-09-03T20:23:37.442605 [RNG] init=0 step=99 id=0xeacc boot=1 calls=93 xerr=0 dm=1 tb=15
2026-09-03T20:23:37.449593 [RNG] osc=41 imp=881 imprb=881 mstart=0x40 cfg=91 cfgfail=0x0 vhv=0 vpolls=0
2026-09-03T20:23:37.455822 [PRT] calls=1115437 xerr=0 ler=1 lidx=0x0 perr=0 maxcnt=17 addr8=0x52
2026-09-03T20:23:37.459812 [RTY] wr=0 wmax=0 wref=0  rd=0 rmax=0 rref=0
2026-09-03T20:23:37.468132 [RNG] frames=278663 last=42 min=23 max=61 nrdy=336 dxfer=0 dstat=0 lst=0 nrdyerr=0 dclr=0
2026-09-03T20:23:37.474324 [DRV] init=0 id=7 mode=0x1 lib=0x2 seq=0x1 odc=0x8b sts=0xe0 armed=1
2026-09-03T20:23:37.479931 [TRG] pulses=2617 suppressed=33135 cyc=1600 rst=1 rstmode=0x40
2026-09-03T20:23:37.483311 [HLT] polls=5580 faults=0x0 cfglost=0
2026-09-03T20:23:37.489185 [EFF] n=5 last=58588 min=58472 max=58588 late=0 stuck=0 rderr=0
2026-09-03T20:23:37.493181 [DWT] ok=1 cyc=1690844091 cyc_per_ms=800030
2026-09-03T20:23:38.507231 [HB] up_ms=5887413 frames=279048 inf=279048 hazard=35752 canary_err=0 q=0 qovr=0
2026-09-03T20:23:38.518529 [I2C] init=0 gate=0 whoami=0x201e0 wr=0 wrseen=0x27 addr=0x5a ok=1129327 err=0 tmo=0 recov=0 pclk1=200000000 sysclk=400000000
2026-09-03T20:23:38.519891 [NAK] nacks=0
2026-09-03T20:23:38.524474 [CLK] cpu=800000000 sysb=400000000 pclk1=200000000
2026-09-03T20:23:38.529107 [TOF] res=0 step=0 id=0xeacc blk=0xeacc10 ctl=0x0
2026-09-03T20:23:38.534839 [RNG] init=0 step=99 id=0xeacc boot=1 calls=93 xerr=0 dm=1 tb=15
2026-09-03T20:23:38.541713 [RNG] osc=41 imp=881 imprb=881 mstart=0x40 cfg=91 cfgfail=0x0 vhv=0 vpolls=0
2026-09-03T20:23:38.548067 [PRT] calls=1115641 xerr=0 ler=1 lidx=0x0 perr=0 maxcnt=17 addr8=0x52
2026-09-03T20:23:38.552201 [RTY] wr=0 wmax=0 wref=0  rd=0 rmax=0 rref=0
2026-09-03T20:23:38.560234 [RNG] frames=278715 last=45 min=23 max=61 nrdy=336 dxfer=0 dstat=0 lst=0 nrdyerr=0 dclr=0
2026-09-03T20:23:38.566487 [DRV] init=0 id=7 mode=0x1 lib=0x2 seq=0x1 odc=0x8b sts=0xe0 armed=1
2026-09-03T20:23:38.572206 [TRG] pulses=2617 suppressed=33135 cyc=1600 rst=1 rstmode=0x40
2026-09-03T20:23:38.575704 [HLT] polls=5581 faults=0x0 cfglost=0
2026-09-03T20:23:38.581459 [EFF] n=5 last=58588 min=58472 max=58588 late=0 stuck=0 rderr=0
2026-09-03T20:23:38.585327 [DWT] ok=1 cyc=2558843991 cyc_per_ms=799999
2026-09-03T20:23:39.599527 [HB] up_ms=5888498 frames=279100 inf=279100 hazard=35752 canary_err=0 q=0 qovr=0
2026-09-03T20:23:39.610883 [I2C] init=0 gate=0 whoami=0x201e0 wr=0 wrseen=0x27 addr=0x5a ok=1129535 err=0 tmo=0 recov=0 pclk1=200000000 sysclk=400000000
2026-09-03T20:23:39.612133 [NAK] nacks=0
2026-09-03T20:23:39.616754 [CLK] cpu=800000000 sysb=400000000 pclk1=200000000
2026-09-03T20:23:39.621275 [TOF] res=0 step=0 id=0xeacc blk=0xeacc10 ctl=0x0
2026-09-03T20:23:39.627113 [RNG] init=0 step=99 id=0xeacc boot=1 calls=93 xerr=0 dm=1 tb=15
2026-09-03T20:23:39.634116 [RNG] osc=41 imp=881 imprb=881 mstart=0x40 cfg=91 cfgfail=0x0 vhv=0 vpolls=0
2026-09-03T20:23:39.640369 [PRT] calls=1115849 xerr=0 ler=1 lidx=0x0 perr=0 maxcnt=17 addr8=0x52
2026-09-03T20:23:39.644381 [RTY] wr=0 wmax=0 wref=0  rd=0 rmax=0 rref=0
2026-09-03T20:23:39.652483 [RNG] frames=278766 last=38 min=23 max=61 nrdy=336 dxfer=0 dstat=0 lst=0 nrdyerr=0 dclr=0
2026-09-03T20:23:39.658757 [DRV] init=0 id=7 mode=0x1 lib=0x2 seq=0x1 odc=0x8b sts=0xe0 armed=1
2026-09-03T20:23:39.664350 [TRG] pulses=2617 suppressed=33135 cyc=1600 rst=1 rstmode=0x40
2026-09-03T20:23:39.667854 [HLT] polls=5582 faults=0x0 cfglost=0
2026-09-03T20:23:39.673603 [EFF] n=5 last=58588 min=58472 max=58588 late=0 stuck=0 rderr=0
2026-09-03T20:23:39.677744 [DWT] ok=1 cyc=3426709387 cyc_per_ms=799875
2026-09-03T20:23:40.692176 [HB] up_ms=5889583 frames=279151 inf=279151 hazard=35752 canary_err=0 q=0 qovr=0
2026-09-03T20:23:40.703416 [I2C] init=0 gate=0 whoami=0x201e0 wr=0 wrseen=0x27 addr=0x5a ok=1129744 err=0 tmo=0 recov=0 pclk1=200000000 sysclk=400000000
2026-09-03T20:23:40.704850 [NAK] nacks=0
2026-09-03T20:23:40.709439 [CLK] cpu=800000000 sysb=400000000 pclk1=200000000
2026-09-03T20:23:40.713941 [TOF] res=0 step=0 id=0xeacc blk=0xeacc10 ctl=0x0
2026-09-03T20:23:40.719816 [RNG] init=0 step=99 id=0xeacc boot=1 calls=93 xerr=0 dm=1 tb=15
2026-09-03T20:23:40.727051 [RNG] osc=41 imp=881 imprb=881 mstart=0x40 cfg=91 cfgfail=0x0 vhv=0 vpolls=0
2026-09-03T20:23:40.733041 [PRT] calls=1116053 xerr=0 ler=1 lidx=0x0 perr=0 maxcnt=17 addr8=0x52
2026-09-03T20:23:40.737149 [RTY] wr=0 wmax=0 wref=0  rd=0 rmax=0 rref=0
2026-09-03T20:23:40.745308 [RNG] frames=278818 last=40 min=23 max=61 nrdy=336 dxfer=0 dstat=0 lst=0 nrdyerr=0 dclr=0
2026-09-03T20:23:40.751411 [DRV] init=0 id=7 mode=0x1 lib=0x2 seq=0x1 odc=0x8b sts=0xe0 armed=1
2026-09-03T20:23:40.757156 [TRG] pulses=2617 suppressed=33135 cyc=1600 rst=1 rstmode=0x40
2026-09-03T20:23:40.760718 [HLT] polls=5583 faults=0x0 cfglost=0
2026-09-03T20:23:40.766409 [EFF] n=5 last=58588 min=58472 max=58588 late=0 stuck=0 rderr=0
2026-09-03T20:23:40.770424 [DWT] ok=1 cyc=4294811367 cyc_per_ms=800093
2026-09-03T20:23:41.785078 [HB] up_ms=5890668 frames=279203 inf=279203 hazard=35793 canary_err=0 q=0 qovr=0
2026-09-03T20:23:41.796328 [I2C] init=0 gate=0 whoami=0x201e0 wr=0 wrseen=0x27 addr=0x5a ok=1129951 err=0 tmo=0 recov=0 pclk1=200000000 sysclk=400000000
2026-09-03T20:23:41.797809 [NAK] nacks=0
2026-09-03T20:23:41.802311 [CLK] cpu=800000000 sysb=400000000 pclk1=200000000
2026-09-03T20:23:41.806815 [TOF] res=0 step=0 id=0xeacc blk=0xeacc10 ctl=0x0
2026-09-03T20:23:41.812696 [RNG] init=0 step=99 id=0xeacc boot=1 calls=93 xerr=0 dm=1 tb=15
2026-09-03T20:23:41.819685 [RNG] osc=41 imp=881 imprb=881 mstart=0x40 cfg=91 cfgfail=0x0 vhv=0 vpolls=0
2026-09-03T20:23:41.825963 [PRT] calls=1116261 xerr=0 ler=1 lidx=0x0 perr=0 maxcnt=17 addr8=0x52
2026-09-03T20:23:41.830057 [RTY] wr=0 wmax=0 wref=0  rd=0 rmax=0 rref=0
2026-09-03T20:23:41.838064 [RNG] frames=278869 last=34 min=23 max=61 nrdy=336 dxfer=0 dstat=0 lst=0 nrdyerr=0 dclr=0
2026-09-03T20:23:41.844477 [DRV] init=0 id=7 mode=0x1 lib=0x2 seq=0x1 odc=0x8b sts=0xe0 armed=1
2026-09-03T20:23:41.850059 [TRG] pulses=2620 suppressed=33173 cyc=1600 rst=1 rstmode=0x40
2026-09-03T20:23:41.853435 [HLT] polls=5584 faults=0x0 cfglost=0
2026-09-03T20:23:41.859182 [EFF] n=5 last=58588 min=58472 max=58588 late=0 stuck=0 rderr=0
2026-09-03T20:23:41.863179 [DWT] ok=1 cyc=867742215 cyc_per_ms=799906
2026-09-03T20:23:42.878112 [HB] up_ms=5891753 frames=279254 inf=279254 hazard=35793 canary_err=0 q=0 qovr=0
2026-09-03T20:23:42.889484 [I2C] init=0 gate=0 whoami=0x201e0 wr=0 wrseen=0x27 addr=0x5a ok=1130157 err=0 tmo=0 recov=0 pclk1=200000000 sysclk=400000000
2026-09-03T20:23:42.890756 [NAK] nacks=0
2026-09-03T20:23:42.895364 [CLK] cpu=800000000 sysb=400000000 pclk1=200000000
2026-09-03T20:23:42.899841 [TOF] res=0 step=0 id=0xeacc blk=0xeacc10 ctl=0x0
2026-09-03T20:23:42.905871 [RNG] init=0 step=99 id=0xeacc boot=1 calls=93 xerr=0 dm=1 tb=15
2026-09-03T20:23:42.912732 [RNG] osc=41 imp=881 imprb=881 mstart=0x40 cfg=91 cfgfail=0x0 vhv=0 vpolls=0
2026-09-03T20:23:42.918966 [PRT] calls=1116465 xerr=0 ler=1 lidx=0x0 perr=0 maxcnt=17 addr8=0x52
2026-09-03T20:23:42.923092 [RTY] wr=0 wmax=0 wref=0  rd=0 rmax=0 rref=0
2026-09-03T20:23:42.931216 [RNG] frames=278920 last=47 min=23 max=61 nrdy=336 dxfer=0 dstat=0 lst=0 nrdyerr=0 dclr=0
2026-09-03T20:23:42.937463 [DRV] init=0 id=7 mode=0x1 lib=0x2 seq=0x1 odc=0x8b sts=0xe0 armed=1
2026-09-03T20:23:42.943085 [TRG] pulses=2620 suppressed=33173 cyc=1600 rst=1 rstmode=0x40
2026-09-03T20:23:42.946463 [HLT] polls=5585 faults=0x0 cfglost=0
2026-09-03T20:23:42.952333 [EFF] n=5 last=58588 min=58472 max=58588 late=0 stuck=0 rderr=0
2026-09-03T20:23:42.956333 [DWT] ok=1 cyc=1735844127 cyc_per_ms=800093
2026-09-03T20:23:43.971520 [HB] up_ms=5892838 frames=279306 inf=279306 hazard=35793 canary_err=0 q=0 qovr=0
2026-09-03T20:23:43.982759 [I2C] init=0 gate=0 whoami=0x201e0 wr=0 wrseen=0x27 addr=0x5a ok=1130367 err=0 tmo=0 recov=0 pclk1=200000000 sysclk=400000000
2026-09-03T20:23:43.984137 [NAK] nacks=0
2026-09-03T20:23:43.988877 [CLK] cpu=800000000 sysb=400000000 pclk1=200000000
2026-09-03T20:23:43.993374 [TOF] res=0 step=0 id=0xeacc blk=0xeacc10 ctl=0x0
2026-09-03T20:23:43.999137 [RNG] init=0 step=99 id=0xeacc boot=1 calls=93 xerr=0 dm=1 tb=15
2026-09-03T20:23:44.006004 [RNG] osc=41 imp=881 imprb=881 mstart=0x40 cfg=91 cfgfail=0x0 vhv=0 vpolls=0
2026-09-03T20:23:44.012511 [PRT] calls=1116669 xerr=0 ler=1 lidx=0x0 perr=0 maxcnt=17 addr8=0x52
2026-09-03T20:23:44.016514 [RTY] wr=0 wmax=0 wref=0  rd=0 rmax=0 rref=0
2026-09-03T20:23:44.024665 [RNG] frames=278972 last=42 min=23 max=61 nrdy=336 dxfer=0 dstat=0 lst=0 nrdyerr=0 dclr=0
2026-09-03T20:23:44.030749 [DRV] init=0 id=7 mode=0x1 lib=0x2 seq=0x1 odc=0x8b sts=0xe0 armed=1
2026-09-03T20:23:44.036506 [TRG] pulses=2620 suppressed=33173 cyc=1600 rst=1 rstmode=0x40
2026-09-03T20:23:44.040007 [HLT] polls=5586 faults=0x0 cfglost=0
2026-09-03T20:23:44.045749 [EFF] n=5 last=58588 min=58472 max=58588 late=0 stuck=0 rderr=0
2026-09-03T20:23:44.049739 [DWT] ok=1 cyc=2603843375 cyc_per_ms=799999
2026-09-03T20:23:45.064588 [HB] up_ms=5893923 frames=279357 inf=279357 hazard=35793 canary_err=0 q=0 qovr=0
2026-09-03T20:23:45.075925 [I2C] init=0 gate=0 whoami=0x201e0 wr=0 wrseen=0x27 addr=0x5a ok=1130573 err=0 tmo=0 recov=0 pclk1=200000000 sysclk=400000000
2026-09-03T20:23:45.077215 [NAK] nacks=0
2026-09-03T20:23:45.081799 [CLK] cpu=800000000 sysb=400000000 pclk1=200000000
2026-09-03T20:23:45.086290 [TOF] res=0 step=0 id=0xeacc blk=0xeacc10 ctl=0x0
2026-09-03T20:23:45.092166 [RNG] init=0 step=99 id=0xeacc boot=1 calls=93 xerr=0 dm=1 tb=15
2026-09-03T20:23:45.099174 [RNG] osc=41 imp=881 imprb=881 mstart=0x40 cfg=91 cfgfail=0x0 vhv=0 vpolls=0
2026-09-03T20:23:45.105422 [PRT] calls=1116877 xerr=0 ler=1 lidx=0x0 perr=0 maxcnt=17 addr8=0x52
2026-09-03T20:23:45.109542 [RTY] wr=0 wmax=0 wref=0  rd=0 rmax=0 rref=0
2026-09-03T20:23:45.117660 [RNG] frames=279023 last=40 min=23 max=61 nrdy=336 dxfer=0 dstat=0 lst=0 nrdyerr=0 dclr=0
2026-09-03T20:23:45.123787 [DRV] init=0 id=7 mode=0x1 lib=0x2 seq=0x1 odc=0x8b sts=0xe0 armed=1
2026-09-03T20:23:45.129536 [TRG] pulses=2620 suppressed=33173 cyc=1600 rst=1 rstmode=0x40
2026-09-03T20:23:45.132919 [HLT] polls=5587 faults=0x0 cfglost=0
2026-09-03T20:23:45.138775 [EFF] n=5 last=58588 min=58472 max=58588 late=0 stuck=0 rderr=0
2026-09-03T20:23:45.142806 [DWT] ok=1 cyc=3471844179 cyc_per_ms=800000
2026-09-03T20:23:46.157346 [HB] up_ms=5895008 frames=279408 inf=279408 hazard=35793 canary_err=0 q=0 qovr=0
2026-09-03T20:23:46.168617 [I2C] init=0 gate=0 whoami=0x201e0 wr=0 wrseen=0x27 addr=0x5a ok=1130783 err=0 tmo=0 recov=0 pclk1=200000000 sysclk=400000000
2026-09-03T20:23:46.169966 [NAK] nacks=0
2026-09-03T20:23:46.174456 [CLK] cpu=800000000 sysb=400000000 pclk1=200000000
2026-09-03T20:23:46.179087 [TOF] res=0 step=0 id=0xeacc blk=0xeacc10 ctl=0x0
2026-09-03T20:23:46.184961 [RNG] init=0 step=99 id=0xeacc boot=1 calls=93 xerr=0 dm=1 tb=15
2026-09-03T20:23:46.191821 [RNG] osc=41 imp=881 imprb=881 mstart=0x40 cfg=91 cfgfail=0x0 vhv=0 vpolls=0
2026-09-03T20:23:46.198235 [PRT] calls=1117081 xerr=0 ler=1 lidx=0x0 perr=0 maxcnt=17 addr8=0x52
2026-09-03T20:23:46.202331 [RTY] wr=0 wmax=0 wref=0  rd=0 rmax=0 rref=0
2026-09-03T20:23:46.210330 [RNG] frames=279075 last=38 min=23 max=61 nrdy=336 dxfer=0 dstat=0 lst=0 nrdyerr=0 dclr=0
2026-09-03T20:23:46.216598 [DRV] init=0 id=7 mode=0x1 lib=0x2 seq=0x1 odc=0x8b sts=0xe0 armed=1
2026-09-03T20:23:46.222324 [TRG] pulses=2620 suppressed=33173 cyc=1600 rst=1 rstmode=0x40
2026-09-03T20:23:46.225716 [HLT] polls=5588 faults=0x0 cfglost=0
2026-09-03T20:23:46.231456 [EFF] n=5 last=58588 min=58472 max=58588 late=0 stuck=0 rderr=0
2026-09-03T20:23:46.235318 [DWT] ok=1 cyc=44876703 cyc_per_ms=799999
2026-09-03T20:23:47.249884 [HB] up_ms=5896093 frames=279460 inf=279460 hazard=35793 canary_err=0 q=0 qovr=0
2026-09-03T20:23:47.261260 [I2C] init=0 gate=0 whoami=0x201e0 wr=0 wrseen=0x27 addr=0x5a ok=1130989 err=0 tmo=0 recov=0 pclk1=200000000 sysclk=400000000
2026-09-03T20:23:47.262498 [NAK] nacks=0
2026-09-03T20:23:47.267140 [CLK] cpu=800000000 sysb=400000000 pclk1=200000000
2026-09-03T20:23:47.271628 [TOF] res=0 step=0 id=0xeacc blk=0xeacc10 ctl=0x0
2026-09-03T20:23:47.277518 [RNG] init=0 step=99 id=0xeacc boot=1 calls=93 xerr=0 dm=1 tb=15
2026-09-03T20:23:47.284684 [RNG] osc=41 imp=881 imprb=881 mstart=0x40 cfg=91 cfgfail=0x0 vhv=0 vpolls=0
2026-09-03T20:23:47.290755 [PRT] calls=1117289 xerr=0 ler=1 lidx=0x0 perr=0 maxcnt=17 addr8=0x52
2026-09-03T20:23:47.294872 [RTY] wr=0 wmax=0 wref=0  rd=0 rmax=0 rref=0
2026-09-03T20:23:47.302995 [RNG] frames=279126 last=43 min=23 max=61 nrdy=336 dxfer=0 dstat=0 lst=0 nrdyerr=0 dclr=0
2026-09-03T20:23:47.309253 [DRV] init=0 id=7 mode=0x1 lib=0x2 seq=0x1 odc=0x8b sts=0xe0 armed=1
2026-09-03T20:23:47.314873 [TRG] pulses=2620 suppressed=33173 cyc=1600 rst=1 rstmode=0x40
2026-09-03T20:23:47.318237 [HLT] polls=5589 faults=0x0 cfglost=0
2026-09-03T20:23:47.323986 [EFF] n=5 last=58588 min=58472 max=58588 late=0 stuck=0 rderr=0
2026-09-03T20:23:47.328119 [DWT] ok=1 cyc=912774767 cyc_per_ms=799906
2026-09-03T20:23:48.343254 [HB] up_ms=5897178 frames=279511 inf=279511 hazard=35824 canary_err=0 q=0 qovr=0
2026-09-03T20:23:48.354452 [I2C] init=0 gate=0 whoami=0x201e0 wr=0 wrseen=0x27 addr=0x5a ok=1131198 err=0 tmo=0 recov=0 pclk1=200000000 sysclk=400000000
2026-09-03T20:23:48.355793 [NAK] nacks=0
2026-09-03T20:23:48.360422 [CLK] cpu=800000000 sysb=400000000 pclk1=200000000
2026-09-03T20:23:48.364914 [TOF] res=0 step=0 id=0xeacc blk=0xeacc10 ctl=0x0
2026-09-03T20:23:48.370831 [RNG] init=0 step=99 id=0xeacc boot=1 calls=93 xerr=0 dm=1 tb=15
2026-09-03T20:23:48.377793 [RNG] osc=41 imp=881 imprb=881 mstart=0x40 cfg=91 cfgfail=0x0 vhv=0 vpolls=0
2026-09-03T20:23:48.384047 [PRT] calls=1117493 xerr=0 ler=1 lidx=0x0 perr=0 maxcnt=17 addr8=0x52
2026-09-03T20:23:48.388176 [RTY] wr=0 wmax=0 wref=0  rd=0 rmax=0 rref=0
2026-09-03T20:23:48.396287 [RNG] frames=279178 last=40 min=23 max=61 nrdy=336 dxfer=0 dstat=0 lst=0 nrdyerr=0 dclr=0
2026-09-03T20:23:48.402406 [DRV] init=0 id=7 mode=0x1 lib=0x2 seq=0x1 odc=0x8b sts=0xe0 armed=1
2026-09-03T20:23:48.408154 [TRG] pulses=2623 suppressed=33204 cyc=1600 rst=1 rstmode=0x40
2026-09-03T20:23:48.411653 [HLT] polls=5590 faults=0x0 cfglost=0
2026-09-03T20:23:48.417451 [EFF] n=5 last=58588 min=58472 max=58588 late=0 stuck=0 rderr=0
2026-09-03T20:23:48.421400 [DWT] ok=1 cyc=1780880423 cyc_per_ms=800097
2026-09-03T20:23:49.436354 [HB] up_ms=5898263 frames=279563 inf=279563 hazard=35834 canary_err=0 q=0 qovr=0
2026-09-03T20:23:49.447618 [I2C] init=0 gate=0 whoami=0x201e0 wr=0 wrseen=0x27 addr=0x5a ok=1131405 err=0 tmo=0 recov=0 pclk1=200000000 sysclk=400000000
2026-09-03T20:23:49.448955 [NAK] nacks=0
2026-09-03T20:23:49.453598 [CLK] cpu=800000000 sysb=400000000 pclk1=200000000
2026-09-03T20:23:49.458094 [TOF] res=0 step=0 id=0xeacc blk=0xeacc10 ctl=0x0
2026-09-03T20:23:49.463959 [RNG] init=0 step=99 id=0xeacc boot=1 calls=93 xerr=0 dm=1 tb=15
2026-09-03T20:23:49.470950 [RNG] osc=41 imp=881 imprb=881 mstart=0x40 cfg=91 cfgfail=0x0 vhv=0 vpolls=0
2026-09-03T20:23:49.477210 [PRT] calls=1117701 xerr=0 ler=1 lidx=0x0 perr=0 maxcnt=17 addr8=0x52
2026-09-03T20:23:49.481326 [RTY] wr=0 wmax=0 wref=0  rd=0 rmax=0 rref=0
2026-09-03T20:23:49.489320 [RNG] frames=279229 last=45 min=23 max=61 nrdy=336 dxfer=0 dstat=0 lst=0 nrdyerr=0 dclr=0
2026-09-03T20:23:49.495694 [DRV] init=0 id=7 mode=0x1 lib=0x2 seq=0x1 odc=0x8b sts=0xe0 armed=1
2026-09-03T20:23:49.501315 [TRG] pulses=2623 suppressed=33211 cyc=1600 rst=1 rstmode=0x40
2026-09-03T20:23:49.504821 [HLT] polls=5591 faults=0x0 cfglost=0
2026-09-03T20:23:49.510614 [EFF] n=5 last=58588 min=58472 max=58588 late=0 stuck=0 rderr=0
2026-09-03T20:23:49.514593 [DWT] ok=1 cyc=2648774883 cyc_per_ms=799902
2026-09-03T20:23:50.528889 [HB] up_ms=5899348 frames=279614 inf=279614 hazard=35834 canary_err=0 q=0 qovr=0
2026-09-03T20:23:50.540132 [I2C] init=0 gate=0 whoami=0x201e0 wr=0 wrseen=0x27 addr=0x5a ok=1131611 err=0 tmo=0 recov=0 pclk1=200000000 sysclk=400000000
2026-09-03T20:23:50.541501 [NAK] nacks=0
2026-09-03T20:23:50.546130 [CLK] cpu=800000000 sysb=400000000 pclk1=200000000
2026-09-03T20:23:50.550658 [TOF] res=0 step=0 id=0xeacc blk=0xeacc10 ctl=0x0
2026-09-03T20:23:50.556499 [RNG] init=0 step=99 id=0xeacc boot=1 calls=93 xerr=0 dm=1 tb=15
2026-09-03T20:23:50.563511 [RNG] osc=41 imp=881 imprb=881 mstart=0x40 cfg=91 cfgfail=0x0 vhv=0 vpolls=0
2026-09-03T20:23:50.569756 [PRT] calls=1117905 xerr=0 ler=1 lidx=0x0 perr=0 maxcnt=17 addr8=0x52
2026-09-03T20:23:50.573741 [RTY] wr=0 wmax=0 wref=0  rd=0 rmax=0 rref=0
2026-09-03T20:23:50.582023 [RNG] frames=279280 last=38 min=23 max=61 nrdy=336 dxfer=0 dstat=0 lst=0 nrdyerr=0 dclr=0
2026-09-03T20:23:50.588133 [DRV] init=0 id=7 mode=0x1 lib=0x2 seq=0x1 odc=0x8b sts=0xe0 armed=1
2026-09-03T20:23:50.593812 [TRG] pulses=2623 suppressed=33211 cyc=1600 rst=1 rstmode=0x40
2026-09-03T20:23:50.597237 [HLT] polls=5592 faults=0x0 cfglost=0
2026-09-03T20:23:50.603112 [EFF] n=5 last=58588 min=58472 max=58588 late=0 stuck=0 rderr=0
2026-09-03T20:23:50.607122 [DWT] ok=1 cyc=3516876799 cyc_per_ms=800093
2026-09-03T20:23:51.620938 [HB] up_ms=5900433 frames=279666 inf=279666 hazard=35834 canary_err=0 q=0 qovr=0
2026-09-03T20:23:51.632053 [I2C] init=0 gate=0 whoami=0x201e0 wr=0 wrseen=0x27 addr=0x5a ok=1131821 err=0 tmo=0 recov=0 pclk1=200000000 sysclk=400000000
2026-09-03T20:23:51.633432 [NAK] nacks=0
2026-09-03T20:23:51.638168 [CLK] cpu=800000000 sysb=400000000 pclk1=200000000
2026-09-03T20:23:51.642677 [TOF] res=0 step=0 id=0xeacc blk=0xeacc10 ctl=0x0
2026-09-03T20:23:51.648418 [RNG] init=0 step=99 id=0xeacc boot=1 calls=93 xerr=0 dm=1 tb=15
2026-09-03T20:23:51.655419 [RNG] osc=41 imp=881 imprb=881 mstart=0x40 cfg=91 cfgfail=0x0 vhv=0 vpolls=0
2026-09-03T20:23:51.661818 [PRT] calls=1118109 xerr=0 ler=1 lidx=0x0 perr=0 maxcnt=17 addr8=0x52
2026-09-03T20:23:51.665798 [RTY] wr=0 wmax=0 wref=0  rd=0 rmax=0 rref=0
2026-09-03T20:23:51.673787 [RNG] frames=279332 last=38 min=23 max=61 nrdy=336 dxfer=0 dstat=0 lst=0 nrdyerr=0 dclr=0
2026-09-03T20:23:51.680053 [DRV] init=0 id=7 mode=0x1 lib=0x2 seq=0x1 odc=0x8b sts=0xe0 armed=1
2026-09-03T20:23:51.685792 [TRG] pulses=2623 suppressed=33211 cyc=1600 rst=1 rstmode=0x40
2026-09-03T20:23:51.689282 [HLT] polls=5593 faults=0x0 cfglost=0
2026-09-03T20:23:51.695065 [EFF] n=5 last=58588 min=58472 max=58588 late=0 stuck=0 rderr=0
2026-09-03T20:23:51.698799 [DWT] ok=1 cyc=89908775 cyc_per_ms=799999
2026-09-03T20:23:52.712718 [HB] up_ms=5901518 frames=279717 inf=279717 hazard=35834 canary_err=0 q=0 qovr=0
2026-09-03T20:23:52.724103 [I2C] init=0 gate=0 whoami=0x201e0 wr=0 wrseen=0x27 addr=0x5a ok=1132027 err=0 tmo=0 recov=0 pclk1=200000000 sysclk=400000000
2026-09-03T20:23:52.725463 [NAK] nacks=0
2026-09-03T20:23:52.729966 [CLK] cpu=800000000 sysb=400000000 pclk1=200000000
2026-09-03T20:23:52.734477 [TOF] res=0 step=0 id=0xeacc blk=0xeacc10 ctl=0x0
2026-09-03T20:23:52.740342 [RNG] init=0 step=99 id=0xeacc boot=1 calls=93 xerr=0 dm=1 tb=15
2026-09-03T20:23:52.747340 [RNG] osc=41 imp=881 imprb=881 mstart=0x40 cfg=91 cfgfail=0x0 vhv=0 vpolls=0
2026-09-03T20:23:52.753655 [PRT] calls=1118317 xerr=0 ler=1 lidx=0x0 perr=0 maxcnt=17 addr8=0x52
2026-09-03T20:23:52.757720 [RTY] wr=0 wmax=0 wref=0  rd=0 rmax=0 rref=0
2026-09-03T20:23:52.765832 [RNG] frames=279383 last=35 min=23 max=61 nrdy=336 dxfer=0 dstat=0 lst=0 nrdyerr=0 dclr=0
2026-09-03T20:23:52.771950 [DRV] init=0 id=7 mode=0x1 lib=0x2 seq=0x1 odc=0x8b sts=0xe0 armed=1
2026-09-03T20:23:52.777785 [TRG] pulses=2623 suppressed=33211 cyc=1600 rst=1 rstmode=0x40
2026-09-03T20:23:52.781127 [HLT] polls=5594 faults=0x0 cfglost=0
2026-09-03T20:23:52.786967 [EFF] n=5 last=58588 min=58472 max=58588 late=0 stuck=0 rderr=0
2026-09-03T20:23:52.790826 [DWT] ok=1 cyc=957909611 cyc_per_ms=800000
2026-09-03T20:23:53.805024 [HB] up_ms=5902603 frames=279768 inf=279768 hazard=35834 canary_err=0 q=0 qovr=0
2026-09-03T20:23:53.816268 [I2C] init=0 gate=0 whoami=0x201e0 wr=0 wrseen=0x27 addr=0x5a ok=1132237 err=0 tmo=0 recov=0 pclk1=200000000 sysclk=400000000
2026-09-03T20:23:53.817508 [NAK] nacks=0
2026-09-03T20:23:53.822140 [CLK] cpu=800000000 sysb=400000000 pclk1=200000000
2026-09-03T20:23:53.826773 [TOF] res=0 step=0 id=0xeacc blk=0xeacc10 ctl=0x0
2026-09-03T20:23:53.832671 [RNG] init=0 step=99 id=0xeacc boot=1 calls=93 xerr=0 dm=1 tb=15
2026-09-03T20:23:53.839511 [RNG] osc=41 imp=881 imprb=881 mstart=0x40 cfg=91 cfgfail=0x0 vhv=0 vpolls=0
2026-09-03T20:23:53.845911 [PRT] calls=1118521 xerr=0 ler=1 lidx=0x0 perr=0 maxcnt=17 addr8=0x52
2026-09-03T20:23:53.850003 [RTY] wr=0 wmax=0 wref=0  rd=0 rmax=0 rref=0
2026-09-03T20:23:53.858012 [RNG] frames=279435 last=45 min=23 max=61 nrdy=336 dxfer=0 dstat=0 lst=0 nrdyerr=0 dclr=0
2026-09-03T20:23:53.864164 [DRV] init=0 id=7 mode=0x1 lib=0x2 seq=0x1 odc=0x8b sts=0xe0 armed=1
2026-09-03T20:23:53.870003 [TRG] pulses=2623 suppressed=33211 cyc=1600 rst=1 rstmode=0x40
2026-09-03T20:23:53.873379 [HLT] polls=5595 faults=0x0 cfglost=0
2026-09-03T20:23:53.879138 [EFF] n=5 last=58588 min=58472 max=58588 late=0 stuck=0 rderr=0
2026-09-03T20:23:53.883135 [DWT] ok=1 cyc=1825909423 cyc_per_ms=799999
2026-09-03T20:23:54.897949 [HB] up_ms=5903688 frames=279820 inf=279820 hazard=35854 canary_err=0 q=0 qovr=0
2026-09-03T20:23:54.909316 [I2C] init=0 gate=0 whoami=0x201e0 wr=0 wrseen=0x27 addr=0x5a ok=1132443 err=0 tmo=0 recov=0 pclk1=200000000 sysclk=400000000
2026-09-03T20:23:54.910695 [NAK] nacks=0
2026-09-03T20:23:54.915315 [CLK] cpu=800000000 sysb=400000000 pclk1=200000000
2026-09-03T20:23:54.919799 [TOF] res=0 step=0 id=0xeacc blk=0xeacc10 ctl=0x0
2026-09-03T20:23:54.925580 [RNG] init=0 step=99 id=0xeacc boot=1 calls=93 xerr=0 dm=1 tb=15
2026-09-03T20:23:54.932691 [RNG] osc=41 imp=881 imprb=881 mstart=0x40 cfg=91 cfgfail=0x0 vhv=0 vpolls=0
2026-09-03T20:23:54.938958 [PRT] calls=1118729 xerr=0 ler=1 lidx=0x0 perr=0 maxcnt=17 addr8=0x52
2026-09-03T20:23:54.942935 [RTY] wr=0 wmax=0 wref=0  rd=0 rmax=0 rref=0
2026-09-03T20:23:54.951063 [RNG] frames=279486 last=47 min=23 max=61 nrdy=336 dxfer=0 dstat=0 lst=0 nrdyerr=0 dclr=0
2026-09-03T20:23:54.957301 [DRV] init=0 id=7 mode=0x1 lib=0x2 seq=0x1 odc=0x8b sts=0xe0 armed=1
2026-09-03T20:23:54.962928 [TRG] pulses=2625 suppressed=33232 cyc=1600 rst=1 rstmode=0x40
2026-09-03T20:23:54.966423 [HLT] polls=5596 faults=0x0 cfglost=0
2026-09-03T20:23:54.972205 [EFF] n=5 last=58588 min=58472 max=58588 late=0 stuck=0 rderr=0
2026-09-03T20:23:54.976296 [DWT] ok=1 cyc=2693810235 cyc_per_ms=799908
2026-09-03T20:23:55.991681 [HB] up_ms=5904773 frames=279871 inf=279871 hazard=35875 canary_err=0 q=0 qovr=0
2026-09-03T20:23:56.002882 [I2C] init=0 gate=0 whoami=0x201e0 wr=0 wrseen=0x27 addr=0x5a ok=1132652 err=0 tmo=0 recov=0 pclk1=200000000 sysclk=400000000
2026-09-03T20:23:56.004241 [NAK] nacks=0
2026-09-03T20:23:56.008857 [CLK] cpu=800000000 sysb=400000000 pclk1=200000000
2026-09-03T20:23:56.013487 [TOF] res=0 step=0 id=0xeacc blk=0xeacc10 ctl=0x0
2026-09-03T20:23:56.019370 [RNG] init=0 step=99 id=0xeacc boot=1 calls=93 xerr=0 dm=1 tb=15
2026-09-03T20:23:56.026232 [RNG] osc=41 imp=881 imprb=881 mstart=0x40 cfg=91 cfgfail=0x0 vhv=0 vpolls=0
2026-09-03T20:23:56.032541 [PRT] calls=1118933 xerr=0 ler=1 lidx=0x0 perr=0 maxcnt=17 addr8=0x52
2026-09-03T20:23:56.036637 [RTY] wr=0 wmax=0 wref=0  rd=0 rmax=0 rref=0
2026-09-03T20:23:56.044798 [RNG] frames=279538 last=41 min=23 max=61 nrdy=336 dxfer=0 dstat=0 lst=0 nrdyerr=0 dclr=0
2026-09-03T20:23:56.050879 [DRV] init=0 id=7 mode=0x1 lib=0x2 seq=0x1 odc=0x8b sts=0xe0 armed=1
2026-09-03T20:23:56.056640 [TRG] pulses=2626 suppressed=33249 cyc=1600 rst=1 rstmode=0x40
2026-09-03T20:23:56.060112 [HLT] polls=5597 faults=0x0 cfglost=0
2026-09-03T20:23:56.065858 [EFF] n=5 last=58588 min=58472 max=58588 late=0 stuck=0 rderr=0
2026-09-03T20:23:56.069922 [DWT] ok=1 cyc=3561909439 cyc_per_ms=800091
2026-09-03T20:23:57.084802 [HB] up_ms=5905858 frames=279923 inf=279923 hazard=35875 canary_err=0 q=0 qovr=0
2026-09-03T20:23:57.096042 [I2C] init=0 gate=0 whoami=0x201e0 wr=0 wrseen=0x27 addr=0x5a ok=1132859 err=0 tmo=0 recov=0 pclk1=200000000 sysclk=400000000
2026-09-03T20:23:57.097411 [NAK] nacks=0
2026-09-03T20:23:57.102038 [CLK] cpu=800000000 sysb=400000000 pclk1=200000000
2026-09-03T20:23:57.106540 [TOF] res=0 step=0 id=0xeacc blk=0xeacc10 ctl=0x0
2026-09-03T20:23:57.112432 [RNG] init=0 step=99 id=0xeacc boot=1 calls=93 xerr=0 dm=1 tb=15
2026-09-03T20:23:57.119485 [RNG] osc=41 imp=881 imprb=881 mstart=0x40 cfg=91 cfgfail=0x0 vhv=0 vpolls=0
2026-09-03T20:23:57.125654 [PRT] calls=1119141 xerr=0 ler=1 lidx=0x0 perr=0 maxcnt=17 addr8=0x52
2026-09-03T20:23:57.129797 [RTY] wr=0 wmax=0 wref=0  rd=0 rmax=0 rref=0
2026-09-03T20:23:57.137789 [RNG] frames=279589 last=42 min=23 max=61 nrdy=336 dxfer=0 dstat=0 lst=0 nrdyerr=0 dclr=0
2026-09-03T20:23:57.144037 [DRV] init=0 id=7 mode=0x1 lib=0x2 seq=0x1 odc=0x8b sts=0xe0 armed=1
2026-09-03T20:23:57.149778 [TRG] pulses=2626 suppressed=33249 cyc=1600 rst=1 rstmode=0x40
2026-09-03T20:23:57.153228 [HLT] polls=5598 faults=0x0 cfglost=0
2026-09-03T20:23:57.158908 [EFF] n=5 last=58588 min=58472 max=58588 late=0 stuck=0 rderr=0
2026-09-03T20:23:57.162917 [DWT] ok=1 cyc=134840275 cyc_per_ms=799906
2026-09-03T20:23:58.177680 [HB] up_ms=5906943 frames=279974 inf=279974 hazard=35875 canary_err=0 q=0 qovr=0
2026-09-03T20:23:58.188822 [I2C] init=0 gate=0 whoami=0x201e0 wr=0 wrseen=0x27 addr=0x5a ok=1133065 err=0 tmo=0 recov=0 pclk1=200000000 sysclk=400000000
2026-09-03T20:23:58.190192 [NAK] nacks=0
2026-09-03T20:23:58.194819 [CLK] cpu=800000000 sysb=400000000 pclk1=200000000
2026-09-03T20:23:58.199312 [TOF] res=0 step=0 id=0xeacc blk=0xeacc10 ctl=0x0
2026-09-03T20:23:58.205205 [RNG] init=0 step=99 id=0xeacc boot=1 calls=93 xerr=0 dm=1 tb=15
2026-09-03T20:23:58.212084 [RNG] osc=41 imp=881 imprb=881 mstart=0x40 cfg=91 cfgfail=0x0 vhv=0 vpolls=0
2026-09-03T20:23:58.218450 [PRT] calls=1119345 xerr=0 ler=1 lidx=0x0 perr=0 maxcnt=17 addr8=0x52
2026-09-03T20:23:58.222457 [RTY] wr=0 wmax=0 wref=0  rd=0 rmax=0 rref=0
2026-09-03T20:23:58.230584 [RNG] frames=279640 last=44 min=23 max=61 nrdy=336 dxfer=0 dstat=0 lst=0 nrdyerr=0 dclr=0
2026-09-03T20:23:58.236813 [DRV] init=0 id=7 mode=0x1 lib=0x2 seq=0x1 odc=0x8b sts=0xe0 armed=1
2026-09-03T20:23:58.242452 [TRG] pulses=2626 suppressed=33249 cyc=1600 rst=1 rstmode=0x40
2026-09-03T20:23:58.245942 [HLT] polls=5599 faults=0x0 cfglost=0
2026-09-03T20:23:58.251810 [EFF] n=5 last=58588 min=58472 max=58588 late=0 stuck=0 rderr=0
2026-09-03T20:23:58.255692 [DWT] ok=1 cyc=1002942239 cyc_per_ms=800093
2026-09-03T20:23:59.269663 [HB] up_ms=5908028 frames=280026 inf=280026 hazard=35875 canary_err=0 q=0 qovr=0
2026-09-03T20:23:59.280902 [I2C] init=0 gate=0 whoami=0x201e0 wr=0 wrseen=0x27 addr=0x5a ok=1133273 err=0 tmo=0 recov=0 pclk1=200000000 sysclk=400000000
2026-09-03T20:23:59.282270 [NAK] nacks=0
2026-09-03T20:23:59.286888 [CLK] cpu=800000000 sysb=400000000 pclk1=200000000
2026-09-03T20:23:59.291395 [TOF] res=0 step=0 id=0xeacc blk=0xeacc10 ctl=0x0
2026-09-03T20:23:59.297301 [RNG] init=0 step=99 id=0xeacc boot=1 calls=93 xerr=0 dm=1 tb=15
2026-09-03T20:23:59.304142 [RNG] osc=41 imp=881 imprb=881 mstart=0x40 cfg=91 cfgfail=0x0 vhv=0 vpolls=0
2026-09-03T20:23:59.310574 [PRT] calls=1119547 xerr=0 ler=1 lidx=0x0 perr=0 maxcnt=17 addr8=0x52
2026-09-03T20:23:59.314735 [RTY] wr=0 wmax=0 wref=0  rd=0 rmax=0 rref=0
2026-09-03T20:23:59.322665 [RNG] frames=279691 last=37 min=23 max=61 nrdy=337 dxfer=0 dstat=0 lst=0 nrdyerr=0 dclr=0
2026-09-03T20:23:59.328916 [DRV] init=0 id=7 mode=0x1 lib=0x2 seq=0x1 odc=0x8b sts=0xe0 armed=1
2026-09-03T20:23:59.334666 [TRG] pulses=2626 suppressed=33249 cyc=1600 rst=1 rstmode=0x40
2026-09-03T20:23:59.338013 [HLT] polls=5600 faults=0x0 cfglost=0
2026-09-03T20:23:59.343763 [EFF] n=5 last=58588 min=58472 max=58588 late=0 stuck=0 rderr=0
2026-09-03T20:23:59.347755 [DWT] ok=1 cyc=1870941531 cyc_per_ms=799999
2026-09-03T20:24:00.362102 [HB] up_ms=5909113 frames=280077 inf=280077 hazard=35875 canary_err=0 q=0 qovr=0
2026-09-03T20:24:00.373508 [I2C] init=0 gate=0 whoami=0x201e0 wr=0 wrseen=0x27 addr=0x5a ok=1133479 err=0 tmo=0 recov=0 pclk1=200000000 sysclk=400000000
2026-09-03T20:24:00.374824 [NAK] nacks=0
2026-09-03T20:24:00.379334 [CLK] cpu=800000000 sysb=400000000 pclk1=200000000
2026-09-03T20:24:00.383838 [TOF] res=0 step=0 id=0xeacc blk=0xeacc10 ctl=0x0
2026-09-03T20:24:00.389911 [RNG] init=0 step=99 id=0xeacc boot=1 calls=93 xerr=0 dm=1 tb=15
2026-09-03T20:24:00.396716 [RNG] osc=41 imp=881 imprb=881 mstart=0x40 cfg=91 cfgfail=0x0 vhv=0 vpolls=0
2026-09-03T20:24:00.402943 [PRT] calls=1119755 xerr=0 ler=1 lidx=0x0 perr=0 maxcnt=17 addr8=0x52
2026-09-03T20:24:00.407068 [RTY] wr=0 wmax=0 wref=0  rd=0 rmax=0 rref=0
2026-09-03T20:24:00.415204 [RNG] frames=279742 last=41 min=23 max=61 nrdy=337 dxfer=0 dstat=0 lst=0 nrdyerr=0 dclr=0
2026-09-03T20:24:00.421442 [DRV] init=0 id=7 mode=0x1 lib=0x2 seq=0x1 odc=0x8b sts=0xe0 armed=1
2026-09-03T20:24:00.427165 [TRG] pulses=2626 suppressed=33249 cyc=1600 rst=1 rstmode=0x40
2026-09-03T20:24:00.430600 [HLT] polls=5601 faults=0x0 cfglost=0
2026-09-03T20:24:00.436438 [EFF] n=5 last=58588 min=58472 max=58588 late=0 stuck=0 rderr=0
2026-09-03T20:24:00.440317 [DWT] ok=1 cyc=2738942315 cyc_per_ms=800000
2026-09-03T20:24:01.454900 [HB] up_ms=5910198 frames=280128 inf=280128 hazard=35883 canary_err=0 q=0 qovr=0
2026-09-03T20:24:01.466131 [I2C] init=0 gate=0 whoami=0x201e0 wr=0 wrseen=0x27 addr=0x5a ok=1133689 err=0 tmo=0 recov=0 pclk1=200000000 sysclk=400000000
2026-09-03T20:24:01.467503 [NAK] nacks=0
2026-09-03T20:24:01.472000 [CLK] cpu=800000000 sysb=400000000 pclk1=200000000
2026-09-03T20:24:01.476722 [TOF] res=0 step=0 id=0xeacc blk=0xeacc10 ctl=0x0
2026-09-03T20:24:01.482507 [RNG] init=0 step=99 id=0xeacc boot=1 calls=93 xerr=0 dm=1 tb=15
2026-09-03T20:24:01.489375 [RNG] osc=41 imp=881 imprb=881 mstart=0x40 cfg=91 cfgfail=0x0 vhv=0 vpolls=0
2026-09-03T20:24:01.495752 [PRT] calls=1119959 xerr=0 ler=1 lidx=0x0 perr=0 maxcnt=17 addr8=0x52
2026-09-03T20:24:01.499874 [RTY] wr=0 wmax=0 wref=0  rd=0 rmax=0 rref=0
2026-09-03T20:24:01.508016 [RNG] frames=279794 last=38 min=23 max=61 nrdy=337 dxfer=0 dstat=0 lst=0 nrdyerr=0 dclr=0
2026-09-03T20:24:01.514148 [DRV] init=0 id=7 mode=0x1 lib=0x2 seq=0x1 odc=0x8b sts=0xe0 armed=1
2026-09-03T20:24:01.520004 [TRG] pulses=2627 suppressed=33259 cyc=1600 rst=1 rstmode=0x40
2026-09-03T20:24:01.523375 [HLT] polls=5602 faults=0x0 cfglost=0
2026-09-03T20:24:01.529153 [EFF] n=5 last=58588 min=58472 max=58588 late=0 stuck=0 rderr=0
2026-09-03T20:24:01.533124 [DWT] ok=1 cyc=3606945795 cyc_per_ms=800003
2026-09-03T20:24:02.547451 [HB] up_ms=5911283 frames=280180 inf=280180 hazard=35916 canary_err=0 q=0 qovr=0
2026-09-03T20:24:02.558830 [I2C] init=0 gate=0 whoami=0x201e0 wr=0 wrseen=0x27 addr=0x5a ok=1133895 err=0 tmo=0 recov=0 pclk1=200000000 sysclk=400000000
2026-09-03T20:24:02.560250 [NAK] nacks=0
2026-09-03T20:24:02.564755 [CLK] cpu=800000000 sysb=400000000 pclk1=200000000
2026-09-03T20:24:02.569177 [TOF] res=0 step=0 id=0xeacc blk=0xeacc10 ctl=0x0
2026-09-03T20:24:02.575042 [RNG] init=0 step=99 id=0xeacc boot=1 calls=93 xerr=0 dm=1 tb=15
2026-09-03T20:24:02.582039 [RNG] osc=41 imp=881 imprb=881 mstart=0x40 cfg=91 cfgfail=0x0 vhv=0 vpolls=0
2026-09-03T20:24:02.588304 [PRT] calls=1120167 xerr=0 ler=1 lidx=0x0 perr=0 maxcnt=17 addr8=0x52
2026-09-03T20:24:02.592422 [RTY] wr=0 wmax=0 wref=0  rd=0 rmax=0 rref=0
2026-09-03T20:24:02.600543 [RNG] frames=279845 last=40 min=23 max=61 nrdy=337 dxfer=0 dstat=0 lst=0 nrdyerr=0 dclr=0
2026-09-03T20:24:02.606921 [DRV] init=0 id=7 mode=0x1 lib=0x2 seq=0x1 odc=0x8b sts=0xe0 armed=1
2026-09-03T20:24:02.612431 [TRG] pulses=2629 suppressed=33287 cyc=1600 rst=1 rstmode=0x40
2026-09-03T20:24:02.615792 [HLT] polls=5603 faults=0x0 cfglost=0
2026-09-03T20:24:02.621539 [EFF] n=5 last=58588 min=58472 max=58588 late=0 stuck=0 rderr=0
2026-09-03T20:24:02.625547 [DWT] ok=1 cyc=179872843 cyc_per_ms=799902
2026-09-03T20:24:03.640159 [HB] up_ms=5912368 frames=280231 inf=280231 hazard=35916 canary_err=0 q=0 qovr=0
2026-09-03T20:24:03.651410 [I2C] init=0 gate=0 whoami=0x201e0 wr=0 wrseen=0x27 addr=0x5a ok=1134104 err=0 tmo=0 recov=0 pclk1=200000000 sysclk=400000000
2026-09-03T20:24:03.652763 [NAK] nacks=0
2026-09-03T20:24:03.657386 [CLK] cpu=800000000 sysb=400000000 pclk1=200000000
2026-09-03T20:24:03.661897 [TOF] res=0 step=0 id=0xeacc blk=0xeacc10 ctl=0x0
2026-09-03T20:24:03.667742 [RNG] init=0 step=99 id=0xeacc boot=1 calls=93 xerr=0 dm=1 tb=15
2026-09-03T20:24:03.674649 [RNG] osc=41 imp=881 imprb=881 mstart=0x40 cfg=91 cfgfail=0x0 vhv=0 vpolls=0
2026-09-03T20:24:03.681032 [PRT] calls=1120371 xerr=0 ler=1 lidx=0x0 perr=0 maxcnt=17 addr8=0x52
2026-09-03T20:24:03.685126 [RTY] wr=0 wmax=0 wref=0  rd=0 rmax=0 rref=0
2026-09-03T20:24:03.693147 [RNG] frames=279897 last=44 min=23 max=61 nrdy=337 dxfer=0 dstat=0 lst=0 nrdyerr=0 dclr=0
2026-09-03T20:24:03.699395 [DRV] init=0 id=7 mode=0x1 lib=0x2 seq=0x1 odc=0x8b sts=0xe0 armed=1
2026-09-03T20:24:03.704979 [TRG] pulses=2629 suppressed=33287 cyc=1600 rst=1 rstmode=0x40
2026-09-03T20:24:03.708676 [HLT] polls=5604 faults=0x0 cfglost=0
2026-09-03T20:24:03.714365 [EFF] n=5 last=58588 min=58472 max=58588 late=0 stuck=0 rderr=0
2026-09-03T20:24:03.718219 [DWT] ok=1 cyc=1047974807 cyc_per_ms=800093
2026-09-03T20:24:04.732599 [HB] up_ms=5913453 frames=280283 inf=280283 hazard=35916 canary_err=0 q=0 qovr=0
2026-09-03T20:24:04.743826 [I2C] init=0 gate=0 whoami=0x201e0 wr=0 wrseen=0x27 addr=0x5a ok=1134311 err=0 tmo=0 recov=0 pclk1=200000000 sysclk=400000000
2026-09-03T20:24:04.745233 [NAK] nacks=0
2026-09-03T20:24:04.749833 [CLK] cpu=800000000 sysb=400000000 pclk1=200000000
2026-09-03T20:24:04.754301 [TOF] res=0 step=0 id=0xeacc blk=0xeacc10 ctl=0x0
2026-09-03T20:24:04.760595 [RNG] init=0 step=99 id=0xeacc boot=1 calls=93 xerr=0 dm=1 tb=15
2026-09-03T20:24:04.767177 [RNG] osc=41 imp=881 imprb=881 mstart=0x40 cfg=91 cfgfail=0x0 vhv=0 vpolls=0
2026-09-03T20:24:04.773435 [PRT] calls=1120579 xerr=0 ler=1 lidx=0x0 perr=0 maxcnt=17 addr8=0x52
2026-09-03T20:24:04.777594 [RTY] wr=0 wmax=0 wref=0  rd=0 rmax=0 rref=0
2026-09-03T20:24:04.785569 [RNG] frames=279948 last=45 min=23 max=61 nrdy=337 dxfer=0 dstat=0 lst=0 nrdyerr=0 dclr=0
2026-09-03T20:24:04.791937 [DRV] init=0 id=7 mode=0x1 lib=0x2 seq=0x1 odc=0x8b sts=0xe0 armed=1
2026-09-03T20:24:04.797803 [TRG] pulses=2629 suppressed=33287 cyc=1600 rst=1 rstmode=0x40
2026-09-03T20:24:04.800924 [HLT] polls=5605 faults=0x0 cfglost=0
2026-09-03T20:24:04.806670 [EFF] n=5 last=58588 min=58472 max=58588 late=0 stuck=0 rderr=0
2026-09-03T20:24:04.810676 [DWT] ok=1 cyc=1915872935 cyc_per_ms=799906
2026-09-03T20:24:05.824650 [HB] up_ms=5914538 frames=280334 inf=280334 hazard=35916 canary_err=0 q=0 qovr=0
2026-09-03T20:24:05.835879 [I2C] init=0 gate=0 whoami=0x201e0 wr=0 wrseen=0x27 addr=0x5a ok=1134517 err=0 tmo=0 recov=0 pclk1=200000000 sysclk=400000000
2026-09-03T20:24:05.837271 [NAK] nacks=0
2026-09-03T20:24:05.841873 [CLK] cpu=800000000 sysb=400000000 pclk1=200000000
2026-09-03T20:24:05.846373 [TOF] res=0 step=0 id=0xeacc blk=0xeacc10 ctl=0x0
2026-09-03T20:24:05.852261 [RNG] init=0 step=99 id=0xeacc boot=1 calls=93 xerr=0 dm=1 tb=15
2026-09-03T20:24:05.859126 [RNG] osc=41 imp=881 imprb=881 mstart=0x40 cfg=91 cfgfail=0x0 vhv=0 vpolls=0
2026-09-03T20:24:05.865371 [PRT] calls=1120783 xerr=0 ler=1 lidx=0x0 perr=0 maxcnt=17 addr8=0x52
2026-09-03T20:24:05.869486 [RTY] wr=0 wmax=0 wref=0  rd=0 rmax=0 rref=0
2026-09-03T20:24:05.877644 [RNG] frames=279999 last=41 min=23 max=61 nrdy=337 dxfer=0 dstat=0 lst=0 nrdyerr=0 dclr=0
2026-09-03T20:24:05.883868 [DRV] init=0 id=7 mode=0x1 lib=0x2 seq=0x1 odc=0x8b sts=0xe0 armed=1
2026-09-03T20:24:05.889510 [TRG] pulses=2629 suppressed=33287 cyc=1600 rst=1 rstmode=0x40
2026-09-03T20:24:05.892865 [HLT] polls=5606 faults=0x0 cfglost=0
2026-09-03T20:24:05.898730 [EFF] n=5 last=58588 min=58472 max=58588 late=0 stuck=0 rderr=0
2026-09-03T20:24:05.902731 [DWT] ok=1 cyc=2783974923 cyc_per_ms=800093
2026-09-03T20:24:06.916943 [HB] up_ms=5915623 frames=280386 inf=280386 hazard=35916 canary_err=0 q=0 qovr=0
2026-09-03T20:24:06.928059 [I2C] init=0 gate=0 whoami=0x201e0 wr=0 wrseen=0x27 addr=0x5a ok=1134727 err=0 tmo=0 recov=0 pclk1=200000000 sysclk=400000000
2026-09-03T20:24:06.929427 [NAK] nacks=0
2026-09-03T20:24:06.934182 [CLK] cpu=800000000 sysb=400000000 pclk1=200000000
2026-09-03T20:24:06.938687 [TOF] res=0 step=0 id=0xeacc blk=0xeacc10 ctl=0x0
2026-09-03T20:24:06.944433 [RNG] init=0 step=99 id=0xeacc boot=1 calls=93 xerr=0 dm=1 tb=15
2026-09-03T20:24:06.951306 [RNG] osc=41 imp=881 imprb=881 mstart=0x40 cfg=91 cfgfail=0x0 vhv=0 vpolls=0
2026-09-03T20:24:06.957796 [PRT] calls=1120987 xerr=0 ler=1 lidx=0x0 perr=0 maxcnt=17 addr8=0x52
2026-09-03T20:24:06.961798 [RTY] wr=0 wmax=0 wref=0  rd=0 rmax=0 rref=0
2026-09-03T20:24:06.969921 [RNG] frames=280051 last=46 min=23 max=61 nrdy=337 dxfer=0 dstat=0 lst=0 nrdyerr=0 dclr=0
2026-09-03T20:24:06.976048 [DRV] init=0 id=7 mode=0x1 lib=0x2 seq=0x1 odc=0x8b sts=0xe0 armed=1
2026-09-03T20:24:06.981808 [TRG] pulses=2629 suppressed=33287 cyc=1600 rst=1 rstmode=0x40
2026-09-03T20:24:06.985303 [HLT] polls=5607 faults=0x0 cfglost=0
2026-09-03T20:24:06.991058 [EFF] n=5 last=58588 min=58472 max=58588 late=0 stuck=0 rderr=0
2026-09-03T20:24:06.995048 [DWT] ok=1 cyc=3651974171 cyc_per_ms=799999
2026-09-03T20:24:08.009501 [HB] up_ms=5916708 frames=280437 inf=280437 hazard=35916 canary_err=0 q=0 qovr=0
2026-09-03T20:24:08.020750 [I2C] init=0 gate=0 whoami=0x201e0 wr=0 wrseen=0x27 addr=0x5a ok=1134933 err=0 tmo=0 recov=0 pclk1=200000000 sysclk=400000000
2026-09-03T20:24:08.022114 [NAK] nacks=0
2026-09-03T20:24:08.026757 [CLK] cpu=800000000 sysb=400000000 pclk1=200000000
2026-09-03T20:24:08.031235 [TOF] res=0 step=0 id=0xeacc blk=0xeacc10 ctl=0x0
2026-09-03T20:24:08.037113 [RNG] init=0 step=99 id=0xeacc boot=1 calls=93 xerr=0 dm=1 tb=15
2026-09-03T20:24:08.044010 [RNG] osc=41 imp=881 imprb=881 mstart=0x40 cfg=91 cfgfail=0x0 vhv=0 vpolls=0
2026-09-03T20:24:08.050359 [PRT] calls=1121195 xerr=0 ler=1 lidx=0x0 perr=0 maxcnt=17 addr8=0x52
2026-09-03T20:24:08.054371 [RTY] wr=0 wmax=0 wref=0  rd=0 rmax=0 rref=0
2026-09-03T20:24:08.062641 [RNG] frames=280102 last=49 min=23 max=61 nrdy=337 dxfer=0 dstat=0 lst=0 nrdyerr=0 dclr=0
2026-09-03T20:24:08.068767 [DRV] init=0 id=7 mode=0x1 lib=0x2 seq=0x1 odc=0x8b sts=0xe0 armed=1
2026-09-03T20:24:08.074375 [TRG] pulses=2629 suppressed=33287 cyc=1600 rst=1 rstmode=0x40
2026-09-03T20:24:08.077864 [HLT] polls=5608 faults=0x0 cfglost=0
2026-09-03T20:24:08.083744 [EFF] n=5 last=58588 min=58472 max=58588 late=0 stuck=0 rderr=0
2026-09-03T20:24:08.087628 [DWT] ok=1 cyc=225011115 cyc_per_ms=800003
2026-09-03T20:24:09.102758 [HB] up_ms=5917793 frames=280488 inf=280488 hazard=35957 canary_err=0 q=0 qovr=0
2026-09-03T20:24:09.113820 [I2C] init=0 gate=0 whoami=0x201e0 wr=0 wrseen=0x27 addr=0x5a ok=1135143 err=0 tmo=0 recov=0 pclk1=200000000 sysclk=400000000
2026-09-03T20:24:09.115180 [NAK] nacks=0
2026-09-03T20:24:09.119805 [CLK] cpu=800000000 sysb=400000000 pclk1=200000000
2026-09-03T20:24:09.124479 [TOF] res=0 step=0 id=0xeacc blk=0xeacc10 ctl=0x0
2026-09-03T20:24:09.130201 [RNG] init=0 step=99 id=0xeacc boot=1 calls=93 xerr=0 dm=1 tb=15
2026-09-03T20:24:09.137177 [RNG] osc=41 imp=881 imprb=881 mstart=0x40 cfg=91 cfgfail=0x0 vhv=0 vpolls=0
2026-09-03T20:24:09.143429 [PRT] calls=1121399 xerr=0 ler=1 lidx=0x0 perr=0 maxcnt=17 addr8=0x52
2026-09-03T20:24:09.147546 [RTY] wr=0 wmax=0 wref=0  rd=0 rmax=0 rref=0
2026-09-03T20:24:09.155738 [RNG] frames=280154 last=48 min=23 max=61 nrdy=337 dxfer=0 dstat=0 lst=0 nrdyerr=0 dclr=0
2026-09-03T20:24:09.161799 [DRV] init=0 id=7 mode=0x1 lib=0x2 seq=0x1 odc=0x8b sts=0xe0 armed=1
2026-09-03T20:24:09.167543 [TRG] pulses=2632 suppressed=33325 cyc=1600 rst=1 rstmode=0x40
2026-09-03T20:24:09.171049 [HLT] polls=5609 faults=0x0 cfglost=0
2026-09-03T20:24:09.176805 [EFF] n=5 last=58588 min=58472 max=58588 late=0 stuck=0 rderr=0
2026-09-03T20:24:09.180798 [DWT] ok=1 cyc=1093007563 cyc_per_ms=799996
2026-09-03T20:24:10.194889 [HB] up_ms=5918878 frames=280540 inf=280540 hazard=35957 canary_err=0 q=0 qovr=0
2026-09-03T20:24:10.206160 [I2C] init=0 gate=0 whoami=0x201e0 wr=0 wrseen=0x27 addr=0x5a ok=1135349 err=0 tmo=0 recov=0 pclk1=200000000 sysclk=400000000
2026-09-03T20:24:10.207535 [NAK] nacks=0
2026-09-03T20:24:10.212133 [CLK] cpu=800000000 sysb=400000000 pclk1=200000000
2026-09-03T20:24:10.216696 [TOF] res=0 step=0 id=0xeacc blk=0xeacc10 ctl=0x0
2026-09-03T20:24:10.222372 [RNG] init=0 step=99 id=0xeacc boot=1 calls=93 xerr=0 dm=1 tb=15
2026-09-03T20:24:10.229505 [RNG] osc=41 imp=881 imprb=881 mstart=0x40 cfg=91 cfgfail=0x0 vhv=0 vpolls=0
2026-09-03T20:24:10.235742 [PRT] calls=1121607 xerr=0 ler=1 lidx=0x0 perr=0 maxcnt=17 addr8=0x52
2026-09-03T20:24:10.239738 [RTY] wr=0 wmax=0 wref=0  rd=0 rmax=0 rref=0
2026-09-03T20:24:10.247898 [RNG] frames=280205 last=43 min=23 max=61 nrdy=337 dxfer=0 dstat=0 lst=0 nrdyerr=0 dclr=0
2026-09-03T20:24:10.254129 [DRV] init=0 id=7 mode=0x1 lib=0x2 seq=0x1 odc=0x8b sts=0xe0 armed=1
2026-09-03T20:24:10.259731 [TRG] pulses=2632 suppressed=33325 cyc=1600 rst=1 rstmode=0x40
2026-09-03T20:24:10.263231 [HLT] polls=5610 faults=0x0 cfglost=0
2026-09-03T20:24:10.268987 [EFF] n=5 last=58588 min=58472 max=58588 late=0 stuck=0 rderr=0
2026-09-03T20:24:10.273165 [DWT] ok=1 cyc=1960905579 cyc_per_ms=799906
2026-09-03T20:24:11.287451 [HB] up_ms=5919963 frames=280591 inf=280591 hazard=35957 canary_err=0 q=0 qovr=0
2026-09-03T20:24:11.298702 [I2C] init=0 gate=0 whoami=0x201e0 wr=0 wrseen=0x27 addr=0x5a ok=1135558 err=0 tmo=0 recov=0 pclk1=200000000 sysclk=400000000
2026-09-03T20:24:11.299937 [NAK] nacks=0
2026-09-03T20:24:11.304577 [CLK] cpu=800000000 sysb=400000000 pclk1=200000000
2026-09-03T20:24:11.309175 [TOF] res=0 step=0 id=0xeacc blk=0xeacc10 ctl=0x0
2026-09-03T20:24:11.314934 [RNG] init=0 step=99 id=0xeacc boot=1 calls=93 xerr=0 dm=1 tb=15
2026-09-03T20:24:11.321930 [RNG] osc=41 imp=881 imprb=881 mstart=0x40 cfg=91 cfgfail=0x0 vhv=0 vpolls=0
2026-09-03T20:24:11.328199 [PRT] calls=1121811 xerr=0 ler=1 lidx=0x0 perr=0 maxcnt=17 addr8=0x52
2026-09-03T20:24:11.332301 [RTY] wr=0 wmax=0 wref=0  rd=0 rmax=0 rref=0
2026-09-03T20:24:11.340319 [RNG] frames=280257 last=46 min=23 max=61 nrdy=337 dxfer=0 dstat=0 lst=0 nrdyerr=0 dclr=0
2026-09-03T20:24:11.346583 [DRV] init=0 id=7 mode=0x1 lib=0x2 seq=0x1 odc=0x8b sts=0xe0 armed=1
2026-09-03T20:24:11.352192 [TRG] pulses=2632 suppressed=33325 cyc=1600 rst=1 rstmode=0x40
2026-09-03T20:24:11.355801 [HLT] polls=5611 faults=0x0 cfglost=0
2026-09-03T20:24:11.361683 [EFF] n=5 last=58588 min=58472 max=58588 late=0 stuck=0 rderr=0
2026-09-03T20:24:11.365635 [DWT] ok=1 cyc=2829007527 cyc_per_ms=800093
2026-09-03T20:24:12.379883 [HB] up_ms=5921048 frames=280643 inf=280643 hazard=35957 canary_err=0 q=0 qovr=0
2026-09-03T20:24:12.391289 [I2C] init=0 gate=0 whoami=0x201e0 wr=0 wrseen=0x27 addr=0x5a ok=1135765 err=0 tmo=0 recov=0 pclk1=200000000 sysclk=400000000
2026-09-03T20:24:12.392648 [NAK] nacks=0
2026-09-03T20:24:12.397254 [CLK] cpu=800000000 sysb=400000000 pclk1=200000000
2026-09-03T20:24:12.401758 [TOF] res=0 step=0 id=0xeacc blk=0xeacc10 ctl=0x0
2026-09-03T20:24:12.407510 [RNG] init=0 step=99 id=0xeacc boot=1 calls=93 xerr=0 dm=1 tb=15
2026-09-03T20:24:12.414513 [RNG] osc=41 imp=881 imprb=881 mstart=0x40 cfg=91 cfgfail=0x0 vhv=0 vpolls=0
2026-09-03T20:24:12.420873 [PRT] calls=1122019 xerr=0 ler=1 lidx=0x0 perr=0 maxcnt=17 addr8=0x52
2026-09-03T20:24:12.424890 [RTY] wr=0 wmax=0 wref=0  rd=0 rmax=0 rref=0
2026-09-03T20:24:12.432991 [RNG] frames=280308 last=47 min=23 max=61 nrdy=337 dxfer=0 dstat=0 lst=0 nrdyerr=0 dclr=0
2026-09-03T20:24:12.439261 [DRV] init=0 id=7 mode=0x1 lib=0x2 seq=0x1 odc=0x8b sts=0xe0 armed=1
2026-09-03T20:24:12.444887 [TRG] pulses=2632 suppressed=33325 cyc=1600 rst=1 rstmode=0x40
2026-09-03T20:24:12.448365 [HLT] polls=5612 faults=0x0 cfglost=0
2026-09-03T20:24:12.454131 [EFF] n=5 last=58588 min=58472 max=58588 late=0 stuck=0 rderr=0
2026-09-03T20:24:12.458134 [DWT] ok=1 cyc=3696905647 cyc_per_ms=799906
2026-09-03T20:24:13.472833 [HB] up_ms=5922133 frames=280694 inf=280694 hazard=35957 canary_err=0 q=0 qovr=0
2026-09-03T20:24:13.484208 [I2C] init=0 gate=0 whoami=0x201e0 wr=0 wrseen=0x27 addr=0x5a ok=1135971 err=0 tmo=0 recov=0 pclk1=200000000 sysclk=400000000
2026-09-03T20:24:13.485447 [NAK] nacks=0
2026-09-03T20:24:13.490111 [CLK] cpu=800000000 sysb=400000000 pclk1=200000000
2026-09-03T20:24:13.494580 [TOF] res=0 step=0 id=0xeacc blk=0xeacc10 ctl=0x0
2026-09-03T20:24:13.500587 [RNG] init=0 step=99 id=0xeacc boot=1 calls=93 xerr=0 dm=1 tb=15
2026-09-03T20:24:13.507459 [RNG] osc=41 imp=881 imprb=881 mstart=0x40 cfg=91 cfgfail=0x0 vhv=0 vpolls=0
2026-09-03T20:24:13.513698 [PRT] calls=1122223 xerr=0 ler=1 lidx=0x0 perr=0 maxcnt=17 addr8=0x52
2026-09-03T20:24:13.517831 [RTY] wr=0 wmax=0 wref=0  rd=0 rmax=0 rref=0
2026-09-03T20:24:13.525951 [RNG] frames=280359 last=30 min=23 max=61 nrdy=337 dxfer=0 dstat=0 lst=0 nrdyerr=0 dclr=0
2026-09-03T20:24:13.532087 [DRV] init=0 id=7 mode=0x1 lib=0x2 seq=0x1 odc=0x8b sts=0xe0 armed=1
2026-09-03T20:24:13.537810 [TRG] pulses=2632 suppressed=33325 cyc=1600 rst=1 rstmode=0x40
2026-09-03T20:24:13.541188 [HLT] polls=5613 faults=0x0 cfglost=0
2026-09-03T20:24:13.547067 [EFF] n=5 last=58588 min=58472 max=58588 late=0 stuck=0 rderr=0
2026-09-03T20:24:13.550937 [DWT] ok=1 cyc=270040307 cyc_per_ms=800093
2026-09-03T20:24:14.565899 [HB] up_ms=5923218 frames=280746 inf=280746 hazard=35957 canary_err=0 q=0 qovr=0
2026-09-03T20:24:14.577145 [I2C] init=0 gate=0 whoami=0x201e0 wr=0 wrseen=0x27 addr=0x5a ok=1136181 err=0 tmo=0 recov=0 pclk1=200000000 sysclk=400000000
2026-09-03T20:24:14.578389 [NAK] nacks=0
2026-09-03T20:24:14.583146 [CLK] cpu=800000000 sysb=400000000 pclk1=200000000
2026-09-03T20:24:14.587727 [TOF] res=0 step=0 id=0xeacc blk=0xeacc10 ctl=0x0
2026-09-03T20:24:14.593547 [RNG] init=0 step=99 id=0xeacc boot=1 calls=93 xerr=0 dm=1 tb=15
2026-09-03T20:24:14.600423 [RNG] osc=41 imp=881 imprb=881 mstart=0x40 cfg=91 cfgfail=0x0 vhv=0 vpolls=0
2026-09-03T20:24:14.606781 [PRT] calls=1122427 xerr=0 ler=1 lidx=0x0 perr=0 maxcnt=17 addr8=0x52
2026-09-03T20:24:14.610891 [RTY] wr=0 wmax=0 wref=0  rd=0 rmax=0 rref=0
2026-09-03T20:24:14.618897 [RNG] frames=280411 last=49 min=23 max=61 nrdy=337 dxfer=0 dstat=0 lst=0 nrdyerr=0 dclr=0
2026-09-03T20:24:14.625144 [DRV] init=0 id=7 mode=0x1 lib=0x2 seq=0x1 odc=0x8b sts=0xe0 armed=1
2026-09-03T20:24:14.630887 [TRG] pulses=2632 suppressed=33325 cyc=1600 rst=1 rstmode=0x40
2026-09-03T20:24:14.634395 [HLT] polls=5614 faults=0x0 cfglost=0
2026-09-03T20:24:14.640178 [EFF] n=5 last=58588 min=58472 max=58588 late=0 stuck=0 rderr=0
2026-09-03T20:24:14.644010 [DWT] ok=1 cyc=1138039611 cyc_per_ms=799999
2026-09-03T20:24:15.658976 [HB] up_ms=5924303 frames=280797 inf=280797 hazard=35994 canary_err=0 q=0 qovr=0
2026-09-03T20:24:15.670349 [I2C] init=0 gate=0 whoami=0x201e0 wr=0 wrseen=0x27 addr=0x5a ok=1136387 err=0 tmo=0 recov=0 pclk1=200000000 sysclk=400000000
2026-09-03T20:24:15.671639 [NAK] nacks=0
2026-09-03T20:24:15.676229 [CLK] cpu=800000000 sysb=400000000 pclk1=200000000
2026-09-03T20:24:15.680736 [TOF] res=0 step=0 id=0xeacc blk=0xeacc10 ctl=0x0
2026-09-03T20:24:15.686611 [RNG] init=0 step=99 id=0xeacc boot=1 calls=93 xerr=0 dm=1 tb=15
2026-09-03T20:24:15.693618 [RNG] osc=41 imp=881 imprb=881 mstart=0x40 cfg=91 cfgfail=0x0 vhv=0 vpolls=0
2026-09-03T20:24:15.699838 [PRT] calls=1122635 xerr=0 ler=1 lidx=0x0 perr=0 maxcnt=17 addr8=0x52
2026-09-03T20:24:15.703962 [RTY] wr=0 wmax=0 wref=0  rd=0 rmax=0 rref=0
2026-09-03T20:24:15.712130 [RNG] frames=280462 last=51 min=23 max=61 nrdy=337 dxfer=0 dstat=0 lst=0 nrdyerr=0 dclr=0
2026-09-03T20:24:15.718372 [DRV] init=0 id=7 mode=0x1 lib=0x2 seq=0x1 odc=0x8b sts=0xe0 armed=1
2026-09-03T20:24:15.724030 [TRG] pulses=2635 suppressed=33362 cyc=1600 rst=1 rstmode=0x40
2026-09-03T20:24:15.727462 [HLT] polls=5616 faults=0x0 cfglost=0
2026-09-03T20:24:15.733329 [EFF] n=5 last=58588 min=58472 max=58588 late=0 stuck=0 rderr=0
2026-09-03T20:24:15.737209 [DWT] ok=1 cyc=2006076647 cyc_per_ms=800034
2026-09-03T20:24:16.751919 [HB] up_ms=5925388 frames=280848 inf=280848 hazard=35998 canary_err=0 q=0 qovr=0
2026-09-03T20:24:16.763175 [I2C] init=0 gate=0 whoami=0x201e0 wr=0 wrseen=0x27 addr=0x5a ok=1136597 err=0 tmo=0 recov=0 pclk1=200000000 sysclk=400000000
2026-09-03T20:24:16.764544 [NAK] nacks=0
2026-09-03T20:24:16.769165 [CLK] cpu=800000000 sysb=400000000 pclk1=200000000
2026-09-03T20:24:16.773816 [TOF] res=0 step=0 id=0xeacc blk=0xeacc10 ctl=0x0
2026-09-03T20:24:16.779543 [RNG] init=0 step=99 id=0xeacc boot=1 calls=93 xerr=0 dm=1 tb=15
2026-09-03T20:24:16.786406 [RNG] osc=41 imp=881 imprb=881 mstart=0x40 cfg=91 cfgfail=0x0 vhv=0 vpolls=0
2026-09-03T20:24:16.792833 [PRT] calls=1122839 xerr=0 ler=1 lidx=0x0 perr=0 maxcnt=17 addr8=0x52
2026-09-03T20:24:16.796911 [RTY] wr=0 wmax=0 wref=0  rd=0 rmax=0 rref=0
2026-09-03T20:24:16.805031 [RNG] frames=280514 last=42 min=23 max=61 nrdy=337 dxfer=0 dstat=0 lst=0 nrdyerr=0 dclr=0
2026-09-03T20:24:16.811161 [DRV] init=0 id=7 mode=0x1 lib=0x2 seq=0x1 odc=0x8b sts=0xe0 armed=1
2026-09-03T20:24:16.816985 [TRG] pulses=2635 suppressed=33363 cyc=1600 rst=1 rstmode=0x40
2026-09-03T20:24:16.820398 [HLT] polls=5617 faults=0x0 cfglost=0
2026-09-03T20:24:16.826166 [EFF] n=5 last=58588 min=58472 max=58588 late=0 stuck=0 rderr=0
2026-09-03T20:24:16.830154 [DWT] ok=1 cyc=2874072851 cyc_per_ms=799996
2026-09-03T20:24:17.844628 [HB] up_ms=5926473 frames=280900 inf=280900 hazard=35998 canary_err=0 q=0 qovr=0
2026-09-03T20:24:17.856014 [I2C] init=0 gate=0 whoami=0x201e0 wr=0 wrseen=0x27 addr=0x5a ok=1136805 err=0 tmo=0 recov=0 pclk1=200000000 sysclk=400000000
2026-09-03T20:24:17.857374 [NAK] nacks=0
2026-09-03T20:24:17.861879 [CLK] cpu=800000000 sysb=400000000 pclk1=200000000
2026-09-03T20:24:17.866488 [TOF] res=0 step=0 id=0xeacc blk=0xeacc10 ctl=0x0
2026-09-03T20:24:17.872252 [RNG] init=0 step=99 id=0xeacc boot=1 calls=93 xerr=0 dm=1 tb=15
2026-09-03T20:24:17.879260 [RNG] osc=41 imp=881 imprb=881 mstart=0x40 cfg=91 cfgfail=0x0 vhv=0 vpolls=0
2026-09-03T20:24:17.885645 [PRT] calls=1123047 xerr=0 ler=1 lidx=0x0 perr=0 maxcnt=17 addr8=0x52
2026-09-03T20:24:17.889666 [RTY] wr=0 wmax=0 wref=0  rd=0 rmax=0 rref=0
2026-09-03T20:24:17.897742 [RNG] frames=280565 last=43 min=23 max=61 nrdy=337 dxfer=0 dstat=0 lst=0 nrdyerr=0 dclr=0
2026-09-03T20:24:17.903987 [DRV] init=0 id=7 mode=0x1 lib=0x2 seq=0x1 odc=0x8b sts=0xe0 armed=1
2026-09-03T20:24:17.909626 [TRG] pulses=2635 suppressed=33363 cyc=1600 rst=1 rstmode=0x40
2026-09-03T20:24:17.913109 [HLT] polls=5618 faults=0x0 cfglost=0
2026-09-03T20:24:17.918917 [EFF] n=5 last=58588 min=58472 max=58588 late=0 stuck=0 rderr=0
2026-09-03T20:24:17.922995 [DWT] ok=1 cyc=3741938251 cyc_per_ms=799875
2026-09-03T20:24:18.937189 [HB] up_ms=5927558 frames=280951 inf=280951 hazard=35998 canary_err=0 q=0 qovr=0
2026-09-03T20:24:18.948447 [I2C] init=0 gate=0 whoami=0x201e0 wr=0 wrseen=0x27 addr=0x5a ok=1137014 err=0 tmo=0 recov=0 pclk1=200000000 sysclk=400000000
2026-09-03T20:24:18.949817 [NAK] nacks=0
2026-09-03T20:24:18.954308 [CLK] cpu=800000000 sysb=400000000 pclk1=200000000
2026-09-03T20:24:18.958942 [TOF] res=0 step=0 id=0xeacc blk=0xeacc10 ctl=0x0
2026-09-03T20:24:18.964811 [RNG] init=0 step=99 id=0xeacc boot=1 calls=93 xerr=0 dm=1 tb=15
2026-09-03T20:24:18.971680 [RNG] osc=41 imp=881 imprb=881 mstart=0x40 cfg=91 cfgfail=0x0 vhv=0 vpolls=0
2026-09-03T20:24:18.977939 [PRT] calls=1123251 xerr=0 ler=1 lidx=0x0 perr=0 maxcnt=17 addr8=0x52
2026-09-03T20:24:18.982218 [RTY] wr=0 wmax=0 wref=0  rd=0 rmax=0 rref=0
2026-09-03T20:24:18.990187 [RNG] frames=280617 last=42 min=23 max=61 nrdy=337 dxfer=0 dstat=0 lst=0 nrdyerr=0 dclr=0
2026-09-03T20:24:18.996319 [DRV] init=0 id=7 mode=0x1 lib=0x2 seq=0x1 odc=0x8b sts=0xe0 armed=1
2026-09-03T20:24:19.002051 [TRG] pulses=2635 suppressed=33363 cyc=1600 rst=1 rstmode=0x40
2026-09-03T20:24:19.005543 [HLT] polls=5619 faults=0x0 cfglost=0
2026-09-03T20:24:19.011319 [EFF] n=5 last=58588 min=58472 max=58588 late=0 stuck=0 rderr=0
2026-09-03T20:24:19.015189 [DWT] ok=1 cyc=315072991 cyc_per_ms=800094
2026-09-03T20:24:20.029663 [HB] up_ms=5928643 frames=281003 inf=281003 hazard=35998 canary_err=0 q=0 qovr=0
2026-09-03T20:24:20.041057 [I2C] init=0 gate=0 whoami=0x201e0 wr=0 wrseen=0x27 addr=0x5a ok=1137221 err=0 tmo=0 recov=0 pclk1=200000000 sysclk=400000000
2026-09-03T20:24:20.042615 [NAK] nacks=0
2026-09-03T20:24:20.047014 [CLK] cpu=800000000 sysb=400000000 pclk1=200000000
2026-09-03T20:24:20.051508 [TOF] res=0 step=0 id=0xeacc blk=0xeacc10 ctl=0x0
2026-09-03T20:24:20.057304 [RNG] init=0 step=99 id=0xeacc boot=1 calls=93 xerr=0 dm=1 tb=15
2026-09-03T20:24:20.064262 [RNG] osc=41 imp=881 imprb=881 mstart=0x40 cfg=91 cfgfail=0x0 vhv=0 vpolls=0
2026-09-03T20:24:20.070688 [PRT] calls=1123459 xerr=0 ler=1 lidx=0x0 perr=0 maxcnt=17 addr8=0x52
2026-09-03T20:24:20.074693 [RTY] wr=0 wmax=0 wref=0  rd=0 rmax=0 rref=0
2026-09-03T20:24:20.082661 [RNG] frames=280668 last=39 min=23 max=61 nrdy=337 dxfer=0 dstat=0 lst=0 nrdyerr=0 dclr=0
2026-09-03T20:24:20.089028 [DRV] init=0 id=7 mode=0x1 lib=0x2 seq=0x1 odc=0x8b sts=0xe0 armed=1
2026-09-03T20:24:20.094664 [TRG] pulses=2635 suppressed=33363 cyc=1600 rst=1 rstmode=0x40
2026-09-03T20:24:20.098133 [HLT] polls=5620 faults=0x0 cfglost=0
2026-09-03T20:24:20.103876 [EFF] n=5 last=58588 min=58472 max=58588 late=0 stuck=0 rderr=0
2026-09-03T20:24:20.107876 [DWT] ok=1 cyc=1182971099 cyc_per_ms=799906
2026-09-03T20:24:21.122596 [HB] up_ms=5929728 frames=281054 inf=281054 hazard=35998 canary_err=0 q=0 qovr=0
2026-09-03T20:24:21.134207 [I2C] init=0 gate=0 whoami=0x201e0 wr=0 wrseen=0x27 addr=0x5a ok=1137427 err=0 tmo=0 recov=0 pclk1=200000000 sysclk=400000000
2026-09-03T20:24:21.135507 [NAK] nacks=0
2026-09-03T20:24:21.140718 [CLK] cpu=800000000 sysb=400000000 pclk1=200000000
2026-09-03T20:24:21.144634 [TOF] res=0 step=0 id=0xeacc blk=0xeacc10 ctl=0x0
2026-09-03T20:24:21.150608 [RNG] init=0 step=99 id=0xeacc boot=1 calls=93 xerr=0 dm=1 tb=15
2026-09-03T20:24:21.158387 [RNG] osc=41 imp=881 imprb=881 mstart=0x40 cfg=91 cfgfail=0x0 vhv=0 vpolls=0
2026-09-03T20:24:21.163621 [PRT] calls=1123663 xerr=0 ler=1 lidx=0x0 perr=0 maxcnt=17 addr8=0x52
2026-09-03T20:24:21.167630 [RTY] wr=0 wmax=0 wref=0  rd=0 rmax=0 rref=0
2026-09-03T20:24:21.176629 [RNG] frames=280719 last=38 min=22 max=61 nrdy=337 dxfer=0 dstat=0 lst=0 nrdyerr=0 dclr=0
2026-09-03T20:24:21.183569 [DRV] init=0 id=7 mode=0x1 lib=0x2 seq=0x1 odc=0x8b sts=0xe0 armed=1
2026-09-03T20:24:21.187563 [TRG] pulses=2635 suppressed=33363 cyc=1600 rst=1 rstmode=0x40
2026-09-03T20:24:21.190943 [HLT] polls=5621 faults=0x0 cfglost=0
2026-09-03T20:24:21.196824 [EFF] n=5 last=58588 min=58472 max=58588 late=0 stuck=0 rderr=0
2026-09-03T20:24:21.200820 [DWT] ok=1 cyc=2051073067 cyc_per_ms=800093
2026-09-03T20:24:22.215297 [HB] up_ms=5930813 frames=281106 inf=281106 hazard=36024 canary_err=0 q=0 qovr=0
2026-09-03T20:24:22.226547 [I2C] init=0 gate=0 whoami=0x201e0 wr=0 wrseen=0x27 addr=0x5a ok=1137637 err=0 tmo=0 recov=0 pclk1=200000000 sysclk=400000000
2026-09-03T20:24:22.227922 [NAK] nacks=0
2026-09-03T20:24:22.232539 [CLK] cpu=800000000 sysb=400000000 pclk1=200000000
2026-09-03T20:24:22.237047 [TOF] res=0 step=0 id=0xeacc blk=0xeacc10 ctl=0x0
2026-09-03T20:24:22.242934 [RNG] init=0 step=99 id=0xeacc boot=1 calls=93 xerr=0 dm=1 tb=15
2026-09-03T20:24:22.249789 [RNG] osc=41 imp=881 imprb=881 mstart=0x40 cfg=91 cfgfail=0x0 vhv=0 vpolls=0
2026-09-03T20:24:22.256160 [PRT] calls=1123867 xerr=0 ler=1 lidx=0x0 perr=0 maxcnt=17 addr8=0x52
2026-09-03T20:24:22.260309 [RTY] wr=0 wmax=0 wref=0  rd=0 rmax=0 rref=0
2026-09-03T20:24:22.268279 [RNG] frames=280771 last=37 min=22 max=61 nrdy=337 dxfer=0 dstat=0 lst=0 nrdyerr=0 dclr=0
2026-09-03T20:24:22.274587 [DRV] init=0 id=7 mode=0x1 lib=0x2 seq=0x1 odc=0x8b sts=0xe0 armed=1
2026-09-03T20:24:22.280277 [TRG] pulses=2638 suppressed=33389 cyc=1600 rst=1 rstmode=0x40
2026-09-03T20:24:22.283775 [HLT] polls=5622 faults=0x0 cfglost=0
2026-09-03T20:24:22.289390 [EFF] n=5 last=58588 min=58472 max=58588 late=0 stuck=0 rderr=0
2026-09-03T20:24:22.293387 [DWT] ok=1 cyc=2919078575 cyc_per_ms=800005
2026-09-03T20:24:23.307755 [HB] up_ms=5931898 frames=281157 inf=281157 hazard=36039 canary_err=0 q=0 qovr=0
2026-09-03T20:24:23.319123 [I2C] init=0 gate=0 whoami=0x201e0 wr=0 wrseen=0x27 addr=0x5a ok=1137843 err=0 tmo=0 recov=0 pclk1=200000000 sysclk=400000000
2026-09-03T20:24:23.320378 [NAK] nacks=0
2026-09-03T20:24:23.325013 [CLK] cpu=800000000 sysb=400000000 pclk1=200000000
2026-09-03T20:24:23.329481 [TOF] res=0 step=0 id=0xeacc blk=0xeacc10 ctl=0x0
2026-09-03T20:24:23.335362 [RNG] init=0 step=99 id=0xeacc boot=1 calls=93 xerr=0 dm=1 tb=15
2026-09-03T20:24:23.342368 [RNG] osc=41 imp=881 imprb=881 mstart=0x40 cfg=91 cfgfail=0x0 vhv=0 vpolls=0
2026-09-03T20:24:23.348635 [PRT] calls=1124075 xerr=0 ler=1 lidx=0x0 perr=0 maxcnt=17 addr8=0x52
2026-09-03T20:24:23.352730 [RTY] wr=0 wmax=0 wref=0  rd=0 rmax=0 rref=0
2026-09-03T20:24:23.360876 [RNG] frames=280822 last=43 min=22 max=61 nrdy=337 dxfer=0 dstat=0 lst=0 nrdyerr=0 dclr=0
2026-09-03T20:24:23.366983 [DRV] init=0 id=7 mode=0x1 lib=0x2 seq=0x1 odc=0x8b sts=0xe0 armed=1
2026-09-03T20:24:23.372730 [TRG] pulses=2638 suppressed=33401 cyc=1600 rst=1 rstmode=0x40
2026-09-03T20:24:23.376117 [HLT] polls=5623 faults=0x0 cfglost=0
2026-09-03T20:24:23.381993 [EFF] n=5 last=58588 min=58472 max=58588 late=0 stuck=0 rderr=0
2026-09-03T20:24:23.386002 [DWT] ok=1 cyc=3787073083 cyc_per_ms=799994
2026-09-03T20:24:24.400449 [HB] up_ms=5932983 frames=281208 inf=281208 hazard=36039 canary_err=0 q=0 qovr=0
2026-09-03T20:24:24.411698 [I2C] init=0 gate=0 whoami=0x201e0 wr=0 wrseen=0x27 addr=0x5a ok=1138051 err=0 tmo=0 recov=0 pclk1=200000000 sysclk=400000000
2026-09-03T20:24:24.412943 [NAK] nacks=0
2026-09-03T20:24:24.417583 [CLK] cpu=800000000 sysb=400000000 pclk1=200000000
2026-09-03T20:24:24.422192 [TOF] res=0 step=0 id=0xeacc blk=0xeacc10 ctl=0x0
2026-09-03T20:24:24.428064 [RNG] init=0 step=99 id=0xeacc boot=1 calls=93 xerr=0 dm=1 tb=15
2026-09-03T20:24:24.434939 [RNG] osc=41 imp=881 imprb=881 mstart=0x40 cfg=91 cfgfail=0x0 vhv=0 vpolls=0
2026-09-03T20:24:24.441321 [PRT] calls=1124277 xerr=0 ler=1 lidx=0x0 perr=0 maxcnt=17 addr8=0x52
2026-09-03T20:24:24.445310 [RTY] wr=0 wmax=0 wref=0  rd=0 rmax=0 rref=0
2026-09-03T20:24:24.453438 [RNG] frames=280873 last=42 min=22 max=61 nrdy=338 dxfer=0 dstat=0 lst=0 nrdyerr=0 dclr=0
2026-09-03T20:24:24.459587 [DRV] init=0 id=7 mode=0x1 lib=0x2 seq=0x1 odc=0x8b sts=0xe0 armed=1
2026-09-03T20:24:24.465323 [TRG] pulses=2638 suppressed=33401 cyc=1600 rst=1 rstmode=0x40
2026-09-03T20:24:24.468803 [HLT] polls=5624 faults=0x0 cfglost=0
2026-09-03T20:24:24.474622 [EFF] n=5 last=58588 min=58472 max=58588 late=0 stuck=0 rderr=0
2026-09-03T20:24:24.478438 [DWT] ok=1 cyc=360105611 cyc_per_ms=799999
2026-09-03T20:24:25.492912 [HB] up_ms=5934068 frames=281260 inf=281260 hazard=36039 canary_err=0 q=0 qovr=0
2026-09-03T20:24:25.504163 [I2C] init=0 gate=0 whoami=0x201e0 wr=0 wrseen=0x27 addr=0x5a ok=1138257 err=0 tmo=0 recov=0 pclk1=200000000 sysclk=400000000
2026-09-03T20:24:25.505523 [NAK] nacks=0
2026-09-03T20:24:25.510158 [CLK] cpu=800000000 sysb=400000000 pclk1=200000000
2026-09-03T20:24:25.514656 [TOF] res=0 step=0 id=0xeacc blk=0xeacc10 ctl=0x0
2026-09-03T20:24:25.520400 [RNG] init=0 step=99 id=0xeacc boot=1 calls=93 xerr=0 dm=1 tb=15
2026-09-03T20:24:25.527525 [RNG] osc=41 imp=881 imprb=881 mstart=0x40 cfg=91 cfgfail=0x0 vhv=0 vpolls=0
2026-09-03T20:24:25.533789 [PRT] calls=1124485 xerr=0 ler=1 lidx=0x0 perr=0 maxcnt=17 addr8=0x52
2026-09-03T20:24:25.537784 [RTY] wr=0 wmax=0 wref=0  rd=0 rmax=0 rref=0
2026-09-03T20:24:25.545900 [RNG] frames=280924 last=46 min=22 max=61 nrdy=338 dxfer=0 dstat=0 lst=0 nrdyerr=0 dclr=0
2026-09-03T20:24:25.552145 [DRV] init=0 id=7 mode=0x1 lib=0x2 seq=0x1 odc=0x8b sts=0xe0 armed=1
2026-09-03T20:24:25.557779 [TRG] pulses=2638 suppressed=33401 cyc=1600 rst=1 rstmode=0x40
2026-09-03T20:24:25.561272 [HLT] polls=5625 faults=0x0 cfglost=0
2026-09-03T20:24:25.567034 [EFF] n=5 last=58588 min=58472 max=58588 late=0 stuck=0 rderr=0
2026-09-03T20:24:25.571147 [DWT] ok=1 cyc=1228003691 cyc_per_ms=799906
2026-09-03T20:24:26.585713 [HB] up_ms=5935153 frames=281311 inf=281311 hazard=36039 canary_err=0 q=0 qovr=0
2026-09-03T20:24:26.596867 [I2C] init=0 gate=0 whoami=0x201e0 wr=0 wrseen=0x27 addr=0x5a ok=1138464 err=0 tmo=0 recov=0 pclk1=200000000 sysclk=400000000
2026-09-03T20:24:26.598241 [NAK] nacks=0
2026-09-03T20:24:26.602854 [CLK] cpu=800000000 sysb=400000000 pclk1=200000000
2026-09-03T20:24:26.607364 [TOF] res=0 step=0 id=0xeacc blk=0xeacc10 ctl=0x0
2026-09-03T20:24:26.613240 [RNG] init=0 step=99 id=0xeacc boot=1 calls=93 xerr=0 dm=1 tb=15
2026-09-03T20:24:26.620232 [RNG] osc=41 imp=881 imprb=881 mstart=0x40 cfg=91 cfgfail=0x0 vhv=0 vpolls=0
2026-09-03T20:24:26.626486 [PRT] calls=1124687 xerr=0 ler=1 lidx=0x0 perr=0 maxcnt=17 addr8=0x52
2026-09-03T20:24:26.630754 [RTY] wr=0 wmax=0 wref=0  rd=0 rmax=0 rref=0
2026-09-03T20:24:26.638747 [RNG] frames=280975 last=40 min=22 max=61 nrdy=339 dxfer=0 dstat=0 lst=0 nrdyerr=0 dclr=0
2026-09-03T20:24:26.644860 [DRV] init=0 id=7 mode=0x1 lib=0x2 seq=0x1 odc=0x8b sts=0xe0 armed=1
2026-09-03T20:24:26.650619 [TRG] pulses=2638 suppressed=33401 cyc=1600 rst=1 rstmode=0x40
2026-09-03T20:24:26.654098 [HLT] polls=5626 faults=0x0 cfglost=0
2026-09-03T20:24:26.659861 [EFF] n=5 last=58588 min=58472 max=58588 late=0 stuck=0 rderr=0
2026-09-03T20:24:26.663866 [DWT] ok=1 cyc=2096105659 cyc_per_ms=800093
2026-09-03T20:24:27.678449 [HB] up_ms=5936238 frames=281363 inf=281363 hazard=36039 canary_err=0 q=0 qovr=0
2026-09-03T20:24:27.689710 [I2C] init=0 gate=0 whoami=0x201e0 wr=0 wrseen=0x27 addr=0x5a ok=1138671 err=0 tmo=0 recov=0 pclk1=200000000 sysclk=400000000
2026-09-03T20:24:27.691070 [NAK] nacks=0
2026-09-03T20:24:27.695694 [CLK] cpu=800000000 sysb=400000000 pclk1=200000000
2026-09-03T20:24:27.700193 [TOF] res=0 step=0 id=0xeacc blk=0xeacc10 ctl=0x0
2026-09-03T20:24:27.706067 [RNG] init=0 step=99 id=0xeacc boot=1 calls=93 xerr=0 dm=1 tb=15
2026-09-03T20:24:27.713099 [RNG] osc=41 imp=881 imprb=881 mstart=0x40 cfg=91 cfgfail=0x0 vhv=0 vpolls=0
2026-09-03T20:24:27.719311 [PRT] calls=1124895 xerr=0 ler=1 lidx=0x0 perr=0 maxcnt=17 addr8=0x52
2026-09-03T20:24:27.723445 [RTY] wr=0 wmax=0 wref=0  rd=0 rmax=0 rref=0
2026-09-03T20:24:27.731439 [RNG] frames=281026 last=38 min=22 max=61 nrdy=339 dxfer=0 dstat=0 lst=0 nrdyerr=0 dclr=0
2026-09-03T20:24:27.737804 [DRV] init=0 id=7 mode=0x1 lib=0x2 seq=0x1 odc=0x8b sts=0xe0 armed=1
2026-09-03T20:24:27.743433 [TRG] pulses=2638 suppressed=33401 cyc=1600 rst=1 rstmode=0x40
2026-09-03T20:24:27.746818 [HLT] polls=5627 faults=0x0 cfglost=0
2026-09-03T20:24:27.752574 [EFF] n=5 last=58588 min=58472 max=58588 late=0 stuck=0 rderr=0
2026-09-03T20:24:27.756722 [DWT] ok=1 cyc=2964003811 cyc_per_ms=799906
2026-09-03T20:24:28.771285 [HB] up_ms=5937323 frames=281414 inf=281414 hazard=36053 canary_err=0 q=0 qovr=0
2026-09-03T20:24:28.782660 [I2C] init=0 gate=0 whoami=0x201e0 wr=0 wrseen=0x27 addr=0x5a ok=1138877 err=0 tmo=0 recov=0 pclk1=200000000 sysclk=400000000
2026-09-03T20:24:28.784028 [NAK] nacks=0
2026-09-03T20:24:28.788520 [CLK] cpu=800000000 sysb=400000000 pclk1=200000000
2026-09-03T20:24:28.793038 [TOF] res=0 step=0 id=0xeacc blk=0xeacc10 ctl=0x0
2026-09-03T20:24:28.799041 [RNG] init=0 step=99 id=0xeacc boot=1 calls=93 xerr=0 dm=1 tb=15
2026-09-03T20:24:28.805889 [RNG] osc=41 imp=881 imprb=881 mstart=0x40 cfg=91 cfgfail=0x0 vhv=0 vpolls=0
2026-09-03T20:24:28.812157 [PRT] calls=1125099 xerr=0 ler=1 lidx=0x0 perr=0 maxcnt=17 addr8=0x52
2026-09-03T20:24:28.816268 [RTY] wr=0 wmax=0 wref=0  rd=0 rmax=0 rref=0
2026-09-03T20:24:28.824396 [RNG] frames=281077 last=41 min=22 max=61 nrdy=339 dxfer=0 dstat=0 lst=0 nrdyerr=0 dclr=0
2026-09-03T20:24:28.830652 [DRV] init=0 id=7 mode=0x1 lib=0x2 seq=0x1 odc=0x8b sts=0xe0 armed=1
2026-09-03T20:24:28.836265 [TRG] pulses=2640 suppressed=33416 cyc=1600 rst=1 rstmode=0x40
2026-09-03T20:24:28.839797 [HLT] polls=5628 faults=0x0 cfglost=0
2026-09-03T20:24:28.845667 [EFF] n=5 last=58588 min=58472 max=58588 late=0 stuck=0 rderr=0
2026-09-03T20:24:28.849510 [DWT] ok=1 cyc=3832111983 cyc_per_ms=800099
2026-09-03T20:24:29.864371 [HB] up_ms=5938408 frames=281466 inf=281466 hazard=36080 canary_err=0 q=0 qovr=0
2026-09-03T20:24:29.875644 [I2C] init=0 gate=0 whoami=0x201e0 wr=0 wrseen=0x27 addr=0x5a ok=1139087 err=0 tmo=0 recov=0 pclk1=200000000 sysclk=400000000
2026-09-03T20:24:29.876865 [NAK] nacks=0
2026-09-03T20:24:29.881636 [CLK] cpu=800000000 sysb=400000000 pclk1=200000000
2026-09-03T20:24:29.886132 [TOF] res=0 step=0 id=0xeacc blk=0xeacc10 ctl=0x0
2026-09-03T20:24:29.891994 [RNG] init=0 step=99 id=0xeacc boot=1 calls=93 xerr=0 dm=1 tb=15
2026-09-03T20:24:29.898858 [RNG] osc=41 imp=881 imprb=881 mstart=0x40 cfg=91 cfgfail=0x0 vhv=0 vpolls=0
2026-09-03T20:24:29.905235 [PRT] calls=1125303 xerr=0 ler=1 lidx=0x0 perr=0 maxcnt=17 addr8=0x52
2026-09-03T20:24:29.909358 [RTY] wr=0 wmax=0 wref=0  rd=0 rmax=0 rref=0
2026-09-03T20:24:29.917364 [RNG] frames=281129 last=39 min=22 max=61 nrdy=339 dxfer=0 dstat=0 lst=0 nrdyerr=0 dclr=0
2026-09-03T20:24:29.923628 [DRV] init=0 id=7 mode=0x1 lib=0x2 seq=0x1 odc=0x8b sts=0xe0 armed=1
2026-09-03T20:24:29.929351 [TRG] pulses=2641 suppressed=33439 cyc=1600 rst=1 rstmode=0x40
2026-09-03T20:24:29.932723 [HLT] polls=5629 faults=0x0 cfglost=0
2026-09-03T20:24:29.938480 [EFF] n=5 last=58588 min=58472 max=58588 late=0 stuck=0 rderr=0
2026-09-03T20:24:29.942351 [DWT] ok=1 cyc=405137783 cyc_per_ms=799993
2026-09-03T20:24:30.957096 [HB] up_ms=5939493 frames=281517 inf=281517 hazard=36080 canary_err=0 q=0 qovr=0
2026-09-03T20:24:30.968443 [I2C] init=0 gate=0 whoami=0x201e0 wr=0 wrseen=0x27 addr=0x5a ok=1139293 err=0 tmo=0 recov=0 pclk1=200000000 sysclk=400000000
2026-09-03T20:24:30.969809 [NAK] nacks=0
2026-09-03T20:24:30.974324 [CLK] cpu=800000000 sysb=400000000 pclk1=200000000
2026-09-03T20:24:30.978815 [TOF] res=0 step=0 id=0xeacc blk=0xeacc10 ctl=0x0
2026-09-03T20:24:30.984813 [RNG] init=0 step=99 id=0xeacc boot=1 calls=93 xerr=0 dm=1 tb=15
2026-09-03T20:24:30.991700 [RNG] osc=41 imp=881 imprb=881 mstart=0x40 cfg=91 cfgfail=0x0 vhv=0 vpolls=0
2026-09-03T20:24:30.997937 [PRT] calls=1125511 xerr=0 ler=1 lidx=0x0 perr=0 maxcnt=17 addr8=0x52
2026-09-03T20:24:31.002064 [RTY] wr=0 wmax=0 wref=0  rd=0 rmax=0 rref=0
2026-09-03T20:24:31.010194 [RNG] frames=281180 last=36 min=22 max=61 nrdy=339 dxfer=0 dstat=0 lst=0 nrdyerr=0 dclr=0
2026-09-03T20:24:31.016427 [DRV] init=0 id=7 mode=0x1 lib=0x2 seq=0x1 odc=0x8b sts=0xe0 armed=1
2026-09-03T20:24:31.022050 [TRG] pulses=2641 suppressed=33439 cyc=1600 rst=1 rstmode=0x40
2026-09-03T20:24:31.025437 [HLT] polls=5630 faults=0x0 cfglost=0
2026-09-03T20:24:31.031308 [EFF] n=5 last=58588 min=58472 max=58588 late=0 stuck=0 rderr=0
2026-09-03T20:24:31.035312 [DWT] ok=1 cyc=1273138483 cyc_per_ms=800000
2026-09-03T20:24:32.050170 [HB] up_ms=5940578 frames=281568 inf=281568 hazard=36080 canary_err=0 q=0 qovr=0
2026-09-03T20:24:32.061281 [I2C] init=0 gate=0 whoami=0x201e0 wr=0 wrseen=0x27 addr=0x5a ok=1139503 err=0 tmo=0 recov=0 pclk1=200000000 sysclk=400000000
2026-09-03T20:24:32.062650 [NAK] nacks=0
2026-09-03T20:24:32.067280 [CLK] cpu=800000000 sysb=400000000 pclk1=200000000
2026-09-03T20:24:32.071908 [TOF] res=0 step=0 id=0xeacc blk=0xeacc10 ctl=0x0
2026-09-03T20:24:32.077646 [RNG] init=0 step=99 id=0xeacc boot=1 calls=93 xerr=0 dm=1 tb=15
2026-09-03T20:24:32.084521 [RNG] osc=41 imp=881 imprb=881 mstart=0x40 cfg=91 cfgfail=0x0 vhv=0 vpolls=0
2026-09-03T20:24:32.090974 [PRT] calls=1125715 xerr=0 ler=1 lidx=0x0 perr=0 maxcnt=17 addr8=0x52
2026-09-03T20:24:32.095023 [RTY] wr=0 wmax=0 wref=0  rd=0 rmax=0 rref=0
2026-09-03T20:24:32.103023 [RNG] frames=281232 last=42 min=22 max=61 nrdy=339 dxfer=0 dstat=0 lst=0 nrdyerr=0 dclr=0
2026-09-03T20:24:32.109277 [DRV] init=0 id=7 mode=0x1 lib=0x2 seq=0x1 odc=0x8b sts=0xe0 armed=1
2026-09-03T20:24:32.115027 [TRG] pulses=2641 suppressed=33439 cyc=1600 rst=1 rstmode=0x40
2026-09-03T20:24:32.118520 [HLT] polls=5631 faults=0x0 cfglost=0
2026-09-03T20:24:32.124286 [EFF] n=5 last=58588 min=58472 max=58588 late=0 stuck=0 rderr=0
2026-09-03T20:24:32.128298 [DWT] ok=1 cyc=2141138339 cyc_per_ms=799999
2026-09-03T20:24:33.142197 [HB] up_ms=5941663 frames=281620 inf=281620 hazard=36080 canary_err=0 q=0 qovr=0
2026-09-03T20:24:33.153502 [I2C] init=0 gate=0 whoami=0x201e0 wr=0 wrseen=0x27 addr=0x5a ok=1139709 err=0 tmo=0 recov=0 pclk1=200000000 sysclk=400000000
2026-09-03T20:24:33.154754 [NAK] nacks=0
2026-09-03T20:24:33.159372 [CLK] cpu=800000000 sysb=400000000 pclk1=200000000
2026-09-03T20:24:33.163876 [TOF] res=0 step=0 id=0xeacc blk=0xeacc10 ctl=0x0
2026-09-03T20:24:33.169739 [RNG] init=0 step=99 id=0xeacc boot=1 calls=93 xerr=0 dm=1 tb=15
2026-09-03T20:24:33.176750 [RNG] osc=41 imp=881 imprb=881 mstart=0x40 cfg=91 cfgfail=0x0 vhv=0 vpolls=0
2026-09-03T20:24:33.182984 [PRT] calls=1125923 xerr=0 ler=1 lidx=0x0 perr=0 maxcnt=17 addr8=0x52
2026-09-03T20:24:33.187113 [RTY] wr=0 wmax=0 wref=0  rd=0 rmax=0 rref=0
2026-09-03T20:24:33.195240 [RNG] frames=281283 last=42 min=22 max=61 nrdy=339 dxfer=0 dstat=0 lst=0 nrdyerr=0 dclr=0
2026-09-03T20:24:33.201480 [DRV] init=0 id=7 mode=0x1 lib=0x2 seq=0x1 odc=0x8b sts=0xe0 armed=1
2026-09-03T20:24:33.207126 [TRG] pulses=2641 suppressed=33439 cyc=1600 rst=1 rstmode=0x40
2026-09-03T20:24:33.210483 [HLT] polls=5632 faults=0x0 cfglost=0
2026-09-03T20:24:33.216237 [EFF] n=5 last=58588 min=58472 max=58588 late=0 stuck=0 rderr=0
2026-09-03T20:24:33.220358 [DWT] ok=1 cyc=3009036391 cyc_per_ms=799906
2026-09-03T20:24:34.234609 [HB] up_ms=5942748 frames=281671 inf=281671 hazard=36080 canary_err=0 q=0 qovr=0
2026-09-03T20:24:34.245837 [I2C] init=0 gate=0 whoami=0x201e0 wr=0 wrseen=0x27 addr=0x5a ok=1139918 err=0 tmo=0 recov=0 pclk1=200000000 sysclk=400000000
2026-09-03T20:24:34.247084 [NAK] nacks=0
2026-09-03T20:24:34.251699 [CLK] cpu=800000000 sysb=400000000 pclk1=200000000
2026-09-03T20:24:34.256326 [TOF] res=0 step=0 id=0xeacc blk=0xeacc10 ctl=0x0
2026-09-03T20:24:34.262211 [RNG] init=0 step=99 id=0xeacc boot=1 calls=93 xerr=0 dm=1 tb=15
2026-09-03T20:24:34.269082 [RNG] osc=41 imp=881 imprb=881 mstart=0x40 cfg=91 cfgfail=0x0 vhv=0 vpolls=0
2026-09-03T20:24:34.275397 [PRT] calls=1126127 xerr=0 ler=1 lidx=0x0 perr=0 maxcnt=17 addr8=0x52
2026-09-03T20:24:34.279449 [RTY] wr=0 wmax=0 wref=0  rd=0 rmax=0 rref=0
2026-09-03T20:24:34.287585 [RNG] frames=281335 last=42 min=22 max=61 nrdy=339 dxfer=0 dstat=0 lst=0 nrdyerr=0 dclr=0
2026-09-03T20:24:34.293720 [DRV] init=0 id=7 mode=0x1 lib=0x2 seq=0x1 odc=0x8b sts=0xe0 armed=1
2026-09-03T20:24:34.299318 [TRG] pulses=2641 suppressed=33439 cyc=1600 rst=1 rstmode=0x40
2026-09-03T20:24:34.302948 [HLT] polls=5633 faults=0x0 cfglost=0
2026-09-03T20:24:34.308699 [EFF] n=5 last=58588 min=58472 max=58588 late=0 stuck=0 rderr=0
2026-09-03T20:24:34.312719 [DWT] ok=1 cyc=3877138315 cyc_per_ms=800093
2026-09-03T20:24:35.326550 [HB] up_ms=5943833 frames=281723 inf=281723 hazard=36083 canary_err=0 q=0 qovr=0
2026-09-03T20:24:35.337924 [I2C] init=0 gate=0 whoami=0x201e0 wr=0 wrseen=0x27 addr=0x5a ok=1140125 err=0 tmo=0 recov=0 pclk1=200000000 sysclk=400000000
2026-09-03T20:24:35.339295 [NAK] nacks=0
2026-09-03T20:24:35.343801 [CLK] cpu=800000000 sysb=400000000 pclk1=200000000
2026-09-03T20:24:35.348414 [TOF] res=0 step=0 id=0xeacc blk=0xeacc10 ctl=0x0
2026-09-03T20:24:35.354168 [RNG] init=0 step=99 id=0xeacc boot=1 calls=93 xerr=0 dm=1 tb=15
2026-09-03T20:24:35.361171 [RNG] osc=41 imp=881 imprb=881 mstart=0x40 cfg=91 cfgfail=0x0 vhv=0 vpolls=0
2026-09-03T20:24:35.367421 [PRT] calls=1126335 xerr=0 ler=1 lidx=0x0 perr=0 maxcnt=17 addr8=0x52
2026-09-03T20:24:35.371539 [RTY] wr=0 wmax=0 wref=0  rd=0 rmax=0 rref=0
2026-09-03T20:24:35.379546 [RNG] frames=281386 last=42 min=22 max=61 nrdy=339 dxfer=0 dstat=0 lst=0 nrdyerr=0 dclr=0
2026-09-03T20:24:35.385921 [DRV] init=0 id=7 mode=0x1 lib=0x2 seq=0x1 odc=0x8b sts=0xe0 armed=1
2026-09-03T20:24:35.391580 [TRG] pulses=2642 suppressed=33444 cyc=1600 rst=1 rstmode=0x40
2026-09-03T20:24:35.394931 [HLT] polls=5634 faults=0x0 cfglost=0
2026-09-03T20:24:35.400663 [EFF] n=5 last=58588 min=58472 max=58588 late=0 stuck=0 rderr=0
2026-09-03T20:24:35.404702 [DWT] ok=1 cyc=450071939 cyc_per_ms=799908
2026-09-03T20:24:36.418395 [HB] up_ms=5944918 frames=281774 inf=281774 hazard=36121 canary_err=0 q=0 qovr=0
2026-09-03T20:24:36.429677 [I2C] init=0 gate=0 whoami=0x201e0 wr=0 wrseen=0x27 addr=0x5a ok=1140331 err=0 tmo=0 recov=0 pclk1=200000000 sysclk=400000000
2026-09-03T20:24:36.431006 [NAK] nacks=0
2026-09-03T20:24:36.435656 [CLK] cpu=800000000 sysb=400000000 pclk1=200000000
2026-09-03T20:24:36.440134 [TOF] res=0 step=0 id=0xeacc blk=0xeacc10 ctl=0x0
2026-09-03T20:24:36.446009 [RNG] init=0 step=99 id=0xeacc boot=1 calls=93 xerr=0 dm=1 tb=15
2026-09-03T20:24:36.452887 [RNG] osc=41 imp=881 imprb=881 mstart=0x40 cfg=91 cfgfail=0x0 vhv=0 vpolls=0
2026-09-03T20:24:36.459138 [PRT] calls=1126539 xerr=0 ler=1 lidx=0x0 perr=0 maxcnt=17 addr8=0x52
2026-09-03T20:24:36.463318 [RTY] wr=0 wmax=0 wref=0  rd=0 rmax=0 rref=0
2026-09-03T20:24:36.471376 [RNG] frames=281437 last=45 min=22 max=61 nrdy=339 dxfer=0 dstat=0 lst=0 nrdyerr=0 dclr=0
2026-09-03T20:24:36.477507 [DRV] init=0 id=7 mode=0x1 lib=0x2 seq=0x1 odc=0x8b sts=0xe0 armed=1
2026-09-03T20:24:36.483126 [TRG] pulses=2644 suppressed=33477 cyc=1600 rst=1 rstmode=0x40
2026-09-03T20:24:36.486638 [HLT] polls=5635 faults=0x0 cfglost=0
2026-09-03T20:24:36.492506 [EFF] n=5 last=58588 min=58472 max=58588 late=0 stuck=0 rderr=0
2026-09-03T20:24:36.496494 [DWT] ok=1 cyc=1318171127 cyc_per_ms=800091
2026-09-03T20:24:37.510126 [HB] up_ms=5946003 frames=281826 inf=281826 hazard=36121 canary_err=0 q=0 qovr=0
2026-09-03T20:24:37.521357 [I2C] init=0 gate=0 whoami=0x201e0 wr=0 wrseen=0x27 addr=0x5a ok=1140541 err=0 tmo=0 recov=0 pclk1=200000000 sysclk=400000000
2026-09-03T20:24:37.522759 [NAK] nacks=0
2026-09-03T20:24:37.527363 [CLK] cpu=800000000 sysb=400000000 pclk1=200000000
2026-09-03T20:24:37.531872 [TOF] res=0 step=0 id=0xeacc blk=0xeacc10 ctl=0x0
2026-09-03T20:24:37.537635 [RNG] init=0 step=99 id=0xeacc boot=1 calls=93 xerr=0 dm=1 tb=15
2026-09-03T20:24:37.544614 [RNG] osc=41 imp=881 imprb=881 mstart=0x40 cfg=91 cfgfail=0x0 vhv=0 vpolls=0
2026-09-03T20:24:37.550970 [PRT] calls=1126743 xerr=0 ler=1 lidx=0x0 perr=0 maxcnt=17 addr8=0x52
2026-09-03T20:24:37.554966 [RTY] wr=0 wmax=0 wref=0  rd=0 rmax=0 rref=0
2026-09-03T20:24:37.562973 [RNG] frames=281489 last=35 min=22 max=61 nrdy=339 dxfer=0 dstat=0 lst=0 nrdyerr=0 dclr=0
2026-09-03T20:24:37.569228 [DRV] init=0 id=7 mode=0x1 lib=0x2 seq=0x1 odc=0x8b sts=0xe0 armed=1
2026-09-03T20:24:37.574992 [TRG] pulses=2644 suppressed=33477 cyc=1600 rst=1 rstmode=0x40
2026-09-03T20:24:37.578469 [HLT] polls=5636 faults=0x0 cfglost=0
2026-09-03T20:24:37.584212 [EFF] n=5 last=58588 min=58472 max=58588 late=0 stuck=0 rderr=0
2026-09-03T20:24:37.588135 [DWT] ok=1 cyc=2186170391 cyc_per_ms=799999
2026-09-03T20:24:38.601465 [HB] up_ms=5947088 frames=281877 inf=281877 hazard=36121 canary_err=0 q=0 qovr=0
2026-09-03T20:24:38.612824 [I2C] init=0 gate=0 whoami=0x201e0 wr=0 wrseen=0x27 addr=0x5a ok=1140747 err=0 tmo=0 recov=0 pclk1=200000000 sysclk=400000000
2026-09-03T20:24:38.614192 [NAK] nacks=0
2026-09-03T20:24:38.618690 [CLK] cpu=800000000 sysb=400000000 pclk1=200000000
2026-09-03T20:24:38.623192 [TOF] res=0 step=0 id=0xeacc blk=0xeacc10 ctl=0x0
2026-09-03T20:24:38.629076 [RNG] init=0 step=99 id=0xeacc boot=1 calls=93 xerr=0 dm=1 tb=15
2026-09-03T20:24:38.637605 [RNG] osc=41 imp=881 imprb=881 mstart=0x40 cfg=91 cfgfail=0x0 vhv=0 vpolls=0
2026-09-03T20:24:38.642321 [PRT] calls=1126951 xerr=0 ler=1 lidx=0x0 perr=0 maxcnt=17 addr8=0x52
2026-09-03T20:24:38.646440 [RTY] wr=0 wmax=0 wref=0  rd=0 rmax=0 rref=0
2026-09-03T20:24:38.655020 [RNG] frames=281540 last=50 min=22 max=61 nrdy=339 dxfer=0 dstat=0 lst=0 nrdyerr=0 dclr=0
2026-09-03T20:24:38.661688 [DRV] init=0 id=7 mode=0x1 lib=0x2 seq=0x1 odc=0x8b sts=0xe0 armed=1
2026-09-03T20:24:38.666419 [TRG] pulses=2644 suppressed=33477 cyc=1600 rst=1 rstmode=0x40
2026-09-03T20:24:38.669795 [HLT] polls=5637 faults=0x0 cfglost=0
2026-09-03T20:24:38.675699 [EFF] n=5 last=58588 min=58472 max=58588 late=0 stuck=0 rderr=0
2026-09-03T20:24:38.679680 [DWT] ok=1 cyc=3054171187 cyc_per_ms=800000
2026-09-03T20:24:39.693068 [HB] up_ms=5948173 frames=281928 inf=281928 hazard=36121 canary_err=0 q=0 qovr=0
2026-09-03T20:24:39.704305 [I2C] init=0 gate=0 whoami=0x201e0 wr=0 wrseen=0x27 addr=0x5a ok=1140957 err=0 tmo=0 recov=0 pclk1=200000000 sysclk=400000000
2026-09-03T20:24:39.705677 [NAK] nacks=0
2026-09-03T20:24:39.710176 [CLK] cpu=800000000 sysb=400000000 pclk1=200000000
2026-09-03T20:24:39.714782 [TOF] res=0 step=0 id=0xeacc blk=0xeacc10 ctl=0x0
2026-09-03T20:24:39.720694 [RNG] init=0 step=99 id=0xeacc boot=1 calls=93 xerr=0 dm=1 tb=15
2026-09-03T20:24:39.727618 [RNG] osc=41 imp=881 imprb=881 mstart=0x40 cfg=91 cfgfail=0x0 vhv=0 vpolls=0
2026-09-03T20:24:39.733907 [PRT] calls=1127155 xerr=0 ler=1 lidx=0x0 perr=0 maxcnt=17 addr8=0x52
2026-09-03T20:24:39.738044 [RTY] wr=0 wmax=0 wref=0  rd=0 rmax=0 rref=0
2026-09-03T20:24:39.746036 [RNG] frames=281592 last=36 min=22 max=61 nrdy=339 dxfer=0 dstat=0 lst=0 nrdyerr=0 dclr=0
2026-09-03T20:24:39.752176 [DRV] init=0 id=7 mode=0x1 lib=0x2 seq=0x1 odc=0x8b sts=0xe0 armed=1
2026-09-03T20:24:39.758083 [TRG] pulses=2644 suppressed=33477 cyc=1600 rst=1 rstmode=0x40
2026-09-03T20:24:39.761456 [HLT] polls=5638 faults=0x0 cfglost=0
2026-09-03T20:24:39.767132 [EFF] n=5 last=58588 min=58472 max=58588 late=0 stuck=0 rderr=0
2026-09-03T20:24:39.771168 [DWT] ok=1 cyc=3922171047 cyc_per_ms=799999
2026-09-03T20:24:40.785020 [HB] up_ms=5949258 frames=281980 inf=281980 hazard=36121 canary_err=0 q=0 qovr=0
2026-09-03T20:24:40.796385 [I2C] init=0 gate=0 whoami=0x201e0 wr=0 wrseen=0x27 addr=0x5a ok=1141161 err=0 tmo=0 recov=0 pclk1=200000000 sysclk=400000000
2026-09-03T20:24:40.797752 [NAK] nacks=0
2026-09-03T20:24:40.802269 [CLK] cpu=800000000 sysb=400000000 pclk1=200000000
2026-09-03T20:24:40.806837 [TOF] res=0 step=0 id=0xeacc blk=0xeacc10 ctl=0x0
2026-09-03T20:24:40.812657 [RNG] init=0 step=99 id=0xeacc boot=1 calls=93 xerr=0 dm=1 tb=15
2026-09-03T20:24:40.819667 [RNG] osc=41 imp=881 imprb=881 mstart=0x40 cfg=91 cfgfail=0x0 vhv=0 vpolls=0
2026-09-03T20:24:40.825887 [PRT] calls=1127361 xerr=0 ler=1 lidx=0x0 perr=0 maxcnt=17 addr8=0x52
2026-09-03T20:24:40.830001 [RTY] wr=0 wmax=0 wref=0  rd=0 rmax=0 rref=0
2026-09-03T20:24:40.838167 [RNG] frames=281642 last=39 min=22 max=61 nrdy=340 dxfer=0 dstat=0 lst=0 nrdyerr=0 dclr=0
2026-09-03T20:24:40.844382 [DRV] init=0 id=7 mode=0x1 lib=0x2 seq=0x1 odc=0x8b sts=0xe0 armed=1
2026-09-03T20:24:40.849998 [TRG] pulses=2644 suppressed=33477 cyc=1600 rst=1 rstmode=0x40
2026-09-03T20:24:40.853392 [HLT] polls=5639 faults=0x0 cfglost=0
2026-09-03T20:24:40.859133 [EFF] n=5 last=58588 min=58472 max=58588 late=0 stuck=0 rderr=0
2026-09-03T20:24:40.863110 [DWT] ok=1 cyc=495101791 cyc_per_ms=799906
2026-09-03T20:24:41.877482 [HB] up_ms=5950343 frames=282031 inf=282031 hazard=36121 canary_err=0 q=0 qovr=0
2026-09-03T20:24:41.888803 [I2C] init=0 gate=0 whoami=0x201e0 wr=0 wrseen=0x27 addr=0x5a ok=1141370 err=0 tmo=0 recov=0 pclk1=200000000 sysclk=400000000
2026-09-03T20:24:41.889980 [NAK] nacks=0
2026-09-03T20:24:41.894626 [CLK] cpu=800000000 sysb=400000000 pclk1=200000000
2026-09-03T20:24:41.899218 [TOF] res=0 step=0 id=0xeacc blk=0xeacc10 ctl=0x0
2026-09-03T20:24:41.905099 [RNG] init=0 step=99 id=0xeacc boot=1 calls=93 xerr=0 dm=1 tb=15
2026-09-03T20:24:41.911967 [RNG] osc=41 imp=881 imprb=881 mstart=0x40 cfg=91 cfgfail=0x0 vhv=0 vpolls=0
2026-09-03T20:24:41.918219 [PRT] calls=1127565 xerr=0 ler=1 lidx=0x0 perr=0 maxcnt=17 addr8=0x52
2026-09-03T20:24:41.922465 [RTY] wr=0 wmax=0 wref=0  rd=0 rmax=0 rref=0
2026-09-03T20:24:41.930464 [RNG] frames=281694 last=43 min=22 max=61 nrdy=340 dxfer=0 dstat=0 lst=0 nrdyerr=0 dclr=0
2026-09-03T20:24:41.936642 [DRV] init=0 id=7 mode=0x1 lib=0x2 seq=0x1 odc=0x8b sts=0xe0 armed=1
2026-09-03T20:24:41.942218 [TRG] pulses=2644 suppressed=33477 cyc=1600 rst=1 rstmode=0x40
2026-09-03T20:24:41.945840 [HLT] polls=5640 faults=0x0 cfglost=0
2026-09-03T20:24:41.951599 [EFF] n=5 last=58588 min=58472 max=58588 late=0 stuck=0 rderr=0
2026-09-03T20:24:41.955615 [DWT] ok=1 cyc=1363203731 cyc_per_ms=800093
2026-09-03T20:24:42.969333 [HB] up_ms=5951428 frames=282083 inf=282083 hazard=36162 canary_err=0 q=0 qovr=0
2026-09-03T20:24:42.980605 [I2C] init=0 gate=0 whoami=0x201e0 wr=0 wrseen=0x27 addr=0x5a ok=1141577 err=0 tmo=0 recov=0 pclk1=200000000 sysclk=400000000
2026-09-03T20:24:42.981940 [NAK] nacks=0
2026-09-03T20:24:42.986595 [CLK] cpu=800000000 sysb=400000000 pclk1=200000000
2026-09-03T20:24:42.991053 [TOF] res=0 step=0 id=0xeacc blk=0xeacc10 ctl=0x0
2026-09-03T20:24:42.996932 [RNG] init=0 step=99 id=0xeacc boot=1 calls=93 xerr=0 dm=1 tb=15
2026-09-03T20:24:43.004071 [RNG] osc=41 imp=881 imprb=881 mstart=0x40 cfg=91 cfgfail=0x0 vhv=0 vpolls=0
2026-09-03T20:24:43.010191 [PRT] calls=1127773 xerr=0 ler=1 lidx=0x0 perr=0 maxcnt=17 addr8=0x52
2026-09-03T20:24:43.014215 [RTY] wr=0 wmax=0 wref=0  rd=0 rmax=0 rref=0
2026-09-03T20:24:43.022322 [RNG] frames=281745 last=35 min=22 max=61 nrdy=340 dxfer=0 dstat=0 lst=0 nrdyerr=0 dclr=0
2026-09-03T20:24:43.028625 [DRV] init=0 id=7 mode=0x1 lib=0x2 seq=0x1 odc=0x8b sts=0xe0 armed=1
2026-09-03T20:24:43.034197 [TRG] pulses=2647 suppressed=33515 cyc=1600 rst=1 rstmode=0x40
2026-09-03T20:24:43.037685 [HLT] polls=5641 faults=0x0 cfglost=0
2026-09-03T20:24:43.043436 [EFF] n=5 last=58588 min=58472 max=58588 late=0 stuck=0 rderr=0
2026-09-03T20:24:43.047427 [DWT] ok=1 cyc=2231101907 cyc_per_ms=799906
2026-09-03T20:24:44.060672 [HB] up_ms=5952513 frames=282134 inf=282134 hazard=36162 canary_err=0 q=0 qovr=0
2026-09-03T20:24:44.072056 [I2C] init=0 gate=0 whoami=0x201e0 wr=0 wrseen=0x27 addr=0x5a ok=1141783 err=0 tmo=0 recov=0 pclk1=200000000 sysclk=400000000
2026-09-03T20:24:44.073409 [NAK] nacks=0
2026-09-03T20:24:44.077907 [CLK] cpu=800000000 sysb=400000000 pclk1=200000000
2026-09-03T20:24:44.082407 [TOF] res=0 step=0 id=0xeacc blk=0xeacc10 ctl=0x0
2026-09-03T20:24:44.088425 [RNG] init=0 step=99 id=0xeacc boot=1 calls=93 xerr=0 dm=1 tb=15
2026-09-03T20:24:44.095286 [RNG] osc=41 imp=881 imprb=881 mstart=0x40 cfg=91 cfgfail=0x0 vhv=0 vpolls=0
2026-09-03T20:24:44.101536 [PRT] calls=1127977 xerr=0 ler=1 lidx=0x0 perr=0 maxcnt=17 addr8=0x52
2026-09-03T20:24:44.105546 [RTY] wr=0 wmax=0 wref=0  rd=0 rmax=0 rref=0
2026-09-03T20:24:44.113786 [RNG] frames=281796 last=41 min=22 max=61 nrdy=340 dxfer=0 dstat=0 lst=0 nrdyerr=0 dclr=0
2026-09-03T20:24:44.119911 [DRV] init=0 id=7 mode=0x1 lib=0x2 seq=0x1 odc=0x8b sts=0xe0 armed=1
2026-09-03T20:24:44.125535 [TRG] pulses=2647 suppressed=33515 cyc=1600 rst=1 rstmode=0x40
2026-09-03T20:24:44.129029 [HLT] polls=5642 faults=0x0 cfglost=0
2026-09-03T20:24:44.134903 [EFF] n=5 last=58588 min=58472 max=58588 late=0 stuck=0 rderr=0
2026-09-03T20:24:44.138785 [DWT] ok=1 cyc=3099203831 cyc_per_ms=800093
2026-09-03T20:24:45.152386 [HB] up_ms=5953598 frames=282186 inf=282186 hazard=36162 canary_err=0 q=0 qovr=0
2026-09-03T20:24:45.163515 [I2C] init=0 gate=0 whoami=0x201e0 wr=0 wrseen=0x27 addr=0x5a ok=1141993 err=0 tmo=0 recov=0 pclk1=200000000 sysclk=400000000
2026-09-03T20:24:45.164887 [NAK] nacks=0
2026-09-03T20:24:45.169661 [CLK] cpu=800000000 sysb=400000000 pclk1=200000000
2026-09-03T20:24:45.174144 [TOF] res=0 step=0 id=0xeacc blk=0xeacc10 ctl=0x0
2026-09-03T20:24:45.179912 [RNG] init=0 step=99 id=0xeacc boot=1 calls=93 xerr=0 dm=1 tb=15
2026-09-03T20:24:45.186824 [RNG] osc=41 imp=881 imprb=881 mstart=0x40 cfg=91 cfgfail=0x0 vhv=0 vpolls=0
2026-09-03T20:24:45.193137 [PRT] calls=1128181 xerr=0 ler=1 lidx=0x0 perr=0 maxcnt=17 addr8=0x52
2026-09-03T20:24:45.197248 [RTY] wr=0 wmax=0 wref=0  rd=0 rmax=0 rref=0
2026-09-03T20:24:45.205268 [RNG] frames=281848 last=44 min=22 max=61 nrdy=340 dxfer=0 dstat=0 lst=0 nrdyerr=0 dclr=0
2026-09-03T20:24:45.211375 [DRV] init=0 id=7 mode=0x1 lib=0x2 seq=0x1 odc=0x8b sts=0xe0 armed=1
2026-09-03T20:24:45.217259 [TRG] pulses=2647 suppressed=33515 cyc=1600 rst=1 rstmode=0x40
2026-09-03T20:24:45.220654 [HLT] polls=5643 faults=0x0 cfglost=0
2026-09-03T20:24:45.226374 [EFF] n=5 last=58588 min=58472 max=58588 late=0 stuck=0 rderr=0
2026-09-03T20:24:45.230380 [DWT] ok=1 cyc=3967203091 cyc_per_ms=799999
2026-09-03T20:24:46.243490 [HB] up_ms=5954683 frames=282237 inf=282237 hazard=36162 canary_err=0 q=0 qovr=0
2026-09-03T20:24:46.254874 [I2C] init=0 gate=0 whoami=0x201e0 wr=0 wrseen=0x27 addr=0x5a ok=1142199 err=0 tmo=0 recov=0 pclk1=200000000 sysclk=400000000
2026-09-03T20:24:46.256115 [NAK] nacks=0
2026-09-03T20:24:46.260740 [CLK] cpu=800000000 sysb=400000000 pclk1=200000000
2026-09-03T20:24:46.265232 [TOF] res=0 step=0 id=0xeacc blk=0xeacc10 ctl=0x0
2026-09-03T20:24:46.271124 [RNG] init=0 step=99 id=0xeacc boot=1 calls=93 xerr=0 dm=1 tb=15
2026-09-03T20:24:46.278109 [RNG] osc=41 imp=881 imprb=881 mstart=0x40 cfg=91 cfgfail=0x0 vhv=0 vpolls=0
2026-09-03T20:24:46.284355 [PRT] calls=1128389 xerr=0 ler=1 lidx=0x0 perr=0 maxcnt=17 addr8=0x52
2026-09-03T20:24:46.288382 [RTY] wr=0 wmax=0 wref=0  rd=0 rmax=0 rref=0
2026-09-03T20:24:46.296642 [RNG] frames=281899 last=39 min=22 max=61 nrdy=340 dxfer=0 dstat=0 lst=0 nrdyerr=0 dclr=0
2026-09-03T20:24:46.302781 [DRV] init=0 id=7 mode=0x1 lib=0x2 seq=0x1 odc=0x8b sts=0xe0 armed=1
2026-09-03T20:24:46.308358 [TRG] pulses=2647 suppressed=33515 cyc=1600 rst=1 rstmode=0x40
2026-09-03T20:24:46.311855 [HLT] polls=5644 faults=0x0 cfglost=0
2026-09-03T20:24:46.317725 [EFF] n=5 last=58588 min=58472 max=58588 late=0 stuck=0 rderr=0
2026-09-03T20:24:46.321624 [DWT] ok=1 cyc=540236583 cyc_per_ms=800000
2026-09-03T20:24:47.335097 [HB] up_ms=5955768 frames=282288 inf=282288 hazard=36162 canary_err=0 q=0 qovr=0
2026-09-03T20:24:47.346343 [I2C] init=0 gate=0 whoami=0x201e0 wr=0 wrseen=0x27 addr=0x5a ok=1142409 err=0 tmo=0 recov=0 pclk1=200000000 sysclk=400000000
2026-09-03T20:24:47.347609 [NAK] nacks=0
2026-09-03T20:24:47.352272 [CLK] cpu=800000000 sysb=400000000 pclk1=200000000
2026-09-03T20:24:47.356852 [TOF] res=0 step=0 id=0xeacc blk=0xeacc10 ctl=0x0
2026-09-03T20:24:47.362708 [RNG] init=0 step=99 id=0xeacc boot=1 calls=93 xerr=0 dm=1 tb=15
2026-09-03T20:24:47.369612 [RNG] osc=41 imp=881 imprb=881 mstart=0x40 cfg=91 cfgfail=0x0 vhv=0 vpolls=0
2026-09-03T20:24:47.375967 [PRT] calls=1128593 xerr=0 ler=1 lidx=0x0 perr=0 maxcnt=17 addr8=0x52
2026-09-03T20:24:47.379954 [RTY] wr=0 wmax=0 wref=0  rd=0 rmax=0 rref=0
2026-09-03T20:24:47.388087 [RNG] frames=281951 last=35 min=22 max=61 nrdy=340 dxfer=0 dstat=0 lst=0 nrdyerr=0 dclr=0
2026-09-03T20:24:47.394204 [DRV] init=0 id=7 mode=0x1 lib=0x2 seq=0x1 odc=0x8b sts=0xe0 armed=1
2026-09-03T20:24:47.399953 [TRG] pulses=2647 suppressed=33515 cyc=1600 rst=1 rstmode=0x40
2026-09-03T20:24:47.403507 [HLT] polls=5645 faults=0x0 cfglost=0
2026-09-03T20:24:47.409225 [EFF] n=5 last=58588 min=58472 max=58588 late=0 stuck=0 rderr=0
2026-09-03T20:24:47.413070 [DWT] ok=1 cyc=1408236423 cyc_per_ms=799999
2026-09-03T20:24:48.426838 [HB] up_ms=5956853 frames=282340 inf=282340 hazard=36162 canary_err=0 q=0 qovr=0
2026-09-03T20:24:48.438104 [I2C] init=0 gate=0 whoami=0x201e0 wr=0 wrseen=0x27 addr=0x5a ok=1142615 err=0 tmo=0 recov=0 pclk1=200000000 sysclk=400000000
2026-09-03T20:24:48.439431 [NAK] nacks=0
2026-09-03T20:24:48.444058 [CLK] cpu=800000000 sysb=400000000 pclk1=200000000
2026-09-03T20:24:48.448550 [TOF] res=0 step=0 id=0xeacc blk=0xeacc10 ctl=0x0
2026-09-03T20:24:48.454321 [RNG] init=0 step=99 id=0xeacc boot=1 calls=93 xerr=0 dm=1 tb=15
2026-09-03T20:24:48.461312 [RNG] osc=41 imp=881 imprb=881 mstart=0x40 cfg=91 cfgfail=0x0 vhv=0 vpolls=0
2026-09-03T20:24:48.467675 [PRT] calls=1128801 xerr=0 ler=1 lidx=0x0 perr=0 maxcnt=17 addr8=0x52
2026-09-03T20:24:48.471694 [RTY] wr=0 wmax=0 wref=0  rd=0 rmax=0 rref=0
2026-09-03T20:24:48.479801 [RNG] frames=282002 last=52 min=22 max=61 nrdy=340 dxfer=0 dstat=0 lst=0 nrdyerr=0 dclr=0
2026-09-03T20:24:48.486058 [DRV] init=0 id=7 mode=0x1 lib=0x2 seq=0x1 odc=0x8b sts=0xe0 armed=1
2026-09-03T20:24:48.491676 [TRG] pulses=2647 suppressed=33515 cyc=1600 rst=1 rstmode=0x40
2026-09-03T20:24:48.495175 [HLT] polls=5646 faults=0x0 cfglost=0
2026-09-03T20:24:48.500929 [EFF] n=5 last=58588 min=58472 max=58588 late=0 stuck=0 rderr=0
2026-09-03T20:24:48.504971 [DWT] ok=1 cyc=2276134519 cyc_per_ms=799906
2026-09-03T20:24:49.519449 [HB] up_ms=5957938 frames=282391 inf=282391 hazard=36193 canary_err=0 q=0 qovr=0
2026-09-03T20:24:49.530416 [I2C] init=0 gate=0 whoami=0x201e0 wr=0 wrseen=0x27 addr=0x5a ok=1142824 err=0 tmo=0 recov=0 pclk1=200000000 sysclk=400000000
2026-09-03T20:24:49.531891 [NAK] nacks=0
2026-09-03T20:24:49.536303 [CLK] cpu=800000000 sysb=400000000 pclk1=200000000
2026-09-03T20:24:49.540889 [TOF] res=0 step=0 id=0xeacc blk=0xeacc10 ctl=0x0
2026-09-03T20:24:49.546761 [RNG] init=0 step=99 id=0xeacc boot=1 calls=93 xerr=0 dm=1 tb=15
2026-09-03T20:24:49.553645 [RNG] osc=41 imp=881 imprb=881 mstart=0x40 cfg=91 cfgfail=0x0 vhv=0 vpolls=0
2026-09-03T20:24:49.559886 [PRT] calls=1129005 xerr=0 ler=1 lidx=0x0 perr=0 maxcnt=17 addr8=0x52
2026-09-03T20:24:49.564169 [RTY] wr=0 wmax=0 wref=0  rd=0 rmax=0 rref=0
2026-09-03T20:24:49.572146 [RNG] frames=282054 last=47 min=22 max=61 nrdy=340 dxfer=0 dstat=0 lst=0 nrdyerr=0 dclr=0
2026-09-03T20:24:49.578379 [DRV] init=0 id=7 mode=0x1 lib=0x2 seq=0x1 odc=0x8b sts=0xe0 armed=1
2026-09-03T20:24:49.584029 [TRG] pulses=2650 suppressed=33546 cyc=1600 rst=1 rstmode=0x40
2026-09-03T20:24:49.587650 [HLT] polls=5647 faults=0x0 cfglost=0
2026-09-03T20:24:49.593383 [EFF] n=5 last=58588 min=58472 max=58588 late=0 stuck=0 rderr=0
2026-09-03T20:24:49.597251 [DWT] ok=1 cyc=3144240183 cyc_per_ms=800097
2026-09-03T20:24:50.611267 [HB] up_ms=5959023 frames=282443 inf=282443 hazard=36203 canary_err=0 q=0 qovr=0
2026-09-03T20:24:50.622513 [I2C] init=0 gate=0 whoami=0x201e0 wr=0 wrseen=0x27 addr=0x5a ok=1143031 err=0 tmo=0 recov=0 pclk1=200000000 sysclk=400000000
2026-09-03T20:24:50.623888 [NAK] nacks=0
2026-09-03T20:24:50.628506 [CLK] cpu=800000000 sysb=400000000 pclk1=200000000
2026-09-03T20:24:50.633007 [TOF] res=0 step=0 id=0xeacc blk=0xeacc10 ctl=0x0
2026-09-03T20:24:50.638766 [RNG] init=0 step=99 id=0xeacc boot=1 calls=93 xerr=0 dm=1 tb=15
2026-09-03T20:24:50.645802 [RNG] osc=41 imp=881 imprb=881 mstart=0x40 cfg=91 cfgfail=0x0 vhv=0 vpolls=0
2026-09-03T20:24:50.652180 [PRT] calls=1129213 xerr=0 ler=1 lidx=0x0 perr=0 maxcnt=17 addr8=0x52
2026-09-03T20:24:50.656133 [RTY] wr=0 wmax=0 wref=0  rd=0 rmax=0 rref=0
2026-09-03T20:24:50.664130 [RNG] frames=282105 last=38 min=22 max=61 nrdy=340 dxfer=0 dstat=0 lst=0 nrdyerr=0 dclr=0
2026-09-03T20:24:50.670590 [DRV] init=0 id=7 mode=0x1 lib=0x2 seq=0x1 odc=0x8b sts=0xe0 armed=1
2026-09-03T20:24:50.676129 [TRG] pulses=2650 suppressed=33553 cyc=1600 rst=1 rstmode=0x40
2026-09-03T20:24:50.679632 [HLT] polls=5648 faults=0x0 cfglost=0
2026-09-03T20:24:50.685251 [EFF] n=5 last=58588 min=58472 max=58588 late=0 stuck=0 rderr=0
2026-09-03T20:24:50.689381 [DWT] ok=1 cyc=4012134619 cyc_per_ms=799902
2026-09-03T20:24:51.702875 [HB] up_ms=5960108 frames=282494 inf=282494 hazard=36203 canary_err=0 q=0 qovr=0
2026-09-03T20:24:51.714126 [I2C] init=0 gate=0 whoami=0x201e0 wr=0 wrseen=0x27 addr=0x5a ok=1143237 err=0 tmo=0 recov=0 pclk1=200000000 sysclk=400000000
2026-09-03T20:24:51.715483 [NAK] nacks=0
2026-09-03T20:24:51.719995 [CLK] cpu=800000000 sysb=400000000 pclk1=200000000
2026-09-03T20:24:51.724506 [TOF] res=0 step=0 id=0xeacc blk=0xeacc10 ctl=0x0
2026-09-03T20:24:51.730500 [RNG] init=0 step=99 id=0xeacc boot=1 calls=93 xerr=0 dm=1 tb=15
2026-09-03T20:24:51.737371 [RNG] osc=41 imp=881 imprb=881 mstart=0x40 cfg=91 cfgfail=0x0 vhv=0 vpolls=0
2026-09-03T20:24:51.743643 [PRT] calls=1129417 xerr=0 ler=1 lidx=0x0 perr=0 maxcnt=17 addr8=0x52
2026-09-03T20:24:51.747742 [RTY] wr=0 wmax=0 wref=0  rd=0 rmax=0 rref=0
2026-09-03T20:24:51.755868 [RNG] frames=282156 last=36 min=22 max=61 nrdy=340 dxfer=0 dstat=0 lst=0 nrdyerr=0 dclr=0
2026-09-03T20:24:51.761985 [DRV] init=0 id=7 mode=0x1 lib=0x2 seq=0x1 odc=0x8b sts=0xe0 armed=1
2026-09-03T20:24:51.767737 [TRG] pulses=2650 suppressed=33553 cyc=1600 rst=1 rstmode=0x40
2026-09-03T20:24:51.771111 [HLT] polls=5649 faults=0x0 cfglost=0
2026-09-03T20:24:51.776983 [EFF] n=5 last=58588 min=58472 max=58588 late=0 stuck=0 rderr=0
2026-09-03T20:24:51.780850 [DWT] ok=1 cyc=585269327 cyc_per_ms=800094
2026-09-03T20:24:52.794469 [HB] up_ms=5961193 frames=282546 inf=282546 hazard=36203 canary_err=0 q=0 qovr=0
2026-09-03T20:24:52.805726 [I2C] init=0 gate=0 whoami=0x201e0 wr=0 wrseen=0x27 addr=0x5a ok=1143447 err=0 tmo=0 recov=0 pclk1=200000000 sysclk=400000000
2026-09-03T20:24:52.807095 [NAK] nacks=0
2026-09-03T20:24:52.811704 [CLK] cpu=800000000 sysb=400000000 pclk1=200000000
2026-09-03T20:24:52.816221 [TOF] res=0 step=0 id=0xeacc blk=0xeacc10 ctl=0x0
2026-09-03T20:24:52.822093 [RNG] init=0 step=99 id=0xeacc boot=1 calls=93 xerr=0 dm=1 tb=15
2026-09-03T20:24:52.828984 [RNG] osc=41 imp=881 imprb=881 mstart=0x40 cfg=91 cfgfail=0x0 vhv=0 vpolls=0
2026-09-03T20:24:52.835361 [PRT] calls=1129621 xerr=0 ler=1 lidx=0x0 perr=0 maxcnt=17 addr8=0x52
2026-09-03T20:24:52.839465 [RTY] wr=0 wmax=0 wref=0  rd=0 rmax=0 rref=0
2026-09-03T20:24:52.847458 [RNG] frames=282208 last=42 min=22 max=61 nrdy=340 dxfer=0 dstat=0 lst=0 nrdyerr=0 dclr=0
2026-09-03T20:24:52.853798 [DRV] init=0 id=7 mode=0x1 lib=0x2 seq=0x1 odc=0x8b sts=0xe0 armed=1
2026-09-03T20:24:52.859460 [TRG] pulses=2650 suppressed=33553 cyc=1600 rst=1 rstmode=0x40
2026-09-03T20:24:52.862834 [HLT] polls=5650 faults=0x0 cfglost=0
2026-09-03T20:24:52.868607 [EFF] n=5 last=58588 min=58472 max=58588 late=0 stuck=0 rderr=0
2026-09-03T20:24:52.872612 [DWT] ok=1 cyc=1453268599 cyc_per_ms=799999
2026-09-03T20:24:53.886597 [HB] up_ms=5962278 frames=282597 inf=282597 hazard=36203 canary_err=0 q=0 qovr=0
2026-09-03T20:24:53.897948 [I2C] init=0 gate=0 whoami=0x201e0 wr=0 wrseen=0x27 addr=0x5a ok=1143653 err=0 tmo=0 recov=0 pclk1=200000000 sysclk=400000000
2026-09-03T20:24:53.899192 [NAK] nacks=0
2026-09-03T20:24:53.903828 [CLK] cpu=800000000 sysb=400000000 pclk1=200000000
2026-09-03T20:24:53.908320 [TOF] res=0 step=0 id=0xeacc blk=0xeacc10 ctl=0x0
2026-09-03T20:24:53.914213 [RNG] init=0 step=99 id=0xeacc boot=1 calls=93 xerr=0 dm=1 tb=15
2026-09-03T20:24:53.921195 [RNG] osc=41 imp=881 imprb=881 mstart=0x40 cfg=91 cfgfail=0x0 vhv=0 vpolls=0
2026-09-03T20:24:53.927438 [PRT] calls=1129829 xerr=0 ler=1 lidx=0x0 perr=0 maxcnt=17 addr8=0x52
2026-09-03T20:24:53.931581 [RTY] wr=0 wmax=0 wref=0  rd=0 rmax=0 rref=0
2026-09-03T20:24:53.939689 [RNG] frames=282259 last=38 min=22 max=61 nrdy=340 dxfer=0 dstat=0 lst=0 nrdyerr=0 dclr=0
2026-09-03T20:24:53.945943 [DRV] init=0 id=7 mode=0x1 lib=0x2 seq=0x1 odc=0x8b sts=0xe0 armed=1
2026-09-03T20:24:53.951585 [TRG] pulses=2650 suppressed=33553 cyc=1600 rst=1 rstmode=0x40
2026-09-03T20:24:53.954935 [HLT] polls=5652 faults=0x0 cfglost=0
2026-09-03T20:24:53.960814 [EFF] n=5 last=58588 min=58472 max=58588 late=0 stuck=0 rderr=0
2026-09-03T20:24:53.964816 [DWT] ok=1 cyc=2321301855 cyc_per_ms=800030
2026-09-03T20:24:54.979307 [HB] up_ms=5963363 frames=282648 inf=282648 hazard=36203 canary_err=0 q=0 qovr=0
2026-09-03T20:24:54.990441 [I2C] init=0 gate=0 whoami=0x201e0 wr=0 wrseen=0x27 addr=0x5a ok=1143863 err=0 tmo=0 recov=0 pclk1=200000000 sysclk=400000000
2026-09-03T20:24:54.991797 [NAK] nacks=0
2026-09-03T20:24:54.996456 [CLK] cpu=800000000 sysb=400000000 pclk1=200000000
2026-09-03T20:24:55.001035 [TOF] res=0 step=0 id=0xeacc blk=0xeacc10 ctl=0x0
2026-09-03T20:24:55.006926 [RNG] init=0 step=99 id=0xeacc boot=1 calls=93 xerr=0 dm=1 tb=15
2026-09-03T20:24:55.013796 [RNG] osc=41 imp=881 imprb=881 mstart=0x40 cfg=91 cfgfail=0x0 vhv=0 vpolls=0
2026-09-03T20:24:55.020058 [PRT] calls=1130033 xerr=0 ler=1 lidx=0x0 perr=0 maxcnt=17 addr8=0x52
2026-09-03T20:24:55.024203 [RTY] wr=0 wmax=0 wref=0  rd=0 rmax=0 rref=0
2026-09-03T20:24:55.032165 [RNG] frames=282311 last=48 min=22 max=61 nrdy=340 dxfer=0 dstat=0 lst=0 nrdyerr=0 dclr=0
2026-09-03T20:24:55.038425 [DRV] init=0 id=7 mode=0x1 lib=0x2 seq=0x1 odc=0x8b sts=0xe0 armed=1
2026-09-03T20:24:55.044166 [TRG] pulses=2650 suppressed=33553 cyc=1600 rst=1 rstmode=0x40
2026-09-03T20:24:55.047659 [HLT] polls=5653 faults=0x0 cfglost=0
2026-09-03T20:24:55.053422 [EFF] n=5 last=58588 min=58472 max=58588 late=0 stuck=0 rderr=0
2026-09-03T20:24:55.057288 [DWT] ok=1 cyc=3189301767 cyc_per_ms=799999
2026-09-03T20:24:56.071595 [HB] up_ms=5964448 frames=282700 inf=282700 hazard=36223 canary_err=0 q=0 qovr=0
2026-09-03T20:24:56.083319 [I2C] init=0 gate=0 whoami=0x201e0 wr=0 wrseen=0x27 addr=0x5a ok=1144071 err=0 tmo=0 recov=0 pclk1=200000000 sysclk=400000000
2026-09-03T20:24:56.084036 [NAK] nacks=0
2026-09-03T20:24:56.088746 [CLK] cpu=800000000 sysb=400000000 pclk1=200000000
2026-09-03T20:24:56.093173 [TOF] res=0 step=0 id=0xeacc blk=0xeacc10 ctl=0x0
2026-09-03T20:24:56.099041 [RNG] init=0 step=99 id=0xeacc boot=1 calls=93 xerr=0 dm=1 tb=15
2026-09-03T20:24:56.106166 [RNG] osc=41 imp=881 imprb=881 mstart=0x40 cfg=91 cfgfail=0x0 vhv=0 vpolls=0
2026-09-03T20:24:56.112285 [PRT] calls=1130241 xerr=0 ler=1 lidx=0x0 perr=0 maxcnt=17 addr8=0x52
2026-09-03T20:24:56.116394 [RTY] wr=0 wmax=0 wref=0  rd=0 rmax=0 rref=0
2026-09-03T20:24:56.124517 [RNG] frames=282362 last=43 min=22 max=61 nrdy=340 dxfer=0 dstat=0 lst=0 nrdyerr=0 dclr=0
2026-09-03T20:24:56.130775 [DRV] init=0 id=7 mode=0x1 lib=0x2 seq=0x1 odc=0x8b sts=0xe0 armed=1
2026-09-03T20:24:56.136429 [TRG] pulses=2652 suppressed=33574 cyc=1600 rst=1 rstmode=0x40
2026-09-03T20:24:56.139802 [HLT] polls=5654 faults=0x0 cfglost=0
2026-09-03T20:24:56.145527 [EFF] n=5 last=58588 min=58472 max=58588 late=0 stuck=0 rderr=0
2026-09-03T20:24:56.149652 [DWT] ok=1 cyc=4057169967 cyc_per_ms=799878
2026-09-03T20:24:57.164014 [HB] up_ms=5965533 frames=282751 inf=282751 hazard=36244 canary_err=0 q=0 qovr=0
2026-09-03T20:24:57.175271 [I2C] init=0 gate=0 whoami=0x201e0 wr=0 wrseen=0x27 addr=0x5a ok=1144280 err=0 tmo=0 recov=0 pclk1=200000000 sysclk=400000000
2026-09-03T20:24:57.176506 [NAK] nacks=0
2026-09-03T20:24:57.181126 [CLK] cpu=800000000 sysb=400000000 pclk1=200000000
2026-09-03T20:24:57.185764 [TOF] res=0 step=0 id=0xeacc blk=0xeacc10 ctl=0x0
2026-09-03T20:24:57.191681 [RNG] init=0 step=99 id=0xeacc boot=1 calls=93 xerr=0 dm=1 tb=15
2026-09-03T20:24:57.198504 [RNG] osc=41 imp=881 imprb=881 mstart=0x40 cfg=91 cfgfail=0x0 vhv=0 vpolls=0
2026-09-03T20:24:57.204756 [PRT] calls=1130445 xerr=0 ler=1 lidx=0x0 perr=0 maxcnt=17 addr8=0x52
2026-09-03T20:24:57.209010 [RTY] wr=0 wmax=0 wref=0  rd=0 rmax=0 rref=0
2026-09-03T20:24:57.216999 [RNG] frames=282414 last=41 min=22 max=61 nrdy=340 dxfer=0 dstat=0 lst=0 nrdyerr=0 dclr=0
2026-09-03T20:24:57.223154 [DRV] init=0 id=7 mode=0x1 lib=0x2 seq=0x1 odc=0x8b sts=0xe0 armed=1
2026-09-03T20:24:57.228887 [TRG] pulses=2653 suppressed=33591 cyc=1600 rst=1 rstmode=0x40
2026-09-03T20:24:57.232371 [HLT] polls=5655 faults=0x0 cfglost=0
2026-09-03T20:24:57.238128 [EFF] n=5 last=58588 min=58472 max=58588 late=0 stuck=0 rderr=0
2026-09-03T20:24:57.242037 [DWT] ok=1 cyc=630301919 cyc_per_ms=800091
2026-09-03T20:24:58.256632 [HB] up_ms=5966618 frames=282803 inf=282803 hazard=36244 canary_err=0 q=0 qovr=0
2026-09-03T20:24:58.267789 [I2C] init=0 gate=0 whoami=0x201e0 wr=0 wrseen=0x27 addr=0x5a ok=1144487 err=0 tmo=0 recov=0 pclk1=200000000 sysclk=400000000
2026-09-03T20:24:58.269162 [NAK] nacks=0
2026-09-03T20:24:58.273805 [CLK] cpu=800000000 sysb=400000000 pclk1=200000000
2026-09-03T20:24:58.278288 [TOF] res=0 step=0 id=0xeacc blk=0xeacc10 ctl=0x0
2026-09-03T20:24:58.284206 [RNG] init=0 step=99 id=0xeacc boot=1 calls=93 xerr=0 dm=1 tb=15
2026-09-03T20:24:58.291110 [RNG] osc=41 imp=881 imprb=881 mstart=0x40 cfg=91 cfgfail=0x0 vhv=0 vpolls=0
2026-09-03T20:24:58.297369 [PRT] calls=1130653 xerr=0 ler=1 lidx=0x0 perr=0 maxcnt=17 addr8=0x52
2026-09-03T20:24:58.302726 [RTY] wr=0 wmax=0 wref=0  rd=0 rmax=0 rref=0
2026-09-03T20:24:58.309368 [RNG] frames=282465 last=51 min=22 max=61 nrdy=340 dxfer=0 dstat=0 lst=0 nrdyerr=0 dclr=0
2026-09-03T20:24:58.315734 [DRV] init=0 id=7 mode=0x1 lib=0x2 seq=0x1 odc=0x8b sts=0xe0 armed=1
2026-09-03T20:24:58.321369 [TRG] pulses=2653 suppressed=33591 cyc=1600 rst=1 rstmode=0x40
2026-09-03T20:24:58.324850 [HLT] polls=5656 faults=0x0 cfglost=0
2026-09-03T20:24:58.330629 [EFF] n=5 last=58588 min=58472 max=58588 late=0 stuck=0 rderr=0
2026-09-03T20:24:58.334649 [DWT] ok=1 cyc=1498200007 cyc_per_ms=799906
2026-09-03T20:24:59.348724 [HB] up_ms=5967703 frames=282854 inf=282854 hazard=36244 canary_err=0 q=0 qovr=0
2026-09-03T20:24:59.360090 [I2C] init=0 gate=0 whoami=0x201e0 wr=0 wrseen=0x27 addr=0x5a ok=1144693 err=0 tmo=0 recov=0 pclk1=200000000 sysclk=400000000
2026-09-03T20:24:59.361349 [NAK] nacks=0
2026-09-03T20:24:59.365955 [CLK] cpu=800000000 sysb=400000000 pclk1=200000000
2026-09-03T20:24:59.371548 [TOF] res=0 step=0 id=0xeacc blk=0xeacc10 ctl=0x0
2026-09-03T20:24:59.376501 [RNG] init=0 step=99 id=0xeacc boot=1 calls=93 xerr=0 dm=1 tb=15
2026-09-03T20:24:59.383350 [RNG] osc=41 imp=881 imprb=881 mstart=0x40 cfg=91 cfgfail=0x0 vhv=0 vpolls=0
2026-09-03T20:24:59.389707 [PRT] calls=1130857 xerr=0 ler=1 lidx=0x0 perr=0 maxcnt=17 addr8=0x52
2026-09-03T20:24:59.393711 [RTY] wr=0 wmax=0 wref=0  rd=0 rmax=0 rref=0
2026-09-03T20:24:59.401852 [RNG] frames=282516 last=45 min=22 max=61 nrdy=340 dxfer=0 dstat=0 lst=0 nrdyerr=0 dclr=0
2026-09-03T20:24:59.407973 [DRV] init=0 id=7 mode=0x1 lib=0x2 seq=0x1 odc=0x8b sts=0xe0 armed=1
2026-09-03T20:24:59.413632 [TRG] pulses=2653 suppressed=33591 cyc=1600 rst=1 rstmode=0x40
2026-09-03T20:24:59.417109 [HLT] polls=5657 faults=0x0 cfglost=0
2026-09-03T20:24:59.422997 [EFF] n=5 last=58588 min=58472 max=58588 late=0 stuck=0 rderr=0
2026-09-03T20:24:59.426970 [DWT] ok=1 cyc=2366301991 cyc_per_ms=800093
2026-09-03T20:25:00.440631 [HB] up_ms=5968788 frames=282906 inf=282906 hazard=36244 canary_err=0 q=0 qovr=0
2026-09-03T20:25:00.451890 [I2C] init=0 gate=0 whoami=0x201e0 wr=0 wrseen=0x27 addr=0x5a ok=1144903 err=0 tmo=0 recov=0 pclk1=200000000 sysclk=400000000
2026-09-03T20:25:00.453372 [NAK] nacks=0
2026-09-03T20:25:00.457819 [CLK] cpu=800000000 sysb=400000000 pclk1=200000000
2026-09-03T20:25:00.462309 [TOF] res=0 step=0 id=0xeacc blk=0xeacc10 ctl=0x0
2026-09-03T20:25:00.468186 [RNG] init=0 step=99 id=0xeacc boot=1 calls=93 xerr=0 dm=1 tb=15
2026-09-03T20:25:00.475066 [RNG] osc=41 imp=881 imprb=881 mstart=0x40 cfg=91 cfgfail=0x0 vhv=0 vpolls=0
2026-09-03T20:25:00.481431 [PRT] calls=1131061 xerr=0 ler=1 lidx=0x0 perr=0 maxcnt=17 addr8=0x52
2026-09-03T20:25:00.485466 [RTY] wr=0 wmax=0 wref=0  rd=0 rmax=0 rref=0
2026-09-03T20:25:00.493582 [RNG] frames=282568 last=45 min=22 max=61 nrdy=340 dxfer=0 dstat=0 lst=0 nrdyerr=0 dclr=0
2026-09-03T20:25:00.499695 [DRV] init=0 id=7 mode=0x1 lib=0x2 seq=0x1 odc=0x8b sts=0xe0 armed=1
2026-09-03T20:25:00.505445 [TRG] pulses=2653 suppressed=33591 cyc=1600 rst=1 rstmode=0x40
2026-09-03T20:25:00.508930 [HLT] polls=5658 faults=0x0 cfglost=0
2026-09-03T20:25:00.514673 [EFF] n=5 last=58588 min=58472 max=58588 late=0 stuck=0 rderr=0
2026-09-03T20:25:00.518700 [DWT] ok=1 cyc=3234301195 cyc_per_ms=799999
2026-09-03T20:25:01.532642 [HB] up_ms=5969873 frames=282957 inf=282957 hazard=36244 canary_err=0 q=0 qovr=0
2026-09-03T20:25:01.543974 [I2C] init=0 gate=0 whoami=0x201e0 wr=0 wrseen=0x27 addr=0x5a ok=1145109 err=0 tmo=0 recov=0 pclk1=200000000 sysclk=400000000
2026-09-03T20:25:01.545196 [NAK] nacks=0
2026-09-03T20:25:01.549863 [CLK] cpu=800000000 sysb=400000000 pclk1=200000000
2026-09-03T20:25:01.554377 [TOF] res=0 step=0 id=0xeacc blk=0xeacc10 ctl=0x0
2026-09-03T20:25:01.560205 [RNG] init=0 step=99 id=0xeacc boot=1 calls=93 xerr=0 dm=1 tb=15
2026-09-03T20:25:01.567222 [RNG] osc=41 imp=881 imprb=881 mstart=0x40 cfg=91 cfgfail=0x0 vhv=0 vpolls=0
2026-09-03T20:25:01.573465 [PRT] calls=1131269 xerr=0 ler=1 lidx=0x0 perr=0 maxcnt=17 addr8=0x52
2026-09-03T20:25:01.577439 [RTY] wr=0 wmax=0 wref=0  rd=0 rmax=0 rref=0
2026-09-03T20:25:01.585976 [RNG] frames=282619 last=52 min=22 max=61 nrdy=340 dxfer=0 dstat=0 lst=0 nrdyerr=0 dclr=0
2026-09-03T20:25:01.591851 [DRV] init=0 id=7 mode=0x1 lib=0x2 seq=0x1 odc=0x8b sts=0xe0 armed=1
2026-09-03T20:25:01.597476 [TRG] pulses=2653 suppressed=33591 cyc=1600 rst=1 rstmode=0x40
2026-09-03T20:25:01.600937 [HLT] polls=5659 faults=0x0 cfglost=0
2026-09-03T20:25:01.606841 [EFF] n=5 last=58588 min=58472 max=58588 late=0 stuck=0 rderr=0
2026-09-03T20:25:01.611474 [DWT] ok=1 cyc=4102302059 cyc_per_ms=800000
2026-09-03T20:25:02.624971 [HB] up_ms=5970958 frames=283008 inf=283008 hazard=36252 canary_err=0 q=0 qovr=0
2026-09-03T20:25:02.636464 [I2C] init=0 gate=0 whoami=0x201e0 wr=0 wrseen=0x27 addr=0x5a ok=1145319 err=0 tmo=0 recov=0 pclk1=200000000 sysclk=400000000
2026-09-03T20:25:02.637600 [NAK] nacks=0
2026-09-03T20:25:02.642087 [CLK] cpu=800000000 sysb=400000000 pclk1=200000000
2026-09-03T20:25:02.646796 [TOF] res=0 step=0 id=0xeacc blk=0xeacc10 ctl=0x0
2026-09-03T20:25:02.652785 [RNG] init=0 step=99 id=0xeacc boot=1 calls=93 xerr=0 dm=1 tb=15
2026-09-03T20:25:02.659439 [RNG] osc=41 imp=881 imprb=881 mstart=0x40 cfg=91 cfgfail=0x0 vhv=0 vpolls=0
2026-09-03T20:25:02.665815 [PRT] calls=1131473 xerr=0 ler=1 lidx=0x0 perr=0 maxcnt=17 addr8=0x52
2026-09-03T20:25:02.669912 [RTY] wr=0 wmax=0 wref=0  rd=0 rmax=0 rref=0
2026-09-03T20:25:02.677927 [RNG] frames=282671 last=42 min=22 max=61 nrdy=340 dxfer=0 dstat=0 lst=0 nrdyerr=0 dclr=0
2026-09-03T20:25:02.684770 [DRV] init=0 id=7 mode=0x1 lib=0x2 seq=0x1 odc=0x8b sts=0xe0 armed=1
2026-09-03T20:25:02.689955 [TRG] pulses=2654 suppressed=33601 cyc=1600 rst=1 rstmode=0x40
2026-09-03T20:25:02.693420 [HLT] polls=5660 faults=0x0 cfglost=0
2026-09-03T20:25:02.699186 [EFF] n=5 last=58588 min=58472 max=58588 late=0 stuck=0 rderr=0
2026-09-03T20:25:02.703049 [DWT] ok=1 cyc=675338267 cyc_per_ms=800003
2026-09-03T20:25:03.717312 [HB] up_ms=5972043 frames=283060 inf=283060 hazard=36285 canary_err=0 q=0 qovr=0
2026-09-03T20:25:03.728666 [I2C] init=0 gate=0 whoami=0x201e0 wr=0 wrseen=0x27 addr=0x5a ok=1145525 err=0 tmo=0 recov=0 pclk1=200000000 sysclk=400000000
2026-09-03T20:25:03.729913 [NAK] nacks=0
2026-09-03T20:25:03.735323 [CLK] cpu=800000000 sysb=400000000 pclk1=200000000
2026-09-03T20:25:03.739045 [TOF] res=0 step=0 id=0xeacc blk=0xeacc10 ctl=0x0
2026-09-03T20:25:03.744911 [RNG] init=0 step=99 id=0xeacc boot=1 calls=93 xerr=0 dm=1 tb=15
2026-09-03T20:25:03.751937 [RNG] osc=41 imp=881 imprb=881 mstart=0x40 cfg=91 cfgfail=0x0 vhv=0 vpolls=0
2026-09-03T20:25:03.758178 [PRT] calls=1131681 xerr=0 ler=1 lidx=0x0 perr=0 maxcnt=17 addr8=0x52
2026-09-03T20:25:03.762284 [RTY] wr=0 wmax=0 wref=0  rd=0 rmax=0 rref=0
2026-09-03T20:25:03.770457 [RNG] frames=282722 last=40 min=22 max=61 nrdy=340 dxfer=0 dstat=0 lst=0 nrdyerr=0 dclr=0
2026-09-03T20:25:03.776536 [DRV] init=0 id=7 mode=0x1 lib=0x2 seq=0x1 odc=0x8b sts=0xe0 armed=1
2026-09-03T20:25:03.782271 [TRG] pulses=2656 suppressed=33629 cyc=1600 rst=1 rstmode=0x40
2026-09-03T20:25:03.785705 [HLT] polls=5661 faults=0x0 cfglost=0
2026-09-03T20:25:03.791412 [EFF] n=5 last=58588 min=58472 max=58588 late=0 stuck=0 rderr=0
2026-09-03T20:25:03.795511 [DWT] ok=1 cyc=1543232659 cyc_per_ms=799902
2026-09-03T20:25:04.809921 [HB] up_ms=5973128 frames=283111 inf=283111 hazard=36285 canary_err=0 q=0 qovr=0
2026-09-03T20:25:04.821168 [I2C] init=0 gate=0 whoami=0x201e0 wr=0 wrseen=0x27 addr=0x5a ok=1145734 err=0 tmo=0 recov=0 pclk1=200000000 sysclk=400000000
2026-09-03T20:25:04.822539 [NAK] nacks=0
2026-09-03T20:25:04.827022 [CLK] cpu=800000000 sysb=400000000 pclk1=200000000
2026-09-03T20:25:04.831667 [TOF] res=0 step=0 id=0xeacc blk=0xeacc10 ctl=0x0
2026-09-03T20:25:04.837524 [RNG] init=0 step=99 id=0xeacc boot=1 calls=93 xerr=0 dm=1 tb=15
2026-09-03T20:25:04.844410 [RNG] osc=41 imp=881 imprb=881 mstart=0x40 cfg=91 cfgfail=0x0 vhv=0 vpolls=0
2026-09-03T20:25:04.850756 [PRT] calls=1131885 xerr=0 ler=1 lidx=0x0 perr=0 maxcnt=17 addr8=0x52
2026-09-03T20:25:04.855027 [RTY] wr=0 wmax=0 wref=0  rd=0 rmax=0 rref=0
2026-09-03T20:25:04.862912 [RNG] frames=282774 last=47 min=22 max=61 nrdy=340 dxfer=0 dstat=0 lst=0 nrdyerr=0 dclr=0
2026-09-03T20:25:04.869168 [DRV] init=0 id=7 mode=0x1 lib=0x2 seq=0x1 odc=0x8b sts=0xe0 armed=1
2026-09-03T20:25:04.874761 [TRG] pulses=2656 suppressed=33629 cyc=1600 rst=1 rstmode=0x40
2026-09-03T20:25:04.878381 [HLT] polls=5662 faults=0x0 cfglost=0
2026-09-03T20:25:04.884181 [EFF] n=5 last=58588 min=58472 max=58588 late=0 stuck=0 rderr=0
2026-09-03T20:25:04.888158 [DWT] ok=1 cyc=2411334623 cyc_per_ms=800093
2026-09-03T20:25:05.902682 [HB] up_ms=5974213 frames=283163 inf=283163 hazard=36285 canary_err=0 q=0 qovr=0
2026-09-03T20:25:05.913905 [I2C] init=0 gate=0 whoami=0x201e0 wr=0 wrseen=0x27 addr=0x5a ok=1145941 err=0 tmo=0 recov=0 pclk1=200000000 sysclk=400000000
2026-09-03T20:25:05.915259 [NAK] nacks=0
2026-09-03T20:25:05.919898 [CLK] cpu=800000000 sysb=400000000 pclk1=200000000
2026-09-03T20:25:05.924397 [TOF] res=0 step=0 id=0xeacc blk=0xeacc10 ctl=0x0
2026-09-03T20:25:05.930262 [RNG] init=0 step=99 id=0xeacc boot=1 calls=93 xerr=0 dm=1 tb=15
2026-09-03T20:25:05.937264 [RNG] osc=41 imp=881 imprb=881 mstart=0x40 cfg=91 cfgfail=0x0 vhv=0 vpolls=0
2026-09-03T20:25:05.943500 [PRT] calls=1132093 xerr=0 ler=1 lidx=0x0 perr=0 maxcnt=17 addr8=0x52
2026-09-03T20:25:05.947654 [RTY] wr=0 wmax=0 wref=0  rd=0 rmax=0 rref=0
2026-09-03T20:25:05.955674 [RNG] frames=282825 last=36 min=22 max=61 nrdy=340 dxfer=0 dstat=0 lst=0 nrdyerr=0 dclr=0
2026-09-03T20:25:05.962005 [DRV] init=0 id=7 mode=0x1 lib=0x2 seq=0x1 odc=0x8b sts=0xe0 armed=1
2026-09-03T20:25:05.967739 [TRG] pulses=2656 suppressed=33629 cyc=1600 rst=1 rstmode=0x40
2026-09-03T20:25:05.971022 [HLT] polls=5663 faults=0x0 cfglost=0
2026-09-03T20:25:05.976751 [EFF] n=5 last=58588 min=58472 max=58588 late=0 stuck=0 rderr=0
2026-09-03T20:25:05.980875 [DWT] ok=1 cyc=3279232679 cyc_per_ms=799906
2026-09-03T20:25:06.994654 [HB] up_ms=5975298 frames=283214 inf=283214 hazard=36285 canary_err=0 q=0 qovr=0
2026-09-03T20:25:07.006008 [I2C] init=0 gate=0 whoami=0x201e0 wr=0 wrseen=0x27 addr=0x5a ok=1146147 err=0 tmo=0 recov=0 pclk1=200000000 sysclk=400000000
2026-09-03T20:25:07.007243 [NAK] nacks=0
2026-09-03T20:25:07.011882 [CLK] cpu=800000000 sysb=400000000 pclk1=200000000
2026-09-03T20:25:07.016362 [TOF] res=0 step=0 id=0xeacc blk=0xeacc10 ctl=0x0
2026-09-03T20:25:07.022373 [RNG] init=0 step=99 id=0xeacc boot=1 calls=93 xerr=0 dm=1 tb=15
2026-09-03T20:25:07.029252 [RNG] osc=41 imp=881 imprb=881 mstart=0x40 cfg=91 cfgfail=0x0 vhv=0 vpolls=0
2026-09-03T20:25:07.035497 [PRT] calls=1132297 xerr=0 ler=1 lidx=0x0 perr=0 maxcnt=17 addr8=0x52
2026-09-03T20:25:07.039646 [RTY] wr=0 wmax=0 wref=0  rd=0 rmax=0 rref=0
2026-09-03T20:25:07.047763 [RNG] frames=282876 last=44 min=22 max=61 nrdy=340 dxfer=0 dstat=0 lst=0 nrdyerr=0 dclr=0
2026-09-03T20:25:07.053879 [DRV] init=0 id=7 mode=0x1 lib=0x2 seq=0x1 odc=0x8b sts=0xe0 armed=1
2026-09-03T20:25:07.059632 [TRG] pulses=2656 suppressed=33629 cyc=1600 rst=1 rstmode=0x40
2026-09-03T20:25:07.063014 [HLT] polls=5664 faults=0x0 cfglost=0
2026-09-03T20:25:07.068934 [EFF] n=5 last=58588 min=58472 max=58588 late=0 stuck=0 rderr=0
2026-09-03T20:25:07.072875 [DWT] ok=1 cyc=4147334643 cyc_per_ms=800093
2026-09-03T20:25:08.086501 [HB] up_ms=5976383 frames=283266 inf=283266 hazard=36285 canary_err=0 q=0 qovr=0
2026-09-03T20:25:08.097744 [I2C] init=0 gate=0 whoami=0x201e0 wr=0 wrseen=0x27 addr=0x5a ok=1146357 err=0 tmo=0 recov=0 pclk1=200000000 sysclk=400000000
2026-09-03T20:25:08.098982 [NAK] nacks=0
2026-09-03T20:25:08.103754 [CLK] cpu=800000000 sysb=400000000 pclk1=200000000
2026-09-03T20:25:08.108225 [TOF] res=0 step=0 id=0xeacc blk=0xeacc10 ctl=0x0
2026-09-03T20:25:08.114133 [RNG] init=0 step=99 id=0xeacc boot=1 calls=93 xerr=0 dm=1 tb=15
2026-09-03T20:25:08.120996 [RNG] osc=41 imp=881 imprb=881 mstart=0x40 cfg=91 cfgfail=0x0 vhv=0 vpolls=0
2026-09-03T20:25:08.127980 [PRT] calls=1132501 xerr=0 ler=1 lidx=0x0 perr=0 maxcnt=17 addr8=0x52
2026-09-03T20:25:08.131486 [RTY] wr=0 wmax=0 wref=0  rd=0 rmax=0 rref=0
2026-09-03T20:25:08.139488 [RNG] frames=282928 last=37 min=22 max=61 nrdy=340 dxfer=0 dstat=0 lst=0 nrdyerr=0 dclr=0
2026-09-03T20:25:08.145631 [DRV] init=0 id=7 mode=0x1 lib=0x2 seq=0x1 odc=0x8b sts=0xe0 armed=1
2026-09-03T20:25:08.151479 [TRG] pulses=2656 suppressed=33629 cyc=1600 rst=1 rstmode=0x40
2026-09-03T20:25:08.154880 [HLT] polls=5665 faults=0x0 cfglost=0
2026-09-03T20:25:08.160647 [EFF] n=5 last=58588 min=58472 max=58588 late=0 stuck=0 rderr=0
2026-09-03T20:25:08.164483 [DWT] ok=1 cyc=720366619 cyc_per_ms=799999
2026-09-03T20:25:09.177981 [HB] up_ms=5977468 frames=283317 inf=283317 hazard=36285 canary_err=0 q=0 qovr=0
2026-09-03T20:25:09.189235 [I2C] init=0 gate=0 whoami=0x201e0 wr=0 wrseen=0x27 addr=0x5a ok=1146563 err=0 tmo=0 recov=0 pclk1=200000000 sysclk=400000000
2026-09-03T20:25:09.190616 [NAK] nacks=0
2026-09-03T20:25:09.195233 [CLK] cpu=800000000 sysb=400000000 pclk1=200000000
2026-09-03T20:25:09.199727 [TOF] res=0 step=0 id=0xeacc blk=0xeacc10 ctl=0x0
2026-09-03T20:25:09.205653 [RNG] init=0 step=99 id=0xeacc boot=1 calls=93 xerr=0 dm=1 tb=15
2026-09-03T20:25:09.212478 [RNG] osc=41 imp=881 imprb=881 mstart=0x40 cfg=91 cfgfail=0x0 vhv=0 vpolls=0
2026-09-03T20:25:09.218740 [PRT] calls=1132709 xerr=0 ler=1 lidx=0x0 perr=0 maxcnt=17 addr8=0x52
2026-09-03T20:25:09.222851 [RTY] wr=0 wmax=0 wref=0  rd=0 rmax=0 rref=0
2026-09-03T20:25:09.230972 [RNG] frames=282979 last=41 min=22 max=61 nrdy=340 dxfer=0 dstat=0 lst=0 nrdyerr=0 dclr=0
2026-09-03T20:25:09.237227 [DRV] init=0 id=7 mode=0x1 lib=0x2 seq=0x1 odc=0x8b sts=0xe0 armed=1
2026-09-03T20:25:09.242884 [TRG] pulses=2656 suppressed=33629 cyc=1600 rst=1 rstmode=0x40
2026-09-03T20:25:09.246221 [HLT] polls=5666 faults=0x0 cfglost=0
2026-09-03T20:25:09.252118 [EFF] n=5 last=58588 min=58472 max=58588 late=0 stuck=0 rderr=0
2026-09-03T20:25:09.256101 [DWT] ok=1 cyc=1588370851 cyc_per_ms=800003
2026-09-03T20:25:10.270107 [HB] up_ms=5978553 frames=283368 inf=283368 hazard=36326 canary_err=0 q=0 qovr=0
2026-09-03T20:25:10.281351 [I2C] init=0 gate=0 whoami=0x201e0 wr=0 wrseen=0x27 addr=0x5a ok=1146773 err=0 tmo=0 recov=0 pclk1=200000000 sysclk=400000000
2026-09-03T20:25:10.282621 [NAK] nacks=0
2026-09-03T20:25:10.287220 [CLK] cpu=800000000 sysb=400000000 pclk1=200000000
2026-09-03T20:25:10.291835 [TOF] res=0 step=0 id=0xeacc blk=0xeacc10 ctl=0x0
2026-09-03T20:25:10.297719 [RNG] init=0 step=99 id=0xeacc boot=1 calls=93 xerr=0 dm=1 tb=15
2026-09-03T20:25:10.304664 [RNG] osc=41 imp=881 imprb=881 mstart=0x40 cfg=91 cfgfail=0x0 vhv=0 vpolls=0
2026-09-03T20:25:10.310967 [PRT] calls=1132913 xerr=0 ler=1 lidx=0x0 perr=0 maxcnt=17 addr8=0x52
2026-09-03T20:25:10.315089 [RTY] wr=0 wmax=0 wref=0  rd=0 rmax=0 rref=0
2026-09-03T20:25:10.323091 [RNG] frames=283031 last=43 min=22 max=61 nrdy=340 dxfer=0 dstat=0 lst=0 nrdyerr=0 dclr=0
2026-09-03T20:25:10.329208 [DRV] init=0 id=7 mode=0x1 lib=0x2 seq=0x1 odc=0x8b sts=0xe0 armed=1
2026-09-03T20:25:10.335100 [TRG] pulses=2659 suppressed=33667 cyc=1600 rst=1 rstmode=0x40
2026-09-03T20:25:10.338453 [HLT] polls=5667 faults=0x0 cfglost=0
2026-09-03T20:25:10.344207 [EFF] n=5 last=58588 min=58472 max=58588 late=0 stuck=0 rderr=0
2026-09-03T20:25:10.348213 [DWT] ok=1 cyc=2456367339 cyc_per_ms=799996
2026-09-03T20:25:11.362342 [HB] up_ms=5979638 frames=283420 inf=283420 hazard=36326 canary_err=0 q=0 qovr=0
2026-09-03T20:25:11.373602 [I2C] init=0 gate=0 whoami=0x201e0 wr=0 wrseen=0x27 addr=0x5a ok=1146977 err=0 tmo=0 recov=0 pclk1=200000000 sysclk=400000000
2026-09-03T20:25:11.374956 [NAK] nacks=0
2026-09-03T20:25:11.379610 [CLK] cpu=800000000 sysb=400000000 pclk1=200000000
2026-09-03T20:25:11.384083 [TOF] res=0 step=0 id=0xeacc blk=0xeacc10 ctl=0x0
2026-09-03T20:25:11.389852 [RNG] init=0 step=99 id=0xeacc boot=1 calls=93 xerr=0 dm=1 tb=15
2026-09-03T20:25:11.396952 [RNG] osc=41 imp=881 imprb=881 mstart=0x40 cfg=91 cfgfail=0x0 vhv=0 vpolls=0
2026-09-03T20:25:11.403205 [PRT] calls=1133119 xerr=0 ler=1 lidx=0x0 perr=0 maxcnt=17 addr8=0x52
2026-09-03T20:25:11.407201 [RTY] wr=0 wmax=0 wref=0  rd=0 rmax=0 rref=0
2026-09-03T20:25:11.415327 [RNG] frames=283081 last=37 min=22 max=61 nrdy=341 dxfer=0 dstat=0 lst=0 nrdyerr=0 dclr=0
2026-09-03T20:25:11.421627 [DRV] init=0 id=7 mode=0x1 lib=0x2 seq=0x1 odc=0x8b sts=0xe0 armed=1
2026-09-03T20:25:11.427212 [TRG] pulses=2659 suppressed=33667 cyc=1600 rst=1 rstmode=0x40
2026-09-03T20:25:11.430703 [HLT] polls=5668 faults=0x0 cfglost=0
2026-09-03T20:25:11.436451 [EFF] n=5 last=58588 min=58472 max=58588 late=0 stuck=0 rderr=0
2026-09-03T20:25:11.440605 [DWT] ok=1 cyc=3324265315 cyc_per_ms=799905
2026-09-03T20:25:12.454722 [HB] up_ms=5980723 frames=283471 inf=283471 hazard=36326 canary_err=0 q=0 qovr=0
2026-09-03T20:25:12.465968 [I2C] init=0 gate=0 whoami=0x201e0 wr=0 wrseen=0x27 addr=0x5a ok=1147186 err=0 tmo=0 recov=0 pclk1=200000000 sysclk=400000000
2026-09-03T20:25:12.467356 [NAK] nacks=0
2026-09-03T20:25:12.471853 [CLK] cpu=800000000 sysb=400000000 pclk1=200000000
2026-09-03T20:25:12.476448 [TOF] res=0 step=0 id=0xeacc blk=0xeacc10 ctl=0x0
2026-09-03T20:25:12.482328 [RNG] init=0 step=99 id=0xeacc boot=1 calls=93 xerr=0 dm=1 tb=15
2026-09-03T20:25:12.489207 [RNG] osc=41 imp=881 imprb=881 mstart=0x40 cfg=91 cfgfail=0x0 vhv=0 vpolls=0
2026-09-03T20:25:12.495451 [PRT] calls=1133323 xerr=0 ler=1 lidx=0x0 perr=0 maxcnt=17 addr8=0x52
2026-09-03T20:25:12.499679 [RTY] wr=0 wmax=0 wref=0  rd=0 rmax=0 rref=0
2026-09-03T20:25:12.507693 [RNG] frames=283133 last=40 min=22 max=61 nrdy=341 dxfer=0 dstat=0 lst=0 nrdyerr=0 dclr=0
2026-09-03T20:25:12.513942 [DRV] init=0 id=7 mode=0x1 lib=0x2 seq=0x1 odc=0x8b sts=0xe0 armed=1
2026-09-03T20:25:12.519587 [TRG] pulses=2659 suppressed=33667 cyc=1600 rst=1 rstmode=0x40
2026-09-03T20:25:12.523057 [HLT] polls=5669 faults=0x0 cfglost=0
2026-09-03T20:25:12.528814 [EFF] n=5 last=58588 min=58472 max=58588 late=0 stuck=0 rderr=0
2026-09-03T20:25:12.532808 [DWT] ok=1 cyc=4192367279 cyc_per_ms=800093
2026-09-03T20:25:13.546199 [HB] up_ms=5981808 frames=283523 inf=283523 hazard=36326 canary_err=0 q=0 qovr=0
2026-09-03T20:25:13.557599 [I2C] init=0 gate=0 whoami=0x201e0 wr=0 wrseen=0x27 addr=0x5a ok=1147391 err=0 tmo=0 recov=0 pclk1=200000000 sysclk=400000000
2026-09-03T20:25:13.558939 [NAK] nacks=0
2026-09-03T20:25:13.563453 [CLK] cpu=800000000 sysb=400000000 pclk1=200000000
2026-09-03T20:25:13.567938 [TOF] res=0 step=0 id=0xeacc blk=0xeacc10 ctl=0x0
2026-09-03T20:25:13.573815 [RNG] init=0 step=99 id=0xeacc boot=1 calls=93 xerr=0 dm=1 tb=15
2026-09-03T20:25:13.580810 [RNG] osc=41 imp=881 imprb=881 mstart=0x40 cfg=91 cfgfail=0x0 vhv=0 vpolls=0
2026-09-03T20:25:13.587070 [PRT] calls=1133529 xerr=0 ler=1 lidx=0x0 perr=0 maxcnt=17 addr8=0x52
2026-09-03T20:25:13.591221 [RTY] wr=0 wmax=0 wref=0  rd=0 rmax=0 rref=0
2026-09-03T20:25:13.599184 [RNG] frames=283183 last=39 min=22 max=61 nrdy=342 dxfer=0 dstat=0 lst=0 nrdyerr=0 dclr=0
2026-09-03T20:25:13.605593 [DRV] init=0 id=7 mode=0x1 lib=0x2 seq=0x1 odc=0x8b sts=0xe0 armed=1
2026-09-03T20:25:13.611183 [TRG] pulses=2659 suppressed=33667 cyc=1600 rst=1 rstmode=0x40
2026-09-03T20:25:13.614584 [HLT] polls=5670 faults=0x0 cfglost=0
2026-09-03T20:25:13.620309 [EFF] n=5 last=58588 min=58472 max=58588 late=0 stuck=0 rderr=0
2026-09-03T20:25:13.624316 [DWT] ok=1 cyc=765298119 cyc_per_ms=799906
2026-09-03T20:25:14.637810 [HB] up_ms=5982893 frames=283574 inf=283574 hazard=36326 canary_err=0 q=0 qovr=0
2026-09-03T20:25:14.649064 [I2C] init=0 gate=0 whoami=0x201e0 wr=0 wrseen=0x27 addr=0x5a ok=1147597 err=0 tmo=0 recov=0 pclk1=200000000 sysclk=400000000
2026-09-03T20:25:14.650461 [NAK] nacks=0
2026-09-03T20:25:14.654944 [CLK] cpu=800000000 sysb=400000000 pclk1=200000000
2026-09-03T20:25:14.659426 [TOF] res=0 step=0 id=0xeacc blk=0xeacc10 ctl=0x0
2026-09-03T20:25:14.665441 [RNG] init=0 step=99 id=0xeacc boot=1 calls=93 xerr=0 dm=1 tb=15
2026-09-03T20:25:14.672307 [RNG] osc=41 imp=881 imprb=881 mstart=0x40 cfg=91 cfgfail=0x0 vhv=0 vpolls=0
2026-09-03T20:25:14.678587 [PRT] calls=1133733 xerr=0 ler=1 lidx=0x0 perr=0 maxcnt=17 addr8=0x52
2026-09-03T20:25:14.682690 [RTY] wr=0 wmax=0 wref=0  rd=0 rmax=0 rref=0
2026-09-03T20:25:14.690821 [RNG] frames=283234 last=44 min=22 max=61 nrdy=342 dxfer=0 dstat=0 lst=0 nrdyerr=0 dclr=0
2026-09-03T20:25:14.697057 [DRV] init=0 id=7 mode=0x1 lib=0x2 seq=0x1 odc=0x8b sts=0xe0 armed=1
2026-09-03T20:25:14.702677 [TRG] pulses=2659 suppressed=33667 cyc=1600 rst=1 rstmode=0x40
2026-09-03T20:25:14.706083 [HLT] polls=5671 faults=0x0 cfglost=0
2026-09-03T20:25:14.711934 [EFF] n=5 last=58588 min=58472 max=58588 late=0 stuck=0 rderr=0
2026-09-03T20:25:14.715944 [DWT] ok=1 cyc=1633400067 cyc_per_ms=800093
2026-09-03T20:25:15.730063 [HB] up_ms=5983978 frames=283626 inf=283626 hazard=36326 canary_err=0 q=0 qovr=0
2026-09-03T20:25:15.741315 [I2C] init=0 gate=0 whoami=0x201e0 wr=0 wrseen=0x27 addr=0x5a ok=1147807 err=0 tmo=0 recov=0 pclk1=200000000 sysclk=400000000
2026-09-03T20:25:15.742612 [NAK] nacks=0
2026-09-03T20:25:15.747297 [CLK] cpu=800000000 sysb=400000000 pclk1=200000000
2026-09-03T20:25:15.751832 [TOF] res=0 step=0 id=0xeacc blk=0xeacc10 ctl=0x0
2026-09-03T20:25:15.757695 [RNG] init=0 step=99 id=0xeacc boot=1 calls=93 xerr=0 dm=1 tb=15
2026-09-03T20:25:15.764545 [RNG] osc=41 imp=881 imprb=881 mstart=0x40 cfg=91 cfgfail=0x0 vhv=0 vpolls=0
2026-09-03T20:25:15.770922 [PRT] calls=1133937 xerr=0 ler=1 lidx=0x0 perr=0 maxcnt=17 addr8=0x52
2026-09-03T20:25:15.774925 [RTY] wr=0 wmax=0 wref=0  rd=0 rmax=0 rref=0
2026-09-03T20:25:15.783037 [RNG] frames=283286 last=44 min=22 max=61 nrdy=342 dxfer=0 dstat=0 lst=0 nrdyerr=0 dclr=0
2026-09-03T20:25:15.789180 [DRV] init=0 id=7 mode=0x1 lib=0x2 seq=0x1 odc=0x8b sts=0xe0 armed=1
2026-09-03T20:25:15.794913 [TRG] pulses=2659 suppressed=33667 cyc=1600 rst=1 rstmode=0x40
2026-09-03T20:25:15.798416 [HLT] polls=5672 faults=0x0 cfglost=0
2026-09-03T20:25:15.804165 [EFF] n=5 last=58588 min=58472 max=58588 late=0 stuck=0 rderr=0
2026-09-03T20:25:15.808171 [DWT] ok=1 cyc=2501399387 cyc_per_ms=799999
2026-09-03T20:25:16.822301 [HB] up_ms=5985063 frames=283677 inf=283677 hazard=36363 canary_err=0 q=0 qovr=0
2026-09-03T20:25:16.833705 [I2C] init=0 gate=0 whoami=0x201e0 wr=0 wrseen=0x27 addr=0x5a ok=1148013 err=0 tmo=0 recov=0 pclk1=200000000 sysclk=400000000
2026-09-03T20:25:16.834941 [NAK] nacks=0
2026-09-03T20:25:16.839546 [CLK] cpu=800000000 sysb=400000000 pclk1=200000000
2026-09-03T20:25:16.844043 [TOF] res=0 step=0 id=0xeacc blk=0xeacc10 ctl=0x0
2026-09-03T20:25:16.849914 [RNG] init=0 step=99 id=0xeacc boot=1 calls=93 xerr=0 dm=1 tb=15
2026-09-03T20:25:16.856930 [RNG] osc=41 imp=881 imprb=881 mstart=0x40 cfg=91 cfgfail=0x0 vhv=0 vpolls=0
2026-09-03T20:25:16.863170 [PRT] calls=1134145 xerr=0 ler=1 lidx=0x0 perr=0 maxcnt=17 addr8=0x52
2026-09-03T20:25:16.867316 [RTY] wr=0 wmax=0 wref=0  rd=0 rmax=0 rref=0
2026-09-03T20:25:16.875424 [RNG] frames=283337 last=39 min=22 max=61 nrdy=342 dxfer=0 dstat=0 lst=0 nrdyerr=0 dclr=0
2026-09-03T20:25:16.881691 [DRV] init=0 id=7 mode=0x1 lib=0x2 seq=0x1 odc=0x8b sts=0xe0 armed=1
2026-09-03T20:25:16.887302 [TRG] pulses=2662 suppressed=33704 cyc=1600 rst=1 rstmode=0x40
2026-09-03T20:25:16.890664 [HLT] polls=5673 faults=0x0 cfglost=0
2026-09-03T20:25:16.896547 [EFF] n=5 last=58588 min=58472 max=58588 late=0 stuck=0 rderr=0
2026-09-03T20:25:16.900535 [DWT] ok=1 cyc=3369403815 cyc_per_ms=800004
2026-09-03T20:25:17.914575 [HB] up_ms=5986148 frames=283728 inf=283728 hazard=36367 canary_err=0 q=0 qovr=0
2026-09-03T20:25:17.925815 [I2C] init=0 gate=0 whoami=0x201e0 wr=0 wrseen=0x27 addr=0x5a ok=1148223 err=0 tmo=0 recov=0 pclk1=200000000 sysclk=400000000
2026-09-03T20:25:17.927182 [NAK] nacks=0
2026-09-03T20:25:17.931661 [CLK] cpu=800000000 sysb=400000000 pclk1=200000000
2026-09-03T20:25:17.936320 [TOF] res=0 step=0 id=0xeacc blk=0xeacc10 ctl=0x0
2026-09-03T20:25:17.942164 [RNG] init=0 step=99 id=0xeacc boot=1 calls=93 xerr=0 dm=1 tb=15
2026-09-03T20:25:17.949045 [RNG] osc=41 imp=881 imprb=881 mstart=0x40 cfg=91 cfgfail=0x0 vhv=0 vpolls=0
2026-09-03T20:25:17.955420 [PRT] calls=1134349 xerr=0 ler=1 lidx=0x0 perr=0 maxcnt=17 addr8=0x52
2026-09-03T20:25:17.959532 [RTY] wr=0 wmax=0 wref=0  rd=0 rmax=0 rref=0
2026-09-03T20:25:17.967588 [RNG] frames=283389 last=43 min=22 max=61 nrdy=342 dxfer=0 dstat=0 lst=0 nrdyerr=0 dclr=0
2026-09-03T20:25:17.973800 [DRV] init=0 id=7 mode=0x1 lib=0x2 seq=0x1 odc=0x8b sts=0xe0 armed=1
2026-09-03T20:25:17.979531 [TRG] pulses=2662 suppressed=33705 cyc=1600 rst=1 rstmode=0x40
2026-09-03T20:25:17.983030 [HLT] polls=5674 faults=0x0 cfglost=0
2026-09-03T20:25:17.988663 [EFF] n=5 last=58588 min=58472 max=58588 late=0 stuck=0 rderr=0
2026-09-03T20:25:17.992673 [DWT] ok=1 cyc=4237399955 cyc_per_ms=799996
2026-09-03T20:25:19.006418 [HB] up_ms=5987233 frames=283780 inf=283780 hazard=36367 canary_err=0 q=0 qovr=0
2026-09-03T20:25:19.017668 [I2C] init=0 gate=0 whoami=0x201e0 wr=0 wrseen=0x27 addr=0x5a ok=1148429 err=0 tmo=0 recov=0 pclk1=200000000 sysclk=400000000
2026-09-03T20:25:19.019033 [NAK] nacks=0
2026-09-03T20:25:19.023654 [CLK] cpu=800000000 sysb=400000000 pclk1=200000000
2026-09-03T20:25:19.028150 [TOF] res=0 step=0 id=0xeacc blk=0xeacc10 ctl=0x0
2026-09-03T20:25:19.033954 [RNG] init=0 step=99 id=0xeacc boot=1 calls=93 xerr=0 dm=1 tb=15
2026-09-03T20:25:19.040919 [RNG] osc=41 imp=881 imprb=881 mstart=0x40 cfg=91 cfgfail=0x0 vhv=0 vpolls=0
2026-09-03T20:25:19.047152 [PRT] calls=1134557 xerr=0 ler=1 lidx=0x0 perr=0 maxcnt=17 addr8=0x52
2026-09-03T20:25:19.051298 [RTY] wr=0 wmax=0 wref=0  rd=0 rmax=0 rref=0
2026-09-03T20:25:19.059433 [RNG] frames=283440 last=41 min=22 max=61 nrdy=342 dxfer=0 dstat=0 lst=0 nrdyerr=0 dclr=0
2026-09-03T20:25:19.065678 [DRV] init=0 id=7 mode=0x1 lib=0x2 seq=0x1 odc=0x8b sts=0xe0 armed=1
2026-09-03T20:25:19.071299 [TRG] pulses=2662 suppressed=33705 cyc=1600 rst=1 rstmode=0x40
2026-09-03T20:25:19.074644 [HLT] polls=5675 faults=0x0 cfglost=0
2026-09-03T20:25:19.080412 [EFF] n=5 last=58588 min=58472 max=58588 late=0 stuck=0 rderr=0
2026-09-03T20:25:19.084413 [DWT] ok=1 cyc=810330763 cyc_per_ms=799906
2026-09-03T20:25:20.098291 [HB] up_ms=5988318 frames=283831 inf=283831 hazard=36367 canary_err=0 q=0 qovr=0
2026-09-03T20:25:20.109536 [I2C] init=0 gate=0 whoami=0x201e0 wr=0 wrseen=0x27 addr=0x5a ok=1148638 err=0 tmo=0 recov=0 pclk1=200000000 sysclk=400000000
2026-09-03T20:25:20.110909 [NAK] nacks=0
2026-09-03T20:25:20.115405 [CLK] cpu=800000000 sysb=400000000 pclk1=200000000
2026-09-03T20:25:20.120037 [TOF] res=0 step=0 id=0xeacc blk=0xeacc10 ctl=0x0
2026-09-03T20:25:20.125914 [RNG] init=0 step=99 id=0xeacc boot=1 calls=93 xerr=0 dm=1 tb=15
2026-09-03T20:25:20.132775 [RNG] osc=41 imp=881 imprb=881 mstart=0x40 cfg=91 cfgfail=0x0 vhv=0 vpolls=0
2026-09-03T20:25:20.139038 [PRT] calls=1134761 xerr=0 ler=1 lidx=0x0 perr=0 maxcnt=17 addr8=0x52
2026-09-03T20:25:20.143294 [RTY] wr=0 wmax=0 wref=0  rd=0 rmax=0 rref=0
2026-09-03T20:25:20.151307 [RNG] frames=283492 last=41 min=22 max=61 nrdy=342 dxfer=0 dstat=0 lst=0 nrdyerr=0 dclr=0
2026-09-03T20:25:20.157539 [DRV] init=0 id=7 mode=0x1 lib=0x2 seq=0x1 odc=0x8b sts=0xe0 armed=1
2026-09-03T20:25:20.163149 [TRG] pulses=2662 suppressed=33705 cyc=1600 rst=1 rstmode=0x40
2026-09-03T20:25:20.166648 [HLT] polls=5676 faults=0x0 cfglost=0
2026-09-03T20:25:20.172403 [EFF] n=5 last=58588 min=58472 max=58588 late=0 stuck=0 rderr=0
2026-09-03T20:25:20.176405 [DWT] ok=1 cyc=1678432727 cyc_per_ms=800093
2026-09-03T20:25:21.190791 [HB] up_ms=5989403 frames=283883 inf=283883 hazard=36367 canary_err=0 q=0 qovr=0
2026-09-03T20:25:21.203768 [I2C] init=0 gate=0 whoami=0x201e0 wr=0 wrseen=0x27 addr=0x5a ok=1148845 err=0 tmo=0 recov=0 pclk1=200000000 sysclk=400000000
2026-09-03T20:25:21.203904 [NAK] nacks=0
2026-09-03T20:25:21.208069 [CLK] cpu=800000000 sysb=400000000 pclk1=200000000
2026-09-03T20:25:21.212534 [TOF] res=0 step=0 id=0xeacc blk=0xeacc10 ctl=0x0
2026-09-03T20:25:21.218284 [RNG] init=0 step=99 id=0xeacc boot=1 calls=93 xerr=0 dm=1 tb=15
2026-09-03T20:25:21.225275 [RNG] osc=41 imp=881 imprb=881 mstart=0x40 cfg=91 cfgfail=0x0 vhv=0 vpolls=0
2026-09-03T20:25:21.231662 [PRT] calls=1134969 xerr=0 ler=1 lidx=0x0 perr=0 maxcnt=17 addr8=0x52
2026-09-03T20:25:21.235711 [RTY] wr=0 wmax=0 wref=0  rd=0 rmax=0 rref=0
2026-09-03T20:25:21.243669 [RNG] frames=283543 last=37 min=22 max=61 nrdy=342 dxfer=0 dstat=0 lst=0 nrdyerr=0 dclr=0
2026-09-03T20:25:21.250024 [DRV] init=0 id=7 mode=0x1 lib=0x2 seq=0x1 odc=0x8b sts=0xe0 armed=1
2026-09-03T20:25:21.255657 [TRG] pulses=2662 suppressed=33705 cyc=1600 rst=1 rstmode=0x40
2026-09-03T20:25:21.259144 [HLT] polls=5677 faults=0x0 cfglost=0
2026-09-03T20:25:21.264895 [EFF] n=5 last=58588 min=58472 max=58588 late=0 stuck=0 rderr=0
2026-09-03T20:25:21.269015 [DWT] ok=1 cyc=2546330855 cyc_per_ms=799906
2026-09-03T20:25:22.283030 [HB] up_ms=5990488 frames=283934 inf=283934 hazard=36367 canary_err=0 q=0 qovr=0
2026-09-03T20:25:22.294406 [I2C] init=0 gate=0 whoami=0x201e0 wr=0 wrseen=0x27 addr=0x5a ok=1149051 err=0 tmo=0 recov=0 pclk1=200000000 sysclk=400000000
2026-09-03T20:25:22.295680 [NAK] nacks=0
2026-09-03T20:25:22.300269 [CLK] cpu=800000000 sysb=400000000 pclk1=200000000
2026-09-03T20:25:22.304807 [TOF] res=0 step=0 id=0xeacc blk=0xeacc10 ctl=0x0
2026-09-03T20:25:22.310791 [RNG] init=0 step=99 id=0xeacc boot=1 calls=93 xerr=0 dm=1 tb=15
2026-09-03T20:25:22.317657 [RNG] osc=41 imp=881 imprb=881 mstart=0x40 cfg=91 cfgfail=0x0 vhv=0 vpolls=0
2026-09-03T20:25:22.323895 [PRT] calls=1135173 xerr=0 ler=1 lidx=0x0 perr=0 maxcnt=17 addr8=0x52
2026-09-03T20:25:22.327886 [RTY] wr=0 wmax=0 wref=0  rd=0 rmax=0 rref=0
2026-09-03T20:25:22.336170 [RNG] frames=283594 last=44 min=22 max=61 nrdy=342 dxfer=0 dstat=0 lst=0 nrdyerr=0 dclr=0
2026-09-03T20:25:22.342279 [DRV] init=0 id=7 mode=0x1 lib=0x2 seq=0x1 odc=0x8b sts=0xe0 armed=1
2026-09-03T20:25:22.347899 [TRG] pulses=2662 suppressed=33705 cyc=1600 rst=1 rstmode=0x40
2026-09-03T20:25:22.351395 [HLT] polls=5678 faults=0x0 cfglost=0
2026-09-03T20:25:22.357267 [EFF] n=5 last=58588 min=58472 max=58588 late=0 stuck=0 rderr=0
2026-09-03T20:25:22.361262 [DWT] ok=1 cyc=3414432763 cyc_per_ms=800093
2026-09-03T20:25:23.375655 [HB] up_ms=5991573 frames=283986 inf=283986 hazard=36393 canary_err=0 q=0 qovr=0
2026-09-03T20:25:23.386910 [I2C] init=0 gate=0 whoami=0x201e0 wr=0 wrseen=0x27 addr=0x5a ok=1149261 err=0 tmo=0 recov=0 pclk1=200000000 sysclk=400000000
2026-09-03T20:25:23.388276 [NAK] nacks=0
2026-09-03T20:25:23.392897 [CLK] cpu=800000000 sysb=400000000 pclk1=200000000
2026-09-03T20:25:23.397387 [TOF] res=0 step=0 id=0xeacc blk=0xeacc10 ctl=0x0
2026-09-03T20:25:23.403280 [RNG] init=0 step=99 id=0xeacc boot=1 calls=93 xerr=0 dm=1 tb=15
2026-09-03T20:25:23.410141 [RNG] osc=41 imp=881 imprb=881 mstart=0x40 cfg=91 cfgfail=0x0 vhv=0 vpolls=0
2026-09-03T20:25:23.416655 [PRT] calls=1135377 xerr=0 ler=1 lidx=0x0 perr=0 maxcnt=17 addr8=0x52
2026-09-03T20:25:23.420665 [RTY] wr=0 wmax=0 wref=0  rd=0 rmax=0 rref=0
2026-09-03T20:25:23.428669 [RNG] frames=283646 last=40 min=22 max=61 nrdy=342 dxfer=0 dstat=0 lst=0 nrdyerr=0 dclr=0
2026-09-03T20:25:23.434912 [DRV] init=0 id=7 mode=0x1 lib=0x2 seq=0x1 odc=0x8b sts=0xe0 armed=1
2026-09-03T20:25:23.440678 [TRG] pulses=2665 suppressed=33731 cyc=1600 rst=1 rstmode=0x40
2026-09-03T20:25:23.444155 [HLT] polls=5679 faults=0x0 cfglost=0
2026-09-03T20:25:23.449892 [EFF] n=5 last=58588 min=58472 max=58588 late=0 stuck=0 rderr=0
2026-09-03T20:25:23.453892 [DWT] ok=1 cyc=4282438283 cyc_per_ms=800005
2026-09-03T20:25:24.468042 [HB] up_ms=5992658 frames=284037 inf=284037 hazard=36408 canary_err=0 q=0 qovr=0
2026-09-03T20:25:24.479407 [I2C] init=0 gate=0 whoami=0x201e0 wr=0 wrseen=0x27 addr=0x5a ok=1149467 err=0 tmo=0 recov=0 pclk1=200000000 sysclk=400000000
2026-09-03T20:25:24.480645 [NAK] nacks=0
2026-09-03T20:25:24.485311 [CLK] cpu=800000000 sysb=400000000 pclk1=200000000
2026-09-03T20:25:24.489774 [TOF] res=0 step=0 id=0xeacc blk=0xeacc10 ctl=0x0
2026-09-03T20:25:24.495665 [RNG] init=0 step=99 id=0xeacc boot=1 calls=93 xerr=0 dm=1 tb=15
2026-09-03T20:25:24.502645 [RNG] osc=41 imp=881 imprb=881 mstart=0x40 cfg=91 cfgfail=0x0 vhv=0 vpolls=0
2026-09-03T20:25:24.508890 [PRT] calls=1135585 xerr=0 ler=1 lidx=0x0 perr=0 maxcnt=17 addr8=0x52
2026-09-03T20:25:24.512898 [RTY] wr=0 wmax=0 wref=0  rd=0 rmax=0 rref=0
2026-09-03T20:25:24.521148 [RNG] frames=283697 last=41 min=22 max=61 nrdy=342 dxfer=0 dstat=0 lst=0 nrdyerr=0 dclr=0
2026-09-03T20:25:24.527266 [DRV] init=0 id=7 mode=0x1 lib=0x2 seq=0x1 odc=0x8b sts=0xe0 armed=1
2026-09-03T20:25:24.533020 [TRG] pulses=2665 suppressed=33743 cyc=1600 rst=1 rstmode=0x40
2026-09-03T20:25:24.536396 [HLT] polls=5680 faults=0x0 cfglost=0
2026-09-03T20:25:24.542272 [EFF] n=5 last=58588 min=58472 max=58588 late=0 stuck=0 rderr=0
2026-09-03T20:25:24.546140 [DWT] ok=1 cyc=855465599 cyc_per_ms=799995
2026-09-03T20:25:25.560904 [HB] up_ms=5993743 frames=284088 inf=284088 hazard=36408 canary_err=0 q=0 qovr=0
2026-09-03T20:25:25.572152 [I2C] init=0 gate=0 whoami=0x201e0 wr=0 wrseen=0x27 addr=0x5a ok=1149677 err=0 tmo=0 recov=0 pclk1=200000000 sysclk=400000000
2026-09-03T20:25:25.573394 [NAK] nacks=0
2026-09-03T20:25:25.578022 [CLK] cpu=800000000 sysb=400000000 pclk1=200000000
2026-09-03T20:25:25.582661 [TOF] res=0 step=0 id=0xeacc blk=0xeacc10 ctl=0x0
2026-09-03T20:25:25.588598 [RNG] init=0 step=99 id=0xeacc boot=1 calls=93 xerr=0 dm=1 tb=15
2026-09-03T20:25:25.595392 [RNG] osc=41 imp=881 imprb=881 mstart=0x40 cfg=91 cfgfail=0x0 vhv=0 vpolls=0
2026-09-03T20:25:25.601774 [PRT] calls=1135789 xerr=0 ler=1 lidx=0x0 perr=0 maxcnt=17 addr8=0x52
2026-09-03T20:25:25.605899 [RTY] wr=0 wmax=0 wref=0  rd=0 rmax=0 rref=0
2026-09-03T20:25:25.613895 [RNG] frames=283749 last=42 min=22 max=61 nrdy=342 dxfer=0 dstat=0 lst=0 nrdyerr=0 dclr=0
2026-09-03T20:25:25.620032 [DRV] init=0 id=7 mode=0x1 lib=0x2 seq=0x1 odc=0x8b sts=0xe0 armed=1
2026-09-03T20:25:25.625896 [TRG] pulses=2665 suppressed=33743 cyc=1600 rst=1 rstmode=0x40
2026-09-03T20:25:25.629263 [HLT] polls=5681 faults=0x0 cfglost=0
2026-09-03T20:25:25.635024 [EFF] n=5 last=58588 min=58472 max=58588 late=0 stuck=0 rderr=0
2026-09-03T20:25:25.639078 [DWT] ok=1 cyc=1723465427 cyc_per_ms=799999
2026-09-03T20:25:26.653291 [HB] up_ms=5994828 frames=284140 inf=284140 hazard=36408 canary_err=0 q=0 qovr=0
2026-09-03T20:25:26.664667 [I2C] init=0 gate=0 whoami=0x201e0 wr=0 wrseen=0x27 addr=0x5a ok=1149883 err=0 tmo=0 recov=0 pclk1=200000000 sysclk=400000000
2026-09-03T20:25:26.666045 [NAK] nacks=0
2026-09-03T20:25:26.670528 [CLK] cpu=800000000 sysb=400000000 pclk1=200000000
2026-09-03T20:25:26.675036 [TOF] res=0 step=0 id=0xeacc blk=0xeacc10 ctl=0x0
2026-09-03T20:25:26.680888 [RNG] init=0 step=99 id=0xeacc boot=1 calls=93 xerr=0 dm=1 tb=15
2026-09-03T20:25:26.687927 [RNG] osc=41 imp=881 imprb=881 mstart=0x40 cfg=91 cfgfail=0x0 vhv=0 vpolls=0
2026-09-03T20:25:26.694142 [PRT] calls=1135997 xerr=0 ler=1 lidx=0x0 perr=0 maxcnt=17 addr8=0x52
2026-09-03T20:25:26.698280 [RTY] wr=0 wmax=0 wref=0  rd=0 rmax=0 rref=0
2026-09-03T20:25:26.706407 [RNG] frames=283800 last=47 min=22 max=61 nrdy=342 dxfer=0 dstat=0 lst=0 nrdyerr=0 dclr=0
2026-09-03T20:25:26.712520 [DRV] init=0 id=7 mode=0x1 lib=0x2 seq=0x1 odc=0x8b sts=0xe0 armed=1
2026-09-03T20:25:26.718258 [TRG] pulses=2665 suppressed=33743 cyc=1600 rst=1 rstmode=0x40
2026-09-03T20:25:26.721691 [HLT] polls=5682 faults=0x0 cfglost=0
2026-09-03T20:25:26.727388 [EFF] n=5 last=58588 min=58472 max=58588 late=0 stuck=0 rderr=0
2026-09-03T20:25:26.731514 [DWT] ok=1 cyc=2591363411 cyc_per_ms=799905
2026-09-03T20:25:27.745484 [HB] up_ms=5995913 frames=284191 inf=284191 hazard=36408 canary_err=0 q=0 qovr=0
2026-09-03T20:25:27.757726 [I2C] init=0 gate=0 whoami=0x201e0 wr=0 wrseen=0x27 addr=0x5a ok=1150092 err=0 tmo=0 recov=0 pclk1=200000000 sysclk=400000000
2026-09-03T20:25:27.757893 [NAK] nacks=0
2026-09-03T20:25:27.762520 [CLK] cpu=800000000 sysb=400000000 pclk1=200000000
2026-09-03T20:25:27.767154 [TOF] res=0 step=0 id=0xeacc blk=0xeacc10 ctl=0x0
2026-09-03T20:25:27.773021 [RNG] init=0 step=99 id=0xeacc boot=1 calls=93 xerr=0 dm=1 tb=15
2026-09-03T20:25:27.779892 [RNG] osc=41 imp=881 imprb=881 mstart=0x40 cfg=91 cfgfail=0x0 vhv=0 vpolls=0
2026-09-03T20:25:27.786140 [PRT] calls=1136201 xerr=0 ler=1 lidx=0x0 perr=0 maxcnt=17 addr8=0x52
2026-09-03T20:25:27.790268 [RTY] wr=0 wmax=0 wref=0  rd=0 rmax=0 rref=0
2026-09-03T20:25:27.798445 [RNG] frames=283852 last=41 min=22 max=61 nrdy=342 dxfer=0 dstat=0 lst=0 nrdyerr=0 dclr=0
2026-09-03T20:25:27.804519 [DRV] init=0 id=7 mode=0x1 lib=0x2 seq=0x1 odc=0x8b sts=0xe0 armed=1
2026-09-03T20:25:27.810165 [TRG] pulses=2665 suppressed=33743 cyc=1600 rst=1 rstmode=0x40
2026-09-03T20:25:27.813763 [HLT] polls=5683 faults=0x0 cfglost=0
2026-09-03T20:25:27.819517 [EFF] n=5 last=58588 min=58472 max=58588 late=0 stuck=0 rderr=0
2026-09-03T20:25:27.823398 [DWT] ok=1 cyc=3459465427 cyc_per_ms=800094
2026-09-03T20:25:28.837035 [HB] up_ms=5996998 frames=284243 inf=284243 hazard=36408 canary_err=0 q=0 qovr=0
2026-09-03T20:25:28.848300 [I2C] init=0 gate=0 whoami=0x201e0 wr=0 wrseen=0x27 addr=0x5a ok=1150299 err=0 tmo=0 recov=0 pclk1=200000000 sysclk=400000000
2026-09-03T20:25:28.849660 [NAK] nacks=0
2026-09-03T20:25:28.854330 [CLK] cpu=800000000 sysb=400000000 pclk1=200000000
2026-09-03T20:25:28.858828 [TOF] res=0 step=0 id=0xeacc blk=0xeacc10 ctl=0x0
2026-09-03T20:25:28.864510 [RNG] init=0 step=99 id=0xeacc boot=1 calls=93 xerr=0 dm=1 tb=15
2026-09-03T20:25:28.871509 [RNG] osc=41 imp=881 imprb=881 mstart=0x40 cfg=91 cfgfail=0x0 vhv=0 vpolls=0
2026-09-03T20:25:28.877885 [PRT] calls=1136409 xerr=0 ler=1 lidx=0x0 perr=0 maxcnt=17 addr8=0x52
2026-09-03T20:25:28.881873 [RTY] wr=0 wmax=0 wref=0  rd=0 rmax=0 rref=0
2026-09-03T20:25:28.889903 [RNG] frames=283903 last=41 min=22 max=61 nrdy=342 dxfer=0 dstat=0 lst=0 nrdyerr=0 dclr=0
2026-09-03T20:25:28.896256 [DRV] init=0 id=7 mode=0x1 lib=0x2 seq=0x1 odc=0x8b sts=0xe0 armed=1
2026-09-03T20:25:28.901886 [TRG] pulses=2665 suppressed=33743 cyc=1600 rst=1 rstmode=0x40
2026-09-03T20:25:28.905278 [HLT] polls=5684 faults=0x0 cfglost=0
2026-09-03T20:25:28.911019 [EFF] n=5 last=58588 min=58472 max=58588 late=0 stuck=0 rderr=0
2026-09-03T20:25:28.914907 [DWT] ok=1 cyc=32396215 cyc_per_ms=799906
2026-09-03T20:25:29.928403 [HB] up_ms=5998083 frames=284294 inf=284294 hazard=36422 canary_err=0 q=0 qovr=0
2026-09-03T20:25:29.939790 [I2C] init=0 gate=0 whoami=0x201e0 wr=0 wrseen=0x27 addr=0x5a ok=1150505 err=0 tmo=0 recov=0 pclk1=200000000 sysclk=400000000
2026-09-03T20:25:29.941162 [NAK] nacks=0
2026-09-03T20:25:29.945639 [CLK] cpu=800000000 sysb=400000000 pclk1=200000000
2026-09-03T20:25:29.950148 [TOF] res=0 step=0 id=0xeacc blk=0xeacc10 ctl=0x0
2026-09-03T20:25:29.956162 [RNG] init=0 step=99 id=0xeacc boot=1 calls=93 xerr=0 dm=1 tb=15
2026-09-03T20:25:29.963029 [RNG] osc=41 imp=881 imprb=881 mstart=0x40 cfg=91 cfgfail=0x0 vhv=0 vpolls=0
2026-09-03T20:25:29.969277 [PRT] calls=1136613 xerr=0 ler=1 lidx=0x0 perr=0 maxcnt=17 addr8=0x52
2026-09-03T20:25:29.973394 [RTY] wr=0 wmax=0 wref=0  rd=0 rmax=0 rref=0
2026-09-03T20:25:29.981533 [RNG] frames=283954 last=46 min=22 max=61 nrdy=342 dxfer=0 dstat=0 lst=0 nrdyerr=0 dclr=0
2026-09-03T20:25:29.987682 [DRV] init=0 id=7 mode=0x1 lib=0x2 seq=0x1 odc=0x8b sts=0xe0 armed=1
2026-09-03T20:25:29.993267 [TRG] pulses=2667 suppressed=33758 cyc=1600 rst=1 rstmode=0x40
2026-09-03T20:25:29.996763 [HLT] polls=5685 faults=0x0 cfglost=0
2026-09-03T20:25:30.002684 [EFF] n=5 last=58588 min=58472 max=58588 late=0 stuck=0 rderr=0
2026-09-03T20:25:30.006509 [DWT] ok=1 cyc=900504467 cyc_per_ms=800099
2026-09-03T20:25:31.020409 [HB] up_ms=5999168 frames=284346 inf=284346 hazard=36449 canary_err=0 q=0 qovr=0
2026-09-03T20:25:31.031671 [I2C] init=0 gate=0 whoami=0x201e0 wr=0 wrseen=0x27 addr=0x5a ok=1150715 err=0 tmo=0 recov=0 pclk1=200000000 sysclk=400000000
2026-09-03T20:25:31.033026 [NAK] nacks=0
2026-09-03T20:25:31.037662 [CLK] cpu=800000000 sysb=400000000 pclk1=200000000
2026-09-03T20:25:31.042147 [TOF] res=0 step=0 id=0xeacc blk=0xeacc10 ctl=0x0
2026-09-03T20:25:31.048030 [RNG] init=0 step=99 id=0xeacc boot=1 calls=93 xerr=0 dm=1 tb=15
2026-09-03T20:25:31.054922 [RNG] osc=41 imp=881 imprb=881 mstart=0x40 cfg=91 cfgfail=0x0 vhv=0 vpolls=0
2026-09-03T20:25:31.061283 [PRT] calls=1136817 xerr=0 ler=1 lidx=0x0 perr=0 maxcnt=17 addr8=0x52
2026-09-03T20:25:31.065416 [RTY] wr=0 wmax=0 wref=0  rd=0 rmax=0 rref=0
2026-09-03T20:25:31.073415 [RNG] frames=284006 last=40 min=22 max=61 nrdy=342 dxfer=0 dstat=0 lst=0 nrdyerr=0 dclr=0
2026-09-03T20:25:31.079667 [DRV] init=0 id=7 mode=0x1 lib=0x2 seq=0x1 odc=0x8b sts=0xe0 armed=1
2026-09-03T20:25:31.085404 [TRG] pulses=2668 suppressed=33781 cyc=1600 rst=1 rstmode=0x40
2026-09-03T20:25:31.088768 [HLT] polls=5686 faults=0x0 cfglost=0
2026-09-03T20:25:31.094523 [EFF] n=5 last=58588 min=58472 max=58588 late=0 stuck=0 rderr=0
2026-09-03T20:25:31.098510 [DWT] ok=1 cyc=1768497431 cyc_per_ms=799993
2026-09-03T20:25:32.111909 [HB] up_ms=6000253 frames=284397 inf=284397 hazard=36449 canary_err=0 q=0 qovr=0
2026-09-03T20:25:32.123159 [I2C] init=0 gate=0 whoami=0x201e0 wr=0 wrseen=0x27 addr=0x5a ok=1150921 err=0 tmo=0 recov=0 pclk1=200000000 sysclk=400000000
2026-09-03T20:25:32.124610 [NAK] nacks=0
2026-09-03T20:25:32.129027 [CLK] cpu=800000000 sysb=400000000 pclk1=200000000
2026-09-03T20:25:32.133532 [TOF] res=0 step=0 id=0xeacc blk=0xeacc10 ctl=0x0
2026-09-03T20:25:32.139531 [RNG] init=0 step=99 id=0xeacc boot=1 calls=93 xerr=0 dm=1 tb=15
2026-09-03T20:25:32.146423 [RNG] osc=41 imp=881 imprb=881 mstart=0x40 cfg=91 cfgfail=0x0 vhv=0 vpolls=0
2026-09-03T20:25:32.152681 [PRT] calls=1137025 xerr=0 ler=1 lidx=0x0 perr=0 maxcnt=17 addr8=0x52
2026-09-03T20:25:32.156782 [RTY] wr=0 wmax=0 wref=0  rd=0 rmax=0 rref=0
2026-09-03T20:25:32.164902 [RNG] frames=284057 last=38 min=22 max=61 nrdy=342 dxfer=0 dstat=0 lst=0 nrdyerr=0 dclr=0
2026-09-03T20:25:32.171174 [DRV] init=0 id=7 mode=0x1 lib=0x2 seq=0x1 odc=0x8b sts=0xe0 armed=1
2026-09-03T20:25:32.176790 [TRG] pulses=2668 suppressed=33781 cyc=1600 rst=1 rstmode=0x40
2026-09-03T20:25:32.180158 [HLT] polls=5688 faults=0x0 cfglost=0
2026-09-03T20:25:32.186101 [EFF] n=5 last=58588 min=58472 max=58588 late=0 stuck=0 rderr=0
2026-09-03T20:25:32.190024 [DWT] ok=1 cyc=2636530867 cyc_per_ms=800030
2026-09-03T20:25:33.203544 [HB] up_ms=6001338 frames=284448 inf=284448 hazard=36449 canary_err=0 q=0 qovr=0
2026-09-03T20:25:33.214688 [I2C] init=0 gate=0 whoami=0x201e0 wr=0 wrseen=0x27 addr=0x5a ok=1151131 err=0 tmo=0 recov=0 pclk1=200000000 sysclk=400000000
2026-09-03T20:25:33.216039 [NAK] nacks=0
2026-09-03T20:25:33.220680 [CLK] cpu=800000000 sysb=400000000 pclk1=200000000
2026-09-03T20:25:33.225283 [TOF] res=0 step=0 id=0xeacc blk=0xeacc10 ctl=0x0
2026-09-03T20:25:33.231156 [RNG] init=0 step=99 id=0xeacc boot=1 calls=93 xerr=0 dm=1 tb=15
2026-09-03T20:25:33.238051 [RNG] osc=41 imp=881 imprb=881 mstart=0x40 cfg=91 cfgfail=0x0 vhv=0 vpolls=0
2026-09-03T20:25:33.244429 [PRT] calls=1137229 xerr=0 ler=1 lidx=0x0 perr=0 maxcnt=17 addr8=0x52
2026-09-03T20:25:33.248401 [RTY] wr=0 wmax=0 wref=0  rd=0 rmax=0 rref=0
2026-09-03T20:25:33.256527 [RNG] frames=284109 last=45 min=22 max=61 nrdy=342 dxfer=0 dstat=0 lst=0 nrdyerr=0 dclr=0
2026-09-03T20:25:33.262652 [DRV] init=0 id=7 mode=0x1 lib=0x2 seq=0x1 odc=0x8b sts=0xe0 armed=1
2026-09-03T20:25:33.268415 [TRG] pulses=2668 suppressed=33781 cyc=1600 rst=1 rstmode=0x40
2026-09-03T20:25:33.271923 [HLT] polls=5689 faults=0x0 cfglost=0
2026-09-03T20:25:33.277674 [EFF] n=5 last=58588 min=58472 max=58588 late=0 stuck=0 rderr=0
2026-09-03T20:25:33.281521 [DWT] ok=1 cyc=3504530699 cyc_per_ms=799999
2026-09-03T20:25:34.294790 [HB] up_ms=6002423 frames=284500 inf=284500 hazard=36449 canary_err=0 q=0 qovr=0
2026-09-03T20:25:34.306188 [I2C] init=0 gate=0 whoami=0x201e0 wr=0 wrseen=0x27 addr=0x5a ok=1151339 err=0 tmo=0 recov=0 pclk1=200000000 sysclk=400000000
2026-09-03T20:25:34.307412 [NAK] nacks=0
2026-09-03T20:25:34.312028 [CLK] cpu=800000000 sysb=400000000 pclk1=200000000
2026-09-03T20:25:34.316531 [TOF] res=0 step=0 id=0xeacc blk=0xeacc10 ctl=0x0
2026-09-03T20:25:34.322418 [RNG] init=0 step=99 id=0xeacc boot=1 calls=93 xerr=0 dm=1 tb=15
2026-09-03T20:25:34.329407 [RNG] osc=41 imp=881 imprb=881 mstart=0x40 cfg=91 cfgfail=0x0 vhv=0 vpolls=0
2026-09-03T20:25:34.335662 [PRT] calls=1137437 xerr=0 ler=1 lidx=0x0 perr=0 maxcnt=17 addr8=0x52
2026-09-03T20:25:34.339680 [RTY] wr=0 wmax=0 wref=0  rd=0 rmax=0 rref=0
2026-09-03T20:25:34.347799 [RNG] frames=284160 last=41 min=22 max=61 nrdy=342 dxfer=0 dstat=0 lst=0 nrdyerr=0 dclr=0
2026-09-03T20:25:34.354032 [DRV] init=0 id=7 mode=0x1 lib=0x2 seq=0x1 odc=0x8b sts=0xe0 armed=1
2026-09-03T20:25:34.359665 [TRG] pulses=2668 suppressed=33781 cyc=1600 rst=1 rstmode=0x40
2026-09-03T20:25:34.363150 [HLT] polls=5690 faults=0x0 cfglost=0
2026-09-03T20:25:34.368806 [EFF] n=5 last=58588 min=58472 max=58588 late=0 stuck=0 rderr=0
2026-09-03T20:25:34.372804 [DWT] ok=1 cyc=77428875 cyc_per_ms=799876
2026-09-03T20:25:35.386318 [HB] up_ms=6003508 frames=284551 inf=284551 hazard=36449 canary_err=0 q=0 qovr=0
2026-09-03T20:25:35.397548 [I2C] init=0 gate=0 whoami=0x201e0 wr=0 wrseen=0x27 addr=0x5a ok=1151548 err=0 tmo=0 recov=0 pclk1=200000000 sysclk=400000000
2026-09-03T20:25:35.398853 [NAK] nacks=0
2026-09-03T20:25:35.403422 [CLK] cpu=800000000 sysb=400000000 pclk1=200000000
2026-09-03T20:25:35.408035 [TOF] res=0 step=0 id=0xeacc blk=0xeacc10 ctl=0x0
2026-09-03T20:25:35.413920 [RNG] init=0 step=99 id=0xeacc boot=1 calls=93 xerr=0 dm=1 tb=15
2026-09-03T20:25:35.420807 [RNG] osc=41 imp=881 imprb=881 mstart=0x40 cfg=91 cfgfail=0x0 vhv=0 vpolls=0
2026-09-03T20:25:35.427047 [PRT] calls=1137641 xerr=0 ler=1 lidx=0x0 perr=0 maxcnt=17 addr8=0x52
2026-09-03T20:25:35.431171 [RTY] wr=0 wmax=0 wref=0  rd=0 rmax=0 rref=0
2026-09-03T20:25:35.439308 [RNG] frames=284212 last=29 min=22 max=61 nrdy=342 dxfer=0 dstat=0 lst=0 nrdyerr=0 dclr=0
2026-09-03T20:25:35.445419 [DRV] init=0 id=7 mode=0x1 lib=0x2 seq=0x1 odc=0x8b sts=0xe0 armed=1
2026-09-03T20:25:35.451079 [TRG] pulses=2668 suppressed=33781 cyc=1600 rst=1 rstmode=0x40
2026-09-03T20:25:35.454680 [HLT] polls=5691 faults=0x0 cfglost=0
2026-09-03T20:25:35.460412 [EFF] n=5 last=58588 min=58472 max=58588 late=0 stuck=0 rderr=0
2026-09-03T20:25:35.464289 [DWT] ok=1 cyc=945530831 cyc_per_ms=800093
2026-09-03T20:25:36.477574 [HB] up_ms=6004593 frames=284603 inf=284603 hazard=36452 canary_err=0 q=0 qovr=0
2026-09-03T20:25:36.488798 [I2C] init=0 gate=0 whoami=0x201e0 wr=0 wrseen=0x27 addr=0x5a ok=1151755 err=0 tmo=0 recov=0 pclk1=200000000 sysclk=400000000
2026-09-03T20:25:36.490175 [NAK] nacks=0
2026-09-03T20:25:36.494792 [CLK] cpu=800000000 sysb=400000000 pclk1=200000000
2026-09-03T20:25:36.499331 [TOF] res=0 step=0 id=0xeacc blk=0xeacc10 ctl=0x0
2026-09-03T20:25:36.505184 [RNG] init=0 step=99 id=0xeacc boot=1 calls=93 xerr=0 dm=1 tb=15
2026-09-03T20:25:36.512176 [RNG] osc=41 imp=881 imprb=881 mstart=0x40 cfg=91 cfgfail=0x0 vhv=0 vpolls=0
2026-09-03T20:25:36.518463 [PRT] calls=1137849 xerr=0 ler=1 lidx=0x0 perr=0 maxcnt=17 addr8=0x52
2026-09-03T20:25:36.522423 [RTY] wr=0 wmax=0 wref=0  rd=0 rmax=0 rref=0
2026-09-03T20:25:36.530548 [RNG] frames=284263 last=36 min=22 max=61 nrdy=342 dxfer=0 dstat=0 lst=0 nrdyerr=0 dclr=0
2026-09-03T20:25:36.536797 [DRV] init=0 id=7 mode=0x1 lib=0x2 seq=0x1 odc=0x8b sts=0xe0 armed=1
2026-09-03T20:25:36.542432 [TRG] pulses=2669 suppressed=33786 cyc=1600 rst=1 rstmode=0x40
2026-09-03T20:25:36.545925 [HLT] polls=5692 faults=0x0 cfglost=0
2026-09-03T20:25:36.551688 [EFF] n=5 last=58588 min=58472 max=58588 late=0 stuck=0 rderr=0
2026-09-03T20:25:36.555695 [DWT] ok=1 cyc=1813431659 cyc_per_ms=799908
2026-09-03T20:25:37.569686 [HB] up_ms=6005678 frames=284654 inf=284654 hazard=36490 canary_err=0 q=0 qovr=0
2026-09-03T20:25:37.581065 [I2C] init=0 gate=0 whoami=0x201e0 wr=0 wrseen=0x27 addr=0x5a ok=1151961 err=0 tmo=0 recov=0 pclk1=200000000 sysclk=400000000
2026-09-03T20:25:37.582428 [NAK] nacks=0
2026-09-03T20:25:37.587064 [CLK] cpu=800000000 sysb=400000000 pclk1=200000000
2026-09-03T20:25:37.591574 [TOF] res=0 step=0 id=0xeacc blk=0xeacc10 ctl=0x0
2026-09-03T20:25:37.597427 [RNG] init=0 step=99 id=0xeacc boot=1 calls=93 xerr=0 dm=1 tb=15
2026-09-03T20:25:37.604309 [RNG] osc=41 imp=881 imprb=881 mstart=0x40 cfg=91 cfgfail=0x0 vhv=0 vpolls=0
2026-09-03T20:25:37.610546 [PRT] calls=1138053 xerr=0 ler=1 lidx=0x0 perr=0 maxcnt=17 addr8=0x52
2026-09-03T20:25:37.614676 [RTY] wr=0 wmax=0 wref=0  rd=0 rmax=0 rref=0
2026-09-03T20:25:37.622800 [RNG] frames=284314 last=40 min=22 max=61 nrdy=342 dxfer=0 dstat=0 lst=0 nrdyerr=0 dclr=0
2026-09-03T20:25:37.629053 [DRV] init=0 id=7 mode=0x1 lib=0x2 seq=0x1 odc=0x8b sts=0xe0 armed=1
2026-09-03T20:25:37.634701 [TRG] pulses=2671 suppressed=33819 cyc=1600 rst=1 rstmode=0x40
2026-09-03T20:25:37.638046 [HLT] polls=5693 faults=0x0 cfglost=0
2026-09-03T20:25:37.643968 [EFF] n=5 last=58588 min=58472 max=58588 late=0 stuck=0 rderr=0
2026-09-03T20:25:37.647916 [DWT] ok=1 cyc=2681530879 cyc_per_ms=800091
2026-09-03T20:25:38.662316 [HB] up_ms=6006763 frames=284706 inf=284706 hazard=36490 canary_err=0 q=0 qovr=0
2026-09-03T20:25:38.673461 [I2C] init=0 gate=0 whoami=0x201e0 wr=0 wrseen=0x27 addr=0x5a ok=1152171 err=0 tmo=0 recov=0 pclk1=200000000 sysclk=400000000
2026-09-03T20:25:38.674806 [NAK] nacks=0
2026-09-03T20:25:38.679584 [CLK] cpu=800000000 sysb=400000000 pclk1=200000000
2026-09-03T20:25:38.684091 [TOF] res=0 step=0 id=0xeacc blk=0xeacc10 ctl=0x0
2026-09-03T20:25:38.689815 [RNG] init=0 step=99 id=0xeacc boot=1 calls=93 xerr=0 dm=1 tb=15
2026-09-03T20:25:38.696815 [RNG] osc=41 imp=881 imprb=881 mstart=0x40 cfg=91 cfgfail=0x0 vhv=0 vpolls=0
2026-09-03T20:25:38.703180 [PRT] calls=1138257 xerr=0 ler=1 lidx=0x0 perr=0 maxcnt=17 addr8=0x52
2026-09-03T20:25:38.707231 [RTY] wr=0 wmax=0 wref=0  rd=0 rmax=0 rref=0
2026-09-03T20:25:38.715222 [RNG] frames=284366 last=51 min=22 max=61 nrdy=342 dxfer=0 dstat=0 lst=0 nrdyerr=0 dclr=0
2026-09-03T20:25:38.721434 [DRV] init=0 id=7 mode=0x1 lib=0x2 seq=0x1 odc=0x8b sts=0xe0 armed=1
2026-09-03T20:25:38.727218 [TRG] pulses=2671 suppressed=33819 cyc=1600 rst=1 rstmode=0x40
2026-09-03T20:25:38.730684 [HLT] polls=5694 faults=0x0 cfglost=0
2026-09-03T20:25:38.736447 [EFF] n=5 last=58588 min=58472 max=58588 late=0 stuck=0 rderr=0
2026-09-03T20:25:38.740288 [DWT] ok=1 cyc=3549530143 cyc_per_ms=799999
2026-09-03T20:25:39.754859 [HB] up_ms=6007848 frames=284757 inf=284757 hazard=36490 canary_err=0 q=0 qovr=0
2026-09-03T20:25:39.766209 [I2C] init=0 gate=0 whoami=0x201e0 wr=0 wrseen=0x27 addr=0x5a ok=1152377 err=0 tmo=0 recov=0 pclk1=200000000 sysclk=400000000
2026-09-03T20:25:39.767631 [NAK] nacks=0
2026-09-03T20:25:39.772209 [CLK] cpu=800000000 sysb=400000000 pclk1=200000000
2026-09-03T20:25:39.776693 [TOF] res=0 step=0 id=0xeacc blk=0xeacc10 ctl=0x0
2026-09-03T20:25:39.782614 [RNG] init=0 step=99 id=0xeacc boot=1 calls=93 xerr=0 dm=1 tb=15
2026-09-03T20:25:39.789427 [RNG] osc=41 imp=881 imprb=881 mstart=0x40 cfg=91 cfgfail=0x0 vhv=0 vpolls=0
2026-09-03T20:25:39.795790 [PRT] calls=1138465 xerr=0 ler=1 lidx=0x0 perr=0 maxcnt=17 addr8=0x52
2026-09-03T20:25:39.799831 [RTY] wr=0 wmax=0 wref=0  rd=0 rmax=0 rref=0
2026-09-03T20:25:39.807924 [RNG] frames=284417 last=44 min=22 max=61 nrdy=342 dxfer=0 dstat=0 lst=0 nrdyerr=0 dclr=0
2026-09-03T20:25:39.814174 [DRV] init=0 id=7 mode=0x1 lib=0x2 seq=0x1 odc=0x8b sts=0xe0 armed=1
2026-09-03T20:25:39.819839 [TRG] pulses=2671 suppressed=33819 cyc=1600 rst=1 rstmode=0x40
2026-09-03T20:25:39.823295 [HLT] polls=5695 faults=0x0 cfglost=0
2026-09-03T20:25:39.829176 [EFF] n=5 last=58588 min=58472 max=58588 late=0 stuck=0 rderr=0
2026-09-03T20:25:39.833059 [DWT] ok=1 cyc=122563639 cyc_per_ms=800000
2026-09-03T20:25:40.847217 [HB] up_ms=6008933 frames=284808 inf=284808 hazard=36490 canary_err=0 q=0 qovr=0
2026-09-03T20:25:40.858449 [I2C] init=0 gate=0 whoami=0x201e0 wr=0 wrseen=0x27 addr=0x5a ok=1152587 err=0 tmo=0 recov=0 pclk1=200000000 sysclk=400000000
2026-09-03T20:25:40.859842 [NAK] nacks=0
2026-09-03T20:25:40.864432 [CLK] cpu=800000000 sysb=400000000 pclk1=200000000
2026-09-03T20:25:40.868985 [TOF] res=0 step=0 id=0xeacc blk=0xeacc10 ctl=0x0
2026-09-03T20:25:40.874819 [RNG] init=0 step=99 id=0xeacc boot=1 calls=93 xerr=0 dm=1 tb=15
2026-09-03T20:25:40.881707 [RNG] osc=41 imp=881 imprb=881 mstart=0x40 cfg=91 cfgfail=0x0 vhv=0 vpolls=0
2026-09-03T20:25:40.888090 [PRT] calls=1138669 xerr=0 ler=1 lidx=0x0 perr=0 maxcnt=17 addr8=0x52
2026-09-03T20:25:40.892198 [RTY] wr=0 wmax=0 wref=0  rd=0 rmax=0 rref=0
2026-09-03T20:25:40.900219 [RNG] frames=284469 last=43 min=22 max=61 nrdy=342 dxfer=0 dstat=0 lst=0 nrdyerr=0 dclr=0
2026-09-03T20:25:40.906439 [DRV] init=0 id=7 mode=0x1 lib=0x2 seq=0x1 odc=0x8b sts=0xe0 armed=1
2026-09-03T20:25:40.912186 [TRG] pulses=2671 suppressed=33819 cyc=1600 rst=1 rstmode=0x40
2026-09-03T20:25:40.915598 [HLT] polls=5696 faults=0x0 cfglost=0
2026-09-03T20:25:40.921312 [EFF] n=5 last=58588 min=58472 max=58588 late=0 stuck=0 rderr=0
2026-09-03T20:25:40.925205 [DWT] ok=1 cyc=990563543 cyc_per_ms=799999
2026-09-03T20:25:41.939465 [HB] up_ms=6010018 frames=284860 inf=284860 hazard=36490 canary_err=0 q=0 qovr=0
2026-09-03T20:25:41.950716 [I2C] init=0 gate=0 whoami=0x201e0 wr=0 wrseen=0x27 addr=0x5a ok=1152793 err=0 tmo=0 recov=0 pclk1=200000000 sysclk=400000000
2026-09-03T20:25:41.952077 [NAK] nacks=0
2026-09-03T20:25:41.956707 [CLK] cpu=800000000 sysb=400000000 pclk1=200000000
2026-09-03T20:25:41.961244 [TOF] res=0 step=0 id=0xeacc blk=0xeacc10 ctl=0x0
2026-09-03T20:25:41.967069 [RNG] init=0 step=99 id=0xeacc boot=1 calls=93 xerr=0 dm=1 tb=15
2026-09-03T20:25:41.973966 [RNG] osc=41 imp=881 imprb=881 mstart=0x40 cfg=91 cfgfail=0x0 vhv=0 vpolls=0
2026-09-03T20:25:41.980338 [PRT] calls=1138877 xerr=0 ler=1 lidx=0x0 perr=0 maxcnt=17 addr8=0x52
2026-09-03T20:25:41.984369 [RTY] wr=0 wmax=0 wref=0  rd=0 rmax=0 rref=0
2026-09-03T20:25:41.992454 [RNG] frames=284520 last=49 min=22 max=61 nrdy=342 dxfer=0 dstat=0 lst=0 nrdyerr=0 dclr=0
2026-09-03T20:25:41.998711 [DRV] init=0 id=7 mode=0x1 lib=0x2 seq=0x1 odc=0x8b sts=0xe0 armed=1
2026-09-03T20:25:42.004333 [TRG] pulses=2671 suppressed=33819 cyc=1600 rst=1 rstmode=0x40
2026-09-03T20:25:42.007698 [HLT] polls=5697 faults=0x0 cfglost=0
2026-09-03T20:25:42.013453 [EFF] n=5 last=58588 min=58472 max=58588 late=0 stuck=0 rderr=0
2026-09-03T20:25:42.017607 [DWT] ok=1 cyc=1858461543 cyc_per_ms=799905
2026-09-03T20:25:43.031691 [HB] up_ms=6011103 frames=284911 inf=284911 hazard=36490 canary_err=0 q=0 qovr=0
2026-09-03T20:25:43.042854 [I2C] init=0 gate=0 whoami=0x201e0 wr=0 wrseen=0x27 addr=0x5a ok=1153002 err=0 tmo=0 recov=0 pclk1=200000000 sysclk=400000000
2026-09-03T20:25:43.044213 [NAK] nacks=0
2026-09-03T20:25:43.048743 [CLK] cpu=800000000 sysb=400000000 pclk1=200000000
2026-09-03T20:25:43.053328 [TOF] res=0 step=0 id=0xeacc blk=0xeacc10 ctl=0x0
2026-09-03T20:25:43.059211 [RNG] init=0 step=99 id=0xeacc boot=1 calls=93 xerr=0 dm=1 tb=15
2026-09-03T20:25:43.066122 [RNG] osc=41 imp=881 imprb=881 mstart=0x40 cfg=91 cfgfail=0x0 vhv=0 vpolls=0
2026-09-03T20:25:43.072337 [PRT] calls=1139081 xerr=0 ler=1 lidx=0x0 perr=0 maxcnt=17 addr8=0x52
2026-09-03T20:25:43.076620 [RTY] wr=0 wmax=0 wref=0  rd=0 rmax=0 rref=0
2026-09-03T20:25:43.084623 [RNG] frames=284572 last=43 min=22 max=61 nrdy=342 dxfer=0 dstat=0 lst=0 nrdyerr=0 dclr=0
2026-09-03T20:25:43.090714 [DRV] init=0 id=7 mode=0x1 lib=0x2 seq=0x1 odc=0x8b sts=0xe0 armed=1
2026-09-03T20:25:43.096457 [TRG] pulses=2671 suppressed=33819 cyc=1600 rst=1 rstmode=0x40
2026-09-03T20:25:43.099966 [HLT] polls=5698 faults=0x0 cfglost=0
2026-09-03T20:25:43.105719 [EFF] n=5 last=58588 min=58472 max=58588 late=0 stuck=0 rderr=0
2026-09-03T20:25:43.109720 [DWT] ok=1 cyc=2726563507 cyc_per_ms=800093
2026-09-03T20:25:44.122981 [HB] up_ms=6012188 frames=284963 inf=284963 hazard=36531 canary_err=0 q=0 qovr=0
2026-09-03T20:25:44.134239 [I2C] init=0 gate=0 whoami=0x201e0 wr=0 wrseen=0x27 addr=0x5a ok=1153209 err=0 tmo=0 recov=0 pclk1=200000000 sysclk=400000000
2026-09-03T20:25:44.135632 [NAK] nacks=0
2026-09-03T20:25:44.140238 [CLK] cpu=800000000 sysb=400000000 pclk1=200000000
2026-09-03T20:25:44.144727 [TOF] res=0 step=0 id=0xeacc blk=0xeacc10 ctl=0x0
2026-09-03T20:25:44.150631 [RNG] init=0 step=99 id=0xeacc boot=1 calls=93 xerr=0 dm=1 tb=15
2026-09-03T20:25:44.157625 [RNG] osc=41 imp=881 imprb=881 mstart=0x40 cfg=91 cfgfail=0x0 vhv=0 vpolls=0
2026-09-03T20:25:44.163848 [PRT] calls=1139289 xerr=0 ler=1 lidx=0x0 perr=0 maxcnt=17 addr8=0x52
2026-09-03T20:25:44.167855 [RTY] wr=0 wmax=0 wref=0  rd=0 rmax=0 rref=0
2026-09-03T20:25:44.175966 [RNG] frames=284623 last=41 min=22 max=61 nrdy=342 dxfer=0 dstat=0 lst=0 nrdyerr=0 dclr=0
2026-09-03T20:25:44.182240 [DRV] init=0 id=7 mode=0x1 lib=0x2 seq=0x1 odc=0x8b sts=0xe0 armed=1
2026-09-03T20:25:44.187897 [TRG] pulses=2674 suppressed=33857 cyc=1600 rst=1 rstmode=0x40
2026-09-03T20:25:44.191345 [HLT] polls=5699 faults=0x0 cfglost=0
2026-09-03T20:25:44.197087 [EFF] n=5 last=58588 min=58472 max=58588 late=0 stuck=0 rderr=0
2026-09-03T20:25:44.201093 [DWT] ok=1 cyc=3594461699 cyc_per_ms=799906
2026-09-03T20:25:45.214127 [HB] up_ms=6013273 frames=285014 inf=285014 hazard=36531 canary_err=0 q=0 qovr=0
2026-09-03T20:25:45.225392 [I2C] init=0 gate=0 whoami=0x201e0 wr=0 wrseen=0x27 addr=0x5a ok=1153415 err=0 tmo=0 recov=0 pclk1=200000000 sysclk=400000000
2026-09-03T20:25:45.226743 [NAK] nacks=0
2026-09-03T20:25:45.231259 [CLK] cpu=800000000 sysb=400000000 pclk1=200000000
2026-09-03T20:25:45.235829 [TOF] res=0 step=0 id=0xeacc blk=0xeacc10 ctl=0x0
2026-09-03T20:25:45.241734 [RNG] init=0 step=99 id=0xeacc boot=1 calls=93 xerr=0 dm=1 tb=15
2026-09-03T20:25:45.248677 [RNG] osc=41 imp=881 imprb=881 mstart=0x40 cfg=91 cfgfail=0x0 vhv=0 vpolls=0
2026-09-03T20:25:45.254857 [PRT] calls=1139493 xerr=0 ler=1 lidx=0x0 perr=0 maxcnt=17 addr8=0x52
2026-09-03T20:25:45.258977 [RTY] wr=0 wmax=0 wref=0  rd=0 rmax=0 rref=0
2026-09-03T20:25:45.267116 [RNG] frames=284674 last=43 min=22 max=61 nrdy=342 dxfer=0 dstat=0 lst=0 nrdyerr=0 dclr=0
2026-09-03T20:25:45.273260 [DRV] init=0 id=7 mode=0x1 lib=0x2 seq=0x1 odc=0x8b sts=0xe0 armed=1
2026-09-03T20:25:45.278856 [TRG] pulses=2674 suppressed=33857 cyc=1600 rst=1 rstmode=0x40
2026-09-03T20:25:45.282376 [HLT] polls=5700 faults=0x0 cfglost=0
2026-09-03T20:25:45.288261 [EFF] n=5 last=58588 min=58472 max=58588 late=0 stuck=0 rderr=0
2026-09-03T20:25:45.292100 [DWT] ok=1 cyc=167596327 cyc_per_ms=800093
2026-09-03T20:25:46.305164 [HB] up_ms=6014358 frames=285066 inf=285066 hazard=36531 canary_err=0 q=0 qovr=0
2026-09-03T20:25:46.316386 [I2C] init=0 gate=0 whoami=0x201e0 wr=0 wrseen=0x27 addr=0x5a ok=1153625 err=0 tmo=0 recov=0 pclk1=200000000 sysclk=400000000
2026-09-03T20:25:46.317647 [NAK] nacks=0
2026-09-03T20:25:46.322367 [CLK] cpu=800000000 sysb=400000000 pclk1=200000000
2026-09-03T20:25:46.326862 [TOF] res=0 step=0 id=0xeacc blk=0xeacc10 ctl=0x0
2026-09-03T20:25:46.332760 [RNG] init=0 step=99 id=0xeacc boot=1 calls=93 xerr=0 dm=1 tb=15
2026-09-03T20:25:46.339655 [RNG] osc=41 imp=881 imprb=881 mstart=0x40 cfg=91 cfgfail=0x0 vhv=0 vpolls=0
2026-09-03T20:25:46.345997 [PRT] calls=1139697 xerr=0 ler=1 lidx=0x0 perr=0 maxcnt=17 addr8=0x52
2026-09-03T20:25:46.350002 [RTY] wr=0 wmax=0 wref=0  rd=0 rmax=0 rref=0
2026-09-03T20:25:46.358002 [RNG] frames=284726 last=42 min=22 max=61 nrdy=342 dxfer=0 dstat=0 lst=0 nrdyerr=0 dclr=0
2026-09-03T20:25:46.364234 [DRV] init=0 id=7 mode=0x1 lib=0x2 seq=0x1 odc=0x8b sts=0xe0 armed=1
2026-09-03T20:25:46.370003 [TRG] pulses=2674 suppressed=33857 cyc=1600 rst=1 rstmode=0x40
2026-09-03T20:25:46.373488 [HLT] polls=5701 faults=0x0 cfglost=0
2026-09-03T20:25:46.379111 [EFF] n=5 last=58588 min=58472 max=58588 late=0 stuck=0 rderr=0
2026-09-03T20:25:46.383116 [DWT] ok=1 cyc=1035595599 cyc_per_ms=799999
2026-09-03T20:25:47.396268 [HB] up_ms=6015443 frames=285117 inf=285117 hazard=36531 canary_err=0 q=0 qovr=0
2026-09-03T20:25:47.407522 [I2C] init=0 gate=0 whoami=0x201e0 wr=0 wrseen=0x27 addr=0x5a ok=1153831 err=0 tmo=0 recov=0 pclk1=200000000 sysclk=400000000
2026-09-03T20:25:47.408884 [NAK] nacks=0
2026-09-03T20:25:47.413505 [CLK] cpu=800000000 sysb=400000000 pclk1=200000000
2026-09-03T20:25:47.418013 [TOF] res=0 step=0 id=0xeacc blk=0xeacc10 ctl=0x0
2026-09-03T20:25:47.423887 [RNG] init=0 step=99 id=0xeacc boot=1 calls=93 xerr=0 dm=1 tb=15
2026-09-03T20:25:47.430768 [RNG] osc=41 imp=881 imprb=881 mstart=0x40 cfg=91 cfgfail=0x0 vhv=0 vpolls=0
2026-09-03T20:25:47.437002 [PRT] calls=1139905 xerr=0 ler=1 lidx=0x0 perr=0 maxcnt=17 addr8=0x52
2026-09-03T20:25:47.441223 [RTY] wr=0 wmax=0 wref=0  rd=0 rmax=0 rref=0
2026-09-03T20:25:47.449286 [RNG] frames=284777 last=48 min=22 max=61 nrdy=342 dxfer=0 dstat=0 lst=0 nrdyerr=0 dclr=0
2026-09-03T20:25:47.455508 [DRV] init=0 id=7 mode=0x1 lib=0x2 seq=0x1 odc=0x8b sts=0xe0 armed=1
2026-09-03T20:25:47.461123 [TRG] pulses=2674 suppressed=33857 cyc=1600 rst=1 rstmode=0x40
2026-09-03T20:25:47.464510 [HLT] polls=5702 faults=0x0 cfglost=0
2026-09-03T20:25:47.470391 [EFF] n=5 last=58588 min=58472 max=58588 late=0 stuck=0 rderr=0
2026-09-03T20:25:47.474393 [DWT] ok=1 cyc=1903596391 cyc_per_ms=800000
2026-09-03T20:25:48.488153 [HB] up_ms=6016528 frames=285168 inf=285168 hazard=36531 canary_err=0 q=0 qovr=0
2026-09-03T20:25:48.499419 [I2C] init=0 gate=0 whoami=0x201e0 wr=0 wrseen=0x27 addr=0x5a ok=1154039 err=0 tmo=0 recov=0 pclk1=200000000 sysclk=400000000
2026-09-03T20:25:48.500673 [NAK] nacks=0
2026-09-03T20:25:48.505301 [CLK] cpu=800000000 sysb=400000000 pclk1=200000000
2026-09-03T20:25:48.509903 [TOF] res=0 step=0 id=0xeacc blk=0xeacc10 ctl=0x0
2026-09-03T20:25:48.515934 [RNG] init=0 step=99 id=0xeacc boot=1 calls=93 xerr=0 dm=1 tb=15
2026-09-03T20:25:48.522701 [RNG] osc=41 imp=881 imprb=881 mstart=0x40 cfg=91 cfgfail=0x0 vhv=0 vpolls=0
2026-09-03T20:25:48.528901 [PRT] calls=1140107 xerr=0 ler=1 lidx=0x0 perr=0 maxcnt=17 addr8=0x52
2026-09-03T20:25:48.533016 [RTY] wr=0 wmax=0 wref=0  rd=0 rmax=0 rref=0
2026-09-03T20:25:48.541022 [RNG] frames=284828 last=33 min=22 max=61 nrdy=343 dxfer=0 dstat=0 lst=0 nrdyerr=0 dclr=0
2026-09-03T20:25:48.547276 [DRV] init=0 id=7 mode=0x1 lib=0x2 seq=0x1 odc=0x8b sts=0xe0 armed=1
2026-09-03T20:25:48.553013 [TRG] pulses=2674 suppressed=33857 cyc=1600 rst=1 rstmode=0x40
2026-09-03T20:25:48.556492 [HLT] polls=5703 faults=0x0 cfglost=0
2026-09-03T20:25:48.562120 [EFF] n=5 last=58588 min=58472 max=58588 late=0 stuck=0 rderr=0
2026-09-03T20:25:48.566145 [DWT] ok=1 cyc=2771596239 cyc_per_ms=799999
2026-09-03T20:25:49.579655 [HB] up_ms=6017613 frames=285220 inf=285220 hazard=36531 canary_err=0 q=0 qovr=0
2026-09-03T20:25:49.590915 [I2C] init=0 gate=0 whoami=0x201e0 wr=0 wrseen=0x27 addr=0x5a ok=1154241 err=0 tmo=0 recov=0 pclk1=200000000 sysclk=400000000
2026-09-03T20:25:49.592278 [NAK] nacks=0
2026-09-03T20:25:49.596942 [CLK] cpu=800000000 sysb=400000000 pclk1=200000000
2026-09-03T20:25:49.601409 [TOF] res=0 step=0 id=0xeacc blk=0xeacc10 ctl=0x0
2026-09-03T20:25:49.607196 [RNG] init=0 step=99 id=0xeacc boot=1 calls=93 xerr=0 dm=1 tb=15
2026-09-03T20:25:49.614145 [RNG] osc=41 imp=881 imprb=881 mstart=0x40 cfg=91 cfgfail=0x0 vhv=0 vpolls=0
2026-09-03T20:25:49.620415 [PRT] calls=1140311 xerr=0 ler=1 lidx=0x0 perr=0 maxcnt=17 addr8=0x52
2026-09-03T20:25:49.624535 [RTY] wr=0 wmax=0 wref=0  rd=0 rmax=0 rref=0
2026-09-03T20:25:49.632697 [RNG] frames=284877 last=37 min=22 max=61 nrdy=345 dxfer=0 dstat=0 lst=0 nrdyerr=0 dclr=0
2026-09-03T20:25:49.638792 [DRV] init=0 id=7 mode=0x1 lib=0x2 seq=0x1 odc=0x8b sts=0xe0 armed=1
2026-09-03T20:25:49.644405 [TRG] pulses=2674 suppressed=33857 cyc=1600 rst=1 rstmode=0x40
2026-09-03T20:25:49.647934 [HLT] polls=5704 faults=0x0 cfglost=0
2026-09-03T20:25:49.653719 [EFF] n=5 last=58588 min=58472 max=58588 late=0 stuck=0 rderr=0
2026-09-03T20:25:49.657675 [DWT] ok=1 cyc=3639494231 cyc_per_ms=799905
2026-09-03T20:25:50.670567 [HB] up_ms=6018698 frames=285271 inf=285271 hazard=36562 canary_err=0 q=0 qovr=0
2026-09-03T20:25:50.681804 [I2C] init=0 gate=0 whoami=0x201e0 wr=0 wrseen=0x27 addr=0x5a ok=1154450 err=0 tmo=0 recov=0 pclk1=200000000 sysclk=400000000
2026-09-03T20:25:50.683049 [NAK] nacks=0
2026-09-03T20:25:50.687665 [CLK] cpu=800000000 sysb=400000000 pclk1=200000000
2026-09-03T20:25:50.692302 [TOF] res=0 step=0 id=0xeacc blk=0xeacc10 ctl=0x0
2026-09-03T20:25:50.698053 [RNG] init=0 step=99 id=0xeacc boot=1 calls=93 xerr=0 dm=1 tb=15
2026-09-03T20:25:50.705048 [RNG] osc=41 imp=881 imprb=881 mstart=0x40 cfg=91 cfgfail=0x0 vhv=0 vpolls=0
2026-09-03T20:25:50.711287 [PRT] calls=1140515 xerr=0 ler=1 lidx=0x0 perr=0 maxcnt=17 addr8=0x52
2026-09-03T20:25:50.715415 [RTY] wr=0 wmax=0 wref=0  rd=0 rmax=0 rref=0
2026-09-03T20:25:50.723409 [RNG] frames=284929 last=41 min=22 max=61 nrdy=345 dxfer=0 dstat=0 lst=0 nrdyerr=0 dclr=0
2026-09-03T20:25:50.729656 [DRV] init=0 id=7 mode=0x1 lib=0x2 seq=0x1 odc=0x8b sts=0xe0 armed=1
2026-09-03T20:25:50.735304 [TRG] pulses=2677 suppressed=33888 cyc=1600 rst=1 rstmode=0x40
2026-09-03T20:25:50.738918 [HLT] polls=5705 faults=0x0 cfglost=0
2026-09-03T20:25:50.744679 [EFF] n=5 last=58588 min=58472 max=58588 late=0 stuck=0 rderr=0
2026-09-03T20:25:50.748956 [DWT] ok=1 cyc=212632647 cyc_per_ms=800097
2026-09-03T20:25:51.761941 [HB] up_ms=6019783 frames=285323 inf=285323 hazard=36572 canary_err=0 q=0 qovr=0
2026-09-03T20:25:51.773185 [I2C] init=0 gate=0 whoami=0x201e0 wr=0 wrseen=0x27 addr=0x5a ok=1154657 err=0 tmo=0 recov=0 pclk1=200000000 sysclk=400000000
2026-09-03T20:25:51.774672 [NAK] nacks=0
2026-09-03T20:25:51.779173 [CLK] cpu=800000000 sysb=400000000 pclk1=200000000
2026-09-03T20:25:51.783685 [TOF] res=0 step=0 id=0xeacc blk=0xeacc10 ctl=0x0
2026-09-03T20:25:51.789571 [RNG] init=0 step=99 id=0xeacc boot=1 calls=93 xerr=0 dm=1 tb=15
2026-09-03T20:25:51.796567 [RNG] osc=41 imp=881 imprb=881 mstart=0x40 cfg=91 cfgfail=0x0 vhv=0 vpolls=0
2026-09-03T20:25:51.802805 [PRT] calls=1140723 xerr=0 ler=1 lidx=0x0 perr=0 maxcnt=17 addr8=0x52
2026-09-03T20:25:51.806952 [RTY] wr=0 wmax=0 wref=0  rd=0 rmax=0 rref=0
2026-09-03T20:25:51.814924 [RNG] frames=284980 last=48 min=22 max=61 nrdy=345 dxfer=0 dstat=0 lst=0 nrdyerr=0 dclr=0
2026-09-03T20:25:51.821297 [DRV] init=0 id=7 mode=0x1 lib=0x2 seq=0x1 odc=0x8b sts=0xe0 armed=1
2026-09-03T20:25:51.826943 [TRG] pulses=2677 suppressed=33895 cyc=1600 rst=1 rstmode=0x40
2026-09-03T20:25:51.830420 [HLT] polls=5706 faults=0x0 cfglost=0
2026-09-03T20:25:51.836050 [EFF] n=5 last=58588 min=58472 max=58588 late=0 stuck=0 rderr=0
2026-09-03T20:25:51.840164 [DWT] ok=1 cyc=1080526991 cyc_per_ms=799902
2026-09-03T20:25:52.854071 [HB] up_ms=6020868 frames=285374 inf=285374 hazard=36572 canary_err=0 q=0 qovr=0
2026-09-03T20:25:52.865362 [I2C] init=0 gate=0 whoami=0x201e0 wr=0 wrseen=0x27 addr=0x5a ok=1154863 err=0 tmo=0 recov=0 pclk1=200000000 sysclk=400000000
2026-09-03T20:25:52.866690 [NAK] nacks=0
2026-09-03T20:25:52.871316 [CLK] cpu=800000000 sysb=400000000 pclk1=200000000
2026-09-03T20:25:52.875815 [TOF] res=0 step=0 id=0xeacc blk=0xeacc10 ctl=0x0
2026-09-03T20:25:52.881700 [RNG] init=0 step=99 id=0xeacc boot=1 calls=93 xerr=0 dm=1 tb=15
2026-09-03T20:25:52.888585 [RNG] osc=41 imp=881 imprb=881 mstart=0x40 cfg=91 cfgfail=0x0 vhv=0 vpolls=0
2026-09-03T20:25:52.894812 [PRT] calls=1140927 xerr=0 ler=1 lidx=0x0 perr=0 maxcnt=17 addr8=0x52
2026-09-03T20:25:52.898942 [RTY] wr=0 wmax=0 wref=0  rd=0 rmax=0 rref=0
2026-09-03T20:25:52.907074 [RNG] frames=285031 last=48 min=22 max=61 nrdy=345 dxfer=0 dstat=0 lst=0 nrdyerr=0 dclr=0
2026-09-03T20:25:52.913328 [DRV] init=0 id=7 mode=0x1 lib=0x2 seq=0x1 odc=0x8b sts=0xe0 armed=1
2026-09-03T20:25:52.918942 [TRG] pulses=2677 suppressed=33895 cyc=1600 rst=1 rstmode=0x40
2026-09-03T20:25:52.922307 [HLT] polls=5707 faults=0x0 cfglost=0
2026-09-03T20:25:52.928748 [EFF] n=5 last=58588 min=58472 max=58588 late=0 stuck=0 rderr=0
2026-09-03T20:25:52.932202 [DWT] ok=1 cyc=1948628999 cyc_per_ms=800094
2026-09-03T20:25:53.945856 [HB] up_ms=6021953 frames=285426 inf=285426 hazard=36572 canary_err=0 q=0 qovr=0
2026-09-03T20:25:53.957095 [I2C] init=0 gate=0 whoami=0x201e0 wr=0 wrseen=0x27 addr=0x5a ok=1155073 err=0 tmo=0 recov=0 pclk1=200000000 sysclk=400000000
2026-09-03T20:25:53.958327 [NAK] nacks=0
2026-09-03T20:25:53.963085 [CLK] cpu=800000000 sysb=400000000 pclk1=200000000
2026-09-03T20:25:53.967594 [TOF] res=0 step=0 id=0xeacc blk=0xeacc10 ctl=0x0
2026-09-03T20:25:53.973460 [RNG] init=0 step=99 id=0xeacc boot=1 calls=93 xerr=0 dm=1 tb=15
2026-09-03T20:25:53.980327 [RNG] osc=41 imp=881 imprb=881 mstart=0x40 cfg=91 cfgfail=0x0 vhv=0 vpolls=0
2026-09-03T20:25:53.986750 [PRT] calls=1141131 xerr=0 ler=1 lidx=0x0 perr=0 maxcnt=17 addr8=0x52
2026-09-03T20:25:53.990721 [RTY] wr=0 wmax=0 wref=0  rd=0 rmax=0 rref=0
2026-09-03T20:25:53.998871 [RNG] frames=285083 last=38 min=22 max=61 nrdy=345 dxfer=0 dstat=0 lst=0 nrdyerr=0 dclr=0
2026-09-03T20:25:54.004957 [DRV] init=0 id=7 mode=0x1 lib=0x2 seq=0x1 odc=0x8b sts=0xe0 armed=1
2026-09-03T20:25:54.010706 [TRG] pulses=2677 suppressed=33895 cyc=1600 rst=1 rstmode=0x40
2026-09-03T20:25:54.014217 [HLT] polls=5708 faults=0x0 cfglost=0
2026-09-03T20:25:54.020231 [EFF] n=5 last=58588 min=58472 max=58588 late=0 stuck=0 rderr=0
2026-09-03T20:25:54.023915 [DWT] ok=1 cyc=2816628263 cyc_per_ms=799999
2026-09-03T20:25:55.037629 [HB] up_ms=6023038 frames=285477 inf=285477 hazard=36572 canary_err=0 q=0 qovr=0
2026-09-03T20:25:55.048986 [I2C] init=0 gate=0 whoami=0x201e0 wr=0 wrseen=0x27 addr=0x5a ok=1155277 err=0 tmo=0 recov=0 pclk1=200000000 sysclk=400000000
2026-09-03T20:25:55.050224 [NAK] nacks=0
2026-09-03T20:25:55.054860 [CLK] cpu=800000000 sysb=400000000 pclk1=200000000
2026-09-03T20:25:55.059338 [TOF] res=0 step=0 id=0xeacc blk=0xeacc10 ctl=0x0
2026-09-03T20:25:55.065221 [RNG] init=0 step=99 id=0xeacc boot=1 calls=93 xerr=0 dm=1 tb=15
2026-09-03T20:25:55.072235 [RNG] osc=41 imp=881 imprb=881 mstart=0x40 cfg=91 cfgfail=0x0 vhv=0 vpolls=0
2026-09-03T20:25:55.078473 [PRT] calls=1141337 xerr=0 ler=1 lidx=0x0 perr=0 maxcnt=17 addr8=0x52
2026-09-03T20:25:55.082470 [RTY] wr=0 wmax=0 wref=0  rd=0 rmax=0 rref=0
2026-09-03T20:25:55.090724 [RNG] frames=285133 last=42 min=22 max=61 nrdy=346 dxfer=0 dstat=0 lst=0 nrdyerr=0 dclr=0
2026-09-03T20:25:55.096845 [DRV] init=0 id=7 mode=0x1 lib=0x2 seq=0x1 odc=0x8b sts=0xe0 armed=1
2026-09-03T20:25:55.102473 [TRG] pulses=2677 suppressed=33895 cyc=1600 rst=1 rstmode=0x40
2026-09-03T20:25:55.105976 [HLT] polls=5709 faults=0x0 cfglost=0
2026-09-03T20:25:55.111835 [EFF] n=5 last=58588 min=58472 max=58588 late=0 stuck=0 rderr=0
2026-09-03T20:25:55.115736 [DWT] ok=1 cyc=3684629091 cyc_per_ms=800000
2026-09-03T20:25:56.128754 [HB] up_ms=6024123 frames=285528 inf=285528 hazard=36572 canary_err=0 q=0 qovr=0
2026-09-03T20:25:56.139871 [I2C] init=0 gate=0 whoami=0x201e0 wr=0 wrseen=0x27 addr=0x5a ok=1155487 err=0 tmo=0 recov=0 pclk1=200000000 sysclk=400000000
2026-09-03T20:25:56.141232 [NAK] nacks=0
2026-09-03T20:25:56.145873 [CLK] cpu=800000000 sysb=400000000 pclk1=200000000
2026-09-03T20:25:56.150491 [TOF] res=0 step=0 id=0xeacc blk=0xeacc10 ctl=0x0
2026-09-03T20:25:56.156231 [RNG] init=0 step=99 id=0xeacc boot=1 calls=93 xerr=0 dm=1 tb=15
2026-09-03T20:25:56.163123 [RNG] osc=41 imp=881 imprb=881 mstart=0x40 cfg=91 cfgfail=0x0 vhv=0 vpolls=0
2026-09-03T20:25:56.169486 [PRT] calls=1141541 xerr=0 ler=1 lidx=0x0 perr=0 maxcnt=17 addr8=0x52
2026-09-03T20:25:56.173627 [RTY] wr=0 wmax=0 wref=0  rd=0 rmax=0 rref=0
2026-09-03T20:25:56.181630 [RNG] frames=285185 last=43 min=22 max=61 nrdy=346 dxfer=0 dstat=0 lst=0 nrdyerr=0 dclr=0
2026-09-03T20:25:56.187867 [DRV] init=0 id=7 mode=0x1 lib=0x2 seq=0x1 odc=0x8b sts=0xe0 armed=1
2026-09-03T20:25:56.193628 [TRG] pulses=2677 suppressed=33895 cyc=1600 rst=1 rstmode=0x40
2026-09-03T20:25:56.196985 [HLT] polls=5710 faults=0x0 cfglost=0
2026-09-03T20:25:56.202753 [EFF] n=5 last=58588 min=58472 max=58588 late=0 stuck=0 rderr=0
2026-09-03T20:25:56.206624 [DWT] ok=1 cyc=257661647 cyc_per_ms=799999
2026-09-03T20:25:57.219407 [HB] up_ms=6025208 frames=285580 inf=285580 hazard=36592 canary_err=0 q=0 qovr=0
2026-09-03T20:25:57.230769 [I2C] init=0 gate=0 whoami=0x201e0 wr=0 wrseen=0x27 addr=0x5a ok=1155693 err=0 tmo=0 recov=0 pclk1=200000000 sysclk=400000000
2026-09-03T20:25:57.232160 [NAK] nacks=0
2026-09-03T20:25:57.236679 [CLK] cpu=800000000 sysb=400000000 pclk1=200000000
2026-09-03T20:25:57.241115 [TOF] res=0 step=0 id=0xeacc blk=0xeacc10 ctl=0x0
2026-09-03T20:25:57.247003 [RNG] init=0 step=99 id=0xeacc boot=1 calls=93 xerr=0 dm=1 tb=15
2026-09-03T20:25:57.254029 [RNG] osc=41 imp=881 imprb=881 mstart=0x40 cfg=91 cfgfail=0x0 vhv=0 vpolls=0
2026-09-03T20:25:57.260253 [PRT] calls=1141749 xerr=0 ler=1 lidx=0x0 perr=0 maxcnt=17 addr8=0x52
2026-09-03T20:25:57.264266 [RTY] wr=0 wmax=0 wref=0  rd=0 rmax=0 rref=0
2026-09-03T20:25:57.272377 [RNG] frames=285236 last=43 min=22 max=61 nrdy=346 dxfer=0 dstat=0 lst=0 nrdyerr=0 dclr=0
2026-09-03T20:25:57.278644 [DRV] init=0 id=7 mode=0x1 lib=0x2 seq=0x1 odc=0x8b sts=0xe0 armed=1
2026-09-03T20:25:57.284249 [TRG] pulses=2679 suppressed=33916 cyc=1600 rst=1 rstmode=0x40
2026-09-03T20:25:57.287775 [HLT] polls=5711 faults=0x0 cfglost=0
2026-09-03T20:25:57.293489 [EFF] n=5 last=58588 min=58472 max=58588 late=0 stuck=0 rderr=0
2026-09-03T20:25:57.297500 [DWT] ok=1 cyc=1125562443 cyc_per_ms=799908
2026-09-03T20:25:58.310169 [HB] up_ms=6026293 frames=285631 inf=285631 hazard=36613 canary_err=0 q=0 qovr=0
2026-09-03T20:25:58.321397 [I2C] init=0 gate=0 whoami=0x201e0 wr=0 wrseen=0x27 addr=0x5a ok=1155902 err=0 tmo=0 recov=0 pclk1=200000000 sysclk=400000000
2026-09-03T20:25:58.322674 [NAK] nacks=0
2026-09-03T20:25:58.327280 [CLK] cpu=800000000 sysb=400000000 pclk1=200000000
2026-09-03T20:25:58.331909 [TOF] res=0 step=0 id=0xeacc blk=0xeacc10 ctl=0x0
2026-09-03T20:25:58.337682 [RNG] init=0 step=99 id=0xeacc boot=1 calls=93 xerr=0 dm=1 tb=15
2026-09-03T20:25:58.344515 [RNG] osc=41 imp=881 imprb=881 mstart=0x40 cfg=91 cfgfail=0x0 vhv=0 vpolls=0
2026-09-03T20:25:58.351102 [PRT] calls=1141953 xerr=0 ler=1 lidx=0x0 perr=0 maxcnt=17 addr8=0x52
2026-09-03T20:25:58.355030 [RTY] wr=0 wmax=0 wref=0  rd=0 rmax=0 rref=0
2026-09-03T20:25:58.363031 [RNG] frames=285288 last=47 min=22 max=61 nrdy=346 dxfer=0 dstat=0 lst=0 nrdyerr=0 dclr=0
2026-09-03T20:25:58.369292 [DRV] init=0 id=7 mode=0x1 lib=0x2 seq=0x1 odc=0x8b sts=0xe0 armed=1
2026-09-03T20:25:58.374884 [TRG] pulses=2680 suppressed=33933 cyc=1600 rst=1 rstmode=0x40
2026-09-03T20:25:58.378522 [HLT] polls=5712 faults=0x0 cfglost=0
2026-09-03T20:25:58.384156 [EFF] n=5 last=58588 min=58472 max=58588 late=0 stuck=0 rderr=0
2026-09-03T20:25:58.388178 [DWT] ok=1 cyc=1993661639 cyc_per_ms=800091
2026-09-03T20:25:59.400691 [HB] up_ms=6027378 frames=285683 inf=285683 hazard=36613 canary_err=0 q=0 qovr=0
2026-09-03T20:25:59.411914 [I2C] init=0 gate=0 whoami=0x201e0 wr=0 wrseen=0x27 addr=0x5a ok=1156109 err=0 tmo=0 recov=0 pclk1=200000000 sysclk=400000000
2026-09-03T20:25:59.413286 [NAK] nacks=0
2026-09-03T20:25:59.417919 [CLK] cpu=800000000 sysb=400000000 pclk1=200000000
2026-09-03T20:25:59.422391 [TOF] res=0 step=0 id=0xeacc blk=0xeacc10 ctl=0x0
2026-09-03T20:25:59.428265 [RNG] init=0 step=99 id=0xeacc boot=1 calls=93 xerr=0 dm=1 tb=15
2026-09-03T20:25:59.435287 [RNG] osc=41 imp=881 imprb=881 mstart=0x40 cfg=91 cfgfail=0x0 vhv=0 vpolls=0
2026-09-03T20:25:59.441511 [PRT] calls=1142161 xerr=0 ler=1 lidx=0x0 perr=0 maxcnt=17 addr8=0x52
2026-09-03T20:25:59.445517 [RTY] wr=0 wmax=0 wref=0  rd=0 rmax=0 rref=0
2026-09-03T20:25:59.453516 [RNG] frames=285339 last=41 min=22 max=61 nrdy=346 dxfer=0 dstat=0 lst=0 nrdyerr=0 dclr=0
2026-09-03T20:25:59.459908 [DRV] init=0 id=7 mode=0x1 lib=0x2 seq=0x1 odc=0x8b sts=0xe0 armed=1
2026-09-03T20:25:59.465588 [TRG] pulses=2680 suppressed=33933 cyc=1600 rst=1 rstmode=0x40
2026-09-03T20:25:59.468912 [HLT] polls=5713 faults=0x0 cfglost=0
2026-09-03T20:25:59.474647 [EFF] n=5 last=58588 min=58472 max=58588 late=0 stuck=0 rderr=0
2026-09-03T20:25:59.478789 [DWT] ok=1 cyc=2861559791 cyc_per_ms=799906
2026-09-03T20:26:00.491840 [HB] up_ms=6028463 frames=285734 inf=285734 hazard=36613 canary_err=0 q=0 qovr=0
2026-09-03T20:26:00.503220 [I2C] init=0 gate=0 whoami=0x201e0 wr=0 wrseen=0x27 addr=0x5a ok=1156315 err=0 tmo=0 recov=0 pclk1=200000000 sysclk=400000000
2026-09-03T20:26:00.504601 [NAK] nacks=0
2026-09-03T20:26:00.509054 [CLK] cpu=800000000 sysb=400000000 pclk1=200000000
2026-09-03T20:26:00.513608 [TOF] res=0 step=0 id=0xeacc blk=0xeacc10 ctl=0x0
2026-09-03T20:26:00.519608 [RNG] init=0 step=99 id=0xeacc boot=1 calls=93 xerr=0 dm=1 tb=15
2026-09-03T20:26:00.526431 [RNG] osc=41 imp=881 imprb=881 mstart=0x40 cfg=91 cfgfail=0x0 vhv=0 vpolls=0
2026-09-03T20:26:00.532707 [PRT] calls=1142365 xerr=0 ler=1 lidx=0x0 perr=0 maxcnt=17 addr8=0x52
2026-09-03T20:26:00.536719 [RTY] wr=0 wmax=0 wref=0  rd=0 rmax=0 rref=0
2026-09-03T20:26:00.544933 [RNG] frames=285390 last=45 min=22 max=61 nrdy=346 dxfer=0 dstat=0 lst=0 nrdyerr=0 dclr=0
2026-09-03T20:26:00.551092 [DRV] init=0 id=7 mode=0x1 lib=0x2 seq=0x1 odc=0x8b sts=0xe0 armed=1
2026-09-03T20:26:00.556676 [TRG] pulses=2680 suppressed=33933 cyc=1600 rst=1 rstmode=0x40
2026-09-03T20:26:00.560183 [HLT] polls=5714 faults=0x0 cfglost=0
2026-09-03T20:26:00.566305 [EFF] n=5 last=58588 min=58472 max=58588 late=0 stuck=0 rderr=0
2026-09-03T20:26:00.569951 [DWT] ok=1 cyc=3729661711 cyc_per_ms=800093
2026-09-03T20:26:01.583348 [HB] up_ms=6029548 frames=285786 inf=285786 hazard=36613 canary_err=0 q=0 qovr=0
2026-09-03T20:26:01.594606 [I2C] init=0 gate=0 whoami=0x201e0 wr=0 wrseen=0x27 addr=0x5a ok=1156525 err=0 tmo=0 recov=0 pclk1=200000000 sysclk=400000000
2026-09-03T20:26:01.595845 [NAK] nacks=0
2026-09-03T20:26:01.600597 [CLK] cpu=800000000 sysb=400000000 pclk1=200000000
2026-09-03T20:26:01.605061 [TOF] res=0 step=0 id=0xeacc blk=0xeacc10 ctl=0x0
2026-09-03T20:26:01.610802 [RNG] init=0 step=99 id=0xeacc boot=1 calls=93 xerr=0 dm=1 tb=15
2026-09-03T20:26:01.617718 [RNG] osc=41 imp=881 imprb=881 mstart=0x40 cfg=91 cfgfail=0x0 vhv=0 vpolls=0
2026-09-03T20:26:01.624194 [PRT] calls=1142569 xerr=0 ler=1 lidx=0x0 perr=0 maxcnt=17 addr8=0x52
2026-09-03T20:26:01.628191 [RTY] wr=0 wmax=0 wref=0  rd=0 rmax=0 rref=0
2026-09-03T20:26:01.636296 [RNG] frames=285442 last=37 min=22 max=61 nrdy=346 dxfer=0 dstat=0 lst=0 nrdyerr=0 dclr=0
2026-09-03T20:26:01.642442 [DRV] init=0 id=7 mode=0x1 lib=0x2 seq=0x1 odc=0x8b sts=0xe0 armed=1
2026-09-03T20:26:01.648266 [TRG] pulses=2680 suppressed=33933 cyc=1600 rst=1 rstmode=0x40
2026-09-03T20:26:01.651594 [HLT] polls=5715 faults=0x0 cfglost=0
2026-09-03T20:26:01.657317 [EFF] n=5 last=58588 min=58472 max=58588 late=0 stuck=0 rderr=0
2026-09-03T20:26:01.661180 [DWT] ok=1 cyc=302693691 cyc_per_ms=799999
2026-09-03T20:26:02.674097 [HB] up_ms=6030633 frames=285837 inf=285837 hazard=36613 canary_err=0 q=0 qovr=0
2026-09-03T20:26:02.685354 [I2C] init=0 gate=0 whoami=0x201e0 wr=0 wrseen=0x27 addr=0x5a ok=1156731 err=0 tmo=0 recov=0 pclk1=200000000 sysclk=400000000
2026-09-03T20:26:02.686728 [NAK] nacks=0
2026-09-03T20:26:02.691191 [CLK] cpu=800000000 sysb=400000000 pclk1=200000000
2026-09-03T20:26:02.695712 [TOF] res=0 step=0 id=0xeacc blk=0xeacc10 ctl=0x0
2026-09-03T20:26:02.701628 [RNG] init=0 step=99 id=0xeacc boot=1 calls=93 xerr=0 dm=1 tb=15
2026-09-03T20:26:02.708621 [RNG] osc=41 imp=881 imprb=881 mstart=0x40 cfg=91 cfgfail=0x0 vhv=0 vpolls=0
2026-09-03T20:26:02.714844 [PRT] calls=1142777 xerr=0 ler=1 lidx=0x0 perr=0 maxcnt=17 addr8=0x52
2026-09-03T20:26:02.718852 [RTY] wr=0 wmax=0 wref=0  rd=0 rmax=0 rref=0
2026-09-03T20:26:02.727088 [RNG] frames=285493 last=41 min=22 max=61 nrdy=346 dxfer=0 dstat=0 lst=0 nrdyerr=0 dclr=0
2026-09-03T20:26:02.733270 [DRV] init=0 id=7 mode=0x1 lib=0x2 seq=0x1 odc=0x8b sts=0xe0 armed=1
2026-09-03T20:26:02.738814 [TRG] pulses=2680 suppressed=33933 cyc=1600 rst=1 rstmode=0x40
2026-09-03T20:26:02.742198 [HLT] polls=5716 faults=0x0 cfglost=0
2026-09-03T20:26:02.748102 [EFF] n=5 last=58588 min=58472 max=58588 late=0 stuck=0 rderr=0
2026-09-03T20:26:02.752200 [DWT] ok=1 cyc=1170694491 cyc_per_ms=800000
2026-09-03T20:26:03.765442 [HB] up_ms=6031718 frames=285888 inf=285888 hazard=36621 canary_err=0 q=0 qovr=0
2026-09-03T20:26:03.775979 [I2C] init=0 gate=0 whoami=0x201e0 wr=0 wrseen=0x27 addr=0x5a ok=1156941 err=0 tmo=0 recov=0 pclk1=200000000 sysclk=400000000
2026-09-03T20:26:03.777242 [NAK] nacks=0
2026-09-03T20:26:03.781875 [CLK] cpu=800000000 sysb=400000000 pclk1=200000000
2026-09-03T20:26:03.786480 [TOF] res=0 step=0 id=0xeacc blk=0xeacc10 ctl=0x0
2026-09-03T20:26:03.792351 [RNG] init=0 step=99 id=0xeacc boot=1 calls=93 xerr=0 dm=1 tb=15
2026-09-03T20:26:03.799243 [RNG] osc=41 imp=881 imprb=881 mstart=0x40 cfg=91 cfgfail=0x0 vhv=0 vpolls=0
2026-09-03T20:26:03.805485 [PRT] calls=1142981 xerr=0 ler=1 lidx=0x0 perr=0 maxcnt=17 addr8=0x52
2026-09-03T20:26:03.809625 [RTY] wr=0 wmax=0 wref=0  rd=0 rmax=0 rref=0
2026-09-03T20:26:03.817631 [RNG] frames=285545 last=39 min=22 max=61 nrdy=346 dxfer=0 dstat=0 lst=0 nrdyerr=0 dclr=0
2026-09-03T20:26:03.823858 [DRV] init=0 id=7 mode=0x1 lib=0x2 seq=0x1 odc=0x8b sts=0xe0 armed=1
2026-09-03T20:26:03.829623 [TRG] pulses=2681 suppressed=33943 cyc=1600 rst=1 rstmode=0x40
2026-09-03T20:26:03.833017 [HLT] polls=5717 faults=0x0 cfglost=0
2026-09-03T20:26:03.838731 [EFF] n=5 last=58588 min=58472 max=58588 late=0 stuck=0 rderr=0
2026-09-03T20:26:03.842716 [DWT] ok=1 cyc=2038697987 cyc_per_ms=800003
2026-09-03T20:26:04.855382 [HB] up_ms=6032803 frames=285940 inf=285940 hazard=36654 canary_err=0 q=0 qovr=0
2026-09-03T20:26:04.866888 [I2C] init=0 gate=0 whoami=0x201e0 wr=0 wrseen=0x27 addr=0x5a ok=1157147 err=0 tmo=0 recov=0 pclk1=200000000 sysclk=400000000
2026-09-03T20:26:04.868021 [NAK] nacks=0
2026-09-03T20:26:04.872659 [CLK] cpu=800000000 sysb=400000000 pclk1=200000000
2026-09-03T20:26:04.877123 [TOF] res=0 step=0 id=0xeacc blk=0xeacc10 ctl=0x0
2026-09-03T20:26:04.882930 [RNG] init=0 step=99 id=0xeacc boot=1 calls=93 xerr=0 dm=1 tb=15
2026-09-03T20:26:04.889871 [RNG] osc=41 imp=881 imprb=881 mstart=0x40 cfg=91 cfgfail=0x0 vhv=0 vpolls=0
2026-09-03T20:26:04.896157 [PRT] calls=1143189 xerr=0 ler=1 lidx=0x0 perr=0 maxcnt=17 addr8=0x52
2026-09-03T20:26:04.900267 [RTY] wr=0 wmax=0 wref=0  rd=0 rmax=0 rref=0
2026-09-03T20:26:04.908356 [RNG] frames=285596 last=38 min=22 max=61 nrdy=346 dxfer=0 dstat=0 lst=0 nrdyerr=0 dclr=0
2026-09-03T20:26:04.914480 [DRV] init=0 id=7 mode=0x1 lib=0x2 seq=0x1 odc=0x8b sts=0xe0 armed=1
2026-09-03T20:26:04.920240 [TRG] pulses=2683 suppressed=33971 cyc=1600 rst=1 rstmode=0x40
2026-09-03T20:26:04.923622 [HLT] polls=5718 faults=0x0 cfglost=0
2026-09-03T20:26:04.929393 [EFF] n=5 last=58588 min=58472 max=58588 late=0 stuck=0 rderr=0
2026-09-03T20:26:04.933528 [DWT] ok=1 cyc=2906592347 cyc_per_ms=799902
2026-09-03T20:26:05.946024 [HB] up_ms=6033888 frames=285991 inf=285991 hazard=36654 canary_err=0 q=0 qovr=0
2026-09-03T20:26:05.957276 [I2C] init=0 gate=0 whoami=0x201e0 wr=0 wrseen=0x27 addr=0x5a ok=1157356 err=0 tmo=0 recov=0 pclk1=200000000 sysclk=400000000
2026-09-03T20:26:05.958523 [NAK] nacks=0
2026-09-03T20:26:05.963173 [CLK] cpu=800000000 sysb=400000000 pclk1=200000000
2026-09-03T20:26:05.967649 [TOF] res=0 step=0 id=0xeacc blk=0xeacc10 ctl=0x0
2026-09-03T20:26:05.973516 [RNG] init=0 step=99 id=0xeacc boot=1 calls=93 xerr=0 dm=1 tb=15
2026-09-03T20:26:05.980407 [RNG] osc=41 imp=881 imprb=881 mstart=0x40 cfg=91 cfgfail=0x0 vhv=0 vpolls=0
2026-09-03T20:26:05.986651 [PRT] calls=1143393 xerr=0 ler=1 lidx=0x0 perr=0 maxcnt=17 addr8=0x52
2026-09-03T20:26:05.990886 [RTY] wr=0 wmax=0 wref=0  rd=0 rmax=0 rref=0
2026-09-03T20:26:05.998889 [RNG] frames=285648 last=40 min=22 max=61 nrdy=346 dxfer=0 dstat=0 lst=0 nrdyerr=0 dclr=0
2026-09-03T20:26:06.005175 [DRV] init=0 id=7 mode=0x1 lib=0x2 seq=0x1 odc=0x8b sts=0xe0 armed=1
2026-09-03T20:26:06.010765 [TRG] pulses=2683 suppressed=33971 cyc=1600 rst=1 rstmode=0x40
2026-09-03T20:26:06.014426 [HLT] polls=5719 faults=0x0 cfglost=0
2026-09-03T20:26:06.020019 [EFF] n=5 last=58588 min=58472 max=58588 late=0 stuck=0 rderr=0
2026-09-03T20:26:06.024025 [DWT] ok=1 cyc=3774694287 cyc_per_ms=800093
2026-09-03T20:26:07.036580 [HB] up_ms=6034973 frames=286043 inf=286043 hazard=36654 canary_err=0 q=0 qovr=0
2026-09-03T20:26:07.047876 [I2C] init=0 gate=0 whoami=0x201e0 wr=0 wrseen=0x27 addr=0x5a ok=1157563 err=0 tmo=0 recov=0 pclk1=200000000 sysclk=400000000
2026-09-03T20:26:07.049170 [NAK] nacks=0
2026-09-03T20:26:07.053791 [CLK] cpu=800000000 sysb=400000000 pclk1=200000000
2026-09-03T20:26:07.058285 [TOF] res=0 step=0 id=0xeacc blk=0xeacc10 ctl=0x0
2026-09-03T20:26:07.064200 [RNG] init=0 step=99 id=0xeacc boot=1 calls=93 xerr=0 dm=1 tb=15
2026-09-03T20:26:07.071161 [RNG] osc=41 imp=881 imprb=881 mstart=0x40 cfg=91 cfgfail=0x0 vhv=0 vpolls=0
2026-09-03T20:26:07.077412 [PRT] calls=1143601 xerr=0 ler=1 lidx=0x0 perr=0 maxcnt=17 addr8=0x52
2026-09-03T20:26:07.081414 [RTY] wr=0 wmax=0 wref=0  rd=0 rmax=0 rref=0
2026-09-03T20:26:07.089405 [RNG] frames=285699 last=39 min=22 max=61 nrdy=346 dxfer=0 dstat=0 lst=0 nrdyerr=0 dclr=0
2026-09-03T20:26:07.095796 [DRV] init=0 id=7 mode=0x1 lib=0x2 seq=0x1 odc=0x8b sts=0xe0 armed=1
2026-09-03T20:26:07.101407 [TRG] pulses=2683 suppressed=33971 cyc=1600 rst=1 rstmode=0x40
2026-09-03T20:26:07.104902 [HLT] polls=5720 faults=0x0 cfglost=0
2026-09-03T20:26:07.110532 [EFF] n=5 last=58588 min=58472 max=58588 late=0 stuck=0 rderr=0
2026-09-03T20:26:07.114608 [DWT] ok=1 cyc=347625111 cyc_per_ms=799906
2026-09-03T20:26:08.127063 [HB] up_ms=6036058 frames=286094 inf=286094 hazard=36654 canary_err=0 q=0 qovr=0
2026-09-03T20:26:08.138435 [I2C] init=0 gate=0 whoami=0x201e0 wr=0 wrseen=0x27 addr=0x5a ok=1157769 err=0 tmo=0 recov=0 pclk1=200000000 sysclk=400000000
2026-09-03T20:26:08.139682 [NAK] nacks=0
2026-09-03T20:26:08.144302 [CLK] cpu=800000000 sysb=400000000 pclk1=200000000
2026-09-03T20:26:08.148824 [TOF] res=0 step=0 id=0xeacc blk=0xeacc10 ctl=0x0
2026-09-03T20:26:08.154696 [RNG] init=0 step=99 id=0xeacc boot=1 calls=93 xerr=0 dm=1 tb=15
2026-09-03T20:26:08.161549 [RNG] osc=41 imp=881 imprb=881 mstart=0x40 cfg=91 cfgfail=0x0 vhv=0 vpolls=0
2026-09-03T20:26:08.167929 [PRT] calls=1143805 xerr=0 ler=1 lidx=0x0 perr=0 maxcnt=17 addr8=0x52
2026-09-03T20:26:08.171931 [RTY] wr=0 wmax=0 wref=0  rd=0 rmax=0 rref=0
2026-09-03T20:26:08.180043 [RNG] frames=285750 last=37 min=22 max=61 nrdy=346 dxfer=0 dstat=0 lst=0 nrdyerr=0 dclr=0
2026-09-03T20:26:08.186304 [DRV] init=0 id=7 mode=0x1 lib=0x2 seq=0x1 odc=0x8b sts=0xe0 armed=1
2026-09-03T20:26:08.191934 [TRG] pulses=2683 suppressed=33971 cyc=1600 rst=1 rstmode=0x40
2026-09-03T20:26:08.195301 [HLT] polls=5721 faults=0x0 cfglost=0
2026-09-03T20:26:08.201181 [EFF] n=5 last=58588 min=58472 max=58588 late=0 stuck=0 rderr=0
2026-09-03T20:26:08.205173 [DWT] ok=1 cyc=1215727139 cyc_per_ms=800094
2026-09-03T20:26:09.217614 [HB] up_ms=6037143 frames=286146 inf=286146 hazard=36654 canary_err=0 q=0 qovr=0
2026-09-03T20:26:09.228718 [I2C] init=0 gate=0 whoami=0x201e0 wr=0 wrseen=0x27 addr=0x5a ok=1157979 err=0 tmo=0 recov=0 pclk1=200000000 sysclk=400000000
2026-09-03T20:26:09.230087 [NAK] nacks=0
2026-09-03T20:26:09.234714 [CLK] cpu=800000000 sysb=400000000 pclk1=200000000
2026-09-03T20:26:09.239197 [TOF] res=0 step=0 id=0xeacc blk=0xeacc10 ctl=0x0
2026-09-03T20:26:09.245071 [RNG] init=0 step=99 id=0xeacc boot=1 calls=93 xerr=0 dm=1 tb=15
2026-09-03T20:26:09.251946 [RNG] osc=41 imp=881 imprb=881 mstart=0x40 cfg=91 cfgfail=0x0 vhv=0 vpolls=0
2026-09-03T20:26:09.258366 [PRT] calls=1144009 xerr=0 ler=1 lidx=0x0 perr=0 maxcnt=17 addr8=0x52
2026-09-03T20:26:09.262465 [RTY] wr=0 wmax=0 wref=0  rd=0 rmax=0 rref=0
2026-09-03T20:26:09.270456 [RNG] frames=285802 last=47 min=22 max=61 nrdy=346 dxfer=0 dstat=0 lst=0 nrdyerr=0 dclr=0
2026-09-03T20:26:09.276606 [DRV] init=0 id=7 mode=0x1 lib=0x2 seq=0x1 odc=0x8b sts=0xe0 armed=1
2026-09-03T20:26:09.282328 [TRG] pulses=2683 suppressed=33971 cyc=1600 rst=1 rstmode=0x40
2026-09-03T20:26:09.285821 [HLT] polls=5722 faults=0x0 cfglost=0
2026-09-03T20:26:09.291604 [EFF] n=5 last=58588 min=58472 max=58588 late=0 stuck=0 rderr=0
2026-09-03T20:26:09.295446 [DWT] ok=1 cyc=2083726419 cyc_per_ms=799999
2026-09-03T20:26:10.307858 [HB] up_ms=6038228 frames=286197 inf=286197 hazard=36654 canary_err=0 q=0 qovr=0
2026-09-03T20:26:10.319227 [I2C] init=0 gate=0 whoami=0x201e0 wr=0 wrseen=0x27 addr=0x5a ok=1158185 err=0 tmo=0 recov=0 pclk1=200000000 sysclk=400000000
2026-09-03T20:26:10.320478 [NAK] nacks=0
2026-09-03T20:26:10.325100 [CLK] cpu=800000000 sysb=400000000 pclk1=200000000
2026-09-03T20:26:10.329671 [TOF] res=0 step=0 id=0xeacc blk=0xeacc10 ctl=0x0
2026-09-03T20:26:10.335480 [RNG] init=0 step=99 id=0xeacc boot=1 calls=93 xerr=0 dm=1 tb=15
2026-09-03T20:26:10.342341 [RNG] osc=41 imp=881 imprb=881 mstart=0x40 cfg=91 cfgfail=0x0 vhv=0 vpolls=0
2026-09-03T20:26:10.348620 [PRT] calls=1144217 xerr=0 ler=1 lidx=0x0 perr=0 maxcnt=17 addr8=0x52
2026-09-03T20:26:10.352715 [RTY] wr=0 wmax=0 wref=0  rd=0 rmax=0 rref=0
2026-09-03T20:26:10.360839 [RNG] frames=285853 last=42 min=22 max=61 nrdy=346 dxfer=0 dstat=0 lst=0 nrdyerr=0 dclr=0
2026-09-03T20:26:10.367096 [DRV] init=0 id=7 mode=0x1 lib=0x2 seq=0x1 odc=0x8b sts=0xe0 armed=1
2026-09-03T20:26:10.372723 [TRG] pulses=2683 suppressed=33971 cyc=1600 rst=1 rstmode=0x40
2026-09-03T20:26:10.376092 [HLT] polls=5724 faults=0x0 cfglost=0
2026-09-03T20:26:10.381969 [EFF] n=5 last=58588 min=58472 max=58588 late=0 stuck=0 rderr=0
2026-09-03T20:26:10.385967 [DWT] ok=1 cyc=2951763247 cyc_per_ms=800033
2026-09-03T20:26:11.398494 [HB] up_ms=6039313 frames=286248 inf=286248 hazard=36695 canary_err=0 q=0 qovr=0
2026-09-03T20:26:11.409750 [I2C] init=0 gate=0 whoami=0x201e0 wr=0 wrseen=0x27 addr=0x5a ok=1158395 err=0 tmo=0 recov=0 pclk1=200000000 sysclk=400000000
2026-09-03T20:26:11.410989 [NAK] nacks=0
2026-09-03T20:26:11.415678 [CLK] cpu=800000000 sysb=400000000 pclk1=200000000
2026-09-03T20:26:11.420244 [TOF] res=0 step=0 id=0xeacc blk=0xeacc10 ctl=0x0
2026-09-03T20:26:11.426115 [RNG] init=0 step=99 id=0xeacc boot=1 calls=93 xerr=0 dm=1 tb=15
2026-09-03T20:26:11.432993 [RNG] osc=41 imp=881 imprb=881 mstart=0x40 cfg=91 cfgfail=0x0 vhv=0 vpolls=0
2026-09-03T20:26:11.439245 [PRT] calls=1144421 xerr=0 ler=1 lidx=0x0 perr=0 maxcnt=17 addr8=0x52
2026-09-03T20:26:11.443357 [RTY] wr=0 wmax=0 wref=0  rd=0 rmax=0 rref=0
2026-09-03T20:26:11.451363 [RNG] frames=285905 last=44 min=22 max=61 nrdy=346 dxfer=0 dstat=0 lst=0 nrdyerr=0 dclr=0
2026-09-03T20:26:11.457637 [DRV] init=0 id=7 mode=0x1 lib=0x2 seq=0x1 odc=0x8b sts=0xe0 armed=1
2026-09-03T20:26:11.463367 [TRG] pulses=2686 suppressed=34009 cyc=1600 rst=1 rstmode=0x40
2026-09-03T20:26:11.466745 [HLT] polls=5725 faults=0x0 cfglost=0
2026-09-03T20:26:11.472493 [EFF] n=5 last=58588 min=58472 max=58588 late=0 stuck=0 rderr=0
2026-09-03T20:26:11.476486 [DWT] ok=1 cyc=3819759627 cyc_per_ms=799996
2026-09-03T20:26:12.489661 [HB] up_ms=6040398 frames=286300 inf=286300 hazard=36695 canary_err=0 q=0 qovr=0
2026-09-03T20:26:12.501029 [I2C] init=0 gate=0 whoami=0x201e0 wr=0 wrseen=0x27 addr=0x5a ok=1158603 err=0 tmo=0 recov=0 pclk1=200000000 sysclk=400000000
2026-09-03T20:26:12.502276 [NAK] nacks=0
2026-09-03T20:26:12.506887 [CLK] cpu=800000000 sysb=400000000 pclk1=200000000
2026-09-03T20:26:12.511386 [TOF] res=0 step=0 id=0xeacc blk=0xeacc10 ctl=0x0
2026-09-03T20:26:12.517268 [RNG] init=0 step=99 id=0xeacc boot=1 calls=93 xerr=0 dm=1 tb=15
2026-09-03T20:26:12.524258 [RNG] osc=41 imp=881 imprb=881 mstart=0x40 cfg=91 cfgfail=0x0 vhv=0 vpolls=0
2026-09-03T20:26:12.530522 [PRT] calls=1144629 xerr=0 ler=1 lidx=0x0 perr=0 maxcnt=17 addr8=0x52
2026-09-03T20:26:12.535727 [RTY] wr=0 wmax=0 wref=0  rd=0 rmax=0 rref=0
2026-09-03T20:26:12.542673 [RNG] frames=285956 last=41 min=22 max=61 nrdy=346 dxfer=0 dstat=0 lst=0 nrdyerr=0 dclr=0
2026-09-03T20:26:12.548890 [DRV] init=0 id=7 mode=0x1 lib=0x2 seq=0x1 odc=0x8b sts=0xe0 armed=1
2026-09-03T20:26:12.554504 [TRG] pulses=2686 suppressed=34009 cyc=1600 rst=1 rstmode=0x40
2026-09-03T20:26:12.558004 [HLT] polls=5726 faults=0x0 cfglost=0
2026-09-03T20:26:12.563883 [EFF] n=5 last=58588 min=58472 max=58588 late=0 stuck=0 rderr=0
2026-09-03T20:26:12.567835 [DWT] ok=1 cyc=392657747 cyc_per_ms=799875
2026-09-03T20:26:13.581924 [HB] up_ms=6041483 frames=286351 inf=286351 hazard=36695 canary_err=0 q=0 qovr=0
2026-09-03T20:26:13.593165 [I2C] init=0 gate=0 whoami=0x201e0 wr=0 wrseen=0x27 addr=0x5a ok=1158812 err=0 tmo=0 recov=0 pclk1=200000000 sysclk=400000000
2026-09-03T20:26:13.594533 [NAK] nacks=0
2026-09-03T20:26:13.599042 [CLK] cpu=800000000 sysb=400000000 pclk1=200000000
2026-09-03T20:26:13.603663 [TOF] res=0 step=0 id=0xeacc blk=0xeacc10 ctl=0x0
2026-09-03T20:26:13.609529 [RNG] init=0 step=99 id=0xeacc boot=1 calls=93 xerr=0 dm=1 tb=15
2026-09-03T20:26:13.616414 [RNG] osc=41 imp=881 imprb=881 mstart=0x40 cfg=91 cfgfail=0x0 vhv=0 vpolls=0
2026-09-03T20:26:13.622707 [PRT] calls=1144833 xerr=0 ler=1 lidx=0x0 perr=0 maxcnt=17 addr8=0x52
2026-09-03T20:26:13.626916 [RTY] wr=0 wmax=0 wref=0  rd=0 rmax=0 rref=0
2026-09-03T20:26:13.634903 [RNG] frames=286008 last=37 min=22 max=61 nrdy=346 dxfer=0 dstat=0 lst=0 nrdyerr=0 dclr=0
2026-09-03T20:26:13.641161 [DRV] init=0 id=7 mode=0x1 lib=0x2 seq=0x1 odc=0x8b sts=0xe0 armed=1
2026-09-03T20:26:13.646793 [TRG] pulses=2686 suppressed=34009 cyc=1600 rst=1 rstmode=0x40
2026-09-03T20:26:13.650316 [HLT] polls=5727 faults=0x0 cfglost=0
2026-09-03T20:26:13.656032 [EFF] n=5 last=58588 min=58472 max=58588 late=0 stuck=0 rderr=0
2026-09-03T20:26:13.660032 [DWT] ok=1 cyc=1260759775 cyc_per_ms=800094
2026-09-03T20:26:14.673814 [HB] up_ms=6042568 frames=286403 inf=286403 hazard=36695 canary_err=0 q=0 qovr=0
2026-09-03T20:26:14.685081 [I2C] init=0 gate=0 whoami=0x201e0 wr=0 wrseen=0x27 addr=0x5a ok=1159019 err=0 tmo=0 recov=0 pclk1=200000000 sysclk=400000000
2026-09-03T20:26:14.686435 [NAK] nacks=0
2026-09-03T20:26:14.691056 [CLK] cpu=800000000 sysb=400000000 pclk1=200000000
2026-09-03T20:26:14.695572 [TOF] res=0 step=0 id=0xeacc blk=0xeacc10 ctl=0x0
2026-09-03T20:26:14.701310 [RNG] init=0 step=99 id=0xeacc boot=1 calls=93 xerr=0 dm=1 tb=15
2026-09-03T20:26:14.708307 [RNG] osc=41 imp=881 imprb=881 mstart=0x40 cfg=91 cfgfail=0x0 vhv=0 vpolls=0
2026-09-03T20:26:14.714748 [PRT] calls=1145041 xerr=0 ler=1 lidx=0x0 perr=0 maxcnt=17 addr8=0x52
2026-09-03T20:26:14.718701 [RTY] wr=0 wmax=0 wref=0  rd=0 rmax=0 rref=0
2026-09-03T20:26:14.726677 [RNG] frames=286059 last=43 min=22 max=61 nrdy=346 dxfer=0 dstat=0 lst=0 nrdyerr=0 dclr=0
2026-09-03T20:26:14.733057 [DRV] init=0 id=7 mode=0x1 lib=0x2 seq=0x1 odc=0x8b sts=0xe0 armed=1
2026-09-03T20:26:14.738685 [TRG] pulses=2686 suppressed=34009 cyc=1600 rst=1 rstmode=0x40
2026-09-03T20:26:14.742052 [HLT] polls=5728 faults=0x0 cfglost=0
2026-09-03T20:26:14.747855 [EFF] n=5 last=58588 min=58472 max=58588 late=0 stuck=0 rderr=0
2026-09-03T20:26:14.751930 [DWT] ok=1 cyc=2128657883 cyc_per_ms=799906
2026-09-03T20:26:15.765716 [HB] up_ms=6043653 frames=286454 inf=286454 hazard=36695 canary_err=0 q=0 qovr=0
2026-09-03T20:26:15.777078 [I2C] init=0 gate=0 whoami=0x201e0 wr=0 wrseen=0x27 addr=0x5a ok=1159225 err=0 tmo=0 recov=0 pclk1=200000000 sysclk=400000000
2026-09-03T20:26:15.778453 [NAK] nacks=0
2026-09-03T20:26:15.782955 [CLK] cpu=800000000 sysb=400000000 pclk1=200000000
2026-09-03T20:26:15.787452 [TOF] res=0 step=0 id=0xeacc blk=0xeacc10 ctl=0x0
2026-09-03T20:26:15.793461 [RNG] init=0 step=99 id=0xeacc boot=1 calls=93 xerr=0 dm=1 tb=15
2026-09-03T20:26:15.800340 [RNG] osc=41 imp=881 imprb=881 mstart=0x40 cfg=91 cfgfail=0x0 vhv=0 vpolls=0
2026-09-03T20:26:15.806605 [PRT] calls=1145245 xerr=0 ler=1 lidx=0x0 perr=0 maxcnt=17 addr8=0x52
2026-09-03T20:26:15.810710 [RTY] wr=0 wmax=0 wref=0  rd=0 rmax=0 rref=0
2026-09-03T20:26:15.818834 [RNG] frames=286110 last=42 min=22 max=61 nrdy=346 dxfer=0 dstat=0 lst=0 nrdyerr=0 dclr=0
2026-09-03T20:26:15.824958 [DRV] init=0 id=7 mode=0x1 lib=0x2 seq=0x1 odc=0x8b sts=0xe0 armed=1
2026-09-03T20:26:15.830713 [TRG] pulses=2686 suppressed=34009 cyc=1600 rst=1 rstmode=0x40
2026-09-03T20:26:15.834078 [HLT] polls=5729 faults=0x0 cfglost=0
2026-09-03T20:26:15.839966 [EFF] n=5 last=58588 min=58472 max=58588 late=0 stuck=0 rderr=0
2026-09-03T20:26:15.843970 [DWT] ok=1 cyc=2996759855 cyc_per_ms=800093
2026-09-03T20:26:16.857656 [HB] up_ms=6044738 frames=286506 inf=286506 hazard=36695 canary_err=0 q=0 qovr=0
2026-09-03T20:26:16.868874 [I2C] init=0 gate=0 whoami=0x201e0 wr=0 wrseen=0x27 addr=0x5a ok=1159435 err=0 tmo=0 recov=0 pclk1=200000000 sysclk=400000000
2026-09-03T20:26:16.870112 [NAK] nacks=0
2026-09-03T20:26:16.874858 [CLK] cpu=800000000 sysb=400000000 pclk1=200000000
2026-09-03T20:26:16.879361 [TOF] res=0 step=0 id=0xeacc blk=0xeacc10 ctl=0x0
2026-09-03T20:26:16.885235 [RNG] init=0 step=99 id=0xeacc boot=1 calls=93 xerr=0 dm=1 tb=15
2026-09-03T20:26:16.892106 [RNG] osc=41 imp=881 imprb=881 mstart=0x40 cfg=91 cfgfail=0x0 vhv=0 vpolls=0
2026-09-03T20:26:16.898541 [PRT] calls=1145449 xerr=0 ler=1 lidx=0x0 perr=0 maxcnt=17 addr8=0x52
2026-09-03T20:26:16.902487 [RTY] wr=0 wmax=0 wref=0  rd=0 rmax=0 rref=0
2026-09-03T20:26:16.910618 [RNG] frames=286162 last=47 min=22 max=61 nrdy=346 dxfer=0 dstat=0 lst=0 nrdyerr=0 dclr=0
2026-09-03T20:26:16.916729 [DRV] init=0 id=7 mode=0x1 lib=0x2 seq=0x1 odc=0x8b sts=0xe0 armed=1
2026-09-03T20:26:16.922468 [TRG] pulses=2686 suppressed=34009 cyc=1600 rst=1 rstmode=0x40
2026-09-03T20:26:16.925974 [HLT] polls=5730 faults=0x0 cfglost=0
2026-09-03T20:26:16.931743 [EFF] n=5 last=58588 min=58472 max=58588 late=0 stuck=0 rderr=0
2026-09-03T20:26:16.935632 [DWT] ok=1 cyc=3864759115 cyc_per_ms=799999
2026-09-03T20:26:17.948780 [HB] up_ms=6045823 frames=286557 inf=286557 hazard=36732 canary_err=0 q=0 qovr=0
2026-09-03T20:26:17.960015 [I2C] init=0 gate=0 whoami=0x201e0 wr=0 wrseen=0x27 addr=0x5a ok=1159641 err=0 tmo=0 recov=0 pclk1=200000000 sysclk=400000000
2026-09-03T20:26:17.961380 [NAK] nacks=0
2026-09-03T20:26:17.966019 [CLK] cpu=800000000 sysb=400000000 pclk1=200000000
2026-09-03T20:26:17.970501 [TOF] res=0 step=0 id=0xeacc blk=0xeacc10 ctl=0x0
2026-09-03T20:26:17.976389 [RNG] init=0 step=99 id=0xeacc boot=1 calls=93 xerr=0 dm=1 tb=15
2026-09-03T20:26:17.983402 [RNG] osc=41 imp=881 imprb=881 mstart=0x40 cfg=91 cfgfail=0x0 vhv=0 vpolls=0
2026-09-03T20:26:17.989663 [PRT] calls=1145657 xerr=0 ler=1 lidx=0x0 perr=0 maxcnt=17 addr8=0x52
2026-09-03T20:26:17.993668 [RTY] wr=0 wmax=0 wref=0  rd=0 rmax=0 rref=0
2026-09-03T20:26:18.001882 [RNG] frames=286213 last=41 min=22 max=61 nrdy=346 dxfer=0 dstat=0 lst=0 nrdyerr=0 dclr=0
2026-09-03T20:26:18.007998 [DRV] init=0 id=7 mode=0x1 lib=0x2 seq=0x1 odc=0x8b sts=0xe0 armed=1
2026-09-03T20:26:18.013685 [TRG] pulses=2689 suppressed=34046 cyc=1600 rst=1 rstmode=0x40
2026-09-03T20:26:18.017132 [HLT] polls=5731 faults=0x0 cfglost=0
2026-09-03T20:26:18.023018 [EFF] n=5 last=58588 min=58472 max=58588 late=0 stuck=0 rderr=0
2026-09-03T20:26:18.026889 [DWT] ok=1 cyc=437796271 cyc_per_ms=800004
2026-09-03T20:26:19.039790 [HB] up_ms=6046908 frames=286608 inf=286608 hazard=36736 canary_err=0 q=0 qovr=0
2026-09-03T20:26:19.051033 [I2C] init=0 gate=0 whoami=0x201e0 wr=0 wrseen=0x27 addr=0x5a ok=1159851 err=0 tmo=0 recov=0 pclk1=200000000 sysclk=400000000
2026-09-03T20:26:19.052401 [NAK] nacks=0
2026-09-03T20:26:19.056902 [CLK] cpu=800000000 sysb=400000000 pclk1=200000000
2026-09-03T20:26:19.061520 [TOF] res=0 step=0 id=0xeacc blk=0xeacc10 ctl=0x0
2026-09-03T20:26:19.067401 [RNG] init=0 step=99 id=0xeacc boot=1 calls=93 xerr=0 dm=1 tb=15
2026-09-03T20:26:19.074288 [RNG] osc=41 imp=881 imprb=881 mstart=0x40 cfg=91 cfgfail=0x0 vhv=0 vpolls=0
2026-09-03T20:26:19.080693 [PRT] calls=1145861 xerr=0 ler=1 lidx=0x0 perr=0 maxcnt=17 addr8=0x52
2026-09-03T20:26:19.084795 [RTY] wr=0 wmax=0 wref=0  rd=0 rmax=0 rref=0
2026-09-03T20:26:19.092778 [RNG] frames=286265 last=46 min=22 max=61 nrdy=346 dxfer=0 dstat=0 lst=0 nrdyerr=0 dclr=0
2026-09-03T20:26:19.098915 [DRV] init=0 id=7 mode=0x1 lib=0x2 seq=0x1 odc=0x8b sts=0xe0 armed=1
2026-09-03T20:26:19.104653 [TRG] pulses=2689 suppressed=34047 cyc=1600 rst=1 rstmode=0x40
2026-09-03T20:26:19.108148 [HLT] polls=5732 faults=0x0 cfglost=0
2026-09-03T20:26:19.114104 [EFF] n=5 last=58588 min=58472 max=58588 late=0 stuck=0 rderr=0
2026-09-03T20:26:19.117777 [DWT] ok=1 cyc=1305792395 cyc_per_ms=799996
2026-09-03T20:26:20.130830 [HB] up_ms=6047993 frames=286660 inf=286660 hazard=36736 canary_err=0 q=0 qovr=0
2026-09-03T20:26:20.142183 [I2C] init=0 gate=0 whoami=0x201e0 wr=0 wrseen=0x27 addr=0x5a ok=1160057 err=0 tmo=0 recov=0 pclk1=200000000 sysclk=400000000
2026-09-03T20:26:20.143445 [NAK] nacks=0
2026-09-03T20:26:20.148094 [CLK] cpu=800000000 sysb=400000000 pclk1=200000000
2026-09-03T20:26:20.152544 [TOF] res=0 step=0 id=0xeacc blk=0xeacc10 ctl=0x0
2026-09-03T20:26:20.158425 [RNG] init=0 step=99 id=0xeacc boot=1 calls=93 xerr=0 dm=1 tb=15
2026-09-03T20:26:20.165458 [RNG] osc=41 imp=881 imprb=881 mstart=0x40 cfg=91 cfgfail=0x0 vhv=0 vpolls=0
2026-09-03T20:26:20.171685 [PRT] calls=1146069 xerr=0 ler=1 lidx=0x0 perr=0 maxcnt=17 addr8=0x52
2026-09-03T20:26:20.175684 [RTY] wr=0 wmax=0 wref=0  rd=0 rmax=0 rref=0
2026-09-03T20:26:20.183813 [RNG] frames=286316 last=40 min=22 max=61 nrdy=346 dxfer=0 dstat=0 lst=0 nrdyerr=0 dclr=0
2026-09-03T20:26:20.190057 [DRV] init=0 id=7 mode=0x1 lib=0x2 seq=0x1 odc=0x8b sts=0xe0 armed=1
2026-09-03T20:26:20.195673 [TRG] pulses=2689 suppressed=34047 cyc=1600 rst=1 rstmode=0x40
2026-09-03T20:26:20.199176 [HLT] polls=5733 faults=0x0 cfglost=0
2026-09-03T20:26:20.204923 [EFF] n=5 last=58588 min=58472 max=58588 late=0 stuck=0 rderr=0
2026-09-03T20:26:20.208918 [DWT] ok=1 cyc=2173690495 cyc_per_ms=799906
2026-09-03T20:26:21.222593 [HB] up_ms=6049078 frames=286711 inf=286711 hazard=36736 canary_err=0 q=0 qovr=0
2026-09-03T20:26:21.233833 [I2C] init=0 gate=0 whoami=0x201e0 wr=0 wrseen=0x27 addr=0x5a ok=1160264 err=0 tmo=0 recov=0 pclk1=200000000 sysclk=400000000
2026-09-03T20:26:21.235070 [NAK] nacks=0
2026-09-03T20:26:21.239712 [CLK] cpu=800000000 sysb=400000000 pclk1=200000000
2026-09-03T20:26:21.244336 [TOF] res=0 step=0 id=0xeacc blk=0xeacc10 ctl=0x0
2026-09-03T20:26:21.250206 [RNG] init=0 step=99 id=0xeacc boot=1 calls=93 xerr=0 dm=1 tb=15
2026-09-03T20:26:21.257079 [RNG] osc=41 imp=881 imprb=881 mstart=0x40 cfg=91 cfgfail=0x0 vhv=0 vpolls=0
2026-09-03T20:26:21.263335 [PRT] calls=1146271 xerr=0 ler=1 lidx=0x0 perr=0 maxcnt=17 addr8=0x52
2026-09-03T20:26:21.267463 [RTY] wr=0 wmax=0 wref=0  rd=0 rmax=0 rref=0
2026-09-03T20:26:21.275593 [RNG] frames=286367 last=38 min=22 max=61 nrdy=347 dxfer=0 dstat=0 lst=0 nrdyerr=0 dclr=0
2026-09-03T20:26:21.281743 [DRV] init=0 id=7 mode=0x1 lib=0x2 seq=0x1 odc=0x8b sts=0xe0 armed=1
2026-09-03T20:26:21.287326 [TRG] pulses=2689 suppressed=34047 cyc=1600 rst=1 rstmode=0x40
2026-09-03T20:26:21.290952 [HLT] polls=5734 faults=0x0 cfglost=0
2026-09-03T20:26:21.296747 [EFF] n=5 last=58588 min=58472 max=58588 late=0 stuck=0 rderr=0
2026-09-03T20:26:21.300595 [DWT] ok=1 cyc=3041792463 cyc_per_ms=800093
2026-09-03T20:26:22.314127 [HB] up_ms=6050163 frames=286763 inf=286763 hazard=36736 canary_err=0 q=0 qovr=0
2026-09-03T20:26:22.325484 [I2C] init=0 gate=0 whoami=0x201e0 wr=0 wrseen=0x27 addr=0x5a ok=1160469 err=0 tmo=0 recov=0 pclk1=200000000 sysclk=400000000
2026-09-03T20:26:22.326725 [NAK] nacks=0
2026-09-03T20:26:22.331368 [CLK] cpu=800000000 sysb=400000000 pclk1=200000000
2026-09-03T20:26:22.335849 [TOF] res=0 step=0 id=0xeacc blk=0xeacc10 ctl=0x0
2026-09-03T20:26:22.341727 [RNG] init=0 step=99 id=0xeacc boot=1 calls=93 xerr=0 dm=1 tb=15
2026-09-03T20:26:22.348731 [RNG] osc=41 imp=881 imprb=881 mstart=0x40 cfg=91 cfgfail=0x0 vhv=0 vpolls=0
2026-09-03T20:26:22.354963 [PRT] calls=1146477 xerr=0 ler=1 lidx=0x0 perr=0 maxcnt=17 addr8=0x52
2026-09-03T20:26:22.358971 [RTY] wr=0 wmax=0 wref=0  rd=0 rmax=0 rref=0
2026-09-03T20:26:22.367094 [RNG] frames=286417 last=36 min=22 max=61 nrdy=348 dxfer=0 dstat=0 lst=0 nrdyerr=0 dclr=0
2026-09-03T20:26:22.373355 [DRV] init=0 id=7 mode=0x1 lib=0x2 seq=0x1 odc=0x8b sts=0xe0 armed=1
2026-09-03T20:26:22.378966 [TRG] pulses=2689 suppressed=34047 cyc=1600 rst=1 rstmode=0x40
2026-09-03T20:26:22.382478 [HLT] polls=5735 faults=0x0 cfglost=0
2026-09-03T20:26:22.388218 [EFF] n=5 last=58588 min=58472 max=58588 late=0 stuck=0 rderr=0
2026-09-03T20:26:22.392352 [DWT] ok=1 cyc=3909690619 cyc_per_ms=799906
2026-09-03T20:26:23.405755 [HB] up_ms=6051248 frames=286814 inf=286814 hazard=36736 canary_err=0 q=0 qovr=0
2026-09-03T20:26:23.417146 [I2C] init=0 gate=0 whoami=0x201e0 wr=0 wrseen=0x27 addr=0x5a ok=1160675 err=0 tmo=0 recov=0 pclk1=200000000 sysclk=400000000
2026-09-03T20:26:23.418515 [NAK] nacks=0
2026-09-03T20:26:23.423003 [CLK] cpu=800000000 sysb=400000000 pclk1=200000000
2026-09-03T20:26:23.427498 [TOF] res=0 step=0 id=0xeacc blk=0xeacc10 ctl=0x0
2026-09-03T20:26:23.433507 [RNG] init=0 step=99 id=0xeacc boot=1 calls=93 xerr=0 dm=1 tb=15
2026-09-03T20:26:23.440378 [RNG] osc=41 imp=881 imprb=881 mstart=0x40 cfg=91 cfgfail=0x0 vhv=0 vpolls=0
2026-09-03T20:26:23.446685 [PRT] calls=1146681 xerr=0 ler=1 lidx=0x0 perr=0 maxcnt=17 addr8=0x52
2026-09-03T20:26:23.450670 [RTY] wr=0 wmax=0 wref=0  rd=0 rmax=0 rref=0
2026-09-03T20:26:23.458876 [RNG] frames=286468 last=45 min=22 max=61 nrdy=348 dxfer=0 dstat=0 lst=0 nrdyerr=0 dclr=0
2026-09-03T20:26:23.465035 [DRV] init=0 id=7 mode=0x1 lib=0x2 seq=0x1 odc=0x8b sts=0xe0 armed=1
2026-09-03T20:26:23.470667 [TRG] pulses=2689 suppressed=34047 cyc=1600 rst=1 rstmode=0x40
2026-09-03T20:26:23.474124 [HLT] polls=5736 faults=0x0 cfglost=0
2026-09-03T20:26:23.480009 [EFF] n=5 last=58588 min=58472 max=58588 late=0 stuck=0 rderr=0
2026-09-03T20:26:23.483880 [DWT] ok=1 cyc=482825139 cyc_per_ms=800093
2026-09-03T20:26:24.496920 [HB] up_ms=6052333 frames=286866 inf=286866 hazard=36762 canary_err=0 q=0 qovr=0
2026-09-03T20:26:24.508171 [I2C] init=0 gate=0 whoami=0x201e0 wr=0 wrseen=0x27 addr=0x5a ok=1160883 err=0 tmo=0 recov=0 pclk1=200000000 sysclk=400000000
2026-09-03T20:26:24.509416 [NAK] nacks=0
2026-09-03T20:26:24.514172 [CLK] cpu=800000000 sysb=400000000 pclk1=200000000
2026-09-03T20:26:24.518696 [TOF] res=0 step=0 id=0xeacc blk=0xeacc10 ctl=0x0
2026-09-03T20:26:24.524526 [RNG] init=0 step=99 id=0xeacc boot=1 calls=93 xerr=0 dm=1 tb=15
2026-09-03T20:26:24.531429 [RNG] osc=41 imp=881 imprb=881 mstart=0x40 cfg=91 cfgfail=0x0 vhv=0 vpolls=0
2026-09-03T20:26:24.537776 [PRT] calls=1146883 xerr=0 ler=1 lidx=0x0 perr=0 maxcnt=17 addr8=0x52
2026-09-03T20:26:24.541776 [RTY] wr=0 wmax=0 wref=0  rd=0 rmax=0 rref=0
2026-09-03T20:26:24.549786 [RNG] frames=286519 last=48 min=22 max=61 nrdy=349 dxfer=0 dstat=0 lst=0 nrdyerr=0 dclr=0
2026-09-03T20:26:24.556181 [DRV] init=0 id=7 mode=0x1 lib=0x2 seq=0x1 odc=0x8b sts=0xe0 armed=1
2026-09-03T20:26:24.561782 [TRG] pulses=2692 suppressed=34073 cyc=1600 rst=1 rstmode=0x40
2026-09-03T20:26:24.565335 [HLT] polls=5737 faults=0x0 cfglost=0
2026-09-03T20:26:24.570924 [EFF] n=5 last=58588 min=58472 max=58588 late=0 stuck=0 rderr=0
2026-09-03T20:26:24.574925 [DWT] ok=1 cyc=1350728491 cyc_per_ms=799910
2026-09-03T20:26:25.588809 [HB] up_ms=6053418 frames=286917 inf=286917 hazard=36777 canary_err=0 q=0 qovr=0
2026-09-03T20:26:25.600191 [I2C] init=0 gate=0 whoami=0x201e0 wr=0 wrseen=0x27 addr=0x5a ok=1161089 err=0 tmo=0 recov=0 pclk1=200000000 sysclk=400000000
2026-09-03T20:26:25.601585 [NAK] nacks=0
2026-09-03T20:26:25.606055 [CLK] cpu=800000000 sysb=400000000 pclk1=200000000
2026-09-03T20:26:25.610566 [TOF] res=0 step=0 id=0xeacc blk=0xeacc10 ctl=0x0
2026-09-03T20:26:25.616602 [RNG] init=0 step=99 id=0xeacc boot=1 calls=93 xerr=0 dm=1 tb=15
2026-09-03T20:26:25.623427 [RNG] osc=41 imp=881 imprb=881 mstart=0x40 cfg=91 cfgfail=0x0 vhv=0 vpolls=0
2026-09-03T20:26:25.629699 [PRT] calls=1147091 xerr=0 ler=1 lidx=0x0 perr=0 maxcnt=17 addr8=0x52
2026-09-03T20:26:25.633827 [RTY] wr=0 wmax=0 wref=0  rd=0 rmax=0 rref=0
2026-09-03T20:26:25.641927 [RNG] frames=286570 last=46 min=22 max=61 nrdy=349 dxfer=0 dstat=0 lst=0 nrdyerr=0 dclr=0
2026-09-03T20:26:25.648171 [DRV] init=0 id=7 mode=0x1 lib=0x2 seq=0x1 odc=0x8b sts=0xe0 armed=1
2026-09-03T20:26:25.653807 [TRG] pulses=2692 suppressed=34085 cyc=1600 rst=1 rstmode=0x40
2026-09-03T20:26:25.657180 [HLT] polls=5738 faults=0x0 cfglost=0
2026-09-03T20:26:25.663053 [EFF] n=5 last=58588 min=58472 max=58588 late=0 stuck=0 rderr=0
2026-09-03T20:26:25.667063 [DWT] ok=1 cyc=2218825307 cyc_per_ms=800089
2026-09-03T20:26:26.680869 [HB] up_ms=6054503 frames=286968 inf=286968 hazard=36777 canary_err=0 q=0 qovr=0
2026-09-03T20:26:26.692098 [I2C] init=0 gate=0 whoami=0x201e0 wr=0 wrseen=0x27 addr=0x5a ok=1161299 err=0 tmo=0 recov=0 pclk1=200000000 sysclk=400000000
2026-09-03T20:26:26.693453 [NAK] nacks=0
2026-09-03T20:26:26.698076 [CLK] cpu=800000000 sysb=400000000 pclk1=200000000
2026-09-03T20:26:26.702619 [TOF] res=0 step=0 id=0xeacc blk=0xeacc10 ctl=0x0
2026-09-03T20:26:26.708455 [RNG] init=0 step=99 id=0xeacc boot=1 calls=93 xerr=0 dm=1 tb=15
2026-09-03T20:26:26.715334 [RNG] osc=41 imp=881 imprb=881 mstart=0x40 cfg=91 cfgfail=0x0 vhv=0 vpolls=0
2026-09-03T20:26:26.721709 [PRT] calls=1147295 xerr=0 ler=1 lidx=0x0 perr=0 maxcnt=17 addr8=0x52
2026-09-03T20:26:26.725832 [RTY] wr=0 wmax=0 wref=0  rd=0 rmax=0 rref=0
2026-09-03T20:26:26.733832 [RNG] frames=286622 last=42 min=22 max=61 nrdy=349 dxfer=0 dstat=0 lst=0 nrdyerr=0 dclr=0
2026-09-03T20:26:26.740082 [DRV] init=0 id=7 mode=0x1 lib=0x2 seq=0x1 odc=0x8b sts=0xe0 armed=1
2026-09-03T20:26:26.745850 [TRG] pulses=2692 suppressed=34085 cyc=1600 rst=1 rstmode=0x40
2026-09-03T20:26:26.749206 [HLT] polls=5739 faults=0x0 cfglost=0
2026-09-03T20:26:26.754957 [EFF] n=5 last=58588 min=58472 max=58588 late=0 stuck=0 rderr=0
2026-09-03T20:26:26.758988 [DWT] ok=1 cyc=3086825155 cyc_per_ms=799999
2026-09-03T20:26:27.773124 [HB] up_ms=6055588 frames=287020 inf=287020 hazard=36777 canary_err=0 q=0 qovr=0
2026-09-03T20:26:27.784507 [I2C] init=0 gate=0 whoami=0x201e0 wr=0 wrseen=0x27 addr=0x5a ok=1161505 err=0 tmo=0 recov=0 pclk1=200000000 sysclk=400000000
2026-09-03T20:26:27.785739 [NAK] nacks=0
2026-09-03T20:26:27.790370 [CLK] cpu=800000000 sysb=400000000 pclk1=200000000
2026-09-03T20:26:27.794861 [TOF] res=0 step=0 id=0xeacc blk=0xeacc10 ctl=0x0
2026-09-03T20:26:27.800744 [RNG] init=0 step=99 id=0xeacc boot=1 calls=93 xerr=0 dm=1 tb=15
2026-09-03T20:26:27.807747 [RNG] osc=41 imp=881 imprb=881 mstart=0x40 cfg=91 cfgfail=0x0 vhv=0 vpolls=0
2026-09-03T20:26:27.814020 [PRT] calls=1147503 xerr=0 ler=1 lidx=0x0 perr=0 maxcnt=17 addr8=0x52
2026-09-03T20:26:27.818006 [RTY] wr=0 wmax=0 wref=0  rd=0 rmax=0 rref=0
2026-09-03T20:26:27.826242 [RNG] frames=286673 last=35 min=22 max=61 nrdy=349 dxfer=0 dstat=0 lst=0 nrdyerr=0 dclr=0
2026-09-03T20:26:27.832369 [DRV] init=0 id=7 mode=0x1 lib=0x2 seq=0x1 odc=0x8b sts=0xe0 armed=1
2026-09-03T20:26:27.837975 [TRG] pulses=2692 suppressed=34085 cyc=1600 rst=1 rstmode=0x40
2026-09-03T20:26:27.841485 [HLT] polls=5740 faults=0x0 cfglost=0
2026-09-03T20:26:27.847364 [EFF] n=5 last=58588 min=58472 max=58588 late=0 stuck=0 rderr=0
2026-09-03T20:26:27.851357 [DWT] ok=1 cyc=3954825107 cyc_per_ms=799999
2026-09-03T20:26:28.865156 [HB] up_ms=6056673 frames=287071 inf=287071 hazard=36777 canary_err=0 q=0 qovr=0
2026-09-03T20:26:28.876270 [I2C] init=0 gate=0 whoami=0x201e0 wr=0 wrseen=0x27 addr=0x5a ok=1161715 err=0 tmo=0 recov=0 pclk1=200000000 sysclk=400000000
2026-09-03T20:26:28.877646 [NAK] nacks=0
2026-09-03T20:26:28.882264 [CLK] cpu=800000000 sysb=400000000 pclk1=200000000
2026-09-03T20:26:28.886882 [TOF] res=0 step=0 id=0xeacc blk=0xeacc10 ctl=0x0
2026-09-03T20:26:28.892652 [RNG] init=0 step=99 id=0xeacc boot=1 calls=93 xerr=0 dm=1 tb=15
2026-09-03T20:26:28.899517 [RNG] osc=41 imp=881 imprb=881 mstart=0x40 cfg=91 cfgfail=0x0 vhv=0 vpolls=0
2026-09-03T20:26:28.905891 [PRT] calls=1147707 xerr=0 ler=1 lidx=0x0 perr=0 maxcnt=17 addr8=0x52
2026-09-03T20:26:28.910008 [RTY] wr=0 wmax=0 wref=0  rd=0 rmax=0 rref=0
2026-09-03T20:26:28.918013 [RNG] frames=286725 last=43 min=22 max=61 nrdy=349 dxfer=0 dstat=0 lst=0 nrdyerr=0 dclr=0
2026-09-03T20:26:28.924259 [DRV] init=0 id=7 mode=0x1 lib=0x2 seq=0x1 odc=0x8b sts=0xe0 armed=1
2026-09-03T20:26:28.930029 [TRG] pulses=2692 suppressed=34085 cyc=1600 rst=1 rstmode=0x40
2026-09-03T20:26:28.933393 [HLT] polls=5741 faults=0x0 cfglost=0
2026-09-03T20:26:28.939142 [EFF] n=5 last=58588 min=58472 max=58588 late=0 stuck=0 rderr=0
2026-09-03T20:26:28.943007 [DWT] ok=1 cyc=527858155 cyc_per_ms=800000
2026-09-03T20:26:29.956928 [HB] up_ms=6057758 frames=287123 inf=287123 hazard=36777 canary_err=0 q=0 qovr=0
2026-09-03T20:26:29.968318 [I2C] init=0 gate=0 whoami=0x201e0 wr=0 wrseen=0x27 addr=0x5a ok=1161921 err=0 tmo=0 recov=0 pclk1=200000000 sysclk=400000000
2026-09-03T20:26:29.969662 [NAK] nacks=0
2026-09-03T20:26:29.974169 [CLK] cpu=800000000 sysb=400000000 pclk1=200000000
2026-09-03T20:26:29.978666 [TOF] res=0 step=0 id=0xeacc blk=0xeacc10 ctl=0x0
2026-09-03T20:26:29.984542 [RNG] init=0 step=99 id=0xeacc boot=1 calls=93 xerr=0 dm=1 tb=15
2026-09-03T20:26:29.991539 [RNG] osc=41 imp=881 imprb=881 mstart=0x40 cfg=91 cfgfail=0x0 vhv=0 vpolls=0
2026-09-03T20:26:29.997802 [PRT] calls=1147915 xerr=0 ler=1 lidx=0x0 perr=0 maxcnt=17 addr8=0x52
2026-09-03T20:26:30.002031 [RTY] wr=0 wmax=0 wref=0  rd=0 rmax=0 rref=0
2026-09-03T20:26:30.009918 [RNG] frames=286776 last=41 min=22 max=61 nrdy=349 dxfer=0 dstat=0 lst=0 nrdyerr=0 dclr=0
2026-09-03T20:26:30.016171 [DRV] init=0 id=7 mode=0x1 lib=0x2 seq=0x1 odc=0x8b sts=0xe0 armed=1
2026-09-03T20:26:30.021911 [TRG] pulses=2692 suppressed=34085 cyc=1600 rst=1 rstmode=0x40
2026-09-03T20:26:30.025288 [HLT] polls=5742 faults=0x0 cfglost=0
2026-09-03T20:26:30.031038 [EFF] n=5 last=58588 min=58472 max=58588 late=0 stuck=0 rderr=0
2026-09-03T20:26:30.035177 [DWT] ok=1 cyc=1395755967 cyc_per_ms=799905
2026-09-03T20:26:31.049610 [HB] up_ms=6058843 frames=287174 inf=287174 hazard=36791 canary_err=0 q=0 qovr=0
2026-09-03T20:26:31.060827 [I2C] init=0 gate=0 whoami=0x201e0 wr=0 wrseen=0x27 addr=0x5a ok=1162127 err=0 tmo=0 recov=0 pclk1=200000000 sysclk=400000000
2026-09-03T20:26:31.062197 [NAK] nacks=0
2026-09-03T20:26:31.066827 [CLK] cpu=800000000 sysb=400000000 pclk1=200000000
2026-09-03T20:26:31.071338 [TOF] res=0 step=0 id=0xeacc blk=0xeacc10 ctl=0x0
2026-09-03T20:26:31.077193 [RNG] init=0 step=99 id=0xeacc boot=1 calls=93 xerr=0 dm=1 tb=15
2026-09-03T20:26:31.084203 [RNG] osc=41 imp=881 imprb=881 mstart=0x40 cfg=91 cfgfail=0x0 vhv=0 vpolls=0
2026-09-03T20:26:31.090447 [PRT] calls=1148119 xerr=0 ler=1 lidx=0x0 perr=0 maxcnt=17 addr8=0x52
2026-09-03T20:26:31.094616 [RTY] wr=0 wmax=0 wref=0  rd=0 rmax=0 rref=0
2026-09-03T20:26:31.102718 [RNG] frames=286827 last=43 min=22 max=61 nrdy=349 dxfer=0 dstat=0 lst=0 nrdyerr=0 dclr=0
2026-09-03T20:26:31.108816 [DRV] init=0 id=7 mode=0x1 lib=0x2 seq=0x1 odc=0x8b sts=0xe0 armed=1
2026-09-03T20:26:31.114454 [TRG] pulses=2694 suppressed=34100 cyc=1600 rst=1 rstmode=0x40
2026-09-03T20:26:31.118105 [HLT] polls=5743 faults=0x0 cfglost=0
2026-09-03T20:26:31.123819 [EFF] n=5 last=58588 min=58472 max=58588 late=0 stuck=0 rderr=0
2026-09-03T20:26:31.127817 [DWT] ok=1 cyc=2263864259 cyc_per_ms=800099
2026-09-03T20:26:32.141857 [HB] up_ms=6059928 frames=287226 inf=287226 hazard=36818 canary_err=0 q=0 qovr=0
2026-09-03T20:26:32.153148 [I2C] init=0 gate=0 whoami=0x201e0 wr=0 wrseen=0x27 addr=0x5a ok=1162337 err=0 tmo=0 recov=0 pclk1=200000000 sysclk=400000000
2026-09-03T20:26:32.154472 [NAK] nacks=0
2026-09-03T20:26:32.159096 [CLK] cpu=800000000 sysb=400000000 pclk1=200000000
2026-09-03T20:26:32.163630 [TOF] res=0 step=0 id=0xeacc blk=0xeacc10 ctl=0x0
2026-09-03T20:26:32.169479 [RNG] init=0 step=99 id=0xeacc boot=1 calls=93 xerr=0 dm=1 tb=15
2026-09-03T20:26:32.176477 [RNG] osc=41 imp=881 imprb=881 mstart=0x40 cfg=91 cfgfail=0x0 vhv=0 vpolls=0
2026-09-03T20:26:32.182728 [PRT] calls=1148325 xerr=0 ler=1 lidx=0x0 perr=0 maxcnt=17 addr8=0x52
2026-09-03T20:26:32.186861 [RTY] wr=0 wmax=0 wref=0  rd=0 rmax=0 rref=0
2026-09-03T20:26:32.194844 [RNG] frames=286879 last=40 min=22 max=61 nrdy=349 dxfer=0 dstat=0 lst=0 nrdyerr=0 dclr=0
2026-09-03T20:26:32.201218 [DRV] init=0 id=7 mode=0x1 lib=0x2 seq=0x1 odc=0x8b sts=0xe0 armed=1
2026-09-03T20:26:32.206860 [TRG] pulses=2695 suppressed=34123 cyc=1600 rst=1 rstmode=0x40
2026-09-03T20:26:32.210211 [HLT] polls=5744 faults=0x0 cfglost=0
2026-09-03T20:26:32.215973 [EFF] n=5 last=58588 min=58472 max=58588 late=0 stuck=0 rderr=0
2026-09-03T20:26:32.219963 [DWT] ok=1 cyc=3131755951 cyc_per_ms=799900
2026-09-03T20:26:33.234162 [HB] up_ms=6061013 frames=287277 inf=287277 hazard=36818 canary_err=0 q=0 qovr=0
2026-09-03T20:26:33.245512 [I2C] init=0 gate=0 whoami=0x201e0 wr=0 wrseen=0x27 addr=0x5a ok=1162543 err=0 tmo=0 recov=0 pclk1=200000000 sysclk=400000000
2026-09-03T20:26:33.246807 [NAK] nacks=0
2026-09-03T20:26:33.251382 [CLK] cpu=800000000 sysb=400000000 pclk1=200000000
2026-09-03T20:26:33.255875 [TOF] res=0 step=0 id=0xeacc blk=0xeacc10 ctl=0x0
2026-09-03T20:26:33.261879 [RNG] init=0 step=99 id=0xeacc boot=1 calls=93 xerr=0 dm=1 tb=15
2026-09-03T20:26:33.268816 [RNG] osc=41 imp=881 imprb=881 mstart=0x40 cfg=91 cfgfail=0x0 vhv=0 vpolls=0
2026-09-03T20:26:33.275004 [PRT] calls=1148531 xerr=0 ler=1 lidx=0x0 perr=0 maxcnt=17 addr8=0x52
2026-09-03T20:26:33.279003 [RTY] wr=0 wmax=0 wref=0  rd=0 rmax=0 rref=0
2026-09-03T20:26:33.287282 [RNG] frames=286930 last=41 min=22 max=61 nrdy=349 dxfer=0 dstat=0 lst=0 nrdyerr=0 dclr=0
2026-09-03T20:26:33.293387 [DRV] init=0 id=7 mode=0x1 lib=0x2 seq=0x1 odc=0x8b sts=0xe0 armed=1
2026-09-03T20:26:33.299009 [TRG] pulses=2695 suppressed=34123 cyc=1600 rst=1 rstmode=0x40
2026-09-03T20:26:33.302496 [HLT] polls=5745 faults=0x0 cfglost=0
2026-09-03T20:26:33.308366 [EFF] n=5 last=58588 min=58472 max=58588 late=0 stuck=0 rderr=0
2026-09-03T20:26:33.312366 [DWT] ok=1 cyc=3999857975 cyc_per_ms=800094
2026-09-03T20:26:34.326170 [HB] up_ms=6062098 frames=287329 inf=287329 hazard=36818 canary_err=0 q=0 qovr=0
2026-09-03T20:26:34.337436 [I2C] init=0 gate=0 whoami=0x201e0 wr=0 wrseen=0x27 addr=0x5a ok=1162753 err=0 tmo=0 recov=0 pclk1=200000000 sysclk=400000000
2026-09-03T20:26:34.338672 [NAK] nacks=0
2026-09-03T20:26:34.343402 [CLK] cpu=800000000 sysb=400000000 pclk1=200000000
2026-09-03T20:26:34.347939 [TOF] res=0 step=0 id=0xeacc blk=0xeacc10 ctl=0x0
2026-09-03T20:26:34.353791 [RNG] init=0 step=99 id=0xeacc boot=1 calls=93 xerr=0 dm=1 tb=15
2026-09-03T20:26:34.360659 [RNG] osc=41 imp=881 imprb=881 mstart=0x40 cfg=91 cfgfail=0x0 vhv=0 vpolls=0
2026-09-03T20:26:34.367039 [PRT] calls=1148735 xerr=0 ler=1 lidx=0x0 perr=0 maxcnt=17 addr8=0x52
2026-09-03T20:26:34.371047 [RTY] wr=0 wmax=0 wref=0  rd=0 rmax=0 rref=0
2026-09-03T20:26:34.379152 [RNG] frames=286982 last=38 min=22 max=61 nrdy=349 dxfer=0 dstat=0 lst=0 nrdyerr=0 dclr=0
2026-09-03T20:26:34.385292 [DRV] init=0 id=7 mode=0x1 lib=0x2 seq=0x1 odc=0x8b sts=0xe0 armed=1
2026-09-03T20:26:34.391026 [TRG] pulses=2695 suppressed=34123 cyc=1600 rst=1 rstmode=0x40
2026-09-03T20:26:34.394531 [HLT] polls=5746 faults=0x0 cfglost=0
2026-09-03T20:26:34.400287 [EFF] n=5 last=58588 min=58472 max=58588 late=0 stuck=0 rderr=0
2026-09-03T20:26:34.404158 [DWT] ok=1 cyc=572889943 cyc_per_ms=799999
2026-09-03T20:26:35.417446 [HB] up_ms=6063183 frames=287380 inf=287380 hazard=36818 canary_err=0 q=0 qovr=0
2026-09-03T20:26:35.428824 [I2C] init=0 gate=0 whoami=0x201e0 wr=0 wrseen=0x27 addr=0x5a ok=1162959 err=0 tmo=0 recov=0 pclk1=200000000 sysclk=400000000
2026-09-03T20:26:35.430081 [NAK] nacks=0
2026-09-03T20:26:35.434716 [CLK] cpu=800000000 sysb=400000000 pclk1=200000000
2026-09-03T20:26:35.439185 [TOF] res=0 step=0 id=0xeacc blk=0xeacc10 ctl=0x0
2026-09-03T20:26:35.445060 [RNG] init=0 step=99 id=0xeacc boot=1 calls=93 xerr=0 dm=1 tb=15
2026-09-03T20:26:35.452067 [RNG] osc=41 imp=881 imprb=881 mstart=0x40 cfg=91 cfgfail=0x0 vhv=0 vpolls=0
2026-09-03T20:26:35.458315 [PRT] calls=1148943 xerr=0 ler=1 lidx=0x0 perr=0 maxcnt=17 addr8=0x52
2026-09-03T20:26:35.462306 [RTY] wr=0 wmax=0 wref=0  rd=0 rmax=0 rref=0
2026-09-03T20:26:35.470586 [RNG] frames=287033 last=37 min=22 max=61 nrdy=349 dxfer=0 dstat=0 lst=0 nrdyerr=0 dclr=0
2026-09-03T20:26:35.476681 [DRV] init=0 id=7 mode=0x1 lib=0x2 seq=0x1 odc=0x8b sts=0xe0 armed=1
2026-09-03T20:26:35.482324 [TRG] pulses=2695 suppressed=34123 cyc=1600 rst=1 rstmode=0x40
2026-09-03T20:26:35.485822 [HLT] polls=5747 faults=0x0 cfglost=0
2026-09-03T20:26:35.491698 [EFF] n=5 last=58588 min=58472 max=58588 late=0 stuck=0 rderr=0
2026-09-03T20:26:35.495575 [DWT] ok=1 cyc=1440890719 cyc_per_ms=800000
2026-09-03T20:26:36.508853 [HB] up_ms=6064268 frames=287431 inf=287431 hazard=36818 canary_err=0 q=0 qovr=0
2026-09-03T20:26:36.520105 [I2C] init=0 gate=0 whoami=0x201e0 wr=0 wrseen=0x27 addr=0x5a ok=1163169 err=0 tmo=0 recov=0 pclk1=200000000 sysclk=400000000
2026-09-03T20:26:36.521465 [NAK] nacks=0
2026-09-03T20:26:36.525975 [CLK] cpu=800000000 sysb=400000000 pclk1=200000000
2026-09-03T20:26:36.530649 [TOF] res=0 step=0 id=0xeacc blk=0xeacc10 ctl=0x0
2026-09-03T20:26:36.536470 [RNG] init=0 step=99 id=0xeacc boot=1 calls=93 xerr=0 dm=1 tb=15
2026-09-03T20:26:36.543334 [RNG] osc=41 imp=881 imprb=881 mstart=0x40 cfg=91 cfgfail=0x0 vhv=0 vpolls=0
2026-09-03T20:26:36.549720 [PRT] calls=1149147 xerr=0 ler=1 lidx=0x0 perr=0 maxcnt=17 addr8=0x52
2026-09-03T20:26:36.553845 [RTY] wr=0 wmax=0 wref=0  rd=0 rmax=0 rref=0
2026-09-03T20:26:36.561852 [RNG] frames=287085 last=41 min=22 max=61 nrdy=349 dxfer=0 dstat=0 lst=0 nrdyerr=0 dclr=0
2026-09-03T20:26:36.567969 [DRV] init=0 id=7 mode=0x1 lib=0x2 seq=0x1 odc=0x8b sts=0xe0 armed=1
2026-09-03T20:26:36.573837 [TRG] pulses=2695 suppressed=34123 cyc=1600 rst=1 rstmode=0x40
2026-09-03T20:26:36.577211 [HLT] polls=5748 faults=0x0 cfglost=0
2026-09-03T20:26:36.582970 [EFF] n=5 last=58588 min=58472 max=58588 late=0 stuck=0 rderr=0
2026-09-03T20:26:36.586980 [DWT] ok=1 cyc=2308890575 cyc_per_ms=799999
2026-09-03T20:26:37.601011 [HB] up_ms=6065353 frames=287483 inf=287483 hazard=36821 canary_err=0 q=0 qovr=0
2026-09-03T20:26:37.612374 [I2C] init=0 gate=0 whoami=0x201e0 wr=0 wrseen=0x27 addr=0x5a ok=1163375 err=0 tmo=0 recov=0 pclk1=200000000 sysclk=400000000
2026-09-03T20:26:37.614194 [NAK] nacks=0
2026-09-03T20:26:37.618257 [CLK] cpu=800000000 sysb=400000000 pclk1=200000000
2026-09-03T20:26:37.622752 [TOF] res=0 step=0 id=0xeacc blk=0xeacc10 ctl=0x0
2026-09-03T20:26:37.628624 [RNG] init=0 step=99 id=0xeacc boot=1 calls=93 xerr=0 dm=1 tb=15
2026-09-03T20:26:37.635621 [RNG] osc=41 imp=881 imprb=881 mstart=0x40 cfg=91 cfgfail=0x0 vhv=0 vpolls=0
2026-09-03T20:26:37.641869 [PRT] calls=1149355 xerr=0 ler=1 lidx=0x0 perr=0 maxcnt=17 addr8=0x52
2026-09-03T20:26:37.646008 [RTY] wr=0 wmax=0 wref=0  rd=0 rmax=0 rref=0
2026-09-03T20:26:37.654122 [RNG] frames=287136 last=40 min=22 max=61 nrdy=349 dxfer=0 dstat=0 lst=0 nrdyerr=0 dclr=0
2026-09-03T20:26:37.660229 [DRV] init=0 id=7 mode=0x1 lib=0x2 seq=0x1 odc=0x8b sts=0xe0 armed=1
2026-09-03T20:26:37.665876 [TRG] pulses=2696 suppressed=34128 cyc=1600 rst=1 rstmode=0x40
2026-09-03T20:26:37.669359 [HLT] polls=5749 faults=0x0 cfglost=0
2026-09-03T20:26:37.675143 [EFF] n=5 last=58588 min=58472 max=58588 late=0 stuck=0 rderr=0
2026-09-03T20:26:37.679235 [DWT] ok=1 cyc=3176791347 cyc_per_ms=799908
2026-09-03T20:26:38.693540 [HB] up_ms=6066438 frames=287534 inf=287534 hazard=36859 canary_err=0 q=0 qovr=0
2026-09-03T20:26:38.704794 [I2C] init=0 gate=0 whoami=0x201e0 wr=0 wrseen=0x27 addr=0x5a ok=1163584 err=0 tmo=0 recov=0 pclk1=200000000 sysclk=400000000
2026-09-03T20:26:38.706059 [NAK] nacks=0
2026-09-03T20:26:38.710655 [CLK] cpu=800000000 sysb=400000000 pclk1=200000000
2026-09-03T20:26:38.715369 [TOF] res=0 step=0 id=0xeacc blk=0xeacc10 ctl=0x0
2026-09-03T20:26:38.721165 [RNG] init=0 step=99 id=0xeacc boot=1 calls=93 xerr=0 dm=1 tb=15
2026-09-03T20:26:38.728047 [RNG] osc=41 imp=881 imprb=881 mstart=0x40 cfg=91 cfgfail=0x0 vhv=0 vpolls=0
2026-09-03T20:26:38.734302 [PRT] calls=1149559 xerr=0 ler=1 lidx=0x0 perr=0 maxcnt=17 addr8=0x52
2026-09-03T20:26:38.738539 [RTY] wr=0 wmax=0 wref=0  rd=0 rmax=0 rref=0
2026-09-03T20:26:38.746586 [RNG] frames=287188 last=38 min=22 max=61 nrdy=349 dxfer=0 dstat=0 lst=0 nrdyerr=0 dclr=0
2026-09-03T20:26:38.752678 [DRV] init=0 id=7 mode=0x1 lib=0x2 seq=0x1 odc=0x8b sts=0xe0 armed=1
2026-09-03T20:26:38.758384 [TRG] pulses=2698 suppressed=34161 cyc=1600 rst=1 rstmode=0x40
2026-09-03T20:26:38.761906 [HLT] polls=5750 faults=0x0 cfglost=0
2026-09-03T20:26:38.767676 [EFF] n=5 last=58588 min=58472 max=58588 late=0 stuck=0 rderr=0
2026-09-03T20:26:38.771642 [DWT] ok=1 cyc=4044890543 cyc_per_ms=800091
2026-09-03T20:26:39.785813 [HB] up_ms=6067523 frames=287586 inf=287586 hazard=36859 canary_err=0 q=0 qovr=0
2026-09-03T20:26:39.797092 [I2C] init=0 gate=0 whoami=0x201e0 wr=0 wrseen=0x27 addr=0x5a ok=1163791 err=0 tmo=0 recov=0 pclk1=200000000 sysclk=400000000
2026-09-03T20:26:39.798491 [NAK] nacks=0
2026-09-03T20:26:39.803073 [CLK] cpu=800000000 sysb=400000000 pclk1=200000000
2026-09-03T20:26:39.807596 [TOF] res=0 step=0 id=0xeacc blk=0xeacc10 ctl=0x0
2026-09-03T20:26:39.813447 [RNG] init=0 step=99 id=0xeacc boot=1 calls=93 xerr=0 dm=1 tb=15
2026-09-03T20:26:39.820468 [RNG] osc=41 imp=881 imprb=881 mstart=0x40 cfg=91 cfgfail=0x0 vhv=0 vpolls=0
2026-09-03T20:26:39.826665 [PRT] calls=1149767 xerr=0 ler=1 lidx=0x0 perr=0 maxcnt=17 addr8=0x52
2026-09-03T20:26:39.830701 [RTY] wr=0 wmax=0 wref=0  rd=0 rmax=0 rref=0
2026-09-03T20:26:39.838825 [RNG] frames=287239 last=39 min=22 max=61 nrdy=349 dxfer=0 dstat=0 lst=0 nrdyerr=0 dclr=0
2026-09-03T20:26:39.845149 [DRV] init=0 id=7 mode=0x1 lib=0x2 seq=0x1 odc=0x8b sts=0xe0 armed=1
2026-09-03T20:26:39.850687 [TRG] pulses=2698 suppressed=34161 cyc=1600 rst=1 rstmode=0x40
2026-09-03T20:26:39.854175 [HLT] polls=5751 faults=0x0 cfglost=0
2026-09-03T20:26:39.859927 [EFF] n=5 last=58588 min=58472 max=58588 late=0 stuck=0 rderr=0
2026-09-03T20:26:39.863810 [DWT] ok=1 cyc=617821403 cyc_per_ms=799906
2026-09-03T20:26:40.877627 [HB] up_ms=6068608 frames=287637 inf=287637 hazard=36859 canary_err=0 q=0 qovr=0
2026-09-03T20:26:40.888993 [I2C] init=0 gate=0 whoami=0x201e0 wr=0 wrseen=0x27 addr=0x5a ok=1163997 err=0 tmo=0 recov=0 pclk1=200000000 sysclk=400000000
2026-09-03T20:26:40.890219 [NAK] nacks=0
2026-09-03T20:26:40.894850 [CLK] cpu=800000000 sysb=400000000 pclk1=200000000
2026-09-03T20:26:40.899382 [TOF] res=0 step=0 id=0xeacc blk=0xeacc10 ctl=0x0
2026-09-03T20:26:40.905352 [RNG] init=0 step=99 id=0xeacc boot=1 calls=93 xerr=0 dm=1 tb=15
2026-09-03T20:26:40.912233 [RNG] osc=41 imp=881 imprb=881 mstart=0x40 cfg=91 cfgfail=0x0 vhv=0 vpolls=0
2026-09-03T20:26:40.918513 [PRT] calls=1149971 xerr=0 ler=1 lidx=0x0 perr=0 maxcnt=17 addr8=0x52
2026-09-03T20:26:40.922496 [RTY] wr=0 wmax=0 wref=0  rd=0 rmax=0 rref=0
2026-09-03T20:26:40.931097 [RNG] frames=287290 last=45 min=22 max=61 nrdy=349 dxfer=0 dstat=0 lst=0 nrdyerr=0 dclr=0
2026-09-03T20:26:40.936865 [DRV] init=0 id=7 mode=0x1 lib=0x2 seq=0x1 odc=0x8b sts=0xe0 armed=1
2026-09-03T20:26:40.942465 [TRG] pulses=2698 suppressed=34161 cyc=1600 rst=1 rstmode=0x40
2026-09-03T20:26:40.945949 [HLT] polls=5752 faults=0x0 cfglost=0
2026-09-03T20:26:40.951846 [EFF] n=5 last=58588 min=58472 max=58588 late=0 stuck=0 rderr=0
2026-09-03T20:26:40.955825 [DWT] ok=1 cyc=1485923367 cyc_per_ms=800093
2026-09-03T20:26:41.969136 [HB] up_ms=6069693 frames=287689 inf=287689 hazard=36859 canary_err=0 q=0 qovr=0
2026-09-03T20:26:41.980392 [I2C] init=0 gate=0 whoami=0x201e0 wr=0 wrseen=0x27 addr=0x5a ok=1164205 err=0 tmo=0 recov=0 pclk1=200000000 sysclk=400000000
2026-09-03T20:26:41.981754 [NAK] nacks=0
2026-09-03T20:26:41.986375 [CLK] cpu=800000000 sysb=400000000 pclk1=200000000
2026-09-03T20:26:41.990878 [TOF] res=0 step=0 id=0xeacc blk=0xeacc10 ctl=0x0
2026-09-03T20:26:41.996757 [RNG] init=0 step=99 id=0xeacc boot=1 calls=93 xerr=0 dm=1 tb=15
2026-09-03T20:26:42.003650 [RNG] osc=41 imp=881 imprb=881 mstart=0x40 cfg=91 cfgfail=0x0 vhv=0 vpolls=0
2026-09-03T20:26:42.010004 [PRT] calls=1150173 xerr=0 ler=1 lidx=0x0 perr=0 maxcnt=17 addr8=0x52
2026-09-03T20:26:42.014025 [RTY] wr=0 wmax=0 wref=0  rd=0 rmax=0 rref=0
2026-09-03T20:26:42.022123 [RNG] frames=287341 last=46 min=22 max=61 nrdy=350 dxfer=0 dstat=0 lst=0 nrdyerr=0 dclr=0
2026-09-03T20:26:42.028283 [DRV] init=0 id=7 mode=0x1 lib=0x2 seq=0x1 odc=0x8b sts=0xe0 armed=1
2026-09-03T20:26:42.034000 [TRG] pulses=2698 suppressed=34161 cyc=1600 rst=1 rstmode=0x40
2026-09-03T20:26:42.037499 [HLT] polls=5753 faults=0x0 cfglost=0
2026-09-03T20:26:42.043250 [EFF] n=5 last=58588 min=58472 max=58588 late=0 stuck=0 rderr=0
2026-09-03T20:26:42.047132 [DWT] ok=1 cyc=2353922635 cyc_per_ms=799999
2026-09-03T20:26:43.060046 [HB] up_ms=6070778 frames=287740 inf=287740 hazard=36859 canary_err=0 q=0 qovr=0
2026-09-03T20:26:43.071419 [I2C] init=0 gate=0 whoami=0x201e0 wr=0 wrseen=0x27 addr=0x5a ok=1164409 err=0 tmo=0 recov=0 pclk1=200000000 sysclk=400000000
2026-09-03T20:26:43.072786 [NAK] nacks=0
2026-09-03T20:26:43.077285 [CLK] cpu=800000000 sysb=400000000 pclk1=200000000
2026-09-03T20:26:43.081783 [TOF] res=0 step=0 id=0xeacc blk=0xeacc10 ctl=0x0
2026-09-03T20:26:43.087663 [RNG] init=0 step=99 id=0xeacc boot=1 calls=93 xerr=0 dm=1 tb=15
2026-09-03T20:26:43.094739 [RNG] osc=41 imp=881 imprb=881 mstart=0x40 cfg=91 cfgfail=0x0 vhv=0 vpolls=0
2026-09-03T20:26:43.100911 [PRT] calls=1150379 xerr=0 ler=1 lidx=0x0 perr=0 maxcnt=17 addr8=0x52
2026-09-03T20:26:43.105032 [RTY] wr=0 wmax=0 wref=0  rd=0 rmax=0 rref=0
2026-09-03T20:26:43.113231 [RNG] frames=287391 last=42 min=22 max=61 nrdy=351 dxfer=0 dstat=0 lst=0 nrdyerr=0 dclr=0
2026-09-03T20:26:43.119285 [DRV] init=0 id=7 mode=0x1 lib=0x2 seq=0x1 odc=0x8b sts=0xe0 armed=1
2026-09-03T20:26:43.124904 [TRG] pulses=2698 suppressed=34161 cyc=1600 rst=1 rstmode=0x40
2026-09-03T20:26:43.128432 [HLT] polls=5754 faults=0x0 cfglost=0
2026-09-03T20:26:43.134283 [EFF] n=5 last=58588 min=58472 max=58588 late=0 stuck=0 rderr=0
2026-09-03T20:26:43.138277 [DWT] ok=1 cyc=3221923423 cyc_per_ms=800000
2026-09-03T20:26:44.151823 [HB] up_ms=6071863 frames=287791 inf=287791 hazard=36859 canary_err=0 q=0 qovr=0
2026-09-03T20:26:44.163068 [I2C] init=0 gate=0 whoami=0x201e0 wr=0 wrseen=0x27 addr=0x5a ok=1164619 err=0 tmo=0 recov=0 pclk1=200000000 sysclk=400000000
2026-09-03T20:26:44.164313 [NAK] nacks=0
2026-09-03T20:26:44.168937 [CLK] cpu=800000000 sysb=400000000 pclk1=200000000
2026-09-03T20:26:44.173577 [TOF] res=0 step=0 id=0xeacc blk=0xeacc10 ctl=0x0
2026-09-03T20:26:44.179470 [RNG] init=0 step=99 id=0xeacc boot=1 calls=93 xerr=0 dm=1 tb=15
2026-09-03T20:26:44.186325 [RNG] osc=41 imp=881 imprb=881 mstart=0x40 cfg=91 cfgfail=0x0 vhv=0 vpolls=0
2026-09-03T20:26:44.192585 [PRT] calls=1150583 xerr=0 ler=1 lidx=0x0 perr=0 maxcnt=17 addr8=0x52
2026-09-03T20:26:44.196848 [RTY] wr=0 wmax=0 wref=0  rd=0 rmax=0 rref=0
2026-09-03T20:26:44.204816 [RNG] frames=287443 last=46 min=22 max=61 nrdy=351 dxfer=0 dstat=0 lst=0 nrdyerr=0 dclr=0
2026-09-03T20:26:44.210943 [DRV] init=0 id=7 mode=0x1 lib=0x2 seq=0x1 odc=0x8b sts=0xe0 armed=1
2026-09-03T20:26:44.216698 [TRG] pulses=2698 suppressed=34161 cyc=1600 rst=1 rstmode=0x40
2026-09-03T20:26:44.220191 [HLT] polls=5755 faults=0x0 cfglost=0
2026-09-03T20:26:44.225956 [EFF] n=5 last=58588 min=58472 max=58588 late=0 stuck=0 rderr=0
2026-09-03T20:26:44.229861 [DWT] ok=1 cyc=4089923271 cyc_per_ms=799999
2026-09-03T20:26:45.243230 [HB] up_ms=6072948 frames=287843 inf=287843 hazard=36900 canary_err=0 q=0 qovr=0
2026-09-03T20:26:45.254478 [I2C] init=0 gate=0 whoami=0x201e0 wr=0 wrseen=0x27 addr=0x5a ok=1164825 err=0 tmo=0 recov=0 pclk1=200000000 sysclk=400000000
2026-09-03T20:26:45.255875 [NAK] nacks=0
2026-09-03T20:26:45.260470 [CLK] cpu=800000000 sysb=400000000 pclk1=200000000
2026-09-03T20:26:45.264969 [TOF] res=0 step=0 id=0xeacc blk=0xeacc10 ctl=0x0
2026-09-03T20:26:45.270725 [RNG] init=0 step=99 id=0xeacc boot=1 calls=93 xerr=0 dm=1 tb=15
2026-09-03T20:26:45.277730 [RNG] osc=41 imp=881 imprb=881 mstart=0x40 cfg=91 cfgfail=0x0 vhv=0 vpolls=0
2026-09-03T20:26:45.283980 [PRT] calls=1150791 xerr=0 ler=1 lidx=0x0 perr=0 maxcnt=17 addr8=0x52
2026-09-03T20:26:45.288098 [RTY] wr=0 wmax=0 wref=0  rd=0 rmax=0 rref=0
2026-09-03T20:26:45.296232 [RNG] frames=287494 last=44 min=22 max=61 nrdy=351 dxfer=0 dstat=0 lst=0 nrdyerr=0 dclr=0
2026-09-03T20:26:45.302350 [DRV] init=0 id=7 mode=0x1 lib=0x2 seq=0x1 odc=0x8b sts=0xe0 armed=1
2026-09-03T20:26:45.308086 [TRG] pulses=2701 suppressed=34199 cyc=1600 rst=1 rstmode=0x40
2026-09-03T20:26:45.311481 [HLT] polls=5756 faults=0x0 cfglost=0
2026-09-03T20:26:45.317248 [EFF] n=5 last=58588 min=58472 max=58588 late=0 stuck=0 rderr=0
2026-09-03T20:26:45.321219 [DWT] ok=1 cyc=662854011 cyc_per_ms=799906
2026-09-03T20:26:46.334760 [HB] up_ms=6074033 frames=287894 inf=287894 hazard=36900 canary_err=0 q=0 qovr=0
2026-09-03T20:26:46.346022 [I2C] init=0 gate=0 whoami=0x201e0 wr=0 wrseen=0x27 addr=0x5a ok=1165034 err=0 tmo=0 recov=0 pclk1=200000000 sysclk=400000000
2026-09-03T20:26:46.347261 [NAK] nacks=0
2026-09-03T20:26:46.351878 [CLK] cpu=800000000 sysb=400000000 pclk1=200000000
2026-09-03T20:26:46.356507 [TOF] res=0 step=0 id=0xeacc blk=0xeacc10 ctl=0x0
2026-09-03T20:26:46.362406 [RNG] init=0 step=99 id=0xeacc boot=1 calls=93 xerr=0 dm=1 tb=15
2026-09-03T20:26:46.369264 [RNG] osc=41 imp=881 imprb=881 mstart=0x40 cfg=91 cfgfail=0x0 vhv=0 vpolls=0
2026-09-03T20:26:46.375509 [PRT] calls=1150995 xerr=0 ler=1 lidx=0x0 perr=0 maxcnt=17 addr8=0x52
2026-09-03T20:26:46.379652 [RTY] wr=0 wmax=0 wref=0  rd=0 rmax=0 rref=0
2026-09-03T20:26:46.387771 [RNG] frames=287546 last=44 min=22 max=61 nrdy=351 dxfer=0 dstat=0 lst=0 nrdyerr=0 dclr=0
2026-09-03T20:26:46.393884 [DRV] init=0 id=7 mode=0x1 lib=0x2 seq=0x1 odc=0x8b sts=0xe0 armed=1
2026-09-03T20:26:46.399511 [TRG] pulses=2701 suppressed=34199 cyc=1600 rst=1 rstmode=0x40
2026-09-03T20:26:46.403132 [HLT] polls=5757 faults=0x0 cfglost=0
2026-09-03T20:26:46.408921 [EFF] n=5 last=58588 min=58472 max=58588 late=0 stuck=0 rderr=0
2026-09-03T20:26:46.412764 [DWT] ok=1 cyc=1530955967 cyc_per_ms=800093
2026-09-03T20:26:47.426060 [HB] up_ms=6075118 frames=287946 inf=287946 hazard=36900 canary_err=0 q=0 qovr=0
2026-09-03T20:26:47.437298 [I2C] init=0 gate=0 whoami=0x201e0 wr=0 wrseen=0x27 addr=0x5a ok=1165241 err=0 tmo=0 recov=0 pclk1=200000000 sysclk=400000000
2026-09-03T20:26:47.438666 [NAK] nacks=0
2026-09-03T20:26:47.443288 [CLK] cpu=800000000 sysb=400000000 pclk1=200000000
2026-09-03T20:26:47.447802 [TOF] res=0 step=0 id=0xeacc blk=0xeacc10 ctl=0x0
2026-09-03T20:26:47.453543 [RNG] init=0 step=99 id=0xeacc boot=1 calls=93 xerr=0 dm=1 tb=15
2026-09-03T20:26:47.460540 [RNG] osc=41 imp=881 imprb=881 mstart=0x40 cfg=91 cfgfail=0x0 vhv=0 vpolls=0
2026-09-03T20:26:47.466796 [PRT] calls=1151203 xerr=0 ler=1 lidx=0x0 perr=0 maxcnt=17 addr8=0x52
2026-09-03T20:26:47.470925 [RTY] wr=0 wmax=0 wref=0  rd=0 rmax=0 rref=0
2026-09-03T20:26:47.478914 [RNG] frames=287597 last=41 min=22 max=61 nrdy=351 dxfer=0 dstat=0 lst=0 nrdyerr=0 dclr=0
2026-09-03T20:26:47.485358 [DRV] init=0 id=7 mode=0x1 lib=0x2 seq=0x1 odc=0x8b sts=0xe0 armed=1
2026-09-03T20:26:47.490916 [TRG] pulses=2701 suppressed=34199 cyc=1600 rst=1 rstmode=0x40
2026-09-03T20:26:47.494288 [HLT] polls=5758 faults=0x0 cfglost=0
2026-09-03T20:26:47.500039 [EFF] n=5 last=58588 min=58472 max=58588 late=0 stuck=0 rderr=0
2026-09-03T20:26:47.504158 [DWT] ok=1 cyc=2398854079 cyc_per_ms=799906
2026-09-03T20:26:48.517613 [HB] up_ms=6076203 frames=287997 inf=287997 hazard=36900 canary_err=0 q=0 qovr=0
2026-09-03T20:26:48.528996 [I2C] init=0 gate=0 whoami=0x201e0 wr=0 wrseen=0x27 addr=0x5a ok=1165447 err=0 tmo=0 recov=0 pclk1=200000000 sysclk=400000000
2026-09-03T20:26:48.530372 [NAK] nacks=0
2026-09-03T20:26:48.534838 [CLK] cpu=800000000 sysb=400000000 pclk1=200000000
2026-09-03T20:26:48.539339 [TOF] res=0 step=0 id=0xeacc blk=0xeacc10 ctl=0x0
2026-09-03T20:26:48.546840 [RNG] init=0 step=99 id=0xeacc boot=1 calls=93 xerr=0 dm=1 tb=15
2026-09-03T20:26:48.552208 [RNG] osc=41 imp=881 imprb=881 mstart=0x40 cfg=91 cfgfail=0x0 vhv=0 vpolls=0
2026-09-03T20:26:48.558446 [PRT] calls=1151407 xerr=0 ler=1 lidx=0x0 perr=0 maxcnt=17 addr8=0x52
2026-09-03T20:26:48.562624 [RTY] wr=0 wmax=0 wref=0  rd=0 rmax=0 rref=0
2026-09-03T20:26:48.570711 [RNG] frames=287648 last=37 min=22 max=61 nrdy=351 dxfer=0 dstat=0 lst=0 nrdyerr=0 dclr=0
2026-09-03T20:26:48.576954 [DRV] init=0 id=7 mode=0x1 lib=0x2 seq=0x1 odc=0x8b sts=0xe0 armed=1
2026-09-03T20:26:48.582606 [TRG] pulses=2701 suppressed=34199 cyc=1600 rst=1 rstmode=0x40
2026-09-03T20:26:48.586083 [HLT] polls=5760 faults=0x0 cfglost=0
2026-09-03T20:26:48.591946 [EFF] n=5 last=58588 min=58472 max=58588 late=0 stuck=0 rderr=0
2026-09-03T20:26:48.595835 [DWT] ok=1 cyc=3266988515 cyc_per_ms=800123
2026-09-03T20:26:49.609119 [HB] up_ms=6077288 frames=288049 inf=288049 hazard=36900 canary_err=0 q=0 qovr=0
2026-09-03T20:26:49.620374 [I2C] init=0 gate=0 whoami=0x201e0 wr=0 wrseen=0x27 addr=0x5a ok=1165657 err=0 tmo=0 recov=0 pclk1=200000000 sysclk=400000000
2026-09-03T20:26:49.621730 [NAK] nacks=0
2026-09-03T20:26:49.626483 [CLK] cpu=800000000 sysb=400000000 pclk1=200000000
2026-09-03T20:26:49.631007 [TOF] res=0 step=0 id=0xeacc blk=0xeacc10 ctl=0x0
2026-09-03T20:26:49.636735 [RNG] init=0 step=99 id=0xeacc boot=1 calls=93 xerr=0 dm=1 tb=15
2026-09-03T20:26:49.643632 [RNG] osc=41 imp=881 imprb=881 mstart=0x40 cfg=91 cfgfail=0x0 vhv=0 vpolls=0
2026-09-03T20:26:49.650003 [PRT] calls=1151611 xerr=0 ler=1 lidx=0x0 perr=0 maxcnt=17 addr8=0x52
2026-09-03T20:26:49.654109 [RTY] wr=0 wmax=0 wref=0  rd=0 rmax=0 rref=0
2026-09-03T20:26:49.662109 [RNG] frames=287700 last=36 min=22 max=61 nrdy=351 dxfer=0 dstat=0 lst=0 nrdyerr=0 dclr=0
2026-09-03T20:26:49.668376 [DRV] init=0 id=7 mode=0x1 lib=0x2 seq=0x1 odc=0x8b sts=0xe0 armed=1
2026-09-03T20:26:49.674114 [TRG] pulses=2701 suppressed=34199 cyc=1600 rst=1 rstmode=0x40
2026-09-03T20:26:49.677483 [HLT] polls=5761 faults=0x0 cfglost=0
2026-09-03T20:26:49.683238 [EFF] n=5 last=58588 min=58472 max=58588 late=0 stuck=0 rderr=0
2026-09-03T20:26:49.687240 [DWT] ok=1 cyc=4134886503 cyc_per_ms=799905
2026-09-03T20:26:50.700677 [HB] up_ms=6078373 frames=288100 inf=288100 hazard=36900 canary_err=0 q=0 qovr=0
2026-09-03T20:26:50.712053 [I2C] init=0 gate=0 whoami=0x201e0 wr=0 wrseen=0x27 addr=0x5a ok=1165865 err=0 tmo=0 recov=0 pclk1=200000000 sysclk=400000000
2026-09-03T20:26:50.713320 [NAK] nacks=0
2026-09-03T20:26:50.717888 [CLK] cpu=800000000 sysb=400000000 pclk1=200000000
2026-09-03T20:26:50.722395 [TOF] res=0 step=0 id=0xeacc blk=0xeacc10 ctl=0x0
2026-09-03T20:26:50.728421 [RNG] init=0 step=99 id=0xeacc boot=1 calls=93 xerr=0 dm=1 tb=15
2026-09-03T20:26:50.735277 [RNG] osc=41 imp=881 imprb=881 mstart=0x40 cfg=91 cfgfail=0x0 vhv=0 vpolls=0
2026-09-03T20:26:50.741516 [PRT] calls=1151819 xerr=0 ler=1 lidx=0x0 perr=0 maxcnt=17 addr8=0x52
2026-09-03T20:26:50.745532 [RTY] wr=0 wmax=0 wref=0  rd=0 rmax=0 rref=0
2026-09-03T20:26:50.753790 [RNG] frames=287751 last=45 min=22 max=61 nrdy=351 dxfer=0 dstat=0 lst=0 nrdyerr=0 dclr=0
2026-09-03T20:26:50.759892 [DRV] init=0 id=7 mode=0x1 lib=0x2 seq=0x1 odc=0x8b sts=0xe0 armed=1
2026-09-03T20:26:50.765527 [TRG] pulses=2701 suppressed=34199 cyc=1600 rst=1 rstmode=0x40
2026-09-03T20:26:50.769020 [HLT] polls=5762 faults=0x0 cfglost=0
2026-09-03T20:26:50.774890 [EFF] n=5 last=58588 min=58472 max=58588 late=0 stuck=0 rderr=0
2026-09-03T20:26:50.778784 [DWT] ok=1 cyc=707988875 cyc_per_ms=800064
2026-09-03T20:26:51.792587 [HB] up_ms=6079458 frames=288151 inf=288151 hazard=36931 canary_err=0 q=0 qovr=0
2026-09-03T20:26:51.803816 [I2C] init=0 gate=0 whoami=0x201e0 wr=0 wrseen=0x27 addr=0x5a ok=1166075 err=0 tmo=0 recov=0 pclk1=200000000 sysclk=400000000
2026-09-03T20:26:51.805056 [NAK] nacks=0
2026-09-03T20:26:51.809822 [CLK] cpu=800000000 sysb=400000000 pclk1=200000000
2026-09-03T20:26:51.814304 [TOF] res=0 step=0 id=0xeacc blk=0xeacc10 ctl=0x0
2026-09-03T20:26:51.820053 [RNG] init=0 step=99 id=0xeacc boot=1 calls=93 xerr=0 dm=1 tb=15
2026-09-03T20:26:51.827060 [RNG] osc=41 imp=881 imprb=881 mstart=0x40 cfg=91 cfgfail=0x0 vhv=0 vpolls=0
2026-09-03T20:26:51.833434 [PRT] calls=1152023 xerr=0 ler=1 lidx=0x0 perr=0 maxcnt=17 addr8=0x52
2026-09-03T20:26:51.837431 [RTY] wr=0 wmax=0 wref=0  rd=0 rmax=0 rref=0
2026-09-03T20:26:51.845586 [RNG] frames=287803 last=44 min=22 max=61 nrdy=351 dxfer=0 dstat=0 lst=0 nrdyerr=0 dclr=0
2026-09-03T20:26:51.851699 [DRV] init=0 id=7 mode=0x1 lib=0x2 seq=0x1 odc=0x8b sts=0xe0 armed=1
2026-09-03T20:26:51.857429 [TRG] pulses=2704 suppressed=34230 cyc=1600 rst=1 rstmode=0x40
2026-09-03T20:26:51.860933 [HLT] polls=5763 faults=0x0 cfglost=0
2026-09-03T20:26:51.866687 [EFF] n=5 last=58588 min=58472 max=58588 late=0 stuck=0 rderr=0
2026-09-03T20:26:51.870547 [DWT] ok=1 cyc=1575992323 cyc_per_ms=800003
2026-09-03T20:26:52.883628 [HB] up_ms=6080543 frames=288203 inf=288203 hazard=36941 canary_err=0 q=0 qovr=0
2026-09-03T20:26:52.894998 [I2C] init=0 gate=0 whoami=0x201e0 wr=0 wrseen=0x27 addr=0x5a ok=1166281 err=0 tmo=0 recov=0 pclk1=200000000 sysclk=400000000
2026-09-03T20:26:52.896345 [NAK] nacks=0
2026-09-03T20:26:52.900842 [CLK] cpu=800000000 sysb=400000000 pclk1=200000000
2026-09-03T20:26:52.905344 [TOF] res=0 step=0 id=0xeacc blk=0xeacc10 ctl=0x0
2026-09-03T20:26:52.911213 [RNG] init=0 step=99 id=0xeacc boot=1 calls=93 xerr=0 dm=1 tb=15
2026-09-03T20:26:52.918222 [RNG] osc=41 imp=881 imprb=881 mstart=0x40 cfg=91 cfgfail=0x0 vhv=0 vpolls=0
2026-09-03T20:26:52.924461 [PRT] calls=1152231 xerr=0 ler=1 lidx=0x0 perr=0 maxcnt=17 addr8=0x52
2026-09-03T20:26:52.928629 [RTY] wr=0 wmax=0 wref=0  rd=0 rmax=0 rref=0
2026-09-03T20:26:52.936720 [RNG] frames=287854 last=43 min=22 max=61 nrdy=351 dxfer=0 dstat=0 lst=0 nrdyerr=0 dclr=0
2026-09-03T20:26:52.942856 [DRV] init=0 id=7 mode=0x1 lib=0x2 seq=0x1 odc=0x8b sts=0xe0 armed=1
2026-09-03T20:26:52.948466 [TRG] pulses=2704 suppressed=34237 cyc=1600 rst=1 rstmode=0x40
2026-09-03T20:26:52.951957 [HLT] polls=5764 faults=0x0 cfglost=0
2026-09-03T20:26:52.957837 [EFF] n=5 last=58588 min=58472 max=58588 late=0 stuck=0 rderr=0
2026-09-03T20:26:52.961880 [DWT] ok=1 cyc=2443988635 cyc_per_ms=799996
2026-09-03T20:26:53.974917 [HB] up_ms=6081628 frames=288254 inf=288254 hazard=36941 canary_err=0 q=0 qovr=0
2026-09-03T20:26:53.986108 [I2C] init=0 gate=0 whoami=0x201e0 wr=0 wrseen=0x27 addr=0x5a ok=1166491 err=0 tmo=0 recov=0 pclk1=200000000 sysclk=400000000
2026-09-03T20:26:53.987350 [NAK] nacks=0
2026-09-03T20:26:53.991979 [CLK] cpu=800000000 sysb=400000000 pclk1=200000000
2026-09-03T20:26:53.996640 [TOF] res=0 step=0 id=0xeacc blk=0xeacc10 ctl=0x0
2026-09-03T20:26:54.002503 [RNG] init=0 step=99 id=0xeacc boot=1 calls=93 xerr=0 dm=1 tb=15
2026-09-03T20:26:54.009393 [RNG] osc=41 imp=881 imprb=881 mstart=0x40 cfg=91 cfgfail=0x0 vhv=0 vpolls=0
2026-09-03T20:26:54.015657 [PRT] calls=1152435 xerr=0 ler=1 lidx=0x0 perr=0 maxcnt=17 addr8=0x52
2026-09-03T20:26:54.019756 [RTY] wr=0 wmax=0 wref=0  rd=0 rmax=0 rref=0
2026-09-03T20:26:54.027726 [RNG] frames=287906 last=42 min=22 max=61 nrdy=351 dxfer=0 dstat=0 lst=0 nrdyerr=0 dclr=0
2026-09-03T20:26:54.034007 [DRV] init=0 id=7 mode=0x1 lib=0x2 seq=0x1 odc=0x8b sts=0xe0 armed=1
2026-09-03T20:26:54.039751 [TRG] pulses=2704 suppressed=34237 cyc=1600 rst=1 rstmode=0x40
2026-09-03T20:26:54.043248 [HLT] polls=5765 faults=0x0 cfglost=0
2026-09-03T20:26:54.049014 [EFF] n=5 last=58588 min=58472 max=58588 late=0 stuck=0 rderr=0
2026-09-03T20:26:54.052872 [DWT] ok=1 cyc=3311988991 cyc_per_ms=800000
2026-09-03T20:26:55.066165 [HB] up_ms=6082713 frames=288306 inf=288306 hazard=36941 canary_err=0 q=0 qovr=0
2026-09-03T20:26:55.077545 [I2C] init=0 gate=0 whoami=0x201e0 wr=0 wrseen=0x27 addr=0x5a ok=1166697 err=0 tmo=0 recov=0 pclk1=200000000 sysclk=400000000
2026-09-03T20:26:55.078787 [NAK] nacks=0
2026-09-03T20:26:55.083436 [CLK] cpu=800000000 sysb=400000000 pclk1=200000000
2026-09-03T20:26:55.087915 [TOF] res=0 step=0 id=0xeacc blk=0xeacc10 ctl=0x0
2026-09-03T20:26:55.093795 [RNG] init=0 step=99 id=0xeacc boot=1 calls=93 xerr=0 dm=1 tb=15
2026-09-03T20:26:55.100819 [RNG] osc=41 imp=881 imprb=881 mstart=0x40 cfg=91 cfgfail=0x0 vhv=0 vpolls=0
2026-09-03T20:26:55.107050 [PRT] calls=1152643 xerr=0 ler=1 lidx=0x0 perr=0 maxcnt=17 addr8=0x52
2026-09-03T20:26:55.111148 [RTY] wr=0 wmax=0 wref=0  rd=0 rmax=0 rref=0
2026-09-03T20:26:55.119156 [RNG] frames=287957 last=51 min=22 max=61 nrdy=351 dxfer=0 dstat=0 lst=0 nrdyerr=0 dclr=0
2026-09-03T20:26:55.125409 [DRV] init=0 id=7 mode=0x1 lib=0x2 seq=0x1 odc=0x8b sts=0xe0 armed=1
2026-09-03T20:26:55.131170 [TRG] pulses=2704 suppressed=34237 cyc=1600 rst=1 rstmode=0x40
2026-09-03T20:26:55.134529 [HLT] polls=5766 faults=0x0 cfglost=0
2026-09-03T20:26:55.140291 [EFF] n=5 last=58588 min=58472 max=58588 late=0 stuck=0 rderr=0
2026-09-03T20:26:55.144410 [DWT] ok=1 cyc=4179886835 cyc_per_ms=799905
2026-09-03T20:26:56.158208 [HB] up_ms=6083798 frames=288357 inf=288357 hazard=36941 canary_err=0 q=0 qovr=0
2026-09-03T20:26:56.169459 [I2C] init=0 gate=0 whoami=0x201e0 wr=0 wrseen=0x27 addr=0x5a ok=1166903 err=0 tmo=0 recov=0 pclk1=200000000 sysclk=400000000
2026-09-03T20:26:56.170843 [NAK] nacks=0
2026-09-03T20:26:56.175310 [CLK] cpu=800000000 sysb=400000000 pclk1=200000000
2026-09-03T20:26:56.179811 [TOF] res=0 step=0 id=0xeacc blk=0xeacc10 ctl=0x0
2026-09-03T20:26:56.185852 [RNG] init=0 step=99 id=0xeacc boot=1 calls=93 xerr=0 dm=1 tb=15
2026-09-03T20:26:56.192700 [RNG] osc=41 imp=881 imprb=881 mstart=0x40 cfg=91 cfgfail=0x0 vhv=0 vpolls=0
2026-09-03T20:26:56.198981 [PRT] calls=1152847 xerr=0 ler=1 lidx=0x0 perr=0 maxcnt=17 addr8=0x52
2026-09-03T20:26:56.203062 [RTY] wr=0 wmax=0 wref=0  rd=0 rmax=0 rref=0
2026-09-03T20:26:56.211182 [RNG] frames=288008 last=44 min=22 max=61 nrdy=351 dxfer=0 dstat=0 lst=0 nrdyerr=0 dclr=0
2026-09-03T20:26:56.217326 [DRV] init=0 id=7 mode=0x1 lib=0x2 seq=0x1 odc=0x8b sts=0xe0 armed=1
2026-09-03T20:26:56.223082 [TRG] pulses=2704 suppressed=34237 cyc=1600 rst=1 rstmode=0x40
2026-09-03T20:26:56.226583 [HLT] polls=5767 faults=0x0 cfglost=0
2026-09-03T20:26:56.232326 [EFF] n=5 last=58588 min=58472 max=58588 late=0 stuck=0 rderr=0
2026-09-03T20:26:56.236184 [DWT] ok=1 cyc=753021571 cyc_per_ms=800094
2026-09-03T20:26:57.249872 [HB] up_ms=6084883 frames=288409 inf=288409 hazard=36941 canary_err=0 q=0 qovr=0
2026-09-03T20:26:57.261104 [I2C] init=0 gate=0 whoami=0x201e0 wr=0 wrseen=0x27 addr=0x5a ok=1167113 err=0 tmo=0 recov=0 pclk1=200000000 sysclk=400000000
2026-09-03T20:26:57.262518 [NAK] nacks=0
2026-09-03T20:26:57.267135 [CLK] cpu=800000000 sysb=400000000 pclk1=200000000
2026-09-03T20:26:57.271606 [TOF] res=0 step=0 id=0xeacc blk=0xeacc10 ctl=0x0
2026-09-03T20:26:57.277491 [RNG] init=0 step=99 id=0xeacc boot=1 calls=93 xerr=0 dm=1 tb=15
2026-09-03T20:26:57.284365 [RNG] osc=41 imp=881 imprb=881 mstart=0x40 cfg=91 cfgfail=0x0 vhv=0 vpolls=0
2026-09-03T20:26:57.290729 [PRT] calls=1153053 xerr=0 ler=1 lidx=0x0 perr=0 maxcnt=17 addr8=0x52
2026-09-03T20:26:57.294849 [RTY] wr=0 wmax=0 wref=0  rd=0 rmax=0 rref=0
2026-09-03T20:26:57.302869 [RNG] frames=288060 last=36 min=22 max=61 nrdy=351 dxfer=0 dstat=0 lst=0 nrdyerr=0 dclr=0
2026-09-03T20:26:57.309114 [DRV] init=0 id=7 mode=0x1 lib=0x2 seq=0x1 odc=0x8b sts=0xe0 armed=1
2026-09-03T20:26:57.314901 [TRG] pulses=2704 suppressed=34237 cyc=1600 rst=1 rstmode=0x40
2026-09-03T20:26:57.318232 [HLT] polls=5768 faults=0x0 cfglost=0
2026-09-03T20:26:57.323988 [EFF] n=5 last=58588 min=58472 max=58588 late=0 stuck=0 rderr=0
2026-09-03T20:26:57.327979 [DWT] ok=1 cyc=1620919479 cyc_per_ms=799905
2026-09-03T20:26:58.342030 [HB] up_ms=6085968 frames=288460 inf=288460 hazard=36961 canary_err=0 q=0 qovr=0
2026-09-03T20:26:58.353405 [I2C] init=0 gate=0 whoami=0x201e0 wr=0 wrseen=0x27 addr=0x5a ok=1167319 err=0 tmo=0 recov=0 pclk1=200000000 sysclk=400000000
2026-09-03T20:26:58.354647 [NAK] nacks=0
2026-09-03T20:26:58.359254 [CLK] cpu=800000000 sysb=400000000 pclk1=200000000
2026-09-03T20:26:58.363777 [TOF] res=0 step=0 id=0xeacc blk=0xeacc10 ctl=0x0
2026-09-03T20:26:58.369788 [RNG] init=0 step=99 id=0xeacc boot=1 calls=93 xerr=0 dm=1 tb=15
2026-09-03T20:26:58.376718 [RNG] osc=41 imp=881 imprb=881 mstart=0x40 cfg=91 cfgfail=0x0 vhv=0 vpolls=0
2026-09-03T20:26:58.382890 [PRT] calls=1153259 xerr=0 ler=1 lidx=0x0 perr=0 maxcnt=17 addr8=0x52
2026-09-03T20:26:58.386883 [RTY] wr=0 wmax=0 wref=0  rd=0 rmax=0 rref=0
2026-09-03T20:26:58.395150 [RNG] frames=288111 last=44 min=22 max=61 nrdy=351 dxfer=0 dstat=0 lst=0 nrdyerr=0 dclr=0
2026-09-03T20:26:58.401278 [DRV] init=0 id=7 mode=0x1 lib=0x2 seq=0x1 odc=0x8b sts=0xe0 armed=1
2026-09-03T20:26:58.406890 [TRG] pulses=2706 suppressed=34258 cyc=1600 rst=1 rstmode=0x40
2026-09-03T20:26:58.410410 [HLT] polls=5769 faults=0x0 cfglost=0
2026-09-03T20:26:58.416273 [EFF] n=5 last=58588 min=58472 max=58588 late=0 stuck=0 rderr=0
2026-09-03T20:26:58.420157 [DWT] ok=1 cyc=2489025215 cyc_per_ms=800097
2026-09-03T20:26:59.433702 [HB] up_ms=6087053 frames=288512 inf=288512 hazard=36982 canary_err=0 q=0 qovr=0
2026-09-03T20:26:59.446141 [I2C] init=0 gate=0 whoami=0x201e0 wr=0 wrseen=0x27 addr=0x5a ok=1167529 err=0 tmo=0 recov=0 pclk1=200000000 sysclk=400000000
2026-09-03T20:26:59.446269 [NAK] nacks=0
2026-09-03T20:26:59.450917 [CLK] cpu=800000000 sysb=400000000 pclk1=200000000
2026-09-03T20:26:59.455419 [TOF] res=0 step=0 id=0xeacc blk=0xeacc10 ctl=0x0
2026-09-03T20:26:59.461262 [RNG] init=0 step=99 id=0xeacc boot=1 calls=93 xerr=0 dm=1 tb=15
2026-09-03T20:26:59.468105 [RNG] osc=41 imp=881 imprb=881 mstart=0x40 cfg=91 cfgfail=0x0 vhv=0 vpolls=0
2026-09-03T20:26:59.474582 [PRT] calls=1153463 xerr=0 ler=1 lidx=0x0 perr=0 maxcnt=17 addr8=0x52
2026-09-03T20:26:59.478584 [RTY] wr=0 wmax=0 wref=0  rd=0 rmax=0 rref=0
2026-09-03T20:26:59.486590 [RNG] frames=288163 last=54 min=22 max=61 nrdy=351 dxfer=0 dstat=0 lst=0 nrdyerr=0 dclr=0
2026-09-03T20:26:59.492824 [DRV] init=0 id=7 mode=0x1 lib=0x2 seq=0x1 odc=0x8b sts=0xe0 armed=1
2026-09-03T20:26:59.498585 [TRG] pulses=2707 suppressed=34275 cyc=1600 rst=1 rstmode=0x40
2026-09-03T20:26:59.501921 [HLT] polls=5770 faults=0x0 cfglost=0
2026-09-03T20:26:59.507681 [EFF] n=5 last=58588 min=58472 max=58588 late=0 stuck=0 rderr=0
2026-09-03T20:26:59.511706 [DWT] ok=1 cyc=3357020783 cyc_per_ms=799995
2026-09-03T20:27:00.524731 [HB] up_ms=6088138 frames=288563 inf=288563 hazard=36982 canary_err=0 q=0 qovr=0
2026-09-03T20:27:00.536143 [I2C] init=0 gate=0 whoami=0x201e0 wr=0 wrseen=0x27 addr=0x5a ok=1167735 err=0 tmo=0 recov=0 pclk1=200000000 sysclk=400000000
2026-09-03T20:27:00.537337 [NAK] nacks=0
2026-09-03T20:27:00.541963 [CLK] cpu=800000000 sysb=400000000 pclk1=200000000
2026-09-03T20:27:00.546506 [TOF] res=0 step=0 id=0xeacc blk=0xeacc10 ctl=0x0
2026-09-03T20:27:00.552341 [RNG] init=0 step=99 id=0xeacc boot=1 calls=93 xerr=0 dm=1 tb=15
2026-09-03T20:27:00.559340 [RNG] osc=41 imp=881 imprb=881 mstart=0x40 cfg=91 cfgfail=0x0 vhv=0 vpolls=0
2026-09-03T20:27:00.565614 [PRT] calls=1153671 xerr=0 ler=1 lidx=0x0 perr=0 maxcnt=17 addr8=0x52
2026-09-03T20:27:00.569616 [RTY] wr=0 wmax=0 wref=0  rd=0 rmax=0 rref=0
2026-09-03T20:27:00.577868 [RNG] frames=288214 last=45 min=22 max=61 nrdy=351 dxfer=0 dstat=0 lst=0 nrdyerr=0 dclr=0
2026-09-03T20:27:00.583977 [DRV] init=0 id=7 mode=0x1 lib=0x2 seq=0x1 odc=0x8b sts=0xe0 armed=1
2026-09-03T20:27:00.589610 [TRG] pulses=2707 suppressed=34275 cyc=1600 rst=1 rstmode=0x40
2026-09-03T20:27:00.593085 [HLT] polls=5771 faults=0x0 cfglost=0
2026-09-03T20:27:00.598963 [EFF] n=5 last=58588 min=58472 max=58588 late=0 stuck=0 rderr=0
2026-09-03T20:27:00.602858 [DWT] ok=1 cyc=4225021567 cyc_per_ms=800000
2026-09-03T20:27:01.615902 [HB] up_ms=6089223 frames=288614 inf=288614 hazard=36982 canary_err=0 q=0 qovr=0
2026-09-03T20:27:01.627178 [I2C] init=0 gate=0 whoami=0x201e0 wr=0 wrseen=0x27 addr=0x5a ok=1167945 err=0 tmo=0 recov=0 pclk1=200000000 sysclk=400000000
2026-09-03T20:27:01.628440 [NAK] nacks=0
2026-09-03T20:27:01.633018 [CLK] cpu=800000000 sysb=400000000 pclk1=200000000
2026-09-03T20:27:01.637678 [TOF] res=0 step=0 id=0xeacc blk=0xeacc10 ctl=0x0
2026-09-03T20:27:01.643385 [RNG] init=0 step=99 id=0xeacc boot=1 calls=93 xerr=0 dm=1 tb=15
2026-09-03T20:27:01.650262 [RNG] osc=41 imp=881 imprb=881 mstart=0x40 cfg=91 cfgfail=0x0 vhv=0 vpolls=0
2026-09-03T20:27:01.656694 [PRT] calls=1153875 xerr=0 ler=1 lidx=0x0 perr=0 maxcnt=17 addr8=0x52
2026-09-03T20:27:01.660785 [RTY] wr=0 wmax=0 wref=0  rd=0 rmax=0 rref=0
2026-09-03T20:27:01.668753 [RNG] frames=288266 last=38 min=22 max=61 nrdy=351 dxfer=0 dstat=0 lst=0 nrdyerr=0 dclr=0
2026-09-03T20:27:01.674873 [DRV] init=0 id=7 mode=0x1 lib=0x2 seq=0x1 odc=0x8b sts=0xe0 armed=1
2026-09-03T20:27:01.680784 [TRG] pulses=2707 suppressed=34275 cyc=1600 rst=1 rstmode=0x40
2026-09-03T20:27:01.684165 [HLT] polls=5772 faults=0x0 cfglost=0
2026-09-03T20:27:01.689882 [EFF] n=5 last=58588 min=58472 max=58588 late=0 stuck=0 rderr=0
2026-09-03T20:27:01.693774 [DWT] ok=1 cyc=798054027 cyc_per_ms=799999
2026-09-03T20:27:02.707075 [HB] up_ms=6090308 frames=288666 inf=288666 hazard=36982 canary_err=0 q=0 qovr=0
2026-09-03T20:27:02.718447 [I2C] init=0 gate=0 whoami=0x201e0 wr=0 wrseen=0x27 addr=0x5a ok=1168151 err=0 tmo=0 recov=0 pclk1=200000000 sysclk=400000000
2026-09-03T20:27:02.719799 [NAK] nacks=0
2026-09-03T20:27:02.724314 [CLK] cpu=800000000 sysb=400000000 pclk1=200000000
2026-09-03T20:27:02.728841 [TOF] res=0 step=0 id=0xeacc blk=0xeacc10 ctl=0x0
2026-09-03T20:27:02.734663 [RNG] init=0 step=99 id=0xeacc boot=1 calls=93 xerr=0 dm=1 tb=15
2026-09-03T20:27:02.741667 [RNG] osc=41 imp=881 imprb=881 mstart=0x40 cfg=91 cfgfail=0x0 vhv=0 vpolls=0
2026-09-03T20:27:02.747919 [PRT] calls=1154083 xerr=0 ler=1 lidx=0x0 perr=0 maxcnt=17 addr8=0x52
2026-09-03T20:27:02.752039 [RTY] wr=0 wmax=0 wref=0  rd=0 rmax=0 rref=0
2026-09-03T20:27:02.760166 [RNG] frames=288317 last=47 min=22 max=61 nrdy=351 dxfer=0 dstat=0 lst=0 nrdyerr=0 dclr=0
2026-09-03T20:27:02.766299 [DRV] init=0 id=7 mode=0x1 lib=0x2 seq=0x1 odc=0x8b sts=0xe0 armed=1
2026-09-03T20:27:02.772044 [TRG] pulses=2707 suppressed=34275 cyc=1600 rst=1 rstmode=0x40
2026-09-03T20:27:02.775422 [HLT] polls=5773 faults=0x0 cfglost=0
2026-09-03T20:27:02.781177 [EFF] n=5 last=58588 min=58472 max=58588 late=0 stuck=0 rderr=0
2026-09-03T20:27:02.785300 [DWT] ok=1 cyc=1665952087 cyc_per_ms=799906
2026-09-03T20:27:03.798997 [HB] up_ms=6091393 frames=288717 inf=288717 hazard=36982 canary_err=0 q=0 qovr=0
2026-09-03T20:27:03.810232 [I2C] init=0 gate=0 whoami=0x201e0 wr=0 wrseen=0x27 addr=0x5a ok=1168360 err=0 tmo=0 recov=0 pclk1=200000000 sysclk=400000000
2026-09-03T20:27:03.811692 [NAK] nacks=0
2026-09-03T20:27:03.816096 [CLK] cpu=800000000 sysb=400000000 pclk1=200000000
2026-09-03T20:27:03.820725 [TOF] res=0 step=0 id=0xeacc blk=0xeacc10 ctl=0x0
2026-09-03T20:27:03.826944 [RNG] init=0 step=99 id=0xeacc boot=1 calls=93 xerr=0 dm=1 tb=15
2026-09-03T20:27:03.833463 [RNG] osc=41 imp=881 imprb=881 mstart=0x40 cfg=91 cfgfail=0x0 vhv=0 vpolls=0
2026-09-03T20:27:03.839706 [PRT] calls=1154287 xerr=0 ler=1 lidx=0x0 perr=0 maxcnt=17 addr8=0x52
2026-09-03T20:27:03.844037 [RTY] wr=0 wmax=0 wref=0  rd=0 rmax=0 rref=0
2026-09-03T20:27:03.851950 [RNG] frames=288369 last=47 min=22 max=61 nrdy=351 dxfer=0 dstat=0 lst=0 nrdyerr=0 dclr=0
2026-09-03T20:27:03.858075 [DRV] init=0 id=7 mode=0x1 lib=0x2 seq=0x1 odc=0x8b sts=0xe0 armed=1
2026-09-03T20:27:03.863714 [TRG] pulses=2707 suppressed=34275 cyc=1600 rst=1 rstmode=0x40
2026-09-03T20:27:03.867322 [HLT] polls=5774 faults=0x0 cfglost=0
2026-09-03T20:27:03.873097 [EFF] n=5 last=58588 min=58472 max=58588 late=0 stuck=0 rderr=0
2026-09-03T20:27:03.877079 [DWT] ok=1 cyc=2534054051 cyc_per_ms=800093
2026-09-03T20:27:04.891008 [HB] up_ms=6092478 frames=288769 inf=288769 hazard=36991 canary_err=0 q=0 qovr=0
2026-09-03T20:27:04.902264 [I2C] init=0 gate=0 whoami=0x201e0 wr=0 wrseen=0x27 addr=0x5a ok=1168567 err=0 tmo=0 recov=0 pclk1=200000000 sysclk=400000000
2026-09-03T20:27:04.903667 [NAK] nacks=0
2026-09-03T20:27:04.908257 [CLK] cpu=800000000 sysb=400000000 pclk1=200000000
2026-09-03T20:27:04.913485 [TOF] res=0 step=0 id=0xeacc blk=0xeacc10 ctl=0x0
2026-09-03T20:27:04.918505 [RNG] init=0 step=99 id=0xeacc boot=1 calls=93 xerr=0 dm=1 tb=15
2026-09-03T20:27:04.925514 [RNG] osc=41 imp=881 imprb=881 mstart=0x40 cfg=91 cfgfail=0x0 vhv=0 vpolls=0
2026-09-03T20:27:04.931846 [PRT] calls=1154495 xerr=0 ler=1 lidx=0x0 perr=0 maxcnt=17 addr8=0x52
2026-09-03T20:27:04.935887 [RTY] wr=0 wmax=0 wref=0  rd=0 rmax=0 rref=0
2026-09-03T20:27:04.943881 [RNG] frames=288420 last=40 min=22 max=61 nrdy=351 dxfer=0 dstat=0 lst=0 nrdyerr=0 dclr=0
2026-09-03T20:27:04.950234 [DRV] init=0 id=7 mode=0x1 lib=0x2 seq=0x1 odc=0x8b sts=0xe0 armed=1
2026-09-03T20:27:04.955853 [TRG] pulses=2708 suppressed=34286 cyc=1600 rst=1 rstmode=0x40
2026-09-03T20:27:04.959247 [HLT] polls=5775 faults=0x0 cfglost=0
2026-09-03T20:27:04.964993 [EFF] n=5 last=58588 min=58472 max=58588 late=0 stuck=0 rderr=0
2026-09-03T20:27:04.969118 [DWT] ok=1 cyc=3401954975 cyc_per_ms=799908
2026-09-03T20:27:05.983055 [HB] up_ms=6093563 frames=288820 inf=288820 hazard=37023 canary_err=0 q=0 qovr=0
2026-09-03T20:27:05.994322 [I2C] init=0 gate=0 whoami=0x201e0 wr=0 wrseen=0x27 addr=0x5a ok=1168773 err=0 tmo=0 recov=0 pclk1=200000000 sysclk=400000000
2026-09-03T20:27:05.995662 [NAK] nacks=0
2026-09-03T20:27:06.000292 [CLK] cpu=800000000 sysb=400000000 pclk1=200000000
2026-09-03T20:27:06.004787 [TOF] res=0 step=0 id=0xeacc blk=0xeacc10 ctl=0x0
2026-09-03T20:27:06.010665 [RNG] init=0 step=99 id=0xeacc boot=1 calls=93 xerr=0 dm=1 tb=15
2026-09-03T20:27:06.017536 [RNG] osc=41 imp=881 imprb=881 mstart=0x40 cfg=91 cfgfail=0x0 vhv=0 vpolls=0
2026-09-03T20:27:06.023913 [PRT] calls=1154699 xerr=0 ler=1 lidx=0x0 perr=0 maxcnt=17 addr8=0x52
2026-09-03T20:27:06.027931 [RTY] wr=0 wmax=0 wref=0  rd=0 rmax=0 rref=0
2026-09-03T20:27:06.036042 [RNG] frames=288471 last=39 min=22 max=61 nrdy=351 dxfer=0 dstat=0 lst=0 nrdyerr=0 dclr=0
2026-09-03T20:27:06.042285 [DRV] init=0 id=7 mode=0x1 lib=0x2 seq=0x1 odc=0x8b sts=0xe0 armed=1
2026-09-03T20:27:06.047918 [TRG] pulses=2710 suppressed=34313 cyc=1600 rst=1 rstmode=0x40
2026-09-03T20:27:06.051415 [HLT] polls=5776 faults=0x0 cfglost=0
2026-09-03T20:27:06.057281 [EFF] n=5 last=58588 min=58472 max=58588 late=0 stuck=0 rderr=0
2026-09-03T20:27:06.061168 [DWT] ok=1 cyc=4270054175 cyc_per_ms=800091
2026-09-03T20:27:07.075335 [HB] up_ms=6094648 frames=288872 inf=288872 hazard=37023 canary_err=0 q=0 qovr=0
2026-09-03T20:27:07.086614 [I2C] init=0 gate=0 whoami=0x201e0 wr=0 wrseen=0x27 addr=0x5a ok=1168983 err=0 tmo=0 recov=0 pclk1=200000000 sysclk=400000000
2026-09-03T20:27:07.087953 [NAK] nacks=0
2026-09-03T20:27:07.092711 [CLK] cpu=800000000 sysb=400000000 pclk1=200000000
2026-09-03T20:27:07.097199 [TOF] res=0 step=0 id=0xeacc blk=0xeacc10 ctl=0x0
2026-09-03T20:27:07.102958 [RNG] init=0 step=99 id=0xeacc boot=1 calls=93 xerr=0 dm=1 tb=15
2026-09-03T20:27:07.109812 [RNG] osc=41 imp=881 imprb=881 mstart=0x40 cfg=91 cfgfail=0x0 vhv=0 vpolls=0
2026-09-03T20:27:07.116337 [PRT] calls=1154903 xerr=0 ler=1 lidx=0x0 perr=0 maxcnt=17 addr8=0x52
2026-09-03T20:27:07.120324 [RTY] wr=0 wmax=0 wref=0  rd=0 rmax=0 rref=0
2026-09-03T20:27:07.128336 [RNG] frames=288523 last=48 min=22 max=61 nrdy=351 dxfer=0 dstat=0 lst=0 nrdyerr=0 dclr=0
2026-09-03T20:27:07.134599 [DRV] init=0 id=7 mode=0x1 lib=0x2 seq=0x1 odc=0x8b sts=0xe0 armed=1
2026-09-03T20:27:07.140319 [TRG] pulses=2710 suppressed=34313 cyc=1600 rst=1 rstmode=0x40
2026-09-03T20:27:07.143837 [HLT] polls=5777 faults=0x0 cfglost=0
2026-09-03T20:27:07.149595 [EFF] n=5 last=58588 min=58472 max=58588 late=0 stuck=0 rderr=0
2026-09-03T20:27:07.153474 [DWT] ok=1 cyc=843086159 cyc_per_ms=799999
2026-09-03T20:27:08.167507 [HB] up_ms=6095733 frames=288923 inf=288923 hazard=37023 canary_err=0 q=0 qovr=0
2026-09-03T20:27:08.178783 [I2C] init=0 gate=0 whoami=0x201e0 wr=0 wrseen=0x27 addr=0x5a ok=1169189 err=0 tmo=0 recov=0 pclk1=200000000 sysclk=400000000
2026-09-03T20:27:08.180161 [NAK] nacks=0
2026-09-03T20:27:08.184765 [CLK] cpu=800000000 sysb=400000000 pclk1=200000000
2026-09-03T20:27:08.189238 [TOF] res=0 step=0 id=0xeacc blk=0xeacc10 ctl=0x0
2026-09-03T20:27:08.195117 [RNG] init=0 step=99 id=0xeacc boot=1 calls=93 xerr=0 dm=1 tb=15
2026-09-03T20:27:08.202010 [RNG] osc=41 imp=881 imprb=881 mstart=0x40 cfg=91 cfgfail=0x0 vhv=0 vpolls=0
2026-09-03T20:27:08.208244 [PRT] calls=1155111 xerr=0 ler=1 lidx=0x0 perr=0 maxcnt=17 addr8=0x52
2026-09-03T20:27:08.212366 [RTY] wr=0 wmax=0 wref=0  rd=0 rmax=0 rref=0
2026-09-03T20:27:08.220507 [RNG] frames=288574 last=41 min=22 max=61 nrdy=351 dxfer=0 dstat=0 lst=0 nrdyerr=0 dclr=0
2026-09-03T20:27:08.226781 [DRV] init=0 id=7 mode=0x1 lib=0x2 seq=0x1 odc=0x8b sts=0xe0 armed=1
2026-09-03T20:27:08.232376 [TRG] pulses=2710 suppressed=34313 cyc=1600 rst=1 rstmode=0x40
2026-09-03T20:27:08.235748 [HLT] polls=5778 faults=0x0 cfglost=0
2026-09-03T20:27:08.241643 [EFF] n=5 last=58588 min=58472 max=58588 late=0 stuck=0 rderr=0
2026-09-03T20:27:08.245670 [DWT] ok=1 cyc=1711086951 cyc_per_ms=800000
2026-09-03T20:27:09.259662 [HB] up_ms=6096818 frames=288974 inf=288974 hazard=37023 canary_err=0 q=0 qovr=0
2026-09-03T20:27:09.270928 [I2C] init=0 gate=0 whoami=0x201e0 wr=0 wrseen=0x27 addr=0x5a ok=1169399 err=0 tmo=0 recov=0 pclk1=200000000 sysclk=400000000
2026-09-03T20:27:09.272173 [NAK] nacks=0
2026-09-03T20:27:09.276804 [CLK] cpu=800000000 sysb=400000000 pclk1=200000000
2026-09-03T20:27:09.281404 [TOF] res=0 step=0 id=0xeacc blk=0xeacc10 ctl=0x0
2026-09-03T20:27:09.287160 [RNG] init=0 step=99 id=0xeacc boot=1 calls=93 xerr=0 dm=1 tb=15
2026-09-03T20:27:09.294159 [RNG] osc=41 imp=881 imprb=881 mstart=0x40 cfg=91 cfgfail=0x0 vhv=0 vpolls=0
2026-09-03T20:27:09.300411 [PRT] calls=1155315 xerr=0 ler=1 lidx=0x0 perr=0 maxcnt=17 addr8=0x52
2026-09-03T20:27:09.304530 [RTY] wr=0 wmax=0 wref=0  rd=0 rmax=0 rref=0
2026-09-03T20:27:09.312535 [RNG] frames=288626 last=39 min=22 max=61 nrdy=351 dxfer=0 dstat=0 lst=0 nrdyerr=0 dclr=0
2026-09-03T20:27:09.318832 [DRV] init=0 id=7 mode=0x1 lib=0x2 seq=0x1 odc=0x8b sts=0xe0 armed=1
2026-09-03T20:27:09.324528 [TRG] pulses=2710 suppressed=34313 cyc=1600 rst=1 rstmode=0x40
2026-09-03T20:27:09.328024 [HLT] polls=5779 faults=0x0 cfglost=0
2026-09-03T20:27:09.333668 [EFF] n=5 last=58588 min=58472 max=58588 late=0 stuck=0 rderr=0
2026-09-03T20:27:09.337647 [DWT] ok=1 cyc=2579086807 cyc_per_ms=799999
2026-09-03T20:27:10.351336 [HB] up_ms=6097903 frames=289026 inf=289026 hazard=37023 canary_err=0 q=0 qovr=0
2026-09-03T20:27:10.362701 [I2C] init=0 gate=0 whoami=0x201e0 wr=0 wrseen=0x27 addr=0x5a ok=1169605 err=0 tmo=0 recov=0 pclk1=200000000 sysclk=400000000
2026-09-03T20:27:10.363948 [NAK] nacks=0
2026-09-03T20:27:10.368616 [CLK] cpu=800000000 sysb=400000000 pclk1=200000000
2026-09-03T20:27:10.373091 [TOF] res=0 step=0 id=0xeacc blk=0xeacc10 ctl=0x0
2026-09-03T20:27:10.378994 [RNG] init=0 step=99 id=0xeacc boot=1 calls=93 xerr=0 dm=1 tb=15
2026-09-03T20:27:10.385950 [RNG] osc=41 imp=881 imprb=881 mstart=0x40 cfg=91 cfgfail=0x0 vhv=0 vpolls=0
2026-09-03T20:27:10.392201 [PRT] calls=1155523 xerr=0 ler=1 lidx=0x0 perr=0 maxcnt=17 addr8=0x52
2026-09-03T20:27:10.396323 [RTY] wr=0 wmax=0 wref=0  rd=0 rmax=0 rref=0
2026-09-03T20:27:10.404448 [RNG] frames=288677 last=46 min=22 max=61 nrdy=351 dxfer=0 dstat=0 lst=0 nrdyerr=0 dclr=0
2026-09-03T20:27:10.410599 [DRV] init=0 id=7 mode=0x1 lib=0x2 seq=0x1 odc=0x8b sts=0xe0 armed=1
2026-09-03T20:27:10.416198 [TRG] pulses=2710 suppressed=34313 cyc=1600 rst=1 rstmode=0x40
2026-09-03T20:27:10.419689 [HLT] polls=5780 faults=0x0 cfglost=0
2026-09-03T20:27:10.425438 [EFF] n=5 last=58588 min=58472 max=58588 late=0 stuck=0 rderr=0
2026-09-03T20:27:10.429587 [DWT] ok=1 cyc=3446984827 cyc_per_ms=799906
2026-09-03T20:27:11.442996 [HB] up_ms=6098988 frames=289077 inf=289077 hazard=37023 canary_err=0 q=0 qovr=0
2026-09-03T20:27:11.454247 [I2C] init=0 gate=0 whoami=0x201e0 wr=0 wrseen=0x27 addr=0x5a ok=1169814 err=0 tmo=0 recov=0 pclk1=200000000 sysclk=400000000
2026-09-03T20:27:11.455633 [NAK] nacks=0
2026-09-03T20:27:11.460145 [CLK] cpu=800000000 sysb=400000000 pclk1=200000000
2026-09-03T20:27:11.464745 [TOF] res=0 step=0 id=0xeacc blk=0xeacc10 ctl=0x0
2026-09-03T20:27:11.470657 [RNG] init=0 step=99 id=0xeacc boot=1 calls=93 xerr=0 dm=1 tb=15
2026-09-03T20:27:11.477482 [RNG] osc=41 imp=881 imprb=881 mstart=0x40 cfg=91 cfgfail=0x0 vhv=0 vpolls=0
2026-09-03T20:27:11.483747 [PRT] calls=1155727 xerr=0 ler=1 lidx=0x0 perr=0 maxcnt=17 addr8=0x52
2026-09-03T20:27:11.487983 [RTY] wr=0 wmax=0 wref=0  rd=0 rmax=0 rref=0
2026-09-03T20:27:11.496000 [RNG] frames=288729 last=44 min=22 max=61 nrdy=351 dxfer=0 dstat=0 lst=0 nrdyerr=0 dclr=0
2026-09-03T20:27:11.502115 [DRV] init=0 id=7 mode=0x1 lib=0x2 seq=0x1 odc=0x8b sts=0xe0 armed=1
2026-09-03T20:27:11.507868 [TRG] pulses=2710 suppressed=34313 cyc=1600 rst=1 rstmode=0x40
2026-09-03T20:27:11.511351 [HLT] polls=5781 faults=0x0 cfglost=0
2026-09-03T20:27:11.517114 [EFF] n=5 last=58588 min=58472 max=58588 late=0 stuck=0 rderr=0
2026-09-03T20:27:11.520866 [DWT] ok=1 cyc=20122975 cyc_per_ms=800097
2026-09-03T20:27:12.534155 [HB] up_ms=6100073 frames=289129 inf=289129 hazard=37064 canary_err=0 q=0 qovr=0
2026-09-03T20:27:12.545421 [I2C] init=0 gate=0 whoami=0x201e0 wr=0 wrseen=0x27 addr=0x5a ok=1170021 err=0 tmo=0 recov=0 pclk1=200000000 sysclk=400000000
2026-09-03T20:27:12.546784 [NAK] nacks=0
2026-09-03T20:27:12.551392 [CLK] cpu=800000000 sysb=400000000 pclk1=200000000
2026-09-03T20:27:12.555902 [TOF] res=0 step=0 id=0xeacc blk=0xeacc10 ctl=0x0
2026-09-03T20:27:12.561654 [RNG] init=0 step=99 id=0xeacc boot=1 calls=93 xerr=0 dm=1 tb=15
2026-09-03T20:27:12.568663 [RNG] osc=41 imp=881 imprb=881 mstart=0x40 cfg=91 cfgfail=0x0 vhv=0 vpolls=0
2026-09-03T20:27:12.575021 [PRT] calls=1155935 xerr=0 ler=1 lidx=0x0 perr=0 maxcnt=17 addr8=0x52
2026-09-03T20:27:12.579056 [RTY] wr=0 wmax=0 wref=0  rd=0 rmax=0 rref=0
2026-09-03T20:27:12.587017 [RNG] frames=288780 last=41 min=22 max=61 nrdy=351 dxfer=0 dstat=0 lst=0 nrdyerr=0 dclr=0
2026-09-03T20:27:12.593409 [DRV] init=0 id=7 mode=0x1 lib=0x2 seq=0x1 odc=0x8b sts=0xe0 armed=1
2026-09-03T20:27:12.599025 [TRG] pulses=2713 suppressed=34351 cyc=1600 rst=1 rstmode=0x40
2026-09-03T20:27:12.602392 [HLT] polls=5782 faults=0x0 cfglost=0
2026-09-03T20:27:12.608143 [EFF] n=5 last=58588 min=58472 max=58588 late=0 stuck=0 rderr=0
2026-09-03T20:27:12.612197 [DWT] ok=1 cyc=888017631 cyc_per_ms=799902
2026-09-03T20:27:13.625073 [HB] up_ms=6101158 frames=289180 inf=289180 hazard=37064 canary_err=0 q=0 qovr=0
2026-09-03T20:27:13.636449 [I2C] init=0 gate=0 whoami=0x201e0 wr=0 wrseen=0x27 addr=0x5a ok=1170227 err=0 tmo=0 recov=0 pclk1=200000000 sysclk=400000000
2026-09-03T20:27:13.637690 [NAK] nacks=0
2026-09-03T20:27:13.642319 [CLK] cpu=800000000 sysb=400000000 pclk1=200000000
2026-09-03T20:27:13.646826 [TOF] res=0 step=0 id=0xeacc blk=0xeacc10 ctl=0x0
2026-09-03T20:27:13.652870 [RNG] init=0 step=99 id=0xeacc boot=1 calls=93 xerr=0 dm=1 tb=15
2026-09-03T20:27:13.659700 [RNG] osc=41 imp=881 imprb=881 mstart=0x40 cfg=91 cfgfail=0x0 vhv=0 vpolls=0
2026-09-03T20:27:13.665953 [PRT] calls=1156139 xerr=0 ler=1 lidx=0x0 perr=0 maxcnt=17 addr8=0x52
2026-09-03T20:27:13.669936 [RTY] wr=0 wmax=0 wref=0  rd=0 rmax=0 rref=0
2026-09-03T20:27:13.678204 [RNG] frames=288831 last=44 min=22 max=61 nrdy=351 dxfer=0 dstat=0 lst=0 nrdyerr=0 dclr=0
2026-09-03T20:27:13.684324 [DRV] init=0 id=7 mode=0x1 lib=0x2 seq=0x1 odc=0x8b sts=0xe0 armed=1
2026-09-03T20:27:13.689945 [TRG] pulses=2713 suppressed=34351 cyc=1600 rst=1 rstmode=0x40
2026-09-03T20:27:13.693474 [HLT] polls=5783 faults=0x0 cfglost=0
2026-09-03T20:27:13.699371 [EFF] n=5 last=58588 min=58472 max=58588 late=0 stuck=0 rderr=0
2026-09-03T20:27:13.703198 [DWT] ok=1 cyc=1756119591 cyc_per_ms=800093
2026-09-03T20:27:14.716497 [HB] up_ms=6102243 frames=289232 inf=289232 hazard=37064 canary_err=0 q=0 qovr=0
2026-09-03T20:27:14.727763 [I2C] init=0 gate=0 whoami=0x201e0 wr=0 wrseen=0x27 addr=0x5a ok=1170437 err=0 tmo=0 recov=0 pclk1=200000000 sysclk=400000000
2026-09-03T20:27:14.729122 [NAK] nacks=0
2026-09-03T20:27:14.733762 [CLK] cpu=800000000 sysb=400000000 pclk1=200000000
2026-09-03T20:27:14.738261 [TOF] res=0 step=0 id=0xeacc blk=0xeacc10 ctl=0x0
2026-09-03T20:27:14.744128 [RNG] init=0 step=99 id=0xeacc boot=1 calls=93 xerr=0 dm=1 tb=15
2026-09-03T20:27:14.750987 [RNG] osc=41 imp=881 imprb=881 mstart=0x40 cfg=91 cfgfail=0x0 vhv=0 vpolls=0
2026-09-03T20:27:14.757361 [PRT] calls=1156343 xerr=0 ler=1 lidx=0x0 perr=0 maxcnt=17 addr8=0x52
2026-09-03T20:27:14.761360 [RTY] wr=0 wmax=0 wref=0  rd=0 rmax=0 rref=0
2026-09-03T20:27:14.769486 [RNG] frames=288883 last=37 min=22 max=61 nrdy=351 dxfer=0 dstat=0 lst=0 nrdyerr=0 dclr=0
2026-09-03T20:27:14.775667 [DRV] init=0 id=7 mode=0x1 lib=0x2 seq=0x1 odc=0x8b sts=0xe0 armed=1
2026-09-03T20:27:14.781357 [TRG] pulses=2713 suppressed=34351 cyc=1600 rst=1 rstmode=0x40
2026-09-03T20:27:14.784852 [HLT] polls=5784 faults=0x0 cfglost=0
2026-09-03T20:27:14.790497 [EFF] n=5 last=58588 min=58472 max=58588 late=0 stuck=0 rderr=0
2026-09-03T20:27:14.794488 [DWT] ok=1 cyc=2624118855 cyc_per_ms=799999
2026-09-03T20:27:15.807300 [HB] up_ms=6103328 frames=289283 inf=289283 hazard=37064 canary_err=0 q=0 qovr=0
2026-09-03T20:27:15.818660 [I2C] init=0 gate=0 whoami=0x201e0 wr=0 wrseen=0x27 addr=0x5a ok=1170643 err=0 tmo=0 recov=0 pclk1=200000000 sysclk=400000000
2026-09-03T20:27:15.819905 [NAK] nacks=0
2026-09-03T20:27:15.824522 [CLK] cpu=800000000 sysb=400000000 pclk1=200000000
2026-09-03T20:27:15.829054 [TOF] res=0 step=0 id=0xeacc blk=0xeacc10 ctl=0x0
2026-09-03T20:27:15.834902 [RNG] init=0 step=99 id=0xeacc boot=1 calls=93 xerr=0 dm=1 tb=15
2026-09-03T20:27:15.841772 [RNG] osc=41 imp=881 imprb=881 mstart=0x40 cfg=91 cfgfail=0x0 vhv=0 vpolls=0
2026-09-03T20:27:15.848075 [PRT] calls=1156551 xerr=0 ler=1 lidx=0x0 perr=0 maxcnt=17 addr8=0x52
2026-09-03T20:27:15.852151 [RTY] wr=0 wmax=0 wref=0  rd=0 rmax=0 rref=0
2026-09-03T20:27:15.860276 [RNG] frames=288934 last=41 min=22 max=61 nrdy=351 dxfer=0 dstat=0 lst=0 nrdyerr=0 dclr=0
2026-09-03T20:27:15.866524 [DRV] init=0 id=7 mode=0x1 lib=0x2 seq=0x1 odc=0x8b sts=0xe0 armed=1
2026-09-03T20:27:15.872142 [TRG] pulses=2713 suppressed=34351 cyc=1600 rst=1 rstmode=0x40
2026-09-03T20:27:15.875515 [HLT] polls=5785 faults=0x0 cfglost=0
2026-09-03T20:27:15.881403 [EFF] n=5 last=58588 min=58472 max=58588 late=0 stuck=0 rderr=0
2026-09-03T20:27:15.885397 [DWT] ok=1 cyc=3492119647 cyc_per_ms=800000
2026-09-03T20:27:16.898575 [HB] up_ms=6104413 frames=289334 inf=289334 hazard=37064 canary_err=0 q=0 qovr=0
2026-09-03T20:27:16.909813 [I2C] init=0 gate=0 whoami=0x201e0 wr=0 wrseen=0x27 addr=0x5a ok=1170853 err=0 tmo=0 recov=0 pclk1=200000000 sysclk=400000000
2026-09-03T20:27:16.911185 [NAK] nacks=0
2026-09-03T20:27:16.915685 [CLK] cpu=800000000 sysb=400000000 pclk1=200000000
2026-09-03T20:27:16.920536 [TOF] res=0 step=0 id=0xeacc blk=0xeacc10 ctl=0x0
2026-09-03T20:27:16.926194 [RNG] init=0 step=99 id=0xeacc boot=1 calls=93 xerr=0 dm=1 tb=15
2026-09-03T20:27:16.933072 [RNG] osc=41 imp=881 imprb=881 mstart=0x40 cfg=91 cfgfail=0x0 vhv=0 vpolls=0
2026-09-03T20:27:16.939548 [PRT] calls=1156755 xerr=0 ler=1 lidx=0x0 perr=0 maxcnt=17 addr8=0x52
2026-09-03T20:27:16.943862 [RTY] wr=0 wmax=0 wref=0  rd=0 rmax=0 rref=0
2026-09-03T20:27:16.951432 [RNG] frames=288986 last=41 min=22 max=61 nrdy=351 dxfer=0 dstat=0 lst=0 nrdyerr=0 dclr=0
2026-09-03T20:27:16.957681 [DRV] init=0 id=7 mode=0x1 lib=0x2 seq=0x1 odc=0x8b sts=0xe0 armed=1
2026-09-03T20:27:16.963432 [TRG] pulses=2713 suppressed=34351 cyc=1600 rst=1 rstmode=0x40
2026-09-03T20:27:16.966972 [HLT] polls=5786 faults=0x0 cfglost=0
2026-09-03T20:27:16.972634 [EFF] n=5 last=58588 min=58472 max=58588 late=0 stuck=0 rderr=0
2026-09-03T20:27:16.976434 [DWT] ok=1 cyc=65152199 cyc_per_ms=799999
2026-09-03T20:27:17.989373 [HB] up_ms=6105498 frames=289386 inf=289386 hazard=37064 canary_err=0 q=0 qovr=0
2026-09-03T20:27:18.000651 [I2C] init=0 gate=0 whoami=0x201e0 wr=0 wrseen=0x27 addr=0x5a ok=1171059 err=0 tmo=0 recov=0 pclk1=200000000 sysclk=400000000
2026-09-03T20:27:18.001991 [NAK] nacks=0
2026-09-03T20:27:18.006661 [CLK] cpu=800000000 sysb=400000000 pclk1=200000000
2026-09-03T20:27:18.011182 [TOF] res=0 step=0 id=0xeacc blk=0xeacc10 ctl=0x0
2026-09-03T20:27:18.016880 [RNG] init=0 step=99 id=0xeacc boot=1 calls=93 xerr=0 dm=1 tb=15
2026-09-03T20:27:18.023873 [RNG] osc=41 imp=881 imprb=881 mstart=0x40 cfg=91 cfgfail=0x0 vhv=0 vpolls=0
2026-09-03T20:27:18.030129 [PRT] calls=1156963 xerr=0 ler=1 lidx=0x0 perr=0 maxcnt=17 addr8=0x52
2026-09-03T20:27:18.034251 [RTY] wr=0 wmax=0 wref=0  rd=0 rmax=0 rref=0
2026-09-03T20:27:18.042379 [RNG] frames=289037 last=47 min=22 max=61 nrdy=351 dxfer=0 dstat=0 lst=0 nrdyerr=0 dclr=0
2026-09-03T20:27:18.048633 [DRV] init=0 id=7 mode=0x1 lib=0x2 seq=0x1 odc=0x8b sts=0xe0 armed=1
2026-09-03T20:27:18.054239 [TRG] pulses=2713 suppressed=34351 cyc=1600 rst=1 rstmode=0x40
2026-09-03T20:27:18.057624 [HLT] polls=5787 faults=0x0 cfglost=0
2026-09-03T20:27:18.063352 [EFF] n=5 last=58588 min=58472 max=58588 late=0 stuck=0 rderr=0
2026-09-03T20:27:18.067344 [DWT] ok=1 cyc=933050227 cyc_per_ms=799906
2026-09-03T20:27:19.080665 [HB] up_ms=6106583 frames=289437 inf=289437 hazard=37101 canary_err=0 q=0 qovr=0
2026-09-03T20:27:19.091911 [I2C] init=0 gate=0 whoami=0x201e0 wr=0 wrseen=0x27 addr=0x5a ok=1171268 err=0 tmo=0 recov=0 pclk1=200000000 sysclk=400000000
2026-09-03T20:27:19.093274 [NAK] nacks=0
2026-09-03T20:27:19.097784 [CLK] cpu=800000000 sysb=400000000 pclk1=200000000
2026-09-03T20:27:19.102414 [TOF] res=0 step=0 id=0xeacc blk=0xeacc10 ctl=0x0
2026-09-03T20:27:19.108275 [RNG] init=0 step=99 id=0xeacc boot=1 calls=93 xerr=0 dm=1 tb=15
2026-09-03T20:27:19.115179 [RNG] osc=41 imp=881 imprb=881 mstart=0x40 cfg=91 cfgfail=0x0 vhv=0 vpolls=0
2026-09-03T20:27:19.121421 [PRT] calls=1157167 xerr=0 ler=1 lidx=0x0 perr=0 maxcnt=17 addr8=0x52
2026-09-03T20:27:19.125650 [RTY] wr=0 wmax=0 wref=0  rd=0 rmax=0 rref=0
2026-09-03T20:27:19.133716 [RNG] frames=289089 last=37 min=22 max=61 nrdy=351 dxfer=0 dstat=0 lst=0 nrdyerr=0 dclr=0
2026-09-03T20:27:19.139779 [DRV] init=0 id=7 mode=0x1 lib=0x2 seq=0x1 odc=0x8b sts=0xe0 armed=1
2026-09-03T20:27:19.145408 [TRG] pulses=2716 suppressed=34388 cyc=1600 rst=1 rstmode=0x40
2026-09-03T20:27:19.149051 [HLT] polls=5788 faults=0x0 cfglost=0
2026-09-03T20:27:19.154798 [EFF] n=5 last=58588 min=58472 max=58588 late=0 stuck=0 rderr=0
2026-09-03T20:27:19.158765 [DWT] ok=1 cyc=1801155843 cyc_per_ms=800097
2026-09-03T20:27:20.171455 [HB] up_ms=6107668 frames=289489 inf=289489 hazard=37105 canary_err=0 q=0 qovr=0
2026-09-03T20:27:20.182706 [I2C] init=0 gate=0 whoami=0x201e0 wr=0 wrseen=0x27 addr=0x5a ok=1171475 err=0 tmo=0 recov=0 pclk1=200000000 sysclk=400000000
2026-09-03T20:27:20.184074 [NAK] nacks=0
2026-09-03T20:27:20.188580 [CLK] cpu=800000000 sysb=400000000 pclk1=200000000
2026-09-03T20:27:20.193068 [TOF] res=0 step=0 id=0xeacc blk=0xeacc10 ctl=0x0
2026-09-03T20:27:20.198962 [RNG] init=0 step=99 id=0xeacc boot=1 calls=93 xerr=0 dm=1 tb=15
2026-09-03T20:27:20.205946 [RNG] osc=41 imp=881 imprb=881 mstart=0x40 cfg=91 cfgfail=0x0 vhv=0 vpolls=0
2026-09-03T20:27:20.212204 [PRT] calls=1157375 xerr=0 ler=1 lidx=0x0 perr=0 maxcnt=17 addr8=0x52
2026-09-03T20:27:20.216327 [RTY] wr=0 wmax=0 wref=0  rd=0 rmax=0 rref=0
2026-09-03T20:27:20.224324 [RNG] frames=289140 last=35 min=22 max=61 nrdy=351 dxfer=0 dstat=0 lst=0 nrdyerr=0 dclr=0
2026-09-03T20:27:20.230712 [DRV] init=0 id=7 mode=0x1 lib=0x2 seq=0x1 odc=0x8b sts=0xe0 armed=1
2026-09-03T20:27:20.236323 [TRG] pulses=2716 suppressed=34389 cyc=1600 rst=1 rstmode=0x40
2026-09-03T20:27:20.239719 [HLT] polls=5789 faults=0x0 cfglost=0
2026-09-03T20:27:20.245452 [EFF] n=5 last=58588 min=58472 max=58588 late=0 stuck=0 rderr=0
2026-09-03T20:27:20.249611 [DWT] ok=1 cyc=2669050263 cyc_per_ms=799902
2026-09-03T20:27:21.262751 [HB] up_ms=6108753 frames=289540 inf=289540 hazard=37105 canary_err=0 q=0 qovr=0
2026-09-03T20:27:21.274123 [I2C] init=0 gate=0 whoami=0x201e0 wr=0 wrseen=0x27 addr=0x5a ok=1171681 err=0 tmo=0 recov=0 pclk1=200000000 sysclk=400000000
2026-09-03T20:27:21.275369 [NAK] nacks=0
2026-09-03T20:27:21.280000 [CLK] cpu=800000000 sysb=400000000 pclk1=200000000
2026-09-03T20:27:21.284501 [TOF] res=0 step=0 id=0xeacc blk=0xeacc10 ctl=0x0
2026-09-03T20:27:21.290490 [RNG] init=0 step=99 id=0xeacc boot=1 calls=93 xerr=0 dm=1 tb=15
2026-09-03T20:27:21.297369 [RNG] osc=41 imp=881 imprb=881 mstart=0x40 cfg=91 cfgfail=0x0 vhv=0 vpolls=0
2026-09-03T20:27:21.303648 [PRT] calls=1157579 xerr=0 ler=1 lidx=0x0 perr=0 maxcnt=17 addr8=0x52
2026-09-03T20:27:21.307646 [RTY] wr=0 wmax=0 wref=0  rd=0 rmax=0 rref=0
2026-09-03T20:27:21.315910 [RNG] frames=289191 last=43 min=22 max=61 nrdy=351 dxfer=0 dstat=0 lst=0 nrdyerr=0 dclr=0
2026-09-03T20:27:21.321999 [DRV] init=0 id=7 mode=0x1 lib=0x2 seq=0x1 odc=0x8b sts=0xe0 armed=1
2026-09-03T20:27:21.327687 [TRG] pulses=2716 suppressed=34389 cyc=1600 rst=1 rstmode=0x40
2026-09-03T20:27:21.331114 [HLT] polls=5790 faults=0x0 cfglost=0
2026-09-03T20:27:21.336987 [EFF] n=5 last=58588 min=58472 max=58588 late=0 stuck=0 rderr=0
2026-09-03T20:27:21.340978 [DWT] ok=1 cyc=3537152271 cyc_per_ms=800094
2026-09-03T20:27:22.354537 [HB] up_ms=6109838 frames=289592 inf=289592 hazard=37105 canary_err=0 q=0 qovr=0
2026-09-03T20:27:22.365795 [I2C] init=0 gate=0 whoami=0x201e0 wr=0 wrseen=0x27 addr=0x5a ok=1171889 err=0 tmo=0 recov=0 pclk1=200000000 sysclk=400000000
2026-09-03T20:27:22.367160 [NAK] nacks=0
2026-09-03T20:27:22.371912 [CLK] cpu=800000000 sysb=400000000 pclk1=200000000
2026-09-03T20:27:22.376405 [TOF] res=0 step=0 id=0xeacc blk=0xeacc10 ctl=0x0
2026-09-03T20:27:22.382160 [RNG] init=0 step=99 id=0xeacc boot=1 calls=93 xerr=0 dm=1 tb=15
2026-09-03T20:27:22.389027 [RNG] osc=41 imp=881 imprb=881 mstart=0x40 cfg=91 cfgfail=0x0 vhv=0 vpolls=0
2026-09-03T20:27:22.395422 [PRT] calls=1157781 xerr=0 ler=1 lidx=0x0 perr=0 maxcnt=17 addr8=0x52
2026-09-03T20:27:22.399532 [RTY] wr=0 wmax=0 wref=0  rd=0 rmax=0 rref=0
2026-09-03T20:27:22.407524 [RNG] frames=289242 last=51 min=22 max=61 nrdy=352 dxfer=0 dstat=0 lst=0 nrdyerr=0 dclr=0
2026-09-03T20:27:22.413797 [DRV] init=0 id=7 mode=0x1 lib=0x2 seq=0x1 odc=0x8b sts=0xe0 armed=1
2026-09-03T20:27:22.419529 [TRG] pulses=2716 suppressed=34389 cyc=1600 rst=1 rstmode=0x40
2026-09-03T20:27:22.422911 [HLT] polls=5791 faults=0x0 cfglost=0
2026-09-03T20:27:22.428685 [EFF] n=5 last=58588 min=58472 max=58588 late=0 stuck=0 rderr=0
2026-09-03T20:27:22.432533 [DWT] ok=1 cyc=110184247 cyc_per_ms=799999
2026-09-03T20:27:23.447209 [HB] up_ms=6110923 frames=289643 inf=289643 hazard=37105 canary_err=0 q=0 qovr=0
2026-09-03T20:27:23.458601 [I2C] init=0 gate=0 whoami=0x201e0 wr=0 wrseen=0x27 addr=0x5a ok=1172095 err=0 tmo=0 recov=0 pclk1=200000000 sysclk=400000000
2026-09-03T20:27:23.459952 [NAK] nacks=0
2026-09-03T20:27:23.464456 [CLK] cpu=800000000 sysb=400000000 pclk1=200000000
2026-09-03T20:27:23.468939 [TOF] res=0 step=0 id=0xeacc blk=0xeacc10 ctl=0x0
2026-09-03T20:27:23.474827 [RNG] init=0 step=99 id=0xeacc boot=1 calls=93 xerr=0 dm=1 tb=15
2026-09-03T20:27:23.481829 [RNG] osc=41 imp=881 imprb=881 mstart=0x40 cfg=91 cfgfail=0x0 vhv=0 vpolls=0
2026-09-03T20:27:23.488080 [PRT] calls=1157989 xerr=0 ler=1 lidx=0x0 perr=0 maxcnt=17 addr8=0x52
2026-09-03T20:27:23.492197 [RTY] wr=0 wmax=0 wref=0  rd=0 rmax=0 rref=0
2026-09-03T20:27:23.500329 [RNG] frames=289293 last=47 min=22 max=61 nrdy=352 dxfer=0 dstat=0 lst=0 nrdyerr=0 dclr=0
2026-09-03T20:27:23.506603 [DRV] init=0 id=7 mode=0x1 lib=0x2 seq=0x1 odc=0x8b sts=0xe0 armed=1
2026-09-03T20:27:23.512212 [TRG] pulses=2716 suppressed=34389 cyc=1600 rst=1 rstmode=0x40
2026-09-03T20:27:23.515605 [HLT] polls=5792 faults=0x0 cfglost=0
2026-09-03T20:27:23.521438 [EFF] n=5 last=58588 min=58472 max=58588 late=0 stuck=0 rderr=0
2026-09-03T20:27:23.525455 [DWT] ok=1 cyc=978185007 cyc_per_ms=800000
2026-09-03T20:27:24.540251 [HB] up_ms=6112008 frames=289694 inf=289694 hazard=37105 canary_err=0 q=0 qovr=0
2026-09-03T20:27:24.551378 [I2C] init=0 gate=0 whoami=0x201e0 wr=0 wrseen=0x27 addr=0x5a ok=1172305 err=0 tmo=0 recov=0 pclk1=200000000 sysclk=400000000
2026-09-03T20:27:24.552745 [NAK] nacks=0
2026-09-03T20:27:24.557368 [CLK] cpu=800000000 sysb=400000000 pclk1=200000000
2026-09-03T20:27:24.561999 [TOF] res=0 step=0 id=0xeacc blk=0xeacc10 ctl=0x0
2026-09-03T20:27:24.567746 [RNG] init=0 step=99 id=0xeacc boot=1 calls=93 xerr=0 dm=1 tb=15
2026-09-03T20:27:24.574744 [RNG] osc=41 imp=881 imprb=881 mstart=0x40 cfg=91 cfgfail=0x0 vhv=0 vpolls=0
2026-09-03T20:27:24.581125 [PRT] calls=1158193 xerr=0 ler=1 lidx=0x0 perr=0 maxcnt=17 addr8=0x52
2026-09-03T20:27:24.585135 [RTY] wr=0 wmax=0 wref=0  rd=0 rmax=0 rref=0
2026-09-03T20:27:24.593243 [RNG] frames=289345 last=43 min=22 max=61 nrdy=352 dxfer=0 dstat=0 lst=0 nrdyerr=0 dclr=0
2026-09-03T20:27:24.599369 [DRV] init=0 id=7 mode=0x1 lib=0x2 seq=0x1 odc=0x8b sts=0xe0 armed=1
2026-09-03T20:27:24.605115 [TRG] pulses=2716 suppressed=34389 cyc=1600 rst=1 rstmode=0x40
2026-09-03T20:27:24.608651 [HLT] polls=5793 faults=0x0 cfglost=0
2026-09-03T20:27:24.614439 [EFF] n=5 last=58588 min=58472 max=58588 late=0 stuck=0 rderr=0
2026-09-03T20:27:24.618364 [DWT] ok=1 cyc=1846184919 cyc_per_ms=799999
2026-09-03T20:27:25.633279 [HB] up_ms=6113093 frames=289746 inf=289746 hazard=37131 canary_err=0 q=0 qovr=0
2026-09-03T20:27:25.643436 [I2C] init=0 gate=0 whoami=0x201e0 wr=0 wrseen=0x27 addr=0x5a ok=1172511 err=0 tmo=0 recov=0 pclk1=200000000 sysclk=400000000
2026-09-03T20:27:25.645024 [NAK] nacks=0
2026-09-03T20:27:25.649307 [CLK] cpu=800000000 sysb=400000000 pclk1=200000000
2026-09-03T20:27:25.654670 [TOF] res=0 step=0 id=0xeacc blk=0xeacc10 ctl=0x0
2026-09-03T20:27:25.659574 [RNG] init=0 step=99 id=0xeacc boot=1 calls=93 xerr=0 dm=1 tb=15
2026-09-03T20:27:25.667625 [RNG] osc=41 imp=881 imprb=881 mstart=0x40 cfg=91 cfgfail=0x0 vhv=0 vpolls=0
2026-09-03T20:27:25.673652 [PRT] calls=1158401 xerr=0 ler=1 lidx=0x0 perr=0 maxcnt=17 addr8=0x52
2026-09-03T20:27:25.677624 [RTY] wr=0 wmax=0 wref=0  rd=0 rmax=0 rref=0
2026-09-03T20:27:25.685018 [RNG] frames=289396 last=34 min=22 max=61 nrdy=352 dxfer=0 dstat=0 lst=0 nrdyerr=0 dclr=0
2026-09-03T20:27:25.693637 [DRV] init=0 id=7 mode=0x1 lib=0x2 seq=0x1 odc=0x8b sts=0xe0 armed=1
2026-09-03T20:27:25.697655 [TRG] pulses=2719 suppressed=34415 cyc=1600 rst=1 rstmode=0x40
2026-09-03T20:27:25.701641 [HLT] polls=5794 faults=0x0 cfglost=0
2026-09-03T20:27:25.706011 [EFF] n=5 last=58588 min=58472 max=58588 late=0 stuck=0 rderr=0
2026-09-03T20:27:25.710261 [DWT] ok=1 cyc=2714088239 cyc_per_ms=799910
2026-09-03T20:27:26.724346 [HB] up_ms=6114178 frames=289797 inf=289797 hazard=37146 canary_err=0 q=0 qovr=0
2026-09-03T20:27:26.735609 [I2C] init=0 gate=0 whoami=0x201e0 wr=0 wrseen=0x27 addr=0x5a ok=1172720 err=0 tmo=0 recov=0 pclk1=200000000 sysclk=400000000
2026-09-03T20:27:26.736952 [NAK] nacks=0
2026-09-03T20:27:26.741592 [CLK] cpu=800000000 sysb=400000000 pclk1=200000000
2026-09-03T20:27:26.746080 [TOF] res=0 step=0 id=0xeacc blk=0xeacc10 ctl=0x0
2026-09-03T20:27:26.751963 [RNG] init=0 step=99 id=0xeacc boot=1 calls=93 xerr=0 dm=1 tb=15
2026-09-03T20:27:26.758839 [RNG] osc=41 imp=881 imprb=881 mstart=0x40 cfg=91 cfgfail=0x0 vhv=0 vpolls=0
2026-09-03T20:27:26.765211 [PRT] calls=1158605 xerr=0 ler=1 lidx=0x0 perr=0 maxcnt=17 addr8=0x52
2026-09-03T20:27:26.769325 [RTY] wr=0 wmax=0 wref=0  rd=0 rmax=0 rref=0
2026-09-03T20:27:26.777478 [RNG] frames=289448 last=42 min=22 max=61 nrdy=352 dxfer=0 dstat=0 lst=0 nrdyerr=0 dclr=0
2026-09-03T20:27:26.783606 [DRV] init=0 id=7 mode=0x1 lib=0x2 seq=0x1 odc=0x8b sts=0xe0 armed=1
2026-09-03T20:27:26.789208 [TRG] pulses=2719 suppressed=34427 cyc=1600 rst=1 rstmode=0x40
2026-09-03T20:27:26.792824 [HLT] polls=5796 faults=0x0 cfglost=0
2026-09-03T20:27:26.798619 [EFF] n=5 last=58588 min=58472 max=58588 late=0 stuck=0 rderr=0
2026-09-03T20:27:26.802588 [DWT] ok=1 cyc=3582217391 cyc_per_ms=800119
2026-09-03T20:27:27.816257 [HB] up_ms=6115263 frames=289849 inf=289849 hazard=37146 canary_err=0 q=0 qovr=0
2026-09-03T20:27:27.827545 [I2C] init=0 gate=0 whoami=0x201e0 wr=0 wrseen=0x27 addr=0x5a ok=1172927 err=0 tmo=0 recov=0 pclk1=200000000 sysclk=400000000
2026-09-03T20:27:27.829024 [NAK] nacks=0
2026-09-03T20:27:27.833673 [CLK] cpu=800000000 sysb=400000000 pclk1=200000000
2026-09-03T20:27:27.838113 [TOF] res=0 step=0 id=0xeacc blk=0xeacc10 ctl=0x0
2026-09-03T20:27:27.843884 [RNG] init=0 step=99 id=0xeacc boot=1 calls=93 xerr=0 dm=1 tb=15
2026-09-03T20:27:27.850875 [RNG] osc=41 imp=881 imprb=881 mstart=0x40 cfg=91 cfgfail=0x0 vhv=0 vpolls=0
2026-09-03T20:27:27.857249 [PRT] calls=1158811 xerr=0 ler=1 lidx=0x0 perr=0 maxcnt=17 addr8=0x52
2026-09-03T20:27:27.861272 [RTY] wr=0 wmax=0 wref=0  rd=0 rmax=0 rref=0
2026-09-03T20:27:27.869288 [RNG] frames=289499 last=36 min=22 max=61 nrdy=352 dxfer=0 dstat=0 lst=0 nrdyerr=0 dclr=0
2026-09-03T20:27:27.875667 [DRV] init=0 id=7 mode=0x1 lib=0x2 seq=0x1 odc=0x8b sts=0xe0 armed=1
2026-09-03T20:27:27.881255 [TRG] pulses=2719 suppressed=34427 cyc=1600 rst=1 rstmode=0x40
2026-09-03T20:27:27.884661 [HLT] polls=5797 faults=0x0 cfglost=0
2026-09-03T20:27:27.890371 [EFF] n=5 last=58588 min=58472 max=58588 late=0 stuck=0 rderr=0
2026-09-03T20:27:27.894257 [DWT] ok=1 cyc=155148131 cyc_per_ms=799906
2026-09-03T20:27:28.908330 [HB] up_ms=6116348 frames=289900 inf=289900 hazard=37146 canary_err=0 q=0 qovr=0
2026-09-03T20:27:28.919674 [I2C] init=0 gate=0 whoami=0x201e0 wr=0 wrseen=0x27 addr=0x5a ok=1173135 err=0 tmo=0 recov=0 pclk1=200000000 sysclk=400000000
2026-09-03T20:27:28.921049 [NAK] nacks=0
2026-09-03T20:27:28.925542 [CLK] cpu=800000000 sysb=400000000 pclk1=200000000
2026-09-03T20:27:28.930039 [TOF] res=0 step=0 id=0xeacc blk=0xeacc10 ctl=0x0
2026-09-03T20:27:28.936047 [RNG] init=0 step=99 id=0xeacc boot=1 calls=93 xerr=0 dm=1 tb=15
2026-09-03T20:27:28.942918 [RNG] osc=41 imp=881 imprb=881 mstart=0x40 cfg=91 cfgfail=0x0 vhv=0 vpolls=0
2026-09-03T20:27:28.949171 [PRT] calls=1159017 xerr=0 ler=1 lidx=0x0 perr=0 maxcnt=17 addr8=0x52
2026-09-03T20:27:28.953289 [RTY] wr=0 wmax=0 wref=0  rd=0 rmax=0 rref=0
2026-09-03T20:27:28.961416 [RNG] frames=289550 last=34 min=22 max=61 nrdy=352 dxfer=0 dstat=0 lst=0 nrdyerr=0 dclr=0
2026-09-03T20:27:28.967568 [DRV] init=0 id=7 mode=0x1 lib=0x2 seq=0x1 odc=0x8b sts=0xe0 armed=1
2026-09-03T20:27:28.973285 [TRG] pulses=2719 suppressed=34427 cyc=1600 rst=1 rstmode=0x40
2026-09-03T20:27:28.976661 [HLT] polls=5798 faults=0x0 cfglost=0
2026-09-03T20:27:28.982580 [EFF] n=5 last=58588 min=58472 max=58588 late=0 stuck=0 rderr=0
2026-09-03T20:27:28.986543 [DWT] ok=1 cyc=1023217743 cyc_per_ms=800064
2026-09-03T20:27:30.000736 [HB] up_ms=6117433 frames=289952 inf=289952 hazard=37146 canary_err=0 q=0 qovr=0
2026-09-03T20:27:30.012714 [I2C] init=0 gate=0 whoami=0x201e0 wr=0 wrseen=0x27 addr=0x5a ok=1173343 err=0 tmo=0 recov=0 pclk1=200000000 sysclk=400000000
2026-09-03T20:27:30.013243 [NAK] nacks=0
2026-09-03T20:27:30.017961 [CLK] cpu=800000000 sysb=400000000 pclk1=200000000
2026-09-03T20:27:30.022463 [TOF] res=0 step=0 id=0xeacc blk=0xeacc10 ctl=0x0
2026-09-03T20:27:30.028352 [RNG] init=0 step=99 id=0xeacc boot=1 calls=93 xerr=0 dm=1 tb=15
2026-09-03T20:27:30.035211 [RNG] osc=41 imp=881 imprb=881 mstart=0x40 cfg=91 cfgfail=0x0 vhv=0 vpolls=0
2026-09-03T20:27:30.041634 [PRT] calls=1159219 xerr=0 ler=1 lidx=0x0 perr=0 maxcnt=17 addr8=0x52
2026-09-03T20:27:30.045665 [RTY] wr=0 wmax=0 wref=0  rd=0 rmax=0 rref=0
2026-09-03T20:27:30.053707 [RNG] frames=289601 last=53 min=22 max=61 nrdy=353 dxfer=0 dstat=0 lst=0 nrdyerr=0 dclr=0
2026-09-03T20:27:30.059846 [DRV] init=0 id=7 mode=0x1 lib=0x2 seq=0x1 odc=0x8b sts=0xe0 armed=1
2026-09-03T20:27:30.065618 [TRG] pulses=2719 suppressed=34427 cyc=1600 rst=1 rstmode=0x40
2026-09-03T20:27:30.069085 [HLT] polls=5799 faults=0x0 cfglost=0
2026-09-03T20:27:30.074833 [EFF] n=5 last=58588 min=58472 max=58588 late=0 stuck=0 rderr=0
2026-09-03T20:27:30.078848 [DWT] ok=1 cyc=1891216943 cyc_per_ms=799999
2026-09-03T20:27:31.092890 [HB] up_ms=6118518 frames=290003 inf=290003 hazard=37146 canary_err=0 q=0 qovr=0
2026-09-03T20:27:31.104263 [I2C] init=0 gate=0 whoami=0x201e0 wr=0 wrseen=0x27 addr=0x5a ok=1173549 err=0 tmo=0 recov=0 pclk1=200000000 sysclk=400000000
2026-09-03T20:27:31.105504 [NAK] nacks=0
2026-09-03T20:27:31.110128 [CLK] cpu=800000000 sysb=400000000 pclk1=200000000
2026-09-03T20:27:31.114675 [TOF] res=0 step=0 id=0xeacc blk=0xeacc10 ctl=0x0
2026-09-03T20:27:31.120587 [RNG] init=0 step=99 id=0xeacc boot=1 calls=93 xerr=0 dm=1 tb=15
2026-09-03T20:27:31.127541 [RNG] osc=41 imp=881 imprb=881 mstart=0x40 cfg=91 cfgfail=0x0 vhv=0 vpolls=0
2026-09-03T20:27:31.133788 [PRT] calls=1159427 xerr=0 ler=1 lidx=0x0 perr=0 maxcnt=17 addr8=0x52
2026-09-03T20:27:31.137882 [RTY] wr=0 wmax=0 wref=0  rd=0 rmax=0 rref=0
2026-09-03T20:27:31.146045 [RNG] frames=289652 last=46 min=22 max=61 nrdy=353 dxfer=0 dstat=0 lst=0 nrdyerr=0 dclr=0
2026-09-03T20:27:31.152138 [DRV] init=0 id=7 mode=0x1 lib=0x2 seq=0x1 odc=0x8b sts=0xe0 armed=1
2026-09-03T20:27:31.157948 [TRG] pulses=2719 suppressed=34427 cyc=1600 rst=1 rstmode=0x40
2026-09-03T20:27:31.161253 [HLT] polls=5800 faults=0x0 cfglost=0
2026-09-03T20:27:31.167140 [EFF] n=5 last=58588 min=58472 max=58588 late=0 stuck=0 rderr=0
2026-09-03T20:27:31.171195 [DWT] ok=1 cyc=2759217711 cyc_per_ms=800000
2026-09-03T20:27:32.184936 [HB] up_ms=6119603 frames=290054 inf=290054 hazard=37160 canary_err=0 q=0 qovr=0
2026-09-03T20:27:32.196074 [I2C] init=0 gate=0 whoami=0x201e0 wr=0 wrseen=0x27 addr=0x5a ok=1173757 err=0 tmo=0 recov=0 pclk1=200000000 sysclk=400000000
2026-09-03T20:27:32.197423 [NAK] nacks=0
2026-09-03T20:27:32.201929 [CLK] cpu=800000000 sysb=400000000 pclk1=200000000
2026-09-03T20:27:32.206590 [TOF] res=0 step=0 id=0xeacc blk=0xeacc10 ctl=0x0
2026-09-03T20:27:32.212439 [RNG] init=0 step=99 id=0xeacc boot=1 calls=93 xerr=0 dm=1 tb=15
2026-09-03T20:27:32.219303 [RNG] osc=41 imp=881 imprb=881 mstart=0x40 cfg=91 cfgfail=0x0 vhv=0 vpolls=0
2026-09-03T20:27:32.225678 [PRT] calls=1159629 xerr=0 ler=1 lidx=0x0 perr=0 maxcnt=17 addr8=0x52
2026-09-03T20:27:32.229816 [RTY] wr=0 wmax=0 wref=0  rd=0 rmax=0 rref=0
2026-09-03T20:27:32.237797 [RNG] frames=289703 last=39 min=22 max=61 nrdy=354 dxfer=0 dstat=0 lst=0 nrdyerr=0 dclr=0
2026-09-03T20:27:32.243939 [DRV] init=0 id=7 mode=0x1 lib=0x2 seq=0x1 odc=0x8b sts=0xe0 armed=1
2026-09-03T20:27:32.249727 [TRG] pulses=2721 suppressed=34442 cyc=1600 rst=1 rstmode=0x40
2026-09-03T20:27:32.253206 [HLT] polls=5801 faults=0x0 cfglost=0
2026-09-03T20:27:32.258949 [EFF] n=5 last=58588 min=58472 max=58588 late=0 stuck=0 rderr=0
2026-09-03T20:27:32.262934 [DWT] ok=1 cyc=3627223859 cyc_per_ms=800005
2026-09-03T20:27:33.276231 [HB] up_ms=6120688 frames=290106 inf=290106 hazard=37187 canary_err=0 q=0 qovr=0
2026-09-03T20:27:33.287623 [I2C] init=0 gate=0 whoami=0x201e0 wr=0 wrseen=0x27 addr=0x5a ok=1173963 err=0 tmo=0 recov=0 pclk1=200000000 sysclk=400000000
2026-09-03T20:27:33.288969 [NAK] nacks=0
2026-09-03T20:27:33.293476 [CLK] cpu=800000000 sysb=400000000 pclk1=200000000
2026-09-03T20:27:33.297979 [TOF] res=0 step=0 id=0xeacc blk=0xeacc10 ctl=0x0
2026-09-03T20:27:33.303848 [RNG] init=0 step=99 id=0xeacc boot=1 calls=93 xerr=0 dm=1 tb=15
2026-09-03T20:27:33.310854 [RNG] osc=41 imp=881 imprb=881 mstart=0x40 cfg=91 cfgfail=0x0 vhv=0 vpolls=0
2026-09-03T20:27:33.317099 [PRT] calls=1159837 xerr=0 ler=1 lidx=0x0 perr=0 maxcnt=17 addr8=0x52
2026-09-03T20:27:33.321221 [RTY] wr=0 wmax=0 wref=0  rd=0 rmax=0 rref=0
2026-09-03T20:27:33.329353 [RNG] frames=289754 last=45 min=22 max=61 nrdy=354 dxfer=0 dstat=0 lst=0 nrdyerr=0 dclr=0
2026-09-03T20:27:33.335471 [DRV] init=0 id=7 mode=0x1 lib=0x2 seq=0x1 odc=0x8b sts=0xe0 armed=1
2026-09-03T20:27:33.341091 [TRG] pulses=2722 suppressed=34465 cyc=1600 rst=1 rstmode=0x40
2026-09-03T20:27:33.344632 [HLT] polls=5802 faults=0x0 cfglost=0
2026-09-03T20:27:33.350352 [EFF] n=5 last=58588 min=58472 max=58588 late=0 stuck=0 rderr=0
2026-09-03T20:27:33.354350 [DWT] ok=1 cyc=200148371 cyc_per_ms=799900
2026-09-03T20:27:34.368901 [HB] up_ms=6121773 frames=290157 inf=290157 hazard=37187 canary_err=0 q=0 qovr=0
2026-09-03T20:27:34.380157 [I2C] init=0 gate=0 whoami=0x201e0 wr=0 wrseen=0x27 addr=0x5a ok=1174172 err=0 tmo=0 recov=0 pclk1=200000000 sysclk=400000000
2026-09-03T20:27:34.381396 [NAK] nacks=0
2026-09-03T20:27:34.386023 [CLK] cpu=800000000 sysb=400000000 pclk1=200000000
2026-09-03T20:27:34.390708 [TOF] res=0 step=0 id=0xeacc blk=0xeacc10 ctl=0x0
2026-09-03T20:27:34.396526 [RNG] init=0 step=99 id=0xeacc boot=1 calls=93 xerr=0 dm=1 tb=15
2026-09-03T20:27:34.403388 [RNG] osc=41 imp=881 imprb=881 mstart=0x40 cfg=91 cfgfail=0x0 vhv=0 vpolls=0
2026-09-03T20:27:34.409639 [PRT] calls=1160041 xerr=0 ler=1 lidx=0x0 perr=0 maxcnt=17 addr8=0x52
2026-09-03T20:27:34.413899 [RTY] wr=0 wmax=0 wref=0  rd=0 rmax=0 rref=0
2026-09-03T20:27:34.421889 [RNG] frames=289806 last=40 min=22 max=61 nrdy=354 dxfer=0 dstat=0 lst=0 nrdyerr=0 dclr=0
2026-09-03T20:27:34.428148 [DRV] init=0 id=7 mode=0x1 lib=0x2 seq=0x1 odc=0x8b sts=0xe0 armed=1
2026-09-03T20:27:34.433825 [TRG] pulses=2722 suppressed=34465 cyc=1600 rst=1 rstmode=0x40
2026-09-03T20:27:34.437273 [HLT] polls=5803 faults=0x0 cfglost=0
2026-09-03T20:27:34.443021 [EFF] n=5 last=58588 min=58472 max=58588 late=0 stuck=0 rderr=0
2026-09-03T20:27:34.447024 [DWT] ok=1 cyc=1068250323 cyc_per_ms=800093
2026-09-03T20:27:35.461255 [HB] up_ms=6122858 frames=290209 inf=290209 hazard=37187 canary_err=0 q=0 qovr=0
2026-09-03T20:27:35.472451 [I2C] init=0 gate=0 whoami=0x201e0 wr=0 wrseen=0x27 addr=0x5a ok=1174379 err=0 tmo=0 recov=0 pclk1=200000000 sysclk=400000000
2026-09-03T20:27:35.474015 [NAK] nacks=0
2026-09-03T20:27:35.478441 [CLK] cpu=800000000 sysb=400000000 pclk1=200000000
2026-09-03T20:27:35.483014 [TOF] res=0 step=0 id=0xeacc blk=0xeacc10 ctl=0x0
2026-09-03T20:27:35.488700 [RNG] init=0 step=99 id=0xeacc boot=1 calls=93 xerr=0 dm=1 tb=15
2026-09-03T20:27:35.495704 [RNG] osc=41 imp=881 imprb=881 mstart=0x40 cfg=91 cfgfail=0x0 vhv=0 vpolls=0
2026-09-03T20:27:35.502064 [PRT] calls=1160249 xerr=0 ler=1 lidx=0x0 perr=0 maxcnt=17 addr8=0x52
2026-09-03T20:27:35.506077 [RTY] wr=0 wmax=0 wref=0  rd=0 rmax=0 rref=0
2026-09-03T20:27:35.514207 [RNG] frames=289857 last=45 min=22 max=61 nrdy=354 dxfer=0 dstat=0 lst=0 nrdyerr=0 dclr=0
2026-09-03T20:27:35.520432 [DRV] init=0 id=7 mode=0x1 lib=0x2 seq=0x1 odc=0x8b sts=0xe0 armed=1
2026-09-03T20:27:35.526064 [TRG] pulses=2722 suppressed=34465 cyc=1600 rst=1 rstmode=0x40
2026-09-03T20:27:35.529601 [HLT] polls=5804 faults=0x0 cfglost=0
2026-09-03T20:27:35.535313 [EFF] n=5 last=58588 min=58472 max=58588 late=0 stuck=0 rderr=0
2026-09-03T20:27:35.539310 [DWT] ok=1 cyc=1936148463 cyc_per_ms=799906
2026-09-03T20:27:36.553871 [HB] up_ms=6123943 frames=290260 inf=290260 hazard=37187 canary_err=0 q=0 qovr=0
2026-09-03T20:27:36.565284 [I2C] init=0 gate=0 whoami=0x201e0 wr=0 wrseen=0x27 addr=0x5a ok=1174585 err=0 tmo=0 recov=0 pclk1=200000000 sysclk=400000000
2026-09-03T20:27:36.566692 [NAK] nacks=0
2026-09-03T20:27:36.571112 [CLK] cpu=800000000 sysb=400000000 pclk1=200000000
2026-09-03T20:27:36.575636 [TOF] res=0 step=0 id=0xeacc blk=0xeacc10 ctl=0x0
2026-09-03T20:27:36.581633 [RNG] init=0 step=99 id=0xeacc boot=1 calls=93 xerr=0 dm=1 tb=15
2026-09-03T20:27:36.588490 [RNG] osc=41 imp=881 imprb=881 mstart=0x40 cfg=91 cfgfail=0x0 vhv=0 vpolls=0
2026-09-03T20:27:36.594765 [PRT] calls=1160453 xerr=0 ler=1 lidx=0x0 perr=0 maxcnt=17 addr8=0x52
2026-09-03T20:27:36.598866 [RTY] wr=0 wmax=0 wref=0  rd=0 rmax=0 rref=0
2026-09-03T20:27:36.606987 [RNG] frames=289908 last=42 min=22 max=61 nrdy=354 dxfer=0 dstat=0 lst=0 nrdyerr=0 dclr=0
2026-09-03T20:27:36.613111 [DRV] init=0 id=7 mode=0x1 lib=0x2 seq=0x1 odc=0x8b sts=0xe0 armed=1
2026-09-03T20:27:36.618860 [TRG] pulses=2722 suppressed=34465 cyc=1600 rst=1 rstmode=0x40
2026-09-03T20:27:36.622232 [HLT] polls=5805 faults=0x0 cfglost=0
2026-09-03T20:27:36.628142 [EFF] n=5 last=58588 min=58472 max=58588 late=0 stuck=0 rderr=0
2026-09-03T20:27:36.632114 [DWT] ok=1 cyc=2804250415 cyc_per_ms=800093
2026-09-03T20:27:37.646922 [HB] up_ms=6125028 frames=290312 inf=290312 hazard=37187 canary_err=0 q=0 qovr=0
2026-09-03T20:27:37.658190 [I2C] init=0 gate=0 whoami=0x201e0 wr=0 wrseen=0x27 addr=0x5a ok=1174795 err=0 tmo=0 recov=0 pclk1=200000000 sysclk=400000000
2026-09-03T20:27:37.659532 [NAK] nacks=0
2026-09-03T20:27:37.664157 [CLK] cpu=800000000 sysb=400000000 pclk1=200000000
2026-09-03T20:27:37.668657 [TOF] res=0 step=0 id=0xeacc blk=0xeacc10 ctl=0x0
2026-09-03T20:27:37.674533 [RNG] init=0 step=99 id=0xeacc boot=1 calls=93 xerr=0 dm=1 tb=15
2026-09-03T20:27:37.681418 [RNG] osc=41 imp=881 imprb=881 mstart=0x40 cfg=91 cfgfail=0x0 vhv=0 vpolls=0
2026-09-03T20:27:37.687783 [PRT] calls=1160657 xerr=0 ler=1 lidx=0x0 perr=0 maxcnt=17 addr8=0x52
2026-09-03T20:27:37.691915 [RTY] wr=0 wmax=0 wref=0  rd=0 rmax=0 rref=0
2026-09-03T20:27:37.699924 [RNG] frames=289960 last=45 min=22 max=61 nrdy=354 dxfer=0 dstat=0 lst=0 nrdyerr=0 dclr=0
2026-09-03T20:27:37.706158 [DRV] init=0 id=7 mode=0x1 lib=0x2 seq=0x1 odc=0x8b sts=0xe0 armed=1
2026-09-03T20:27:37.711905 [TRG] pulses=2722 suppressed=34465 cyc=1600 rst=1 rstmode=0x40
2026-09-03T20:27:37.715409 [HLT] polls=5806 faults=0x0 cfglost=0
2026-09-03T20:27:37.721158 [EFF] n=5 last=58588 min=58472 max=58588 late=0 stuck=0 rderr=0
2026-09-03T20:27:37.725027 [DWT] ok=1 cyc=3672249619 cyc_per_ms=799999
2026-09-03T20:27:38.739213 [HB] up_ms=6126113 frames=290363 inf=290363 hazard=37190 canary_err=0 q=0 qovr=0
2026-09-03T20:27:38.750675 [I2C] init=0 gate=0 whoami=0x201e0 wr=0 wrseen=0x27 addr=0x5a ok=1175001 err=0 tmo=0 recov=0 pclk1=200000000 sysclk=400000000
2026-09-03T20:27:38.752017 [NAK] nacks=0
2026-09-03T20:27:38.756454 [CLK] cpu=800000000 sysb=400000000 pclk1=200000000
2026-09-03T20:27:38.761132 [TOF] res=0 step=0 id=0xeacc blk=0xeacc10 ctl=0x0
2026-09-03T20:27:38.767302 [RNG] init=0 step=99 id=0xeacc boot=1 calls=93 xerr=0 dm=1 tb=15
2026-09-03T20:27:38.773823 [RNG] osc=41 imp=881 imprb=881 mstart=0x40 cfg=91 cfgfail=0x0 vhv=0 vpolls=0
2026-09-03T20:27:38.780593 [PRT] calls=1160865 xerr=0 ler=1 lidx=0x0 perr=0 maxcnt=17 addr8=0x52
2026-09-03T20:27:38.784192 [RTY] wr=0 wmax=0 wref=0  rd=0 rmax=0 rref=0
2026-09-03T20:27:38.792452 [RNG] frames=290011 last=52 min=22 max=61 nrdy=354 dxfer=0 dstat=0 lst=0 nrdyerr=0 dclr=0
2026-09-03T20:27:38.798612 [DRV] init=0 id=7 mode=0x1 lib=0x2 seq=0x1 odc=0x8b sts=0xe0 armed=1
2026-09-03T20:27:38.804205 [TRG] pulses=2723 suppressed=34470 cyc=1600 rst=1 rstmode=0x40
2026-09-03T20:27:38.807685 [HLT] polls=5807 faults=0x0 cfglost=0
2026-09-03T20:27:38.813622 [EFF] n=5 last=58588 min=58472 max=58588 late=0 stuck=0 rderr=0
2026-09-03T20:27:38.817470 [DWT] ok=1 cyc=245286895 cyc_per_ms=800004
2026-09-03T20:27:39.832521 [HB] up_ms=6127198 frames=290414 inf=290414 hazard=37228 canary_err=0 q=0 qovr=0
2026-09-03T20:27:39.845028 [I2C] init=0 gate=0 whoami=0x201e0 wr=0 wrseen=0x27 addr=0x5a ok=1175211 err=0 tmo=0 recov=0 pclk1=200000000 sysclk=400000000
2026-09-03T20:27:39.845287 [NAK] nacks=0
2026-09-03T20:27:39.849798 [CLK] cpu=800000000 sysb=400000000 pclk1=200000000
2026-09-03T20:27:39.854461 [TOF] res=0 step=0 id=0xeacc blk=0xeacc10 ctl=0x0
2026-09-03T20:27:39.860622 [RNG] init=0 step=99 id=0xeacc boot=1 calls=93 xerr=0 dm=1 tb=15
2026-09-03T20:27:39.867028 [RNG] osc=41 imp=881 imprb=881 mstart=0x40 cfg=91 cfgfail=0x0 vhv=0 vpolls=0
2026-09-03T20:27:39.873628 [PRT] calls=1161069 xerr=0 ler=1 lidx=0x0 perr=0 maxcnt=17 addr8=0x52
2026-09-03T20:27:39.877650 [RTY] wr=0 wmax=0 wref=0  rd=0 rmax=0 rref=0
2026-09-03T20:27:39.885597 [RNG] frames=290063 last=35 min=22 max=61 nrdy=354 dxfer=0 dstat=0 lst=0 nrdyerr=0 dclr=0
2026-09-03T20:27:39.891737 [DRV] init=0 id=7 mode=0x1 lib=0x2 seq=0x1 odc=0x8b sts=0xe0 armed=1
2026-09-03T20:27:39.897512 [TRG] pulses=2725 suppressed=34503 cyc=1600 rst=1 rstmode=0x40
2026-09-03T20:27:39.901766 [HLT] polls=5808 faults=0x0 cfglost=0
2026-09-03T20:27:39.908741 [EFF] n=5 last=58588 min=58472 max=58588 late=0 stuck=0 rderr=0
2026-09-03T20:27:39.910737 [DWT] ok=1 cyc=1113283051 cyc_per_ms=799996
2026-09-03T20:27:40.925623 [HB] up_ms=6128283 frames=290466 inf=290466 hazard=37228 canary_err=0 q=0 qovr=0
2026-09-03T20:27:40.936930 [I2C] init=0 gate=0 whoami=0x201e0 wr=0 wrseen=0x27 addr=0x5a ok=1175417 err=0 tmo=0 recov=0 pclk1=200000000 sysclk=400000000
2026-09-03T20:27:40.938170 [NAK] nacks=0
2026-09-03T20:27:40.942825 [CLK] cpu=800000000 sysb=400000000 pclk1=200000000
2026-09-03T20:27:40.947303 [TOF] res=0 step=0 id=0xeacc blk=0xeacc10 ctl=0x0
2026-09-03T20:27:40.953252 [RNG] init=0 step=99 id=0xeacc boot=1 calls=93 xerr=0 dm=1 tb=15
2026-09-03T20:27:40.960203 [RNG] osc=41 imp=881 imprb=881 mstart=0x40 cfg=91 cfgfail=0x0 vhv=0 vpolls=0
2026-09-03T20:27:40.966447 [PRT] calls=1161277 xerr=0 ler=1 lidx=0x0 perr=0 maxcnt=17 addr8=0x52
2026-09-03T20:27:40.970544 [RTY] wr=0 wmax=0 wref=0  rd=0 rmax=0 rref=0
2026-09-03T20:27:40.978690 [RNG] frames=290114 last=44 min=22 max=61 nrdy=354 dxfer=0 dstat=0 lst=0 nrdyerr=0 dclr=0
2026-09-03T20:27:40.984936 [DRV] init=0 id=7 mode=0x1 lib=0x2 seq=0x1 odc=0x8b sts=0xe0 armed=1
2026-09-03T20:27:40.990545 [TRG] pulses=2725 suppressed=34503 cyc=1600 rst=1 rstmode=0x40
2026-09-03T20:27:40.993917 [HLT] polls=5809 faults=0x0 cfglost=0
2026-09-03T20:27:40.999702 [EFF] n=5 last=58588 min=58472 max=58588 late=0 stuck=0 rderr=0
2026-09-03T20:27:41.003783 [DWT] ok=1 cyc=1981181027 cyc_per_ms=799905
2026-09-03T20:27:42.018745 [HB] up_ms=6129368 frames=290517 inf=290517 hazard=37228 canary_err=0 q=0 qovr=0
2026-09-03T20:27:42.029986 [I2C] init=0 gate=0 whoami=0x201e0 wr=0 wrseen=0x27 addr=0x5a ok=1175626 err=0 tmo=0 recov=0 pclk1=200000000 sysclk=400000000
2026-09-03T20:27:42.031348 [NAK] nacks=0
2026-09-03T20:27:42.035851 [CLK] cpu=800000000 sysb=400000000 pclk1=200000000
2026-09-03T20:27:42.040463 [TOF] res=0 step=0 id=0xeacc blk=0xeacc10 ctl=0x0
2026-09-03T20:27:42.046346 [RNG] init=0 step=99 id=0xeacc boot=1 calls=93 xerr=0 dm=1 tb=15
2026-09-03T20:27:42.053217 [RNG] osc=41 imp=881 imprb=881 mstart=0x40 cfg=91 cfgfail=0x0 vhv=0 vpolls=0
2026-09-03T20:27:42.059474 [PRT] calls=1161481 xerr=0 ler=1 lidx=0x0 perr=0 maxcnt=17 addr8=0x52
2026-09-03T20:27:42.063728 [RTY] wr=0 wmax=0 wref=0  rd=0 rmax=0 rref=0
2026-09-03T20:27:42.071712 [RNG] frames=290166 last=34 min=22 max=61 nrdy=354 dxfer=0 dstat=0 lst=0 nrdyerr=0 dclr=0
2026-09-03T20:27:42.077968 [DRV] init=0 id=7 mode=0x1 lib=0x2 seq=0x1 odc=0x8b sts=0xe0 armed=1
2026-09-03T20:27:42.083619 [TRG] pulses=2725 suppressed=34503 cyc=1600 rst=1 rstmode=0x40
2026-09-03T20:27:42.087214 [HLT] polls=5810 faults=0x0 cfglost=0
2026-09-03T20:27:42.092970 [EFF] n=5 last=58588 min=58472 max=58588 late=0 stuck=0 rderr=0
2026-09-03T20:27:42.096839 [DWT] ok=1 cyc=2849282983 cyc_per_ms=800093
2026-09-03T20:27:43.111141 [HB] up_ms=6130453 frames=290569 inf=290569 hazard=37228 canary_err=0 q=0 qovr=0
2026-09-03T20:27:43.122405 [I2C] init=0 gate=0 whoami=0x201e0 wr=0 wrseen=0x27 addr=0x5a ok=1175831 err=0 tmo=0 recov=0 pclk1=200000000 sysclk=400000000
2026-09-03T20:27:43.123758 [NAK] nacks=0
2026-09-03T20:27:43.128393 [CLK] cpu=800000000 sysb=400000000 pclk1=200000000
2026-09-03T20:27:43.132887 [TOF] res=0 step=0 id=0xeacc blk=0xeacc10 ctl=0x0
2026-09-03T20:27:43.138658 [RNG] init=0 step=99 id=0xeacc boot=1 calls=93 xerr=0 dm=1 tb=15
2026-09-03T20:27:43.145667 [RNG] osc=41 imp=881 imprb=881 mstart=0x40 cfg=91 cfgfail=0x0 vhv=0 vpolls=0
2026-09-03T20:27:43.152013 [PRT] calls=1161687 xerr=0 ler=1 lidx=0x0 perr=0 maxcnt=17 addr8=0x52
2026-09-03T20:27:43.156017 [RTY] wr=0 wmax=0 wref=0  rd=0 rmax=0 rref=0
2026-09-03T20:27:43.164156 [RNG] frames=290216 last=40 min=22 max=61 nrdy=355 dxfer=0 dstat=0 lst=0 nrdyerr=0 dclr=0
2026-09-03T20:27:43.170393 [DRV] init=0 id=7 mode=0x1 lib=0x2 seq=0x1 odc=0x8b sts=0xe0 armed=1
2026-09-03T20:27:43.176055 [TRG] pulses=2725 suppressed=34503 cyc=1600 rst=1 rstmode=0x40
2026-09-03T20:27:43.179528 [HLT] polls=5811 faults=0x0 cfglost=0
2026-09-03T20:27:43.185269 [EFF] n=5 last=58588 min=58472 max=58588 late=0 stuck=0 rderr=0
2026-09-03T20:27:43.189264 [DWT] ok=1 cyc=3717181127 cyc_per_ms=799906
2026-09-03T20:27:44.204196 [HB] up_ms=6131538 frames=290620 inf=290620 hazard=37228 canary_err=0 q=0 qovr=0
2026-09-03T20:27:44.215626 [I2C] init=0 gate=0 whoami=0x201e0 wr=0 wrseen=0x27 addr=0x5a ok=1176035 err=0 tmo=0 recov=0 pclk1=200000000 sysclk=400000000
2026-09-03T20:27:44.216813 [NAK] nacks=0
2026-09-03T20:27:44.221440 [CLK] cpu=800000000 sysb=400000000 pclk1=200000000
2026-09-03T20:27:44.225949 [TOF] res=0 step=0 id=0xeacc blk=0xeacc10 ctl=0x0
2026-09-03T20:27:44.231946 [RNG] init=0 step=99 id=0xeacc boot=1 calls=93 xerr=0 dm=1 tb=15
2026-09-03T20:27:44.238820 [RNG] osc=41 imp=881 imprb=881 mstart=0x40 cfg=91 cfgfail=0x0 vhv=0 vpolls=0
2026-09-03T20:27:44.245074 [PRT] calls=1161889 xerr=0 ler=1 lidx=0x0 perr=0 maxcnt=17 addr8=0x52
2026-09-03T20:27:44.249192 [RTY] wr=0 wmax=0 wref=0  rd=0 rmax=0 rref=0
2026-09-03T20:27:44.257310 [RNG] frames=290266 last=40 min=22 max=61 nrdy=356 dxfer=0 dstat=0 lst=0 nrdyerr=0 dclr=0
2026-09-03T20:27:44.263583 [DRV] init=0 id=7 mode=0x1 lib=0x2 seq=0x1 odc=0x8b sts=0xe0 armed=1
2026-09-03T20:27:44.269188 [TRG] pulses=2725 suppressed=34503 cyc=1600 rst=1 rstmode=0x40
2026-09-03T20:27:44.272578 [HLT] polls=5812 faults=0x0 cfglost=0
2026-09-03T20:27:44.278453 [EFF] n=5 last=58588 min=58472 max=58588 late=0 stuck=0 rderr=0
2026-09-03T20:27:44.282304 [DWT] ok=1 cyc=290315827 cyc_per_ms=800094
2026-09-03T20:27:45.296991 [HB] up_ms=6132623 frames=290672 inf=290672 hazard=37228 canary_err=0 q=0 qovr=0
2026-09-03T20:27:45.308249 [I2C] init=0 gate=0 whoami=0x201e0 wr=0 wrseen=0x27 addr=0x5a ok=1176245 err=0 tmo=0 recov=0 pclk1=200000000 sysclk=400000000
2026-09-03T20:27:45.309522 [NAK] nacks=0
2026-09-03T20:27:45.314238 [CLK] cpu=800000000 sysb=400000000 pclk1=200000000
2026-09-03T20:27:45.318729 [TOF] res=0 step=0 id=0xeacc blk=0xeacc10 ctl=0x0
2026-09-03T20:27:45.324633 [RNG] init=0 step=99 id=0xeacc boot=1 calls=93 xerr=0 dm=1 tb=15
2026-09-03T20:27:45.331538 [RNG] osc=41 imp=881 imprb=881 mstart=0x40 cfg=91 cfgfail=0x0 vhv=0 vpolls=0
2026-09-03T20:27:45.337870 [PRT] calls=1162093 xerr=0 ler=1 lidx=0x0 perr=0 maxcnt=17 addr8=0x52
2026-09-03T20:27:45.341982 [RTY] wr=0 wmax=0 wref=0  rd=0 rmax=0 rref=0
2026-09-03T20:27:45.350004 [RNG] frames=290318 last=43 min=22 max=61 nrdy=356 dxfer=0 dstat=0 lst=0 nrdyerr=0 dclr=0
2026-09-03T20:27:45.356141 [DRV] init=0 id=7 mode=0x1 lib=0x2 seq=0x1 odc=0x8b sts=0xe0 armed=1
2026-09-03T20:27:45.362000 [TRG] pulses=2725 suppressed=34503 cyc=1600 rst=1 rstmode=0x40
2026-09-03T20:27:45.365385 [HLT] polls=5813 faults=0x0 cfglost=0
2026-09-03T20:27:45.371101 [EFF] n=5 last=58588 min=58472 max=58588 late=0 stuck=0 rderr=0
2026-09-03T20:27:45.375095 [DWT] ok=1 cyc=1158315059 cyc_per_ms=799999
2026-09-03T20:27:46.389800 [HB] up_ms=6133708 frames=290723 inf=290723 hazard=37269 canary_err=0 q=0 qovr=0
2026-09-03T20:27:46.401167 [I2C] init=0 gate=0 whoami=0x201e0 wr=0 wrseen=0x27 addr=0x5a ok=1176451 err=0 tmo=0 recov=0 pclk1=200000000 sysclk=400000000
2026-09-03T20:27:46.402567 [NAK] nacks=0
2026-09-03T20:27:46.407045 [CLK] cpu=800000000 sysb=400000000 pclk1=200000000
2026-09-03T20:27:46.411675 [TOF] res=0 step=0 id=0xeacc blk=0xeacc10 ctl=0x0
2026-09-03T20:27:46.417416 [RNG] init=0 step=99 id=0xeacc boot=1 calls=93 xerr=0 dm=1 tb=15
2026-09-03T20:27:46.424473 [RNG] osc=41 imp=881 imprb=881 mstart=0x40 cfg=91 cfgfail=0x0 vhv=0 vpolls=0
2026-09-03T20:27:46.430673 [PRT] calls=1162301 xerr=0 ler=1 lidx=0x0 perr=0 maxcnt=17 addr8=0x52
2026-09-03T20:27:46.434795 [RTY] wr=0 wmax=0 wref=0  rd=0 rmax=0 rref=0
2026-09-03T20:27:46.442955 [RNG] frames=290369 last=37 min=22 max=61 nrdy=356 dxfer=0 dstat=0 lst=0 nrdyerr=0 dclr=0
2026-09-03T20:27:46.449042 [DRV] init=0 id=7 mode=0x1 lib=0x2 seq=0x1 odc=0x8b sts=0xe0 armed=1
2026-09-03T20:27:46.454783 [TRG] pulses=2728 suppressed=34541 cyc=1600 rst=1 rstmode=0x40
2026-09-03T20:27:46.458160 [HLT] polls=5814 faults=0x0 cfglost=0
2026-09-03T20:27:46.464032 [EFF] n=5 last=58588 min=58472 max=58588 late=0 stuck=0 rderr=0
2026-09-03T20:27:46.468037 [DWT] ok=1 cyc=2026315867 cyc_per_ms=800000
2026-09-03T20:27:47.482615 [HB] up_ms=6134793 frames=290774 inf=290774 hazard=37269 canary_err=0 q=0 qovr=0
2026-09-03T20:27:47.493853 [I2C] init=0 gate=0 whoami=0x201e0 wr=0 wrseen=0x27 addr=0x5a ok=1176661 err=0 tmo=0 recov=0 pclk1=200000000 sysclk=400000000
2026-09-03T20:27:47.495086 [NAK] nacks=0
2026-09-03T20:27:47.499730 [CLK] cpu=800000000 sysb=400000000 pclk1=200000000
2026-09-03T20:27:47.504331 [TOF] res=0 step=0 id=0xeacc blk=0xeacc10 ctl=0x0
2026-09-03T20:27:47.510209 [RNG] init=0 step=99 id=0xeacc boot=1 calls=93 xerr=0 dm=1 tb=15
2026-09-03T20:27:47.517690 [RNG] osc=41 imp=881 imprb=881 mstart=0x40 cfg=91 cfgfail=0x0 vhv=0 vpolls=0
2026-09-03T20:27:47.523681 [PRT] calls=1162505 xerr=0 ler=1 lidx=0x0 perr=0 maxcnt=17 addr8=0x52
2026-09-03T20:27:47.527672 [RTY] wr=0 wmax=0 wref=0  rd=0 rmax=0 rref=0
2026-09-03T20:27:47.535651 [RNG] frames=290421 last=40 min=22 max=61 nrdy=356 dxfer=0 dstat=0 lst=0 nrdyerr=0 dclr=0
2026-09-03T20:27:47.541825 [DRV] init=0 id=7 mode=0x1 lib=0x2 seq=0x1 odc=0x8b sts=0xe0 armed=1
2026-09-03T20:27:47.547586 [TRG] pulses=2728 suppressed=34541 cyc=1600 rst=1 rstmode=0x40
2026-09-03T20:27:47.550938 [HLT] polls=5815 faults=0x0 cfglost=0
2026-09-03T20:27:47.556683 [EFF] n=5 last=58588 min=58472 max=58588 late=0 stuck=0 rderr=0
2026-09-03T20:27:47.560688 [DWT] ok=1 cyc=2894315715 cyc_per_ms=799999
2026-09-03T20:27:48.574654 [HB] up_ms=6135878 frames=290826 inf=290826 hazard=37269 canary_err=0 q=0 qovr=0
2026-09-03T20:27:48.586152 [I2C] init=0 gate=0 whoami=0x201e0 wr=0 wrseen=0x27 addr=0x5a ok=1176867 err=0 tmo=0 recov=0 pclk1=200000000 sysclk=400000000
2026-09-03T20:27:48.587269 [NAK] nacks=0
2026-09-03T20:27:48.591881 [CLK] cpu=800000000 sysb=400000000 pclk1=200000000
2026-09-03T20:27:48.596405 [TOF] res=0 step=0 id=0xeacc blk=0xeacc10 ctl=0x0
2026-09-03T20:27:48.602277 [RNG] init=0 step=99 id=0xeacc boot=1 calls=93 xerr=0 dm=1 tb=15
2026-09-03T20:27:48.609260 [RNG] osc=41 imp=881 imprb=881 mstart=0x40 cfg=91 cfgfail=0x0 vhv=0 vpolls=0
2026-09-03T20:27:48.615516 [PRT] calls=1162713 xerr=0 ler=1 lidx=0x0 perr=0 maxcnt=17 addr8=0x52
2026-09-03T20:27:48.619650 [RTY] wr=0 wmax=0 wref=0  rd=0 rmax=0 rref=0
2026-09-03T20:27:48.627840 [RNG] frames=290472 last=41 min=22 max=61 nrdy=356 dxfer=0 dstat=0 lst=0 nrdyerr=0 dclr=0
2026-09-03T20:27:48.633922 [DRV] init=0 id=7 mode=0x1 lib=0x2 seq=0x1 odc=0x8b sts=0xe0 armed=1
2026-09-03T20:27:48.639675 [TRG] pulses=2728 suppressed=34541 cyc=1600 rst=1 rstmode=0x40
2026-09-03T20:27:48.643000 [HLT] polls=5816 faults=0x0 cfglost=0
2026-09-03T20:27:48.648758 [EFF] n=5 last=58588 min=58472 max=58588 late=0 stuck=0 rderr=0
2026-09-03T20:27:48.652875 [DWT] ok=1 cyc=3762213731 cyc_per_ms=799906
2026-09-03T20:27:49.667064 [HB] up_ms=6136963 frames=290877 inf=290877 hazard=37269 canary_err=0 q=0 qovr=0
2026-09-03T20:27:49.678309 [I2C] init=0 gate=0 whoami=0x201e0 wr=0 wrseen=0x27 addr=0x5a ok=1177076 err=0 tmo=0 recov=0 pclk1=200000000 sysclk=400000000
2026-09-03T20:27:49.679585 [NAK] nacks=0
2026-09-03T20:27:49.684172 [CLK] cpu=800000000 sysb=400000000 pclk1=200000000
2026-09-03T20:27:49.688820 [TOF] res=0 step=0 id=0xeacc blk=0xeacc10 ctl=0x0
2026-09-03T20:27:49.694682 [RNG] init=0 step=99 id=0xeacc boot=1 calls=93 xerr=0 dm=1 tb=15
2026-09-03T20:27:49.701584 [RNG] osc=41 imp=881 imprb=881 mstart=0x40 cfg=91 cfgfail=0x0 vhv=0 vpolls=0
2026-09-03T20:27:49.707798 [PRT] calls=1162917 xerr=0 ler=1 lidx=0x0 perr=0 maxcnt=17 addr8=0x52
2026-09-03T20:27:49.712084 [RTY] wr=0 wmax=0 wref=0  rd=0 rmax=0 rref=0
2026-09-03T20:27:49.720055 [RNG] frames=290524 last=40 min=22 max=61 nrdy=356 dxfer=0 dstat=0 lst=0 nrdyerr=0 dclr=0
2026-09-03T20:27:49.726223 [DRV] init=0 id=7 mode=0x1 lib=0x2 seq=0x1 odc=0x8b sts=0xe0 armed=1
2026-09-03T20:27:49.731813 [TRG] pulses=2728 suppressed=34541 cyc=1600 rst=1 rstmode=0x40
2026-09-03T20:27:49.735442 [HLT] polls=5817 faults=0x0 cfglost=0
2026-09-03T20:27:49.741178 [EFF] n=5 last=58588 min=58472 max=58588 late=0 stuck=0 rderr=0
2026-09-03T20:27:49.745055 [DWT] ok=1 cyc=335348399 cyc_per_ms=800093
2026-09-03T20:27:50.759363 [HB] up_ms=6138048 frames=290929 inf=290929 hazard=37269 canary_err=0 q=0 qovr=0
2026-09-03T20:27:50.770633 [I2C] init=0 gate=0 whoami=0x201e0 wr=0 wrseen=0x27 addr=0x5a ok=1177283 err=0 tmo=0 recov=0 pclk1=200000000 sysclk=400000000
2026-09-03T20:27:50.771979 [NAK] nacks=0
2026-09-03T20:27:50.776679 [CLK] cpu=800000000 sysb=400000000 pclk1=200000000
2026-09-03T20:27:50.781119 [TOF] res=0 step=0 id=0xeacc blk=0xeacc10 ctl=0x0
2026-09-03T20:27:50.786851 [RNG] init=0 step=99 id=0xeacc boot=1 calls=93 xerr=0 dm=1 tb=15
2026-09-03T20:27:50.793873 [RNG] osc=41 imp=881 imprb=881 mstart=0x40 cfg=91 cfgfail=0x0 vhv=0 vpolls=0
2026-09-03T20:27:50.800224 [PRT] calls=1163125 xerr=0 ler=1 lidx=0x0 perr=0 maxcnt=17 addr8=0x52
2026-09-03T20:27:50.804230 [RTY] wr=0 wmax=0 wref=0  rd=0 rmax=0 rref=0
2026-09-03T20:27:50.812271 [RNG] frames=290575 last=42 min=22 max=61 nrdy=356 dxfer=0 dstat=0 lst=0 nrdyerr=0 dclr=0
2026-09-03T20:27:50.818612 [DRV] init=0 id=7 mode=0x1 lib=0x2 seq=0x1 odc=0x8b sts=0xe0 armed=1
2026-09-03T20:27:50.824238 [TRG] pulses=2728 suppressed=34541 cyc=1600 rst=1 rstmode=0x40
2026-09-03T20:27:50.827771 [HLT] polls=5818 faults=0x0 cfglost=0
2026-09-03T20:27:50.833344 [EFF] n=5 last=58588 min=58472 max=58588 late=0 stuck=0 rderr=0
2026-09-03T20:27:50.837477 [DWT] ok=1 cyc=1203246511 cyc_per_ms=799906
2026-09-03T20:27:51.851157 [HB] up_ms=6139133 frames=290980 inf=290980 hazard=37269 canary_err=0 q=0 qovr=0
2026-09-03T20:27:51.862426 [I2C] init=0 gate=0 whoami=0x201e0 wr=0 wrseen=0x27 addr=0x5a ok=1177489 err=0 tmo=0 recov=0 pclk1=200000000 sysclk=400000000
2026-09-03T20:27:51.863788 [NAK] nacks=0
2026-09-03T20:27:51.868400 [CLK] cpu=800000000 sysb=400000000 pclk1=200000000
2026-09-03T20:27:51.872890 [TOF] res=0 step=0 id=0xeacc blk=0xeacc10 ctl=0x0
2026-09-03T20:27:51.878792 [RNG] init=0 step=99 id=0xeacc boot=1 calls=93 xerr=0 dm=1 tb=15
2026-09-03T20:27:51.885716 [RNG] osc=41 imp=881 imprb=881 mstart=0x40 cfg=91 cfgfail=0x0 vhv=0 vpolls=0
2026-09-03T20:27:51.892016 [PRT] calls=1163329 xerr=0 ler=1 lidx=0x0 perr=0 maxcnt=17 addr8=0x52
2026-09-03T20:27:51.896036 [RTY] wr=0 wmax=0 wref=0  rd=0 rmax=0 rref=0
2026-09-03T20:27:51.904144 [RNG] frames=290626 last=44 min=22 max=61 nrdy=356 dxfer=0 dstat=0 lst=0 nrdyerr=0 dclr=0
2026-09-03T20:27:51.910418 [DRV] init=0 id=7 mode=0x1 lib=0x2 seq=0x1 odc=0x8b sts=0xe0 armed=1
2026-09-03T20:27:51.916035 [TRG] pulses=2728 suppressed=34541 cyc=1600 rst=1 rstmode=0x40
2026-09-03T20:27:51.919399 [HLT] polls=5819 faults=0x0 cfglost=0
2026-09-03T20:27:51.925271 [EFF] n=5 last=58588 min=58472 max=58588 late=0 stuck=0 rderr=0
2026-09-03T20:27:51.929279 [DWT] ok=1 cyc=2071348527 cyc_per_ms=800094
2026-09-03T20:27:52.943208 [HB] up_ms=6140218 frames=291032 inf=291032 hazard=37301 canary_err=0 q=0 qovr=0
2026-09-03T20:27:52.954334 [I2C] init=0 gate=0 whoami=0x201e0 wr=0 wrseen=0x27 addr=0x5a ok=1177699 err=0 tmo=0 recov=0 pclk1=200000000 sysclk=400000000
2026-09-03T20:27:52.955716 [NAK] nacks=0
2026-09-03T20:27:52.960451 [CLK] cpu=800000000 sysb=400000000 pclk1=200000000
2026-09-03T20:27:52.964947 [TOF] res=0 step=0 id=0xeacc blk=0xeacc10 ctl=0x0
2026-09-03T20:27:52.970720 [RNG] init=0 step=99 id=0xeacc boot=1 calls=93 xerr=0 dm=1 tb=15
2026-09-03T20:27:52.977719 [RNG] osc=41 imp=881 imprb=881 mstart=0x40 cfg=91 cfgfail=0x0 vhv=0 vpolls=0
2026-09-03T20:27:52.984075 [PRT] calls=1163533 xerr=0 ler=1 lidx=0x0 perr=0 maxcnt=17 addr8=0x52
2026-09-03T20:27:52.988079 [RTY] wr=0 wmax=0 wref=0  rd=0 rmax=0 rref=0
2026-09-03T20:27:52.996213 [RNG] frames=290678 last=44 min=22 max=61 nrdy=356 dxfer=0 dstat=0 lst=0 nrdyerr=0 dclr=0
2026-09-03T20:27:53.002322 [DRV] init=0 id=7 mode=0x1 lib=0x2 seq=0x1 odc=0x8b sts=0xe0 armed=1
2026-09-03T20:27:53.008103 [TRG] pulses=2731 suppressed=34573 cyc=1600 rst=1 rstmode=0x40
2026-09-03T20:27:53.011595 [HLT] polls=5820 faults=0x0 cfglost=0
2026-09-03T20:27:53.017327 [EFF] n=5 last=58588 min=58472 max=58588 late=0 stuck=0 rderr=0
2026-09-03T20:27:53.021353 [DWT] ok=1 cyc=2939351535 cyc_per_ms=800002
2026-09-03T20:27:54.035273 [HB] up_ms=6141303 frames=291083 inf=291083 hazard=37310 canary_err=0 q=0 qovr=0
2026-09-03T20:27:54.046673 [I2C] init=0 gate=0 whoami=0x201e0 wr=0 wrseen=0x27 addr=0x5a ok=1177905 err=0 tmo=0 recov=0 pclk1=200000000 sysclk=400000000
2026-09-03T20:27:54.047913 [NAK] nacks=0
2026-09-03T20:27:54.052502 [CLK] cpu=800000000 sysb=400000000 pclk1=200000000
2026-09-03T20:27:54.057004 [TOF] res=0 step=0 id=0xeacc blk=0xeacc10 ctl=0x0
2026-09-03T20:27:54.062885 [RNG] init=0 step=99 id=0xeacc boot=1 calls=93 xerr=0 dm=1 tb=15
2026-09-03T20:27:54.069871 [RNG] osc=41 imp=881 imprb=881 mstart=0x40 cfg=91 cfgfail=0x0 vhv=0 vpolls=0
2026-09-03T20:27:54.076125 [PRT] calls=1163741 xerr=0 ler=1 lidx=0x0 perr=0 maxcnt=17 addr8=0x52
2026-09-03T20:27:54.080255 [RTY] wr=0 wmax=0 wref=0  rd=0 rmax=0 rref=0
2026-09-03T20:27:54.088377 [RNG] frames=290729 last=40 min=22 max=61 nrdy=356 dxfer=0 dstat=0 lst=0 nrdyerr=0 dclr=0
2026-09-03T20:27:54.094652 [DRV] init=0 id=7 mode=0x1 lib=0x2 seq=0x1 odc=0x8b sts=0xe0 armed=1
2026-09-03T20:27:54.100251 [TRG] pulses=2731 suppressed=34579 cyc=1600 rst=1 rstmode=0x40
2026-09-03T20:27:54.103653 [HLT] polls=5821 faults=0x0 cfglost=0
2026-09-03T20:27:54.109504 [EFF] n=5 last=58588 min=58472 max=58588 late=0 stuck=0 rderr=0
2026-09-03T20:27:54.113493 [DWT] ok=1 cyc=3807348519 cyc_per_ms=799997
2026-09-03T20:27:55.127830 [HB] up_ms=6142388 frames=291134 inf=291134 hazard=37310 canary_err=0 q=0 qovr=0
2026-09-03T20:27:55.139056 [I2C] init=0 gate=0 whoami=0x201e0 wr=0 wrseen=0x27 addr=0x5a ok=1178115 err=0 tmo=0 recov=0 pclk1=200000000 sysclk=400000000
2026-09-03T20:27:55.140302 [NAK] nacks=0
2026-09-03T20:27:55.144947 [CLK] cpu=800000000 sysb=400000000 pclk1=200000000
2026-09-03T20:27:55.149585 [TOF] res=0 step=0 id=0xeacc blk=0xeacc10 ctl=0x0
2026-09-03T20:27:55.155436 [RNG] init=0 step=99 id=0xeacc boot=1 calls=93 xerr=0 dm=1 tb=15
2026-09-03T20:27:55.162306 [RNG] osc=41 imp=881 imprb=881 mstart=0x40 cfg=91 cfgfail=0x0 vhv=0 vpolls=0
2026-09-03T20:27:55.168685 [PRT] calls=1163945 xerr=0 ler=1 lidx=0x0 perr=0 maxcnt=17 addr8=0x52
2026-09-03T20:27:55.172797 [RTY] wr=0 wmax=0 wref=0  rd=0 rmax=0 rref=0
2026-09-03T20:27:55.180795 [RNG] frames=290781 last=46 min=22 max=61 nrdy=356 dxfer=0 dstat=0 lst=0 nrdyerr=0 dclr=0
2026-09-03T20:27:55.186924 [DRV] init=0 id=7 mode=0x1 lib=0x2 seq=0x1 odc=0x8b sts=0xe0 armed=1
2026-09-03T20:27:55.192673 [TRG] pulses=2731 suppressed=34579 cyc=1600 rst=1 rstmode=0x40
2026-09-03T20:27:55.196179 [HLT] polls=5822 faults=0x0 cfglost=0
2026-09-03T20:27:55.201922 [EFF] n=5 last=58588 min=58472 max=58588 late=0 stuck=0 rderr=0
2026-09-03T20:27:55.205797 [DWT] ok=1 cyc=380381083 cyc_per_ms=799999
2026-09-03T20:27:56.219107 [HB] up_ms=6143473 frames=291186 inf=291186 hazard=37310 canary_err=0 q=0 qovr=0
2026-09-03T20:27:56.230474 [I2C] init=0 gate=0 whoami=0x201e0 wr=0 wrseen=0x27 addr=0x5a ok=1178321 err=0 tmo=0 recov=0 pclk1=200000000 sysclk=400000000
2026-09-03T20:27:56.231839 [NAK] nacks=0
2026-09-03T20:27:56.236357 [CLK] cpu=800000000 sysb=400000000 pclk1=200000000
2026-09-03T20:27:56.240877 [TOF] res=0 step=0 id=0xeacc blk=0xeacc10 ctl=0x0
2026-09-03T20:27:56.246709 [RNG] init=0 step=99 id=0xeacc boot=1 calls=93 xerr=0 dm=1 tb=15
2026-09-03T20:27:56.253710 [RNG] osc=41 imp=881 imprb=881 mstart=0x40 cfg=91 cfgfail=0x0 vhv=0 vpolls=0
2026-09-03T20:27:56.259976 [PRT] calls=1164153 xerr=0 ler=1 lidx=0x0 perr=0 maxcnt=17 addr8=0x52
2026-09-03T20:27:56.264097 [RTY] wr=0 wmax=0 wref=0  rd=0 rmax=0 rref=0
2026-09-03T20:27:56.272221 [RNG] frames=290832 last=37 min=22 max=61 nrdy=356 dxfer=0 dstat=0 lst=0 nrdyerr=0 dclr=0
2026-09-03T20:27:56.278372 [DRV] init=0 id=7 mode=0x1 lib=0x2 seq=0x1 odc=0x8b sts=0xe0 armed=1
2026-09-03T20:27:56.284093 [TRG] pulses=2731 suppressed=34579 cyc=1600 rst=1 rstmode=0x40
2026-09-03T20:27:56.287468 [HLT] polls=5823 faults=0x0 cfglost=0
2026-09-03T20:27:56.293230 [EFF] n=5 last=58588 min=58472 max=58588 late=0 stuck=0 rderr=0
2026-09-03T20:27:56.297358 [DWT] ok=1 cyc=1248279187 cyc_per_ms=799906
2026-09-03T20:27:57.311290 [HB] up_ms=6144558 frames=291237 inf=291237 hazard=37310 canary_err=0 q=0 qovr=0
2026-09-03T20:27:57.322531 [I2C] init=0 gate=0 whoami=0x201e0 wr=0 wrseen=0x27 addr=0x5a ok=1178528 err=0 tmo=0 recov=0 pclk1=200000000 sysclk=400000000
2026-09-03T20:27:57.323778 [NAK] nacks=0
2026-09-03T20:27:57.328424 [CLK] cpu=800000000 sysb=400000000 pclk1=200000000
2026-09-03T20:27:57.333018 [TOF] res=0 step=0 id=0xeacc blk=0xeacc10 ctl=0x0
2026-09-03T20:27:57.338899 [RNG] init=0 step=99 id=0xeacc boot=1 calls=93 xerr=0 dm=1 tb=15
2026-09-03T20:27:57.345785 [RNG] osc=41 imp=881 imprb=881 mstart=0x40 cfg=91 cfgfail=0x0 vhv=0 vpolls=0
2026-09-03T20:27:57.352043 [PRT] calls=1164355 xerr=0 ler=1 lidx=0x0 perr=0 maxcnt=17 addr8=0x52
2026-09-03T20:27:57.356141 [RTY] wr=0 wmax=0 wref=0  rd=0 rmax=0 rref=0
2026-09-03T20:27:57.364281 [RNG] frames=290883 last=38 min=22 max=61 nrdy=357 dxfer=0 dstat=0 lst=0 nrdyerr=0 dclr=0
2026-09-03T20:27:57.370440 [DRV] init=0 id=7 mode=0x1 lib=0x2 seq=0x1 odc=0x8b sts=0xe0 armed=1
2026-09-03T20:27:57.376041 [TRG] pulses=2731 suppressed=34579 cyc=1600 rst=1 rstmode=0x40
2026-09-03T20:27:57.379649 [HLT] polls=5824 faults=0x0 cfglost=0
2026-09-03T20:27:57.385400 [EFF] n=5 last=58588 min=58472 max=58588 late=0 stuck=0 rderr=0
2026-09-03T20:27:57.389391 [DWT] ok=1 cyc=2116381099 cyc_per_ms=800093
2026-09-03T20:27:58.403088 [HB] up_ms=6145643 frames=291289 inf=291289 hazard=37310 canary_err=0 q=0 qovr=0
2026-09-03T20:27:58.414405 [I2C] init=0 gate=0 whoami=0x201e0 wr=0 wrseen=0x27 addr=0x5a ok=1178735 err=0 tmo=0 recov=0 pclk1=200000000 sysclk=400000000
2026-09-03T20:27:58.415832 [NAK] nacks=0
2026-09-03T20:27:58.420321 [CLK] cpu=800000000 sysb=400000000 pclk1=200000000
2026-09-03T20:27:58.424830 [TOF] res=0 step=0 id=0xeacc blk=0xeacc10 ctl=0x0
2026-09-03T20:27:58.430942 [RNG] init=0 step=99 id=0xeacc boot=1 calls=93 xerr=0 dm=1 tb=15
2026-09-03T20:27:58.437688 [RNG] osc=41 imp=881 imprb=881 mstart=0x40 cfg=91 cfgfail=0x0 vhv=0 vpolls=0
2026-09-03T20:27:58.444081 [PRT] calls=1164563 xerr=0 ler=1 lidx=0x0 perr=0 maxcnt=17 addr8=0x52
2026-09-03T20:27:58.448521 [RTY] wr=0 wmax=0 wref=0  rd=0 rmax=0 rref=0
2026-09-03T20:27:58.456280 [RNG] frames=290934 last=33 min=22 max=61 nrdy=357 dxfer=0 dstat=0 lst=0 nrdyerr=0 dclr=0
2026-09-03T20:27:58.463331 [DRV] init=0 id=7 mode=0x1 lib=0x2 seq=0x1 odc=0x8b sts=0xe0 armed=1
2026-09-03T20:27:58.468067 [TRG] pulses=2731 suppressed=34579 cyc=1600 rst=1 rstmode=0x40
2026-09-03T20:27:58.471577 [HLT] polls=5825 faults=0x0 cfglost=0
2026-09-03T20:27:58.477326 [EFF] n=5 last=58588 min=58472 max=58588 late=0 stuck=0 rderr=0
2026-09-03T20:27:58.481313 [DWT] ok=1 cyc=2984279223 cyc_per_ms=799906
2026-09-03T20:27:59.495032 [HB] up_ms=6146728 frames=291340 inf=291340 hazard=37330 canary_err=0 q=0 qovr=0
2026-09-03T20:27:59.506383 [I2C] init=0 gate=0 whoami=0x201e0 wr=0 wrseen=0x27 addr=0x5a ok=1178941 err=0 tmo=0 recov=0 pclk1=200000000 sysclk=400000000
2026-09-03T20:27:59.507642 [NAK] nacks=0
2026-09-03T20:27:59.512260 [CLK] cpu=800000000 sysb=400000000 pclk1=200000000
2026-09-03T20:27:59.516766 [TOF] res=0 step=0 id=0xeacc blk=0xeacc10 ctl=0x0
2026-09-03T20:27:59.522754 [RNG] init=0 step=99 id=0xeacc boot=1 calls=93 xerr=0 dm=1 tb=15
2026-09-03T20:27:59.529705 [RNG] osc=41 imp=881 imprb=881 mstart=0x40 cfg=91 cfgfail=0x0 vhv=0 vpolls=0
2026-09-03T20:27:59.535887 [PRT] calls=1164767 xerr=0 ler=1 lidx=0x0 perr=0 maxcnt=17 addr8=0x52
2026-09-03T20:27:59.539996 [RTY] wr=0 wmax=0 wref=0  rd=0 rmax=0 rref=0
2026-09-03T20:27:59.548147 [RNG] frames=290985 last=41 min=22 max=61 nrdy=357 dxfer=0 dstat=0 lst=0 nrdyerr=0 dclr=0
2026-09-03T20:27:59.554234 [DRV] init=0 id=7 mode=0x1 lib=0x2 seq=0x1 odc=0x8b sts=0xe0 armed=1
2026-09-03T20:27:59.560008 [TRG] pulses=2733 suppressed=34600 cyc=1600 rst=1 rstmode=0x40
2026-09-03T20:27:59.563378 [HLT] polls=5826 faults=0x0 cfglost=0
2026-09-03T20:27:59.569253 [EFF] n=5 last=58588 min=58472 max=58588 late=0 stuck=0 rderr=0
2026-09-03T20:27:59.573246 [DWT] ok=1 cyc=3852384951 cyc_per_ms=800097
2026-09-03T20:28:00.587185 [HB] up_ms=6147813 frames=291392 inf=291392 hazard=37351 canary_err=0 q=0 qovr=0
2026-09-03T20:28:00.599139 [I2C] init=0 gate=0 whoami=0x201e0 wr=0 wrseen=0x27 addr=0x5a ok=1179151 err=0 tmo=0 recov=0 pclk1=200000000 sysclk=400000000
2026-09-03T20:28:00.599717 [NAK] nacks=0
2026-09-03T20:28:00.604439 [CLK] cpu=800000000 sysb=400000000 pclk1=200000000
2026-09-03T20:28:00.608950 [TOF] res=0 step=0 id=0xeacc blk=0xeacc10 ctl=0x0
2026-09-03T20:28:00.614930 [RNG] init=0 step=99 id=0xeacc boot=1 calls=93 xerr=0 dm=1 tb=15
2026-09-03T20:28:00.621693 [RNG] osc=41 imp=881 imprb=881 mstart=0x40 cfg=91 cfgfail=0x0 vhv=0 vpolls=0
2026-09-03T20:28:00.628060 [PRT] calls=1164971 xerr=0 ler=1 lidx=0x0 perr=0 maxcnt=17 addr8=0x52
2026-09-03T20:28:00.632074 [RTY] wr=0 wmax=0 wref=0  rd=0 rmax=0 rref=0
2026-09-03T20:28:00.640174 [RNG] frames=291037 last=42 min=22 max=61 nrdy=357 dxfer=0 dstat=0 lst=0 nrdyerr=0 dclr=0
2026-09-03T20:28:00.646305 [DRV] init=0 id=7 mode=0x1 lib=0x2 seq=0x1 odc=0x8b sts=0xe0 armed=1
2026-09-03T20:28:00.652035 [TRG] pulses=2734 suppressed=34617 cyc=1600 rst=1 rstmode=0x40
2026-09-03T20:28:00.655585 [HLT] polls=5827 faults=0x0 cfglost=0
2026-09-03T20:28:00.661308 [EFF] n=5 last=58588 min=58472 max=58588 late=0 stuck=0 rderr=0
2026-09-03T20:28:00.665176 [DWT] ok=1 cyc=425413191 cyc_per_ms=799995
2026-09-03T20:28:01.678991 [HB] up_ms=6148898 frames=291443 inf=291443 hazard=37351 canary_err=0 q=0 qovr=0
2026-09-03T20:28:01.690358 [I2C] init=0 gate=0 whoami=0x201e0 wr=0 wrseen=0x27 addr=0x5a ok=1179357 err=0 tmo=0 recov=0 pclk1=200000000 sysclk=400000000
2026-09-03T20:28:01.691740 [NAK] nacks=0
2026-09-03T20:28:01.696380 [CLK] cpu=800000000 sysb=400000000 pclk1=200000000
2026-09-03T20:28:01.700885 [TOF] res=0 step=0 id=0xeacc blk=0xeacc10 ctl=0x0
2026-09-03T20:28:01.706731 [RNG] init=0 step=99 id=0xeacc boot=1 calls=93 xerr=0 dm=1 tb=15
2026-09-03T20:28:01.713650 [RNG] osc=41 imp=881 imprb=881 mstart=0x40 cfg=91 cfgfail=0x0 vhv=0 vpolls=0
2026-09-03T20:28:01.719980 [PRT] calls=1165179 xerr=0 ler=1 lidx=0x0 perr=0 maxcnt=17 addr8=0x52
2026-09-03T20:28:01.723972 [RTY] wr=0 wmax=0 wref=0  rd=0 rmax=0 rref=0
2026-09-03T20:28:01.732111 [RNG] frames=291088 last=46 min=22 max=61 nrdy=357 dxfer=0 dstat=0 lst=0 nrdyerr=0 dclr=0
2026-09-03T20:28:01.738349 [DRV] init=0 id=7 mode=0x1 lib=0x2 seq=0x1 odc=0x8b sts=0xe0 armed=1
2026-09-03T20:28:01.743995 [TRG] pulses=2734 suppressed=34617 cyc=1600 rst=1 rstmode=0x40
2026-09-03T20:28:01.747523 [HLT] polls=5828 faults=0x0 cfglost=0
2026-09-03T20:28:01.753345 [EFF] n=5 last=58588 min=58472 max=58588 late=0 stuck=0 rderr=0
2026-09-03T20:28:01.757211 [DWT] ok=1 cyc=1293413943 cyc_per_ms=800000
2026-09-03T20:28:02.772003 [HB] up_ms=6149983 frames=291494 inf=291494 hazard=37351 canary_err=0 q=0 qovr=0
2026-09-03T20:28:02.782695 [I2C] init=0 gate=0 whoami=0x201e0 wr=0 wrseen=0x27 addr=0x5a ok=1179567 err=0 tmo=0 recov=0 pclk1=200000000 sysclk=400000000
2026-09-03T20:28:02.783820 [NAK] nacks=0
2026-09-03T20:28:02.788434 [CLK] cpu=800000000 sysb=400000000 pclk1=200000000
2026-09-03T20:28:02.793026 [TOF] res=0 step=0 id=0xeacc blk=0xeacc10 ctl=0x0
2026-09-03T20:28:02.798892 [RNG] init=0 step=99 id=0xeacc boot=1 calls=93 xerr=0 dm=1 tb=15
2026-09-03T20:28:02.805765 [RNG] osc=41 imp=881 imprb=881 mstart=0x40 cfg=91 cfgfail=0x0 vhv=0 vpolls=0
2026-09-03T20:28:02.812147 [PRT] calls=1165383 xerr=0 ler=1 lidx=0x0 perr=0 maxcnt=17 addr8=0x52
2026-09-03T20:28:02.817079 [RTY] wr=0 wmax=0 wref=0  rd=0 rmax=0 rref=0
2026-09-03T20:28:02.824270 [RNG] frames=291140 last=41 min=22 max=61 nrdy=357 dxfer=0 dstat=0 lst=0 nrdyerr=0 dclr=0
2026-09-03T20:28:02.830397 [DRV] init=0 id=7 mode=0x1 lib=0x2 seq=0x1 odc=0x8b sts=0xe0 armed=1
2026-09-03T20:28:02.836165 [TRG] pulses=2734 suppressed=34617 cyc=1600 rst=1 rstmode=0x40
2026-09-03T20:28:02.839666 [HLT] polls=5829 faults=0x0 cfglost=0
2026-09-03T20:28:02.845441 [EFF] n=5 last=58588 min=58472 max=58588 late=0 stuck=0 rderr=0
2026-09-03T20:28:02.849258 [DWT] ok=1 cyc=2161413859 cyc_per_ms=799999
2026-09-03T20:28:03.863104 [HB] up_ms=6151068 frames=291546 inf=291546 hazard=37351 canary_err=0 q=0 qovr=0
2026-09-03T20:28:03.874348 [I2C] init=0 gate=0 whoami=0x201e0 wr=0 wrseen=0x27 addr=0x5a ok=1179773 err=0 tmo=0 recov=0 pclk1=200000000 sysclk=400000000
2026-09-03T20:28:03.875711 [NAK] nacks=0
2026-09-03T20:28:03.880353 [CLK] cpu=800000000 sysb=400000000 pclk1=200000000
2026-09-03T20:28:03.884823 [TOF] res=0 step=0 id=0xeacc blk=0xeacc10 ctl=0x0
2026-09-03T20:28:03.890584 [RNG] init=0 step=99 id=0xeacc boot=1 calls=93 xerr=0 dm=1 tb=15
2026-09-03T20:28:03.897710 [RNG] osc=41 imp=881 imprb=881 mstart=0x40 cfg=91 cfgfail=0x0 vhv=0 vpolls=0
2026-09-03T20:28:03.905717 [PRT] calls=1165591 xerr=0 ler=1 lidx=0x0 perr=0 maxcnt=17 addr8=0x52
2026-09-03T20:28:03.907955 [RTY] wr=0 wmax=0 wref=0  rd=0 rmax=0 rref=0
2026-09-03T20:28:03.916084 [RNG] frames=291191 last=42 min=22 max=61 nrdy=357 dxfer=0 dstat=0 lst=0 nrdyerr=0 dclr=0
2026-09-03T20:28:03.922326 [DRV] init=0 id=7 mode=0x1 lib=0x2 seq=0x1 odc=0x8b sts=0xe0 armed=1
2026-09-03T20:28:03.928012 [TRG] pulses=2734 suppressed=34617 cyc=1600 rst=1 rstmode=0x40
2026-09-03T20:28:03.931455 [HLT] polls=5830 faults=0x0 cfglost=0
2026-09-03T20:28:03.937082 [EFF] n=5 last=58588 min=58472 max=58588 late=0 stuck=0 rderr=0
2026-09-03T20:28:03.941666 [DWT] ok=1 cyc=3029311831 cyc_per_ms=799905
2026-09-03T20:28:04.954509 [HB] up_ms=6152153 frames=291597 inf=291597 hazard=37351 canary_err=0 q=0 qovr=0
2026-09-03T20:28:04.965800 [I2C] init=0 gate=0 whoami=0x201e0 wr=0 wrseen=0x27 addr=0x5a ok=1179983 err=0 tmo=0 recov=0 pclk1=200000000 sysclk=400000000
2026-09-03T20:28:04.967133 [NAK] nacks=0
2026-09-03T20:28:04.971641 [CLK] cpu=800000000 sysb=400000000 pclk1=200000000
2026-09-03T20:28:04.976287 [TOF] res=0 step=0 id=0xeacc blk=0xeacc10 ctl=0x0
2026-09-03T20:28:04.982153 [RNG] init=0 step=99 id=0xeacc boot=1 calls=93 xerr=0 dm=1 tb=15
2026-09-03T20:28:04.989010 [RNG] osc=41 imp=881 imprb=881 mstart=0x40 cfg=91 cfgfail=0x0 vhv=0 vpolls=0
2026-09-03T20:28:04.996014 [PRT] calls=1165795 xerr=0 ler=1 lidx=0x0 perr=0 maxcnt=17 addr8=0x52
2026-09-03T20:28:04.999508 [RTY] wr=0 wmax=0 wref=0  rd=0 rmax=0 rref=0
2026-09-03T20:28:05.007538 [RNG] frames=291243 last=38 min=22 max=61 nrdy=357 dxfer=0 dstat=0 lst=0 nrdyerr=0 dclr=0
2026-09-03T20:28:05.013753 [DRV] init=0 id=7 mode=0x1 lib=0x2 seq=0x1 odc=0x8b sts=0xe0 armed=1
2026-09-03T20:28:05.019383 [TRG] pulses=2734 suppressed=34617 cyc=1600 rst=1 rstmode=0x40
2026-09-03T20:28:05.022882 [HLT] polls=5832 faults=0x0 cfglost=0
2026-09-03T20:28:05.028701 [EFF] n=5 last=58588 min=58472 max=58588 late=0 stuck=0 rderr=0
2026-09-03T20:28:05.032648 [DWT] ok=1 cyc=3897446771 cyc_per_ms=800124
2026-09-03T20:28:06.045688 [HB] up_ms=6153238 frames=291649 inf=291649 hazard=37360 canary_err=0 q=0 qovr=0
2026-09-03T20:28:06.057066 [I2C] init=0 gate=0 whoami=0x201e0 wr=0 wrseen=0x27 addr=0x5a ok=1180189 err=0 tmo=0 recov=0 pclk1=200000000 sysclk=400000000
2026-09-03T20:28:06.058305 [NAK] nacks=0
2026-09-03T20:28:06.062949 [CLK] cpu=800000000 sysb=400000000 pclk1=200000000
2026-09-03T20:28:06.067428 [TOF] res=0 step=0 id=0xeacc blk=0xeacc10 ctl=0x0
2026-09-03T20:28:06.073177 [RNG] init=0 step=99 id=0xeacc boot=1 calls=93 xerr=0 dm=1 tb=15
2026-09-03T20:28:06.080183 [RNG] osc=41 imp=881 imprb=881 mstart=0x40 cfg=91 cfgfail=0x0 vhv=0 vpolls=0
2026-09-03T20:28:06.086569 [PRT] calls=1166003 xerr=0 ler=1 lidx=0x0 perr=0 maxcnt=17 addr8=0x52
2026-09-03T20:28:06.090576 [RTY] wr=0 wmax=0 wref=0  rd=0 rmax=0 rref=0
2026-09-03T20:28:06.098586 [RNG] frames=291294 last=43 min=22 max=61 nrdy=357 dxfer=0 dstat=0 lst=0 nrdyerr=0 dclr=0
2026-09-03T20:28:06.104926 [DRV] init=0 id=7 mode=0x1 lib=0x2 seq=0x1 odc=0x8b sts=0xe0 armed=1
2026-09-03T20:28:06.110571 [TRG] pulses=2735 suppressed=34628 cyc=1600 rst=1 rstmode=0x40
2026-09-03T20:28:06.114023 [HLT] polls=5833 faults=0x0 cfglost=0
2026-09-03T20:28:06.119685 [EFF] n=5 last=58588 min=58472 max=58588 late=0 stuck=0 rderr=0
2026-09-03T20:28:06.123674 [DWT] ok=1 cyc=470380051 cyc_per_ms=799908
2026-09-03T20:28:07.136756 [HB] up_ms=6154323 frames=291700 inf=291700 hazard=37392 canary_err=0 q=0 qovr=0
2026-09-03T20:28:07.148111 [I2C] init=0 gate=0 whoami=0x201e0 wr=0 wrseen=0x27 addr=0x5a ok=1180397 err=0 tmo=0 recov=0 pclk1=200000000 sysclk=400000000
2026-09-03T20:28:07.149358 [NAK] nacks=0
2026-09-03T20:28:07.153987 [CLK] cpu=800000000 sysb=400000000 pclk1=200000000
2026-09-03T20:28:07.158493 [TOF] res=0 step=0 id=0xeacc blk=0xeacc10 ctl=0x0
2026-09-03T20:28:07.164374 [RNG] init=0 step=99 id=0xeacc boot=1 calls=93 xerr=0 dm=1 tb=15
2026-09-03T20:28:07.171431 [RNG] osc=41 imp=881 imprb=881 mstart=0x40 cfg=91 cfgfail=0x0 vhv=0 vpolls=0
2026-09-03T20:28:07.177677 [PRT] calls=1166207 xerr=0 ler=1 lidx=0x0 perr=0 maxcnt=17 addr8=0x52
2026-09-03T20:28:07.181731 [RTY] wr=0 wmax=0 wref=0  rd=0 rmax=0 rref=0
2026-09-03T20:28:07.189731 [RNG] frames=291345 last=41 min=22 max=61 nrdy=357 dxfer=0 dstat=0 lst=0 nrdyerr=0 dclr=0
2026-09-03T20:28:07.195987 [DRV] init=0 id=7 mode=0x1 lib=0x2 seq=0x1 odc=0x8b sts=0xe0 armed=1
2026-09-03T20:28:07.201636 [TRG] pulses=2737 suppressed=34655 cyc=1600 rst=1 rstmode=0x40
2026-09-03T20:28:07.205108 [HLT] polls=5834 faults=0x0 cfglost=0
2026-09-03T20:28:07.210873 [EFF] n=5 last=58588 min=58472 max=58588 late=0 stuck=0 rderr=0
2026-09-03T20:28:07.214877 [DWT] ok=1 cyc=1338446663 cyc_per_ms=800061
2026-09-03T20:28:08.227545 [HB] up_ms=6155408 frames=291752 inf=291752 hazard=37392 canary_err=0 q=0 qovr=0
2026-09-03T20:28:08.238697 [I2C] init=0 gate=0 whoami=0x201e0 wr=0 wrseen=0x27 addr=0x5a ok=1180607 err=0 tmo=0 recov=0 pclk1=200000000 sysclk=400000000
2026-09-03T20:28:08.240032 [NAK] nacks=0
2026-09-03T20:28:08.244663 [CLK] cpu=800000000 sysb=400000000 pclk1=200000000
2026-09-03T20:28:08.249163 [TOF] res=0 step=0 id=0xeacc blk=0xeacc10 ctl=0x0
2026-09-03T20:28:08.255043 [RNG] init=0 step=99 id=0xeacc boot=1 calls=93 xerr=0 dm=1 tb=15
2026-09-03T20:28:08.261924 [RNG] osc=41 imp=881 imprb=881 mstart=0x40 cfg=91 cfgfail=0x0 vhv=0 vpolls=0
2026-09-03T20:28:08.268297 [PRT] calls=1166413 xerr=0 ler=1 lidx=0x0 perr=0 maxcnt=17 addr8=0x52
2026-09-03T20:28:08.272405 [RTY] wr=0 wmax=0 wref=0  rd=0 rmax=0 rref=0
2026-09-03T20:28:08.280430 [RNG] frames=291397 last=42 min=22 max=61 nrdy=357 dxfer=0 dstat=0 lst=0 nrdyerr=0 dclr=0
2026-09-03T20:28:08.286684 [DRV] init=0 id=7 mode=0x1 lib=0x2 seq=0x1 odc=0x8b sts=0xe0 armed=1
2026-09-03T20:28:08.292355 [TRG] pulses=2737 suppressed=34655 cyc=1600 rst=1 rstmode=0x40
2026-09-03T20:28:08.295800 [HLT] polls=5835 faults=0x0 cfglost=0
2026-09-03T20:28:08.301539 [EFF] n=5 last=58588 min=58472 max=58588 late=0 stuck=0 rderr=0
2026-09-03T20:28:08.305416 [DWT] ok=1 cyc=2206344643 cyc_per_ms=799905
2026-09-03T20:28:09.318878 [HB] up_ms=6156493 frames=291803 inf=291803 hazard=37392 canary_err=0 q=0 qovr=0
2026-09-03T20:28:09.330097 [I2C] init=0 gate=0 whoami=0x201e0 wr=0 wrseen=0x27 addr=0x5a ok=1180813 err=0 tmo=0 recov=0 pclk1=200000000 sysclk=400000000
2026-09-03T20:28:09.331350 [NAK] nacks=0
2026-09-03T20:28:09.335973 [CLK] cpu=800000000 sysb=400000000 pclk1=200000000
2026-09-03T20:28:09.340462 [TOF] res=0 step=0 id=0xeacc blk=0xeacc10 ctl=0x0
2026-09-03T20:28:09.346473 [RNG] init=0 step=99 id=0xeacc boot=1 calls=93 xerr=0 dm=1 tb=15
2026-09-03T20:28:09.353327 [RNG] osc=41 imp=881 imprb=881 mstart=0x40 cfg=91 cfgfail=0x0 vhv=0 vpolls=0
2026-09-03T20:28:09.359587 [PRT] calls=1166619 xerr=0 ler=1 lidx=0x0 perr=0 maxcnt=17 addr8=0x52
2026-09-03T20:28:09.363578 [RTY] wr=0 wmax=0 wref=0  rd=0 rmax=0 rref=0
2026-09-03T20:28:09.371812 [RNG] frames=291448 last=45 min=22 max=61 nrdy=357 dxfer=0 dstat=0 lst=0 nrdyerr=0 dclr=0
2026-09-03T20:28:09.377941 [DRV] init=0 id=7 mode=0x1 lib=0x2 seq=0x1 odc=0x8b sts=0xe0 armed=1
2026-09-03T20:28:09.383571 [TRG] pulses=2737 suppressed=34655 cyc=1600 rst=1 rstmode=0x40
2026-09-03T20:28:09.387063 [HLT] polls=5836 faults=0x0 cfglost=0
2026-09-03T20:28:09.392954 [EFF] n=5 last=58588 min=58472 max=58588 late=0 stuck=0 rderr=0
2026-09-03T20:28:09.396815 [DWT] ok=1 cyc=3074446631 cyc_per_ms=800093
2026-09-03T20:28:10.410415 [HB] up_ms=6157578 frames=291855 inf=291855 hazard=37392 canary_err=0 q=0 qovr=0
2026-09-03T20:28:10.421525 [I2C] init=0 gate=0 whoami=0x201e0 wr=0 wrseen=0x27 addr=0x5a ok=1181023 err=0 tmo=0 recov=0 pclk1=200000000 sysclk=400000000
2026-09-03T20:28:10.422888 [NAK] nacks=0
2026-09-03T20:28:10.427517 [CLK] cpu=800000000 sysb=400000000 pclk1=200000000
2026-09-03T20:28:10.432031 [TOF] res=0 step=0 id=0xeacc blk=0xeacc10 ctl=0x0
2026-09-03T20:28:10.437904 [RNG] init=0 step=99 id=0xeacc boot=1 calls=93 xerr=0 dm=1 tb=15
2026-09-03T20:28:10.444771 [RNG] osc=41 imp=881 imprb=881 mstart=0x40 cfg=91 cfgfail=0x0 vhv=0 vpolls=0
2026-09-03T20:28:10.451145 [PRT] calls=1166823 xerr=0 ler=1 lidx=0x0 perr=0 maxcnt=17 addr8=0x52
2026-09-03T20:28:10.455267 [RTY] wr=0 wmax=0 wref=0  rd=0 rmax=0 rref=0
2026-09-03T20:28:10.463277 [RNG] frames=291500 last=49 min=22 max=61 nrdy=357 dxfer=0 dstat=0 lst=0 nrdyerr=0 dclr=0
2026-09-03T20:28:10.469418 [DRV] init=0 id=7 mode=0x1 lib=0x2 seq=0x1 odc=0x8b sts=0xe0 armed=1
2026-09-03T20:28:10.475149 [TRG] pulses=2737 suppressed=34655 cyc=1600 rst=1 rstmode=0x40
2026-09-03T20:28:10.478673 [HLT] polls=5837 faults=0x0 cfglost=0
2026-09-03T20:28:10.484390 [EFF] n=5 last=58588 min=58472 max=58588 late=0 stuck=0 rderr=0
2026-09-03T20:28:10.488386 [DWT] ok=1 cyc=3942445859 cyc_per_ms=799999
2026-09-03T20:28:11.501593 [HB] up_ms=6158663 frames=291906 inf=291906 hazard=37392 canary_err=0 q=0 qovr=0
2026-09-03T20:28:11.512961 [I2C] init=0 gate=0 whoami=0x201e0 wr=0 wrseen=0x27 addr=0x5a ok=1181229 err=0 tmo=0 recov=0 pclk1=200000000 sysclk=400000000
2026-09-03T20:28:11.514195 [NAK] nacks=0
2026-09-03T20:28:11.518810 [CLK] cpu=800000000 sysb=400000000 pclk1=200000000
2026-09-03T20:28:11.523309 [TOF] res=0 step=0 id=0xeacc blk=0xeacc10 ctl=0x0
2026-09-03T20:28:11.529198 [RNG] init=0 step=99 id=0xeacc boot=1 calls=93 xerr=0 dm=1 tb=15
2026-09-03T20:28:11.536201 [RNG] osc=41 imp=881 imprb=881 mstart=0x40 cfg=91 cfgfail=0x0 vhv=0 vpolls=0
2026-09-03T20:28:11.542453 [PRT] calls=1167031 xerr=0 ler=1 lidx=0x0 perr=0 maxcnt=17 addr8=0x52
2026-09-03T20:28:11.546444 [RTY] wr=0 wmax=0 wref=0  rd=0 rmax=0 rref=0
2026-09-03T20:28:11.554725 [RNG] frames=291551 last=45 min=22 max=61 nrdy=357 dxfer=0 dstat=0 lst=0 nrdyerr=0 dclr=0
2026-09-03T20:28:11.560819 [DRV] init=0 id=7 mode=0x1 lib=0x2 seq=0x1 odc=0x8b sts=0xe0 armed=1
2026-09-03T20:28:11.566447 [TRG] pulses=2737 suppressed=34655 cyc=1600 rst=1 rstmode=0x40
2026-09-03T20:28:11.569942 [HLT] polls=5838 faults=0x0 cfglost=0
2026-09-03T20:28:11.575820 [EFF] n=5 last=58588 min=58472 max=58588 late=0 stuck=0 rderr=0
2026-09-03T20:28:11.579690 [DWT] ok=1 cyc=515479383 cyc_per_ms=800000
2026-09-03T20:28:12.593511 [HB] up_ms=6159748 frames=291957 inf=291957 hazard=37392 canary_err=0 q=0 qovr=0
2026-09-03T20:28:12.604761 [I2C] init=0 gate=0 whoami=0x201e0 wr=0 wrseen=0x27 addr=0x5a ok=1181439 err=0 tmo=0 recov=0 pclk1=200000000 sysclk=400000000
2026-09-03T20:28:12.605996 [NAK] nacks=0
2026-09-03T20:28:12.610643 [CLK] cpu=800000000 sysb=400000000 pclk1=200000000
2026-09-03T20:28:12.615256 [TOF] res=0 step=0 id=0xeacc blk=0xeacc10 ctl=0x0
2026-09-03T20:28:12.621128 [RNG] init=0 step=99 id=0xeacc boot=1 calls=93 xerr=0 dm=1 tb=15
2026-09-03T20:28:12.627992 [RNG] osc=41 imp=881 imprb=881 mstart=0x40 cfg=91 cfgfail=0x0 vhv=0 vpolls=0
2026-09-03T20:28:12.634364 [PRT] calls=1167235 xerr=0 ler=1 lidx=0x0 perr=0 maxcnt=17 addr8=0x52
2026-09-03T20:28:12.638372 [RTY] wr=0 wmax=0 wref=0  rd=0 rmax=0 rref=0
2026-09-03T20:28:12.646485 [RNG] frames=291603 last=33 min=22 max=61 nrdy=357 dxfer=0 dstat=0 lst=0 nrdyerr=0 dclr=0
2026-09-03T20:28:12.652649 [DRV] init=0 id=7 mode=0x1 lib=0x2 seq=0x1 odc=0x8b sts=0xe0 armed=1
2026-09-03T20:28:12.658375 [TRG] pulses=2737 suppressed=34655 cyc=1600 rst=1 rstmode=0x40
2026-09-03T20:28:12.661886 [HLT] polls=5839 faults=0x0 cfglost=0
2026-09-03T20:28:12.667641 [EFF] n=5 last=58588 min=58472 max=58588 late=0 stuck=0 rderr=0
2026-09-03T20:28:12.671474 [DWT] ok=1 cyc=1383482707 cyc_per_ms=800003
2026-09-03T20:28:13.685182 [HB] up_ms=6160833 frames=292009 inf=292009 hazard=37433 canary_err=0 q=0 qovr=0
2026-09-03T20:28:13.696435 [I2C] init=0 gate=0 whoami=0x201e0 wr=0 wrseen=0x27 addr=0x5a ok=1181645 err=0 tmo=0 recov=0 pclk1=200000000 sysclk=400000000
2026-09-03T20:28:13.697806 [NAK] nacks=0
2026-09-03T20:28:13.702445 [CLK] cpu=800000000 sysb=400000000 pclk1=200000000
2026-09-03T20:28:13.706922 [TOF] res=0 step=0 id=0xeacc blk=0xeacc10 ctl=0x0
2026-09-03T20:28:13.712682 [RNG] init=0 step=99 id=0xeacc boot=1 calls=93 xerr=0 dm=1 tb=15
2026-09-03T20:28:13.719708 [RNG] osc=41 imp=881 imprb=881 mstart=0x40 cfg=91 cfgfail=0x0 vhv=0 vpolls=0
2026-09-03T20:28:13.725934 [PRT] calls=1167443 xerr=0 ler=1 lidx=0x0 perr=0 maxcnt=17 addr8=0x52
2026-09-03T20:28:13.730051 [RTY] wr=0 wmax=0 wref=0  rd=0 rmax=0 rref=0
2026-09-03T20:28:13.738173 [RNG] frames=291654 last=50 min=22 max=61 nrdy=357 dxfer=0 dstat=0 lst=0 nrdyerr=0 dclr=0
2026-09-03T20:28:13.744481 [DRV] init=0 id=7 mode=0x1 lib=0x2 seq=0x1 odc=0x8b sts=0xe0 armed=1
2026-09-03T20:28:13.750040 [TRG] pulses=2740 suppressed=34693 cyc=1600 rst=1 rstmode=0x40
2026-09-03T20:28:13.753580 [HLT] polls=5840 faults=0x0 cfglost=0
2026-09-03T20:28:13.759306 [EFF] n=5 last=58588 min=58472 max=58588 late=0 stuck=0 rderr=0
2026-09-03T20:28:13.763297 [DWT] ok=1 cyc=2251377231 cyc_per_ms=799902
2026-09-03T20:28:14.777532 [HB] up_ms=6161918 frames=292060 inf=292060 hazard=37433 canary_err=0 q=0 qovr=0
2026-09-03T20:28:14.788743 [I2C] init=0 gate=0 whoami=0x201e0 wr=0 wrseen=0x27 addr=0x5a ok=1181854 err=0 tmo=0 recov=0 pclk1=200000000 sysclk=400000000
2026-09-03T20:28:14.790099 [NAK] nacks=0
2026-09-03T20:28:14.794766 [CLK] cpu=800000000 sysb=400000000 pclk1=200000000
2026-09-03T20:28:14.799352 [TOF] res=0 step=0 id=0xeacc blk=0xeacc10 ctl=0x0
2026-09-03T20:28:14.805223 [RNG] init=0 step=99 id=0xeacc boot=1 calls=93 xerr=0 dm=1 tb=15
2026-09-03T20:28:14.812101 [RNG] osc=41 imp=881 imprb=881 mstart=0x40 cfg=91 cfgfail=0x0 vhv=0 vpolls=0
2026-09-03T20:28:14.818344 [PRT] calls=1167647 xerr=0 ler=1 lidx=0x0 perr=0 maxcnt=17 addr8=0x52
2026-09-03T20:28:14.822468 [RTY] wr=0 wmax=0 wref=0  rd=0 rmax=0 rref=0
2026-09-03T20:28:14.830618 [RNG] frames=291706 last=35 min=22 max=61 nrdy=357 dxfer=0 dstat=0 lst=0 nrdyerr=0 dclr=0
2026-09-03T20:28:14.836720 [DRV] init=0 id=7 mode=0x1 lib=0x2 seq=0x1 odc=0x8b sts=0xe0 armed=1
2026-09-03T20:28:14.842367 [TRG] pulses=2740 suppressed=34693 cyc=1600 rst=1 rstmode=0x40
2026-09-03T20:28:14.845993 [HLT] polls=5841 faults=0x0 cfglost=0
2026-09-03T20:28:14.851737 [EFF] n=5 last=58588 min=58472 max=58588 late=0 stuck=0 rderr=0
2026-09-03T20:28:14.855761 [DWT] ok=1 cyc=3119479191 cyc_per_ms=800093
2026-09-03T20:28:15.869785 [HB] up_ms=6163003 frames=292112 inf=292112 hazard=37433 canary_err=0 q=0 qovr=0
2026-09-03T20:28:15.881036 [I2C] init=0 gate=0 whoami=0x201e0 wr=0 wrseen=0x27 addr=0x5a ok=1182061 err=0 tmo=0 recov=0 pclk1=200000000 sysclk=400000000
2026-09-03T20:28:15.882532 [NAK] nacks=0
2026-09-03T20:28:15.887055 [CLK] cpu=800000000 sysb=400000000 pclk1=200000000
2026-09-03T20:28:15.891541 [TOF] res=0 step=0 id=0xeacc blk=0xeacc10 ctl=0x0
2026-09-03T20:28:15.897404 [RNG] init=0 step=99 id=0xeacc boot=1 calls=93 xerr=0 dm=1 tb=15
2026-09-03T20:28:15.904435 [RNG] osc=41 imp=881 imprb=881 mstart=0x40 cfg=91 cfgfail=0x0 vhv=0 vpolls=0
2026-09-03T20:28:15.910658 [PRT] calls=1167855 xerr=0 ler=1 lidx=0x0 perr=0 maxcnt=17 addr8=0x52
2026-09-03T20:28:15.914776 [RTY] wr=0 wmax=0 wref=0  rd=0 rmax=0 rref=0
2026-09-03T20:28:15.922775 [RNG] frames=291757 last=45 min=22 max=61 nrdy=357 dxfer=0 dstat=0 lst=0 nrdyerr=0 dclr=0
2026-09-03T20:28:15.929188 [DRV] init=0 id=7 mode=0x1 lib=0x2 seq=0x1 odc=0x8b sts=0xe0 armed=1
2026-09-03T20:28:15.934775 [TRG] pulses=2740 suppressed=34693 cyc=1600 rst=1 rstmode=0x40
2026-09-03T20:28:15.938170 [HLT] polls=5842 faults=0x0 cfglost=0
2026-09-03T20:28:15.943915 [EFF] n=5 last=58588 min=58472 max=58588 late=0 stuck=0 rderr=0
2026-09-03T20:28:15.948033 [DWT] ok=1 cyc=3987377343 cyc_per_ms=799906
2026-09-03T20:28:16.962048 [HB] up_ms=6164088 frames=292163 inf=292163 hazard=37433 canary_err=0 q=0 qovr=0
2026-09-03T20:28:16.973213 [I2C] init=0 gate=0 whoami=0x201e0 wr=0 wrseen=0x27 addr=0x5a ok=1182265 err=0 tmo=0 recov=0 pclk1=200000000 sysclk=400000000
2026-09-03T20:28:16.974617 [NAK] nacks=0
2026-09-03T20:28:16.979210 [CLK] cpu=800000000 sysb=400000000 pclk1=200000000
2026-09-03T20:28:16.983708 [TOF] res=0 step=0 id=0xeacc blk=0xeacc10 ctl=0x0
2026-09-03T20:28:16.989603 [RNG] init=0 step=99 id=0xeacc boot=1 calls=93 xerr=0 dm=1 tb=15
2026-09-03T20:28:16.996459 [RNG] osc=41 imp=881 imprb=881 mstart=0x40 cfg=91 cfgfail=0x0 vhv=0 vpolls=0
2026-09-03T20:28:17.002705 [PRT] calls=1168057 xerr=0 ler=1 lidx=0x0 perr=0 maxcnt=17 addr8=0x52
2026-09-03T20:28:17.006830 [RTY] wr=0 wmax=0 wref=0  rd=0 rmax=0 rref=0
2026-09-03T20:28:17.014961 [RNG] frames=291807 last=42 min=22 max=61 nrdy=358 dxfer=0 dstat=0 lst=0 nrdyerr=0 dclr=0
2026-09-03T20:28:17.021206 [DRV] init=0 id=7 mode=0x1 lib=0x2 seq=0x1 odc=0x8b sts=0xe0 armed=1
2026-09-03T20:28:17.026824 [TRG] pulses=2740 suppressed=34693 cyc=1600 rst=1 rstmode=0x40
2026-09-03T20:28:17.030199 [HLT] polls=5843 faults=0x0 cfglost=0
2026-09-03T20:28:17.036068 [EFF] n=5 last=58588 min=58472 max=58588 late=0 stuck=0 rderr=0
2026-09-03T20:28:17.039956 [DWT] ok=1 cyc=560512075 cyc_per_ms=800094
2026-09-03T20:28:18.054519 [HB] up_ms=6165173 frames=292215 inf=292215 hazard=37433 canary_err=0 q=0 qovr=0
2026-09-03T20:28:18.065706 [I2C] init=0 gate=0 whoami=0x201e0 wr=0 wrseen=0x27 addr=0x5a ok=1182475 err=0 tmo=0 recov=0 pclk1=200000000 sysclk=400000000
2026-09-03T20:28:18.067006 [NAK] nacks=0
2026-09-03T20:28:18.071762 [CLK] cpu=800000000 sysb=400000000 pclk1=200000000
2026-09-03T20:28:18.076257 [TOF] res=0 step=0 id=0xeacc blk=0xeacc10 ctl=0x0
2026-09-03T20:28:18.082006 [RNG] init=0 step=99 id=0xeacc boot=1 calls=93 xerr=0 dm=1 tb=15
2026-09-03T20:28:18.089005 [RNG] osc=41 imp=881 imprb=881 mstart=0x40 cfg=91 cfgfail=0x0 vhv=0 vpolls=0
2026-09-03T20:28:18.095393 [PRT] calls=1168261 xerr=0 ler=1 lidx=0x0 perr=0 maxcnt=17 addr8=0x52
2026-09-03T20:28:18.099386 [RTY] wr=0 wmax=0 wref=0  rd=0 rmax=0 rref=0
2026-09-03T20:28:18.107502 [RNG] frames=291859 last=40 min=22 max=61 nrdy=358 dxfer=0 dstat=0 lst=0 nrdyerr=0 dclr=0
2026-09-03T20:28:18.113692 [DRV] init=0 id=7 mode=0x1 lib=0x2 seq=0x1 odc=0x8b sts=0xe0 armed=1
2026-09-03T20:28:18.119377 [TRG] pulses=2740 suppressed=34693 cyc=1600 rst=1 rstmode=0x40
2026-09-03T20:28:18.122879 [HLT] polls=5844 faults=0x0 cfglost=0
2026-09-03T20:28:18.128667 [EFF] n=5 last=58588 min=58472 max=58588 late=0 stuck=0 rderr=0
2026-09-03T20:28:18.132649 [DWT] ok=1 cyc=1428511259 cyc_per_ms=799999
2026-09-03T20:28:19.147078 [HB] up_ms=6166258 frames=292266 inf=292266 hazard=37433 canary_err=0 q=0 qovr=0
2026-09-03T20:28:19.158448 [I2C] init=0 gate=0 whoami=0x201e0 wr=0 wrseen=0x27 addr=0x5a ok=1182681 err=0 tmo=0 recov=0 pclk1=200000000 sysclk=400000000
2026-09-03T20:28:19.159826 [NAK] nacks=0
2026-09-03T20:28:19.164315 [CLK] cpu=800000000 sysb=400000000 pclk1=200000000
2026-09-03T20:28:19.168806 [TOF] res=0 step=0 id=0xeacc blk=0xeacc10 ctl=0x0
2026-09-03T20:28:19.174841 [RNG] init=0 step=99 id=0xeacc boot=1 calls=93 xerr=0 dm=1 tb=15
2026-09-03T20:28:19.181717 [RNG] osc=41 imp=881 imprb=881 mstart=0x40 cfg=91 cfgfail=0x0 vhv=0 vpolls=0
2026-09-03T20:28:19.187931 [PRT] calls=1168469 xerr=0 ler=1 lidx=0x0 perr=0 maxcnt=17 addr8=0x52
2026-09-03T20:28:19.192058 [RTY] wr=0 wmax=0 wref=0  rd=0 rmax=0 rref=0
2026-09-03T20:28:19.200197 [RNG] frames=291910 last=44 min=22 max=61 nrdy=358 dxfer=0 dstat=0 lst=0 nrdyerr=0 dclr=0
2026-09-03T20:28:19.206434 [DRV] init=0 id=7 mode=0x1 lib=0x2 seq=0x1 odc=0x8b sts=0xe0 armed=1
2026-09-03T20:28:19.212065 [TRG] pulses=2740 suppressed=34693 cyc=1600 rst=1 rstmode=0x40
2026-09-03T20:28:19.215583 [HLT] polls=5845 faults=0x0 cfglost=0
2026-09-03T20:28:19.221440 [EFF] n=5 last=58588 min=58472 max=58588 late=0 stuck=0 rderr=0
2026-09-03T20:28:19.225318 [DWT] ok=1 cyc=2296512051 cyc_per_ms=800000
2026-09-03T20:28:20.240001 [HB] up_ms=6167343 frames=292317 inf=292317 hazard=37470 canary_err=0 q=0 qovr=0
2026-09-03T20:28:20.251270 [I2C] init=0 gate=0 whoami=0x201e0 wr=0 wrseen=0x27 addr=0x5a ok=1182891 err=0 tmo=0 recov=0 pclk1=200000000 sysclk=400000000
2026-09-03T20:28:20.252631 [NAK] nacks=0
2026-09-03T20:28:20.257116 [CLK] cpu=800000000 sysb=400000000 pclk1=200000000
2026-09-03T20:28:20.261745 [TOF] res=0 step=0 id=0xeacc blk=0xeacc10 ctl=0x0
2026-09-03T20:28:20.267632 [RNG] init=0 step=99 id=0xeacc boot=1 calls=93 xerr=0 dm=1 tb=15
2026-09-03T20:28:20.274489 [RNG] osc=41 imp=881 imprb=881 mstart=0x40 cfg=91 cfgfail=0x0 vhv=0 vpolls=0
2026-09-03T20:28:20.280863 [PRT] calls=1168673 xerr=0 ler=1 lidx=0x0 perr=0 maxcnt=17 addr8=0x52
2026-09-03T20:28:20.284996 [RTY] wr=0 wmax=0 wref=0  rd=0 rmax=0 rref=0
2026-09-03T20:28:20.293002 [RNG] frames=291962 last=40 min=22 max=61 nrdy=358 dxfer=0 dstat=0 lst=0 nrdyerr=0 dclr=0
2026-09-03T20:28:20.299236 [DRV] init=0 id=7 mode=0x1 lib=0x2 seq=0x1 odc=0x8b sts=0xe0 armed=1
2026-09-03T20:28:20.304992 [TRG] pulses=2743 suppressed=34730 cyc=1600 rst=1 rstmode=0x40
2026-09-03T20:28:20.308488 [HLT] polls=5846 faults=0x0 cfglost=0
2026-09-03T20:28:20.314114 [EFF] n=5 last=58588 min=58472 max=58588 late=0 stuck=0 rderr=0
2026-09-03T20:28:20.318106 [DWT] ok=1 cyc=3164515615 cyc_per_ms=800003
2026-09-03T20:28:21.332428 [HB] up_ms=6168428 frames=292369 inf=292369 hazard=37474 canary_err=0 q=0 qovr=0
2026-09-03T20:28:21.343811 [I2C] init=0 gate=0 whoami=0x201e0 wr=0 wrseen=0x27 addr=0x5a ok=1183097 err=0 tmo=0 recov=0 pclk1=200000000 sysclk=400000000
2026-09-03T20:28:21.345170 [NAK] nacks=0
2026-09-03T20:28:21.349663 [CLK] cpu=800000000 sysb=400000000 pclk1=200000000
2026-09-03T20:28:21.354153 [TOF] res=0 step=0 id=0xeacc blk=0xeacc10 ctl=0x0
2026-09-03T20:28:21.360041 [RNG] init=0 step=99 id=0xeacc boot=1 calls=93 xerr=0 dm=1 tb=15
2026-09-03T20:28:21.367049 [RNG] osc=41 imp=881 imprb=881 mstart=0x40 cfg=91 cfgfail=0x0 vhv=0 vpolls=0
2026-09-03T20:28:21.373293 [PRT] calls=1168881 xerr=0 ler=1 lidx=0x0 perr=0 maxcnt=17 addr8=0x52
2026-09-03T20:28:21.377424 [RTY] wr=0 wmax=0 wref=0  rd=0 rmax=0 rref=0
2026-09-03T20:28:21.385615 [RNG] frames=292013 last=35 min=22 max=61 nrdy=358 dxfer=0 dstat=0 lst=0 nrdyerr=0 dclr=0
2026-09-03T20:28:21.391790 [DRV] init=0 id=7 mode=0x1 lib=0x2 seq=0x1 odc=0x8b sts=0xe0 armed=1
2026-09-03T20:28:21.397419 [TRG] pulses=2743 suppressed=34731 cyc=1600 rst=1 rstmode=0x40
2026-09-03T20:28:21.400912 [HLT] polls=5847 faults=0x0 cfglost=0
2026-09-03T20:28:21.406701 [EFF] n=5 last=58588 min=58472 max=58588 late=0 stuck=0 rderr=0
2026-09-03T20:28:21.410682 [DWT] ok=1 cyc=4032409987 cyc_per_ms=799902
2026-09-03T20:28:22.425232 [HB] up_ms=6169513 frames=292420 inf=292420 hazard=37474 canary_err=0 q=0 qovr=0
2026-09-03T20:28:22.436482 [I2C] init=0 gate=0 whoami=0x201e0 wr=0 wrseen=0x27 addr=0x5a ok=1183306 err=0 tmo=0 recov=0 pclk1=200000000 sysclk=400000000
2026-09-03T20:28:22.437724 [NAK] nacks=0
2026-09-03T20:28:22.442345 [CLK] cpu=800000000 sysb=400000000 pclk1=200000000
2026-09-03T20:28:22.446979 [TOF] res=0 step=0 id=0xeacc blk=0xeacc10 ctl=0x0
2026-09-03T20:28:22.452866 [RNG] init=0 step=99 id=0xeacc boot=1 calls=93 xerr=0 dm=1 tb=15
2026-09-03T20:28:22.459857 [RNG] osc=41 imp=881 imprb=881 mstart=0x40 cfg=91 cfgfail=0x0 vhv=0 vpolls=0
2026-09-03T20:28:22.465979 [PRT] calls=1169085 xerr=0 ler=1 lidx=0x0 perr=0 maxcnt=17 addr8=0x52
2026-09-03T20:28:22.470245 [RTY] wr=0 wmax=0 wref=0  rd=0 rmax=0 rref=0
2026-09-03T20:28:22.478231 [RNG] frames=292065 last=45 min=22 max=61 nrdy=358 dxfer=0 dstat=0 lst=0 nrdyerr=0 dclr=0
2026-09-03T20:28:22.484353 [DRV] init=0 id=7 mode=0x1 lib=0x2 seq=0x1 odc=0x8b sts=0xe0 armed=1
2026-09-03T20:28:22.489971 [TRG] pulses=2743 suppressed=34731 cyc=1600 rst=1 rstmode=0x40
2026-09-03T20:28:22.493817 [HLT] polls=5848 faults=0x0 cfglost=0
2026-09-03T20:28:22.499348 [EFF] n=5 last=58588 min=58472 max=58588 late=0 stuck=0 rderr=0
2026-09-03T20:28:22.503214 [DWT] ok=1 cyc=605544639 cyc_per_ms=800093
2026-09-03T20:28:23.517037 [HB] up_ms=6170598 frames=292472 inf=292472 hazard=37474 canary_err=0 q=0 qovr=0
2026-09-03T20:28:23.528283 [I2C] init=0 gate=0 whoami=0x201e0 wr=0 wrseen=0x27 addr=0x5a ok=1183513 err=0 tmo=0 recov=0 pclk1=200000000 sysclk=400000000
2026-09-03T20:28:23.529647 [NAK] nacks=0
2026-09-03T20:28:23.534273 [CLK] cpu=800000000 sysb=400000000 pclk1=200000000
2026-09-03T20:28:23.538771 [TOF] res=0 step=0 id=0xeacc blk=0xeacc10 ctl=0x0
2026-09-03T20:28:23.544537 [RNG] init=0 step=99 id=0xeacc boot=1 calls=93 xerr=0 dm=1 tb=15
2026-09-03T20:28:23.551525 [RNG] osc=41 imp=881 imprb=881 mstart=0x40 cfg=91 cfgfail=0x0 vhv=0 vpolls=0
2026-09-03T20:28:23.557904 [PRT] calls=1169293 xerr=0 ler=1 lidx=0x0 perr=0 maxcnt=17 addr8=0x52
2026-09-03T20:28:23.561901 [RTY] wr=0 wmax=0 wref=0  rd=0 rmax=0 rref=0
2026-09-03T20:28:23.569901 [RNG] frames=292116 last=35 min=22 max=61 nrdy=358 dxfer=0 dstat=0 lst=0 nrdyerr=0 dclr=0
2026-09-03T20:28:23.576283 [DRV] init=0 id=7 mode=0x1 lib=0x2 seq=0x1 odc=0x8b sts=0xe0 armed=1
2026-09-03T20:28:23.581901 [TRG] pulses=2743 suppressed=34731 cyc=1600 rst=1 rstmode=0x40
2026-09-03T20:28:23.585442 [HLT] polls=5849 faults=0x0 cfglost=0
2026-09-03T20:28:23.591182 [EFF] n=5 last=58588 min=58472 max=58588 late=0 stuck=0 rderr=0
2026-09-03T20:28:23.595173 [DWT] ok=1 cyc=1473442779 cyc_per_ms=799906
2026-09-03T20:28:24.609122 [HB] up_ms=6171683 frames=292523 inf=292523 hazard=37474 canary_err=0 q=0 qovr=0
2026-09-03T20:28:24.620507 [I2C] init=0 gate=0 whoami=0x201e0 wr=0 wrseen=0x27 addr=0x5a ok=1183719 err=0 tmo=0 recov=0 pclk1=200000000 sysclk=400000000
2026-09-03T20:28:24.621859 [NAK] nacks=0
2026-09-03T20:28:24.626360 [CLK] cpu=800000000 sysb=400000000 pclk1=200000000
2026-09-03T20:28:24.630873 [TOF] res=0 step=0 id=0xeacc blk=0xeacc10 ctl=0x0
2026-09-03T20:28:24.636861 [RNG] init=0 step=99 id=0xeacc boot=1 calls=93 xerr=0 dm=1 tb=15
2026-09-03T20:28:24.643803 [RNG] osc=41 imp=881 imprb=881 mstart=0x40 cfg=91 cfgfail=0x0 vhv=0 vpolls=0
2026-09-03T20:28:24.649995 [PRT] calls=1169497 xerr=0 ler=1 lidx=0x0 perr=0 maxcnt=17 addr8=0x52
2026-09-03T20:28:24.654104 [RTY] wr=0 wmax=0 wref=0  rd=0 rmax=0 rref=0
2026-09-03T20:28:24.662253 [RNG] frames=292167 last=40 min=22 max=61 nrdy=358 dxfer=0 dstat=0 lst=0 nrdyerr=0 dclr=0
2026-09-03T20:28:24.668486 [DRV] init=0 id=7 mode=0x1 lib=0x2 seq=0x1 odc=0x8b sts=0xe0 armed=1
2026-09-03T20:28:24.674116 [TRG] pulses=2743 suppressed=34731 cyc=1600 rst=1 rstmode=0x40
2026-09-03T20:28:24.677511 [HLT] polls=5850 faults=0x0 cfglost=0
2026-09-03T20:28:24.683360 [EFF] n=5 last=58588 min=58472 max=58588 late=0 stuck=0 rderr=0
2026-09-03T20:28:24.687351 [DWT] ok=1 cyc=2341544691 cyc_per_ms=800093
2026-09-03T20:28:25.701694 [HB] up_ms=6172768 frames=292575 inf=292575 hazard=37474 canary_err=0 q=0 qovr=0
2026-09-03T20:28:25.712809 [I2C] init=0 gate=0 whoami=0x201e0 wr=0 wrseen=0x27 addr=0x5a ok=1183929 err=0 tmo=0 recov=0 pclk1=200000000 sysclk=400000000
2026-09-03T20:28:25.714187 [NAK] nacks=0
2026-09-03T20:28:25.718926 [CLK] cpu=800000000 sysb=400000000 pclk1=200000000
2026-09-03T20:28:25.723415 [TOF] res=0 step=0 id=0xeacc blk=0xeacc10 ctl=0x0
2026-09-03T20:28:25.729197 [RNG] init=0 step=99 id=0xeacc boot=1 calls=93 xerr=0 dm=1 tb=15
2026-09-03T20:28:25.736053 [RNG] osc=41 imp=881 imprb=881 mstart=0x40 cfg=91 cfgfail=0x0 vhv=0 vpolls=0
2026-09-03T20:28:25.742587 [PRT] calls=1169701 xerr=0 ler=1 lidx=0x0 perr=0 maxcnt=17 addr8=0x52
2026-09-03T20:28:25.746598 [RTY] wr=0 wmax=0 wref=0  rd=0 rmax=0 rref=0
2026-09-03T20:28:25.754584 [RNG] frames=292219 last=38 min=22 max=61 nrdy=358 dxfer=0 dstat=0 lst=0 nrdyerr=0 dclr=0
2026-09-03T20:28:25.760835 [DRV] init=0 id=7 mode=0x1 lib=0x2 seq=0x1 odc=0x8b sts=0xe0 armed=1
2026-09-03T20:28:25.766545 [TRG] pulses=2743 suppressed=34731 cyc=1600 rst=1 rstmode=0x40
2026-09-03T20:28:25.770056 [HLT] polls=5851 faults=0x0 cfglost=0
2026-09-03T20:28:25.775801 [EFF] n=5 last=58588 min=58472 max=58588 late=0 stuck=0 rderr=0
2026-09-03T20:28:25.779694 [DWT] ok=1 cyc=3209543955 cyc_per_ms=799999
2026-09-03T20:28:26.792987 [HB] up_ms=6173853 frames=292626 inf=292626 hazard=37500 canary_err=0 q=0 qovr=0
2026-09-03T20:28:26.804353 [I2C] init=0 gate=0 whoami=0x201e0 wr=0 wrseen=0x27 addr=0x5a ok=1184135 err=0 tmo=0 recov=0 pclk1=200000000 sysclk=400000000
2026-09-03T20:28:26.805673 [NAK] nacks=0
2026-09-03T20:28:26.810222 [CLK] cpu=800000000 sysb=400000000 pclk1=200000000
2026-09-03T20:28:26.814705 [TOF] res=0 step=0 id=0xeacc blk=0xeacc10 ctl=0x0
2026-09-03T20:28:26.820673 [RNG] init=0 step=99 id=0xeacc boot=1 calls=93 xerr=0 dm=1 tb=15
2026-09-03T20:28:26.828220 [RNG] osc=41 imp=881 imprb=881 mstart=0x40 cfg=91 cfgfail=0x0 vhv=0 vpolls=0
2026-09-03T20:28:26.833905 [PRT] calls=1169909 xerr=0 ler=1 lidx=0x0 perr=0 maxcnt=17 addr8=0x52
2026-09-03T20:28:26.837973 [RTY] wr=0 wmax=0 wref=0  rd=0 rmax=0 rref=0
2026-09-03T20:28:26.846099 [RNG] frames=292270 last=43 min=22 max=61 nrdy=358 dxfer=0 dstat=0 lst=0 nrdyerr=0 dclr=0
2026-09-03T20:28:26.852311 [DRV] init=0 id=7 mode=0x1 lib=0x2 seq=0x1 odc=0x8b sts=0xe0 armed=1
2026-09-03T20:28:26.857847 [TRG] pulses=2746 suppressed=34757 cyc=1600 rst=1 rstmode=0x40
2026-09-03T20:28:26.861346 [HLT] polls=5852 faults=0x0 cfglost=0
2026-09-03T20:28:26.867206 [EFF] n=5 last=58588 min=58472 max=58588 late=0 stuck=0 rderr=0
2026-09-03T20:28:26.871217 [DWT] ok=1 cyc=4077550987 cyc_per_ms=800006
2026-09-03T20:28:27.884957 [HB] up_ms=6174938 frames=292677 inf=292677 hazard=37515 canary_err=0 q=0 qovr=0
2026-09-03T20:28:27.896178 [I2C] init=0 gate=0 whoami=0x201e0 wr=0 wrseen=0x27 addr=0x5a ok=1184345 err=0 tmo=0 recov=0 pclk1=200000000 sysclk=400000000
2026-09-03T20:28:27.897399 [NAK] nacks=0
2026-09-03T20:28:27.902015 [CLK] cpu=800000000 sysb=400000000 pclk1=200000000
2026-09-03T20:28:27.906649 [TOF] res=0 step=0 id=0xeacc blk=0xeacc10 ctl=0x0
2026-09-03T20:28:27.912544 [RNG] init=0 step=99 id=0xeacc boot=1 calls=93 xerr=0 dm=1 tb=15
2026-09-03T20:28:27.919388 [RNG] osc=41 imp=881 imprb=881 mstart=0x40 cfg=91 cfgfail=0x0 vhv=0 vpolls=0
2026-09-03T20:28:27.925787 [PRT] calls=1170113 xerr=0 ler=1 lidx=0x0 perr=0 maxcnt=17 addr8=0x52
2026-09-03T20:28:27.929779 [RTY] wr=0 wmax=0 wref=0  rd=0 rmax=0 rref=0
2026-09-03T20:28:27.937912 [RNG] frames=292322 last=46 min=22 max=61 nrdy=358 dxfer=0 dstat=0 lst=0 nrdyerr=0 dclr=0
2026-09-03T20:28:27.944025 [DRV] init=0 id=7 mode=0x1 lib=0x2 seq=0x1 odc=0x8b sts=0xe0 armed=1
2026-09-03T20:28:27.949808 [TRG] pulses=2746 suppressed=34769 cyc=1600 rst=1 rstmode=0x40
2026-09-03T20:28:27.953272 [HLT] polls=5853 faults=0x0 cfglost=0
2026-09-03T20:28:27.959056 [EFF] n=5 last=58588 min=58472 max=58588 late=0 stuck=0 rderr=0
2026-09-03T20:28:27.962903 [DWT] ok=1 cyc=650577307 cyc_per_ms=799994
2026-09-03T20:28:28.976933 [HB] up_ms=6176023 frames=292729 inf=292729 hazard=37515 canary_err=0 q=0 qovr=0
2026-09-03T20:28:28.988314 [I2C] init=0 gate=0 whoami=0x201e0 wr=0 wrseen=0x27 addr=0x5a ok=1184549 err=0 tmo=0 recov=0 pclk1=200000000 sysclk=400000000
2026-09-03T20:28:28.989675 [NAK] nacks=0
2026-09-03T20:28:28.994213 [CLK] cpu=800000000 sysb=400000000 pclk1=200000000
2026-09-03T20:28:28.998825 [TOF] res=0 step=0 id=0xeacc blk=0xeacc10 ctl=0x0
2026-09-03T20:28:29.004585 [RNG] init=0 step=99 id=0xeacc boot=1 calls=93 xerr=0 dm=1 tb=15
2026-09-03T20:28:29.011574 [RNG] osc=41 imp=881 imprb=881 mstart=0x40 cfg=91 cfgfail=0x0 vhv=0 vpolls=0
2026-09-03T20:28:29.017963 [PRT] calls=1170319 xerr=0 ler=1 lidx=0x0 perr=0 maxcnt=17 addr8=0x52
2026-09-03T20:28:29.021927 [RTY] wr=0 wmax=0 wref=0  rd=0 rmax=0 rref=0
2026-09-03T20:28:29.030067 [RNG] frames=292372 last=37 min=22 max=61 nrdy=359 dxfer=0 dstat=0 lst=0 nrdyerr=0 dclr=0
2026-09-03T20:28:29.036299 [DRV] init=0 id=7 mode=0x1 lib=0x2 seq=0x1 odc=0x8b sts=0xe0 armed=1
2026-09-03T20:28:29.041925 [TRG] pulses=2746 suppressed=34769 cyc=1600 rst=1 rstmode=0x40
2026-09-03T20:28:29.045423 [HLT] polls=5854 faults=0x0 cfglost=0
2026-09-03T20:28:29.051173 [EFF] n=5 last=58588 min=58472 max=58588 late=0 stuck=0 rderr=0
2026-09-03T20:28:29.055196 [DWT] ok=1 cyc=1518475419 cyc_per_ms=799906
2026-09-03T20:28:30.069784 [HB] up_ms=6177108 frames=292780 inf=292780 hazard=37515 canary_err=0 q=0 qovr=0
2026-09-03T20:28:30.080993 [I2C] init=0 gate=0 whoami=0x201e0 wr=0 wrseen=0x27 addr=0x5a ok=1184758 err=0 tmo=0 recov=0 pclk1=200000000 sysclk=400000000
2026-09-03T20:28:30.082360 [NAK] nacks=0
2026-09-03T20:28:30.086874 [CLK] cpu=800000000 sysb=400000000 pclk1=200000000
2026-09-03T20:28:30.091478 [TOF] res=0 step=0 id=0xeacc blk=0xeacc10 ctl=0x0
2026-09-03T20:28:30.097362 [RNG] init=0 step=99 id=0xeacc boot=1 calls=93 xerr=0 dm=1 tb=15
2026-09-03T20:28:30.104231 [RNG] osc=41 imp=881 imprb=881 mstart=0x40 cfg=91 cfgfail=0x0 vhv=0 vpolls=0
2026-09-03T20:28:30.110492 [PRT] calls=1170523 xerr=0 ler=1 lidx=0x0 perr=0 maxcnt=17 addr8=0x52
2026-09-03T20:28:30.114743 [RTY] wr=0 wmax=0 wref=0  rd=0 rmax=0 rref=0
2026-09-03T20:28:30.122738 [RNG] frames=292424 last=48 min=22 max=61 nrdy=359 dxfer=0 dstat=0 lst=0 nrdyerr=0 dclr=0
2026-09-03T20:28:30.128978 [DRV] init=0 id=7 mode=0x1 lib=0x2 seq=0x1 odc=0x8b sts=0xe0 armed=1
2026-09-03T20:28:30.134623 [TRG] pulses=2746 suppressed=34769 cyc=1600 rst=1 rstmode=0x40
2026-09-03T20:28:30.138229 [HLT] polls=5855 faults=0x0 cfglost=0
2026-09-03T20:28:30.144006 [EFF] n=5 last=58588 min=58472 max=58588 late=0 stuck=0 rderr=0
2026-09-03T20:28:30.147849 [DWT] ok=1 cyc=2386577383 cyc_per_ms=800093
2026-09-03T20:28:31.162303 [HB] up_ms=6178193 frames=292832 inf=292832 hazard=37515 canary_err=0 q=0 qovr=0
2026-09-03T20:28:31.173542 [I2C] init=0 gate=0 whoami=0x201e0 wr=0 wrseen=0x27 addr=0x5a ok=1184965 err=0 tmo=0 recov=0 pclk1=200000000 sysclk=400000000
2026-09-03T20:28:31.174904 [NAK] nacks=0
2026-09-03T20:28:31.179542 [CLK] cpu=800000000 sysb=400000000 pclk1=200000000
2026-09-03T20:28:31.184042 [TOF] res=0 step=0 id=0xeacc blk=0xeacc10 ctl=0x0
2026-09-03T20:28:31.189781 [RNG] init=0 step=99 id=0xeacc boot=1 calls=93 xerr=0 dm=1 tb=15
2026-09-03T20:28:31.196801 [RNG] osc=41 imp=881 imprb=881 mstart=0x40 cfg=91 cfgfail=0x0 vhv=0 vpolls=0
2026-09-03T20:28:31.203164 [PRT] calls=1170731 xerr=0 ler=1 lidx=0x0 perr=0 maxcnt=17 addr8=0x52
2026-09-03T20:28:31.207170 [RTY] wr=0 wmax=0 wref=0  rd=0 rmax=0 rref=0
2026-09-03T20:28:31.215292 [RNG] frames=292475 last=35 min=22 max=61 nrdy=359 dxfer=0 dstat=0 lst=0 nrdyerr=0 dclr=0
2026-09-03T20:28:31.221528 [DRV] init=0 id=7 mode=0x1 lib=0x2 seq=0x1 odc=0x8b sts=0xe0 armed=1
2026-09-03T20:28:31.227157 [TRG] pulses=2746 suppressed=34769 cyc=1600 rst=1 rstmode=0x40
2026-09-03T20:28:31.230678 [HLT] polls=5856 faults=0x0 cfglost=0
2026-09-03T20:28:31.236414 [EFF] n=5 last=58588 min=58472 max=58588 late=0 stuck=0 rderr=0
2026-09-03T20:28:31.240405 [DWT] ok=1 cyc=3254475483 cyc_per_ms=799906
2026-09-03T20:28:32.254736 [HB] up_ms=6179278 frames=292883 inf=292883 hazard=37515 canary_err=0 q=0 qovr=0
2026-09-03T20:28:32.266097 [I2C] init=0 gate=0 whoami=0x201e0 wr=0 wrseen=0x27 addr=0x5a ok=1185171 err=0 tmo=0 recov=0 pclk1=200000000 sysclk=400000000
2026-09-03T20:28:32.267464 [NAK] nacks=0
2026-09-03T20:28:32.272084 [CLK] cpu=800000000 sysb=400000000 pclk1=200000000
2026-09-03T20:28:32.276653 [TOF] res=0 step=0 id=0xeacc blk=0xeacc10 ctl=0x0
2026-09-03T20:28:32.282470 [RNG] init=0 step=99 id=0xeacc boot=1 calls=93 xerr=0 dm=1 tb=15
2026-09-03T20:28:32.289333 [RNG] osc=41 imp=881 imprb=881 mstart=0x40 cfg=91 cfgfail=0x0 vhv=0 vpolls=0
2026-09-03T20:28:32.295721 [PRT] calls=1170935 xerr=0 ler=1 lidx=0x0 perr=0 maxcnt=17 addr8=0x52
2026-09-03T20:28:32.299769 [RTY] wr=0 wmax=0 wref=0  rd=0 rmax=0 rref=0
2026-09-03T20:28:32.307957 [RNG] frames=292526 last=36 min=22 max=61 nrdy=359 dxfer=0 dstat=0 lst=0 nrdyerr=0 dclr=0
2026-09-03T20:28:32.314090 [DRV] init=0 id=7 mode=0x1 lib=0x2 seq=0x1 odc=0x8b sts=0xe0 armed=1
2026-09-03T20:28:32.319710 [TRG] pulses=2746 suppressed=34769 cyc=1600 rst=1 rstmode=0x40
2026-09-03T20:28:32.323212 [HLT] polls=5857 faults=0x0 cfglost=0
2026-09-03T20:28:32.329088 [EFF] n=5 last=58588 min=58472 max=58588 late=0 stuck=0 rderr=0
2026-09-03T20:28:32.333128 [DWT] ok=1 cyc=4122577459 cyc_per_ms=800093
2026-09-03T20:28:33.348027 [HB] up_ms=6180363 frames=292935 inf=292935 hazard=37530 canary_err=0 q=0 qovr=0
2026-09-03T20:28:33.359155 [I2C] init=0 gate=0 whoami=0x201e0 wr=0 wrseen=0x27 addr=0x5a ok=1185381 err=0 tmo=0 recov=0 pclk1=200000000 sysclk=400000000
2026-09-03T20:28:33.360532 [NAK] nacks=0
2026-09-03T20:28:33.365273 [CLK] cpu=800000000 sysb=400000000 pclk1=200000000
2026-09-03T20:28:33.369768 [TOF] res=0 step=0 id=0xeacc blk=0xeacc10 ctl=0x0
2026-09-03T20:28:33.375548 [RNG] init=0 step=99 id=0xeacc boot=1 calls=93 xerr=0 dm=1 tb=15
2026-09-03T20:28:33.382399 [RNG] osc=41 imp=881 imprb=881 mstart=0x40 cfg=91 cfgfail=0x0 vhv=0 vpolls=0
2026-09-03T20:28:33.388893 [PRT] calls=1171139 xerr=0 ler=1 lidx=0x0 perr=0 maxcnt=17 addr8=0x52
2026-09-03T20:28:33.392899 [RTY] wr=0 wmax=0 wref=0  rd=0 rmax=0 rref=0
2026-09-03T20:28:33.400898 [RNG] frames=292578 last=40 min=22 max=61 nrdy=359 dxfer=0 dstat=0 lst=0 nrdyerr=0 dclr=0
2026-09-03T20:28:33.407144 [DRV] init=0 id=7 mode=0x1 lib=0x2 seq=0x1 odc=0x8b sts=0xe0 armed=1
2026-09-03T20:28:33.412900 [TRG] pulses=2748 suppressed=34785 cyc=1600 rst=1 rstmode=0x40
2026-09-03T20:28:33.416391 [HLT] polls=5858 faults=0x0 cfglost=0
2026-09-03T20:28:33.422165 [EFF] n=5 last=58588 min=58472 max=58588 late=0 stuck=0 rderr=0
2026-09-03T20:28:33.426009 [DWT] ok=1 cyc=695615683 cyc_per_ms=800005
2026-09-03T20:28:34.440338 [HB] up_ms=6181448 frames=292986 inf=292986 hazard=37556 canary_err=0 q=0 qovr=0
2026-09-03T20:28:34.451716 [I2C] init=0 gate=0 whoami=0x201e0 wr=0 wrseen=0x27 addr=0x5a ok=1185585 err=0 tmo=0 recov=0 pclk1=200000000 sysclk=400000000
2026-09-03T20:28:34.453078 [NAK] nacks=0
2026-09-03T20:28:34.457586 [CLK] cpu=800000000 sysb=400000000 pclk1=200000000
2026-09-03T20:28:34.462204 [TOF] res=0 step=0 id=0xeacc blk=0xeacc10 ctl=0x0
2026-09-03T20:28:34.468077 [RNG] init=0 step=99 id=0xeacc boot=1 calls=93 xerr=0 dm=1 tb=15
2026-09-03T20:28:34.474959 [RNG] osc=41 imp=881 imprb=881 mstart=0x40 cfg=91 cfgfail=0x0 vhv=0 vpolls=0
2026-09-03T20:28:34.481332 [PRT] calls=1171345 xerr=0 ler=1 lidx=0x0 perr=0 maxcnt=17 addr8=0x52
2026-09-03T20:28:34.485359 [RTY] wr=0 wmax=0 wref=0  rd=0 rmax=0 rref=0
2026-09-03T20:28:34.493461 [RNG] frames=292628 last=42 min=22 max=61 nrdy=360 dxfer=0 dstat=0 lst=0 nrdyerr=0 dclr=0
2026-09-03T20:28:34.499709 [DRV] init=0 id=7 mode=0x1 lib=0x2 seq=0x1 odc=0x8b sts=0xe0 armed=1
2026-09-03T20:28:34.505316 [TRG] pulses=2749 suppressed=34807 cyc=1600 rst=1 rstmode=0x40
2026-09-03T20:28:34.508819 [HLT] polls=5859 faults=0x0 cfglost=0
2026-09-03T20:28:34.514699 [EFF] n=5 last=58588 min=58472 max=58588 late=0 stuck=0 rderr=0
2026-09-03T20:28:34.518582 [DWT] ok=1 cyc=1563610167 cyc_per_ms=799994
2026-09-03T20:28:35.532771 [HB] up_ms=6182533 frames=293037 inf=293037 hazard=37556 canary_err=0 q=0 qovr=0
2026-09-03T20:28:35.544033 [I2C] init=0 gate=0 whoami=0x201e0 wr=0 wrseen=0x27 addr=0x5a ok=1185795 err=0 tmo=0 recov=0 pclk1=200000000 sysclk=400000000
2026-09-03T20:28:35.545263 [NAK] nacks=0
2026-09-03T20:28:35.549881 [CLK] cpu=800000000 sysb=400000000 pclk1=200000000
2026-09-03T20:28:35.554497 [TOF] res=0 step=0 id=0xeacc blk=0xeacc10 ctl=0x0
2026-09-03T20:28:35.560406 [RNG] init=0 step=99 id=0xeacc boot=1 calls=93 xerr=0 dm=1 tb=15
2026-09-03T20:28:35.567263 [RNG] osc=41 imp=881 imprb=881 mstart=0x40 cfg=91 cfgfail=0x0 vhv=0 vpolls=0
2026-09-03T20:28:35.573672 [PRT] calls=1171549 xerr=0 ler=1 lidx=0x0 perr=0 maxcnt=17 addr8=0x52
2026-09-03T20:28:35.577838 [RTY] wr=0 wmax=0 wref=0  rd=0 rmax=0 rref=0
2026-09-03T20:28:35.585762 [RNG] frames=292680 last=44 min=22 max=61 nrdy=360 dxfer=0 dstat=0 lst=0 nrdyerr=0 dclr=0
2026-09-03T20:28:35.591875 [DRV] init=0 id=7 mode=0x1 lib=0x2 seq=0x1 odc=0x8b sts=0xe0 armed=1
2026-09-03T20:28:35.597775 [TRG] pulses=2749 suppressed=34807 cyc=1600 rst=1 rstmode=0x40
2026-09-03T20:28:35.601137 [HLT] polls=5860 faults=0x0 cfglost=0
2026-09-03T20:28:35.606878 [EFF] n=5 last=58588 min=58472 max=58588 late=0 stuck=0 rderr=0
2026-09-03T20:28:35.610876 [DWT] ok=1 cyc=2431610019 cyc_per_ms=799999
2026-09-03T20:28:36.624582 [HB] up_ms=6183618 frames=293089 inf=293089 hazard=37556 canary_err=0 q=0 qovr=0
2026-09-03T20:28:36.635945 [I2C] init=0 gate=0 whoami=0x201e0 wr=0 wrseen=0x27 addr=0x5a ok=1186001 err=0 tmo=0 recov=0 pclk1=200000000 sysclk=400000000
2026-09-03T20:28:36.637307 [NAK] nacks=0
2026-09-03T20:28:36.641932 [CLK] cpu=800000000 sysb=400000000 pclk1=200000000
2026-09-03T20:28:36.646451 [TOF] res=0 step=0 id=0xeacc blk=0xeacc10 ctl=0x0
2026-09-03T20:28:36.652189 [RNG] init=0 step=99 id=0xeacc boot=1 calls=93 xerr=0 dm=1 tb=15
2026-09-03T20:28:36.659204 [RNG] osc=41 imp=881 imprb=881 mstart=0x40 cfg=91 cfgfail=0x0 vhv=0 vpolls=0
2026-09-03T20:28:36.665584 [PRT] calls=1171757 xerr=0 ler=1 lidx=0x0 perr=0 maxcnt=17 addr8=0x52
2026-09-03T20:28:36.669577 [RTY] wr=0 wmax=0 wref=0  rd=0 rmax=0 rref=0
2026-09-03T20:28:36.677703 [RNG] frames=292731 last=45 min=22 max=61 nrdy=360 dxfer=0 dstat=0 lst=0 nrdyerr=0 dclr=0
2026-09-03T20:28:36.683936 [DRV] init=0 id=7 mode=0x1 lib=0x2 seq=0x1 odc=0x8b sts=0xe0 armed=1
2026-09-03T20:28:36.689581 [TRG] pulses=2749 suppressed=34807 cyc=1600 rst=1 rstmode=0x40
2026-09-03T20:28:36.693064 [HLT] polls=5861 faults=0x0 cfglost=0
2026-09-03T20:28:36.698819 [EFF] n=5 last=58588 min=58472 max=58588 late=0 stuck=0 rderr=0
2026-09-03T20:28:36.702937 [DWT] ok=1 cyc=3299508123 cyc_per_ms=799906
2026-09-03T20:28:37.716757 [HB] up_ms=6184703 frames=293140 inf=293140 hazard=37556 canary_err=0 q=0 qovr=0
2026-09-03T20:28:37.728070 [I2C] init=0 gate=0 whoami=0x201e0 wr=0 wrseen=0x27 addr=0x5a ok=1186210 err=0 tmo=0 recov=0 pclk1=200000000 sysclk=400000000
2026-09-03T20:28:37.729365 [NAK] nacks=0
2026-09-03T20:28:37.733862 [CLK] cpu=800000000 sysb=400000000 pclk1=200000000
2026-09-03T20:28:37.738490 [TOF] res=0 step=0 id=0xeacc blk=0xeacc10 ctl=0x0
2026-09-03T20:28:37.746725 [RNG] init=0 step=99 id=0xeacc boot=1 calls=93 xerr=0 dm=1 tb=15
2026-09-03T20:28:37.751260 [RNG] osc=41 imp=881 imprb=881 mstart=0x40 cfg=91 cfgfail=0x0 vhv=0 vpolls=0
2026-09-03T20:28:37.757518 [PRT] calls=1171961 xerr=0 ler=1 lidx=0x0 perr=0 maxcnt=17 addr8=0x52
2026-09-03T20:28:37.761761 [RTY] wr=0 wmax=0 wref=0  rd=0 rmax=0 rref=0
2026-09-03T20:28:37.769744 [RNG] frames=292783 last=48 min=22 max=61 nrdy=360 dxfer=0 dstat=0 lst=0 nrdyerr=0 dclr=0
2026-09-03T20:28:37.775870 [DRV] init=0 id=7 mode=0x1 lib=0x2 seq=0x1 odc=0x8b sts=0xe0 armed=1
2026-09-03T20:28:37.781490 [TRG] pulses=2749 suppressed=34807 cyc=1600 rst=1 rstmode=0x40
2026-09-03T20:28:37.785120 [HLT] polls=5862 faults=0x0 cfglost=0
2026-09-03T20:28:37.790862 [EFF] n=5 last=58588 min=58472 max=58588 late=0 stuck=0 rderr=0
2026-09-03T20:28:37.794873 [DWT] ok=1 cyc=4167610035 cyc_per_ms=800093
2026-09-03T20:28:38.808476 [HB] up_ms=6185788 frames=293192 inf=293192 hazard=37556 canary_err=0 q=0 qovr=0
2026-09-03T20:28:38.819691 [I2C] init=0 gate=0 whoami=0x201e0 wr=0 wrseen=0x27 addr=0x5a ok=1186417 err=0 tmo=0 recov=0 pclk1=200000000 sysclk=400000000
2026-09-03T20:28:38.821077 [NAK] nacks=0
2026-09-03T20:28:38.825686 [CLK] cpu=800000000 sysb=400000000 pclk1=200000000
2026-09-03T20:28:38.830183 [TOF] res=0 step=0 id=0xeacc blk=0xeacc10 ctl=0x0
2026-09-03T20:28:38.835938 [RNG] init=0 step=99 id=0xeacc boot=1 calls=93 xerr=0 dm=1 tb=15
2026-09-03T20:28:38.842923 [RNG] osc=41 imp=881 imprb=881 mstart=0x40 cfg=91 cfgfail=0x0 vhv=0 vpolls=0
2026-09-03T20:28:38.849305 [PRT] calls=1172169 xerr=0 ler=1 lidx=0x0 perr=0 maxcnt=17 addr8=0x52
2026-09-03T20:28:38.853283 [RTY] wr=0 wmax=0 wref=0  rd=0 rmax=0 rref=0
2026-09-03T20:28:38.861506 [RNG] frames=292834 last=41 min=22 max=61 nrdy=360 dxfer=0 dstat=0 lst=0 nrdyerr=0 dclr=0
2026-09-03T20:28:38.867689 [DRV] init=0 id=7 mode=0x1 lib=0x2 seq=0x1 odc=0x8b sts=0xe0 armed=1
2026-09-03T20:28:38.873287 [TRG] pulses=2749 suppressed=34807 cyc=1600 rst=1 rstmode=0x40
2026-09-03T20:28:38.876805 [HLT] polls=5863 faults=0x0 cfglost=0
2026-09-03T20:28:38.882424 [EFF] n=5 last=58588 min=58472 max=58588 late=0 stuck=0 rderr=0
2026-09-03T20:28:38.886417 [DWT] ok=1 cyc=740540847 cyc_per_ms=799906
2026-09-03T20:28:39.900248 [HB] up_ms=6186873 frames=293243 inf=293243 hazard=37559 canary_err=0 q=0 qovr=0
2026-09-03T20:28:39.911661 [I2C] init=0 gate=0 whoami=0x201e0 wr=0 wrseen=0x27 addr=0x5a ok=1186623 err=0 tmo=0 recov=0 pclk1=200000000 sysclk=400000000
2026-09-03T20:28:39.913064 [NAK] nacks=0
2026-09-03T20:28:39.917480 [CLK] cpu=800000000 sysb=400000000 pclk1=200000000
2026-09-03T20:28:39.921960 [TOF] res=0 step=0 id=0xeacc blk=0xeacc10 ctl=0x0
2026-09-03T20:28:39.928069 [RNG] init=0 step=99 id=0xeacc boot=1 calls=93 xerr=0 dm=1 tb=15
2026-09-03T20:28:39.934862 [RNG] osc=41 imp=881 imprb=881 mstart=0x40 cfg=91 cfgfail=0x0 vhv=0 vpolls=0
2026-09-03T20:28:39.941127 [PRT] calls=1172373 xerr=0 ler=1 lidx=0x0 perr=0 maxcnt=17 addr8=0x52
2026-09-03T20:28:39.945277 [RTY] wr=0 wmax=0 wref=0  rd=0 rmax=0 rref=0
2026-09-03T20:28:39.953588 [RNG] frames=292885 last=39 min=22 max=61 nrdy=360 dxfer=0 dstat=0 lst=0 nrdyerr=0 dclr=0
2026-09-03T20:28:39.959490 [DRV] init=0 id=7 mode=0x1 lib=0x2 seq=0x1 odc=0x8b sts=0xe0 armed=1
2026-09-03T20:28:39.965121 [TRG] pulses=2750 suppressed=34812 cyc=1600 rst=1 rstmode=0x40
2026-09-03T20:28:39.968664 [HLT] polls=5864 faults=0x0 cfglost=0
2026-09-03T20:28:39.974484 [EFF] n=5 last=58588 min=58472 max=58588 late=0 stuck=0 rderr=0
2026-09-03T20:28:39.978490 [DWT] ok=1 cyc=1608646599 cyc_per_ms=800097
2026-09-03T20:28:40.992672 [HB] up_ms=6187958 frames=293295 inf=293295 hazard=37597 canary_err=0 q=0 qovr=0
2026-09-03T20:28:41.003913 [I2C] init=0 gate=0 whoami=0x201e0 wr=0 wrseen=0x27 addr=0x5a ok=1186833 err=0 tmo=0 recov=0 pclk1=200000000 sysclk=400000000
2026-09-03T20:28:41.005161 [NAK] nacks=0
2026-09-03T20:28:41.009928 [CLK] cpu=800000000 sysb=400000000 pclk1=200000000
2026-09-03T20:28:41.014539 [TOF] res=0 step=0 id=0xeacc blk=0xeacc10 ctl=0x0
2026-09-03T20:28:41.020282 [RNG] init=0 step=99 id=0xeacc boot=1 calls=93 xerr=0 dm=1 tb=15
2026-09-03T20:28:41.027192 [RNG] osc=41 imp=881 imprb=881 mstart=0x40 cfg=91 cfgfail=0x0 vhv=0 vpolls=0
2026-09-03T20:28:41.033537 [PRT] calls=1172577 xerr=0 ler=1 lidx=0x0 perr=0 maxcnt=17 addr8=0x52
2026-09-03T20:28:41.037655 [RTY] wr=0 wmax=0 wref=0  rd=0 rmax=0 rref=0
2026-09-03T20:28:41.045653 [RNG] frames=292937 last=36 min=22 max=61 nrdy=360 dxfer=0 dstat=0 lst=0 nrdyerr=0 dclr=0
2026-09-03T20:28:41.051852 [DRV] init=0 id=7 mode=0x1 lib=0x2 seq=0x1 odc=0x8b sts=0xe0 armed=1
2026-09-03T20:28:41.057668 [TRG] pulses=2752 suppressed=34845 cyc=1600 rst=1 rstmode=0x40
2026-09-03T20:28:41.061021 [HLT] polls=5865 faults=0x0 cfglost=0
2026-09-03T20:28:41.066776 [EFF] n=5 last=58588 min=58472 max=58588 late=0 stuck=0 rderr=0
2026-09-03T20:28:41.070772 [DWT] ok=1 cyc=2476642127 cyc_per_ms=799995
2026-09-03T20:28:42.084980 [HB] up_ms=6189043 frames=293346 inf=293346 hazard=37597 canary_err=0 q=0 qovr=0
2026-09-03T20:28:42.096352 [I2C] init=0 gate=0 whoami=0x201e0 wr=0 wrseen=0x27 addr=0x5a ok=1187039 err=0 tmo=0 recov=0 pclk1=200000000 sysclk=400000000
2026-09-03T20:28:42.097628 [NAK] nacks=0
2026-09-03T20:28:42.102220 [CLK] cpu=800000000 sysb=400000000 pclk1=200000000
2026-09-03T20:28:42.106712 [TOF] res=0 step=0 id=0xeacc blk=0xeacc10 ctl=0x0
2026-09-03T20:28:42.112624 [RNG] init=0 step=99 id=0xeacc boot=1 calls=93 xerr=0 dm=1 tb=15
2026-09-03T20:28:42.119616 [RNG] osc=41 imp=881 imprb=881 mstart=0x40 cfg=91 cfgfail=0x0 vhv=0 vpolls=0
2026-09-03T20:28:42.125859 [PRT] calls=1172785 xerr=0 ler=1 lidx=0x0 perr=0 maxcnt=17 addr8=0x52
2026-09-03T20:28:42.130094 [RTY] wr=0 wmax=0 wref=0  rd=0 rmax=0 rref=0
2026-09-03T20:28:42.138670 [RNG] frames=292988 last=47 min=22 max=61 nrdy=360 dxfer=0 dstat=0 lst=0 nrdyerr=0 dclr=0
2026-09-03T20:28:42.145666 [DRV] init=0 id=7 mode=0x1 lib=0x2 seq=0x1 odc=0x8b sts=0xe0 armed=1
2026-09-03T20:28:42.150628 [TRG] pulses=2752 suppressed=34845 cyc=1600 rst=1 rstmode=0x40
2026-09-03T20:28:42.153650 [HLT] polls=5866 faults=0x0 cfglost=0
2026-09-03T20:28:42.160632 [EFF] n=5 last=58588 min=58472 max=58588 late=0 stuck=0 rderr=0
2026-09-03T20:28:42.163615 [DWT] ok=1 cyc=3344675479 cyc_per_ms=800030
2026-09-03T20:28:43.177160 [HB] up_ms=6190128 frames=293397 inf=293397 hazard=37597 canary_err=0 q=0 qovr=0
2026-09-03T20:28:43.188286 [I2C] init=0 gate=0 whoami=0x201e0 wr=0 wrseen=0x27 addr=0x5a ok=1187249 err=0 tmo=0 recov=0 pclk1=200000000 sysclk=400000000
2026-09-03T20:28:43.189654 [NAK] nacks=0
2026-09-03T20:28:43.194283 [CLK] cpu=800000000 sysb=400000000 pclk1=200000000
2026-09-03T20:28:43.198900 [TOF] res=0 step=0 id=0xeacc blk=0xeacc10 ctl=0x0
2026-09-03T20:28:43.204660 [RNG] init=0 step=99 id=0xeacc boot=1 calls=93 xerr=0 dm=1 tb=15
2026-09-03T20:28:43.211545 [RNG] osc=41 imp=881 imprb=881 mstart=0x40 cfg=91 cfgfail=0x0 vhv=0 vpolls=0
2026-09-03T20:28:43.218030 [PRT] calls=1172989 xerr=0 ler=1 lidx=0x0 perr=0 maxcnt=17 addr8=0x52
2026-09-03T20:28:43.222024 [RTY] wr=0 wmax=0 wref=0  rd=0 rmax=0 rref=0
2026-09-03T20:28:43.230147 [RNG] frames=293040 last=42 min=22 max=61 nrdy=360 dxfer=0 dstat=0 lst=0 nrdyerr=0 dclr=0
2026-09-03T20:28:43.236276 [DRV] init=0 id=7 mode=0x1 lib=0x2 seq=0x1 odc=0x8b sts=0xe0 armed=1
2026-09-03T20:28:43.242056 [TRG] pulses=2752 suppressed=34845 cyc=1600 rst=1 rstmode=0x40
2026-09-03T20:28:43.245530 [HLT] polls=5868 faults=0x0 cfglost=0
2026-09-03T20:28:43.251276 [EFF] n=5 last=58588 min=58472 max=58588 late=0 stuck=0 rderr=0
2026-09-03T20:28:43.255327 [DWT] ok=1 cyc=4212675407 cyc_per_ms=799999
2026-09-03T20:28:44.269211 [HB] up_ms=6191213 frames=293449 inf=293449 hazard=37597 canary_err=0 q=0 qovr=0
2026-09-03T20:28:44.280614 [I2C] init=0 gate=0 whoami=0x201e0 wr=0 wrseen=0x27 addr=0x5a ok=1187455 err=0 tmo=0 recov=0 pclk1=200000000 sysclk=400000000
2026-09-03T20:28:44.281946 [NAK] nacks=0
2026-09-03T20:28:44.286586 [CLK] cpu=800000000 sysb=400000000 pclk1=200000000
2026-09-03T20:28:44.291101 [TOF] res=0 step=0 id=0xeacc blk=0xeacc10 ctl=0x0
2026-09-03T20:28:44.296835 [RNG] init=0 step=99 id=0xeacc boot=1 calls=93 xerr=0 dm=1 tb=15
2026-09-03T20:28:44.303830 [RNG] osc=41 imp=881 imprb=881 mstart=0x40 cfg=91 cfgfail=0x0 vhv=0 vpolls=0
2026-09-03T20:28:44.310131 [PRT] calls=1173197 xerr=0 ler=1 lidx=0x0 perr=0 maxcnt=17 addr8=0x52
2026-09-03T20:28:44.314220 [RTY] wr=0 wmax=0 wref=0  rd=0 rmax=0 rref=0
2026-09-03T20:28:44.322338 [RNG] frames=293091 last=43 min=22 max=61 nrdy=360 dxfer=0 dstat=0 lst=0 nrdyerr=0 dclr=0
2026-09-03T20:28:44.328602 [DRV] init=0 id=7 mode=0x1 lib=0x2 seq=0x1 odc=0x8b sts=0xe0 armed=1
2026-09-03T20:28:44.334195 [TRG] pulses=2752 suppressed=34845 cyc=1600 rst=1 rstmode=0x40
2026-09-03T20:28:44.337703 [HLT] polls=5869 faults=0x0 cfglost=0
2026-09-03T20:28:44.343457 [EFF] n=5 last=58588 min=58472 max=58588 late=0 stuck=0 rderr=0
2026-09-03T20:28:44.347451 [DWT] ok=1 cyc=785679703 cyc_per_ms=799973
2026-09-03T20:28:45.361702 [HB] up_ms=6192298 frames=293500 inf=293500 hazard=37597 canary_err=0 q=0 qovr=0
2026-09-03T20:28:45.372763 [I2C] init=0 gate=0 whoami=0x201e0 wr=0 wrseen=0x27 addr=0x5a ok=1187667 err=0 tmo=0 recov=0 pclk1=200000000 sysclk=400000000
2026-09-03T20:28:45.374131 [NAK] nacks=0
2026-09-03T20:28:45.378772 [CLK] cpu=800000000 sysb=400000000 pclk1=200000000
2026-09-03T20:28:45.383383 [TOF] res=0 step=0 id=0xeacc blk=0xeacc10 ctl=0x0
2026-09-03T20:28:45.389131 [RNG] init=0 step=99 id=0xeacc boot=1 calls=93 xerr=0 dm=1 tb=15
2026-09-03T20:28:45.396016 [RNG] osc=41 imp=881 imprb=881 mstart=0x40 cfg=91 cfgfail=0x0 vhv=0 vpolls=0
2026-09-03T20:28:45.402382 [PRT] calls=1173401 xerr=0 ler=1 lidx=0x0 perr=0 maxcnt=17 addr8=0x52
2026-09-03T20:28:45.406522 [RTY] wr=0 wmax=0 wref=0  rd=0 rmax=0 rref=0
2026-09-03T20:28:45.414512 [RNG] frames=293143 last=38 min=22 max=61 nrdy=360 dxfer=0 dstat=0 lst=0 nrdyerr=0 dclr=0
2026-09-03T20:28:45.420768 [DRV] init=0 id=7 mode=0x1 lib=0x2 seq=0x1 odc=0x8b sts=0xe0 armed=1
2026-09-03T20:28:45.426520 [TRG] pulses=2752 suppressed=34845 cyc=1600 rst=1 rstmode=0x40
2026-09-03T20:28:45.430008 [HLT] polls=5870 faults=0x0 cfglost=0
2026-09-03T20:28:45.435759 [EFF] n=5 last=58588 min=58472 max=58588 late=0 stuck=0 rderr=0
2026-09-03T20:28:45.439660 [DWT] ok=1 cyc=1653675787 cyc_per_ms=799996
2026-09-03T20:28:46.453951 [HB] up_ms=6193383 frames=293552 inf=293552 hazard=37597 canary_err=0 q=0 qovr=0
2026-09-03T20:28:46.465209 [I2C] init=0 gate=0 whoami=0x201e0 wr=0 wrseen=0x27 addr=0x5a ok=1187873 err=0 tmo=0 recov=0 pclk1=200000000 sysclk=400000000
2026-09-03T20:28:46.466584 [NAK] nacks=0
2026-09-03T20:28:46.471192 [CLK] cpu=800000000 sysb=400000000 pclk1=200000000
2026-09-03T20:28:46.475754 [TOF] res=0 step=0 id=0xeacc blk=0xeacc10 ctl=0x0
2026-09-03T20:28:46.481632 [RNG] init=0 step=99 id=0xeacc boot=1 calls=93 xerr=0 dm=1 tb=15
2026-09-03T20:28:46.488585 [RNG] osc=41 imp=881 imprb=881 mstart=0x40 cfg=91 cfgfail=0x0 vhv=0 vpolls=0
2026-09-03T20:28:46.494825 [PRT] calls=1173609 xerr=0 ler=1 lidx=0x0 perr=0 maxcnt=17 addr8=0x52
2026-09-03T20:28:46.498943 [RTY] wr=0 wmax=0 wref=0  rd=0 rmax=0 rref=0
2026-09-03T20:28:46.506949 [RNG] frames=293194 last=42 min=22 max=61 nrdy=360 dxfer=0 dstat=0 lst=0 nrdyerr=0 dclr=0
2026-09-03T20:28:46.513202 [DRV] init=0 id=7 mode=0x1 lib=0x2 seq=0x1 odc=0x8b sts=0xe0 armed=1
2026-09-03T20:28:46.518939 [TRG] pulses=2752 suppressed=34845 cyc=1600 rst=1 rstmode=0x40
2026-09-03T20:28:46.522320 [HLT] polls=5871 faults=0x0 cfglost=0
2026-09-03T20:28:46.528074 [EFF] n=5 last=58588 min=58472 max=58588 late=0 stuck=0 rderr=0
2026-09-03T20:28:46.532194 [DWT] ok=1 cyc=2521573683 cyc_per_ms=799905
2026-09-03T20:28:47.546887 [HB] up_ms=6194468 frames=293603 inf=293603 hazard=37638 canary_err=0 q=0 qovr=0
2026-09-03T20:28:47.558260 [I2C] init=0 gate=0 whoami=0x201e0 wr=0 wrseen=0x27 addr=0x5a ok=1188079 err=0 tmo=0 recov=0 pclk1=200000000 sysclk=400000000
2026-09-03T20:28:47.559516 [NAK] nacks=0
2026-09-03T20:28:47.564146 [CLK] cpu=800000000 sysb=400000000 pclk1=200000000
2026-09-03T20:28:47.568694 [TOF] res=0 step=0 id=0xeacc blk=0xeacc10 ctl=0x0
2026-09-03T20:28:47.574640 [RNG] init=0 step=99 id=0xeacc boot=1 calls=93 xerr=0 dm=1 tb=15
2026-09-03T20:28:47.581515 [RNG] osc=41 imp=881 imprb=881 mstart=0x40 cfg=91 cfgfail=0x0 vhv=0 vpolls=0
2026-09-03T20:28:47.587763 [PRT] calls=1173813 xerr=0 ler=1 lidx=0x0 perr=0 maxcnt=17 addr8=0x52
2026-09-03T20:28:47.591885 [RTY] wr=0 wmax=0 wref=0  rd=0 rmax=0 rref=0
2026-09-03T20:28:47.600032 [RNG] frames=293245 last=51 min=22 max=61 nrdy=360 dxfer=0 dstat=0 lst=0 nrdyerr=0 dclr=0
2026-09-03T20:28:47.606133 [DRV] init=0 id=7 mode=0x1 lib=0x2 seq=0x1 odc=0x8b sts=0xe0 armed=1
2026-09-03T20:28:47.611882 [TRG] pulses=2755 suppressed=34883 cyc=1600 rst=1 rstmode=0x40
2026-09-03T20:28:47.615378 [HLT] polls=5872 faults=0x0 cfglost=0
2026-09-03T20:28:47.621124 [EFF] n=5 last=58588 min=58472 max=58588 late=0 stuck=0 rderr=0
2026-09-03T20:28:47.625239 [DWT] ok=1 cyc=3389675459 cyc_per_ms=800093
2026-09-03T20:28:48.638819 [HB] up_ms=6195553 frames=293655 inf=293655 hazard=37638 canary_err=0 q=0 qovr=0
2026-09-03T20:28:48.649939 [I2C] init=0 gate=0 whoami=0x201e0 wr=0 wrseen=0x27 addr=0x5a ok=1188289 err=0 tmo=0 recov=0 pclk1=200000000 sysclk=400000000
2026-09-03T20:28:48.651305 [NAK] nacks=0
2026-09-03T20:28:48.656058 [CLK] cpu=800000000 sysb=400000000 pclk1=200000000
2026-09-03T20:28:48.660599 [TOF] res=0 step=0 id=0xeacc blk=0xeacc10 ctl=0x0
2026-09-03T20:28:48.666305 [RNG] init=0 step=99 id=0xeacc boot=1 calls=93 xerr=0 dm=1 tb=15
2026-09-03T20:28:48.673181 [RNG] osc=41 imp=881 imprb=881 mstart=0x40 cfg=91 cfgfail=0x0 vhv=0 vpolls=0
2026-09-03T20:28:48.679575 [PRT] calls=1174017 xerr=0 ler=1 lidx=0x0 perr=0 maxcnt=17 addr8=0x52
2026-09-03T20:28:48.683683 [RTY] wr=0 wmax=0 wref=0  rd=0 rmax=0 rref=0
2026-09-03T20:28:48.691732 [RNG] frames=293297 last=43 min=22 max=61 nrdy=360 dxfer=0 dstat=0 lst=0 nrdyerr=0 dclr=0
2026-09-03T20:28:48.698057 [DRV] init=0 id=7 mode=0x1 lib=0x2 seq=0x1 odc=0x8b sts=0xe0 armed=1
2026-09-03T20:28:48.703684 [TRG] pulses=2755 suppressed=34883 cyc=1600 rst=1 rstmode=0x40
2026-09-03T20:28:48.707057 [HLT] polls=5873 faults=0x0 cfglost=0
2026-09-03T20:28:48.712811 [EFF] n=5 last=58588 min=58472 max=58588 late=0 stuck=0 rderr=0
2026-09-03T20:28:48.716800 [DWT] ok=1 cyc=4257573499 cyc_per_ms=799906
2026-09-03T20:28:49.731009 [HB] up_ms=6196638 frames=293706 inf=293706 hazard=37638 canary_err=0 q=0 qovr=0
2026-09-03T20:28:49.742272 [I2C] init=0 gate=0 whoami=0x201e0 wr=0 wrseen=0x27 addr=0x5a ok=1188495 err=0 tmo=0 recov=0 pclk1=200000000 sysclk=400000000
2026-09-03T20:28:49.743644 [NAK] nacks=0
2026-09-03T20:28:49.748246 [CLK] cpu=800000000 sysb=400000000 pclk1=200000000
2026-09-03T20:28:49.752744 [TOF] res=0 step=0 id=0xeacc blk=0xeacc10 ctl=0x0
2026-09-03T20:28:49.758707 [RNG] init=0 step=99 id=0xeacc boot=1 calls=93 xerr=0 dm=1 tb=15
2026-09-03T20:28:49.765495 [RNG] osc=41 imp=881 imprb=881 mstart=0x40 cfg=91 cfgfail=0x0 vhv=0 vpolls=0
2026-09-03T20:28:49.771743 [PRT] calls=1174225 xerr=0 ler=1 lidx=0x0 perr=0 maxcnt=17 addr8=0x52
2026-09-03T20:28:49.775871 [RTY] wr=0 wmax=0 wref=0  rd=0 rmax=0 rref=0
2026-09-03T20:28:49.784006 [RNG] frames=293348 last=44 min=22 max=61 nrdy=360 dxfer=0 dstat=0 lst=0 nrdyerr=0 dclr=0
2026-09-03T20:28:49.790255 [DRV] init=0 id=7 mode=0x1 lib=0x2 seq=0x1 odc=0x8b sts=0xe0 armed=1
2026-09-03T20:28:49.795872 [TRG] pulses=2755 suppressed=34883 cyc=1600 rst=1 rstmode=0x40
2026-09-03T20:28:49.799237 [HLT] polls=5874 faults=0x0 cfglost=0
2026-09-03T20:28:49.805119 [EFF] n=5 last=58588 min=58472 max=58588 late=0 stuck=0 rderr=0
2026-09-03T20:28:49.809001 [DWT] ok=1 cyc=830708303 cyc_per_ms=800094
2026-09-03T20:28:50.823190 [HB] up_ms=6197723 frames=293757 inf=293757 hazard=37638 canary_err=0 q=0 qovr=0
2026-09-03T20:28:50.834306 [I2C] init=0 gate=0 whoami=0x201e0 wr=0 wrseen=0x27 addr=0x5a ok=1188705 err=0 tmo=0 recov=0 pclk1=200000000 sysclk=400000000
2026-09-03T20:28:50.835681 [NAK] nacks=0
2026-09-03T20:28:50.840299 [CLK] cpu=800000000 sysb=400000000 pclk1=200000000
2026-09-03T20:28:50.844946 [TOF] res=0 step=0 id=0xeacc blk=0xeacc10 ctl=0x0
2026-09-03T20:28:50.850718 [RNG] init=0 step=99 id=0xeacc boot=1 calls=93 xerr=0 dm=1 tb=15
2026-09-03T20:28:50.857595 [RNG] osc=41 imp=881 imprb=881 mstart=0x40 cfg=91 cfgfail=0x0 vhv=0 vpolls=0
2026-09-03T20:28:50.864069 [PRT] calls=1174429 xerr=0 ler=1 lidx=0x0 perr=0 maxcnt=17 addr8=0x52
2026-09-03T20:28:50.868043 [RTY] wr=0 wmax=0 wref=0  rd=0 rmax=0 rref=0
2026-09-03T20:28:50.876084 [RNG] frames=293400 last=53 min=22 max=61 nrdy=360 dxfer=0 dstat=0 lst=0 nrdyerr=0 dclr=0
2026-09-03T20:28:50.882298 [DRV] init=0 id=7 mode=0x1 lib=0x2 seq=0x1 odc=0x8b sts=0xe0 armed=1
2026-09-03T20:28:50.888072 [TRG] pulses=2755 suppressed=34883 cyc=1600 rst=1 rstmode=0x40
2026-09-03T20:28:50.891587 [HLT] polls=5875 faults=0x0 cfglost=0
2026-09-03T20:28:50.897300 [EFF] n=5 last=58588 min=58472 max=58588 late=0 stuck=0 rderr=0
2026-09-03T20:28:50.901186 [DWT] ok=1 cyc=1698708143 cyc_per_ms=799999
2026-09-03T20:28:51.915244 [HB] up_ms=6198808 frames=293809 inf=293809 hazard=37638 canary_err=0 q=0 qovr=0
2026-09-03T20:28:51.926651 [I2C] init=0 gate=0 whoami=0x201e0 wr=0 wrseen=0x27 addr=0x5a ok=1188911 err=0 tmo=0 recov=0 pclk1=200000000 sysclk=400000000
2026-09-03T20:28:51.927978 [NAK] nacks=0
2026-09-03T20:28:51.932494 [CLK] cpu=800000000 sysb=400000000 pclk1=200000000
2026-09-03T20:28:51.936971 [TOF] res=0 step=0 id=0xeacc blk=0xeacc10 ctl=0x0
2026-09-03T20:28:51.942858 [RNG] init=0 step=99 id=0xeacc boot=1 calls=93 xerr=0 dm=1 tb=15
2026-09-03T20:28:51.949861 [RNG] osc=41 imp=881 imprb=881 mstart=0x40 cfg=91 cfgfail=0x0 vhv=0 vpolls=0
2026-09-03T20:28:51.956136 [PRT] calls=1174637 xerr=0 ler=1 lidx=0x0 perr=0 maxcnt=17 addr8=0x52
2026-09-03T20:28:51.960235 [RTY] wr=0 wmax=0 wref=0  rd=0 rmax=0 rref=0
2026-09-03T20:28:51.968353 [RNG] frames=293451 last=45 min=22 max=61 nrdy=360 dxfer=0 dstat=0 lst=0 nrdyerr=0 dclr=0
2026-09-03T20:28:51.974480 [DRV] init=0 id=7 mode=0x1 lib=0x2 seq=0x1 odc=0x8b sts=0xe0 armed=1
2026-09-03T20:28:51.980234 [TRG] pulses=2755 suppressed=34883 cyc=1600 rst=1 rstmode=0x40
2026-09-03T20:28:51.983645 [HLT] polls=5876 faults=0x0 cfglost=0
2026-09-03T20:28:51.989488 [EFF] n=5 last=58588 min=58472 max=58588 late=0 stuck=0 rderr=0
2026-09-03T20:28:51.993502 [DWT] ok=1 cyc=2566708167 cyc_per_ms=800000
2026-09-03T20:28:53.008439 [HB] up_ms=6199893 frames=293860 inf=293860 hazard=37638 canary_err=0 q=0 qovr=0
2026-09-03T20:28:53.019669 [I2C] init=0 gate=0 whoami=0x201e0 wr=0 wrseen=0x27 addr=0x5a ok=1189121 err=0 tmo=0 recov=0 pclk1=200000000 sysclk=400000000
2026-09-03T20:28:53.020915 [NAK] nacks=0
2026-09-03T20:28:53.025547 [CLK] cpu=800000000 sysb=400000000 pclk1=200000000
2026-09-03T20:28:53.030162 [TOF] res=0 step=0 id=0xeacc blk=0xeacc10 ctl=0x0
2026-09-03T20:28:53.036037 [RNG] init=0 step=99 id=0xeacc boot=1 calls=93 xerr=0 dm=1 tb=15
2026-09-03T20:28:53.042952 [RNG] osc=41 imp=881 imprb=881 mstart=0x40 cfg=91 cfgfail=0x0 vhv=0 vpolls=0
2026-09-03T20:28:53.049170 [PRT] calls=1174841 xerr=0 ler=1 lidx=0x0 perr=0 maxcnt=17 addr8=0x52
2026-09-03T20:28:53.053412 [RTY] wr=0 wmax=0 wref=0  rd=0 rmax=0 rref=0
2026-09-03T20:28:53.061416 [RNG] frames=293503 last=38 min=22 max=61 nrdy=360 dxfer=0 dstat=0 lst=0 nrdyerr=0 dclr=0
2026-09-03T20:28:53.067654 [DRV] init=0 id=7 mode=0x1 lib=0x2 seq=0x1 odc=0x8b sts=0xe0 armed=1
2026-09-03T20:28:53.073415 [TRG] pulses=2755 suppressed=34883 cyc=1600 rst=1 rstmode=0x40
2026-09-03T20:28:53.076847 [HLT] polls=5877 faults=0x0 cfglost=0
2026-09-03T20:28:53.082583 [EFF] n=5 last=58588 min=58472 max=58588 late=0 stuck=0 rderr=0
2026-09-03T20:28:53.086581 [DWT] ok=1 cyc=3434708395 cyc_per_ms=800000
2026-09-03T20:28:54.101481 [HB] up_ms=6200978 frames=293912 inf=293912 hazard=37670 canary_err=0 q=0 qovr=0
2026-09-03T20:28:54.112730 [I2C] init=0 gate=0 whoami=0x201e0 wr=0 wrseen=0x27 addr=0x5a ok=1189327 err=0 tmo=0 recov=0 pclk1=200000000 sysclk=400000000
2026-09-03T20:28:54.114094 [NAK] nacks=0
2026-09-03T20:28:54.118718 [CLK] cpu=800000000 sysb=400000000 pclk1=200000000
2026-09-03T20:28:54.123216 [TOF] res=0 step=0 id=0xeacc blk=0xeacc10 ctl=0x0
2026-09-03T20:28:54.128977 [RNG] init=0 step=99 id=0xeacc boot=1 calls=93 xerr=0 dm=1 tb=15
2026-09-03T20:28:54.136095 [RNG] osc=41 imp=881 imprb=881 mstart=0x40 cfg=91 cfgfail=0x0 vhv=0 vpolls=0
2026-09-03T20:28:54.142344 [PRT] calls=1175049 xerr=0 ler=1 lidx=0x0 perr=0 maxcnt=17 addr8=0x52
2026-09-03T20:28:54.146364 [RTY] wr=0 wmax=0 wref=0  rd=0 rmax=0 rref=0
2026-09-03T20:28:54.154527 [RNG] frames=293554 last=44 min=22 max=61 nrdy=360 dxfer=0 dstat=0 lst=0 nrdyerr=0 dclr=0
2026-09-03T20:28:54.160732 [DRV] init=0 id=7 mode=0x1 lib=0x2 seq=0x1 odc=0x8b sts=0xe0 armed=1
2026-09-03T20:28:54.166342 [TRG] pulses=2758 suppressed=34915 cyc=1600 rst=1 rstmode=0x40
2026-09-03T20:28:54.169841 [HLT] polls=5878 faults=0x0 cfglost=0
2026-09-03T20:28:54.175624 [EFF] n=5 last=58588 min=58472 max=58588 late=0 stuck=0 rderr=0
2026-09-03T20:28:54.179467 [DWT] ok=1 cyc=7641811 cyc_per_ms=799908
2026-09-03T20:28:55.194037 [HB] up_ms=6202063 frames=293963 inf=293963 hazard=37679 canary_err=0 q=0 qovr=0
2026-09-03T20:28:55.205283 [I2C] init=0 gate=0 whoami=0x201e0 wr=0 wrseen=0x27 addr=0x5a ok=1189533 err=0 tmo=0 recov=0 pclk1=200000000 sysclk=400000000
2026-09-03T20:28:55.206667 [NAK] nacks=0
2026-09-03T20:28:55.211283 [CLK] cpu=800000000 sysb=400000000 pclk1=200000000
2026-09-03T20:28:55.215777 [TOF] res=0 step=0 id=0xeacc blk=0xeacc10 ctl=0x0
2026-09-03T20:28:55.221639 [RNG] init=0 step=99 id=0xeacc boot=1 calls=93 xerr=0 dm=1 tb=15
2026-09-03T20:28:55.228683 [RNG] osc=41 imp=881 imprb=881 mstart=0x40 cfg=91 cfgfail=0x0 vhv=0 vpolls=0
2026-09-03T20:28:55.234931 [PRT] calls=1175253 xerr=0 ler=1 lidx=0x0 perr=0 maxcnt=17 addr8=0x52
2026-09-03T20:28:55.239025 [RTY] wr=0 wmax=0 wref=0  rd=0 rmax=0 rref=0
2026-09-03T20:28:55.247159 [RNG] frames=293605 last=41 min=22 max=61 nrdy=360 dxfer=0 dstat=0 lst=0 nrdyerr=0 dclr=0
2026-09-03T20:28:55.253277 [DRV] init=0 id=7 mode=0x1 lib=0x2 seq=0x1 odc=0x8b sts=0xe0 armed=1
2026-09-03T20:28:55.258915 [TRG] pulses=2758 suppressed=34921 cyc=1600 rst=1 rstmode=0x40
2026-09-03T20:28:55.262529 [HLT] polls=5879 faults=0x0 cfglost=0
2026-09-03T20:28:55.268278 [EFF] n=5 last=58588 min=58472 max=58588 late=0 stuck=0 rderr=0
2026-09-03T20:28:55.272150 [DWT] ok=1 cyc=875741055 cyc_per_ms=800091
2026-09-03T20:28:56.286625 [HB] up_ms=6203148 frames=294015 inf=294015 hazard=37679 canary_err=0 q=0 qovr=0
2026-09-03T20:28:56.297847 [I2C] init=0 gate=0 whoami=0x201e0 wr=0 wrseen=0x27 addr=0x5a ok=1189743 err=0 tmo=0 recov=0 pclk1=200000000 sysclk=400000000
2026-09-03T20:28:56.299212 [NAK] nacks=0
2026-09-03T20:28:56.303828 [CLK] cpu=800000000 sysb=400000000 pclk1=200000000
2026-09-03T20:28:56.308382 [TOF] res=0 step=0 id=0xeacc blk=0xeacc10 ctl=0x0
2026-09-03T20:28:56.314222 [RNG] init=0 step=99 id=0xeacc boot=1 calls=93 xerr=0 dm=1 tb=15
2026-09-03T20:28:56.321219 [RNG] osc=41 imp=881 imprb=881 mstart=0x40 cfg=91 cfgfail=0x0 vhv=0 vpolls=0
2026-09-03T20:28:56.327461 [PRT] calls=1175459 xerr=0 ler=1 lidx=0x0 perr=0 maxcnt=17 addr8=0x52
2026-09-03T20:28:56.331600 [RTY] wr=0 wmax=0 wref=0  rd=0 rmax=0 rref=0
2026-09-03T20:28:56.339596 [RNG] frames=293657 last=41 min=22 max=61 nrdy=360 dxfer=0 dstat=0 lst=0 nrdyerr=0 dclr=0
2026-09-03T20:28:56.345984 [DRV] init=0 id=7 mode=0x1 lib=0x2 seq=0x1 odc=0x8b sts=0xe0 armed=1
2026-09-03T20:28:56.351621 [TRG] pulses=2758 suppressed=34921 cyc=1600 rst=1 rstmode=0x40
2026-09-03T20:28:56.355096 [HLT] polls=5880 faults=0x0 cfglost=0
2026-09-03T20:28:56.360731 [EFF] n=5 last=58588 min=58472 max=58588 late=0 stuck=0 rderr=0
2026-09-03T20:28:56.364699 [DWT] ok=1 cyc=1743638987 cyc_per_ms=799905
2026-09-03T20:28:57.378921 [HB] up_ms=6204233 frames=294066 inf=294066 hazard=37679 canary_err=0 q=0 qovr=0
2026-09-03T20:28:57.390276 [I2C] init=0 gate=0 whoami=0x201e0 wr=0 wrseen=0x27 addr=0x5a ok=1189949 err=0 tmo=0 recov=0 pclk1=200000000 sysclk=400000000
2026-09-03T20:28:57.391671 [NAK] nacks=0
2026-09-03T20:28:57.396150 [CLK] cpu=800000000 sysb=400000000 pclk1=200000000
2026-09-03T20:28:57.400659 [TOF] res=0 step=0 id=0xeacc blk=0xeacc10 ctl=0x0
2026-09-03T20:28:57.406644 [RNG] init=0 step=99 id=0xeacc boot=1 calls=93 xerr=0 dm=1 tb=15
2026-09-03T20:28:57.413540 [RNG] osc=41 imp=881 imprb=881 mstart=0x40 cfg=91 cfgfail=0x0 vhv=0 vpolls=0
2026-09-03T20:28:57.419770 [PRT] calls=1175665 xerr=0 ler=1 lidx=0x0 perr=0 maxcnt=17 addr8=0x52
2026-09-03T20:28:57.423899 [RTY] wr=0 wmax=0 wref=0  rd=0 rmax=0 rref=0
2026-09-03T20:28:57.432033 [RNG] frames=293708 last=38 min=22 max=61 nrdy=360 dxfer=0 dstat=0 lst=0 nrdyerr=0 dclr=0
2026-09-03T20:28:57.438274 [DRV] init=0 id=7 mode=0x1 lib=0x2 seq=0x1 odc=0x8b sts=0xe0 armed=1
2026-09-03T20:28:57.443924 [TRG] pulses=2758 suppressed=34921 cyc=1600 rst=1 rstmode=0x40
2026-09-03T20:28:57.447269 [HLT] polls=5881 faults=0x0 cfglost=0
2026-09-03T20:28:57.453141 [EFF] n=5 last=58588 min=58472 max=58588 late=0 stuck=0 rderr=0
2026-09-03T20:28:57.457142 [DWT] ok=1 cyc=2611741007 cyc_per_ms=800094
2026-09-03T20:28:58.471344 [HB] up_ms=6205318 frames=294118 inf=294118 hazard=37679 canary_err=0 q=0 qovr=0
2026-09-03T20:28:58.482459 [I2C] init=0 gate=0 whoami=0x201e0 wr=0 wrseen=0x27 addr=0x5a ok=1190159 err=0 tmo=0 recov=0 pclk1=200000000 sysclk=400000000
2026-09-03T20:28:58.483828 [NAK] nacks=0
2026-09-03T20:28:58.488604 [CLK] cpu=800000000 sysb=400000000 pclk1=200000000
2026-09-03T20:28:58.493099 [TOF] res=0 step=0 id=0xeacc blk=0xeacc10 ctl=0x0
2026-09-03T20:28:58.498955 [RNG] init=0 step=99 id=0xeacc boot=1 calls=93 xerr=0 dm=1 tb=15
2026-09-03T20:28:58.505827 [RNG] osc=41 imp=881 imprb=881 mstart=0x40 cfg=91 cfgfail=0x0 vhv=0 vpolls=0
2026-09-03T20:28:58.512227 [PRT] calls=1175869 xerr=0 ler=1 lidx=0x0 perr=0 maxcnt=17 addr8=0x52
2026-09-03T20:28:58.516207 [RTY] wr=0 wmax=0 wref=0  rd=0 rmax=0 rref=0
2026-09-03T20:28:58.524327 [RNG] frames=293760 last=46 min=22 max=61 nrdy=360 dxfer=0 dstat=0 lst=0 nrdyerr=0 dclr=0
2026-09-03T20:28:58.530467 [DRV] init=0 id=7 mode=0x1 lib=0x2 seq=0x1 odc=0x8b sts=0xe0 armed=1
2026-09-03T20:28:58.536340 [TRG] pulses=2758 suppressed=34921 cyc=1600 rst=1 rstmode=0x40
2026-09-03T20:28:58.539703 [HLT] polls=5882 faults=0x0 cfglost=0
2026-09-03T20:28:58.545480 [EFF] n=5 last=58588 min=58472 max=58588 late=0 stuck=0 rderr=0
2026-09-03T20:28:58.549442 [DWT] ok=1 cyc=3479740235 cyc_per_ms=799999
2026-09-03T20:28:59.563797 [HB] up_ms=6206403 frames=294169 inf=294169 hazard=37679 canary_err=0 q=0 qovr=0
2026-09-03T20:28:59.576693 [I2C] init=0 gate=0 whoami=0x201e0 wr=0 wrseen=0x27 addr=0x5a ok=1190365 err=0 tmo=0 recov=0 pclk1=200000000 sysclk=400000000
2026-09-03T20:28:59.576821 [NAK] nacks=0
2026-09-03T20:28:59.581176 [CLK] cpu=800000000 sysb=400000000 pclk1=200000000
2026-09-03T20:28:59.585536 [TOF] res=0 step=0 id=0xeacc blk=0xeacc10 ctl=0x0
2026-09-03T20:28:59.592720 [RNG] init=0 step=99 id=0xeacc boot=1 calls=93 xerr=0 dm=1 tb=15
2026-09-03T20:28:59.598415 [RNG] osc=41 imp=881 imprb=881 mstart=0x40 cfg=91 cfgfail=0x0 vhv=0 vpolls=0
2026-09-03T20:28:59.604660 [PRT] calls=1176077 xerr=0 ler=1 lidx=0x0 perr=0 maxcnt=17 addr8=0x52
2026-09-03T20:28:59.608949 [RTY] wr=0 wmax=0 wref=0  rd=0 rmax=0 rref=0
2026-09-03T20:28:59.616911 [RNG] frames=293811 last=34 min=22 max=61 nrdy=360 dxfer=0 dstat=0 lst=0 nrdyerr=0 dclr=0
2026-09-03T20:28:59.623135 [DRV] init=0 id=7 mode=0x1 lib=0x2 seq=0x1 odc=0x8b sts=0xe0 armed=1
2026-09-03T20:28:59.628799 [TRG] pulses=2758 suppressed=34921 cyc=1600 rst=1 rstmode=0x40
2026-09-03T20:28:59.632252 [HLT] polls=5883 faults=0x0 cfglost=0
2026-09-03T20:28:59.637993 [EFF] n=5 last=58588 min=58472 max=58588 late=0 stuck=0 rderr=0
2026-09-03T20:28:59.641917 [DWT] ok=1 cyc=52773675 cyc_per_ms=800000
2026-09-03T20:29:00.656589 [HB] up_ms=6207488 frames=294220 inf=294220 hazard=37699 canary_err=0 q=0 qovr=0
2026-09-03T20:29:00.667710 [I2C] init=0 gate=0 whoami=0x201e0 wr=0 wrseen=0x27 addr=0x5a ok=1190575 err=0 tmo=0 recov=0 pclk1=200000000 sysclk=400000000
2026-09-03T20:29:00.669078 [NAK] nacks=0
2026-09-03T20:29:00.673696 [CLK] cpu=800000000 sysb=400000000 pclk1=200000000
2026-09-03T20:29:00.678409 [TOF] res=0 step=0 id=0xeacc blk=0xeacc10 ctl=0x0
2026-09-03T20:29:00.684075 [RNG] init=0 step=99 id=0xeacc boot=1 calls=93 xerr=0 dm=1 tb=15
2026-09-03T20:29:00.690961 [RNG] osc=41 imp=881 imprb=881 mstart=0x40 cfg=91 cfgfail=0x0 vhv=0 vpolls=0
2026-09-03T20:29:00.697326 [PRT] calls=1176281 xerr=0 ler=1 lidx=0x0 perr=0 maxcnt=17 addr8=0x52
2026-09-03T20:29:00.701453 [RTY] wr=0 wmax=0 wref=0  rd=0 rmax=0 rref=0
2026-09-03T20:29:00.710273 [RNG] frames=293863 last=38 min=22 max=61 nrdy=360 dxfer=0 dstat=0 lst=0 nrdyerr=0 dclr=0
2026-09-03T20:29:00.715698 [DRV] init=0 id=7 mode=0x1 lib=0x2 seq=0x1 odc=0x8b sts=0xe0 armed=1
2026-09-03T20:29:00.721438 [TRG] pulses=2760 suppressed=34942 cyc=1600 rst=1 rstmode=0x40
2026-09-03T20:29:00.724807 [HLT] polls=5884 faults=0x0 cfglost=0
2026-09-03T20:29:00.730600 [EFF] n=5 last=58588 min=58472 max=58588 late=0 stuck=0 rderr=0
2026-09-03T20:29:00.734446 [DWT] ok=1 cyc=920777235 cyc_per_ms=800003
2026-09-03T20:29:01.748670 [HB] up_ms=6208573 frames=294272 inf=294272 hazard=37720 canary_err=0 q=0 qovr=0
2026-09-03T20:29:01.760044 [I2C] init=0 gate=0 whoami=0x201e0 wr=0 wrseen=0x27 addr=0x5a ok=1190781 err=0 tmo=0 recov=0 pclk1=200000000 sysclk=400000000
2026-09-03T20:29:01.761402 [NAK] nacks=0
2026-09-03T20:29:01.765895 [CLK] cpu=800000000 sysb=400000000 pclk1=200000000
2026-09-03T20:29:01.770385 [TOF] res=0 step=0 id=0xeacc blk=0xeacc10 ctl=0x0
2026-09-03T20:29:01.776280 [RNG] init=0 step=99 id=0xeacc boot=1 calls=93 xerr=0 dm=1 tb=15
2026-09-03T20:29:01.783259 [RNG] osc=41 imp=881 imprb=881 mstart=0x40 cfg=91 cfgfail=0x0 vhv=0 vpolls=0
2026-09-03T20:29:01.789504 [PRT] calls=1176489 xerr=0 ler=1 lidx=0x0 perr=0 maxcnt=17 addr8=0x52
2026-09-03T20:29:01.793647 [RTY] wr=0 wmax=0 wref=0  rd=0 rmax=0 rref=0
2026-09-03T20:29:01.801770 [RNG] frames=293914 last=42 min=22 max=61 nrdy=360 dxfer=0 dstat=0 lst=0 nrdyerr=0 dclr=0
2026-09-03T20:29:01.807887 [DRV] init=0 id=7 mode=0x1 lib=0x2 seq=0x1 odc=0x8b sts=0xe0 armed=1
2026-09-03T20:29:01.813722 [TRG] pulses=2761 suppressed=34959 cyc=1600 rst=1 rstmode=0x40
2026-09-03T20:29:01.817016 [HLT] polls=5885 faults=0x0 cfglost=0
2026-09-03T20:29:01.822763 [EFF] n=5 last=58588 min=58472 max=58588 late=0 stuck=0 rderr=0
2026-09-03T20:29:01.827598 [DWT] ok=1 cyc=1788671631 cyc_per_ms=799902
2026-09-03T20:29:02.840344 [HB] up_ms=6209658 frames=294323 inf=294323 hazard=37720 canary_err=0 q=0 qovr=0
2026-09-03T20:29:02.851604 [I2C] init=0 gate=0 whoami=0x201e0 wr=0 wrseen=0x27 addr=0x5a ok=1190990 err=0 tmo=0 recov=0 pclk1=200000000 sysclk=400000000
2026-09-03T20:29:02.852934 [NAK] nacks=0
2026-09-03T20:29:02.857466 [CLK] cpu=800000000 sysb=400000000 pclk1=200000000
2026-09-03T20:29:02.862183 [TOF] res=0 step=0 id=0xeacc blk=0xeacc10 ctl=0x0
2026-09-03T20:29:02.867949 [RNG] init=0 step=99 id=0xeacc boot=1 calls=93 xerr=0 dm=1 tb=15
2026-09-03T20:29:02.874839 [RNG] osc=41 imp=881 imprb=881 mstart=0x40 cfg=91 cfgfail=0x0 vhv=0 vpolls=0
2026-09-03T20:29:02.881053 [PRT] calls=1176693 xerr=0 ler=1 lidx=0x0 perr=0 maxcnt=17 addr8=0x52
2026-09-03T20:29:02.885314 [RTY] wr=0 wmax=0 wref=0  rd=0 rmax=0 rref=0
2026-09-03T20:29:02.893311 [RNG] frames=293966 last=48 min=22 max=61 nrdy=360 dxfer=0 dstat=0 lst=0 nrdyerr=0 dclr=0
2026-09-03T20:29:02.899428 [DRV] init=0 id=7 mode=0x1 lib=0x2 seq=0x1 odc=0x8b sts=0xe0 armed=1
2026-09-03T20:29:02.905166 [TRG] pulses=2761 suppressed=34959 cyc=1600 rst=1 rstmode=0x40
2026-09-03T20:29:02.908696 [HLT] polls=5886 faults=0x0 cfglost=0
2026-09-03T20:29:02.914423 [EFF] n=5 last=58588 min=58472 max=58588 late=0 stuck=0 rderr=0
2026-09-03T20:29:02.918416 [DWT] ok=1 cyc=2656773583 cyc_per_ms=800093
2026-09-03T20:29:03.932401 [HB] up_ms=6210743 frames=294375 inf=294375 hazard=37720 canary_err=0 q=0 qovr=0
2026-09-03T20:29:03.943684 [I2C] init=0 gate=0 whoami=0x201e0 wr=0 wrseen=0x27 addr=0x5a ok=1191197 err=0 tmo=0 recov=0 pclk1=200000000 sysclk=400000000
2026-09-03T20:29:03.945083 [NAK] nacks=0
2026-09-03T20:29:03.949668 [CLK] cpu=800000000 sysb=400000000 pclk1=200000000
2026-09-03T20:29:03.954117 [TOF] res=0 step=0 id=0xeacc blk=0xeacc10 ctl=0x0
2026-09-03T20:29:03.959958 [RNG] init=0 step=99 id=0xeacc boot=1 calls=93 xerr=0 dm=1 tb=15
2026-09-03T20:29:03.966894 [RNG] osc=41 imp=881 imprb=881 mstart=0x40 cfg=91 cfgfail=0x0 vhv=0 vpolls=0
2026-09-03T20:29:03.973245 [PRT] calls=1176901 xerr=0 ler=1 lidx=0x0 perr=0 maxcnt=17 addr8=0x52
2026-09-03T20:29:03.977261 [RTY] wr=0 wmax=0 wref=0  rd=0 rmax=0 rref=0
2026-09-03T20:29:03.985237 [RNG] frames=294017 last=44 min=22 max=61 nrdy=360 dxfer=0 dstat=0 lst=0 nrdyerr=0 dclr=0
2026-09-03T20:29:03.992505 [DRV] init=0 id=7 mode=0x1 lib=0x2 seq=0x1 odc=0x8b sts=0xe0 armed=1
2026-09-03T20:29:03.997281 [TRG] pulses=2761 suppressed=34959 cyc=1600 rst=1 rstmode=0x40
2026-09-03T20:29:04.000645 [HLT] polls=5887 faults=0x0 cfglost=0
2026-09-03T20:29:04.006370 [EFF] n=5 last=58588 min=58472 max=58588 late=0 stuck=0 rderr=0
2026-09-03T20:29:04.010532 [DWT] ok=1 cyc=3524671727 cyc_per_ms=799906
2026-09-03T20:29:05.024430 [HB] up_ms=6211828 frames=294426 inf=294426 hazard=37720 canary_err=0 q=0 qovr=0
2026-09-03T20:29:05.035817 [I2C] init=0 gate=0 whoami=0x201e0 wr=0 wrseen=0x27 addr=0x5a ok=1191403 err=0 tmo=0 recov=0 pclk1=200000000 sysclk=400000000
2026-09-03T20:29:05.037065 [NAK] nacks=0
2026-09-03T20:29:05.041717 [CLK] cpu=800000000 sysb=400000000 pclk1=200000000
2026-09-03T20:29:05.046189 [TOF] res=0 step=0 id=0xeacc blk=0xeacc10 ctl=0x0
2026-09-03T20:29:05.052184 [RNG] init=0 step=99 id=0xeacc boot=1 calls=93 xerr=0 dm=1 tb=15
2026-09-03T20:29:05.059615 [RNG] osc=41 imp=881 imprb=881 mstart=0x40 cfg=91 cfgfail=0x0 vhv=0 vpolls=0
2026-09-03T20:29:05.065332 [PRT] calls=1177105 xerr=0 ler=1 lidx=0x0 perr=0 maxcnt=17 addr8=0x52
2026-09-03T20:29:05.069426 [RTY] wr=0 wmax=0 wref=0  rd=0 rmax=0 rref=0
2026-09-03T20:29:05.077598 [RNG] frames=294068 last=43 min=22 max=61 nrdy=360 dxfer=0 dstat=0 lst=0 nrdyerr=0 dclr=0
2026-09-03T20:29:05.083716 [DRV] init=0 id=7 mode=0x1 lib=0x2 seq=0x1 odc=0x8b sts=0xe0 armed=1
2026-09-03T20:29:05.089423 [TRG] pulses=2761 suppressed=34959 cyc=1600 rst=1 rstmode=0x40
2026-09-03T20:29:05.092861 [HLT] polls=5888 faults=0x0 cfglost=0
2026-09-03T20:29:05.098705 [EFF] n=5 last=58588 min=58472 max=58588 late=0 stuck=0 rderr=0
2026-09-03T20:29:05.102572 [DWT] ok=1 cyc=97806403 cyc_per_ms=800093
2026-09-03T20:29:06.116997 [HB] up_ms=6212913 frames=294478 inf=294478 hazard=37720 canary_err=0 q=0 qovr=0
2026-09-03T20:29:06.128295 [I2C] init=0 gate=0 whoami=0x201e0 wr=0 wrseen=0x27 addr=0x5a ok=1191613 err=0 tmo=0 recov=0 pclk1=200000000 sysclk=400000000
2026-09-03T20:29:06.129636 [NAK] nacks=0
2026-09-03T20:29:06.134241 [CLK] cpu=800000000 sysb=400000000 pclk1=200000000
2026-09-03T20:29:06.138749 [TOF] res=0 step=0 id=0xeacc blk=0xeacc10 ctl=0x0
2026-09-03T20:29:06.144640 [RNG] init=0 step=99 id=0xeacc boot=1 calls=93 xerr=0 dm=1 tb=15
2026-09-03T20:29:06.151528 [RNG] osc=41 imp=881 imprb=881 mstart=0x40 cfg=91 cfgfail=0x0 vhv=0 vpolls=0
2026-09-03T20:29:06.157888 [PRT] calls=1177309 xerr=0 ler=1 lidx=0x0 perr=0 maxcnt=17 addr8=0x52
2026-09-03T20:29:06.161995 [RTY] wr=0 wmax=0 wref=0  rd=0 rmax=0 rref=0
2026-09-03T20:29:06.169997 [RNG] frames=294120 last=39 min=22 max=61 nrdy=360 dxfer=0 dstat=0 lst=0 nrdyerr=0 dclr=0
2026-09-03T20:29:06.176244 [DRV] init=0 id=7 mode=0x1 lib=0x2 seq=0x1 odc=0x8b sts=0xe0 armed=1
2026-09-03T20:29:06.182000 [TRG] pulses=2761 suppressed=34959 cyc=1600 rst=1 rstmode=0x40
2026-09-03T20:29:06.185367 [HLT] polls=5889 faults=0x0 cfglost=0
2026-09-03T20:29:06.191152 [EFF] n=5 last=58588 min=58472 max=58588 late=0 stuck=0 rderr=0
2026-09-03T20:29:06.195000 [DWT] ok=1 cyc=965805619 cyc_per_ms=799999
2026-09-03T20:29:07.209312 [HB] up_ms=6213998 frames=294529 inf=294529 hazard=37729 canary_err=0 q=0 qovr=0
2026-09-03T20:29:07.220687 [I2C] init=0 gate=0 whoami=0x201e0 wr=0 wrseen=0x27 addr=0x5a ok=1191819 err=0 tmo=0 recov=0 pclk1=200000000 sysclk=400000000
2026-09-03T20:29:07.221925 [NAK] nacks=0
2026-09-03T20:29:07.226584 [CLK] cpu=800000000 sysb=400000000 pclk1=200000000
2026-09-03T20:29:07.231050 [TOF] res=0 step=0 id=0xeacc blk=0xeacc10 ctl=0x0
2026-09-03T20:29:07.236922 [RNG] init=0 step=99 id=0xeacc boot=1 calls=93 xerr=0 dm=1 tb=15
2026-09-03T20:29:07.243930 [RNG] osc=41 imp=881 imprb=881 mstart=0x40 cfg=91 cfgfail=0x0 vhv=0 vpolls=0
2026-09-03T20:29:07.250186 [PRT] calls=1177517 xerr=0 ler=1 lidx=0x0 perr=0 maxcnt=17 addr8=0x52
2026-09-03T20:29:07.254177 [RTY] wr=0 wmax=0 wref=0  rd=0 rmax=0 rref=0
2026-09-03T20:29:07.262425 [RNG] frames=294171 last=44 min=22 max=61 nrdy=360 dxfer=0 dstat=0 lst=0 nrdyerr=0 dclr=0
2026-09-03T20:29:07.268543 [DRV] init=0 id=7 mode=0x1 lib=0x2 seq=0x1 odc=0x8b sts=0xe0 armed=1
2026-09-03T20:29:07.274172 [TRG] pulses=2762 suppressed=34970 cyc=1600 rst=1 rstmode=0x40
2026-09-03T20:29:07.277679 [HLT] polls=5890 faults=0x0 cfglost=0
2026-09-03T20:29:07.283597 [EFF] n=5 last=58588 min=58472 max=58588 late=0 stuck=0 rderr=0
2026-09-03T20:29:07.287543 [DWT] ok=1 cyc=1833810119 cyc_per_ms=800004
2026-09-03T20:29:08.301871 [HB] up_ms=6215083 frames=294580 inf=294580 hazard=37761 canary_err=0 q=0 qovr=0
2026-09-03T20:29:08.312989 [I2C] init=0 gate=0 whoami=0x201e0 wr=0 wrseen=0x27 addr=0x5a ok=1192029 err=0 tmo=0 recov=0 pclk1=200000000 sysclk=400000000
2026-09-03T20:29:08.314364 [NAK] nacks=0
2026-09-03T20:29:08.318853 [CLK] cpu=800000000 sysb=400000000 pclk1=200000000
2026-09-03T20:29:08.323487 [TOF] res=0 step=0 id=0xeacc blk=0xeacc10 ctl=0x0
2026-09-03T20:29:08.329367 [RNG] init=0 step=99 id=0xeacc boot=1 calls=93 xerr=0 dm=1 tb=15
2026-09-03T20:29:08.336236 [RNG] osc=41 imp=881 imprb=881 mstart=0x40 cfg=91 cfgfail=0x0 vhv=0 vpolls=0
2026-09-03T20:29:08.342655 [PRT] calls=1177721 xerr=0 ler=1 lidx=0x0 perr=0 maxcnt=17 addr8=0x52
2026-09-03T20:29:08.346731 [RTY] wr=0 wmax=0 wref=0  rd=0 rmax=0 rref=0
2026-09-03T20:29:08.354739 [RNG] frames=294223 last=42 min=22 max=61 nrdy=360 dxfer=0 dstat=0 lst=0 nrdyerr=0 dclr=0
2026-09-03T20:29:08.360995 [DRV] init=0 id=7 mode=0x1 lib=0x2 seq=0x1 odc=0x8b sts=0xe0 armed=1
2026-09-03T20:29:08.366730 [TRG] pulses=2764 suppressed=34997 cyc=1600 rst=1 rstmode=0x40
2026-09-03T20:29:08.370110 [HLT] polls=5891 faults=0x0 cfglost=0
2026-09-03T20:29:08.375930 [EFF] n=5 last=58588 min=58472 max=58588 late=0 stuck=0 rderr=0
2026-09-03T20:29:08.379857 [DWT] ok=1 cyc=2701806219 cyc_per_ms=799996
2026-09-03T20:29:09.393696 [HB] up_ms=6216168 frames=294632 inf=294632 hazard=37761 canary_err=0 q=0 qovr=0
2026-09-03T20:29:09.404935 [I2C] init=0 gate=0 whoami=0x201e0 wr=0 wrseen=0x27 addr=0x5a ok=1192233 err=0 tmo=0 recov=0 pclk1=200000000 sysclk=400000000
2026-09-03T20:29:09.406289 [NAK] nacks=0
2026-09-03T20:29:09.410813 [CLK] cpu=800000000 sysb=400000000 pclk1=200000000
2026-09-03T20:29:09.415307 [TOF] res=0 step=0 id=0xeacc blk=0xeacc10 ctl=0x0
2026-09-03T20:29:09.421173 [RNG] init=0 step=99 id=0xeacc boot=1 calls=93 xerr=0 dm=1 tb=15
2026-09-03T20:29:09.428177 [RNG] osc=41 imp=881 imprb=881 mstart=0x40 cfg=91 cfgfail=0x0 vhv=0 vpolls=0
2026-09-03T20:29:09.434417 [PRT] calls=1177927 xerr=0 ler=1 lidx=0x0 perr=0 maxcnt=17 addr8=0x52
2026-09-03T20:29:09.438594 [RTY] wr=0 wmax=0 wref=0  rd=0 rmax=0 rref=0
2026-09-03T20:29:09.446992 [RNG] frames=294273 last=38 min=22 max=61 nrdy=361 dxfer=0 dstat=0 lst=0 nrdyerr=0 dclr=0
2026-09-03T20:29:09.452923 [DRV] init=0 id=7 mode=0x1 lib=0x2 seq=0x1 odc=0x8b sts=0xe0 armed=1
2026-09-03T20:29:09.458544 [TRG] pulses=2764 suppressed=34997 cyc=1600 rst=1 rstmode=0x40
2026-09-03T20:29:09.461920 [HLT] polls=5892 faults=0x0 cfglost=0
2026-09-03T20:29:09.467649 [EFF] n=5 last=58588 min=58472 max=58588 late=0 stuck=0 rderr=0
2026-09-03T20:29:09.471776 [DWT] ok=1 cyc=3569704347 cyc_per_ms=799906
2026-09-03T20:29:10.486004 [HB] up_ms=6217253 frames=294683 inf=294683 hazard=37761 canary_err=0 q=0 qovr=0
2026-09-03T20:29:10.497234 [I2C] init=0 gate=0 whoami=0x201e0 wr=0 wrseen=0x27 addr=0x5a ok=1192442 err=0 tmo=0 recov=0 pclk1=200000000 sysclk=400000000
2026-09-03T20:29:10.498485 [NAK] nacks=0
2026-09-03T20:29:10.503110 [CLK] cpu=800000000 sysb=400000000 pclk1=200000000
2026-09-03T20:29:10.507747 [TOF] res=0 step=0 id=0xeacc blk=0xeacc10 ctl=0x0
2026-09-03T20:29:10.513618 [RNG] init=0 step=99 id=0xeacc boot=1 calls=93 xerr=0 dm=1 tb=15
2026-09-03T20:29:10.520478 [RNG] osc=41 imp=881 imprb=881 mstart=0x40 cfg=91 cfgfail=0x0 vhv=0 vpolls=0
2026-09-03T20:29:10.526736 [PRT] calls=1178131 xerr=0 ler=1 lidx=0x0 perr=0 maxcnt=17 addr8=0x52
2026-09-03T20:29:10.530975 [RTY] wr=0 wmax=0 wref=0  rd=0 rmax=0 rref=0
2026-09-03T20:29:10.538982 [RNG] frames=294325 last=38 min=22 max=61 nrdy=361 dxfer=0 dstat=0 lst=0 nrdyerr=0 dclr=0
2026-09-03T20:29:10.545105 [DRV] init=0 id=7 mode=0x1 lib=0x2 seq=0x1 odc=0x8b sts=0xe0 armed=1
2026-09-03T20:29:10.550869 [TRG] pulses=2764 suppressed=34997 cyc=1600 rst=1 rstmode=0x40
2026-09-03T20:29:10.554349 [HLT] polls=5893 faults=0x0 cfglost=0
2026-09-03T20:29:10.560104 [EFF] n=5 last=58588 min=58472 max=58588 late=0 stuck=0 rderr=0
2026-09-03T20:29:10.565230 [DWT] ok=1 cyc=142838983 cyc_per_ms=800093
2026-09-03T20:29:11.577953 [HB] up_ms=6218338 frames=294735 inf=294735 hazard=37761 canary_err=0 q=0 qovr=0
2026-09-03T20:29:11.589175 [I2C] init=0 gate=0 whoami=0x201e0 wr=0 wrseen=0x27 addr=0x5a ok=1192649 err=0 tmo=0 recov=0 pclk1=200000000 sysclk=400000000
2026-09-03T20:29:11.590537 [NAK] nacks=0
2026-09-03T20:29:11.595168 [CLK] cpu=800000000 sysb=400000000 pclk1=200000000
2026-09-03T20:29:11.599687 [TOF] res=0 step=0 id=0xeacc blk=0xeacc10 ctl=0x0
2026-09-03T20:29:11.605532 [RNG] init=0 step=99 id=0xeacc boot=1 calls=93 xerr=0 dm=1 tb=15
2026-09-03T20:29:11.612549 [RNG] osc=41 imp=881 imprb=881 mstart=0x40 cfg=91 cfgfail=0x0 vhv=0 vpolls=0
2026-09-03T20:29:11.618807 [PRT] calls=1178339 xerr=0 ler=1 lidx=0x0 perr=0 maxcnt=17 addr8=0x52
2026-09-03T20:29:11.622909 [RTY] wr=0 wmax=0 wref=0  rd=0 rmax=0 rref=0
2026-09-03T20:29:11.630922 [RNG] frames=294376 last=45 min=22 max=61 nrdy=361 dxfer=0 dstat=0 lst=0 nrdyerr=0 dclr=0
2026-09-03T20:29:11.637160 [DRV] init=0 id=7 mode=0x1 lib=0x2 seq=0x1 odc=0x8b sts=0xe0 armed=1
2026-09-03T20:29:11.642824 [TRG] pulses=2764 suppressed=34997 cyc=1600 rst=1 rstmode=0x40
2026-09-03T20:29:11.646308 [HLT] polls=5894 faults=0x0 cfglost=0
2026-09-03T20:29:11.652038 [EFF] n=5 last=58588 min=58472 max=58588 late=0 stuck=0 rderr=0
2026-09-03T20:29:11.656034 [DWT] ok=1 cyc=1010737123 cyc_per_ms=799906
2026-09-03T20:29:12.670249 [HB] up_ms=6219423 frames=294786 inf=294786 hazard=37761 canary_err=0 q=0 qovr=0
2026-09-03T20:29:12.681672 [I2C] init=0 gate=0 whoami=0x201e0 wr=0 wrseen=0x27 addr=0x5a ok=1192855 err=0 tmo=0 recov=0 pclk1=200000000 sysclk=400000000
2026-09-03T20:29:12.682864 [NAK] nacks=0
2026-09-03T20:29:12.687478 [CLK] cpu=800000000 sysb=400000000 pclk1=200000000
2026-09-03T20:29:12.692002 [TOF] res=0 step=0 id=0xeacc blk=0xeacc10 ctl=0x0
2026-09-03T20:29:12.697998 [RNG] init=0 step=99 id=0xeacc boot=1 calls=93 xerr=0 dm=1 tb=15
2026-09-03T20:29:12.704861 [RNG] osc=41 imp=881 imprb=881 mstart=0x40 cfg=91 cfgfail=0x0 vhv=0 vpolls=0
2026-09-03T20:29:12.711113 [PRT] calls=1178543 xerr=0 ler=1 lidx=0x0 perr=0 maxcnt=17 addr8=0x52
2026-09-03T20:29:12.715097 [RTY] wr=0 wmax=0 wref=0  rd=0 rmax=0 rref=0
2026-09-03T20:29:12.723348 [RNG] frames=294427 last=42 min=22 max=61 nrdy=361 dxfer=0 dstat=0 lst=0 nrdyerr=0 dclr=0
2026-09-03T20:29:12.729483 [DRV] init=0 id=7 mode=0x1 lib=0x2 seq=0x1 odc=0x8b sts=0xe0 armed=1
2026-09-03T20:29:12.735096 [TRG] pulses=2764 suppressed=34997 cyc=1600 rst=1 rstmode=0x40
2026-09-03T20:29:12.738616 [HLT] polls=5895 faults=0x0 cfglost=0
2026-09-03T20:29:12.744478 [EFF] n=5 last=58588 min=58472 max=58588 late=0 stuck=0 rderr=0
2026-09-03T20:29:12.748464 [DWT] ok=1 cyc=1878839123 cyc_per_ms=800094
2026-09-03T20:29:13.762298 [HB] up_ms=6220508 frames=294838 inf=294838 hazard=37761 canary_err=0 q=0 qovr=0
2026-09-03T20:29:13.773543 [I2C] init=0 gate=0 whoami=0x201e0 wr=0 wrseen=0x27 addr=0x5a ok=1193065 err=0 tmo=0 recov=0 pclk1=200000000 sysclk=400000000
2026-09-03T20:29:13.774782 [NAK] nacks=0
2026-09-03T20:29:13.779537 [CLK] cpu=800000000 sysb=400000000 pclk1=200000000
2026-09-03T20:29:13.784034 [TOF] res=0 step=0 id=0xeacc blk=0xeacc10 ctl=0x0
2026-09-03T20:29:13.789914 [RNG] init=0 step=99 id=0xeacc boot=1 calls=93 xerr=0 dm=1 tb=15
2026-09-03T20:29:13.796782 [RNG] osc=41 imp=881 imprb=881 mstart=0x40 cfg=91 cfgfail=0x0 vhv=0 vpolls=0
2026-09-03T20:29:13.803156 [PRT] calls=1178747 xerr=0 ler=1 lidx=0x0 perr=0 maxcnt=17 addr8=0x52
2026-09-03T20:29:13.807152 [RTY] wr=0 wmax=0 wref=0  rd=0 rmax=0 rref=0
2026-09-03T20:29:13.815292 [RNG] frames=294479 last=42 min=22 max=61 nrdy=361 dxfer=0 dstat=0 lst=0 nrdyerr=0 dclr=0
2026-09-03T20:29:13.821414 [DRV] init=0 id=7 mode=0x1 lib=0x2 seq=0x1 odc=0x8b sts=0xe0 armed=1
2026-09-03T20:29:13.827195 [TRG] pulses=2765 suppressed=34997 cyc=1600 rst=1 rstmode=0x40
2026-09-03T20:29:13.830652 [HLT] polls=5896 faults=0x0 cfglost=0
2026-09-03T20:29:13.836403 [EFF] n=5 last=58588 min=58472 max=58588 late=0 stuck=0 rderr=0
2026-09-03T20:29:13.840280 [DWT] ok=1 cyc=2746841771 cyc_per_ms=800002
2026-09-03T20:29:14.854478 [HB] up_ms=6221593 frames=294889 inf=294889 hazard=37802 canary_err=0 q=0 qovr=0
2026-09-03T20:29:14.865803 [I2C] init=0 gate=0 whoami=0x201e0 wr=0 wrseen=0x27 addr=0x5a ok=1193271 err=0 tmo=0 recov=0 pclk1=200000000 sysclk=400000000
2026-09-03T20:29:14.867097 [NAK] nacks=0
2026-09-03T20:29:14.871716 [CLK] cpu=800000000 sysb=400000000 pclk1=200000000
2026-09-03T20:29:14.876246 [TOF] res=0 step=0 id=0xeacc blk=0xeacc10 ctl=0x0
2026-09-03T20:29:14.882108 [RNG] init=0 step=99 id=0xeacc boot=1 calls=93 xerr=0 dm=1 tb=15
2026-09-03T20:29:14.888975 [RNG] osc=41 imp=881 imprb=881 mstart=0x40 cfg=91 cfgfail=0x0 vhv=0 vpolls=0
2026-09-03T20:29:14.895356 [PRT] calls=1178955 xerr=0 ler=1 lidx=0x0 perr=0 maxcnt=17 addr8=0x52
2026-09-03T20:29:14.899351 [RTY] wr=0 wmax=0 wref=0  rd=0 rmax=0 rref=0
2026-09-03T20:29:14.907492 [RNG] frames=294530 last=44 min=22 max=61 nrdy=361 dxfer=0 dstat=0 lst=0 nrdyerr=0 dclr=0
2026-09-03T20:29:14.913731 [DRV] init=0 id=7 mode=0x1 lib=0x2 seq=0x1 odc=0x8b sts=0xe0 armed=1
2026-09-03T20:29:14.919355 [TRG] pulses=2767 suppressed=35035 cyc=1600 rst=1 rstmode=0x40
2026-09-03T20:29:14.922844 [HLT] polls=5897 faults=0x0 cfglost=0
2026-09-03T20:29:14.928751 [EFF] n=5 last=58588 min=58472 max=58588 late=0 stuck=0 rderr=0
2026-09-03T20:29:14.932609 [DWT] ok=1 cyc=3614839103 cyc_per_ms=799997
2026-09-03T20:29:15.946795 [HB] up_ms=6222678 frames=294940 inf=294940 hazard=37802 canary_err=0 q=0 qovr=0
2026-09-03T20:29:15.958046 [I2C] init=0 gate=0 whoami=0x201e0 wr=0 wrseen=0x27 addr=0x5a ok=1193481 err=0 tmo=0 recov=0 pclk1=200000000 sysclk=400000000
2026-09-03T20:29:15.959298 [NAK] nacks=0
2026-09-03T20:29:15.963917 [CLK] cpu=800000000 sysb=400000000 pclk1=200000000
2026-09-03T20:29:15.968528 [TOF] res=0 step=0 id=0xeacc blk=0xeacc10 ctl=0x0
2026-09-03T20:29:15.974410 [RNG] init=0 step=99 id=0xeacc boot=1 calls=93 xerr=0 dm=1 tb=15
2026-09-03T20:29:15.981275 [RNG] osc=41 imp=881 imprb=881 mstart=0x40 cfg=91 cfgfail=0x0 vhv=0 vpolls=0
2026-09-03T20:29:15.987526 [PRT] calls=1179159 xerr=0 ler=1 lidx=0x0 perr=0 maxcnt=17 addr8=0x52
2026-09-03T20:29:15.991690 [RTY] wr=0 wmax=0 wref=0  rd=0 rmax=0 rref=0
2026-09-03T20:29:15.999838 [RNG] frames=294582 last=42 min=22 max=61 nrdy=361 dxfer=0 dstat=0 lst=0 nrdyerr=0 dclr=0
2026-09-03T20:29:16.005904 [DRV] init=0 id=7 mode=0x1 lib=0x2 seq=0x1 odc=0x8b sts=0xe0 armed=1
2026-09-03T20:29:16.011650 [TRG] pulses=2767 suppressed=35035 cyc=1600 rst=1 rstmode=0x40
2026-09-03T20:29:16.015159 [HLT] polls=5898 faults=0x0 cfglost=0
2026-09-03T20:29:16.020910 [EFF] n=5 last=58588 min=58472 max=58588 late=0 stuck=0 rderr=0
2026-09-03T20:29:16.024815 [DWT] ok=1 cyc=187871651 cyc_per_ms=799999
2026-09-03T20:29:17.038969 [HB] up_ms=6223763 frames=294992 inf=294992 hazard=37802 canary_err=0 q=0 qovr=0
2026-09-03T20:29:17.050223 [I2C] init=0 gate=0 whoami=0x201e0 wr=0 wrseen=0x27 addr=0x5a ok=1193687 err=0 tmo=0 recov=0 pclk1=200000000 sysclk=400000000
2026-09-03T20:29:17.051600 [NAK] nacks=0
2026-09-03T20:29:17.056208 [CLK] cpu=800000000 sysb=400000000 pclk1=200000000
2026-09-03T20:29:17.060711 [TOF] res=0 step=0 id=0xeacc blk=0xeacc10 ctl=0x0
2026-09-03T20:29:17.066462 [RNG] init=0 step=99 id=0xeacc boot=1 calls=93 xerr=0 dm=1 tb=15
2026-09-03T20:29:17.073613 [RNG] osc=41 imp=881 imprb=881 mstart=0x40 cfg=91 cfgfail=0x0 vhv=0 vpolls=0
2026-09-03T20:29:17.079837 [PRT] calls=1179367 xerr=0 ler=1 lidx=0x0 perr=0 maxcnt=17 addr8=0x52
2026-09-03T20:29:17.083842 [RTY] wr=0 wmax=0 wref=0  rd=0 rmax=0 rref=0
2026-09-03T20:29:17.091968 [RNG] frames=294633 last=44 min=22 max=61 nrdy=361 dxfer=0 dstat=0 lst=0 nrdyerr=0 dclr=0
2026-09-03T20:29:17.098237 [DRV] init=0 id=7 mode=0x1 lib=0x2 seq=0x1 odc=0x8b sts=0xe0 armed=1
2026-09-03T20:29:17.103850 [TRG] pulses=2767 suppressed=35035 cyc=1600 rst=1 rstmode=0x40
2026-09-03T20:29:17.107338 [HLT] polls=5899 faults=0x0 cfglost=0
2026-09-03T20:29:17.113092 [EFF] n=5 last=58588 min=58472 max=58588 late=0 stuck=0 rderr=0
2026-09-03T20:29:17.117228 [DWT] ok=1 cyc=1055769755 cyc_per_ms=799906
2026-09-03T20:29:18.131033 [HB] up_ms=6224848 frames=295043 inf=295043 hazard=37802 canary_err=0 q=0 qovr=0
2026-09-03T20:29:18.142305 [I2C] init=0 gate=0 whoami=0x201e0 wr=0 wrseen=0x27 addr=0x5a ok=1193896 err=0 tmo=0 recov=0 pclk1=200000000 sysclk=400000000
2026-09-03T20:29:18.143535 [NAK] nacks=0
2026-09-03T20:29:18.148152 [CLK] cpu=800000000 sysb=400000000 pclk1=200000000
2026-09-03T20:29:18.152765 [TOF] res=0 step=0 id=0xeacc blk=0xeacc10 ctl=0x0
2026-09-03T20:29:18.158936 [RNG] init=0 step=99 id=0xeacc boot=1 calls=93 xerr=0 dm=1 tb=15
2026-09-03T20:29:18.165520 [RNG] osc=41 imp=881 imprb=881 mstart=0x40 cfg=91 cfgfail=0x0 vhv=0 vpolls=0
2026-09-03T20:29:18.171778 [PRT] calls=1179571 xerr=0 ler=1 lidx=0x0 perr=0 maxcnt=17 addr8=0x52
2026-09-03T20:29:18.175923 [RTY] wr=0 wmax=0 wref=0  rd=0 rmax=0 rref=0
2026-09-03T20:29:18.184036 [RNG] frames=294685 last=37 min=22 max=61 nrdy=361 dxfer=0 dstat=0 lst=0 nrdyerr=0 dclr=0
2026-09-03T20:29:18.190143 [DRV] init=0 id=7 mode=0x1 lib=0x2 seq=0x1 odc=0x8b sts=0xe0 armed=1
2026-09-03T20:29:18.195792 [TRG] pulses=2767 suppressed=35035 cyc=1600 rst=1 rstmode=0x40
2026-09-03T20:29:18.199402 [HLT] polls=5900 faults=0x0 cfglost=0
2026-09-03T20:29:18.205143 [EFF] n=5 last=58588 min=58472 max=58588 late=0 stuck=0 rderr=0
2026-09-03T20:29:18.209029 [DWT] ok=1 cyc=1923871707 cyc_per_ms=800093
2026-09-03T20:29:19.223092 [HB] up_ms=6225933 frames=295095 inf=295095 hazard=37802 canary_err=0 q=0 qovr=0
2026-09-03T20:29:19.234358 [I2C] init=0 gate=0 whoami=0x201e0 wr=0 wrseen=0x27 addr=0x5a ok=1194103 err=0 tmo=0 recov=0 pclk1=200000000 sysclk=400000000
2026-09-03T20:29:19.235708 [NAK] nacks=0
2026-09-03T20:29:19.240330 [CLK] cpu=800000000 sysb=400000000 pclk1=200000000
2026-09-03T20:29:19.244850 [TOF] res=0 step=0 id=0xeacc blk=0xeacc10 ctl=0x0
2026-09-03T20:29:19.250622 [RNG] init=0 step=99 id=0xeacc boot=1 calls=93 xerr=0 dm=1 tb=15
2026-09-03T20:29:19.257619 [RNG] osc=41 imp=881 imprb=881 mstart=0x40 cfg=91 cfgfail=0x0 vhv=0 vpolls=0
2026-09-03T20:29:19.263957 [PRT] calls=1179779 xerr=0 ler=1 lidx=0x0 perr=0 maxcnt=17 addr8=0x52
2026-09-03T20:29:19.267966 [RTY] wr=0 wmax=0 wref=0  rd=0 rmax=0 rref=0
2026-09-03T20:29:19.275967 [RNG] frames=294736 last=46 min=22 max=61 nrdy=361 dxfer=0 dstat=0 lst=0 nrdyerr=0 dclr=0
2026-09-03T20:29:19.282338 [DRV] init=0 id=7 mode=0x1 lib=0x2 seq=0x1 odc=0x8b sts=0xe0 armed=1
2026-09-03T20:29:19.287951 [TRG] pulses=2767 suppressed=35035 cyc=1600 rst=1 rstmode=0x40
2026-09-03T20:29:19.291463 [HLT] polls=5901 faults=0x0 cfglost=0
2026-09-03T20:29:19.297215 [EFF] n=5 last=58588 min=58472 max=58588 late=0 stuck=0 rderr=0
2026-09-03T20:29:19.301204 [DWT] ok=1 cyc=2791769835 cyc_per_ms=799906
2026-09-03T20:29:20.315663 [HB] up_ms=6227018 frames=295146 inf=295146 hazard=37802 canary_err=0 q=0 qovr=0
2026-09-03T20:29:20.327029 [I2C] init=0 gate=0 whoami=0x201e0 wr=0 wrseen=0x27 addr=0x5a ok=1194309 err=0 tmo=0 recov=0 pclk1=200000000 sysclk=400000000
2026-09-03T20:29:20.328273 [NAK] nacks=0
2026-09-03T20:29:20.332894 [CLK] cpu=800000000 sysb=400000000 pclk1=200000000
2026-09-03T20:29:20.337391 [TOF] res=0 step=0 id=0xeacc blk=0xeacc10 ctl=0x0
2026-09-03T20:29:20.343398 [RNG] init=0 step=99 id=0xeacc boot=1 calls=93 xerr=0 dm=1 tb=15
2026-09-03T20:29:20.350272 [RNG] osc=41 imp=881 imprb=881 mstart=0x40 cfg=91 cfgfail=0x0 vhv=0 vpolls=0
2026-09-03T20:29:20.356531 [PRT] calls=1179983 xerr=0 ler=1 lidx=0x0 perr=0 maxcnt=17 addr8=0x52
2026-09-03T20:29:20.360658 [RTY] wr=0 wmax=0 wref=0  rd=0 rmax=0 rref=0
2026-09-03T20:29:20.368780 [RNG] frames=294787 last=46 min=22 max=61 nrdy=361 dxfer=0 dstat=0 lst=0 nrdyerr=0 dclr=0
2026-09-03T20:29:20.374902 [DRV] init=0 id=7 mode=0x1 lib=0x2 seq=0x1 odc=0x8b sts=0xe0 armed=1
2026-09-03T20:29:20.380668 [TRG] pulses=2767 suppressed=35035 cyc=1600 rst=1 rstmode=0x40
2026-09-03T20:29:20.384027 [HLT] polls=5902 faults=0x0 cfglost=0
2026-09-03T20:29:20.389886 [EFF] n=5 last=58588 min=58472 max=58588 late=0 stuck=0 rderr=0
2026-09-03T20:29:20.393900 [DWT] ok=1 cyc=3659904219 cyc_per_ms=800123
2026-09-03T20:29:21.408085 [HB] up_ms=6228103 frames=295198 inf=295198 hazard=37840 canary_err=0 q=0 qovr=0
2026-09-03T20:29:21.419220 [I2C] init=0 gate=0 whoami=0x201e0 wr=0 wrseen=0x27 addr=0x5a ok=1194519 err=0 tmo=0 recov=0 pclk1=200000000 sysclk=400000000
2026-09-03T20:29:21.420603 [NAK] nacks=0
2026-09-03T20:29:21.425340 [CLK] cpu=800000000 sysb=400000000 pclk1=200000000
2026-09-03T20:29:21.429830 [TOF] res=0 step=0 id=0xeacc blk=0xeacc10 ctl=0x0
2026-09-03T20:29:21.435619 [RNG] init=0 step=99 id=0xeacc boot=1 calls=93 xerr=0 dm=1 tb=15
2026-09-03T20:29:21.442479 [RNG] osc=41 imp=881 imprb=881 mstart=0x40 cfg=91 cfgfail=0x0 vhv=0 vpolls=0
2026-09-03T20:29:21.448964 [PRT] calls=1180187 xerr=0 ler=1 lidx=0x0 perr=0 maxcnt=17 addr8=0x52
2026-09-03T20:29:21.452946 [RTY] wr=0 wmax=0 wref=0  rd=0 rmax=0 rref=0
2026-09-03T20:29:21.461100 [RNG] frames=294839 last=46 min=22 max=61 nrdy=361 dxfer=0 dstat=0 lst=0 nrdyerr=0 dclr=0
2026-09-03T20:29:21.467198 [DRV] init=0 id=7 mode=0x1 lib=0x2 seq=0x1 odc=0x8b sts=0xe0 armed=1
2026-09-03T20:29:21.472963 [TRG] pulses=2770 suppressed=35073 cyc=1600 rst=1 rstmode=0x40
2026-09-03T20:29:21.476498 [HLT] polls=5904 faults=0x0 cfglost=0
2026-09-03T20:29:21.482197 [EFF] n=5 last=58588 min=58472 max=58588 late=0 stuck=0 rderr=0
2026-09-03T20:29:21.486082 [DWT] ok=1 cyc=232940031 cyc_per_ms=800002
2026-09-03T20:29:22.499398 [HB] up_ms=6229188 frames=295249 inf=295249 hazard=37843 canary_err=0 q=0 qovr=0
2026-09-03T20:29:22.510790 [I2C] init=0 gate=0 whoami=0x201e0 wr=0 wrseen=0x27 addr=0x5a ok=1194725 err=0 tmo=0 recov=0 pclk1=200000000 sysclk=400000000
2026-09-03T20:29:22.512175 [NAK] nacks=0
2026-09-03T20:29:22.516679 [CLK] cpu=800000000 sysb=400000000 pclk1=200000000
2026-09-03T20:29:22.521137 [TOF] res=0 step=0 id=0xeacc blk=0xeacc10 ctl=0x0
2026-09-03T20:29:22.527140 [RNG] init=0 step=99 id=0xeacc boot=1 calls=93 xerr=0 dm=1 tb=15
2026-09-03T20:29:22.534022 [RNG] osc=41 imp=881 imprb=881 mstart=0x40 cfg=91 cfgfail=0x0 vhv=0 vpolls=0
2026-09-03T20:29:22.540261 [PRT] calls=1180395 xerr=0 ler=1 lidx=0x0 perr=0 maxcnt=17 addr8=0x52
2026-09-03T20:29:22.544387 [RTY] wr=0 wmax=0 wref=0  rd=0 rmax=0 rref=0
2026-09-03T20:29:22.552516 [RNG] frames=294890 last=43 min=22 max=61 nrdy=361 dxfer=0 dstat=0 lst=0 nrdyerr=0 dclr=0
2026-09-03T20:29:22.558661 [DRV] init=0 id=7 mode=0x1 lib=0x2 seq=0x1 odc=0x8b sts=0xe0 armed=1
2026-09-03T20:29:22.564268 [TRG] pulses=2770 suppressed=35073 cyc=1600 rst=1 rstmode=0x40
2026-09-03T20:29:22.567785 [HLT] polls=5905 faults=0x0 cfglost=0
2026-09-03T20:29:22.573653 [EFF] n=5 last=58588 min=58472 max=58588 late=0 stuck=0 rderr=0
2026-09-03T20:29:22.577658 [DWT] ok=1 cyc=1100937135 cyc_per_ms=799997
2026-09-03T20:29:23.591088 [HB] up_ms=6230273 frames=295300 inf=295300 hazard=37843 canary_err=0 q=0 qovr=0
2026-09-03T20:29:23.602336 [I2C] init=0 gate=0 whoami=0x201e0 wr=0 wrseen=0x27 addr=0x5a ok=1194937 err=0 tmo=0 recov=0 pclk1=200000000 sysclk=400000000
2026-09-03T20:29:23.603604 [NAK] nacks=0
2026-09-03T20:29:23.608333 [CLK] cpu=800000000 sysb=400000000 pclk1=200000000
2026-09-03T20:29:23.612824 [TOF] res=0 step=0 id=0xeacc blk=0xeacc10 ctl=0x0
2026-09-03T20:29:23.618698 [RNG] init=0 step=99 id=0xeacc boot=1 calls=93 xerr=0 dm=1 tb=15
2026-09-03T20:29:23.625613 [RNG] osc=41 imp=881 imprb=881 mstart=0x40 cfg=91 cfgfail=0x0 vhv=0 vpolls=0
2026-09-03T20:29:23.631955 [PRT] calls=1180599 xerr=0 ler=1 lidx=0x0 perr=0 maxcnt=17 addr8=0x52
2026-09-03T20:29:23.636073 [RTY] wr=0 wmax=0 wref=0  rd=0 rmax=0 rref=0
2026-09-03T20:29:23.644084 [RNG] frames=294942 last=41 min=22 max=61 nrdy=361 dxfer=0 dstat=0 lst=0 nrdyerr=0 dclr=0
2026-09-03T20:29:23.650197 [DRV] init=0 id=7 mode=0x1 lib=0x2 seq=0x1 odc=0x8b sts=0xe0 armed=1
2026-09-03T20:29:23.655956 [TRG] pulses=2770 suppressed=35073 cyc=1600 rst=1 rstmode=0x40
2026-09-03T20:29:23.659490 [HLT] polls=5906 faults=0x0 cfglost=0
2026-09-03T20:29:23.665219 [EFF] n=5 last=58588 min=58472 max=58588 late=0 stuck=0 rderr=0
2026-09-03T20:29:23.669206 [DWT] ok=1 cyc=1968904311 cyc_per_ms=799969
2026-09-03T20:29:24.682346 [HB] up_ms=6231358 frames=295352 inf=295352 hazard=37843 canary_err=0 q=0 qovr=0
2026-09-03T20:29:24.693677 [I2C] init=0 gate=0 whoami=0x201e0 wr=0 wrseen=0x27 addr=0x5a ok=1195143 err=0 tmo=0 recov=0 pclk1=200000000 sysclk=400000000
2026-09-03T20:29:24.694927 [NAK] nacks=0
2026-09-03T20:29:24.699524 [CLK] cpu=800000000 sysb=400000000 pclk1=200000000
2026-09-03T20:29:24.704010 [TOF] res=0 step=0 id=0xeacc blk=0xeacc10 ctl=0x0
2026-09-03T20:29:24.710653 [RNG] init=0 step=99 id=0xeacc boot=1 calls=93 xerr=0 dm=1 tb=15
2026-09-03T20:29:24.716911 [RNG] osc=41 imp=881 imprb=881 mstart=0x40 cfg=91 cfgfail=0x0 vhv=0 vpolls=0
2026-09-03T20:29:24.723146 [PRT] calls=1180807 xerr=0 ler=1 lidx=0x0 perr=0 maxcnt=17 addr8=0x52
2026-09-03T20:29:24.727173 [RTY] wr=0 wmax=0 wref=0  rd=0 rmax=0 rref=0
2026-09-03T20:29:24.735388 [RNG] frames=294993 last=48 min=22 max=61 nrdy=361 dxfer=0 dstat=0 lst=0 nrdyerr=0 dclr=0
2026-09-03T20:29:24.741509 [DRV] init=0 id=7 mode=0x1 lib=0x2 seq=0x1 odc=0x8b sts=0xe0 armed=1
2026-09-03T20:29:24.747147 [TRG] pulses=2770 suppressed=35073 cyc=1600 rst=1 rstmode=0x40
2026-09-03T20:29:24.750641 [HLT] polls=5907 faults=0x0 cfglost=0
2026-09-03T20:29:24.756404 [EFF] n=5 last=58588 min=58472 max=58588 late=0 stuck=0 rderr=0
2026-09-03T20:29:24.760391 [DWT] ok=1 cyc=2836876115 cyc_per_ms=799974
2026-09-03T20:29:25.773839 [HB] up_ms=6232443 frames=295403 inf=295403 hazard=37843 canary_err=0 q=0 qovr=0
2026-09-03T20:29:25.785080 [I2C] init=0 gate=0 whoami=0x201e0 wr=0 wrseen=0x27 addr=0x5a ok=1195353 err=0 tmo=0 recov=0 pclk1=200000000 sysclk=400000000
2026-09-03T20:29:25.786451 [NAK] nacks=0
2026-09-03T20:29:25.790948 [CLK] cpu=800000000 sysb=400000000 pclk1=200000000
2026-09-03T20:29:25.795594 [TOF] res=0 step=0 id=0xeacc blk=0xeacc10 ctl=0x0
2026-09-03T20:29:25.801456 [RNG] init=0 step=99 id=0xeacc boot=1 calls=93 xerr=0 dm=1 tb=15
2026-09-03T20:29:25.808539 [RNG] osc=41 imp=881 imprb=881 mstart=0x40 cfg=91 cfgfail=0x0 vhv=0 vpolls=0
2026-09-03T20:29:25.814591 [PRT] calls=1181011 xerr=0 ler=1 lidx=0x0 perr=0 maxcnt=17 addr8=0x52
2026-09-03T20:29:25.818699 [RTY] wr=0 wmax=0 wref=0  rd=0 rmax=0 rref=0
2026-09-03T20:29:25.826843 [RNG] frames=295045 last=44 min=22 max=61 nrdy=361 dxfer=0 dstat=0 lst=0 nrdyerr=0 dclr=0
2026-09-03T20:29:25.832977 [DRV] init=0 id=7 mode=0x1 lib=0x2 seq=0x1 odc=0x8b sts=0xe0 armed=1
2026-09-03T20:29:25.838698 [TRG] pulses=2770 suppressed=35073 cyc=1600 rst=1 rstmode=0x40
2026-09-03T20:29:25.842210 [HLT] polls=5908 faults=0x0 cfglost=0
2026-09-03T20:29:25.847951 [EFF] n=5 last=58588 min=58472 max=58588 late=0 stuck=0 rderr=0
2026-09-03T20:29:25.851825 [DWT] ok=1 cyc=3704904699 cyc_per_ms=800026
2026-09-03T20:29:26.865680 [HB] up_ms=6233528 frames=295455 inf=295455 hazard=37843 canary_err=0 q=0 qovr=0
2026-09-03T20:29:26.877016 [I2C] init=0 gate=0 whoami=0x201e0 wr=0 wrseen=0x27 addr=0x5a ok=1195559 err=0 tmo=0 recov=0 pclk1=200000000 sysclk=400000000
2026-09-03T20:29:26.878385 [NAK] nacks=0
2026-09-03T20:29:26.883017 [CLK] cpu=800000000 sysb=400000000 pclk1=200000000
2026-09-03T20:29:26.887507 [TOF] res=0 step=0 id=0xeacc blk=0xeacc10 ctl=0x0
2026-09-03T20:29:26.893272 [RNG] init=0 step=99 id=0xeacc boot=1 calls=93 xerr=0 dm=1 tb=15
2026-09-03T20:29:26.900258 [RNG] osc=41 imp=881 imprb=881 mstart=0x40 cfg=91 cfgfail=0x0 vhv=0 vpolls=0
2026-09-03T20:29:26.906647 [PRT] calls=1181219 xerr=0 ler=1 lidx=0x0 perr=0 maxcnt=17 addr8=0x52
2026-09-03T20:29:26.910692 [RTY] wr=0 wmax=0 wref=0  rd=0 rmax=0 rref=0
2026-09-03T20:29:26.918665 [RNG] frames=295096 last=42 min=22 max=61 nrdy=361 dxfer=0 dstat=0 lst=0 nrdyerr=0 dclr=0
2026-09-03T20:29:26.925075 [DRV] init=0 id=7 mode=0x1 lib=0x2 seq=0x1 odc=0x8b sts=0xe0 armed=1
2026-09-03T20:29:26.930675 [TRG] pulses=2770 suppressed=35073 cyc=1600 rst=1 rstmode=0x40
2026-09-03T20:29:26.934129 [HLT] polls=5909 faults=0x0 cfglost=0
2026-09-03T20:29:26.939895 [EFF] n=5 last=58588 min=58472 max=58588 late=0 stuck=0 rderr=0
2026-09-03T20:29:26.943900 [DWT] ok=1 cyc=277835247 cyc_per_ms=799905
2026-09-03T20:29:27.957705 [HB] up_ms=6234613 frames=295506 inf=295506 hazard=37869 canary_err=0 q=0 qovr=0
2026-09-03T20:29:27.969078 [I2C] init=0 gate=0 whoami=0x201e0 wr=0 wrseen=0x27 addr=0x5a ok=1195765 err=0 tmo=0 recov=0 pclk1=200000000 sysclk=400000000
2026-09-03T20:29:27.970322 [NAK] nacks=0
2026-09-03T20:29:27.974964 [CLK] cpu=800000000 sysb=400000000 pclk1=200000000
2026-09-03T20:29:27.979451 [TOF] res=0 step=0 id=0xeacc blk=0xeacc10 ctl=0x0
2026-09-03T20:29:27.985466 [RNG] init=0 step=99 id=0xeacc boot=1 calls=93 xerr=0 dm=1 tb=15
2026-09-03T20:29:27.992408 [RNG] osc=41 imp=881 imprb=881 mstart=0x40 cfg=91 cfgfail=0x0 vhv=0 vpolls=0
2026-09-03T20:29:27.998607 [PRT] calls=1181423 xerr=0 ler=1 lidx=0x0 perr=0 maxcnt=17 addr8=0x52
2026-09-03T20:29:28.002707 [RTY] wr=0 wmax=0 wref=0  rd=0 rmax=0 rref=0
2026-09-03T20:29:28.010831 [RNG] frames=295147 last=44 min=22 max=61 nrdy=361 dxfer=0 dstat=0 lst=0 nrdyerr=0 dclr=0
2026-09-03T20:29:28.016939 [DRV] init=0 id=7 mode=0x1 lib=0x2 seq=0x1 odc=0x8b sts=0xe0 armed=1
2026-09-03T20:29:28.022693 [TRG] pulses=2773 suppressed=35099 cyc=1600 rst=1 rstmode=0x40
2026-09-03T20:29:28.026203 [HLT] polls=5910 faults=0x0 cfglost=0
2026-09-03T20:29:28.031945 [EFF] n=5 last=58588 min=58472 max=58588 late=0 stuck=0 rderr=0
2026-09-03T20:29:28.035939 [DWT] ok=1 cyc=1145943395 cyc_per_ms=800099
2026-09-03T20:29:29.049666 [HB] up_ms=6235698 frames=295558 inf=295558 hazard=37884 canary_err=0 q=0 qovr=0
2026-09-03T20:29:29.060903 [I2C] init=0 gate=0 whoami=0x201e0 wr=0 wrseen=0x27 addr=0x5a ok=1195975 err=0 tmo=0 recov=0 pclk1=200000000 sysclk=400000000
2026-09-03T20:29:29.062133 [NAK] nacks=0
2026-09-03T20:29:29.066884 [CLK] cpu=800000000 sysb=400000000 pclk1=200000000
2026-09-03T20:29:29.071376 [TOF] res=0 step=0 id=0xeacc blk=0xeacc10 ctl=0x0
2026-09-03T20:29:29.077273 [RNG] init=0 step=99 id=0xeacc boot=1 calls=93 xerr=0 dm=1 tb=15
2026-09-03T20:29:29.084136 [RNG] osc=41 imp=881 imprb=881 mstart=0x40 cfg=91 cfgfail=0x0 vhv=0 vpolls=0
2026-09-03T20:29:29.090500 [PRT] calls=1181627 xerr=0 ler=1 lidx=0x0 perr=0 maxcnt=17 addr8=0x52
2026-09-03T20:29:29.094522 [RTY] wr=0 wmax=0 wref=0  rd=0 rmax=0 rref=0
2026-09-03T20:29:29.102684 [RNG] frames=295199 last=40 min=22 max=61 nrdy=361 dxfer=0 dstat=0 lst=0 nrdyerr=0 dclr=0
2026-09-03T20:29:29.108888 [DRV] init=0 id=7 mode=0x1 lib=0x2 seq=0x1 odc=0x8b sts=0xe0 armed=1
2026-09-03T20:29:29.114537 [TRG] pulses=2773 suppressed=35111 cyc=1600 rst=1 rstmode=0x40
2026-09-03T20:29:29.118041 [HLT] polls=5911 faults=0x0 cfglost=0
2026-09-03T20:29:29.123760 [EFF] n=5 last=58588 min=58472 max=58588 late=0 stuck=0 rderr=0
2026-09-03T20:29:29.127771 [DWT] ok=1 cyc=2013835075 cyc_per_ms=799900
