[HB] up_ms=4471 frames=188 inf=188 hazard=40 canary_err=0 q=0 qovr=0
[I2C] init=0 gate=0 whoami=0x140e0 wr=0 wrseen=0x27 addr=0x5a ok=1934 err=0 tmo=0 recov=0 pclk1=200000000 sysclk=400000000
[CLK] cpu=800000000 sysb=400000000 pclk1=200000000
[DRV] init=0 id=7 mode=0x1 lib=0x2 seq=0x1 odc=0x8b sts=0xe0 armed=1
[TRG] pulses=4 suppressed=36 cyc=1600 rst=1 rstmode=0x40
[HLT] polls=3 faults=0x0 cfglost=0
[EFF] n=4 last=58541 min=58541 max=58760 late=0 stuck=0
[DWT] ok=1 cyc=3457430238 cyc_per_ms=796514
[HB] up_ms=5516 frames=237 inf=237 hazard=40 canary_err=0 q=0 qovr=0
[I2C] init=0 gate=0 whoami=0x140e0 wr=0 wrseen=0x27 addr=0x5a ok=1936 err=0 tmo=0 recov=0 pclk1=200000000 sysclk=400000000
[CLK] cpu=800000000 sysb=400000000 pclk1=200000000
[DRV] init=0 id=7 mode=0x1 lib=0x2 seq=0x1 odc=0x8b sts=0xe0 armed=1
[TRG] pulses=4 suppressed=36 cyc=1600 rst=1 rstmode=0x40
[HLT] polls=4 faults=0x0 cfglost=0
[EFF] n=4 last=58541 min=58541 max=58760 late=0 stuck=0
[DWT] ok=1 cyc=4293430342 cyc_per_ms=800000
[HB] up_ms=6561 frames=287 inf=287 hazard=40 canary_err=0 q=0 qovr=0
[I2C] init=0 gate=0 whoami=0x140e0 wr=0 wrseen=0x27 addr=0x5a ok=1938 err=0 tmo=0 recov=0 pclk1=200000000 sysclk=400000000
[CLK] cpu=800000000 sysb=400000000 pclk1=200000000
[DRV] init=0 id=7 mode=0x1 lib=0x2 seq=0x1 odc=0x8b sts=0xe0 armed=1
[TRG] pulses=4 suppressed=36 cyc=1600 rst=1 rstmode=0x40
[HLT] polls=5 faults=0x0 cfglost=0
[EFF] n=4 last=58541 min=58541 max=58760 late=0 stuck=0
[DWT] ok=1 cyc=834462978 cyc_per_ms=799999
[HB] up_ms=7606 frames=337 inf=337 hazard=40 canary_err=0 q=0 qovr=0
[I2C] init=0 gate=0 whoami=0x140e0 wr=0 wrseen=0x27 addr=0x5a ok=1940 err=0 tmo=0 recov=0 pclk1=200000000 sysclk=400000000
[CLK] cpu=800000000 sysb=400000000 pclk1=200000000
[DRV] init=0 id=7 mode=0x1 lib=0x2 seq=0x1 odc=0x8b sts=0xe0 armed=1
[TRG] pulses=4 suppressed=36 cyc=1600 rst=1 rstmode=0x40
[HLT] polls=6 faults=0x0 cfglost=0
[EFF] n=4 last=58541 min=58541 max=58760 late=0 stuck=0
[DWT] ok=1 cyc=1670463006 cyc_per_ms=800000
[HB] up_ms=8651 frames=387 inf=387 hazard=40 canary_err=0 q=0 qovr=0
[I2C] init=0 gate=0 whoami=0x140e0 wr=0 wrseen=0x27 addr=0x5a ok=1942 err=0 tmo=0 recov=0 pclk1=200000000 sysclk=400000000
[CLK] cpu=800000000 sysb=400000000 pclk1=200000000
[DRV] init=0 id=7 mode=0x1 lib=0x2 seq=0x1 odc=0x8b sts=0xe0 armed=1
[TRG] pulses=4 suppressed=36 cyc=1600 rst=1 rstmode=0x40
[HLT] polls=7 faults=0x0 cfglost=0
[EFF] n=4 last=58541 min=58541 max=58760 late=0 stuck=0
[DWT] ok=1 cyc=2506462930 cyc_per_ms=799999
[HB] up_ms=9696 frames=436 inf=436 hazard=40 canary_err=0 q=0 qovr=0
[I2C] init=0 gate=0 whoami=0x140e0 wr=0 wrseen=0x27 addr=0x5a ok=1944 err=0 tmo=0 recov=0 pclk1=200000000 sysclk=400000000
[CLK] cpu=800000000 sysb=400000000 pclk1=200000000
[DRV] init=0 id=7 mode=0x1 lib=0x2 seq=0x1 odc=0x8b sts=0xe0 armed=1
[TRG] pulses=4 suppressed=36 cyc=1600 rst=1 rstmode=0x40
[HLT] polls=8 faults=0x0 cfglost=0
[EFF] n=4 last=58541 min=58541 max=58760 late=0 stuck=0
[DWT] ok=1 cyc=3342463026 cyc_per_ms=800000
[HB] up_ms=10741 frames=483 inf=483 hazard=80 canary_err=0 q=0 qovr=0
[I2C] init=0 gate=0 whoami=0x140e0 wr=0 wrseen=0x27 addr=0x5a ok=2465 err=0 tmo=0 recov=0 pclk1=200000000 sysclk=400000000
[CLK] cpu=800000000 sysb=400000000 pclk1=200000000
[DRV] init=0 id=7 mode=0x1 lib=0x2 seq=0x1 odc=0x8b sts=0xe0 armed=1
[TRG] pulses=8 suppressed=72 cyc=1600 rst=1 rstmode=0x40
[HLT] polls=9 faults=0x0 cfglost=0
[EFF] n=5 last=58539 min=58539 max=58760 late=0 stuck=0
[DWT] ok=1 cyc=4178532962 cyc_per_ms=800066
[HB] up_ms=11787 frames=533 inf=533 hazard=80 canary_err=0 q=0 qovr=0
[I2C] init=0 gate=0 whoami=0x140e0 wr=0 wrseen=0x27 addr=0x5a ok=2467 err=0 tmo=0 recov=0 pclk1=200000000 sysclk=400000000
[CLK] cpu=800000000 sysb=400000000 pclk1=200000000
[DRV] init=0 id=7 mode=0x1 lib=0x2 seq=0x1 odc=0x8b sts=0xe0 armed=1
[TRG] pulses=8 suppressed=72 cyc=1600 rst=1 rstmode=0x40
[HLT] polls=10 faults=0x0 cfglost=0
[EFF] n=5 last=58539 min=58539 max=58760 late=0 stuck=0
[DWT] ok=1 cyc=720435670 cyc_per_ms=800066
[HB] up_ms=12833 frames=583 inf=583 hazard=80 canary_err=0 q=0 qovr=0
[I2C] init=0 gate=0 whoami=0x140e0 wr=0 wrseen=0x27 addr=0x5a ok=2469 err=0 tmo=0 recov=0 pclk1=200000000 sysclk=400000000
[CLK] cpu=800000000 sysb=400000000 pclk1=200000000
[DRV] init=0 id=7 mode=0x1 lib=0x2 seq=0x1 odc=0x8b sts=0xe0 armed=1
[TRG] pulses=8 suppressed=72 cyc=1600 rst=1 rstmode=0x40
[HLT] polls=11 faults=0x0 cfglost=0
[EFF] n=5 last=58539 min=58539 max=58760 late=0 stuck=0
[DWT] ok=1 cyc=1557235634 cyc_per_ms=799999
[HB] up_ms=13879 frames=633 inf=633 hazard=80 canary_err=0 q=0 qovr=0
[I2C] init=0 gate=0 whoami=0x140e0 wr=0 wrseen=0x27 addr=0x5a ok=2471 err=0 tmo=0 recov=0 pclk1=200000000 sysclk=400000000
[CLK] cpu=800000000 sysb=400000000 pclk1=200000000
[DRV] init=0 id=7 mode=0x1 lib=0x2 seq=0x1 odc=0x8b sts=0xe0 armed=1
[TRG] pulses=8 suppressed=72 cyc=1600 rst=1 rstmode=0x40
[HLT] polls=12 faults=0x0 cfglost=0
[EFF] n=5 last=58539 min=58539 max=58760 late=0 stuck=0
[DWT] ok=1 cyc=2394035698 cyc_per_ms=800000
[HB] up_ms=14925 frames=683 inf=683 hazard=80 canary_err=0 q=0 qovr=0
[I2C] init=0 gate=0 whoami=0x140e0 wr=0 wrseen=0x27 addr=0x5a ok=2473 err=0 tmo=0 recov=0 pclk1=200000000 sysclk=400000000
[CLK] cpu=800000000 sysb=400000000 pclk1=200000000
[DRV] init=0 id=7 mode=0x1 lib=0x2 seq=0x1 odc=0x8b sts=0xe0 armed=1
[TRG] pulses=8 suppressed=72 cyc=1600 rst=1 rstmode=0x40
[HLT] polls=13 faults=0x0 cfglost=0
[EFF] n=5 last=58539 min=58539 max=58760 late=0 stuck=0
[DWT] ok=1 cyc=3230835662 cyc_per_ms=799999
[HB] up_ms=15971 frames=732 inf=732 hazard=80 canary_err=0 q=0 qovr=0
[I2C] init=0 gate=0 whoami=0x140e0 wr=0 wrseen=0x27 addr=0x5a ok=2475 err=0 tmo=0 recov=0 pclk1=200000000 sysclk=400000000
[CLK] cpu=800000000 sysb=400000000 pclk1=200000000
[DRV] init=0 id=7 mode=0x1 lib=0x2 seq=0x1 odc=0x8b sts=0xe0 armed=1
[TRG] pulses=8 suppressed=72 cyc=1600 rst=1 rstmode=0x40
[HLT] polls=14 faults=0x0 cfglost=0
[EFF] n=5 last=58539 min=58539 max=58760 late=0 stuck=0
[DWT] ok=1 cyc=4067635706 cyc_per_ms=800000
[HB] up_ms=17017 frames=782 inf=782 hazard=102 canary_err=0 q=0 qovr=0
[I2C] init=0 gate=0 whoami=0x140e0 wr=0 wrseen=0x27 addr=0x5a ok=2477 err=0 tmo=0 recov=0 pclk1=200000000 sysclk=400000000
[CLK] cpu=800000000 sysb=400000000 pclk1=200000000
[DRV] init=0 id=7 mode=0x1 lib=0x2 seq=0x1 odc=0x8b sts=0xe0 armed=1
[TRG] pulses=10 suppressed=94 cyc=1600 rst=1 rstmode=0x40
[HLT] polls=15 faults=0x0 cfglost=0
[EFF] n=5 last=58539 min=58539 max=58760 late=0 stuck=0
[DWT] ok=1 cyc=609610182 cyc_per_ms=800135
[HB] up_ms=18063 frames=832 inf=832 hazard=120 canary_err=0 q=0 qovr=0
[I2C] init=0 gate=0 whoami=0x140e0 wr=0 wrseen=0x27 addr=0x5a ok=2479 err=0 tmo=0 recov=0 pclk1=200000000 sysclk=400000000
[CLK] cpu=800000000 sysb=400000000 pclk1=200000000
[DRV] init=0 id=7 mode=0x1 lib=0x2 seq=0x1 odc=0x8b sts=0xe0 armed=1
[TRG] pulses=11 suppressed=109 cyc=1600 rst=1 rstmode=0x40
[HLT] polls=16 faults=0x0 cfglost=0
[EFF] n=5 last=58539 min=58539 max=58760 late=0 stuck=0
[DWT] ok=1 cyc=1446478354 cyc_per_ms=800065
[HB] up_ms=19109 frames=882 inf=882 hazard=120 canary_err=0 q=0 qovr=0
[I2C] init=0 gate=0 whoami=0x140e0 wr=0 wrseen=0x27 addr=0x5a ok=2481 err=0 tmo=0 recov=0 pclk1=200000000 sysclk=400000000
[CLK] cpu=800000000 sysb=400000000 pclk1=200000000
[DRV] init=0 id=7 mode=0x1 lib=0x2 seq=0x1 odc=0x8b sts=0xe0 armed=1
[TRG] pulses=11 suppressed=109 cyc=1600 rst=1 rstmode=0x40
[HLT] polls=17 faults=0x0 cfglost=0
[EFF] n=5 last=58539 min=58539 max=58760 late=0 stuck=0
[DWT] ok=1 cyc=2283278306 cyc_per_ms=799999
[HB] up_ms=20155 frames=932 inf=932 hazard=120 canary_err=0 q=0 qovr=0
[I2C] init=0 gate=0 whoami=0x140e0 wr=0 wrseen=0x27 addr=0x5a ok=2483 err=0 tmo=0 recov=0 pclk1=200000000 sysclk=400000000
[CLK] cpu=800000000 sysb=400000000 pclk1=200000000
[DRV] init=0 id=7 mode=0x1 lib=0x2 seq=0x1 odc=0x8b sts=0xe0 armed=1
[TRG] pulses=11 suppressed=109 cyc=1600 rst=1 rstmode=0x40
[HLT] polls=18 faults=0x0 cfglost=0
[EFF] n=5 last=58539 min=58539 max=58760 late=0 stuck=0
[DWT] ok=1 cyc=3120078278 cyc_per_ms=799999
[HB] up_ms=21201 frames=982 inf=982 hazard=120 canary_err=0 q=0 qovr=0
[I2C] init=0 gate=0 whoami=0x140e0 wr=0 wrseen=0x27 addr=0x5a ok=2485 err=0 tmo=0 recov=0 pclk1=200000000 sysclk=400000000
[CLK] cpu=800000000 sysb=400000000 pclk1=200000000
[DRV] init=0 id=7 mode=0x1 lib=0x2 seq=0x1 odc=0x8b sts=0xe0 armed=1
[TRG] pulses=11 suppressed=109 cyc=1600 rst=1 rstmode=0x40
[HLT] polls=19 faults=0x0 cfglost=0
[EFF] n=5 last=58539 min=58539 max=58760 late=0 stuck=0
[DWT] ok=1 cyc=3956877666 cyc_per_ms=799999
[HB] up_ms=22247 frames=1031 inf=1031 hazard=120 canary_err=0 q=0 qovr=0
[I2C] init=0 gate=0 whoami=0x140e0 wr=0 wrseen=0x27 addr=0x5a ok=2487 err=0 tmo=0 recov=0 pclk1=200000000 sysclk=400000000
[CLK] cpu=800000000 sysb=400000000 pclk1=200000000
[DRV] init=0 id=7 mode=0x1 lib=0x2 seq=0x1 odc=0x8b sts=0xe0 armed=1
[TRG] pulses=11 suppressed=109 cyc=1600 rst=1 rstmode=0x40
[HLT] polls=20 faults=0x0 cfglost=0
[EFF] n=5 last=58539 min=58539 max=58760 late=0 stuck=0
[DWT] ok=1 cyc=498850966 cyc_per_ms=800134
[HB] up_ms=23293 frames=1081 inf=1081 hazard=121 canary_err=0 q=0 qovr=0
[I2C] init=0 gate=0 whoami=0x140e0 wr=0 wrseen=0x27 addr=0x5a ok=2489 err=0 tmo=0 recov=0 pclk1=200000000 sysclk=400000000
[CLK] cpu=800000000 sysb=400000000 pclk1=200000000
[DRV] init=0 id=7 mode=0x1 lib=0x2 seq=0x1 odc=0x8b sts=0xe0 armed=1
[TRG] pulses=12 suppressed=110 cyc=1600 rst=1 rstmode=0x40
[HLT] polls=21 faults=0x0 cfglost=0
[EFF] n=5 last=58539 min=58539 max=58760 late=0 stuck=0
[DWT] ok=1 cyc=1335652846 cyc_per_ms=800001
[HB] up_ms=24339 frames=1131 inf=1131 hazard=160 canary_err=0 q=0 qovr=0
[I2C] init=0 gate=0 whoami=0x140e0 wr=0 wrseen=0x27 addr=0x5a ok=2491 err=0 tmo=0 recov=0 pclk1=200000000 sysclk=400000000
[CLK] cpu=800000000 sysb=400000000 pclk1=200000000
[DRV] init=0 id=7 mode=0x1 lib=0x2 seq=0x1 odc=0x8b sts=0xe0 armed=1
[TRG] pulses=14 suppressed=146 cyc=1600 rst=1 rstmode=0x40
[HLT] polls=22 faults=0x0 cfglost=0
[EFF] n=5 last=58539 min=58539 max=58760 late=0 stuck=0
[DWT] ok=1 cyc=2172450978 cyc_per_ms=799998
[HB] up_ms=25385 frames=1181 inf=1181 hazard=160 canary_err=0 q=0 qovr=0
[I2C] init=0 gate=0 whoami=0x140e0 wr=0 wrseen=0x27 addr=0x5a ok=2493 err=0 tmo=0 recov=0 pclk1=200000000 sysclk=400000000
[CLK] cpu=800000000 sysb=400000000 pclk1=200000000
[DRV] init=0 id=7 mode=0x1 lib=0x2 seq=0x1 odc=0x8b sts=0xe0 armed=1
[TRG] pulses=14 suppressed=146 cyc=1600 rst=1 rstmode=0x40
[HLT] polls=23 faults=0x0 cfglost=0
[EFF] n=5 last=58539 min=58539 max=58760 late=0 stuck=0
[DWT] ok=1 cyc=3009251034 cyc_per_ms=800000
[HB] up_ms=26431 frames=1231 inf=1231 hazard=160 canary_err=0 q=0 qovr=0
[I2C] init=0 gate=0 whoami=0x140e0 wr=0 wrseen=0x27 addr=0x5a ok=2495 err=0 tmo=0 recov=0 pclk1=200000000 sysclk=400000000
[CLK] cpu=800000000 sysb=400000000 pclk1=200000000
[DRV] init=0 id=7 mode=0x1 lib=0x2 seq=0x1 odc=0x8b sts=0xe0 armed=1
[TRG] pulses=14 suppressed=146 cyc=1600 rst=1 rstmode=0x40
[HLT] polls=24 faults=0x0 cfglost=0
[EFF] n=5 last=58539 min=58539 max=58760 late=0 stuck=0
[DWT] ok=1 cyc=3846050974 cyc_per_ms=799999
[HB] up_ms=27477 frames=1280 inf=1280 hazard=160 canary_err=0 q=0 qovr=0
[I2C] init=0 gate=0 whoami=0x140e0 wr=0 wrseen=0x27 addr=0x5a ok=2497 err=0 tmo=0 recov=0 pclk1=200000000 sysclk=400000000
[CLK] cpu=800000000 sysb=400000000 pclk1=200000000
[DRV] init=0 id=7 mode=0x1 lib=0x2 seq=0x1 odc=0x8b sts=0xe0 armed=1
[TRG] pulses=14 suppressed=146 cyc=1600 rst=1 rstmode=0x40
[HLT] polls=25 faults=0x0 cfglost=0
[EFF] n=5 last=58539 min=58539 max=58760 late=0 stuck=0
[DWT] ok=1 cyc=387883674 cyc_per_ms=799999
[HB] up_ms=28523 frames=1330 inf=1330 hazard=160 canary_err=0 q=0 qovr=0
[I2C] init=0 gate=0 whoami=0x140e0 wr=0 wrseen=0x27 addr=0x5a ok=2499 err=0 tmo=0 recov=0 pclk1=200000000 sysclk=400000000
[CLK] cpu=800000000 sysb=400000000 pclk1=200000000
[DRV] init=0 id=7 mode=0x1 lib=0x2 seq=0x1 odc=0x8b sts=0xe0 armed=1
[TRG] pulses=14 suppressed=146 cyc=1600 rst=1 rstmode=0x40
[HLT] polls=26 faults=0x0 cfglost=0
[EFF] n=5 last=58539 min=58539 max=58760 late=0 stuck=0
[DWT] ok=1 cyc=1224683758 cyc_per_ms=800000
[HB] up_ms=29569 frames=1380 inf=1380 hazard=160 canary_err=0 q=0 qovr=0
[I2C] init=0 gate=0 whoami=0x140e0 wr=0 wrseen=0x27 addr=0x5a ok=2501 err=0 tmo=0 recov=0 pclk1=200000000 sysclk=400000000
[CLK] cpu=800000000 sysb=400000000 pclk1=200000000
[DRV] init=0 id=7 mode=0x1 lib=0x2 seq=0x1 odc=0x8b sts=0xe0 armed=1
[TRG] pulses=14 suppressed=146 cyc=1600 rst=1 rstmode=0x40
[HLT] polls=27 faults=0x0 cfglost=0
[EFF] n=5 last=58539 min=58539 max=58760 late=0 stuck=0
[DWT] ok=1 cyc=2061483698 cyc_per_ms=799999
[HB] up_ms=30615 frames=1430 inf=1430 hazard=190 canary_err=0 q=0 qovr=0
[I2C] init=0 gate=0 whoami=0x140e0 wr=0 wrseen=0x27 addr=0x5a ok=2503 err=0 tmo=0 recov=0 pclk1=200000000 sysclk=400000000
[CLK] cpu=800000000 sysb=400000000 pclk1=200000000
[DRV] init=0 id=7 mode=0x1 lib=0x2 seq=0x1 odc=0x8b sts=0xe0 armed=1
[TRG] pulses=17 suppressed=174 cyc=1600 rst=1 rstmode=0x40
[HLT] polls=28 faults=0x0 cfglost=0
[EFF] n=5 last=58539 min=58539 max=58760 late=0 stuck=0
[DWT] ok=1 cyc=2898285554 cyc_per_ms=800001
[HB] up_ms=31661 frames=1480 inf=1480 hazard=200 canary_err=0 q=0 qovr=0
[I2C] init=0 gate=0 whoami=0x140e0 wr=0 wrseen=0x27 addr=0x5a ok=2505 err=0 tmo=0 recov=0 pclk1=200000000 sysclk=400000000
[CLK] cpu=800000000 sysb=400000000 pclk1=200000000
[DRV] init=0 id=7 mode=0x1 lib=0x2 seq=0x1 odc=0x8b sts=0xe0 armed=1
[TRG] pulses=17 suppressed=183 cyc=1600 rst=1 rstmode=0x40
[HLT] polls=29 faults=0x0 cfglost=0
[EFF] n=5 last=58539 min=58539 max=58760 late=0 stuck=0
[DWT] ok=1 cyc=3735083722 cyc_per_ms=799998
[HB] up_ms=32707 frames=1529 inf=1529 hazard=200 canary_err=0 q=0 qovr=0
[I2C] init=0 gate=0 whoami=0x140e0 wr=0 wrseen=0x27 addr=0x5a ok=2507 err=0 tmo=0 recov=0 pclk1=200000000 sysclk=400000000
[CLK] cpu=800000000 sysb=400000000 pclk1=200000000
[DRV] init=0 id=7 mode=0x1 lib=0x2 seq=0x1 odc=0x8b sts=0xe0 armed=1
[TRG] pulses=17 suppressed=183 cyc=1600 rst=1 rstmode=0x40
[HLT] polls=30 faults=0x0 cfglost=0
[EFF] n=5 last=58539 min=58539 max=58760 late=0 stuck=0
[DWT] ok=1 cyc=276916418 cyc_per_ms=799999
[HB] up_ms=33753 frames=1579 inf=1579 hazard=200 canary_err=0 q=0 qovr=0
[I2C] init=0 gate=0 whoami=0x140e0 wr=0 wrseen=0x27 addr=0x5a ok=2509 err=0 tmo=0 recov=0 pclk1=200000000 sysclk=400000000
[CLK] cpu=800000000 sysb=400000000 pclk1=200000000
[DRV] init=0 id=7 mode=0x1 lib=0x2 seq=0x1 odc=0x8b sts=0xe0 armed=1
[TRG] pulses=17 suppressed=183 cyc=1600 rst=1 rstmode=0x40
[HLT] polls=31 faults=0x0 cfglost=0
[EFF] n=5 last=58539 min=58539 max=58760 late=0 stuck=0
[DWT] ok=1 cyc=1113716410 cyc_per_ms=799999
[HB] up_ms=34799 frames=1629 inf=1629 hazard=200 canary_err=0 q=0 qovr=0
[I2C] init=0 gate=0 whoami=0x140e0 wr=0 wrseen=0x27 addr=0x5a ok=2511 err=0 tmo=0 recov=0 pclk1=200000000 sysclk=400000000
[CLK] cpu=800000000 sysb=400000000 pclk1=200000000
[DRV] init=0 id=7 mode=0x1 lib=0x2 seq=0x1 odc=0x8b sts=0xe0 armed=1
[TRG] pulses=17 suppressed=183 cyc=1600 rst=1 rstmode=0x40
[HLT] polls=32 faults=0x0 cfglost=0
[EFF] n=5 last=58539 min=58539 max=58760 late=0 stuck=0
[DWT] ok=1 cyc=1950516462 cyc_per_ms=800000
[HB] up_ms=35845 frames=1679 inf=1679 hazard=200 canary_err=0 q=0 qovr=0
[I2C] init=0 gate=0 whoami=0x140e0 wr=0 wrseen=0x27 addr=0x5a ok=2513 err=0 tmo=0 recov=0 pclk1=200000000 sysclk=400000000
[CLK] cpu=800000000 sysb=400000000 pclk1=200000000
[DRV] init=0 id=7 mode=0x1 lib=0x2 seq=0x1 odc=0x8b sts=0xe0 armed=1
[TRG] pulses=17 suppressed=183 cyc=1600 rst=1 rstmode=0x40
[HLT] polls=33 faults=0x0 cfglost=0
[EFF] n=5 last=58539 min=58539 max=58760 late=0 stuck=0
[DWT] ok=1 cyc=2787316410 cyc_per_ms=799999
[HB] up_ms=36891 frames=1729 inf=1729 hazard=209 canary_err=0 q=0 qovr=0
[I2C] init=0 gate=0 whoami=0x140e0 wr=0 wrseen=0x27 addr=0x5a ok=2515 err=0 tmo=0 recov=0 pclk1=200000000 sysclk=400000000
[CLK] cpu=800000000 sysb=400000000 pclk1=200000000
[DRV] init=0 id=7 mode=0x1 lib=0x2 seq=0x1 odc=0x8b sts=0xe0 armed=1
[TRG] pulses=18 suppressed=192 cyc=1600 rst=1 rstmode=0x40
[HLT] polls=34 faults=0x0 cfglost=0
[EFF] n=5 last=58539 min=58539 max=58760 late=0 stuck=0
[DWT] ok=1 cyc=3624118274 cyc_per_ms=800001
[HB] up_ms=37937 frames=1778 inf=1778 hazard=240 canary_err=0 q=0 qovr=0
[I2C] init=0 gate=0 whoami=0x140e0 wr=0 wrseen=0x27 addr=0x5a ok=2517 err=0 tmo=0 recov=0 pclk1=200000000 sysclk=400000000
[CLK] cpu=800000000 sysb=400000000 pclk1=200000000
[DRV] init=0 id=7 mode=0x1 lib=0x2 seq=0x1 odc=0x8b sts=0xe0 armed=1
[TRG] pulses=20 suppressed=220 cyc=1600 rst=1 rstmode=0x40
[HLT] polls=35 faults=0x0 cfglost=0
[EFF] n=5 last=58539 min=58539 max=58760 late=0 stuck=0
[DWT] ok=1 cyc=165949166 cyc_per_ms=799998
[HB] up_ms=38983 frames=1828 inf=1828 hazard=240 canary_err=0 q=0 qovr=0
[I2C] init=0 gate=0 whoami=0x140e0 wr=0 wrseen=0x27 addr=0x5a ok=2519 err=0 tmo=0 recov=0 pclk1=200000000 sysclk=400000000
[CLK] cpu=800000000 sysb=400000000 pclk1=200000000
[DRV] init=0 id=7 mode=0x1 lib=0x2 seq=0x1 odc=0x8b sts=0xe0 armed=1
[TRG] pulses=20 suppressed=220 cyc=1600 rst=1 rstmode=0x40
[HLT] polls=36 faults=0x0 cfglost=0
[EFF] n=5 last=58539 min=58539 max=58760 late=0 stuck=0
[DWT] ok=1 cyc=1002749142 cyc_per_ms=799999
[HB] up_ms=40029 frames=1878 inf=1878 hazard=240 canary_err=0 q=0 qovr=0
[I2C] init=0 gate=0 whoami=0x140e0 wr=0 wrseen=0x27 addr=0x5a ok=2521 err=0 tmo=0 recov=0 pclk1=200000000 sysclk=400000000
[CLK] cpu=800000000 sysb=400000000 pclk1=200000000
[DRV] init=0 id=7 mode=0x1 lib=0x2 seq=0x1 odc=0x8b sts=0xe0 armed=1
[TRG] pulses=20 suppressed=220 cyc=1600 rst=1 rstmode=0x40
[HLT] polls=37 faults=0x0 cfglost=0
[EFF] n=5 last=58539 min=58539 max=58760 late=0 stuck=0
[DWT] ok=1 cyc=1839549094 cyc_per_ms=799999
[HB] up_ms=41075 frames=1928 inf=1928 hazard=240 canary_err=0 q=0 qovr=0
[I2C] init=0 gate=0 whoami=0x140e0 wr=0 wrseen=0x27 addr=0x5a ok=2523 err=0 tmo=0 recov=0 pclk1=200000000 sysclk=400000000
[CLK] cpu=800000000 sysb=400000000 pclk1=200000000
[DRV] init=0 id=7 mode=0x1 lib=0x2 seq=0x1 odc=0x8b sts=0xe0 armed=1
[TRG] pulses=20 suppressed=220 cyc=1600 rst=1 rstmode=0x40
[HLT] polls=38 faults=0x0 cfglost=0
[EFF] n=5 last=58539 min=58539 max=58760 late=0 stuck=0
[DWT] ok=1 cyc=2676349142 cyc_per_ms=800000
[HB] up_ms=42121 frames=1978 inf=1978 hazard=240 canary_err=0 q=0 qovr=0
[I2C] init=0 gate=0 whoami=0x140e0 wr=0 wrseen=0x27 addr=0x5a ok=2525 err=0 tmo=0 recov=0 pclk1=200000000 sysclk=400000000
[CLK] cpu=800000000 sysb=400000000 pclk1=200000000
[DRV] init=0 id=7 mode=0x1 lib=0x2 seq=0x1 odc=0x8b sts=0xe0 armed=1
[TRG] pulses=20 suppressed=220 cyc=1600 rst=1 rstmode=0x40
[HLT] polls=39 faults=0x0 cfglost=0
[EFF] n=5 last=58539 min=58539 max=58760 late=0 stuck=0
[DWT] ok=1 cyc=3513149098 cyc_per_ms=799999
[HB] up_ms=43167 frames=2028 inf=2028 hazard=240 canary_err=0 q=0 qovr=0
[I2C] init=0 gate=0 whoami=0x140e0 wr=0 wrseen=0x27 addr=0x5a ok=2527 err=0 tmo=0 recov=0 pclk1=200000000 sysclk=400000000
[CLK] cpu=800000000 sysb=400000000 pclk1=200000000
[DRV] init=0 id=7 mode=0x1 lib=0x2 seq=0x1 odc=0x8b sts=0xe0 armed=1
[TRG] pulses=20 suppressed=220 cyc=1600 rst=1 rstmode=0x40
[HLT] polls=40 faults=0x0 cfglost=0
[EFF] n=5 last=58539 min=58539 max=58760 late=0 stuck=0
[DWT] ok=1 cyc=54981078 cyc_per_ms=799999
[HB] up_ms=44213 frames=2077 inf=2077 hazard=277 canary_err=0 q=0 qovr=0
[I2C] init=0 gate=0 whoami=0x140e0 wr=0 wrseen=0x27 addr=0x5a ok=2529 err=0 tmo=0 recov=0 pclk1=200000000 sysclk=400000000
[CLK] cpu=800000000 sysb=400000000 pclk1=200000000
[DRV] init=0 id=7 mode=0x1 lib=0x2 seq=0x1 odc=0x8b sts=0xe0 armed=1
[TRG] pulses=23 suppressed=256 cyc=1600 rst=1 rstmode=0x40
[HLT] polls=41 faults=0x0 cfglost=0
[EFF] n=5 last=58539 min=58539 max=58760 late=0 stuck=0
[DWT] ok=1 cyc=891783594 cyc_per_ms=800002
[HB] up_ms=45259 frames=2127 inf=2127 hazard=280 canary_err=0 q=0 qovr=0
[I2C] init=0 gate=0 whoami=0x140e0 wr=0 wrseen=0x27 addr=0x5a ok=2531 err=0 tmo=0 recov=0 pclk1=200000000 sysclk=400000000
[CLK] cpu=800000000 sysb=400000000 pclk1=200000000
[DRV] init=0 id=7 mode=0x1 lib=0x2 seq=0x1 odc=0x8b sts=0xe0 armed=1
[TRG] pulses=23 suppressed=257 cyc=1600 rst=1 rstmode=0x40
[HLT] polls=42 faults=0x0 cfglost=0
[EFF] n=5 last=58539 min=58539 max=58760 late=0 stuck=0
[DWT] ok=1 cyc=1728581838 cyc_per_ms=799998
[HB] up_ms=46305 frames=2177 inf=2177 hazard=280 canary_err=0 q=0 qovr=0
[I2C] init=0 gate=0 whoami=0x140e0 wr=0 wrseen=0x27 addr=0x5a ok=2533 err=0 tmo=0 recov=0 pclk1=200000000 sysclk=400000000
[CLK] cpu=800000000 sysb=400000000 pclk1=200000000
[DRV] init=0 id=7 mode=0x1 lib=0x2 seq=0x1 odc=0x8b sts=0xe0 armed=1
[TRG] pulses=23 suppressed=257 cyc=1600 rst=1 rstmode=0x40
[HLT] polls=43 faults=0x0 cfglost=0
[EFF] n=5 last=58539 min=58539 max=58760 late=0 stuck=0
[DWT] ok=1 cyc=2565381778 cyc_per_ms=799999
[HB] up_ms=47351 frames=2227 inf=2227 hazard=280 canary_err=0 q=0 qovr=0
[I2C] init=0 gate=0 whoami=0x140e0 wr=0 wrseen=0x27 addr=0x5a ok=2535 err=0 tmo=0 recov=0 pclk1=200000000 sysclk=400000000
[CLK] cpu=800000000 sysb=400000000 pclk1=200000000
[DRV] init=0 id=7 mode=0x1 lib=0x2 seq=0x1 odc=0x8b sts=0xe0 armed=1
[TRG] pulses=23 suppressed=257 cyc=1600 rst=1 rstmode=0x40
[HLT] polls=44 faults=0x0 cfglost=0
[EFF] n=5 last=58539 min=58539 max=58760 late=0 stuck=0
[DWT] ok=1 cyc=3402181830 cyc_per_ms=800000
[HB] up_ms=48397 frames=2277 inf=2277 hazard=280 canary_err=0 q=0 qovr=0
[I2C] init=0 gate=0 whoami=0x140e0 wr=0 wrseen=0x27 addr=0x5a ok=2537 err=0 tmo=0 recov=0 pclk1=200000000 sysclk=400000000
[CLK] cpu=800000000 sysb=400000000 pclk1=200000000
[DRV] init=0 id=7 mode=0x1 lib=0x2 seq=0x1 odc=0x8b sts=0xe0 armed=1
[TRG] pulses=23 suppressed=257 cyc=1600 rst=1 rstmode=0x40
[HLT] polls=45 faults=0x0 cfglost=0
[EFF] n=5 last=58539 min=58539 max=58760 late=0 stuck=0
[DWT] ok=1 cyc=4238981778 cyc_per_ms=799999
[HB] up_ms=49443 frames=2326 inf=2326 hazard=280 canary_err=0 q=0 qovr=0
[I2C] init=0 gate=0 whoami=0x140e0 wr=0 wrseen=0x27 addr=0x5a ok=2539 err=0 tmo=0 recov=0 pclk1=200000000 sysclk=400000000
[CLK] cpu=800000000 sysb=400000000 pclk1=200000000
[DRV] init=0 id=7 mode=0x1 lib=0x2 seq=0x1 odc=0x8b sts=0xe0 armed=1
[TRG] pulses=23 suppressed=257 cyc=1600 rst=1 rstmode=0x40
[HLT] polls=46 faults=0x0 cfglost=0
[EFF] n=5 last=58539 min=58539 max=58760 late=0 stuck=0
[DWT] ok=1 cyc=780814474 cyc_per_ms=799999
[HB] up_ms=50489 frames=2376 inf=2376 hazard=296 canary_err=0 q=0 qovr=0
[I2C] init=0 gate=0 whoami=0x140e0 wr=0 wrseen=0x27 addr=0x5a ok=2541 err=0 tmo=0 recov=0 pclk1=200000000 sysclk=400000000
[CLK] cpu=800000000 sysb=400000000 pclk1=200000000
[DRV] init=0 id=7 mode=0x1 lib=0x2 seq=0x1 odc=0x8b sts=0xe0 armed=1
[TRG] pulses=25 suppressed=273 cyc=1600 rst=1 rstmode=0x40
[HLT] polls=47 faults=0x0 cfglost=0
[EFF] n=5 last=58539 min=58539 max=58760 late=0 stuck=0
[DWT] ok=1 cyc=1617616310 cyc_per_ms=800001
[HB] up_ms=51535 frames=2426 inf=2426 hazard=320 canary_err=0 q=0 qovr=0
[I2C] init=0 gate=0 whoami=0x140e0 wr=0 wrseen=0x27 addr=0x5a ok=2543 err=0 tmo=0 recov=0 pclk1=200000000 sysclk=400000000
[CLK] cpu=800000000 sysb=400000000 pclk1=200000000
[DRV] init=0 id=7 mode=0x1 lib=0x2 seq=0x1 odc=0x8b sts=0xe0 armed=1
[TRG] pulses=26 suppressed=294 cyc=1600 rst=1 rstmode=0x40
[HLT] polls=48 faults=0x0 cfglost=0
[EFF] n=5 last=58539 min=58539 max=58760 late=0 stuck=0
[DWT] ok=1 cyc=2454414534 cyc_per_ms=799998
[HB] up_ms=52581 frames=2476 inf=2476 hazard=320 canary_err=0 q=0 qovr=0
[I2C] init=0 gate=0 whoami=0x140e0 wr=0 wrseen=0x27 addr=0x5a ok=2545 err=0 tmo=0 recov=0 pclk1=200000000 sysclk=400000000
[CLK] cpu=800000000 sysb=400000000 pclk1=200000000
[DRV] init=0 id=7 mode=0x1 lib=0x2 seq=0x1 odc=0x8b sts=0xe0 armed=1
[TRG] pulses=26 suppressed=294 cyc=1600 rst=1 rstmode=0x40
[HLT] polls=49 faults=0x0 cfglost=0
[EFF] n=5 last=58539 min=58539 max=58760 late=0 stuck=0
[DWT] ok=1 cyc=3291214490 cyc_per_ms=799999
[HB] up_ms=53627 frames=2526 inf=2526 hazard=320 canary_err=0 q=0 qovr=0
[I2C] init=0 gate=0 whoami=0x140e0 wr=0 wrseen=0x27 addr=0x5a ok=2547 err=0 tmo=0 recov=0 pclk1=200000000 sysclk=400000000
[CLK] cpu=800000000 sysb=400000000 pclk1=200000000
[DRV] init=0 id=7 mode=0x1 lib=0x2 seq=0x1 odc=0x8b sts=0xe0 armed=1
[TRG] pulses=26 suppressed=294 cyc=1600 rst=1 rstmode=0x40
[HLT] polls=50 faults=0x0 cfglost=0
[EFF] n=5 last=58539 min=58539 max=58760 late=0 stuck=0
[DWT] ok=1 cyc=4128014550 cyc_per_ms=800000
[HB] up_ms=54673 frames=2575 inf=2575 hazard=320 canary_err=0 q=0 qovr=0
[I2C] init=0 gate=0 whoami=0x140e0 wr=0 wrseen=0x27 addr=0x5a ok=2549 err=0 tmo=0 recov=0 pclk1=200000000 sysclk=400000000
[CLK] cpu=800000000 sysb=400000000 pclk1=200000000
[DRV] init=0 id=7 mode=0x1 lib=0x2 seq=0x1 odc=0x8b sts=0xe0 armed=1
[TRG] pulses=26 suppressed=294 cyc=1600 rst=1 rstmode=0x40
[HLT] polls=51 faults=0x0 cfglost=0
[EFF] n=5 last=58539 min=58539 max=58760 late=0 stuck=0
[DWT] ok=1 cyc=669847238 cyc_per_ms=799999
[HB] up_ms=55719 frames=2625 inf=2625 hazard=320 canary_err=0 q=0 qovr=0
[I2C] init=0 gate=0 whoami=0x140e0 wr=0 wrseen=0x27 addr=0x5a ok=2551 err=0 tmo=0 recov=0 pclk1=200000000 sysclk=400000000
[CLK] cpu=800000000 sysb=400000000 pclk1=200000000
[DRV] init=0 id=7 mode=0x1 lib=0x2 seq=0x1 odc=0x8b sts=0xe0 armed=1
[TRG] pulses=26 suppressed=294 cyc=1600 rst=1 rstmode=0x40
[HLT] polls=52 faults=0x0 cfglost=0
[EFF] n=5 last=58539 min=58539 max=58760 late=0 stuck=0
[DWT] ok=1 cyc=1506647226 cyc_per_ms=799999
[HB] up_ms=56765 frames=2675 inf=2675 hazard=320 canary_err=0 q=0 qovr=0
[I2C] init=0 gate=0 whoami=0x140e0 wr=0 wrseen=0x27 addr=0x5a ok=2553 err=0 tmo=0 recov=0 pclk1=200000000 sysclk=400000000
[CLK] cpu=800000000 sysb=400000000 pclk1=200000000
[DRV] init=0 id=7 mode=0x1 lib=0x2 seq=0x1 odc=0x8b sts=0xe0 armed=1
[TRG] pulses=26 suppressed=294 cyc=1600 rst=1 rstmode=0x40
[HLT] polls=53 faults=0x0 cfglost=0
[EFF] n=5 last=58539 min=58539 max=58760 late=0 stuck=0
[DWT] ok=1 cyc=2343447278 cyc_per_ms=800000
[HB] up_ms=57811 frames=2725 inf=2725 hazard=360 canary_err=0 q=0 qovr=0
[I2C] init=0 gate=0 whoami=0x140e0 wr=0 wrseen=0x27 addr=0x5a ok=2555 err=0 tmo=0 recov=0 pclk1=200000000 sysclk=400000000
[CLK] cpu=800000000 sysb=400000000 pclk1=200000000
[DRV] init=0 id=7 mode=0x1 lib=0x2 seq=0x1 odc=0x8b sts=0xe0 armed=1
[TRG] pulses=29 suppressed=331 cyc=1600 rst=1 rstmode=0x40
[HLT] polls=54 faults=0x0 cfglost=0
[EFF] n=5 last=58539 min=58539 max=58760 late=0 stuck=0
[DWT] ok=1 cyc=3180247254 cyc_per_ms=799999
[HB] up_ms=58857 frames=2775 inf=2775 hazard=360 canary_err=0 q=0 qovr=0
[I2C] init=0 gate=0 whoami=0x140e0 wr=0 wrseen=0x27 addr=0x5a ok=2557 err=0 tmo=0 recov=0 pclk1=200000000 sysclk=400000000
[CLK] cpu=800000000 sysb=400000000 pclk1=200000000
[DRV] init=0 id=7 mode=0x1 lib=0x2 seq=0x1 odc=0x8b sts=0xe0 armed=1
[TRG] pulses=29 suppressed=331 cyc=1600 rst=1 rstmode=0x40
[HLT] polls=55 faults=0x0 cfglost=0
[EFF] n=5 last=58539 min=58539 max=58760 late=0 stuck=0
[DWT] ok=1 cyc=4017047210 cyc_per_ms=799999
[HB] up_ms=59903 frames=2824 inf=2824 hazard=360 canary_err=0 q=0 qovr=0
[I2C] init=0 gate=0 whoami=0x140e0 wr=0 wrseen=0x27 addr=0x5a ok=2559 err=0 tmo=0 recov=0 pclk1=200000000 sysclk=400000000
[CLK] cpu=800000000 sysb=400000000 pclk1=200000000
[DRV] init=0 id=7 mode=0x1 lib=0x2 seq=0x1 odc=0x8b sts=0xe0 armed=1
[TRG] pulses=29 suppressed=331 cyc=1600 rst=1 rstmode=0x40
[HLT] polls=56 faults=0x0 cfglost=0
[EFF] n=5 last=58539 min=58539 max=58760 late=0 stuck=0
[DWT] ok=1 cyc=558879898 cyc_per_ms=799999
[HB] up_ms=60949 frames=2874 inf=2874 hazard=360 canary_err=0 q=0 qovr=0
[I2C] init=0 gate=0 whoami=0x140e0 wr=0 wrseen=0x27 addr=0x5a ok=2561 err=0 tmo=0 recov=0 pclk1=200000000 sysclk=400000000
[CLK] cpu=800000000 sysb=400000000 pclk1=200000000
[DRV] init=0 id=7 mode=0x1 lib=0x2 seq=0x1 odc=0x8b sts=0xe0 armed=1
[TRG] pulses=29 suppressed=331 cyc=1600 rst=1 rstmode=0x40
[HLT] polls=57 faults=0x0 cfglost=0
[EFF] n=5 last=58539 min=58539 max=58760 late=0 stuck=0
[DWT] ok=1 cyc=1395679882 cyc_per_ms=799999
[HB] up_ms=61995 frames=2924 inf=2924 hazard=360 canary_err=0 q=0 qovr=0
[I2C] init=0 gate=0 whoami=0x140e0 wr=0 wrseen=0x27 addr=0x5a ok=2563 err=0 tmo=0 recov=0 pclk1=200000000 sysclk=400000000
[CLK] cpu=800000000 sysb=400000000 pclk1=200000000
[DRV] init=0 id=7 mode=0x1 lib=0x2 seq=0x1 odc=0x8b sts=0xe0 armed=1
[TRG] pulses=29 suppressed=331 cyc=1600 rst=1 rstmode=0x40
[HLT] polls=58 faults=0x0 cfglost=0
[EFF] n=5 last=58539 min=58539 max=58760 late=0 stuck=0
[DWT] ok=1 cyc=2232479934 cyc_per_ms=800000
[HB] up_ms=63041 frames=2974 inf=2974 hazard=360 canary_err=0 q=0 qovr=0
[I2C] init=0 gate=0 whoami=0x140e0 wr=0 wrseen=0x27 addr=0x5a ok=2565 err=0 tmo=0 recov=0 pclk1=200000000 sysclk=400000000
[CLK] cpu=800000000 sysb=400000000 pclk1=200000000
[DRV] init=0 id=7 mode=0x1 lib=0x2 seq=0x1 odc=0x8b sts=0xe0 armed=1
[TRG] pulses=29 suppressed=331 cyc=1600 rst=1 rstmode=0x40
[HLT] polls=59 faults=0x0 cfglost=0
[EFF] n=5 last=58539 min=58539 max=58760 late=0 stuck=0
[DWT] ok=1 cyc=3069279882 cyc_per_ms=799999
[HB] up_ms=64087 frames=3024 inf=3024 hazard=384 canary_err=0 q=0 qovr=0
[I2C] init=0 gate=0 whoami=0x140e0 wr=0 wrseen=0x27 addr=0x5a ok=2567 err=0 tmo=0 recov=0 pclk1=200000000 sysclk=400000000
[CLK] cpu=800000000 sysb=400000000 pclk1=200000000
[DRV] init=0 id=7 mode=0x1 lib=0x2 seq=0x1 odc=0x8b sts=0xe0 armed=1
[TRG] pulses=31 suppressed=354 cyc=1600 rst=1 rstmode=0x40
[HLT] polls=60 faults=0x0 cfglost=0
[EFF] n=5 last=58539 min=58539 max=58760 late=0 stuck=0
[DWT] ok=1 cyc=3906081778 cyc_per_ms=800001
[HB] up_ms=65133 frames=3074 inf=3074 hazard=400 canary_err=0 q=0 qovr=0
[I2C] init=0 gate=0 whoami=0x140e0 wr=0 wrseen=0x27 addr=0x5a ok=2569 err=0 tmo=0 recov=0 pclk1=200000000 sysclk=400000000
[CLK] cpu=800000000 sysb=400000000 pclk1=200000000
[DRV] init=0 id=7 mode=0x1 lib=0x2 seq=0x1 odc=0x8b sts=0xe0 armed=1
[TRG] pulses=32 suppressed=368 cyc=1600 rst=1 rstmode=0x40
[HLT] polls=61 faults=0x0 cfglost=0
[EFF] n=5 last=58539 min=58539 max=58760 late=0 stuck=0
[DWT] ok=1 cyc=447911946 cyc_per_ms=799997
[HB] up_ms=66179 frames=3123 inf=3123 hazard=400 canary_err=0 q=0 qovr=0
[I2C] init=0 gate=0 whoami=0x140e0 wr=0 wrseen=0x27 addr=0x5a ok=2571 err=0 tmo=0 recov=0 pclk1=200000000 sysclk=400000000
[CLK] cpu=800000000 sysb=400000000 pclk1=200000000
[DRV] init=0 id=7 mode=0x1 lib=0x2 seq=0x1 odc=0x8b sts=0xe0 armed=1
[TRG] pulses=32 suppressed=368 cyc=1600 rst=1 rstmode=0x40
[HLT] polls=62 faults=0x0 cfglost=0
[EFF] n=5 last=58539 min=58539 max=58760 late=0 stuck=0
[DWT] ok=1 cyc=1284712658 cyc_per_ms=800000
[HB] up_ms=67225 frames=3173 inf=3173 hazard=400 canary_err=0 q=0 qovr=0
[I2C] init=0 gate=0 whoami=0x140e0 wr=0 wrseen=0x27 addr=0x5a ok=2573 err=0 tmo=0 recov=0 pclk1=200000000 sysclk=400000000
[CLK] cpu=800000000 sysb=400000000 pclk1=200000000
[DRV] init=0 id=7 mode=0x1 lib=0x2 seq=0x1 odc=0x8b sts=0xe0 armed=1
[TRG] pulses=32 suppressed=368 cyc=1600 rst=1 rstmode=0x40
[HLT] polls=63 faults=0x0 cfglost=0
[EFF] n=5 last=58539 min=58539 max=58760 late=0 stuck=0
[DWT] ok=1 cyc=2121512602 cyc_per_ms=799999
[HB] up_ms=68271 frames=3223 inf=3223 hazard=400 canary_err=0 q=0 qovr=0
[I2C] init=0 gate=0 whoami=0x140e0 wr=0 wrseen=0x27 addr=0x5a ok=2575 err=0 tmo=0 recov=0 pclk1=200000000 sysclk=400000000
[CLK] cpu=800000000 sysb=400000000 pclk1=200000000
[DRV] init=0 id=7 mode=0x1 lib=0x2 seq=0x1 odc=0x8b sts=0xe0 armed=1
[TRG] pulses=32 suppressed=368 cyc=1600 rst=1 rstmode=0x40
[HLT] polls=64 faults=0x0 cfglost=0
[EFF] n=5 last=58539 min=58539 max=58760 late=0 stuck=0
[DWT] ok=1 cyc=2958312662 cyc_per_ms=800000
[HB] up_ms=69317 frames=3273 inf=3273 hazard=400 canary_err=0 q=0 qovr=0
[I2C] init=0 gate=0 whoami=0x140e0 wr=0 wrseen=0x27 addr=0x5a ok=2577 err=0 tmo=0 recov=0 pclk1=200000000 sysclk=400000000
[CLK] cpu=800000000 sysb=400000000 pclk1=200000000
[DRV] init=0 id=7 mode=0x1 lib=0x2 seq=0x1 odc=0x8b sts=0xe0 armed=1
[TRG] pulses=32 suppressed=368 cyc=1600 rst=1 rstmode=0x40
[HLT] polls=65 faults=0x0 cfglost=0
[EFF] n=5 last=58539 min=58539 max=58760 late=0 stuck=0
[DWT] ok=1 cyc=3795112610 cyc_per_ms=799999
[HB] up_ms=70363 frames=3323 inf=3323 hazard=403 canary_err=0 q=0 qovr=0
[I2C] init=0 gate=0 whoami=0x140e0 wr=0 wrseen=0x27 addr=0x5a ok=2579 err=0 tmo=0 recov=0 pclk1=200000000 sysclk=400000000
[CLK] cpu=800000000 sysb=400000000 pclk1=200000000
[DRV] init=0 id=7 mode=0x1 lib=0x2 seq=0x1 odc=0x8b sts=0xe0 armed=1
[TRG] pulses=33 suppressed=371 cyc=1600 rst=1 rstmode=0x40
[HLT] polls=66 faults=0x0 cfglost=0
[EFF] n=5 last=58539 min=58539 max=58760 late=0 stuck=0
[DWT] ok=1 cyc=336947142 cyc_per_ms=800001
[HB] up_ms=71409 frames=3372 inf=3372 hazard=440 canary_err=0 q=0 qovr=0
[I2C] init=0 gate=0 whoami=0x140e0 wr=0 wrseen=0x27 addr=0x5a ok=2581 err=0 tmo=0 recov=0 pclk1=200000000 sysclk=400000000
[CLK] cpu=800000000 sysb=400000000 pclk1=200000000
[DRV] init=0 id=7 mode=0x1 lib=0x2 seq=0x1 odc=0x8b sts=0xe0 armed=1
[TRG] pulses=35 suppressed=405 cyc=1600 rst=1 rstmode=0x40
[HLT] polls=67 faults=0x0 cfglost=0
[EFF] n=5 last=58539 min=58539 max=58760 late=0 stuck=0
[DWT] ok=1 cyc=1173745374 cyc_per_ms=799998
[HB] up_ms=72455 frames=3422 inf=3422 hazard=440 canary_err=0 q=0 qovr=0
[I2C] init=0 gate=0 whoami=0x140e0 wr=0 wrseen=0x27 addr=0x5a ok=2583 err=0 tmo=0 recov=0 pclk1=200000000 sysclk=400000000
[CLK] cpu=800000000 sysb=400000000 pclk1=200000000
[DRV] init=0 id=7 mode=0x1 lib=0x2 seq=0x1 odc=0x8b sts=0xe0 armed=1
[TRG] pulses=35 suppressed=405 cyc=1600 rst=1 rstmode=0x40
[HLT] polls=68 faults=0x0 cfglost=0
[EFF] n=5 last=58539 min=58539 max=58760 late=0 stuck=0
[DWT] ok=1 cyc=2010545358 cyc_per_ms=799999
[HB] up_ms=73501 frames=3472 inf=3472 hazard=440 canary_err=0 q=0 qovr=0
[I2C] init=0 gate=0 whoami=0x140e0 wr=0 wrseen=0x27 addr=0x5a ok=2585 err=0 tmo=0 recov=0 pclk1=200000000 sysclk=400000000
[CLK] cpu=800000000 sysb=400000000 pclk1=200000000
[DRV] init=0 id=7 mode=0x1 lib=0x2 seq=0x1 odc=0x8b sts=0xe0 armed=1
[TRG] pulses=35 suppressed=405 cyc=1600 rst=1 rstmode=0x40
[HLT] polls=69 faults=0x0 cfglost=0
[EFF] n=5 last=58539 min=58539 max=58760 late=0 stuck=0
[DWT] ok=1 cyc=2847345298 cyc_per_ms=799999
[HB] up_ms=74547 frames=3522 inf=3522 hazard=440 canary_err=0 q=0 qovr=0
[I2C] init=0 gate=0 whoami=0x140e0 wr=0 wrseen=0x27 addr=0x5a ok=2587 err=0 tmo=0 recov=0 pclk1=200000000 sysclk=400000000
[CLK] cpu=800000000 sysb=400000000 pclk1=200000000
[DRV] init=0 id=7 mode=0x1 lib=0x2 seq=0x1 odc=0x8b sts=0xe0 armed=1
[TRG] pulses=35 suppressed=405 cyc=1600 rst=1 rstmode=0x40
[HLT] polls=70 faults=0x0 cfglost=0
[EFF] n=5 last=58539 min=58539 max=58760 late=0 stuck=0
[DWT] ok=1 cyc=3684145358 cyc_per_ms=800000
[HB] up_ms=75593 frames=3572 inf=3572 hazard=440 canary_err=0 q=0 qovr=0
[I2C] init=0 gate=0 whoami=0x140e0 wr=0 wrseen=0x27 addr=0x5a ok=2589 err=0 tmo=0 recov=0 pclk1=200000000 sysclk=400000000
[CLK] cpu=800000000 sysb=400000000 pclk1=200000000
[DRV] init=0 id=7 mode=0x1 lib=0x2 seq=0x1 odc=0x8b sts=0xe0 armed=1
[TRG] pulses=35 suppressed=405 cyc=1600 rst=1 rstmode=0x40
[HLT] polls=71 faults=0x0 cfglost=0
[EFF] n=5 last=58539 min=58539 max=58760 late=0 stuck=0
[DWT] ok=1 cyc=225978014 cyc_per_ms=799999
[HB] up_ms=76639 frames=3621 inf=3621 hazard=440 canary_err=0 q=0 qovr=0
[I2C] init=0 gate=0 whoami=0x140e0 wr=0 wrseen=0x27 addr=0x5a ok=2591 err=0 tmo=0 recov=0 pclk1=200000000 sysclk=400000000
[CLK] cpu=800000000 sysb=400000000 pclk1=200000000
[DRV] init=0 id=7 mode=0x1 lib=0x2 seq=0x1 odc=0x8b sts=0xe0 armed=1
[TRG] pulses=35 suppressed=405 cyc=1600 rst=1 rstmode=0x40
[HLT] polls=72 faults=0x0 cfglost=0
[EFF] n=5 last=58539 min=58539 max=58760 late=0 stuck=0
[DWT] ok=1 cyc=1062778094 cyc_per_ms=800000
[HB] up_ms=77685 frames=3671 inf=3671 hazard=471 canary_err=0 q=0 qovr=0
[I2C] init=0 gate=0 whoami=0x140e0 wr=0 wrseen=0x27 addr=0x5a ok=2593 err=0 tmo=0 recov=0 pclk1=200000000 sysclk=400000000
[CLK] cpu=800000000 sysb=400000000 pclk1=200000000
[DRV] init=0 id=7 mode=0x1 lib=0x2 seq=0x1 odc=0x8b sts=0xe0 armed=1
[TRG] pulses=38 suppressed=435 cyc=1600 rst=1 rstmode=0x40
[HLT] polls=73 faults=0x0 cfglost=0
[EFF] n=5 last=58539 min=58539 max=58760 late=0 stuck=0
[DWT] ok=1 cyc=1899579846 cyc_per_ms=800001
[HB] up_ms=78731 frames=3721 inf=3721 hazard=480 canary_err=0 q=0 qovr=0
[I2C] init=0 gate=0 whoami=0x140e0 wr=0 wrseen=0x27 addr=0x5a ok=2595 err=0 tmo=0 recov=0 pclk1=200000000 sysclk=400000000
[CLK] cpu=800000000 sysb=400000000 pclk1=200000000
[DRV] init=0 id=7 mode=0x1 lib=0x2 seq=0x1 odc=0x8b sts=0xe0 armed=1
[TRG] pulses=38 suppressed=442 cyc=1600 rst=1 rstmode=0x40
[HLT] polls=74 faults=0x0 cfglost=0
[EFF] n=5 last=58539 min=58539 max=58760 late=0 stuck=0
[DWT] ok=1 cyc=2736378046 cyc_per_ms=799998
[HB] up_ms=79777 frames=3771 inf=3771 hazard=480 canary_err=0 q=0 qovr=0
[I2C] init=0 gate=0 whoami=0x140e0 wr=0 wrseen=0x27 addr=0x5a ok=2597 err=0 tmo=0 recov=0 pclk1=200000000 sysclk=400000000
[CLK] cpu=800000000 sysb=400000000 pclk1=200000000
[DRV] init=0 id=7 mode=0x1 lib=0x2 seq=0x1 odc=0x8b sts=0xe0 armed=1
[TRG] pulses=38 suppressed=442 cyc=1600 rst=1 rstmode=0x40
[HLT] polls=75 faults=0x0 cfglost=0
[EFF] n=5 last=58539 min=58539 max=58760 late=0 stuck=0
[DWT] ok=1 cyc=3573178090 cyc_per_ms=800000
[HB] up_ms=80823 frames=3821 inf=3821 hazard=480 canary_err=0 q=0 qovr=0
[I2C] init=0 gate=0 whoami=0x140e0 wr=0 wrseen=0x27 addr=0x5a ok=2599 err=0 tmo=0 recov=0 pclk1=200000000 sysclk=400000000
[CLK] cpu=800000000 sysb=400000000 pclk1=200000000
[DRV] init=0 id=7 mode=0x1 lib=0x2 seq=0x1 odc=0x8b sts=0xe0 armed=1
[TRG] pulses=38 suppressed=442 cyc=1600 rst=1 rstmode=0x40
[HLT] polls=76 faults=0x0 cfglost=0
[EFF] n=5 last=58539 min=58539 max=58760 late=0 stuck=0
[DWT] ok=1 cyc=115010734 cyc_per_ms=799999
[HB] up_ms=81869 frames=3870 inf=3870 hazard=480 canary_err=0 q=0 qovr=0
[I2C] init=0 gate=0 whoami=0x140e0 wr=0 wrseen=0x27 addr=0x5a ok=2601 err=0 tmo=0 recov=0 pclk1=200000000 sysclk=400000000
[CLK] cpu=800000000 sysb=400000000 pclk1=200000000
[DRV] init=0 id=7 mode=0x1 lib=0x2 seq=0x1 odc=0x8b sts=0xe0 armed=1
[TRG] pulses=38 suppressed=442 cyc=1600 rst=1 rstmode=0x40
[HLT] polls=77 faults=0x0 cfglost=0
[EFF] n=5 last=58539 min=58539 max=58760 late=0 stuck=0
[DWT] ok=1 cyc=951810726 cyc_per_ms=799999
[HB] up_ms=82915 frames=3920 inf=3920 hazard=480 canary_err=0 q=0 qovr=0
[I2C] init=0 gate=0 whoami=0x140e0 wr=0 wrseen=0x27 addr=0x5a ok=2603 err=0 tmo=0 recov=0 pclk1=200000000 sysclk=400000000
[CLK] cpu=800000000 sysb=400000000 pclk1=200000000
[DRV] init=0 id=7 mode=0x1 lib=0x2 seq=0x1 odc=0x8b sts=0xe0 armed=1
[TRG] pulses=38 suppressed=442 cyc=1600 rst=1 rstmode=0x40
[HLT] polls=78 faults=0x0 cfglost=0
[EFF] n=5 last=58539 min=58539 max=58760 late=0 stuck=0
[DWT] ok=1 cyc=1788610710 cyc_per_ms=799999
[HB] up_ms=83961 frames=3970 inf=3970 hazard=490 canary_err=0 q=0 qovr=0
[I2C] init=0 gate=0 whoami=0x140e0 wr=0 wrseen=0x27 addr=0x5a ok=2605 err=0 tmo=0 recov=0 pclk1=200000000 sysclk=400000000
[CLK] cpu=800000000 sysb=400000000 pclk1=200000000
[DRV] init=0 id=7 mode=0x1 lib=0x2 seq=0x1 odc=0x8b sts=0xe0 armed=1
[TRG] pulses=39 suppressed=452 cyc=1600 rst=1 rstmode=0x40
[HLT] polls=79 faults=0x0 cfglost=0
[EFF] n=5 last=58539 min=58539 max=58760 late=0 stuck=0
[DWT] ok=1 cyc=2625412538 cyc_per_ms=800001
[HB] up_ms=85007 frames=4020 inf=4020 hazard=520 canary_err=0 q=0 qovr=0
[I2C] init=0 gate=0 whoami=0x140e0 wr=0 wrseen=0x27 addr=0x5a ok=2607 err=0 tmo=0 recov=0 pclk1=200000000 sysclk=400000000
[CLK] cpu=800000000 sysb=400000000 pclk1=200000000
[DRV] init=0 id=7 mode=0x1 lib=0x2 seq=0x1 odc=0x8b sts=0xe0 armed=1
[TRG] pulses=41 suppressed=479 cyc=1600 rst=1 rstmode=0x40
[HLT] polls=80 faults=0x0 cfglost=0
[EFF] n=5 last=58539 min=58539 max=58760 late=0 stuck=0
[DWT] ok=1 cyc=3462210722 cyc_per_ms=799998
[HB] up_ms=86053 frames=4070 inf=4070 hazard=520 canary_err=0 q=0 qovr=0
[I2C] init=0 gate=0 whoami=0x140e0 wr=0 wrseen=0x27 addr=0x5a ok=2609 err=0 tmo=0 recov=0 pclk1=200000000 sysclk=400000000
[CLK] cpu=800000000 sysb=400000000 pclk1=200000000
[DRV] init=0 id=7 mode=0x1 lib=0x2 seq=0x1 odc=0x8b sts=0xe0 armed=1
[TRG] pulses=41 suppressed=479 cyc=1600 rst=1 rstmode=0x40
[HLT] polls=81 faults=0x0 cfglost=0
[EFF] n=5 last=58539 min=58539 max=58760 late=0 stuck=0
[DWT] ok=1 cyc=4043482 cyc_per_ms=800000
[HB] up_ms=87099 frames=4120 inf=4120 hazard=520 canary_err=0 q=0 qovr=0
[I2C] init=0 gate=0 whoami=0x140e0 wr=0 wrseen=0x27 addr=0x5a ok=2611 err=0 tmo=0 recov=0 pclk1=200000000 sysclk=400000000
[CLK] cpu=800000000 sysb=400000000 pclk1=200000000
[DRV] init=0 id=7 mode=0x1 lib=0x2 seq=0x1 odc=0x8b sts=0xe0 armed=1
[TRG] pulses=41 suppressed=479 cyc=1600 rst=1 rstmode=0x40
[HLT] polls=82 faults=0x0 cfglost=0
[EFF] n=5 last=58539 min=58539 max=58760 late=0 stuck=0
[DWT] ok=1 cyc=840842750 cyc_per_ms=799999
[HB] up_ms=88145 frames=4169 inf=4169 hazard=520 canary_err=0 q=0 qovr=0
[I2C] init=0 gate=0 whoami=0x140e0 wr=0 wrseen=0x27 addr=0x5a ok=2613 err=0 tmo=0 recov=0 pclk1=200000000 sysclk=400000000
[CLK] cpu=800000000 sysb=400000000 pclk1=200000000
[DRV] init=0 id=7 mode=0x1 lib=0x2 seq=0x1 odc=0x8b sts=0xe0 armed=1
[TRG] pulses=41 suppressed=479 cyc=1600 rst=1 rstmode=0x40
[HLT] polls=83 faults=0x0 cfglost=0
[EFF] n=5 last=58539 min=58539 max=58760 late=0 stuck=0
[DWT] ok=1 cyc=1677643474 cyc_per_ms=800000
[HB] up_ms=89191 frames=4219 inf=4219 hazard=520 canary_err=0 q=0 qovr=0
[I2C] init=0 gate=0 whoami=0x140e0 wr=0 wrseen=0x27 addr=0x5a ok=2615 err=0 tmo=0 recov=0 pclk1=200000000 sysclk=400000000
[CLK] cpu=800000000 sysb=400000000 pclk1=200000000
[DRV] init=0 id=7 mode=0x1 lib=0x2 seq=0x1 odc=0x8b sts=0xe0 armed=1
[TRG] pulses=41 suppressed=479 cyc=1600 rst=1 rstmode=0x40
[HLT] polls=84 faults=0x0 cfglost=0
[EFF] n=5 last=58539 min=58539 max=58760 late=0 stuck=0
[DWT] ok=1 cyc=2514443426 cyc_per_ms=799999
[HB] up_ms=90237 frames=4269 inf=4269 hazard=520 canary_err=0 q=0 qovr=0
[I2C] init=0 gate=0 whoami=0x140e0 wr=0 wrseen=0x27 addr=0x5a ok=2617 err=0 tmo=0 recov=0 pclk1=200000000 sysclk=400000000
[CLK] cpu=800000000 sysb=400000000 pclk1=200000000
[DRV] init=0 id=7 mode=0x1 lib=0x2 seq=0x1 odc=0x8b sts=0xe0 armed=1
[TRG] pulses=41 suppressed=479 cyc=1600 rst=1 rstmode=0x40
[HLT] polls=85 faults=0x0 cfglost=0
[EFF] n=5 last=58539 min=58539 max=58760 late=0 stuck=0
[DWT] ok=1 cyc=3351243478 cyc_per_ms=800000
[HB] up_ms=91283 frames=4319 inf=4319 hazard=559 canary_err=0 q=0 qovr=0
[I2C] init=0 gate=0 whoami=0x140e0 wr=0 wrseen=0x27 addr=0x5a ok=2619 err=0 tmo=0 recov=0 pclk1=200000000 sysclk=400000000
[CLK] cpu=800000000 sysb=400000000 pclk1=200000000
[DRV] init=0 id=7 mode=0x1 lib=0x2 seq=0x1 odc=0x8b sts=0xe0 armed=1
[TRG] pulses=44 suppressed=516 cyc=1600 rst=1 rstmode=0x40
[HLT] polls=86 faults=0x0 cfglost=0
[EFF] n=5 last=58539 min=58539 max=58760 late=0 stuck=0
[DWT] ok=1 cyc=4188044366 cyc_per_ms=800000
[HB] up_ms=92329 frames=4369 inf=4369 hazard=560 canary_err=0 q=0 qovr=0
[I2C] init=0 gate=0 whoami=0x140e0 wr=0 wrseen=0x27 addr=0x5a ok=2621 err=0 tmo=0 recov=0 pclk1=200000000 sysclk=400000000
[CLK] cpu=800000000 sysb=400000000 pclk1=200000000
[DRV] init=0 id=7 mode=0x1 lib=0x2 seq=0x1 odc=0x8b sts=0xe0 armed=1
[TRG] pulses=44 suppressed=516 cyc=1600 rst=1 rstmode=0x40
[HLT] polls=87 faults=0x0 cfglost=0
[EFF] n=5 last=58539 min=58539 max=58760 late=0 stuck=0
[DWT] ok=1 cyc=729876186 cyc_per_ms=799999
[HB] up_ms=93375 frames=4418 inf=4418 hazard=560 canary_err=0 q=0 qovr=0
[I2C] init=0 gate=0 whoami=0x140e0 wr=0 wrseen=0x27 addr=0x5a ok=2623 err=0 tmo=0 recov=0 pclk1=200000000 sysclk=400000000
[CLK] cpu=800000000 sysb=400000000 pclk1=200000000
[DRV] init=0 id=7 mode=0x1 lib=0x2 seq=0x1 odc=0x8b sts=0xe0 armed=1
[TRG] pulses=44 suppressed=516 cyc=1600 rst=1 rstmode=0x40
[HLT] polls=88 faults=0x0 cfglost=0
[EFF] n=5 last=58539 min=58539 max=58760 late=0 stuck=0
[DWT] ok=1 cyc=1566676166 cyc_per_ms=799999
[HB] up_ms=94421 frames=4468 inf=4468 hazard=560 canary_err=0 q=0 qovr=0
[I2C] init=0 gate=0 whoami=0x140e0 wr=0 wrseen=0x27 addr=0x5a ok=2625 err=0 tmo=0 recov=0 pclk1=200000000 sysclk=400000000
[CLK] cpu=800000000 sysb=400000000 pclk1=200000000
[DRV] init=0 id=7 mode=0x1 lib=0x2 seq=0x1 odc=0x8b sts=0xe0 armed=1
[TRG] pulses=44 suppressed=516 cyc=1600 rst=1 rstmode=0x40
[HLT] polls=89 faults=0x0 cfglost=0
[EFF] n=5 last=58539 min=58539 max=58760 late=0 stuck=0
[DWT] ok=1 cyc=2403476154 cyc_per_ms=799999
[HB] up_ms=95467 frames=4518 inf=4518 hazard=560 canary_err=0 q=0 qovr=0
[I2C] init=0 gate=0 whoami=0x140e0 wr=0 wrseen=0x27 addr=0x5a ok=2627 err=0 tmo=0 recov=0 pclk1=200000000 sysclk=400000000
[CLK] cpu=800000000 sysb=400000000 pclk1=200000000
[DRV] init=0 id=7 mode=0x1 lib=0x2 seq=0x1 odc=0x8b sts=0xe0 armed=1
[TRG] pulses=44 suppressed=516 cyc=1600 rst=1 rstmode=0x40
[HLT] polls=90 faults=0x0 cfglost=0
[EFF] n=5 last=58539 min=58539 max=58760 late=0 stuck=0
[DWT] ok=1 cyc=3240276106 cyc_per_ms=799999
[HB] up_ms=96513 frames=4568 inf=4568 hazard=560 canary_err=0 q=0 qovr=0
[I2C] init=0 gate=0 whoami=0x140e0 wr=0 wrseen=0x27 addr=0x5a ok=2629 err=0 tmo=0 recov=0 pclk1=200000000 sysclk=400000000
[CLK] cpu=800000000 sysb=400000000 pclk1=200000000
[DRV] init=0 id=7 mode=0x1 lib=0x2 seq=0x1 odc=0x8b sts=0xe0 armed=1
[TRG] pulses=44 suppressed=516 cyc=1600 rst=1 rstmode=0x40
[HLT] polls=91 faults=0x0 cfglost=0
[EFF] n=5 last=58539 min=58539 max=58760 late=0 stuck=0
[DWT] ok=1 cyc=4077076162 cyc_per_ms=800000
[HB] up_ms=97559 frames=4618 inf=4618 hazard=578 canary_err=0 q=0 qovr=0
[I2C] init=0 gate=0 whoami=0x140e0 wr=0 wrseen=0x27 addr=0x5a ok=2631 err=0 tmo=0 recov=0 pclk1=200000000 sysclk=400000000
[CLK] cpu=800000000 sysb=400000000 pclk1=200000000
[DRV] init=0 id=7 mode=0x1 lib=0x2 seq=0x1 odc=0x8b sts=0xe0 armed=1
[TRG] pulses=46 suppressed=533 cyc=1600 rst=1 rstmode=0x40
[HLT] polls=92 faults=0x0 cfglost=0
[EFF] n=5 last=58539 min=58539 max=58760 late=0 stuck=0
[DWT] ok=1 cyc=618910722 cyc_per_ms=800001
[HB] up_ms=98605 frames=4667 inf=4667 hazard=600 canary_err=0 q=0 qovr=0
[I2C] init=0 gate=0 whoami=0x140e0 wr=0 wrseen=0x27 addr=0x5a ok=2633 err=0 tmo=0 recov=0 pclk1=200000000 sysclk=400000000
[CLK] cpu=800000000 sysb=400000000 pclk1=200000000
[DRV] init=0 id=7 mode=0x1 lib=0x2 seq=0x1 odc=0x8b sts=0xe0 armed=1
[TRG] pulses=47 suppressed=553 cyc=1600 rst=1 rstmode=0x40
[HLT] polls=93 faults=0x0 cfglost=0
[EFF] n=5 last=58539 min=58539 max=58760 late=0 stuck=0
[DWT] ok=1 cyc=1455708822 cyc_per_ms=799998
[HB] up_ms=99651 frames=4717 inf=4717 hazard=600 canary_err=0 q=0 qovr=0
[I2C] init=0 gate=0 whoami=0x140e0 wr=0 wrseen=0x27 addr=0x5a ok=2635 err=0 tmo=0 recov=0 pclk1=200000000 sysclk=400000000
[CLK] cpu=800000000 sysb=400000000 pclk1=200000000
[DRV] init=0 id=7 mode=0x1 lib=0x2 seq=0x1 odc=0x8b sts=0xe0 armed=1
[TRG] pulses=47 suppressed=553 cyc=1600 rst=1 rstmode=0x40
[HLT] polls=94 faults=0x0 cfglost=0
[EFF] n=5 last=58539 min=58539 max=58760 late=0 stuck=0
[DWT] ok=1 cyc=2292508910 cyc_per_ms=800000
[HB] up_ms=100697 frames=4767 inf=4767 hazard=600 canary_err=0 q=0 qovr=0
[I2C] init=0 gate=0 whoami=0x140e0 wr=0 wrseen=0x27 addr=0x5a ok=2637 err=0 tmo=0 recov=0 pclk1=200000000 sysclk=400000000
[CLK] cpu=800000000 sysb=400000000 pclk1=200000000
[DRV] init=0 id=7 mode=0x1 lib=0x2 seq=0x1 odc=0x8b sts=0xe0 armed=1
[TRG] pulses=47 suppressed=553 cyc=1600 rst=1 rstmode=0x40
[HLT] polls=95 faults=0x0 cfglost=0
[EFF] n=5 last=58539 min=58539 max=58760 late=0 stuck=0
[DWT] ok=1 cyc=3129378858 cyc_per_ms=800066
[HB] up_ms=101743 frames=4817 inf=4817 hazard=600 canary_err=0 q=0 qovr=0
[I2C] init=0 gate=0 whoami=0x140e0 wr=0 wrseen=0x27 addr=0x5a ok=2639 err=0 tmo=0 recov=0 pclk1=200000000 sysclk=400000000
[CLK] cpu=800000000 sysb=400000000 pclk1=200000000
[DRV] init=0 id=7 mode=0x1 lib=0x2 seq=0x1 odc=0x8b sts=0xe0 armed=1
[TRG] pulses=47 suppressed=553 cyc=1600 rst=1 rstmode=0x40
[HLT] polls=96 faults=0x0 cfglost=0
[EFF] n=5 last=58539 min=58539 max=58760 late=0 stuck=0
[DWT] ok=1 cyc=3966178814 cyc_per_ms=799999
[HB] up_ms=102789 frames=4867 inf=4867 hazard=600 canary_err=0 q=0 qovr=0
[I2C] init=0 gate=0 whoami=0x140e0 wr=0 wrseen=0x27 addr=0x5a ok=2641 err=0 tmo=0 recov=0 pclk1=200000000 sysclk=400000000
[CLK] cpu=800000000 sysb=400000000 pclk1=200000000
[DRV] init=0 id=7 mode=0x1 lib=0x2 seq=0x1 odc=0x8b sts=0xe0 armed=1
[TRG] pulses=47 suppressed=553 cyc=1600 rst=1 rstmode=0x40
[HLT] polls=97 faults=0x0 cfglost=0
[EFF] n=5 last=58539 min=58539 max=58760 late=0 stuck=0
[DWT] ok=1 cyc=508011570 cyc_per_ms=800000
[HB] up_ms=103835 frames=4916 inf=4916 hazard=600 canary_err=0 q=0 qovr=0
[I2C] init=0 gate=0 whoami=0x140e0 wr=0 wrseen=0x27 addr=0x5a ok=2643 err=0 tmo=0 recov=0 pclk1=200000000 sysclk=400000000
[CLK] cpu=800000000 sysb=400000000 pclk1=200000000
[DRV] init=0 id=7 mode=0x1 lib=0x2 seq=0x1 odc=0x8b sts=0xe0 armed=1
[TRG] pulses=47 suppressed=553 cyc=1600 rst=1 rstmode=0x40
[HLT] polls=98 faults=0x0 cfglost=0
[EFF] n=5 last=58539 min=58539 max=58760 late=0 stuck=0
[DWT] ok=1 cyc=1344811550 cyc_per_ms=799999
[HB] up_ms=104881 frames=4966 inf=4966 hazard=640 canary_err=0 q=0 qovr=0
[I2C] init=0 gate=0 whoami=0x140e0 wr=0 wrseen=0x27 addr=0x5a ok=2645 err=0 tmo=0 recov=0 pclk1=200000000 sysclk=400000000
[CLK] cpu=800000000 sysb=400000000 pclk1=200000000
[DRV] init=0 id=7 mode=0x1 lib=0x2 seq=0x1 odc=0x8b sts=0xe0 armed=1
[TRG] pulses=50 suppressed=590 cyc=1600 rst=1 rstmode=0x40
[HLT] polls=99 faults=0x0 cfglost=0
[EFF] n=5 last=58539 min=58539 max=58760 late=0 stuck=0
[DWT] ok=1 cyc=2181611534 cyc_per_ms=799999
[HB] up_ms=105927 frames=5016 inf=5016 hazard=640 canary_err=0 q=0 qovr=0
[I2C] init=0 gate=0 whoami=0x140e0 wr=0 wrseen=0x27 addr=0x5a ok=2647 err=0 tmo=0 recov=0 pclk1=200000000 sysclk=400000000
[CLK] cpu=800000000 sysb=400000000 pclk1=200000000
[DRV] init=0 id=7 mode=0x1 lib=0x2 seq=0x1 odc=0x8b sts=0xe0 armed=1
[TRG] pulses=50 suppressed=590 cyc=1600 rst=1 rstmode=0x40
[HLT] polls=100 faults=0x0 cfglost=0
[EFF] n=5 last=58539 min=58539 max=58760 late=0 stuck=0
[DWT] ok=1 cyc=3018481582 cyc_per_ms=800066
[HB] up_ms=106973 frames=5066 inf=5066 hazard=640 canary_err=0 q=0 qovr=0
[I2C] init=0 gate=0 whoami=0x140e0 wr=0 wrseen=0x27 addr=0x5a ok=2649 err=0 tmo=0 recov=0 pclk1=200000000 sysclk=400000000
[CLK] cpu=800000000 sysb=400000000 pclk1=200000000
[DRV] init=0 id=7 mode=0x1 lib=0x2 seq=0x1 odc=0x8b sts=0xe0 armed=1
[TRG] pulses=50 suppressed=590 cyc=1600 rst=1 rstmode=0x40
[HLT] polls=101 faults=0x0 cfglost=0
[EFF] n=5 last=58539 min=58539 max=58760 late=0 stuck=0
[DWT] ok=1 cyc=3855281526 cyc_per_ms=799999
[HB] up_ms=108019 frames=5116 inf=5116 hazard=640 canary_err=0 q=0 qovr=0
[I2C] init=0 gate=0 whoami=0x140e0 wr=0 wrseen=0x27 addr=0x5a ok=2651 err=0 tmo=0 recov=0 pclk1=200000000 sysclk=400000000
[CLK] cpu=800000000 sysb=400000000 pclk1=200000000
[DRV] init=0 id=7 mode=0x1 lib=0x2 seq=0x1 odc=0x8b sts=0xe0 armed=1
[TRG] pulses=50 suppressed=590 cyc=1600 rst=1 rstmode=0x40
[HLT] polls=102 faults=0x0 cfglost=0
[EFF] n=5 last=58539 min=58539 max=58760 late=0 stuck=0
[DWT] ok=1 cyc=397114286 cyc_per_ms=800000
[HB] up_ms=109065 frames=5166 inf=5166 hazard=640 canary_err=0 q=0 qovr=0
[I2C] init=0 gate=0 whoami=0x140e0 wr=0 wrseen=0x27 addr=0x5a ok=2653 err=0 tmo=0 recov=0 pclk1=200000000 sysclk=400000000
[CLK] cpu=800000000 sysb=400000000 pclk1=200000000
[DRV] init=0 id=7 mode=0x1 lib=0x2 seq=0x1 odc=0x8b sts=0xe0 armed=1
[TRG] pulses=50 suppressed=590 cyc=1600 rst=1 rstmode=0x40
[HLT] polls=103 faults=0x0 cfglost=0
[EFF] n=5 last=58539 min=58539 max=58760 late=0 stuck=0
[DWT] ok=1 cyc=1233913542 cyc_per_ms=799999
[HB] up_ms=110111 frames=5215 inf=5215 hazard=640 canary_err=0 q=0 qovr=0
[I2C] init=0 gate=0 whoami=0x140e0 wr=0 wrseen=0x27 addr=0x5a ok=2655 err=0 tmo=0 recov=0 pclk1=200000000 sysclk=400000000
[CLK] cpu=800000000 sysb=400000000 pclk1=200000000
[DRV] init=0 id=7 mode=0x1 lib=0x2 seq=0x1 odc=0x8b sts=0xe0 armed=1
[TRG] pulses=50 suppressed=590 cyc=1600 rst=1 rstmode=0x40
[HLT] polls=104 faults=0x0 cfglost=0
[EFF] n=5 last=58539 min=58539 max=58760 late=0 stuck=0
[DWT] ok=1 cyc=2070714234 cyc_per_ms=800000
[HB] up_ms=111157 frames=5265 inf=5265 hazard=665 canary_err=0 q=0 qovr=0
[I2C] init=0 gate=0 whoami=0x140e0 wr=0 wrseen=0x27 addr=0x5a ok=2657 err=0 tmo=0 recov=0 pclk1=200000000 sysclk=400000000
[CLK] cpu=800000000 sysb=400000000 pclk1=200000000
[DRV] init=0 id=7 mode=0x1 lib=0x2 seq=0x1 odc=0x8b sts=0xe0 armed=1
[TRG] pulses=52 suppressed=614 cyc=1600 rst=1 rstmode=0x40
[HLT] polls=105 faults=0x0 cfglost=0
[EFF] n=5 last=58539 min=58539 max=58760 late=0 stuck=0
[DWT] ok=1 cyc=2907516106 cyc_per_ms=800001
[HB] up_ms=112203 frames=5315 inf=5315 hazard=680 canary_err=0 q=0 qovr=0
[I2C] init=0 gate=0 whoami=0x140e0 wr=0 wrseen=0x27 addr=0x5a ok=2659 err=0 tmo=0 recov=0 pclk1=200000000 sysclk=400000000
[CLK] cpu=800000000 sysb=400000000 pclk1=200000000
[DRV] init=0 id=7 mode=0x1 lib=0x2 seq=0x1 odc=0x8b sts=0xe0 armed=1
[TRG] pulses=53 suppressed=627 cyc=1600 rst=1 rstmode=0x40
[HLT] polls=106 faults=0x0 cfglost=0
[EFF] n=5 last=58539 min=58539 max=58760 late=0 stuck=0
[DWT] ok=1 cyc=3744314262 cyc_per_ms=799998
[HB] up_ms=113249 frames=5365 inf=5365 hazard=680 canary_err=0 q=0 qovr=0
[I2C] init=0 gate=0 whoami=0x140e0 wr=0 wrseen=0x27 addr=0x5a ok=2661 err=0 tmo=0 recov=0 pclk1=200000000 sysclk=400000000
[CLK] cpu=800000000 sysb=400000000 pclk1=200000000
[DRV] init=0 id=7 mode=0x1 lib=0x2 seq=0x1 odc=0x8b sts=0xe0 armed=1
[TRG] pulses=53 suppressed=627 cyc=1600 rst=1 rstmode=0x40
[HLT] polls=107 faults=0x0 cfglost=0
[EFF] n=5 last=58539 min=58539 max=58760 late=0 stuck=0
[DWT] ok=1 cyc=286146914 cyc_per_ms=799999
[HB] up_ms=114295 frames=5415 inf=5415 hazard=680 canary_err=0 q=0 qovr=0
[I2C] init=0 gate=0 whoami=0x140e0 wr=0 wrseen=0x27 addr=0x5a ok=2663 err=0 tmo=0 recov=0 pclk1=200000000 sysclk=400000000
[CLK] cpu=800000000 sysb=400000000 pclk1=200000000
[DRV] init=0 id=7 mode=0x1 lib=0x2 seq=0x1 odc=0x8b sts=0xe0 armed=1
[TRG] pulses=53 suppressed=627 cyc=1600 rst=1 rstmode=0x40
[HLT] polls=108 faults=0x0 cfglost=0
[EFF] n=5 last=58539 min=58539 max=58760 late=0 stuck=0
[DWT] ok=1 cyc=1122946946 cyc_per_ms=800000
[HB] up_ms=115341 frames=5464 inf=5464 hazard=680 canary_err=0 q=0 qovr=0
[I2C] init=0 gate=0 whoami=0x140e0 wr=0 wrseen=0x27 addr=0x5a ok=2665 err=0 tmo=0 recov=0 pclk1=200000000 sysclk=400000000
[CLK] cpu=800000000 sysb=400000000 pclk1=200000000
[DRV] init=0 id=7 mode=0x1 lib=0x2 seq=0x1 odc=0x8b sts=0xe0 armed=1
[TRG] pulses=53 suppressed=627 cyc=1600 rst=1 rstmode=0x40
[HLT] polls=109 faults=0x0 cfglost=0
[EFF] n=5 last=58539 min=58539 max=58760 late=0 stuck=0
[DWT] ok=1 cyc=1959746922 cyc_per_ms=799999
[HB] up_ms=116387 frames=5514 inf=5514 hazard=680 canary_err=0 q=0 qovr=0
[I2C] init=0 gate=0 whoami=0x140e0 wr=0 wrseen=0x27 addr=0x5a ok=2667 err=0 tmo=0 recov=0 pclk1=200000000 sysclk=400000000
[CLK] cpu=800000000 sysb=400000000 pclk1=200000000
[DRV] init=0 id=7 mode=0x1 lib=0x2 seq=0x1 odc=0x8b sts=0xe0 armed=1
[TRG] pulses=53 suppressed=627 cyc=1600 rst=1 rstmode=0x40
[HLT] polls=110 faults=0x0 cfglost=0
[EFF] n=5 last=58539 min=58539 max=58760 late=0 stuck=0
[DWT] ok=1 cyc=2796546906 cyc_per_ms=799999
[HB] up_ms=117433 frames=5564 inf=5564 hazard=684 canary_err=0 q=0 qovr=0
[I2C] init=0 gate=0 whoami=0x140e0 wr=0 wrseen=0x27 addr=0x5a ok=2669 err=0 tmo=0 recov=0 pclk1=200000000 sysclk=400000000
[CLK] cpu=800000000 sysb=400000000 pclk1=200000000
[DRV] init=0 id=7 mode=0x1 lib=0x2 seq=0x1 odc=0x8b sts=0xe0 armed=1
[TRG] pulses=54 suppressed=631 cyc=1600 rst=1 rstmode=0x40
[HLT] polls=111 faults=0x0 cfglost=0
[EFF] n=5 last=58539 min=58539 max=58760 late=0 stuck=0
[DWT] ok=1 cyc=3633348794 cyc_per_ms=800001
[HB] up_ms=118479 frames=5614 inf=5614 hazard=720 canary_err=0 q=0 qovr=0
[I2C] init=0 gate=0 whoami=0x140e0 wr=0 wrseen=0x27 addr=0x5a ok=2671 err=0 tmo=0 recov=0 pclk1=200000000 sysclk=400000000
[CLK] cpu=800000000 sysb=400000000 pclk1=200000000
[DRV] init=0 id=7 mode=0x1 lib=0x2 seq=0x1 odc=0x8b sts=0xe0 armed=1
[TRG] pulses=56 suppressed=664 cyc=1600 rst=1 rstmode=0x40
[HLT] polls=112 faults=0x0 cfglost=0
[EFF] n=5 last=58539 min=58539 max=58760 late=0 stuck=0
[DWT] ok=1 cyc=175179610 cyc_per_ms=799998
[HB] up_ms=119525 frames=5664 inf=5664 hazard=720 canary_err=0 q=0 qovr=0
[I2C] init=0 gate=0 whoami=0x140e0 wr=0 wrseen=0x27 addr=0x5a ok=2673 err=0 tmo=0 recov=0 pclk1=200000000 sysclk=400000000
[CLK] cpu=800000000 sysb=400000000 pclk1=200000000
[DRV] init=0 id=7 mode=0x1 lib=0x2 seq=0x1 odc=0x8b sts=0xe0 armed=1
[TRG] pulses=56 suppressed=664 cyc=1600 rst=1 rstmode=0x40
[HLT] polls=113 faults=0x0 cfglost=0
[EFF] n=5 last=58539 min=58539 max=58760 late=0 stuck=0
[DWT] ok=1 cyc=1011979642 cyc_per_ms=800000
[HB] up_ms=120571 frames=5713 inf=5713 hazard=720 canary_err=0 q=0 qovr=0
[I2C] init=0 gate=0 whoami=0x140e0 wr=0 wrseen=0x27 addr=0x5a ok=2675 err=0 tmo=0 recov=0 pclk1=200000000 sysclk=400000000
[CLK] cpu=800000000 sysb=400000000 pclk1=200000000
[DRV] init=0 id=7 mode=0x1 lib=0x2 seq=0x1 odc=0x8b sts=0xe0 armed=1
[TRG] pulses=56 suppressed=664 cyc=1600 rst=1 rstmode=0x40
[HLT] polls=114 faults=0x0 cfglost=0
[EFF] n=5 last=58539 min=58539 max=58760 late=0 stuck=0
[DWT] ok=1 cyc=1848779614 cyc_per_ms=799999
[HB] up_ms=121617 frames=5763 inf=5763 hazard=720 canary_err=0 q=0 qovr=0
[I2C] init=0 gate=0 whoami=0x140e0 wr=0 wrseen=0x27 addr=0x5a ok=2677 err=0 tmo=0 recov=0 pclk1=200000000 sysclk=400000000
[CLK] cpu=800000000 sysb=400000000 pclk1=200000000
[DRV] init=0 id=7 mode=0x1 lib=0x2 seq=0x1 odc=0x8b sts=0xe0 armed=1
[TRG] pulses=56 suppressed=664 cyc=1600 rst=1 rstmode=0x40
[HLT] polls=115 faults=0x0 cfglost=0
[EFF] n=5 last=58539 min=58539 max=58760 late=0 stuck=0
[DWT] ok=1 cyc=2685579702 cyc_per_ms=800000
[HB] up_ms=122663 frames=5813 inf=5813 hazard=720 canary_err=0 q=0 qovr=0
[I2C] init=0 gate=0 whoami=0x140e0 wr=0 wrseen=0x27 addr=0x5a ok=2679 err=0 tmo=0 recov=0 pclk1=200000000 sysclk=400000000
[CLK] cpu=800000000 sysb=400000000 pclk1=200000000
[DRV] init=0 id=7 mode=0x1 lib=0x2 seq=0x1 odc=0x8b sts=0xe0 armed=1
[TRG] pulses=56 suppressed=664 cyc=1600 rst=1 rstmode=0x40
[HLT] polls=116 faults=0x0 cfglost=0
[EFF] n=5 last=58539 min=58539 max=58760 late=0 stuck=0
[DWT] ok=1 cyc=3522379654 cyc_per_ms=799999
[HB] up_ms=123709 frames=5863 inf=5863 hazard=720 canary_err=0 q=0 qovr=0
[I2C] init=0 gate=0 whoami=0x140e0 wr=0 wrseen=0x27 addr=0x5a ok=2681 err=0 tmo=0 recov=0 pclk1=200000000 sysclk=400000000
[CLK] cpu=800000000 sysb=400000000 pclk1=200000000
[DRV] init=0 id=7 mode=0x1 lib=0x2 seq=0x1 odc=0x8b sts=0xe0 armed=1
[TRG] pulses=56 suppressed=664 cyc=1600 rst=1 rstmode=0x40
[HLT] polls=117 faults=0x0 cfglost=0
[EFF] n=5 last=58539 min=58539 max=58760 late=0 stuck=0
[DWT] ok=1 cyc=64212402 cyc_per_ms=800000
[HB] up_ms=124755 frames=5913 inf=5913 hazard=753 canary_err=0 q=0 qovr=0
[I2C] init=0 gate=0 whoami=0x140e0 wr=0 wrseen=0x27 addr=0x5a ok=2683 err=0 tmo=0 recov=0 pclk1=200000000 sysclk=400000000
[CLK] cpu=800000000 sysb=400000000 pclk1=200000000
[DRV] init=0 id=7 mode=0x1 lib=0x2 seq=0x1 odc=0x8b sts=0xe0 armed=1
[TRG] pulses=59 suppressed=695 cyc=1600 rst=1 rstmode=0x40
[HLT] polls=118 faults=0x0 cfglost=0
[EFF] n=5 last=58539 min=58539 max=58760 late=0 stuck=0
[DWT] ok=1 cyc=901014158 cyc_per_ms=800001
[HB] up_ms=125801 frames=5962 inf=5962 hazard=760 canary_err=0 q=0 qovr=0
[I2C] init=0 gate=0 whoami=0x140e0 wr=0 wrseen=0x27 addr=0x5a ok=2685 err=0 tmo=0 recov=0 pclk1=200000000 sysclk=400000000
[CLK] cpu=800000000 sysb=400000000 pclk1=200000000
[DRV] init=0 id=7 mode=0x1 lib=0x2 seq=0x1 odc=0x8b sts=0xe0 armed=1
[TRG] pulses=59 suppressed=701 cyc=1600 rst=1 rstmode=0x40
[HLT] polls=119 faults=0x0 cfglost=0
[EFF] n=5 last=58539 min=58539 max=58760 late=0 stuck=0
[DWT] ok=1 cyc=1737812322 cyc_per_ms=799998
[HB] up_ms=126847 frames=6012 inf=6012 hazard=760 canary_err=0 q=0 qovr=0
[I2C] init=0 gate=0 whoami=0x140e0 wr=0 wrseen=0x27 addr=0x5a ok=2687 err=0 tmo=0 recov=0 pclk1=200000000 sysclk=400000000
[CLK] cpu=800000000 sysb=400000000 pclk1=200000000
[DRV] init=0 id=7 mode=0x1 lib=0x2 seq=0x1 odc=0x8b sts=0xe0 armed=1
[TRG] pulses=59 suppressed=701 cyc=1600 rst=1 rstmode=0x40
[HLT] polls=120 faults=0x0 cfglost=0
[EFF] n=5 last=58539 min=58539 max=58760 late=0 stuck=0
[DWT] ok=1 cyc=2574612406 cyc_per_ms=800000
[HB] up_ms=127893 frames=6062 inf=6062 hazard=760 canary_err=0 q=0 qovr=0
[I2C] init=0 gate=0 whoami=0x140e0 wr=0 wrseen=0x27 addr=0x5a ok=2689 err=0 tmo=0 recov=0 pclk1=200000000 sysclk=400000000
[CLK] cpu=800000000 sysb=400000000 pclk1=200000000
[DRV] init=0 id=7 mode=0x1 lib=0x2 seq=0x1 odc=0x8b sts=0xe0 armed=1
[TRG] pulses=59 suppressed=701 cyc=1600 rst=1 rstmode=0x40
[HLT] polls=121 faults=0x0 cfglost=0
[EFF] n=5 last=58539 min=58539 max=58760 late=0 stuck=0
[DWT] ok=1 cyc=3411412346 cyc_per_ms=799999
[HB] up_ms=128939 frames=6112 inf=6112 hazard=760 canary_err=0 q=0 qovr=0
[I2C] init=0 gate=0 whoami=0x140e0 wr=0 wrseen=0x27 addr=0x5a ok=2691 err=0 tmo=0 recov=0 pclk1=200000000 sysclk=400000000
[CLK] cpu=800000000 sysb=400000000 pclk1=200000000
[DRV] init=0 id=7 mode=0x1 lib=0x2 seq=0x1 odc=0x8b sts=0xe0 armed=1
[TRG] pulses=59 suppressed=701 cyc=1600 rst=1 rstmode=0x40
[HLT] polls=122 faults=0x0 cfglost=0
[EFF] n=5 last=58539 min=58539 max=58760 late=0 stuck=0
[DWT] ok=1 cyc=4248212402 cyc_per_ms=800000
[HB] up_ms=129985 frames=6162 inf=6162 hazard=760 canary_err=0 q=0 qovr=0
[I2C] init=0 gate=0 whoami=0x140e0 wr=0 wrseen=0x27 addr=0x5a ok=2693 err=0 tmo=0 recov=0 pclk1=200000000 sysclk=400000000
[CLK] cpu=800000000 sysb=400000000 pclk1=200000000
[DRV] init=0 id=7 mode=0x1 lib=0x2 seq=0x1 odc=0x8b sts=0xe0 armed=1
[TRG] pulses=59 suppressed=701 cyc=1600 rst=1 rstmode=0x40
[HLT] polls=123 faults=0x0 cfglost=0
[EFF] n=5 last=58539 min=58539 max=58760 late=0 stuck=0
[DWT] ok=1 cyc=790045046 cyc_per_ms=799999
[HB] up_ms=131031 frames=6212 inf=6212 hazard=772 canary_err=0 q=0 qovr=0
[I2C] init=0 gate=0 whoami=0x140e0 wr=0 wrseen=0x27 addr=0x5a ok=2695 err=0 tmo=0 recov=0 pclk1=200000000 sysclk=400000000
[CLK] cpu=800000000 sysb=400000000 pclk1=200000000
[DRV] init=0 id=7 mode=0x1 lib=0x2 seq=0x1 odc=0x8b sts=0xe0 armed=1
[TRG] pulses=60 suppressed=713 cyc=1600 rst=1 rstmode=0x40
[HLT] polls=124 faults=0x0 cfglost=0
[EFF] n=5 last=58539 min=58539 max=58760 late=0 stuck=0
[DWT] ok=1 cyc=1626846286 cyc_per_ms=800001
[HB] up_ms=132077 frames=6261 inf=6261 hazard=800 canary_err=0 q=0 qovr=0
[I2C] init=0 gate=0 whoami=0x140e0 wr=0 wrseen=0x27 addr=0x5a ok=2697 err=0 tmo=0 recov=0 pclk1=200000000 sysclk=400000000
[CLK] cpu=800000000 sysb=400000000 pclk1=200000000
[DRV] init=0 id=7 mode=0x1 lib=0x2 seq=0x1 odc=0x8b sts=0xe0 armed=1
[TRG] pulses=62 suppressed=738 cyc=1600 rst=1 rstmode=0x40
[HLT] polls=125 faults=0x0 cfglost=0
[EFF] n=5 last=58539 min=58539 max=58760 late=0 stuck=0
[DWT] ok=1 cyc=2463645042 cyc_per_ms=799998
[HB] up_ms=133123 frames=6311 inf=6311 hazard=800 canary_err=0 q=0 qovr=0
[I2C] init=0 gate=0 whoami=0x140e0 wr=0 wrseen=0x27 addr=0x5a ok=2699 err=0 tmo=0 recov=0 pclk1=200000000 sysclk=400000000
[CLK] cpu=800000000 sysb=400000000 pclk1=200000000
[DRV] init=0 id=7 mode=0x1 lib=0x2 seq=0x1 odc=0x8b sts=0xe0 armed=1
[TRG] pulses=62 suppressed=738 cyc=1600 rst=1 rstmode=0x40
[HLT] polls=126 faults=0x0 cfglost=0
[EFF] n=5 last=58539 min=58539 max=58760 late=0 stuck=0
[DWT] ok=1 cyc=3300445078 cyc_per_ms=800000
[HB] up_ms=134169 frames=6361 inf=6361 hazard=800 canary_err=0 q=0 qovr=0
[I2C] init=0 gate=0 whoami=0x140e0 wr=0 wrseen=0x27 addr=0x5a ok=2701 err=0 tmo=0 recov=0 pclk1=200000000 sysclk=400000000
[CLK] cpu=800000000 sysb=400000000 pclk1=200000000
[DRV] init=0 id=7 mode=0x1 lib=0x2 seq=0x1 odc=0x8b sts=0xe0 armed=1
[TRG] pulses=62 suppressed=738 cyc=1600 rst=1 rstmode=0x40
[HLT] polls=127 faults=0x0 cfglost=0
[EFF] n=5 last=58539 min=58539 max=58760 late=0 stuck=0
[DWT] ok=1 cyc=4137245018 cyc_per_ms=799999
[HB] up_ms=135215 frames=6411 inf=6411 hazard=800 canary_err=0 q=0 qovr=0
[I2C] init=0 gate=0 whoami=0x140e0 wr=0 wrseen=0x27 addr=0x5a ok=2703 err=0 tmo=0 recov=0 pclk1=200000000 sysclk=400000000
[CLK] cpu=800000000 sysb=400000000 pclk1=200000000
[DRV] init=0 id=7 mode=0x1 lib=0x2 seq=0x1 odc=0x8b sts=0xe0 armed=1
[TRG] pulses=62 suppressed=738 cyc=1600 rst=1 rstmode=0x40
[HLT] polls=128 faults=0x0 cfglost=0
[EFF] n=5 last=58539 min=58539 max=58760 late=0 stuck=0
[DWT] ok=1 cyc=679077782 cyc_per_ms=800000
[HB] up_ms=136261 frames=6461 inf=6461 hazard=800 canary_err=0 q=0 qovr=0
[I2C] init=0 gate=0 whoami=0x140e0 wr=0 wrseen=0x27 addr=0x5a ok=2705 err=0 tmo=0 recov=0 pclk1=200000000 sysclk=400000000
[CLK] cpu=800000000 sysb=400000000 pclk1=200000000
[DRV] init=0 id=7 mode=0x1 lib=0x2 seq=0x1 odc=0x8b sts=0xe0 armed=1
[TRG] pulses=62 suppressed=738 cyc=1600 rst=1 rstmode=0x40
[HLT] polls=129 faults=0x0 cfglost=0
[EFF] n=5 last=58539 min=58539 max=58760 late=0 stuck=0
[DWT] ok=1 cyc=1515877734 cyc_per_ms=799999
[HB] up_ms=137307 frames=6510 inf=6510 hazard=800 canary_err=0 q=0 qovr=0
[I2C] init=0 gate=0 whoami=0x140e0 wr=0 wrseen=0x27 addr=0x5a ok=2707 err=0 tmo=0 recov=0 pclk1=200000000 sysclk=400000000
[CLK] cpu=800000000 sysb=400000000 pclk1=200000000
[DRV] init=0 id=7 mode=0x1 lib=0x2 seq=0x1 odc=0x8b sts=0xe0 armed=1
[TRG] pulses=62 suppressed=738 cyc=1600 rst=1 rstmode=0x40
[HLT] polls=130 faults=0x0 cfglost=0
[EFF] n=5 last=58539 min=58539 max=58760 late=0 stuck=0
[DWT] ok=1 cyc=2352677714 cyc_per_ms=799999
[HB] up_ms=138353 frames=6560 inf=6560 hazard=840 canary_err=0 q=0 qovr=0
[I2C] init=0 gate=0 whoami=0x140e0 wr=0 wrseen=0x27 addr=0x5a ok=2709 err=0 tmo=0 recov=0 pclk1=200000000 sysclk=400000000
[CLK] cpu=800000000 sysb=400000000 pclk1=200000000
[DRV] init=0 id=7 mode=0x1 lib=0x2 seq=0x1 odc=0x8b sts=0xe0 armed=1
[TRG] pulses=65 suppressed=775 cyc=1600 rst=1 rstmode=0x40
[HLT] polls=131 faults=0x0 cfglost=0
[EFF] n=5 last=58539 min=58539 max=58760 late=0 stuck=0
[DWT] ok=1 cyc=3189477798 cyc_per_ms=800000
[HB] up_ms=139399 frames=6610 inf=6610 hazard=840 canary_err=0 q=0 qovr=0
[I2C] init=0 gate=0 whoami=0x140e0 wr=0 wrseen=0x27 addr=0x5a ok=2711 err=0 tmo=0 recov=0 pclk1=200000000 sysclk=400000000
[CLK] cpu=800000000 sysb=400000000 pclk1=200000000
[DRV] init=0 id=7 mode=0x1 lib=0x2 seq=0x1 odc=0x8b sts=0xe0 armed=1
[TRG] pulses=65 suppressed=775 cyc=1600 rst=1 rstmode=0x40
[HLT] polls=132 faults=0x0 cfglost=0
[EFF] n=5 last=58539 min=58539 max=58760 late=0 stuck=0
[DWT] ok=1 cyc=4026277754 cyc_per_ms=799999
[HB] up_ms=140445 frames=6660 inf=6660 hazard=840 canary_err=0 q=0 qovr=0
[I2C] init=0 gate=0 whoami=0x140e0 wr=0 wrseen=0x27 addr=0x5a ok=2713 err=0 tmo=0 recov=0 pclk1=200000000 sysclk=400000000
[CLK] cpu=800000000 sysb=400000000 pclk1=200000000
[DRV] init=0 id=7 mode=0x1 lib=0x2 seq=0x1 odc=0x8b sts=0xe0 armed=1
[TRG] pulses=65 suppressed=775 cyc=1600 rst=1 rstmode=0x40
[HLT] polls=133 faults=0x0 cfglost=0
[EFF] n=5 last=58539 min=58539 max=58760 late=0 stuck=0
[DWT] ok=1 cyc=568110514 cyc_per_ms=800000
[HB] up_ms=141491 frames=6710 inf=6710 hazard=840 canary_err=0 q=0 qovr=0
[I2C] init=0 gate=0 whoami=0x140e0 wr=0 wrseen=0x27 addr=0x5a ok=2715 err=0 tmo=0 recov=0 pclk1=200000000 sysclk=400000000
[CLK] cpu=800000000 sysb=400000000 pclk1=200000000
[DRV] init=0 id=7 mode=0x1 lib=0x2 seq=0x1 odc=0x8b sts=0xe0 armed=1
[TRG] pulses=65 suppressed=775 cyc=1600 rst=1 rstmode=0x40
[HLT] polls=134 faults=0x0 cfglost=0
[EFF] n=5 last=58539 min=58539 max=58760 late=0 stuck=0
[DWT] ok=1 cyc=1404910458 cyc_per_ms=799999
[HB] up_ms=142537 frames=6759 inf=6759 hazard=840 canary_err=0 q=0 qovr=0
[I2C] init=0 gate=0 whoami=0x140e0 wr=0 wrseen=0x27 addr=0x5a ok=2717 err=0 tmo=0 recov=0 pclk1=200000000 sysclk=400000000
[CLK] cpu=800000000 sysb=400000000 pclk1=200000000
[DRV] init=0 id=7 mode=0x1 lib=0x2 seq=0x1 odc=0x8b sts=0xe0 armed=1
[TRG] pulses=65 suppressed=775 cyc=1600 rst=1 rstmode=0x40
[HLT] polls=135 faults=0x0 cfglost=0
[EFF] n=5 last=58539 min=58539 max=58760 late=0 stuck=0
[DWT] ok=1 cyc=2241710446 cyc_per_ms=799999
[HB] up_ms=143583 frames=6809 inf=6809 hazard=840 canary_err=0 q=0 qovr=0
[I2C] init=0 gate=0 whoami=0x140e0 wr=0 wrseen=0x27 addr=0x5a ok=2719 err=0 tmo=0 recov=0 pclk1=200000000 sysclk=400000000
[CLK] cpu=800000000 sysb=400000000 pclk1=200000000
[DRV] init=0 id=7 mode=0x1 lib=0x2 seq=0x1 odc=0x8b sts=0xe0 armed=1
[TRG] pulses=65 suppressed=775 cyc=1600 rst=1 rstmode=0x40
[HLT] polls=136 faults=0x0 cfglost=0
[EFF] n=5 last=58539 min=58539 max=58760 late=0 stuck=0
[DWT] ok=1 cyc=3078510430 cyc_per_ms=799999
[HB] up_ms=144629 frames=6859 inf=6859 hazard=859 canary_err=0 q=0 qovr=0
[I2C] init=0 gate=0 whoami=0x140e0 wr=0 wrseen=0x27 addr=0x5a ok=2721 err=0 tmo=0 recov=0 pclk1=200000000 sysclk=400000000
[CLK] cpu=800000000 sysb=400000000 pclk1=200000000
[DRV] init=0 id=7 mode=0x1 lib=0x2 seq=0x1 odc=0x8b sts=0xe0 armed=1
[TRG] pulses=67 suppressed=793 cyc=1600 rst=1 rstmode=0x40
[HLT] polls=137 faults=0x0 cfglost=0
[EFF] n=5 last=58539 min=58539 max=58760 late=0 stuck=0
[DWT] ok=1 cyc=3915312258 cyc_per_ms=800001
[HB] up_ms=145675 frames=6909 inf=6909 hazard=880 canary_err=0 q=0 qovr=0
[I2C] init=0 gate=0 whoami=0x140e0 wr=0 wrseen=0x27 addr=0x5a ok=2723 err=0 tmo=0 recov=0 pclk1=200000000 sysclk=400000000
[CLK] cpu=800000000 sysb=400000000 pclk1=200000000
[DRV] init=0 id=7 mode=0x1 lib=0x2 seq=0x1 odc=0x8b sts=0xe0 armed=1
[TRG] pulses=68 suppressed=812 cyc=1600 rst=1 rstmode=0x40
[HLT] polls=138 faults=0x0 cfglost=0
[EFF] n=5 last=58539 min=58539 max=58760 late=0 stuck=0
[DWT] ok=1 cyc=457143158 cyc_per_ms=799998
[HB] up_ms=146721 frames=6959 inf=6959 hazard=880 canary_err=0 q=0 qovr=0
[I2C] init=0 gate=0 whoami=0x140e0 wr=0 wrseen=0x27 addr=0x5a ok=2725 err=0 tmo=0 recov=0 pclk1=200000000 sysclk=400000000
[CLK] cpu=800000000 sysb=400000000 pclk1=200000000
[DRV] init=0 id=7 mode=0x1 lib=0x2 seq=0x1 odc=0x8b sts=0xe0 armed=1
[TRG] pulses=68 suppressed=812 cyc=1600 rst=1 rstmode=0x40
[HLT] polls=139 faults=0x0 cfglost=0
[EFF] n=5 last=58539 min=58539 max=58760 late=0 stuck=0
[DWT] ok=1 cyc=1293943202 cyc_per_ms=800000
[HB] up_ms=147767 frames=7008 inf=7008 hazard=880 canary_err=0 q=0 qovr=0
[I2C] init=0 gate=0 whoami=0x140e0 wr=0 wrseen=0x27 addr=0x5a ok=2727 err=0 tmo=0 recov=0 pclk1=200000000 sysclk=400000000
[CLK] cpu=800000000 sysb=400000000 pclk1=200000000
[DRV] init=0 id=7 mode=0x1 lib=0x2 seq=0x1 odc=0x8b sts=0xe0 armed=1
[TRG] pulses=68 suppressed=812 cyc=1600 rst=1 rstmode=0x40
[HLT] polls=140 faults=0x0 cfglost=0
[EFF] n=5 last=58539 min=58539 max=58760 late=0 stuck=0
[DWT] ok=1 cyc=2130743182 cyc_per_ms=799999
[HB] up_ms=148813 frames=7058 inf=7058 hazard=880 canary_err=0 q=0 qovr=0
[I2C] init=0 gate=0 whoami=0x140e0 wr=0 wrseen=0x27 addr=0x5a ok=2729 err=0 tmo=0 recov=0 pclk1=200000000 sysclk=400000000
[CLK] cpu=800000000 sysb=400000000 pclk1=200000000
[DRV] init=0 id=7 mode=0x1 lib=0x2 seq=0x1 odc=0x8b sts=0xe0 armed=1
[TRG] pulses=68 suppressed=812 cyc=1600 rst=1 rstmode=0x40
[HLT] polls=141 faults=0x0 cfglost=0
[EFF] n=5 last=58539 min=58539 max=58760 late=0 stuck=0
[DWT] ok=1 cyc=2967543166 cyc_per_ms=799999
[HB] up_ms=149859 frames=7108 inf=7108 hazard=880 canary_err=0 q=0 qovr=0
[I2C] init=0 gate=0 whoami=0x140e0 wr=0 wrseen=0x27 addr=0x5a ok=2731 err=0 tmo=0 recov=0 pclk1=200000000 sysclk=400000000
[CLK] cpu=800000000 sysb=400000000 pclk1=200000000
[DRV] init=0 id=7 mode=0x1 lib=0x2 seq=0x1 odc=0x8b sts=0xe0 armed=1
[TRG] pulses=68 suppressed=812 cyc=1600 rst=1 rstmode=0x40
[HLT] polls=142 faults=0x0 cfglost=0
[EFF] n=5 last=58539 min=58539 max=58760 late=0 stuck=0
[DWT] ok=1 cyc=3804343214 cyc_per_ms=800000
[HB] up_ms=150905 frames=7158 inf=7158 hazard=880 canary_err=0 q=0 qovr=0
[I2C] init=0 gate=0 whoami=0x140e0 wr=0 wrseen=0x27 addr=0x5a ok=2733 err=0 tmo=0 recov=0 pclk1=200000000 sysclk=400000000
[CLK] cpu=800000000 sysb=400000000 pclk1=200000000
[DRV] init=0 id=7 mode=0x1 lib=0x2 seq=0x1 odc=0x8b sts=0xe0 armed=1
[TRG] pulses=68 suppressed=812 cyc=1600 rst=1 rstmode=0x40
[HLT] polls=143 faults=0x0 cfglost=0
[EFF] n=5 last=58539 min=58539 max=58760 late=0 stuck=0
[DWT] ok=1 cyc=346175850 cyc_per_ms=799999
[HB] up_ms=151951 frames=7208 inf=7208 hazard=920 canary_err=0 q=0 qovr=0
[I2C] init=0 gate=0 whoami=0x140e0 wr=0 wrseen=0x27 addr=0x5a ok=2735 err=0 tmo=0 recov=0 pclk1=200000000 sysclk=400000000
[CLK] cpu=800000000 sysb=400000000 pclk1=200000000
[DRV] init=0 id=7 mode=0x1 lib=0x2 seq=0x1 odc=0x8b sts=0xe0 armed=1
[TRG] pulses=71 suppressed=849 cyc=1600 rst=1 rstmode=0x40
[HLT] polls=144 faults=0x0 cfglost=0
[EFF] n=5 last=58539 min=58539 max=58760 late=0 stuck=0
[DWT] ok=1 cyc=1182975894 cyc_per_ms=800000
[HB] up_ms=152997 frames=7258 inf=7258 hazard=920 canary_err=0 q=0 qovr=0
[I2C] init=0 gate=0 whoami=0x140e0 wr=0 wrseen=0x27 addr=0x5a ok=2737 err=0 tmo=0 recov=0 pclk1=200000000 sysclk=400000000
[CLK] cpu=800000000 sysb=400000000 pclk1=200000000
[DRV] init=0 id=7 mode=0x1 lib=0x2 seq=0x1 odc=0x8b sts=0xe0 armed=1
[TRG] pulses=71 suppressed=849 cyc=1600 rst=1 rstmode=0x40
[HLT] polls=145 faults=0x0 cfglost=0
[EFF] n=5 last=58539 min=58539 max=58760 late=0 stuck=0
[DWT] ok=1 cyc=2019775162 cyc_per_ms=799999
[HB] up_ms=154043 frames=7307 inf=7307 hazard=920 canary_err=0 q=0 qovr=0
[I2C] init=0 gate=0 whoami=0x140e0 wr=0 wrseen=0x27 addr=0x5a ok=2739 err=0 tmo=0 recov=0 pclk1=200000000 sysclk=400000000
[CLK] cpu=800000000 sysb=400000000 pclk1=200000000
[DRV] init=0 id=7 mode=0x1 lib=0x2 seq=0x1 odc=0x8b sts=0xe0 armed=1
[TRG] pulses=71 suppressed=849 cyc=1600 rst=1 rstmode=0x40
[HLT] polls=146 faults=0x0 cfglost=0
[EFF] n=5 last=58539 min=58539 max=58760 late=0 stuck=0
[DWT] ok=1 cyc=2856575866 cyc_per_ms=800000
[HB] up_ms=155089 frames=7357 inf=7357 hazard=920 canary_err=0 q=0 qovr=0
[I2C] init=0 gate=0 whoami=0x140e0 wr=0 wrseen=0x27 addr=0x5a ok=2741 err=0 tmo=0 recov=0 pclk1=200000000 sysclk=400000000
[CLK] cpu=800000000 sysb=400000000 pclk1=200000000
[DRV] init=0 id=7 mode=0x1 lib=0x2 seq=0x1 odc=0x8b sts=0xe0 armed=1
[TRG] pulses=71 suppressed=849 cyc=1600 rst=1 rstmode=0x40
[HLT] polls=147 faults=0x0 cfglost=0
[EFF] n=5 last=58539 min=58539 max=58760 late=0 stuck=0
[DWT] ok=1 cyc=3693375918 cyc_per_ms=800000
[HB] up_ms=156135 frames=7407 inf=7407 hazard=920 canary_err=0 q=0 qovr=0
[I2C] init=0 gate=0 whoami=0x140e0 wr=0 wrseen=0x27 addr=0x5a ok=2743 err=0 tmo=0 recov=0 pclk1=200000000 sysclk=400000000
[CLK] cpu=800000000 sysb=400000000 pclk1=200000000
[DRV] init=0 id=7 mode=0x1 lib=0x2 seq=0x1 odc=0x8b sts=0xe0 armed=1
[TRG] pulses=71 suppressed=849 cyc=1600 rst=1 rstmode=0x40
[HLT] polls=148 faults=0x0 cfglost=0
[EFF] n=5 last=58539 min=58539 max=58760 late=0 stuck=0
[DWT] ok=1 cyc=235208570 cyc_per_ms=799999
[HB] up_ms=157181 frames=7457 inf=7457 hazard=920 canary_err=0 q=0 qovr=0
[I2C] init=0 gate=0 whoami=0x140e0 wr=0 wrseen=0x27 addr=0x5a ok=2745 err=0 tmo=0 recov=0 pclk1=200000000 sysclk=400000000
[CLK] cpu=800000000 sysb=400000000 pclk1=200000000
[DRV] init=0 id=7 mode=0x1 lib=0x2 seq=0x1 odc=0x8b sts=0xe0 armed=1
[TRG] pulses=71 suppressed=849 cyc=1600 rst=1 rstmode=0x40
[HLT] polls=149 faults=0x0 cfglost=0
[EFF] n=5 last=58539 min=58539 max=58760 late=0 stuck=0
[DWT] ok=1 cyc=1072008622 cyc_per_ms=800000
[HB] up_ms=158227 frames=7507 inf=7507 hazard=947 canary_err=0 q=0 qovr=0
[I2C] init=0 gate=0 whoami=0x140e0 wr=0 wrseen=0x27 addr=0x5a ok=2747 err=0 tmo=0 recov=0 pclk1=200000000 sysclk=400000000
[CLK] cpu=800000000 sysb=400000000 pclk1=200000000
[DRV] init=0 id=7 mode=0x1 lib=0x2 seq=0x1 odc=0x8b sts=0xe0 armed=1
[TRG] pulses=73 suppressed=875 cyc=1600 rst=1 rstmode=0x40
[HLT] polls=150 faults=0x0 cfglost=0
[EFF] n=5 last=58539 min=58539 max=58760 late=0 stuck=0
[DWT] ok=1 cyc=1908812842 cyc_per_ms=800004
[HB] up_ms=159273 frames=7556 inf=7556 hazard=960 canary_err=0 q=0 qovr=0
[I2C] init=0 gate=0 whoami=0x140e0 wr=0 wrseen=0x27 addr=0x5a ok=2749 err=0 tmo=0 recov=0 pclk1=200000000 sysclk=400000000
[CLK] cpu=800000000 sysb=400000000 pclk1=200000000
[DRV] init=0 id=7 mode=0x1 lib=0x2 seq=0x1 odc=0x8b sts=0xe0 armed=1
[TRG] pulses=74 suppressed=886 cyc=1600 rst=1 rstmode=0x40
[HLT] polls=151 faults=0x0 cfglost=0
[EFF] n=5 last=58539 min=58539 max=58760 late=0 stuck=0
[DWT] ok=1 cyc=2745608562 cyc_per_ms=799995
[HB] up_ms=160319 frames=7606 inf=7606 hazard=960 canary_err=0 q=0 qovr=0
[I2C] init=0 gate=0 whoami=0x140e0 wr=0 wrseen=0x27 addr=0x5a ok=2751 err=0 tmo=0 recov=0 pclk1=200000000 sysclk=400000000
[CLK] cpu=800000000 sysb=400000000 pclk1=200000000
[DRV] init=0 id=7 mode=0x1 lib=0x2 seq=0x1 odc=0x8b sts=0xe0 armed=1
[TRG] pulses=74 suppressed=886 cyc=1600 rst=1 rstmode=0x40
[HLT] polls=152 faults=0x0 cfglost=0
[EFF] n=5 last=58539 min=58539 max=58760 late=0 stuck=0
[DWT] ok=1 cyc=3582408546 cyc_per_ms=799999
[HB] up_ms=161365 frames=7656 inf=7656 hazard=960 canary_err=0 q=0 qovr=0
[I2C] init=0 gate=0 whoami=0x140e0 wr=0 wrseen=0x27 addr=0x5a ok=2753 err=0 tmo=0 recov=0 pclk1=200000000 sysclk=400000000
[CLK] cpu=800000000 sysb=400000000 pclk1=200000000
[DRV] init=0 id=7 mode=0x1 lib=0x2 seq=0x1 odc=0x8b sts=0xe0 armed=1
[TRG] pulses=74 suppressed=886 cyc=1600 rst=1 rstmode=0x40
[HLT] polls=153 faults=0x0 cfglost=0
[EFF] n=5 last=58539 min=58539 max=58760 late=0 stuck=0
[DWT] ok=1 cyc=124241294 cyc_per_ms=800000
[HB] up_ms=162411 frames=7706 inf=7706 hazard=960 canary_err=0 q=0 qovr=0
[I2C] init=0 gate=0 whoami=0x140e0 wr=0 wrseen=0x27 addr=0x5a ok=2755 err=0 tmo=0 recov=0 pclk1=200000000 sysclk=400000000
[CLK] cpu=800000000 sysb=400000000 pclk1=200000000
[DRV] init=0 id=7 mode=0x1 lib=0x2 seq=0x1 odc=0x8b sts=0xe0 armed=1
[TRG] pulses=74 suppressed=886 cyc=1600 rst=1 rstmode=0x40
[HLT] polls=154 faults=0x0 cfglost=0
[EFF] n=5 last=58539 min=58539 max=58760 late=0 stuck=0
[DWT] ok=1 cyc=961041330 cyc_per_ms=800000
[HB] up_ms=163457 frames=7756 inf=7756 hazard=960 canary_err=0 q=0 qovr=0
[I2C] init=0 gate=0 whoami=0x140e0 wr=0 wrseen=0x27 addr=0x5a ok=2757 err=0 tmo=0 recov=0 pclk1=200000000 sysclk=400000000
[CLK] cpu=800000000 sysb=400000000 pclk1=200000000
[DRV] init=0 id=7 mode=0x1 lib=0x2 seq=0x1 odc=0x8b sts=0xe0 armed=1
[TRG] pulses=74 suppressed=886 cyc=1600 rst=1 rstmode=0x40
[HLT] polls=155 faults=0x0 cfglost=0
[EFF] n=5 last=58539 min=58539 max=58760 late=0 stuck=0
[DWT] ok=1 cyc=1797841274 cyc_per_ms=799999
[HB] up_ms=164503 frames=7805 inf=7805 hazard=965 canary_err=0 q=0 qovr=0
[I2C] init=0 gate=0 whoami=0x140e0 wr=0 wrseen=0x27 addr=0x5a ok=2759 err=0 tmo=0 recov=0 pclk1=200000000 sysclk=400000000
[CLK] cpu=800000000 sysb=400000000 pclk1=200000000
[DRV] init=0 id=7 mode=0x1 lib=0x2 seq=0x1 odc=0x8b sts=0xe0 armed=1
[TRG] pulses=75 suppressed=892 cyc=1600 rst=1 rstmode=0x40
[HLT] polls=156 faults=0x0 cfglost=0
[EFF] n=5 last=58539 min=58539 max=58760 late=0 stuck=0
[DWT] ok=1 cyc=2634643074 cyc_per_ms=800001
[HB] up_ms=165549 frames=7855 inf=7855 hazard=1000 canary_err=0 q=0 qovr=0
[I2C] init=0 gate=0 whoami=0x140e0 wr=0 wrseen=0x27 addr=0x5a ok=2761 err=0 tmo=0 recov=0 pclk1=200000000 sysclk=400000000
[CLK] cpu=800000000 sysb=400000000 pclk1=200000000
[DRV] init=0 id=7 mode=0x1 lib=0x2 seq=0x1 odc=0x8b sts=0xe0 armed=1
[TRG] pulses=77 suppressed=923 cyc=1600 rst=1 rstmode=0x40
[HLT] polls=157 faults=0x0 cfglost=0
[EFF] n=5 last=58539 min=58539 max=58760 late=0 stuck=0
[DWT] ok=1 cyc=3471511234 cyc_per_ms=800065
[HB] up_ms=166595 frames=7905 inf=7905 hazard=1000 canary_err=0 q=0 qovr=0
[I2C] init=0 gate=0 whoami=0x140e0 wr=0 wrseen=0x27 addr=0x5a ok=2763 err=0 tmo=0 recov=0 pclk1=200000000 sysclk=400000000
[CLK] cpu=800000000 sysb=400000000 pclk1=200000000
[DRV] init=0 id=7 mode=0x1 lib=0x2 seq=0x1 odc=0x8b sts=0xe0 armed=1
[TRG] pulses=77 suppressed=923 cyc=1600 rst=1 rstmode=0x40
[HLT] polls=158 faults=0x0 cfglost=0
[EFF] n=5 last=58539 min=58539 max=58760 late=0 stuck=0
[DWT] ok=1 cyc=13343986 cyc_per_ms=800000
[HB] up_ms=167641 frames=7955 inf=7955 hazard=1000 canary_err=0 q=0 qovr=0
[I2C] init=0 gate=0 whoami=0x140e0 wr=0 wrseen=0x27 addr=0x5a ok=2765 err=0 tmo=0 recov=0 pclk1=200000000 sysclk=400000000
[CLK] cpu=800000000 sysb=400000000 pclk1=200000000
[DRV] init=0 id=7 mode=0x1 lib=0x2 seq=0x1 odc=0x8b sts=0xe0 armed=1
[TRG] pulses=77 suppressed=923 cyc=1600 rst=1 rstmode=0x40
[HLT] polls=159 faults=0x0 cfglost=0
[EFF] n=5 last=58539 min=58539 max=58760 late=0 stuck=0
[DWT] ok=1 cyc=850144022 cyc_per_ms=800000
[HB] up_ms=168687 frames=8005 inf=8005 hazard=1000 canary_err=0 q=0 qovr=0
[I2C] init=0 gate=0 whoami=0x140e0 wr=0 wrseen=0x27 addr=0x5a ok=2767 err=0 tmo=0 recov=0 pclk1=200000000 sysclk=400000000
[CLK] cpu=800000000 sysb=400000000 pclk1=200000000
[DRV] init=0 id=7 mode=0x1 lib=0x2 seq=0x1 odc=0x8b sts=0xe0 armed=1
[TRG] pulses=77 suppressed=923 cyc=1600 rst=1 rstmode=0x40
[HLT] polls=160 faults=0x0 cfglost=0
[EFF] n=5 last=58539 min=58539 max=58760 late=0 stuck=0
[DWT] ok=1 cyc=1686943958 cyc_per_ms=799999
[HB] up_ms=169733 frames=8054 inf=8054 hazard=1000 canary_err=0 q=0 qovr=0
[I2C] init=0 gate=0 whoami=0x140e0 wr=0 wrseen=0x27 addr=0x5a ok=2769 err=0 tmo=0 recov=0 pclk1=200000000 sysclk=400000000
[CLK] cpu=800000000 sysb=400000000 pclk1=200000000
[DRV] init=0 id=7 mode=0x1 lib=0x2 seq=0x1 odc=0x8b sts=0xe0 armed=1
[TRG] pulses=77 suppressed=923 cyc=1600 rst=1 rstmode=0x40
[HLT] polls=161 faults=0x0 cfglost=0
[EFF] n=5 last=58539 min=58539 max=58760 late=0 stuck=0
[DWT] ok=1 cyc=2523744026 cyc_per_ms=800000
[HB] up_ms=170779 frames=8104 inf=8104 hazard=1000 canary_err=0 q=0 qovr=0
[I2C] init=0 gate=0 whoami=0x140e0 wr=0 wrseen=0x27 addr=0x5a ok=2771 err=0 tmo=0 recov=0 pclk1=200000000 sysclk=400000000
[CLK] cpu=800000000 sysb=400000000 pclk1=200000000
[DRV] init=0 id=7 mode=0x1 lib=0x2 seq=0x1 odc=0x8b sts=0xe0 armed=1
[TRG] pulses=77 suppressed=923 cyc=1600 rst=1 rstmode=0x40
[HLT] polls=162 faults=0x0 cfglost=0
[EFF] n=5 last=58539 min=58539 max=58760 late=0 stuck=0
[DWT] ok=1 cyc=3360544002 cyc_per_ms=799999
[HB] up_ms=171825 frames=8154 inf=8154 hazard=1034 canary_err=0 q=0 qovr=0
[I2C] init=0 gate=0 whoami=0x140e0 wr=0 wrseen=0x27 addr=0x5a ok=2773 err=0 tmo=0 recov=0 pclk1=200000000 sysclk=400000000
[CLK] cpu=800000000 sysb=400000000 pclk1=200000000
[DRV] init=0 id=7 mode=0x1 lib=0x2 seq=0x1 odc=0x8b sts=0xe0 armed=1
[TRG] pulses=80 suppressed=955 cyc=1600 rst=1 rstmode=0x40
[HLT] polls=163 faults=0x0 cfglost=0
[EFF] n=5 last=58539 min=58539 max=58760 late=0 stuck=0
[DWT] ok=1 cyc=4197345838 cyc_per_ms=800001
[HB] up_ms=172871 frames=8204 inf=8204 hazard=1040 canary_err=0 q=0 qovr=0
[I2C] init=0 gate=0 whoami=0x140e0 wr=0 wrseen=0x27 addr=0x5a ok=2775 err=0 tmo=0 recov=0 pclk1=200000000 sysclk=400000000
[CLK] cpu=800000000 sysb=400000000 pclk1=200000000
[DRV] init=0 id=7 mode=0x1 lib=0x2 seq=0x1 odc=0x8b sts=0xe0 armed=1
[TRG] pulses=80 suppressed=960 cyc=1600 rst=1 rstmode=0x40
[HLT] polls=164 faults=0x0 cfglost=0
[EFF] n=5 last=58539 min=58539 max=58760 late=0 stuck=0
[DWT] ok=1 cyc=739176706 cyc_per_ms=799998
[HB] up_ms=173917 frames=8254 inf=8254 hazard=1040 canary_err=0 q=0 qovr=0
[I2C] init=0 gate=0 whoami=0x140e0 wr=0 wrseen=0x27 addr=0x5a ok=2777 err=0 tmo=0 recov=0 pclk1=200000000 sysclk=400000000
[CLK] cpu=800000000 sysb=400000000 pclk1=200000000
[DRV] init=0 id=7 mode=0x1 lib=0x2 seq=0x1 odc=0x8b sts=0xe0 armed=1
[TRG] pulses=80 suppressed=960 cyc=1600 rst=1 rstmode=0x40
[HLT] polls=165 faults=0x0 cfglost=0
[EFF] n=5 last=58539 min=58539 max=58760 late=0 stuck=0
[DWT] ok=1 cyc=1575976650 cyc_per_ms=799999
[HB] up_ms=174963 frames=8304 inf=8304 hazard=1040 canary_err=0 q=0 qovr=0
[I2C] init=0 gate=0 whoami=0x140e0 wr=0 wrseen=0x27 addr=0x5a ok=2779 err=0 tmo=0 recov=0 pclk1=200000000 sysclk=400000000
[CLK] cpu=800000000 sysb=400000000 pclk1=200000000
[DRV] init=0 id=7 mode=0x1 lib=0x2 seq=0x1 odc=0x8b sts=0xe0 armed=1
[TRG] pulses=80 suppressed=960 cyc=1600 rst=1 rstmode=0x40
[HLT] polls=166 faults=0x0 cfglost=0
[EFF] n=5 last=58539 min=58539 max=58760 late=0 stuck=0
[DWT] ok=1 cyc=2412776010 cyc_per_ms=799999
[HB] up_ms=176009 frames=8353 inf=8353 hazard=1040 canary_err=0 q=0 qovr=0
[I2C] init=0 gate=0 whoami=0x140e0 wr=0 wrseen=0x27 addr=0x5a ok=2781 err=0 tmo=0 recov=0 pclk1=200000000 sysclk=400000000
[CLK] cpu=800000000 sysb=400000000 pclk1=200000000
[DRV] init=0 id=7 mode=0x1 lib=0x2 seq=0x1 odc=0x8b sts=0xe0 armed=1
[TRG] pulses=80 suppressed=960 cyc=1600 rst=1 rstmode=0x40
[HLT] polls=167 faults=0x0 cfglost=0
[EFF] n=5 last=58539 min=58539 max=58760 late=0 stuck=0
[DWT] ok=1 cyc=3249576714 cyc_per_ms=800000
[HB] up_ms=177055 frames=8403 inf=8403 hazard=1040 canary_err=0 q=0 qovr=0
[I2C] init=0 gate=0 whoami=0x140e0 wr=0 wrseen=0x27 addr=0x5a ok=2783 err=0 tmo=0 recov=0 pclk1=200000000 sysclk=400000000
[CLK] cpu=800000000 sysb=400000000 pclk1=200000000
[DRV] init=0 id=7 mode=0x1 lib=0x2 seq=0x1 odc=0x8b sts=0xe0 armed=1
[TRG] pulses=80 suppressed=960 cyc=1600 rst=1 rstmode=0x40
[HLT] polls=168 faults=0x0 cfglost=0
[EFF] n=5 last=58539 min=58539 max=58760 late=0 stuck=0
[DWT] ok=1 cyc=4086376670 cyc_per_ms=799999
[HB] up_ms=178101 frames=8453 inf=8453 hazard=1053 canary_err=0 q=0 qovr=0
[I2C] init=0 gate=0 whoami=0x140e0 wr=0 wrseen=0x27 addr=0x5a ok=2785 err=0 tmo=0 recov=0 pclk1=200000000 sysclk=400000000
[CLK] cpu=800000000 sysb=400000000 pclk1=200000000
[DRV] init=0 id=7 mode=0x1 lib=0x2 seq=0x1 odc=0x8b sts=0xe0 armed=1
[TRG] pulses=81 suppressed=973 cyc=1600 rst=1 rstmode=0x40
[HLT] polls=169 faults=0x0 cfglost=0
[EFF] n=5 last=58539 min=58539 max=58760 late=0 stuck=0
[DWT] ok=1 cyc=628213646 cyc_per_ms=800004
[HB] up_ms=179147 frames=8503 inf=8503 hazard=1080 canary_err=0 q=0 qovr=0
[I2C] init=0 gate=0 whoami=0x140e0 wr=0 wrseen=0x27 addr=0x5a ok=2787 err=0 tmo=0 recov=0 pclk1=200000000 sysclk=400000000
[CLK] cpu=800000000 sysb=400000000 pclk1=200000000
[DRV] init=0 id=7 mode=0x1 lib=0x2 seq=0x1 odc=0x8b sts=0xe0 armed=1
[TRG] pulses=83 suppressed=997 cyc=1600 rst=1 rstmode=0x40
[HLT] polls=170 faults=0x0 cfglost=0
[EFF] n=5 last=58539 min=58539 max=58760 late=0 stuck=0
[DWT] ok=1 cyc=1465009358 cyc_per_ms=799995
[HB] up_ms=180193 frames=8553 inf=8553 hazard=1080 canary_err=0 q=0 qovr=0
[I2C] init=0 gate=0 whoami=0x140e0 wr=0 wrseen=0x27 addr=0x5a ok=2789 err=0 tmo=0 recov=0 pclk1=200000000 sysclk=400000000
[CLK] cpu=800000000 sysb=400000000 pclk1=200000000
[DRV] init=0 id=7 mode=0x1 lib=0x2 seq=0x1 odc=0x8b sts=0xe0 armed=1
[TRG] pulses=83 suppressed=997 cyc=1600 rst=1 rstmode=0x40
[HLT] polls=171 faults=0x0 cfglost=0
[EFF] n=5 last=58539 min=58539 max=58760 late=0 stuck=0
[DWT] ok=1 cyc=2301809398 cyc_per_ms=800000
[HB] up_ms=181239 frames=8602 inf=8602 hazard=1080 canary_err=0 q=0 qovr=0
[I2C] init=0 gate=0 whoami=0x140e0 wr=0 wrseen=0x27 addr=0x5a ok=2791 err=0 tmo=0 recov=0 pclk1=200000000 sysclk=400000000
[CLK] cpu=800000000 sysb=400000000 pclk1=200000000
[DRV] init=0 id=7 mode=0x1 lib=0x2 seq=0x1 odc=0x8b sts=0xe0 armed=1
[TRG] pulses=83 suppressed=997 cyc=1600 rst=1 rstmode=0x40
[HLT] polls=172 faults=0x0 cfglost=0
[EFF] n=5 last=58539 min=58539 max=58760 late=0 stuck=0
[DWT] ok=1 cyc=3138609374 cyc_per_ms=799999
[HB] up_ms=182285 frames=8652 inf=8652 hazard=1080 canary_err=0 q=0 qovr=0
[I2C] init=0 gate=0 whoami=0x140e0 wr=0 wrseen=0x27 addr=0x5a ok=2793 err=0 tmo=0 recov=0 pclk1=200000000 sysclk=400000000
[CLK] cpu=800000000 sysb=400000000 pclk1=200000000
[DRV] init=0 id=7 mode=0x1 lib=0x2 seq=0x1 odc=0x8b sts=0xe0 armed=1
[TRG] pulses=83 suppressed=997 cyc=1600 rst=1 rstmode=0x40
[HLT] polls=173 faults=0x0 cfglost=0
[EFF] n=5 last=58539 min=58539 max=58760 late=0 stuck=0
[DWT] ok=1 cyc=3975409358 cyc_per_ms=799999
[HB] up_ms=183331 frames=8702 inf=8702 hazard=1080 canary_err=0 q=0 qovr=0
[I2C] init=0 gate=0 whoami=0x140e0 wr=0 wrseen=0x27 addr=0x5a ok=2795 err=0 tmo=0 recov=0 pclk1=200000000 sysclk=400000000
[CLK] cpu=800000000 sysb=400000000 pclk1=200000000
[DRV] init=0 id=7 mode=0x1 lib=0x2 seq=0x1 odc=0x8b sts=0xe0 armed=1
[TRG] pulses=83 suppressed=997 cyc=1600 rst=1 rstmode=0x40
[HLT] polls=174 faults=0x0 cfglost=0
[EFF] n=5 last=58539 min=58539 max=58760 late=0 stuck=0
[DWT] ok=1 cyc=517242122 cyc_per_ms=800000
[HB] up_ms=184377 frames=8752 inf=8752 hazard=1080 canary_err=0 q=0 qovr=0
[I2C] init=0 gate=0 whoami=0x140e0 wr=0 wrseen=0x27 addr=0x5a ok=2797 err=0 tmo=0 recov=0 pclk1=200000000 sysclk=400000000
[CLK] cpu=800000000 sysb=400000000 pclk1=200000000
[DRV] init=0 id=7 mode=0x1 lib=0x2 seq=0x1 odc=0x8b sts=0xe0 armed=1
[TRG] pulses=83 suppressed=997 cyc=1600 rst=1 rstmode=0x40
[HLT] polls=175 faults=0x0 cfglost=0
[EFF] n=5 last=58539 min=58539 max=58760 late=0 stuck=0
[DWT] ok=1 cyc=1354042046 cyc_per_ms=799999
[HB] up_ms=185423 frames=8802 inf=8802 hazard=1120 canary_err=0 q=0 qovr=0
[I2C] init=0 gate=0 whoami=0x140e0 wr=0 wrseen=0x27 addr=0x5a ok=2799 err=0 tmo=0 recov=0 pclk1=200000000 sysclk=400000000
[CLK] cpu=800000000 sysb=400000000 pclk1=200000000
[DRV] init=0 id=7 mode=0x1 lib=0x2 seq=0x1 odc=0x8b sts=0xe0 armed=1
[TRG] pulses=86 suppressed=1034 cyc=1600 rst=1 rstmode=0x40
[HLT] polls=176 faults=0x0 cfglost=0
[EFF] n=5 last=58539 min=58539 max=58760 late=0 stuck=0
[DWT] ok=1 cyc=2190912046 cyc_per_ms=800066
[HB] up_ms=186469 frames=8851 inf=8851 hazard=1120 canary_err=0 q=0 qovr=0
[I2C] init=0 gate=0 whoami=0x140e0 wr=0 wrseen=0x27 addr=0x5a ok=2801 err=0 tmo=0 recov=0 pclk1=200000000 sysclk=400000000
[CLK] cpu=800000000 sysb=400000000 pclk1=200000000
[DRV] init=0 id=7 mode=0x1 lib=0x2 seq=0x1 odc=0x8b sts=0xe0 armed=1
[TRG] pulses=86 suppressed=1034 cyc=1600 rst=1 rstmode=0x40
[HLT] polls=177 faults=0x0 cfglost=0
[EFF] n=5 last=58539 min=58539 max=58760 late=0 stuck=0
[DWT] ok=1 cyc=3027712110 cyc_per_ms=800000
[HB] up_ms=187515 frames=8901 inf=8901 hazard=1120 canary_err=0 q=0 qovr=0
[I2C] init=0 gate=0 whoami=0x140e0 wr=0 wrseen=0x27 addr=0x5a ok=2803 err=0 tmo=0 recov=0 pclk1=200000000 sysclk=400000000
[CLK] cpu=800000000 sysb=400000000 pclk1=200000000
[DRV] init=0 id=7 mode=0x1 lib=0x2 seq=0x1 odc=0x8b sts=0xe0 armed=1
[TRG] pulses=86 suppressed=1034 cyc=1600 rst=1 rstmode=0x40
[HLT] polls=178 faults=0x0 cfglost=0
[EFF] n=5 last=58539 min=58539 max=58760 late=0 stuck=0
[DWT] ok=1 cyc=3864512066 cyc_per_ms=799999
[HB] up_ms=188561 frames=8951 inf=8951 hazard=1120 canary_err=0 q=0 qovr=0
[I2C] init=0 gate=0 whoami=0x140e0 wr=0 wrseen=0x27 addr=0x5a ok=2805 err=0 tmo=0 recov=0 pclk1=200000000 sysclk=400000000
[CLK] cpu=800000000 sysb=400000000 pclk1=200000000
[DRV] init=0 id=7 mode=0x1 lib=0x2 seq=0x1 odc=0x8b sts=0xe0 armed=1
[TRG] pulses=86 suppressed=1034 cyc=1600 rst=1 rstmode=0x40
[HLT] polls=179 faults=0x0 cfglost=0
[EFF] n=5 last=58539 min=58539 max=58760 late=0 stuck=0
[DWT] ok=1 cyc=406344782 cyc_per_ms=800000
[HB] up_ms=189607 frames=9001 inf=9001 hazard=1120 canary_err=0 q=0 qovr=0
[I2C] init=0 gate=0 whoami=0x140e0 wr=0 wrseen=0x27 addr=0x5a ok=2807 err=0 tmo=0 recov=0 pclk1=200000000 sysclk=400000000
[CLK] cpu=800000000 sysb=400000000 pclk1=200000000
[DRV] init=0 id=7 mode=0x1 lib=0x2 seq=0x1 odc=0x8b sts=0xe0 armed=1
[TRG] pulses=86 suppressed=1034 cyc=1600 rst=1 rstmode=0x40
[HLT] polls=180 faults=0x0 cfglost=0
[EFF] n=5 last=58539 min=58539 max=58760 late=0 stuck=0
[DWT] ok=1 cyc=1243144814 cyc_per_ms=800000
[HB] up_ms=190653 frames=9051 inf=9051 hazard=1120 canary_err=0 q=0 qovr=0
[I2C] init=0 gate=0 whoami=0x140e0 wr=0 wrseen=0x27 addr=0x5a ok=2809 err=0 tmo=0 recov=0 pclk1=200000000 sysclk=400000000
[CLK] cpu=800000000 sysb=400000000 pclk1=200000000
[DRV] init=0 id=7 mode=0x1 lib=0x2 seq=0x1 odc=0x8b sts=0xe0 armed=1
[TRG] pulses=86 suppressed=1034 cyc=1600 rst=1 rstmode=0x40
[HLT] polls=181 faults=0x0 cfglost=0
[EFF] n=5 last=58539 min=58539 max=58760 late=0 stuck=0
[DWT] ok=1 cyc=2079944826 cyc_per_ms=800000
[HB] up_ms=191699 frames=9100 inf=9100 hazard=1140 canary_err=0 q=0 qovr=0
[I2C] init=0 gate=0 whoami=0x140e0 wr=0 wrseen=0x27 addr=0x5a ok=2811 err=0 tmo=0 recov=0 pclk1=200000000 sysclk=400000000
[CLK] cpu=800000000 sysb=400000000 pclk1=200000000
[DRV] init=0 id=7 mode=0x1 lib=0x2 seq=0x1 odc=0x8b sts=0xe0 armed=1
[TRG] pulses=88 suppressed=1054 cyc=1600 rst=1 rstmode=0x40
[HLT] polls=182 faults=0x0 cfglost=0
[EFF] n=5 last=58539 min=58539 max=58760 late=0 stuck=0
[DWT] ok=1 cyc=2916746614 cyc_per_ms=800001
[HB] up_ms=192745 frames=9150 inf=9150 hazard=1160 canary_err=0 q=0 qovr=0
[I2C] init=0 gate=0 whoami=0x140e0 wr=0 wrseen=0x27 addr=0x5a ok=2813 err=0 tmo=0 recov=0 pclk1=200000000 sysclk=400000000
[CLK] cpu=800000000 sysb=400000000 pclk1=200000000
[DRV] init=0 id=7 mode=0x1 lib=0x2 seq=0x1 odc=0x8b sts=0xe0 armed=1
[TRG] pulses=89 suppressed=1071 cyc=1600 rst=1 rstmode=0x40
[HLT] polls=183 faults=0x0 cfglost=0
[EFF] n=5 last=58539 min=58539 max=58760 late=0 stuck=0
[DWT] ok=1 cyc=3753544742 cyc_per_ms=799998
[HB] up_ms=193791 frames=9200 inf=9200 hazard=1160 canary_err=0 q=0 qovr=0
[I2C] init=0 gate=0 whoami=0x140e0 wr=0 wrseen=0x27 addr=0x5a ok=2815 err=0 tmo=0 recov=0 pclk1=200000000 sysclk=400000000
[CLK] cpu=800000000 sysb=400000000 pclk1=200000000
[DRV] init=0 id=7 mode=0x1 lib=0x2 seq=0x1 odc=0x8b sts=0xe0 armed=1
[TRG] pulses=89 suppressed=1071 cyc=1600 rst=1 rstmode=0x40
[HLT] polls=184 faults=0x0 cfglost=0
[EFF] n=5 last=58539 min=58539 max=58760 late=0 stuck=0
[DWT] ok=1 cyc=295377474 cyc_per_ms=800000
[HB] up_ms=194837 frames=9250 inf=9250 hazard=1160 canary_err=0 q=0 qovr=0
[I2C] init=0 gate=0 whoami=0x140e0 wr=0 wrseen=0x27 addr=0x5a ok=2817 err=0 tmo=0 recov=0 pclk1=200000000 sysclk=400000000
[CLK] cpu=800000000 sysb=400000000 pclk1=200000000
[DRV] init=0 id=7 mode=0x1 lib=0x2 seq=0x1 odc=0x8b sts=0xe0 armed=1
[TRG] pulses=89 suppressed=1071 cyc=1600 rst=1 rstmode=0x40
[HLT] polls=185 faults=0x0 cfglost=0
[EFF] n=5 last=58539 min=58539 max=58760 late=0 stuck=0
[DWT] ok=1 cyc=1132177502 cyc_per_ms=800000
[HB] up_ms=195883 frames=9300 inf=9300 hazard=1160 canary_err=0 q=0 qovr=0
[I2C] init=0 gate=0 whoami=0x140e0 wr=0 wrseen=0x27 addr=0x5a ok=2819 err=0 tmo=0 recov=0 pclk1=200000000 sysclk=400000000
[CLK] cpu=800000000 sysb=400000000 pclk1=200000000
[DRV] init=0 id=7 mode=0x1 lib=0x2 seq=0x1 odc=0x8b sts=0xe0 armed=1
[TRG] pulses=89 suppressed=1071 cyc=1600 rst=1 rstmode=0x40
[HLT] polls=186 faults=0x0 cfglost=0
[EFF] n=5 last=58539 min=58539 max=58760 late=0 stuck=0
[DWT] ok=1 cyc=1968977522 cyc_per_ms=800000
[HB] up_ms=196929 frames=9350 inf=9350 hazard=1160 canary_err=0 q=0 qovr=0
[I2C] init=0 gate=0 whoami=0x140e0 wr=0 wrseen=0x27 addr=0x5a ok=2821 err=0 tmo=0 recov=0 pclk1=200000000 sysclk=400000000
[CLK] cpu=800000000 sysb=400000000 pclk1=200000000
[DRV] init=0 id=7 mode=0x1 lib=0x2 seq=0x1 odc=0x8b sts=0xe0 armed=1
[TRG] pulses=89 suppressed=1071 cyc=1600 rst=1 rstmode=0x40
[HLT] polls=187 faults=0x0 cfglost=0
[EFF] n=5 last=58539 min=58539 max=58760 late=0 stuck=0
[DWT] ok=1 cyc=2805831802 cyc_per_ms=800051
[HB] up_ms=197975 frames=9399 inf=9399 hazard=1160 canary_err=0 q=0 qovr=0
[I2C] init=0 gate=0 whoami=0x140e0 wr=0 wrseen=0x27 addr=0x5a ok=2823 err=0 tmo=0 recov=0 pclk1=200000000 sysclk=400000000
[CLK] cpu=800000000 sysb=400000000 pclk1=200000000
[DRV] init=0 id=7 mode=0x1 lib=0x2 seq=0x1 odc=0x8b sts=0xe0 armed=1
[TRG] pulses=90 suppressed=1071 cyc=1600 rst=1 rstmode=0x40
[HLT] polls=188 faults=0x0 cfglost=0
[EFF] n=5 last=58539 min=58539 max=58760 late=0 stuck=0
[DWT] ok=1 cyc=3642613914 cyc_per_ms=799982
[HB] up_ms=199021 frames=9449 inf=9449 hazard=1200 canary_err=0 q=0 qovr=0
[I2C] init=0 gate=0 whoami=0x140e0 wr=0 wrseen=0x27 addr=0x5a ok=2823 err=0 tmo=0 recov=0 pclk1=200000000 sysclk=400000000
[CLK] cpu=800000000 sysb=400000000 pclk1=200000000
[DRV] init=0 id=7 mode=0x1 lib=0x2 seq=0x1 odc=0x8b sts=0xe0 armed=1
[TRG] pulses=92 suppressed=1108 cyc=1600 rst=1 rstmode=0x40
[HLT] polls=189 faults=0x0 cfglost=0
[EFF] n=5 last=58539 min=58539 max=58760 late=0 stuck=0
[DWT] ok=1 cyc=184443258 cyc_per_ms=799996
[HB] up_ms=200067 frames=9499 inf=9499 hazard=1200 canary_err=0 q=0 qovr=0
[I2C] init=0 gate=0 whoami=0x140e0 wr=0 wrseen=0x27 addr=0x5a ok=2825 err=0 tmo=0 recov=0 pclk1=200000000 sysclk=400000000
[CLK] cpu=800000000 sysb=400000000 pclk1=200000000
[DRV] init=0 id=7 mode=0x1 lib=0x2 seq=0x1 odc=0x8b sts=0xe0 armed=1
[TRG] pulses=92 suppressed=1108 cyc=1600 rst=1 rstmode=0x40
[HLT] polls=190 faults=0x0 cfglost=0
[EFF] n=5 last=58539 min=58539 max=58760 late=0 stuck=0
[DWT] ok=1 cyc=1021243250 cyc_per_ms=799999
[HB] up_ms=201113 frames=9549 inf=9549 hazard=1200 canary_err=0 q=0 qovr=0
[I2C] init=0 gate=0 whoami=0x140e0 wr=0 wrseen=0x27 addr=0x5a ok=2827 err=0 tmo=0 recov=0 pclk1=200000000 sysclk=400000000
[CLK] cpu=800000000 sysb=400000000 pclk1=200000000
[DRV] init=0 id=7 mode=0x1 lib=0x2 seq=0x1 odc=0x8b sts=0xe0 armed=1
[TRG] pulses=92 suppressed=1108 cyc=1600 rst=1 rstmode=0x40
[HLT] polls=191 faults=0x0 cfglost=0
[EFF] n=5 last=58539 min=58539 max=58760 late=0 stuck=0
[DWT] ok=1 cyc=1858043314 cyc_per_ms=800000
[HB] up_ms=202159 frames=9599 inf=9599 hazard=1200 canary_err=0 q=0 qovr=0
[I2C] init=0 gate=0 whoami=0x140e0 wr=0 wrseen=0x27 addr=0x5a ok=2829 err=0 tmo=0 recov=0 pclk1=200000000 sysclk=400000000
[CLK] cpu=800000000 sysb=400000000 pclk1=200000000
[DRV] init=0 id=7 mode=0x1 lib=0x2 seq=0x1 odc=0x8b sts=0xe0 armed=1
[TRG] pulses=92 suppressed=1108 cyc=1600 rst=1 rstmode=0x40
[HLT] polls=192 faults=0x0 cfglost=0
[EFF] n=5 last=58539 min=58539 max=58760 late=0 stuck=0
[DWT] ok=1 cyc=2694843290 cyc_per_ms=799999
[HB] up_ms=203205 frames=9648 inf=9648 hazard=1200 canary_err=0 q=0 qovr=0
[I2C] init=0 gate=0 whoami=0x140e0 wr=0 wrseen=0x27 addr=0x5a ok=2831 err=0 tmo=0 recov=0 pclk1=200000000 sysclk=400000000
[CLK] cpu=800000000 sysb=400000000 pclk1=200000000
[DRV] init=0 id=7 mode=0x1 lib=0x2 seq=0x1 odc=0x8b sts=0xe0 armed=1
[TRG] pulses=92 suppressed=1108 cyc=1600 rst=1 rstmode=0x40
[HLT] polls=193 faults=0x0 cfglost=0
[EFF] n=5 last=58539 min=58539 max=58760 late=0 stuck=0
[DWT] ok=1 cyc=3531643286 cyc_per_ms=799999
[HB] up_ms=204251 frames=9698 inf=9698 hazard=1200 canary_err=0 q=0 qovr=0
[I2C] init=0 gate=0 whoami=0x140e0 wr=0 wrseen=0x27 addr=0x5a ok=2833 err=0 tmo=0 recov=0 pclk1=200000000 sysclk=400000000
[CLK] cpu=800000000 sysb=400000000 pclk1=200000000
[DRV] init=0 id=7 mode=0x1 lib=0x2 seq=0x1 odc=0x8b sts=0xe0 armed=1
[TRG] pulses=92 suppressed=1108 cyc=1600 rst=1 rstmode=0x40
[HLT] polls=194 faults=0x0 cfglost=0
[EFF] n=5 last=58539 min=58539 max=58760 late=0 stuck=0
[DWT] ok=1 cyc=73475994 cyc_per_ms=800000
[HB] up_ms=205297 frames=9748 inf=9748 hazard=1228 canary_err=0 q=0 qovr=0
[I2C] init=0 gate=0 whoami=0x140e0 wr=0 wrseen=0x27 addr=0x5a ok=2835 err=0 tmo=0 recov=0 pclk1=200000000 sysclk=400000000
[CLK] cpu=800000000 sysb=400000000 pclk1=200000000
[DRV] init=0 id=7 mode=0x1 lib=0x2 seq=0x1 odc=0x8b sts=0xe0 armed=1
[TRG] pulses=95 suppressed=1134 cyc=1600 rst=1 rstmode=0x40
[HLT] polls=195 faults=0x0 cfglost=0
[EFF] n=5 last=58539 min=58539 max=58760 late=0 stuck=0
[DWT] ok=1 cyc=910280210 cyc_per_ms=800004
[HB] up_ms=206343 frames=9798 inf=9798 hazard=1240 canary_err=0 q=0 qovr=0
[I2C] init=0 gate=0 whoami=0x140e0 wr=0 wrseen=0x27 addr=0x5a ok=2837 err=0 tmo=0 recov=0 pclk1=200000000 sysclk=400000000
[CLK] cpu=800000000 sysb=400000000 pclk1=200000000
[DRV] init=0 id=7 mode=0x1 lib=0x2 seq=0x1 odc=0x8b sts=0xe0 armed=1
[TRG] pulses=95 suppressed=1145 cyc=1600 rst=1 rstmode=0x40
[HLT] polls=195 faults=0x0 cfglost=0
[EFF] n=5 last=58539 min=58539 max=58760 late=0 stuck=0
[DWT] ok=1 cyc=1747075982 cyc_per_ms=799995
[HB] up_ms=207389 frames=9848 inf=9848 hazard=1240 canary_err=0 q=0 qovr=0
[I2C] init=0 gate=0 whoami=0x140e0 wr=0 wrseen=0x27 addr=0x5a ok=2839 err=0 tmo=0 recov=0 pclk1=200000000 sysclk=400000000
[CLK] cpu=800000000 sysb=400000000 pclk1=200000000
[DRV] init=0 id=7 mode=0x1 lib=0x2 seq=0x1 odc=0x8b sts=0xe0 armed=1
[TRG] pulses=95 suppressed=1145 cyc=1600 rst=1 rstmode=0x40
[HLT] polls=196 faults=0x0 cfglost=0
[EFF] n=5 last=58539 min=58539 max=58760 late=0 stuck=0
[DWT] ok=1 cyc=2583875958 cyc_per_ms=799999
[HB] up_ms=208435 frames=9897 inf=9897 hazard=1240 canary_err=0 q=0 qovr=0
[I2C] init=0 gate=0 whoami=0x140e0 wr=0 wrseen=0x27 addr=0x5a ok=2841 err=0 tmo=0 recov=0 pclk1=200000000 sysclk=400000000
[CLK] cpu=800000000 sysb=400000000 pclk1=200000000
[DRV] init=0 id=7 mode=0x1 lib=0x2 seq=0x1 odc=0x8b sts=0xe0 armed=1
[TRG] pulses=95 suppressed=1145 cyc=1600 rst=1 rstmode=0x40
[HLT] polls=197 faults=0x0 cfglost=0
[EFF] n=5 last=58539 min=58539 max=58760 late=0 stuck=0
[DWT] ok=1 cyc=3420642886 cyc_per_ms=799968
[HB] up_ms=209481 frames=9947 inf=9947 hazard=1240 canary_err=0 q=0 qovr=0
[I2C] init=0 gate=0 whoami=0x140e0 wr=0 wrseen=0x27 addr=0x5a ok=2843 err=0 tmo=0 recov=0 pclk1=200000000 sysclk=400000000
[CLK] cpu=800000000 sysb=400000000 pclk1=200000000
[DRV] init=0 id=7 mode=0x1 lib=0x2 seq=0x1 odc=0x8b sts=0xe0 armed=1
[TRG] pulses=95 suppressed=1145 cyc=1600 rst=1 rstmode=0x40
[HLT] polls=198 faults=0x0 cfglost=0
[EFF] n=5 last=58539 min=58539 max=58760 late=0 stuck=0
[DWT] ok=1 cyc=4257442902 cyc_per_ms=800000
[HB] up_ms=210527 frames=9997 inf=9997 hazard=1240 canary_err=0 q=0 qovr=0
[I2C] init=0 gate=0 whoami=0x140e0 wr=0 wrseen=0x27 addr=0x5a ok=2845 err=0 tmo=0 recov=0 pclk1=200000000 sysclk=400000000
[CLK] cpu=800000000 sysb=400000000 pclk1=200000000
[DRV] init=0 id=7 mode=0x1 lib=0x2 seq=0x1 odc=0x8b sts=0xe0 armed=1
[TRG] pulses=95 suppressed=1145 cyc=1600 rst=1 rstmode=0x40
[HLT] polls=199 faults=0x0 cfglost=0
[EFF] n=5 last=58539 min=58539 max=58760 late=0 stuck=0
[DWT] ok=1 cyc=799275650 cyc_per_ms=800000
[HB] up_ms=211573 frames=10047 inf=10047 hazard=1247 canary_err=0 q=0 qovr=0
[I2C] init=0 gate=0 whoami=0x140e0 wr=0 wrseen=0x27 addr=0x5a ok=2847 err=0 tmo=0 recov=0 pclk1=200000000 sysclk=400000000
[CLK] cpu=800000000 sysb=400000000 pclk1=200000000
[DRV] init=0 id=7 mode=0x1 lib=0x2 seq=0x1 odc=0x8b sts=0xe0 armed=1
[TRG] pulses=96 suppressed=1152 cyc=1600 rst=1 rstmode=0x40
[HLT] polls=200 faults=0x0 cfglost=0
[EFF] n=5 last=58539 min=58539 max=58760 late=0 stuck=0
[DWT] ok=1 cyc=1636218138 cyc_per_ms=800136
[HB] up_ms=212620 frames=10097 inf=10097 hazard=1280 canary_err=0 q=0 qovr=0
[I2C] init=0 gate=0 whoami=0x140e0 wr=0 wrseen=0x27 addr=0x5a ok=2849 err=0 tmo=0 recov=0 pclk1=200000000 sysclk=400000000
[CLK] cpu=800000000 sysb=400000000 pclk1=200000000
[DRV] init=0 id=7 mode=0x1 lib=0x2 seq=0x1 odc=0x8b sts=0xe0 armed=1
[TRG] pulses=98 suppressed=1182 cyc=1600 rst=1 rstmode=0x40
[HLT] polls=201 faults=0x0 cfglost=0
[EFF] n=5 last=58539 min=58539 max=58760 late=0 stuck=0
[DWT] ok=1 cyc=2473816258 cyc_per_ms=799998
[HB] up_ms=213667 frames=10147 inf=10147 hazard=1280 canary_err=0 q=0 qovr=0
[I2C] init=0 gate=0 whoami=0x140e0 wr=0 wrseen=0x27 addr=0x5a ok=2851 err=0 tmo=0 recov=0 pclk1=200000000 sysclk=400000000
[CLK] cpu=800000000 sysb=400000000 pclk1=200000000
[DRV] init=0 id=7 mode=0x1 lib=0x2 seq=0x1 odc=0x8b sts=0xe0 armed=1
[TRG] pulses=98 suppressed=1182 cyc=1600 rst=1 rstmode=0x40
[HLT] polls=202 faults=0x0 cfglost=0
[EFF] n=5 last=58539 min=58539 max=58760 late=0 stuck=0
[DWT] ok=1 cyc=3311416234 cyc_per_ms=799999
[HB] up_ms=214714 frames=10196 inf=10196 hazard=1280 canary_err=0 q=0 qovr=0
[I2C] init=0 gate=0 whoami=0x140e0 wr=0 wrseen=0x27 addr=0x5a ok=2853 err=0 tmo=0 recov=0 pclk1=200000000 sysclk=400000000
[CLK] cpu=800000000 sysb=400000000 pclk1=200000000
[DRV] init=0 id=7 mode=0x1 lib=0x2 seq=0x1 odc=0x8b sts=0xe0 armed=1
[TRG] pulses=98 suppressed=1182 cyc=1600 rst=1 rstmode=0x40
[HLT] polls=203 faults=0x0 cfglost=0
[EFF] n=5 last=58539 min=58539 max=58760 late=0 stuck=0
[DWT] ok=1 cyc=4149016242 cyc_per_ms=800000
[HB] up_ms=215761 frames=10246 inf=10246 hazard=1280 canary_err=0 q=0 qovr=0
[I2C] init=0 gate=0 whoami=0x140e0 wr=0 wrseen=0x27 addr=0x5a ok=2855 err=0 tmo=0 recov=0 pclk1=200000000 sysclk=400000000
[CLK] cpu=800000000 sysb=400000000 pclk1=200000000
[DRV] init=0 id=7 mode=0x1 lib=0x2 seq=0x1 odc=0x8b sts=0xe0 armed=1
[TRG] pulses=98 suppressed=1182 cyc=1600 rst=1 rstmode=0x40
[HLT] polls=204 faults=0x0 cfglost=0
[EFF] n=5 last=58539 min=58539 max=58760 late=0 stuck=0
[DWT] ok=1 cyc=691648962 cyc_per_ms=800000
[HB] up_ms=216808 frames=10296 inf=10296 hazard=1280 canary_err=0 q=0 qovr=0
[I2C] init=0 gate=0 whoami=0x140e0 wr=0 wrseen=0x27 addr=0x5a ok=2857 err=0 tmo=0 recov=0 pclk1=200000000 sysclk=400000000
[CLK] cpu=800000000 sysb=400000000 pclk1=200000000
[DRV] init=0 id=7 mode=0x1 lib=0x2 seq=0x1 odc=0x8b sts=0xe0 armed=1
[TRG] pulses=98 suppressed=1182 cyc=1600 rst=1 rstmode=0x40
[HLT] polls=205 faults=0x0 cfglost=0
[EFF] n=5 last=58539 min=58539 max=58760 late=0 stuck=0
[DWT] ok=1 cyc=1529249030 cyc_per_ms=800000
[HB] up_ms=217855 frames=10346 inf=10346 hazard=1280 canary_err=0 q=0 qovr=0
[I2C] init=0 gate=0 whoami=0x140e0 wr=0 wrseen=0x27 addr=0x5a ok=2859 err=0 tmo=0 recov=0 pclk1=200000000 sysclk=400000000
[CLK] cpu=800000000 sysb=400000000 pclk1=200000000
[DRV] init=0 id=7 mode=0x1 lib=0x2 seq=0x1 odc=0x8b sts=0xe0 armed=1
[TRG] pulses=98 suppressed=1182 cyc=1600 rst=1 rstmode=0x40
[HLT] polls=206 faults=0x0 cfglost=0
[EFF] n=5 last=58539 min=58539 max=58760 late=0 stuck=0
[DWT] ok=1 cyc=2366849002 cyc_per_ms=799999
[HB] up_ms=218902 frames=10396 inf=10396 hazard=1316 canary_err=0 q=0 qovr=0
[I2C] init=0 gate=0 whoami=0x140e0 wr=0 wrseen=0x27 addr=0x5a ok=2861 err=0 tmo=0 recov=0 pclk1=200000000 sysclk=400000000
[CLK] cpu=800000000 sysb=400000000 pclk1=200000000
[DRV] init=0 id=7 mode=0x1 lib=0x2 seq=0x1 odc=0x8b sts=0xe0 armed=1
[TRG] pulses=101 suppressed=1216 cyc=1600 rst=1 rstmode=0x40
[HLT] polls=207 faults=0x0 cfglost=0
[EFF] n=5 last=58539 min=58539 max=58760 late=0 stuck=0
[DWT] ok=1 cyc=3204520802 cyc_per_ms=800068
[HB] up_ms=219949 frames=10446 inf=10446 hazard=1320 canary_err=0 q=0 qovr=0
[I2C] init=0 gate=0 whoami=0x140e0 wr=0 wrseen=0x27 addr=0x5a ok=2863 err=0 tmo=0 recov=0 pclk1=200000000 sysclk=400000000
[CLK] cpu=800000000 sysb=400000000 pclk1=200000000
[DRV] init=0 id=7 mode=0x1 lib=0x2 seq=0x1 odc=0x8b sts=0xe0 armed=1
[TRG] pulses=101 suppressed=1219 cyc=1600 rst=1 rstmode=0x40
[HLT] polls=208 faults=0x0 cfglost=0
[EFF] n=5 last=58539 min=58539 max=58760 late=0 stuck=0
[DWT] ok=1 cyc=4042118950 cyc_per_ms=799998
[HB] up_ms=220996 frames=10496 inf=10496 hazard=1320 canary_err=0 q=0 qovr=0
[I2C] init=0 gate=0 whoami=0x140e0 wr=0 wrseen=0x27 addr=0x5a ok=2865 err=0 tmo=0 recov=0 pclk1=200000000 sysclk=400000000
[CLK] cpu=800000000 sysb=400000000 pclk1=200000000
[DRV] init=0 id=7 mode=0x1 lib=0x2 seq=0x1 odc=0x8b sts=0xe0 armed=1
[TRG] pulses=101 suppressed=1219 cyc=1600 rst=1 rstmode=0x40
[HLT] polls=209 faults=0x0 cfglost=0
[EFF] n=5 last=58539 min=58539 max=58760 late=0 stuck=0
[DWT] ok=1 cyc=584751622 cyc_per_ms=799999
[HB] up_ms=222043 frames=10545 inf=10545 hazard=1320 canary_err=0 q=0 qovr=0
[I2C] init=0 gate=0 whoami=0x140e0 wr=0 wrseen=0x27 addr=0x5a ok=2867 err=0 tmo=0 recov=0 pclk1=200000000 sysclk=400000000
[CLK] cpu=800000000 sysb=400000000 pclk1=200000000
[DRV] init=0 id=7 mode=0x1 lib=0x2 seq=0x1 odc=0x8b sts=0xe0 armed=1
[TRG] pulses=101 suppressed=1219 cyc=1600 rst=1 rstmode=0x40
[HLT] polls=210 faults=0x0 cfglost=0
[EFF] n=5 last=58539 min=58539 max=58760 late=0 stuck=0
[DWT] ok=1 cyc=1422351722 cyc_per_ms=800000
[HB] up_ms=223090 frames=10595 inf=10595 hazard=1320 canary_err=0 q=0 qovr=0
[I2C] init=0 gate=0 whoami=0x140e0 wr=0 wrseen=0x27 addr=0x5a ok=2869 err=0 tmo=0 recov=0 pclk1=200000000 sysclk=400000000
[CLK] cpu=800000000 sysb=400000000 pclk1=200000000
[DRV] init=0 id=7 mode=0x1 lib=0x2 seq=0x1 odc=0x8b sts=0xe0 armed=1
[TRG] pulses=101 suppressed=1219 cyc=1600 rst=1 rstmode=0x40
[HLT] polls=211 faults=0x0 cfglost=0
[EFF] n=5 last=58539 min=58539 max=58760 late=0 stuck=0
[DWT] ok=1 cyc=2259951622 cyc_per_ms=799999
[HB] up_ms=224137 frames=10645 inf=10645 hazard=1320 canary_err=0 q=0 qovr=0
[I2C] init=0 gate=0 whoami=0x140e0 wr=0 wrseen=0x27 addr=0x5a ok=2871 err=0 tmo=0 recov=0 pclk1=200000000 sysclk=400000000
[CLK] cpu=800000000 sysb=400000000 pclk1=200000000
[DRV] init=0 id=7 mode=0x1 lib=0x2 seq=0x1 odc=0x8b sts=0xe0 armed=1
[TRG] pulses=101 suppressed=1219 cyc=1600 rst=1 rstmode=0x40
[HLT] polls=212 faults=0x0 cfglost=0
[EFF] n=5 last=58539 min=58539 max=58760 late=0 stuck=0
[DWT] ok=1 cyc=3097551706 cyc_per_ms=800000
[HB] up_ms=225184 frames=10695 inf=10695 hazard=1335 canary_err=0 q=0 qovr=0
[I2C] init=0 gate=0 whoami=0x140e0 wr=0 wrseen=0x27 addr=0x5a ok=2873 err=0 tmo=0 recov=0 pclk1=200000000 sysclk=400000000
[CLK] cpu=800000000 sysb=400000000 pclk1=200000000
[DRV] init=0 id=7 mode=0x1 lib=0x2 seq=0x1 odc=0x8b sts=0xe0 armed=1
[TRG] pulses=103 suppressed=1233 cyc=1600 rst=1 rstmode=0x40
[HLT] polls=213 faults=0x0 cfglost=0
[EFF] n=5 last=58539 min=58539 max=58760 late=0 stuck=0
[DWT] ok=1 cyc=3935153454 cyc_per_ms=800001
[HB] up_ms=226231 frames=10745 inf=10745 hazard=1360 canary_err=0 q=0 qovr=0
[I2C] init=0 gate=0 whoami=0x140e0 wr=0 wrseen=0x27 addr=0x5a ok=2875 err=0 tmo=0 recov=0 pclk1=200000000 sysclk=400000000
[CLK] cpu=800000000 sysb=400000000 pclk1=200000000
[DRV] init=0 id=7 mode=0x1 lib=0x2 seq=0x1 odc=0x8b sts=0xe0 armed=1
[TRG] pulses=104 suppressed=1256 cyc=1600 rst=1 rstmode=0x40
[HLT] polls=214 faults=0x0 cfglost=0
[EFF] n=5 last=58539 min=58539 max=58760 late=0 stuck=0
[DWT] ok=1 cyc=477784374 cyc_per_ms=799998
[HB] up_ms=227278 frames=10795 inf=10795 hazard=1360 canary_err=0 q=0 qovr=0
[I2C] init=0 gate=0 whoami=0x140e0 wr=0 wrseen=0x27 addr=0x5a ok=2877 err=0 tmo=0 recov=0 pclk1=200000000 sysclk=400000000
[CLK] cpu=800000000 sysb=400000000 pclk1=200000000
[DRV] init=0 id=7 mode=0x1 lib=0x2 seq=0x1 odc=0x8b sts=0xe0 armed=1
[TRG] pulses=104 suppressed=1256 cyc=1600 rst=1 rstmode=0x40
[HLT] polls=215 faults=0x0 cfglost=0
[EFF] n=5 last=58539 min=58539 max=58760 late=0 stuck=0
[DWT] ok=1 cyc=1315384346 cyc_per_ms=799999
[HB] up_ms=228325 frames=10845 inf=10845 hazard=1360 canary_err=0 q=0 qovr=0
[I2C] init=0 gate=0 whoami=0x140e0 wr=0 wrseen=0x27 addr=0x5a ok=2879 err=0 tmo=0 recov=0 pclk1=200000000 sysclk=400000000
[CLK] cpu=800000000 sysb=400000000 pclk1=200000000
[DRV] init=0 id=7 mode=0x1 lib=0x2 seq=0x1 odc=0x8b sts=0xe0 armed=1
[TRG] pulses=104 suppressed=1256 cyc=1600 rst=1 rstmode=0x40
[HLT] polls=216 faults=0x0 cfglost=0
[EFF] n=5 last=58539 min=58539 max=58760 late=0 stuck=0
[DWT] ok=1 cyc=2152984406 cyc_per_ms=800000
[HB] up_ms=229372 frames=10894 inf=10894 hazard=1360 canary_err=0 q=0 qovr=0
[I2C] init=0 gate=0 whoami=0x140e0 wr=0 wrseen=0x27 addr=0x5a ok=2881 err=0 tmo=0 recov=0 pclk1=200000000 sysclk=400000000
[CLK] cpu=800000000 sysb=400000000 pclk1=200000000
[DRV] init=0 id=7 mode=0x1 lib=0x2 seq=0x1 odc=0x8b sts=0xe0 armed=1
[TRG] pulses=104 suppressed=1256 cyc=1600 rst=1 rstmode=0x40
[HLT] polls=217 faults=0x0 cfglost=0
[EFF] n=5 last=58539 min=58539 max=58760 late=0 stuck=0
[DWT] ok=1 cyc=2990584418 cyc_per_ms=800000
[HB] up_ms=230419 frames=10944 inf=10944 hazard=1360 canary_err=0 q=0 qovr=0
[I2C] init=0 gate=0 whoami=0x140e0 wr=0 wrseen=0x27 addr=0x5a ok=2883 err=0 tmo=0 recov=0 pclk1=200000000 sysclk=400000000
[CLK] cpu=800000000 sysb=400000000 pclk1=200000000
[DRV] init=0 id=7 mode=0x1 lib=0x2 seq=0x1 odc=0x8b sts=0xe0 armed=1
[TRG] pulses=104 suppressed=1256 cyc=1600 rst=1 rstmode=0x40
[HLT] polls=218 faults=0x0 cfglost=0
[EFF] n=5 last=58539 min=58539 max=58760 late=0 stuck=0
[DWT] ok=1 cyc=3828184326 cyc_per_ms=799999
[HB] up_ms=231466 frames=10994 inf=10994 hazard=1360 canary_err=0 q=0 qovr=0
[I2C] init=0 gate=0 whoami=0x140e0 wr=0 wrseen=0x27 addr=0x5a ok=2885 err=0 tmo=0 recov=0 pclk1=200000000 sysclk=400000000
[CLK] cpu=800000000 sysb=400000000 pclk1=200000000
[DRV] init=0 id=7 mode=0x1 lib=0x2 seq=0x1 odc=0x8b sts=0xe0 armed=1
[TRG] pulses=104 suppressed=1256 cyc=1600 rst=1 rstmode=0x40
[HLT] polls=219 faults=0x0 cfglost=0
[EFF] n=5 last=58539 min=58539 max=58760 late=0 stuck=0
[DWT] ok=1 cyc=370817114 cyc_per_ms=800000
[HB] up_ms=232513 frames=11044 inf=11044 hazard=1400 canary_err=0 q=0 qovr=0
[I2C] init=0 gate=0 whoami=0x140e0 wr=0 wrseen=0x27 addr=0x5a ok=2887 err=0 tmo=0 recov=0 pclk1=200000000 sysclk=400000000
[CLK] cpu=800000000 sysb=400000000 pclk1=200000000
[DRV] init=0 id=7 mode=0x1 lib=0x2 seq=0x1 odc=0x8b sts=0xe0 armed=1
[TRG] pulses=107 suppressed=1293 cyc=1600 rst=1 rstmode=0x40
[HLT] polls=220 faults=0x0 cfglost=0
[EFF] n=5 last=58539 min=58539 max=58760 late=0 stuck=0
[DWT] ok=1 cyc=1208417070 cyc_per_ms=799999
[HB] up_ms=233560 frames=11094 inf=11094 hazard=1400 canary_err=0 q=0 qovr=0
[I2C] init=0 gate=0 whoami=0x140e0 wr=0 wrseen=0x27 addr=0x5a ok=2889 err=0 tmo=0 recov=0 pclk1=200000000 sysclk=400000000
[CLK] cpu=800000000 sysb=400000000 pclk1=200000000
[DRV] init=0 id=7 mode=0x1 lib=0x2 seq=0x1 odc=0x8b sts=0xe0 armed=1
[TRG] pulses=107 suppressed=1293 cyc=1600 rst=1 rstmode=0x40
[HLT] polls=221 faults=0x0 cfglost=0
[EFF] n=5 last=58539 min=58539 max=58760 late=0 stuck=0
[DWT] ok=1 cyc=2046017126 cyc_per_ms=800000
[HB] up_ms=234607 frames=11144 inf=11144 hazard=1400 canary_err=0 q=0 qovr=0
[I2C] init=0 gate=0 whoami=0x140e0 wr=0 wrseen=0x27 addr=0x5a ok=2891 err=0 tmo=0 recov=0 pclk1=200000000 sysclk=400000000
[CLK] cpu=800000000 sysb=400000000 pclk1=200000000
[DRV] init=0 id=7 mode=0x1 lib=0x2 seq=0x1 odc=0x8b sts=0xe0 armed=1
[TRG] pulses=107 suppressed=1293 cyc=1600 rst=1 rstmode=0x40
[HLT] polls=222 faults=0x0 cfglost=0
[EFF] n=5 last=58539 min=58539 max=58760 late=0 stuck=0
[DWT] ok=1 cyc=2883617090 cyc_per_ms=799999
[HB] up_ms=235654 frames=11194 inf=11194 hazard=1400 canary_err=0 q=0 qovr=0
[I2C] init=0 gate=0 whoami=0x140e0 wr=0 wrseen=0x27 addr=0x5a ok=2893 err=0 tmo=0 recov=0 pclk1=200000000 sysclk=400000000
[CLK] cpu=800000000 sysb=400000000 pclk1=200000000
[DRV] init=0 id=7 mode=0x1 lib=0x2 seq=0x1 odc=0x8b sts=0xe0 armed=1
[TRG] pulses=107 suppressed=1293 cyc=1600 rst=1 rstmode=0x40
[HLT] polls=223 faults=0x0 cfglost=0
[EFF] n=5 last=58539 min=58539 max=58760 late=0 stuck=0
[DWT] ok=1 cyc=3721217062 cyc_per_ms=799999
[HB] up_ms=236701 frames=11243 inf=11243 hazard=1400 canary_err=0 q=0 qovr=0
[I2C] init=0 gate=0 whoami=0x140e0 wr=0 wrseen=0x27 addr=0x5a ok=2895 err=0 tmo=0 recov=0 pclk1=200000000 sysclk=400000000
[CLK] cpu=800000000 sysb=400000000 pclk1=200000000
[DRV] init=0 id=7 mode=0x1 lib=0x2 seq=0x1 odc=0x8b sts=0xe0 armed=1
[TRG] pulses=107 suppressed=1293 cyc=1600 rst=1 rstmode=0x40
[HLT] polls=224 faults=0x0 cfglost=0
[EFF] n=5 last=58539 min=58539 max=58760 late=0 stuck=0
[DWT] ok=1 cyc=263849774 cyc_per_ms=800000
[HB] up_ms=237748 frames=11293 inf=11293 hazard=1400 canary_err=0 q=0 qovr=0
[I2C] init=0 gate=0 whoami=0x140e0 wr=0 wrseen=0x27 addr=0x5a ok=2897 err=0 tmo=0 recov=0 pclk1=200000000 sysclk=400000000
[CLK] cpu=800000000 sysb=400000000 pclk1=200000000
[DRV] init=0 id=7 mode=0x1 lib=0x2 seq=0x1 odc=0x8b sts=0xe0 armed=1
[TRG] pulses=107 suppressed=1293 cyc=1600 rst=1 rstmode=0x40
[HLT] polls=225 faults=0x0 cfglost=0
[EFF] n=5 last=58539 min=58539 max=58760 late=0 stuck=0
[DWT] ok=1 cyc=1101449778 cyc_per_ms=800000
[HB] up_ms=238795 frames=11343 inf=11343 hazard=1423 canary_err=0 q=0 qovr=0
[I2C] init=0 gate=0 whoami=0x140e0 wr=0 wrseen=0x27 addr=0x5a ok=2899 err=0 tmo=0 recov=0 pclk1=200000000 sysclk=400000000
[CLK] cpu=800000000 sysb=400000000 pclk1=200000000
[DRV] init=0 id=7 mode=0x1 lib=0x2 seq=0x1 odc=0x8b sts=0xe0 armed=1
[TRG] pulses=109 suppressed=1315 cyc=1600 rst=1 rstmode=0x40
[HLT] polls=226 faults=0x0 cfglost=0
[EFF] n=5 last=58539 min=58539 max=58760 late=0 stuck=0
[DWT] ok=1 cyc=1939051602 cyc_per_ms=800001
[HB] up_ms=239842 frames=11393 inf=11393 hazard=1440 canary_err=0 q=0 qovr=0
[I2C] init=0 gate=0 whoami=0x140e0 wr=0 wrseen=0x27 addr=0x5a ok=2901 err=0 tmo=0 recov=0 pclk1=200000000 sysclk=400000000
[CLK] cpu=800000000 sysb=400000000 pclk1=200000000
[DRV] init=0 id=7 mode=0x1 lib=0x2 seq=0x1 odc=0x8b sts=0xe0 armed=1
[TRG] pulses=110 suppressed=1330 cyc=1600 rst=1 rstmode=0x40
[HLT] polls=227 faults=0x0 cfglost=0
[EFF] n=5 last=58539 min=58539 max=58760 late=0 stuck=0
[DWT] ok=1 cyc=2776649830 cyc_per_ms=799998
[HB] up_ms=240889 frames=11443 inf=11443 hazard=1440 canary_err=0 q=0 qovr=0
[I2C] init=0 gate=0 whoami=0x140e0 wr=0 wrseen=0x27 addr=0x5a ok=2903 err=0 tmo=0 recov=0 pclk1=200000000 sysclk=400000000
[CLK] cpu=800000000 sysb=400000000 pclk1=200000000
[DRV] init=0 id=7 mode=0x1 lib=0x2 seq=0x1 odc=0x8b sts=0xe0 armed=1
[TRG] pulses=110 suppressed=1330 cyc=1600 rst=1 rstmode=0x40
[HLT] polls=228 faults=0x0 cfglost=0
[EFF] n=5 last=58539 min=58539 max=58760 late=0 stuck=0
[DWT] ok=1 cyc=3614249802 cyc_per_ms=799999
[HB] up_ms=241936 frames=11493 inf=11493 hazard=1440 canary_err=0 q=0 qovr=0
[I2C] init=0 gate=0 whoami=0x140e0 wr=0 wrseen=0x27 addr=0x5a ok=2905 err=0 tmo=0 recov=0 pclk1=200000000 sysclk=400000000
[CLK] cpu=800000000 sysb=400000000 pclk1=200000000
[DRV] init=0 id=7 mode=0x1 lib=0x2 seq=0x1 odc=0x8b sts=0xe0 armed=1
[TRG] pulses=110 suppressed=1330 cyc=1600 rst=1 rstmode=0x40
[HLT] polls=229 faults=0x0 cfglost=0
[EFF] n=5 last=58539 min=58539 max=58760 late=0 stuck=0
[DWT] ok=1 cyc=156882474 cyc_per_ms=799999
[HB] up_ms=242983 frames=11543 inf=11543 hazard=1440 canary_err=0 q=0 qovr=0
[I2C] init=0 gate=0 whoami=0x140e0 wr=0 wrseen=0x27 addr=0x5a ok=2907 err=0 tmo=0 recov=0 pclk1=200000000 sysclk=400000000
[CLK] cpu=800000000 sysb=400000000 pclk1=200000000
[DRV] init=0 id=7 mode=0x1 lib=0x2 seq=0x1 odc=0x8b sts=0xe0 armed=1
[TRG] pulses=110 suppressed=1330 cyc=1600 rst=1 rstmode=0x40
[HLT] polls=230 faults=0x0 cfglost=0
[EFF] n=5 last=58539 min=58539 max=58760 late=0 stuck=0
[DWT] ok=1 cyc=994482438 cyc_per_ms=799999
[HB] up_ms=244030 frames=11592 inf=11592 hazard=1440 canary_err=0 q=0 qovr=0
[I2C] init=0 gate=0 whoami=0x140e0 wr=0 wrseen=0x27 addr=0x5a ok=2909 err=0 tmo=0 recov=0 pclk1=200000000 sysclk=400000000
[CLK] cpu=800000000 sysb=400000000 pclk1=200000000
[DRV] init=0 id=7 mode=0x1 lib=0x2 seq=0x1 odc=0x8b sts=0xe0 armed=1
[TRG] pulses=110 suppressed=1330 cyc=1600 rst=1 rstmode=0x40
[HLT] polls=231 faults=0x0 cfglost=0
[EFF] n=5 last=58539 min=58539 max=58760 late=0 stuck=0
[DWT] ok=1 cyc=1832082450 cyc_per_ms=800000
[HB] up_ms=245077 frames=11642 inf=11642 hazard=1442 canary_err=0 q=0 qovr=0
[I2C] init=0 gate=0 whoami=0x140e0 wr=0 wrseen=0x27 addr=0x5a ok=2911 err=0 tmo=0 recov=0 pclk1=200000000 sysclk=400000000
[CLK] cpu=800000000 sysb=400000000 pclk1=200000000
[DRV] init=0 id=7 mode=0x1 lib=0x2 seq=0x1 odc=0x8b sts=0xe0 armed=1
[TRG] pulses=111 suppressed=1333 cyc=1600 rst=1 rstmode=0x40
[HLT] polls=232 faults=0x0 cfglost=0
[EFF] n=5 last=58539 min=58539 max=58760 late=0 stuck=0
[DWT] ok=1 cyc=2669684262 cyc_per_ms=800001
[HB] up_ms=246124 frames=11692 inf=11692 hazard=1480 canary_err=0 q=0 qovr=0
[I2C] init=0 gate=0 whoami=0x140e0 wr=0 wrseen=0x27 addr=0x5a ok=2913 err=0 tmo=0 recov=0 pclk1=200000000 sysclk=400000000
[CLK] cpu=800000000 sysb=400000000 pclk1=200000000
[DRV] init=0 id=7 mode=0x1 lib=0x2 seq=0x1 odc=0x8b sts=0xe0 armed=1
[TRG] pulses=113 suppressed=1367 cyc=1600 rst=1 rstmode=0x40
[HLT] polls=233 faults=0x0 cfglost=0
[EFF] n=5 last=58539 min=58539 max=58760 late=0 stuck=0
[DWT] ok=1 cyc=3507282446 cyc_per_ms=799998
[HB] up_ms=247171 frames=11742 inf=11742 hazard=1480 canary_err=0 q=0 qovr=0
[I2C] init=0 gate=0 whoami=0x140e0 wr=0 wrseen=0x27 addr=0x5a ok=2915 err=0 tmo=0 recov=0 pclk1=200000000 sysclk=400000000
[CLK] cpu=800000000 sysb=400000000 pclk1=200000000
[DRV] init=0 id=7 mode=0x1 lib=0x2 seq=0x1 odc=0x8b sts=0xe0 armed=1
[TRG] pulses=113 suppressed=1367 cyc=1600 rst=1 rstmode=0x40
[HLT] polls=234 faults=0x0 cfglost=0
[EFF] n=5 last=58539 min=58539 max=58760 late=0 stuck=0
[DWT] ok=1 cyc=49915226 cyc_per_ms=800000
[HB] up_ms=248218 frames=11792 inf=11792 hazard=1480 canary_err=0 q=0 qovr=0
[I2C] init=0 gate=0 whoami=0x140e0 wr=0 wrseen=0x27 addr=0x5a ok=2917 err=0 tmo=0 recov=0 pclk1=200000000 sysclk=400000000
[CLK] cpu=800000000 sysb=400000000 pclk1=200000000
[DRV] init=0 id=7 mode=0x1 lib=0x2 seq=0x1 odc=0x8b sts=0xe0 armed=1
[TRG] pulses=113 suppressed=1367 cyc=1600 rst=1 rstmode=0x40
[HLT] polls=235 faults=0x0 cfglost=0
[EFF] n=5 last=58539 min=58539 max=58760 late=0 stuck=0
[DWT] ok=1 cyc=887515194 cyc_per_ms=799999
[HB] up_ms=249265 frames=11842 inf=11842 hazard=1480 canary_err=0 q=0 qovr=0
[I2C] init=0 gate=0 whoami=0x140e0 wr=0 wrseen=0x27 addr=0x5a ok=2919 err=0 tmo=0 recov=0 pclk1=200000000 sysclk=400000000
[CLK] cpu=800000000 sysb=400000000 pclk1=200000000
[DRV] init=0 id=7 mode=0x1 lib=0x2 seq=0x1 odc=0x8b sts=0xe0 armed=1
[TRG] pulses=113 suppressed=1367 cyc=1600 rst=1 rstmode=0x40
[HLT] polls=236 faults=0x0 cfglost=0
[EFF] n=5 last=58539 min=58539 max=58760 late=0 stuck=0
[DWT] ok=1 cyc=1725115162 cyc_per_ms=799999
[HB] up_ms=250312 frames=11892 inf=11892 hazard=1480 canary_err=0 q=0 qovr=0
[I2C] init=0 gate=0 whoami=0x140e0 wr=0 wrseen=0x27 addr=0x5a ok=2921 err=0 tmo=0 recov=0 pclk1=200000000 sysclk=400000000
[CLK] cpu=800000000 sysb=400000000 pclk1=200000000
[DRV] init=0 id=7 mode=0x1 lib=0x2 seq=0x1 odc=0x8b sts=0xe0 armed=1
[TRG] pulses=113 suppressed=1367 cyc=1600 rst=1 rstmode=0x40
[HLT] polls=237 faults=0x0 cfglost=0
[EFF] n=5 last=58539 min=58539 max=58760 late=0 stuck=0
[DWT] ok=1 cyc=2562715234 cyc_per_ms=800000
[HB] up_ms=251359 frames=11941 inf=11941 hazard=1480 canary_err=0 q=0 qovr=0
[I2C] init=0 gate=0 whoami=0x140e0 wr=0 wrseen=0x27 addr=0x5a ok=2923 err=0 tmo=0 recov=0 pclk1=200000000 sysclk=400000000
[CLK] cpu=800000000 sysb=400000000 pclk1=200000000
[DRV] init=0 id=7 mode=0x1 lib=0x2 seq=0x1 odc=0x8b sts=0xe0 armed=1
[TRG] pulses=113 suppressed=1367 cyc=1600 rst=1 rstmode=0x40
[HLT] polls=238 faults=0x0 cfglost=0
[EFF] n=5 last=58539 min=58539 max=58760 late=0 stuck=0
[DWT] ok=1 cyc=3400315242 cyc_per_ms=800000
[HB] up_ms=252406 frames=11991 inf=11991 hazard=1511 canary_err=0 q=0 qovr=0
[I2C] init=0 gate=0 whoami=0x140e0 wr=0 wrseen=0x27 addr=0x5a ok=2925 err=0 tmo=0 recov=0 pclk1=200000000 sysclk=400000000
[CLK] cpu=800000000 sysb=400000000 pclk1=200000000
[DRV] init=0 id=7 mode=0x1 lib=0x2 seq=0x1 odc=0x8b sts=0xe0 armed=1
[TRG] pulses=116 suppressed=1397 cyc=1600 rst=1 rstmode=0x40
[HLT] polls=239 faults=0x0 cfglost=0
[EFF] n=5 last=58539 min=58539 max=58760 late=0 stuck=0
[DWT] ok=1 cyc=4237917026 cyc_per_ms=800001
[HB] up_ms=253453 frames=12041 inf=12041 hazard=1520 canary_err=0 q=0 qovr=0
[I2C] init=0 gate=0 whoami=0x140e0 wr=0 wrseen=0x27 addr=0x5a ok=2927 err=0 tmo=0 recov=0 pclk1=200000000 sysclk=400000000
[CLK] cpu=800000000 sysb=400000000 pclk1=200000000
[DRV] init=0 id=7 mode=0x1 lib=0x2 seq=0x1 odc=0x8b sts=0xe0 armed=1
[TRG] pulses=116 suppressed=1404 cyc=1600 rst=1 rstmode=0x40
[HLT] polls=240 faults=0x0 cfglost=0
[EFF] n=5 last=58539 min=58539 max=58760 late=0 stuck=0
[DWT] ok=1 cyc=780547946 cyc_per_ms=799998
[HB] up_ms=254500 frames=12091 inf=12091 hazard=1520 canary_err=0 q=0 qovr=0
[I2C] init=0 gate=0 whoami=0x140e0 wr=0 wrseen=0x27 addr=0x5a ok=2929 err=0 tmo=0 recov=0 pclk1=200000000 sysclk=400000000
[CLK] cpu=800000000 sysb=400000000 pclk1=200000000
[DRV] init=0 id=7 mode=0x1 lib=0x2 seq=0x1 odc=0x8b sts=0xe0 armed=1
[TRG] pulses=116 suppressed=1404 cyc=1600 rst=1 rstmode=0x40
[HLT] polls=241 faults=0x0 cfglost=0
[EFF] n=5 last=58539 min=58539 max=58760 late=0 stuck=0
[DWT] ok=1 cyc=1618147918 cyc_per_ms=799999
[HB] up_ms=255547 frames=12141 inf=12141 hazard=1520 canary_err=0 q=0 qovr=0
[I2C] init=0 gate=0 whoami=0x140e0 wr=0 wrseen=0x27 addr=0x5a ok=2931 err=0 tmo=0 recov=0 pclk1=200000000 sysclk=400000000
[CLK] cpu=800000000 sysb=400000000 pclk1=200000000
[DRV] init=0 id=7 mode=0x1 lib=0x2 seq=0x1 odc=0x8b sts=0xe0 armed=1
[TRG] pulses=116 suppressed=1404 cyc=1600 rst=1 rstmode=0x40
[HLT] polls=242 faults=0x0 cfglost=0
[EFF] n=5 last=58539 min=58539 max=58760 late=0 stuck=0
[DWT] ok=1 cyc=2455747894 cyc_per_ms=799999
[HB] up_ms=256594 frames=12191 inf=12191 hazard=1520 canary_err=0 q=0 qovr=0
[I2C] init=0 gate=0 whoami=0x140e0 wr=0 wrseen=0x27 addr=0x5a ok=2933 err=0 tmo=0 recov=0 pclk1=200000000 sysclk=400000000
[CLK] cpu=800000000 sysb=400000000 pclk1=200000000
[DRV] init=0 id=7 mode=0x1 lib=0x2 seq=0x1 odc=0x8b sts=0xe0 armed=1
[TRG] pulses=116 suppressed=1404 cyc=1600 rst=1 rstmode=0x40
[HLT] polls=243 faults=0x0 cfglost=0
[EFF] n=5 last=58539 min=58539 max=58760 late=0 stuck=0
[DWT] ok=1 cyc=3293347866 cyc_per_ms=799999
[HB] up_ms=257641 frames=12241 inf=12241 hazard=1520 canary_err=0 q=0 qovr=0
[I2C] init=0 gate=0 whoami=0x140e0 wr=0 wrseen=0x27 addr=0x5a ok=2935 err=0 tmo=0 recov=0 pclk1=200000000 sysclk=400000000
[CLK] cpu=800000000 sysb=400000000 pclk1=200000000
[DRV] init=0 id=7 mode=0x1 lib=0x2 seq=0x1 odc=0x8b sts=0xe0 armed=1
[TRG] pulses=116 suppressed=1404 cyc=1600 rst=1 rstmode=0x40
[HLT] polls=244 faults=0x0 cfglost=0
[EFF] n=5 last=58539 min=58539 max=58760 late=0 stuck=0
[DWT] ok=1 cyc=4130947938 cyc_per_ms=800000
[HB] up_ms=258688 frames=12290 inf=12290 hazard=1530 canary_err=0 q=0 qovr=0
[I2C] init=0 gate=0 whoami=0x140e0 wr=0 wrseen=0x27 addr=0x5a ok=2937 err=0 tmo=0 recov=0 pclk1=200000000 sysclk=400000000
[CLK] cpu=800000000 sysb=400000000 pclk1=200000000
[DRV] init=0 id=7 mode=0x1 lib=0x2 seq=0x1 odc=0x8b sts=0xe0 armed=1
[TRG] pulses=117 suppressed=1415 cyc=1600 rst=1 rstmode=0x40
[HLT] polls=245 faults=0x0 cfglost=0
[EFF] n=5 last=58539 min=58539 max=58760 late=0 stuck=0
[DWT] ok=1 cyc=673582434 cyc_per_ms=800001
[HB] up_ms=259735 frames=12340 inf=12340 hazard=1560 canary_err=0 q=0 qovr=0
[I2C] init=0 gate=0 whoami=0x140e0 wr=0 wrseen=0x27 addr=0x5a ok=2939 err=0 tmo=0 recov=0 pclk1=200000000 sysclk=400000000
[CLK] cpu=800000000 sysb=400000000 pclk1=200000000
[DRV] init=0 id=7 mode=0x1 lib=0x2 seq=0x1 odc=0x8b sts=0xe0 armed=1
[TRG] pulses=119 suppressed=1441 cyc=1600 rst=1 rstmode=0x40
[HLT] polls=246 faults=0x0 cfglost=0
[EFF] n=5 last=58539 min=58539 max=58760 late=0 stuck=0
[DWT] ok=1 cyc=1511180574 cyc_per_ms=799998
[HB] up_ms=260782 frames=12390 inf=12390 hazard=1560 canary_err=0 q=0 qovr=0
[I2C] init=0 gate=0 whoami=0x140e0 wr=0 wrseen=0x27 addr=0x5a ok=2941 err=0 tmo=0 recov=0 pclk1=200000000 sysclk=400000000
[CLK] cpu=800000000 sysb=400000000 pclk1=200000000
[DRV] init=0 id=7 mode=0x1 lib=0x2 seq=0x1 odc=0x8b sts=0xe0 armed=1
[TRG] pulses=119 suppressed=1441 cyc=1600 rst=1 rstmode=0x40
[HLT] polls=247 faults=0x0 cfglost=0
[EFF] n=5 last=58539 min=58539 max=58760 late=0 stuck=0
[DWT] ok=1 cyc=2348780650 cyc_per_ms=800000
[HB] up_ms=261829 frames=12440 inf=12440 hazard=1560 canary_err=0 q=0 qovr=0
[I2C] init=0 gate=0 whoami=0x140e0 wr=0 wrseen=0x27 addr=0x5a ok=2943 err=0 tmo=0 recov=0 pclk1=200000000 sysclk=400000000
[CLK] cpu=800000000 sysb=400000000 pclk1=200000000
[DRV] init=0 id=7 mode=0x1 lib=0x2 seq=0x1 odc=0x8b sts=0xe0 armed=1
[TRG] pulses=119 suppressed=1441 cyc=1600 rst=1 rstmode=0x40
[HLT] polls=248 faults=0x0 cfglost=0
[EFF] n=5 last=58539 min=58539 max=58760 late=0 stuck=0
[DWT] ok=1 cyc=3186380622 cyc_per_ms=799999
[HB] up_ms=262876 frames=12490 inf=12490 hazard=1560 canary_err=0 q=0 qovr=0
[I2C] init=0 gate=0 whoami=0x140e0 wr=0 wrseen=0x27 addr=0x5a ok=2945 err=0 tmo=0 recov=0 pclk1=200000000 sysclk=400000000
[CLK] cpu=800000000 sysb=400000000 pclk1=200000000
[DRV] init=0 id=7 mode=0x1 lib=0x2 seq=0x1 odc=0x8b sts=0xe0 armed=1
[TRG] pulses=119 suppressed=1441 cyc=1600 rst=1 rstmode=0x40
[HLT] polls=249 faults=0x0 cfglost=0
[EFF] n=5 last=58539 min=58539 max=58760 late=0 stuck=0
[DWT] ok=1 cyc=4023980602 cyc_per_ms=799999
[HB] up_ms=263923 frames=12540 inf=12540 hazard=1560 canary_err=0 q=0 qovr=0
[I2C] init=0 gate=0 whoami=0x140e0 wr=0 wrseen=0x27 addr=0x5a ok=2947 err=0 tmo=0 recov=0 pclk1=200000000 sysclk=400000000
[CLK] cpu=800000000 sysb=400000000 pclk1=200000000
[DRV] init=0 id=7 mode=0x1 lib=0x2 seq=0x1 odc=0x8b sts=0xe0 armed=1
[TRG] pulses=119 suppressed=1441 cyc=1600 rst=1 rstmode=0x40
[HLT] polls=250 faults=0x0 cfglost=0
[EFF] n=5 last=58539 min=58539 max=58760 late=0 stuck=0
[DWT] ok=1 cyc=566613290 cyc_per_ms=799999
[HB] up_ms=264970 frames=12590 inf=12590 hazard=1560 canary_err=0 q=0 qovr=0
[I2C] init=0 gate=0 whoami=0x140e0 wr=0 wrseen=0x27 addr=0x5a ok=2949 err=0 tmo=0 recov=0 pclk1=200000000 sysclk=400000000
[CLK] cpu=800000000 sysb=400000000 pclk1=200000000
[DRV] init=0 id=7 mode=0x1 lib=0x2 seq=0x1 odc=0x8b sts=0xe0 armed=1
[TRG] pulses=119 suppressed=1441 cyc=1600 rst=1 rstmode=0x40
[HLT] polls=251 faults=0x0 cfglost=0
[EFF] n=5 last=58539 min=58539 max=58760 late=0 stuck=0
[DWT] ok=1 cyc=1404213254 cyc_per_ms=799999
[HB] up_ms=266017 frames=12639 inf=12639 hazard=1599 canary_err=0 q=0 qovr=0
[I2C] init=0 gate=0 whoami=0x140e0 wr=0 wrseen=0x27 addr=0x5a ok=2951 err=0 tmo=0 recov=0 pclk1=200000000 sysclk=400000000
[CLK] cpu=800000000 sysb=400000000 pclk1=200000000
[DRV] init=0 id=7 mode=0x1 lib=0x2 seq=0x1 odc=0x8b sts=0xe0 armed=1
[TRG] pulses=122 suppressed=1478 cyc=1600 rst=1 rstmode=0x40
[HLT] polls=252 faults=0x0 cfglost=0
[EFF] n=5 last=58539 min=58539 max=58760 late=0 stuck=0
[DWT] ok=1 cyc=2241814190 cyc_per_ms=800000
[HB] up_ms=267064 frames=12689 inf=12689 hazard=1600 canary_err=0 q=0 qovr=0
[I2C] init=0 gate=0 whoami=0x140e0 wr=0 wrseen=0x27 addr=0x5a ok=2953 err=0 tmo=0 recov=0 pclk1=200000000 sysclk=400000000
[CLK] cpu=800000000 sysb=400000000 pclk1=200000000
[DRV] init=0 id=7 mode=0x1 lib=0x2 seq=0x1 odc=0x8b sts=0xe0 armed=1
[TRG] pulses=122 suppressed=1478 cyc=1600 rst=1 rstmode=0x40
[HLT] polls=253 faults=0x0 cfglost=0
[EFF] n=5 last=58539 min=58539 max=58760 late=0 stuck=0
[DWT] ok=1 cyc=3079413266 cyc_per_ms=799999
[HB] up_ms=268111 frames=12739 inf=12739 hazard=1600 canary_err=0 q=0 qovr=0
[I2C] init=0 gate=0 whoami=0x140e0 wr=0 wrseen=0x27 addr=0x5a ok=2955 err=0 tmo=0 recov=0 pclk1=200000000 sysclk=400000000
[CLK] cpu=800000000 sysb=400000000 pclk1=200000000
[DRV] init=0 id=7 mode=0x1 lib=0x2 seq=0x1 odc=0x8b sts=0xe0 armed=1
[TRG] pulses=122 suppressed=1478 cyc=1600 rst=1 rstmode=0x40
[HLT] polls=254 faults=0x0 cfglost=0
[EFF] n=5 last=58539 min=58539 max=58760 late=0 stuck=0
[DWT] ok=1 cyc=3917013346 cyc_per_ms=800000
[HB] up_ms=269158 frames=12789 inf=12789 hazard=1600 canary_err=0 q=0 qovr=0
[I2C] init=0 gate=0 whoami=0x140e0 wr=0 wrseen=0x27 addr=0x5a ok=2957 err=0 tmo=0 recov=0 pclk1=200000000 sysclk=400000000
[CLK] cpu=800000000 sysb=400000000 pclk1=200000000
[DRV] init=0 id=7 mode=0x1 lib=0x2 seq=0x1 odc=0x8b sts=0xe0 armed=1
[TRG] pulses=122 suppressed=1478 cyc=1600 rst=1 rstmode=0x40
[HLT] polls=255 faults=0x0 cfglost=0
[EFF] n=5 last=58539 min=58539 max=58760 late=0 stuck=0
[DWT] ok=1 cyc=459646030 cyc_per_ms=799999
[HB] up_ms=270205 frames=12839 inf=12839 hazard=1600 canary_err=0 q=0 qovr=0
[I2C] init=0 gate=0 whoami=0x140e0 wr=0 wrseen=0x27 addr=0x5a ok=2959 err=0 tmo=0 recov=0 pclk1=200000000 sysclk=400000000
[CLK] cpu=800000000 sysb=400000000 pclk1=200000000
[DRV] init=0 id=7 mode=0x1 lib=0x2 seq=0x1 odc=0x8b sts=0xe0 armed=1
[TRG] pulses=122 suppressed=1478 cyc=1600 rst=1 rstmode=0x40
[HLT] polls=256 faults=0x0 cfglost=0
[EFF] n=5 last=58539 min=58539 max=58760 late=0 stuck=0
[DWT] ok=1 cyc=1297246010 cyc_per_ms=799999
[HB] up_ms=271252 frames=12889 inf=12889 hazard=1600 canary_err=0 q=0 qovr=0
[I2C] init=0 gate=0 whoami=0x140e0 wr=0 wrseen=0x27 addr=0x5a ok=2961 err=0 tmo=0 recov=0 pclk1=200000000 sysclk=400000000
[CLK] cpu=800000000 sysb=400000000 pclk1=200000000
[DRV] init=0 id=7 mode=0x1 lib=0x2 seq=0x1 odc=0x8b sts=0xe0 armed=1
[TRG] pulses=122 suppressed=1478 cyc=1600 rst=1 rstmode=0x40
[HLT] polls=257 faults=0x0 cfglost=0
[EFF] n=5 last=58539 min=58539 max=58760 late=0 stuck=0
[DWT] ok=1 cyc=2134845966 cyc_per_ms=799999
[HB] up_ms=272299 frames=12939 inf=12939 hazard=1619 canary_err=0 q=0 qovr=0
[I2C] init=0 gate=0 whoami=0x140e0 wr=0 wrseen=0x27 addr=0x5a ok=2963 err=0 tmo=0 recov=0 pclk1=200000000 sysclk=400000000
[CLK] cpu=800000000 sysb=400000000 pclk1=200000000
[DRV] init=0 id=7 mode=0x1 lib=0x2 seq=0x1 odc=0x8b sts=0xe0 armed=1
[TRG] pulses=124 suppressed=1496 cyc=1600 rst=1 rstmode=0x40
[HLT] polls=258 faults=0x0 cfglost=0
[EFF] n=5 last=58539 min=58539 max=58760 late=0 stuck=0
[DWT] ok=1 cyc=2972447810 cyc_per_ms=800001
[HB] up_ms=273346 frames=12988 inf=12988 hazard=1640 canary_err=0 q=0 qovr=0
[I2C] init=0 gate=0 whoami=0x140e0 wr=0 wrseen=0x27 addr=0x5a ok=2965 err=0 tmo=0 recov=0 pclk1=200000000 sysclk=400000000
[CLK] cpu=800000000 sysb=400000000 pclk1=200000000
[DRV] init=0 id=7 mode=0x1 lib=0x2 seq=0x1 odc=0x8b sts=0xe0 armed=1
[TRG] pulses=125 suppressed=1515 cyc=1600 rst=1 rstmode=0x40
[HLT] polls=259 faults=0x0 cfglost=0
[EFF] n=5 last=58539 min=58539 max=58760 late=0 stuck=0
[DWT] ok=1 cyc=3810046058 cyc_per_ms=799998
[HB] up_ms=274393 frames=13038 inf=13038 hazard=1640 canary_err=0 q=0 qovr=0
[I2C] init=0 gate=0 whoami=0x140e0 wr=0 wrseen=0x27 addr=0x5a ok=2967 err=0 tmo=0 recov=0 pclk1=200000000 sysclk=400000000
[CLK] cpu=800000000 sysb=400000000 pclk1=200000000
[DRV] init=0 id=7 mode=0x1 lib=0x2 seq=0x1 odc=0x8b sts=0xe0 armed=1
[TRG] pulses=125 suppressed=1515 cyc=1600 rst=1 rstmode=0x40
[HLT] polls=260 faults=0x0 cfglost=0
[EFF] n=5 last=58539 min=58539 max=58760 late=0 stuck=0
[DWT] ok=1 cyc=352678662 cyc_per_ms=799999
[HB] up_ms=275440 frames=13088 inf=13088 hazard=1640 canary_err=0 q=0 qovr=0
[I2C] init=0 gate=0 whoami=0x140e0 wr=0 wrseen=0x27 addr=0x5a ok=2969 err=0 tmo=0 recov=0 pclk1=200000000 sysclk=400000000
[CLK] cpu=800000000 sysb=400000000 pclk1=200000000
[DRV] init=0 id=7 mode=0x1 lib=0x2 seq=0x1 odc=0x8b sts=0xe0 armed=1
[TRG] pulses=125 suppressed=1515 cyc=1600 rst=1 rstmode=0x40
[HLT] polls=261 faults=0x0 cfglost=0
[EFF] n=5 last=58539 min=58539 max=58760 late=0 stuck=0
[DWT] ok=1 cyc=1190278730 cyc_per_ms=800000
[HB] up_ms=276487 frames=13138 inf=13138 hazard=1640 canary_err=0 q=0 qovr=0
[I2C] init=0 gate=0 whoami=0x140e0 wr=0 wrseen=0x27 addr=0x5a ok=2971 err=0 tmo=0 recov=0 pclk1=200000000 sysclk=400000000
[CLK] cpu=800000000 sysb=400000000 pclk1=200000000
[DRV] init=0 id=7 mode=0x1 lib=0x2 seq=0x1 odc=0x8b sts=0xe0 armed=1
[TRG] pulses=125 suppressed=1515 cyc=1600 rst=1 rstmode=0x40
[HLT] polls=262 faults=0x0 cfglost=0
[EFF] n=5 last=58539 min=58539 max=58760 late=0 stuck=0
[DWT] ok=1 cyc=2027878694 cyc_per_ms=799999
[HB] up_ms=277534 frames=13188 inf=13188 hazard=1640 canary_err=0 q=0 qovr=0
[I2C] init=0 gate=0 whoami=0x140e0 wr=0 wrseen=0x27 addr=0x5a ok=2973 err=0 tmo=0 recov=0 pclk1=200000000 sysclk=400000000
[CLK] cpu=800000000 sysb=400000000 pclk1=200000000
[DRV] init=0 id=7 mode=0x1 lib=0x2 seq=0x1 odc=0x8b sts=0xe0 armed=1
[TRG] pulses=125 suppressed=1515 cyc=1600 rst=1 rstmode=0x40
[HLT] polls=263 faults=0x0 cfglost=0
[EFF] n=5 last=58539 min=58539 max=58760 late=0 stuck=0
[DWT] ok=1 cyc=2865478758 cyc_per_ms=800000
[HB] up_ms=278581 frames=13238 inf=13238 hazard=1640 canary_err=0 q=0 qovr=0
[I2C] init=0 gate=0 whoami=0x140e0 wr=0 wrseen=0x27 addr=0x5a ok=2975 err=0 tmo=0 recov=0 pclk1=200000000 sysclk=400000000
[CLK] cpu=800000000 sysb=400000000 pclk1=200000000
[DRV] init=0 id=7 mode=0x1 lib=0x2 seq=0x1 odc=0x8b sts=0xe0 armed=1
[TRG] pulses=125 suppressed=1515 cyc=1600 rst=1 rstmode=0x40
[HLT] polls=264 faults=0x0 cfglost=0
[EFF] n=5 last=58539 min=58539 max=58760 late=0 stuck=0
[DWT] ok=1 cyc=3703078730 cyc_per_ms=799999
[HB] up_ms=279628 frames=13288 inf=13288 hazard=1680 canary_err=0 q=0 qovr=0
[I2C] init=0 gate=0 whoami=0x140e0 wr=0 wrseen=0x27 addr=0x5a ok=2977 err=0 tmo=0 recov=0 pclk1=200000000 sysclk=400000000
[CLK] cpu=800000000 sysb=400000000 pclk1=200000000
[DRV] init=0 id=7 mode=0x1 lib=0x2 seq=0x1 odc=0x8b sts=0xe0 armed=1
[TRG] pulses=128 suppressed=1552 cyc=1600 rst=1 rstmode=0x40
[HLT] polls=265 faults=0x0 cfglost=0
[EFF] n=5 last=58539 min=58539 max=58760 late=0 stuck=0
[DWT] ok=1 cyc=245711414 cyc_per_ms=799999
[HB] up_ms=280675 frames=13337 inf=13337 hazard=1680 canary_err=0 q=0 qovr=0
[I2C] init=0 gate=0 whoami=0x140e0 wr=0 wrseen=0x27 addr=0x5a ok=2979 err=0 tmo=0 recov=0 pclk1=200000000 sysclk=400000000
[CLK] cpu=800000000 sysb=400000000 pclk1=200000000
[DRV] init=0 id=7 mode=0x1 lib=0x2 seq=0x1 odc=0x8b sts=0xe0 armed=1
[TRG] pulses=128 suppressed=1552 cyc=1600 rst=1 rstmode=0x40
[HLT] polls=266 faults=0x0 cfglost=0
[EFF] n=5 last=58539 min=58539 max=58760 late=0 stuck=0
[DWT] ok=1 cyc=1083311426 cyc_per_ms=800000
[HB] up_ms=281722 frames=13387 inf=13387 hazard=1680 canary_err=0 q=0 qovr=0
[I2C] init=0 gate=0 whoami=0x140e0 wr=0 wrseen=0x27 addr=0x5a ok=2981 err=0 tmo=0 recov=0 pclk1=200000000 sysclk=400000000
[CLK] cpu=800000000 sysb=400000000 pclk1=200000000
[DRV] init=0 id=7 mode=0x1 lib=0x2 seq=0x1 odc=0x8b sts=0xe0 armed=1
[TRG] pulses=128 suppressed=1552 cyc=1600 rst=1 rstmode=0x40
[HLT] polls=267 faults=0x0 cfglost=0
[EFF] n=5 last=58539 min=58539 max=58760 late=0 stuck=0
[DWT] ok=1 cyc=1920911422 cyc_per_ms=799999
[HB] up_ms=282769 frames=13437 inf=13437 hazard=1680 canary_err=0 q=0 qovr=0
[I2C] init=0 gate=0 whoami=0x140e0 wr=0 wrseen=0x27 addr=0x5a ok=2983 err=0 tmo=0 recov=0 pclk1=200000000 sysclk=400000000
[CLK] cpu=800000000 sysb=400000000 pclk1=200000000
[DRV] init=0 id=7 mode=0x1 lib=0x2 seq=0x1 odc=0x8b sts=0xe0 armed=1
[TRG] pulses=128 suppressed=1552 cyc=1600 rst=1 rstmode=0x40
[HLT] polls=268 faults=0x0 cfglost=0
[EFF] n=5 last=58539 min=58539 max=58760 late=0 stuck=0
[DWT] ok=1 cyc=2758511390 cyc_per_ms=799999
[HB] up_ms=283816 frames=13487 inf=13487 hazard=1680 canary_err=0 q=0 qovr=0
[I2C] init=0 gate=0 whoami=0x140e0 wr=0 wrseen=0x27 addr=0x5a ok=2985 err=0 tmo=0 recov=0 pclk1=200000000 sysclk=400000000
[CLK] cpu=800000000 sysb=400000000 pclk1=200000000
[DRV] init=0 id=7 mode=0x1 lib=0x2 seq=0x1 odc=0x8b sts=0xe0 armed=1
[TRG] pulses=128 suppressed=1552 cyc=1600 rst=1 rstmode=0x40
[HLT] polls=269 faults=0x0 cfglost=0
[EFF] n=5 last=58539 min=58539 max=58760 late=0 stuck=0
[DWT] ok=1 cyc=3596111366 cyc_per_ms=799999
[HB] up_ms=284863 frames=13537 inf=13537 hazard=1680 canary_err=0 q=0 qovr=0
[I2C] init=0 gate=0 whoami=0x140e0 wr=0 wrseen=0x27 addr=0x5a ok=2987 err=0 tmo=0 recov=0 pclk1=200000000 sysclk=400000000
[CLK] cpu=800000000 sysb=400000000 pclk1=200000000
[DRV] init=0 id=7 mode=0x1 lib=0x2 seq=0x1 odc=0x8b sts=0xe0 armed=1
[TRG] pulses=128 suppressed=1552 cyc=1600 rst=1 rstmode=0x40
[HLT] polls=270 faults=0x0 cfglost=0
[EFF] n=5 last=58539 min=58539 max=58760 late=0 stuck=0
[DWT] ok=1 cyc=138744146 cyc_per_ms=800000
[HB] up_ms=285910 frames=13587 inf=13587 hazard=1707 canary_err=0 q=0 qovr=0
[I2C] init=0 gate=0 whoami=0x140e0 wr=0 wrseen=0x27 addr=0x5a ok=2989 err=0 tmo=0 recov=0 pclk1=200000000 sysclk=400000000
[CLK] cpu=800000000 sysb=400000000 pclk1=200000000
[DRV] init=0 id=7 mode=0x1 lib=0x2 seq=0x1 odc=0x8b sts=0xe0 armed=1
[TRG] pulses=130 suppressed=1578 cyc=1600 rst=1 rstmode=0x40
[HLT] polls=271 faults=0x0 cfglost=0
[EFF] n=5 last=58539 min=58539 max=58760 late=0 stuck=0
[DWT] ok=1 cyc=976348382 cyc_per_ms=800004
[HB] up_ms=286957 frames=13637 inf=13637 hazard=1720 canary_err=0 q=0 qovr=0
[I2C] init=0 gate=0 whoami=0x140e0 wr=0 wrseen=0x27 addr=0x5a ok=2991 err=0 tmo=0 recov=0 pclk1=200000000 sysclk=400000000
[CLK] cpu=800000000 sysb=400000000 pclk1=200000000
[DRV] init=0 id=7 mode=0x1 lib=0x2 seq=0x1 odc=0x8b sts=0xe0 armed=1
[TRG] pulses=131 suppressed=1589 cyc=1600 rst=1 rstmode=0x40
[HLT] polls=272 faults=0x0 cfglost=0
[EFF] n=5 last=58539 min=58539 max=58760 late=0 stuck=0
[DWT] ok=1 cyc=1813944090 cyc_per_ms=799995
[HB] up_ms=288004 frames=13686 inf=13686 hazard=1720 canary_err=0 q=0 qovr=0
[I2C] init=0 gate=0 whoami=0x140e0 wr=0 wrseen=0x27 addr=0x5a ok=2993 err=0 tmo=0 recov=0 pclk1=200000000 sysclk=400000000
[CLK] cpu=800000000 sysb=400000000 pclk1=200000000
[DRV] init=0 id=7 mode=0x1 lib=0x2 seq=0x1 odc=0x8b sts=0xe0 armed=1
[TRG] pulses=131 suppressed=1589 cyc=1600 rst=1 rstmode=0x40
[HLT] polls=273 faults=0x0 cfglost=0
[EFF] n=5 last=58539 min=58539 max=58760 late=0 stuck=0
[DWT] ok=1 cyc=2651544082 cyc_per_ms=799999
[HB] up_ms=289051 frames=13736 inf=13736 hazard=1720 canary_err=0 q=0 qovr=0
[I2C] init=0 gate=0 whoami=0x140e0 wr=0 wrseen=0x27 addr=0x5a ok=2995 err=0 tmo=0 recov=0 pclk1=200000000 sysclk=400000000
[CLK] cpu=800000000 sysb=400000000 pclk1=200000000
[DRV] init=0 id=7 mode=0x1 lib=0x2 seq=0x1 odc=0x8b sts=0xe0 armed=1
[TRG] pulses=131 suppressed=1589 cyc=1600 rst=1 rstmode=0x40
[HLT] polls=274 faults=0x0 cfglost=0
[EFF] n=5 last=58539 min=58539 max=58760 late=0 stuck=0
[DWT] ok=1 cyc=3489144082 cyc_per_ms=800000
[HB] up_ms=290098 frames=13786 inf=13786 hazard=1720 canary_err=0 q=0 qovr=0
[I2C] init=0 gate=0 whoami=0x140e0 wr=0 wrseen=0x27 addr=0x5a ok=2997 err=0 tmo=0 recov=0 pclk1=200000000 sysclk=400000000
[CLK] cpu=800000000 sysb=400000000 pclk1=200000000
[DRV] init=0 id=7 mode=0x1 lib=0x2 seq=0x1 odc=0x8b sts=0xe0 armed=1
[TRG] pulses=131 suppressed=1589 cyc=1600 rst=1 rstmode=0x40
[HLT] polls=275 faults=0x0 cfglost=0
[EFF] n=5 last=58539 min=58539 max=58760 late=0 stuck=0
[DWT] ok=1 cyc=31776866 cyc_per_ms=800000
[HB] up_ms=291145 frames=13836 inf=13836 hazard=1720 canary_err=0 q=0 qovr=0
[I2C] init=0 gate=0 whoami=0x140e0 wr=0 wrseen=0x27 addr=0x5a ok=2999 err=0 tmo=0 recov=0 pclk1=200000000 sysclk=400000000
[CLK] cpu=800000000 sysb=400000000 pclk1=200000000
[DRV] init=0 id=7 mode=0x1 lib=0x2 seq=0x1 odc=0x8b sts=0xe0 armed=1
[TRG] pulses=131 suppressed=1589 cyc=1600 rst=1 rstmode=0x40
[HLT] polls=276 faults=0x0 cfglost=0
[EFF] n=5 last=58539 min=58539 max=58760 late=0 stuck=0
[DWT] ok=1 cyc=869376834 cyc_per_ms=799999
[HB] up_ms=292192 frames=13886 inf=13886 hazard=1726 canary_err=0 q=0 qovr=0
[I2C] init=0 gate=0 whoami=0x140e0 wr=0 wrseen=0x27 addr=0x5a ok=3001 err=0 tmo=0 recov=0 pclk1=200000000 sysclk=400000000
[CLK] cpu=800000000 sysb=400000000 pclk1=200000000
[DRV] init=0 id=7 mode=0x1 lib=0x2 seq=0x1 odc=0x8b sts=0xe0 armed=1
[TRG] pulses=132 suppressed=1595 cyc=1600 rst=1 rstmode=0x40
[HLT] polls=277 faults=0x0 cfglost=0
[EFF] n=5 last=58539 min=58539 max=58760 late=0 stuck=0
[DWT] ok=1 cyc=1706978686 cyc_per_ms=800001
[HB] up_ms=293239 frames=13936 inf=13936 hazard=1760 canary_err=0 q=0 qovr=0
[I2C] init=0 gate=0 whoami=0x140e0 wr=0 wrseen=0x27 addr=0x5a ok=3003 err=0 tmo=0 recov=0 pclk1=200000000 sysclk=400000000
[CLK] cpu=800000000 sysb=400000000 pclk1=200000000
[DRV] init=0 id=7 mode=0x1 lib=0x2 seq=0x1 odc=0x8b sts=0xe0 armed=1
[TRG] pulses=134 suppressed=1626 cyc=1600 rst=1 rstmode=0x40
[HLT] polls=278 faults=0x0 cfglost=0
[EFF] n=5 last=58539 min=58539 max=58760 late=0 stuck=0
[DWT] ok=1 cyc=2544576874 cyc_per_ms=799998
[HB] up_ms=294286 frames=13986 inf=13986 hazard=1760 canary_err=0 q=0 qovr=0
[I2C] init=0 gate=0 whoami=0x140e0 wr=0 wrseen=0x27 addr=0x5a ok=3005 err=0 tmo=0 recov=0 pclk1=200000000 sysclk=400000000
[CLK] cpu=800000000 sysb=400000000 pclk1=200000000
[DRV] init=0 id=7 mode=0x1 lib=0x2 seq=0x1 odc=0x8b sts=0xe0 armed=1
[TRG] pulses=134 suppressed=1626 cyc=1600 rst=1 rstmode=0x40
[HLT] polls=279 faults=0x0 cfglost=0
[EFF] n=5 last=58539 min=58539 max=58760 late=0 stuck=0
[DWT] ok=1 cyc=3382176850 cyc_per_ms=799999
[HB] up_ms=295333 frames=14035 inf=14035 hazard=1760 canary_err=0 q=0 qovr=0
[I2C] init=0 gate=0 whoami=0x140e0 wr=0 wrseen=0x27 addr=0x5a ok=3007 err=0 tmo=0 recov=0 pclk1=200000000 sysclk=400000000
[CLK] cpu=800000000 sysb=400000000 pclk1=200000000
[DRV] init=0 id=7 mode=0x1 lib=0x2 seq=0x1 odc=0x8b sts=0xe0 armed=1
[TRG] pulses=134 suppressed=1626 cyc=1600 rst=1 rstmode=0x40
[HLT] polls=280 faults=0x0 cfglost=0
[EFF] n=5 last=58539 min=58539 max=58760 late=0 stuck=0
[DWT] ok=1 cyc=4219776858 cyc_per_ms=800000
[HB] up_ms=296380 frames=14085 inf=14085 hazard=1760 canary_err=0 q=0 qovr=0
[I2C] init=0 gate=0 whoami=0x140e0 wr=0 wrseen=0x27 addr=0x5a ok=3009 err=0 tmo=0 recov=0 pclk1=200000000 sysclk=400000000
[CLK] cpu=800000000 sysb=400000000 pclk1=200000000
[DRV] init=0 id=7 mode=0x1 lib=0x2 seq=0x1 odc=0x8b sts=0xe0 armed=1
[TRG] pulses=134 suppressed=1626 cyc=1600 rst=1 rstmode=0x40
[HLT] polls=281 faults=0x0 cfglost=0
[EFF] n=5 last=58539 min=58539 max=58760 late=0 stuck=0
[DWT] ok=1 cyc=762409578 cyc_per_ms=800000
[HB] up_ms=297427 frames=14135 inf=14135 hazard=1760 canary_err=0 q=0 qovr=0
[I2C] init=0 gate=0 whoami=0x140e0 wr=0 wrseen=0x27 addr=0x5a ok=3011 err=0 tmo=0 recov=0 pclk1=200000000 sysclk=400000000
[CLK] cpu=800000000 sysb=400000000 pclk1=200000000
[DRV] init=0 id=7 mode=0x1 lib=0x2 seq=0x1 odc=0x8b sts=0xe0 armed=1
[TRG] pulses=134 suppressed=1626 cyc=1600 rst=1 rstmode=0x40
[HLT] polls=282 faults=0x0 cfglost=0
[EFF] n=5 last=58539 min=58539 max=58760 late=0 stuck=0
[DWT] ok=1 cyc=1600009562 cyc_per_ms=799999
[HB] up_ms=298474 frames=14185 inf=14185 hazard=1760 canary_err=0 q=0 qovr=0
[I2C] init=0 gate=0 whoami=0x140e0 wr=0 wrseen=0x27 addr=0x5a ok=3013 err=0 tmo=0 recov=0 pclk1=200000000 sysclk=400000000
[CLK] cpu=800000000 sysb=400000000 pclk1=200000000
[DRV] init=0 id=7 mode=0x1 lib=0x2 seq=0x1 odc=0x8b sts=0xe0 armed=1
[TRG] pulses=134 suppressed=1626 cyc=1600 rst=1 rstmode=0x40
[HLT] polls=283 faults=0x0 cfglost=0
[EFF] n=5 last=58539 min=58539 max=58760 late=0 stuck=0
[DWT] ok=1 cyc=2437609538 cyc_per_ms=799999
[HB] up_ms=299521 frames=14235 inf=14235 hazard=1795 canary_err=0 q=0 qovr=0
[I2C] init=0 gate=0 whoami=0x140e0 wr=0 wrseen=0x27 addr=0x5a ok=3015 err=0 tmo=0 recov=0 pclk1=200000000 sysclk=400000000
[CLK] cpu=800000000 sysb=400000000 pclk1=200000000
[DRV] init=0 id=7 mode=0x1 lib=0x2 seq=0x1 odc=0x8b sts=0xe0 armed=1
[TRG] pulses=137 suppressed=1659 cyc=1600 rst=1 rstmode=0x40
[HLT] polls=284 faults=0x0 cfglost=0
[EFF] n=5 last=58539 min=58539 max=58760 late=0 stuck=0
[DWT] ok=1 cyc=3275211374 cyc_per_ms=800001
[HB] up_ms=300568 frames=14285 inf=14285 hazard=1800 canary_err=0 q=0 qovr=0
[I2C] init=0 gate=0 whoami=0x140e0 wr=0 wrseen=0x27 addr=0x5a ok=3017 err=0 tmo=0 recov=0 pclk1=200000000 sysclk=400000000
[CLK] cpu=800000000 sysb=400000000 pclk1=200000000
[DRV] init=0 id=7 mode=0x1 lib=0x2 seq=0x1 odc=0x8b sts=0xe0 armed=1
[TRG] pulses=137 suppressed=1663 cyc=1600 rst=1 rstmode=0x40
[HLT] polls=285 faults=0x0 cfglost=0
[EFF] n=5 last=58539 min=58539 max=58760 late=0 stuck=0
[DWT] ok=1 cyc=4112809486 cyc_per_ms=799998
[HB] up_ms=301615 frames=14335 inf=14335 hazard=1800 canary_err=0 q=0 qovr=0
[I2C] init=0 gate=0 whoami=0x140e0 wr=0 wrseen=0x27 addr=0x5a ok=3019 err=0 tmo=0 recov=0 pclk1=200000000 sysclk=400000000
[CLK] cpu=800000000 sysb=400000000 pclk1=200000000
[DRV] init=0 id=7 mode=0x1 lib=0x2 seq=0x1 odc=0x8b sts=0xe0 armed=1
[TRG] pulses=137 suppressed=1663 cyc=1600 rst=1 rstmode=0x40
[HLT] polls=286 faults=0x0 cfglost=0
[EFF] n=5 last=58539 min=58539 max=58760 late=0 stuck=0
[DWT] ok=1 cyc=655442262 cyc_per_ms=800000
[HB] up_ms=302662 frames=14384 inf=14384 hazard=1800 canary_err=0 q=0 qovr=0
[I2C] init=0 gate=0 whoami=0x140e0 wr=0 wrseen=0x27 addr=0x5a ok=3021 err=0 tmo=0 recov=0 pclk1=200000000 sysclk=400000000
[CLK] cpu=800000000 sysb=400000000 pclk1=200000000
[DRV] init=0 id=7 mode=0x1 lib=0x2 seq=0x1 odc=0x8b sts=0xe0 armed=1
[TRG] pulses=137 suppressed=1663 cyc=1600 rst=1 rstmode=0x40
[HLT] polls=287 faults=0x0 cfglost=0
[EFF] n=5 last=58539 min=58539 max=58760 late=0 stuck=0
[DWT] ok=1 cyc=1493042266 cyc_per_ms=800000
[HB] up_ms=303709 frames=14434 inf=14434 hazard=1800 canary_err=0 q=0 qovr=0
[I2C] init=0 gate=0 whoami=0x140e0 wr=0 wrseen=0x27 addr=0x5a ok=3023 err=0 tmo=0 recov=0 pclk1=200000000 sysclk=400000000
[CLK] cpu=800000000 sysb=400000000 pclk1=200000000
[DRV] init=0 id=7 mode=0x1 lib=0x2 seq=0x1 odc=0x8b sts=0xe0 armed=1
[TRG] pulses=137 suppressed=1663 cyc=1600 rst=1 rstmode=0x40
[HLT] polls=288 faults=0x0 cfglost=0
[EFF] n=5 last=58539 min=58539 max=58760 late=0 stuck=0
[DWT] ok=1 cyc=2330642282 cyc_per_ms=800000
[HB] up_ms=304756 frames=14484 inf=14484 hazard=1800 canary_err=0 q=0 qovr=0
[I2C] init=0 gate=0 whoami=0x140e0 wr=0 wrseen=0x27 addr=0x5a ok=3025 err=0 tmo=0 recov=0 pclk1=200000000 sysclk=400000000
[CLK] cpu=800000000 sysb=400000000 pclk1=200000000
[DRV] init=0 id=7 mode=0x1 lib=0x2 seq=0x1 odc=0x8b sts=0xe0 armed=1
[TRG] pulses=137 suppressed=1663 cyc=1600 rst=1 rstmode=0x40
[HLT] polls=289 faults=0x0 cfglost=0
[EFF] n=5 last=58539 min=58539 max=58760 late=0 stuck=0
[DWT] ok=1 cyc=3168242250 cyc_per_ms=799999
[HB] up_ms=305803 frames=14534 inf=14534 hazard=1814 canary_err=0 q=0 qovr=0
[I2C] init=0 gate=0 whoami=0x140e0 wr=0 wrseen=0x27 addr=0x5a ok=3027 err=0 tmo=0 recov=0 pclk1=200000000 sysclk=400000000
[CLK] cpu=800000000 sysb=400000000 pclk1=200000000
[DRV] init=0 id=7 mode=0x1 lib=0x2 seq=0x1 odc=0x8b sts=0xe0 armed=1
[TRG] pulses=139 suppressed=1676 cyc=1600 rst=1 rstmode=0x40
[HLT] polls=290 faults=0x0 cfglost=0
[EFF] n=5 last=58539 min=58539 max=58760 late=0 stuck=0
[DWT] ok=1 cyc=4005846526 cyc_per_ms=800004
[HB] up_ms=306850 frames=14584 inf=14584 hazard=1840 canary_err=0 q=0 qovr=0
[I2C] init=0 gate=0 whoami=0x140e0 wr=0 wrseen=0x27 addr=0x5a ok=3029 err=0 tmo=0 recov=0 pclk1=200000000 sysclk=400000000
[CLK] cpu=800000000 sysb=400000000 pclk1=200000000
[DRV] init=0 id=7 mode=0x1 lib=0x2 seq=0x1 odc=0x8b sts=0xe0 armed=1
[TRG] pulses=140 suppressed=1700 cyc=1600 rst=1 rstmode=0x40
[HLT] polls=291 faults=0x0 cfglost=0
[EFF] n=5 last=58539 min=58539 max=58760 late=0 stuck=0
[DWT] ok=1 cyc=548474922 cyc_per_ms=799995
[HB] up_ms=307897 frames=14634 inf=14634 hazard=1840 canary_err=0 q=0 qovr=0
[I2C] init=0 gate=0 whoami=0x140e0 wr=0 wrseen=0x27 addr=0x5a ok=3031 err=0 tmo=0 recov=0 pclk1=200000000 sysclk=400000000
[CLK] cpu=800000000 sysb=400000000 pclk1=200000000
[DRV] init=0 id=7 mode=0x1 lib=0x2 seq=0x1 odc=0x8b sts=0xe0 armed=1
[TRG] pulses=140 suppressed=1700 cyc=1600 rst=1 rstmode=0x40
[HLT] polls=292 faults=0x0 cfglost=0
[EFF] n=5 last=58539 min=58539 max=58760 late=0 stuck=0
[DWT] ok=1 cyc=1386074986 cyc_per_ms=800000
[HB] up_ms=308944 frames=14684 inf=14684 hazard=1840 canary_err=0 q=0 qovr=0
[I2C] init=0 gate=0 whoami=0x140e0 wr=0 wrseen=0x27 addr=0x5a ok=3033 err=0 tmo=0 recov=0 pclk1=200000000 sysclk=400000000
[CLK] cpu=800000000 sysb=400000000 pclk1=200000000
[DRV] init=0 id=7 mode=0x1 lib=0x2 seq=0x1 odc=0x8b sts=0xe0 armed=1
[TRG] pulses=140 suppressed=1700 cyc=1600 rst=1 rstmode=0x40
[HLT] polls=293 faults=0x0 cfglost=0
[EFF] n=5 last=58539 min=58539 max=58760 late=0 stuck=0
[DWT] ok=1 cyc=2223674962 cyc_per_ms=799999
[HB] up_ms=309991 frames=14733 inf=14733 hazard=1840 canary_err=0 q=0 qovr=0
[I2C] init=0 gate=0 whoami=0x140e0 wr=0 wrseen=0x27 addr=0x5a ok=3035 err=0 tmo=0 recov=0 pclk1=200000000 sysclk=400000000
[CLK] cpu=800000000 sysb=400000000 pclk1=200000000
[DRV] init=0 id=7 mode=0x1 lib=0x2 seq=0x1 odc=0x8b sts=0xe0 armed=1
[TRG] pulses=140 suppressed=1700 cyc=1600 rst=1 rstmode=0x40
[HLT] polls=294 faults=0x0 cfglost=0
[EFF] n=5 last=58539 min=58539 max=58760 late=0 stuck=0
[DWT] ok=1 cyc=3061274970 cyc_per_ms=800000
[HB] up_ms=311038 frames=14783 inf=14783 hazard=1840 canary_err=0 q=0 qovr=0
[I2C] init=0 gate=0 whoami=0x140e0 wr=0 wrseen=0x27 addr=0x5a ok=3037 err=0 tmo=0 recov=0 pclk1=200000000 sysclk=400000000
[CLK] cpu=800000000 sysb=400000000 pclk1=200000000
[DRV] init=0 id=7 mode=0x1 lib=0x2 seq=0x1 odc=0x8b sts=0xe0 armed=1
[TRG] pulses=140 suppressed=1700 cyc=1600 rst=1 rstmode=0x40
[HLT] polls=295 faults=0x0 cfglost=0
[EFF] n=5 last=58539 min=58539 max=58760 late=0 stuck=0
[DWT] ok=1 cyc=3898874986 cyc_per_ms=800000
[HB] up_ms=312085 frames=14833 inf=14833 hazard=1840 canary_err=0 q=0 qovr=0
[I2C] init=0 gate=0 whoami=0x140e0 wr=0 wrseen=0x27 addr=0x5a ok=3039 err=0 tmo=0 recov=0 pclk1=200000000 sysclk=400000000
[CLK] cpu=800000000 sysb=400000000 pclk1=200000000
[DRV] init=0 id=7 mode=0x1 lib=0x2 seq=0x1 odc=0x8b sts=0xe0 armed=1
[TRG] pulses=140 suppressed=1700 cyc=1600 rst=1 rstmode=0x40
[HLT] polls=296 faults=0x0 cfglost=0
[EFF] n=5 last=58539 min=58539 max=58760 late=0 stuck=0
[DWT] ok=1 cyc=441507658 cyc_per_ms=799999
[HB] up_ms=313132 frames=14883 inf=14883 hazard=1880 canary_err=0 q=0 qovr=0
[I2C] init=0 gate=0 whoami=0x140e0 wr=0 wrseen=0x27 addr=0x5a ok=3041 err=0 tmo=0 recov=0 pclk1=200000000 sysclk=400000000
[CLK] cpu=800000000 sysb=400000000 pclk1=200000000
[DRV] init=0 id=7 mode=0x1 lib=0x2 seq=0x1 odc=0x8b sts=0xe0 armed=1
[TRG] pulses=143 suppressed=1737 cyc=1600 rst=1 rstmode=0x40
[HLT] polls=297 faults=0x0 cfglost=0
[EFF] n=5 last=58539 min=58539 max=58760 late=0 stuck=0
[DWT] ok=1 cyc=1279107622 cyc_per_ms=799999
[HB] up_ms=314179 frames=14933 inf=14933 hazard=1880 canary_err=0 q=0 qovr=0
[I2C] init=0 gate=0 whoami=0x140e0 wr=0 wrseen=0x27 addr=0x5a ok=3043 err=0 tmo=0 recov=0 pclk1=200000000 sysclk=400000000
[CLK] cpu=800000000 sysb=400000000 pclk1=200000000
[DRV] init=0 id=7 mode=0x1 lib=0x2 seq=0x1 odc=0x8b sts=0xe0 armed=1
[TRG] pulses=143 suppressed=1737 cyc=1600 rst=1 rstmode=0x40
[HLT] polls=298 faults=0x0 cfglost=0
[EFF] n=5 last=58539 min=58539 max=58760 late=0 stuck=0
[DWT] ok=1 cyc=2116707686 cyc_per_ms=800000
[HB] up_ms=315226 frames=14983 inf=14983 hazard=1880 canary_err=0 q=0 qovr=0
[I2C] init=0 gate=0 whoami=0x140e0 wr=0 wrseen=0x27 addr=0x5a ok=3045 err=0 tmo=0 recov=0 pclk1=200000000 sysclk=400000000
[CLK] cpu=800000000 sysb=400000000 pclk1=200000000
[DRV] init=0 id=7 mode=0x1 lib=0x2 seq=0x1 odc=0x8b sts=0xe0 armed=1
[TRG] pulses=143 suppressed=1737 cyc=1600 rst=1 rstmode=0x40
[HLT] polls=299 faults=0x0 cfglost=0
[EFF] n=5 last=58539 min=58539 max=58760 late=0 stuck=0
[DWT] ok=1 cyc=2954307650 cyc_per_ms=799999
[HB] up_ms=316273 frames=15033 inf=15033 hazard=1880 canary_err=0 q=0 qovr=0
[I2C] init=0 gate=0 whoami=0x140e0 wr=0 wrseen=0x27 addr=0x5a ok=3047 err=0 tmo=0 recov=0 pclk1=200000000 sysclk=400000000
[CLK] cpu=800000000 sysb=400000000 pclk1=200000000
[DRV] init=0 id=7 mode=0x1 lib=0x2 seq=0x1 odc=0x8b sts=0xe0 armed=1
[TRG] pulses=143 suppressed=1737 cyc=1600 rst=1 rstmode=0x40
[HLT] polls=300 faults=0x0 cfglost=0
[EFF] n=5 last=58539 min=58539 max=58760 late=0 stuck=0
[DWT] ok=1 cyc=3791907610 cyc_per_ms=799999
[HB] up_ms=317320 frames=15082 inf=15082 hazard=1880 canary_err=0 q=0 qovr=0
[I2C] init=0 gate=0 whoami=0x140e0 wr=0 wrseen=0x27 addr=0x5a ok=3049 err=0 tmo=0 recov=0 pclk1=200000000 sysclk=400000000
[CLK] cpu=800000000 sysb=400000000 pclk1=200000000
[DRV] init=0 id=7 mode=0x1 lib=0x2 seq=0x1 odc=0x8b sts=0xe0 armed=1
[TRG] pulses=143 suppressed=1737 cyc=1600 rst=1 rstmode=0x40
[HLT] polls=301 faults=0x0 cfglost=0
[EFF] n=5 last=58539 min=58539 max=58760 late=0 stuck=0
[DWT] ok=1 cyc=334540334 cyc_per_ms=800000
[HB] up_ms=318367 frames=15132 inf=15132 hazard=1880 canary_err=0 q=0 qovr=0
[I2C] init=0 gate=0 whoami=0x140e0 wr=0 wrseen=0x27 addr=0x5a ok=3051 err=0 tmo=0 recov=0 pclk1=200000000 sysclk=400000000
[CLK] cpu=800000000 sysb=400000000 pclk1=200000000
[DRV] init=0 id=7 mode=0x1 lib=0x2 seq=0x1 odc=0x8b sts=0xe0 armed=1
[TRG] pulses=143 suppressed=1737 cyc=1600 rst=1 rstmode=0x40
[HLT] polls=302 faults=0x0 cfglost=0
[EFF] n=5 last=58539 min=58539 max=58760 late=0 stuck=0
[DWT] ok=1 cyc=1172140338 cyc_per_ms=800000
[HB] up_ms=319414 frames=15182 inf=15182 hazard=1902 canary_err=0 q=0 qovr=0
[I2C] init=0 gate=0 whoami=0x140e0 wr=0 wrseen=0x27 addr=0x5a ok=3053 err=0 tmo=0 recov=0 pclk1=200000000 sysclk=400000000
[CLK] cpu=800000000 sysb=400000000 pclk1=200000000
[DRV] init=0 id=7 mode=0x1 lib=0x2 seq=0x1 odc=0x8b sts=0xe0 armed=1
[TRG] pulses=145 suppressed=1758 cyc=1600 rst=1 rstmode=0x40
[HLT] polls=303 faults=0x0 cfglost=0
[EFF] n=5 last=58539 min=58539 max=58760 late=0 stuck=0
[DWT] ok=1 cyc=2009742178 cyc_per_ms=800001
[HB] up_ms=320461 frames=15232 inf=15232 hazard=1920 canary_err=0 q=0 qovr=0
[I2C] init=0 gate=0 whoami=0x140e0 wr=0 wrseen=0x27 addr=0x5a ok=3055 err=0 tmo=0 recov=0 pclk1=200000000 sysclk=400000000
[CLK] cpu=800000000 sysb=400000000 pclk1=200000000
[DRV] init=0 id=7 mode=0x1 lib=0x2 seq=0x1 odc=0x8b sts=0xe0 armed=1
[TRG] pulses=146 suppressed=1774 cyc=1600 rst=1 rstmode=0x40
[HLT] polls=304 faults=0x0 cfglost=0
[EFF] n=5 last=58539 min=58539 max=58760 late=0 stuck=0
[DWT] ok=1 cyc=2847340378 cyc_per_ms=799998
[HB] up_ms=321508 frames=15282 inf=15282 hazard=1920 canary_err=0 q=0 qovr=0
[I2C] init=0 gate=0 whoami=0x140e0 wr=0 wrseen=0x27 addr=0x5a ok=3057 err=0 tmo=0 recov=0 pclk1=200000000 sysclk=400000000
[CLK] cpu=800000000 sysb=400000000 pclk1=200000000
[DRV] init=0 id=7 mode=0x1 lib=0x2 seq=0x1 odc=0x8b sts=0xe0 armed=1
[TRG] pulses=146 suppressed=1774 cyc=1600 rst=1 rstmode=0x40
[HLT] polls=305 faults=0x0 cfglost=0
[EFF] n=5 last=58539 min=58539 max=58760 late=0 stuck=0
[DWT] ok=1 cyc=3684940362 cyc_per_ms=799999
[HB] up_ms=322555 frames=15332 inf=15332 hazard=1920 canary_err=0 q=0 qovr=0
[I2C] init=0 gate=0 whoami=0x140e0 wr=0 wrseen=0x27 addr=0x5a ok=3059 err=0 tmo=0 recov=0 pclk1=200000000 sysclk=400000000
[CLK] cpu=800000000 sysb=400000000 pclk1=200000000
[DRV] init=0 id=7 mode=0x1 lib=0x2 seq=0x1 odc=0x8b sts=0xe0 armed=1
[TRG] pulses=146 suppressed=1774 cyc=1600 rst=1 rstmode=0x40
[HLT] polls=306 faults=0x0 cfglost=0
[EFF] n=5 last=58539 min=58539 max=58760 late=0 stuck=0
[DWT] ok=1 cyc=227573034 cyc_per_ms=799999
[HB] up_ms=323602 frames=15382 inf=15382 hazard=1920 canary_err=0 q=0 qovr=0
[I2C] init=0 gate=0 whoami=0x140e0 wr=0 wrseen=0x27 addr=0x5a ok=3061 err=0 tmo=0 recov=0 pclk1=200000000 sysclk=400000000
[CLK] cpu=800000000 sysb=400000000 pclk1=200000000
[DRV] init=0 id=7 mode=0x1 lib=0x2 seq=0x1 odc=0x8b sts=0xe0 armed=1
[TRG] pulses=146 suppressed=1774 cyc=1600 rst=1 rstmode=0x40
[HLT] polls=307 faults=0x0 cfglost=0
[EFF] n=5 last=58539 min=58539 max=58760 late=0 stuck=0
[DWT] ok=1 cyc=1065172998 cyc_per_ms=799999
[HB] up_ms=324649 frames=15431 inf=15431 hazard=1920 canary_err=0 q=0 qovr=0
[I2C] init=0 gate=0 whoami=0x140e0 wr=0 wrseen=0x27 addr=0x5a ok=3063 err=0 tmo=0 recov=0 pclk1=200000000 sysclk=400000000
[CLK] cpu=800000000 sysb=400000000 pclk1=200000000
[DRV] init=0 id=7 mode=0x1 lib=0x2 seq=0x1 odc=0x8b sts=0xe0 armed=1
[TRG] pulses=146 suppressed=1774 cyc=1600 rst=1 rstmode=0x40
[HLT] polls=308 faults=0x0 cfglost=0
[EFF] n=5 last=58539 min=58539 max=58760 late=0 stuck=0
[DWT] ok=1 cyc=1902773098 cyc_per_ms=800000
[HB] up_ms=325696 frames=15481 inf=15481 hazard=1921 canary_err=0 q=0 qovr=0
[I2C] init=0 gate=0 whoami=0x140e0 wr=0 wrseen=0x27 addr=0x5a ok=3065 err=0 tmo=0 recov=0 pclk1=200000000 sysclk=400000000
[CLK] cpu=800000000 sysb=400000000 pclk1=200000000
[DRV] init=0 id=7 mode=0x1 lib=0x2 seq=0x1 odc=0x8b sts=0xe0 armed=1
[TRG] pulses=147 suppressed=1776 cyc=1600 rst=1 rstmode=0x40
[HLT] polls=309 faults=0x0 cfglost=0
[EFF] n=5 last=58539 min=58539 max=58760 late=0 stuck=0
[DWT] ok=1 cyc=2740374822 cyc_per_ms=800001
[HB] up_ms=326743 frames=15531 inf=15531 hazard=1960 canary_err=0 q=0 qovr=0
[I2C] init=0 gate=0 whoami=0x140e0 wr=0 wrseen=0x27 addr=0x5a ok=3067 err=0 tmo=0 recov=0 pclk1=200000000 sysclk=400000000
[CLK] cpu=800000000 sysb=400000000 pclk1=200000000
[DRV] init=0 id=7 mode=0x1 lib=0x2 seq=0x1 odc=0x8b sts=0xe0 armed=1
[TRG] pulses=149 suppressed=1811 cyc=1600 rst=1 rstmode=0x40
[HLT] polls=310 faults=0x0 cfglost=0
[EFF] n=5 last=58539 min=58539 max=58760 late=0 stuck=0
[DWT] ok=1 cyc=3577973082 cyc_per_ms=799998
[HB] up_ms=327790 frames=15581 inf=15581 hazard=1960 canary_err=0 q=0 qovr=0
[I2C] init=0 gate=0 whoami=0x140e0 wr=0 wrseen=0x27 addr=0x5a ok=3069 err=0 tmo=0 recov=0 pclk1=200000000 sysclk=400000000
[CLK] cpu=800000000 sysb=400000000 pclk1=200000000
[DRV] init=0 id=7 mode=0x1 lib=0x2 seq=0x1 odc=0x8b sts=0xe0 armed=1
[TRG] pulses=149 suppressed=1811 cyc=1600 rst=1 rstmode=0x40
[HLT] polls=311 faults=0x0 cfglost=0
[EFF] n=5 last=58539 min=58539 max=58760 late=0 stuck=0
[DWT] ok=1 cyc=120605754 cyc_per_ms=799999
[HB] up_ms=328837 frames=15631 inf=15631 hazard=1960 canary_err=0 q=0 qovr=0
[I2C] init=0 gate=0 whoami=0x140e0 wr=0 wrseen=0x27 addr=0x5a ok=3071 err=0 tmo=0 recov=0 pclk1=200000000 sysclk=400000000
[CLK] cpu=800000000 sysb=400000000 pclk1=200000000
[DRV] init=0 id=7 mode=0x1 lib=0x2 seq=0x1 odc=0x8b sts=0xe0 armed=1
[TRG] pulses=149 suppressed=1811 cyc=1600 rst=1 rstmode=0x40
[HLT] polls=312 faults=0x0 cfglost=0
[EFF] n=5 last=58539 min=58539 max=58760 late=0 stuck=0
[DWT] ok=1 cyc=958205726 cyc_per_ms=799999
[HB] up_ms=329884 frames=15681 inf=15681 hazard=1960 canary_err=0 q=0 qovr=0
[I2C] init=0 gate=0 whoami=0x140e0 wr=0 wrseen=0x27 addr=0x5a ok=3073 err=0 tmo=0 recov=0 pclk1=200000000 sysclk=400000000
[CLK] cpu=800000000 sysb=400000000 pclk1=200000000
[DRV] init=0 id=7 mode=0x1 lib=0x2 seq=0x1 odc=0x8b sts=0xe0 armed=1
[TRG] pulses=149 suppressed=1811 cyc=1600 rst=1 rstmode=0x40
[HLT] polls=313 faults=0x0 cfglost=0
[EFF] n=5 last=58539 min=58539 max=58760 late=0 stuck=0
[DWT] ok=1 cyc=1795805710 cyc_per_ms=799999
[HB] up_ms=330931 frames=15731 inf=15731 hazard=1960 canary_err=0 q=0 qovr=0
[I2C] init=0 gate=0 whoami=0x140e0 wr=0 wrseen=0x27 addr=0x5a ok=3075 err=0 tmo=0 recov=0 pclk1=200000000 sysclk=400000000
[CLK] cpu=800000000 sysb=400000000 pclk1=200000000
[DRV] init=0 id=7 mode=0x1 lib=0x2 seq=0x1 odc=0x8b sts=0xe0 armed=1
[TRG] pulses=149 suppressed=1811 cyc=1600 rst=1 rstmode=0x40
[HLT] polls=314 faults=0x0 cfglost=0
[EFF] n=5 last=58539 min=58539 max=58760 late=0 stuck=0
[DWT] ok=1 cyc=2633405782 cyc_per_ms=800000
[HB] up_ms=331978 frames=15780 inf=15780 hazard=1960 canary_err=0 q=0 qovr=0
[I2C] init=0 gate=0 whoami=0x140e0 wr=0 wrseen=0x27 addr=0x5a ok=3077 err=0 tmo=0 recov=0 pclk1=200000000 sysclk=400000000
[CLK] cpu=800000000 sysb=400000000 pclk1=200000000
[DRV] init=0 id=7 mode=0x1 lib=0x2 seq=0x1 odc=0x8b sts=0xe0 armed=1
[TRG] pulses=149 suppressed=1811 cyc=1600 rst=1 rstmode=0x40
[HLT] polls=315 faults=0x0 cfglost=0
[EFF] n=5 last=58539 min=58539 max=58760 late=0 stuck=0
[DWT] ok=1 cyc=3471005794 cyc_per_ms=800000
[HB] up_ms=333025 frames=15830 inf=15830 hazard=1990 canary_err=0 q=0 qovr=0
[I2C] init=0 gate=0 whoami=0x140e0 wr=0 wrseen=0x27 addr=0x5a ok=3079 err=0 tmo=0 recov=0 pclk1=200000000 sysclk=400000000
[CLK] cpu=800000000 sysb=400000000 pclk1=200000000
[DRV] init=0 id=7 mode=0x1 lib=0x2 seq=0x1 odc=0x8b sts=0xe0 armed=1
[TRG] pulses=152 suppressed=1840 cyc=1600 rst=1 rstmode=0x40
[HLT] polls=316 faults=0x0 cfglost=0
[EFF] n=5 last=58539 min=58539 max=58760 late=0 stuck=0
[DWT] ok=1 cyc=13640302 cyc_per_ms=800001
[HB] up_ms=334072 frames=15880 inf=15880 hazard=2000 canary_err=0 q=0 qovr=0
[I2C] init=0 gate=0 whoami=0x140e0 wr=0 wrseen=0x27 addr=0x5a ok=3081 err=0 tmo=0 recov=0 pclk1=200000000 sysclk=400000000
[CLK] cpu=800000000 sysb=400000000 pclk1=200000000
[DRV] init=0 id=7 mode=0x1 lib=0x2 seq=0x1 odc=0x8b sts=0xe0 armed=1
[TRG] pulses=152 suppressed=1848 cyc=1600 rst=1 rstmode=0x40
[HLT] polls=317 faults=0x0 cfglost=0
[EFF] n=5 last=58539 min=58539 max=58760 late=0 stuck=0
[DWT] ok=1 cyc=851238474 cyc_per_ms=799998
[HB] up_ms=335119 frames=15930 inf=15930 hazard=2000 canary_err=0 q=0 qovr=0
[I2C] init=0 gate=0 whoami=0x140e0 wr=0 wrseen=0x27 addr=0x5a ok=3083 err=0 tmo=0 recov=0 pclk1=200000000 sysclk=400000000
[CLK] cpu=800000000 sysb=400000000 pclk1=200000000
[DRV] init=0 id=7 mode=0x1 lib=0x2 seq=0x1 odc=0x8b sts=0xe0 armed=1
[TRG] pulses=152 suppressed=1848 cyc=1600 rst=1 rstmode=0x40
[HLT] polls=318 faults=0x0 cfglost=0
[EFF] n=5 last=58539 min=58539 max=58760 late=0 stuck=0
[DWT] ok=1 cyc=1688838446 cyc_per_ms=799999
[HB] up_ms=336166 frames=15980 inf=15980 hazard=2000 canary_err=0 q=0 qovr=0
[I2C] init=0 gate=0 whoami=0x140e0 wr=0 wrseen=0x27 addr=0x5a ok=3085 err=0 tmo=0 recov=0 pclk1=200000000 sysclk=400000000
[CLK] cpu=800000000 sysb=400000000 pclk1=200000000
[DRV] init=0 id=7 mode=0x1 lib=0x2 seq=0x1 odc=0x8b sts=0xe0 armed=1
[TRG] pulses=152 suppressed=1848 cyc=1600 rst=1 rstmode=0x40
[HLT] polls=319 faults=0x0 cfglost=0
[EFF] n=5 last=58539 min=58539 max=58760 late=0 stuck=0
[DWT] ok=1 cyc=2526438422 cyc_per_ms=799999
[HB] up_ms=337213 frames=16030 inf=16030 hazard=2000 canary_err=0 q=0 qovr=0
[I2C] init=0 gate=0 whoami=0x140e0 wr=0 wrseen=0x27 addr=0x5a ok=3087 err=0 tmo=0 recov=0 pclk1=200000000 sysclk=400000000
[CLK] cpu=800000000 sysb=400000000 pclk1=200000000
[DRV] init=0 id=7 mode=0x1 lib=0x2 seq=0x1 odc=0x8b sts=0xe0 armed=1
[TRG] pulses=152 suppressed=1848 cyc=1600 rst=1 rstmode=0x40
[HLT] polls=320 faults=0x0 cfglost=0
[EFF] n=5 last=58539 min=58539 max=58760 late=0 stuck=0
[DWT] ok=1 cyc=3364038506 cyc_per_ms=800000
[HB] up_ms=338260 frames=16080 inf=16080 hazard=2000 canary_err=0 q=0 qovr=0
[I2C] init=0 gate=0 whoami=0x140e0 wr=0 wrseen=0x27 addr=0x5a ok=3089 err=0 tmo=0 recov=0 pclk1=200000000 sysclk=400000000
[CLK] cpu=800000000 sysb=400000000 pclk1=200000000
[DRV] init=0 id=7 mode=0x1 lib=0x2 seq=0x1 odc=0x8b sts=0xe0 armed=1
[TRG] pulses=152 suppressed=1848 cyc=1600 rst=1 rstmode=0x40
[HLT] polls=321 faults=0x0 cfglost=0
[EFF] n=5 last=58539 min=58539 max=58760 late=0 stuck=0
[DWT] ok=1 cyc=4201638486 cyc_per_ms=799999
[HB] up_ms=339307 frames=16129 inf=16129 hazard=2009 canary_err=0 q=0 qovr=0
[I2C] init=0 gate=0 whoami=0x140e0 wr=0 wrseen=0x27 addr=0x5a ok=3091 err=0 tmo=0 recov=0 pclk1=200000000 sysclk=400000000
[CLK] cpu=800000000 sysb=400000000 pclk1=200000000
[DRV] init=0 id=7 mode=0x1 lib=0x2 seq=0x1 odc=0x8b sts=0xe0 armed=1
[TRG] pulses=153 suppressed=1858 cyc=1600 rst=1 rstmode=0x40
[HLT] polls=322 faults=0x0 cfglost=0
[EFF] n=5 last=58539 min=58539 max=58760 late=0 stuck=0
[DWT] ok=1 cyc=744273022 cyc_per_ms=800001
[HB] up_ms=340354 frames=16179 inf=16179 hazard=2040 canary_err=0 q=0 qovr=0
[I2C] init=0 gate=0 whoami=0x140e0 wr=0 wrseen=0x27 addr=0x5a ok=3093 err=0 tmo=0 recov=0 pclk1=200000000 sysclk=400000000
[CLK] cpu=800000000 sysb=400000000 pclk1=200000000
[DRV] init=0 id=7 mode=0x1 lib=0x2 seq=0x1 odc=0x8b sts=0xe0 armed=1
[TRG] pulses=155 suppressed=1885 cyc=1600 rst=1 rstmode=0x40
[HLT] polls=323 faults=0x0 cfglost=0
[EFF] n=5 last=58539 min=58539 max=58760 late=0 stuck=0
[DWT] ok=1 cyc=1581871122 cyc_per_ms=799998
[HB] up_ms=341401 frames=16229 inf=16229 hazard=2040 canary_err=0 q=0 qovr=0
[I2C] init=0 gate=0 whoami=0x140e0 wr=0 wrseen=0x27 addr=0x5a ok=3095 err=0 tmo=0 recov=0 pclk1=200000000 sysclk=400000000
[CLK] cpu=800000000 sysb=400000000 pclk1=200000000
[DRV] init=0 id=7 mode=0x1 lib=0x2 seq=0x1 odc=0x8b sts=0xe0 armed=1
[TRG] pulses=155 suppressed=1885 cyc=1600 rst=1 rstmode=0x40
[HLT] polls=324 faults=0x0 cfglost=0
[EFF] n=5 last=58539 min=58539 max=58760 late=0 stuck=0
[DWT] ok=1 cyc=2419471202 cyc_per_ms=800000
[HB] up_ms=342448 frames=16279 inf=16279 hazard=2040 canary_err=0 q=0 qovr=0
[I2C] init=0 gate=0 whoami=0x140e0 wr=0 wrseen=0x27 addr=0x5a ok=3097 err=0 tmo=0 recov=0 pclk1=200000000 sysclk=400000000
[CLK] cpu=800000000 sysb=400000000 pclk1=200000000
[DRV] init=0 id=7 mode=0x1 lib=0x2 seq=0x1 odc=0x8b sts=0xe0 armed=1
[TRG] pulses=155 suppressed=1885 cyc=1600 rst=1 rstmode=0x40
[HLT] polls=325 faults=0x0 cfglost=0
[EFF] n=5 last=58539 min=58539 max=58760 late=0 stuck=0
[DWT] ok=1 cyc=3257071162 cyc_per_ms=799999
[HB] up_ms=343495 frames=16329 inf=16329 hazard=2040 canary_err=0 q=0 qovr=0
[I2C] init=0 gate=0 whoami=0x140e0 wr=0 wrseen=0x27 addr=0x5a ok=3099 err=0 tmo=0 recov=0 pclk1=200000000 sysclk=400000000
[CLK] cpu=800000000 sysb=400000000 pclk1=200000000
[DRV] init=0 id=7 mode=0x1 lib=0x2 seq=0x1 odc=0x8b sts=0xe0 armed=1
[TRG] pulses=155 suppressed=1885 cyc=1600 rst=1 rstmode=0x40
[HLT] polls=326 faults=0x0 cfglost=0
[EFF] n=5 last=58539 min=58539 max=58760 late=0 stuck=0
[DWT] ok=1 cyc=4094671134 cyc_per_ms=799999
[HB] up_ms=344542 frames=16379 inf=16379 hazard=2040 canary_err=0 q=0 qovr=0
[I2C] init=0 gate=0 whoami=0x140e0 wr=0 wrseen=0x27 addr=0x5a ok=3101 err=0 tmo=0 recov=0 pclk1=200000000 sysclk=400000000
[CLK] cpu=800000000 sysb=400000000 pclk1=200000000
[DRV] init=0 id=7 mode=0x1 lib=0x2 seq=0x1 odc=0x8b sts=0xe0 armed=1
[TRG] pulses=155 suppressed=1885 cyc=1600 rst=1 rstmode=0x40
[HLT] polls=327 faults=0x0 cfglost=0
[EFF] n=5 last=58539 min=58539 max=58760 late=0 stuck=0
[DWT] ok=1 cyc=637303914 cyc_per_ms=800000
[HB] up_ms=345589 frames=16429 inf=16429 hazard=2040 canary_err=0 q=0 qovr=0
[I2C] init=0 gate=0 whoami=0x140e0 wr=0 wrseen=0x27 addr=0x5a ok=3103 err=0 tmo=0 recov=0 pclk1=200000000 sysclk=400000000
[CLK] cpu=800000000 sysb=400000000 pclk1=200000000
[DRV] init=0 id=7 mode=0x1 lib=0x2 seq=0x1 odc=0x8b sts=0xe0 armed=1
[TRG] pulses=155 suppressed=1885 cyc=1600 rst=1 rstmode=0x40
[HLT] polls=328 faults=0x0 cfglost=0
[EFF] n=5 last=58539 min=58539 max=58760 late=0 stuck=0
[DWT] ok=1 cyc=1474903894 cyc_per_ms=799999
[HB] up_ms=346636 frames=16478 inf=16478 hazard=2078 canary_err=0 q=0 qovr=0
[I2C] init=0 gate=0 whoami=0x140e0 wr=0 wrseen=0x27 addr=0x5a ok=3105 err=0 tmo=0 recov=0 pclk1=200000000 sysclk=400000000
[CLK] cpu=800000000 sysb=400000000 pclk1=200000000
[DRV] init=0 id=7 mode=0x1 lib=0x2 seq=0x1 odc=0x8b sts=0xe0 armed=1
[TRG] pulses=158 suppressed=1922 cyc=1600 rst=1 rstmode=0x40
[HLT] polls=329 faults=0x0 cfglost=0
[EFF] n=5 last=58539 min=58539 max=58760 late=0 stuck=0
[DWT] ok=1 cyc=2312505678 cyc_per_ms=800001
[HB] up_ms=347683 frames=16528 inf=16528 hazard=2080 canary_err=0 q=0 qovr=0
[I2C] init=0 gate=0 whoami=0x140e0 wr=0 wrseen=0x27 addr=0x5a ok=3107 err=0 tmo=0 recov=0 pclk1=200000000 sysclk=400000000
[CLK] cpu=800000000 sysb=400000000 pclk1=200000000
[DRV] init=0 id=7 mode=0x1 lib=0x2 seq=0x1 odc=0x8b sts=0xe0 armed=1
[TRG] pulses=158 suppressed=1922 cyc=1600 rst=1 rstmode=0x40
[HLT] polls=330 faults=0x0 cfglost=0
[EFF] n=5 last=58539 min=58539 max=58760 late=0 stuck=0
[DWT] ok=1 cyc=3150103814 cyc_per_ms=799998
[HB] up_ms=348730 frames=16578 inf=16578 hazard=2080 canary_err=0 q=0 qovr=0
[I2C] init=0 gate=0 whoami=0x140e0 wr=0 wrseen=0x27 addr=0x5a ok=3109 err=0 tmo=0 recov=0 pclk1=200000000 sysclk=400000000
[CLK] cpu=800000000 sysb=400000000 pclk1=200000000
[DRV] init=0 id=7 mode=0x1 lib=0x2 seq=0x1 odc=0x8b sts=0xe0 armed=1
[TRG] pulses=158 suppressed=1922 cyc=1600 rst=1 rstmode=0x40
[HLT] polls=331 faults=0x0 cfglost=0
[EFF] n=5 last=58539 min=58539 max=58760 late=0 stuck=0
[DWT] ok=1 cyc=3987703882 cyc_per_ms=800000
[HB] up_ms=349777 frames=16628 inf=16628 hazard=2080 canary_err=0 q=0 qovr=0
[I2C] init=0 gate=0 whoami=0x140e0 wr=0 wrseen=0x27 addr=0x5a ok=3111 err=0 tmo=0 recov=0 pclk1=200000000 sysclk=400000000
[CLK] cpu=800000000 sysb=400000000 pclk1=200000000
[DRV] init=0 id=7 mode=0x1 lib=0x2 seq=0x1 odc=0x8b sts=0xe0 armed=1
[TRG] pulses=158 suppressed=1922 cyc=1600 rst=1 rstmode=0x40
[HLT] polls=332 faults=0x0 cfglost=0
[EFF] n=5 last=58539 min=58539 max=58760 late=0 stuck=0
[DWT] ok=1 cyc=530336558 cyc_per_ms=799999
[HB] up_ms=350824 frames=16678 inf=16678 hazard=2080 canary_err=0 q=0 qovr=0
[I2C] init=0 gate=0 whoami=0x140e0 wr=0 wrseen=0x27 addr=0x5a ok=3113 err=0 tmo=0 recov=0 pclk1=200000000 sysclk=400000000
[CLK] cpu=800000000 sysb=400000000 pclk1=200000000
[DRV] init=0 id=7 mode=0x1 lib=0x2 seq=0x1 odc=0x8b sts=0xe0 armed=1
[TRG] pulses=158 suppressed=1922 cyc=1600 rst=1 rstmode=0x40
[HLT] polls=333 faults=0x0 cfglost=0
[EFF] n=5 last=58539 min=58539 max=58760 late=0 stuck=0
[DWT] ok=1 cyc=1367936534 cyc_per_ms=799999
[HB] up_ms=351871 frames=16728 inf=16728 hazard=2080 canary_err=0 q=0 qovr=0
[I2C] init=0 gate=0 whoami=0x140e0 wr=0 wrseen=0x27 addr=0x5a ok=3115 err=0 tmo=0 recov=0 pclk1=200000000 sysclk=400000000
[CLK] cpu=800000000 sysb=400000000 pclk1=200000000
[DRV] init=0 id=7 mode=0x1 lib=0x2 seq=0x1 odc=0x8b sts=0xe0 armed=1
[TRG] pulses=158 suppressed=1922 cyc=1600 rst=1 rstmode=0x40
[HLT] polls=334 faults=0x0 cfglost=0
[EFF] n=5 last=58539 min=58539 max=58760 late=0 stuck=0
[DWT] ok=1 cyc=2205536618 cyc_per_ms=800000
[HB] up_ms=352918 frames=16778 inf=16778 hazard=2098 canary_err=0 q=0 qovr=0
[I2C] init=0 gate=0 whoami=0x140e0 wr=0 wrseen=0x27 addr=0x5a ok=3117 err=0 tmo=0 recov=0 pclk1=200000000 sysclk=400000000
[CLK] cpu=800000000 sysb=400000000 pclk1=200000000
[DRV] init=0 id=7 mode=0x1 lib=0x2 seq=0x1 odc=0x8b sts=0xe0 armed=1
[TRG] pulses=160 suppressed=1939 cyc=1600 rst=1 rstmode=0x40
[HLT] polls=335 faults=0x0 cfglost=0
[EFF] n=5 last=58539 min=58539 max=58760 late=0 stuck=0
[DWT] ok=1 cyc=3043138382 cyc_per_ms=800001
[HB] up_ms=353965 frames=16827 inf=16827 hazard=2120 canary_err=0 q=0 qovr=0
[I2C] init=0 gate=0 whoami=0x140e0 wr=0 wrseen=0x27 addr=0x5a ok=3119 err=0 tmo=0 recov=0 pclk1=200000000 sysclk=400000000
[CLK] cpu=800000000 sysb=400000000 pclk1=200000000
[DRV] init=0 id=7 mode=0x1 lib=0x2 seq=0x1 odc=0x8b sts=0xe0 armed=1
[TRG] pulses=161 suppressed=1959 cyc=1600 rst=1 rstmode=0x40
[HLT] polls=336 faults=0x0 cfglost=0
[EFF] n=5 last=58539 min=58539 max=58760 late=0 stuck=0
[DWT] ok=1 cyc=3880736610 cyc_per_ms=799998
[HB] up_ms=355012 frames=16877 inf=16877 hazard=2120 canary_err=0 q=0 qovr=0
[I2C] init=0 gate=0 whoami=0x140e0 wr=0 wrseen=0x27 addr=0x5a ok=3121 err=0 tmo=0 recov=0 pclk1=200000000 sysclk=400000000
[CLK] cpu=800000000 sysb=400000000 pclk1=200000000
[DRV] init=0 id=7 mode=0x1 lib=0x2 seq=0x1 odc=0x8b sts=0xe0 armed=1
[TRG] pulses=161 suppressed=1959 cyc=1600 rst=1 rstmode=0x40
[HLT] polls=337 faults=0x0 cfglost=0
[EFF] n=5 last=58539 min=58539 max=58760 late=0 stuck=0
[DWT] ok=1 cyc=423369222 cyc_per_ms=799999
[HB] up_ms=356059 frames=16927 inf=16927 hazard=2120 canary_err=0 q=0 qovr=0
[I2C] init=0 gate=0 whoami=0x140e0 wr=0 wrseen=0x27 addr=0x5a ok=3123 err=0 tmo=0 recov=0 pclk1=200000000 sysclk=400000000
[CLK] cpu=800000000 sysb=400000000 pclk1=200000000
[DRV] init=0 id=7 mode=0x1 lib=0x2 seq=0x1 odc=0x8b sts=0xe0 armed=1
[TRG] pulses=161 suppressed=1959 cyc=1600 rst=1 rstmode=0x40
[HLT] polls=338 faults=0x0 cfglost=0
[EFF] n=5 last=58539 min=58539 max=58760 late=0 stuck=0
[DWT] ok=1 cyc=1260969290 cyc_per_ms=800000
[HB] up_ms=357106 frames=16977 inf=16977 hazard=2120 canary_err=0 q=0 qovr=0
[I2C] init=0 gate=0 whoami=0x140e0 wr=0 wrseen=0x27 addr=0x5a ok=3125 err=0 tmo=0 recov=0 pclk1=200000000 sysclk=400000000
[CLK] cpu=800000000 sysb=400000000 pclk1=200000000
[DRV] init=0 id=7 mode=0x1 lib=0x2 seq=0x1 odc=0x8b sts=0xe0 armed=1
[TRG] pulses=161 suppressed=1959 cyc=1600 rst=1 rstmode=0x40
[HLT] polls=339 faults=0x0 cfglost=0
[EFF] n=5 last=58539 min=58539 max=58760 late=0 stuck=0
[DWT] ok=1 cyc=2098569254 cyc_per_ms=799999
[HB] up_ms=358153 frames=17027 inf=17027 hazard=2120 canary_err=0 q=0 qovr=0
[I2C] init=0 gate=0 whoami=0x140e0 wr=0 wrseen=0x27 addr=0x5a ok=3127 err=0 tmo=0 recov=0 pclk1=200000000 sysclk=400000000
[CLK] cpu=800000000 sysb=400000000 pclk1=200000000
[DRV] init=0 id=7 mode=0x1 lib=0x2 seq=0x1 odc=0x8b sts=0xe0 armed=1
[TRG] pulses=161 suppressed=1959 cyc=1600 rst=1 rstmode=0x40
[HLT] polls=340 faults=0x0 cfglost=0
[EFF] n=5 last=58539 min=58539 max=58760 late=0 stuck=0
[DWT] ok=1 cyc=2936169318 cyc_per_ms=800000
[HB] up_ms=359200 frames=17077 inf=17077 hazard=2120 canary_err=0 q=0 qovr=0
[I2C] init=0 gate=0 whoami=0x140e0 wr=0 wrseen=0x27 addr=0x5a ok=3129 err=0 tmo=0 recov=0 pclk1=200000000 sysclk=400000000
[CLK] cpu=800000000 sysb=400000000 pclk1=200000000
[DRV] init=0 id=7 mode=0x1 lib=0x2 seq=0x1 odc=0x8b sts=0xe0 armed=1
[TRG] pulses=161 suppressed=1959 cyc=1600 rst=1 rstmode=0x40
[HLT] polls=341 faults=0x0 cfglost=0
[EFF] n=5 last=58539 min=58539 max=58760 late=0 stuck=0
[DWT] ok=1 cyc=3773769290 cyc_per_ms=799999
[HB] up_ms=360247 frames=17127 inf=17127 hazard=2160 canary_err=0 q=0 qovr=0
[I2C] init=0 gate=0 whoami=0x140e0 wr=0 wrseen=0x27 addr=0x5a ok=3131 err=0 tmo=0 recov=0 pclk1=200000000 sysclk=400000000
[CLK] cpu=800000000 sysb=400000000 pclk1=200000000
[DRV] init=0 id=7 mode=0x1 lib=0x2 seq=0x1 odc=0x8b sts=0xe0 armed=1
[TRG] pulses=164 suppressed=1996 cyc=1600 rst=1 rstmode=0x40
[HLT] polls=342 faults=0x0 cfglost=0
[EFF] n=5 last=58539 min=58539 max=58760 late=0 stuck=0
[DWT] ok=1 cyc=316401974 cyc_per_ms=799999
[HB] up_ms=361294 frames=17176 inf=17176 hazard=2160 canary_err=0 q=0 qovr=0
[I2C] init=0 gate=0 whoami=0x140e0 wr=0 wrseen=0x27 addr=0x5a ok=3133 err=0 tmo=0 recov=0 pclk1=200000000 sysclk=400000000
[CLK] cpu=800000000 sysb=400000000 pclk1=200000000
[DRV] init=0 id=7 mode=0x1 lib=0x2 seq=0x1 odc=0x8b sts=0xe0 armed=1
[TRG] pulses=164 suppressed=1996 cyc=1600 rst=1 rstmode=0x40
[HLT] polls=343 faults=0x0 cfglost=0
[EFF] n=5 last=58539 min=58539 max=58760 late=0 stuck=0
[DWT] ok=1 cyc=1154001982 cyc_per_ms=800000
[HB] up_ms=362341 frames=17226 inf=17226 hazard=2160 canary_err=0 q=0 qovr=0
[I2C] init=0 gate=0 whoami=0x140e0 wr=0 wrseen=0x27 addr=0x5a ok=3135 err=0 tmo=0 recov=0 pclk1=200000000 sysclk=400000000
[CLK] cpu=800000000 sysb=400000000 pclk1=200000000
[DRV] init=0 id=7 mode=0x1 lib=0x2 seq=0x1 odc=0x8b sts=0xe0 armed=1
[TRG] pulses=164 suppressed=1996 cyc=1600 rst=1 rstmode=0x40
[HLT] polls=344 faults=0x0 cfglost=0
[EFF] n=5 last=58539 min=58539 max=58760 late=0 stuck=0
[DWT] ok=1 cyc=1991601982 cyc_per_ms=800000
[HB] up_ms=363388 frames=17276 inf=17276 hazard=2160 canary_err=0 q=0 qovr=0
[I2C] init=0 gate=0 whoami=0x140e0 wr=0 wrseen=0x27 addr=0x5a ok=3137 err=0 tmo=0 recov=0 pclk1=200000000 sysclk=400000000
[CLK] cpu=800000000 sysb=400000000 pclk1=200000000
[DRV] init=0 id=7 mode=0x1 lib=0x2 seq=0x1 odc=0x8b sts=0xe0 armed=1
[TRG] pulses=164 suppressed=1996 cyc=1600 rst=1 rstmode=0x40
[HLT] polls=345 faults=0x0 cfglost=0
[EFF] n=5 last=58539 min=58539 max=58760 late=0 stuck=0
[DWT] ok=1 cyc=2829201950 cyc_per_ms=799999
[HB] up_ms=364435 frames=17326 inf=17326 hazard=2160 canary_err=0 q=0 qovr=0
[I2C] init=0 gate=0 whoami=0x140e0 wr=0 wrseen=0x27 addr=0x5a ok=3139 err=0 tmo=0 recov=0 pclk1=200000000 sysclk=400000000
[CLK] cpu=800000000 sysb=400000000 pclk1=200000000
[DRV] init=0 id=7 mode=0x1 lib=0x2 seq=0x1 odc=0x8b sts=0xe0 armed=1
[TRG] pulses=164 suppressed=1996 cyc=1600 rst=1 rstmode=0x40
[HLT] polls=346 faults=0x0 cfglost=0
[EFF] n=5 last=58539 min=58539 max=58760 late=0 stuck=0
[DWT] ok=1 cyc=3666801926 cyc_per_ms=799999
[HB] up_ms=365482 frames=17376 inf=17376 hazard=2160 canary_err=0 q=0 qovr=0
[I2C] init=0 gate=0 whoami=0x140e0 wr=0 wrseen=0x27 addr=0x5a ok=3141 err=0 tmo=0 recov=0 pclk1=200000000 sysclk=400000000
[CLK] cpu=800000000 sysb=400000000 pclk1=200000000
[DRV] init=0 id=7 mode=0x1 lib=0x2 seq=0x1 odc=0x8b sts=0xe0 armed=1
[TRG] pulses=164 suppressed=1996 cyc=1600 rst=1 rstmode=0x40
[HLT] polls=347 faults=0x0 cfglost=0
[EFF] n=5 last=58539 min=58539 max=58760 late=0 stuck=0
[DWT] ok=1 cyc=209434706 cyc_per_ms=800000
[HB] up_ms=366529 frames=17426 inf=17426 hazard=2186 canary_err=0 q=0 qovr=0
[I2C] init=0 gate=0 whoami=0x140e0 wr=0 wrseen=0x27 addr=0x5a ok=3143 err=0 tmo=0 recov=0 pclk1=200000000 sysclk=400000000
[CLK] cpu=800000000 sysb=400000000 pclk1=200000000
[DRV] init=0 id=7 mode=0x1 lib=0x2 seq=0x1 odc=0x8b sts=0xe0 armed=1
[TRG] pulses=166 suppressed=2021 cyc=1600 rst=1 rstmode=0x40
[HLT] polls=348 faults=0x0 cfglost=0
[EFF] n=5 last=58539 min=58539 max=58760 late=0 stuck=0
[DWT] ok=1 cyc=1047036554 cyc_per_ms=800001
[HB] up_ms=367576 frames=17476 inf=17476 hazard=2200 canary_err=0 q=0 qovr=0
[I2C] init=0 gate=0 whoami=0x140e0 wr=0 wrseen=0x27 addr=0x5a ok=3145 err=0 tmo=0 recov=0 pclk1=200000000 sysclk=400000000
[CLK] cpu=800000000 sysb=400000000 pclk1=200000000
[DRV] init=0 id=7 mode=0x1 lib=0x2 seq=0x1 odc=0x8b sts=0xe0 armed=1
[TRG] pulses=167 suppressed=2033 cyc=1600 rst=1 rstmode=0x40
[HLT] polls=349 faults=0x0 cfglost=0
[EFF] n=5 last=58539 min=58539 max=58760 late=0 stuck=0
[DWT] ok=1 cyc=1884634638 cyc_per_ms=799998
[HB] up_ms=368623 frames=17525 inf=17525 hazard=2200 canary_err=0 q=0 qovr=0
[I2C] init=0 gate=0 whoami=0x140e0 wr=0 wrseen=0x27 addr=0x5a ok=3147 err=0 tmo=0 recov=0 pclk1=200000000 sysclk=400000000
[CLK] cpu=800000000 sysb=400000000 pclk1=200000000
[DRV] init=0 id=7 mode=0x1 lib=0x2 seq=0x1 odc=0x8b sts=0xe0 armed=1
[TRG] pulses=167 suppressed=2033 cyc=1600 rst=1 rstmode=0x40
[HLT] polls=350 faults=0x0 cfglost=0
[EFF] n=5 last=58539 min=58539 max=58760 late=0 stuck=0
[DWT] ok=1 cyc=2722234642 cyc_per_ms=800000
[HB] up_ms=369670 frames=17575 inf=17575 hazard=2200 canary_err=0 q=0 qovr=0
[I2C] init=0 gate=0 whoami=0x140e0 wr=0 wrseen=0x27 addr=0x5a ok=3149 err=0 tmo=0 recov=0 pclk1=200000000 sysclk=400000000
[CLK] cpu=800000000 sysb=400000000 pclk1=200000000
[DRV] init=0 id=7 mode=0x1 lib=0x2 seq=0x1 odc=0x8b sts=0xe0 armed=1
[TRG] pulses=167 suppressed=2033 cyc=1600 rst=1 rstmode=0x40
[HLT] polls=351 faults=0x0 cfglost=0
[EFF] n=5 last=58539 min=58539 max=58760 late=0 stuck=0
[DWT] ok=1 cyc=3559834642 cyc_per_ms=800000
[HB] up_ms=370717 frames=17625 inf=17625 hazard=2200 canary_err=0 q=0 qovr=0
[I2C] init=0 gate=0 whoami=0x140e0 wr=0 wrseen=0x27 addr=0x5a ok=3151 err=0 tmo=0 recov=0 pclk1=200000000 sysclk=400000000
[CLK] cpu=800000000 sysb=400000000 pclk1=200000000
[DRV] init=0 id=7 mode=0x1 lib=0x2 seq=0x1 odc=0x8b sts=0xe0 armed=1
[TRG] pulses=167 suppressed=2033 cyc=1600 rst=1 rstmode=0x40
[HLT] polls=352 faults=0x0 cfglost=0
[EFF] n=5 last=58539 min=58539 max=58760 late=0 stuck=0
[DWT] ok=1 cyc=102467426 cyc_per_ms=800000
[HB] up_ms=371764 frames=17675 inf=17675 hazard=2200 canary_err=0 q=0 qovr=0
[I2C] init=0 gate=0 whoami=0x140e0 wr=0 wrseen=0x27 addr=0x5a ok=3153 err=0 tmo=0 recov=0 pclk1=200000000 sysclk=400000000
[CLK] cpu=800000000 sysb=400000000 pclk1=200000000
[DRV] init=0 id=7 mode=0x1 lib=0x2 seq=0x1 odc=0x8b sts=0xe0 armed=1
[TRG] pulses=167 suppressed=2033 cyc=1600 rst=1 rstmode=0x40
[HLT] polls=353 faults=0x0 cfglost=0
[EFF] n=5 last=58539 min=58539 max=58760 late=0 stuck=0
[DWT] ok=1 cyc=940067394 cyc_per_ms=799999
[HB] up_ms=372811 frames=17725 inf=17725 hazard=2205 canary_err=0 q=0 qovr=0
[I2C] init=0 gate=0 whoami=0x140e0 wr=0 wrseen=0x27 addr=0x5a ok=3155 err=0 tmo=0 recov=0 pclk1=200000000 sysclk=400000000
[CLK] cpu=800000000 sysb=400000000 pclk1=200000000
[DRV] init=0 id=7 mode=0x1 lib=0x2 seq=0x1 odc=0x8b sts=0xe0 armed=1
[TRG] pulses=168 suppressed=2038 cyc=1600 rst=1 rstmode=0x40
[HLT] polls=354 faults=0x0 cfglost=0
[EFF] n=5 last=58539 min=58539 max=58760 late=0 stuck=0
[DWT] ok=1 cyc=1777669186 cyc_per_ms=800001
[HB] up_ms=373858 frames=17775 inf=17775 hazard=2240 canary_err=0 q=0 qovr=0
[I2C] init=0 gate=0 whoami=0x140e0 wr=0 wrseen=0x27 addr=0x5a ok=3157 err=0 tmo=0 recov=0 pclk1=200000000 sysclk=400000000
[CLK] cpu=800000000 sysb=400000000 pclk1=200000000
[DRV] init=0 id=7 mode=0x1 lib=0x2 seq=0x1 odc=0x8b sts=0xe0 armed=1
[TRG] pulses=170 suppressed=2070 cyc=1600 rst=1 rstmode=0x40
[HLT] polls=355 faults=0x0 cfglost=0
[EFF] n=5 last=58539 min=58539 max=58760 late=0 stuck=0
[DWT] ok=1 cyc=2615267354 cyc_per_ms=799998
[HB] up_ms=374905 frames=17825 inf=17825 hazard=2240 canary_err=0 q=0 qovr=0
[I2C] init=0 gate=0 whoami=0x140e0 wr=0 wrseen=0x27 addr=0x5a ok=3159 err=0 tmo=0 recov=0 pclk1=200000000 sysclk=400000000
[CLK] cpu=800000000 sysb=400000000 pclk1=200000000
[DRV] init=0 id=7 mode=0x1 lib=0x2 seq=0x1 odc=0x8b sts=0xe0 armed=1
[TRG] pulses=170 suppressed=2070 cyc=1600 rst=1 rstmode=0x40
[HLT] polls=356 faults=0x0 cfglost=0
[EFF] n=5 last=58539 min=58539 max=58760 late=0 stuck=0
[DWT] ok=1 cyc=3452867426 cyc_per_ms=800000
[HB] up_ms=375952 frames=17874 inf=17874 hazard=2240 canary_err=0 q=0 qovr=0
[I2C] init=0 gate=0 whoami=0x140e0 wr=0 wrseen=0x27 addr=0x5a ok=3161 err=0 tmo=0 recov=0 pclk1=200000000 sysclk=400000000
[CLK] cpu=800000000 sysb=400000000 pclk1=200000000
[DRV] init=0 id=7 mode=0x1 lib=0x2 seq=0x1 odc=0x8b sts=0xe0 armed=1
[TRG] pulses=170 suppressed=2070 cyc=1600 rst=1 rstmode=0x40
[HLT] polls=357 faults=0x0 cfglost=0
[EFF] n=5 last=58539 min=58539 max=58760 late=0 stuck=0
[DWT] ok=1 cyc=4290467434 cyc_per_ms=800000
[HB] up_ms=376999 frames=17924 inf=17924 hazard=2240 canary_err=0 q=0 qovr=0
[I2C] init=0 gate=0 whoami=0x140e0 wr=0 wrseen=0x27 addr=0x5a ok=3163 err=0 tmo=0 recov=0 pclk1=200000000 sysclk=400000000
[CLK] cpu=800000000 sysb=400000000 pclk1=200000000
[DRV] init=0 id=7 mode=0x1 lib=0x2 seq=0x1 odc=0x8b sts=0xe0 armed=1
[TRG] pulses=170 suppressed=2070 cyc=1600 rst=1 rstmode=0x40
[HLT] polls=358 faults=0x0 cfglost=0
[EFF] n=5 last=58539 min=58539 max=58760 late=0 stuck=0
[DWT] ok=1 cyc=833100038 cyc_per_ms=799999
[HB] up_ms=378046 frames=17974 inf=17974 hazard=2240 canary_err=0 q=0 qovr=0
[I2C] init=0 gate=0 whoami=0x140e0 wr=0 wrseen=0x27 addr=0x5a ok=3165 err=0 tmo=0 recov=0 pclk1=200000000 sysclk=400000000
[CLK] cpu=800000000 sysb=400000000 pclk1=200000000
[DRV] init=0 id=7 mode=0x1 lib=0x2 seq=0x1 odc=0x8b sts=0xe0 armed=1
[TRG] pulses=170 suppressed=2070 cyc=1600 rst=1 rstmode=0x40
[HLT] polls=359 faults=0x0 cfglost=0
[EFF] n=5 last=58539 min=58539 max=58760 late=0 stuck=0
[DWT] ok=1 cyc=1670700122 cyc_per_ms=800000
[HB] up_ms=379093 frames=18024 inf=18024 hazard=2240 canary_err=0 q=0 qovr=0
[I2C] init=0 gate=0 whoami=0x140e0 wr=0 wrseen=0x27 addr=0x5a ok=3167 err=0 tmo=0 recov=0 pclk1=200000000 sysclk=400000000
[CLK] cpu=800000000 sysb=400000000 pclk1=200000000
[DRV] init=0 id=7 mode=0x1 lib=0x2 seq=0x1 odc=0x8b sts=0xe0 armed=1
[TRG] pulses=170 suppressed=2070 cyc=1600 rst=1 rstmode=0x40
[HLT] polls=360 faults=0x0 cfglost=0
[EFF] n=5 last=58539 min=58539 max=58760 late=0 stuck=0
[DWT] ok=1 cyc=2508300090 cyc_per_ms=799999
[HB] up_ms=380140 frames=18074 inf=18074 hazard=2274 canary_err=0 q=0 qovr=0
[I2C] init=0 gate=0 whoami=0x140e0 wr=0 wrseen=0x27 addr=0x5a ok=3169 err=0 tmo=0 recov=0 pclk1=200000000 sysclk=400000000
[CLK] cpu=800000000 sysb=400000000 pclk1=200000000
[DRV] init=0 id=7 mode=0x1 lib=0x2 seq=0x1 odc=0x8b sts=0xe0 armed=1
[TRG] pulses=173 suppressed=2102 cyc=1600 rst=1 rstmode=0x40
[HLT] polls=361 faults=0x0 cfglost=0
[EFF] n=5 last=58539 min=58539 max=58760 late=0 stuck=0
[DWT] ok=1 cyc=3345901950 cyc_per_ms=800001
[HB] up_ms=381187 frames=18124 inf=18124 hazard=2280 canary_err=0 q=0 qovr=0
[I2C] init=0 gate=0 whoami=0x140e0 wr=0 wrseen=0x27 addr=0x5a ok=3171 err=0 tmo=0 recov=0 pclk1=200000000 sysclk=400000000
[CLK] cpu=800000000 sysb=400000000 pclk1=200000000
[DRV] init=0 id=7 mode=0x1 lib=0x2 seq=0x1 odc=0x8b sts=0xe0 armed=1
[TRG] pulses=173 suppressed=2107 cyc=1600 rst=1 rstmode=0x40
[HLT] polls=362 faults=0x0 cfglost=0
[EFF] n=5 last=58539 min=58539 max=58760 late=0 stuck=0
[DWT] ok=1 cyc=4183500138 cyc_per_ms=799998
[HB] up_ms=382234 frames=18174 inf=18174 hazard=2280 canary_err=0 q=0 qovr=0
[I2C] init=0 gate=0 whoami=0x140e0 wr=0 wrseen=0x27 addr=0x5a ok=3173 err=0 tmo=0 recov=0 pclk1=200000000 sysclk=400000000
[CLK] cpu=800000000 sysb=400000000 pclk1=200000000
[DRV] init=0 id=7 mode=0x1 lib=0x2 seq=0x1 odc=0x8b sts=0xe0 armed=1
[TRG] pulses=173 suppressed=2107 cyc=1600 rst=1 rstmode=0x40
[HLT] polls=363 faults=0x0 cfglost=0
[EFF] n=5 last=58539 min=58539 max=58760 late=0 stuck=0
[DWT] ok=1 cyc=726132818 cyc_per_ms=799999
[HB] up_ms=383281 frames=18223 inf=18223 hazard=2280 canary_err=0 q=0 qovr=0
[I2C] init=0 gate=0 whoami=0x140e0 wr=0 wrseen=0x27 addr=0x5a ok=3175 err=0 tmo=0 recov=0 pclk1=200000000 sysclk=400000000
[CLK] cpu=800000000 sysb=400000000 pclk1=200000000
[DRV] init=0 id=7 mode=0x1 lib=0x2 seq=0x1 odc=0x8b sts=0xe0 armed=1
[TRG] pulses=173 suppressed=2107 cyc=1600 rst=1 rstmode=0x40
[HLT] polls=364 faults=0x0 cfglost=0
[EFF] n=5 last=58539 min=58539 max=58760 late=0 stuck=0
[DWT] ok=1 cyc=1563732826 cyc_per_ms=800000
[HB] up_ms=384328 frames=18273 inf=18273 hazard=2280 canary_err=0 q=0 qovr=0
[I2C] init=0 gate=0 whoami=0x140e0 wr=0 wrseen=0x27 addr=0x5a ok=3177 err=0 tmo=0 recov=0 pclk1=200000000 sysclk=400000000
[CLK] cpu=800000000 sysb=400000000 pclk1=200000000
[DRV] init=0 id=7 mode=0x1 lib=0x2 seq=0x1 odc=0x8b sts=0xe0 armed=1
[TRG] pulses=173 suppressed=2107 cyc=1600 rst=1 rstmode=0x40
[HLT] polls=365 faults=0x0 cfglost=0
[EFF] n=5 last=58539 min=58539 max=58760 late=0 stuck=0
[DWT] ok=1 cyc=2401332842 cyc_per_ms=800000
[HB] up_ms=385375 frames=18323 inf=18323 hazard=2280 canary_err=0 q=0 qovr=0
[I2C] init=0 gate=0 whoami=0x140e0 wr=0 wrseen=0x27 addr=0x5a ok=3179 err=0 tmo=0 recov=0 pclk1=200000000 sysclk=400000000
[CLK] cpu=800000000 sysb=400000000 pclk1=200000000
[DRV] init=0 id=7 mode=0x1 lib=0x2 seq=0x1 odc=0x8b sts=0xe0 armed=1
[TRG] pulses=173 suppressed=2107 cyc=1600 rst=1 rstmode=0x40
[HLT] polls=366 faults=0x0 cfglost=0
[EFF] n=5 last=58539 min=58539 max=58760 late=0 stuck=0
[DWT] ok=1 cyc=3238932810 cyc_per_ms=799999
[HB] up_ms=386422 frames=18373 inf=18373 hazard=2293 canary_err=0 q=0 qovr=0
[I2C] init=0 gate=0 whoami=0x140e0 wr=0 wrseen=0x27 addr=0x5a ok=3181 err=0 tmo=0 recov=0 pclk1=200000000 sysclk=400000000
[CLK] cpu=800000000 sysb=400000000 pclk1=200000000
[DRV] init=0 id=7 mode=0x1 lib=0x2 seq=0x1 odc=0x8b sts=0xe0 armed=1
[TRG] pulses=174 suppressed=2120 cyc=1600 rst=1 rstmode=0x40
[HLT] polls=367 faults=0x0 cfglost=0
[EFF] n=5 last=58539 min=58539 max=58760 late=0 stuck=0
[DWT] ok=1 cyc=4076537058 cyc_per_ms=800004
[HB] up_ms=387469 frames=18423 inf=18423 hazard=2320 canary_err=0 q=0 qovr=0
[I2C] init=0 gate=0 whoami=0x140e0 wr=0 wrseen=0x27 addr=0x5a ok=3183 err=0 tmo=0 recov=0 pclk1=200000000 sysclk=400000000
[CLK] cpu=800000000 sysb=400000000 pclk1=200000000
[DRV] init=0 id=7 mode=0x1 lib=0x2 seq=0x1 odc=0x8b sts=0xe0 armed=1
[TRG] pulses=176 suppressed=2144 cyc=1600 rst=1 rstmode=0x40
[HLT] polls=368 faults=0x0 cfglost=0
[EFF] n=5 last=58539 min=58539 max=58760 late=0 stuck=0
[DWT] ok=1 cyc=619165522 cyc_per_ms=799995
[HB] up_ms=388516 frames=18473 inf=18473 hazard=2320 canary_err=0 q=0 qovr=0
[I2C] init=0 gate=0 whoami=0x140e0 wr=0 wrseen=0x27 addr=0x5a ok=3185 err=0 tmo=0 recov=0 pclk1=200000000 sysclk=400000000
[CLK] cpu=800000000 sysb=400000000 pclk1=200000000
[DRV] init=0 id=7 mode=0x1 lib=0x2 seq=0x1 odc=0x8b sts=0xe0 armed=1
[TRG] pulses=176 suppressed=2144 cyc=1600 rst=1 rstmode=0x40
[HLT] polls=369 faults=0x0 cfglost=0
[EFF] n=5 last=58539 min=58539 max=58760 late=0 stuck=0
[DWT] ok=1 cyc=1456765494 cyc_per_ms=799999
[HB] up_ms=389563 frames=18523 inf=18523 hazard=2320 canary_err=0 q=0 qovr=0
[I2C] init=0 gate=0 whoami=0x140e0 wr=0 wrseen=0x27 addr=0x5a ok=3187 err=0 tmo=0 recov=0 pclk1=200000000 sysclk=400000000
[CLK] cpu=800000000 sysb=400000000 pclk1=200000000
[DRV] init=0 id=7 mode=0x1 lib=0x2 seq=0x1 odc=0x8b sts=0xe0 armed=1
[TRG] pulses=176 suppressed=2144 cyc=1600 rst=1 rstmode=0x40
[HLT] polls=370 faults=0x0 cfglost=0
[EFF] n=5 last=58539 min=58539 max=58760 late=0 stuck=0
[DWT] ok=1 cyc=2294365454 cyc_per_ms=799999
[HB] up_ms=390610 frames=18572 inf=18572 hazard=2320 canary_err=0 q=0 qovr=0
[I2C] init=0 gate=0 whoami=0x140e0 wr=0 wrseen=0x27 addr=0x5a ok=3189 err=0 tmo=0 recov=0 pclk1=200000000 sysclk=400000000
[CLK] cpu=800000000 sysb=400000000 pclk1=200000000
[DRV] init=0 id=7 mode=0x1 lib=0x2 seq=0x1 odc=0x8b sts=0xe0 armed=1
[TRG] pulses=176 suppressed=2144 cyc=1600 rst=1 rstmode=0x40
[HLT] polls=371 faults=0x0 cfglost=0
[EFF] n=5 last=58539 min=58539 max=58760 late=0 stuck=0
[DWT] ok=1 cyc=3131965462 cyc_per_ms=800000
[HB] up_ms=391657 frames=18622 inf=18622 hazard=2320 canary_err=0 q=0 qovr=0
[I2C] init=0 gate=0 whoami=0x140e0 wr=0 wrseen=0x27 addr=0x5a ok=3191 err=0 tmo=0 recov=0 pclk1=200000000 sysclk=400000000
[CLK] cpu=800000000 sysb=400000000 pclk1=200000000
[DRV] init=0 id=7 mode=0x1 lib=0x2 seq=0x1 odc=0x8b sts=0xe0 armed=1
[TRG] pulses=176 suppressed=2144 cyc=1600 rst=1 rstmode=0x40
[HLT] polls=372 faults=0x0 cfglost=0
[EFF] n=5 last=58539 min=58539 max=58760 late=0 stuck=0
[DWT] ok=1 cyc=3969565470 cyc_per_ms=800000
[HB] up_ms=392704 frames=18672 inf=18672 hazard=2320 canary_err=0 q=0 qovr=0
[I2C] init=0 gate=0 whoami=0x140e0 wr=0 wrseen=0x27 addr=0x5a ok=3193 err=0 tmo=0 recov=0 pclk1=200000000 sysclk=400000000
[CLK] cpu=800000000 sysb=400000000 pclk1=200000000
[DRV] init=0 id=7 mode=0x1 lib=0x2 seq=0x1 odc=0x8b sts=0xe0 armed=1
[TRG] pulses=176 suppressed=2144 cyc=1600 rst=1 rstmode=0x40
[HLT] polls=373 faults=0x0 cfglost=0
[EFF] n=5 last=58539 min=58539 max=58760 late=0 stuck=0
[DWT] ok=1 cyc=512198250 cyc_per_ms=800000
[HB] up_ms=393751 frames=18722 inf=18722 hazard=2360 canary_err=0 q=0 qovr=0
[I2C] init=0 gate=0 whoami=0x140e0 wr=0 wrseen=0x27 addr=0x5a ok=3195 err=0 tmo=0 recov=0 pclk1=200000000 sysclk=400000000
[CLK] cpu=800000000 sysb=400000000 pclk1=200000000
[DRV] init=0 id=7 mode=0x1 lib=0x2 seq=0x1 odc=0x8b sts=0xe0 armed=1
[TRG] pulses=179 suppressed=2181 cyc=1600 rst=1 rstmode=0x40
[HLT] polls=374 faults=0x0 cfglost=0
[EFF] n=5 last=58539 min=58539 max=58760 late=0 stuck=0
[DWT] ok=1 cyc=1349798210 cyc_per_ms=799999
[HB] up_ms=394798 frames=18772 inf=18772 hazard=2360 canary_err=0 q=0 qovr=0
[I2C] init=0 gate=0 whoami=0x140e0 wr=0 wrseen=0x27 addr=0x5a ok=3197 err=0 tmo=0 recov=0 pclk1=200000000 sysclk=400000000
[CLK] cpu=800000000 sysb=400000000 pclk1=200000000
[DRV] init=0 id=7 mode=0x1 lib=0x2 seq=0x1 odc=0x8b sts=0xe0 armed=1
[TRG] pulses=179 suppressed=2181 cyc=1600 rst=1 rstmode=0x40
[HLT] polls=375 faults=0x0 cfglost=0
[EFF] n=5 last=58539 min=58539 max=58760 late=0 stuck=0
[DWT] ok=1 cyc=2187398174 cyc_per_ms=799999
[HB] up_ms=395845 frames=18822 inf=18822 hazard=2360 canary_err=0 q=0 qovr=0
[I2C] init=0 gate=0 whoami=0x140e0 wr=0 wrseen=0x27 addr=0x5a ok=3199 err=0 tmo=0 recov=0 pclk1=200000000 sysclk=400000000
[CLK] cpu=800000000 sysb=400000000 pclk1=200000000
[DRV] init=0 id=7 mode=0x1 lib=0x2 seq=0x1 odc=0x8b sts=0xe0 armed=1
[TRG] pulses=179 suppressed=2181 cyc=1600 rst=1 rstmode=0x40
[HLT] polls=376 faults=0x0 cfglost=0
[EFF] n=5 last=58539 min=58539 max=58760 late=0 stuck=0
[DWT] ok=1 cyc=3024998158 cyc_per_ms=799999
[HB] up_ms=396892 frames=18872 inf=18872 hazard=2360 canary_err=0 q=0 qovr=0
[I2C] init=0 gate=0 whoami=0x140e0 wr=0 wrseen=0x27 addr=0x5a ok=3201 err=0 tmo=0 recov=0 pclk1=200000000 sysclk=400000000
[CLK] cpu=800000000 sysb=400000000 pclk1=200000000
[DRV] init=0 id=7 mode=0x1 lib=0x2 seq=0x1 odc=0x8b sts=0xe0 armed=1
[TRG] pulses=179 suppressed=2181 cyc=1600 rst=1 rstmode=0x40
[HLT] polls=377 faults=0x0 cfglost=0
[EFF] n=5 last=58539 min=58539 max=58760 late=0 stuck=0
[DWT] ok=1 cyc=3862598242 cyc_per_ms=800000
[HB] up_ms=397939 frames=18921 inf=18921 hazard=2360 canary_err=0 q=0 qovr=0
[I2C] init=0 gate=0 whoami=0x140e0 wr=0 wrseen=0x27 addr=0x5a ok=3203 err=0 tmo=0 recov=0 pclk1=200000000 sysclk=400000000
[CLK] cpu=800000000 sysb=400000000 pclk1=200000000
[DRV] init=0 id=7 mode=0x1 lib=0x2 seq=0x1 odc=0x8b sts=0xe0 armed=1
[TRG] pulses=179 suppressed=2181 cyc=1600 rst=1 rstmode=0x40
[HLT] polls=378 faults=0x0 cfglost=0
[EFF] n=5 last=58539 min=58539 max=58760 late=0 stuck=0
[DWT] ok=1 cyc=405230954 cyc_per_ms=800000
[HB] up_ms=398986 frames=18971 inf=18971 hazard=2360 canary_err=0 q=0 qovr=0
[I2C] init=0 gate=0 whoami=0x140e0 wr=0 wrseen=0x27 addr=0x5a ok=3205 err=0 tmo=0 recov=0 pclk1=200000000 sysclk=400000000
[CLK] cpu=800000000 sysb=400000000 pclk1=200000000
[DRV] init=0 id=7 mode=0x1 lib=0x2 seq=0x1 odc=0x8b sts=0xe0 armed=1
[TRG] pulses=179 suppressed=2181 cyc=1600 rst=1 rstmode=0x40
[HLT] polls=379 faults=0x0 cfglost=0
[EFF] n=5 last=58539 min=58539 max=58760 late=0 stuck=0
[DWT] ok=1 cyc=1242830854 cyc_per_ms=799999
[HB] up_ms=400033 frames=19021 inf=19021 hazard=2381 canary_err=0 q=0 qovr=0
[I2C] init=0 gate=0 whoami=0x140e0 wr=0 wrseen=0x27 addr=0x5a ok=3207 err=0 tmo=0 recov=0 pclk1=200000000 sysclk=400000000
[CLK] cpu=800000000 sysb=400000000 pclk1=200000000
[DRV] init=0 id=7 mode=0x1 lib=0x2 seq=0x1 odc=0x8b sts=0xe0 armed=1
[TRG] pulses=181 suppressed=2201 cyc=1600 rst=1 rstmode=0x40
[HLT] polls=380 faults=0x0 cfglost=0
[EFF] n=5 last=58539 min=58539 max=58760 late=0 stuck=0
[DWT] ok=1 cyc=2080432738 cyc_per_ms=800001
[HB] up_ms=401080 frames=19071 inf=19071 hazard=2400 canary_err=0 q=0 qovr=0
[I2C] init=0 gate=0 whoami=0x140e0 wr=0 wrseen=0x27 addr=0x5a ok=3209 err=0 tmo=0 recov=0 pclk1=200000000 sysclk=400000000
[CLK] cpu=800000000 sysb=400000000 pclk1=200000000
[DRV] init=0 id=7 mode=0x1 lib=0x2 seq=0x1 odc=0x8b sts=0xe0 armed=1
[TRG] pulses=182 suppressed=2218 cyc=1600 rst=1 rstmode=0x40
[HLT] polls=381 faults=0x0 cfglost=0
[EFF] n=5 last=58539 min=58539 max=58760 late=0 stuck=0
[DWT] ok=1 cyc=2918030906 cyc_per_ms=799998
[HB] up_ms=402127 frames=19121 inf=19121 hazard=2400 canary_err=0 q=0 qovr=0
[I2C] init=0 gate=0 whoami=0x140e0 wr=0 wrseen=0x27 addr=0x5a ok=3211 err=0 tmo=0 recov=0 pclk1=200000000 sysclk=400000000
[CLK] cpu=800000000 sysb=400000000 pclk1=200000000
[DRV] init=0 id=7 mode=0x1 lib=0x2 seq=0x1 odc=0x8b sts=0xe0 armed=1
[TRG] pulses=182 suppressed=2218 cyc=1600 rst=1 rstmode=0x40
[HLT] polls=382 faults=0x0 cfglost=0
[EFF] n=5 last=58539 min=58539 max=58760 late=0 stuck=0
[DWT] ok=1 cyc=3755630878 cyc_per_ms=799999
[HB] up_ms=403174 frames=19171 inf=19171 hazard=2400 canary_err=0 q=0 qovr=0
[I2C] init=0 gate=0 whoami=0x140e0 wr=0 wrseen=0x27 addr=0x5a ok=3213 err=0 tmo=0 recov=0 pclk1=200000000 sysclk=400000000
[CLK] cpu=800000000 sysb=400000000 pclk1=200000000
[DRV] init=0 id=7 mode=0x1 lib=0x2 seq=0x1 odc=0x8b sts=0xe0 armed=1
[TRG] pulses=182 suppressed=2218 cyc=1600 rst=1 rstmode=0x40
[HLT] polls=383 faults=0x0 cfglost=0
[EFF] n=5 last=58539 min=58539 max=58760 late=0 stuck=0
[DWT] ok=1 cyc=298263566 cyc_per_ms=799999
[HB] up_ms=404221 frames=19221 inf=19221 hazard=2400 canary_err=0 q=0 qovr=0
[I2C] init=0 gate=0 whoami=0x140e0 wr=0 wrseen=0x27 addr=0x5a ok=3215 err=0 tmo=0 recov=0 pclk1=200000000 sysclk=400000000
[CLK] cpu=800000000 sysb=400000000 pclk1=200000000
[DRV] init=0 id=7 mode=0x1 lib=0x2 seq=0x1 odc=0x8b sts=0xe0 armed=1
[TRG] pulses=182 suppressed=2218 cyc=1600 rst=1 rstmode=0x40
[HLT] polls=384 faults=0x0 cfglost=0
[EFF] n=5 last=58539 min=58539 max=58760 late=0 stuck=0
[DWT] ok=1 cyc=1135863638 cyc_per_ms=800000
[HB] up_ms=405268 frames=19270 inf=19270 hazard=2400 canary_err=0 q=0 qovr=0
[I2C] init=0 gate=0 whoami=0x140e0 wr=0 wrseen=0x27 addr=0x5a ok=3217 err=0 tmo=0 recov=0 pclk1=200000000 sysclk=400000000
[CLK] cpu=800000000 sysb=400000000 pclk1=200000000
[DRV] init=0 id=7 mode=0x1 lib=0x2 seq=0x1 odc=0x8b sts=0xe0 armed=1
[TRG] pulses=182 suppressed=2218 cyc=1600 rst=1 rstmode=0x40
[HLT] polls=385 faults=0x0 cfglost=0
[EFF] n=5 last=58539 min=58539 max=58760 late=0 stuck=0
[DWT] ok=1 cyc=1973463618 cyc_per_ms=799999
[HB] up_ms=406315 frames=19320 inf=19320 hazard=2400 canary_err=0 q=0 qovr=0
[I2C] init=0 gate=0 whoami=0x140e0 wr=0 wrseen=0x27 addr=0x5a ok=3219 err=0 tmo=0 recov=0 pclk1=200000000 sysclk=400000000
[CLK] cpu=800000000 sysb=400000000 pclk1=200000000
[DRV] init=0 id=7 mode=0x1 lib=0x2 seq=0x1 odc=0x8b sts=0xe0 armed=1
[TRG] pulses=183 suppressed=2219 cyc=1600 rst=1 rstmode=0x40
[HLT] polls=386 faults=0x0 cfglost=0
[EFF] n=5 last=58539 min=58539 max=58760 late=0 stuck=0
[DWT] ok=1 cyc=2811067866 cyc_per_ms=800004
[HB] up_ms=407362 frames=19370 inf=19370 hazard=2440 canary_err=0 q=0 qovr=0
[I2C] init=0 gate=0 whoami=0x140e0 wr=0 wrseen=0x27 addr=0x5a ok=3221 err=0 tmo=0 recov=0 pclk1=200000000 sysclk=400000000
[CLK] cpu=800000000 sysb=400000000 pclk1=200000000
[DRV] init=0 id=7 mode=0x1 lib=0x2 seq=0x1 odc=0x8b sts=0xe0 armed=1
[TRG] pulses=185 suppressed=2255 cyc=1600 rst=1 rstmode=0x40
[HLT] polls=387 faults=0x0 cfglost=0
[EFF] n=5 last=58539 min=58539 max=58760 late=0 stuck=0
[DWT] ok=1 cyc=3648663598 cyc_per_ms=799995
[HB] up_ms=408409 frames=19420 inf=19420 hazard=2440 canary_err=0 q=0 qovr=0
[I2C] init=0 gate=0 whoami=0x140e0 wr=0 wrseen=0x27 addr=0x5a ok=3223 err=0 tmo=0 recov=0 pclk1=200000000 sysclk=400000000
[CLK] cpu=800000000 sysb=400000000 pclk1=200000000
[DRV] init=0 id=7 mode=0x1 lib=0x2 seq=0x1 odc=0x8b sts=0xe0 armed=1
[TRG] pulses=185 suppressed=2255 cyc=1600 rst=1 rstmode=0x40
[HLT] polls=388 faults=0x0 cfglost=0
[EFF] n=5 last=58539 min=58539 max=58760 late=0 stuck=0
[DWT] ok=1 cyc=191296270 cyc_per_ms=799999
[HB] up_ms=409456 frames=19470 inf=19470 hazard=2440 canary_err=0 q=0 qovr=0
[I2C] init=0 gate=0 whoami=0x140e0 wr=0 wrseen=0x27 addr=0x5a ok=3225 err=0 tmo=0 recov=0 pclk1=200000000 sysclk=400000000
[CLK] cpu=800000000 sysb=400000000 pclk1=200000000
[DRV] init=0 id=7 mode=0x1 lib=0x2 seq=0x1 odc=0x8b sts=0xe0 armed=1
[TRG] pulses=185 suppressed=2255 cyc=1600 rst=1 rstmode=0x40
[HLT] polls=389 faults=0x0 cfglost=0
[EFF] n=5 last=58539 min=58539 max=58760 late=0 stuck=0
[DWT] ok=1 cyc=1028896338 cyc_per_ms=800000
[HB] up_ms=410503 frames=19520 inf=19520 hazard=2440 canary_err=0 q=0 qovr=0
[I2C] init=0 gate=0 whoami=0x140e0 wr=0 wrseen=0x27 addr=0x5a ok=3227 err=0 tmo=0 recov=0 pclk1=200000000 sysclk=400000000
[CLK] cpu=800000000 sysb=400000000 pclk1=200000000
[DRV] init=0 id=7 mode=0x1 lib=0x2 seq=0x1 odc=0x8b sts=0xe0 armed=1
[TRG] pulses=185 suppressed=2255 cyc=1600 rst=1 rstmode=0x40
[HLT] polls=390 faults=0x0 cfglost=0
[EFF] n=5 last=58539 min=58539 max=58760 late=0 stuck=0
[DWT] ok=1 cyc=1866496302 cyc_per_ms=799999
[HB] up_ms=411550 frames=19570 inf=19570 hazard=2440 canary_err=0 q=0 qovr=0
[I2C] init=0 gate=0 whoami=0x140e0 wr=0 wrseen=0x27 addr=0x5a ok=3229 err=0 tmo=0 recov=0 pclk1=200000000 sysclk=400000000
[CLK] cpu=800000000 sysb=400000000 pclk1=200000000
[DRV] init=0 id=7 mode=0x1 lib=0x2 seq=0x1 odc=0x8b sts=0xe0 armed=1
[TRG] pulses=185 suppressed=2255 cyc=1600 rst=1 rstmode=0x40
[HLT] polls=391 faults=0x0 cfglost=0
[EFF] n=5 last=58539 min=58539 max=58760 late=0 stuck=0
[DWT] ok=1 cyc=2704096270 cyc_per_ms=799999
[HB] up_ms=412597 frames=19619 inf=19619 hazard=2440 canary_err=0 q=0 qovr=0
[I2C] init=0 gate=0 whoami=0x140e0 wr=0 wrseen=0x27 addr=0x5a ok=3231 err=0 tmo=0 recov=0 pclk1=200000000 sysclk=400000000
[CLK] cpu=800000000 sysb=400000000 pclk1=200000000
[DRV] init=0 id=7 mode=0x1 lib=0x2 seq=0x1 odc=0x8b sts=0xe0 armed=1
[TRG] pulses=185 suppressed=2255 cyc=1600 rst=1 rstmode=0x40
[HLT] polls=392 faults=0x0 cfglost=0
[EFF] n=5 last=58539 min=58539 max=58760 late=0 stuck=0
[DWT] ok=1 cyc=3541696278 cyc_per_ms=800000
[HB] up_ms=413644 frames=19669 inf=19669 hazard=2469 canary_err=0 q=0 qovr=0
[I2C] init=0 gate=0 whoami=0x140e0 wr=0 wrseen=0x27 addr=0x5a ok=3233 err=0 tmo=0 recov=0 pclk1=200000000 sysclk=400000000
[CLK] cpu=800000000 sysb=400000000 pclk1=200000000
[DRV] init=0 id=7 mode=0x1 lib=0x2 seq=0x1 odc=0x8b sts=0xe0 armed=1
[TRG] pulses=188 suppressed=2283 cyc=1600 rst=1 rstmode=0x40
[HLT] polls=393 faults=0x0 cfglost=0
[EFF] n=5 last=58539 min=58539 max=58760 late=0 stuck=0
[DWT] ok=1 cyc=84330814 cyc_per_ms=800001
[HB] up_ms=414691 frames=19719 inf=19719 hazard=2480 canary_err=0 q=0 qovr=0
[I2C] init=0 gate=0 whoami=0x140e0 wr=0 wrseen=0x27 addr=0x5a ok=3235 err=0 tmo=0 recov=0 pclk1=200000000 sysclk=400000000
[CLK] cpu=800000000 sysb=400000000 pclk1=200000000
[DRV] init=0 id=7 mode=0x1 lib=0x2 seq=0x1 odc=0x8b sts=0xe0 armed=1
[TRG] pulses=188 suppressed=2292 cyc=1600 rst=1 rstmode=0x40
[HLT] polls=394 faults=0x0 cfglost=0
[EFF] n=5 last=58539 min=58539 max=58760 late=0 stuck=0
[DWT] ok=1 cyc=921929066 cyc_per_ms=799998
[HB] up_ms=415738 frames=19769 inf=19769 hazard=2480 canary_err=0 q=0 qovr=0
[I2C] init=0 gate=0 whoami=0x140e0 wr=0 wrseen=0x27 addr=0x5a ok=3237 err=0 tmo=0 recov=0 pclk1=200000000 sysclk=400000000
[CLK] cpu=800000000 sysb=400000000 pclk1=200000000
[DRV] init=0 id=7 mode=0x1 lib=0x2 seq=0x1 odc=0x8b sts=0xe0 armed=1
[TRG] pulses=188 suppressed=2292 cyc=1600 rst=1 rstmode=0x40
[HLT] polls=395 faults=0x0 cfglost=0
[EFF] n=5 last=58539 min=58539 max=58760 late=0 stuck=0
[DWT] ok=1 cyc=1759529038 cyc_per_ms=799999
[HB] up_ms=416785 frames=19819 inf=19819 hazard=2480 canary_err=0 q=0 qovr=0
[I2C] init=0 gate=0 whoami=0x140e0 wr=0 wrseen=0x27 addr=0x5a ok=3239 err=0 tmo=0 recov=0 pclk1=200000000 sysclk=400000000
[CLK] cpu=800000000 sysb=400000000 pclk1=200000000
[DRV] init=0 id=7 mode=0x1 lib=0x2 seq=0x1 odc=0x8b sts=0xe0 armed=1
[TRG] pulses=188 suppressed=2292 cyc=1600 rst=1 rstmode=0x40
[HLT] polls=396 faults=0x0 cfglost=0
[EFF] n=5 last=58539 min=58539 max=58760 late=0 stuck=0
[DWT] ok=1 cyc=2597129018 cyc_per_ms=799999
[HB] up_ms=417832 frames=19869 inf=19869 hazard=2480 canary_err=0 q=0 qovr=0
[I2C] init=0 gate=0 whoami=0x140e0 wr=0 wrseen=0x27 addr=0x5a ok=3241 err=0 tmo=0 recov=0 pclk1=200000000 sysclk=400000000
[CLK] cpu=800000000 sysb=400000000 pclk1=200000000
[DRV] init=0 id=7 mode=0x1 lib=0x2 seq=0x1 odc=0x8b sts=0xe0 armed=1
[TRG] pulses=188 suppressed=2292 cyc=1600 rst=1 rstmode=0x40
[HLT] polls=397 faults=0x0 cfglost=0
[EFF] n=5 last=58539 min=58539 max=58760 late=0 stuck=0
[DWT] ok=1 cyc=3434728998 cyc_per_ms=799999
[HB] up_ms=418879 frames=19919 inf=19919 hazard=2480 canary_err=0 q=0 qovr=0
[I2C] init=0 gate=0 whoami=0x140e0 wr=0 wrseen=0x27 addr=0x5a ok=3243 err=0 tmo=0 recov=0 pclk1=200000000 sysclk=400000000
[CLK] cpu=800000000 sysb=400000000 pclk1=200000000
[DRV] init=0 id=7 mode=0x1 lib=0x2 seq=0x1 odc=0x8b sts=0xe0 armed=1
[TRG] pulses=188 suppressed=2292 cyc=1600 rst=1 rstmode=0x40
[HLT] polls=398 faults=0x0 cfglost=0
[EFF] n=5 last=58539 min=58539 max=58760 late=0 stuck=0
[DWT] ok=1 cyc=4272328974 cyc_per_ms=799999
[HB] up_ms=419926 frames=19968 inf=19968 hazard=2488 canary_err=0 q=0 qovr=0
[I2C] init=0 gate=0 whoami=0x140e0 wr=0 wrseen=0x27 addr=0x5a ok=3245 err=0 tmo=0 recov=0 pclk1=200000000 sysclk=400000000
[CLK] cpu=800000000 sysb=400000000 pclk1=200000000
[DRV] init=0 id=7 mode=0x1 lib=0x2 seq=0x1 odc=0x8b sts=0xe0 armed=1
[TRG] pulses=189 suppressed=2301 cyc=1600 rst=1 rstmode=0x40
[HLT] polls=399 faults=0x0 cfglost=0
[EFF] n=5 last=58539 min=58539 max=58760 late=0 stuck=0
[DWT] ok=1 cyc=814963538 cyc_per_ms=800001
[HB] up_ms=420973 frames=20018 inf=20018 hazard=2520 canary_err=0 q=0 qovr=0
[I2C] init=0 gate=0 whoami=0x140e0 wr=0 wrseen=0x27 addr=0x5a ok=3247 err=0 tmo=0 recov=0 pclk1=200000000 sysclk=400000000
[CLK] cpu=800000000 sysb=400000000 pclk1=200000000
[DRV] init=0 id=7 mode=0x1 lib=0x2 seq=0x1 odc=0x8b sts=0xe0 armed=1
[TRG] pulses=191 suppressed=2329 cyc=1600 rst=1 rstmode=0x40
[HLT] polls=400 faults=0x0 cfglost=0
[EFF] n=5 last=58539 min=58539 max=58760 late=0 stuck=0
[DWT] ok=1 cyc=1652561714 cyc_per_ms=799998
[HB] up_ms=422020 frames=20068 inf=20068 hazard=2520 canary_err=0 q=0 qovr=0
[I2C] init=0 gate=0 whoami=0x140e0 wr=0 wrseen=0x27 addr=0x5a ok=3249 err=0 tmo=0 recov=0 pclk1=200000000 sysclk=400000000
[CLK] cpu=800000000 sysb=400000000 pclk1=200000000
[DRV] init=0 id=7 mode=0x1 lib=0x2 seq=0x1 odc=0x8b sts=0xe0 armed=1
[TRG] pulses=191 suppressed=2329 cyc=1600 rst=1 rstmode=0x40
[HLT] polls=401 faults=0x0 cfglost=0
[EFF] n=5 last=58539 min=58539 max=58760 late=0 stuck=0
[DWT] ok=1 cyc=2490161686 cyc_per_ms=799999
[HB] up_ms=423067 frames=20118 inf=20118 hazard=2520 canary_err=0 q=0 qovr=0
[I2C] init=0 gate=0 whoami=0x140e0 wr=0 wrseen=0x27 addr=0x5a ok=3251 err=0 tmo=0 recov=0 pclk1=200000000 sysclk=400000000
[CLK] cpu=800000000 sysb=400000000 pclk1=200000000
[DRV] init=0 id=7 mode=0x1 lib=0x2 seq=0x1 odc=0x8b sts=0xe0 armed=1
[TRG] pulses=191 suppressed=2329 cyc=1600 rst=1 rstmode=0x40
[HLT] polls=402 faults=0x0 cfglost=0
[EFF] n=5 last=58539 min=58539 max=58760 late=0 stuck=0
[DWT] ok=1 cyc=3327761754 cyc_per_ms=800000
[HB] up_ms=424114 frames=20168 inf=20168 hazard=2520 canary_err=0 q=0 qovr=0
[I2C] init=0 gate=0 whoami=0x140e0 wr=0 wrseen=0x27 addr=0x5a ok=3253 err=0 tmo=0 recov=0 pclk1=200000000 sysclk=400000000
[CLK] cpu=800000000 sysb=400000000 pclk1=200000000
[DRV] init=0 id=7 mode=0x1 lib=0x2 seq=0x1 odc=0x8b sts=0xe0 armed=1
[TRG] pulses=191 suppressed=2329 cyc=1600 rst=1 rstmode=0x40
[HLT] polls=403 faults=0x0 cfglost=0
[EFF] n=5 last=58539 min=58539 max=58760 late=0 stuck=0
[DWT] ok=1 cyc=4165361722 cyc_per_ms=799999
[HB] up_ms=425161 frames=20218 inf=20218 hazard=2520 canary_err=0 q=0 qovr=0
[I2C] init=0 gate=0 whoami=0x140e0 wr=0 wrseen=0x27 addr=0x5a ok=3255 err=0 tmo=0 recov=0 pclk1=200000000 sysclk=400000000
[CLK] cpu=800000000 sysb=400000000 pclk1=200000000
[DRV] init=0 id=7 mode=0x1 lib=0x2 seq=0x1 odc=0x8b sts=0xe0 armed=1
[TRG] pulses=191 suppressed=2329 cyc=1600 rst=1 rstmode=0x40
[HLT] polls=404 faults=0x0 cfglost=0
[EFF] n=5 last=58539 min=58539 max=58760 late=0 stuck=0
[DWT] ok=1 cyc=707994406 cyc_per_ms=799999
[HB] up_ms=426208 frames=20268 inf=20268 hazard=2520 canary_err=0 q=0 qovr=0
[I2C] init=0 gate=0 whoami=0x140e0 wr=0 wrseen=0x27 addr=0x5a ok=3257 err=0 tmo=0 recov=0 pclk1=200000000 sysclk=400000000
[CLK] cpu=800000000 sysb=400000000 pclk1=200000000
[DRV] init=0 id=7 mode=0x1 lib=0x2 seq=0x1 odc=0x8b sts=0xe0 armed=1
[TRG] pulses=191 suppressed=2329 cyc=1600 rst=1 rstmode=0x40
[HLT] polls=405 faults=0x0 cfglost=0
[EFF] n=5 last=58539 min=58539 max=58760 late=0 stuck=0
[DWT] ok=1 cyc=1545594382 cyc_per_ms=799999
[HB] up_ms=427255 frames=20317 inf=20317 hazard=2557 canary_err=0 q=0 qovr=0
[I2C] init=0 gate=0 whoami=0x140e0 wr=0 wrseen=0x27 addr=0x5a ok=3259 err=0 tmo=0 recov=0 pclk1=200000000 sysclk=400000000
[CLK] cpu=800000000 sysb=400000000 pclk1=200000000
[DRV] init=0 id=7 mode=0x1 lib=0x2 seq=0x1 odc=0x8b sts=0xe0 armed=1
[TRG] pulses=194 suppressed=2365 cyc=1600 rst=1 rstmode=0x40
[HLT] polls=406 faults=0x0 cfglost=0
[EFF] n=5 last=58539 min=58539 max=58760 late=0 stuck=0
[DWT] ok=1 cyc=2383196198 cyc_per_ms=800001
[HB] up_ms=428302 frames=20367 inf=20367 hazard=2560 canary_err=0 q=0 qovr=0
[I2C] init=0 gate=0 whoami=0x140e0 wr=0 wrseen=0x27 addr=0x5a ok=3261 err=0 tmo=0 recov=0 pclk1=200000000 sysclk=400000000
[CLK] cpu=800000000 sysb=400000000 pclk1=200000000
[DRV] init=0 id=7 mode=0x1 lib=0x2 seq=0x1 odc=0x8b sts=0xe0 armed=1
[TRG] pulses=194 suppressed=2366 cyc=1600 rst=1 rstmode=0x40
[HLT] polls=407 faults=0x0 cfglost=0
[EFF] n=5 last=58539 min=58539 max=58760 late=0 stuck=0
[DWT] ok=1 cyc=3220794406 cyc_per_ms=799998
[HB] up_ms=429349 frames=20417 inf=20417 hazard=2560 canary_err=0 q=0 qovr=0
[I2C] init=0 gate=0 whoami=0x140e0 wr=0 wrseen=0x27 addr=0x5a ok=3263 err=0 tmo=0 recov=0 pclk1=200000000 sysclk=400000000
[CLK] cpu=800000000 sysb=400000000 pclk1=200000000
[DRV] init=0 id=7 mode=0x1 lib=0x2 seq=0x1 odc=0x8b sts=0xe0 armed=1
[TRG] pulses=194 suppressed=2366 cyc=1600 rst=1 rstmode=0x40
[HLT] polls=408 faults=0x0 cfglost=0
[EFF] n=5 last=58539 min=58539 max=58760 late=0 stuck=0
[DWT] ok=1 cyc=4058394474 cyc_per_ms=800000
[HB] up_ms=430396 frames=20467 inf=20467 hazard=2560 canary_err=0 q=0 qovr=0
[I2C] init=0 gate=0 whoami=0x140e0 wr=0 wrseen=0x27 addr=0x5a ok=3265 err=0 tmo=0 recov=0 pclk1=200000000 sysclk=400000000
[CLK] cpu=800000000 sysb=400000000 pclk1=200000000
[DRV] init=0 id=7 mode=0x1 lib=0x2 seq=0x1 odc=0x8b sts=0xe0 armed=1
[TRG] pulses=194 suppressed=2366 cyc=1600 rst=1 rstmode=0x40
[HLT] polls=409 faults=0x0 cfglost=0
[EFF] n=5 last=58539 min=58539 max=58760 late=0 stuck=0
[DWT] ok=1 cyc=601027150 cyc_per_ms=799999
[HB] up_ms=431443 frames=20517 inf=20517 hazard=2560 canary_err=0 q=0 qovr=0
[I2C] init=0 gate=0 whoami=0x140e0 wr=0 wrseen=0x27 addr=0x5a ok=3267 err=0 tmo=0 recov=0 pclk1=200000000 sysclk=400000000
[CLK] cpu=800000000 sysb=400000000 pclk1=200000000
[DRV] init=0 id=7 mode=0x1 lib=0x2 seq=0x1 odc=0x8b sts=0xe0 armed=1
[TRG] pulses=194 suppressed=2366 cyc=1600 rst=1 rstmode=0x40
[HLT] polls=410 faults=0x0 cfglost=0
[EFF] n=5 last=58539 min=58539 max=58760 late=0 stuck=0
[DWT] ok=1 cyc=1438627134 cyc_per_ms=799999
[HB] up_ms=432490 frames=20567 inf=20567 hazard=2560 canary_err=0 q=0 qovr=0
[I2C] init=0 gate=0 whoami=0x140e0 wr=0 wrseen=0x27 addr=0x5a ok=3269 err=0 tmo=0 recov=0 pclk1=200000000 sysclk=400000000
[CLK] cpu=800000000 sysb=400000000 pclk1=200000000
[DRV] init=0 id=7 mode=0x1 lib=0x2 seq=0x1 odc=0x8b sts=0xe0 armed=1
[TRG] pulses=194 suppressed=2366 cyc=1600 rst=1 rstmode=0x40
[HLT] polls=411 faults=0x0 cfglost=0
[EFF] n=5 last=58539 min=58539 max=58760 late=0 stuck=0
[DWT] ok=1 cyc=2276227118 cyc_per_ms=799999
[HB] up_ms=433537 frames=20617 inf=20617 hazard=2577 canary_err=0 q=0 qovr=0
[I2C] init=0 gate=0 whoami=0x140e0 wr=0 wrseen=0x27 addr=0x5a ok=3271 err=0 tmo=0 recov=0 pclk1=200000000 sysclk=400000000
[CLK] cpu=800000000 sysb=400000000 pclk1=200000000
[DRV] init=0 id=7 mode=0x1 lib=0x2 seq=0x1 odc=0x8b sts=0xe0 armed=1
[TRG] pulses=196 suppressed=2382 cyc=1600 rst=1 rstmode=0x40
[HLT] polls=412 faults=0x0 cfglost=0
[EFF] n=5 last=58539 min=58539 max=58760 late=0 stuck=0
[DWT] ok=1 cyc=3113828922 cyc_per_ms=800001
[HB] up_ms=434584 frames=20666 inf=20666 hazard=2600 canary_err=0 q=0 qovr=0
[I2C] init=0 gate=0 whoami=0x140e0 wr=0 wrseen=0x27 addr=0x5a ok=3273 err=0 tmo=0 recov=0 pclk1=200000000 sysclk=400000000
[CLK] cpu=800000000 sysb=400000000 pclk1=200000000
[DRV] init=0 id=7 mode=0x1 lib=0x2 seq=0x1 odc=0x8b sts=0xe0 armed=1
[TRG] pulses=197 suppressed=2403 cyc=1600 rst=1 rstmode=0x40
[HLT] polls=413 faults=0x0 cfglost=0
[EFF] n=5 last=58539 min=58539 max=58760 late=0 stuck=0
[DWT] ok=1 cyc=3951427126 cyc_per_ms=799998
[HB] up_ms=435631 frames=20716 inf=20716 hazard=2600 canary_err=0 q=0 qovr=0
[I2C] init=0 gate=0 whoami=0x140e0 wr=0 wrseen=0x27 addr=0x5a ok=3275 err=0 tmo=0 recov=0 pclk1=200000000 sysclk=400000000
[CLK] cpu=800000000 sysb=400000000 pclk1=200000000
[DRV] init=0 id=7 mode=0x1 lib=0x2 seq=0x1 odc=0x8b sts=0xe0 armed=1
[TRG] pulses=197 suppressed=2403 cyc=1600 rst=1 rstmode=0x40
[HLT] polls=414 faults=0x0 cfglost=0
[EFF] n=5 last=58539 min=58539 max=58760 late=0 stuck=0
[DWT] ok=1 cyc=494059846 cyc_per_ms=800000
[HB] up_ms=436678 frames=20766 inf=20766 hazard=2600 canary_err=0 q=0 qovr=0
[I2C] init=0 gate=0 whoami=0x140e0 wr=0 wrseen=0x27 addr=0x5a ok=3277 err=0 tmo=0 recov=0 pclk1=200000000 sysclk=400000000
[CLK] cpu=800000000 sysb=400000000 pclk1=200000000
[DRV] init=0 id=7 mode=0x1 lib=0x2 seq=0x1 odc=0x8b sts=0xe0 armed=1
[TRG] pulses=197 suppressed=2403 cyc=1600 rst=1 rstmode=0x40
[HLT] polls=415 faults=0x0 cfglost=0
[EFF] n=5 last=58539 min=58539 max=58760 late=0 stuck=0
[DWT] ok=1 cyc=1331659814 cyc_per_ms=799999
[HB] up_ms=437725 frames=20816 inf=20816 hazard=2600 canary_err=0 q=0 qovr=0
[I2C] init=0 gate=0 whoami=0x140e0 wr=0 wrseen=0x27 addr=0x5a ok=3279 err=0 tmo=0 recov=0 pclk1=200000000 sysclk=400000000
[CLK] cpu=800000000 sysb=400000000 pclk1=200000000
[DRV] init=0 id=7 mode=0x1 lib=0x2 seq=0x1 odc=0x8b sts=0xe0 armed=1
[TRG] pulses=197 suppressed=2403 cyc=1600 rst=1 rstmode=0x40
[HLT] polls=416 faults=0x0 cfglost=0
[EFF] n=5 last=58539 min=58539 max=58760 late=0 stuck=0
[DWT] ok=1 cyc=2169259790 cyc_per_ms=799999
[HB] up_ms=438772 frames=20866 inf=20866 hazard=2600 canary_err=0 q=0 qovr=0
[I2C] init=0 gate=0 whoami=0x140e0 wr=0 wrseen=0x27 addr=0x5a ok=3281 err=0 tmo=0 recov=0 pclk1=200000000 sysclk=400000000
[CLK] cpu=800000000 sysb=400000000 pclk1=200000000
[DRV] init=0 id=7 mode=0x1 lib=0x2 seq=0x1 odc=0x8b sts=0xe0 armed=1
[TRG] pulses=197 suppressed=2403 cyc=1600 rst=1 rstmode=0x40
[HLT] polls=417 faults=0x0 cfglost=0
[EFF] n=5 last=58539 min=58539 max=58760 late=0 stuck=0
[DWT] ok=1 cyc=3006859874 cyc_per_ms=800000
[HB] up_ms=439819 frames=20916 inf=20916 hazard=2600 canary_err=0 q=0 qovr=0
[I2C] init=0 gate=0 whoami=0x140e0 wr=0 wrseen=0x27 addr=0x5a ok=3283 err=0 tmo=0 recov=0 pclk1=200000000 sysclk=400000000
[CLK] cpu=800000000 sysb=400000000 pclk1=200000000
[DRV] init=0 id=7 mode=0x1 lib=0x2 seq=0x1 odc=0x8b sts=0xe0 armed=1
[TRG] pulses=197 suppressed=2403 cyc=1600 rst=1 rstmode=0x40
[HLT] polls=418 faults=0x0 cfglost=0
[EFF] n=5 last=58539 min=58539 max=58760 late=0 stuck=0
[DWT] ok=1 cyc=3844459850 cyc_per_ms=799999
[HB] up_ms=440866 frames=20966 inf=20966 hazard=2640 canary_err=0 q=0 qovr=0
[I2C] init=0 gate=0 whoami=0x140e0 wr=0 wrseen=0x27 addr=0x5a ok=3285 err=0 tmo=0 recov=0 pclk1=200000000 sysclk=400000000
[CLK] cpu=800000000 sysb=400000000 pclk1=200000000
[DRV] init=0 id=7 mode=0x1 lib=0x2 seq=0x1 odc=0x8b sts=0xe0 armed=1
[TRG] pulses=200 suppressed=2440 cyc=1600 rst=1 rstmode=0x40
[HLT] polls=419 faults=0x0 cfglost=0
[EFF] n=5 last=58539 min=58539 max=58760 late=0 stuck=0
[DWT] ok=1 cyc=387092542 cyc_per_ms=799999
[HB] up_ms=441913 frames=21015 inf=21015 hazard=2640 canary_err=0 q=0 qovr=0
[I2C] init=0 gate=0 whoami=0x140e0 wr=0 wrseen=0x27 addr=0x5a ok=3287 err=0 tmo=0 recov=0 pclk1=200000000 sysclk=400000000
[CLK] cpu=800000000 sysb=400000000 pclk1=200000000
[DRV] init=0 id=7 mode=0x1 lib=0x2 seq=0x1 odc=0x8b sts=0xe0 armed=1
[TRG] pulses=200 suppressed=2440 cyc=1600 rst=1 rstmode=0x40
[HLT] polls=420 faults=0x0 cfglost=0
[EFF] n=5 last=58539 min=58539 max=58760 late=0 stuck=0
[DWT] ok=1 cyc=1224692554 cyc_per_ms=800000
[HB] up_ms=442960 frames=21065 inf=21065 hazard=2640 canary_err=0 q=0 qovr=0
[I2C] init=0 gate=0 whoami=0x140e0 wr=0 wrseen=0x27 addr=0x5a ok=3289 err=0 tmo=0 recov=0 pclk1=200000000 sysclk=400000000
[CLK] cpu=800000000 sysb=400000000 pclk1=200000000
[DRV] init=0 id=7 mode=0x1 lib=0x2 seq=0x1 odc=0x8b sts=0xe0 armed=1
[TRG] pulses=200 suppressed=2440 cyc=1600 rst=1 rstmode=0x40
[HLT] polls=421 faults=0x0 cfglost=0
[EFF] n=5 last=58539 min=58539 max=58760 late=0 stuck=0
[DWT] ok=1 cyc=2062292562 cyc_per_ms=800000
[HB] up_ms=444007 frames=21115 inf=21115 hazard=2640 canary_err=0 q=0 qovr=0
[I2C] init=0 gate=0 whoami=0x140e0 wr=0 wrseen=0x27 addr=0x5a ok=3291 err=0 tmo=0 recov=0 pclk1=200000000 sysclk=400000000
[CLK] cpu=800000000 sysb=400000000 pclk1=200000000
[DRV] init=0 id=7 mode=0x1 lib=0x2 seq=0x1 odc=0x8b sts=0xe0 armed=1
[TRG] pulses=200 suppressed=2440 cyc=1600 rst=1 rstmode=0x40
[HLT] polls=422 faults=0x0 cfglost=0
[EFF] n=5 last=58539 min=58539 max=58760 late=0 stuck=0
[DWT] ok=1 cyc=2899892542 cyc_per_ms=799999
[HB] up_ms=445054 frames=21165 inf=21165 hazard=2640 canary_err=0 q=0 qovr=0
[I2C] init=0 gate=0 whoami=0x140e0 wr=0 wrseen=0x27 addr=0x5a ok=3293 err=0 tmo=0 recov=0 pclk1=200000000 sysclk=400000000
[CLK] cpu=800000000 sysb=400000000 pclk1=200000000
[DRV] init=0 id=7 mode=0x1 lib=0x2 seq=0x1 odc=0x8b sts=0xe0 armed=1
[TRG] pulses=200 suppressed=2440 cyc=1600 rst=1 rstmode=0x40
[HLT] polls=423 faults=0x0 cfglost=0
[EFF] n=5 last=58539 min=58539 max=58760 late=0 stuck=0
[DWT] ok=1 cyc=3737492518 cyc_per_ms=799999
[HB] up_ms=446101 frames=21215 inf=21215 hazard=2640 canary_err=0 q=0 qovr=0
[I2C] init=0 gate=0 whoami=0x140e0 wr=0 wrseen=0x27 addr=0x5a ok=3295 err=0 tmo=0 recov=0 pclk1=200000000 sysclk=400000000
[CLK] cpu=800000000 sysb=400000000 pclk1=200000000
[DRV] init=0 id=7 mode=0x1 lib=0x2 seq=0x1 odc=0x8b sts=0xe0 armed=1
[TRG] pulses=200 suppressed=2440 cyc=1600 rst=1 rstmode=0x40
[HLT] polls=424 faults=0x0 cfglost=0
[EFF] n=5 last=58539 min=58539 max=58760 late=0 stuck=0
[DWT] ok=1 cyc=280125206 cyc_per_ms=799999
[HB] up_ms=447148 frames=21265 inf=21265 hazard=2665 canary_err=0 q=0 qovr=0
[I2C] init=0 gate=0 whoami=0x140e0 wr=0 wrseen=0x27 addr=0x5a ok=3297 err=0 tmo=0 recov=0 pclk1=200000000 sysclk=400000000
[CLK] cpu=800000000 sysb=400000000 pclk1=200000000
[DRV] init=0 id=7 mode=0x1 lib=0x2 seq=0x1 odc=0x8b sts=0xe0 armed=1
[TRG] pulses=202 suppressed=2464 cyc=1600 rst=1 rstmode=0x40
[HLT] polls=425 faults=0x0 cfglost=0
[EFF] n=5 last=58539 min=58539 max=58760 late=0 stuck=0
[DWT] ok=1 cyc=1117727094 cyc_per_ms=800001
[HB] up_ms=448195 frames=21315 inf=21315 hazard=2680 canary_err=0 q=0 qovr=0
[I2C] init=0 gate=0 whoami=0x140e0 wr=0 wrseen=0x27 addr=0x5a ok=3299 err=0 tmo=0 recov=0 pclk1=200000000 sysclk=400000000
[CLK] cpu=800000000 sysb=400000000 pclk1=200000000
[DRV] init=0 id=7 mode=0x1 lib=0x2 seq=0x1 odc=0x8b sts=0xe0 armed=1
[TRG] pulses=203 suppressed=2477 cyc=1600 rst=1 rstmode=0x40
[HLT] polls=426 faults=0x0 cfglost=0
[EFF] n=5 last=58539 min=58539 max=58760 late=0 stuck=0
[DWT] ok=1 cyc=1955325274 cyc_per_ms=799998
[HB] up_ms=449242 frames=21364 inf=21364 hazard=2680 canary_err=0 q=0 qovr=0
[I2C] init=0 gate=0 whoami=0x140e0 wr=0 wrseen=0x27 addr=0x5a ok=3301 err=0 tmo=0 recov=0 pclk1=200000000 sysclk=400000000
[CLK] cpu=800000000 sysb=400000000 pclk1=200000000
[DRV] init=0 id=7 mode=0x1 lib=0x2 seq=0x1 odc=0x8b sts=0xe0 armed=1
[TRG] pulses=203 suppressed=2477 cyc=1600 rst=1 rstmode=0x40
[HLT] polls=427 faults=0x0 cfglost=0
[EFF] n=5 last=58539 min=58539 max=58760 late=0 stuck=0
[DWT] ok=1 cyc=2792925290 cyc_per_ms=800000
[HB] up_ms=450289 frames=21414 inf=21414 hazard=2680 canary_err=0 q=0 qovr=0
[I2C] init=0 gate=0 whoami=0x140e0 wr=0 wrseen=0x27 addr=0x5a ok=3303 err=0 tmo=0 recov=0 pclk1=200000000 sysclk=400000000
[CLK] cpu=800000000 sysb=400000000 pclk1=200000000
[DRV] init=0 id=7 mode=0x1 lib=0x2 seq=0x1 odc=0x8b sts=0xe0 armed=1
[TRG] pulses=203 suppressed=2477 cyc=1600 rst=1 rstmode=0x40
[HLT] polls=428 faults=0x0 cfglost=0
[EFF] n=5 last=58539 min=58539 max=58760 late=0 stuck=0
[DWT] ok=1 cyc=3630525198 cyc_per_ms=799999
[HB] up_ms=451336 frames=21464 inf=21464 hazard=2680 canary_err=0 q=0 qovr=0
[I2C] init=0 gate=0 whoami=0x140e0 wr=0 wrseen=0x27 addr=0x5a ok=3305 err=0 tmo=0 recov=0 pclk1=200000000 sysclk=400000000
[CLK] cpu=800000000 sysb=400000000 pclk1=200000000
[DRV] init=0 id=7 mode=0x1 lib=0x2 seq=0x1 odc=0x8b sts=0xe0 armed=1
[TRG] pulses=203 suppressed=2477 cyc=1600 rst=1 rstmode=0x40
[HLT] polls=429 faults=0x0 cfglost=0
[EFF] n=5 last=58539 min=58539 max=58760 late=0 stuck=0
[DWT] ok=1 cyc=173157994 cyc_per_ms=800000
[HB] up_ms=452383 frames=21514 inf=21514 hazard=2680 canary_err=0 q=0 qovr=0
[I2C] init=0 gate=0 whoami=0x140e0 wr=0 wrseen=0x27 addr=0x5a ok=3307 err=0 tmo=0 recov=0 pclk1=200000000 sysclk=400000000
[CLK] cpu=800000000 sysb=400000000 pclk1=200000000
[DRV] init=0 id=7 mode=0x1 lib=0x2 seq=0x1 odc=0x8b sts=0xe0 armed=1
[TRG] pulses=203 suppressed=2477 cyc=1600 rst=1 rstmode=0x40
[HLT] polls=430 faults=0x0 cfglost=0
[EFF] n=5 last=58539 min=58539 max=58760 late=0 stuck=0
[DWT] ok=1 cyc=1010757962 cyc_per_ms=799999
[HB] up_ms=453430 frames=21564 inf=21564 hazard=2684 canary_err=0 q=0 qovr=0
[I2C] init=0 gate=0 whoami=0x140e0 wr=0 wrseen=0x27 addr=0x5a ok=3309 err=0 tmo=0 recov=0 pclk1=200000000 sysclk=400000000
[CLK] cpu=800000000 sysb=400000000 pclk1=200000000
[DRV] init=0 id=7 mode=0x1 lib=0x2 seq=0x1 odc=0x8b sts=0xe0 armed=1
[TRG] pulses=204 suppressed=2481 cyc=1600 rst=1 rstmode=0x40
[HLT] polls=431 faults=0x0 cfglost=0
[EFF] n=5 last=58539 min=58539 max=58760 late=0 stuck=0
[DWT] ok=1 cyc=1848359786 cyc_per_ms=800001
[HB] up_ms=454477 frames=21614 inf=21614 hazard=2720 canary_err=0 q=0 qovr=0
[I2C] init=0 gate=0 whoami=0x140e0 wr=0 wrseen=0x27 addr=0x5a ok=3311 err=0 tmo=0 recov=0 pclk1=200000000 sysclk=400000000
[CLK] cpu=800000000 sysb=400000000 pclk1=200000000
[DRV] init=0 id=7 mode=0x1 lib=0x2 seq=0x1 odc=0x8b sts=0xe0 armed=1
[TRG] pulses=206 suppressed=2514 cyc=1600 rst=1 rstmode=0x40
[HLT] polls=432 faults=0x0 cfglost=0
[EFF] n=5 last=58539 min=58539 max=58760 late=0 stuck=0
[DWT] ok=1 cyc=2685957934 cyc_per_ms=799998
[HB] up_ms=455524 frames=21664 inf=21664 hazard=2720 canary_err=0 q=0 qovr=0
[I2C] init=0 gate=0 whoami=0x140e0 wr=0 wrseen=0x27 addr=0x5a ok=3313 err=0 tmo=0 recov=0 pclk1=200000000 sysclk=400000000
[CLK] cpu=800000000 sysb=400000000 pclk1=200000000
[DRV] init=0 id=7 mode=0x1 lib=0x2 seq=0x1 odc=0x8b sts=0xe0 armed=1
[TRG] pulses=206 suppressed=2514 cyc=1600 rst=1 rstmode=0x40
[HLT] polls=433 faults=0x0 cfglost=0
[EFF] n=5 last=58539 min=58539 max=58760 late=0 stuck=0
[DWT] ok=1 cyc=3523557910 cyc_per_ms=799999
[HB] up_ms=456571 frames=21713 inf=21713 hazard=2720 canary_err=0 q=0 qovr=0
[I2C] init=0 gate=0 whoami=0x140e0 wr=0 wrseen=0x27 addr=0x5a ok=3315 err=0 tmo=0 recov=0 pclk1=200000000 sysclk=400000000
[CLK] cpu=800000000 sysb=400000000 pclk1=200000000
[DRV] init=0 id=7 mode=0x1 lib=0x2 seq=0x1 odc=0x8b sts=0xe0 armed=1
[TRG] pulses=206 suppressed=2514 cyc=1600 rst=1 rstmode=0x40
[HLT] polls=434 faults=0x0 cfglost=0
[EFF] n=5 last=58539 min=58539 max=58760 late=0 stuck=0
[DWT] ok=1 cyc=66190622 cyc_per_ms=800000
[HB] up_ms=457618 frames=21763 inf=21763 hazard=2720 canary_err=0 q=0 qovr=0
[I2C] init=0 gate=0 whoami=0x140e0 wr=0 wrseen=0x27 addr=0x5a ok=3317 err=0 tmo=0 recov=0 pclk1=200000000 sysclk=400000000
[CLK] cpu=800000000 sysb=400000000 pclk1=200000000
[DRV] init=0 id=7 mode=0x1 lib=0x2 seq=0x1 odc=0x8b sts=0xe0 armed=1
[TRG] pulses=206 suppressed=2514 cyc=1600 rst=1 rstmode=0x40
[HLT] polls=435 faults=0x0 cfglost=0
[EFF] n=5 last=58539 min=58539 max=58760 late=0 stuck=0
[DWT] ok=1 cyc=903790638 cyc_per_ms=800000
[HB] up_ms=458665 frames=21813 inf=21813 hazard=2720 canary_err=0 q=0 qovr=0
[I2C] init=0 gate=0 whoami=0x140e0 wr=0 wrseen=0x27 addr=0x5a ok=3319 err=0 tmo=0 recov=0 pclk1=200000000 sysclk=400000000
[CLK] cpu=800000000 sysb=400000000 pclk1=200000000
[DRV] init=0 id=7 mode=0x1 lib=0x2 seq=0x1 odc=0x8b sts=0xe0 armed=1
[TRG] pulses=206 suppressed=2514 cyc=1600 rst=1 rstmode=0x40
[HLT] polls=436 faults=0x0 cfglost=0
[EFF] n=5 last=58539 min=58539 max=58760 late=0 stuck=0
[DWT] ok=1 cyc=1741390614 cyc_per_ms=799999
[HB] up_ms=459712 frames=21863 inf=21863 hazard=2720 canary_err=0 q=0 qovr=0
[I2C] init=0 gate=0 whoami=0x140e0 wr=0 wrseen=0x27 addr=0x5a ok=3321 err=0 tmo=0 recov=0 pclk1=200000000 sysclk=400000000
[CLK] cpu=800000000 sysb=400000000 pclk1=200000000
[DRV] init=0 id=7 mode=0x1 lib=0x2 seq=0x1 odc=0x8b sts=0xe0 armed=1
[TRG] pulses=206 suppressed=2514 cyc=1600 rst=1 rstmode=0x40
[HLT] polls=437 faults=0x0 cfglost=0
[EFF] n=5 last=58539 min=58539 max=58760 late=0 stuck=0
[DWT] ok=1 cyc=2578990690 cyc_per_ms=800000
[HB] up_ms=460759 frames=21913 inf=21913 hazard=2753 canary_err=0 q=0 qovr=0
[I2C] init=0 gate=0 whoami=0x140e0 wr=0 wrseen=0x27 addr=0x5a ok=3323 err=0 tmo=0 recov=0 pclk1=200000000 sysclk=400000000
[CLK] cpu=800000000 sysb=400000000 pclk1=200000000
[DRV] init=0 id=7 mode=0x1 lib=0x2 seq=0x1 odc=0x8b sts=0xe0 armed=1
[TRG] pulses=209 suppressed=2545 cyc=1600 rst=1 rstmode=0x40
[HLT] polls=438 faults=0x0 cfglost=0
[EFF] n=5 last=58539 min=58539 max=58760 late=0 stuck=0
[DWT] ok=1 cyc=3416592474 cyc_per_ms=800001
[HB] up_ms=461806 frames=21963 inf=21963 hazard=2760 canary_err=0 q=0 qovr=0
[I2C] init=0 gate=0 whoami=0x140e0 wr=0 wrseen=0x27 addr=0x5a ok=3325 err=0 tmo=0 recov=0 pclk1=200000000 sysclk=400000000
[CLK] cpu=800000000 sysb=400000000 pclk1=200000000
[DRV] init=0 id=7 mode=0x1 lib=0x2 seq=0x1 odc=0x8b sts=0xe0 armed=1
[TRG] pulses=209 suppressed=2551 cyc=1600 rst=1 rstmode=0x40
[HLT] polls=439 faults=0x0 cfglost=0
[EFF] n=5 last=58539 min=58539 max=58760 late=0 stuck=0
[DWT] ok=1 cyc=4254190654 cyc_per_ms=799998
[HB] up_ms=462853 frames=22013 inf=22013 hazard=2760 canary_err=0 q=0 qovr=0
[I2C] init=0 gate=0 whoami=0x140e0 wr=0 wrseen=0x27 addr=0x5a ok=3327 err=0 tmo=0 recov=0 pclk1=200000000 sysclk=400000000
[CLK] cpu=800000000 sysb=400000000 pclk1=200000000
[DRV] init=0 id=7 mode=0x1 lib=0x2 seq=0x1 odc=0x8b sts=0xe0 armed=1
[TRG] pulses=209 suppressed=2551 cyc=1600 rst=1 rstmode=0x40
[HLT] polls=440 faults=0x0 cfglost=0
[EFF] n=5 last=58539 min=58539 max=58760 late=0 stuck=0
[DWT] ok=1 cyc=796823330 cyc_per_ms=799999
[HB] up_ms=463900 frames=22062 inf=22062 hazard=2760 canary_err=0 q=0 qovr=0
[I2C] init=0 gate=0 whoami=0x140e0 wr=0 wrseen=0x27 addr=0x5a ok=3329 err=0 tmo=0 recov=0 pclk1=200000000 sysclk=400000000
[CLK] cpu=800000000 sysb=400000000 pclk1=200000000
[DRV] init=0 id=7 mode=0x1 lib=0x2 seq=0x1 odc=0x8b sts=0xe0 armed=1
[TRG] pulses=209 suppressed=2551 cyc=1600 rst=1 rstmode=0x40
[HLT] polls=441 faults=0x0 cfglost=0
[EFF] n=5 last=58539 min=58539 max=58760 late=0 stuck=0
[DWT] ok=1 cyc=1634423350 cyc_per_ms=800000
[HB] up_ms=464947 frames=22112 inf=22112 hazard=2760 canary_err=0 q=0 qovr=0
[I2C] init=0 gate=0 whoami=0x140e0 wr=0 wrseen=0x27 addr=0x5a ok=3331 err=0 tmo=0 recov=0 pclk1=200000000 sysclk=400000000
[CLK] cpu=800000000 sysb=400000000 pclk1=200000000
[DRV] init=0 id=7 mode=0x1 lib=0x2 seq=0x1 odc=0x8b sts=0xe0 armed=1
[TRG] pulses=209 suppressed=2551 cyc=1600 rst=1 rstmode=0x40
[HLT] polls=442 faults=0x0 cfglost=0
[EFF] n=5 last=58539 min=58539 max=58760 late=0 stuck=0
[DWT] ok=1 cyc=2472023366 cyc_per_ms=800000
[HB] up_ms=465994 frames=22162 inf=22162 hazard=2760 canary_err=0 q=0 qovr=0
[I2C] init=0 gate=0 whoami=0x140e0 wr=0 wrseen=0x27 addr=0x5a ok=3333 err=0 tmo=0 recov=0 pclk1=200000000 sysclk=400000000
[CLK] cpu=800000000 sysb=400000000 pclk1=200000000
[DRV] init=0 id=7 mode=0x1 lib=0x2 seq=0x1 odc=0x8b sts=0xe0 armed=1
[TRG] pulses=209 suppressed=2551 cyc=1600 rst=1 rstmode=0x40
[HLT] polls=443 faults=0x0 cfglost=0
[EFF] n=5 last=58539 min=58539 max=58760 late=0 stuck=0
[DWT] ok=1 cyc=3309623350 cyc_per_ms=799999
[HB] up_ms=467041 frames=22212 inf=22212 hazard=2772 canary_err=0 q=0 qovr=0
[I2C] init=0 gate=0 whoami=0x140e0 wr=0 wrseen=0x27 addr=0x5a ok=3335 err=0 tmo=0 recov=0 pclk1=200000000 sysclk=400000000
[CLK] cpu=800000000 sysb=400000000 pclk1=200000000
[DRV] init=0 id=7 mode=0x1 lib=0x2 seq=0x1 odc=0x8b sts=0xe0 armed=1
[TRG] pulses=210 suppressed=2563 cyc=1600 rst=1 rstmode=0x40
[HLT] polls=444 faults=0x0 cfglost=0
[EFF] n=5 last=58539 min=58539 max=58760 late=0 stuck=0
[DWT] ok=1 cyc=4147225150 cyc_per_ms=800001
[HB] up_ms=468088 frames=22262 inf=22262 hazard=2800 canary_err=0 q=0 qovr=0
[I2C] init=0 gate=0 whoami=0x140e0 wr=0 wrseen=0x27 addr=0x5a ok=3337 err=0 tmo=0 recov=0 pclk1=200000000 sysclk=400000000
[CLK] cpu=800000000 sysb=400000000 pclk1=200000000
[DRV] init=0 id=7 mode=0x1 lib=0x2 seq=0x1 odc=0x8b sts=0xe0 armed=1
[TRG] pulses=212 suppressed=2588 cyc=1600 rst=1 rstmode=0x40
[HLT] polls=445 faults=0x0 cfglost=0
[EFF] n=5 last=58539 min=58539 max=58760 late=0 stuck=0
[DWT] ok=1 cyc=689856022 cyc_per_ms=799998
[HB] up_ms=469135 frames=22312 inf=22312 hazard=2800 canary_err=0 q=0 qovr=0
[I2C] init=0 gate=0 whoami=0x140e0 wr=0 wrseen=0x27 addr=0x5a ok=3339 err=0 tmo=0 recov=0 pclk1=200000000 sysclk=400000000
[CLK] cpu=800000000 sysb=400000000 pclk1=200000000
[DRV] init=0 id=7 mode=0x1 lib=0x2 seq=0x1 odc=0x8b sts=0xe0 armed=1
[TRG] pulses=212 suppressed=2588 cyc=1600 rst=1 rstmode=0x40
[HLT] polls=446 faults=0x0 cfglost=0
[EFF] n=5 last=58539 min=58539 max=58760 late=0 stuck=0
[DWT] ok=1 cyc=1527456106 cyc_per_ms=800000
[HB] up_ms=470182 frames=22362 inf=22362 hazard=2800 canary_err=0 q=0 qovr=0
[I2C] init=0 gate=0 whoami=0x140e0 wr=0 wrseen=0x27 addr=0x5a ok=3341 err=0 tmo=0 recov=0 pclk1=200000000 sysclk=400000000
[CLK] cpu=800000000 sysb=400000000 pclk1=200000000
[DRV] init=0 id=7 mode=0x1 lib=0x2 seq=0x1 odc=0x8b sts=0xe0 armed=1
[TRG] pulses=212 suppressed=2588 cyc=1600 rst=1 rstmode=0x40
[HLT] polls=447 faults=0x0 cfglost=0
[EFF] n=5 last=58539 min=58539 max=58760 late=0 stuck=0
[DWT] ok=1 cyc=2365056090 cyc_per_ms=799999
[HB] up_ms=471229 frames=22411 inf=22411 hazard=2800 canary_err=0 q=0 qovr=0
[I2C] init=0 gate=0 whoami=0x140e0 wr=0 wrseen=0x27 addr=0x5a ok=3343 err=0 tmo=0 recov=0 pclk1=200000000 sysclk=400000000
[CLK] cpu=800000000 sysb=400000000 pclk1=200000000
[DRV] init=0 id=7 mode=0x1 lib=0x2 seq=0x1 odc=0x8b sts=0xe0 armed=1
[TRG] pulses=212 suppressed=2588 cyc=1600 rst=1 rstmode=0x40
[HLT] polls=448 faults=0x0 cfglost=0
[EFF] n=5 last=58539 min=58539 max=58760 late=0 stuck=0
[DWT] ok=1 cyc=3202656114 cyc_per_ms=800000
[HB] up_ms=472276 frames=22461 inf=22461 hazard=2800 canary_err=0 q=0 qovr=0
[I2C] init=0 gate=0 whoami=0x140e0 wr=0 wrseen=0x27 addr=0x5a ok=3345 err=0 tmo=0 recov=0 pclk1=200000000 sysclk=400000000
[CLK] cpu=800000000 sysb=400000000 pclk1=200000000
[DRV] init=0 id=7 mode=0x1 lib=0x2 seq=0x1 odc=0x8b sts=0xe0 armed=1
[TRG] pulses=212 suppressed=2588 cyc=1600 rst=1 rstmode=0x40
[HLT] polls=449 faults=0x0 cfglost=0
[EFF] n=5 last=58539 min=58539 max=58760 late=0 stuck=0
[DWT] ok=1 cyc=4040256026 cyc_per_ms=799999
[HB] up_ms=473323 frames=22511 inf=22511 hazard=2800 canary_err=0 q=0 qovr=0
[I2C] init=0 gate=0 whoami=0x140e0 wr=0 wrseen=0x27 addr=0x5a ok=3347 err=0 tmo=0 recov=0 pclk1=200000000 sysclk=400000000
[CLK] cpu=800000000 sysb=400000000 pclk1=200000000
[DRV] init=0 id=7 mode=0x1 lib=0x2 seq=0x1 odc=0x8b sts=0xe0 armed=1
[TRG] pulses=212 suppressed=2588 cyc=1600 rst=1 rstmode=0x40
[HLT] polls=450 faults=0x0 cfglost=0
[EFF] n=5 last=58539 min=58539 max=58760 late=0 stuck=0
[DWT] ok=1 cyc=582888818 cyc_per_ms=800000
[HB] up_ms=474370 frames=22561 inf=22561 hazard=2840 canary_err=0 q=0 qovr=0
[I2C] init=0 gate=0 whoami=0x140e0 wr=0 wrseen=0x27 addr=0x5a ok=3349 err=0 tmo=0 recov=0 pclk1=200000000 sysclk=400000000
[CLK] cpu=800000000 sysb=400000000 pclk1=200000000
[DRV] init=0 id=7 mode=0x1 lib=0x2 seq=0x1 odc=0x8b sts=0xe0 armed=1
[TRG] pulses=215 suppressed=2625 cyc=1600 rst=1 rstmode=0x40
[HLT] polls=451 faults=0x0 cfglost=0
[EFF] n=5 last=58539 min=58539 max=58760 late=0 stuck=0
[DWT] ok=1 cyc=1420488778 cyc_per_ms=799999
[HB] up_ms=475417 frames=22611 inf=22611 hazard=2840 canary_err=0 q=0 qovr=0
[I2C] init=0 gate=0 whoami=0x140e0 wr=0 wrseen=0x27 addr=0x5a ok=3351 err=0 tmo=0 recov=0 pclk1=200000000 sysclk=400000000
[CLK] cpu=800000000 sysb=400000000 pclk1=200000000
[DRV] init=0 id=7 mode=0x1 lib=0x2 seq=0x1 odc=0x8b sts=0xe0 armed=1
[TRG] pulses=215 suppressed=2625 cyc=1600 rst=1 rstmode=0x40
[HLT] polls=452 faults=0x0 cfglost=0
[EFF] n=5 last=58539 min=58539 max=58760 late=0 stuck=0
[DWT] ok=1 cyc=2258088754 cyc_per_ms=799999
[HB] up_ms=476464 frames=22661 inf=22661 hazard=2840 canary_err=0 q=0 qovr=0
[I2C] init=0 gate=0 whoami=0x140e0 wr=0 wrseen=0x27 addr=0x5a ok=3353 err=0 tmo=0 recov=0 pclk1=200000000 sysclk=400000000
[CLK] cpu=800000000 sysb=400000000 pclk1=200000000
[DRV] init=0 id=7 mode=0x1 lib=0x2 seq=0x1 odc=0x8b sts=0xe0 armed=1
[TRG] pulses=215 suppressed=2625 cyc=1600 rst=1 rstmode=0x40
[HLT] polls=453 faults=0x0 cfglost=0
[EFF] n=5 last=58539 min=58539 max=58760 late=0 stuck=0
[DWT] ok=1 cyc=3095688818 cyc_per_ms=800000
[HB] up_ms=477511 frames=22711 inf=22711 hazard=2840 canary_err=0 q=0 qovr=0
[I2C] init=0 gate=0 whoami=0x140e0 wr=0 wrseen=0x27 addr=0x5a ok=3355 err=0 tmo=0 recov=0 pclk1=200000000 sysclk=400000000
[CLK] cpu=800000000 sysb=400000000 pclk1=200000000
[DRV] init=0 id=7 mode=0x1 lib=0x2 seq=0x1 odc=0x8b sts=0xe0 armed=1
[TRG] pulses=215 suppressed=2625 cyc=1600 rst=1 rstmode=0x40
[HLT] polls=454 faults=0x0 cfglost=0
[EFF] n=5 last=58539 min=58539 max=58760 late=0 stuck=0
[DWT] ok=1 cyc=3933288798 cyc_per_ms=799999
[HB] up_ms=478558 frames=22760 inf=22760 hazard=2840 canary_err=0 q=0 qovr=0
[I2C] init=0 gate=0 whoami=0x140e0 wr=0 wrseen=0x27 addr=0x5a ok=3357 err=0 tmo=0 recov=0 pclk1=200000000 sysclk=400000000
[CLK] cpu=800000000 sysb=400000000 pclk1=200000000
[DRV] init=0 id=7 mode=0x1 lib=0x2 seq=0x1 odc=0x8b sts=0xe0 armed=1
[TRG] pulses=215 suppressed=2625 cyc=1600 rst=1 rstmode=0x40
[HLT] polls=455 faults=0x0 cfglost=0
[EFF] n=5 last=58539 min=58539 max=58760 late=0 stuck=0
[DWT] ok=1 cyc=475921522 cyc_per_ms=800000
[HB] up_ms=479605 frames=22810 inf=22810 hazard=2840 canary_err=0 q=0 qovr=0
[I2C] init=0 gate=0 whoami=0x140e0 wr=0 wrseen=0x27 addr=0x5a ok=3359 err=0 tmo=0 recov=0 pclk1=200000000 sysclk=400000000
[CLK] cpu=800000000 sysb=400000000 pclk1=200000000
[DRV] init=0 id=7 mode=0x1 lib=0x2 seq=0x1 odc=0x8b sts=0xe0 armed=1
[TRG] pulses=215 suppressed=2625 cyc=1600 rst=1 rstmode=0x40
[HLT] polls=456 faults=0x0 cfglost=0
[EFF] n=5 last=58539 min=58539 max=58760 late=0 stuck=0
[DWT] ok=1 cyc=1313521434 cyc_per_ms=799999
[HB] up_ms=480652 frames=22860 inf=22860 hazard=2860 canary_err=0 q=0 qovr=0
[I2C] init=0 gate=0 whoami=0x140e0 wr=0 wrseen=0x27 addr=0x5a ok=3361 err=0 tmo=0 recov=0 pclk1=200000000 sysclk=400000000
[CLK] cpu=800000000 sysb=400000000 pclk1=200000000
[DRV] init=0 id=7 mode=0x1 lib=0x2 seq=0x1 odc=0x8b sts=0xe0 armed=1
[TRG] pulses=217 suppressed=2644 cyc=1600 rst=1 rstmode=0x40
[HLT] polls=457 faults=0x0 cfglost=0
[EFF] n=5 last=58539 min=58539 max=58760 late=0 stuck=0
[DWT] ok=1 cyc=2151123262 cyc_per_ms=800001
[HB] up_ms=481699 frames=22910 inf=22910 hazard=2880 canary_err=0 q=0 qovr=0
[I2C] init=0 gate=0 whoami=0x140e0 wr=0 wrseen=0x27 addr=0x5a ok=3363 err=0 tmo=0 recov=0 pclk1=200000000 sysclk=400000000
[CLK] cpu=800000000 sysb=400000000 pclk1=200000000
[DRV] init=0 id=7 mode=0x1 lib=0x2 seq=0x1 odc=0x8b sts=0xe0 armed=1
[TRG] pulses=218 suppressed=2662 cyc=1600 rst=1 rstmode=0x40
[HLT] polls=458 faults=0x0 cfglost=0
[EFF] n=5 last=58539 min=58539 max=58760 late=0 stuck=0
[DWT] ok=1 cyc=2988721518 cyc_per_ms=799998
[HB] up_ms=482746 frames=22960 inf=22960 hazard=2880 canary_err=0 q=0 qovr=0
[I2C] init=0 gate=0 whoami=0x140e0 wr=0 wrseen=0x27 addr=0x5a ok=3365 err=0 tmo=0 recov=0 pclk1=200000000 sysclk=400000000
[CLK] cpu=800000000 sysb=400000000 pclk1=200000000
[DRV] init=0 id=7 mode=0x1 lib=0x2 seq=0x1 odc=0x8b sts=0xe0 armed=1
[TRG] pulses=218 suppressed=2662 cyc=1600 rst=1 rstmode=0x40
[HLT] polls=459 faults=0x0 cfglost=0
[EFF] n=5 last=58539 min=58539 max=58760 late=0 stuck=0
[DWT] ok=1 cyc=3826321498 cyc_per_ms=799999
[HB] up_ms=483793 frames=23010 inf=23010 hazard=2880 canary_err=0 q=0 qovr=0
[I2C] init=0 gate=0 whoami=0x140e0 wr=0 wrseen=0x27 addr=0x5a ok=3367 err=0 tmo=0 recov=0 pclk1=200000000 sysclk=400000000
[CLK] cpu=800000000 sysb=400000000 pclk1=200000000
[DRV] init=0 id=7 mode=0x1 lib=0x2 seq=0x1 odc=0x8b sts=0xe0 armed=1
[TRG] pulses=218 suppressed=2662 cyc=1600 rst=1 rstmode=0x40
[HLT] polls=460 faults=0x0 cfglost=0
[EFF] n=5 last=58539 min=58539 max=58760 late=0 stuck=0
[DWT] ok=1 cyc=368954194 cyc_per_ms=799999
[HB] up_ms=484840 frames=23060 inf=23060 hazard=2880 canary_err=0 q=0 qovr=0
[I2C] init=0 gate=0 whoami=0x140e0 wr=0 wrseen=0x27 addr=0x5a ok=3369 err=0 tmo=0 recov=0 pclk1=200000000 sysclk=400000000
[CLK] cpu=800000000 sysb=400000000 pclk1=200000000
[DRV] init=0 id=7 mode=0x1 lib=0x2 seq=0x1 odc=0x8b sts=0xe0 armed=1
[TRG] pulses=218 suppressed=2662 cyc=1600 rst=1 rstmode=0x40
[HLT] polls=461 faults=0x0 cfglost=0
[EFF] n=5 last=58539 min=58539 max=58760 late=0 stuck=0
[DWT] ok=1 cyc=1206554174 cyc_per_ms=799999
[HB] up_ms=485887 frames=23109 inf=23109 hazard=2880 canary_err=0 q=0 qovr=0
[I2C] init=0 gate=0 whoami=0x140e0 wr=0 wrseen=0x27 addr=0x5a ok=3371 err=0 tmo=0 recov=0 pclk1=200000000 sysclk=400000000
[CLK] cpu=800000000 sysb=400000000 pclk1=200000000
[DRV] init=0 id=7 mode=0x1 lib=0x2 seq=0x1 odc=0x8b sts=0xe0 armed=1
[TRG] pulses=218 suppressed=2662 cyc=1600 rst=1 rstmode=0x40
[HLT] polls=462 faults=0x0 cfglost=0
[EFF] n=5 last=58539 min=58539 max=58760 late=0 stuck=0
[DWT] ok=1 cyc=2044154186 cyc_per_ms=800000
[HB] up_ms=486934 frames=23159 inf=23159 hazard=2880 canary_err=0 q=0 qovr=0
[I2C] init=0 gate=0 whoami=0x140e0 wr=0 wrseen=0x27 addr=0x5a ok=3373 err=0 tmo=0 recov=0 pclk1=200000000 sysclk=400000000
[CLK] cpu=800000000 sysb=400000000 pclk1=200000000
[DRV] init=0 id=7 mode=0x1 lib=0x2 seq=0x1 odc=0x8b sts=0xe0 armed=1
[TRG] pulses=219 suppressed=2662 cyc=1600 rst=1 rstmode=0x40
[HLT] polls=463 faults=0x0 cfglost=0
[EFF] n=5 last=58539 min=58539 max=58760 late=0 stuck=0
[DWT] ok=1 cyc=2881757530 cyc_per_ms=800003
[HB] up_ms=487981 frames=23209 inf=23209 hazard=2920 canary_err=0 q=0 qovr=0
[I2C] init=0 gate=0 whoami=0x140e0 wr=0 wrseen=0x27 addr=0x5a ok=3375 err=0 tmo=0 recov=0 pclk1=200000000 sysclk=400000000
[CLK] cpu=800000000 sysb=400000000 pclk1=200000000
[DRV] init=0 id=7 mode=0x1 lib=0x2 seq=0x1 odc=0x8b sts=0xe0 armed=1
[TRG] pulses=221 suppressed=2699 cyc=1600 rst=1 rstmode=0x40
[HLT] polls=464 faults=0x0 cfglost=0
[EFF] n=5 last=58539 min=58539 max=58760 late=0 stuck=0
[DWT] ok=1 cyc=3719354182 cyc_per_ms=799996
[HB] up_ms=489028 frames=23259 inf=23259 hazard=2920 canary_err=0 q=0 qovr=0
[I2C] init=0 gate=0 whoami=0x140e0 wr=0 wrseen=0x27 addr=0x5a ok=3377 err=0 tmo=0 recov=0 pclk1=200000000 sysclk=400000000
[CLK] cpu=800000000 sysb=400000000 pclk1=200000000
[DRV] init=0 id=7 mode=0x1 lib=0x2 seq=0x1 odc=0x8b sts=0xe0 armed=1
[TRG] pulses=221 suppressed=2699 cyc=1600 rst=1 rstmode=0x40
[HLT] polls=465 faults=0x0 cfglost=0
[EFF] n=5 last=58539 min=58539 max=58760 late=0 stuck=0
[DWT] ok=1 cyc=261986862 cyc_per_ms=799999
[HB] up_ms=490075 frames=23309 inf=23309 hazard=2920 canary_err=0 q=0 qovr=0
[I2C] init=0 gate=0 whoami=0x140e0 wr=0 wrseen=0x27 addr=0x5a ok=3379 err=0 tmo=0 recov=0 pclk1=200000000 sysclk=400000000
[CLK] cpu=800000000 sysb=400000000 pclk1=200000000
[DRV] init=0 id=7 mode=0x1 lib=0x2 seq=0x1 odc=0x8b sts=0xe0 armed=1
[TRG] pulses=221 suppressed=2699 cyc=1600 rst=1 rstmode=0x40
[HLT] polls=466 faults=0x0 cfglost=0
[EFF] n=5 last=58539 min=58539 max=58760 late=0 stuck=0
[DWT] ok=1 cyc=1099586846 cyc_per_ms=799999
[HB] up_ms=491122 frames=23359 inf=23359 hazard=2920 canary_err=0 q=0 qovr=0
[I2C] init=0 gate=0 whoami=0x140e0 wr=0 wrseen=0x27 addr=0x5a ok=3381 err=0 tmo=0 recov=0 pclk1=200000000 sysclk=400000000
[CLK] cpu=800000000 sysb=400000000 pclk1=200000000
[DRV] init=0 id=7 mode=0x1 lib=0x2 seq=0x1 odc=0x8b sts=0xe0 armed=1
[TRG] pulses=221 suppressed=2699 cyc=1600 rst=1 rstmode=0x40
[HLT] polls=467 faults=0x0 cfglost=0
[EFF] n=5 last=58539 min=58539 max=58760 late=0 stuck=0
[DWT] ok=1 cyc=1937186938 cyc_per_ms=800000
[HB] up_ms=492169 frames=23409 inf=23409 hazard=2920 canary_err=0 q=0 qovr=0
[I2C] init=0 gate=0 whoami=0x140e0 wr=0 wrseen=0x27 addr=0x5a ok=3383 err=0 tmo=0 recov=0 pclk1=200000000 sysclk=400000000
[CLK] cpu=800000000 sysb=400000000 pclk1=200000000
[DRV] init=0 id=7 mode=0x1 lib=0x2 seq=0x1 odc=0x8b sts=0xe0 armed=1
[TRG] pulses=221 suppressed=2699 cyc=1600 rst=1 rstmode=0x40
[HLT] polls=468 faults=0x0 cfglost=0
[EFF] n=5 last=58539 min=58539 max=58760 late=0 stuck=0
[DWT] ok=1 cyc=2774786910 cyc_per_ms=799999
[HB] up_ms=493216 frames=23458 inf=23458 hazard=2920 canary_err=0 q=0 qovr=0
[I2C] init=0 gate=0 whoami=0x140e0 wr=0 wrseen=0x27 addr=0x5a ok=3385 err=0 tmo=0 recov=0 pclk1=200000000 sysclk=400000000
[CLK] cpu=800000000 sysb=400000000 pclk1=200000000
[DRV] init=0 id=7 mode=0x1 lib=0x2 seq=0x1 odc=0x8b sts=0xe0 armed=1
[TRG] pulses=221 suppressed=2699 cyc=1600 rst=1 rstmode=0x40
[HLT] polls=469 faults=0x0 cfglost=0
[EFF] n=5 last=58539 min=58539 max=58760 late=0 stuck=0
[DWT] ok=1 cyc=3612386922 cyc_per_ms=800000
[HB] up_ms=494263 frames=23508 inf=23508 hazard=2948 canary_err=0 q=0 qovr=0
[I2C] init=0 gate=0 whoami=0x140e0 wr=0 wrseen=0x27 addr=0x5a ok=3387 err=0 tmo=0 recov=0 pclk1=200000000 sysclk=400000000
[CLK] cpu=800000000 sysb=400000000 pclk1=200000000
[DRV] init=0 id=7 mode=0x1 lib=0x2 seq=0x1 odc=0x8b sts=0xe0 armed=1
[TRG] pulses=224 suppressed=2726 cyc=1600 rst=1 rstmode=0x40
[HLT] polls=470 faults=0x0 cfglost=0
[EFF] n=5 last=58539 min=58539 max=58760 late=0 stuck=0
[DWT] ok=1 cyc=155023862 cyc_per_ms=800004
[HB] up_ms=495310 frames=23558 inf=23558 hazard=2960 canary_err=0 q=0 qovr=0
[I2C] init=0 gate=0 whoami=0x140e0 wr=0 wrseen=0x27 addr=0x5a ok=3389 err=0 tmo=0 recov=0 pclk1=200000000 sysclk=400000000
[CLK] cpu=800000000 sysb=400000000 pclk1=200000000
[DRV] init=0 id=7 mode=0x1 lib=0x2 seq=0x1 odc=0x8b sts=0xe0 armed=1
[TRG] pulses=224 suppressed=2736 cyc=1600 rst=1 rstmode=0x40
[HLT] polls=471 faults=0x0 cfglost=0
[EFF] n=5 last=58539 min=58539 max=58760 late=0 stuck=0
[DWT] ok=1 cyc=992619602 cyc_per_ms=799995
[HB] up_ms=496357 frames=23608 inf=23608 hazard=2960 canary_err=0 q=0 qovr=0
[I2C] init=0 gate=0 whoami=0x140e0 wr=0 wrseen=0x27 addr=0x5a ok=3391 err=0 tmo=0 recov=0 pclk1=200000000 sysclk=400000000
[CLK] cpu=800000000 sysb=400000000 pclk1=200000000
[DRV] init=0 id=7 mode=0x1 lib=0x2 seq=0x1 odc=0x8b sts=0xe0 armed=1
[TRG] pulses=224 suppressed=2736 cyc=1600 rst=1 rstmode=0x40
[HLT] polls=472 faults=0x0 cfglost=0
[EFF] n=5 last=58539 min=58539 max=58760 late=0 stuck=0
[DWT] ok=1 cyc=1830219574 cyc_per_ms=799999
[HB] up_ms=497404 frames=23658 inf=23658 hazard=2960 canary_err=0 q=0 qovr=0
[I2C] init=0 gate=0 whoami=0x140e0 wr=0 wrseen=0x27 addr=0x5a ok=3393 err=0 tmo=0 recov=0 pclk1=200000000 sysclk=400000000
[CLK] cpu=800000000 sysb=400000000 pclk1=200000000
[DRV] init=0 id=7 mode=0x1 lib=0x2 seq=0x1 odc=0x8b sts=0xe0 armed=1
[TRG] pulses=224 suppressed=2736 cyc=1600 rst=1 rstmode=0x40
[HLT] polls=473 faults=0x0 cfglost=0
[EFF] n=5 last=58539 min=58539 max=58760 late=0 stuck=0
[DWT] ok=1 cyc=2667819550 cyc_per_ms=799999
[HB] up_ms=498451 frames=23708 inf=23708 hazard=2960 canary_err=0 q=0 qovr=0
[I2C] init=0 gate=0 whoami=0x140e0 wr=0 wrseen=0x27 addr=0x5a ok=3395 err=0 tmo=0 recov=0 pclk1=200000000 sysclk=400000000
[CLK] cpu=800000000 sysb=400000000 pclk1=200000000
[DRV] init=0 id=7 mode=0x1 lib=0x2 seq=0x1 odc=0x8b sts=0xe0 armed=1
[TRG] pulses=224 suppressed=2736 cyc=1600 rst=1 rstmode=0x40
[HLT] polls=474 faults=0x0 cfglost=0
[EFF] n=5 last=58539 min=58539 max=58760 late=0 stuck=0
[DWT] ok=1 cyc=3505419634 cyc_per_ms=800000
[HB] up_ms=499498 frames=23758 inf=23758 hazard=2960 canary_err=0 q=0 qovr=0
[I2C] init=0 gate=0 whoami=0x140e0 wr=0 wrseen=0x27 addr=0x5a ok=3397 err=0 tmo=0 recov=0 pclk1=200000000 sysclk=400000000
[CLK] cpu=800000000 sysb=400000000 pclk1=200000000
[DRV] init=0 id=7 mode=0x1 lib=0x2 seq=0x1 odc=0x8b sts=0xe0 armed=1
[TRG] pulses=224 suppressed=2736 cyc=1600 rst=1 rstmode=0x40
[HLT] polls=475 faults=0x0 cfglost=0
[EFF] n=5 last=58539 min=58539 max=58760 late=0 stuck=0
[DWT] ok=1 cyc=48052318 cyc_per_ms=799999
[HB] up_ms=500545 frames=23807 inf=23807 hazard=2967 canary_err=0 q=0 qovr=0
[I2C] init=0 gate=0 whoami=0x140e0 wr=0 wrseen=0x27 addr=0x5a ok=3399 err=0 tmo=0 recov=0 pclk1=200000000 sysclk=400000000
[CLK] cpu=800000000 sysb=400000000 pclk1=200000000
[DRV] init=0 id=7 mode=0x1 lib=0x2 seq=0x1 odc=0x8b sts=0xe0 armed=1
[TRG] pulses=225 suppressed=2744 cyc=1600 rst=1 rstmode=0x40
[HLT] polls=476 faults=0x0 cfglost=0
[EFF] n=5 last=58539 min=58539 max=58760 late=0 stuck=0
[DWT] ok=1 cyc=885654090 cyc_per_ms=800001
[HB] up_ms=501592 frames=23857 inf=23857 hazard=3000 canary_err=0 q=0 qovr=0
[I2C] init=0 gate=0 whoami=0x140e0 wr=0 wrseen=0x27 addr=0x5a ok=3401 err=0 tmo=0 recov=0 pclk1=200000000 sysclk=400000000
[CLK] cpu=800000000 sysb=400000000 pclk1=200000000
[DRV] init=0 id=7 mode=0x1 lib=0x2 seq=0x1 odc=0x8b sts=0xe0 armed=1
[TRG] pulses=227 suppressed=2773 cyc=1600 rst=1 rstmode=0x40
[HLT] polls=477 faults=0x0 cfglost=0
[EFF] n=5 last=58539 min=58539 max=58760 late=0 stuck=0
[DWT] ok=1 cyc=1723252250 cyc_per_ms=799998
[HB] up_ms=502639 frames=23907 inf=23907 hazard=3000 canary_err=0 q=0 qovr=0
[I2C] init=0 gate=0 whoami=0x140e0 wr=0 wrseen=0x27 addr=0x5a ok=3403 err=0 tmo=0 recov=0 pclk1=200000000 sysclk=400000000
[CLK] cpu=800000000 sysb=400000000 pclk1=200000000
[DRV] init=0 id=7 mode=0x1 lib=0x2 seq=0x1 odc=0x8b sts=0xe0 armed=1
[TRG] pulses=227 suppressed=2773 cyc=1600 rst=1 rstmode=0x40
[HLT] polls=478 faults=0x0 cfglost=0
[EFF] n=5 last=58539 min=58539 max=58760 late=0 stuck=0
[DWT] ok=1 cyc=2560852330 cyc_per_ms=800000
[HB] up_ms=503686 frames=23957 inf=23957 hazard=3000 canary_err=0 q=0 qovr=0
[I2C] init=0 gate=0 whoami=0x140e0 wr=0 wrseen=0x27 addr=0x5a ok=3405 err=0 tmo=0 recov=0 pclk1=200000000 sysclk=400000000
[CLK] cpu=800000000 sysb=400000000 pclk1=200000000
[DRV] init=0 id=7 mode=0x1 lib=0x2 seq=0x1 odc=0x8b sts=0xe0 armed=1
[TRG] pulses=227 suppressed=2773 cyc=1600 rst=1 rstmode=0x40
[HLT] polls=479 faults=0x0 cfglost=0
[EFF] n=5 last=58539 min=58539 max=58760 late=0 stuck=0
[DWT] ok=1 cyc=3398452310 cyc_per_ms=799999
[HB] up_ms=504733 frames=24007 inf=24007 hazard=3000 canary_err=0 q=0 qovr=0
[I2C] init=0 gate=0 whoami=0x140e0 wr=0 wrseen=0x27 addr=0x5a ok=3407 err=0 tmo=0 recov=0 pclk1=200000000 sysclk=400000000
[CLK] cpu=800000000 sysb=400000000 pclk1=200000000
[DRV] init=0 id=7 mode=0x1 lib=0x2 seq=0x1 odc=0x8b sts=0xe0 armed=1
[TRG] pulses=227 suppressed=2773 cyc=1600 rst=1 rstmode=0x40
[HLT] polls=480 faults=0x0 cfglost=0
[EFF] n=5 last=58539 min=58539 max=58760 late=0 stuck=0
[DWT] ok=1 cyc=4236052290 cyc_per_ms=799999
[HB] up_ms=505780 frames=24057 inf=24057 hazard=3000 canary_err=0 q=0 qovr=0
[I2C] init=0 gate=0 whoami=0x140e0 wr=0 wrseen=0x27 addr=0x5a ok=3409 err=0 tmo=0 recov=0 pclk1=200000000 sysclk=400000000
[CLK] cpu=800000000 sysb=400000000 pclk1=200000000
[DRV] init=0 id=7 mode=0x1 lib=0x2 seq=0x1 odc=0x8b sts=0xe0 armed=1
[TRG] pulses=227 suppressed=2773 cyc=1600 rst=1 rstmode=0x40
[HLT] polls=481 faults=0x0 cfglost=0
[EFF] n=5 last=58539 min=58539 max=58760 late=0 stuck=0
[DWT] ok=1 cyc=778684974 cyc_per_ms=799999
[HB] up_ms=506827 frames=24107 inf=24107 hazard=3000 canary_err=0 q=0 qovr=0
[I2C] init=0 gate=0 whoami=0x140e0 wr=0 wrseen=0x27 addr=0x5a ok=3411 err=0 tmo=0 recov=0 pclk1=200000000 sysclk=400000000
[CLK] cpu=800000000 sysb=400000000 pclk1=200000000
[DRV] init=0 id=7 mode=0x1 lib=0x2 seq=0x1 odc=0x8b sts=0xe0 armed=1
[TRG] pulses=227 suppressed=2773 cyc=1600 rst=1 rstmode=0x40
[HLT] polls=482 faults=0x0 cfglost=0
[EFF] n=5 last=58539 min=58539 max=58760 late=0 stuck=0
[DWT] ok=1 cyc=1616284950 cyc_per_ms=799999
[HB] up_ms=507874 frames=24156 inf=24156 hazard=3036 canary_err=0 q=0 qovr=0
[I2C] init=0 gate=0 whoami=0x140e0 wr=0 wrseen=0x27 addr=0x5a ok=3413 err=0 tmo=0 recov=0 pclk1=200000000 sysclk=400000000
[CLK] cpu=800000000 sysb=400000000 pclk1=200000000
[DRV] init=0 id=7 mode=0x1 lib=0x2 seq=0x1 odc=0x8b sts=0xe0 armed=1
[TRG] pulses=230 suppressed=2808 cyc=1600 rst=1 rstmode=0x40
[HLT] polls=483 faults=0x0 cfglost=0
[EFF] n=5 last=58539 min=58539 max=58760 late=0 stuck=0
[DWT] ok=1 cyc=2453886794 cyc_per_ms=800001
[HB] up_ms=508921 frames=24206 inf=24206 hazard=3040 canary_err=0 q=0 qovr=0
[I2C] init=0 gate=0 whoami=0x140e0 wr=0 wrseen=0x27 addr=0x5a ok=3415 err=0 tmo=0 recov=0 pclk1=200000000 sysclk=400000000
[CLK] cpu=800000000 sysb=400000000 pclk1=200000000
[DRV] init=0 id=7 mode=0x1 lib=0x2 seq=0x1 odc=0x8b sts=0xe0 armed=1
[TRG] pulses=230 suppressed=2810 cyc=1600 rst=1 rstmode=0x40
[HLT] polls=484 faults=0x0 cfglost=0
[EFF] n=5 last=58539 min=58539 max=58760 late=0 stuck=0
[DWT] ok=1 cyc=3291484986 cyc_per_ms=799998
[HB] up_ms=509968 frames=24256 inf=24256 hazard=3040 canary_err=0 q=0 qovr=0
[I2C] init=0 gate=0 whoami=0x140e0 wr=0 wrseen=0x27 addr=0x5a ok=3417 err=0 tmo=0 recov=0 pclk1=200000000 sysclk=400000000
[CLK] cpu=800000000 sysb=400000000 pclk1=200000000
[DRV] init=0 id=7 mode=0x1 lib=0x2 seq=0x1 odc=0x8b sts=0xe0 armed=1
[TRG] pulses=230 suppressed=2810 cyc=1600 rst=1 rstmode=0x40
[HLT] polls=485 faults=0x0 cfglost=0
[EFF] n=5 last=58539 min=58539 max=58760 late=0 stuck=0
[DWT] ok=1 cyc=4129084966 cyc_per_ms=799999
[HB] up_ms=511015 frames=24306 inf=24306 hazard=3040 canary_err=0 q=0 qovr=0
[I2C] init=0 gate=0 whoami=0x140e0 wr=0 wrseen=0x27 addr=0x5a ok=3419 err=0 tmo=0 recov=0 pclk1=200000000 sysclk=400000000
[CLK] cpu=800000000 sysb=400000000 pclk1=200000000
[DRV] init=0 id=7 mode=0x1 lib=0x2 seq=0x1 odc=0x8b sts=0xe0 armed=1
[TRG] pulses=230 suppressed=2810 cyc=1600 rst=1 rstmode=0x40
[HLT] polls=486 faults=0x0 cfglost=0
[EFF] n=5 last=58539 min=58539 max=58760 late=0 stuck=0
[DWT] ok=1 cyc=671717646 cyc_per_ms=799999
[HB] up_ms=512062 frames=24356 inf=24356 hazard=3040 canary_err=0 q=0 qovr=0
[I2C] init=0 gate=0 whoami=0x140e0 wr=0 wrseen=0x27 addr=0x5a ok=3421 err=0 tmo=0 recov=0 pclk1=200000000 sysclk=400000000
[CLK] cpu=800000000 sysb=400000000 pclk1=200000000
[DRV] init=0 id=7 mode=0x1 lib=0x2 seq=0x1 odc=0x8b sts=0xe0 armed=1
[TRG] pulses=230 suppressed=2810 cyc=1600 rst=1 rstmode=0x40
[HLT] polls=487 faults=0x0 cfglost=0
[EFF] n=5 last=58539 min=58539 max=58760 late=0 stuck=0
[DWT] ok=1 cyc=1509317722 cyc_per_ms=800000
[HB] up_ms=513109 frames=24406 inf=24406 hazard=3040 canary_err=0 q=0 qovr=0
[I2C] init=0 gate=0 whoami=0x140e0 wr=0 wrseen=0x27 addr=0x5a ok=3423 err=0 tmo=0 recov=0 pclk1=200000000 sysclk=400000000
[CLK] cpu=800000000 sysb=400000000 pclk1=200000000
[DRV] init=0 id=7 mode=0x1 lib=0x2 seq=0x1 odc=0x8b sts=0xe0 armed=1
[TRG] pulses=230 suppressed=2810 cyc=1600 rst=1 rstmode=0x40
[HLT] polls=488 faults=0x0 cfglost=0
[EFF] n=5 last=58539 min=58539 max=58760 late=0 stuck=0
[DWT] ok=1 cyc=2346917706 cyc_per_ms=799999
[HB] up_ms=514156 frames=24456 inf=24456 hazard=3056 canary_err=0 q=0 qovr=0
[I2C] init=0 gate=0 whoami=0x140e0 wr=0 wrseen=0x27 addr=0x5a ok=3425 err=0 tmo=0 recov=0 pclk1=200000000 sysclk=400000000
[CLK] cpu=800000000 sysb=400000000 pclk1=200000000
[DRV] init=0 id=7 mode=0x1 lib=0x2 seq=0x1 odc=0x8b sts=0xe0 armed=1
[TRG] pulses=232 suppressed=2825 cyc=1600 rst=1 rstmode=0x40
[HLT] polls=489 faults=0x0 cfglost=0
[EFF] n=5 last=58539 min=58539 max=58760 late=0 stuck=0
[DWT] ok=1 cyc=3184519538 cyc_per_ms=800001
[HB] up_ms=515203 frames=24505 inf=24505 hazard=3080 canary_err=0 q=0 qovr=0
[I2C] init=0 gate=0 whoami=0x140e0 wr=0 wrseen=0x27 addr=0x5a ok=3427 err=0 tmo=0 recov=0 pclk1=200000000 sysclk=400000000
[CLK] cpu=800000000 sysb=400000000 pclk1=200000000
[DRV] init=0 id=7 mode=0x1 lib=0x2 seq=0x1 odc=0x8b sts=0xe0 armed=1
[TRG] pulses=233 suppressed=2847 cyc=1600 rst=1 rstmode=0x40
[HLT] polls=490 faults=0x0 cfglost=0
[EFF] n=5 last=58539 min=58539 max=58760 late=0 stuck=0
[DWT] ok=1 cyc=4022117718 cyc_per_ms=799998
[HB] up_ms=516250 frames=24555 inf=24555 hazard=3080 canary_err=0 q=0 qovr=0
[I2C] init=0 gate=0 whoami=0x140e0 wr=0 wrseen=0x27 addr=0x5a ok=3429 err=0 tmo=0 recov=0 pclk1=200000000 sysclk=400000000
[CLK] cpu=800000000 sysb=400000000 pclk1=200000000
[DRV] init=0 id=7 mode=0x1 lib=0x2 seq=0x1 odc=0x8b sts=0xe0 armed=1
[TRG] pulses=233 suppressed=2847 cyc=1600 rst=1 rstmode=0x40
[HLT] polls=491 faults=0x0 cfglost=0
[EFF] n=5 last=58539 min=58539 max=58760 late=0 stuck=0
[DWT] ok=1 cyc=564750434 cyc_per_ms=800000
[HB] up_ms=517297 frames=24605 inf=24605 hazard=3080 canary_err=0 q=0 qovr=0
[I2C] init=0 gate=0 whoami=0x140e0 wr=0 wrseen=0x27 addr=0x5a ok=3431 err=0 tmo=0 recov=0 pclk1=200000000 sysclk=400000000
[CLK] cpu=800000000 sysb=400000000 pclk1=200000000
[DRV] init=0 id=7 mode=0x1 lib=0x2 seq=0x1 odc=0x8b sts=0xe0 armed=1
[TRG] pulses=233 suppressed=2847 cyc=1600 rst=1 rstmode=0x40
[HLT] polls=492 faults=0x0 cfglost=0
[EFF] n=5 last=58539 min=58539 max=58760 late=0 stuck=0
[DWT] ok=1 cyc=1402350406 cyc_per_ms=799999
[HB] up_ms=518344 frames=24655 inf=24655 hazard=3080 canary_err=0 q=0 qovr=0
[I2C] init=0 gate=0 whoami=0x140e0 wr=0 wrseen=0x27 addr=0x5a ok=3433 err=0 tmo=0 recov=0 pclk1=200000000 sysclk=400000000
[CLK] cpu=800000000 sysb=400000000 pclk1=200000000
[DRV] init=0 id=7 mode=0x1 lib=0x2 seq=0x1 odc=0x8b sts=0xe0 armed=1
[TRG] pulses=233 suppressed=2847 cyc=1600 rst=1 rstmode=0x40
[HLT] polls=493 faults=0x0 cfglost=0
[EFF] n=5 last=58539 min=58539 max=58760 late=0 stuck=0
[DWT] ok=1 cyc=2239950382 cyc_per_ms=799999
[HB] up_ms=519391 frames=24705 inf=24705 hazard=3080 canary_err=0 q=0 qovr=0
[I2C] init=0 gate=0 whoami=0x140e0 wr=0 wrseen=0x27 addr=0x5a ok=3435 err=0 tmo=0 recov=0 pclk1=200000000 sysclk=400000000
[CLK] cpu=800000000 sysb=400000000 pclk1=200000000
[DRV] init=0 id=7 mode=0x1 lib=0x2 seq=0x1 odc=0x8b sts=0xe0 armed=1
[TRG] pulses=233 suppressed=2847 cyc=1600 rst=1 rstmode=0x40
[HLT] polls=494 faults=0x0 cfglost=0
[EFF] n=5 last=58539 min=58539 max=58760 late=0 stuck=0
[DWT] ok=1 cyc=3077550366 cyc_per_ms=799999
[HB] up_ms=520438 frames=24755 inf=24755 hazard=3080 canary_err=0 q=0 qovr=0
[I2C] init=0 gate=0 whoami=0x140e0 wr=0 wrseen=0x27 addr=0x5a ok=3437 err=0 tmo=0 recov=0 pclk1=200000000 sysclk=400000000
[CLK] cpu=800000000 sysb=400000000 pclk1=200000000
[DRV] init=0 id=7 mode=0x1 lib=0x2 seq=0x1 odc=0x8b sts=0xe0 armed=1
[TRG] pulses=233 suppressed=2847 cyc=1600 rst=1 rstmode=0x40
[HLT] polls=495 faults=0x0 cfglost=0
[EFF] n=5 last=58539 min=58539 max=58760 late=0 stuck=0
[DWT] ok=1 cyc=3915150450 cyc_per_ms=800000
[HB] up_ms=521485 frames=24805 inf=24805 hazard=3120 canary_err=0 q=0 qovr=0
[I2C] init=0 gate=0 whoami=0x140e0 wr=0 wrseen=0x27 addr=0x5a ok=3439 err=0 tmo=0 recov=0 pclk1=200000000 sysclk=400000000
[CLK] cpu=800000000 sysb=400000000 pclk1=200000000
[DRV] init=0 id=7 mode=0x1 lib=0x2 seq=0x1 odc=0x8b sts=0xe0 armed=1
[TRG] pulses=236 suppressed=2884 cyc=1600 rst=1 rstmode=0x40
[HLT] polls=496 faults=0x0 cfglost=0
[EFF] n=5 last=58539 min=58539 max=58760 late=0 stuck=0
[DWT] ok=1 cyc=457783134 cyc_per_ms=799999
[HB] up_ms=522532 frames=24854 inf=24854 hazard=3120 canary_err=0 q=0 qovr=0
[I2C] init=0 gate=0 whoami=0x140e0 wr=0 wrseen=0x27 addr=0x5a ok=3441 err=0 tmo=0 recov=0 pclk1=200000000 sysclk=400000000
[CLK] cpu=800000000 sysb=400000000 pclk1=200000000
[DRV] init=0 id=7 mode=0x1 lib=0x2 seq=0x1 odc=0x8b sts=0xe0 armed=1
[TRG] pulses=236 suppressed=2884 cyc=1600 rst=1 rstmode=0x40
[HLT] polls=497 faults=0x0 cfglost=0
[EFF] n=5 last=58539 min=58539 max=58760 late=0 stuck=0
[DWT] ok=1 cyc=1295383146 cyc_per_ms=800000
[HB] up_ms=523579 frames=24904 inf=24904 hazard=3120 canary_err=0 q=0 qovr=0
[I2C] init=0 gate=0 whoami=0x140e0 wr=0 wrseen=0x27 addr=0x5a ok=3443 err=0 tmo=0 recov=0 pclk1=200000000 sysclk=400000000
[CLK] cpu=800000000 sysb=400000000 pclk1=200000000
[DRV] init=0 id=7 mode=0x1 lib=0x2 seq=0x1 odc=0x8b sts=0xe0 armed=1
[TRG] pulses=236 suppressed=2884 cyc=1600 rst=1 rstmode=0x40
[HLT] polls=498 faults=0x0 cfglost=0
[EFF] n=5 last=58539 min=58539 max=58760 late=0 stuck=0
[DWT] ok=1 cyc=2132983154 cyc_per_ms=800000
[HB] up_ms=524626 frames=24954 inf=24954 hazard=3120 canary_err=0 q=0 qovr=0
[I2C] init=0 gate=0 whoami=0x140e0 wr=0 wrseen=0x27 addr=0x5a ok=3445 err=0 tmo=0 recov=0 pclk1=200000000 sysclk=400000000
[CLK] cpu=800000000 sysb=400000000 pclk1=200000000
[DRV] init=0 id=7 mode=0x1 lib=0x2 seq=0x1 odc=0x8b sts=0xe0 armed=1
[TRG] pulses=236 suppressed=2884 cyc=1600 rst=1 rstmode=0x40
[HLT] polls=499 faults=0x0 cfglost=0
[EFF] n=5 last=58539 min=58539 max=58760 late=0 stuck=0
[DWT] ok=1 cyc=2970583138 cyc_per_ms=799999
[HB] up_ms=525673 frames=25004 inf=25004 hazard=3120 canary_err=0 q=0 qovr=0
[I2C] init=0 gate=0 whoami=0x140e0 wr=0 wrseen=0x27 addr=0x5a ok=3447 err=0 tmo=0 recov=0 pclk1=200000000 sysclk=400000000
[CLK] cpu=800000000 sysb=400000000 pclk1=200000000
[DRV] init=0 id=7 mode=0x1 lib=0x2 seq=0x1 odc=0x8b sts=0xe0 armed=1
[TRG] pulses=236 suppressed=2884 cyc=1600 rst=1 rstmode=0x40
[HLT] polls=500 faults=0x0 cfglost=0
[EFF] n=5 last=58539 min=58539 max=58760 late=0 stuck=0
[DWT] ok=1 cyc=3808183114 cyc_per_ms=799999
[HB] up_ms=526720 frames=25054 inf=25054 hazard=3120 canary_err=0 q=0 qovr=0
[I2C] init=0 gate=0 whoami=0x140e0 wr=0 wrseen=0x27 addr=0x5a ok=3449 err=0 tmo=0 recov=0 pclk1=200000000 sysclk=400000000
[CLK] cpu=800000000 sysb=400000000 pclk1=200000000
[DRV] init=0 id=7 mode=0x1 lib=0x2 seq=0x1 odc=0x8b sts=0xe0 armed=1
[TRG] pulses=236 suppressed=2884 cyc=1600 rst=1 rstmode=0x40
[HLT] polls=501 faults=0x0 cfglost=0
[EFF] n=5 last=58539 min=58539 max=58760 late=0 stuck=0
[DWT] ok=1 cyc=350815806 cyc_per_ms=799999
[HB] up_ms=527767 frames=25104 inf=25104 hazard=3144 canary_err=0 q=0 qovr=0
[I2C] init=0 gate=0 whoami=0x140e0 wr=0 wrseen=0x27 addr=0x5a ok=3451 err=0 tmo=0 recov=0 pclk1=200000000 sysclk=400000000
[CLK] cpu=800000000 sysb=400000000 pclk1=200000000
[DRV] init=0 id=7 mode=0x1 lib=0x2 seq=0x1 odc=0x8b sts=0xe0 armed=1
[TRG] pulses=238 suppressed=2907 cyc=1600 rst=1 rstmode=0x40
[HLT] polls=502 faults=0x0 cfglost=0
[EFF] n=5 last=58539 min=58539 max=58760 late=0 stuck=0
[DWT] ok=1 cyc=1188417626 cyc_per_ms=800001
[HB] up_ms=528814 frames=25154 inf=25154 hazard=3160 canary_err=0 q=0 qovr=0
[I2C] init=0 gate=0 whoami=0x140e0 wr=0 wrseen=0x27 addr=0x5a ok=3453 err=0 tmo=0 recov=0 pclk1=200000000 sysclk=400000000
[CLK] cpu=800000000 sysb=400000000 pclk1=200000000
[DRV] init=0 id=7 mode=0x1 lib=0x2 seq=0x1 odc=0x8b sts=0xe0 armed=1
[TRG] pulses=239 suppressed=2921 cyc=1600 rst=1 rstmode=0x40
[HLT] polls=503 faults=0x0 cfglost=0
[EFF] n=5 last=58539 min=58539 max=58760 late=0 stuck=0
[DWT] ok=1 cyc=2026015766 cyc_per_ms=799998
[HB] up_ms=529861 frames=25203 inf=25203 hazard=3160 canary_err=0 q=0 qovr=0
[I2C] init=0 gate=0 whoami=0x140e0 wr=0 wrseen=0x27 addr=0x5a ok=3455 err=0 tmo=0 recov=0 pclk1=200000000 sysclk=400000000
[CLK] cpu=800000000 sysb=400000000 pclk1=200000000
[DRV] init=0 id=7 mode=0x1 lib=0x2 seq=0x1 odc=0x8b sts=0xe0 armed=1
[TRG] pulses=239 suppressed=2921 cyc=1600 rst=1 rstmode=0x40
[HLT] polls=504 faults=0x0 cfglost=0
[EFF] n=5 last=58539 min=58539 max=58760 late=0 stuck=0
[DWT] ok=1 cyc=2863615774 cyc_per_ms=800000
[HB] up_ms=530908 frames=25253 inf=25253 hazard=3160 canary_err=0 q=0 qovr=0
[I2C] init=0 gate=0 whoami=0x140e0 wr=0 wrseen=0x27 addr=0x5a ok=3457 err=0 tmo=0 recov=0 pclk1=200000000 sysclk=400000000
[CLK] cpu=800000000 sysb=400000000 pclk1=200000000
[DRV] init=0 id=7 mode=0x1 lib=0x2 seq=0x1 odc=0x8b sts=0xe0 armed=1
[TRG] pulses=239 suppressed=2921 cyc=1600 rst=1 rstmode=0x40
[HLT] polls=505 faults=0x0 cfglost=0
[EFF] n=5 last=58539 min=58539 max=58760 late=0 stuck=0
[DWT] ok=1 cyc=3701215790 cyc_per_ms=800000
[HB] up_ms=531955 frames=25303 inf=25303 hazard=3160 canary_err=0 q=0 qovr=0
[I2C] init=0 gate=0 whoami=0x140e0 wr=0 wrseen=0x27 addr=0x5a ok=3459 err=0 tmo=0 recov=0 pclk1=200000000 sysclk=400000000
[CLK] cpu=800000000 sysb=400000000 pclk1=200000000
[DRV] init=0 id=7 mode=0x1 lib=0x2 seq=0x1 odc=0x8b sts=0xe0 armed=1
[TRG] pulses=239 suppressed=2921 cyc=1600 rst=1 rstmode=0x40
[HLT] polls=506 faults=0x0 cfglost=0
[EFF] n=5 last=58539 min=58539 max=58760 late=0 stuck=0
[DWT] ok=1 cyc=243848478 cyc_per_ms=799999
[HB] up_ms=533002 frames=25353 inf=25353 hazard=3160 canary_err=0 q=0 qovr=0
[I2C] init=0 gate=0 whoami=0x140e0 wr=0 wrseen=0x27 addr=0x5a ok=3461 err=0 tmo=0 recov=0 pclk1=200000000 sysclk=400000000
[CLK] cpu=800000000 sysb=400000000 pclk1=200000000
[DRV] init=0 id=7 mode=0x1 lib=0x2 seq=0x1 odc=0x8b sts=0xe0 armed=1
[TRG] pulses=239 suppressed=2921 cyc=1600 rst=1 rstmode=0x40
[HLT] polls=507 faults=0x0 cfglost=0
[EFF] n=5 last=58539 min=58539 max=58760 late=0 stuck=0
[DWT] ok=1 cyc=1081448558 cyc_per_ms=800000
[HB] up_ms=534049 frames=25403 inf=25403 hazard=3163 canary_err=0 q=0 qovr=0
[I2C] init=0 gate=0 whoami=0x140e0 wr=0 wrseen=0x27 addr=0x5a ok=3463 err=0 tmo=0 recov=0 pclk1=200000000 sysclk=400000000
[CLK] cpu=800000000 sysb=400000000 pclk1=200000000
[DRV] init=0 id=7 mode=0x1 lib=0x2 seq=0x1 odc=0x8b sts=0xe0 armed=1
[TRG] pulses=240 suppressed=2924 cyc=1600 rst=1 rstmode=0x40
[HLT] polls=508 faults=0x0 cfglost=0
[EFF] n=5 last=58539 min=58539 max=58760 late=0 stuck=0
[DWT] ok=1 cyc=1919050298 cyc_per_ms=800001
[HB] up_ms=535096 frames=25453 inf=25453 hazard=3200 canary_err=0 q=0 qovr=0
[I2C] init=0 gate=0 whoami=0x140e0 wr=0 wrseen=0x27 addr=0x5a ok=3465 err=0 tmo=0 recov=0 pclk1=200000000 sysclk=400000000
[CLK] cpu=800000000 sysb=400000000 pclk1=200000000
[DRV] init=0 id=7 mode=0x1 lib=0x2 seq=0x1 odc=0x8b sts=0xe0 armed=1
[TRG] pulses=242 suppressed=2958 cyc=1600 rst=1 rstmode=0x40
[HLT] polls=509 faults=0x0 cfglost=0
[EFF] n=5 last=58539 min=58539 max=58760 late=0 stuck=0
[DWT] ok=1 cyc=2756648510 cyc_per_ms=799998
[HB] up_ms=536143 frames=25503 inf=25503 hazard=3200 canary_err=0 q=0 qovr=0
[I2C] init=0 gate=0 whoami=0x140e0 wr=0 wrseen=0x27 addr=0x5a ok=3467 err=0 tmo=0 recov=0 pclk1=200000000 sysclk=400000000
[CLK] cpu=800000000 sysb=400000000 pclk1=200000000
[DRV] init=0 id=7 mode=0x1 lib=0x2 seq=0x1 odc=0x8b sts=0xe0 armed=1
[TRG] pulses=242 suppressed=2958 cyc=1600 rst=1 rstmode=0x40
[HLT] polls=510 faults=0x0 cfglost=0
[EFF] n=5 last=58539 min=58539 max=58760 late=0 stuck=0
[DWT] ok=1 cyc=3594248482 cyc_per_ms=799999
[HB] up_ms=537190 frames=25552 inf=25552 hazard=3200 canary_err=0 q=0 qovr=0
[I2C] init=0 gate=0 whoami=0x140e0 wr=0 wrseen=0x27 addr=0x5a ok=3469 err=0 tmo=0 recov=0 pclk1=200000000 sysclk=400000000
[CLK] cpu=800000000 sysb=400000000 pclk1=200000000
[DRV] init=0 id=7 mode=0x1 lib=0x2 seq=0x1 odc=0x8b sts=0xe0 armed=1
[TRG] pulses=242 suppressed=2958 cyc=1600 rst=1 rstmode=0x40
[HLT] polls=511 faults=0x0 cfglost=0
[EFF] n=5 last=58539 min=58539 max=58760 late=0 stuck=0
[DWT] ok=1 cyc=136881206 cyc_per_ms=800000
[HB] up_ms=538237 frames=25602 inf=25602 hazard=3200 canary_err=0 q=0 qovr=0
[I2C] init=0 gate=0 whoami=0x140e0 wr=0 wrseen=0x27 addr=0x5a ok=3471 err=0 tmo=0 recov=0 pclk1=200000000 sysclk=400000000
[CLK] cpu=800000000 sysb=400000000 pclk1=200000000
[DRV] init=0 id=7 mode=0x1 lib=0x2 seq=0x1 odc=0x8b sts=0xe0 armed=1
[TRG] pulses=242 suppressed=2958 cyc=1600 rst=1 rstmode=0x40
[HLT] polls=512 faults=0x0 cfglost=0
[EFF] n=5 last=58539 min=58539 max=58760 late=0 stuck=0
[DWT] ok=1 cyc=974481222 cyc_per_ms=800000
[HB] up_ms=539284 frames=25652 inf=25652 hazard=3200 canary_err=0 q=0 qovr=0
[I2C] init=0 gate=0 whoami=0x140e0 wr=0 wrseen=0x27 addr=0x5a ok=3473 err=0 tmo=0 recov=0 pclk1=200000000 sysclk=400000000
[CLK] cpu=800000000 sysb=400000000 pclk1=200000000
[DRV] init=0 id=7 mode=0x1 lib=0x2 seq=0x1 odc=0x8b sts=0xe0 armed=1
[TRG] pulses=242 suppressed=2958 cyc=1600 rst=1 rstmode=0x40
[HLT] polls=513 faults=0x0 cfglost=0
[EFF] n=5 last=58539 min=58539 max=58760 late=0 stuck=0
[DWT] ok=1 cyc=1812081206 cyc_per_ms=799999
[HB] up_ms=540331 frames=25702 inf=25702 hazard=3200 canary_err=0 q=0 qovr=0
[I2C] init=0 gate=0 whoami=0x140e0 wr=0 wrseen=0x27 addr=0x5a ok=3475 err=0 tmo=0 recov=0 pclk1=200000000 sysclk=400000000
[CLK] cpu=800000000 sysb=400000000 pclk1=200000000
[DRV] init=0 id=7 mode=0x1 lib=0x2 seq=0x1 odc=0x8b sts=0xe0 armed=1
[TRG] pulses=242 suppressed=2958 cyc=1600 rst=1 rstmode=0x40
[HLT] polls=514 faults=0x0 cfglost=0
[EFF] n=5 last=58539 min=58539 max=58760 late=0 stuck=0
[DWT] ok=1 cyc=2649681174 cyc_per_ms=799999
[HB] up_ms=541378 frames=25752 inf=25752 hazard=3232 canary_err=0 q=0 qovr=0
[I2C] init=0 gate=0 whoami=0x140e0 wr=0 wrseen=0x27 addr=0x5a ok=3477 err=0 tmo=0 recov=0 pclk1=200000000 sysclk=400000000
[CLK] cpu=800000000 sysb=400000000 pclk1=200000000
[DRV] init=0 id=7 mode=0x1 lib=0x2 seq=0x1 odc=0x8b sts=0xe0 armed=1
[TRG] pulses=245 suppressed=2988 cyc=1600 rst=1 rstmode=0x40
[HLT] polls=515 faults=0x0 cfglost=0
[EFF] n=5 last=58539 min=58539 max=58760 late=0 stuck=0
[DWT] ok=1 cyc=3487283078 cyc_per_ms=800001
[HB] up_ms=542425 frames=25802 inf=25802 hazard=3240 canary_err=0 q=0 qovr=0
[I2C] init=0 gate=0 whoami=0x140e0 wr=0 wrseen=0x27 addr=0x5a ok=3479 err=0 tmo=0 recov=0 pclk1=200000000 sysclk=400000000
[CLK] cpu=800000000 sysb=400000000 pclk1=200000000
[DRV] init=0 id=7 mode=0x1 lib=0x2 seq=0x1 odc=0x8b sts=0xe0 armed=1
[TRG] pulses=245 suppressed=2995 cyc=1600 rst=1 rstmode=0x40
[HLT] polls=516 faults=0x0 cfglost=0
[EFF] n=5 last=58539 min=58539 max=58760 late=0 stuck=0
[DWT] ok=1 cyc=29913918 cyc_per_ms=799998
[HB] up_ms=543472 frames=25852 inf=25852 hazard=3240 canary_err=0 q=0 qovr=0
[I2C] init=0 gate=0 whoami=0x140e0 wr=0 wrseen=0x27 addr=0x5a ok=3481 err=0 tmo=0 recov=0 pclk1=200000000 sysclk=400000000
[CLK] cpu=800000000 sysb=400000000 pclk1=200000000
[DRV] init=0 id=7 mode=0x1 lib=0x2 seq=0x1 odc=0x8b sts=0xe0 armed=1
[TRG] pulses=245 suppressed=2995 cyc=1600 rst=1 rstmode=0x40
[HLT] polls=517 faults=0x0 cfglost=0
[EFF] n=5 last=58539 min=58539 max=58760 late=0 stuck=0
[DWT] ok=1 cyc=867513870 cyc_per_ms=799999
[HB] up_ms=544519 frames=25901 inf=25901 hazard=3240 canary_err=0 q=0 qovr=0
[I2C] init=0 gate=0 whoami=0x140e0 wr=0 wrseen=0x27 addr=0x5a ok=3483 err=0 tmo=0 recov=0 pclk1=200000000 sysclk=400000000
[CLK] cpu=800000000 sysb=400000000 pclk1=200000000
[DRV] init=0 id=7 mode=0x1 lib=0x2 seq=0x1 odc=0x8b sts=0xe0 armed=1
[TRG] pulses=245 suppressed=2995 cyc=1600 rst=1 rstmode=0x40
[HLT] polls=518 faults=0x0 cfglost=0
[EFF] n=5 last=58539 min=58539 max=58760 late=0 stuck=0
[DWT] ok=1 cyc=1705113962 cyc_per_ms=800000
[HB] up_ms=545566 frames=25951 inf=25951 hazard=3240 canary_err=0 q=0 qovr=0
[I2C] init=0 gate=0 whoami=0x140e0 wr=0 wrseen=0x27 addr=0x5a ok=3485 err=0 tmo=0 recov=0 pclk1=200000000 sysclk=400000000
[CLK] cpu=800000000 sysb=400000000 pclk1=200000000
[DRV] init=0 id=7 mode=0x1 lib=0x2 seq=0x1 odc=0x8b sts=0xe0 armed=1
[TRG] pulses=245 suppressed=2995 cyc=1600 rst=1 rstmode=0x40
[HLT] polls=519 faults=0x0 cfglost=0
[EFF] n=5 last=58539 min=58539 max=58760 late=0 stuck=0
[DWT] ok=1 cyc=2542713970 cyc_per_ms=800000
[HB] up_ms=546613 frames=26001 inf=26001 hazard=3240 canary_err=0 q=0 qovr=0
[I2C] init=0 gate=0 whoami=0x140e0 wr=0 wrseen=0x27 addr=0x5a ok=3487 err=0 tmo=0 recov=0 pclk1=200000000 sysclk=400000000
[CLK] cpu=800000000 sysb=400000000 pclk1=200000000
[DRV] init=0 id=7 mode=0x1 lib=0x2 seq=0x1 odc=0x8b sts=0xe0 armed=1
[TRG] pulses=245 suppressed=2995 cyc=1600 rst=1 rstmode=0x40
[HLT] polls=520 faults=0x0 cfglost=0
[EFF] n=5 last=58539 min=58539 max=58760 late=0 stuck=0
[DWT] ok=1 cyc=3380313918 cyc_per_ms=799999
[HB] up_ms=547660 frames=26051 inf=26051 hazard=3251 canary_err=0 q=0 qovr=0
[I2C] init=0 gate=0 whoami=0x140e0 wr=0 wrseen=0x27 addr=0x5a ok=3489 err=0 tmo=0 recov=0 pclk1=200000000 sysclk=400000000
[CLK] cpu=800000000 sysb=400000000 pclk1=200000000
[DRV] init=0 id=7 mode=0x1 lib=0x2 seq=0x1 odc=0x8b sts=0xe0 armed=1
[TRG] pulses=246 suppressed=3006 cyc=1600 rst=1 rstmode=0x40
[HLT] polls=521 faults=0x0 cfglost=0
[EFF] n=5 last=58539 min=58539 max=58760 late=0 stuck=0
[DWT] ok=1 cyc=4217915754 cyc_per_ms=800001
[HB] up_ms=548707 frames=26101 inf=26101 hazard=3280 canary_err=0 q=0 qovr=0
[I2C] init=0 gate=0 whoami=0x140e0 wr=0 wrseen=0x27 addr=0x5a ok=3491 err=0 tmo=0 recov=0 pclk1=200000000 sysclk=400000000
[CLK] cpu=800000000 sysb=400000000 pclk1=200000000
[DRV] init=0 id=7 mode=0x1 lib=0x2 seq=0x1 odc=0x8b sts=0xe0 armed=1
[TRG] pulses=248 suppressed=3032 cyc=1600 rst=1 rstmode=0x40
[HLT] polls=522 faults=0x0 cfglost=0
[EFF] n=5 last=58539 min=58539 max=58760 late=0 stuck=0
[DWT] ok=1 cyc=760546582 cyc_per_ms=799998
[HB] up_ms=549754 frames=26151 inf=26151 hazard=3280 canary_err=0 q=0 qovr=0
[I2C] init=0 gate=0 whoami=0x140e0 wr=0 wrseen=0x27 addr=0x5a ok=3493 err=0 tmo=0 recov=0 pclk1=200000000 sysclk=400000000
[CLK] cpu=800000000 sysb=400000000 pclk1=200000000
[DRV] init=0 id=7 mode=0x1 lib=0x2 seq=0x1 odc=0x8b sts=0xe0 armed=1
[TRG] pulses=248 suppressed=3032 cyc=1600 rst=1 rstmode=0x40
[HLT] polls=523 faults=0x0 cfglost=0
[EFF] n=5 last=58539 min=58539 max=58760 late=0 stuck=0
[DWT] ok=1 cyc=1598146654 cyc_per_ms=800000
[HB] up_ms=550801 frames=26201 inf=26201 hazard=3280 canary_err=0 q=0 qovr=0
[I2C] init=0 gate=0 whoami=0x140e0 wr=0 wrseen=0x27 addr=0x5a ok=3495 err=0 tmo=0 recov=0 pclk1=200000000 sysclk=400000000
[CLK] cpu=800000000 sysb=400000000 pclk1=200000000
[DRV] init=0 id=7 mode=0x1 lib=0x2 seq=0x1 odc=0x8b sts=0xe0 armed=1
[TRG] pulses=248 suppressed=3032 cyc=1600 rst=1 rstmode=0x40
[HLT] polls=524 faults=0x0 cfglost=0
[EFF] n=5 last=58539 min=58539 max=58760 late=0 stuck=0
[DWT] ok=1 cyc=2435746610 cyc_per_ms=799999
[HB] up_ms=551848 frames=26250 inf=26250 hazard=3280 canary_err=0 q=0 qovr=0
[I2C] init=0 gate=0 whoami=0x140e0 wr=0 wrseen=0x27 addr=0x5a ok=3497 err=0 tmo=0 recov=0 pclk1=200000000 sysclk=400000000
[CLK] cpu=800000000 sysb=400000000 pclk1=200000000
[DRV] init=0 id=7 mode=0x1 lib=0x2 seq=0x1 odc=0x8b sts=0xe0 armed=1
[TRG] pulses=248 suppressed=3032 cyc=1600 rst=1 rstmode=0x40
[HLT] polls=525 faults=0x0 cfglost=0
[EFF] n=5 last=58539 min=58539 max=58760 late=0 stuck=0
[DWT] ok=1 cyc=3273346618 cyc_per_ms=800000
[HB] up_ms=552895 frames=26300 inf=26300 hazard=3280 canary_err=0 q=0 qovr=0
[I2C] init=0 gate=0 whoami=0x140e0 wr=0 wrseen=0x27 addr=0x5a ok=3499 err=0 tmo=0 recov=0 pclk1=200000000 sysclk=400000000
[CLK] cpu=800000000 sysb=400000000 pclk1=200000000
[DRV] init=0 id=7 mode=0x1 lib=0x2 seq=0x1 odc=0x8b sts=0xe0 armed=1
[TRG] pulses=248 suppressed=3032 cyc=1600 rst=1 rstmode=0x40
[HLT] polls=526 faults=0x0 cfglost=0
[EFF] n=5 last=58539 min=58539 max=58760 late=0 stuck=0
[DWT] ok=1 cyc=4110946614 cyc_per_ms=799999
[HB] up_ms=553942 frames=26350 inf=26350 hazard=3280 canary_err=0 q=0 qovr=0
[I2C] init=0 gate=0 whoami=0x140e0 wr=0 wrseen=0x27 addr=0x5a ok=3501 err=0 tmo=0 recov=0 pclk1=200000000 sysclk=400000000
[CLK] cpu=800000000 sysb=400000000 pclk1=200000000
[DRV] init=0 id=7 mode=0x1 lib=0x2 seq=0x1 odc=0x8b sts=0xe0 armed=1
[TRG] pulses=248 suppressed=3032 cyc=1600 rst=1 rstmode=0x40
[HLT] polls=527 faults=0x0 cfglost=0
[EFF] n=5 last=58539 min=58539 max=58760 late=0 stuck=0
[DWT] ok=1 cyc=653579290 cyc_per_ms=799999
[HB] up_ms=554989 frames=26400 inf=26400 hazard=3320 canary_err=0 q=0 qovr=0
[I2C] init=0 gate=0 whoami=0x140e0 wr=0 wrseen=0x27 addr=0x5a ok=3503 err=0 tmo=0 recov=0 pclk1=200000000 sysclk=400000000
[CLK] cpu=800000000 sysb=400000000 pclk1=200000000
[DRV] init=0 id=7 mode=0x1 lib=0x2 seq=0x1 odc=0x8b sts=0xe0 armed=1
[TRG] pulses=251 suppressed=3069 cyc=1600 rst=1 rstmode=0x40
[HLT] polls=528 faults=0x0 cfglost=0
[EFF] n=5 last=58539 min=58539 max=58760 late=0 stuck=0
[DWT] ok=1 cyc=1491179350 cyc_per_ms=800000
[HB] up_ms=556036 frames=26450 inf=26450 hazard=3320 canary_err=0 q=0 qovr=0
[I2C] init=0 gate=0 whoami=0x140e0 wr=0 wrseen=0x27 addr=0x5a ok=3505 err=0 tmo=0 recov=0 pclk1=200000000 sysclk=400000000
[CLK] cpu=800000000 sysb=400000000 pclk1=200000000
[DRV] init=0 id=7 mode=0x1 lib=0x2 seq=0x1 odc=0x8b sts=0xe0 armed=1
[TRG] pulses=251 suppressed=3069 cyc=1600 rst=1 rstmode=0x40
[HLT] polls=529 faults=0x0 cfglost=0
[EFF] n=5 last=58539 min=58539 max=58760 late=0 stuck=0
[DWT] ok=1 cyc=2328779318 cyc_per_ms=799999
[HB] up_ms=557083 frames=26500 inf=26500 hazard=3320 canary_err=0 q=0 qovr=0
[I2C] init=0 gate=0 whoami=0x140e0 wr=0 wrseen=0x27 addr=0x5a ok=3507 err=0 tmo=0 recov=0 pclk1=200000000 sysclk=400000000
[CLK] cpu=800000000 sysb=400000000 pclk1=200000000
[DRV] init=0 id=7 mode=0x1 lib=0x2 seq=0x1 odc=0x8b sts=0xe0 armed=1
[TRG] pulses=251 suppressed=3069 cyc=1600 rst=1 rstmode=0x40
[HLT] polls=530 faults=0x0 cfglost=0
[EFF] n=5 last=58539 min=58539 max=58760 late=0 stuck=0
[DWT] ok=1 cyc=3166379286 cyc_per_ms=799999
[HB] up_ms=558130 frames=26550 inf=26550 hazard=3320 canary_err=0 q=0 qovr=0
[I2C] init=0 gate=0 whoami=0x140e0 wr=0 wrseen=0x27 addr=0x5a ok=3509 err=0 tmo=0 recov=0 pclk1=200000000 sysclk=400000000
[CLK] cpu=800000000 sysb=400000000 pclk1=200000000
[DRV] init=0 id=7 mode=0x1 lib=0x2 seq=0x1 odc=0x8b sts=0xe0 armed=1
[TRG] pulses=251 suppressed=3069 cyc=1600 rst=1 rstmode=0x40
[HLT] polls=531 faults=0x0 cfglost=0
[EFF] n=5 last=58539 min=58539 max=58760 late=0 stuck=0
[DWT] ok=1 cyc=4003979346 cyc_per_ms=800000
[HB] up_ms=559177 frames=26599 inf=26599 hazard=3320 canary_err=0 q=0 qovr=0
[I2C] init=0 gate=0 whoami=0x140e0 wr=0 wrseen=0x27 addr=0x5a ok=3511 err=0 tmo=0 recov=0 pclk1=200000000 sysclk=400000000
[CLK] cpu=800000000 sysb=400000000 pclk1=200000000
[DRV] init=0 id=7 mode=0x1 lib=0x2 seq=0x1 odc=0x8b sts=0xe0 armed=1
[TRG] pulses=251 suppressed=3069 cyc=1600 rst=1 rstmode=0x40
[HLT] polls=532 faults=0x0 cfglost=0
[EFF] n=5 last=58539 min=58539 max=58760 late=0 stuck=0
[DWT] ok=1 cyc=546644446 cyc_per_ms=800030
[HB] up_ms=560224 frames=26649 inf=26649 hazard=3320 canary_err=0 q=0 qovr=0
[I2C] init=0 gate=0 whoami=0x140e0 wr=0 wrseen=0x27 addr=0x5a ok=3513 err=0 tmo=0 recov=0 pclk1=200000000 sysclk=400000000
[CLK] cpu=800000000 sysb=400000000 pclk1=200000000
[DRV] init=0 id=7 mode=0x1 lib=0x2 seq=0x1 odc=0x8b sts=0xe0 armed=1
[TRG] pulses=251 suppressed=3069 cyc=1600 rst=1 rstmode=0x40
[HLT] polls=533 faults=0x0 cfglost=0
[EFF] n=5 last=58539 min=58539 max=58760 late=0 stuck=0
[DWT] ok=1 cyc=1384244394 cyc_per_ms=799999
[HB] up_ms=561271 frames=26699 inf=26699 hazard=3339 canary_err=0 q=0 qovr=0
[I2C] init=0 gate=0 whoami=0x140e0 wr=0 wrseen=0x27 addr=0x5a ok=3513 err=0 tmo=0 recov=0 pclk1=200000000 sysclk=400000000
[CLK] cpu=800000000 sysb=400000000 pclk1=200000000
[DRV] init=0 id=7 mode=0x1 lib=0x2 seq=0x1 odc=0x8b sts=0xe0 armed=1
[TRG] pulses=253 suppressed=3087 cyc=1600 rst=1 rstmode=0x40
[HLT] polls=534 faults=0x0 cfglost=0
[EFF] n=5 last=58539 min=58539 max=58760 late=0 stuck=0
[DWT] ok=1 cyc=2221846302 cyc_per_ms=800001
[HB] up_ms=562318 frames=26749 inf=26749 hazard=3360 canary_err=0 q=0 qovr=0
[I2C] init=0 gate=0 whoami=0x140e0 wr=0 wrseen=0x27 addr=0x5a ok=3515 err=0 tmo=0 recov=0 pclk1=200000000 sysclk=400000000
[CLK] cpu=800000000 sysb=400000000 pclk1=200000000
[DRV] init=0 id=7 mode=0x1 lib=0x2 seq=0x1 odc=0x8b sts=0xe0 armed=1
[TRG] pulses=254 suppressed=3106 cyc=1600 rst=1 rstmode=0x40
[HLT] polls=535 faults=0x0 cfglost=0
[EFF] n=5 last=58539 min=58539 max=58760 late=0 stuck=0
[DWT] ok=1 cyc=3059444458 cyc_per_ms=799998
[HB] up_ms=563365 frames=26799 inf=26799 hazard=3360 canary_err=0 q=0 qovr=0
[I2C] init=0 gate=0 whoami=0x140e0 wr=0 wrseen=0x27 addr=0x5a ok=3517 err=0 tmo=0 recov=0 pclk1=200000000 sysclk=400000000
[CLK] cpu=800000000 sysb=400000000 pclk1=200000000
[DRV] init=0 id=7 mode=0x1 lib=0x2 seq=0x1 odc=0x8b sts=0xe0 armed=1
[TRG] pulses=254 suppressed=3106 cyc=1600 rst=1 rstmode=0x40
[HLT] polls=536 faults=0x0 cfglost=0
[EFF] n=5 last=58539 min=58539 max=58760 late=0 stuck=0
[DWT] ok=1 cyc=3897044378 cyc_per_ms=799999
[HB] up_ms=564412 frames=26849 inf=26849 hazard=3360 canary_err=0 q=0 qovr=0
[I2C] init=0 gate=0 whoami=0x140e0 wr=0 wrseen=0x27 addr=0x5a ok=3519 err=0 tmo=0 recov=0 pclk1=200000000 sysclk=400000000
[CLK] cpu=800000000 sysb=400000000 pclk1=200000000
[DRV] init=0 id=7 mode=0x1 lib=0x2 seq=0x1 odc=0x8b sts=0xe0 armed=1
[TRG] pulses=254 suppressed=3106 cyc=1600 rst=1 rstmode=0x40
[HLT] polls=537 faults=0x0 cfglost=0
[EFF] n=5 last=58539 min=58539 max=58760 late=0 stuck=0
[DWT] ok=1 cyc=439677098 cyc_per_ms=800000
[HB] up_ms=565459 frames=26899 inf=26899 hazard=3360 canary_err=0 q=0 qovr=0
[I2C] init=0 gate=0 whoami=0x140e0 wr=0 wrseen=0x27 addr=0x5a ok=3521 err=0 tmo=0 recov=0 pclk1=200000000 sysclk=400000000
[CLK] cpu=800000000 sysb=400000000 pclk1=200000000
[DRV] init=0 id=7 mode=0x1 lib=0x2 seq=0x1 odc=0x8b sts=0xe0 armed=1
[TRG] pulses=254 suppressed=3106 cyc=1600 rst=1 rstmode=0x40
[HLT] polls=538 faults=0x0 cfglost=0
[EFF] n=5 last=58539 min=58539 max=58760 late=0 stuck=0
[DWT] ok=1 cyc=1277277114 cyc_per_ms=800000
[HB] up_ms=566506 frames=26948 inf=26948 hazard=3360 canary_err=0 q=0 qovr=0
[I2C] init=0 gate=0 whoami=0x140e0 wr=0 wrseen=0x27 addr=0x5a ok=3523 err=0 tmo=0 recov=0 pclk1=200000000 sysclk=400000000
[CLK] cpu=800000000 sysb=400000000 pclk1=200000000
[DRV] init=0 id=7 mode=0x1 lib=0x2 seq=0x1 odc=0x8b sts=0xe0 armed=1
[TRG] pulses=254 suppressed=3106 cyc=1600 rst=1 rstmode=0x40
[HLT] polls=539 faults=0x0 cfglost=0
[EFF] n=5 last=58539 min=58539 max=58760 late=0 stuck=0
[DWT] ok=1 cyc=2114877158 cyc_per_ms=800000
[HB] up_ms=567553 frames=26998 inf=26998 hazard=3360 canary_err=0 q=0 qovr=0
[I2C] init=0 gate=0 whoami=0x140e0 wr=0 wrseen=0x27 addr=0x5a ok=3525 err=0 tmo=0 recov=0 pclk1=200000000 sysclk=400000000
[CLK] cpu=800000000 sysb=400000000 pclk1=200000000
[DRV] init=0 id=7 mode=0x1 lib=0x2 seq=0x1 odc=0x8b sts=0xe0 armed=1
[TRG] pulses=254 suppressed=3106 cyc=1600 rst=1 rstmode=0x40
[HLT] polls=540 faults=0x0 cfglost=0
[EFF] n=5 last=58539 min=58539 max=58760 late=0 stuck=0
[DWT] ok=1 cyc=2952477098 cyc_per_ms=799999
[HB] up_ms=568600 frames=27048 inf=27048 hazard=3400 canary_err=0 q=0 qovr=0
[I2C] init=0 gate=0 whoami=0x140e0 wr=0 wrseen=0x27 addr=0x5a ok=3527 err=0 tmo=0 recov=0 pclk1=200000000 sysclk=400000000
[CLK] cpu=800000000 sysb=400000000 pclk1=200000000
[DRV] init=0 id=7 mode=0x1 lib=0x2 seq=0x1 odc=0x8b sts=0xe0 armed=1
[TRG] pulses=257 suppressed=3143 cyc=1600 rst=1 rstmode=0x40
[HLT] polls=541 faults=0x0 cfglost=0
[EFF] n=5 last=58539 min=58539 max=58760 late=0 stuck=0
[DWT] ok=1 cyc=3790077106 cyc_per_ms=800000
[HB] up_ms=569647 frames=27098 inf=27098 hazard=3400 canary_err=0 q=0 qovr=0
[I2C] init=0 gate=0 whoami=0x140e0 wr=0 wrseen=0x27 addr=0x5a ok=3529 err=0 tmo=0 recov=0 pclk1=200000000 sysclk=400000000
[CLK] cpu=800000000 sysb=400000000 pclk1=200000000
[DRV] init=0 id=7 mode=0x1 lib=0x2 seq=0x1 odc=0x8b sts=0xe0 armed=1
[TRG] pulses=257 suppressed=3143 cyc=1600 rst=1 rstmode=0x40
[HLT] polls=542 faults=0x0 cfglost=0
[EFF] n=5 last=58539 min=58539 max=58760 late=0 stuck=0
[DWT] ok=1 cyc=332709822 cyc_per_ms=800000
[HB] up_ms=570694 frames=27148 inf=27148 hazard=3400 canary_err=0 q=0 qovr=0
[I2C] init=0 gate=0 whoami=0x140e0 wr=0 wrseen=0x27 addr=0x5a ok=3531 err=0 tmo=0 recov=0 pclk1=200000000 sysclk=400000000
[CLK] cpu=800000000 sysb=400000000 pclk1=200000000
[DRV] init=0 id=7 mode=0x1 lib=0x2 seq=0x1 odc=0x8b sts=0xe0 armed=1
[TRG] pulses=257 suppressed=3143 cyc=1600 rst=1 rstmode=0x40
[HLT] polls=542 faults=0x0 cfglost=0
[EFF] n=5 last=58539 min=58539 max=58760 late=0 stuck=0
[DWT] ok=1 cyc=1170309822 cyc_per_ms=800000
[HB] up_ms=571741 frames=27198 inf=27198 hazard=3400 canary_err=0 q=0 qovr=0
[I2C] init=0 gate=0 whoami=0x140e0 wr=0 wrseen=0x27 addr=0x5a ok=3533 err=0 tmo=0 recov=0 pclk1=200000000 sysclk=400000000
[CLK] cpu=800000000 sysb=400000000 pclk1=200000000
[DRV] init=0 id=7 mode=0x1 lib=0x2 seq=0x1 odc=0x8b sts=0xe0 armed=1
[TRG] pulses=257 suppressed=3143 cyc=1600 rst=1 rstmode=0x40
[HLT] polls=543 faults=0x0 cfglost=0
[EFF] n=5 last=58539 min=58539 max=58760 late=0 stuck=0
[DWT] ok=1 cyc=2007909838 cyc_per_ms=800000
[HB] up_ms=572788 frames=27248 inf=27248 hazard=3400 canary_err=0 q=0 qovr=0
[I2C] init=0 gate=0 whoami=0x140e0 wr=0 wrseen=0x27 addr=0x5a ok=3535 err=0 tmo=0 recov=0 pclk1=200000000 sysclk=400000000
[CLK] cpu=800000000 sysb=400000000 pclk1=200000000
[DRV] init=0 id=7 mode=0x1 lib=0x2 seq=0x1 odc=0x8b sts=0xe0 armed=1
[TRG] pulses=257 suppressed=3143 cyc=1600 rst=1 rstmode=0x40
[HLT] polls=544 faults=0x0 cfglost=0
[EFF] n=5 last=58539 min=58539 max=58760 late=0 stuck=0
[DWT] ok=1 cyc=2845509850 cyc_per_ms=800000
[HB] up_ms=573835 frames=27297 inf=27297 hazard=3400 canary_err=0 q=0 qovr=0
[I2C] init=0 gate=0 whoami=0x140e0 wr=0 wrseen=0x27 addr=0x5a ok=3537 err=0 tmo=0 recov=0 pclk1=200000000 sysclk=400000000
[CLK] cpu=800000000 sysb=400000000 pclk1=200000000
[DRV] init=0 id=7 mode=0x1 lib=0x2 seq=0x1 odc=0x8b sts=0xe0 armed=1
[TRG] pulses=257 suppressed=3143 cyc=1600 rst=1 rstmode=0x40
[HLT] polls=545 faults=0x0 cfglost=0
[EFF] n=5 last=58539 min=58539 max=58760 late=0 stuck=0
[DWT] ok=1 cyc=3683077418 cyc_per_ms=799969
[HB] up_ms=574882 frames=27347 inf=27347 hazard=3427 canary_err=0 q=0 qovr=0
[I2C] init=0 gate=0 whoami=0x140e0 wr=0 wrseen=0x27 addr=0x5a ok=3539 err=0 tmo=0 recov=0 pclk1=200000000 sysclk=400000000
[CLK] cpu=800000000 sysb=400000000 pclk1=200000000
[DRV] init=0 id=7 mode=0x1 lib=0x2 seq=0x1 odc=0x8b sts=0xe0 armed=1
[TRG] pulses=260 suppressed=3169 cyc=1600 rst=1 rstmode=0x40
[HLT] polls=546 faults=0x0 cfglost=0
[EFF] n=5 last=58539 min=58539 max=58760 late=0 stuck=0
[DWT] ok=1 cyc=225714422 cyc_per_ms=800004
[HB] up_ms=575929 frames=27397 inf=27397 hazard=3440 canary_err=0 q=0 qovr=0
[I2C] init=0 gate=0 whoami=0x140e0 wr=0 wrseen=0x27 addr=0x5a ok=3541 err=0 tmo=0 recov=0 pclk1=200000000 sysclk=400000000
[CLK] cpu=800000000 sysb=400000000 pclk1=200000000
[DRV] init=0 id=7 mode=0x1 lib=0x2 seq=0x1 odc=0x8b sts=0xe0 armed=1
[TRG] pulses=260 suppressed=3180 cyc=1600 rst=1 rstmode=0x40
[HLT] polls=547 faults=0x0 cfglost=0
[EFF] n=5 last=58539 min=58539 max=58760 late=0 stuck=0
[DWT] ok=1 cyc=1063310134 cyc_per_ms=799995
[HB] up_ms=576976 frames=27447 inf=27447 hazard=3440 canary_err=0 q=0 qovr=0
[I2C] init=0 gate=0 whoami=0x140e0 wr=0 wrseen=0x27 addr=0x5a ok=3543 err=0 tmo=0 recov=0 pclk1=200000000 sysclk=400000000
[CLK] cpu=800000000 sysb=400000000 pclk1=200000000
[DRV] init=0 id=7 mode=0x1 lib=0x2 seq=0x1 odc=0x8b sts=0xe0 armed=1
[TRG] pulses=260 suppressed=3180 cyc=1600 rst=1 rstmode=0x40
[HLT] polls=548 faults=0x0 cfglost=0
[EFF] n=5 last=58539 min=58539 max=58760 late=0 stuck=0
[DWT] ok=1 cyc=1900910102 cyc_per_ms=799999
[HB] up_ms=578023 frames=27497 inf=27497 hazard=3440 canary_err=0 q=0 qovr=0
[I2C] init=0 gate=0 whoami=0x140e0 wr=0 wrseen=0x27 addr=0x5a ok=3545 err=0 tmo=0 recov=0 pclk1=200000000 sysclk=400000000
[CLK] cpu=800000000 sysb=400000000 pclk1=200000000
[DRV] init=0 id=7 mode=0x1 lib=0x2 seq=0x1 odc=0x8b sts=0xe0 armed=1
[TRG] pulses=260 suppressed=3180 cyc=1600 rst=1 rstmode=0x40
[HLT] polls=549 faults=0x0 cfglost=0
[EFF] n=5 last=58539 min=58539 max=58760 late=0 stuck=0
[DWT] ok=1 cyc=2738510178 cyc_per_ms=800000
[HB] up_ms=579070 frames=27547 inf=27547 hazard=3440 canary_err=0 q=0 qovr=0
[I2C] init=0 gate=0 whoami=0x140e0 wr=0 wrseen=0x27 addr=0x5a ok=3547 err=0 tmo=0 recov=0 pclk1=200000000 sysclk=400000000
[CLK] cpu=800000000 sysb=400000000 pclk1=200000000
[DRV] init=0 id=7 mode=0x1 lib=0x2 seq=0x1 odc=0x8b sts=0xe0 armed=1
[TRG] pulses=260 suppressed=3180 cyc=1600 rst=1 rstmode=0x40
[HLT] polls=550 faults=0x0 cfglost=0
[EFF] n=5 last=58539 min=58539 max=58760 late=0 stuck=0
[DWT] ok=1 cyc=3576110162 cyc_per_ms=799999
[HB] up_ms=580117 frames=27597 inf=27597 hazard=3440 canary_err=0 q=0 qovr=0
[I2C] init=0 gate=0 whoami=0x140e0 wr=0 wrseen=0x27 addr=0x5a ok=3549 err=0 tmo=0 recov=0 pclk1=200000000 sysclk=400000000
[CLK] cpu=800000000 sysb=400000000 pclk1=200000000
[DRV] init=0 id=7 mode=0x1 lib=0x2 seq=0x1 odc=0x8b sts=0xe0 armed=1
[TRG] pulses=260 suppressed=3180 cyc=1600 rst=1 rstmode=0x40
[HLT] polls=551 faults=0x0 cfglost=0
[EFF] n=5 last=58539 min=58539 max=58760 late=0 stuck=0
[DWT] ok=1 cyc=118742846 cyc_per_ms=799999
[HB] up_ms=581164 frames=27646 inf=27646 hazard=3446 canary_err=0 q=0 qovr=0
[I2C] init=0 gate=0 whoami=0x140e0 wr=0 wrseen=0x27 addr=0x5a ok=3551 err=0 tmo=0 recov=0 pclk1=200000000 sysclk=400000000
[CLK] cpu=800000000 sysb=400000000 pclk1=200000000
[DRV] init=0 id=7 mode=0x1 lib=0x2 seq=0x1 odc=0x8b sts=0xe0 armed=1
[TRG] pulses=261 suppressed=3187 cyc=1600 rst=1 rstmode=0x40
[HLT] polls=552 faults=0x0 cfglost=0
[EFF] n=5 last=58539 min=58539 max=58760 late=0 stuck=0
[DWT] ok=1 cyc=956344650 cyc_per_ms=800001
[HB] up_ms=582211 frames=27696 inf=27696 hazard=3480 canary_err=0 q=0 qovr=0
[I2C] init=0 gate=0 whoami=0x140e0 wr=0 wrseen=0x27 addr=0x5a ok=3553 err=0 tmo=0 recov=0 pclk1=200000000 sysclk=400000000
[CLK] cpu=800000000 sysb=400000000 pclk1=200000000
[DRV] init=0 id=7 mode=0x1 lib=0x2 seq=0x1 odc=0x8b sts=0xe0 armed=1
[TRG] pulses=263 suppressed=3217 cyc=1600 rst=1 rstmode=0x40
[HLT] polls=553 faults=0x0 cfglost=0
[EFF] n=5 last=58539 min=58539 max=58760 late=0 stuck=0
[DWT] ok=1 cyc=1793942798 cyc_per_ms=799998
[HB] up_ms=583258 frames=27746 inf=27746 hazard=3480 canary_err=0 q=0 qovr=0
[I2C] init=0 gate=0 whoami=0x140e0 wr=0 wrseen=0x27 addr=0x5a ok=3555 err=0 tmo=0 recov=0 pclk1=200000000 sysclk=400000000
[CLK] cpu=800000000 sysb=400000000 pclk1=200000000
[DRV] init=0 id=7 mode=0x1 lib=0x2 seq=0x1 odc=0x8b sts=0xe0 armed=1
[TRG] pulses=263 suppressed=3217 cyc=1600 rst=1 rstmode=0x40
[HLT] polls=554 faults=0x0 cfglost=0
[EFF] n=5 last=58539 min=58539 max=58760 late=0 stuck=0
[DWT] ok=1 cyc=2631542882 cyc_per_ms=800000
[HB] up_ms=584305 frames=27796 inf=27796 hazard=3480 canary_err=0 q=0 qovr=0
[I2C] init=0 gate=0 whoami=0x140e0 wr=0 wrseen=0x27 addr=0x5a ok=3557 err=0 tmo=0 recov=0 pclk1=200000000 sysclk=400000000
[CLK] cpu=800000000 sysb=400000000 pclk1=200000000
[DRV] init=0 id=7 mode=0x1 lib=0x2 seq=0x1 odc=0x8b sts=0xe0 armed=1
[TRG] pulses=263 suppressed=3217 cyc=1600 rst=1 rstmode=0x40
[HLT] polls=555 faults=0x0 cfglost=0
[EFF] n=5 last=58539 min=58539 max=58760 late=0 stuck=0
[DWT] ok=1 cyc=3469142858 cyc_per_ms=799999
[HB] up_ms=585352 frames=27846 inf=27846 hazard=3480 canary_err=0 q=0 qovr=0
[I2C] init=0 gate=0 whoami=0x140e0 wr=0 wrseen=0x27 addr=0x5a ok=3559 err=0 tmo=0 recov=0 pclk1=200000000 sysclk=400000000
[CLK] cpu=800000000 sysb=400000000 pclk1=200000000
[DRV] init=0 id=7 mode=0x1 lib=0x2 seq=0x1 odc=0x8b sts=0xe0 armed=1
[TRG] pulses=263 suppressed=3217 cyc=1600 rst=1 rstmode=0x40
[HLT] polls=556 faults=0x0 cfglost=0
[EFF] n=5 last=58539 min=58539 max=58760 late=0 stuck=0
[DWT] ok=1 cyc=11775550 cyc_per_ms=799999
[HB] up_ms=586399 frames=27896 inf=27896 hazard=3480 canary_err=0 q=0 qovr=0
[I2C] init=0 gate=0 whoami=0x140e0 wr=0 wrseen=0x27 addr=0x5a ok=3561 err=0 tmo=0 recov=0 pclk1=200000000 sysclk=400000000
[CLK] cpu=800000000 sysb=400000000 pclk1=200000000
[DRV] init=0 id=7 mode=0x1 lib=0x2 seq=0x1 odc=0x8b sts=0xe0 armed=1
[TRG] pulses=263 suppressed=3217 cyc=1600 rst=1 rstmode=0x40
[HLT] polls=557 faults=0x0 cfglost=0
[EFF] n=5 last=58539 min=58539 max=58760 late=0 stuck=0
[DWT] ok=1 cyc=849375522 cyc_per_ms=799999
[HB] up_ms=587446 frames=27946 inf=27946 hazard=3480 canary_err=0 q=0 qovr=0
[I2C] init=0 gate=0 whoami=0x140e0 wr=0 wrseen=0x27 addr=0x5a ok=3563 err=0 tmo=0 recov=0 pclk1=200000000 sysclk=400000000
[CLK] cpu=800000000 sysb=400000000 pclk1=200000000
[DRV] init=0 id=7 mode=0x1 lib=0x2 seq=0x1 odc=0x8b sts=0xe0 armed=1
[TRG] pulses=263 suppressed=3217 cyc=1600 rst=1 rstmode=0x40
[HLT] polls=558 faults=0x0 cfglost=0
[EFF] n=5 last=58539 min=58539 max=58760 late=0 stuck=0
[DWT] ok=1 cyc=1686975502 cyc_per_ms=799999
[HB] up_ms=588493 frames=27995 inf=27995 hazard=3515 canary_err=0 q=0 qovr=0
[I2C] init=0 gate=0 whoami=0x140e0 wr=0 wrseen=0x27 addr=0x5a ok=3565 err=0 tmo=0 recov=0 pclk1=200000000 sysclk=400000000
[CLK] cpu=800000000 sysb=400000000 pclk1=200000000
[DRV] init=0 id=7 mode=0x1 lib=0x2 seq=0x1 odc=0x8b sts=0xe0 armed=1
[TRG] pulses=266 suppressed=3251 cyc=1600 rst=1 rstmode=0x40
[HLT] polls=559 faults=0x0 cfglost=0
[EFF] n=5 last=58539 min=58539 max=58760 late=0 stuck=0
[DWT] ok=1 cyc=2524577386 cyc_per_ms=800001
[HB] up_ms=589540 frames=28045 inf=28045 hazard=3520 canary_err=0 q=0 qovr=0
[I2C] init=0 gate=0 whoami=0x140e0 wr=0 wrseen=0x27 addr=0x5a ok=3567 err=0 tmo=0 recov=0 pclk1=200000000 sysclk=400000000
[CLK] cpu=800000000 sysb=400000000 pclk1=200000000
[DRV] init=0 id=7 mode=0x1 lib=0x2 seq=0x1 odc=0x8b sts=0xe0 armed=1
[TRG] pulses=266 suppressed=3254 cyc=1600 rst=1 rstmode=0x40
[HLT] polls=560 faults=0x0 cfglost=0
[EFF] n=5 last=58539 min=58539 max=58760 late=0 stuck=0
[DWT] ok=1 cyc=3362175546 cyc_per_ms=799998
[HB] up_ms=590587 frames=28095 inf=28095 hazard=3520 canary_err=0 q=0 qovr=0
[I2C] init=0 gate=0 whoami=0x140e0 wr=0 wrseen=0x27 addr=0x5a ok=3569 err=0 tmo=0 recov=0 pclk1=200000000 sysclk=400000000
[CLK] cpu=800000000 sysb=400000000 pclk1=200000000
[DRV] init=0 id=7 mode=0x1 lib=0x2 seq=0x1 odc=0x8b sts=0xe0 armed=1
[TRG] pulses=266 suppressed=3254 cyc=1600 rst=1 rstmode=0x40
[HLT] polls=561 faults=0x0 cfglost=0
[EFF] n=5 last=58539 min=58539 max=58760 late=0 stuck=0
[DWT] ok=1 cyc=4199775526 cyc_per_ms=799999
[HB] up_ms=591634 frames=28145 inf=28145 hazard=3520 canary_err=0 q=0 qovr=0
[I2C] init=0 gate=0 whoami=0x140e0 wr=0 wrseen=0x27 addr=0x5a ok=3571 err=0 tmo=0 recov=0 pclk1=200000000 sysclk=400000000
[CLK] cpu=800000000 sysb=400000000 pclk1=200000000
[DRV] init=0 id=7 mode=0x1 lib=0x2 seq=0x1 odc=0x8b sts=0xe0 armed=1
[TRG] pulses=266 suppressed=3254 cyc=1600 rst=1 rstmode=0x40
[HLT] polls=562 faults=0x0 cfglost=0
[EFF] n=5 last=58539 min=58539 max=58760 late=0 stuck=0
[DWT] ok=1 cyc=742408206 cyc_per_ms=799999
[HB] up_ms=592681 frames=28195 inf=28195 hazard=3520 canary_err=0 q=0 qovr=0
[I2C] init=0 gate=0 whoami=0x140e0 wr=0 wrseen=0x27 addr=0x5a ok=3573 err=0 tmo=0 recov=0 pclk1=200000000 sysclk=400000000
[CLK] cpu=800000000 sysb=400000000 pclk1=200000000
[DRV] init=0 id=7 mode=0x1 lib=0x2 seq=0x1 odc=0x8b sts=0xe0 armed=1
[TRG] pulses=266 suppressed=3254 cyc=1600 rst=1 rstmode=0x40
[HLT] polls=563 faults=0x0 cfglost=0
[EFF] n=5 last=58539 min=58539 max=58760 late=0 stuck=0
[DWT] ok=1 cyc=1580008282 cyc_per_ms=800000
[HB] up_ms=593728 frames=28245 inf=28245 hazard=3520 canary_err=0 q=0 qovr=0
[I2C] init=0 gate=0 whoami=0x140e0 wr=0 wrseen=0x27 addr=0x5a ok=3575 err=0 tmo=0 recov=0 pclk1=200000000 sysclk=400000000
[CLK] cpu=800000000 sysb=400000000 pclk1=200000000
[DRV] init=0 id=7 mode=0x1 lib=0x2 seq=0x1 odc=0x8b sts=0xe0 armed=1
[TRG] pulses=266 suppressed=3254 cyc=1600 rst=1 rstmode=0x40
[HLT] polls=564 faults=0x0 cfglost=0
[EFF] n=5 last=58539 min=58539 max=58760 late=0 stuck=0
[DWT] ok=1 cyc=2417608254 cyc_per_ms=799999
[HB] up_ms=594775 frames=28295 inf=28295 hazard=3535 canary_err=0 q=0 qovr=0
[I2C] init=0 gate=0 whoami=0x140e0 wr=0 wrseen=0x27 addr=0x5a ok=3577 err=0 tmo=0 recov=0 pclk1=200000000 sysclk=400000000
[CLK] cpu=800000000 sysb=400000000 pclk1=200000000
[DRV] init=0 id=7 mode=0x1 lib=0x2 seq=0x1 odc=0x8b sts=0xe0 armed=1
[TRG] pulses=268 suppressed=3268 cyc=1600 rst=1 rstmode=0x40
[HLT] polls=565 faults=0x0 cfglost=0
[EFF] n=5 last=58539 min=58539 max=58760 late=0 stuck=0
[DWT] ok=1 cyc=3255210094 cyc_per_ms=800001
[HB] up_ms=595822 frames=28344 inf=28344 hazard=3560 canary_err=0 q=0 qovr=0
[I2C] init=0 gate=0 whoami=0x140e0 wr=0 wrseen=0x27 addr=0x5a ok=3579 err=0 tmo=0 recov=0 pclk1=200000000 sysclk=400000000
[CLK] cpu=800000000 sysb=400000000 pclk1=200000000
[DRV] init=0 id=7 mode=0x1 lib=0x2 seq=0x1 odc=0x8b sts=0xe0 armed=1
[TRG] pulses=269 suppressed=3291 cyc=1600 rst=1 rstmode=0x40
[HLT] polls=566 faults=0x0 cfglost=0
[EFF] n=5 last=58539 min=58539 max=58760 late=0 stuck=0
[DWT] ok=1 cyc=4092808262 cyc_per_ms=799998
[HB] up_ms=596869 frames=28394 inf=28394 hazard=3560 canary_err=0 q=0 qovr=0
[I2C] init=0 gate=0 whoami=0x140e0 wr=0 wrseen=0x27 addr=0x5a ok=3581 err=0 tmo=0 recov=0 pclk1=200000000 sysclk=400000000
[CLK] cpu=800000000 sysb=400000000 pclk1=200000000
[DRV] init=0 id=7 mode=0x1 lib=0x2 seq=0x1 odc=0x8b sts=0xe0 armed=1
[TRG] pulses=269 suppressed=3291 cyc=1600 rst=1 rstmode=0x40
[HLT] polls=567 faults=0x0 cfglost=0
[EFF] n=5 last=58539 min=58539 max=58760 late=0 stuck=0
[DWT] ok=1 cyc=635440986 cyc_per_ms=800000
[HB] up_ms=597916 frames=28444 inf=28444 hazard=3560 canary_err=0 q=0 qovr=0
[I2C] init=0 gate=0 whoami=0x140e0 wr=0 wrseen=0x27 addr=0x5a ok=3583 err=0 tmo=0 recov=0 pclk1=200000000 sysclk=400000000
[CLK] cpu=800000000 sysb=400000000 pclk1=200000000
[DRV] init=0 id=7 mode=0x1 lib=0x2 seq=0x1 odc=0x8b sts=0xe0 armed=1
[TRG] pulses=269 suppressed=3291 cyc=1600 rst=1 rstmode=0x40
[HLT] polls=568 faults=0x0 cfglost=0
[EFF] n=5 last=58539 min=58539 max=58760 late=0 stuck=0
[DWT] ok=1 cyc=1473040958 cyc_per_ms=799999
[HB] up_ms=598963 frames=28494 inf=28494 hazard=3560 canary_err=0 q=0 qovr=0
[I2C] init=0 gate=0 whoami=0x140e0 wr=0 wrseen=0x27 addr=0x5a ok=3585 err=0 tmo=0 recov=0 pclk1=200000000 sysclk=400000000
[CLK] cpu=800000000 sysb=400000000 pclk1=200000000
[DRV] init=0 id=7 mode=0x1 lib=0x2 seq=0x1 odc=0x8b sts=0xe0 armed=1
[TRG] pulses=269 suppressed=3291 cyc=1600 rst=1 rstmode=0x40
[HLT] polls=569 faults=0x0 cfglost=0
[EFF] n=5 last=58539 min=58539 max=58760 late=0 stuck=0
[DWT] ok=1 cyc=2310640934 cyc_per_ms=799999
[HB] up_ms=600010 frames=28544 inf=28544 hazard=3560 canary_err=0 q=0 qovr=0
[I2C] init=0 gate=0 whoami=0x140e0 wr=0 wrseen=0x27 addr=0x5a ok=3587 err=0 tmo=0 recov=0 pclk1=200000000 sysclk=400000000
[CLK] cpu=800000000 sysb=400000000 pclk1=200000000
[DRV] init=0 id=7 mode=0x1 lib=0x2 seq=0x1 odc=0x8b sts=0xe0 armed=1
[TRG] pulses=269 suppressed=3291 cyc=1600 rst=1 rstmode=0x40
[HLT] polls=570 faults=0x0 cfglost=0
[EFF] n=5 last=58539 min=58539 max=58760 late=0 stuck=0
[DWT] ok=1 cyc=3148241006 cyc_per_ms=800000
