1788557450.295392 [HB] up_ms=3576 frames=139 inf=139 hazard=19 canary_err=0 q=0 qovr=0
1788557450.306492 [I2C] init=0 gate=0 whoami=0x201e0 wr=0 wrseen=0x27 addr=0x5a ok=2010 err=0 tmo=0 recov=0 pclk1=200000000 sysclk=400000000
1788557450.307850 [NAK] nacks=0
1788557450.312490 [CLK] cpu=800000000 sysb=400000000 pclk1=200000000
1788557450.316988 [TOF] res=0 step=0 id=0xeacc blk=0xeacc10 ctl=0x0
1788557450.323005 [RNG] init=0 step=99 id=0xeacc boot=1 calls=93 xerr=0 dm=1 tb=15
1788557450.329861 [RNG] osc=41 imp=881 imprb=881 mstart=0x40 cfg=91 cfgfail=0x0 vhv=0 vpolls=0
1788557450.335726 [PRT] calls=677 xerr=0 ler=1 lidx=0x0 perr=0 maxcnt=17 addr8=0x52
1788557450.339856 [RTY] wr=0 wmax=0 wref=0  rd=0 rmax=0 rref=0
1788557450.347605 [RNG] frames=141 last=67 min=53 max=69 nrdy=0 dxfer=0 dstat=0 lst=0 nrdyerr=0 dclr=0
1788557450.353848 [DRV] init=0 id=7 mode=0x1 lib=0x2 seq=0x1 odc=0x8b sts=0xe0 armed=1
1788557450.358974 [TRG] pulses=2 suppressed=20 cyc=1600 rst=1 rstmode=0x40
1788557450.362130 [HLT] polls=2 faults=0x0 cfglost=0
1788557450.368133 [EFF] n=2 last=58512 min=58512 max=58515 late=0 stuck=0 rderr=0
1788557450.378238 [IMU] init=0 addr=0x68 who=0x68 rst=1 pmrb0=0x40 pmrb=0x1 sr=19 cfg=4 gcfg=0x0 acfg=0x8 icfg=0x30 ien=0x1 armed=1
1788557450.383224 [ACC] reads=143 stale=143 rderr=0 ax=55 ay=-69 az=1127
1788557450.385866 [PWR] pm=0x1 drift=0 rderr=0
1788557450.389987 [DWT] ok=1 cyc=2785279339 cyc_per_ms=804683
1788557451.404359 [HB] up_ms=4676 frames=184 inf=184 hazard=41 canary_err=0 q=0 qovr=0
1788557451.415503 [I2C] init=0 gate=0 whoami=0x201e0 wr=0 wrseen=0x27 addr=0x5a ok=3292 err=0 tmo=0 recov=0 pclk1=200000000 sysclk=400000000
1788557451.416847 [NAK] nacks=0
1788557451.421491 [CLK] cpu=800000000 sysb=400000000 pclk1=200000000
1788557451.426007 [TOF] res=0 step=0 id=0xeacc blk=0xeacc10 ctl=0x0
1788557451.431723 [RNG] init=0 step=99 id=0xeacc boot=1 calls=93 xerr=0 dm=1 tb=15
1788557451.438737 [RNG] osc=41 imp=881 imprb=881 mstart=0x40 cfg=91 cfgfail=0x0 vhv=0 vpolls=0
1788557451.444735 [PRT] calls=855 xerr=0 ler=1 lidx=0x0 perr=0 maxcnt=17 addr8=0x52
1788557451.448853 [RTY] wr=0 wmax=0 wref=0  rd=0 rmax=0 rref=0
1788557451.456492 [RNG] frames=186 last=64 min=53 max=70 nrdy=0 dxfer=0 dstat=0 lst=0 nrdyerr=0 dclr=0
1788557451.462729 [DRV] init=0 id=7 mode=0x1 lib=0x2 seq=0x1 odc=0x8b sts=0xe0 armed=1
1788557451.467846 [TRG] pulses=4 suppressed=37 cyc=1600 rst=1 rstmode=0x40
1788557451.471117 [HLT] polls=3 faults=0x0 cfglost=0
1788557451.476989 [EFF] n=4 last=58504 min=58450 max=58515 late=0 stuck=0 rderr=0
1788557451.487221 [IMU] init=0 addr=0x68 who=0x68 rst=1 pmrb0=0x40 pmrb=0x1 sr=19 cfg=4 gcfg=0x0 acfg=0x8 icfg=0x30 ien=0x1 armed=1
1788557451.492135 [ACC] reads=188 stale=188 rderr=0 ax=55 ay=-69 az=1125
1788557451.494727 [PWR] pm=0x1 drift=0 rderr=0
1788557451.498716 [DWT] ok=1 cyc=3665275659 cyc_per_ms=799996
1788557452.513348 [HB] up_ms=5776 frames=234 inf=234 hazard=41 canary_err=0 q=0 qovr=0
1788557452.525527 [I2C] init=0 gate=0 whoami=0x201e0 wr=0 wrseen=0x27 addr=0x5a ok=3594 err=0 tmo=0 recov=0 pclk1=200000000 sysclk=400000000
1788557452.525719 [NAK] nacks=0
1788557452.530339 [CLK] cpu=800000000 sysb=400000000 pclk1=200000000
1788557452.534962 [TOF] res=0 step=0 id=0xeacc blk=0xeacc10 ctl=0x0
1788557452.540723 [RNG] init=0 step=99 id=0xeacc boot=1 calls=93 xerr=0 dm=1 tb=15
1788557452.547593 [RNG] osc=41 imp=881 imprb=881 mstart=0x40 cfg=91 cfgfail=0x0 vhv=0 vpolls=0
1788557452.553837 [PRT] calls=1053 xerr=0 ler=1 lidx=0x0 perr=0 maxcnt=17 addr8=0x52
1788557452.557967 [RTY] wr=0 wmax=0 wref=0  rd=0 rmax=0 rref=0
1788557452.565461 [RNG] frames=236 last=60 min=53 max=70 nrdy=0 dxfer=0 dstat=0 lst=0 nrdyerr=0 dclr=0
1788557452.571784 [DRV] init=0 id=7 mode=0x1 lib=0x2 seq=0x1 odc=0x8b sts=0xe0 armed=1
1788557452.576970 [TRG] pulses=4 suppressed=37 cyc=1600 rst=1 rstmode=0x40
1788557452.580214 [HLT] polls=4 faults=0x0 cfglost=0
1788557452.585959 [EFF] n=4 last=58504 min=58450 max=58515 late=0 stuck=0 rderr=0
1788557452.596107 [IMU] init=0 addr=0x68 who=0x68 rst=1 pmrb0=0x40 pmrb=0x1 sr=19 cfg=4 gcfg=0x0 acfg=0x8 icfg=0x30 ien=0x1 armed=1
1788557452.601205 [ACC] reads=237 stale=237 rderr=0 ax=55 ay=-68 az=1129
1788557452.603835 [PWR] pm=0x1 drift=0 rderr=0
1788557452.607846 [DWT] ok=1 cyc=250378251 cyc_per_ms=800063
1788557453.622858 [HB] up_ms=6876 frames=283 inf=283 hazard=41 canary_err=0 q=0 qovr=0
1788557453.633842 [I2C] init=0 gate=0 whoami=0x201e0 wr=0 wrseen=0x27 addr=0x5a ok=3896 err=0 tmo=0 recov=0 pclk1=200000000 sysclk=400000000
1788557453.635101 [NAK] nacks=0
1788557453.639764 [CLK] cpu=800000000 sysb=400000000 pclk1=200000000
1788557453.644352 [TOF] res=0 step=0 id=0xeacc blk=0xeacc10 ctl=0x0
1788557453.650210 [RNG] init=0 step=99 id=0xeacc boot=1 calls=93 xerr=0 dm=1 tb=15
1788557453.657115 [RNG] osc=41 imp=881 imprb=881 mstart=0x40 cfg=91 cfgfail=0x0 vhv=0 vpolls=0
1788557453.663104 [PRT] calls=1253 xerr=0 ler=1 lidx=0x0 perr=0 maxcnt=17 addr8=0x52
1788557453.667325 [RTY] wr=0 wmax=0 wref=0  rd=0 rmax=0 rref=0
1788557453.675271 [RNG] frames=286 last=60 min=52 max=70 nrdy=0 dxfer=0 dstat=0 lst=0 nrdyerr=0 dclr=0
1788557453.681217 [DRV] init=0 id=7 mode=0x1 lib=0x2 seq=0x1 odc=0x8b sts=0xe0 armed=1
1788557453.686328 [TRG] pulses=4 suppressed=37 cyc=1600 rst=1 rstmode=0x40
1788557453.689599 [HLT] polls=5 faults=0x0 cfglost=0
1788557453.695349 [EFF] n=4 last=58504 min=58450 max=58515 late=0 stuck=0 rderr=0
1788557453.705580 [IMU] init=0 addr=0x68 who=0x68 rst=1 pmrb0=0x40 pmrb=0x1 sr=19 cfg=4 gcfg=0x0 acfg=0x8 icfg=0x30 ien=0x1 armed=1
1788557453.710586 [ACC] reads=287 stale=287 rderr=0 ax=55 ay=-68 az=1127
1788557453.713391 [PWR] pm=0x1 drift=0 rderr=0
1788557453.717404 [DWT] ok=1 cyc=1130500499 cyc_per_ms=800111
1788557454.733200 [HB] up_ms=7977 frames=333 inf=333 hazard=41 canary_err=0 q=0 qovr=0
1788557454.744329 [I2C] init=0 gate=0 whoami=0x201e0 wr=0 wrseen=0x27 addr=0x5a ok=4192 err=0 tmo=0 recov=0 pclk1=200000000 sysclk=400000000
1788557454.745570 [NAK] nacks=0
1788557454.750195 [CLK] cpu=800000000 sysb=400000000 pclk1=200000000
1788557454.754735 [TOF] res=0 step=0 id=0xeacc blk=0xeacc10 ctl=0x0
1788557454.760701 [RNG] init=0 step=99 id=0xeacc boot=1 calls=93 xerr=0 dm=1 tb=15
1788557454.767691 [RNG] osc=41 imp=881 imprb=881 mstart=0x40 cfg=91 cfgfail=0x0 vhv=0 vpolls=0
1788557454.773719 [PRT] calls=1453 xerr=0 ler=1 lidx=0x0 perr=0 maxcnt=17 addr8=0x52
1788557454.777713 [RTY] wr=0 wmax=0 wref=0  rd=0 rmax=0 rref=0
1788557454.785572 [RNG] frames=335 last=55 min=52 max=70 nrdy=0 dxfer=0 dstat=0 lst=0 nrdyerr=0 dclr=0
1788557454.791704 [DRV] init=0 id=7 mode=0x1 lib=0x2 seq=0x1 odc=0x8b sts=0xe0 armed=1
1788557454.796821 [TRG] pulses=4 suppressed=37 cyc=1600 rst=1 rstmode=0x40
1788557454.800065 [HLT] polls=6 faults=0x0 cfglost=0
1788557454.805943 [EFF] n=4 last=58504 min=58450 max=58515 late=0 stuck=0 rderr=0
1788557454.816073 [IMU] init=0 addr=0x68 who=0x68 rst=1 pmrb0=0x40 pmrb=0x1 sr=19 cfg=4 gcfg=0x0 acfg=0x8 icfg=0x30 ien=0x1 armed=1
1788557454.821092 [ACC] reads=337 stale=337 rderr=0 ax=55 ay=-69 az=1127
1788557454.823734 [PWR] pm=0x1 drift=0 rderr=0
1788557454.827843 [DWT] ok=1 cyc=2011178383 cyc_per_ms=799889
1788557455.843447 [HB] up_ms=9078 frames=383 inf=383 hazard=41 canary_err=0 q=0 qovr=0
1788557455.854568 [I2C] init=0 gate=0 whoami=0x201e0 wr=0 wrseen=0x27 addr=0x5a ok=4494 err=0 tmo=0 recov=0 pclk1=200000000 sysclk=400000000
1788557455.855954 [NAK] nacks=0
1788557455.860629 [CLK] cpu=800000000 sysb=400000000 pclk1=200000000
1788557455.865069 [TOF] res=0 step=0 id=0xeacc blk=0xeacc10 ctl=0x0
1788557455.870939 [RNG] init=0 step=99 id=0xeacc boot=1 calls=93 xerr=0 dm=1 tb=15
1788557455.877941 [RNG] osc=41 imp=881 imprb=881 mstart=0x40 cfg=91 cfgfail=0x0 vhv=0 vpolls=0
1788557455.883952 [PRT] calls=1653 xerr=0 ler=1 lidx=0x0 perr=0 maxcnt=17 addr8=0x52
1788557455.888063 [RTY] wr=0 wmax=0 wref=0  rd=0 rmax=0 rref=0
1788557455.895819 [RNG] frames=385 last=60 min=52 max=70 nrdy=0 dxfer=0 dstat=0 lst=0 nrdyerr=0 dclr=0
1788557455.902069 [DRV] init=0 id=7 mode=0x1 lib=0x2 seq=0x1 odc=0x8b sts=0xe0 armed=1
1788557455.907279 [TRG] pulses=4 suppressed=37 cyc=1600 rst=1 rstmode=0x40
1788557455.910320 [HLT] polls=7 faults=0x0 cfglost=0
1788557455.916067 [EFF] n=4 last=58504 min=58450 max=58515 late=0 stuck=0 rderr=0
1788557455.926516 [IMU] init=0 addr=0x68 who=0x68 rst=1 pmrb0=0x40 pmrb=0x1 sr=19 cfg=4 gcfg=0x0 acfg=0x8 icfg=0x30 ien=0x1 armed=1
1788557455.931326 [ACC] reads=387 stale=387 rderr=0 ax=55 ay=-68 az=1125
1788557455.934065 [PWR] pm=0x1 drift=0 rderr=0
1788557455.937938 [DWT] ok=1 cyc=2891978395 cyc_per_ms=800000
1788557456.952318 [HB] up_ms=10178 frames=433 inf=433 hazard=41 canary_err=0 q=0 qovr=0
1788557456.963430 [I2C] init=0 gate=0 whoami=0x201e0 wr=0 wrseen=0x27 addr=0x5a ok=4796 err=0 tmo=0 recov=0 pclk1=200000000 sysclk=400000000
1788557456.964681 [NAK] nacks=0
1788557456.969305 [CLK] cpu=800000000 sysb=400000000 pclk1=200000000
1788557456.973838 [TOF] res=0 step=0 id=0xeacc blk=0xeacc10 ctl=0x0
1788557456.979689 [RNG] init=0 step=99 id=0xeacc boot=1 calls=93 xerr=0 dm=1 tb=15
1788557456.986697 [RNG] osc=41 imp=881 imprb=881 mstart=0x40 cfg=91 cfgfail=0x0 vhv=0 vpolls=0
1788557456.992711 [PRT] calls=1853 xerr=0 ler=1 lidx=0x0 perr=0 maxcnt=17 addr8=0x52
1788557456.996819 [RTY] wr=0 wmax=0 wref=0  rd=0 rmax=0 rref=0
1788557457.004436 [RNG] frames=435 last=61 min=52 max=70 nrdy=0 dxfer=0 dstat=0 lst=0 nrdyerr=0 dclr=0
1788557457.010813 [DRV] init=0 id=7 mode=0x1 lib=0x2 seq=0x1 odc=0x8b sts=0xe0 armed=1
1788557457.015932 [TRG] pulses=4 suppressed=37 cyc=1600 rst=1 rstmode=0x40
1788557457.019054 [HLT] polls=8 faults=0x0 cfglost=0
1788557457.024853 [EFF] n=4 last=58504 min=58450 max=58515 late=0 stuck=0 rderr=0
1788557457.035190 [IMU] init=0 addr=0x68 who=0x68 rst=1 pmrb0=0x40 pmrb=0x1 sr=19 cfg=4 gcfg=0x0 acfg=0x8 icfg=0x30 ien=0x1 armed=1
1788557457.040198 [ACC] reads=437 stale=437 rderr=0 ax=55 ay=-69 az=1125
1788557457.042808 [PWR] pm=0x1 drift=0 rderr=0
1788557457.046805 [DWT] ok=1 cyc=3772049045 cyc_per_ms=800064
1788557458.061704 [HB] up_ms=11278 frames=480 inf=480 hazard=81 canary_err=0 q=0 qovr=0
1788557458.072944 [I2C] init=0 gate=0 whoami=0x201e0 wr=0 wrseen=0x27 addr=0x5a ok=5587 err=0 tmo=0 recov=0 pclk1=200000000 sysclk=400000000
1788557458.075441 [NAK] nacks=0
1788557458.078804 [CLK] cpu=800000000 sysb=400000000 pclk1=200000000
1788557458.083306 [TOF] res=0 step=0 id=0xeacc blk=0xeacc10 ctl=0x0
1788557458.089248 [RNG] init=0 step=99 id=0xeacc boot=1 calls=93 xerr=0 dm=1 tb=15
1788557458.096193 [RNG] osc=41 imp=881 imprb=881 mstart=0x40 cfg=91 cfgfail=0x0 vhv=0 vpolls=0
1788557458.102187 [PRT] calls=2041 xerr=0 ler=1 lidx=0x0 perr=0 maxcnt=17 addr8=0x52
1788557458.106308 [RTY] wr=0 wmax=0 wref=0  rd=0 rmax=0 rref=0
1788557458.114046 [RNG] frames=482 last=54 min=52 max=70 nrdy=0 dxfer=0 dstat=0 lst=0 nrdyerr=0 dclr=0
1788557458.120325 [DRV] init=0 id=7 mode=0x1 lib=0x2 seq=0x1 odc=0x8b sts=0xe0 armed=1
1788557458.125468 [TRG] pulses=8 suppressed=74 cyc=1600 rst=1 rstmode=0x40
1788557458.128567 [HLT] polls=9 faults=0x0 cfglost=0
1788557458.134319 [EFF] n=5 last=58512 min=58450 max=58515 late=0 stuck=0 rderr=0
1788557458.144768 [IMU] init=0 addr=0x68 who=0x68 rst=1 pmrb0=0x40 pmrb=0x1 sr=19 cfg=4 gcfg=0x0 acfg=0x8 icfg=0x30 ien=0x1 armed=1
1788557458.149559 [ACC] reads=484 stale=484 rderr=0 ax=57 ay=-67 az=1129
1788557458.152296 [PWR] pm=0x1 drift=0 rderr=0
1788557458.156335 [DWT] ok=1 cyc=357082721 cyc_per_ms=800000
1788557459.170811 [HB] up_ms=12378 frames=530 inf=530 hazard=82 canary_err=0 q=0 qovr=0
1788557459.182057 [I2C] init=0 gate=0 whoami=0x201e0 wr=0 wrseen=0x27 addr=0x5a ok=5889 err=0 tmo=0 recov=0 pclk1=200000000 sysclk=400000000
1788557459.183295 [NAK] nacks=0
1788557459.187931 [CLK] cpu=800000000 sysb=400000000 pclk1=200000000
1788557459.192447 [TOF] res=0 step=0 id=0xeacc blk=0xeacc10 ctl=0x0
1788557459.198291 [RNG] init=0 step=99 id=0xeacc boot=1 calls=93 xerr=0 dm=1 tb=15
1788557459.205293 [RNG] osc=41 imp=881 imprb=881 mstart=0x40 cfg=91 cfgfail=0x0 vhv=0 vpolls=0
1788557459.211326 [PRT] calls=2241 xerr=0 ler=1 lidx=0x0 perr=0 maxcnt=17 addr8=0x52
1788557459.215414 [RTY] wr=0 wmax=0 wref=0  rd=0 rmax=0 rref=0
1788557459.223057 [RNG] frames=532 last=62 min=52 max=70 nrdy=0 dxfer=0 dstat=0 lst=0 nrdyerr=0 dclr=0
1788557459.229423 [DRV] init=0 id=7 mode=0x1 lib=0x2 seq=0x1 odc=0x8b sts=0xe0 armed=1
1788557459.234544 [TRG] pulses=8 suppressed=74 cyc=1600 rst=1 rstmode=0x40
1788557459.237790 [HLT] polls=10 faults=0x0 cfglost=0
1788557459.243556 [EFF] n=5 last=58512 min=58450 max=58515 late=0 stuck=0 rderr=0
1788557459.253908 [IMU] init=0 addr=0x68 who=0x68 rst=1 pmrb0=0x40 pmrb=0x1 sr=19 cfg=4 gcfg=0x0 acfg=0x8 icfg=0x30 ien=0x1 armed=1
1788557459.258791 [ACC] reads=534 stale=534 rderr=0 ax=57 ay=-69 az=1125
1788557459.261540 [PWR] pm=0x1 drift=0 rderr=0
1788557459.265427 [DWT] ok=1 cyc=1237151657 cyc_per_ms=800062
1788557460.281207 [HB] up_ms=13479 frames=580 inf=580 hazard=82 canary_err=0 q=0 qovr=0
1788557460.292218 [I2C] init=0 gate=0 whoami=0x201e0 wr=0 wrseen=0x27 addr=0x5a ok=6191 err=0 tmo=0 recov=0 pclk1=200000000 sysclk=400000000
1788557460.293660 [NAK] nacks=0
1788557460.298304 [CLK] cpu=800000000 sysb=400000000 pclk1=200000000
1788557460.302807 [TOF] res=0 step=0 id=0xeacc blk=0xeacc10 ctl=0x0
1788557460.308687 [RNG] init=0 step=99 id=0xeacc boot=1 calls=93 xerr=0 dm=1 tb=15
1788557460.315538 [RNG] osc=41 imp=881 imprb=881 mstart=0x40 cfg=91 cfgfail=0x0 vhv=0 vpolls=0
1788557460.321670 [PRT] calls=2437 xerr=0 ler=1 lidx=0x0 perr=0 maxcnt=17 addr8=0x52
1788557460.325833 [RTY] wr=0 wmax=0 wref=0  rd=0 rmax=0 rref=0
1788557460.333412 [RNG] frames=582 last=60 min=50 max=70 nrdy=0 dxfer=0 dstat=0 lst=0 nrdyerr=0 dclr=0
1788557460.339688 [DRV] init=0 id=7 mode=0x1 lib=0x2 seq=0x1 odc=0x8b sts=0xe0 armed=1
1788557460.344911 [TRG] pulses=8 suppressed=74 cyc=1600 rst=1 rstmode=0x40
1788557460.348244 [HLT] polls=11 faults=0x0 cfglost=0
1788557460.353904 [EFF] n=5 last=58512 min=58450 max=58515 late=0 stuck=0 rderr=0
1788557460.364190 [IMU] init=0 addr=0x68 who=0x68 rst=1 pmrb0=0x40 pmrb=0x1 sr=19 cfg=4 gcfg=0x0 acfg=0x8 icfg=0x30 ien=0x1 armed=1
1788557460.369196 [ACC] reads=584 stale=584 rderr=0 ax=57 ay=-67 az=1127
1788557460.371785 [PWR] pm=0x1 drift=0 rderr=0
1788557460.375806 [DWT] ok=1 cyc=2117952305 cyc_per_ms=800000
1788557461.391283 [HB] up_ms=14580 frames=630 inf=630 hazard=82 canary_err=0 q=0 qovr=0
1788557461.402275 [I2C] init=0 gate=0 whoami=0x201e0 wr=0 wrseen=0x27 addr=0x5a ok=6493 err=0 tmo=0 recov=0 pclk1=200000000 sysclk=400000000
1788557461.403650 [NAK] nacks=0
1788557461.408457 [CLK] cpu=800000000 sysb=400000000 pclk1=200000000
1788557461.412896 [TOF] res=0 step=0 id=0xeacc blk=0xeacc10 ctl=0x0
1788557461.418780 [RNG] init=0 step=99 id=0xeacc boot=1 calls=93 xerr=0 dm=1 tb=15
1788557461.425704 [RNG] osc=41 imp=881 imprb=881 mstart=0x40 cfg=91 cfgfail=0x0 vhv=0 vpolls=0
1788557461.431780 [PRT] calls=2637 xerr=0 ler=1 lidx=0x0 perr=0 maxcnt=17 addr8=0x52
1788557461.435901 [RTY] wr=0 wmax=0 wref=0  rd=0 rmax=0 rref=0
1788557461.443435 [RNG] frames=632 last=60 min=50 max=70 nrdy=0 dxfer=0 dstat=0 lst=0 nrdyerr=0 dclr=0
1788557461.449646 [DRV] init=0 id=7 mode=0x1 lib=0x2 seq=0x1 odc=0x8b sts=0xe0 armed=1
1788557461.454899 [TRG] pulses=8 suppressed=74 cyc=1600 rst=1 rstmode=0x40
1788557461.458191 [HLT] polls=12 faults=0x0 cfglost=0
1788557461.463910 [EFF] n=5 last=58512 min=58450 max=58515 late=0 stuck=0 rderr=0
1788557461.474236 [IMU] init=0 addr=0x68 who=0x68 rst=1 pmrb0=0x40 pmrb=0x1 sr=19 cfg=4 gcfg=0x0 acfg=0x8 icfg=0x30 ien=0x1 armed=1
1788557461.479283 [ACC] reads=633 stale=633 rderr=0 ax=55 ay=-70 az=1124
1788557461.481907 [PWR] pm=0x1 drift=0 rderr=0
1788557461.485896 [DWT] ok=1 cyc=2998751701 cyc_per_ms=799999
1788557462.501400 [HB] up_ms=15681 frames=679 inf=679 hazard=82 canary_err=0 q=0 qovr=0
1788557462.512334 [I2C] init=0 gate=0 whoami=0x201e0 wr=0 wrseen=0x27 addr=0x5a ok=6795 err=0 tmo=0 recov=0 pclk1=200000000 sysclk=400000000
1788557462.513659 [NAK] nacks=0
1788557462.518274 [CLK] cpu=800000000 sysb=400000000 pclk1=200000000
1788557462.522921 [TOF] res=0 step=0 id=0xeacc blk=0xeacc10 ctl=0x0
1788557462.528776 [RNG] init=0 step=99 id=0xeacc boot=1 calls=93 xerr=0 dm=1 tb=15
1788557462.535644 [RNG] osc=41 imp=881 imprb=881 mstart=0x40 cfg=91 cfgfail=0x0 vhv=0 vpolls=0
1788557462.541664 [PRT] calls=2837 xerr=0 ler=1 lidx=0x0 perr=0 maxcnt=17 addr8=0x52
1788557462.545892 [RTY] wr=0 wmax=0 wref=0  rd=0 rmax=0 rref=0
1788557462.553520 [RNG] frames=682 last=58 min=50 max=70 nrdy=0 dxfer=0 dstat=0 lst=0 nrdyerr=0 dclr=0
1788557462.559713 [DRV] init=0 id=7 mode=0x1 lib=0x2 seq=0x1 odc=0x8b sts=0xe0 armed=1
1788557462.564808 [TRG] pulses=8 suppressed=74 cyc=1600 rst=1 rstmode=0x40
1788557462.568263 [HLT] polls=13 faults=0x0 cfglost=0
1788557462.574029 [EFF] n=5 last=58512 min=58450 max=58515 late=0 stuck=0 rderr=0
1788557462.584175 [IMU] init=0 addr=0x68 who=0x68 rst=1 pmrb0=0x40 pmrb=0x1 sr=19 cfg=4 gcfg=0x0 acfg=0x8 icfg=0x30 ien=0x1 armed=1
1788557462.589183 [ACC] reads=683 stale=683 rderr=0 ax=55 ay=-69 az=1130
1788557462.591911 [PWR] pm=0x1 drift=0 rderr=0
1788557462.595891 [DWT] ok=1 cyc=3879685695 cyc_per_ms=800121
1788557463.611638 [HB] up_ms=16782 frames=729 inf=729 hazard=82 canary_err=0 q=0 qovr=0
1788557463.622637 [I2C] init=0 gate=0 whoami=0x201e0 wr=0 wrseen=0x27 addr=0x5a ok=7094 err=0 tmo=0 recov=0 pclk1=200000000 sysclk=400000000
1788557463.634876 [NAK] nacks=0
1788557463.635012 [CLK] cpu=800000000 sysb=400000000 pclk1=200000000
1788557463.635127 [TOF] res=0 step=0 id=0xeacc blk=0xeacc10 ctl=0x0
1788557463.639179 [RNG] init=0 step=99 id=0xeacc boot=1 calls=93 xerr=0 dm=1 tb=15
1788557463.646011 [RNG] osc=41 imp=881 imprb=881 mstart=0x40 cfg=91 cfgfail=0x0 vhv=0 vpolls=0
1788557463.652010 [PRT] calls=3037 xerr=0 ler=1 lidx=0x0 perr=0 maxcnt=17 addr8=0x52
1788557463.656153 [RTY] wr=0 wmax=0 wref=0  rd=0 rmax=0 rref=0
1788557463.663888 [RNG] frames=731 last=59 min=50 max=70 nrdy=0 dxfer=0 dstat=0 lst=0 nrdyerr=0 dclr=0
1788557463.670170 [DRV] init=0 id=7 mode=0x1 lib=0x2 seq=0x1 odc=0x8b sts=0xe0 armed=1
1788557463.675284 [TRG] pulses=8 suppressed=74 cyc=1600 rst=1 rstmode=0x40
1788557463.678520 [HLT] polls=14 faults=0x0 cfglost=0
1788557463.684382 [EFF] n=5 last=58512 min=58450 max=58515 late=0 stuck=0 rderr=0
1788557463.694519 [IMU] init=0 addr=0x68 who=0x68 rst=1 pmrb0=0x40 pmrb=0x1 sr=19 cfg=4 gcfg=0x0 acfg=0x8 icfg=0x30 ien=0x1 armed=1
1788557463.699512 [ACC] reads=733 stale=733 rderr=0 ax=55 ay=-68 az=1128
1788557463.702159 [PWR] pm=0x1 drift=0 rderr=0
1788557463.706288 [DWT] ok=1 cyc=465384357 cyc_per_ms=799878
1788557464.721913 [HB] up_ms=17883 frames=779 inf=779 hazard=101 canary_err=0 q=0 qovr=0
1788557464.733006 [I2C] init=0 gate=0 whoami=0x201e0 wr=0 wrseen=0x27 addr=0x5a ok=7393 err=0 tmo=0 recov=0 pclk1=200000000 sysclk=400000000
1788557464.734378 [NAK] nacks=0
1788557464.739003 [CLK] cpu=800000000 sysb=400000000 pclk1=200000000
1788557464.743506 [TOF] res=0 step=0 id=0xeacc blk=0xeacc10 ctl=0x0
1788557464.749504 [RNG] init=0 step=99 id=0xeacc boot=1 calls=93 xerr=0 dm=1 tb=15
1788557464.756466 [RNG] osc=41 imp=881 imprb=881 mstart=0x40 cfg=91 cfgfail=0x0 vhv=0 vpolls=0
1788557464.762385 [PRT] calls=3237 xerr=0 ler=1 lidx=0x0 perr=0 maxcnt=17 addr8=0x52
1788557464.766504 [RTY] wr=0 wmax=0 wref=0  rd=0 rmax=0 rref=0
1788557464.774281 [RNG] frames=781 last=65 min=50 max=70 nrdy=0 dxfer=0 dstat=0 lst=0 nrdyerr=0 dclr=0
1788557464.780509 [DRV] init=0 id=7 mode=0x1 lib=0x2 seq=0x1 odc=0x8b sts=0xe0 armed=1
1788557464.785747 [TRG] pulses=10 suppressed=94 cyc=1600 rst=1 rstmode=0x40
1788557464.789006 [HLT] polls=15 faults=0x0 cfglost=0
1788557464.794759 [EFF] n=5 last=58512 min=58450 max=58515 late=0 stuck=0 rderr=0
1788557464.805152 [IMU] init=0 addr=0x68 who=0x68 rst=1 pmrb0=0x40 pmrb=0x1 sr=19 cfg=4 gcfg=0x0 acfg=0x8 icfg=0x30 ien=0x1 armed=1
1788557464.810006 [ACC] reads=783 stale=783 rderr=0 ax=57 ay=-67 az=1127
1788557464.812617 [PWR] pm=0x1 drift=0 rderr=0
1788557464.816621 [DWT] ok=1 cyc=1346327931 cyc_per_ms=800130
1788557465.832163 [HB] up_ms=18984 frames=829 inf=829 hazard=123 canary_err=0 q=0 qovr=0
1788557465.843249 [I2C] init=0 gate=0 whoami=0x201e0 wr=0 wrseen=0x27 addr=0x5a ok=7695 err=0 tmo=0 recov=0 pclk1=200000000 sysclk=400000000
1788557465.844624 [NAK] nacks=0
1788557465.849244 [CLK] cpu=800000000 sysb=400000000 pclk1=200000000
1788557465.853740 [TOF] res=0 step=0 id=0xeacc blk=0xeacc10 ctl=0x0
1788557465.859506 [RNG] init=0 step=99 id=0xeacc boot=1 calls=93 xerr=0 dm=1 tb=15
1788557465.866618 [RNG] osc=41 imp=881 imprb=881 mstart=0x40 cfg=91 cfgfail=0x0 vhv=0 vpolls=0
1788557465.873192 [PRT] calls=3437 xerr=0 ler=1 lidx=0x0 perr=0 maxcnt=17 addr8=0x52
1788557465.876661 [RTY] wr=0 wmax=0 wref=0  rd=0 rmax=0 rref=0
1788557465.884270 [RNG] frames=831 last=63 min=50 max=70 nrdy=0 dxfer=0 dstat=0 lst=0 nrdyerr=0 dclr=0
1788557465.890616 [DRV] init=0 id=7 mode=0x1 lib=0x2 seq=0x1 odc=0x8b sts=0xe0 armed=1
1788557465.895995 [TRG] pulses=11 suppressed=112 cyc=1600 rst=1 rstmode=0x40
1788557465.899242 [HLT] polls=16 faults=0x0 cfglost=0
1788557465.905000 [EFF] n=5 last=58512 min=58450 max=58515 late=0 stuck=0 rderr=0
1788557465.915256 [IMU] init=0 addr=0x68 who=0x68 rst=1 pmrb0=0x40 pmrb=0x1 sr=19 cfg=4 gcfg=0x0 acfg=0x8 icfg=0x30 ien=0x1 armed=1
1788557465.920239 [ACC] reads=833 stale=833 rderr=0 ax=53 ay=-66 az=1122
1788557465.922905 [PWR] pm=0x1 drift=0 rderr=0
1788557465.926923 [DWT] ok=1 cyc=2227194583 cyc_per_ms=800060
1788557466.941746 [HB] up_ms=20085 frames=879 inf=879 hazard=123 canary_err=0 q=0 qovr=0
1788557466.952861 [I2C] init=0 gate=0 whoami=0x201e0 wr=0 wrseen=0x27 addr=0x5a ok=7997 err=0 tmo=0 recov=0 pclk1=200000000 sysclk=400000000
1788557466.954237 [NAK] nacks=0
1788557466.958744 [CLK] cpu=800000000 sysb=400000000 pclk1=200000000
1788557466.963235 [TOF] res=0 step=0 id=0xeacc blk=0xeacc10 ctl=0x0
1788557466.969145 [RNG] init=0 step=99 id=0xeacc boot=1 calls=93 xerr=0 dm=1 tb=15
1788557466.976244 [RNG] osc=41 imp=881 imprb=881 mstart=0x40 cfg=91 cfgfail=0x0 vhv=0 vpolls=0
1788557466.982258 [PRT] calls=3637 xerr=0 ler=1 lidx=0x0 perr=0 maxcnt=17 addr8=0x52
1788557466.986237 [RTY] wr=0 wmax=0 wref=0  rd=0 rmax=0 rref=0
1788557466.993865 [RNG] frames=881 last=55 min=50 max=70 nrdy=0 dxfer=0 dstat=0 lst=0 nrdyerr=0 dclr=0
1788557467.000232 [DRV] init=0 id=7 mode=0x1 lib=0x2 seq=0x1 odc=0x8b sts=0xe0 armed=1
1788557467.005489 [TRG] pulses=11 suppressed=112 cyc=1600 rst=1 rstmode=0x40
1788557467.008732 [HLT] polls=17 faults=0x0 cfglost=0
1788557467.014478 [EFF] n=5 last=58512 min=58450 max=58515 late=0 stuck=0 rderr=0
1788557467.024913 [IMU] init=0 addr=0x68 who=0x68 rst=1 pmrb0=0x40 pmrb=0x1 sr=19 cfg=4 gcfg=0x0 acfg=0x8 icfg=0x30 ien=0x1 armed=1
1788557467.029871 [ACC] reads=883 stale=883 rderr=0 ax=61 ay=-56 az=1123
1788557467.032489 [PWR] pm=0x1 drift=0 rderr=0
1788557467.036485 [DWT] ok=1 cyc=3107994367 cyc_per_ms=799999
1788557468.051987 [HB] up_ms=21186 frames=929 inf=929 hazard=123 canary_err=0 q=0 qovr=0
1788557468.062859 [I2C] init=0 gate=0 whoami=0x201e0 wr=0 wrseen=0x27 addr=0x5a ok=8299 err=0 tmo=0 recov=0 pclk1=200000000 sysclk=400000000
1788557468.064227 [NAK] nacks=0
1788557468.068997 [CLK] cpu=800000000 sysb=400000000 pclk1=200000000
1788557468.073487 [TOF] res=0 step=0 id=0xeacc blk=0xeacc10 ctl=0x0
1788557468.079366 [RNG] init=0 step=99 id=0xeacc boot=1 calls=93 xerr=0 dm=1 tb=15
1788557468.086229 [RNG] osc=41 imp=881 imprb=881 mstart=0x40 cfg=91 cfgfail=0x0 vhv=0 vpolls=0
1788557468.092484 [PRT] calls=3833 xerr=0 ler=1 lidx=0x0 perr=0 maxcnt=17 addr8=0x52
1788557468.096542 [RTY] wr=0 wmax=0 wref=0  rd=0 rmax=0 rref=0
1788557468.104133 [RNG] frames=931 last=60 min=50 max=70 nrdy=0 dxfer=0 dstat=0 lst=0 nrdyerr=0 dclr=0
1788557468.110354 [DRV] init=0 id=7 mode=0x1 lib=0x2 seq=0x1 odc=0x8b sts=0xe0 armed=1
1788557468.115734 [TRG] pulses=11 suppressed=112 cyc=1600 rst=1 rstmode=0x40
1788557468.119130 [HLT] polls=18 faults=0x0 cfglost=0
1788557468.125713 [EFF] n=5 last=58512 min=58450 max=58515 late=0 stuck=0 rderr=0
1788557468.135134 [IMU] init=0 addr=0x68 who=0x68 rst=1 pmrb0=0x40 pmrb=0x1 sr=19 cfg=4 gcfg=0x0 acfg=0x8 icfg=0x30 ien=0x1 armed=1
1788557468.140140 [ACC] reads=933 stale=932 rderr=0 ax=61 ay=-60 az=1125
1788557468.142726 [PWR] pm=0x1 drift=0 rderr=0
1788557468.146737 [DWT] ok=1 cyc=3988794339 cyc_per_ms=799999
1788557469.162229 [HB] up_ms=22287 frames=979 inf=979 hazard=123 canary_err=0 q=0 qovr=0
1788557469.173263 [I2C] init=0 gate=0 whoami=0x201e0 wr=0 wrseen=0x27 addr=0x5a ok=8601 err=0 tmo=0 recov=0 pclk1=200000000 sysclk=400000000
1788557469.174509 [NAK] nacks=0
1788557469.179227 [CLK] cpu=800000000 sysb=400000000 pclk1=200000000
1788557469.183846 [TOF] res=0 step=0 id=0xeacc blk=0xeacc10 ctl=0x0
1788557469.189605 [RNG] init=0 step=99 id=0xeacc boot=1 calls=93 xerr=0 dm=1 tb=15
1788557469.196477 [RNG] osc=41 imp=881 imprb=881 mstart=0x40 cfg=91 cfgfail=0x0 vhv=0 vpolls=0
1788557469.202715 [PRT] calls=4033 xerr=0 ler=1 lidx=0x0 perr=0 maxcnt=17 addr8=0x52
1788557469.206734 [RTY] wr=0 wmax=0 wref=0  rd=0 rmax=0 rref=0
1788557469.214347 [RNG] frames=981 last=56 min=50 max=70 nrdy=0 dxfer=0 dstat=0 lst=0 nrdyerr=0 dclr=0
1788557469.220592 [DRV] init=0 id=7 mode=0x1 lib=0x2 seq=0x1 odc=0x8b sts=0xe0 armed=1
1788557469.226021 [TRG] pulses=11 suppressed=112 cyc=1600 rst=1 rstmode=0x40
1788557469.229352 [HLT] polls=19 faults=0x0 cfglost=0
1788557469.235127 [EFF] n=5 last=58512 min=58450 max=58515 late=0 stuck=0 rderr=0
1788557469.245220 [IMU] init=0 addr=0x68 who=0x68 rst=1 pmrb0=0x40 pmrb=0x1 sr=19 cfg=4 gcfg=0x0 acfg=0x8 icfg=0x30 ien=0x1 armed=1
1788557469.250347 [ACC] reads=982 stale=981 rderr=0 ax=60 ay=-69 az=1127
1788557469.252965 [PWR] pm=0x1 drift=0 rderr=0
1788557469.256846 [DWT] ok=1 cyc=574655335 cyc_per_ms=800025
1788557470.272126 [HB] up_ms=23388 frames=1028 inf=1028 hazard=123 canary_err=0 q=0 qovr=0
1788557470.283112 [I2C] init=0 gate=0 whoami=0x201e0 wr=0 wrseen=0x27 addr=0x5a ok=8903 err=0 tmo=0 recov=0 pclk1=200000000 sysclk=400000000
1788557470.284334 [NAK] nacks=0
1788557470.288993 [CLK] cpu=800000000 sysb=400000000 pclk1=200000000
1788557470.293719 [TOF] res=0 step=0 id=0xeacc blk=0xeacc10 ctl=0x0
1788557470.299473 [RNG] init=0 step=99 id=0xeacc boot=1 calls=93 xerr=0 dm=1 tb=15
1788557470.306363 [RNG] osc=41 imp=881 imprb=881 mstart=0x40 cfg=91 cfgfail=0x0 vhv=0 vpolls=0
1788557470.312475 [PRT] calls=4233 xerr=0 ler=1 lidx=0x0 perr=0 maxcnt=17 addr8=0x52
1788557470.316591 [RTY] wr=0 wmax=0 wref=0  rd=0 rmax=0 rref=0
1788557470.324408 [RNG] frames=1031 last=61 min=50 max=70 nrdy=0 dxfer=0 dstat=0 lst=0 nrdyerr=0 dclr=0
1788557470.330472 [DRV] init=0 id=7 mode=0x1 lib=0x2 seq=0x1 odc=0x8b sts=0xe0 armed=1
1788557470.335833 [TRG] pulses=11 suppressed=112 cyc=1600 rst=1 rstmode=0x40
1788557470.339223 [HLT] polls=20 faults=0x0 cfglost=0
1788557470.344963 [EFF] n=5 last=58512 min=58450 max=58515 late=0 stuck=0 rderr=0
1788557470.355210 [IMU] init=0 addr=0x68 who=0x68 rst=1 pmrb0=0x40 pmrb=0x1 sr=19 cfg=4 gcfg=0x0 acfg=0x8 icfg=0x30 ien=0x1 armed=1
1788557470.360334 [ACC] reads=1032 stale=1031 rderr=0 ax=62 ay=-64 az=1123
1788557470.363104 [PWR] pm=0x1 drift=0 rderr=0
1788557470.367104 [DWT] ok=1 cyc=1455911407 cyc_per_ms=800414
1788557471.381455 [HB] up_ms=24489 frames=1078 inf=1078 hazard=123 canary_err=0 q=0 qovr=0
1788557471.392578 [I2C] init=0 gate=0 whoami=0x201e0 wr=0 wrseen=0x27 addr=0x5a ok=9200 err=0 tmo=0 recov=0 pclk1=200000000 sysclk=400000000
1788557471.393821 [NAK] nacks=0
1788557471.398447 [CLK] cpu=800000000 sysb=400000000 pclk1=200000000
1788557471.402939 [TOF] res=0 step=0 id=0xeacc blk=0xeacc10 ctl=0x0
1788557471.408954 [RNG] init=0 step=99 id=0xeacc boot=1 calls=93 xerr=0 dm=1 tb=15
1788557471.415844 [RNG] osc=41 imp=881 imprb=881 mstart=0x40 cfg=91 cfgfail=0x0 vhv=0 vpolls=0
1788557471.421815 [PRT] calls=4433 xerr=0 ler=1 lidx=0x0 perr=0 maxcnt=17 addr8=0x52
1788557471.426143 [RTY] wr=0 wmax=0 wref=0  rd=0 rmax=0 rref=0
1788557471.433823 [RNG] frames=1080 last=61 min=50 max=70 nrdy=0 dxfer=0 dstat=0 lst=0 nrdyerr=0 dclr=0
1788557471.439961 [DRV] init=0 id=7 mode=0x1 lib=0x2 seq=0x1 odc=0x8b sts=0xe0 armed=1
1788557471.445320 [TRG] pulses=12 suppressed=112 cyc=1600 rst=1 rstmode=0x40
1788557471.448578 [HLT] polls=21 faults=0x0 cfglost=0
1788557471.454447 [EFF] n=5 last=58512 min=58450 max=58515 late=0 stuck=0 rderr=0
1788557471.464707 [IMU] init=0 addr=0x68 who=0x68 rst=1 pmrb0=0x40 pmrb=0x1 sr=19 cfg=4 gcfg=0x0 acfg=0x8 icfg=0x30 ien=0x1 armed=1
1788557471.469952 [ACC] reads=1082 stale=1081 rderr=0 ax=65 ay=-60 az=1128
1788557471.472457 [PWR] pm=0x1 drift=0 rderr=0
1788557471.476610 [DWT] ok=1 cyc=2336581315 cyc_per_ms=799881
1788557472.490816 [HB] up_ms=25590 frames=1128 inf=1128 hazard=164 canary_err=0 q=0 qovr=0
1788557472.501936 [I2C] init=0 gate=0 whoami=0x201e0 wr=0 wrseen=0x27 addr=0x5a ok=9501 err=0 tmo=0 recov=0 pclk1=200000000 sysclk=400000000
1788557472.503298 [NAK] nacks=0
1788557472.507936 [CLK] cpu=800000000 sysb=400000000 pclk1=200000000
1788557472.512448 [TOF] res=0 step=0 id=0xeacc blk=0xeacc10 ctl=0x0
1788557472.518367 [RNG] init=0 step=99 id=0xeacc boot=1 calls=93 xerr=0 dm=1 tb=15
1788557472.525319 [RNG] osc=41 imp=881 imprb=881 mstart=0x40 cfg=91 cfgfail=0x0 vhv=0 vpolls=0
1788557472.531353 [PRT] calls=4633 xerr=0 ler=1 lidx=0x0 perr=0 maxcnt=17 addr8=0x52
1788557472.535441 [RTY] wr=0 wmax=0 wref=0  rd=0 rmax=0 rref=0
1788557472.543311 [RNG] frames=1130 last=59 min=50 max=70 nrdy=0 dxfer=0 dstat=0 lst=0 nrdyerr=0 dclr=0
1788557472.549434 [DRV] init=0 id=7 mode=0x1 lib=0x2 seq=0x1 odc=0x8b sts=0xe0 armed=1
1788557472.554825 [TRG] pulses=14 suppressed=150 cyc=1600 rst=1 rstmode=0x40
1788557472.558102 [HLT] polls=22 faults=0x0 cfglost=0
1788557472.563844 [EFF] n=5 last=58512 min=58450 max=58515 late=0 stuck=0 rderr=0
1788557472.574107 [IMU] init=0 addr=0x68 who=0x68 rst=1 pmrb0=0x40 pmrb=0x1 sr=19 cfg=4 gcfg=0x0 acfg=0x8 icfg=0x30 ien=0x1 armed=1
1788557472.579199 [ACC] reads=1132 stale=1131 rderr=0 ax=55 ay=-70 az=1128
1788557472.581815 [PWR] pm=0x1 drift=0 rderr=0
1788557472.585805 [DWT] ok=1 cyc=3217376935 cyc_per_ms=799996
1788557473.599951 [HB] up_ms=26691 frames=1178 inf=1178 hazard=164 canary_err=0 q=0 qovr=0
1788557473.611109 [I2C] init=0 gate=0 whoami=0x201e0 wr=0 wrseen=0x27 addr=0x5a ok=9803 err=0 tmo=0 recov=0 pclk1=200000000 sysclk=400000000
1788557473.612320 [NAK] nacks=0
1788557473.616927 [CLK] cpu=800000000 sysb=400000000 pclk1=200000000
1788557473.621418 [TOF] res=0 step=0 id=0xeacc blk=0xeacc10 ctl=0x0
1788557473.627314 [RNG] init=0 step=99 id=0xeacc boot=1 calls=93 xerr=0 dm=1 tb=15
1788557473.634306 [RNG] osc=41 imp=881 imprb=881 mstart=0x40 cfg=91 cfgfail=0x0 vhv=0 vpolls=0
1788557473.640328 [PRT] calls=4833 xerr=0 ler=1 lidx=0x0 perr=0 maxcnt=17 addr8=0x52
1788557473.644451 [RTY] wr=0 wmax=0 wref=0  rd=0 rmax=0 rref=0
1788557473.652049 [RNG] frames=1180 last=63 min=50 max=70 nrdy=0 dxfer=0 dstat=0 lst=0 nrdyerr=0 dclr=0
1788557473.658438 [DRV] init=0 id=7 mode=0x1 lib=0x2 seq=0x1 odc=0x8b sts=0xe0 armed=1
1788557473.663683 [TRG] pulses=14 suppressed=150 cyc=1600 rst=1 rstmode=0x40
1788557473.667044 [HLT] polls=23 faults=0x0 cfglost=0
1788557473.672843 [EFF] n=5 last=58512 min=58450 max=58515 late=0 stuck=0 rderr=0
1788557473.683257 [IMU] init=0 addr=0x68 who=0x68 rst=1 pmrb0=0x40 pmrb=0x1 sr=19 cfg=4 gcfg=0x0 acfg=0x8 icfg=0x30 ien=0x1 armed=1
1788557473.688203 [ACC] reads=1182 stale=1181 rderr=0 ax=59 ay=-71 az=1125
1788557473.690835 [PWR] pm=0x1 drift=0 rderr=0
1788557473.694820 [DWT] ok=1 cyc=4098177107 cyc_per_ms=800000
1788557474.709816 [HB] up_ms=27792 frames=1228 inf=1228 hazard=164 canary_err=0 q=0 qovr=0
1788557474.721051 [I2C] init=0 gate=0 whoami=0x201e0 wr=0 wrseen=0x27 addr=0x5a ok=10105 err=0 tmo=0 recov=0 pclk1=200000000 sysclk=400000000
1788557474.722415 [NAK] nacks=0
1788557474.726956 [CLK] cpu=800000000 sysb=400000000 pclk1=200000000
1788557474.731459 [TOF] res=0 step=0 id=0xeacc blk=0xeacc10 ctl=0x0
1788557474.737300 [RNG] init=0 step=99 id=0xeacc boot=1 calls=93 xerr=0 dm=1 tb=15
1788557474.744427 [RNG] osc=41 imp=881 imprb=881 mstart=0x40 cfg=91 cfgfail=0x0 vhv=0 vpolls=0
1788557474.750414 [PRT] calls=5032 xerr=0 ler=1 lidx=0x0 perr=0 maxcnt=17 addr8=0x52
1788557474.754426 [RTY] wr=0 wmax=0 wref=0  rd=0 rmax=0 rref=0
1788557474.762229 [RNG] frames=1230 last=57 min=49 max=70 nrdy=0 dxfer=0 dstat=0 lst=0 nrdyerr=0 dclr=0
1788557474.768595 [DRV] init=0 id=7 mode=0x1 lib=0x2 seq=0x1 odc=0x8b sts=0xe0 armed=1
1788557474.773801 [TRG] pulses=14 suppressed=150 cyc=1600 rst=1 rstmode=0x40
1788557474.777321 [HLT] polls=24 faults=0x0 cfglost=0
1788557474.782918 [EFF] n=5 last=58512 min=58450 max=58515 late=0 stuck=0 rderr=0
1788557474.793187 [IMU] init=0 addr=0x68 who=0x68 rst=1 pmrb0=0x40 pmrb=0x1 sr=19 cfg=4 gcfg=0x0 acfg=0x8 icfg=0x30 ien=0x1 armed=1
1788557474.798295 [ACC] reads=1232 stale=1231 rderr=0 ax=57 ay=-70 az=1125
1788557474.801058 [PWR] pm=0x1 drift=0 rderr=0
1788557474.804924 [DWT] ok=1 cyc=684079839 cyc_per_ms=800063
1788557475.820198 [HB] up_ms=28893 frames=1278 inf=1278 hazard=164 canary_err=0 q=0 qovr=0
1788557475.831213 [I2C] init=0 gate=0 whoami=0x201e0 wr=0 wrseen=0x27 addr=0x5a ok=10407 err=0 tmo=0 recov=0 pclk1=200000000 sysclk=400000000
1788557475.832555 [NAK] nacks=0
1788557475.837293 [CLK] cpu=800000000 sysb=400000000 pclk1=200000000
1788557475.841871 [TOF] res=0 step=0 id=0xeacc blk=0xeacc10 ctl=0x0
1788557475.847682 [RNG] init=0 step=99 id=0xeacc boot=1 calls=93 xerr=0 dm=1 tb=15
1788557475.854554 [RNG] osc=41 imp=881 imprb=881 mstart=0x40 cfg=91 cfgfail=0x0 vhv=0 vpolls=0
1788557475.860712 [PRT] calls=5229 xerr=0 ler=1 lidx=0x0 perr=0 maxcnt=17 addr8=0x52
1788557475.864837 [RTY] wr=0 wmax=0 wref=0  rd=0 rmax=0 rref=0
1788557475.872597 [RNG] frames=1280 last=66 min=49 max=70 nrdy=0 dxfer=0 dstat=0 lst=0 nrdyerr=0 dclr=0
1788557475.878681 [DRV] init=0 id=7 mode=0x1 lib=0x2 seq=0x1 odc=0x8b sts=0xe0 armed=1
1788557475.884177 [TRG] pulses=14 suppressed=150 cyc=1600 rst=1 rstmode=0x40
1788557475.887418 [HLT] polls=25 faults=0x0 cfglost=0
1788557475.893206 [EFF] n=5 last=58512 min=58450 max=58515 late=0 stuck=0 rderr=0
1788557475.903430 [IMU] init=0 addr=0x68 who=0x68 rst=1 pmrb0=0x40 pmrb=0x1 sr=19 cfg=4 gcfg=0x0 acfg=0x8 icfg=0x30 ien=0x1 armed=1
1788557475.908671 [ACC] reads=1282 stale=1281 rderr=0 ax=58 ay=-71 az=1125
1788557475.911350 [PWR] pm=0x1 drift=0 rderr=0
1788557475.915306 [DWT] ok=1 cyc=1564879751 cyc_per_ms=799999
1788557476.930399 [HB] up_ms=29994 frames=1327 inf=1327 hazard=164 canary_err=0 q=0 qovr=0
1788557476.941428 [I2C] init=0 gate=0 whoami=0x201e0 wr=0 wrseen=0x27 addr=0x5a ok=10709 err=0 tmo=0 recov=0 pclk1=200000000 sysclk=400000000
1788557476.942798 [NAK] nacks=0
1788557476.947431 [CLK] cpu=800000000 sysb=400000000 pclk1=200000000
1788557476.952041 [TOF] res=0 step=0 id=0xeacc blk=0xeacc10 ctl=0x0
1788557476.957836 [RNG] init=0 step=99 id=0xeacc boot=1 calls=93 xerr=0 dm=1 tb=15
1788557476.964801 [RNG] osc=41 imp=881 imprb=881 mstart=0x40 cfg=91 cfgfail=0x0 vhv=0 vpolls=0
1788557476.970785 [PRT] calls=5429 xerr=0 ler=1 lidx=0x0 perr=0 maxcnt=17 addr8=0x52
1788557476.974911 [RTY] wr=0 wmax=0 wref=0  rd=0 rmax=0 rref=0
1788557476.982733 [RNG] frames=1330 last=58 min=49 max=70 nrdy=0 dxfer=0 dstat=0 lst=0 nrdyerr=0 dclr=0
1788557476.988914 [DRV] init=0 id=7 mode=0x1 lib=0x2 seq=0x1 odc=0x8b sts=0xe0 armed=1
1788557476.994310 [TRG] pulses=14 suppressed=150 cyc=1600 rst=1 rstmode=0x40
1788557476.997552 [HLT] polls=26 faults=0x0 cfglost=0
1788557477.003292 [EFF] n=5 last=58512 min=58450 max=58515 late=0 stuck=0 rderr=0
1788557477.013585 [IMU] init=0 addr=0x68 who=0x68 rst=1 pmrb0=0x40 pmrb=0x1 sr=19 cfg=4 gcfg=0x0 acfg=0x8 icfg=0x30 ien=0x1 armed=1
1788557477.018777 [ACC] reads=1331 stale=1330 rderr=0 ax=56 ay=-69 az=1124
1788557477.021445 [PWR] pm=0x1 drift=0 rderr=0
1788557477.025487 [DWT] ok=1 cyc=2445813653 cyc_per_ms=800121
1788557478.040170 [HB] up_ms=31095 frames=1377 inf=1377 hazard=164 canary_err=0 q=0 qovr=0
1788557478.051166 [I2C] init=0 gate=0 whoami=0x201e0 wr=0 wrseen=0x27 addr=0x5a ok=11011 err=0 tmo=0 recov=0 pclk1=200000000 sysclk=400000000
1788557478.052517 [NAK] nacks=0
1788557478.057391 [CLK] cpu=800000000 sysb=400000000 pclk1=200000000
1788557478.061651 [TOF] res=0 step=0 id=0xeacc blk=0xeacc10 ctl=0x0
1788557478.067653 [RNG] init=0 step=99 id=0xeacc boot=1 calls=93 xerr=0 dm=1 tb=15
1788557478.074694 [RNG] osc=41 imp=881 imprb=881 mstart=0x40 cfg=91 cfgfail=0x0 vhv=0 vpolls=0
1788557478.080559 [PRT] calls=5629 xerr=0 ler=1 lidx=0x0 perr=0 maxcnt=17 addr8=0x52
1788557478.084650 [RTY] wr=0 wmax=0 wref=0  rd=0 rmax=0 rref=0
1788557478.092429 [RNG] frames=1379 last=62 min=49 max=70 nrdy=0 dxfer=0 dstat=0 lst=0 nrdyerr=0 dclr=0
1788557478.098679 [DRV] init=0 id=7 mode=0x1 lib=0x2 seq=0x1 odc=0x8b sts=0xe0 armed=1
1788557478.103907 [TRG] pulses=14 suppressed=150 cyc=1600 rst=1 rstmode=0x40
1788557478.107619 [HLT] polls=27 faults=0x0 cfglost=0
1788557478.113203 [EFF] n=5 last=58512 min=58450 max=58515 late=0 stuck=0 rderr=0
1788557478.123520 [IMU] init=0 addr=0x68 who=0x68 rst=1 pmrb0=0x40 pmrb=0x1 sr=19 cfg=4 gcfg=0x0 acfg=0x8 icfg=0x30 ien=0x1 armed=1
1788557478.128406 [ACC] reads=1381 stale=1379 rderr=0 ax=58 ay=-69 az=1126
1788557478.131140 [PWR] pm=0x1 drift=0 rderr=0
1788557478.135138 [DWT] ok=1 cyc=3326549247 cyc_per_ms=799941
1788557479.150319 [HB] up_ms=32196 frames=1427 inf=1427 hazard=191 canary_err=0 q=0 qovr=0
1788557479.161546 [I2C] init=0 gate=0 whoami=0x201e0 wr=0 wrseen=0x27 addr=0x5a ok=11307 err=0 tmo=0 recov=0 pclk1=200000000 sysclk=400000000
1788557479.162779 [NAK] nacks=0
1788557479.167384 [CLK] cpu=800000000 sysb=400000000 pclk1=200000000
1788557479.171903 [TOF] res=0 step=0 id=0xeacc blk=0xeacc10 ctl=0x0
1788557479.177913 [RNG] init=0 step=99 id=0xeacc boot=1 calls=93 xerr=0 dm=1 tb=15
1788557479.184890 [RNG] osc=41 imp=881 imprb=881 mstart=0x40 cfg=91 cfgfail=0x0 vhv=0 vpolls=0
1788557479.190960 [PRT] calls=5829 xerr=0 ler=1 lidx=0x0 perr=0 maxcnt=17 addr8=0x52
1788557479.194900 [RTY] wr=0 wmax=0 wref=0  rd=0 rmax=0 rref=0
1788557479.202785 [RNG] frames=1429 last=60 min=49 max=70 nrdy=0 dxfer=0 dstat=0 lst=0 nrdyerr=0 dclr=0
1788557479.209047 [DRV] init=0 id=7 mode=0x1 lib=0x2 seq=0x1 odc=0x8b sts=0xe0 armed=1
1788557479.214273 [TRG] pulses=17 suppressed=177 cyc=1600 rst=1 rstmode=0x40
1788557479.217554 [HLT] polls=28 faults=0x0 cfglost=0
1788557479.224877 [EFF] n=5 last=58512 min=58450 max=58515 late=0 stuck=0 rderr=0
1788557479.233747 [IMU] init=0 addr=0x68 who=0x68 rst=1 pmrb0=0x40 pmrb=0x1 sr=19 cfg=4 gcfg=0x0 acfg=0x8 icfg=0x30 ien=0x1 armed=1
1788557479.238770 [ACC] reads=1431 stale=1429 rderr=0 ax=58 ay=-72 az=1125
1788557479.241409 [PWR] pm=0x1 drift=0 rderr=0
1788557479.245399 [DWT] ok=1 cyc=4207285867 cyc_per_ms=799942
1788557480.260510 [HB] up_ms=33297 frames=1477 inf=1477 hazard=205 canary_err=0 q=0 qovr=0
1788557480.271757 [I2C] init=0 gate=0 whoami=0x201e0 wr=0 wrseen=0x27 addr=0x5a ok=11609 err=0 tmo=0 recov=0 pclk1=200000000 sysclk=400000000
1788557480.272999 [NAK] nacks=0
1788557480.277668 [CLK] cpu=800000000 sysb=400000000 pclk1=200000000
1788557480.282160 [TOF] res=0 step=0 id=0xeacc blk=0xeacc10 ctl=0x0
1788557480.288017 [RNG] init=0 step=99 id=0xeacc boot=1 calls=93 xerr=0 dm=1 tb=15
1788557480.295020 [RNG] osc=41 imp=881 imprb=881 mstart=0x40 cfg=91 cfgfail=0x0 vhv=0 vpolls=0
1788557480.301163 [PRT] calls=6029 xerr=0 ler=1 lidx=0x0 perr=0 maxcnt=17 addr8=0x52
1788557480.305169 [RTY] wr=0 wmax=0 wref=0  rd=0 rmax=0 rref=0
1788557480.313007 [RNG] frames=1479 last=61 min=49 max=70 nrdy=0 dxfer=0 dstat=0 lst=0 nrdyerr=0 dclr=0
1788557480.319151 [DRV] init=0 id=7 mode=0x1 lib=0x2 seq=0x1 odc=0x8b sts=0xe0 armed=1
1788557480.324740 [TRG] pulses=17 suppressed=188 cyc=1600 rst=1 rstmode=0x40
1788557480.327791 [HLT] polls=29 faults=0x0 cfglost=0
1788557480.333538 [EFF] n=5 last=58512 min=58450 max=58515 late=0 stuck=0 rderr=0
1788557480.343890 [IMU] init=0 addr=0x68 who=0x68 rst=1 pmrb0=0x40 pmrb=0x1 sr=19 cfg=4 gcfg=0x0 acfg=0x8 icfg=0x30 ien=0x1 armed=1
1788557480.349025 [ACC] reads=1481 stale=1479 rderr=0 ax=58 ay=-70 az=1127
1788557480.351637 [PWR] pm=0x1 drift=0 rderr=0
1788557480.355515 [DWT] ok=1 cyc=793112595 cyc_per_ms=799994
1788557481.370183 [HB] up_ms=34398 frames=1527 inf=1527 hazard=205 canary_err=0 q=0 qovr=0
1788557481.381393 [I2C] init=0 gate=0 whoami=0x201e0 wr=0 wrseen=0x27 addr=0x5a ok=11911 err=0 tmo=0 recov=0 pclk1=200000000 sysclk=400000000
1788557481.382744 [NAK] nacks=0
1788557481.387260 [CLK] cpu=800000000 sysb=400000000 pclk1=200000000
1788557481.391759 [TOF] res=0 step=0 id=0xeacc blk=0xeacc10 ctl=0x0
1788557481.397637 [RNG] init=0 step=99 id=0xeacc boot=1 calls=93 xerr=0 dm=1 tb=15
1788557481.404638 [RNG] osc=41 imp=881 imprb=881 mstart=0x40 cfg=91 cfgfail=0x0 vhv=0 vpolls=0
1788557481.410659 [PRT] calls=6229 xerr=0 ler=1 lidx=0x0 perr=0 maxcnt=17 addr8=0x52
1788557481.414767 [RTY] wr=0 wmax=0 wref=0  rd=0 rmax=0 rref=0
1788557481.422390 [RNG] frames=1529 last=61 min=49 max=70 nrdy=0 dxfer=0 dstat=0 lst=0 nrdyerr=0 dclr=0
1788557481.428777 [DRV] init=0 id=7 mode=0x1 lib=0x2 seq=0x1 odc=0x8b sts=0xe0 armed=1
1788557481.434153 [TRG] pulses=17 suppressed=188 cyc=1600 rst=1 rstmode=0x40
1788557481.437388 [HLT] polls=30 faults=0x0 cfglost=0
1788557481.443201 [EFF] n=5 last=58512 min=58450 max=58515 late=0 stuck=0 rderr=0
1788557481.453439 [IMU] init=0 addr=0x68 who=0x68 rst=1 pmrb0=0x40 pmrb=0x1 sr=19 cfg=4 gcfg=0x0 acfg=0x8 icfg=0x30 ien=0x1 armed=1
1788557481.458541 [ACC] reads=1531 stale=1529 rderr=0 ax=57 ay=-71 az=1128
1788557481.461167 [PWR] pm=0x1 drift=0 rderr=0
1788557481.465140 [DWT] ok=1 cyc=1673912415 cyc_per_ms=799999
1788557482.479248 [HB] up_ms=35499 frames=1577 inf=1577 hazard=205 canary_err=0 q=0 qovr=0
1788557482.490625 [I2C] init=0 gate=0 whoami=0x201e0 wr=0 wrseen=0x27 addr=0x5a ok=12213 err=0 tmo=0 recov=0 pclk1=200000000 sysclk=400000000
1788557482.491733 [NAK] nacks=0
1788557482.496398 [CLK] cpu=800000000 sysb=400000000 pclk1=200000000
1788557482.500857 [TOF] res=0 step=0 id=0xeacc blk=0xeacc10 ctl=0x0
1788557482.506770 [RNG] init=0 step=99 id=0xeacc boot=1 calls=93 xerr=0 dm=1 tb=15
1788557482.513623 [RNG] osc=41 imp=881 imprb=881 mstart=0x40 cfg=91 cfgfail=0x0 vhv=0 vpolls=0
1788557482.519740 [PRT] calls=6425 xerr=0 ler=1 lidx=0x0 perr=0 maxcnt=17 addr8=0x52
1788557482.523943 [RTY] wr=0 wmax=0 wref=0  rd=0 rmax=0 rref=0
1788557482.531517 [RNG] frames=1579 last=64 min=49 max=72 nrdy=0 dxfer=0 dstat=0 lst=0 nrdyerr=0 dclr=0
1788557482.537875 [DRV] init=0 id=7 mode=0x1 lib=0x2 seq=0x1 odc=0x8b sts=0xe0 armed=1
1788557482.543252 [TRG] pulses=17 suppressed=188 cyc=1600 rst=1 rstmode=0x40
1788557482.546509 [HLT] polls=31 faults=0x0 cfglost=0
1788557482.552257 [EFF] n=5 last=58512 min=58450 max=58515 late=0 stuck=0 rderr=0
1788557482.562488 [IMU] init=0 addr=0x68 who=0x68 rst=1 pmrb0=0x40 pmrb=0x1 sr=19 cfg=4 gcfg=0x0 acfg=0x8 icfg=0x30 ien=0x1 armed=1
1788557482.567619 [ACC] reads=1581 stale=1579 rderr=0 ax=58 ay=-70 az=1125
1788557482.570371 [PWR] pm=0x1 drift=0 rderr=0
1788557482.574286 [DWT] ok=1 cyc=2554712651 cyc_per_ms=800000
1788557483.588365 [HB] up_ms=36600 frames=1627 inf=1627 hazard=205 canary_err=0 q=0 qovr=0
1788557483.599353 [I2C] init=0 gate=0 whoami=0x201e0 wr=0 wrseen=0x27 addr=0x5a ok=12515 err=0 tmo=0 recov=0 pclk1=200000000 sysclk=400000000
1788557483.600710 [NAK] nacks=0
1788557483.605466 [CLK] cpu=800000000 sysb=400000000 pclk1=200000000
1788557483.609989 [TOF] res=0 step=0 id=0xeacc blk=0xeacc10 ctl=0x0
1788557483.615853 [RNG] init=0 step=99 id=0xeacc boot=1 calls=93 xerr=0 dm=1 tb=15
1788557483.622722 [RNG] osc=41 imp=881 imprb=881 mstart=0x40 cfg=91 cfgfail=0x0 vhv=0 vpolls=0
1788557483.628891 [PRT] calls=6625 xerr=0 ler=1 lidx=0x0 perr=0 maxcnt=17 addr8=0x52
1788557483.632986 [RTY] wr=0 wmax=0 wref=0  rd=0 rmax=0 rref=0
1788557483.641117 [RNG] frames=1629 last=61 min=49 max=72 nrdy=0 dxfer=0 dstat=0 lst=0 nrdyerr=0 dclr=0
1788557483.646889 [DRV] init=0 id=7 mode=0x1 lib=0x2 seq=0x1 odc=0x8b sts=0xe0 armed=1
1788557483.652368 [TRG] pulses=17 suppressed=188 cyc=1600 rst=1 rstmode=0x40
1788557483.655616 [HLT] polls=32 faults=0x0 cfglost=0
1788557483.661391 [EFF] n=5 last=58512 min=58450 max=58515 late=0 stuck=0 rderr=0
1788557483.671504 [IMU] init=0 addr=0x68 who=0x68 rst=1 pmrb0=0x40 pmrb=0x1 sr=19 cfg=4 gcfg=0x0 acfg=0x8 icfg=0x30 ien=0x1 armed=1
1788557483.676856 [ACC] reads=1630 stale=1627 rderr=0 ax=57 ay=-71 az=1130
1788557483.679379 [PWR] pm=0x1 drift=0 rderr=0
1788557483.683366 [DWT] ok=1 cyc=3435512359 cyc_per_ms=799999
1788557484.697599 [HB] up_ms=37701 frames=1676 inf=1676 hazard=205 canary_err=0 q=0 qovr=0
1788557484.708737 [I2C] init=0 gate=0 whoami=0x201e0 wr=0 wrseen=0x27 addr=0x5a ok=12817 err=0 tmo=0 recov=0 pclk1=200000000 sysclk=400000000
1788557484.709990 [NAK] nacks=0
1788557484.714611 [CLK] cpu=800000000 sysb=400000000 pclk1=200000000
1788557484.719241 [TOF] res=0 step=0 id=0xeacc blk=0xeacc10 ctl=0x0
1788557484.725148 [RNG] init=0 step=99 id=0xeacc boot=1 calls=93 xerr=0 dm=1 tb=15
1788557484.732280 [RNG] osc=41 imp=881 imprb=881 mstart=0x40 cfg=91 cfgfail=0x0 vhv=0 vpolls=0
1788557484.738764 [PRT] calls=6825 xerr=0 ler=1 lidx=0x0 perr=0 maxcnt=17 addr8=0x52
1788557484.742402 [RTY] wr=0 wmax=0 wref=0  rd=0 rmax=0 rref=0
1788557484.749968 [RNG] frames=1679 last=63 min=49 max=72 nrdy=0 dxfer=0 dstat=0 lst=0 nrdyerr=0 dclr=0
1788557484.756146 [DRV] init=0 id=7 mode=0x1 lib=0x2 seq=0x1 odc=0x8b sts=0xe0 armed=1
1788557484.761364 [TRG] pulses=17 suppressed=188 cyc=1600 rst=1 rstmode=0x40
1788557484.764848 [HLT] polls=33 faults=0x0 cfglost=0
1788557484.770603 [EFF] n=5 last=58512 min=58450 max=58515 late=0 stuck=0 rderr=0
1788557484.780726 [IMU] init=0 addr=0x68 who=0x68 rst=1 pmrb0=0x40 pmrb=0x1 sr=19 cfg=4 gcfg=0x0 acfg=0x8 icfg=0x30 ien=0x1 armed=1
1788557484.785970 [ACC] reads=1680 stale=1677 rderr=0 ax=57 ay=-73 az=1125
1788557484.788717 [PWR] pm=0x1 drift=0 rderr=0
1788557484.792465 [DWT] ok=1 cyc=21479709 cyc_per_ms=800122
1788557485.807319 [HB] up_ms=38802 frames=1726 inf=1726 hazard=211 canary_err=0 q=0 qovr=0
1788557485.818339 [I2C] init=0 gate=0 whoami=0x201e0 wr=0 wrseen=0x27 addr=0x5a ok=13117 err=0 tmo=0 recov=0 pclk1=200000000 sysclk=400000000
1788557485.819711 [NAK] nacks=0
1788557485.824219 [CLK] cpu=800000000 sysb=400000000 pclk1=200000000
1788557485.828871 [TOF] res=0 step=0 id=0xeacc blk=0xeacc10 ctl=0x0
1788557485.834737 [RNG] init=0 step=99 id=0xeacc boot=1 calls=93 xerr=0 dm=1 tb=15
1788557485.841716 [RNG] osc=41 imp=881 imprb=881 mstart=0x40 cfg=91 cfgfail=0x0 vhv=0 vpolls=0
1788557485.847740 [PRT] calls=7025 xerr=0 ler=1 lidx=0x0 perr=0 maxcnt=17 addr8=0x52
1788557485.851715 [RTY] wr=0 wmax=0 wref=0  rd=0 rmax=0 rref=0
1788557485.859623 [RNG] frames=1728 last=61 min=49 max=72 nrdy=0 dxfer=0 dstat=0 lst=0 nrdyerr=0 dclr=0
1788557485.865839 [DRV] init=0 id=7 mode=0x1 lib=0x2 seq=0x1 odc=0x8b sts=0xe0 armed=1
1788557485.871124 [TRG] pulses=18 suppressed=196 cyc=1600 rst=1 rstmode=0x40
1788557485.874379 [HLT] polls=34 faults=0x0 cfglost=0
1788557485.880235 [EFF] n=5 last=58512 min=58450 max=58515 late=0 stuck=0 rderr=0
1788557485.890841 [IMU] init=0 addr=0x68 who=0x68 rst=1 pmrb0=0x40 pmrb=0x1 sr=19 cfg=4 gcfg=0x0 acfg=0x8 icfg=0x30 ien=0x1 armed=1
1788557485.895592 [ACC] reads=1730 stale=1727 rderr=0 ax=57 ay=-70 az=1126
1788557485.898198 [PWR] pm=0x1 drift=0 rderr=0
1788557485.902200 [DWT] ok=1 cyc=902148651 cyc_per_ms=799880
1788557486.916835 [HB] up_ms=39903 frames=1776 inf=1776 hazard=246 canary_err=0 q=0 qovr=0
1788557486.928209 [I2C] init=0 gate=0 whoami=0x201e0 wr=0 wrseen=0x27 addr=0x5a ok=13415 err=0 tmo=0 recov=0 pclk1=200000000 sysclk=400000000
1788557486.929524 [NAK] nacks=0
1788557486.934221 [CLK] cpu=800000000 sysb=400000000 pclk1=200000000
1788557486.938509 [TOF] res=0 step=0 id=0xeacc blk=0xeacc10 ctl=0x0
1788557486.944471 [RNG] init=0 step=99 id=0xeacc boot=1 calls=93 xerr=0 dm=1 tb=15
1788557486.951461 [RNG] osc=41 imp=881 imprb=881 mstart=0x40 cfg=91 cfgfail=0x0 vhv=0 vpolls=0
1788557486.957486 [PRT] calls=7225 xerr=0 ler=1 lidx=0x0 perr=0 maxcnt=17 addr8=0x52
1788557486.961473 [RTY] wr=0 wmax=0 wref=0  rd=0 rmax=0 rref=0
1788557486.969336 [RNG] frames=1778 last=61 min=49 max=72 nrdy=0 dxfer=0 dstat=0 lst=0 nrdyerr=0 dclr=0
1788557486.975642 [DRV] init=0 id=7 mode=0x1 lib=0x2 seq=0x1 odc=0x8b sts=0xe0 armed=1
1788557486.980849 [TRG] pulses=20 suppressed=226 cyc=1600 rst=1 rstmode=0x40
1788557486.984122 [HLT] polls=35 faults=0x0 cfglost=0
1788557486.990107 [EFF] n=5 last=58512 min=58450 max=58515 late=0 stuck=0 rderr=0
1788557487.000203 [IMU] init=0 addr=0x68 who=0x68 rst=1 pmrb0=0x40 pmrb=0x1 sr=19 cfg=4 gcfg=0x0 acfg=0x8 icfg=0x30 ien=0x1 armed=1
1788557487.005331 [ACC] reads=1780 stale=1777 rderr=0 ax=57 ay=-71 az=1127
1788557487.007980 [PWR] pm=0x1 drift=0 rderr=0
1788557487.011967 [DWT] ok=1 cyc=1782945235 cyc_per_ms=799996
1788557488.026492 [HB] up_ms=41004 frames=1826 inf=1826 hazard=246 canary_err=0 q=0 qovr=0
1788557488.037733 [I2C] init=0 gate=0 whoami=0x201e0 wr=0 wrseen=0x27 addr=0x5a ok=13717 err=0 tmo=0 recov=0 pclk1=200000000 sysclk=400000000
1788557488.039106 [NAK] nacks=0
1788557488.043610 [CLK] cpu=800000000 sysb=400000000 pclk1=200000000
1788557488.048092 [TOF] res=0 step=0 id=0xeacc blk=0xeacc10 ctl=0x0
1788557488.053959 [RNG] init=0 step=99 id=0xeacc boot=1 calls=93 xerr=0 dm=1 tb=15
1788557488.060989 [RNG] osc=41 imp=881 imprb=881 mstart=0x40 cfg=91 cfgfail=0x0 vhv=0 vpolls=0
1788557488.067103 [PRT] calls=7425 xerr=0 ler=1 lidx=0x0 perr=0 maxcnt=17 addr8=0x52
1788557488.071107 [RTY] wr=0 wmax=0 wref=0  rd=0 rmax=0 rref=0
1788557488.078855 [RNG] frames=1828 last=66 min=49 max=72 nrdy=0 dxfer=0 dstat=0 lst=0 nrdyerr=0 dclr=0
1788557488.085121 [DRV] init=0 id=7 mode=0x1 lib=0x2 seq=0x1 odc=0x8b sts=0xe0 armed=1
1788557488.090466 [TRG] pulses=20 suppressed=226 cyc=1600 rst=1 rstmode=0x40
1788557488.093733 [HLT] polls=36 faults=0x0 cfglost=0
1788557488.099468 [EFF] n=5 last=58512 min=58450 max=58515 late=0 stuck=0 rderr=0
1788557488.109842 [IMU] init=0 addr=0x68 who=0x68 rst=1 pmrb0=0x40 pmrb=0x1 sr=19 cfg=4 gcfg=0x0 acfg=0x8 icfg=0x30 ien=0x1 armed=1
1788557488.114958 [ACC] reads=1830 stale=1827 rderr=0 ax=58 ay=-68 az=1124
1788557488.117585 [PWR] pm=0x1 drift=0 rderr=0
1788557488.121599 [DWT] ok=1 cyc=2663745427 cyc_per_ms=800000
1788557489.135830 [HB] up_ms=42105 frames=1876 inf=1876 hazard=246 canary_err=0 q=0 qovr=0
1788557489.147111 [I2C] init=0 gate=0 whoami=0x201e0 wr=0 wrseen=0x27 addr=0x5a ok=14019 err=0 tmo=0 recov=0 pclk1=200000000 sysclk=400000000
1788557489.148346 [NAK] nacks=0
1788557489.152948 [CLK] cpu=800000000 sysb=400000000 pclk1=200000000
1788557489.157528 [TOF] res=0 step=0 id=0xeacc blk=0xeacc10 ctl=0x0
1788557489.163395 [RNG] init=0 step=99 id=0xeacc boot=1 calls=93 xerr=0 dm=1 tb=15
1788557489.170338 [RNG] osc=41 imp=881 imprb=881 mstart=0x40 cfg=91 cfgfail=0x0 vhv=0 vpolls=0
1788557489.176951 [PRT] calls=7625 xerr=0 ler=1 lidx=0x0 perr=0 maxcnt=17 addr8=0x52
1788557489.180446 [RTY] wr=0 wmax=0 wref=0  rd=0 rmax=0 rref=0
1788557489.188209 [RNG] frames=1878 last=58 min=49 max=72 nrdy=0 dxfer=0 dstat=0 lst=0 nrdyerr=0 dclr=0
1788557489.194471 [DRV] init=0 id=7 mode=0x1 lib=0x2 seq=0x1 odc=0x8b sts=0xe0 armed=1
1788557489.199829 [TRG] pulses=20 suppressed=226 cyc=1600 rst=1 rstmode=0x40
1788557489.203058 [HLT] polls=37 faults=0x0 cfglost=0
1788557489.208835 [EFF] n=5 last=58512 min=58450 max=58515 late=0 stuck=0 rderr=0
1788557489.219191 [IMU] init=0 addr=0x68 who=0x68 rst=1 pmrb0=0x40 pmrb=0x1 sr=19 cfg=4 gcfg=0x0 acfg=0x8 icfg=0x30 ien=0x1 armed=1
1788557489.224330 [ACC] reads=1880 stale=1877 rderr=0 ax=56 ay=-67 az=1123
1788557489.226965 [PWR] pm=0x1 drift=0 rderr=0
1788557489.230955 [DWT] ok=1 cyc=3544545011 cyc_per_ms=799999
1788557490.245780 [HB] up_ms=43206 frames=1926 inf=1926 hazard=246 canary_err=0 q=0 qovr=0
1788557490.257244 [I2C] init=0 gate=0 whoami=0x201e0 wr=0 wrseen=0x27 addr=0x5a ok=14321 err=0 tmo=0 recov=0 pclk1=200000000 sysclk=400000000
1788557490.258121 [NAK] nacks=0
1788557490.262974 [CLK] cpu=800000000 sysb=400000000 pclk1=200000000
1788557490.267367 [TOF] res=0 step=0 id=0xeacc blk=0xeacc10 ctl=0x0
1788557490.273104 [RNG] init=0 step=99 id=0xeacc boot=1 calls=93 xerr=0 dm=1 tb=15
1788557490.280191 [RNG] osc=41 imp=881 imprb=881 mstart=0x40 cfg=91 cfgfail=0x0 vhv=0 vpolls=0
1788557490.286227 [PRT] calls=7821 xerr=0 ler=1 lidx=0x0 perr=0 maxcnt=17 addr8=0x52
1788557490.290426 [RTY] wr=0 wmax=0 wref=0  rd=0 rmax=0 rref=0
1788557490.297991 [RNG] frames=1928 last=63 min=49 max=72 nrdy=0 dxfer=0 dstat=0 lst=0 nrdyerr=0 dclr=0
1788557490.304244 [DRV] init=0 id=7 mode=0x1 lib=0x2 seq=0x1 odc=0x8b sts=0xe0 armed=1
1788557490.309618 [TRG] pulses=20 suppressed=226 cyc=1600 rst=1 rstmode=0x40
1788557490.312968 [HLT] polls=38 faults=0x0 cfglost=0
1788557490.318725 [EFF] n=5 last=58512 min=58450 max=58515 late=0 stuck=0 rderr=0
1788557490.329000 [IMU] init=0 addr=0x68 who=0x68 rst=1 pmrb0=0x40 pmrb=0x1 sr=19 cfg=4 gcfg=0x0 acfg=0x8 icfg=0x30 ien=0x1 armed=1
1788557490.334189 [ACC] reads=1930 stale=1927 rderr=0 ax=58 ay=-70 az=1124
1788557490.336853 [PWR] pm=0x1 drift=0 rderr=0
1788557490.340733 [DWT] ok=1 cyc=130377927 cyc_per_ms=800000
1788557491.355927 [HB] up_ms=44307 frames=1976 inf=1976 hazard=246 canary_err=0 q=0 qovr=0
1788557491.366921 [I2C] init=0 gate=0 whoami=0x201e0 wr=0 wrseen=0x27 addr=0x5a ok=14623 err=0 tmo=0 recov=0 pclk1=200000000 sysclk=400000000
1788557491.368296 [NAK] nacks=0
1788557491.373057 [CLK] cpu=800000000 sysb=400000000 pclk1=200000000
1788557491.377551 [TOF] res=0 step=0 id=0xeacc blk=0xeacc10 ctl=0x0
1788557491.383516 [RNG] init=0 step=99 id=0xeacc boot=1 calls=93 xerr=0 dm=1 tb=15
1788557491.390931 [RNG] osc=41 imp=881 imprb=881 mstart=0x40 cfg=91 cfgfail=0x0 vhv=0 vpolls=0
1788557491.396554 [PRT] calls=8021 xerr=0 ler=1 lidx=0x0 perr=0 maxcnt=17 addr8=0x52
1788557491.400553 [RTY] wr=0 wmax=0 wref=0  rd=0 rmax=0 rref=0
1788557491.408312 [RNG] frames=1978 last=56 min=49 max=72 nrdy=0 dxfer=0 dstat=0 lst=0 nrdyerr=0 dclr=0
1788557491.414426 [DRV] init=0 id=7 mode=0x1 lib=0x2 seq=0x1 odc=0x8b sts=0xe0 armed=1
1788557491.419911 [TRG] pulses=20 suppressed=226 cyc=1600 rst=1 rstmode=0x40
1788557491.423165 [HLT] polls=39 faults=0x0 cfglost=0
1788557491.428916 [EFF] n=5 last=58512 min=58450 max=58515 late=0 stuck=0 rderr=0
1788557491.439197 [IMU] init=0 addr=0x68 who=0x68 rst=1 pmrb0=0x40 pmrb=0x1 sr=19 cfg=4 gcfg=0x0 acfg=0x8 icfg=0x30 ien=0x1 armed=1
1788557491.444419 [ACC] reads=1979 stale=1975 rderr=0 ax=58 ay=-68 az=1128
1788557491.447049 [PWR] pm=0x1 drift=0 rderr=0
1788557491.451052 [DWT] ok=1 cyc=1011206035 cyc_per_ms=800025
1788557492.465696 [HB] up_ms=45408 frames=2025 inf=2025 hazard=246 canary_err=0 q=0 qovr=0
1788557492.476862 [I2C] init=0 gate=0 whoami=0x201e0 wr=0 wrseen=0x27 addr=0x5a ok=14925 err=0 tmo=0 recov=0 pclk1=200000000 sysclk=400000000
1788557492.478063 [NAK] nacks=0
1788557492.482673 [CLK] cpu=800000000 sysb=400000000 pclk1=200000000
1788557492.487291 [TOF] res=0 step=0 id=0xeacc blk=0xeacc10 ctl=0x0
1788557492.493197 [RNG] init=0 step=99 id=0xeacc boot=1 calls=93 xerr=0 dm=1 tb=15
1788557492.500047 [RNG] osc=41 imp=881 imprb=881 mstart=0x40 cfg=91 cfgfail=0x0 vhv=0 vpolls=0
1788557492.506039 [PRT] calls=8221 xerr=0 ler=1 lidx=0x0 perr=0 maxcnt=17 addr8=0x52
1788557492.510318 [RTY] wr=0 wmax=0 wref=0  rd=0 rmax=0 rref=0
1788557492.518046 [RNG] frames=2028 last=62 min=49 max=72 nrdy=0 dxfer=0 dstat=0 lst=0 nrdyerr=0 dclr=0
1788557492.524267 [DRV] init=0 id=7 mode=0x1 lib=0x2 seq=0x1 odc=0x8b sts=0xe0 armed=1
1788557492.529433 [TRG] pulses=20 suppressed=226 cyc=1600 rst=1 rstmode=0x40
1788557492.532918 [HLT] polls=40 faults=0x0 cfglost=0
1788557492.538673 [EFF] n=5 last=58512 min=58450 max=58515 late=0 stuck=0 rderr=0
1788557492.548797 [IMU] init=0 addr=0x68 who=0x68 rst=1 pmrb0=0x40 pmrb=0x1 sr=19 cfg=4 gcfg=0x0 acfg=0x8 icfg=0x30 ien=0x1 armed=1
1788557492.553929 [ACC] reads=2029 stale=2025 rderr=0 ax=61 ay=-68 az=1126
1788557492.556845 [PWR] pm=0x1 drift=0 rderr=0
1788557492.560690 [DWT] ok=1 cyc=1892112825 cyc_per_ms=800096
1788557493.574944 [HB] up_ms=46509 frames=2075 inf=2075 hazard=281 canary_err=0 q=0 qovr=0
1788557493.586051 [I2C] init=0 gate=0 whoami=0x201e0 wr=0 wrseen=0x27 addr=0x5a ok=15222 err=0 tmo=0 recov=0 pclk1=200000000 sysclk=400000000
1788557493.587458 [NAK] nacks=0
1788557493.592189 [CLK] cpu=800000000 sysb=400000000 pclk1=200000000
1788557493.596571 [TOF] res=0 step=0 id=0xeacc blk=0xeacc10 ctl=0x0
1788557493.602547 [RNG] init=0 step=99 id=0xeacc boot=1 calls=93 xerr=0 dm=1 tb=15
1788557493.609438 [RNG] osc=41 imp=881 imprb=881 mstart=0x40 cfg=91 cfgfail=0x0 vhv=0 vpolls=0
1788557493.615428 [PRT] calls=8421 xerr=0 ler=1 lidx=0x0 perr=0 maxcnt=17 addr8=0x52
1788557493.619417 [RTY] wr=0 wmax=0 wref=0  rd=0 rmax=0 rref=0
1788557493.627569 [RNG] frames=2077 last=59 min=49 max=72 nrdy=0 dxfer=0 dstat=0 lst=0 nrdyerr=0 dclr=0
1788557493.633530 [DRV] init=0 id=7 mode=0x1 lib=0x2 seq=0x1 odc=0x8b sts=0xe0 armed=1
1788557493.638778 [TRG] pulses=23 suppressed=261 cyc=1600 rst=1 rstmode=0x40
1788557493.642028 [HLT] polls=41 faults=0x0 cfglost=0
1788557493.648030 [EFF] n=5 last=58512 min=58450 max=58515 late=0 stuck=0 rderr=0
1788557493.658192 [IMU] init=0 addr=0x68 who=0x68 rst=1 pmrb0=0x40 pmrb=0x1 sr=19 cfg=4 gcfg=0x0 acfg=0x8 icfg=0x30 ien=0x1 armed=1
1788557493.663284 [ACC] reads=2079 stale=2075 rderr=0 ax=55 ay=-66 az=1126
1788557493.665910 [PWR] pm=0x1 drift=0 rderr=0
1788557493.670057 [DWT] ok=1 cyc=2772781371 cyc_per_ms=799880
1788557494.684178 [HB] up_ms=47610 frames=2125 inf=2125 hazard=287 canary_err=0 q=0 qovr=0
1788557494.695448 [I2C] init=0 gate=0 whoami=0x201e0 wr=0 wrseen=0x27 addr=0x5a ok=15523 err=0 tmo=0 recov=0 pclk1=200000000 sysclk=400000000
1788557494.696660 [NAK] nacks=0
1788557494.701300 [CLK] cpu=800000000 sysb=400000000 pclk1=200000000
1788557494.705789 [TOF] res=0 step=0 id=0xeacc blk=0xeacc10 ctl=0x0
1788557494.711666 [RNG] init=0 step=99 id=0xeacc boot=1 calls=93 xerr=0 dm=1 tb=15
1788557494.718671 [RNG] osc=41 imp=881 imprb=881 mstart=0x40 cfg=91 cfgfail=0x0 vhv=0 vpolls=0
1788557494.724704 [PRT] calls=8621 xerr=0 ler=1 lidx=0x0 perr=0 maxcnt=17 addr8=0x52
1788557494.728670 [RTY] wr=0 wmax=0 wref=0  rd=0 rmax=0 rref=0
1788557494.736542 [RNG] frames=2127 last=68 min=49 max=72 nrdy=0 dxfer=0 dstat=0 lst=0 nrdyerr=0 dclr=0
1788557494.742818 [DRV] init=0 id=7 mode=0x1 lib=0x2 seq=0x1 odc=0x8b sts=0xe0 armed=1
1788557494.748045 [TRG] pulses=23 suppressed=264 cyc=1600 rst=1 rstmode=0x40
1788557494.751283 [HLT] polls=42 faults=0x0 cfglost=0
1788557494.757366 [EFF] n=5 last=58512 min=58450 max=58515 late=0 stuck=0 rderr=0
1788557494.767408 [IMU] init=0 addr=0x68 who=0x68 rst=1 pmrb0=0x40 pmrb=0x1 sr=19 cfg=4 gcfg=0x0 acfg=0x8 icfg=0x30 ien=0x1 armed=1
1788557494.772534 [ACC] reads=2129 stale=2125 rderr=0 ax=54 ay=-86 az=1135
1788557494.775240 [PWR] pm=0x1 drift=0 rderr=0
1788557494.779211 [DWT] ok=1 cyc=3653577715 cyc_per_ms=799996
1788557495.793035 [HB] up_ms=48711 frames=2175 inf=2175 hazard=287 canary_err=0 q=0 qovr=0
1788557495.804287 [I2C] init=0 gate=0 whoami=0x201e0 wr=0 wrseen=0x27 addr=0x5a ok=15825 err=0 tmo=0 recov=0 pclk1=200000000 sysclk=400000000
1788557495.805658 [NAK] nacks=0
1788557495.810188 [CLK] cpu=800000000 sysb=400000000 pclk1=200000000
1788557495.814685 [TOF] res=0 step=0 id=0xeacc blk=0xeacc10 ctl=0x0
1788557495.820527 [RNG] init=0 step=99 id=0xeacc boot=1 calls=93 xerr=0 dm=1 tb=15
1788557495.827604 [RNG] osc=41 imp=881 imprb=881 mstart=0x40 cfg=91 cfgfail=0x0 vhv=0 vpolls=0
1788557495.833562 [PRT] calls=8821 xerr=0 ler=1 lidx=0x0 perr=0 maxcnt=17 addr8=0x52
1788557495.837644 [RTY] wr=0 wmax=0 wref=0  rd=0 rmax=0 rref=0
1788557495.845423 [RNG] frames=2177 last=64 min=49 max=72 nrdy=0 dxfer=0 dstat=0 lst=0 nrdyerr=0 dclr=0
1788557495.851651 [DRV] init=0 id=7 mode=0x1 lib=0x2 seq=0x1 odc=0x8b sts=0xe0 armed=1
1788557495.857183 [TRG] pulses=23 suppressed=264 cyc=1600 rst=1 rstmode=0x40
1788557495.860268 [HLT] polls=43 faults=0x0 cfglost=0
1788557495.866006 [EFF] n=5 last=58512 min=58450 max=58515 late=0 stuck=0 rderr=0
1788557495.876282 [IMU] init=0 addr=0x68 who=0x68 rst=1 pmrb0=0x40 pmrb=0x1 sr=19 cfg=4 gcfg=0x0 acfg=0x8 icfg=0x30 ien=0x1 armed=1
1788557495.881411 [ACC] reads=2179 stale=2175 rderr=0 ax=55 ay=-76 az=1123
1788557495.884170 [PWR] pm=0x1 drift=0 rderr=0
1788557495.888033 [DWT] ok=1 cyc=239410571 cyc_per_ms=800000
1788557496.902175 [HB] up_ms=49812 frames=2225 inf=2225 hazard=287 canary_err=0 q=0 qovr=0
1788557496.913316 [I2C] init=0 gate=0 whoami=0x201e0 wr=0 wrseen=0x27 addr=0x5a ok=16127 err=0 tmo=0 recov=0 pclk1=200000000 sysclk=400000000
1788557496.914650 [NAK] nacks=0
1788557496.919261 [CLK] cpu=800000000 sysb=400000000 pclk1=200000000
1788557496.923834 [TOF] res=0 step=0 id=0xeacc blk=0xeacc10 ctl=0x0
1788557496.931163 [RNG] init=0 step=99 id=0xeacc boot=1 calls=93 xerr=0 dm=1 tb=15
1788557496.936656 [RNG] osc=41 imp=881 imprb=881 mstart=0x40 cfg=91 cfgfail=0x0 vhv=0 vpolls=0
1788557496.942667 [PRT] calls=9020 xerr=0 ler=1 lidx=0x0 perr=0 maxcnt=17 addr8=0x52
1788557496.946764 [RTY] wr=0 wmax=0 wref=0  rd=0 rmax=0 rref=0
1788557496.954377 [RNG] frames=2227 last=61 min=49 max=72 nrdy=0 dxfer=0 dstat=0 lst=0 nrdyerr=0 dclr=0
1788557496.960803 [DRV] init=0 id=7 mode=0x1 lib=0x2 seq=0x1 odc=0x8b sts=0xe0 armed=1
1788557496.966023 [TRG] pulses=23 suppressed=264 cyc=1600 rst=1 rstmode=0x40
1788557496.969250 [HLT] polls=44 faults=0x0 cfglost=0
1788557496.975034 [EFF] n=5 last=58512 min=58450 max=58515 late=0 stuck=0 rderr=0
1788557496.985411 [IMU] init=0 addr=0x68 who=0x68 rst=1 pmrb0=0x40 pmrb=0x1 sr=19 cfg=4 gcfg=0x0 acfg=0x8 icfg=0x30 ien=0x1 armed=1
1788557496.990951 [ACC] reads=2229 stale=2225 rderr=0 ax=57 ay=-76 az=1126
1788557496.993225 [PWR] pm=0x1 drift=0 rderr=0
1788557496.997185 [DWT] ok=1 cyc=1120210643 cyc_per_ms=800000
1788557498.010621 [HB] up_ms=50913 frames=2275 inf=2275 hazard=287 canary_err=0 q=0 qovr=0
1788557498.021748 [I2C] init=0 gate=0 whoami=0x201e0 wr=0 wrseen=0x27 addr=0x5a ok=16429 err=0 tmo=0 recov=0 pclk1=200000000 sysclk=400000000
1788557498.022993 [NAK] nacks=0
1788557498.027963 [CLK] cpu=800000000 sysb=400000000 pclk1=200000000
1788557498.032279 [TOF] res=0 step=0 id=0xeacc blk=0xeacc10 ctl=0x0
1788557498.038142 [RNG] init=0 step=99 id=0xeacc boot=1 calls=93 xerr=0 dm=1 tb=15
1788557498.045027 [RNG] osc=41 imp=881 imprb=881 mstart=0x40 cfg=91 cfgfail=0x0 vhv=0 vpolls=0
1788557498.051158 [PRT] calls=9217 xerr=0 ler=1 lidx=0x0 perr=0 maxcnt=17 addr8=0x52
1788557498.055268 [RTY] wr=0 wmax=0 wref=0  rd=0 rmax=0 rref=0
1788557498.062904 [RNG] frames=2277 last=61 min=49 max=72 nrdy=0 dxfer=0 dstat=0 lst=0 nrdyerr=0 dclr=0
1788557498.069168 [DRV] init=0 id=7 mode=0x1 lib=0x2 seq=0x1 odc=0x8b sts=0xe0 armed=1
1788557498.074533 [TRG] pulses=23 suppressed=264 cyc=1600 rst=1 rstmode=0x40
1788557498.077778 [HLT] polls=45 faults=0x0 cfglost=0
1788557498.083525 [EFF] n=5 last=58512 min=58450 max=58515 late=0 stuck=0 rderr=0
1788557498.093762 [IMU] init=0 addr=0x68 who=0x68 rst=1 pmrb0=0x40 pmrb=0x1 sr=19 cfg=4 gcfg=0x0 acfg=0x8 icfg=0x30 ien=0x1 armed=1
1788557498.099004 [ACC] reads=2279 stale=2275 rderr=0 ax=56 ay=-75 az=1124
1788557498.101670 [PWR] pm=0x1 drift=0 rderr=0
1788557498.105644 [DWT] ok=1 cyc=2001010627 cyc_per_ms=799999
1788557499.119275 [HB] up_ms=52014 frames=2324 inf=2324 hazard=287 canary_err=0 q=0 qovr=0
1788557499.130267 [I2C] init=0 gate=0 whoami=0x201e0 wr=0 wrseen=0x27 addr=0x5a ok=16731 err=0 tmo=0 recov=0 pclk1=200000000 sysclk=400000000
1788557499.131636 [NAK] nacks=0
1788557499.136255 [CLK] cpu=800000000 sysb=400000000 pclk1=200000000
1788557499.140878 [TOF] res=0 step=0 id=0xeacc blk=0xeacc10 ctl=0x0
1788557499.146771 [RNG] init=0 step=99 id=0xeacc boot=1 calls=93 xerr=0 dm=1 tb=15
1788557499.153628 [RNG] osc=41 imp=881 imprb=881 mstart=0x40 cfg=91 cfgfail=0x0 vhv=0 vpolls=0
1788557499.159646 [PRT] calls=9417 xerr=0 ler=1 lidx=0x0 perr=0 maxcnt=17 addr8=0x52
1788557499.163778 [RTY] wr=0 wmax=0 wref=0  rd=0 rmax=0 rref=0
1788557499.171538 [RNG] frames=2327 last=59 min=49 max=72 nrdy=0 dxfer=0 dstat=0 lst=0 nrdyerr=0 dclr=0
1788557499.177623 [DRV] init=0 id=7 mode=0x1 lib=0x2 seq=0x1 odc=0x8b sts=0xe0 armed=1
1788557499.183019 [TRG] pulses=23 suppressed=264 cyc=1600 rst=1 rstmode=0x40
1788557499.186376 [HLT] polls=46 faults=0x0 cfglost=0
1788557499.192153 [EFF] n=5 last=58512 min=58450 max=58515 late=0 stuck=0 rderr=0
1788557499.202310 [IMU] init=0 addr=0x68 who=0x68 rst=1 pmrb0=0x40 pmrb=0x1 sr=19 cfg=4 gcfg=0x0 acfg=0x8 icfg=0x30 ien=0x1 armed=1
1788557499.207769 [ACC] reads=2328 stale=2323 rderr=0 ax=55 ay=-73 az=1122
1788557499.210268 [PWR] pm=0x1 drift=0 rderr=0
1788557499.214262 [DWT] ok=1 cyc=2881944545 cyc_per_ms=800121
1788557500.227907 [HB] up_ms=53115 frames=2374 inf=2374 hazard=301 canary_err=0 q=0 qovr=0
1788557500.238619 [I2C] init=0 gate=0 whoami=0x201e0 wr=0 wrseen=0x27 addr=0x5a ok=17033 err=0 tmo=0 recov=0 pclk1=200000000 sysclk=400000000
1788557500.239998 [NAK] nacks=0
1788557500.244516 [CLK] cpu=800000000 sysb=400000000 pclk1=200000000
1788557500.249130 [TOF] res=0 step=0 id=0xeacc blk=0xeacc10 ctl=0x0
1788557500.254987 [RNG] init=0 step=99 id=0xeacc boot=1 calls=93 xerr=0 dm=1 tb=15
1788557500.261885 [RNG] osc=41 imp=881 imprb=881 mstart=0x40 cfg=91 cfgfail=0x0 vhv=0 vpolls=0
1788557500.268342 [PRT] calls=9617 xerr=0 ler=1 lidx=0x0 perr=0 maxcnt=17 addr8=0x52
1788557500.271981 [RTY] wr=0 wmax=0 wref=0  rd=0 rmax=0 rref=0
1788557500.279900 [RNG] frames=2376 last=67 min=49 max=72 nrdy=0 dxfer=0 dstat=0 lst=0 nrdyerr=0 dclr=0
1788557500.285991 [DRV] init=0 id=7 mode=0x1 lib=0x2 seq=0x1 odc=0x8b sts=0xe0 armed=1
1788557500.291250 [TRG] pulses=25 suppressed=279 cyc=1600 rst=1 rstmode=0x40
1788557500.294634 [HLT] polls=47 faults=0x0 cfglost=0
1788557500.300494 [EFF] n=5 last=58512 min=58450 max=58515 late=0 stuck=0 rderr=0
1788557500.310639 [IMU] init=0 addr=0x68 who=0x68 rst=1 pmrb0=0x40 pmrb=0x1 sr=19 cfg=4 gcfg=0x0 acfg=0x8 icfg=0x30 ien=0x1 armed=1
1788557500.315737 [ACC] reads=2378 stale=2373 rderr=0 ax=59 ay=-72 az=1122
1788557500.318481 [PWR] pm=0x1 drift=0 rderr=0
1788557500.322479 [DWT] ok=1 cyc=3762687151 cyc_per_ms=799947
1788557501.335864 [HB] up_ms=54216 frames=2424 inf=2424 hazard=328 canary_err=0 q=0 qovr=0
1788557501.346985 [I2C] init=0 gate=0 whoami=0x201e0 wr=0 wrseen=0x27 addr=0x5a ok=17329 err=0 tmo=0 recov=0 pclk1=200000000 sysclk=400000000
1788557501.348368 [NAK] nacks=0
1788557501.352995 [CLK] cpu=800000000 sysb=400000000 pclk1=200000000
1788557501.357566 [TOF] res=0 step=0 id=0xeacc blk=0xeacc10 ctl=0x0
1788557501.363500 [RNG] init=0 step=99 id=0xeacc boot=1 calls=93 xerr=0 dm=1 tb=15
1788557501.370364 [RNG] osc=41 imp=881 imprb=881 mstart=0x40 cfg=91 cfgfail=0x0 vhv=0 vpolls=0
1788557501.376439 [PRT] calls=9817 xerr=0 ler=1 lidx=0x0 perr=0 maxcnt=17 addr8=0x52
1788557501.380366 [RTY] wr=0 wmax=0 wref=0  rd=0 rmax=0 rref=0
1788557501.388229 [RNG] frames=2426 last=62 min=49 max=73 nrdy=0 dxfer=0 dstat=0 lst=0 nrdyerr=0 dclr=0
1788557501.394497 [DRV] init=0 id=7 mode=0x1 lib=0x2 seq=0x1 odc=0x8b sts=0xe0 armed=1
1788557501.399742 [TRG] pulses=26 suppressed=302 cyc=1600 rst=1 rstmode=0x40
1788557501.402976 [HLT] polls=48 faults=0x0 cfglost=0
1788557501.408899 [EFF] n=5 last=58512 min=58450 max=58515 late=0 stuck=0 rderr=0
1788557501.419124 [IMU] init=0 addr=0x68 who=0x68 rst=1 pmrb0=0x40 pmrb=0x1 sr=19 cfg=4 gcfg=0x0 acfg=0x8 icfg=0x30 ien=0x1 armed=1
1788557501.424290 [ACC] reads=2428 stale=2423 rderr=0 ax=56 ay=-74 az=1124
1788557501.427005 [PWR] pm=0x1 drift=0 rderr=0
1788557501.430733 [DWT] ok=1 cyc=348444091 cyc_per_ms=799931
1788557502.444609 [HB] up_ms=55317 frames=2474 inf=2474 hazard=328 canary_err=0 q=0 qovr=0
1788557502.455855 [I2C] init=0 gate=0 whoami=0x201e0 wr=0 wrseen=0x27 addr=0x5a ok=17631 err=0 tmo=0 recov=0 pclk1=200000000 sysclk=400000000
1788557502.457094 [NAK] nacks=0
1788557502.461748 [CLK] cpu=800000000 sysb=400000000 pclk1=200000000
1788557502.466258 [TOF] res=0 step=0 id=0xeacc blk=0xeacc10 ctl=0x0
1788557502.472129 [RNG] init=0 step=99 id=0xeacc boot=1 calls=93 xerr=0 dm=1 tb=15
1788557502.479154 [RNG] osc=41 imp=881 imprb=881 mstart=0x40 cfg=91 cfgfail=0x0 vhv=0 vpolls=0
1788557502.485228 [PRT] calls=10017 xerr=0 ler=1 lidx=0x0 perr=0 maxcnt=17 addr8=0x52
1788557502.489224 [RTY] wr=0 wmax=0 wref=0  rd=0 rmax=0 rref=0
1788557502.497122 [RNG] frames=2476 last=64 min=49 max=73 nrdy=0 dxfer=0 dstat=0 lst=0 nrdyerr=0 dclr=0
1788557502.503384 [DRV] init=0 id=7 mode=0x1 lib=0x2 seq=0x1 odc=0x8b sts=0xe0 armed=1
1788557502.508732 [TRG] pulses=26 suppressed=302 cyc=1600 rst=1 rstmode=0x40
1788557502.511857 [HLT] polls=49 faults=0x0 cfglost=0
1788557502.517599 [EFF] n=5 last=58512 min=58450 max=58515 late=0 stuck=0 rderr=0
1788557502.527981 [IMU] init=0 addr=0x68 who=0x68 rst=1 pmrb0=0x40 pmrb=0x1 sr=19 cfg=4 gcfg=0x0 acfg=0x8 icfg=0x30 ien=0x1 armed=1
1788557502.533126 [ACC] reads=2478 stale=2473 rderr=0 ax=56 ay=-75 az=1123
1788557502.535731 [PWR] pm=0x1 drift=0 rderr=0
1788557502.539729 [DWT] ok=1 cyc=1229313415 cyc_per_ms=800062
1788557503.553269 [HB] up_ms=56418 frames=2524 inf=2524 hazard=328 canary_err=0 q=0 qovr=0
1788557503.564374 [I2C] init=0 gate=0 whoami=0x201e0 wr=0 wrseen=0x27 addr=0x5a ok=17933 err=0 tmo=0 recov=0 pclk1=200000000 sysclk=400000000
1788557503.565721 [NAK] nacks=0
1788557503.570215 [CLK] cpu=800000000 sysb=400000000 pclk1=200000000
1788557503.574786 [TOF] res=0 step=0 id=0xeacc blk=0xeacc10 ctl=0x0
1788557503.580603 [RNG] init=0 step=99 id=0xeacc boot=1 calls=93 xerr=0 dm=1 tb=15
1788557503.587722 [RNG] osc=41 imp=881 imprb=881 mstart=0x40 cfg=91 cfgfail=0x0 vhv=0 vpolls=0
1788557503.593753 [PRT] calls=10217 xerr=0 ler=1 lidx=0x0 perr=0 maxcnt=17 addr8=0x52
1788557503.597894 [RTY] wr=0 wmax=0 wref=0  rd=0 rmax=0 rref=0
1788557503.605488 [RNG] frames=2526 last=59 min=49 max=73 nrdy=0 dxfer=0 dstat=0 lst=0 nrdyerr=0 dclr=0
1788557503.611893 [DRV] init=0 id=7 mode=0x1 lib=0x2 seq=0x1 odc=0x8b sts=0xe0 armed=1
1788557503.617142 [TRG] pulses=26 suppressed=302 cyc=1600 rst=1 rstmode=0x40
1788557503.620492 [HLT] polls=50 faults=0x0 cfglost=0
1788557503.626192 [EFF] n=5 last=58512 min=58450 max=58515 late=0 stuck=0 rderr=0
1788557503.636502 [IMU] init=0 addr=0x68 who=0x68 rst=1 pmrb0=0x40 pmrb=0x1 sr=19 cfg=4 gcfg=0x0 acfg=0x8 icfg=0x30 ien=0x1 armed=1
1788557503.641690 [ACC] reads=2528 stale=2523 rderr=0 ax=56 ay=-72 az=1130
1788557503.644292 [PWR] pm=0x1 drift=0 rderr=0
1788557503.648273 [DWT] ok=1 cyc=2110113163 cyc_per_ms=799999
1788557504.661231 [HB] up_ms=57519 frames=2574 inf=2574 hazard=328 canary_err=0 q=0 qovr=0
1788557504.672340 [I2C] init=0 gate=0 whoami=0x201e0 wr=0 wrseen=0x27 addr=0x5a ok=18235 err=0 tmo=0 recov=0 pclk1=200000000 sysclk=400000000
1788557504.673753 [NAK] nacks=0
1788557504.678352 [CLK] cpu=800000000 sysb=400000000 pclk1=200000000
1788557504.682831 [TOF] res=0 step=0 id=0xeacc blk=0xeacc10 ctl=0x0
1788557504.688729 [RNG] init=0 step=99 id=0xeacc boot=1 calls=93 xerr=0 dm=1 tb=15
1788557504.695604 [RNG] osc=41 imp=881 imprb=881 mstart=0x40 cfg=91 cfgfail=0x0 vhv=0 vpolls=0
1788557504.701837 [PRT] calls=10413 xerr=0 ler=1 lidx=0x0 perr=0 maxcnt=17 addr8=0x52
1788557504.705838 [RTY] wr=0 wmax=0 wref=0  rd=0 rmax=0 rref=0
1788557504.713676 [RNG] frames=2576 last=60 min=49 max=73 nrdy=0 dxfer=0 dstat=0 lst=0 nrdyerr=0 dclr=0
1788557504.719850 [DRV] init=0 id=7 mode=0x1 lib=0x2 seq=0x1 odc=0x8b sts=0xe0 armed=1
1788557504.725206 [TRG] pulses=26 suppressed=302 cyc=1600 rst=1 rstmode=0x40
1788557504.728466 [HLT] polls=51 faults=0x0 cfglost=0
1788557504.734221 [EFF] n=5 last=58512 min=58450 max=58515 late=0 stuck=0 rderr=0
1788557504.744583 [IMU] init=0 addr=0x68 who=0x68 rst=1 pmrb0=0x40 pmrb=0x1 sr=19 cfg=4 gcfg=0x0 acfg=0x8 icfg=0x30 ien=0x1 armed=1
1788557504.749719 [ACC] reads=2578 stale=2573 rderr=0 ax=55 ay=-74 az=1124
1788557504.752330 [PWR] pm=0x1 drift=0 rderr=0
1788557504.756378 [DWT] ok=1 cyc=2990913283 cyc_per_ms=800000
1788557505.769585 [HB] up_ms=58620 frames=2624 inf=2624 hazard=328 canary_err=0 q=0 qovr=0
1788557505.780609 [I2C] init=0 gate=0 whoami=0x201e0 wr=0 wrseen=0x27 addr=0x5a ok=18537 err=0 tmo=0 recov=0 pclk1=200000000 sysclk=400000000
1788557505.782019 [NAK] nacks=0
1788557505.786710 [CLK] cpu=800000000 sysb=400000000 pclk1=200000000
1788557505.791320 [TOF] res=0 step=0 id=0xeacc blk=0xeacc10 ctl=0x0
1788557505.797088 [RNG] init=0 step=99 id=0xeacc boot=1 calls=93 xerr=0 dm=1 tb=15
1788557505.803987 [RNG] osc=41 imp=881 imprb=881 mstart=0x40 cfg=91 cfgfail=0x0 vhv=0 vpolls=0
1788557505.810291 [PRT] calls=10613 xerr=0 ler=1 lidx=0x0 perr=0 maxcnt=17 addr8=0x52
1788557505.814239 [RTY] wr=0 wmax=0 wref=0  rd=0 rmax=0 rref=0
1788557505.821986 [RNG] frames=2626 last=62 min=49 max=73 nrdy=0 dxfer=0 dstat=0 lst=0 nrdyerr=0 dclr=0
1788557505.828162 [DRV] init=0 id=7 mode=0x1 lib=0x2 seq=0x1 odc=0x8b sts=0xe0 armed=1
1788557505.833594 [TRG] pulses=26 suppressed=302 cyc=1600 rst=1 rstmode=0x40
1788557505.836861 [HLT] polls=52 faults=0x0 cfglost=0
1788557505.842601 [EFF] n=5 last=58512 min=58450 max=58515 late=0 stuck=0 rderr=0
1788557505.852733 [IMU] init=0 addr=0x68 who=0x68 rst=1 pmrb0=0x40 pmrb=0x1 sr=19 cfg=4 gcfg=0x0 acfg=0x8 icfg=0x30 ien=0x1 armed=1
1788557505.858340 [ACC] reads=2627 stale=2622 rderr=0 ax=56 ay=-73 az=1125
1788557505.860753 [PWR] pm=0x1 drift=0 rderr=0
1788557505.864740 [DWT] ok=1 cyc=3871713375 cyc_per_ms=800000
1788557506.879266 [HB] up_ms=59721 frames=2673 inf=2673 hazard=328 canary_err=0 q=0 qovr=0
1788557506.889349 [I2C] init=0 gate=0 whoami=0x201e0 wr=0 wrseen=0x27 addr=0x5a ok=18839 err=0 tmo=0 recov=0 pclk1=200000000 sysclk=400000000
1788557506.890741 [NAK] nacks=0
1788557506.895343 [CLK] cpu=800000000 sysb=400000000 pclk1=200000000
1788557506.899957 [TOF] res=0 step=0 id=0xeacc blk=0xeacc10 ctl=0x0
1788557506.905826 [RNG] init=0 step=99 id=0xeacc boot=1 calls=93 xerr=0 dm=1 tb=15
1788557506.912708 [RNG] osc=41 imp=881 imprb=881 mstart=0x40 cfg=91 cfgfail=0x0 vhv=0 vpolls=0
1788557506.918706 [PRT] calls=10813 xerr=0 ler=1 lidx=0x0 perr=0 maxcnt=17 addr8=0x52
1788557506.922940 [RTY] wr=0 wmax=0 wref=0  rd=0 rmax=0 rref=0
1788557506.930720 [RNG] frames=2676 last=61 min=49 max=73 nrdy=0 dxfer=0 dstat=0 lst=0 nrdyerr=0 dclr=0
1788557506.936828 [DRV] init=0 id=7 mode=0x1 lib=0x2 seq=0x1 odc=0x8b sts=0xe0 armed=1
1788557506.942070 [TRG] pulses=26 suppressed=302 cyc=1600 rst=1 rstmode=0x40
1788557506.945598 [HLT] polls=53 faults=0x0 cfglost=0
1788557506.951318 [EFF] n=5 last=58512 min=58450 max=58515 late=0 stuck=0 rderr=0
1788557506.961474 [IMU] init=0 addr=0x68 who=0x68 rst=1 pmrb0=0x40 pmrb=0x1 sr=19 cfg=4 gcfg=0x0 acfg=0x8 icfg=0x30 ien=0x1 armed=1
1788557506.966764 [ACC] reads=2677 stale=2672 rderr=0 ax=56 ay=-72 az=1125
1788557506.969485 [PWR] pm=0x1 drift=0 rderr=0
1788557506.973358 [DWT] ok=1 cyc=457680737 cyc_per_ms=800122
1788557507.986957 [HB] up_ms=60822 frames=2723 inf=2723 hazard=369 canary_err=0 q=0 qovr=0
1788557507.998057 [I2C] init=0 gate=0 whoami=0x201e0 wr=0 wrseen=0x27 addr=0x5a ok=19139 err=0 tmo=0 recov=0 pclk1=200000000 sysclk=400000000
1788557507.999298 [NAK] nacks=0
1788557508.003930 [CLK] cpu=800000000 sysb=400000000 pclk1=200000000
1788557508.008875 [TOF] res=0 step=0 id=0xeacc blk=0xeacc10 ctl=0x0
1788557508.014435 [RNG] init=0 step=99 id=0xeacc boot=1 calls=93 xerr=0 dm=1 tb=15
1788557508.021302 [RNG] osc=41 imp=881 imprb=881 mstart=0x40 cfg=91 cfgfail=0x0 vhv=0 vpolls=0
1788557508.027610 [PRT] calls=11013 xerr=0 ler=1 lidx=0x0 perr=0 maxcnt=17 addr8=0x52
1788557508.031446 [RTY] wr=0 wmax=0 wref=0  rd=0 rmax=0 rref=0
1788557508.039299 [RNG] frames=2725 last=67 min=49 max=73 nrdy=0 dxfer=0 dstat=0 lst=0 nrdyerr=0 dclr=0
1788557508.045574 [DRV] init=0 id=7 mode=0x1 lib=0x2 seq=0x1 odc=0x8b sts=0xe0 armed=1
1788557508.050833 [TRG] pulses=29 suppressed=340 cyc=1600 rst=1 rstmode=0x40
1788557508.054072 [HLT] polls=54 faults=0x0 cfglost=0
1788557508.060109 [EFF] n=5 last=58512 min=58450 max=58515 late=0 stuck=0 rderr=0
1788557508.070187 [IMU] init=0 addr=0x68 who=0x68 rst=1 pmrb0=0x40 pmrb=0x1 sr=19 cfg=4 gcfg=0x0 acfg=0x8 icfg=0x30 ien=0x1 armed=1
1788557508.075336 [ACC] reads=2727 stale=2722 rderr=0 ax=55 ay=-73 az=1127
1788557508.077954 [PWR] pm=0x1 drift=0 rderr=0
1788557508.082068 [DWT] ok=1 cyc=1338345903 cyc_per_ms=799877
1788557509.097288 [HB] up_ms=61924 frames=2773 inf=2773 hazard=369 canary_err=0 q=0 qovr=0
1788557509.108427 [I2C] init=0 gate=0 whoami=0x201e0 wr=0 wrseen=0x27 addr=0x5a ok=19437 err=0 tmo=0 recov=0 pclk1=200000000 sysclk=400000000
1788557509.109708 [NAK] nacks=0
1788557509.114315 [CLK] cpu=800000000 sysb=400000000 pclk1=200000000
1788557509.118831 [TOF] res=0 step=0 id=0xeacc blk=0xeacc10 ctl=0x0
1788557509.124814 [RNG] init=0 step=99 id=0xeacc boot=1 calls=93 xerr=0 dm=1 tb=15
1788557509.131678 [RNG] osc=41 imp=881 imprb=881 mstart=0x40 cfg=91 cfgfail=0x0 vhv=0 vpolls=0
1788557509.137796 [PRT] calls=11213 xerr=0 ler=1 lidx=0x0 perr=0 maxcnt=17 addr8=0x52
1788557509.141940 [RTY] wr=0 wmax=0 wref=0  rd=0 rmax=0 rref=0
1788557509.149813 [RNG] frames=2775 last=63 min=49 max=73 nrdy=0 dxfer=0 dstat=0 lst=0 nrdyerr=0 dclr=0
1788557509.155922 [DRV] init=0 id=7 mode=0x1 lib=0x2 seq=0x1 odc=0x8b sts=0xe0 armed=1
1788557509.161205 [TRG] pulses=29 suppressed=340 cyc=1600 rst=1 rstmode=0x40
1788557509.164582 [HLT] polls=55 faults=0x0 cfglost=0
1788557509.170431 [EFF] n=5 last=58512 min=58450 max=58515 late=0 stuck=0 rderr=0
1788557509.180615 [IMU] init=0 addr=0x68 who=0x68 rst=1 pmrb0=0x40 pmrb=0x1 sr=19 cfg=4 gcfg=0x0 acfg=0x8 icfg=0x30 ien=0x1 armed=1
1788557509.185680 [ACC] reads=2777 stale=2772 rderr=0 ax=56 ay=-71 az=1128
1788557509.188304 [PWR] pm=0x1 drift=0 rderr=0
1788557509.192486 [DWT] ok=1 cyc=2219946759 cyc_per_ms=800000
1788557510.206301 [HB] up_ms=63025 frames=2823 inf=2823 hazard=369 canary_err=0 q=0 qovr=0
1788557510.217533 [I2C] init=0 gate=0 whoami=0x201e0 wr=0 wrseen=0x27 addr=0x5a ok=19739 err=0 tmo=0 recov=0 pclk1=200000000 sysclk=400000000
1788557510.218804 [NAK] nacks=0
1788557510.223400 [CLK] cpu=800000000 sysb=400000000 pclk1=200000000
1788557510.229336 [TOF] res=0 step=0 id=0xeacc blk=0xeacc10 ctl=0x0
1788557510.233796 [RNG] init=0 step=99 id=0xeacc boot=1 calls=93 xerr=0 dm=1 tb=15
1788557510.240805 [RNG] osc=41 imp=881 imprb=881 mstart=0x40 cfg=91 cfgfail=0x0 vhv=0 vpolls=0
1788557510.246910 [PRT] calls=11413 xerr=0 ler=1 lidx=0x0 perr=0 maxcnt=17 addr8=0x52
1788557510.250912 [RTY] wr=0 wmax=0 wref=0  rd=0 rmax=0 rref=0
1788557510.258897 [RNG] frames=2825 last=60 min=49 max=73 nrdy=0 dxfer=0 dstat=0 lst=0 nrdyerr=0 dclr=0
1788557510.265033 [DRV] init=0 id=7 mode=0x1 lib=0x2 seq=0x1 odc=0x8b sts=0xe0 armed=1
1788557510.270276 [TRG] pulses=29 suppressed=340 cyc=1600 rst=1 rstmode=0x40
1788557510.273527 [HLT] polls=56 faults=0x0 cfglost=0
1788557510.279285 [EFF] n=5 last=58512 min=58450 max=58515 late=0 stuck=0 rderr=0
1788557510.289664 [IMU] init=0 addr=0x68 who=0x68 rst=1 pmrb0=0x40 pmrb=0x1 sr=19 cfg=4 gcfg=0x0 acfg=0x8 icfg=0x30 ien=0x1 armed=1
1788557510.294798 [ACC] reads=2827 stale=2822 rderr=0 ax=57 ay=-70 az=1128
1788557510.297418 [PWR] pm=0x1 drift=0 rderr=0
1788557510.301400 [DWT] ok=1 cyc=3100746079 cyc_per_ms=799999
1788557511.314928 [HB] up_ms=64126 frames=2873 inf=2873 hazard=369 canary_err=0 q=0 qovr=0
1788557511.326112 [I2C] init=0 gate=0 whoami=0x201e0 wr=0 wrseen=0x27 addr=0x5a ok=20041 err=0 tmo=0 recov=0 pclk1=200000000 sysclk=400000000
1788557511.327699 [NAK] nacks=0
1788557511.332048 [CLK] cpu=800000000 sysb=400000000 pclk1=200000000
1788557511.336540 [TOF] res=0 step=0 id=0xeacc blk=0xeacc10 ctl=0x0
1788557511.342281 [RNG] init=0 step=99 id=0xeacc boot=1 calls=93 xerr=0 dm=1 tb=15
1788557511.349436 [RNG] osc=41 imp=881 imprb=881 mstart=0x40 cfg=91 cfgfail=0x0 vhv=0 vpolls=0
1788557511.355543 [PRT] calls=11613 xerr=0 ler=1 lidx=0x0 perr=0 maxcnt=17 addr8=0x52
1788557511.359642 [RTY] wr=0 wmax=0 wref=0  rd=0 rmax=0 rref=0
1788557511.367290 [RNG] frames=2875 last=67 min=49 max=73 nrdy=0 dxfer=0 dstat=0 lst=0 nrdyerr=0 dclr=0
1788557511.373681 [DRV] init=0 id=7 mode=0x1 lib=0x2 seq=0x1 odc=0x8b sts=0xe0 armed=1
1788557511.379001 [TRG] pulses=29 suppressed=340 cyc=1600 rst=1 rstmode=0x40
1788557511.382213 [HLT] polls=57 faults=0x0 cfglost=0
1788557511.387915 [EFF] n=5 last=58512 min=58450 max=58515 late=0 stuck=0 rderr=0
1788557511.398300 [IMU] init=0 addr=0x68 who=0x68 rst=1 pmrb0=0x40 pmrb=0x1 sr=19 cfg=4 gcfg=0x0 acfg=0x8 icfg=0x30 ien=0x1 armed=1
1788557511.403414 [ACC] reads=2877 stale=2872 rderr=0 ax=57 ay=-69 az=1123
1788557511.406034 [PWR] pm=0x1 drift=0 rderr=0
1788557511.410066 [DWT] ok=1 cyc=3981545859 cyc_per_ms=799999
1788557512.425069 [HB] up_ms=65227 frames=2923 inf=2923 hazard=369 canary_err=0 q=0 qovr=0
1788557512.435979 [I2C] init=0 gate=0 whoami=0x201e0 wr=0 wrseen=0x27 addr=0x5a ok=20343 err=0 tmo=0 recov=0 pclk1=200000000 sysclk=400000000
1788557512.437130 [NAK] nacks=0
1788557512.442001 [CLK] cpu=800000000 sysb=400000000 pclk1=200000000
1788557512.446194 [TOF] res=0 step=0 id=0xeacc blk=0xeacc10 ctl=0x0
1788557512.452029 [RNG] init=0 step=99 id=0xeacc boot=1 calls=93 xerr=0 dm=1 tb=15
1788557512.458968 [RNG] osc=41 imp=881 imprb=881 mstart=0x40 cfg=91 cfgfail=0x0 vhv=0 vpolls=0
1788557512.465190 [PRT] calls=11809 xerr=0 ler=1 lidx=0x0 perr=0 maxcnt=17 addr8=0x52
1788557512.469265 [RTY] wr=0 wmax=0 wref=0  rd=0 rmax=0 rref=0
1788557512.476951 [RNG] frames=2925 last=62 min=49 max=73 nrdy=0 dxfer=0 dstat=0 lst=0 nrdyerr=0 dclr=0
1788557512.483327 [DRV] init=0 id=7 mode=0x1 lib=0x2 seq=0x1 odc=0x8b sts=0xe0 armed=1
1788557512.488524 [TRG] pulses=29 suppressed=340 cyc=1600 rst=1 rstmode=0x40
1788557512.491820 [HLT] polls=58 faults=0x0 cfglost=0
1788557512.497540 [EFF] n=5 last=58512 min=58450 max=58515 late=0 stuck=0 rderr=0
1788557512.507927 [IMU] init=0 addr=0x68 who=0x68 rst=1 pmrb0=0x40 pmrb=0x1 sr=19 cfg=4 gcfg=0x0 acfg=0x8 icfg=0x30 ien=0x1 armed=1
1788557512.513114 [ACC] reads=2927 stale=2922 rderr=0 ax=57 ay=-70 az=1125
1788557512.515676 [PWR] pm=0x1 drift=0 rderr=0
1788557512.519532 [DWT] ok=1 cyc=567378695 cyc_per_ms=800000
1788557513.534036 [HB] up_ms=66328 frames=2973 inf=2973 hazard=369 canary_err=0 q=0 qovr=0
1788557513.545029 [I2C] init=0 gate=0 whoami=0x201e0 wr=0 wrseen=0x27 addr=0x5a ok=20645 err=0 tmo=0 recov=0 pclk1=200000000 sysclk=400000000
1788557513.546424 [NAK] nacks=0
1788557513.551189 [CLK] cpu=800000000 sysb=400000000 pclk1=200000000
1788557513.555656 [TOF] res=0 step=0 id=0xeacc blk=0xeacc10 ctl=0x0
1788557513.561521 [RNG] init=0 step=99 id=0xeacc boot=1 calls=93 xerr=0 dm=1 tb=15
1788557513.568389 [RNG] osc=41 imp=881 imprb=881 mstart=0x40 cfg=91 cfgfail=0x0 vhv=0 vpolls=0
1788557513.574655 [PRT] calls=12009 xerr=0 ler=1 lidx=0x0 perr=0 maxcnt=17 addr8=0x52
1788557513.578802 [RTY] wr=0 wmax=0 wref=0  rd=0 rmax=0 rref=0
1788557513.586401 [RNG] frames=2975 last=65 min=49 max=73 nrdy=0 dxfer=0 dstat=0 lst=0 nrdyerr=0 dclr=0
1788557513.592729 [DRV] init=0 id=7 mode=0x1 lib=0x2 seq=0x1 odc=0x8b sts=0xe0 armed=1
1788557513.598182 [TRG] pulses=29 suppressed=340 cyc=1600 rst=1 rstmode=0x40
1788557513.601410 [HLT] polls=59 faults=0x0 cfglost=0
1788557513.607255 [EFF] n=5 last=58512 min=58450 max=58515 late=0 stuck=0 rderr=0
1788557513.617282 [IMU] init=0 addr=0x68 who=0x68 rst=1 pmrb0=0x40 pmrb=0x1 sr=19 cfg=4 gcfg=0x0 acfg=0x8 icfg=0x30 ien=0x1 armed=1
1788557513.622544 [ACC] reads=2976 stale=2971 rderr=0 ax=57 ay=-70 az=1125
1788557513.625383 [PWR] pm=0x1 drift=0 rderr=0
1788557513.629165 [DWT] ok=1 cyc=1448178707 cyc_per_ms=800000
1788557514.643902 [HB] up_ms=67429 frames=3022 inf=3022 hazard=391 canary_err=0 q=0 qovr=0
1788557514.654904 [I2C] init=0 gate=0 whoami=0x201e0 wr=0 wrseen=0x27 addr=0x5a ok=20947 err=0 tmo=0 recov=0 pclk1=200000000 sysclk=400000000
1788557514.656275 [NAK] nacks=0
1788557514.660810 [CLK] cpu=800000000 sysb=400000000 pclk1=200000000
1788557514.665519 [TOF] res=0 step=0 id=0xeacc blk=0xeacc10 ctl=0x0
1788557514.671263 [RNG] init=0 step=99 id=0xeacc boot=1 calls=93 xerr=0 dm=1 tb=15
1788557514.678162 [RNG] osc=41 imp=881 imprb=881 mstart=0x40 cfg=91 cfgfail=0x0 vhv=0 vpolls=0
1788557514.684273 [PRT] calls=12209 xerr=0 ler=1 lidx=0x0 perr=0 maxcnt=17 addr8=0x52
1788557514.688513 [RTY] wr=0 wmax=0 wref=0  rd=0 rmax=0 rref=0
1788557514.696272 [RNG] frames=3025 last=64 min=49 max=73 nrdy=0 dxfer=0 dstat=0 lst=0 nrdyerr=0 dclr=0
1788557514.702382 [DRV] init=0 id=7 mode=0x1 lib=0x2 seq=0x1 odc=0x8b sts=0xe0 armed=1
1788557514.707624 [TRG] pulses=31 suppressed=363 cyc=1600 rst=1 rstmode=0x40
1788557514.711174 [HLT] polls=60 faults=0x0 cfglost=0
1788557514.716894 [EFF] n=5 last=58512 min=58450 max=58515 late=0 stuck=0 rderr=0
1788557514.727136 [IMU] init=0 addr=0x68 who=0x68 rst=1 pmrb0=0x40 pmrb=0x1 sr=19 cfg=4 gcfg=0x0 acfg=0x8 icfg=0x30 ien=0x1 armed=1
1788557514.732271 [ACC] reads=3026 stale=3021 rderr=0 ax=57 ay=-69 az=1124
1788557514.735012 [PWR] pm=0x1 drift=0 rderr=0
1788557514.739004 [DWT] ok=1 cyc=2329117805 cyc_per_ms=800126
1788557515.754382 [HB] up_ms=68531 frames=3072 inf=3072 hazard=410 canary_err=0 q=0 qovr=0
1788557515.765411 [I2C] init=0 gate=0 whoami=0x201e0 wr=0 wrseen=0x27 addr=0x5a ok=21249 err=0 tmo=0 recov=0 pclk1=200000000 sysclk=400000000
1788557515.766796 [NAK] nacks=0
1788557515.771393 [CLK] cpu=800000000 sysb=400000000 pclk1=200000000
1788557515.775936 [TOF] res=0 step=0 id=0xeacc blk=0xeacc10 ctl=0x0
1788557515.781891 [RNG] init=0 step=99 id=0xeacc boot=1 calls=93 xerr=0 dm=1 tb=15
1788557515.788756 [RNG] osc=41 imp=881 imprb=881 mstart=0x40 cfg=91 cfgfail=0x0 vhv=0 vpolls=0
1788557515.794908 [PRT] calls=12409 xerr=0 ler=1 lidx=0x0 perr=0 maxcnt=17 addr8=0x52
1788557515.799005 [RTY] wr=0 wmax=0 wref=0  rd=0 rmax=0 rref=0
1788557515.806773 [RNG] frames=3074 last=65 min=49 max=73 nrdy=0 dxfer=0 dstat=0 lst=0 nrdyerr=0 dclr=0
1788557515.813009 [DRV] init=0 id=7 mode=0x1 lib=0x2 seq=0x1 odc=0x8b sts=0xe0 armed=1
1788557515.818264 [TRG] pulses=32 suppressed=378 cyc=1600 rst=1 rstmode=0x40
1788557515.821501 [HLT] polls=61 faults=0x0 cfglost=0
1788557515.827535 [EFF] n=5 last=58512 min=58450 max=58515 late=0 stuck=0 rderr=0
1788557515.837630 [IMU] init=0 addr=0x68 who=0x68 rst=1 pmrb0=0x40 pmrb=0x1 sr=19 cfg=4 gcfg=0x0 acfg=0x8 icfg=0x30 ien=0x1 armed=1
1788557515.842747 [ACC] reads=3076 stale=3071 rderr=0 ax=56 ay=-69 az=1125
1788557515.845500 [PWR] pm=0x1 drift=0 rderr=0
1788557515.849504 [DWT] ok=1 cyc=3210650971 cyc_per_ms=799939
1788557516.864896 [HB] up_ms=69633 frames=3122 inf=3122 hazard=410 canary_err=0 q=0 qovr=0
1788557516.876208 [I2C] init=0 gate=0 whoami=0x201e0 wr=0 wrseen=0x27 addr=0x5a ok=21545 err=0 tmo=0 recov=0 pclk1=200000000 sysclk=400000000
1788557516.877421 [NAK] nacks=0
1788557516.882009 [CLK] cpu=800000000 sysb=400000000 pclk1=200000000
1788557516.886517 [TOF] res=0 step=0 id=0xeacc blk=0xeacc10 ctl=0x0
1788557516.892519 [RNG] init=0 step=99 id=0xeacc boot=1 calls=93 xerr=0 dm=1 tb=15
1788557516.899368 [RNG] osc=41 imp=881 imprb=881 mstart=0x40 cfg=91 cfgfail=0x0 vhv=0 vpolls=0
1788557516.905534 [PRT] calls=12609 xerr=0 ler=1 lidx=0x0 perr=0 maxcnt=17 addr8=0x52
1788557516.909639 [RTY] wr=0 wmax=0 wref=0  rd=0 rmax=0 rref=0
1788557516.917513 [RNG] frames=3124 last=66 min=49 max=73 nrdy=0 dxfer=0 dstat=0 lst=0 nrdyerr=0 dclr=0
1788557516.923629 [DRV] init=0 id=7 mode=0x1 lib=0x2 seq=0x1 odc=0x8b sts=0xe0 armed=1
1788557516.928896 [TRG] pulses=32 suppressed=378 cyc=1600 rst=1 rstmode=0x40
1788557516.932243 [HLT] polls=62 faults=0x0 cfglost=0
1788557516.938227 [EFF] n=5 last=58512 min=58450 max=58515 late=0 stuck=0 rderr=0
1788557516.948272 [IMU] init=0 addr=0x68 who=0x68 rst=1 pmrb0=0x40 pmrb=0x1 sr=19 cfg=4 gcfg=0x0 acfg=0x8 icfg=0x30 ien=0x1 armed=1
1788557516.953381 [ACC] reads=3126 stale=3121 rderr=0 ax=56 ay=-70 az=1126
1788557516.956014 [PWR] pm=0x1 drift=0 rderr=0
1788557516.960169 [DWT] ok=1 cyc=4092178867 cyc_per_ms=799934
1788557517.975179 [HB] up_ms=70735 frames=3172 inf=3172 hazard=410 canary_err=0 q=0 qovr=0
1788557517.986368 [I2C] init=0 gate=0 whoami=0x201e0 wr=0 wrseen=0x27 addr=0x5a ok=21847 err=0 tmo=0 recov=0 pclk1=200000000 sysclk=400000000
1788557517.987602 [NAK] nacks=0
1788557517.992250 [CLK] cpu=800000000 sysb=400000000 pclk1=200000000
1788557517.996742 [TOF] res=0 step=0 id=0xeacc blk=0xeacc10 ctl=0x0
1788557518.002623 [RNG] init=0 step=99 id=0xeacc boot=1 calls=93 xerr=0 dm=1 tb=15
1788557518.009686 [RNG] osc=41 imp=881 imprb=881 mstart=0x40 cfg=91 cfgfail=0x0 vhv=0 vpolls=0
1788557518.015742 [PRT] calls=12809 xerr=0 ler=1 lidx=0x0 perr=0 maxcnt=17 addr8=0x52
1788557518.019852 [RTY] wr=0 wmax=0 wref=0  rd=0 rmax=0 rref=0
1788557518.027652 [RNG] frames=3174 last=59 min=49 max=73 nrdy=0 dxfer=0 dstat=0 lst=0 nrdyerr=0 dclr=0
1788557518.033881 [DRV] init=0 id=7 mode=0x1 lib=0x2 seq=0x1 odc=0x8b sts=0xe0 armed=1
1788557518.039135 [TRG] pulses=32 suppressed=378 cyc=1600 rst=1 rstmode=0x40
1788557518.042428 [HLT] polls=63 faults=0x0 cfglost=0
1788557518.048133 [EFF] n=5 last=58512 min=58450 max=58515 late=0 stuck=0 rderr=0
1788557518.058507 [IMU] init=0 addr=0x68 who=0x68 rst=1 pmrb0=0x40 pmrb=0x1 sr=19 cfg=4 gcfg=0x0 acfg=0x8 icfg=0x30 ien=0x1 armed=1
1788557518.063625 [ACC] reads=3176 stale=3171 rderr=0 ax=56 ay=-68 az=1124
1788557518.066228 [PWR] pm=0x1 drift=0 rderr=0
1788557518.070143 [DWT] ok=1 cyc=678811275 cyc_per_ms=799999
1788557519.084010 [HB] up_ms=71836 frames=3222 inf=3222 hazard=410 canary_err=0 q=0 qovr=0
1788557519.095153 [I2C] init=0 gate=0 whoami=0x201e0 wr=0 wrseen=0x27 addr=0x5a ok=22149 err=0 tmo=0 recov=0 pclk1=200000000 sysclk=400000000
1788557519.096478 [NAK] nacks=0
1788557519.100974 [CLK] cpu=800000000 sysb=400000000 pclk1=200000000
1788557519.105487 [TOF] res=0 step=0 id=0xeacc blk=0xeacc10 ctl=0x0
1788557519.111378 [RNG] init=0 step=99 id=0xeacc boot=1 calls=93 xerr=0 dm=1 tb=15
1788557519.118478 [RNG] osc=41 imp=881 imprb=881 mstart=0x40 cfg=91 cfgfail=0x0 vhv=0 vpolls=0
1788557519.124519 [PRT] calls=13009 xerr=0 ler=1 lidx=0x0 perr=0 maxcnt=17 addr8=0x52
1788557519.129120 [RTY] wr=0 wmax=0 wref=0  rd=0 rmax=0 rref=0
1788557519.136233 [RNG] frames=3224 last=60 min=49 max=73 nrdy=0 dxfer=0 dstat=0 lst=0 nrdyerr=0 dclr=0
1788557519.142602 [DRV] init=0 id=7 mode=0x1 lib=0x2 seq=0x1 odc=0x8b sts=0xe0 armed=1
1788557519.148010 [TRG] pulses=32 suppressed=378 cyc=1600 rst=1 rstmode=0x40
1788557519.151243 [HLT] polls=64 faults=0x0 cfglost=0
1788557519.156986 [EFF] n=5 last=58512 min=58450 max=58515 late=0 stuck=0 rderr=0
1788557519.167255 [IMU] init=0 addr=0x68 who=0x68 rst=1 pmrb0=0x40 pmrb=0x1 sr=19 cfg=4 gcfg=0x0 acfg=0x8 icfg=0x30 ien=0x1 armed=1
1788557519.172378 [ACC] reads=3226 stale=3221 rderr=0 ax=57 ay=-70 az=1129
1788557519.175331 [PWR] pm=0x1 drift=0 rderr=0
1788557519.179019 [DWT] ok=1 cyc=1559611395 cyc_per_ms=800000
1788557520.193429 [HB] up_ms=72937 frames=3272 inf=3272 hazard=410 canary_err=0 q=0 qovr=0
1788557520.204513 [I2C] init=0 gate=0 whoami=0x201e0 wr=0 wrseen=0x27 addr=0x5a ok=22451 err=0 tmo=0 recov=0 pclk1=200000000 sysclk=400000000
1788557520.205884 [NAK] nacks=0
1788557520.210515 [CLK] cpu=800000000 sysb=400000000 pclk1=200000000
1788557520.215004 [TOF] res=0 step=0 id=0xeacc blk=0xeacc10 ctl=0x0
1788557520.220873 [RNG] init=0 step=99 id=0xeacc boot=1 calls=93 xerr=0 dm=1 tb=15
1788557520.228207 [RNG] osc=41 imp=881 imprb=881 mstart=0x40 cfg=91 cfgfail=0x0 vhv=0 vpolls=0
1788557520.234013 [PRT] calls=13208 xerr=0 ler=1 lidx=0x0 perr=0 maxcnt=17 addr8=0x52
1788557520.238160 [RTY] wr=0 wmax=0 wref=0  rd=0 rmax=0 rref=0
1788557520.245747 [RNG] frames=3274 last=61 min=49 max=73 nrdy=0 dxfer=0 dstat=0 lst=0 nrdyerr=0 dclr=0
1788557520.252193 [DRV] init=0 id=7 mode=0x1 lib=0x2 seq=0x1 odc=0x8b sts=0xe0 armed=1
1788557520.257642 [TRG] pulses=32 suppressed=378 cyc=1600 rst=1 rstmode=0x40
1788557520.260816 [HLT] polls=65 faults=0x0 cfglost=0
1788557520.266387 [EFF] n=5 last=58512 min=58450 max=58515 late=0 stuck=0 rderr=0
1788557520.276773 [IMU] init=0 addr=0x68 who=0x68 rst=1 pmrb0=0x40 pmrb=0x1 sr=19 cfg=4 gcfg=0x0 acfg=0x8 icfg=0x30 ien=0x1 armed=1
1788557520.281860 [ACC] reads=3276 stale=3271 rderr=0 ax=57 ay=-68 az=1124
1788557520.284486 [PWR] pm=0x1 drift=0 rderr=0
1788557520.288478 [DWT] ok=1 cyc=2440411443 cyc_per_ms=800000
1788557521.302497 [HB] up_ms=74038 frames=3322 inf=3322 hazard=412 canary_err=0 q=0 qovr=0
1788557521.313489 [I2C] init=0 gate=0 whoami=0x201e0 wr=0 wrseen=0x27 addr=0x5a ok=22753 err=0 tmo=0 recov=0 pclk1=200000000 sysclk=400000000
1788557521.314833 [NAK] nacks=0
1788557521.319589 [CLK] cpu=800000000 sysb=400000000 pclk1=200000000
1788557521.324145 [TOF] res=0 step=0 id=0xeacc blk=0xeacc10 ctl=0x0
1788557521.329872 [RNG] init=0 step=99 id=0xeacc boot=1 calls=93 xerr=0 dm=1 tb=15
1788557521.336849 [RNG] osc=41 imp=881 imprb=881 mstart=0x40 cfg=91 cfgfail=0x0 vhv=0 vpolls=0
1788557521.343152 [PRT] calls=13405 xerr=0 ler=1 lidx=0x0 perr=0 maxcnt=17 addr8=0x52
1788557521.347100 [RTY] wr=0 wmax=0 wref=0  rd=0 rmax=0 rref=0
1788557521.354842 [RNG] frames=3324 last=61 min=49 max=73 nrdy=0 dxfer=0 dstat=0 lst=0 nrdyerr=0 dclr=0
1788557521.360983 [DRV] init=0 id=7 mode=0x1 lib=0x2 seq=0x1 odc=0x8b sts=0xe0 armed=1
1788557521.366528 [TRG] pulses=33 suppressed=381 cyc=1600 rst=1 rstmode=0x40
1788557521.369722 [HLT] polls=66 faults=0x0 cfglost=0
1788557521.375662 [EFF] n=5 last=58512 min=58450 max=58515 late=0 stuck=0 rderr=0
1788557521.385729 [IMU] init=0 addr=0x68 who=0x68 rst=1 pmrb0=0x40 pmrb=0x1 sr=19 cfg=4 gcfg=0x0 acfg=0x8 icfg=0x30 ien=0x1 armed=1
1788557521.390969 [ACC] reads=3326 stale=3321 rderr=0 ax=59 ay=-72 az=1126
1788557521.393590 [PWR] pm=0x1 drift=0 rderr=0
1788557521.397611 [DWT] ok=1 cyc=3321215075 cyc_per_ms=800003
1788557522.412101 [HB] up_ms=75139 frames=3371 inf=3371 hazard=451 canary_err=0 q=0 qovr=0
1788557522.423219 [I2C] init=0 gate=0 whoami=0x201e0 wr=0 wrseen=0x27 addr=0x5a ok=23055 err=0 tmo=0 recov=0 pclk1=200000000 sysclk=400000000
1788557522.424469 [NAK] nacks=0
1788557522.429206 [CLK] cpu=800000000 sysb=400000000 pclk1=200000000
1788557522.433833 [TOF] res=0 step=0 id=0xeacc blk=0xeacc10 ctl=0x0
1788557522.439602 [RNG] init=0 step=99 id=0xeacc boot=1 calls=93 xerr=0 dm=1 tb=15
1788557522.446496 [RNG] osc=41 imp=881 imprb=881 mstart=0x40 cfg=91 cfgfail=0x0 vhv=0 vpolls=0
1788557522.452720 [PRT] calls=13605 xerr=0 ler=1 lidx=0x0 perr=0 maxcnt=17 addr8=0x52
1788557522.456825 [RTY] wr=0 wmax=0 wref=0  rd=0 rmax=0 rref=0
1788557522.464579 [RNG] frames=3374 last=61 min=49 max=73 nrdy=0 dxfer=0 dstat=0 lst=0 nrdyerr=0 dclr=0
1788557522.470724 [DRV] init=0 id=7 mode=0x1 lib=0x2 seq=0x1 odc=0x8b sts=0xe0 armed=1
1788557522.476289 [TRG] pulses=35 suppressed=416 cyc=1600 rst=1 rstmode=0x40
1788557522.479496 [HLT] polls=67 faults=0x0 cfglost=0
1788557522.485214 [EFF] n=5 last=58512 min=58450 max=58515 late=0 stuck=0 rderr=0
1788557522.495419 [IMU] init=0 addr=0x68 who=0x68 rst=1 pmrb0=0x40 pmrb=0x1 sr=19 cfg=4 gcfg=0x0 acfg=0x8 icfg=0x30 ien=0x1 armed=1
1788557522.500743 [ACC] reads=3375 stale=3370 rderr=0 ax=57 ay=-71 az=1124
1788557522.503326 [PWR] pm=0x1 drift=0 rderr=0
1788557522.507361 [DWT] ok=1 cyc=4202145325 cyc_per_ms=800118
1788557523.522960 [HB] up_ms=76241 frames=3421 inf=3421 hazard=451 canary_err=0 q=0 qovr=0
1788557523.534094 [I2C] init=0 gate=0 whoami=0x201e0 wr=0 wrseen=0x27 addr=0x5a ok=23357 err=0 tmo=0 recov=0 pclk1=200000000 sysclk=400000000
1788557523.535324 [NAK] nacks=0
1788557523.539981 [CLK] cpu=800000000 sysb=400000000 pclk1=200000000
1788557523.544623 [TOF] res=0 step=0 id=0xeacc blk=0xeacc10 ctl=0x0
1788557523.550438 [RNG] init=0 step=99 id=0xeacc boot=1 calls=93 xerr=0 dm=1 tb=15
1788557523.557321 [RNG] osc=41 imp=881 imprb=881 mstart=0x40 cfg=91 cfgfail=0x0 vhv=0 vpolls=0
1788557523.563445 [PRT] calls=13805 xerr=0 ler=1 lidx=0x0 perr=0 maxcnt=17 addr8=0x52
1788557523.567692 [RTY] wr=0 wmax=0 wref=0  rd=0 rmax=0 rref=0
1788557523.575580 [RNG] frames=3423 last=64 min=49 max=73 nrdy=0 dxfer=0 dstat=0 lst=0 nrdyerr=0 dclr=0
1788557523.581601 [DRV] init=0 id=7 mode=0x1 lib=0x2 seq=0x1 odc=0x8b sts=0xe0 armed=1
1788557523.586829 [TRG] pulses=35 suppressed=416 cyc=1600 rst=1 rstmode=0x40
1788557523.590215 [HLT] polls=68 faults=0x0 cfglost=0
1788557523.596185 [EFF] n=5 last=58512 min=58450 max=58515 late=0 stuck=0 rderr=0
1788557523.606211 [IMU] init=0 addr=0x68 who=0x68 rst=1 pmrb0=0x40 pmrb=0x1 sr=19 cfg=4 gcfg=0x0 acfg=0x8 icfg=0x30 ien=0x1 armed=1
1788557523.611314 [ACC] reads=3425 stale=3420 rderr=0 ax=59 ay=-68 az=1126
1788557523.614112 [PWR] pm=0x1 drift=0 rderr=0
1788557523.618107 [DWT] ok=1 cyc=788766307 cyc_per_ms=799989
1788557524.632194 [HB] up_ms=77342 frames=3471 inf=3471 hazard=451 canary_err=0 q=0 qovr=0
1788557524.643460 [I2C] init=0 gate=0 whoami=0x201e0 wr=0 wrseen=0x27 addr=0x5a ok=23653 err=0 tmo=0 recov=0 pclk1=200000000 sysclk=400000000
1788557524.644729 [NAK] nacks=0
1788557524.649332 [CLK] cpu=800000000 sysb=400000000 pclk1=200000000
1788557524.653813 [TOF] res=0 step=0 id=0xeacc blk=0xeacc10 ctl=0x0
1788557524.659835 [RNG] init=0 step=99 id=0xeacc boot=1 calls=93 xerr=0 dm=1 tb=15
1788557524.666708 [RNG] osc=41 imp=881 imprb=881 mstart=0x40 cfg=91 cfgfail=0x0 vhv=0 vpolls=0
1788557524.672859 [PRT] calls=14005 xerr=0 ler=1 lidx=0x0 perr=0 maxcnt=17 addr8=0x52
1788557524.676882 [RTY] wr=0 wmax=0 wref=0  rd=0 rmax=0 rref=0
1788557524.684719 [RNG] frames=3473 last=60 min=49 max=73 nrdy=0 dxfer=0 dstat=0 lst=0 nrdyerr=0 dclr=0
1788557524.690947 [DRV] init=0 id=7 mode=0x1 lib=0x2 seq=0x1 odc=0x8b sts=0xe0 armed=1
1788557524.696201 [TRG] pulses=35 suppressed=416 cyc=1600 rst=1 rstmode=0x40
1788557524.699479 [HLT] polls=69 faults=0x0 cfglost=0
1788557524.705321 [EFF] n=5 last=58512 min=58450 max=58515 late=0 stuck=0 rderr=0
1788557524.715636 [IMU] init=0 addr=0x68 who=0x68 rst=1 pmrb0=0x40 pmrb=0x1 sr=19 cfg=4 gcfg=0x0 acfg=0x8 icfg=0x30 ien=0x1 armed=1
1788557524.720694 [ACC] reads=3475 stale=3470 rderr=0 ax=54 ay=-71 az=1134
1788557524.723321 [PWR] pm=0x1 drift=0 rderr=0
1788557524.727477 [DWT] ok=1 cyc=1669444319 cyc_per_ms=799889
1788557525.742970 [HB] up_ms=78444 frames=3521 inf=3521 hazard=451 canary_err=0 q=0 qovr=0
1788557525.753681 [I2C] init=0 gate=0 whoami=0x201e0 wr=0 wrseen=0x27 addr=0x5a ok=23955 err=0 tmo=0 recov=0 pclk1=200000000 sysclk=400000000
1788557525.754936 [NAK] nacks=0
1788557525.759594 [CLK] cpu=800000000 sysb=400000000 pclk1=200000000
1788557525.764092 [TOF] res=0 step=0 id=0xeacc blk=0xeacc10 ctl=0x0
1788557525.769939 [RNG] init=0 step=99 id=0xeacc boot=1 calls=93 xerr=0 dm=1 tb=15
1788557525.776950 [RNG] osc=41 imp=881 imprb=881 mstart=0x40 cfg=91 cfgfail=0x0 vhv=0 vpolls=0
1788557525.783050 [PRT] calls=14205 xerr=0 ler=1 lidx=0x0 perr=0 maxcnt=17 addr8=0x52
1788557525.787129 [RTY] wr=0 wmax=0 wref=0  rd=0 rmax=0 rref=0
1788557525.794927 [RNG] frames=3523 last=61 min=49 max=73 nrdy=0 dxfer=0 dstat=0 lst=0 nrdyerr=0 dclr=0
1788557525.801284 [DRV] init=0 id=7 mode=0x1 lib=0x2 seq=0x1 odc=0x8b sts=0xe0 armed=1
1788557525.806426 [TRG] pulses=35 suppressed=416 cyc=1600 rst=1 rstmode=0x40
1788557525.809683 [HLT] polls=70 faults=0x0 cfglost=0
1788557525.815428 [EFF] n=5 last=58512 min=58450 max=58515 late=0 stuck=0 rderr=0
1788557525.825824 [IMU] init=0 addr=0x68 who=0x68 rst=1 pmrb0=0x40 pmrb=0x1 sr=19 cfg=4 gcfg=0x0 acfg=0x8 icfg=0x30 ien=0x1 armed=1
1788557525.830945 [ACC] reads=3525 stale=3519 rderr=0 ax=57 ay=-68 az=1127
1788557525.833564 [PWR] pm=0x1 drift=0 rderr=0
1788557525.837558 [DWT] ok=1 cyc=2551043967 cyc_per_ms=799999
1788557526.852055 [HB] up_ms=79545 frames=3571 inf=3571 hazard=451 canary_err=0 q=0 qovr=0
1788557526.863313 [I2C] init=0 gate=0 whoami=0x201e0 wr=0 wrseen=0x27 addr=0x5a ok=24257 err=0 tmo=0 recov=0 pclk1=200000000 sysclk=400000000
1788557526.864549 [NAK] nacks=0
1788557526.869178 [CLK] cpu=800000000 sysb=400000000 pclk1=200000000
1788557526.873677 [TOF] res=0 step=0 id=0xeacc blk=0xeacc10 ctl=0x0
1788557526.879587 [RNG] init=0 step=99 id=0xeacc boot=1 calls=93 xerr=0 dm=1 tb=15
1788557526.886576 [RNG] osc=41 imp=881 imprb=881 mstart=0x40 cfg=91 cfgfail=0x0 vhv=0 vpolls=0
1788557526.892823 [PRT] calls=14405 xerr=0 ler=1 lidx=0x0 perr=0 maxcnt=17 addr8=0x52
1788557526.896802 [RTY] wr=0 wmax=0 wref=0  rd=0 rmax=0 rref=0
1788557526.904433 [RNG] frames=3573 last=65 min=49 max=73 nrdy=0 dxfer=0 dstat=0 lst=0 nrdyerr=0 dclr=0
1788557526.910846 [DRV] init=0 id=7 mode=0x1 lib=0x2 seq=0x1 odc=0x8b sts=0xe0 armed=1
1788557526.916175 [TRG] pulses=35 suppressed=416 cyc=1600 rst=1 rstmode=0x40
1788557526.919419 [HLT] polls=71 faults=0x0 cfglost=0
1788557526.925210 [EFF] n=5 last=58512 min=58450 max=58515 late=0 stuck=0 rderr=0
1788557526.935452 [IMU] init=0 addr=0x68 who=0x68 rst=1 pmrb0=0x40 pmrb=0x1 sr=19 cfg=4 gcfg=0x0 acfg=0x8 icfg=0x30 ien=0x1 armed=1
1788557526.940564 [ACC] reads=3575 stale=3569 rderr=0 ax=57 ay=-69 az=1125
1788557526.943327 [PWR] pm=0x1 drift=0 rderr=0
1788557526.947210 [DWT] ok=1 cyc=3431843995 cyc_per_ms=800000
1788557527.961554 [HB] up_ms=80646 frames=3621 inf=3621 hazard=451 canary_err=0 q=0 qovr=0
1788557527.972670 [I2C] init=0 gate=0 whoami=0x201e0 wr=0 wrseen=0x27 addr=0x5a ok=24559 err=0 tmo=0 recov=0 pclk1=200000000 sysclk=400000000
1788557527.974037 [NAK] nacks=0
1788557527.978689 [CLK] cpu=800000000 sysb=400000000 pclk1=200000000
1788557527.983180 [TOF] res=0 step=0 id=0xeacc blk=0xeacc10 ctl=0x0
1788557527.989038 [RNG] init=0 step=99 id=0xeacc boot=1 calls=93 xerr=0 dm=1 tb=15
1788557527.996042 [RNG] osc=41 imp=881 imprb=881 mstart=0x40 cfg=91 cfgfail=0x0 vhv=0 vpolls=0
1788557528.002215 [PRT] calls=14604 xerr=0 ler=1 lidx=0x0 perr=0 maxcnt=17 addr8=0x52
1788557528.006197 [RTY] wr=0 wmax=0 wref=0  rd=0 rmax=0 rref=0
1788557528.013935 [RNG] frames=3623 last=61 min=49 max=73 nrdy=0 dxfer=0 dstat=0 lst=0 nrdyerr=0 dclr=0
1788557528.020362 [DRV] init=0 id=7 mode=0x1 lib=0x2 seq=0x1 odc=0x8b sts=0xe0 armed=1
1788557528.025817 [TRG] pulses=35 suppressed=416 cyc=1600 rst=1 rstmode=0x40
1788557528.028961 [HLT] polls=72 faults=0x0 cfglost=0
1788557528.034667 [EFF] n=5 last=58512 min=58450 max=58515 late=0 stuck=0 rderr=0
1788557528.044929 [IMU] init=0 addr=0x68 who=0x68 rst=1 pmrb0=0x40 pmrb=0x1 sr=19 cfg=4 gcfg=0x0 acfg=0x8 icfg=0x30 ien=0x1 armed=1
1788557528.050044 [ACC] reads=3625 stale=3619 rderr=0 ax=54 ay=-69 az=1125
1788557528.052670 [PWR] pm=0x1 drift=0 rderr=0
1788557528.056549 [DWT] ok=1 cyc=17676851 cyc_per_ms=800000
1788557529.071791 [HB] up_ms=81747 frames=3671 inf=3671 hazard=482 canary_err=0 q=0 qovr=0
1788557529.082807 [I2C] init=0 gate=0 whoami=0x201e0 wr=0 wrseen=0x27 addr=0x5a ok=24861 err=0 tmo=0 recov=0 pclk1=200000000 sysclk=400000000
1788557529.084185 [NAK] nacks=0
1788557529.088953 [CLK] cpu=800000000 sysb=400000000 pclk1=200000000
1788557529.093433 [TOF] res=0 step=0 id=0xeacc blk=0xeacc10 ctl=0x0
1788557529.099175 [RNG] init=0 step=99 id=0xeacc boot=1 calls=93 xerr=0 dm=1 tb=15
1788557529.106203 [RNG] osc=41 imp=881 imprb=881 mstart=0x40 cfg=91 cfgfail=0x0 vhv=0 vpolls=0
1788557529.112405 [PRT] calls=14801 xerr=0 ler=1 lidx=0x0 perr=0 maxcnt=17 addr8=0x52
1788557529.116403 [RTY] wr=0 wmax=0 wref=0  rd=0 rmax=0 rref=0
1788557529.124195 [RNG] frames=3673 last=62 min=49 max=73 nrdy=0 dxfer=0 dstat=0 lst=0 nrdyerr=0 dclr=0
1788557529.130452 [DRV] init=0 id=7 mode=0x1 lib=0x2 seq=0x1 odc=0x8b sts=0xe0 armed=1
1788557529.135779 [TRG] pulses=38 suppressed=446 cyc=1600 rst=1 rstmode=0x40
1788557529.139025 [HLT] polls=73 faults=0x0 cfglost=0
1788557529.144966 [EFF] n=5 last=58512 min=58450 max=58515 late=0 stuck=0 rderr=0
1788557529.155037 [IMU] init=0 addr=0x68 who=0x68 rst=1 pmrb0=0x40 pmrb=0x1 sr=19 cfg=4 gcfg=0x0 acfg=0x8 icfg=0x30 ien=0x1 armed=1
1788557529.160284 [ACC] reads=3675 stale=3669 rderr=0 ax=56 ay=-70 az=1123
1788557529.162894 [PWR] pm=0x1 drift=0 rderr=0
1788557529.166767 [DWT] ok=1 cyc=898480483 cyc_per_ms=800003
1788557530.181556 [HB] up_ms=82848 frames=3720 inf=3720 hazard=492 canary_err=0 q=0 qovr=0
1788557530.192569 [I2C] init=0 gate=0 whoami=0x201e0 wr=0 wrseen=0x27 addr=0x5a ok=25163 err=0 tmo=0 recov=0 pclk1=200000000 sysclk=400000000
1788557530.193967 [NAK] nacks=0
1788557530.198578 [CLK] cpu=800000000 sysb=400000000 pclk1=200000000
1788557530.203154 [TOF] res=0 step=0 id=0xeacc blk=0xeacc10 ctl=0x0
1788557530.209194 [RNG] init=0 step=99 id=0xeacc boot=1 calls=93 xerr=0 dm=1 tb=15
1788557530.215923 [RNG] osc=41 imp=881 imprb=881 mstart=0x40 cfg=91 cfgfail=0x0 vhv=0 vpolls=0
1788557530.222030 [PRT] calls=15001 xerr=0 ler=1 lidx=0x0 perr=0 maxcnt=17 addr8=0x52
1788557530.226285 [RTY] wr=0 wmax=0 wref=0  rd=0 rmax=0 rref=0
1788557530.233911 [RNG] frames=3723 last=64 min=49 max=73 nrdy=0 dxfer=0 dstat=0 lst=0 nrdyerr=0 dclr=0
1788557530.240217 [DRV] init=0 id=7 mode=0x1 lib=0x2 seq=0x1 odc=0x8b sts=0xe0 armed=1
1788557530.245537 [TRG] pulses=38 suppressed=454 cyc=1600 rst=1 rstmode=0x40
1788557530.248775 [HLT] polls=74 faults=0x0 cfglost=0
1788557530.254528 [EFF] n=5 last=58512 min=58450 max=58515 late=0 stuck=0 rderr=0
1788557530.264779 [IMU] init=0 addr=0x68 who=0x68 rst=1 pmrb0=0x40 pmrb=0x1 sr=19 cfg=4 gcfg=0x0 acfg=0x8 icfg=0x30 ien=0x1 armed=1
1788557530.270028 [ACC] reads=3724 stale=3718 rderr=0 ax=56 ay=-68 az=1125
1788557530.272675 [PWR] pm=0x1 drift=0 rderr=0
1788557530.276685 [DWT] ok=1 cyc=1779410697 cyc_per_ms=800118
1788557531.292547 [HB] up_ms=83950 frames=3770 inf=3770 hazard=492 canary_err=0 q=0 qovr=0
1788557531.303391 [I2C] init=0 gate=0 whoami=0x201e0 wr=0 wrseen=0x27 addr=0x5a ok=25465 err=0 tmo=0 recov=0 pclk1=200000000 sysclk=400000000
1788557531.304634 [NAK] nacks=0
1788557531.309270 [CLK] cpu=800000000 sysb=400000000 pclk1=200000000
1788557531.313910 [TOF] res=0 step=0 id=0xeacc blk=0xeacc10 ctl=0x0
1788557531.319785 [RNG] init=0 step=99 id=0xeacc boot=1 calls=93 xerr=0 dm=1 tb=15
1788557531.326663 [RNG] osc=41 imp=881 imprb=881 mstart=0x40 cfg=91 cfgfail=0x0 vhv=0 vpolls=0
1788557531.332774 [PRT] calls=15201 xerr=0 ler=1 lidx=0x0 perr=0 maxcnt=17 addr8=0x52
1788557531.337013 [RTY] wr=0 wmax=0 wref=0  rd=0 rmax=0 rref=0
1788557531.344784 [RNG] frames=3772 last=63 min=49 max=73 nrdy=0 dxfer=0 dstat=0 lst=0 nrdyerr=0 dclr=0
1788557531.350910 [DRV] init=0 id=7 mode=0x1 lib=0x2 seq=0x1 odc=0x8b sts=0xe0 armed=1
1788557531.356185 [TRG] pulses=38 suppressed=454 cyc=1600 rst=1 rstmode=0x40
1788557531.359543 [HLT] polls=75 faults=0x0 cfglost=0
1788557531.365416 [EFF] n=5 last=58512 min=58450 max=58515 late=0 stuck=0 rderr=0
1788557531.375543 [IMU] init=0 addr=0x68 who=0x68 rst=1 pmrb0=0x40 pmrb=0x1 sr=19 cfg=4 gcfg=0x0 acfg=0x8 icfg=0x30 ien=0x1 armed=1
1788557531.380683 [ACC] reads=3774 stale=3768 rderr=0 ax=57 ay=-72 az=1128
1788557531.383413 [PWR] pm=0x1 drift=0 rderr=0
1788557531.387404 [DWT] ok=1 cyc=2660999079 cyc_per_ms=799989
1788557532.402269 [HB] up_ms=85052 frames=3820 inf=3820 hazard=492 canary_err=0 q=0 qovr=0
1788557532.413509 [I2C] init=0 gate=0 whoami=0x201e0 wr=0 wrseen=0x27 addr=0x5a ok=25762 err=0 tmo=0 recov=0 pclk1=200000000 sysclk=400000000
1788557532.414767 [NAK] nacks=0
1788557532.419385 [CLK] cpu=800000000 sysb=400000000 pclk1=200000000
1788557532.423888 [TOF] res=0 step=0 id=0xeacc blk=0xeacc10 ctl=0x0
1788557532.429954 [RNG] init=0 step=99 id=0xeacc boot=1 calls=93 xerr=0 dm=1 tb=15
1788557532.436781 [RNG] osc=41 imp=881 imprb=881 mstart=0x40 cfg=91 cfgfail=0x0 vhv=0 vpolls=0
1788557532.442917 [PRT] calls=15401 xerr=0 ler=1 lidx=0x0 perr=0 maxcnt=17 addr8=0x52
1788557532.446903 [RTY] wr=0 wmax=0 wref=0  rd=0 rmax=0 rref=0
1788557532.454772 [RNG] frames=3822 last=71 min=49 max=73 nrdy=0 dxfer=0 dstat=0 lst=0 nrdyerr=0 dclr=0
1788557532.461068 [DRV] init=0 id=7 mode=0x1 lib=0x2 seq=0x1 odc=0x8b sts=0xe0 armed=1
1788557532.466256 [TRG] pulses=38 suppressed=454 cyc=1600 rst=1 rstmode=0x40
1788557532.469499 [HLT] polls=76 faults=0x0 cfglost=0
1788557532.475586 [EFF] n=5 last=58512 min=58450 max=58515 late=0 stuck=0 rderr=0
1788557532.485619 [IMU] init=0 addr=0x68 who=0x68 rst=1 pmrb0=0x40 pmrb=0x1 sr=19 cfg=4 gcfg=0x0 acfg=0x8 icfg=0x30 ien=0x1 armed=1
1788557532.490817 [ACC] reads=3824 stale=3818 rderr=0 ax=56 ay=-69 az=1124
1788557532.493395 [PWR] pm=0x1 drift=0 rderr=0
1788557532.497502 [DWT] ok=1 cyc=3542477063 cyc_per_ms=799889
1788557533.512389 [HB] up_ms=86154 frames=3870 inf=3870 hazard=492 canary_err=0 q=0 qovr=0
1788557533.523642 [I2C] init=0 gate=0 whoami=0x201e0 wr=0 wrseen=0x27 addr=0x5a ok=26063 err=0 tmo=0 recov=0 pclk1=200000000 sysclk=400000000
1788557533.524927 [NAK] nacks=0
1788557533.529550 [CLK] cpu=800000000 sysb=400000000 pclk1=200000000
1788557533.534017 [TOF] res=0 step=0 id=0xeacc blk=0xeacc10 ctl=0x0
1788557533.540006 [RNG] init=0 step=99 id=0xeacc boot=1 calls=93 xerr=0 dm=1 tb=15
1788557533.546876 [RNG] osc=41 imp=881 imprb=881 mstart=0x40 cfg=91 cfgfail=0x0 vhv=0 vpolls=0
1788557533.553036 [PRT] calls=15601 xerr=0 ler=1 lidx=0x0 perr=0 maxcnt=17 addr8=0x52
1788557533.557000 [RTY] wr=0 wmax=0 wref=0  rd=0 rmax=0 rref=0
1788557533.564890 [RNG] frames=3872 last=62 min=49 max=73 nrdy=0 dxfer=0 dstat=0 lst=0 nrdyerr=0 dclr=0
1788557533.571162 [DRV] init=0 id=7 mode=0x1 lib=0x2 seq=0x1 odc=0x8b sts=0xe0 armed=1
1788557533.576397 [TRG] pulses=38 suppressed=454 cyc=1600 rst=1 rstmode=0x40
1788557533.579638 [HLT] polls=77 faults=0x0 cfglost=0
1788557533.585521 [EFF] n=5 last=58512 min=58450 max=58515 late=0 stuck=0 rderr=0
1788557533.595770 [IMU] init=0 addr=0x68 who=0x68 rst=1 pmrb0=0x40 pmrb=0x1 sr=19 cfg=4 gcfg=0x0 acfg=0x8 icfg=0x30 ien=0x1 armed=1
1788557533.600874 [ACC] reads=3874 stale=3868 rderr=0 ax=57 ay=-71 az=1127
1788557533.603492 [PWR] pm=0x1 drift=0 rderr=0
1788557533.607392 [DWT] ok=1 cyc=129109519 cyc_per_ms=799999
1788557534.621881 [HB] up_ms=87255 frames=3920 inf=3920 hazard=492 canary_err=0 q=0 qovr=0
1788557534.633153 [I2C] init=0 gate=0 whoami=0x201e0 wr=0 wrseen=0x27 addr=0x5a ok=26365 err=0 tmo=0 recov=0 pclk1=200000000 sysclk=400000000
1788557534.634385 [NAK] nacks=0
1788557534.639001 [CLK] cpu=800000000 sysb=400000000 pclk1=200000000
1788557534.643494 [TOF] res=0 step=0 id=0xeacc blk=0xeacc10 ctl=0x0
1788557534.649368 [RNG] init=0 step=99 id=0xeacc boot=1 calls=93 xerr=0 dm=1 tb=15
1788557534.656502 [RNG] osc=41 imp=881 imprb=881 mstart=0x40 cfg=91 cfgfail=0x0 vhv=0 vpolls=0
1788557534.662507 [PRT] calls=15801 xerr=0 ler=1 lidx=0x0 perr=0 maxcnt=17 addr8=0x52
1788557534.666624 [RTY] wr=0 wmax=0 wref=0  rd=0 rmax=0 rref=0
1788557534.674414 [RNG] frames=3922 last=62 min=49 max=73 nrdy=0 dxfer=0 dstat=0 lst=0 nrdyerr=0 dclr=0
1788557534.680763 [DRV] init=0 id=7 mode=0x1 lib=0x2 seq=0x1 odc=0x8b sts=0xe0 armed=1
1788557534.686050 [TRG] pulses=38 suppressed=454 cyc=1600 rst=1 rstmode=0x40
1788557534.689253 [HLT] polls=78 faults=0x0 cfglost=0
1788557534.695007 [EFF] n=5 last=58512 min=58450 max=58515 late=0 stuck=0 rderr=0
1788557534.705243 [IMU] init=0 addr=0x68 who=0x68 rst=1 pmrb0=0x40 pmrb=0x1 sr=19 cfg=4 gcfg=0x0 acfg=0x8 icfg=0x30 ien=0x1 armed=1
1788557534.710396 [ACC] reads=3924 stale=3918 rderr=0 ax=57 ay=-69 az=1124
1788557534.713150 [PWR] pm=0x1 drift=0 rderr=0
1788557534.717001 [DWT] ok=1 cyc=1009909731 cyc_per_ms=800000
1788557535.731376 [HB] up_ms=88356 frames=3970 inf=3970 hazard=502 canary_err=0 q=0 qovr=0
1788557535.742733 [I2C] init=0 gate=0 whoami=0x201e0 wr=0 wrseen=0x27 addr=0x5a ok=26667 err=0 tmo=0 recov=0 pclk1=200000000 sysclk=400000000
1788557535.744007 [NAK] nacks=0
1788557535.748602 [CLK] cpu=800000000 sysb=400000000 pclk1=200000000
1788557535.753120 [TOF] res=0 step=0 id=0xeacc blk=0xeacc10 ctl=0x0
1788557535.758893 [RNG] init=0 step=99 id=0xeacc boot=1 calls=93 xerr=0 dm=1 tb=15
1788557535.765993 [RNG] osc=41 imp=881 imprb=881 mstart=0x40 cfg=91 cfgfail=0x0 vhv=0 vpolls=0
1788557535.772128 [PRT] calls=16001 xerr=0 ler=1 lidx=0x0 perr=0 maxcnt=17 addr8=0x52
1788557535.776140 [RTY] wr=0 wmax=0 wref=0  rd=0 rmax=0 rref=0
1788557535.783858 [RNG] frames=3972 last=65 min=49 max=73 nrdy=0 dxfer=0 dstat=0 lst=0 nrdyerr=0 dclr=0
1788557535.790122 [DRV] init=0 id=7 mode=0x1 lib=0x2 seq=0x1 odc=0x8b sts=0xe0 armed=1
1788557535.795490 [TRG] pulses=39 suppressed=466 cyc=1600 rst=1 rstmode=0x40
1788557535.798758 [HLT] polls=79 faults=0x0 cfglost=0
1788557535.804493 [EFF] n=5 last=58512 min=58450 max=58515 late=0 stuck=0 rderr=0
1788557535.814869 [IMU] init=0 addr=0x68 who=0x68 rst=1 pmrb0=0x40 pmrb=0x1 sr=19 cfg=4 gcfg=0x0 acfg=0x8 icfg=0x30 ien=0x1 armed=1
1788557535.819976 [ACC] reads=3974 stale=3968 rderr=0 ax=56 ay=-70 az=1128
1788557535.822596 [PWR] pm=0x1 drift=0 rderr=0
1788557535.826633 [DWT] ok=1 cyc=1890712863 cyc_per_ms=800002
1788557536.841769 [HB] up_ms=89457 frames=4020 inf=4020 hazard=533 canary_err=0 q=0 qovr=0
1788557536.852730 [I2C] init=0 gate=0 whoami=0x201e0 wr=0 wrseen=0x27 addr=0x5a ok=26969 err=0 tmo=0 recov=0 pclk1=200000000 sysclk=400000000
1788557536.854142 [NAK] nacks=0
1788557536.858901 [CLK] cpu=800000000 sysb=400000000 pclk1=200000000
1788557536.863360 [TOF] res=0 step=0 id=0xeacc blk=0xeacc10 ctl=0x0
1788557536.869112 [RNG] init=0 step=99 id=0xeacc boot=1 calls=93 xerr=0 dm=1 tb=15
1788557536.876156 [RNG] osc=41 imp=881 imprb=881 mstart=0x40 cfg=91 cfgfail=0x0 vhv=0 vpolls=0
1788557536.882355 [PRT] calls=16197 xerr=0 ler=1 lidx=0x0 perr=0 maxcnt=17 addr8=0x52
1788557536.886365 [RTY] wr=0 wmax=0 wref=0  rd=0 rmax=0 rref=0
1788557536.894146 [RNG] frames=4022 last=61 min=49 max=73 nrdy=0 dxfer=0 dstat=0 lst=0 nrdyerr=0 dclr=0
1788557536.900353 [DRV] init=0 id=7 mode=0x1 lib=0x2 seq=0x1 odc=0x8b sts=0xe0 armed=1
1788557536.905736 [TRG] pulses=41 suppressed=492 cyc=1600 rst=1 rstmode=0x40
1788557536.909505 [HLT] polls=80 faults=0x0 cfglost=0
1788557536.914749 [EFF] n=5 last=58512 min=58450 max=58515 late=0 stuck=0 rderr=0
1788557536.925122 [IMU] init=0 addr=0x68 who=0x68 rst=1 pmrb0=0x40 pmrb=0x1 sr=19 cfg=4 gcfg=0x0 acfg=0x8 icfg=0x30 ien=0x1 armed=1
1788557536.930289 [ACC] reads=4024 stale=4018 rderr=0 ax=58 ay=-69 az=1130
1788557536.932844 [PWR] pm=0x1 drift=0 rderr=0
1788557536.936848 [DWT] ok=1 cyc=2771509555 cyc_per_ms=799996
1788557537.952220 [HB] up_ms=90558 frames=4070 inf=4070 hazard=533 canary_err=0 q=0 qovr=0
1788557537.963501 [I2C] init=0 gate=0 whoami=0x201e0 wr=0 wrseen=0x27 addr=0x5a ok=27271 err=0 tmo=0 recov=0 pclk1=200000000 sysclk=400000000
1788557537.964741 [NAK] nacks=0
1788557537.969489 [CLK] cpu=800000000 sysb=400000000 pclk1=200000000
1788557537.973974 [TOF] res=0 step=0 id=0xeacc blk=0xeacc10 ctl=0x0
1788557537.979758 [RNG] init=0 step=99 id=0xeacc boot=1 calls=93 xerr=0 dm=1 tb=15
1788557537.986723 [RNG] osc=41 imp=881 imprb=881 mstart=0x40 cfg=91 cfgfail=0x0 vhv=0 vpolls=0
1788557537.993040 [PRT] calls=16397 xerr=0 ler=1 lidx=0x0 perr=0 maxcnt=17 addr8=0x52
1788557537.996970 [RTY] wr=0 wmax=0 wref=0  rd=0 rmax=0 rref=0
1788557538.004729 [RNG] frames=4072 last=62 min=49 max=73 nrdy=0 dxfer=0 dstat=0 lst=0 nrdyerr=0 dclr=0
1788557538.010969 [DRV] init=0 id=7 mode=0x1 lib=0x2 seq=0x1 odc=0x8b sts=0xe0 armed=1
1788557538.016370 [TRG] pulses=41 suppressed=492 cyc=1600 rst=1 rstmode=0x40
1788557538.019728 [HLT] polls=81 faults=0x0 cfglost=0
1788557538.025483 [EFF] n=5 last=58512 min=58450 max=58515 late=0 stuck=0 rderr=0
1788557538.035616 [IMU] init=0 addr=0x68 who=0x68 rst=1 pmrb0=0x40 pmrb=0x1 sr=19 cfg=4 gcfg=0x0 acfg=0x8 icfg=0x30 ien=0x1 armed=1
1788557538.040846 [ACC] reads=4073 stale=4067 rderr=0 ax=56 ay=-69 az=1126
1788557538.043652 [PWR] pm=0x1 drift=0 rderr=0
1788557538.047481 [DWT] ok=1 cyc=3652338429 cyc_per_ms=800026
1788557539.062992 [HB] up_ms=91659 frames=4119 inf=4119 hazard=533 canary_err=0 q=0 qovr=0
1788557539.074101 [I2C] init=0 gate=0 whoami=0x201e0 wr=0 wrseen=0x27 addr=0x5a ok=27573 err=0 tmo=0 recov=0 pclk1=200000000 sysclk=400000000
1788557539.075368 [NAK] nacks=0
1788557539.080006 [CLK] cpu=800000000 sysb=400000000 pclk1=200000000
1788557539.084588 [TOF] res=0 step=0 id=0xeacc blk=0xeacc10 ctl=0x0
1788557539.090473 [RNG] init=0 step=99 id=0xeacc boot=1 calls=93 xerr=0 dm=1 tb=15
1788557539.097385 [RNG] osc=41 imp=881 imprb=881 mstart=0x40 cfg=91 cfgfail=0x0 vhv=0 vpolls=0
1788557539.103480 [PRT] calls=16597 xerr=0 ler=1 lidx=0x0 perr=0 maxcnt=17 addr8=0x52
1788557539.107716 [RTY] wr=0 wmax=0 wref=0  rd=0 rmax=0 rref=0
1788557539.115479 [RNG] frames=4122 last=62 min=49 max=73 nrdy=0 dxfer=0 dstat=0 lst=0 nrdyerr=0 dclr=0
1788557539.121594 [DRV] init=0 id=7 mode=0x1 lib=0x2 seq=0x1 odc=0x8b sts=0xe0 armed=1
1788557539.127659 [TRG] pulses=41 suppressed=492 cyc=1600 rst=1 rstmode=0x40
1788557539.130372 [HLT] polls=82 faults=0x0 cfglost=0
1788557539.136114 [EFF] n=5 last=58512 min=58450 max=58515 late=0 stuck=0 rderr=0
1788557539.146377 [IMU] init=0 addr=0x68 who=0x68 rst=1 pmrb0=0x40 pmrb=0x1 sr=19 cfg=4 gcfg=0x0 acfg=0x8 icfg=0x30 ien=0x1 armed=1
1788557539.151586 [ACC] reads=4123 stale=4117 rderr=0 ax=57 ay=-70 az=1126
1788557539.154254 [PWR] pm=0x1 drift=0 rderr=0
1788557539.158284 [DWT] ok=1 cyc=238277089 cyc_per_ms=800096
1788557540.173473 [HB] up_ms=92760 frames=4169 inf=4169 hazard=533 canary_err=0 q=0 qovr=0
1788557540.184728 [I2C] init=0 gate=0 whoami=0x201e0 wr=0 wrseen=0x27 addr=0x5a ok=27870 err=0 tmo=0 recov=0 pclk1=200000000 sysclk=400000000
1788557540.185954 [NAK] nacks=0
1788557540.190577 [CLK] cpu=800000000 sysb=400000000 pclk1=200000000
1788557540.195101 [TOF] res=0 step=0 id=0xeacc blk=0xeacc10 ctl=0x0
1788557540.201094 [RNG] init=0 step=99 id=0xeacc boot=1 calls=93 xerr=0 dm=1 tb=15
1788557540.208092 [RNG] osc=41 imp=881 imprb=881 mstart=0x40 cfg=91 cfgfail=0x0 vhv=0 vpolls=0
1788557540.214112 [PRT] calls=16797 xerr=0 ler=1 lidx=0x0 perr=0 maxcnt=17 addr8=0x52
1788557540.218195 [RTY] wr=0 wmax=0 wref=0  rd=0 rmax=0 rref=0
1788557540.226150 [RNG] frames=4171 last=63 min=49 max=73 nrdy=0 dxfer=0 dstat=0 lst=0 nrdyerr=0 dclr=0
1788557540.232204 [DRV] init=0 id=7 mode=0x1 lib=0x2 seq=0x1 odc=0x8b sts=0xe0 armed=1
1788557540.237576 [TRG] pulses=41 suppressed=492 cyc=1600 rst=1 rstmode=0x40
1788557540.240826 [HLT] polls=83 faults=0x0 cfglost=0
1788557540.246721 [EFF] n=5 last=58512 min=58450 max=58515 late=0 stuck=0 rderr=0
1788557540.256971 [IMU] init=0 addr=0x68 who=0x68 rst=1 pmrb0=0x40 pmrb=0x1 sr=19 cfg=4 gcfg=0x0 acfg=0x8 icfg=0x30 ien=0x1 armed=1
1788557540.262115 [ACC] reads=4173 stale=4167 rderr=0 ax=58 ay=-70 az=1124
1788557540.264704 [PWR] pm=0x1 drift=0 rderr=0
1788557540.268838 [DWT] ok=1 cyc=1118942267 cyc_per_ms=799877
1788557541.284490 [HB] up_ms=93862 frames=4219 inf=4219 hazard=533 canary_err=0 q=0 qovr=0
1788557541.295708 [I2C] init=0 gate=0 whoami=0x201e0 wr=0 wrseen=0x27 addr=0x5a ok=28171 err=0 tmo=0 recov=0 pclk1=200000000 sysclk=400000000
1788557541.297002 [NAK] nacks=0
1788557541.301579 [CLK] cpu=800000000 sysb=400000000 pclk1=200000000
1788557541.306062 [TOF] res=0 step=0 id=0xeacc blk=0xeacc10 ctl=0x0
1788557541.312112 [RNG] init=0 step=99 id=0xeacc boot=1 calls=93 xerr=0 dm=1 tb=15
1788557541.318959 [RNG] osc=41 imp=881 imprb=881 mstart=0x40 cfg=91 cfgfail=0x0 vhv=0 vpolls=0
1788557541.325072 [PRT] calls=16997 xerr=0 ler=1 lidx=0x0 perr=0 maxcnt=17 addr8=0x52
1788557541.329225 [RTY] wr=0 wmax=0 wref=0  rd=0 rmax=0 rref=0
1788557541.337100 [RNG] frames=4221 last=64 min=49 max=73 nrdy=0 dxfer=0 dstat=0 lst=0 nrdyerr=0 dclr=0
1788557541.343231 [DRV] init=0 id=7 mode=0x1 lib=0x2 seq=0x1 odc=0x8b sts=0xe0 armed=1
1788557541.348588 [TRG] pulses=41 suppressed=492 cyc=1600 rst=1 rstmode=0x40
1788557541.351832 [HLT] polls=84 faults=0x0 cfglost=0
1788557541.357697 [EFF] n=5 last=58512 min=58450 max=58515 late=0 stuck=0 rderr=0
1788557541.367987 [IMU] init=0 addr=0x68 who=0x68 rst=1 pmrb0=0x40 pmrb=0x1 sr=19 cfg=4 gcfg=0x0 acfg=0x8 icfg=0x30 ien=0x1 armed=1
1788557541.373113 [ACC] reads=4223 stale=4216 rderr=0 ax=57 ay=-69 az=1125
1788557541.375785 [PWR] pm=0x1 drift=0 rderr=0
1788557541.379706 [DWT] ok=1 cyc=2000542091 cyc_per_ms=799999
1788557542.394180 [HB] up_ms=94963 frames=4269 inf=4269 hazard=533 canary_err=0 q=0 qovr=0
1788557542.405334 [I2C] init=0 gate=0 whoami=0x201e0 wr=0 wrseen=0x27 addr=0x5a ok=28473 err=0 tmo=0 recov=0 pclk1=200000000 sysclk=400000000
1788557542.406704 [NAK] nacks=0
1788557542.411346 [CLK] cpu=800000000 sysb=400000000 pclk1=200000000
1788557542.415824 [TOF] res=0 step=0 id=0xeacc blk=0xeacc10 ctl=0x0
1788557542.421574 [RNG] init=0 step=99 id=0xeacc boot=1 calls=93 xerr=0 dm=1 tb=15
1788557542.428761 [RNG] osc=41 imp=881 imprb=881 mstart=0x40 cfg=91 cfgfail=0x0 vhv=0 vpolls=0
1788557542.434842 [PRT] calls=17197 xerr=0 ler=1 lidx=0x0 perr=0 maxcnt=17 addr8=0x52
1788557542.438820 [RTY] wr=0 wmax=0 wref=0  rd=0 rmax=0 rref=0
1788557542.446566 [RNG] frames=4271 last=64 min=49 max=73 nrdy=0 dxfer=0 dstat=0 lst=0 nrdyerr=0 dclr=0
1788557542.452937 [DRV] init=0 id=7 mode=0x1 lib=0x2 seq=0x1 odc=0x8b sts=0xe0 armed=1
1788557542.458178 [TRG] pulses=41 suppressed=492 cyc=1600 rst=1 rstmode=0x40
1788557542.461466 [HLT] polls=85 faults=0x0 cfglost=0
1788557542.467173 [EFF] n=5 last=58512 min=58450 max=58515 late=0 stuck=0 rderr=0
1788557542.477585 [IMU] init=0 addr=0x68 who=0x68 rst=1 pmrb0=0x40 pmrb=0x1 sr=19 cfg=4 gcfg=0x0 acfg=0x8 icfg=0x30 ien=0x1 armed=1
1788557542.482713 [ACC] reads=4273 stale=4266 rderr=0 ax=58 ay=-70 az=1124
1788557542.485489 [PWR] pm=0x1 drift=0 rderr=0
1788557542.489297 [DWT] ok=1 cyc=2881342431 cyc_per_ms=800000
1788557543.504070 [HB] up_ms=96064 frames=4319 inf=4319 hazard=572 canary_err=0 q=0 qovr=0
1788557543.515326 [I2C] init=0 gate=0 whoami=0x201e0 wr=0 wrseen=0x27 addr=0x5a ok=28775 err=0 tmo=0 recov=0 pclk1=200000000 sysclk=400000000
1788557543.516560 [NAK] nacks=0
1788557543.521189 [CLK] cpu=800000000 sysb=400000000 pclk1=200000000
1788557543.525702 [TOF] res=0 step=0 id=0xeacc blk=0xeacc10 ctl=0x0
1788557543.531599 [RNG] init=0 step=99 id=0xeacc boot=1 calls=93 xerr=0 dm=1 tb=15
1788557543.538568 [RNG] osc=41 imp=881 imprb=881 mstart=0x40 cfg=91 cfgfail=0x0 vhv=0 vpolls=0
1788557543.544717 [PRT] calls=17397 xerr=0 ler=1 lidx=0x0 perr=0 maxcnt=17 addr8=0x52
1788557543.548807 [RTY] wr=0 wmax=0 wref=0  rd=0 rmax=0 rref=0
1788557543.556435 [RNG] frames=4321 last=65 min=49 max=73 nrdy=0 dxfer=0 dstat=0 lst=0 nrdyerr=0 dclr=0
1788557543.562820 [DRV] init=0 id=7 mode=0x1 lib=0x2 seq=0x1 odc=0x8b sts=0xe0 armed=1
1788557543.568192 [TRG] pulses=44 suppressed=530 cyc=1600 rst=1 rstmode=0x40
1788557543.571433 [HLT] polls=86 faults=0x0 cfglost=0
1788557543.577216 [EFF] n=5 last=58512 min=58450 max=58515 late=0 stuck=0 rderr=0
1788557543.587443 [IMU] init=0 addr=0x68 who=0x68 rst=1 pmrb0=0x40 pmrb=0x1 sr=19 cfg=4 gcfg=0x0 acfg=0x8 icfg=0x30 ien=0x1 armed=1
1788557543.592605 [ACC] reads=4323 stale=4316 rderr=0 ax=56 ay=-71 az=1127
1788557543.595317 [PWR] pm=0x1 drift=0 rderr=0
1788557543.599180 [DWT] ok=1 cyc=3762143799 cyc_per_ms=800001
1788557544.613964 [HB] up_ms=97165 frames=4369 inf=4369 hazard=574 canary_err=0 q=0 qovr=0
1788557544.625038 [I2C] init=0 gate=0 whoami=0x201e0 wr=0 wrseen=0x27 addr=0x5a ok=29077 err=0 tmo=0 recov=0 pclk1=200000000 sysclk=400000000
1788557544.626494 [NAK] nacks=0
1788557544.631212 [CLK] cpu=800000000 sysb=400000000 pclk1=200000000
1788557544.635680 [TOF] res=0 step=0 id=0xeacc blk=0xeacc10 ctl=0x0
1788557544.641415 [RNG] init=0 step=99 id=0xeacc boot=1 calls=93 xerr=0 dm=1 tb=15
1788557544.648423 [RNG] osc=41 imp=881 imprb=881 mstart=0x40 cfg=91 cfgfail=0x0 vhv=0 vpolls=0
1788557544.654668 [PRT] calls=17593 xerr=0 ler=1 lidx=0x0 perr=0 maxcnt=17 addr8=0x52
1788557544.658672 [RTY] wr=0 wmax=0 wref=0  rd=0 rmax=0 rref=0
1788557544.666433 [RNG] frames=4371 last=64 min=49 max=73 nrdy=0 dxfer=0 dstat=0 lst=0 nrdyerr=0 dclr=0
1788557544.672678 [DRV] init=0 id=7 mode=0x1 lib=0x2 seq=0x1 odc=0x8b sts=0xe0 armed=1
1788557544.678240 [TRG] pulses=44 suppressed=530 cyc=1600 rst=1 rstmode=0x40
1788557544.681490 [HLT] polls=87 faults=0x0 cfglost=0
1788557544.687090 [EFF] n=5 last=58512 min=58450 max=58515 late=0 stuck=0 rderr=0
1788557544.697466 [IMU] init=0 addr=0x68 who=0x68 rst=1 pmrb0=0x40 pmrb=0x1 sr=19 cfg=4 gcfg=0x0 acfg=0x8 icfg=0x30 ien=0x1 armed=1
1788557544.702535 [ACC] reads=4373 stale=4366 rderr=0 ax=56 ay=-69 az=1130
1788557544.705193 [PWR] pm=0x1 drift=0 rderr=0
1788557544.709185 [DWT] ok=1 cyc=347975003 cyc_per_ms=799998
1788557545.724686 [HB] up_ms=98266 frames=4419 inf=4419 hazard=574 canary_err=0 q=0 qovr=0
1788557545.735666 [I2C] init=0 gate=0 whoami=0x201e0 wr=0 wrseen=0x27 addr=0x5a ok=29379 err=0 tmo=0 recov=0 pclk1=200000000 sysclk=400000000
1788557545.737034 [NAK] nacks=0
1788557545.741857 [CLK] cpu=800000000 sysb=400000000 pclk1=200000000
1788557545.746305 [TOF] res=0 step=0 id=0xeacc blk=0xeacc10 ctl=0x0
1788557545.752207 [RNG] init=0 step=99 id=0xeacc boot=1 calls=93 xerr=0 dm=1 tb=15
1788557545.759110 [RNG] osc=41 imp=881 imprb=881 mstart=0x40 cfg=91 cfgfail=0x0 vhv=0 vpolls=0
1788557545.765306 [PRT] calls=17793 xerr=0 ler=1 lidx=0x0 perr=0 maxcnt=17 addr8=0x52
1788557545.769409 [RTY] wr=0 wmax=0 wref=0  rd=0 rmax=0 rref=0
1788557545.777097 [RNG] frames=4421 last=62 min=49 max=73 nrdy=0 dxfer=0 dstat=0 lst=0 nrdyerr=0 dclr=0
1788557545.783304 [DRV] init=0 id=7 mode=0x1 lib=0x2 seq=0x1 odc=0x8b sts=0xe0 armed=1
1788557545.788798 [TRG] pulses=44 suppressed=530 cyc=1600 rst=1 rstmode=0x40
1788557545.792116 [HLT] polls=88 faults=0x0 cfglost=0
1788557545.797802 [EFF] n=5 last=58512 min=58450 max=58515 late=0 stuck=0 rderr=0
1788557545.807941 [IMU] init=0 addr=0x68 who=0x68 rst=1 pmrb0=0x40 pmrb=0x1 sr=19 cfg=4 gcfg=0x0 acfg=0x8 icfg=0x30 ien=0x1 armed=1
1788557545.813309 [ACC] reads=4422 stale=4415 rderr=0 ax=60 ay=-70 az=1125
1788557545.815915 [PWR] pm=0x1 drift=0 rderr=0
1788557545.819911 [DWT] ok=1 cyc=1228803875 cyc_per_ms=800026
1788557546.835284 [HB] up_ms=99367 frames=4468 inf=4468 hazard=574 canary_err=0 q=0 qovr=0
1788557546.846292 [I2C] init=0 gate=0 whoami=0x201e0 wr=0 wrseen=0x27 addr=0x5a ok=29681 err=0 tmo=0 recov=0 pclk1=200000000 sysclk=400000000
1788557546.847653 [NAK] nacks=0
1788557546.852280 [CLK] cpu=800000000 sysb=400000000 pclk1=200000000
1788557546.856904 [TOF] res=0 step=0 id=0xeacc blk=0xeacc10 ctl=0x0
1788557546.862789 [RNG] init=0 step=99 id=0xeacc boot=1 calls=93 xerr=0 dm=1 tb=15
1788557546.869656 [RNG] osc=41 imp=881 imprb=881 mstart=0x40 cfg=91 cfgfail=0x0 vhv=0 vpolls=0
1788557546.875770 [PRT] calls=17993 xerr=0 ler=1 lidx=0x0 perr=0 maxcnt=17 addr8=0x52
1788557546.880060 [RTY] wr=0 wmax=0 wref=0  rd=0 rmax=0 rref=0
1788557546.887658 [RNG] frames=4471 last=62 min=49 max=73 nrdy=0 dxfer=0 dstat=0 lst=0 nrdyerr=0 dclr=0
1788557546.893902 [DRV] init=0 id=7 mode=0x1 lib=0x2 seq=0x1 odc=0x8b sts=0xe0 armed=1
1788557546.899178 [TRG] pulses=44 suppressed=530 cyc=1600 rst=1 rstmode=0x40
1788557546.902652 [HLT] polls=89 faults=0x0 cfglost=0
1788557546.908406 [EFF] n=5 last=58512 min=58450 max=58515 late=0 stuck=0 rderr=0
1788557546.918549 [IMU] init=0 addr=0x68 who=0x68 rst=1 pmrb0=0x40 pmrb=0x1 sr=19 cfg=4 gcfg=0x0 acfg=0x8 icfg=0x30 ien=0x1 armed=1
1788557546.923660 [ACC] reads=4472 stale=4465 rderr=0 ax=58 ay=-69 az=1124
1788557546.926791 [PWR] pm=0x1 drift=0 rderr=0
1788557546.930405 [DWT] ok=1 cyc=2109709777 cyc_per_ms=800096
1788557547.946427 [HB] up_ms=100469 frames=4518 inf=4518 hazard=574 canary_err=0 q=0 qovr=0
1788557547.957425 [I2C] init=0 gate=0 whoami=0x201e0 wr=0 wrseen=0x27 addr=0x5a ok=29981 err=0 tmo=0 recov=0 pclk1=200000000 sysclk=400000000
1788557547.958809 [NAK] nacks=0
1788557547.963424 [CLK] cpu=800000000 sysb=400000000 pclk1=200000000
1788557547.967903 [TOF] res=0 step=0 id=0xeacc blk=0xeacc10 ctl=0x0
1788557547.973900 [RNG] init=0 step=99 id=0xeacc boot=1 calls=93 xerr=0 dm=1 tb=15
1788557547.980796 [RNG] osc=41 imp=881 imprb=881 mstart=0x40 cfg=91 cfgfail=0x0 vhv=0 vpolls=0
1788557547.986909 [PRT] calls=18193 xerr=0 ler=1 lidx=0x0 perr=0 maxcnt=17 addr8=0x52
1788557547.990917 [RTY] wr=0 wmax=0 wref=0  rd=0 rmax=0 rref=0
1788557547.998800 [RNG] frames=4520 last=67 min=49 max=73 nrdy=0 dxfer=0 dstat=0 lst=0 nrdyerr=0 dclr=0
1788557548.005025 [DRV] init=0 id=7 mode=0x1 lib=0x2 seq=0x1 odc=0x8b sts=0xe0 armed=1
1788557548.010368 [TRG] pulses=44 suppressed=530 cyc=1600 rst=1 rstmode=0x40
1788557548.013525 [HLT] polls=90 faults=0x0 cfglost=0
1788557548.019510 [EFF] n=5 last=58512 min=58450 max=58515 late=0 stuck=0 rderr=0
1788557548.029696 [IMU] init=0 addr=0x68 who=0x68 rst=1 pmrb0=0x40 pmrb=0x1 sr=19 cfg=4 gcfg=0x0 acfg=0x8 icfg=0x30 ien=0x1 armed=1
1788557548.034773 [ACC] reads=4522 stale=4515 rderr=0 ax=55 ay=-70 az=1128
1788557548.037390 [PWR] pm=0x1 drift=0 rderr=0
1788557548.041651 [DWT] ok=1 cyc=2991267483 cyc_per_ms=799961
1788557549.057407 [HB] up_ms=101571 frames=4568 inf=4568 hazard=574 canary_err=0 q=0 qovr=0
1788557549.068655 [I2C] init=0 gate=0 whoami=0x201e0 wr=0 wrseen=0x27 addr=0x5a ok=30279 err=0 tmo=0 recov=0 pclk1=200000000 sysclk=400000000
1788557549.069893 [NAK] nacks=0
1788557549.074516 [CLK] cpu=800000000 sysb=400000000 pclk1=200000000
1788557549.079159 [TOF] res=0 step=0 id=0xeacc blk=0xeacc10 ctl=0x0
1788557549.085020 [RNG] init=0 step=99 id=0xeacc boot=1 calls=93 xerr=0 dm=1 tb=15
1788557549.091942 [RNG] osc=41 imp=881 imprb=881 mstart=0x40 cfg=91 cfgfail=0x0 vhv=0 vpolls=0
1788557549.098027 [PRT] calls=18393 xerr=0 ler=1 lidx=0x0 perr=0 maxcnt=17 addr8=0x52
1788557549.102162 [RTY] wr=0 wmax=0 wref=0  rd=0 rmax=0 rref=0
1788557549.110116 [RNG] frames=4570 last=66 min=49 max=73 nrdy=0 dxfer=0 dstat=0 lst=0 nrdyerr=0 dclr=0
1788557549.116168 [DRV] init=0 id=7 mode=0x1 lib=0x2 seq=0x1 odc=0x8b sts=0xe0 armed=1
1788557549.121398 [TRG] pulses=44 suppressed=530 cyc=1600 rst=1 rstmode=0x40
1788557549.124763 [HLT] polls=91 faults=0x0 cfglost=0
1788557549.130634 [EFF] n=5 last=58512 min=58450 max=58515 late=0 stuck=0 rderr=0
1788557549.140800 [IMU] init=0 addr=0x68 who=0x68 rst=1 pmrb0=0x40 pmrb=0x1 sr=19 cfg=4 gcfg=0x0 acfg=0x8 icfg=0x30 ien=0x1 armed=1
1788557549.145909 [ACC] reads=4572 stale=4565 rderr=0 ax=56 ay=-71 az=1127
1788557549.148654 [PWR] pm=0x1 drift=0 rderr=0
1788557549.152652 [DWT] ok=1 cyc=3872845549 cyc_per_ms=799980
1788557550.168396 [HB] up_ms=102673 frames=4618 inf=4618 hazard=592 canary_err=0 q=0 qovr=0
1788557550.179554 [I2C] init=0 gate=0 whoami=0x201e0 wr=0 wrseen=0x27 addr=0x5a ok=30581 err=0 tmo=0 recov=0 pclk1=200000000 sysclk=400000000
1788557550.180938 [NAK] nacks=0
1788557550.185516 [CLK] cpu=800000000 sysb=400000000 pclk1=200000000
1788557550.190014 [TOF] res=0 step=0 id=0xeacc blk=0xeacc10 ctl=0x0
1788557550.195907 [RNG] init=0 step=99 id=0xeacc boot=1 calls=93 xerr=0 dm=1 tb=15
1788557550.202927 [RNG] osc=41 imp=881 imprb=881 mstart=0x40 cfg=91 cfgfail=0x0 vhv=0 vpolls=0
1788557550.209503 [PRT] calls=18593 xerr=0 ler=1 lidx=0x0 perr=0 maxcnt=17 addr8=0x52
1788557550.213018 [RTY] wr=0 wmax=0 wref=0  rd=0 rmax=0 rref=0
1788557550.220902 [RNG] frames=4620 last=63 min=49 max=73 nrdy=0 dxfer=0 dstat=0 lst=0 nrdyerr=0 dclr=0
1788557550.227180 [DRV] init=0 id=7 mode=0x1 lib=0x2 seq=0x1 odc=0x8b sts=0xe0 armed=1
1788557550.232389 [TRG] pulses=46 suppressed=549 cyc=1600 rst=1 rstmode=0x40
1788557550.235625 [HLT] polls=92 faults=0x0 cfglost=0
1788557550.241379 [EFF] n=5 last=58512 min=58450 max=58515 late=0 stuck=0 rderr=0
1788557550.251786 [IMU] init=0 addr=0x68 who=0x68 rst=1 pmrb0=0x40 pmrb=0x1 sr=19 cfg=4 gcfg=0x0 acfg=0x8 icfg=0x30 ien=0x1 armed=1
1788557550.256875 [ACC] reads=4622 stale=4615 rderr=0 ax=59 ay=-70 az=1126
1788557550.259534 [PWR] pm=0x1 drift=0 rderr=0
1788557550.263390 [DWT] ok=1 cyc=459481885 cyc_per_ms=800003
1788557551.278258 [HB] up_ms=103774 frames=4668 inf=4668 hazard=615 canary_err=0 q=0 qovr=0
1788557551.289495 [I2C] init=0 gate=0 whoami=0x201e0 wr=0 wrseen=0x27 addr=0x5a ok=30883 err=0 tmo=0 recov=0 pclk1=200000000 sysclk=400000000
1788557551.290867 [NAK] nacks=0
1788557551.295506 [CLK] cpu=800000000 sysb=400000000 pclk1=200000000
1788557551.299999 [TOF] res=0 step=0 id=0xeacc blk=0xeacc10 ctl=0x0
1788557551.305743 [RNG] init=0 step=99 id=0xeacc boot=1 calls=93 xerr=0 dm=1 tb=15
1788557551.312887 [RNG] osc=41 imp=881 imprb=881 mstart=0x40 cfg=91 cfgfail=0x0 vhv=0 vpolls=0
1788557551.319015 [PRT] calls=18793 xerr=0 ler=1 lidx=0x0 perr=0 maxcnt=17 addr8=0x52
1788557551.323057 [RTY] wr=0 wmax=0 wref=0  rd=0 rmax=0 rref=0
1788557551.330887 [RNG] frames=4670 last=63 min=49 max=73 nrdy=0 dxfer=0 dstat=0 lst=0 nrdyerr=0 dclr=0
1788557551.337138 [DRV] init=0 id=7 mode=0x1 lib=0x2 seq=0x1 odc=0x8b sts=0xe0 armed=1
1788557551.342395 [TRG] pulses=47 suppressed=568 cyc=1600 rst=1 rstmode=0x40
1788557551.345758 [HLT] polls=93 faults=0x0 cfglost=0
1788557551.351517 [EFF] n=5 last=58512 min=58450 max=58515 late=0 stuck=0 rderr=0
1788557551.361766 [IMU] init=0 addr=0x68 who=0x68 rst=1 pmrb0=0x40 pmrb=0x1 sr=19 cfg=4 gcfg=0x0 acfg=0x8 icfg=0x30 ien=0x1 armed=1
1788557551.367020 [ACC] reads=4672 stale=4665 rderr=0 ax=56 ay=-71 az=1125
1788557551.369658 [PWR] pm=0x1 drift=0 rderr=0
1788557551.373634 [DWT] ok=1 cyc=1340279233 cyc_per_ms=799997
1788557552.388729 [HB] up_ms=104875 frames=4718 inf=4718 hazard=615 canary_err=0 q=0 qovr=0
1788557552.399966 [I2C] init=0 gate=0 whoami=0x201e0 wr=0 wrseen=0x27 addr=0x5a ok=31185 err=0 tmo=0 recov=0 pclk1=200000000 sysclk=400000000
1788557552.401259 [NAK] nacks=0
1788557552.405892 [CLK] cpu=800000000 sysb=400000000 pclk1=200000000
1788557552.410361 [TOF] res=0 step=0 id=0xeacc blk=0xeacc10 ctl=0x0
1788557552.416133 [RNG] init=0 step=99 id=0xeacc boot=1 calls=93 xerr=0 dm=1 tb=15
1788557552.423230 [RNG] osc=41 imp=881 imprb=881 mstart=0x40 cfg=91 cfgfail=0x0 vhv=0 vpolls=0
1788557552.429777 [PRT] calls=18992 xerr=0 ler=1 lidx=0x0 perr=0 maxcnt=17 addr8=0x52
1788557552.433378 [RTY] wr=0 wmax=0 wref=0  rd=0 rmax=0 rref=0
1788557552.441118 [RNG] frames=4720 last=63 min=49 max=73 nrdy=0 dxfer=0 dstat=0 lst=0 nrdyerr=0 dclr=0
1788557552.447560 [DRV] init=0 id=7 mode=0x1 lib=0x2 seq=0x1 odc=0x8b sts=0xe0 armed=1
1788557552.452730 [TRG] pulses=47 suppressed=568 cyc=1600 rst=1 rstmode=0x40
1788557552.455978 [HLT] polls=94 faults=0x0 cfglost=0
1788557552.461726 [EFF] n=5 last=58512 min=58450 max=58515 late=0 stuck=0 rderr=0
1788557552.472173 [IMU] init=0 addr=0x68 who=0x68 rst=1 pmrb0=0x40 pmrb=0x1 sr=19 cfg=4 gcfg=0x0 acfg=0x8 icfg=0x30 ien=0x1 armed=1
1788557552.477501 [ACC] reads=4722 stale=4715 rderr=0 ax=56 ay=-69 az=1126
1788557552.479876 [PWR] pm=0x1 drift=0 rderr=0
1788557552.483861 [DWT] ok=1 cyc=2221078457 cyc_per_ms=799999
1788557553.498156 [HB] up_ms=105976 frames=4768 inf=4768 hazard=615 canary_err=0 q=0 qovr=0
1788557553.509123 [I2C] init=0 gate=0 whoami=0x201e0 wr=0 wrseen=0x27 addr=0x5a ok=31487 err=0 tmo=0 recov=0 pclk1=200000000 sysclk=400000000
1788557553.511109 [NAK] nacks=0
1788557553.515228 [CLK] cpu=800000000 sysb=400000000 pclk1=200000000
1788557553.519716 [TOF] res=0 step=0 id=0xeacc blk=0xeacc10 ctl=0x0
1788557553.525474 [RNG] init=0 step=99 id=0xeacc boot=1 calls=93 xerr=0 dm=1 tb=15
1788557553.532348 [RNG] osc=41 imp=881 imprb=881 mstart=0x40 cfg=91 cfgfail=0x0 vhv=0 vpolls=0
1788557553.538738 [PRT] calls=19189 xerr=0 ler=1 lidx=0x0 perr=0 maxcnt=17 addr8=0x52
1788557553.543052 [RTY] wr=0 wmax=0 wref=0  rd=0 rmax=0 rref=0
1788557553.550479 [RNG] frames=4770 last=63 min=49 max=73 nrdy=0 dxfer=0 dstat=0 lst=0 nrdyerr=0 dclr=0
1788557553.556591 [DRV] init=0 id=7 mode=0x1 lib=0x2 seq=0x1 odc=0x8b sts=0xe0 armed=1
1788557553.562128 [TRG] pulses=47 suppressed=568 cyc=1600 rst=1 rstmode=0x40
1788557553.565344 [HLT] polls=95 faults=0x0 cfglost=0
1788557553.571129 [EFF] n=5 last=58512 min=58450 max=58515 late=0 stuck=0 rderr=0
1788557553.581387 [IMU] init=0 addr=0x68 who=0x68 rst=1 pmrb0=0x40 pmrb=0x1 sr=19 cfg=4 gcfg=0x0 acfg=0x8 icfg=0x30 ien=0x1 armed=1
1788557553.586589 [ACC] reads=4772 stale=4765 rderr=0 ax=58 ay=-71 az=1126
1788557553.589212 [PWR] pm=0x1 drift=0 rderr=0
1788557553.593434 [DWT] ok=1 cyc=3101878613 cyc_per_ms=800000
1788557554.608000 [HB] up_ms=107077 frames=4817 inf=4817 hazard=615 canary_err=0 q=0 qovr=0
1788557554.619148 [I2C] init=0 gate=0 whoami=0x201e0 wr=0 wrseen=0x27 addr=0x5a ok=31789 err=0 tmo=0 recov=0 pclk1=200000000 sysclk=400000000
1788557554.620363 [NAK] nacks=0
1788557554.624990 [CLK] cpu=800000000 sysb=400000000 pclk1=200000000
1788557554.629621 [TOF] res=0 step=0 id=0xeacc blk=0xeacc10 ctl=0x0
1788557554.635479 [RNG] init=0 step=99 id=0xeacc boot=1 calls=93 xerr=0 dm=1 tb=15
1788557554.642372 [RNG] osc=41 imp=881 imprb=881 mstart=0x40 cfg=91 cfgfail=0x0 vhv=0 vpolls=0
1788557554.648624 [PRT] calls=19389 xerr=0 ler=1 lidx=0x0 perr=0 maxcnt=17 addr8=0x52
1788557554.652737 [RTY] wr=0 wmax=0 wref=0  rd=0 rmax=0 rref=0
1788557554.660503 [RNG] frames=4820 last=61 min=49 max=73 nrdy=0 dxfer=0 dstat=0 lst=0 nrdyerr=0 dclr=0
1788557554.666600 [DRV] init=0 id=7 mode=0x1 lib=0x2 seq=0x1 odc=0x8b sts=0xe0 armed=1
1788557554.672109 [TRG] pulses=47 suppressed=568 cyc=1600 rst=1 rstmode=0x40
1788557554.675371 [HLT] polls=96 faults=0x0 cfglost=0
1788557554.681141 [EFF] n=5 last=58512 min=58450 max=58515 late=0 stuck=0 rderr=0
1788557554.691345 [IMU] init=0 addr=0x68 who=0x68 rst=1 pmrb0=0x40 pmrb=0x1 sr=19 cfg=4 gcfg=0x0 acfg=0x8 icfg=0x30 ien=0x1 armed=1
1788557554.696608 [ACC] reads=4821 stale=4814 rderr=0 ax=57 ay=-68 az=1124
1788557554.699283 [PWR] pm=0x1 drift=0 rderr=0
1788557554.703227 [DWT] ok=1 cyc=3982811595 cyc_per_ms=800120
1788557555.718855 [HB] up_ms=108179 frames=4867 inf=4867 hazard=615 canary_err=0 q=0 qovr=0
1788557555.730240 [I2C] init=0 gate=0 whoami=0x201e0 wr=0 wrseen=0x27 addr=0x5a ok=32091 err=0 tmo=0 recov=0 pclk1=200000000 sysclk=400000000
1788557555.731406 [NAK] nacks=0
1788557555.735842 [CLK] cpu=800000000 sysb=400000000 pclk1=200000000
1788557555.740456 [TOF] res=0 step=0 id=0xeacc blk=0xeacc10 ctl=0x0
1788557555.746351 [RNG] init=0 step=99 id=0xeacc boot=1 calls=93 xerr=0 dm=1 tb=15
1788557555.753220 [RNG] osc=41 imp=881 imprb=881 mstart=0x40 cfg=91 cfgfail=0x0 vhv=0 vpolls=0
1788557555.759378 [PRT] calls=19589 xerr=0 ler=1 lidx=0x0 perr=0 maxcnt=17 addr8=0x52
1788557555.763613 [RTY] wr=0 wmax=0 wref=0  rd=0 rmax=0 rref=0
1788557555.771218 [RNG] frames=4869 last=68 min=49 max=73 nrdy=0 dxfer=0 dstat=0 lst=0 nrdyerr=0 dclr=0
1788557555.777483 [DRV] init=0 id=7 mode=0x1 lib=0x2 seq=0x1 odc=0x8b sts=0xe0 armed=1
1788557555.782719 [TRG] pulses=47 suppressed=568 cyc=1600 rst=1 rstmode=0x40
1788557555.786097 [HLT] polls=97 faults=0x0 cfglost=0
1788557555.791989 [EFF] n=5 last=58512 min=58450 max=58515 late=0 stuck=0 rderr=0
1788557555.802100 [IMU] init=0 addr=0x68 who=0x68 rst=1 pmrb0=0x40 pmrb=0x1 sr=19 cfg=4 gcfg=0x0 acfg=0x8 icfg=0x30 ien=0x1 armed=1
1788557555.807213 [ACC] reads=4871 stale=4864 rderr=0 ax=57 ay=-68 az=1126
1788557555.810503 [PWR] pm=0x1 drift=0 rderr=0
1788557555.813982 [DWT] ok=1 cyc=569433167 cyc_per_ms=799989
1788557556.829595 [HB] up_ms=109281 frames=4917 inf=4917 hazard=615 canary_err=0 q=0 qovr=0
1788557556.840731 [I2C] init=0 gate=0 whoami=0x201e0 wr=0 wrseen=0x27 addr=0x5a ok=32388 err=0 tmo=0 recov=0 pclk1=200000000 sysclk=400000000
1788557556.842099 [NAK] nacks=0
1788557556.846731 [CLK] cpu=800000000 sysb=400000000 pclk1=200000000
1788557556.851210 [TOF] res=0 step=0 id=0xeacc blk=0xeacc10 ctl=0x0
1788557556.857191 [RNG] init=0 step=99 id=0xeacc boot=1 calls=93 xerr=0 dm=1 tb=15
1788557556.864091 [RNG] osc=41 imp=881 imprb=881 mstart=0x40 cfg=91 cfgfail=0x0 vhv=0 vpolls=0
1788557556.870228 [PRT] calls=19789 xerr=0 ler=1 lidx=0x0 perr=0 maxcnt=17 addr8=0x52
1788557556.874226 [RTY] wr=0 wmax=0 wref=0  rd=0 rmax=0 rref=0
1788557556.882301 [RNG] frames=4919 last=59 min=49 max=73 nrdy=0 dxfer=0 dstat=0 lst=0 nrdyerr=0 dclr=0
1788557556.888737 [DRV] init=0 id=7 mode=0x1 lib=0x2 seq=0x1 odc=0x8b sts=0xe0 armed=1
1788557556.893596 [TRG] pulses=47 suppressed=568 cyc=1600 rst=1 rstmode=0x40
1788557556.896824 [HLT] polls=98 faults=0x0 cfglost=0
1788557556.902822 [EFF] n=5 last=58512 min=58450 max=58515 late=0 stuck=0 rderr=0
1788557556.912948 [IMU] init=0 addr=0x68 who=0x68 rst=1 pmrb0=0x40 pmrb=0x1 sr=19 cfg=4 gcfg=0x0 acfg=0x8 icfg=0x30 ien=0x1 armed=1
1788557556.918117 [ACC] reads=4921 stale=4914 rderr=0 ax=55 ay=-68 az=1126
1788557556.920695 [PWR] pm=0x1 drift=0 rderr=0
1788557556.924827 [DWT] ok=1 cyc=1450914373 cyc_per_ms=799892
1788557557.940585 [HB] up_ms=110383 frames=4967 inf=4967 hazard=656 canary_err=0 q=0 qovr=0
1788557557.951843 [I2C] init=0 gate=0 whoami=0x201e0 wr=0 wrseen=0x27 addr=0x5a ok=32689 err=0 tmo=0 recov=0 pclk1=200000000 sysclk=400000000
1788557557.953124 [NAK] nacks=0
1788557557.957710 [CLK] cpu=800000000 sysb=400000000 pclk1=200000000
1788557557.962216 [TOF] res=0 step=0 id=0xeacc blk=0xeacc10 ctl=0x0
1788557557.968253 [RNG] init=0 step=99 id=0xeacc boot=1 calls=93 xerr=0 dm=1 tb=15
1788557557.975103 [RNG] osc=41 imp=881 imprb=881 mstart=0x40 cfg=91 cfgfail=0x0 vhv=0 vpolls=0
1788557557.981213 [PRT] calls=19989 xerr=0 ler=1 lidx=0x0 perr=0 maxcnt=17 addr8=0x52
1788557557.985334 [RTY] wr=0 wmax=0 wref=0  rd=0 rmax=0 rref=0
1788557557.993457 [RNG] frames=4969 last=64 min=49 max=73 nrdy=0 dxfer=0 dstat=0 lst=0 nrdyerr=0 dclr=0
1788557557.999342 [DRV] init=0 id=7 mode=0x1 lib=0x2 seq=0x1 odc=0x8b sts=0xe0 armed=1
1788557558.004703 [TRG] pulses=50 suppressed=606 cyc=1600 rst=1 rstmode=0x40
1788557558.007952 [HLT] polls=99 faults=0x0 cfglost=0
1788557558.013846 [EFF] n=5 last=58512 min=58450 max=58515 late=0 stuck=0 rderr=0
1788557558.024110 [IMU] init=0 addr=0x68 who=0x68 rst=1 pmrb0=0x40 pmrb=0x1 sr=19 cfg=4 gcfg=0x0 acfg=0x8 icfg=0x30 ien=0x1 armed=1
1788557558.029384 [ACC] reads=4971 stale=4964 rderr=0 ax=58 ay=-71 az=1126
1788557558.031852 [PWR] pm=0x1 drift=0 rderr=0
1788557558.035835 [DWT] ok=1 cyc=2332511017 cyc_per_ms=799996
1788557559.050452 [HB] up_ms=111484 frames=5017 inf=5017 hazard=656 canary_err=0 q=0 qovr=0
1788557559.061703 [I2C] init=0 gate=0 whoami=0x201e0 wr=0 wrseen=0x27 addr=0x5a ok=32991 err=0 tmo=0 recov=0 pclk1=200000000 sysclk=400000000
1788557559.062947 [NAK] nacks=0
1788557559.067566 [CLK] cpu=800000000 sysb=400000000 pclk1=200000000
1788557559.072070 [TOF] res=0 step=0 id=0xeacc blk=0xeacc10 ctl=0x0
1788557559.077973 [RNG] init=0 step=99 id=0xeacc boot=1 calls=93 xerr=0 dm=1 tb=15
1788557559.084937 [RNG] osc=41 imp=881 imprb=881 mstart=0x40 cfg=91 cfgfail=0x0 vhv=0 vpolls=0
1788557559.091060 [PRT] calls=20189 xerr=0 ler=1 lidx=0x0 perr=0 maxcnt=17 addr8=0x52
1788557559.095240 [RTY] wr=0 wmax=0 wref=0  rd=0 rmax=0 rref=0
1788557559.102952 [RNG] frames=5019 last=56 min=49 max=73 nrdy=0 dxfer=0 dstat=0 lst=0 nrdyerr=0 dclr=0
1788557559.109185 [DRV] init=0 id=7 mode=0x1 lib=0x2 seq=0x1 odc=0x8b sts=0xe0 armed=1
1788557559.114447 [TRG] pulses=50 suppressed=606 cyc=1600 rst=1 rstmode=0x40
1788557559.117824 [HLT] polls=100 faults=0x0 cfglost=0
1788557559.123584 [EFF] n=5 last=58512 min=58450 max=58515 late=0 stuck=0 rderr=0
1788557559.133956 [IMU] init=0 addr=0x68 who=0x68 rst=1 pmrb0=0x40 pmrb=0x1 sr=19 cfg=4 gcfg=0x0 acfg=0x8 icfg=0x30 ien=0x1 armed=1
1788557559.139089 [ACC] reads=5021 stale=5014 rderr=0 ax=58 ay=-71 az=1124
1788557559.141695 [PWR] pm=0x1 drift=0 rderr=0
1788557559.145717 [DWT] ok=1 cyc=3213381085 cyc_per_ms=800063
1788557560.161955 [HB] up_ms=112586 frames=5067 inf=5067 hazard=656 canary_err=0 q=0 qovr=0
1788557560.173184 [I2C] init=0 gate=0 whoami=0x201e0 wr=0 wrseen=0x27 addr=0x5a ok=33293 err=0 tmo=0 recov=0 pclk1=200000000 sysclk=400000000
1788557560.174424 [NAK] nacks=0
1788557560.179153 [CLK] cpu=800000000 sysb=400000000 pclk1=200000000
1788557560.183575 [TOF] res=0 step=0 id=0xeacc blk=0xeacc10 ctl=0x0
1788557560.189459 [RNG] init=0 step=99 id=0xeacc boot=1 calls=93 xerr=0 dm=1 tb=15
1788557560.196444 [RNG] osc=41 imp=881 imprb=881 mstart=0x40 cfg=91 cfgfail=0x0 vhv=0 vpolls=0
1788557560.202560 [PRT] calls=20389 xerr=0 ler=1 lidx=0x0 perr=0 maxcnt=17 addr8=0x52
1788557560.206690 [RTY] wr=0 wmax=0 wref=0  rd=0 rmax=0 rref=0
1788557560.214612 [RNG] frames=5069 last=62 min=49 max=73 nrdy=0 dxfer=0 dstat=0 lst=0 nrdyerr=0 dclr=0
1788557560.220700 [DRV] init=0 id=7 mode=0x1 lib=0x2 seq=0x1 odc=0x8b sts=0xe0 armed=1
1788557560.226097 [TRG] pulses=50 suppressed=606 cyc=1600 rst=1 rstmode=0x40
1788557560.229462 [HLT] polls=101 faults=0x0 cfglost=0
1788557560.235180 [EFF] n=5 last=58512 min=58450 max=58515 late=0 stuck=0 rderr=0
1788557560.245449 [IMU] init=0 addr=0x68 who=0x68 rst=1 pmrb0=0x40 pmrb=0x1 sr=19 cfg=4 gcfg=0x0 acfg=0x8 icfg=0x30 ien=0x1 armed=1
1788557560.250558 [ACC] reads=5071 stale=5064 rderr=0 ax=55 ay=-71 az=1128
1788557560.253319 [PWR] pm=0x1 drift=0 rderr=0
1788557560.257189 [DWT] ok=1 cyc=4094980933 cyc_per_ms=799999
1788557561.273438 [HB] up_ms=113688 frames=5117 inf=5117 hazard=656 canary_err=0 q=0 qovr=0
1788557561.284555 [I2C] init=0 gate=0 whoami=0x201e0 wr=0 wrseen=0x27 addr=0x5a ok=33595 err=0 tmo=0 recov=0 pclk1=200000000 sysclk=400000000
1788557561.285923 [NAK] nacks=0
1788557561.290542 [CLK] cpu=800000000 sysb=400000000 pclk1=200000000
1788557561.295048 [TOF] res=0 step=0 id=0xeacc blk=0xeacc10 ctl=0x0
1788557561.300913 [RNG] init=0 step=99 id=0xeacc boot=1 calls=93 xerr=0 dm=1 tb=15
1788557561.307908 [RNG] osc=41 imp=881 imprb=881 mstart=0x40 cfg=91 cfgfail=0x0 vhv=0 vpolls=0
1788557561.314047 [PRT] calls=20588 xerr=0 ler=1 lidx=0x0 perr=0 maxcnt=17 addr8=0x52
1788557561.318164 [RTY] wr=0 wmax=0 wref=0  rd=0 rmax=0 rref=0
1788557561.325806 [RNG] frames=5119 last=58 min=49 max=73 nrdy=0 dxfer=0 dstat=0 lst=0 nrdyerr=0 dclr=0
1788557561.332170 [DRV] init=0 id=7 mode=0x1 lib=0x2 seq=0x1 odc=0x8b sts=0xe0 armed=1
1788557561.337540 [TRG] pulses=50 suppressed=606 cyc=1600 rst=1 rstmode=0x40
1788557561.340912 [HLT] polls=102 faults=0x0 cfglost=0
1788557561.346694 [EFF] n=5 last=58512 min=58450 max=58515 late=0 stuck=0 rderr=0
1788557561.356911 [IMU] init=0 addr=0x68 who=0x68 rst=1 pmrb0=0x40 pmrb=0x1 sr=19 cfg=4 gcfg=0x0 acfg=0x8 icfg=0x30 ien=0x1 armed=1
1788557561.362185 [ACC] reads=5121 stale=5113 rderr=0 ax=59 ay=-69 az=1127
1788557561.364809 [PWR] pm=0x1 drift=0 rderr=0
1788557561.368663 [DWT] ok=1 cyc=681613849 cyc_per_ms=800000
1788557562.383705 [HB] up_ms=114789 frames=5167 inf=5167 hazard=656 canary_err=0 q=0 qovr=0
1788557562.394796 [I2C] init=0 gate=0 whoami=0x201e0 wr=0 wrseen=0x27 addr=0x5a ok=33897 err=0 tmo=0 recov=0 pclk1=200000000 sysclk=400000000
1788557562.396030 [NAK] nacks=0
1788557562.400807 [CLK] cpu=800000000 sysb=400000000 pclk1=200000000
1788557562.405308 [TOF] res=0 step=0 id=0xeacc blk=0xeacc10 ctl=0x0
1788557562.411192 [RNG] init=0 step=99 id=0xeacc boot=1 calls=93 xerr=0 dm=1 tb=15
1788557562.418054 [RNG] osc=41 imp=881 imprb=881 mstart=0x40 cfg=91 cfgfail=0x0 vhv=0 vpolls=0
1788557562.424301 [PRT] calls=20785 xerr=0 ler=1 lidx=0x0 perr=0 maxcnt=17 addr8=0x52
1788557562.428468 [RTY] wr=0 wmax=0 wref=0  rd=0 rmax=0 rref=0
1788557562.436177 [RNG] frames=5169 last=65 min=49 max=73 nrdy=0 dxfer=0 dstat=0 lst=0 nrdyerr=0 dclr=0
1788557562.442289 [DRV] init=0 id=7 mode=0x1 lib=0x2 seq=0x1 odc=0x8b sts=0xe0 armed=1
1788557562.447791 [TRG] pulses=50 suppressed=606 cyc=1600 rst=1 rstmode=0x40
1788557562.451156 [HLT] polls=103 faults=0x0 cfglost=0
1788557562.456904 [EFF] n=5 last=58512 min=58450 max=58515 late=0 stuck=0 rderr=0
1788557562.467159 [IMU] init=0 addr=0x68 who=0x68 rst=1 pmrb0=0x40 pmrb=0x1 sr=19 cfg=4 gcfg=0x0 acfg=0x8 icfg=0x30 ien=0x1 armed=1
1788557562.472282 [ACC] reads=5171 stale=5163 rderr=0 ax=57 ay=-67 az=1128
1788557562.475043 [PWR] pm=0x1 drift=0 rderr=0
1788557562.478952 [DWT] ok=1 cyc=1562413977 cyc_per_ms=800000
1788557563.494678 [HB] up_ms=115891 frames=5217 inf=5217 hazard=656 canary_err=0 q=0 qovr=0
1788557563.505672 [I2C] init=0 gate=0 whoami=0x201e0 wr=0 wrseen=0x27 addr=0x5a ok=34199 err=0 tmo=0 recov=0 pclk1=200000000 sysclk=400000000
1788557563.507068 [NAK] nacks=0
1788557563.512244 [CLK] cpu=800000000 sysb=400000000 pclk1=200000000
1788557563.516307 [TOF] res=0 step=0 id=0xeacc blk=0xeacc10 ctl=0x0
1788557563.522057 [RNG] init=0 step=99 id=0xeacc boot=1 calls=93 xerr=0 dm=1 tb=15
1788557563.529058 [RNG] osc=41 imp=881 imprb=881 mstart=0x40 cfg=91 cfgfail=0x0 vhv=0 vpolls=0
1788557563.535299 [PRT] calls=20985 xerr=0 ler=1 lidx=0x0 perr=0 maxcnt=17 addr8=0x52
1788557563.539304 [RTY] wr=0 wmax=0 wref=0  rd=0 rmax=0 rref=0
1788557563.547060 [RNG] frames=5219 last=66 min=49 max=73 nrdy=0 dxfer=0 dstat=0 lst=0 nrdyerr=0 dclr=0
1788557563.553267 [DRV] init=0 id=7 mode=0x1 lib=0x2 seq=0x1 odc=0x8b sts=0xe0 armed=1
1788557563.558667 [TRG] pulses=50 suppressed=606 cyc=1600 rst=1 rstmode=0x40
1788557563.562104 [HLT] polls=104 faults=0x0 cfglost=0
1788557563.567774 [EFF] n=5 last=58512 min=58450 max=58515 late=0 stuck=0 rderr=0
1788557563.577905 [IMU] init=0 addr=0x68 who=0x68 rst=1 pmrb0=0x40 pmrb=0x1 sr=19 cfg=4 gcfg=0x0 acfg=0x8 icfg=0x30 ien=0x1 armed=1
1788557563.583290 [ACC] reads=5220 stale=5212 rderr=0 ax=55 ay=-69 az=1123
1788557563.585894 [PWR] pm=0x1 drift=0 rderr=0
1788557563.589892 [DWT] ok=1 cyc=2444041891 cyc_per_ms=800025
1788557564.604935 [HB] up_ms=116993 frames=5266 inf=5266 hazard=682 canary_err=0 q=0 qovr=0
1788557564.616067 [I2C] init=0 gate=0 whoami=0x201e0 wr=0 wrseen=0x27 addr=0x5a ok=34501 err=0 tmo=0 recov=0 pclk1=200000000 sysclk=400000000
1788557564.617292 [NAK] nacks=0
1788557564.621918 [CLK] cpu=800000000 sysb=400000000 pclk1=200000000
1788557564.626581 [TOF] res=0 step=0 id=0xeacc blk=0xeacc10 ctl=0x0
1788557564.632524 [RNG] init=0 step=99 id=0xeacc boot=1 calls=93 xerr=0 dm=1 tb=15
1788557564.639291 [RNG] osc=41 imp=881 imprb=881 mstart=0x40 cfg=91 cfgfail=0x0 vhv=0 vpolls=0
1788557564.645473 [PRT] calls=21185 xerr=0 ler=1 lidx=0x0 perr=0 maxcnt=17 addr8=0x52
1788557564.649665 [RTY] wr=0 wmax=0 wref=0  rd=0 rmax=0 rref=0
1788557564.657425 [RNG] frames=5269 last=65 min=49 max=73 nrdy=0 dxfer=0 dstat=0 lst=0 nrdyerr=0 dclr=0
1788557564.663550 [DRV] init=0 id=7 mode=0x1 lib=0x2 seq=0x1 odc=0x8b sts=0xe0 armed=1
1788557564.668924 [TRG] pulses=53 suppressed=632 cyc=1600 rst=1 rstmode=0x40
1788557564.672403 [HLT] polls=105 faults=0x0 cfglost=0
1788557564.678198 [EFF] n=5 last=58512 min=58450 max=58515 late=0 stuck=0 rderr=0
1788557564.688285 [IMU] init=0 addr=0x68 who=0x68 rst=1 pmrb0=0x40 pmrb=0x1 sr=19 cfg=4 gcfg=0x0 acfg=0x8 icfg=0x30 ien=0x1 armed=1
1788557564.693573 [ACC] reads=5270 stale=5262 rderr=0 ax=56 ay=-70 az=1125
1788557564.696294 [PWR] pm=0x1 drift=0 rderr=0
1788557564.700180 [DWT] ok=1 cyc=3325754787 cyc_per_ms=800102
1788557565.715289 [HB] up_ms=118095 frames=5316 inf=5316 hazard=697 canary_err=0 q=0 qovr=0
1788557565.726297 [I2C] init=0 gate=0 whoami=0x201e0 wr=0 wrseen=0x27 addr=0x5a ok=34803 err=0 tmo=0 recov=0 pclk1=200000000 sysclk=400000000
1788557565.727706 [NAK] nacks=0
1788557565.732276 [CLK] cpu=800000000 sysb=400000000 pclk1=200000000
1788557565.736818 [TOF] res=0 step=0 id=0xeacc blk=0xeacc10 ctl=0x0
1788557565.742783 [RNG] init=0 step=99 id=0xeacc boot=1 calls=93 xerr=0 dm=1 tb=15
1788557565.749637 [RNG] osc=41 imp=881 imprb=881 mstart=0x40 cfg=91 cfgfail=0x0 vhv=0 vpolls=0
1788557565.755766 [PRT] calls=21385 xerr=0 ler=1 lidx=0x0 perr=0 maxcnt=17 addr8=0x52
1788557565.759884 [RTY] wr=0 wmax=0 wref=0  rd=0 rmax=0 rref=0
1788557565.768174 [RNG] frames=5318 last=64 min=49 max=73 nrdy=0 dxfer=0 dstat=0 lst=0 nrdyerr=0 dclr=0
1788557565.773845 [DRV] init=0 id=7 mode=0x1 lib=0x2 seq=0x1 odc=0x8b sts=0xe0 armed=1
1788557565.779166 [TRG] pulses=53 suppressed=644 cyc=1600 rst=1 rstmode=0x40
1788557565.782735 [HLT] polls=106 faults=0x0 cfglost=0
1788557565.788383 [EFF] n=5 last=58512 min=58450 max=58515 late=0 stuck=0 rderr=0
1788557565.798520 [IMU] init=0 addr=0x68 who=0x68 rst=1 pmrb0=0x40 pmrb=0x1 sr=19 cfg=4 gcfg=0x0 acfg=0x8 icfg=0x30 ien=0x1 armed=1
1788557565.803644 [ACC] reads=5320 stale=5312 rderr=0 ax=57 ay=-68 az=1125
1788557565.806379 [PWR] pm=0x1 drift=0 rderr=0
1788557565.810558 [DWT] ok=1 cyc=4207299551 cyc_per_ms=799949
1788557566.825669 [HB] up_ms=119197 frames=5366 inf=5366 hazard=697 canary_err=0 q=0 qovr=0
1788557566.836765 [I2C] init=0 gate=0 whoami=0x201e0 wr=0 wrseen=0x27 addr=0x5a ok=35099 err=0 tmo=0 recov=0 pclk1=200000000 sysclk=400000000
1788557566.838172 [NAK] nacks=0
1788557566.842727 [CLK] cpu=800000000 sysb=400000000 pclk1=200000000
1788557566.847272 [TOF] res=0 step=0 id=0xeacc blk=0xeacc10 ctl=0x0
1788557566.853280 [RNG] init=0 step=99 id=0xeacc boot=1 calls=93 xerr=0 dm=1 tb=15
1788557566.860303 [RNG] osc=41 imp=881 imprb=881 mstart=0x40 cfg=91 cfgfail=0x0 vhv=0 vpolls=0
1788557566.866191 [PRT] calls=21585 xerr=0 ler=1 lidx=0x0 perr=0 maxcnt=17 addr8=0x52
1788557566.870347 [RTY] wr=0 wmax=0 wref=0  rd=0 rmax=0 rref=0
1788557566.878165 [RNG] frames=5368 last=65 min=49 max=73 nrdy=0 dxfer=0 dstat=0 lst=0 nrdyerr=0 dclr=0
1788557566.884267 [DRV] init=0 id=7 mode=0x1 lib=0x2 seq=0x1 odc=0x8b sts=0xe0 armed=1
1788557566.889642 [TRG] pulses=53 suppressed=644 cyc=1600 rst=1 rstmode=0x40
1788557566.893032 [HLT] polls=107 faults=0x0 cfglost=0
1788557566.898899 [EFF] n=5 last=58512 min=58450 max=58515 late=0 stuck=0 rderr=0
1788557566.909001 [IMU] init=0 addr=0x68 who=0x68 rst=1 pmrb0=0x40 pmrb=0x1 sr=19 cfg=4 gcfg=0x0 acfg=0x8 icfg=0x30 ien=0x1 armed=1
1788557566.914192 [ACC] reads=5370 stale=5362 rderr=0 ax=54 ay=-67 az=1126
1788557566.916769 [PWR] pm=0x1 drift=0 rderr=0
1788557566.920887 [DWT] ok=1 cyc=793846457 cyc_per_ms=799922
1788557567.936390 [HB] up_ms=120299 frames=5416 inf=5416 hazard=697 canary_err=0 q=0 qovr=0
1788557567.947514 [I2C] init=0 gate=0 whoami=0x201e0 wr=0 wrseen=0x27 addr=0x5a ok=35401 err=0 tmo=0 recov=0 pclk1=200000000 sysclk=400000000
1788557567.948896 [NAK] nacks=0
1788557567.953579 [CLK] cpu=800000000 sysb=400000000 pclk1=200000000
1788557567.958018 [TOF] res=0 step=0 id=0xeacc blk=0xeacc10 ctl=0x0
1788557567.965369 [RNG] init=0 step=99 id=0xeacc boot=1 calls=93 xerr=0 dm=1 tb=15
1788557567.970917 [RNG] osc=41 imp=881 imprb=881 mstart=0x40 cfg=91 cfgfail=0x0 vhv=0 vpolls=0
1788557567.977117 [PRT] calls=21785 xerr=0 ler=1 lidx=0x0 perr=0 maxcnt=17 addr8=0x52
1788557567.981032 [RTY] wr=0 wmax=0 wref=0  rd=0 rmax=0 rref=0
1788557567.988875 [RNG] frames=5418 last=63 min=49 max=73 nrdy=0 dxfer=0 dstat=0 lst=0 nrdyerr=0 dclr=0
1788557567.994994 [DRV] init=0 id=7 mode=0x1 lib=0x2 seq=0x1 odc=0x8b sts=0xe0 armed=1
1788557568.000380 [TRG] pulses=53 suppressed=644 cyc=1600 rst=1 rstmode=0x40
1788557568.003744 [HLT] polls=108 faults=0x0 cfglost=0
1788557568.009504 [EFF] n=5 last=58512 min=58450 max=58515 late=0 stuck=0 rderr=0
1788557568.019738 [IMU] init=0 addr=0x68 who=0x68 rst=1 pmrb0=0x40 pmrb=0x1 sr=19 cfg=4 gcfg=0x0 acfg=0x8 icfg=0x30 ien=0x1 armed=1
1788557568.024870 [ACC] reads=5420 stale=5412 rderr=0 ax=58 ay=-72 az=1124
1788557568.027644 [PWR] pm=0x1 drift=0 rderr=0
1788557568.031494 [DWT] ok=1 cyc=1675446553 cyc_per_ms=800000
1788557569.046528 [HB] up_ms=121401 frames=5466 inf=5466 hazard=697 canary_err=0 q=0 qovr=0
1788557569.057762 [I2C] init=0 gate=0 whoami=0x201e0 wr=0 wrseen=0x27 addr=0x5a ok=35703 err=0 tmo=0 recov=0 pclk1=200000000 sysclk=400000000
1788557569.059002 [NAK] nacks=0
1788557569.063629 [CLK] cpu=800000000 sysb=400000000 pclk1=200000000
1788557569.068161 [TOF] res=0 step=0 id=0xeacc blk=0xeacc10 ctl=0x0
1788557569.074000 [RNG] init=0 step=99 id=0xeacc boot=1 calls=93 xerr=0 dm=1 tb=15
1788557569.081039 [RNG] osc=41 imp=881 imprb=881 mstart=0x40 cfg=91 cfgfail=0x0 vhv=0 vpolls=0
1788557569.087135 [PRT] calls=21985 xerr=0 ler=1 lidx=0x0 perr=0 maxcnt=17 addr8=0x52
1788557569.091151 [RTY] wr=0 wmax=0 wref=0  rd=0 rmax=0 rref=0
1788557569.098871 [RNG] frames=5468 last=62 min=49 max=73 nrdy=0 dxfer=0 dstat=0 lst=0 nrdyerr=0 dclr=0
1788557569.105262 [DRV] init=0 id=7 mode=0x1 lib=0x2 seq=0x1 odc=0x8b sts=0xe0 armed=1
1788557569.110537 [TRG] pulses=53 suppressed=644 cyc=1600 rst=1 rstmode=0x40
1788557569.114101 [HLT] polls=109 faults=0x0 cfglost=0
1788557569.119606 [EFF] n=5 last=58512 min=58450 max=58515 late=0 stuck=0 rderr=0
1788557569.129999 [IMU] init=0 addr=0x68 who=0x68 rst=1 pmrb0=0x40 pmrb=0x1 sr=19 cfg=4 gcfg=0x0 acfg=0x8 icfg=0x30 ien=0x1 armed=1
1788557569.135125 [ACC] reads=5470 stale=5462 rderr=0 ax=56 ay=-70 az=1126
1788557569.137752 [PWR] pm=0x1 drift=0 rderr=0
1788557569.141760 [DWT] ok=1 cyc=2557046525 cyc_per_ms=799999
1788557570.156731 [HB] up_ms=122503 frames=5516 inf=5516 hazard=697 canary_err=0 q=0 qovr=0
1788557570.167886 [I2C] init=0 gate=0 whoami=0x201e0 wr=0 wrseen=0x27 addr=0x5a ok=36005 err=0 tmo=0 recov=0 pclk1=200000000 sysclk=400000000
1788557570.169271 [NAK] nacks=0
1788557570.174168 [CLK] cpu=800000000 sysb=400000000 pclk1=200000000
1788557570.179041 [TOF] res=0 step=0 id=0xeacc blk=0xeacc10 ctl=0x0
1788557570.184266 [RNG] init=0 step=99 id=0xeacc boot=1 calls=93 xerr=0 dm=1 tb=15
1788557570.191234 [RNG] osc=41 imp=881 imprb=881 mstart=0x40 cfg=91 cfgfail=0x0 vhv=0 vpolls=0
1788557570.197365 [PRT] calls=22185 xerr=0 ler=1 lidx=0x0 perr=0 maxcnt=17 addr8=0x52
1788557570.201490 [RTY] wr=0 wmax=0 wref=0  rd=0 rmax=0 rref=0
1788557570.209118 [RNG] frames=5518 last=68 min=49 max=73 nrdy=0 dxfer=0 dstat=0 lst=0 nrdyerr=0 dclr=0
1788557570.215411 [DRV] init=0 id=7 mode=0x1 lib=0x2 seq=0x1 odc=0x8b sts=0xe0 armed=1
1788557570.220728 [TRG] pulses=53 suppressed=644 cyc=1600 rst=1 rstmode=0x40
1788557570.224118 [HLT] polls=110 faults=0x0 cfglost=0
1788557570.229855 [EFF] n=5 last=58512 min=58450 max=58515 late=0 stuck=0 rderr=0
1788557570.240142 [IMU] init=0 addr=0x68 who=0x68 rst=1 pmrb0=0x40 pmrb=0x1 sr=19 cfg=4 gcfg=0x0 acfg=0x8 icfg=0x30 ien=0x1 armed=1
1788557570.245234 [ACC] reads=5520 stale=5512 rderr=0 ax=58 ay=-69 az=1129
1788557570.247913 [PWR] pm=0x1 drift=0 rderr=0
1788557570.251914 [DWT] ok=1 cyc=3438646293 cyc_per_ms=799999
1788557571.266872 [HB] up_ms=123605 frames=5566 inf=5566 hazard=703 canary_err=0 q=0 qovr=0
1788557571.277966 [I2C] init=0 gate=0 whoami=0x201e0 wr=0 wrseen=0x27 addr=0x5a ok=36307 err=0 tmo=0 recov=0 pclk1=200000000 sysclk=400000000
1788557571.279656 [NAK] nacks=0
1788557571.283974 [CLK] cpu=800000000 sysb=400000000 pclk1=200000000
1788557571.288475 [TOF] res=0 step=0 id=0xeacc blk=0xeacc10 ctl=0x0
1788557571.294401 [RNG] init=0 step=99 id=0xeacc boot=1 calls=93 xerr=0 dm=1 tb=15
1788557571.301368 [RNG] osc=41 imp=881 imprb=881 mstart=0x40 cfg=91 cfgfail=0x0 vhv=0 vpolls=0
1788557571.307493 [PRT] calls=22384 xerr=0 ler=1 lidx=0x0 perr=0 maxcnt=17 addr8=0x52
1788557571.311615 [RTY] wr=0 wmax=0 wref=0  rd=0 rmax=0 rref=0
1788557571.319265 [RNG] frames=5568 last=67 min=49 max=73 nrdy=0 dxfer=0 dstat=0 lst=0 nrdyerr=0 dclr=0
1788557571.325593 [DRV] init=0 id=7 mode=0x1 lib=0x2 seq=0x1 odc=0x8b sts=0xe0 armed=1
1788557571.331478 [TRG] pulses=54 suppressed=652 cyc=1600 rst=1 rstmode=0x40
1788557571.334232 [HLT] polls=111 faults=0x0 cfglost=0
1788557571.339983 [EFF] n=5 last=58512 min=58450 max=58515 late=0 stuck=0 rderr=0
1788557571.350384 [IMU] init=0 addr=0x68 who=0x68 rst=1 pmrb0=0x40 pmrb=0x1 sr=19 cfg=4 gcfg=0x0 acfg=0x8 icfg=0x30 ien=0x1 armed=1
1788557571.355472 [ACC] reads=5570 stale=5562 rderr=0 ax=51 ay=-66 az=1130
1788557571.358122 [PWR] pm=0x1 drift=0 rderr=0
1788557571.361996 [DWT] ok=1 cyc=25282741 cyc_per_ms=800003
1788557572.376963 [HB] up_ms=124706 frames=5616 inf=5616 hazard=738 canary_err=0 q=0 qovr=0
1788557572.387588 [I2C] init=0 gate=0 whoami=0x201e0 wr=0 wrseen=0x27 addr=0x5a ok=36609 err=0 tmo=0 recov=0 pclk1=200000000 sysclk=400000000
1788557572.389001 [NAK] nacks=0
1788557572.393804 [CLK] cpu=800000000 sysb=400000000 pclk1=200000000
1788557572.398225 [TOF] res=0 step=0 id=0xeacc blk=0xeacc10 ctl=0x0
1788557572.404122 [RNG] init=0 step=99 id=0xeacc boot=1 calls=93 xerr=0 dm=1 tb=15
1788557572.410973 [RNG] osc=41 imp=881 imprb=881 mstart=0x40 cfg=91 cfgfail=0x0 vhv=0 vpolls=0
1788557572.417218 [PRT] calls=22581 xerr=0 ler=1 lidx=0x0 perr=0 maxcnt=17 addr8=0x52
1788557572.421224 [RTY] wr=0 wmax=0 wref=0  rd=0 rmax=0 rref=0
1788557572.428989 [RNG] frames=5618 last=65 min=49 max=73 nrdy=0 dxfer=0 dstat=0 lst=0 nrdyerr=0 dclr=0
1788557572.435105 [DRV] init=0 id=7 mode=0x1 lib=0x2 seq=0x1 odc=0x8b sts=0xe0 armed=1
1788557572.440595 [TRG] pulses=56 suppressed=682 cyc=1600 rst=1 rstmode=0x40
1788557572.444220 [HLT] polls=112 faults=0x0 cfglost=0
1788557572.449706 [EFF] n=5 last=58512 min=58450 max=58515 late=0 stuck=0 rderr=0
1788557572.459969 [IMU] init=0 addr=0x68 who=0x68 rst=1 pmrb0=0x40 pmrb=0x1 sr=19 cfg=4 gcfg=0x0 acfg=0x8 icfg=0x30 ien=0x1 armed=1
1788557572.465208 [ACC] reads=5620 stale=5612 rderr=0 ax=57 ay=-69 az=1131
1788557572.467831 [PWR] pm=0x1 drift=0 rderr=0
1788557572.471760 [DWT] ok=1 cyc=906079345 cyc_per_ms=799996
1788557573.486491 [HB] up_ms=125807 frames=5665 inf=5665 hazard=738 canary_err=0 q=0 qovr=0
1788557573.497457 [I2C] init=0 gate=0 whoami=0x201e0 wr=0 wrseen=0x27 addr=0x5a ok=36911 err=0 tmo=0 recov=0 pclk1=200000000 sysclk=400000000
1788557573.498845 [NAK] nacks=0
1788557573.503453 [CLK] cpu=800000000 sysb=400000000 pclk1=200000000
1788557573.508121 [TOF] res=0 step=0 id=0xeacc blk=0xeacc10 ctl=0x0
1788557573.513999 [RNG] init=0 step=99 id=0xeacc boot=1 calls=93 xerr=0 dm=1 tb=15
1788557573.520841 [RNG] osc=41 imp=881 imprb=881 mstart=0x40 cfg=91 cfgfail=0x0 vhv=0 vpolls=0
1788557573.527110 [PRT] calls=22781 xerr=0 ler=1 lidx=0x0 perr=0 maxcnt=17 addr8=0x52
1788557573.531109 [RTY] wr=0 wmax=0 wref=0  rd=0 rmax=0 rref=0
1788557573.538884 [RNG] frames=5668 last=62 min=49 max=73 nrdy=0 dxfer=0 dstat=0 lst=0 nrdyerr=0 dclr=0
1788557573.544960 [DRV] init=0 id=7 mode=0x1 lib=0x2 seq=0x1 odc=0x8b sts=0xe0 armed=1
1788557573.550598 [TRG] pulses=56 suppressed=682 cyc=1600 rst=1 rstmode=0x40
1788557573.553846 [HLT] polls=113 faults=0x0 cfglost=0
1788557573.559592 [EFF] n=5 last=58512 min=58450 max=58515 late=0 stuck=0 rderr=0
1788557573.569700 [IMU] init=0 addr=0x68 who=0x68 rst=1 pmrb0=0x40 pmrb=0x1 sr=19 cfg=4 gcfg=0x0 acfg=0x8 icfg=0x30 ien=0x1 armed=1
1788557573.575143 [ACC] reads=5669 stale=5661 rderr=0 ax=56 ay=-68 az=1125
1788557573.577744 [PWR] pm=0x1 drift=0 rderr=0
1788557573.581733 [DWT] ok=1 cyc=1787012431 cyc_per_ms=800120
1788557574.597116 [HB] up_ms=126909 frames=5715 inf=5715 hazard=738 canary_err=0 q=0 qovr=0
1788557574.608209 [I2C] init=0 gate=0 whoami=0x201e0 wr=0 wrseen=0x27 addr=0x5a ok=37213 err=0 tmo=0 recov=0 pclk1=200000000 sysclk=400000000
1788557574.609455 [NAK] nacks=0
1788557574.614107 [CLK] cpu=800000000 sysb=400000000 pclk1=200000000
1788557574.618714 [TOF] res=0 step=0 id=0xeacc blk=0xeacc10 ctl=0x0
1788557574.624585 [RNG] init=0 step=99 id=0xeacc boot=1 calls=93 xerr=0 dm=1 tb=15
1788557574.631478 [RNG] osc=41 imp=881 imprb=881 mstart=0x40 cfg=91 cfgfail=0x0 vhv=0 vpolls=0
1788557574.637602 [PRT] calls=22981 xerr=0 ler=1 lidx=0x0 perr=0 maxcnt=17 addr8=0x52
1788557574.641837 [RTY] wr=0 wmax=0 wref=0  rd=0 rmax=0 rref=0
1788557574.649604 [RNG] frames=5717 last=62 min=49 max=73 nrdy=0 dxfer=0 dstat=0 lst=0 nrdyerr=0 dclr=0
1788557574.655717 [DRV] init=0 id=7 mode=0x1 lib=0x2 seq=0x1 odc=0x8b sts=0xe0 armed=1
1788557574.661123 [TRG] pulses=56 suppressed=682 cyc=1600 rst=1 rstmode=0x40
1788557574.664465 [HLT] polls=114 faults=0x0 cfglost=0
1788557574.670340 [EFF] n=5 last=58512 min=58450 max=58515 late=0 stuck=0 rderr=0
1788557574.680462 [IMU] init=0 addr=0x68 who=0x68 rst=1 pmrb0=0x40 pmrb=0x1 sr=19 cfg=4 gcfg=0x0 acfg=0x8 icfg=0x30 ien=0x1 armed=1
1788557574.685563 [ACC] reads=5719 stale=5711 rderr=0 ax=56 ay=-70 az=1125
1788557574.688434 [PWR] pm=0x1 drift=0 rderr=0
1788557574.692451 [DWT] ok=1 cyc=2668603187 cyc_per_ms=799991
1788557575.708456 [HB] up_ms=128011 frames=5765 inf=5765 hazard=738 canary_err=0 q=0 qovr=0
1788557575.719698 [I2C] init=0 gate=0 whoami=0x201e0 wr=0 wrseen=0x27 addr=0x5a ok=37510 err=0 tmo=0 recov=0 pclk1=200000000 sysclk=400000000
1788557575.720945 [NAK] nacks=0
1788557575.725576 [CLK] cpu=800000000 sysb=400000000 pclk1=200000000
1788557575.730120 [TOF] res=0 step=0 id=0xeacc blk=0xeacc10 ctl=0x0
1788557575.736073 [RNG] init=0 step=99 id=0xeacc boot=1 calls=93 xerr=0 dm=1 tb=15
1788557575.743154 [RNG] osc=41 imp=881 imprb=881 mstart=0x40 cfg=91 cfgfail=0x0 vhv=0 vpolls=0
1788557575.749197 [PRT] calls=23181 xerr=0 ler=1 lidx=0x0 perr=0 maxcnt=17 addr8=0x52
1788557575.753197 [RTY] wr=0 wmax=0 wref=0  rd=0 rmax=0 rref=0
1788557575.761557 [RNG] frames=5767 last=59 min=49 max=73 nrdy=0 dxfer=0 dstat=0 lst=0 nrdyerr=0 dclr=0
1788557575.767207 [DRV] init=0 id=7 mode=0x1 lib=0x2 seq=0x1 odc=0x8b sts=0xe0 armed=1
1788557575.772555 [TRG] pulses=56 suppressed=682 cyc=1600 rst=1 rstmode=0x40
1788557575.775939 [HLT] polls=115 faults=0x0 cfglost=0
1788557575.781814 [EFF] n=5 last=58512 min=58450 max=58515 late=0 stuck=0 rderr=0
1788557575.792096 [IMU] init=0 addr=0x68 who=0x68 rst=1 pmrb0=0x40 pmrb=0x1 sr=19 cfg=4 gcfg=0x0 acfg=0x8 icfg=0x30 ien=0x1 armed=1
1788557575.797244 [ACC] reads=5769 stale=5761 rderr=0 ax=57 ay=-70 az=1127
1788557575.799814 [PWR] pm=0x1 drift=0 rderr=0
1788557575.803936 [DWT] ok=1 cyc=3550079209 cyc_per_ms=799887
1788557576.819819 [HB] up_ms=129113 frames=5815 inf=5815 hazard=738 canary_err=0 q=0 qovr=0
1788557576.831104 [I2C] init=0 gate=0 whoami=0x201e0 wr=0 wrseen=0x27 addr=0x5a ok=37811 err=0 tmo=0 recov=0 pclk1=200000000 sysclk=400000000
1788557576.832428 [NAK] nacks=0
1788557576.837072 [CLK] cpu=800000000 sysb=400000000 pclk1=200000000
1788557576.841552 [TOF] res=0 step=0 id=0xeacc blk=0xeacc10 ctl=0x0
1788557576.847779 [RNG] init=0 step=99 id=0xeacc boot=1 calls=93 xerr=0 dm=1 tb=15
1788557576.854460 [RNG] osc=41 imp=881 imprb=881 mstart=0x40 cfg=91 cfgfail=0x0 vhv=0 vpolls=0
1788557576.861150 [PRT] calls=23381 xerr=0 ler=1 lidx=0x0 perr=0 maxcnt=17 addr8=0x52
1788557576.864590 [RTY] wr=0 wmax=0 wref=0  rd=0 rmax=0 rref=0
1788557576.872430 [RNG] frames=5817 last=58 min=49 max=73 nrdy=0 dxfer=0 dstat=0 lst=0 nrdyerr=0 dclr=0
1788557576.878719 [DRV] init=0 id=7 mode=0x1 lib=0x2 seq=0x1 odc=0x8b sts=0xe0 armed=1
1788557576.883968 [TRG] pulses=56 suppressed=682 cyc=1600 rst=1 rstmode=0x40
1788557576.887312 [HLT] polls=116 faults=0x0 cfglost=0
1788557576.893187 [EFF] n=5 last=58512 min=58450 max=58515 late=0 stuck=0 rderr=0
1788557576.903334 [IMU] init=0 addr=0x68 who=0x68 rst=1 pmrb0=0x40 pmrb=0x1 sr=19 cfg=4 gcfg=0x0 acfg=0x8 icfg=0x30 ien=0x1 armed=1
1788557576.908478 [ACC] reads=5819 stale=5811 rderr=0 ax=56 ay=-69 az=1127
1788557576.911442 [PWR] pm=0x1 drift=0 rderr=0
1788557576.915063 [DWT] ok=1 cyc=136711801 cyc_per_ms=799999
1788557577.931395 [HB] up_ms=130214 frames=5865 inf=5865 hazard=738 canary_err=0 q=0 qovr=0
1788557577.941427 [I2C] init=0 gate=0 whoami=0x201e0 wr=0 wrseen=0x27 addr=0x5a ok=38113 err=0 tmo=0 recov=0 pclk1=200000000 sysclk=400000000
1788557577.944477 [NAK] nacks=0
1788557577.947306 [CLK] cpu=800000000 sysb=400000000 pclk1=200000000
1788557577.951798 [TOF] res=0 step=0 id=0xeacc blk=0xeacc10 ctl=0x0
1788557577.957668 [RNG] init=0 step=99 id=0xeacc boot=1 calls=93 xerr=0 dm=1 tb=15
1788557577.964667 [RNG] osc=41 imp=881 imprb=881 mstart=0x40 cfg=91 cfgfail=0x0 vhv=0 vpolls=0
1788557577.970803 [PRT] calls=23581 xerr=0 ler=1 lidx=0x0 perr=0 maxcnt=17 addr8=0x52
1788557577.974911 [RTY] wr=0 wmax=0 wref=0  rd=0 rmax=0 rref=0
1788557577.982668 [RNG] frames=5867 last=57 min=49 max=73 nrdy=0 dxfer=0 dstat=0 lst=0 nrdyerr=0 dclr=0
1788557577.988914 [DRV] init=0 id=7 mode=0x1 lib=0x2 seq=0x1 odc=0x8b sts=0xe0 armed=1
1788557577.994517 [TRG] pulses=56 suppressed=682 cyc=1600 rst=1 rstmode=0x40
1788557577.997683 [HLT] polls=117 faults=0x0 cfglost=0
1788557578.003427 [EFF] n=5 last=58512 min=58450 max=58515 late=0 stuck=0 rderr=0
1788557578.013821 [IMU] init=0 addr=0x68 who=0x68 rst=1 pmrb0=0x40 pmrb=0x1 sr=19 cfg=4 gcfg=0x0 acfg=0x8 icfg=0x30 ien=0x1 armed=1
1788557578.018934 [ACC] reads=5869 stale=5861 rderr=0 ax=56 ay=-70 az=1124
1788557578.021557 [PWR] pm=0x1 drift=0 rderr=0
1788557578.025551 [DWT] ok=1 cyc=1017511893 cyc_per_ms=800000
1788557579.041942 [HB] up_ms=131316 frames=5915 inf=5915 hazard=773 canary_err=0 q=0 qovr=0
1788557579.053200 [I2C] init=0 gate=0 whoami=0x201e0 wr=0 wrseen=0x27 addr=0x5a ok=38415 err=0 tmo=0 recov=0 pclk1=200000000 sysclk=400000000
1788557579.054543 [NAK] nacks=0
1788557579.059032 [CLK] cpu=800000000 sysb=400000000 pclk1=200000000
1788557579.063695 [TOF] res=0 step=0 id=0xeacc blk=0xeacc10 ctl=0x0
1788557579.069423 [RNG] init=0 step=99 id=0xeacc boot=1 calls=93 xerr=0 dm=1 tb=15
1788557579.076569 [RNG] osc=41 imp=881 imprb=881 mstart=0x40 cfg=91 cfgfail=0x0 vhv=0 vpolls=0
1788557579.082702 [PRT] calls=23781 xerr=0 ler=1 lidx=0x0 perr=0 maxcnt=17 addr8=0x52
1788557579.086713 [RTY] wr=0 wmax=0 wref=0  rd=0 rmax=0 rref=0
1788557579.094665 [RNG] frames=5917 last=65 min=49 max=73 nrdy=0 dxfer=0 dstat=0 lst=0 nrdyerr=0 dclr=0
1788557579.100835 [DRV] init=0 id=7 mode=0x1 lib=0x2 seq=0x1 odc=0x8b sts=0xe0 armed=1
1788557579.106060 [TRG] pulses=59 suppressed=717 cyc=1600 rst=1 rstmode=0x40
1788557579.109410 [HLT] polls=118 faults=0x0 cfglost=0
1788557579.115178 [EFF] n=5 last=58512 min=58450 max=58515 late=0 stuck=0 rderr=0
1788557579.125556 [IMU] init=0 addr=0x68 who=0x68 rst=1 pmrb0=0x40 pmrb=0x1 sr=19 cfg=4 gcfg=0x0 acfg=0x8 icfg=0x30 ien=0x1 armed=1
1788557579.130740 [ACC] reads=5919 stale=5911 rderr=0 ax=57 ay=-69 az=1125
1788557579.133312 [PWR] pm=0x1 drift=0 rderr=0
1788557579.137320 [DWT] ok=1 cyc=1899115253 cyc_per_ms=800003
1788557580.153194 [HB] up_ms=132418 frames=5965 inf=5965 hazard=779 canary_err=0 q=0 qovr=0
1788557580.164442 [I2C] init=0 gate=0 whoami=0x201e0 wr=0 wrseen=0x27 addr=0x5a ok=38717 err=0 tmo=0 recov=0 pclk1=200000000 sysclk=400000000
1788557580.165786 [NAK] nacks=0
1788557580.170294 [CLK] cpu=800000000 sysb=400000000 pclk1=200000000
1788557580.174906 [TOF] res=0 step=0 id=0xeacc blk=0xeacc10 ctl=0x0
1788557580.180720 [RNG] init=0 step=99 id=0xeacc boot=1 calls=93 xerr=0 dm=1 tb=15
1788557580.187669 [RNG] osc=41 imp=881 imprb=881 mstart=0x40 cfg=91 cfgfail=0x0 vhv=0 vpolls=0
1788557580.193938 [PRT] calls=23980 xerr=0 ler=1 lidx=0x0 perr=0 maxcnt=17 addr8=0x52
1788557580.198060 [RTY] wr=0 wmax=0 wref=0  rd=0 rmax=0 rref=0
1788557580.205674 [RNG] frames=5967 last=68 min=49 max=73 nrdy=0 dxfer=0 dstat=0 lst=0 nrdyerr=0 dclr=0
1788557580.212063 [DRV] init=0 id=7 mode=0x1 lib=0x2 seq=0x1 odc=0x8b sts=0xe0 armed=1
1788557580.217285 [TRG] pulses=59 suppressed=720 cyc=1600 rst=1 rstmode=0x40
1788557580.220653 [HLT] polls=119 faults=0x0 cfglost=0
1788557580.226416 [EFF] n=5 last=58512 min=58450 max=58515 late=0 stuck=0 rderr=0
1788557580.236787 [IMU] init=0 addr=0x68 who=0x68 rst=1 pmrb0=0x40 pmrb=0x1 sr=19 cfg=4 gcfg=0x0 acfg=0x8 icfg=0x30 ien=0x1 armed=1
1788557580.241915 [ACC] reads=5969 stale=5961 rderr=0 ax=56 ay=-70 az=1127
1788557580.244568 [PWR] pm=0x1 drift=0 rderr=0
1788557580.248546 [DWT] ok=1 cyc=2780711921 cyc_per_ms=799996
1788557581.263813 [HB] up_ms=133520 frames=6015 inf=6015 hazard=779 canary_err=0 q=0 qovr=0
1788557581.274925 [I2C] init=0 gate=0 whoami=0x201e0 wr=0 wrseen=0x27 addr=0x5a ok=39019 err=0 tmo=0 recov=0 pclk1=200000000 sysclk=400000000
1788557581.276302 [NAK] nacks=0
1788557581.280942 [CLK] cpu=800000000 sysb=400000000 pclk1=200000000
1788557581.285421 [TOF] res=0 step=0 id=0xeacc blk=0xeacc10 ctl=0x0
1788557581.291292 [RNG] init=0 step=99 id=0xeacc boot=1 calls=93 xerr=0 dm=1 tb=15
1788557581.298189 [RNG] osc=41 imp=881 imprb=881 mstart=0x40 cfg=91 cfgfail=0x0 vhv=0 vpolls=0
1788557581.304422 [PRT] calls=24177 xerr=0 ler=1 lidx=0x0 perr=0 maxcnt=17 addr8=0x52
1788557581.308535 [RTY] wr=0 wmax=0 wref=0  rd=0 rmax=0 rref=0
1788557581.316169 [RNG] frames=6017 last=60 min=49 max=73 nrdy=0 dxfer=0 dstat=0 lst=0 nrdyerr=0 dclr=0
1788557581.322411 [DRV] init=0 id=7 mode=0x1 lib=0x2 seq=0x1 odc=0x8b sts=0xe0 armed=1
1788557581.327858 [TRG] pulses=59 suppressed=720 cyc=1600 rst=1 rstmode=0x40
1788557581.331266 [HLT] polls=120 faults=0x0 cfglost=0
1788557581.336905 [EFF] n=5 last=58512 min=58450 max=58515 late=0 stuck=0 rderr=0
1788557581.347324 [IMU] init=0 addr=0x68 who=0x68 rst=1 pmrb0=0x40 pmrb=0x1 sr=19 cfg=4 gcfg=0x0 acfg=0x8 icfg=0x30 ien=0x1 armed=1
1788557581.352425 [ACC] reads=6019 stale=6011 rderr=0 ax=55 ay=-69 az=1123
1788557581.355043 [PWR] pm=0x1 drift=0 rderr=0
1788557581.359028 [DWT] ok=1 cyc=3662312053 cyc_per_ms=800000
1788557582.374422 [HB] up_ms=134622 frames=6065 inf=6065 hazard=779 canary_err=0 q=0 qovr=0
1788557582.385406 [I2C] init=0 gate=0 whoami=0x201e0 wr=0 wrseen=0x27 addr=0x5a ok=39321 err=0 tmo=0 recov=0 pclk1=200000000 sysclk=400000000
1788557582.386781 [NAK] nacks=0
1788557582.391526 [CLK] cpu=800000000 sysb=400000000 pclk1=200000000
1788557582.396155 [TOF] res=0 step=0 id=0xeacc blk=0xeacc10 ctl=0x0
1788557582.401916 [RNG] init=0 step=99 id=0xeacc boot=1 calls=93 xerr=0 dm=1 tb=15
1788557582.408781 [RNG] osc=41 imp=881 imprb=881 mstart=0x40 cfg=91 cfgfail=0x0 vhv=0 vpolls=0
1788557582.415051 [PRT] calls=24377 xerr=0 ler=1 lidx=0x0 perr=0 maxcnt=17 addr8=0x52
1788557582.419166 [RTY] wr=0 wmax=0 wref=0  rd=0 rmax=0 rref=0
1788557582.426816 [RNG] frames=6067 last=67 min=49 max=73 nrdy=0 dxfer=0 dstat=0 lst=0 nrdyerr=0 dclr=0
1788557582.433068 [DRV] init=0 id=7 mode=0x1 lib=0x2 seq=0x1 odc=0x8b sts=0xe0 armed=1
1788557582.438409 [TRG] pulses=59 suppressed=720 cyc=1600 rst=1 rstmode=0x40
1788557582.441785 [HLT] polls=121 faults=0x0 cfglost=0
1788557582.447529 [EFF] n=5 last=58512 min=58450 max=58515 late=0 stuck=0 rderr=0
1788557582.457795 [IMU] init=0 addr=0x68 who=0x68 rst=1 pmrb0=0x40 pmrb=0x1 sr=19 cfg=4 gcfg=0x0 acfg=0x8 icfg=0x30 ien=0x1 armed=1
1788557582.463034 [ACC] reads=6068 stale=6060 rderr=0 ax=57 ay=-69 az=1127
1788557582.465666 [PWR] pm=0x1 drift=0 rderr=0
1788557582.469528 [DWT] ok=1 cyc=248944581 cyc_per_ms=799999
1788557583.484033 [HB] up_ms=135723 frames=6114 inf=6114 hazard=779 canary_err=0 q=0 qovr=0
1788557583.495217 [I2C] init=0 gate=0 whoami=0x201e0 wr=0 wrseen=0x27 addr=0x5a ok=39623 err=0 tmo=0 recov=0 pclk1=200000000 sysclk=400000000
1788557583.496420 [NAK] nacks=0
1788557583.501034 [CLK] cpu=800000000 sysb=400000000 pclk1=200000000
1788557583.505654 [TOF] res=0 step=0 id=0xeacc blk=0xeacc10 ctl=0x0
1788557583.511590 [RNG] init=0 step=99 id=0xeacc boot=1 calls=93 xerr=0 dm=1 tb=15
1788557583.518426 [RNG] osc=41 imp=881 imprb=881 mstart=0x40 cfg=91 cfgfail=0x0 vhv=0 vpolls=0
1788557583.524520 [PRT] calls=24577 xerr=0 ler=1 lidx=0x0 perr=0 maxcnt=17 addr8=0x52
1788557583.529231 [RTY] wr=0 wmax=0 wref=0  rd=0 rmax=0 rref=0
1788557583.536392 [RNG] frames=6117 last=60 min=49 max=73 nrdy=0 dxfer=0 dstat=0 lst=0 nrdyerr=0 dclr=0
1788557583.542636 [DRV] init=0 id=7 mode=0x1 lib=0x2 seq=0x1 odc=0x8b sts=0xe0 armed=1
1788557583.548042 [TRG] pulses=59 suppressed=720 cyc=1600 rst=1 rstmode=0x40
1788557583.551381 [HLT] polls=122 faults=0x0 cfglost=0
1788557583.557150 [EFF] n=5 last=58512 min=58450 max=58515 late=0 stuck=0 rderr=0
1788557583.567400 [IMU] init=0 addr=0x68 who=0x68 rst=1 pmrb0=0x40 pmrb=0x1 sr=19 cfg=4 gcfg=0x0 acfg=0x8 icfg=0x30 ien=0x1 armed=1
1788557583.572627 [ACC] reads=6118 stale=6110 rderr=0 ax=59 ay=-70 az=1126
1788557583.575269 [PWR] pm=0x1 drift=0 rderr=0
1788557583.579288 [DWT] ok=1 cyc=1129878719 cyc_per_ms=800121
1788557584.594535 [HB] up_ms=136825 frames=6164 inf=6164 hazard=779 canary_err=0 q=0 qovr=0
1788557584.605512 [I2C] init=0 gate=0 whoami=0x201e0 wr=0 wrseen=0x27 addr=0x5a ok=39925 err=0 tmo=0 recov=0 pclk1=200000000 sysclk=400000000
1788557584.606875 [NAK] nacks=0
1788557584.611563 [CLK] cpu=800000000 sysb=400000000 pclk1=200000000
1788557584.616170 [TOF] res=0 step=0 id=0xeacc blk=0xeacc10 ctl=0x0
1788557584.622013 [RNG] init=0 step=99 id=0xeacc boot=1 calls=93 xerr=0 dm=1 tb=15
1788557584.628903 [RNG] osc=41 imp=881 imprb=881 mstart=0x40 cfg=91 cfgfail=0x0 vhv=0 vpolls=0
1788557584.635030 [PRT] calls=24777 xerr=0 ler=1 lidx=0x0 perr=0 maxcnt=17 addr8=0x52
1788557584.639156 [RTY] wr=0 wmax=0 wref=0  rd=0 rmax=0 rref=0
1788557584.646919 [RNG] frames=6166 last=64 min=49 max=73 nrdy=0 dxfer=0 dstat=0 lst=0 nrdyerr=0 dclr=0
1788557584.653185 [DRV] init=0 id=7 mode=0x1 lib=0x2 seq=0x1 odc=0x8b sts=0xe0 armed=1
1788557584.658380 [TRG] pulses=59 suppressed=720 cyc=1600 rst=1 rstmode=0x40
1788557584.661764 [HLT] polls=123 faults=0x0 cfglost=0
1788557584.667649 [EFF] n=5 last=58512 min=58450 max=58515 late=0 stuck=0 rderr=0
1788557584.678639 [IMU] init=0 addr=0x68 who=0x68 rst=1 pmrb0=0x40 pmrb=0x1 sr=19 cfg=4 gcfg=0x0 acfg=0x8 icfg=0x30 ien=0x1 armed=1
1788557584.683351 [ACC] reads=6168 stale=6160 rderr=0 ax=63 ay=-69 az=1127
1788557584.686201 [PWR] pm=0x1 drift=0 rderr=0
1788557584.689757 [DWT] ok=1 cyc=2011430359 cyc_per_ms=799956
1788557585.704868 [HB] up_ms=137927 frames=6214 inf=6214 hazard=793 canary_err=0 q=0 qovr=0
1788557585.715998 [I2C] init=0 gate=0 whoami=0x201e0 wr=0 wrseen=0x27 addr=0x5a ok=40221 err=0 tmo=0 recov=0 pclk1=200000000 sysclk=400000000
1788557585.717383 [NAK] nacks=0
1788557585.722004 [CLK] cpu=800000000 sysb=400000000 pclk1=200000000
1788557585.726507 [TOF] res=0 step=0 id=0xeacc blk=0xeacc10 ctl=0x0
1788557585.732622 [RNG] init=0 step=99 id=0xeacc boot=1 calls=93 xerr=0 dm=1 tb=15
1788557585.739385 [RNG] osc=41 imp=881 imprb=881 mstart=0x40 cfg=91 cfgfail=0x0 vhv=0 vpolls=0
1788557585.745539 [PRT] calls=24977 xerr=0 ler=1 lidx=0x0 perr=0 maxcnt=17 addr8=0x52
1788557585.749523 [RTY] wr=0 wmax=0 wref=0  rd=0 rmax=0 rref=0
1788557585.757391 [RNG] frames=6216 last=63 min=49 max=73 nrdy=0 dxfer=0 dstat=0 lst=0 nrdyerr=0 dclr=0
1788557585.763762 [DRV] init=0 id=7 mode=0x1 lib=0x2 seq=0x1 odc=0x8b sts=0xe0 armed=1
1788557585.768917 [TRG] pulses=61 suppressed=735 cyc=1600 rst=1 rstmode=0x40
1788557585.772240 [HLT] polls=124 faults=0x0 cfglost=0
1788557585.778137 [EFF] n=5 last=58512 min=58450 max=58515 late=0 stuck=0 rderr=0
1788557585.788387 [IMU] init=0 addr=0x68 who=0x68 rst=1 pmrb0=0x40 pmrb=0x1 sr=19 cfg=4 gcfg=0x0 acfg=0x8 icfg=0x30 ien=0x1 armed=1
1788557585.793508 [ACC] reads=6218 stale=6210 rderr=0 ax=63 ay=-68 az=1124
1788557585.796269 [PWR] pm=0x1 drift=0 rderr=0
1788557585.800252 [DWT] ok=1 cyc=2892950705 cyc_per_ms=799927
1788557586.815396 [HB] up_ms=139029 frames=6264 inf=6264 hazard=820 canary_err=0 q=0 qovr=0
1788557586.826681 [I2C] init=0 gate=0 whoami=0x201e0 wr=0 wrseen=0x27 addr=0x5a ok=40523 err=0 tmo=0 recov=0 pclk1=200000000 sysclk=400000000
1788557586.828013 [NAK] nacks=0
1788557586.832507 [CLK] cpu=800000000 sysb=400000000 pclk1=200000000
1788557586.837144 [TOF] res=0 step=0 id=0xeacc blk=0xeacc10 ctl=0x0
1788557586.842987 [RNG] init=0 step=99 id=0xeacc boot=1 calls=93 xerr=0 dm=1 tb=15
1788557586.849992 [RNG] osc=41 imp=881 imprb=881 mstart=0x40 cfg=91 cfgfail=0x0 vhv=0 vpolls=0
1788557586.856121 [PRT] calls=25177 xerr=0 ler=1 lidx=0x0 perr=0 maxcnt=17 addr8=0x52
1788557586.860163 [RTY] wr=0 wmax=0 wref=0  rd=0 rmax=0 rref=0
1788557586.867995 [RNG] frames=6266 last=61 min=49 max=73 nrdy=0 dxfer=0 dstat=0 lst=0 nrdyerr=0 dclr=0
1788557586.874169 [DRV] init=0 id=7 mode=0x1 lib=0x2 seq=0x1 odc=0x8b sts=0xe0 armed=1
1788557586.879521 [TRG] pulses=62 suppressed=758 cyc=1600 rst=1 rstmode=0x40
1788557586.882868 [HLT] polls=125 faults=0x0 cfglost=0
1788557586.888687 [EFF] n=5 last=58512 min=58450 max=58515 late=0 stuck=0 rderr=0
1788557586.898859 [IMU] init=0 addr=0x68 who=0x68 rst=1 pmrb0=0x40 pmrb=0x1 sr=19 cfg=4 gcfg=0x0 acfg=0x8 icfg=0x30 ien=0x1 armed=1
1788557586.904000 [ACC] reads=6268 stale=6259 rderr=0 ax=72 ay=-54 az=1124
1788557586.906725 [PWR] pm=0x1 drift=0 rderr=0
1788557586.910674 [DWT] ok=1 cyc=3774544729 cyc_per_ms=799994
1788557587.926381 [HB] up_ms=140131 frames=6314 inf=6314 hazard=820 canary_err=0 q=0 qovr=0
1788557587.937619 [I2C] init=0 gate=0 whoami=0x201e0 wr=0 wrseen=0x27 addr=0x5a ok=40825 err=0 tmo=0 recov=0 pclk1=200000000 sysclk=400000000
1788557587.938861 [NAK] nacks=0
1788557587.943516 [CLK] cpu=800000000 sysb=400000000 pclk1=200000000
1788557587.948016 [TOF] res=0 step=0 id=0xeacc blk=0xeacc10 ctl=0x0
1788557587.953857 [RNG] init=0 step=99 id=0xeacc boot=1 calls=93 xerr=0 dm=1 tb=15
1788557587.960916 [RNG] osc=41 imp=881 imprb=881 mstart=0x40 cfg=91 cfgfail=0x0 vhv=0 vpolls=0
1788557587.967015 [PRT] calls=25377 xerr=0 ler=1 lidx=0x0 perr=0 maxcnt=17 addr8=0x52
1788557587.971133 [RTY] wr=0 wmax=0 wref=0  rd=0 rmax=0 rref=0
1788557587.978958 [RNG] frames=6316 last=66 min=49 max=73 nrdy=0 dxfer=0 dstat=0 lst=0 nrdyerr=0 dclr=0
1788557587.985142 [DRV] init=0 id=7 mode=0x1 lib=0x2 seq=0x1 odc=0x8b sts=0xe0 armed=1
1788557587.990384 [TRG] pulses=62 suppressed=758 cyc=1600 rst=1 rstmode=0x40
1788557587.993727 [HLT] polls=126 faults=0x0 cfglost=0
1788557587.999508 [EFF] n=5 last=58512 min=58450 max=58515 late=0 stuck=0 rderr=0
1788557588.009849 [IMU] init=0 addr=0x68 who=0x68 rst=1 pmrb0=0x40 pmrb=0x1 sr=19 cfg=4 gcfg=0x0 acfg=0x8 icfg=0x30 ien=0x1 armed=1
1788557588.014989 [ACC] reads=6318 stale=6309 rderr=0 ax=58 ay=-64 az=1128
1788557588.017600 [PWR] pm=0x1 drift=0 rderr=0
1788557588.021475 [DWT] ok=1 cyc=361177285 cyc_per_ms=799999
1788557589.035876 [HB] up_ms=141232 frames=6364 inf=6364 hazard=820 canary_err=0 q=0 qovr=0
1788557589.047099 [I2C] init=0 gate=0 whoami=0x201e0 wr=0 wrseen=0x27 addr=0x5a ok=41127 err=0 tmo=0 recov=0 pclk1=200000000 sysclk=400000000
1788557589.048358 [NAK] nacks=0
1788557589.052980 [CLK] cpu=800000000 sysb=400000000 pclk1=200000000
1788557589.057478 [TOF] res=0 step=0 id=0xeacc blk=0xeacc10 ctl=0x0
1788557589.063378 [RNG] init=0 step=99 id=0xeacc boot=1 calls=93 xerr=0 dm=1 tb=15
1788557589.070358 [RNG] osc=41 imp=881 imprb=881 mstart=0x40 cfg=91 cfgfail=0x0 vhv=0 vpolls=0
1788557589.076469 [PRT] calls=25577 xerr=0 ler=1 lidx=0x0 perr=0 maxcnt=17 addr8=0x52
1788557589.080618 [RTY] wr=0 wmax=0 wref=0  rd=0 rmax=0 rref=0
1788557589.088234 [RNG] frames=6366 last=65 min=49 max=73 nrdy=0 dxfer=0 dstat=0 lst=0 nrdyerr=0 dclr=0
1788557589.094634 [DRV] init=0 id=7 mode=0x1 lib=0x2 seq=0x1 odc=0x8b sts=0xe0 armed=1
1788557589.099905 [TRG] pulses=62 suppressed=758 cyc=1600 rst=1 rstmode=0x40
1788557589.103215 [HLT] polls=127 faults=0x0 cfglost=0
1788557589.108984 [EFF] n=5 last=58512 min=58450 max=58515 late=0 stuck=0 rderr=0
1788557589.119334 [IMU] init=0 addr=0x68 who=0x68 rst=1 pmrb0=0x40 pmrb=0x1 sr=19 cfg=4 gcfg=0x0 acfg=0x8 icfg=0x30 ien=0x1 armed=1
1788557589.124468 [ACC] reads=6368 stale=6359 rderr=0 ax=66 ay=-63 az=1130
1788557589.127120 [PWR] pm=0x1 drift=0 rderr=0
1788557589.131157 [DWT] ok=1 cyc=1241977177 cyc_per_ms=799999
1788557590.146372 [HB] up_ms=142334 frames=6414 inf=6414 hazard=820 canary_err=0 q=0 qovr=0
1788557590.157465 [I2C] init=0 gate=0 whoami=0x201e0 wr=0 wrseen=0x27 addr=0x5a ok=41429 err=0 tmo=0 recov=0 pclk1=200000000 sysclk=400000000
1788557590.158859 [NAK] nacks=0
1788557590.163479 [CLK] cpu=800000000 sysb=400000000 pclk1=200000000
1788557590.167981 [TOF] res=0 step=0 id=0xeacc blk=0xeacc10 ctl=0x0
1788557590.173831 [RNG] init=0 step=99 id=0xeacc boot=1 calls=93 xerr=0 dm=1 tb=15
1788557590.181018 [RNG] osc=41 imp=881 imprb=881 mstart=0x40 cfg=91 cfgfail=0x0 vhv=0 vpolls=0
1788557590.186991 [PRT] calls=25773 xerr=0 ler=1 lidx=0x0 perr=0 maxcnt=17 addr8=0x52
1788557590.191100 [RTY] wr=0 wmax=0 wref=0  rd=0 rmax=0 rref=0
1788557590.198749 [RNG] frames=6416 last=60 min=49 max=73 nrdy=0 dxfer=0 dstat=0 lst=0 nrdyerr=0 dclr=0
1788557590.205115 [DRV] init=0 id=7 mode=0x1 lib=0x2 seq=0x1 odc=0x8b sts=0xe0 armed=1
1788557590.210473 [TRG] pulses=62 suppressed=758 cyc=1600 rst=1 rstmode=0x40
1788557590.213843 [HLT] polls=128 faults=0x0 cfglost=0
1788557590.219588 [EFF] n=5 last=58512 min=58450 max=58515 late=0 stuck=0 rderr=0
1788557590.229899 [IMU] init=0 addr=0x68 who=0x68 rst=1 pmrb0=0x40 pmrb=0x1 sr=19 cfg=4 gcfg=0x0 acfg=0x8 icfg=0x30 ien=0x1 armed=1
1788557590.234964 [ACC] reads=6418 stale=6409 rderr=0 ax=64 ay=-65 az=1126
1788557590.237613 [PWR] pm=0x1 drift=0 rderr=0
1788557590.241598 [DWT] ok=1 cyc=2123577281 cyc_per_ms=800000
1788557591.256958 [HB] up_ms=143436 frames=6464 inf=6464 hazard=820 canary_err=0 q=0 qovr=0
1788557591.268111 [I2C] init=0 gate=0 whoami=0x201e0 wr=0 wrseen=0x27 addr=0x5a ok=41731 err=0 tmo=0 recov=0 pclk1=200000000 sysclk=400000000
1788557591.269410 [NAK] nacks=0
1788557591.274109 [CLK] cpu=800000000 sysb=400000000 pclk1=200000000
1788557591.278622 [TOF] res=0 step=0 id=0xeacc blk=0xeacc10 ctl=0x0
1788557591.284459 [RNG] init=0 step=99 id=0xeacc boot=1 calls=93 xerr=0 dm=1 tb=15
1788557591.291336 [RNG] osc=41 imp=881 imprb=881 mstart=0x40 cfg=91 cfgfail=0x0 vhv=0 vpolls=0
1788557591.297766 [PRT] calls=25973 xerr=0 ler=1 lidx=0x0 perr=0 maxcnt=17 addr8=0x52
1788557591.301700 [RTY] wr=0 wmax=0 wref=0  rd=0 rmax=0 rref=0
1788557591.309468 [RNG] frames=6466 last=63 min=49 max=73 nrdy=0 dxfer=0 dstat=0 lst=0 nrdyerr=0 dclr=0
1788557591.315571 [DRV] init=0 id=7 mode=0x1 lib=0x2 seq=0x1 odc=0x8b sts=0xe0 armed=1
1788557591.321070 [TRG] pulses=62 suppressed=758 cyc=1600 rst=1 rstmode=0x40
1788557591.324439 [HLT] polls=129 faults=0x0 cfglost=0
1788557591.330212 [EFF] n=5 last=58512 min=58450 max=58515 late=0 stuck=0 rderr=0
1788557591.340444 [IMU] init=0 addr=0x68 who=0x68 rst=1 pmrb0=0x40 pmrb=0x1 sr=19 cfg=4 gcfg=0x0 acfg=0x8 icfg=0x30 ien=0x1 armed=1
1788557591.345592 [ACC] reads=6468 stale=6459 rderr=0 ax=64 ay=-64 az=1123
1788557591.348347 [PWR] pm=0x1 drift=0 rderr=0
1788557591.352209 [DWT] ok=1 cyc=3005177541 cyc_per_ms=800000
1788557592.367215 [HB] up_ms=144538 frames=6514 inf=6514 hazard=820 canary_err=0 q=0 qovr=0
1788557592.378371 [I2C] init=0 gate=0 whoami=0x201e0 wr=0 wrseen=0x27 addr=0x5a ok=42033 err=0 tmo=0 recov=0 pclk1=200000000 sysclk=400000000
1788557592.379596 [NAK] nacks=0
1788557592.384341 [CLK] cpu=800000000 sysb=400000000 pclk1=200000000
1788557592.388967 [TOF] res=0 step=0 id=0xeacc blk=0xeacc10 ctl=0x0
1788557592.394704 [RNG] init=0 step=99 id=0xeacc boot=1 calls=93 xerr=0 dm=1 tb=15
1788557592.401682 [RNG] osc=41 imp=881 imprb=881 mstart=0x40 cfg=91 cfgfail=0x0 vhv=0 vpolls=0
1788557592.407825 [PRT] calls=26173 xerr=0 ler=1 lidx=0x0 perr=0 maxcnt=17 addr8=0x52
1788557592.412175 [RTY] wr=0 wmax=0 wref=0  rd=0 rmax=0 rref=0
1788557592.419582 [RNG] frames=6516 last=67 min=49 max=73 nrdy=0 dxfer=0 dstat=0 lst=0 nrdyerr=0 dclr=0
1788557592.425808 [DRV] init=0 id=7 mode=0x1 lib=0x2 seq=0x1 odc=0x8b sts=0xe0 armed=1
1788557592.431447 [TRG] pulses=62 suppressed=758 cyc=1600 rst=1 rstmode=0x40
1788557592.434718 [HLT] polls=130 faults=0x0 cfglost=0
1788557592.440482 [EFF] n=5 last=58512 min=58450 max=58515 late=0 stuck=0 rderr=0
1788557592.450583 [IMU] init=0 addr=0x68 who=0x68 rst=1 pmrb0=0x40 pmrb=0x1 sr=19 cfg=4 gcfg=0x0 acfg=0x8 icfg=0x30 ien=0x1 armed=1
1788557592.455815 [ACC] reads=6517 stale=6508 rderr=0 ax=62 ay=-66 az=1126
1788557592.458578 [PWR] pm=0x1 drift=0 rderr=0
1788557592.463382 [DWT] ok=1 cyc=3886805439 cyc_per_ms=800025
1788557593.477855 [HB] up_ms=145640 frames=6563 inf=6563 hazard=861 canary_err=0 q=0 qovr=0
1788557593.488941 [I2C] init=0 gate=0 whoami=0x201e0 wr=0 wrseen=0x27 addr=0x5a ok=42335 err=0 tmo=0 recov=0 pclk1=200000000 sysclk=400000000
1788557593.490185 [NAK] nacks=0
1788557593.494899 [CLK] cpu=800000000 sysb=400000000 pclk1=200000000
1788557593.499443 [TOF] res=0 step=0 id=0xeacc blk=0xeacc10 ctl=0x0
1788557593.505338 [RNG] init=0 step=99 id=0xeacc boot=1 calls=93 xerr=0 dm=1 tb=15
1788557593.512228 [RNG] osc=41 imp=881 imprb=881 mstart=0x40 cfg=91 cfgfail=0x0 vhv=0 vpolls=0
1788557593.518341 [PRT] calls=26373 xerr=0 ler=1 lidx=0x0 perr=0 maxcnt=17 addr8=0x52
1788557593.522450 [RTY] wr=0 wmax=0 wref=0  rd=0 rmax=0 rref=0
1788557593.530231 [RNG] frames=6566 last=64 min=49 max=73 nrdy=0 dxfer=0 dstat=0 lst=0 nrdyerr=0 dclr=0
1788557593.536309 [DRV] init=0 id=7 mode=0x1 lib=0x2 seq=0x1 odc=0x8b sts=0xe0 armed=1
1788557593.541687 [TRG] pulses=65 suppressed=796 cyc=1600 rst=1 rstmode=0x40
1788557593.545202 [HLT] polls=131 faults=0x0 cfglost=0
1788557593.550983 [EFF] n=5 last=58512 min=58450 max=58515 late=0 stuck=0 rderr=0
1788557593.561089 [IMU] init=0 addr=0x68 who=0x68 rst=1 pmrb0=0x40 pmrb=0x1 sr=19 cfg=4 gcfg=0x0 acfg=0x8 icfg=0x30 ien=0x1 armed=1
1788557593.566328 [ACC] reads=6567 stale=6558 rderr=0 ax=62 ay=-65 az=1128
1788557593.569071 [PWR] pm=0x1 drift=0 rderr=0
1788557593.572962 [DWT] ok=1 cyc=473544203 cyc_per_ms=800096
1788557594.587941 [HB] up_ms=146742 frames=6613 inf=6613 hazard=861 canary_err=0 q=0 qovr=0
1788557594.599094 [I2C] init=0 gate=0 whoami=0x201e0 wr=0 wrseen=0x27 addr=0x5a ok=42637 err=0 tmo=0 recov=0 pclk1=200000000 sysclk=400000000
1788557594.600309 [NAK] nacks=0
1788557594.604956 [CLK] cpu=800000000 sysb=400000000 pclk1=200000000
1788557594.609570 [TOF] res=0 step=0 id=0xeacc blk=0xeacc10 ctl=0x0
1788557594.615447 [RNG] init=0 step=99 id=0xeacc boot=1 calls=93 xerr=0 dm=1 tb=15
1788557594.622316 [RNG] osc=41 imp=881 imprb=881 mstart=0x40 cfg=91 cfgfail=0x0 vhv=0 vpolls=0
1788557594.628480 [PRT] calls=26573 xerr=0 ler=1 lidx=0x0 perr=0 maxcnt=17 addr8=0x52
1788557594.632579 [RTY] wr=0 wmax=0 wref=0  rd=0 rmax=0 rref=0
1788557594.640312 [RNG] frames=6615 last=67 min=49 max=73 nrdy=0 dxfer=0 dstat=0 lst=0 nrdyerr=0 dclr=0
1788557594.646726 [DRV] init=0 id=7 mode=0x1 lib=0x2 seq=0x1 odc=0x8b sts=0xe0 armed=1
1788557594.651809 [TRG] pulses=65 suppressed=796 cyc=1600 rst=1 rstmode=0x40
1788557594.655233 [HLT] polls=132 faults=0x0 cfglost=0
1788557594.661111 [EFF] n=5 last=58512 min=58450 max=58515 late=0 stuck=0 rderr=0
1788557594.671189 [IMU] init=0 addr=0x68 who=0x68 rst=1 pmrb0=0x40 pmrb=0x1 sr=19 cfg=4 gcfg=0x0 acfg=0x8 icfg=0x30 ien=0x1 armed=1
1788557594.676330 [ACC] reads=6617 stale=6608 rderr=0 ax=63 ay=-64 az=1129
1788557594.679105 [PWR] pm=0x1 drift=0 rderr=0
1788557594.683344 [DWT] ok=1 cyc=1355095747 cyc_per_ms=799956
1788557595.697830 [HB] up_ms=147844 frames=6663 inf=6663 hazard=861 canary_err=0 q=0 qovr=0
1788557595.709055 [I2C] init=0 gate=0 whoami=0x201e0 wr=0 wrseen=0x27 addr=0x5a ok=42933 err=0 tmo=0 recov=0 pclk1=200000000 sysclk=400000000
1788557595.710443 [NAK] nacks=0
1788557595.715060 [CLK] cpu=800000000 sysb=400000000 pclk1=200000000
1788557595.719558 [TOF] res=0 step=0 id=0xeacc blk=0xeacc10 ctl=0x0
1788557595.725562 [RNG] init=0 step=99 id=0xeacc boot=1 calls=93 xerr=0 dm=1 tb=15
1788557595.732449 [RNG] osc=41 imp=881 imprb=881 mstart=0x40 cfg=91 cfgfail=0x0 vhv=0 vpolls=0
1788557595.738602 [PRT] calls=26773 xerr=0 ler=1 lidx=0x0 perr=0 maxcnt=17 addr8=0x52
1788557595.742577 [RTY] wr=0 wmax=0 wref=0  rd=0 rmax=0 rref=0
1788557595.750454 [RNG] frames=6665 last=66 min=49 max=75 nrdy=0 dxfer=0 dstat=0 lst=0 nrdyerr=0 dclr=0
1788557595.756565 [DRV] init=0 id=7 mode=0x1 lib=0x2 seq=0x1 odc=0x8b sts=0xe0 armed=1
1788557595.761968 [TRG] pulses=65 suppressed=796 cyc=1600 rst=1 rstmode=0x40
1788557595.765317 [HLT] polls=133 faults=0x0 cfglost=0
1788557595.771181 [EFF] n=5 last=58512 min=58450 max=58515 late=0 stuck=0 rderr=0
1788557595.781346 [IMU] init=0 addr=0x68 who=0x68 rst=1 pmrb0=0x40 pmrb=0x1 sr=19 cfg=4 gcfg=0x0 acfg=0x8 icfg=0x30 ien=0x1 armed=1
1788557595.786443 [ACC] reads=6667 stale=6657 rderr=0 ax=63 ay=-65 az=1127
1788557595.789049 [PWR] pm=0x1 drift=0 rderr=0
1788557595.793193 [DWT] ok=1 cyc=2236609949 cyc_per_ms=799922
1788557596.808328 [HB] up_ms=148946 frames=6713 inf=6713 hazard=861 canary_err=0 q=0 qovr=0
1788557596.819598 [I2C] init=0 gate=0 whoami=0x201e0 wr=0 wrseen=0x27 addr=0x5a ok=43235 err=0 tmo=0 recov=0 pclk1=200000000 sysclk=400000000
1788557596.820793 [NAK] nacks=0
1788557596.825432 [CLK] cpu=800000000 sysb=400000000 pclk1=200000000
1788557596.829925 [TOF] res=0 step=0 id=0xeacc blk=0xeacc10 ctl=0x0
1788557596.835787 [RNG] init=0 step=99 id=0xeacc boot=1 calls=93 xerr=0 dm=1 tb=15
1788557596.842933 [RNG] osc=41 imp=881 imprb=881 mstart=0x40 cfg=91 cfgfail=0x0 vhv=0 vpolls=0
1788557596.848935 [PRT] calls=26973 xerr=0 ler=1 lidx=0x0 perr=0 maxcnt=17 addr8=0x52
1788557596.853046 [RTY] wr=0 wmax=0 wref=0  rd=0 rmax=0 rref=0
1788557596.861002 [RNG] frames=6715 last=60 min=49 max=75 nrdy=0 dxfer=0 dstat=0 lst=0 nrdyerr=0 dclr=0
1788557596.867183 [DRV] init=0 id=7 mode=0x1 lib=0x2 seq=0x1 odc=0x8b sts=0xe0 armed=1
1788557596.872420 [TRG] pulses=65 suppressed=796 cyc=1600 rst=1 rstmode=0x40
1788557596.875800 [HLT] polls=134 faults=0x0 cfglost=0
1788557596.881560 [EFF] n=5 last=58512 min=58450 max=58515 late=0 stuck=0 rderr=0
1788557596.891933 [IMU] init=0 addr=0x68 who=0x68 rst=1 pmrb0=0x40 pmrb=0x1 sr=19 cfg=4 gcfg=0x0 acfg=0x8 icfg=0x30 ien=0x1 armed=1
1788557596.897108 [ACC] reads=6717 stale=6707 rderr=0 ax=63 ay=-63 az=1125
1788557596.899700 [PWR] pm=0x1 drift=0 rderr=0
1788557596.903727 [DWT] ok=1 cyc=3118210077 cyc_per_ms=800000
1788557597.918802 [HB] up_ms=150048 frames=6763 inf=6763 hazard=861 canary_err=0 q=0 qovr=0
1788557597.930071 [I2C] init=0 gate=0 whoami=0x201e0 wr=0 wrseen=0x27 addr=0x5a ok=43537 err=0 tmo=0 recov=0 pclk1=200000000 sysclk=400000000
1788557597.931527 [NAK] nacks=0
1788557597.935913 [CLK] cpu=800000000 sysb=400000000 pclk1=200000000
1788557597.940409 [TOF] res=0 step=0 id=0xeacc blk=0xeacc10 ctl=0x0
1788557597.946288 [RNG] init=0 step=99 id=0xeacc boot=1 calls=93 xerr=0 dm=1 tb=15
1788557597.953283 [RNG] osc=41 imp=881 imprb=881 mstart=0x40 cfg=91 cfgfail=0x0 vhv=0 vpolls=0
1788557597.959411 [PRT] calls=27173 xerr=0 ler=1 lidx=0x0 perr=0 maxcnt=17 addr8=0x52
1788557597.963553 [RTY] wr=0 wmax=0 wref=0  rd=0 rmax=0 rref=0
1788557597.971196 [RNG] frames=6765 last=61 min=49 max=75 nrdy=0 dxfer=0 dstat=0 lst=0 nrdyerr=0 dclr=0
1788557597.977541 [DRV] init=0 id=7 mode=0x1 lib=0x2 seq=0x1 odc=0x8b sts=0xe0 armed=1
1788557597.982793 [TRG] pulses=65 suppressed=796 cyc=1600 rst=1 rstmode=0x40
1788557597.986171 [HLT] polls=135 faults=0x0 cfglost=0
1788557597.991923 [EFF] n=5 last=58512 min=58450 max=58515 late=0 stuck=0 rderr=0
1788557598.002287 [IMU] init=0 addr=0x68 who=0x68 rst=1 pmrb0=0x40 pmrb=0x1 sr=19 cfg=4 gcfg=0x0 acfg=0x8 icfg=0x30 ien=0x1 armed=1
1788557598.007432 [ACC] reads=6767 stale=6757 rderr=0 ax=63 ay=-66 az=1124
1788557598.010147 [PWR] pm=0x1 drift=0 rderr=0
1788557598.014982 [DWT] ok=1 cyc=3999810009 cyc_per_ms=799999
1788557599.029355 [HB] up_ms=151150 frames=6813 inf=6813 hazard=861 canary_err=0 q=0 qovr=0
1788557599.040420 [I2C] init=0 gate=0 whoami=0x201e0 wr=0 wrseen=0x27 addr=0x5a ok=43839 err=0 tmo=0 recov=0 pclk1=200000000 sysclk=400000000
1788557599.041797 [NAK] nacks=0
1788557599.046418 [CLK] cpu=800000000 sysb=400000000 pclk1=200000000
1788557599.050919 [TOF] res=0 step=0 id=0xeacc blk=0xeacc10 ctl=0x0
1788557599.056661 [RNG] init=0 step=99 id=0xeacc boot=1 calls=93 xerr=0 dm=1 tb=15
1788557599.063772 [RNG] osc=41 imp=881 imprb=881 mstart=0x40 cfg=91 cfgfail=0x0 vhv=0 vpolls=0
1788557599.069913 [PRT] calls=27373 xerr=0 ler=1 lidx=0x0 perr=0 maxcnt=17 addr8=0x52
1788557599.073917 [RTY] wr=0 wmax=0 wref=0  rd=0 rmax=0 rref=0
1788557599.082043 [RNG] frames=6815 last=67 min=49 max=75 nrdy=0 dxfer=0 dstat=0 lst=0 nrdyerr=0 dclr=0
1788557599.087892 [DRV] init=0 id=7 mode=0x1 lib=0x2 seq=0x1 odc=0x8b sts=0xe0 armed=1
1788557599.093275 [TRG] pulses=65 suppressed=796 cyc=1600 rst=1 rstmode=0x40
1788557599.096866 [HLT] polls=136 faults=0x0 cfglost=0
1788557599.102418 [EFF] n=5 last=58512 min=58450 max=58515 late=0 stuck=0 rderr=0
1788557599.112676 [IMU] init=0 addr=0x68 who=0x68 rst=1 pmrb0=0x40 pmrb=0x1 sr=19 cfg=4 gcfg=0x0 acfg=0x8 icfg=0x30 ien=0x1 armed=1
1788557599.117773 [ACC] reads=6817 stale=6807 rderr=0 ax=65 ay=-65 az=1127
1788557599.120421 [PWR] pm=0x1 drift=0 rderr=0
1788557599.124414 [DWT] ok=1 cyc=586442557 cyc_per_ms=799999
1788557600.138405 [HB] up_ms=152251 frames=6863 inf=6863 hazard=884 canary_err=0 q=0 qovr=0
1788557600.150391 [I2C] init=0 gate=0 whoami=0x201e0 wr=0 wrseen=0x27 addr=0x5a ok=44141 err=0 tmo=0 recov=0 pclk1=200000000 sysclk=400000000
1788557600.150892 [NAK] nacks=0
1788557600.155553 [CLK] cpu=800000000 sysb=400000000 pclk1=200000000
1788557600.160003 [TOF] res=0 step=0 id=0xeacc blk=0xeacc10 ctl=0x0
1788557600.165798 [RNG] init=0 step=99 id=0xeacc boot=1 calls=93 xerr=0 dm=1 tb=15
1788557600.172759 [RNG] osc=41 imp=881 imprb=881 mstart=0x40 cfg=91 cfgfail=0x0 vhv=0 vpolls=0
1788557600.179115 [PRT] calls=27569 xerr=0 ler=1 lidx=0x0 perr=0 maxcnt=17 addr8=0x52
1788557600.183866 [RTY] wr=0 wmax=0 wref=0  rd=0 rmax=0 rref=0
1788557600.190758 [RNG] frames=6865 last=60 min=49 max=75 nrdy=0 dxfer=0 dstat=0 lst=0 nrdyerr=0 dclr=0
1788557600.197234 [DRV] init=0 id=7 mode=0x1 lib=0x2 seq=0x1 odc=0x8b sts=0xe0 armed=1
1788557600.202427 [TRG] pulses=67 suppressed=820 cyc=1600 rst=1 rstmode=0x40
1788557600.205760 [HLT] polls=137 faults=0x0 cfglost=0
1788557600.211528 [EFF] n=5 last=58512 min=58450 max=58515 late=0 stuck=0 rderr=0
1788557600.221885 [IMU] init=0 addr=0x68 who=0x68 rst=1 pmrb0=0x40 pmrb=0x1 sr=19 cfg=4 gcfg=0x0 acfg=0x8 icfg=0x30 ien=0x1 armed=1
1788557600.227045 [ACC] reads=6867 stale=6857 rderr=0 ax=62 ay=-65 az=1128
1788557600.229755 [PWR] pm=0x1 drift=0 rderr=0
1788557600.233635 [DWT] ok=1 cyc=1467246277 cyc_per_ms=800003
1788557601.249062 [HB] up_ms=153353 frames=6913 inf=6913 hazard=902 canary_err=0 q=0 qovr=0
1788557601.260046 [I2C] init=0 gate=0 whoami=0x201e0 wr=0 wrseen=0x27 addr=0x5a ok=44443 err=0 tmo=0 recov=0 pclk1=200000000 sysclk=400000000
1788557601.261480 [NAK] nacks=0
1788557601.266163 [CLK] cpu=800000000 sysb=400000000 pclk1=200000000
1788557601.270662 [TOF] res=0 step=0 id=0xeacc blk=0xeacc10 ctl=0x0
1788557601.276538 [RNG] init=0 step=99 id=0xeacc boot=1 calls=93 xerr=0 dm=1 tb=15
1788557601.283450 [RNG] osc=41 imp=881 imprb=881 mstart=0x40 cfg=91 cfgfail=0x0 vhv=0 vpolls=0
1788557601.289679 [PRT] calls=27769 xerr=0 ler=1 lidx=0x0 perr=0 maxcnt=17 addr8=0x52
1788557601.293662 [RTY] wr=0 wmax=0 wref=0  rd=0 rmax=0 rref=0
1788557601.301414 [RNG] frames=6915 last=63 min=49 max=75 nrdy=0 dxfer=0 dstat=0 lst=0 nrdyerr=0 dclr=0
1788557601.307534 [DRV] init=0 id=7 mode=0x1 lib=0x2 seq=0x1 odc=0x8b sts=0xe0 armed=1
1788557601.313045 [TRG] pulses=68 suppressed=834 cyc=1600 rst=1 rstmode=0x40
1788557601.316413 [HLT] polls=138 faults=0x0 cfglost=0
1788557601.322176 [EFF] n=5 last=58512 min=58450 max=58515 late=0 stuck=0 rderr=0
1788557601.332399 [IMU] init=0 addr=0x68 who=0x68 rst=1 pmrb0=0x40 pmrb=0x1 sr=19 cfg=4 gcfg=0x0 acfg=0x8 icfg=0x30 ien=0x1 armed=1
1788557601.337688 [ACC] reads=6917 stale=6907 rderr=0 ax=64 ay=-64 az=1128
1788557601.340362 [PWR] pm=0x1 drift=0 rderr=0
1788557601.344385 [DWT] ok=1 cyc=2348842909 cyc_per_ms=799996
1788557602.359754 [HB] up_ms=154455 frames=6963 inf=6963 hazard=902 canary_err=0 q=0 qovr=0
1788557602.370751 [I2C] init=0 gate=0 whoami=0x201e0 wr=0 wrseen=0x27 addr=0x5a ok=44745 err=0 tmo=0 recov=0 pclk1=200000000 sysclk=400000000
1788557602.372206 [NAK] nacks=0
1788557602.376881 [CLK] cpu=800000000 sysb=400000000 pclk1=200000000
1788557602.381636 [TOF] res=0 step=0 id=0xeacc blk=0xeacc10 ctl=0x0
1788557602.387369 [RNG] init=0 step=99 id=0xeacc boot=1 calls=93 xerr=0 dm=1 tb=15
1788557602.394152 [RNG] osc=41 imp=881 imprb=881 mstart=0x40 cfg=91 cfgfail=0x0 vhv=0 vpolls=0
1788557602.400409 [PRT] calls=27969 xerr=0 ler=1 lidx=0x0 perr=0 maxcnt=17 addr8=0x52
1788557602.404496 [RTY] wr=0 wmax=0 wref=0  rd=0 rmax=0 rref=0
1788557602.412144 [RNG] frames=6965 last=59 min=49 max=75 nrdy=0 dxfer=0 dstat=0 lst=0 nrdyerr=0 dclr=0
1788557602.418261 [DRV] init=0 id=7 mode=0x1 lib=0x2 seq=0x1 odc=0x8b sts=0xe0 armed=1
1788557602.423746 [TRG] pulses=68 suppressed=834 cyc=1600 rst=1 rstmode=0x40
1788557602.427134 [HLT] polls=139 faults=0x0 cfglost=0
1788557602.432997 [EFF] n=5 last=58512 min=58450 max=58515 late=0 stuck=0 rderr=0
1788557602.442995 [IMU] init=0 addr=0x68 who=0x68 rst=1 pmrb0=0x40 pmrb=0x1 sr=19 cfg=4 gcfg=0x0 acfg=0x8 icfg=0x30 ien=0x1 armed=1
1788557602.448269 [ACC] reads=6966 stale=6956 rderr=0 ax=65 ay=-63 az=1125
1788557602.451000 [PWR] pm=0x1 drift=0 rderr=0
1788557602.454894 [DWT] ok=1 cyc=3230470867 cyc_per_ms=800025
1788557603.470180 [HB] up_ms=155557 frames=7012 inf=7012 hazard=902 canary_err=0 q=0 qovr=0
1788557603.481168 [I2C] init=0 gate=0 whoami=0x201e0 wr=0 wrseen=0x27 addr=0x5a ok=45047 err=0 tmo=0 recov=0 pclk1=200000000 sysclk=400000000
1788557603.493511 [NAK] nacks=0
1788557603.493635 [CLK] cpu=800000000 sysb=400000000 pclk1=200000000
1788557603.493702 [TOF] res=0 step=0 id=0xeacc blk=0xeacc10 ctl=0x0
1788557603.497649 [RNG] init=0 step=99 id=0xeacc boot=1 calls=93 xerr=0 dm=1 tb=15
1788557603.504524 [RNG] osc=41 imp=881 imprb=881 mstart=0x40 cfg=91 cfgfail=0x0 vhv=0 vpolls=0
1788557603.510666 [PRT] calls=28169 xerr=0 ler=1 lidx=0x0 perr=0 maxcnt=17 addr8=0x52
1788557603.514875 [RTY] wr=0 wmax=0 wref=0  rd=0 rmax=0 rref=0
1788557603.522496 [RNG] frames=7015 last=66 min=49 max=75 nrdy=0 dxfer=0 dstat=0 lst=0 nrdyerr=0 dclr=0
1788557603.528812 [DRV] init=0 id=7 mode=0x1 lib=0x2 seq=0x1 odc=0x8b sts=0xe0 armed=1
1788557603.534043 [TRG] pulses=68 suppressed=834 cyc=1600 rst=1 rstmode=0x40
1788557603.537541 [HLT] polls=140 faults=0x0 cfglost=0
1788557603.543243 [EFF] n=5 last=58512 min=58450 max=58515 late=0 stuck=0 rderr=0
1788557603.553369 [IMU] init=0 addr=0x68 who=0x68 rst=1 pmrb0=0x40 pmrb=0x1 sr=19 cfg=4 gcfg=0x0 acfg=0x8 icfg=0x30 ien=0x1 armed=1
1788557603.558631 [ACC] reads=7016 stale=7006 rderr=0 ax=63 ay=-64 az=1124
1788557603.561569 [PWR] pm=0x1 drift=0 rderr=0
1788557603.565399 [DWT] ok=1 cyc=4112176791 cyc_per_ms=800096
1788557604.580401 [HB] up_ms=156659 frames=7062 inf=7062 hazard=902 canary_err=0 q=0 qovr=0
1788557604.591364 [I2C] init=0 gate=0 whoami=0x201e0 wr=0 wrseen=0x27 addr=0x5a ok=45349 err=0 tmo=0 recov=0 pclk1=200000000 sysclk=400000000
1788557604.592745 [NAK] nacks=0
1788557604.597273 [CLK] cpu=800000000 sysb=400000000 pclk1=200000000
1788557604.601872 [TOF] res=0 step=0 id=0xeacc blk=0xeacc10 ctl=0x0
1788557604.607862 [RNG] init=0 step=99 id=0xeacc boot=1 calls=93 xerr=0 dm=1 tb=15
1788557604.614915 [RNG] osc=41 imp=881 imprb=881 mstart=0x40 cfg=91 cfgfail=0x0 vhv=0 vpolls=0
1788557604.620935 [PRT] calls=28369 xerr=0 ler=1 lidx=0x0 perr=0 maxcnt=17 addr8=0x52
1788557604.624979 [RTY] wr=0 wmax=0 wref=0  rd=0 rmax=0 rref=0
1788557604.632799 [RNG] frames=7064 last=66 min=49 max=75 nrdy=0 dxfer=0 dstat=0 lst=0 nrdyerr=0 dclr=0
1788557604.638876 [DRV] init=0 id=7 mode=0x1 lib=0x2 seq=0x1 odc=0x8b sts=0xe0 armed=1
1788557604.644241 [TRG] pulses=68 suppressed=834 cyc=1600 rst=1 rstmode=0x40
1788557604.647619 [HLT] polls=141 faults=0x0 cfglost=0
1788557604.653474 [EFF] n=5 last=58512 min=58450 max=58515 late=0 stuck=0 rderr=0
1788557604.663938 [IMU] init=0 addr=0x68 who=0x68 rst=1 pmrb0=0x40 pmrb=0x1 sr=19 cfg=4 gcfg=0x0 acfg=0x8 icfg=0x30 ien=0x1 armed=1
1788557604.668758 [ACC] reads=7066 stale=7056 rderr=0 ax=58 ay=-66 az=1126
1788557604.671495 [PWR] pm=0x1 drift=0 rderr=0
1788557604.675501 [DWT] ok=1 cyc=698761111 cyc_per_ms=799956
1788557605.690731 [HB] up_ms=157761 frames=7112 inf=7112 hazard=902 canary_err=0 q=0 qovr=0
1788557605.701842 [I2C] init=0 gate=0 whoami=0x201e0 wr=0 wrseen=0x27 addr=0x5a ok=45645 err=0 tmo=0 recov=0 pclk1=200000000 sysclk=400000000
1788557605.703207 [NAK] nacks=0
1788557605.707847 [CLK] cpu=800000000 sysb=400000000 pclk1=200000000
1788557605.712367 [TOF] res=0 step=0 id=0xeacc blk=0xeacc10 ctl=0x0
1788557605.718369 [RNG] init=0 step=99 id=0xeacc boot=1 calls=93 xerr=0 dm=1 tb=15
1788557605.725212 [RNG] osc=41 imp=881 imprb=881 mstart=0x40 cfg=91 cfgfail=0x0 vhv=0 vpolls=0
1788557605.731242 [PRT] calls=28569 xerr=0 ler=1 lidx=0x0 perr=0 maxcnt=17 addr8=0x52
1788557605.735371 [RTY] wr=0 wmax=0 wref=0  rd=0 rmax=0 rref=0
1788557605.743245 [RNG] frames=7114 last=67 min=49 max=75 nrdy=0 dxfer=0 dstat=0 lst=0 nrdyerr=0 dclr=0
1788557605.749366 [DRV] init=0 id=7 mode=0x1 lib=0x2 seq=0x1 odc=0x8b sts=0xe0 armed=1
1788557605.754737 [TRG] pulses=68 suppressed=834 cyc=1600 rst=1 rstmode=0x40
1788557605.758143 [HLT] polls=142 faults=0x0 cfglost=0
1788557605.763966 [EFF] n=5 last=58512 min=58450 max=58515 late=0 stuck=0 rderr=0
1788557605.774107 [IMU] init=0 addr=0x68 who=0x68 rst=1 pmrb0=0x40 pmrb=0x1 sr=19 cfg=4 gcfg=0x0 acfg=0x8 icfg=0x30 ien=0x1 armed=1
1788557605.779344 [ACC] reads=7116 stale=7106 rderr=0 ax=67 ay=-58 az=1132
1788557605.781868 [PWR] pm=0x1 drift=0 rderr=0
1788557605.785965 [DWT] ok=1 cyc=1580275373 cyc_per_ms=799922
1788557606.800735 [HB] up_ms=158863 frames=7162 inf=7162 hazard=904 canary_err=0 q=0 qovr=0
1788557606.811984 [I2C] init=0 gate=0 whoami=0x201e0 wr=0 wrseen=0x27 addr=0x5a ok=45947 err=0 tmo=0 recov=0 pclk1=200000000 sysclk=400000000
1788557606.813359 [NAK] nacks=0
1788557606.817846 [CLK] cpu=800000000 sysb=400000000 pclk1=200000000
1788557606.822361 [TOF] res=0 step=0 id=0xeacc blk=0xeacc10 ctl=0x0
1788557606.828219 [RNG] init=0 step=99 id=0xeacc boot=1 calls=93 xerr=0 dm=1 tb=15
1788557606.835371 [RNG] osc=41 imp=881 imprb=881 mstart=0x40 cfg=91 cfgfail=0x0 vhv=0 vpolls=0
1788557606.841369 [PRT] calls=28769 xerr=0 ler=1 lidx=0x0 perr=0 maxcnt=17 addr8=0x52
1788557606.845663 [RTY] wr=0 wmax=0 wref=0  rd=0 rmax=0 rref=0
1788557606.853345 [RNG] frames=7164 last=66 min=49 max=75 nrdy=0 dxfer=0 dstat=0 lst=0 nrdyerr=0 dclr=0
1788557606.859461 [DRV] init=0 id=7 mode=0x1 lib=0x2 seq=0x1 odc=0x8b sts=0xe0 armed=1
1788557606.864712 [TRG] pulses=69 suppressed=838 cyc=1600 rst=1 rstmode=0x40
1788557606.868126 [HLT] polls=143 faults=0x0 cfglost=0
1788557606.873851 [EFF] n=5 last=58512 min=58450 max=58515 late=0 stuck=0 rderr=0
1788557606.884249 [IMU] init=0 addr=0x68 who=0x68 rst=1 pmrb0=0x40 pmrb=0x1 sr=19 cfg=4 gcfg=0x0 acfg=0x8 icfg=0x30 ien=0x1 armed=1
1788557606.889335 [ACC] reads=7166 stale=7156 rderr=0 ax=61 ay=-64 az=1127
1788557606.891955 [PWR] pm=0x1 drift=0 rderr=0
1788557606.895963 [DWT] ok=1 cyc=2461879069 cyc_per_ms=800003
1788557607.910575 [HB] up_ms=159965 frames=7212 inf=7212 hazard=943 canary_err=0 q=0 qovr=0
1788557607.921845 [I2C] init=0 gate=0 whoami=0x201e0 wr=0 wrseen=0x27 addr=0x5a ok=46249 err=0 tmo=0 recov=0 pclk1=200000000 sysclk=400000000
1788557607.923223 [NAK] nacks=0
1788557607.927890 [CLK] cpu=800000000 sysb=400000000 pclk1=200000000
1788557607.932225 [TOF] res=0 step=0 id=0xeacc blk=0xeacc10 ctl=0x0
1788557607.938093 [RNG] init=0 step=99 id=0xeacc boot=1 calls=93 xerr=0 dm=1 tb=15
1788557607.945102 [RNG] osc=41 imp=881 imprb=881 mstart=0x40 cfg=91 cfgfail=0x0 vhv=0 vpolls=0
1788557607.951225 [PRT] calls=28969 xerr=0 ler=1 lidx=0x0 perr=0 maxcnt=17 addr8=0x52
1788557607.955328 [RTY] wr=0 wmax=0 wref=0  rd=0 rmax=0 rref=0
1788557607.962957 [RNG] frames=7214 last=66 min=49 max=75 nrdy=0 dxfer=0 dstat=0 lst=0 nrdyerr=0 dclr=0
1788557607.969339 [DRV] init=0 id=7 mode=0x1 lib=0x2 seq=0x1 odc=0x8b sts=0xe0 armed=1
1788557607.974577 [TRG] pulses=71 suppressed=872 cyc=1600 rst=1 rstmode=0x40
1788557607.977962 [HLT] polls=144 faults=0x0 cfglost=0
1788557607.983721 [EFF] n=5 last=58512 min=58450 max=58515 late=0 stuck=0 rderr=0
1788557607.993973 [IMU] init=0 addr=0x68 who=0x68 rst=1 pmrb0=0x40 pmrb=0x1 sr=19 cfg=4 gcfg=0x0 acfg=0x8 icfg=0x30 ien=0x1 armed=1
1788557607.999167 [ACC] reads=7216 stale=7206 rderr=0 ax=64 ay=-64 az=1126
1788557608.001845 [PWR] pm=0x1 drift=0 rderr=0
1788557608.005701 [DWT] ok=1 cyc=3343475461 cyc_per_ms=799996
1788557609.020342 [HB] up_ms=161067 frames=7262 inf=7262 hazard=943 canary_err=0 q=0 qovr=0
1788557609.031539 [I2C] init=0 gate=0 whoami=0x201e0 wr=0 wrseen=0x27 addr=0x5a ok=46551 err=0 tmo=0 recov=0 pclk1=200000000 sysclk=400000000
1788557609.032956 [NAK] nacks=0
1788557609.037459 [CLK] cpu=800000000 sysb=400000000 pclk1=200000000
1788557609.041935 [TOF] res=0 step=0 id=0xeacc blk=0xeacc10 ctl=0x0
1788557609.047710 [RNG] init=0 step=99 id=0xeacc boot=1 calls=93 xerr=0 dm=1 tb=15
1788557609.054825 [RNG] osc=41 imp=881 imprb=881 mstart=0x40 cfg=91 cfgfail=0x0 vhv=0 vpolls=0
1788557609.060814 [PRT] calls=29169 xerr=0 ler=1 lidx=0x0 perr=0 maxcnt=17 addr8=0x52
1788557609.065091 [RTY] wr=0 wmax=0 wref=0  rd=0 rmax=0 rref=0
1788557609.072596 [RNG] frames=7264 last=68 min=49 max=75 nrdy=0 dxfer=0 dstat=0 lst=0 nrdyerr=0 dclr=0
1788557609.078941 [DRV] init=0 id=7 mode=0x1 lib=0x2 seq=0x1 odc=0x8b sts=0xe0 armed=1
1788557609.084330 [TRG] pulses=71 suppressed=872 cyc=1600 rst=1 rstmode=0x40
1788557609.087562 [HLT] polls=145 faults=0x0 cfglost=0
1788557609.093312 [EFF] n=5 last=58512 min=58450 max=58515 late=0 stuck=0 rderr=0
1788557609.103746 [IMU] init=0 addr=0x68 who=0x68 rst=1 pmrb0=0x40 pmrb=0x1 sr=19 cfg=4 gcfg=0x0 acfg=0x8 icfg=0x30 ien=0x1 armed=1
1788557609.108837 [ACC] reads=7266 stale=7256 rderr=0 ax=64 ay=-62 az=1127
1788557609.111542 [PWR] pm=0x1 drift=0 rderr=0
1788557609.115522 [DWT] ok=1 cyc=4225075225 cyc_per_ms=799999
1788557610.130354 [HB] up_ms=162169 frames=7312 inf=7312 hazard=943 canary_err=0 q=0 qovr=0
1788557610.141580 [I2C] init=0 gate=0 whoami=0x201e0 wr=0 wrseen=0x27 addr=0x5a ok=46853 err=0 tmo=0 recov=0 pclk1=200000000 sysclk=400000000
1788557610.142956 [NAK] nacks=0
1788557610.149229 [CLK] cpu=800000000 sysb=400000000 pclk1=200000000
1788557610.152103 [TOF] res=0 step=0 id=0xeacc blk=0xeacc10 ctl=0x0
1788557610.157827 [RNG] init=0 step=99 id=0xeacc boot=1 calls=93 xerr=0 dm=1 tb=15
1788557610.165000 [RNG] osc=41 imp=881 imprb=881 mstart=0x40 cfg=91 cfgfail=0x0 vhv=0 vpolls=0
1788557610.170954 [PRT] calls=29368 xerr=0 ler=1 lidx=0x0 perr=0 maxcnt=17 addr8=0x52
1788557610.175072 [RTY] wr=0 wmax=0 wref=0  rd=0 rmax=0 rref=0
1788557610.182724 [RNG] frames=7314 last=57 min=49 max=75 nrdy=0 dxfer=0 dstat=0 lst=0 nrdyerr=0 dclr=0
1788557610.189068 [DRV] init=0 id=7 mode=0x1 lib=0x2 seq=0x1 odc=0x8b sts=0xe0 armed=1
1788557610.194522 [TRG] pulses=71 suppressed=872 cyc=1600 rst=1 rstmode=0x40
1788557610.197681 [HLT] polls=146 faults=0x0 cfglost=0
1788557610.203432 [EFF] n=5 last=58512 min=58450 max=58515 late=0 stuck=0 rderr=0
1788557610.213838 [IMU] init=0 addr=0x68 who=0x68 rst=1 pmrb0=0x40 pmrb=0x1 sr=19 cfg=4 gcfg=0x0 acfg=0x8 icfg=0x30 ien=0x1 armed=1
1788557610.218957 [ACC] reads=7316 stale=7306 rderr=0 ax=65 ay=-64 az=1130
1788557610.221869 [PWR] pm=0x1 drift=0 rderr=0
1788557610.225437 [DWT] ok=1 cyc=811708165 cyc_per_ms=800000
1788557611.239452 [HB] up_ms=163270 frames=7362 inf=7362 hazard=943 canary_err=0 q=0 qovr=0
1788557611.250843 [I2C] init=0 gate=0 whoami=0x201e0 wr=0 wrseen=0x27 addr=0x5a ok=47155 err=0 tmo=0 recov=0 pclk1=200000000 sysclk=400000000
1788557611.251803 [NAK] nacks=0
1788557611.256664 [CLK] cpu=800000000 sysb=400000000 pclk1=200000000
1788557611.261571 [TOF] res=0 step=0 id=0xeacc blk=0xeacc10 ctl=0x0
1788557611.267156 [RNG] init=0 step=99 id=0xeacc boot=1 calls=93 xerr=0 dm=1 tb=15
1788557611.273846 [RNG] osc=41 imp=881 imprb=881 mstart=0x40 cfg=91 cfgfail=0x0 vhv=0 vpolls=0
1788557611.280200 [PRT] calls=29565 xerr=0 ler=1 lidx=0x0 perr=0 maxcnt=17 addr8=0x52
1788557611.284756 [RTY] wr=0 wmax=0 wref=0  rd=0 rmax=0 rref=0
1788557611.291808 [RNG] frames=7364 last=64 min=49 max=75 nrdy=0 dxfer=0 dstat=0 lst=0 nrdyerr=0 dclr=0
1788557611.298208 [DRV] init=0 id=7 mode=0x1 lib=0x2 seq=0x1 odc=0x8b sts=0xe0 armed=1
1788557611.303452 [TRG] pulses=71 suppressed=872 cyc=1600 rst=1 rstmode=0x40
1788557611.306879 [HLT] polls=147 faults=0x0 cfglost=0
1788557611.312628 [EFF] n=5 last=58512 min=58450 max=58515 late=0 stuck=0 rderr=0
1788557611.322802 [IMU] init=0 addr=0x68 who=0x68 rst=1 pmrb0=0x40 pmrb=0x1 sr=19 cfg=4 gcfg=0x0 acfg=0x8 icfg=0x30 ien=0x1 armed=1
1788557611.328114 [ACC] reads=7366 stale=7356 rderr=0 ax=62 ay=-66 az=1124
1788557611.330693 [PWR] pm=0x1 drift=0 rderr=0
1788557611.334676 [DWT] ok=1 cyc=1692508325 cyc_per_ms=800000
1788557612.349588 [HB] up_ms=164372 frames=7412 inf=7412 hazard=943 canary_err=0 q=0 qovr=0
1788557612.360674 [I2C] init=0 gate=0 whoami=0x201e0 wr=0 wrseen=0x27 addr=0x5a ok=47457 err=0 tmo=0 recov=0 pclk1=200000000 sysclk=400000000
1788557612.362005 [NAK] nacks=0
1788557612.366807 [CLK] cpu=800000000 sysb=400000000 pclk1=200000000
1788557612.371292 [TOF] res=0 step=0 id=0xeacc blk=0xeacc10 ctl=0x0
1788557612.377059 [RNG] init=0 step=99 id=0xeacc boot=1 calls=93 xerr=0 dm=1 tb=15
1788557612.383947 [RNG] osc=41 imp=881 imprb=881 mstart=0x40 cfg=91 cfgfail=0x0 vhv=0 vpolls=0
1788557612.390339 [PRT] calls=29765 xerr=0 ler=1 lidx=0x0 perr=0 maxcnt=17 addr8=0x52
1788557612.394326 [RTY] wr=0 wmax=0 wref=0  rd=0 rmax=0 rref=0
1788557612.402058 [RNG] frames=7414 last=70 min=49 max=75 nrdy=0 dxfer=0 dstat=0 lst=0 nrdyerr=0 dclr=0
1788557612.408169 [DRV] init=0 id=7 mode=0x1 lib=0x2 seq=0x1 odc=0x8b sts=0xe0 armed=1
1788557612.413693 [TRG] pulses=71 suppressed=872 cyc=1600 rst=1 rstmode=0x40
1788557612.417118 [HLT] polls=148 faults=0x0 cfglost=0
1788557612.422821 [EFF] n=5 last=58512 min=58450 max=58515 late=0 stuck=0 rderr=0
1788557612.432939 [IMU] init=0 addr=0x68 who=0x68 rst=1 pmrb0=0x40 pmrb=0x1 sr=19 cfg=4 gcfg=0x0 acfg=0x8 icfg=0x30 ien=0x1 armed=1
1788557612.438211 [ACC] reads=7415 stale=7405 rderr=0 ax=63 ay=-67 az=1126
1788557612.440798 [PWR] pm=0x1 drift=0 rderr=0
1788557612.444822 [DWT] ok=1 cyc=2574136227 cyc_per_ms=800025
1788557613.459575 [HB] up_ms=165474 frames=7461 inf=7461 hazard=943 canary_err=0 q=0 qovr=0
1788557613.470807 [I2C] init=0 gate=0 whoami=0x201e0 wr=0 wrseen=0x27 addr=0x5a ok=47759 err=0 tmo=0 recov=0 pclk1=200000000 sysclk=400000000
1788557613.471921 [NAK] nacks=0
1788557613.476548 [CLK] cpu=800000000 sysb=400000000 pclk1=200000000
1788557613.481194 [TOF] res=0 step=0 id=0xeacc blk=0xeacc10 ctl=0x0
1788557613.487057 [RNG] init=0 step=99 id=0xeacc boot=1 calls=93 xerr=0 dm=1 tb=15
1788557613.494028 [RNG] osc=41 imp=881 imprb=881 mstart=0x40 cfg=91 cfgfail=0x0 vhv=0 vpolls=0
1788557613.500045 [PRT] calls=29965 xerr=0 ler=1 lidx=0x0 perr=0 maxcnt=17 addr8=0x52
1788557613.504162 [RTY] wr=0 wmax=0 wref=0  rd=0 rmax=0 rref=0
1788557613.512193 [RNG] frames=7464 last=65 min=49 max=75 nrdy=0 dxfer=0 dstat=0 lst=0 nrdyerr=0 dclr=0
1788557613.518099 [DRV] init=0 id=7 mode=0x1 lib=0x2 seq=0x1 odc=0x8b sts=0xe0 armed=1
1788557613.523436 [TRG] pulses=71 suppressed=872 cyc=1600 rst=1 rstmode=0x40
1788557613.526913 [HLT] polls=149 faults=0x0 cfglost=0
1788557613.532692 [EFF] n=5 last=58512 min=58450 max=58515 late=0 stuck=0 rderr=0
1788557613.542806 [IMU] init=0 addr=0x68 who=0x68 rst=1 pmrb0=0x40 pmrb=0x1 sr=19 cfg=4 gcfg=0x0 acfg=0x8 icfg=0x30 ien=0x1 armed=1
1788557613.548066 [ACC] reads=7465 stale=7455 rderr=0 ax=63 ay=-65 az=1128
1788557613.550803 [PWR] pm=0x1 drift=0 rderr=0
1788557613.554820 [DWT] ok=1 cyc=3455842199 cyc_per_ms=800096
1788557614.569432 [HB] up_ms=166576 frames=7511 inf=7511 hazard=974 canary_err=0 q=0 qovr=0
1788557614.580708 [I2C] init=0 gate=0 whoami=0x201e0 wr=0 wrseen=0x27 addr=0x5a ok=48061 err=0 tmo=0 recov=0 pclk1=200000000 sysclk=400000000
1788557614.581806 [NAK] nacks=0
1788557614.586425 [CLK] cpu=800000000 sysb=400000000 pclk1=200000000
1788557614.590928 [TOF] res=0 step=0 id=0xeacc blk=0xeacc10 ctl=0x0
1788557614.597552 [RNG] init=0 step=99 id=0xeacc boot=1 calls=93 xerr=0 dm=1 tb=15
1788557614.604578 [RNG] osc=41 imp=881 imprb=881 mstart=0x40 cfg=91 cfgfail=0x0 vhv=0 vpolls=0
1788557614.609821 [PRT] calls=30165 xerr=0 ler=1 lidx=0x0 perr=0 maxcnt=17 addr8=0x52
1788557614.614066 [RTY] wr=0 wmax=0 wref=0  rd=0 rmax=0 rref=0
1788557614.621818 [RNG] frames=7513 last=60 min=49 max=75 nrdy=0 dxfer=0 dstat=0 lst=0 nrdyerr=0 dclr=0
1788557614.627937 [DRV] init=0 id=7 mode=0x1 lib=0x2 seq=0x1 odc=0x8b sts=0xe0 armed=1
1788557614.633294 [TRG] pulses=74 suppressed=903 cyc=1600 rst=1 rstmode=0x40
1788557614.636674 [HLT] polls=150 faults=0x0 cfglost=0
1788557614.642638 [EFF] n=5 last=58512 min=58450 max=58515 late=0 stuck=0 rderr=0
1788557614.652691 [IMU] init=0 addr=0x68 who=0x68 rst=1 pmrb0=0x40 pmrb=0x1 sr=19 cfg=4 gcfg=0x0 acfg=0x8 icfg=0x30 ien=0x1 armed=1
1788557614.657791 [ACC] reads=7515 stale=7505 rderr=0 ax=63 ay=-65 az=1127
1788557614.660537 [PWR] pm=0x1 drift=0 rderr=0
1788557614.664403 [DWT] ok=1 cyc=42431779 cyc_per_ms=799960
1788557615.678688 [HB] up_ms=167678 frames=7561 inf=7561 hazard=984 canary_err=0 q=0 qovr=0
1788557615.689795 [I2C] init=0 gate=0 whoami=0x201e0 wr=0 wrseen=0x27 addr=0x5a ok=48357 err=0 tmo=0 recov=0 pclk1=200000000 sysclk=400000000
1788557615.691208 [NAK] nacks=0
1788557615.696264 [CLK] cpu=800000000 sysb=400000000 pclk1=200000000
1788557615.700289 [TOF] res=0 step=0 id=0xeacc blk=0xeacc10 ctl=0x0
1788557615.706284 [RNG] init=0 step=99 id=0xeacc boot=1 calls=93 xerr=0 dm=1 tb=15
1788557615.713227 [RNG] osc=41 imp=881 imprb=881 mstart=0x40 cfg=91 cfgfail=0x0 vhv=0 vpolls=0
1788557615.719216 [PRT] calls=30365 xerr=0 ler=1 lidx=0x0 perr=0 maxcnt=17 addr8=0x52
1788557615.723330 [RTY] wr=0 wmax=0 wref=0  rd=0 rmax=0 rref=0
1788557615.731282 [RNG] frames=7563 last=62 min=49 max=75 nrdy=0 dxfer=0 dstat=0 lst=0 nrdyerr=0 dclr=0
1788557615.737277 [DRV] init=0 id=7 mode=0x1 lib=0x2 seq=0x1 odc=0x8b sts=0xe0 armed=1
1788557615.742659 [TRG] pulses=74 suppressed=910 cyc=1600 rst=1 rstmode=0x40
1788557615.746105 [HLT] polls=151 faults=0x0 cfglost=0
1788557615.751904 [EFF] n=5 last=58512 min=58450 max=58515 late=0 stuck=0 rderr=0
1788557615.762037 [IMU] init=0 addr=0x68 who=0x68 rst=1 pmrb0=0x40 pmrb=0x1 sr=19 cfg=4 gcfg=0x0 acfg=0x8 icfg=0x30 ien=0x1 armed=1
1788557615.767178 [ACC] reads=7565 stale=7555 rderr=0 ax=62 ay=-65 az=1126
1788557615.769886 [PWR] pm=0x1 drift=0 rderr=0
1788557615.773883 [DWT] ok=1 cyc=923940793 cyc_per_ms=799917
1788557616.788411 [HB] up_ms=168780 frames=7611 inf=7611 hazard=984 canary_err=0 q=0 qovr=0
1788557616.799651 [I2C] init=0 gate=0 whoami=0x201e0 wr=0 wrseen=0x27 addr=0x5a ok=48659 err=0 tmo=0 recov=0 pclk1=200000000 sysclk=400000000
1788557616.801010 [NAK] nacks=0
1788557616.805520 [CLK] cpu=800000000 sysb=400000000 pclk1=200000000
1788557616.810014 [TOF] res=0 step=0 id=0xeacc blk=0xeacc10 ctl=0x0
1788557616.815912 [RNG] init=0 step=99 id=0xeacc boot=1 calls=93 xerr=0 dm=1 tb=15
1788557616.822911 [RNG] osc=41 imp=881 imprb=881 mstart=0x40 cfg=91 cfgfail=0x0 vhv=0 vpolls=0
1788557616.829060 [PRT] calls=30565 xerr=0 ler=1 lidx=0x0 perr=0 maxcnt=17 addr8=0x52
1788557616.833586 [RTY] wr=0 wmax=0 wref=0  rd=0 rmax=0 rref=0
1788557616.840908 [RNG] frames=7613 last=60 min=49 max=75 nrdy=0 dxfer=0 dstat=0 lst=0 nrdyerr=0 dclr=0
1788557616.847215 [DRV] init=0 id=7 mode=0x1 lib=0x2 seq=0x1 odc=0x8b sts=0xe0 armed=1
1788557616.852392 [TRG] pulses=74 suppressed=910 cyc=1600 rst=1 rstmode=0x40
1788557616.855766 [HLT] polls=152 faults=0x0 cfglost=0
1788557616.861553 [EFF] n=5 last=58512 min=58450 max=58515 late=0 stuck=0 rderr=0
1788557616.871774 [IMU] init=0 addr=0x68 who=0x68 rst=1 pmrb0=0x40 pmrb=0x1 sr=19 cfg=4 gcfg=0x0 acfg=0x8 icfg=0x30 ien=0x1 armed=1
1788557616.876893 [ACC] reads=7615 stale=7605 rderr=0 ax=64 ay=-66 az=1124
1788557616.879721 [PWR] pm=0x1 drift=0 rderr=0
1788557616.883533 [DWT] ok=1 cyc=1805540893 cyc_per_ms=800000
1788557617.897770 [HB] up_ms=169882 frames=7661 inf=7661 hazard=984 canary_err=0 q=0 qovr=0
1788557617.909027 [I2C] init=0 gate=0 whoami=0x201e0 wr=0 wrseen=0x27 addr=0x5a ok=48961 err=0 tmo=0 recov=0 pclk1=200000000 sysclk=400000000
1788557617.910266 [NAK] nacks=0
1788557617.914899 [CLK] cpu=800000000 sysb=400000000 pclk1=200000000
1788557617.919390 [TOF] res=0 step=0 id=0xeacc blk=0xeacc10 ctl=0x0
1788557617.925263 [RNG] init=0 step=99 id=0xeacc boot=1 calls=93 xerr=0 dm=1 tb=15
1788557617.932280 [RNG] osc=41 imp=881 imprb=881 mstart=0x40 cfg=91 cfgfail=0x0 vhv=0 vpolls=0
1788557617.938396 [PRT] calls=30765 xerr=0 ler=1 lidx=0x0 perr=0 maxcnt=17 addr8=0x52
1788557617.942426 [RTY] wr=0 wmax=0 wref=0  rd=0 rmax=0 rref=0
1788557617.950185 [RNG] frames=7663 last=63 min=49 max=75 nrdy=0 dxfer=0 dstat=0 lst=0 nrdyerr=0 dclr=0
1788557617.956382 [DRV] init=0 id=7 mode=0x1 lib=0x2 seq=0x1 odc=0x8b sts=0xe0 armed=1
1788557617.961786 [TRG] pulses=74 suppressed=910 cyc=1600 rst=1 rstmode=0x40
1788557617.965187 [HLT] polls=153 faults=0x0 cfglost=0
1788557617.970889 [EFF] n=5 last=58512 min=58450 max=58515 late=0 stuck=0 rderr=0
1788557617.981198 [IMU] init=0 addr=0x68 who=0x68 rst=1 pmrb0=0x40 pmrb=0x1 sr=19 cfg=4 gcfg=0x0 acfg=0x8 icfg=0x30 ien=0x1 armed=1
1788557617.986266 [ACC] reads=7665 stale=7655 rderr=0 ax=62 ay=-65 az=1126
1788557617.988895 [PWR] pm=0x1 drift=0 rderr=0
1788557617.992915 [DWT] ok=1 cyc=2687140869 cyc_per_ms=799999
1788557619.007749 [HB] up_ms=170984 frames=7711 inf=7711 hazard=984 canary_err=0 q=0 qovr=0
1788557619.018907 [I2C] init=0 gate=0 whoami=0x201e0 wr=0 wrseen=0x27 addr=0x5a ok=49263 err=0 tmo=0 recov=0 pclk1=200000000 sysclk=400000000
1788557619.020265 [NAK] nacks=0
1788557619.024884 [CLK] cpu=800000000 sysb=400000000 pclk1=200000000
1788557619.029444 [TOF] res=0 step=0 id=0xeacc blk=0xeacc10 ctl=0x0
1788557619.035170 [RNG] init=0 step=99 id=0xeacc boot=1 calls=93 xerr=0 dm=1 tb=15
1788557619.042267 [RNG] osc=41 imp=881 imprb=881 mstart=0x40 cfg=91 cfgfail=0x0 vhv=0 vpolls=0
1788557619.048291 [PRT] calls=30965 xerr=0 ler=1 lidx=0x0 perr=0 maxcnt=17 addr8=0x52
1788557619.052411 [RTY] wr=0 wmax=0 wref=0  rd=0 rmax=0 rref=0
1788557619.060026 [RNG] frames=7713 last=67 min=49 max=75 nrdy=0 dxfer=0 dstat=0 lst=0 nrdyerr=0 dclr=0
1788557619.066398 [DRV] init=0 id=7 mode=0x1 lib=0x2 seq=0x1 odc=0x8b sts=0xe0 armed=1
1788557619.071765 [TRG] pulses=74 suppressed=910 cyc=1600 rst=1 rstmode=0x40
1788557619.075012 [HLT] polls=154 faults=0x0 cfglost=0
1788557619.080776 [EFF] n=5 last=58512 min=58450 max=58515 late=0 stuck=0 rderr=0
1788557619.091188 [IMU] init=0 addr=0x68 who=0x68 rst=1 pmrb0=0x40 pmrb=0x1 sr=19 cfg=4 gcfg=0x0 acfg=0x8 icfg=0x30 ien=0x1 armed=1
1788557619.096307 [ACC] reads=7715 stale=7705 rderr=0 ax=63 ay=-65 az=1128
1788557619.098875 [PWR] pm=0x1 drift=0 rderr=0
1788557619.102897 [DWT] ok=1 cyc=3568740601 cyc_per_ms=799999
1788557620.117756 [HB] up_ms=172086 frames=7761 inf=7761 hazard=984 canary_err=0 q=0 qovr=0
1788557620.129393 [I2C] init=0 gate=0 whoami=0x201e0 wr=0 wrseen=0x27 addr=0x5a ok=49565 err=0 tmo=0 recov=0 pclk1=200000000 sysclk=400000000
1788557620.130267 [NAK] nacks=0
1788557620.134916 [CLK] cpu=800000000 sysb=400000000 pclk1=200000000
1788557620.139446 [TOF] res=0 step=0 id=0xeacc blk=0xeacc10 ctl=0x0
1788557620.145295 [RNG] init=0 step=99 id=0xeacc boot=1 calls=93 xerr=0 dm=1 tb=15
1788557620.152248 [RNG] osc=41 imp=881 imprb=881 mstart=0x40 cfg=91 cfgfail=0x0 vhv=0 vpolls=0
1788557620.158379 [PRT] calls=31164 xerr=0 ler=1 lidx=0x0 perr=0 maxcnt=17 addr8=0x52
1788557620.162528 [RTY] wr=0 wmax=0 wref=0  rd=0 rmax=0 rref=0
1788557620.170138 [RNG] frames=7763 last=60 min=49 max=75 nrdy=0 dxfer=0 dstat=0 lst=0 nrdyerr=0 dclr=0
1788557620.176515 [DRV] init=0 id=7 mode=0x1 lib=0x2 seq=0x1 odc=0x8b sts=0xe0 armed=1
1788557620.181983 [TRG] pulses=74 suppressed=910 cyc=1600 rst=1 rstmode=0x40
1788557620.185167 [HLT] polls=155 faults=0x0 cfglost=0
1788557620.190885 [EFF] n=5 last=58512 min=58450 max=58515 late=0 stuck=0 rderr=0
1788557620.201253 [IMU] init=0 addr=0x68 who=0x68 rst=1 pmrb0=0x40 pmrb=0x1 sr=19 cfg=4 gcfg=0x0 acfg=0x8 icfg=0x30 ien=0x1 armed=1
1788557620.206372 [ACC] reads=7765 stale=7755 rderr=0 ax=62 ay=-63 az=1125
1788557620.209003 [PWR] pm=0x1 drift=0 rderr=0
1788557620.212894 [DWT] ok=1 cyc=155373525 cyc_per_ms=800000
1788557621.226877 [HB] up_ms=173187 frames=7811 inf=7811 hazard=995 canary_err=0 q=0 qovr=0
1788557621.237873 [I2C] init=0 gate=0 whoami=0x201e0 wr=0 wrseen=0x27 addr=0x5a ok=49867 err=0 tmo=0 recov=0 pclk1=200000000 sysclk=400000000
1788557621.239253 [NAK] nacks=0
1788557621.244002 [CLK] cpu=800000000 sysb=400000000 pclk1=200000000
1788557621.248517 [TOF] res=0 step=0 id=0xeacc blk=0xeacc10 ctl=0x0
1788557621.254263 [RNG] init=0 step=99 id=0xeacc boot=1 calls=93 xerr=0 dm=1 tb=15
1788557621.261164 [RNG] osc=41 imp=881 imprb=881 mstart=0x40 cfg=91 cfgfail=0x0 vhv=0 vpolls=0
1788557621.267468 [PRT] calls=31361 xerr=0 ler=1 lidx=0x0 perr=0 maxcnt=17 addr8=0x52
1788557621.271489 [RTY] wr=0 wmax=0 wref=0  rd=0 rmax=0 rref=0
1788557621.279261 [RNG] frames=7813 last=59 min=49 max=75 nrdy=0 dxfer=0 dstat=0 lst=0 nrdyerr=0 dclr=0
1788557621.285430 [DRV] init=0 id=7 mode=0x1 lib=0x2 seq=0x1 odc=0x8b sts=0xe0 armed=1
1788557621.290873 [TRG] pulses=75 suppressed=922 cyc=1600 rst=1 rstmode=0x40
1788557621.294153 [HLT] polls=156 faults=0x0 cfglost=0
1788557621.300400 [EFF] n=5 last=58512 min=58450 max=58515 late=0 stuck=0 rderr=0
1788557621.310267 [IMU] init=0 addr=0x68 who=0x68 rst=1 pmrb0=0x40 pmrb=0x1 sr=19 cfg=4 gcfg=0x0 acfg=0x8 icfg=0x30 ien=0x1 armed=1
1788557621.316032 [ACC] reads=7815 stale=7805 rderr=0 ax=63 ay=-64 az=1128
1788557621.317989 [PWR] pm=0x1 drift=0 rderr=0
1788557621.321972 [DWT] ok=1 cyc=1036179865 cyc_per_ms=800005
1788557622.337277 [HB] up_ms=174289 frames=7861 inf=7861 hazard=1025 canary_err=0 q=0 qovr=0
1788557622.348377 [I2C] init=0 gate=0 whoami=0x201e0 wr=0 wrseen=0x27 addr=0x5a ok=50169 err=0 tmo=0 recov=0 pclk1=200000000 sysclk=400000000
1788557622.349647 [NAK] nacks=0
1788557622.354366 [CLK] cpu=800000000 sysb=400000000 pclk1=200000000
1788557622.360129 [TOF] res=0 step=0 id=0xeacc blk=0xeacc10 ctl=0x0
1788557622.364763 [RNG] init=0 step=99 id=0xeacc boot=1 calls=93 xerr=0 dm=1 tb=15
1788557622.371614 [RNG] osc=41 imp=881 imprb=881 mstart=0x40 cfg=91 cfgfail=0x0 vhv=0 vpolls=0
1788557622.377853 [PRT] calls=31561 xerr=0 ler=1 lidx=0x0 perr=0 maxcnt=17 addr8=0x52
1788557622.381993 [RTY] wr=0 wmax=0 wref=0  rd=0 rmax=0 rref=0
1788557622.389620 [RNG] frames=7863 last=64 min=49 max=75 nrdy=0 dxfer=0 dstat=0 lst=0 nrdyerr=0 dclr=0
1788557622.395871 [DRV] init=0 id=7 mode=0x1 lib=0x2 seq=0x1 odc=0x8b sts=0xe0 armed=1
1788557622.401247 [TRG] pulses=77 suppressed=948 cyc=1600 rst=1 rstmode=0x40
1788557622.404611 [HLT] polls=157 faults=0x0 cfglost=0
1788557622.410371 [EFF] n=5 last=58512 min=58450 max=58515 late=0 stuck=0 rderr=0
1788557622.420502 [IMU] init=0 addr=0x68 who=0x68 rst=1 pmrb0=0x40 pmrb=0x1 sr=19 cfg=4 gcfg=0x0 acfg=0x8 icfg=0x30 ien=0x1 armed=1
1788557622.425868 [ACC] reads=7864 stale=7854 rderr=0 ax=64 ay=-65 az=1127
1788557622.428631 [PWR] pm=0x1 drift=0 rderr=0
1788557622.432521 [DWT] ok=1 cyc=1917871547 cyc_per_ms=800083
1788557623.447615 [HB] up_ms=175391 frames=7910 inf=7910 hazard=1025 canary_err=0 q=0 qovr=0
1788557623.458604 [I2C] init=0 gate=0 whoami=0x201e0 wr=0 wrseen=0x27 addr=0x5a ok=50471 err=0 tmo=0 recov=0 pclk1=200000000 sysclk=400000000
1788557623.459966 [NAK] nacks=0
1788557623.464609 [CLK] cpu=800000000 sysb=400000000 pclk1=200000000
1788557623.469217 [TOF] res=0 step=0 id=0xeacc blk=0xeacc10 ctl=0x0
1788557623.475099 [RNG] init=0 step=99 id=0xeacc boot=1 calls=93 xerr=0 dm=1 tb=15
1788557623.482022 [RNG] osc=41 imp=881 imprb=881 mstart=0x40 cfg=91 cfgfail=0x0 vhv=0 vpolls=0
1788557623.488137 [PRT] calls=31761 xerr=0 ler=1 lidx=0x0 perr=0 maxcnt=17 addr8=0x52
1788557623.492349 [RTY] wr=0 wmax=0 wref=0  rd=0 rmax=0 rref=0
1788557623.499971 [RNG] frames=7913 last=64 min=49 max=75 nrdy=0 dxfer=0 dstat=0 lst=0 nrdyerr=0 dclr=0
1788557623.506227 [DRV] init=0 id=7 mode=0x1 lib=0x2 seq=0x1 odc=0x8b sts=0xe0 armed=1
1788557623.511512 [TRG] pulses=77 suppressed=948 cyc=1600 rst=1 rstmode=0x40
1788557623.514984 [HLT] polls=158 faults=0x0 cfglost=0
1788557623.520742 [EFF] n=5 last=58512 min=58450 max=58515 late=0 stuck=0 rderr=0
1788557623.530870 [IMU] init=0 addr=0x68 who=0x68 rst=1 pmrb0=0x40 pmrb=0x1 sr=19 cfg=4 gcfg=0x0 acfg=0x8 icfg=0x30 ien=0x1 armed=1
1788557623.536142 [ACC] reads=7914 stale=7904 rderr=0 ax=63 ay=-64 az=1126
1788557623.538849 [PWR] pm=0x1 drift=0 rderr=0
1788557623.542849 [DWT] ok=1 cyc=2799577663 cyc_per_ms=800096
1788557624.558362 [HB] up_ms=176493 frames=7960 inf=7960 hazard=1025 canary_err=0 q=0 qovr=0
1788557624.569375 [I2C] init=0 gate=0 whoami=0x201e0 wr=0 wrseen=0x27 addr=0x5a ok=50773 err=0 tmo=0 recov=0 pclk1=200000000 sysclk=400000000
1788557624.570715 [NAK] nacks=0
1788557624.575347 [CLK] cpu=800000000 sysb=400000000 pclk1=200000000
1788557624.579984 [TOF] res=0 step=0 id=0xeacc blk=0xeacc10 ctl=0x0
1788557624.585855 [RNG] init=0 step=99 id=0xeacc boot=1 calls=93 xerr=0 dm=1 tb=15
1788557624.592726 [RNG] osc=41 imp=881 imprb=881 mstart=0x40 cfg=91 cfgfail=0x0 vhv=0 vpolls=0
1788557624.598948 [PRT] calls=31961 xerr=0 ler=1 lidx=0x0 perr=0 maxcnt=17 addr8=0x52
1788557624.602960 [RTY] wr=0 wmax=0 wref=0  rd=0 rmax=0 rref=0
1788557624.610842 [RNG] frames=7962 last=61 min=49 max=75 nrdy=0 dxfer=0 dstat=0 lst=0 nrdyerr=0 dclr=0
1788557624.616975 [DRV] init=0 id=7 mode=0x1 lib=0x2 seq=0x1 odc=0x8b sts=0xe0 armed=1
1788557624.622353 [TRG] pulses=77 suppressed=948 cyc=1600 rst=1 rstmode=0x40
1788557624.625719 [HLT] polls=159 faults=0x0 cfglost=0
1788557624.631598 [EFF] n=5 last=58512 min=58450 max=58515 late=0 stuck=0 rderr=0
1788557624.641725 [IMU] init=0 addr=0x68 who=0x68 rst=1 pmrb0=0x40 pmrb=0x1 sr=19 cfg=4 gcfg=0x0 acfg=0x8 icfg=0x30 ien=0x1 armed=1
1788557624.646852 [ACC] reads=7964 stale=7954 rderr=0 ax=64 ay=-66 az=1125
1788557624.649753 [PWR] pm=0x1 drift=0 rderr=0
1788557624.653715 [DWT] ok=1 cyc=3681130223 cyc_per_ms=799956
1788557625.669337 [HB] up_ms=177595 frames=8010 inf=8010 hazard=1025 canary_err=0 q=0 qovr=0
1788557625.680618 [I2C] init=0 gate=0 whoami=0x201e0 wr=0 wrseen=0x27 addr=0x5a ok=51069 err=0 tmo=0 recov=0 pclk1=200000000 sysclk=400000000
1788557625.681907 [NAK] nacks=0
1788557625.686494 [CLK] cpu=800000000 sysb=400000000 pclk1=200000000
1788557625.690965 [TOF] res=0 step=0 id=0xeacc blk=0xeacc10 ctl=0x0
1788557625.697032 [RNG] init=0 step=99 id=0xeacc boot=1 calls=93 xerr=0 dm=1 tb=15
1788557625.703857 [RNG] osc=41 imp=881 imprb=881 mstart=0x40 cfg=91 cfgfail=0x0 vhv=0 vpolls=0
1788557625.709954 [PRT] calls=32161 xerr=0 ler=1 lidx=0x0 perr=0 maxcnt=17 addr8=0x52
1788557625.714124 [RTY] wr=0 wmax=0 wref=0  rd=0 rmax=0 rref=0
1788557625.721958 [RNG] frames=8012 last=66 min=49 max=75 nrdy=0 dxfer=0 dstat=0 lst=0 nrdyerr=0 dclr=0
1788557625.728169 [DRV] init=0 id=7 mode=0x1 lib=0x2 seq=0x1 odc=0x8b sts=0xe0 armed=1
1788557625.733331 [TRG] pulses=77 suppressed=948 cyc=1600 rst=1 rstmode=0x40
1788557625.736706 [HLT] polls=160 faults=0x0 cfglost=0
1788557625.742709 [EFF] n=5 last=58512 min=58450 max=58515 late=0 stuck=0 rderr=0
1788557625.752850 [IMU] init=0 addr=0x68 who=0x68 rst=1 pmrb0=0x40 pmrb=0x1 sr=19 cfg=4 gcfg=0x0 acfg=0x8 icfg=0x30 ien=0x1 armed=1
1788557625.757958 [ACC] reads=8014 stale=8004 rderr=0 ax=62 ay=-65 az=1123
1788557625.760587 [PWR] pm=0x1 drift=0 rderr=0
1788557625.764582 [DWT] ok=1 cyc=267676307 cyc_per_ms=799921
1788557626.780196 [HB] up_ms=178697 frames=8060 inf=8060 hazard=1025 canary_err=0 q=0 qovr=0
1788557626.791519 [I2C] init=0 gate=0 whoami=0x201e0 wr=0 wrseen=0x27 addr=0x5a ok=51371 err=0 tmo=0 recov=0 pclk1=200000000 sysclk=400000000
1788557626.793571 [NAK] nacks=0
1788557626.797339 [CLK] cpu=800000000 sysb=400000000 pclk1=200000000
1788557626.801827 [TOF] res=0 step=0 id=0xeacc blk=0xeacc10 ctl=0x0
1788557626.807700 [RNG] init=0 step=99 id=0xeacc boot=1 calls=93 xerr=0 dm=1 tb=15
1788557626.814775 [RNG] osc=41 imp=881 imprb=881 mstart=0x40 cfg=91 cfgfail=0x0 vhv=0 vpolls=0
1788557626.821118 [PRT] calls=32361 xerr=0 ler=1 lidx=0x0 perr=0 maxcnt=17 addr8=0x52
1788557626.824847 [RTY] wr=0 wmax=0 wref=0  rd=0 rmax=0 rref=0
1788557626.832924 [RNG] frames=8062 last=67 min=49 max=75 nrdy=0 dxfer=0 dstat=0 lst=0 nrdyerr=0 dclr=0
1788557626.839113 [DRV] init=0 id=7 mode=0x1 lib=0x2 seq=0x1 odc=0x8b sts=0xe0 armed=1
1788557626.844189 [TRG] pulses=77 suppressed=948 cyc=1600 rst=1 rstmode=0x40
1788557626.847568 [HLT] polls=161 faults=0x0 cfglost=0
1788557626.853319 [EFF] n=5 last=58512 min=58450 max=58515 late=0 stuck=0 rderr=0
1788557626.863701 [IMU] init=0 addr=0x68 who=0x68 rst=1 pmrb0=0x40 pmrb=0x1 sr=19 cfg=4 gcfg=0x0 acfg=0x8 icfg=0x30 ien=0x1 armed=1
1788557626.868815 [ACC] reads=8064 stale=8054 rderr=0 ax=64 ay=-66 az=1129
1788557626.871458 [PWR] pm=0x1 drift=0 rderr=0
1788557626.875462 [DWT] ok=1 cyc=1149276279 cyc_per_ms=799999
1788557627.891577 [HB] up_ms=179799 frames=8110 inf=8110 hazard=1025 canary_err=0 q=0 qovr=0
1788557627.902814 [I2C] init=0 gate=0 whoami=0x201e0 wr=0 wrseen=0x27 addr=0x5a ok=51673 err=0 tmo=0 recov=0 pclk1=200000000 sysclk=400000000
1788557627.904066 [NAK] nacks=0
1788557627.908699 [CLK] cpu=800000000 sysb=400000000 pclk1=200000000
1788557627.913202 [TOF] res=0 step=0 id=0xeacc blk=0xeacc10 ctl=0x0
1788557627.919099 [RNG] init=0 step=99 id=0xeacc boot=1 calls=93 xerr=0 dm=1 tb=15
1788557627.926223 [RNG] osc=41 imp=881 imprb=881 mstart=0x40 cfg=91 cfgfail=0x0 vhv=0 vpolls=0
1788557627.932353 [PRT] calls=32561 xerr=0 ler=1 lidx=0x0 perr=0 maxcnt=17 addr8=0x52
1788557627.936323 [RTY] wr=0 wmax=0 wref=0  rd=0 rmax=0 rref=0
1788557627.944061 [RNG] frames=8112 last=67 min=49 max=75 nrdy=0 dxfer=0 dstat=0 lst=0 nrdyerr=0 dclr=0
1788557627.950438 [DRV] init=0 id=7 mode=0x1 lib=0x2 seq=0x1 odc=0x8b sts=0xe0 armed=1
1788557627.955720 [TRG] pulses=77 suppressed=948 cyc=1600 rst=1 rstmode=0x40
1788557627.959066 [HLT] polls=162 faults=0x0 cfglost=0
1788557627.964838 [EFF] n=5 last=58512 min=58450 max=58515 late=0 stuck=0 rderr=0
1788557627.975209 [IMU] init=0 addr=0x68 who=0x68 rst=1 pmrb0=0x40 pmrb=0x1 sr=19 cfg=4 gcfg=0x0 acfg=0x8 icfg=0x30 ien=0x1 armed=1
1788557627.980367 [ACC] reads=8114 stale=8104 rderr=0 ax=63 ay=-66 az=1124
1788557627.982967 [PWR] pm=0x1 drift=0 rderr=0
1788557627.986951 [DWT] ok=1 cyc=2030876127 cyc_per_ms=799999
1788557629.003169 [HB] up_ms=180901 frames=8160 inf=8160 hazard=1065 canary_err=0 q=0 qovr=0
1788557629.014525 [I2C] init=0 gate=0 whoami=0x201e0 wr=0 wrseen=0x27 addr=0x5a ok=51975 err=0 tmo=0 recov=0 pclk1=200000000 sysclk=400000000
1788557629.015707 [NAK] nacks=0
1788557629.020336 [CLK] cpu=800000000 sysb=400000000 pclk1=200000000
1788557629.024815 [TOF] res=0 step=0 id=0xeacc blk=0xeacc10 ctl=0x0
1788557629.030759 [RNG] init=0 step=99 id=0xeacc boot=1 calls=93 xerr=0 dm=1 tb=15
1788557629.037840 [RNG] osc=41 imp=881 imprb=881 mstart=0x40 cfg=91 cfgfail=0x0 vhv=0 vpolls=0
1788557629.043829 [PRT] calls=32761 xerr=0 ler=1 lidx=0x0 perr=0 maxcnt=17 addr8=0x52
1788557629.047961 [RTY] wr=0 wmax=0 wref=0  rd=0 rmax=0 rref=0
1788557629.055673 [RNG] frames=8162 last=68 min=49 max=75 nrdy=0 dxfer=0 dstat=0 lst=0 nrdyerr=0 dclr=0
1788557629.062140 [DRV] init=0 id=7 mode=0x1 lib=0x2 seq=0x1 odc=0x8b sts=0xe0 armed=1
1788557629.067339 [TRG] pulses=80 suppressed=986 cyc=1600 rst=1 rstmode=0x40
1788557629.070706 [HLT] polls=163 faults=0x0 cfglost=0
1788557629.076422 [EFF] n=5 last=58512 min=58450 max=58515 late=0 stuck=0 rderr=0
1788557629.086934 [IMU] init=0 addr=0x68 who=0x68 rst=1 pmrb0=0x40 pmrb=0x1 sr=19 cfg=4 gcfg=0x0 acfg=0x8 icfg=0x30 ien=0x1 armed=1
1788557629.091943 [ACC] reads=8164 stale=8154 rderr=0 ax=63 ay=-63 az=1123
1788557629.094570 [PWR] pm=0x1 drift=0 rderr=0
1788557629.098552 [DWT] ok=1 cyc=2912476987 cyc_per_ms=800000
1788557630.114828 [HB] up_ms=182003 frames=8210 inf=8210 hazard=1066 canary_err=0 q=0 qovr=0
1788557630.126062 [I2C] init=0 gate=0 whoami=0x201e0 wr=0 wrseen=0x27 addr=0x5a ok=52277 err=0 tmo=0 recov=0 pclk1=200000000 sysclk=400000000
1788557630.127458 [NAK] nacks=0
1788557630.132067 [CLK] cpu=800000000 sysb=400000000 pclk1=200000000
1788557630.136566 [TOF] res=0 step=0 id=0xeacc blk=0xeacc10 ctl=0x0
1788557630.142301 [RNG] init=0 step=99 id=0xeacc boot=1 calls=93 xerr=0 dm=1 tb=15
1788557630.149429 [RNG] osc=41 imp=881 imprb=881 mstart=0x40 cfg=91 cfgfail=0x0 vhv=0 vpolls=0
1788557630.155547 [PRT] calls=32960 xerr=0 ler=1 lidx=0x0 perr=0 maxcnt=17 addr8=0x52
1788557630.159546 [RTY] wr=0 wmax=0 wref=0  rd=0 rmax=0 rref=0
1788557630.167332 [RNG] frames=8212 last=66 min=49 max=75 nrdy=0 dxfer=0 dstat=0 lst=0 nrdyerr=0 dclr=0
1788557630.173691 [DRV] init=0 id=7 mode=0x1 lib=0x2 seq=0x1 odc=0x8b sts=0xe0 armed=1
1788557630.178943 [TRG] pulses=80 suppressed=986 cyc=1600 rst=1 rstmode=0x40
1788557630.182315 [HLT] polls=164 faults=0x0 cfglost=0
1788557630.188068 [EFF] n=5 last=58512 min=58450 max=58515 late=0 stuck=0 rderr=0
1788557630.198458 [IMU] init=0 addr=0x68 who=0x68 rst=1 pmrb0=0x40 pmrb=0x1 sr=19 cfg=4 gcfg=0x0 acfg=0x8 icfg=0x30 ien=0x1 armed=1
1788557630.203562 [ACC] reads=8214 stale=8204 rderr=0 ax=64 ay=-65 az=1127
1788557630.206185 [PWR] pm=0x1 drift=0 rderr=0
1788557630.210195 [DWT] ok=1 cyc=3794076175 cyc_per_ms=799999
1788557631.226293 [HB] up_ms=183105 frames=8260 inf=8260 hazard=1066 canary_err=0 q=0 qovr=0
1788557631.237432 [I2C] init=0 gate=0 whoami=0x201e0 wr=0 wrseen=0x27 addr=0x5a ok=52579 err=0 tmo=0 recov=0 pclk1=200000000 sysclk=400000000
1788557631.238794 [NAK] nacks=0
1788557631.243426 [CLK] cpu=800000000 sysb=400000000 pclk1=200000000
1788557631.248182 [TOF] res=0 step=0 id=0xeacc blk=0xeacc10 ctl=0x0
1788557631.253788 [RNG] init=0 step=99 id=0xeacc boot=1 calls=93 xerr=0 dm=1 tb=15
1788557631.260659 [RNG] osc=41 imp=881 imprb=881 mstart=0x40 cfg=91 cfgfail=0x0 vhv=0 vpolls=0
1788557631.266919 [PRT] calls=33157 xerr=0 ler=1 lidx=0x0 perr=0 maxcnt=17 addr8=0x52
1788557631.271031 [RTY] wr=0 wmax=0 wref=0  rd=0 rmax=0 rref=0
1788557631.278682 [RNG] frames=8262 last=62 min=49 max=75 nrdy=0 dxfer=0 dstat=0 lst=0 nrdyerr=0 dclr=0
1788557631.284922 [DRV] init=0 id=7 mode=0x1 lib=0x2 seq=0x1 odc=0x8b sts=0xe0 armed=1
1788557631.290405 [TRG] pulses=80 suppressed=986 cyc=1600 rst=1 rstmode=0x40
1788557631.293773 [HLT] polls=165 faults=0x0 cfglost=0
1788557631.299543 [EFF] n=5 last=58512 min=58450 max=58515 late=0 stuck=0 rderr=0
1788557631.309824 [IMU] init=0 addr=0x68 who=0x68 rst=1 pmrb0=0x40 pmrb=0x1 sr=19 cfg=4 gcfg=0x0 acfg=0x8 icfg=0x30 ien=0x1 armed=1
1788557631.314922 [ACC] reads=8264 stale=8254 rderr=0 ax=63 ay=-64 az=1128
1788557631.317534 [PWR] pm=0x1 drift=0 rderr=0
1788557631.321536 [DWT] ok=1 cyc=380708843 cyc_per_ms=799999
1788557632.336680 [HB] up_ms=184207 frames=8310 inf=8310 hazard=1066 canary_err=0 q=0 qovr=0
1788557632.347701 [I2C] init=0 gate=0 whoami=0x201e0 wr=0 wrseen=0x27 addr=0x5a ok=52881 err=0 tmo=0 recov=0 pclk1=200000000 sysclk=400000000
1788557632.349226 [NAK] nacks=0
1788557632.353795 [CLK] cpu=800000000 sysb=400000000 pclk1=200000000
1788557632.358286 [TOF] res=0 step=0 id=0xeacc blk=0xeacc10 ctl=0x0
1788557632.364044 [RNG] init=0 step=99 id=0xeacc boot=1 calls=93 xerr=0 dm=1 tb=15
1788557632.371046 [RNG] osc=41 imp=881 imprb=881 mstart=0x40 cfg=91 cfgfail=0x0 vhv=0 vpolls=0
1788557632.377295 [PRT] calls=33357 xerr=0 ler=1 lidx=0x0 perr=0 maxcnt=17 addr8=0x52
1788557632.381276 [RTY] wr=0 wmax=0 wref=0  rd=0 rmax=0 rref=0
1788557632.389049 [RNG] frames=8312 last=67 min=49 max=75 nrdy=0 dxfer=0 dstat=0 lst=0 nrdyerr=0 dclr=0
1788557632.395199 [DRV] init=0 id=7 mode=0x1 lib=0x2 seq=0x1 odc=0x8b sts=0xe0 armed=1
1788557632.400670 [TRG] pulses=80 suppressed=986 cyc=1600 rst=1 rstmode=0x40
1788557632.404030 [HLT] polls=166 faults=0x0 cfglost=0
1788557632.409781 [EFF] n=5 last=58512 min=58450 max=58515 late=0 stuck=0 rderr=0
1788557632.419908 [IMU] init=0 addr=0x68 who=0x68 rst=1 pmrb0=0x40 pmrb=0x1 sr=19 cfg=4 gcfg=0x0 acfg=0x8 icfg=0x30 ien=0x1 armed=1
1788557632.425310 [ACC] reads=8313 stale=8304 rderr=0 ax=64 ay=-66 az=1124
1788557632.427914 [PWR] pm=0x1 drift=0 rderr=0
1788557632.431793 [DWT] ok=1 cyc=1262308911 cyc_per_ms=800000
1788557633.447711 [HB] up_ms=185309 frames=8359 inf=8359 hazard=1066 canary_err=0 q=0 qovr=0
1788557633.458675 [I2C] init=0 gate=0 whoami=0x201e0 wr=0 wrseen=0x27 addr=0x5a ok=53183 err=0 tmo=0 recov=0 pclk1=200000000 sysclk=400000000
1788557633.460027 [NAK] nacks=0
1788557633.464666 [CLK] cpu=800000000 sysb=400000000 pclk1=200000000
1788557633.469278 [TOF] res=0 step=0 id=0xeacc blk=0xeacc10 ctl=0x0
1788557633.475021 [RNG] init=0 step=99 id=0xeacc boot=1 calls=93 xerr=0 dm=1 tb=15
1788557633.482305 [RNG] osc=41 imp=881 imprb=881 mstart=0x40 cfg=91 cfgfail=0x0 vhv=0 vpolls=0
1788557633.488174 [PRT] calls=33557 xerr=0 ler=1 lidx=0x0 perr=0 maxcnt=17 addr8=0x52
1788557633.492283 [RTY] wr=0 wmax=0 wref=0  rd=0 rmax=0 rref=0
1788557633.500056 [RNG] frames=8362 last=64 min=49 max=75 nrdy=0 dxfer=0 dstat=0 lst=0 nrdyerr=0 dclr=0
1788557633.506189 [DRV] init=0 id=7 mode=0x1 lib=0x2 seq=0x1 odc=0x8b sts=0xe0 armed=1
1788557633.511652 [TRG] pulses=80 suppressed=986 cyc=1600 rst=1 rstmode=0x40
1788557633.515044 [HLT] polls=167 faults=0x0 cfglost=0
1788557633.520779 [EFF] n=5 last=58512 min=58450 max=58515 late=0 stuck=0 rderr=0
1788557633.530964 [IMU] init=0 addr=0x68 who=0x68 rst=1 pmrb0=0x40 pmrb=0x1 sr=19 cfg=4 gcfg=0x0 acfg=0x8 icfg=0x30 ien=0x1 armed=1
1788557633.536324 [ACC] reads=8363 stale=8353 rderr=0 ax=64 ay=-63 az=1129
1788557633.538904 [PWR] pm=0x1 drift=0 rderr=0
1788557633.542895 [DWT] ok=1 cyc=2144042231 cyc_per_ms=800120
1788557634.558511 [HB] up_ms=186411 frames=8409 inf=8409 hazard=1066 canary_err=0 q=0 qovr=0
1788557634.569652 [I2C] init=0 gate=0 whoami=0x201e0 wr=0 wrseen=0x27 addr=0x5a ok=53485 err=0 tmo=0 recov=0 pclk1=200000000 sysclk=400000000
1788557634.570897 [NAK] nacks=0
1788557634.575523 [CLK] cpu=800000000 sysb=400000000 pclk1=200000000
1788557634.580295 [TOF] res=0 step=0 id=0xeacc blk=0xeacc10 ctl=0x0
1788557634.586028 [RNG] init=0 step=99 id=0xeacc boot=1 calls=93 xerr=0 dm=1 tb=15
1788557634.592888 [RNG] osc=41 imp=881 imprb=881 mstart=0x40 cfg=91 cfgfail=0x0 vhv=0 vpolls=0
1788557634.599057 [PRT] calls=33757 xerr=0 ler=1 lidx=0x0 perr=0 maxcnt=17 addr8=0x52
1788557634.603339 [RTY] wr=0 wmax=0 wref=0  rd=0 rmax=0 rref=0
1788557634.611024 [RNG] frames=8411 last=64 min=49 max=75 nrdy=0 dxfer=0 dstat=0 lst=0 nrdyerr=0 dclr=0
1788557634.617173 [DRV] init=0 id=7 mode=0x1 lib=0x2 seq=0x1 odc=0x8b sts=0xe0 armed=1
1788557634.622530 [TRG] pulses=80 suppressed=986 cyc=1600 rst=1 rstmode=0x40
1788557634.626021 [HLT] polls=168 faults=0x0 cfglost=0
1788557634.631850 [EFF] n=5 last=58512 min=58450 max=58515 late=0 stuck=0 rderr=0
1788557634.641904 [IMU] init=0 addr=0x68 who=0x68 rst=1 pmrb0=0x40 pmrb=0x1 sr=19 cfg=4 gcfg=0x0 acfg=0x8 icfg=0x30 ien=0x1 armed=1
1788557634.647029 [ACC] reads=8413 stale=8403 rderr=0 ax=61 ay=-62 az=1128
1788557634.649895 [PWR] pm=0x1 drift=0 rderr=0
1788557634.653909 [DWT] ok=1 cyc=3025643069 cyc_per_ms=800000
1788557635.669636 [HB] up_ms=187513 frames=8459 inf=8459 hazard=1085 canary_err=0 q=0 qovr=0
1788557635.681021 [I2C] init=0 gate=0 whoami=0x201e0 wr=0 wrseen=0x27 addr=0x5a ok=53782 err=0 tmo=0 recov=0 pclk1=200000000 sysclk=400000000
1788557635.682167 [NAK] nacks=0
1788557635.686767 [CLK] cpu=800000000 sysb=400000000 pclk1=200000000
1788557635.691381 [TOF] res=0 step=0 id=0xeacc blk=0xeacc10 ctl=0x0
1788557635.697269 [RNG] init=0 step=99 id=0xeacc boot=1 calls=93 xerr=0 dm=1 tb=15
1788557635.704156 [RNG] osc=41 imp=881 imprb=881 mstart=0x40 cfg=91 cfgfail=0x0 vhv=0 vpolls=0
1788557635.710259 [PRT] calls=33957 xerr=0 ler=1 lidx=0x0 perr=0 maxcnt=17 addr8=0x52
1788557635.714381 [RTY] wr=0 wmax=0 wref=0  rd=0 rmax=0 rref=0
1788557635.722204 [RNG] frames=8461 last=68 min=49 max=75 nrdy=0 dxfer=0 dstat=0 lst=0 nrdyerr=0 dclr=0
1788557635.728387 [DRV] init=0 id=7 mode=0x1 lib=0x2 seq=0x1 odc=0x8b sts=0xe0 armed=1
1788557635.733777 [TRG] pulses=82 suppressed=1006 cyc=1600 rst=1 rstmode=0x40
1788557635.737159 [HLT] polls=169 faults=0x0 cfglost=0
1788557635.743029 [EFF] n=5 last=58512 min=58450 max=58515 late=0 stuck=0 rderr=0
1788557635.753171 [IMU] init=0 addr=0x68 who=0x68 rst=1 pmrb0=0x40 pmrb=0x1 sr=19 cfg=4 gcfg=0x0 acfg=0x8 icfg=0x30 ien=0x1 armed=1
1788557635.758265 [ACC] reads=8463 stale=8453 rderr=0 ax=64 ay=-66 az=1126
1788557635.761010 [PWR] pm=0x1 drift=0 rderr=0
1788557635.765182 [DWT] ok=1 cyc=3907182291 cyc_per_ms=799944
1788557636.780797 [HB] up_ms=188615 frames=8509 inf=8509 hazard=1107 canary_err=0 q=0 qovr=0
1788557636.791886 [I2C] init=0 gate=0 whoami=0x201e0 wr=0 wrseen=0x27 addr=0x5a ok=54083 err=0 tmo=0 recov=0 pclk1=200000000 sysclk=400000000
1788557636.793259 [NAK] nacks=0
1788557636.798163 [CLK] cpu=800000000 sysb=400000000 pclk1=200000000
1788557636.802410 [TOF] res=0 step=0 id=0xeacc blk=0xeacc10 ctl=0x0
1788557636.808264 [RNG] init=0 step=99 id=0xeacc boot=1 calls=93 xerr=0 dm=1 tb=15
1788557636.815276 [RNG] osc=41 imp=881 imprb=881 mstart=0x40 cfg=91 cfgfail=0x0 vhv=0 vpolls=0
1788557636.821375 [PRT] calls=34157 xerr=0 ler=1 lidx=0x0 perr=0 maxcnt=17 addr8=0x52
1788557636.825389 [RTY] wr=0 wmax=0 wref=0  rd=0 rmax=0 rref=0
1788557636.833862 [RNG] frames=8511 last=70 min=49 max=75 nrdy=0 dxfer=0 dstat=0 lst=0 nrdyerr=0 dclr=0
1788557636.839508 [DRV] init=0 id=7 mode=0x1 lib=0x2 seq=0x1 odc=0x8b sts=0xe0 armed=1
1788557636.844866 [TRG] pulses=83 suppressed=1024 cyc=1600 rst=1 rstmode=0x40
1788557636.848268 [HLT] polls=170 faults=0x0 cfglost=0
1788557636.854132 [EFF] n=5 last=58512 min=58450 max=58515 late=0 stuck=0 rderr=0
1788557636.864307 [IMU] init=0 addr=0x68 who=0x68 rst=1 pmrb0=0x40 pmrb=0x1 sr=19 cfg=4 gcfg=0x0 acfg=0x8 icfg=0x30 ien=0x1 armed=1
1788557636.869388 [ACC] reads=8513 stale=8502 rderr=0 ax=62 ay=-64 az=1125
1788557636.872180 [PWR] pm=0x1 drift=0 rderr=0
1788557636.876012 [DWT] ok=1 cyc=493811627 cyc_per_ms=799996
1788557637.891501 [HB] up_ms=189717 frames=8559 inf=8559 hazard=1107 canary_err=0 q=0 qovr=0
1788557637.902766 [I2C] init=0 gate=0 whoami=0x201e0 wr=0 wrseen=0x27 addr=0x5a ok=54385 err=0 tmo=0 recov=0 pclk1=200000000 sysclk=400000000
1788557637.903999 [NAK] nacks=0
1788557637.908609 [CLK] cpu=800000000 sysb=400000000 pclk1=200000000
1788557637.913140 [TOF] res=0 step=0 id=0xeacc blk=0xeacc10 ctl=0x0
1788557637.918987 [RNG] init=0 step=99 id=0xeacc boot=1 calls=93 xerr=0 dm=1 tb=15
1788557637.925985 [RNG] osc=41 imp=881 imprb=881 mstart=0x40 cfg=91 cfgfail=0x0 vhv=0 vpolls=0
1788557637.932378 [PRT] calls=34357 xerr=0 ler=1 lidx=0x0 perr=0 maxcnt=17 addr8=0x52
1788557637.936244 [RTY] wr=0 wmax=0 wref=0  rd=0 rmax=0 rref=0
1788557637.943985 [RNG] frames=8561 last=66 min=49 max=75 nrdy=0 dxfer=0 dstat=0 lst=0 nrdyerr=0 dclr=0
1788557637.950242 [DRV] init=0 id=7 mode=0x1 lib=0x2 seq=0x1 odc=0x8b sts=0xe0 armed=1
1788557637.955628 [TRG] pulses=83 suppressed=1024 cyc=1600 rst=1 rstmode=0x40
1788557637.958993 [HLT] polls=171 faults=0x0 cfglost=0
1788557637.964759 [EFF] n=5 last=58512 min=58450 max=58515 late=0 stuck=0 rderr=0
1788557637.975152 [IMU] init=0 addr=0x68 who=0x68 rst=1 pmrb0=0x40 pmrb=0x1 sr=19 cfg=4 gcfg=0x0 acfg=0x8 icfg=0x30 ien=0x1 armed=1
1788557637.980252 [ACC] reads=8563 stale=8552 rderr=0 ax=65 ay=-65 az=1126
1788557637.982897 [PWR] pm=0x1 drift=0 rderr=0
1788557637.986857 [DWT] ok=1 cyc=1375411495 cyc_per_ms=799999
1788557639.001858 [HB] up_ms=190819 frames=8609 inf=8609 hazard=1107 canary_err=0 q=0 qovr=0
1788557639.013171 [I2C] init=0 gate=0 whoami=0x201e0 wr=0 wrseen=0x27 addr=0x5a ok=54687 err=0 tmo=0 recov=0 pclk1=200000000 sysclk=400000000
1788557639.014466 [NAK] nacks=0
1788557639.018994 [CLK] cpu=800000000 sysb=400000000 pclk1=200000000
1788557639.023472 [TOF] res=0 step=0 id=0xeacc blk=0xeacc10 ctl=0x0
1788557639.029402 [RNG] init=0 step=99 id=0xeacc boot=1 calls=93 xerr=0 dm=1 tb=15
1788557639.036370 [RNG] osc=41 imp=881 imprb=881 mstart=0x40 cfg=91 cfgfail=0x0 vhv=0 vpolls=0
1788557639.042484 [PRT] calls=34557 xerr=0 ler=1 lidx=0x0 perr=0 maxcnt=17 addr8=0x52
1788557639.046826 [RTY] wr=0 wmax=0 wref=0  rd=0 rmax=0 rref=0
1788557639.054244 [RNG] frames=8611 last=69 min=49 max=75 nrdy=0 dxfer=0 dstat=0 lst=0 nrdyerr=0 dclr=0
1788557639.060619 [DRV] init=0 id=7 mode=0x1 lib=0x2 seq=0x1 odc=0x8b sts=0xe0 armed=1
1788557639.066021 [TRG] pulses=83 suppressed=1024 cyc=1600 rst=1 rstmode=0x40
1788557639.069391 [HLT] polls=172 faults=0x0 cfglost=0
1788557639.075146 [EFF] n=5 last=58512 min=58450 max=58515 late=0 stuck=0 rderr=0
1788557639.085478 [IMU] init=0 addr=0x68 who=0x68 rst=1 pmrb0=0x40 pmrb=0x1 sr=19 cfg=4 gcfg=0x0 acfg=0x8 icfg=0x30 ien=0x1 armed=1
1788557639.090612 [ACC] reads=8613 stale=8602 rderr=0 ax=64 ay=-65 az=1121
1788557639.093235 [PWR] pm=0x1 drift=0 rderr=0
1788557639.097248 [DWT] ok=1 cyc=2257011647 cyc_per_ms=800000
1788557640.111786 [HB] up_ms=191921 frames=8659 inf=8659 hazard=1107 canary_err=0 q=0 qovr=0
1788557640.123019 [I2C] init=0 gate=0 whoami=0x201e0 wr=0 wrseen=0x27 addr=0x5a ok=54989 err=0 tmo=0 recov=0 pclk1=200000000 sysclk=400000000
1788557640.124320 [NAK] nacks=0
1788557640.129134 [CLK] cpu=800000000 sysb=400000000 pclk1=200000000
1788557640.133692 [TOF] res=0 step=0 id=0xeacc blk=0xeacc10 ctl=0x0
1788557640.139345 [RNG] init=0 step=99 id=0xeacc boot=1 calls=93 xerr=0 dm=1 tb=15
1788557640.146229 [RNG] osc=41 imp=881 imprb=881 mstart=0x40 cfg=91 cfgfail=0x0 vhv=0 vpolls=0
1788557640.152346 [PRT] calls=34757 xerr=0 ler=1 lidx=0x0 perr=0 maxcnt=17 addr8=0x52
1788557640.156358 [RTY] wr=0 wmax=0 wref=0  rd=0 rmax=0 rref=0
1788557640.164191 [RNG] frames=8661 last=57 min=49 max=75 nrdy=0 dxfer=0 dstat=0 lst=0 nrdyerr=0 dclr=0
1788557640.170468 [DRV] init=0 id=7 mode=0x1 lib=0x2 seq=0x1 odc=0x8b sts=0xe0 armed=1
1788557640.175859 [TRG] pulses=83 suppressed=1024 cyc=1600 rst=1 rstmode=0x40
1788557640.179311 [HLT] polls=173 faults=0x0 cfglost=0
1788557640.184914 [EFF] n=5 last=58512 min=58450 max=58515 late=0 stuck=0 rderr=0
1788557640.195225 [IMU] init=0 addr=0x68 who=0x68 rst=1 pmrb0=0x40 pmrb=0x1 sr=19 cfg=4 gcfg=0x0 acfg=0x8 icfg=0x30 ien=0x1 armed=1
1788557640.200369 [ACC] reads=8663 stale=8652 rderr=0 ax=62 ay=-63 az=1126
1788557640.202978 [PWR] pm=0x1 drift=0 rderr=0
1788557640.206971 [DWT] ok=1 cyc=3138611443 cyc_per_ms=799999
1788557641.222234 [HB] up_ms=193023 frames=8709 inf=8709 hazard=1107 canary_err=0 q=0 qovr=0
1788557641.233247 [I2C] init=0 gate=0 whoami=0x201e0 wr=0 wrseen=0x27 addr=0x5a ok=55291 err=0 tmo=0 recov=0 pclk1=200000000 sysclk=400000000
1788557641.234726 [NAK] nacks=0
1788557641.239353 [CLK] cpu=800000000 sysb=400000000 pclk1=200000000
1788557641.243848 [TOF] res=0 step=0 id=0xeacc blk=0xeacc10 ctl=0x0
1788557641.249599 [RNG] init=0 step=99 id=0xeacc boot=1 calls=93 xerr=0 dm=1 tb=15
1788557641.256595 [RNG] osc=41 imp=881 imprb=881 mstart=0x40 cfg=91 cfgfail=0x0 vhv=0 vpolls=0
1788557641.262721 [PRT] calls=34954 xerr=0 ler=1 lidx=0x0 perr=0 maxcnt=17 addr8=0x52
1788557641.266866 [RTY] wr=0 wmax=0 wref=0  rd=0 rmax=0 rref=0
1788557641.274477 [RNG] frames=8711 last=65 min=49 max=75 nrdy=0 dxfer=0 dstat=0 lst=0 nrdyerr=0 dclr=0
1788557641.280872 [DRV] init=0 id=7 mode=0x1 lib=0x2 seq=0x1 odc=0x8b sts=0xe0 armed=1
1788557641.286280 [TRG] pulses=83 suppressed=1024 cyc=1600 rst=1 rstmode=0x40
1788557641.289581 [HLT] polls=174 faults=0x0 cfglost=0
1788557641.295417 [EFF] n=5 last=58512 min=58450 max=58515 late=0 stuck=0 rderr=0
1788557641.305722 [IMU] init=0 addr=0x68 who=0x68 rst=1 pmrb0=0x40 pmrb=0x1 sr=19 cfg=4 gcfg=0x0 acfg=0x8 icfg=0x30 ien=0x1 armed=1
1788557641.310855 [ACC] reads=8713 stale=8702 rderr=0 ax=65 ay=-64 az=1124
1788557641.313521 [PWR] pm=0x1 drift=0 rderr=0
1788557641.317563 [DWT] ok=1 cyc=4020211495 cyc_per_ms=800000
1788557642.332574 [HB] up_ms=194125 frames=8759 inf=8759 hazard=1107 canary_err=0 q=0 qovr=0
1788557642.343592 [I2C] init=0 gate=0 whoami=0x201e0 wr=0 wrseen=0x27 addr=0x5a ok=55593 err=0 tmo=0 recov=0 pclk1=200000000 sysclk=400000000
1788557642.344834 [NAK] nacks=0
1788557642.349883 [CLK] cpu=800000000 sysb=400000000 pclk1=200000000
1788557642.354226 [TOF] res=0 step=0 id=0xeacc blk=0xeacc10 ctl=0x0
1788557642.359970 [RNG] init=0 step=99 id=0xeacc boot=1 calls=93 xerr=0 dm=1 tb=15
1788557642.366855 [RNG] osc=41 imp=881 imprb=881 mstart=0x40 cfg=91 cfgfail=0x0 vhv=0 vpolls=0
1788557642.373105 [PRT] calls=35153 xerr=0 ler=1 lidx=0x0 perr=0 maxcnt=17 addr8=0x52
1788557642.377201 [RTY] wr=0 wmax=0 wref=0  rd=0 rmax=0 rref=0
1788557642.384859 [RNG] frames=8761 last=68 min=49 max=75 nrdy=0 dxfer=0 dstat=0 lst=0 nrdyerr=0 dclr=0
1788557642.391239 [DRV] init=0 id=7 mode=0x1 lib=0x2 seq=0x1 odc=0x8b sts=0xe0 armed=1
1788557642.396581 [TRG] pulses=84 suppressed=1024 cyc=1600 rst=1 rstmode=0x40
1788557642.399979 [HLT] polls=175 faults=0x0 cfglost=0
1788557642.405706 [EFF] n=5 last=58512 min=58450 max=58515 late=0 stuck=0 rderr=0
1788557642.416110 [IMU] init=0 addr=0x68 who=0x68 rst=1 pmrb0=0x40 pmrb=0x1 sr=19 cfg=4 gcfg=0x0 acfg=0x8 icfg=0x30 ien=0x1 armed=1
1788557642.421196 [ACC] reads=8763 stale=8752 rderr=0 ax=63 ay=-63 az=1125
1788557642.423815 [PWR] pm=0x1 drift=0 rderr=0
1788557642.427695 [DWT] ok=1 cyc=606849515 cyc_per_ms=800004
1788557643.442592 [HB] up_ms=195227 frames=8809 inf=8809 hazard=1148 canary_err=0 q=0 qovr=0
1788557643.453717 [I2C] init=0 gate=0 whoami=0x201e0 wr=0 wrseen=0x27 addr=0x5a ok=55895 err=0 tmo=0 recov=0 pclk1=200000000 sysclk=400000000
1788557643.454965 [NAK] nacks=0
1788557643.459702 [CLK] cpu=800000000 sysb=400000000 pclk1=200000000
1788557643.464361 [TOF] res=0 step=0 id=0xeacc blk=0xeacc10 ctl=0x0
1788557643.470114 [RNG] init=0 step=99 id=0xeacc boot=1 calls=93 xerr=0 dm=1 tb=15
1788557643.476963 [RNG] osc=41 imp=881 imprb=881 mstart=0x40 cfg=91 cfgfail=0x0 vhv=0 vpolls=0
1788557643.483204 [PRT] calls=35353 xerr=0 ler=1 lidx=0x0 perr=0 maxcnt=17 addr8=0x52
1788557643.487313 [RTY] wr=0 wmax=0 wref=0  rd=0 rmax=0 rref=0
1788557643.494945 [RNG] frames=8811 last=63 min=49 max=75 nrdy=0 dxfer=0 dstat=0 lst=0 nrdyerr=0 dclr=0
1788557643.501234 [DRV] init=0 id=7 mode=0x1 lib=0x2 seq=0x1 odc=0x8b sts=0xe0 armed=1
1788557643.506717 [TRG] pulses=86 suppressed=1062 cyc=1600 rst=1 rstmode=0x40
1788557643.510115 [HLT] polls=176 faults=0x0 cfglost=0
1788557643.515855 [EFF] n=5 last=58512 min=58450 max=58515 late=0 stuck=0 rderr=0
1788557643.526117 [IMU] init=0 addr=0x68 who=0x68 rst=1 pmrb0=0x40 pmrb=0x1 sr=19 cfg=4 gcfg=0x0 acfg=0x8 icfg=0x30 ien=0x1 armed=1
1788557643.531382 [ACC] reads=8812 stale=8801 rderr=0 ax=65 ay=-67 az=1130
1788557643.533966 [PWR] pm=0x1 drift=0 rderr=0
1788557643.537966 [DWT] ok=1 cyc=1488472475 cyc_per_ms=800020
1788557644.553446 [HB] up_ms=196329 frames=8858 inf=8858 hazard=1148 canary_err=0 q=0 qovr=0
1788557644.564586 [I2C] init=0 gate=0 whoami=0x201e0 wr=0 wrseen=0x27 addr=0x5a ok=56197 err=0 tmo=0 recov=0 pclk1=200000000 sysclk=400000000
1788557644.565836 [NAK] nacks=0
1788557644.570452 [CLK] cpu=800000000 sysb=400000000 pclk1=200000000
1788557644.575071 [TOF] res=0 step=0 id=0xeacc blk=0xeacc10 ctl=0x0
1788557644.580989 [RNG] init=0 step=99 id=0xeacc boot=1 calls=93 xerr=0 dm=1 tb=15
1788557644.587876 [RNG] osc=41 imp=881 imprb=881 mstart=0x40 cfg=91 cfgfail=0x0 vhv=0 vpolls=0
1788557644.593947 [PRT] calls=35553 xerr=0 ler=1 lidx=0x0 perr=0 maxcnt=17 addr8=0x52
1788557644.598282 [RTY] wr=0 wmax=0 wref=0  rd=0 rmax=0 rref=0
1788557644.606102 [RNG] frames=8861 last=58 min=49 max=75 nrdy=0 dxfer=0 dstat=0 lst=0 nrdyerr=0 dclr=0
1788557644.612059 [DRV] init=0 id=7 mode=0x1 lib=0x2 seq=0x1 odc=0x8b sts=0xe0 armed=1
1788557644.617436 [TRG] pulses=86 suppressed=1062 cyc=1600 rst=1 rstmode=0x40
1788557644.620940 [HLT] polls=177 faults=0x0 cfglost=0
1788557644.626704 [EFF] n=5 last=58512 min=58450 max=58515 late=0 stuck=0 rderr=0
1788557644.636948 [IMU] init=0 addr=0x68 who=0x68 rst=1 pmrb0=0x40 pmrb=0x1 sr=19 cfg=4 gcfg=0x0 acfg=0x8 icfg=0x30 ien=0x1 armed=1
1788557644.642202 [ACC] reads=8862 stale=8851 rderr=0 ax=64 ay=-62 az=1126
1788557644.644839 [PWR] pm=0x1 drift=0 rderr=0
1788557644.648843 [DWT] ok=1 cyc=2370178427 cyc_per_ms=800096
1788557645.664308 [HB] up_ms=197431 frames=8908 inf=8908 hazard=1148 canary_err=0 q=0 qovr=0
1788557645.675323 [I2C] init=0 gate=0 whoami=0x201e0 wr=0 wrseen=0x27 addr=0x5a ok=56499 err=0 tmo=0 recov=0 pclk1=200000000 sysclk=400000000
1788557645.676687 [NAK] nacks=0
1788557645.682210 [CLK] cpu=800000000 sysb=400000000 pclk1=200000000
1788557645.685826 [TOF] res=0 step=0 id=0xeacc blk=0xeacc10 ctl=0x0
1788557645.691686 [RNG] init=0 step=99 id=0xeacc boot=1 calls=93 xerr=0 dm=1 tb=15
1788557645.698636 [RNG] osc=41 imp=881 imprb=881 mstart=0x40 cfg=91 cfgfail=0x0 vhv=0 vpolls=0
1788557645.704701 [PRT] calls=35753 xerr=0 ler=1 lidx=0x0 perr=0 maxcnt=17 addr8=0x52
1788557645.708820 [RTY] wr=0 wmax=0 wref=0  rd=0 rmax=0 rref=0
1788557645.716744 [RNG] frames=8910 last=67 min=49 max=75 nrdy=0 dxfer=0 dstat=0 lst=0 nrdyerr=0 dclr=0
1788557645.722810 [DRV] init=0 id=7 mode=0x1 lib=0x2 seq=0x1 odc=0x8b sts=0xe0 armed=1
1788557645.728295 [TRG] pulses=86 suppressed=1062 cyc=1600 rst=1 rstmode=0x40
1788557645.731696 [HLT] polls=178 faults=0x0 cfglost=0
1788557645.737567 [EFF] n=5 last=58512 min=58450 max=58515 late=0 stuck=0 rderr=0
1788557645.747708 [IMU] init=0 addr=0x68 who=0x68 rst=1 pmrb0=0x40 pmrb=0x1 sr=19 cfg=4 gcfg=0x0 acfg=0x8 icfg=0x30 ien=0x1 armed=1
1788557645.752823 [ACC] reads=8912 stale=8901 rderr=0 ax=63 ay=-64 az=1126
1788557645.755556 [PWR] pm=0x1 drift=0 rderr=0
1788557645.759565 [DWT] ok=1 cyc=3251732843 cyc_per_ms=799958
1788557646.774913 [HB] up_ms=198533 frames=8958 inf=8958 hazard=1148 canary_err=0 q=0 qovr=0
1788557646.786194 [I2C] init=0 gate=0 whoami=0x201e0 wr=0 wrseen=0x27 addr=0x5a ok=56795 err=0 tmo=0 recov=0 pclk1=200000000 sysclk=400000000
1788557646.787539 [NAK] nacks=0
1788557646.792042 [CLK] cpu=800000000 sysb=400000000 pclk1=200000000
1788557646.796620 [TOF] res=0 step=0 id=0xeacc blk=0xeacc10 ctl=0x0
1788557646.802561 [RNG] init=0 step=99 id=0xeacc boot=1 calls=93 xerr=0 dm=1 tb=15
1788557646.809545 [RNG] osc=41 imp=881 imprb=881 mstart=0x40 cfg=91 cfgfail=0x0 vhv=0 vpolls=0
1788557646.815623 [PRT] calls=35953 xerr=0 ler=1 lidx=0x0 perr=0 maxcnt=17 addr8=0x52
1788557646.819677 [RTY] wr=0 wmax=0 wref=0  rd=0 rmax=0 rref=0
1788557646.827582 [RNG] frames=8960 last=62 min=49 max=75 nrdy=0 dxfer=0 dstat=0 lst=0 nrdyerr=0 dclr=0
1788557646.833668 [DRV] init=0 id=7 mode=0x1 lib=0x2 seq=0x1 odc=0x8b sts=0xe0 armed=1
1788557646.839258 [TRG] pulses=86 suppressed=1062 cyc=1600 rst=1 rstmode=0x40
1788557646.842412 [HLT] polls=179 faults=0x0 cfglost=0
1788557646.848443 [EFF] n=5 last=58512 min=58450 max=58515 late=0 stuck=0 rderr=0
1788557646.859895 [IMU] init=0 addr=0x68 who=0x68 rst=1 pmrb0=0x40 pmrb=0x1 sr=19 cfg=4 gcfg=0x0 acfg=0x8 icfg=0x30 ien=0x1 armed=1
1788557646.863787 [ACC] reads=8962 stale=8951 rderr=0 ax=63 ay=-63 az=1126
1788557646.866306 [PWR] pm=0x1 drift=0 rderr=0
1788557646.870502 [DWT] ok=1 cyc=4133244351 cyc_per_ms=799919
1788557647.885772 [HB] up_ms=199635 frames=9008 inf=9008 hazard=1148 canary_err=0 q=0 qovr=0
1788557647.896819 [I2C] init=0 gate=0 whoami=0x201e0 wr=0 wrseen=0x27 addr=0x5a ok=57097 err=0 tmo=0 recov=0 pclk1=200000000 sysclk=400000000
1788557647.898206 [NAK] nacks=0
1788557647.902668 [CLK] cpu=800000000 sysb=400000000 pclk1=200000000
1788557647.907292 [TOF] res=0 step=0 id=0xeacc blk=0xeacc10 ctl=0x0
1788557647.913262 [RNG] init=0 step=99 id=0xeacc boot=1 calls=93 xerr=0 dm=1 tb=15
1788557647.920174 [RNG] osc=41 imp=881 imprb=881 mstart=0x40 cfg=91 cfgfail=0x0 vhv=0 vpolls=0
1788557647.926181 [PRT] calls=36153 xerr=0 ler=1 lidx=0x0 perr=0 maxcnt=17 addr8=0x52
1788557647.930545 [RTY] wr=0 wmax=0 wref=0  rd=0 rmax=0 rref=0
1788557647.938174 [RNG] frames=9010 last=64 min=49 max=75 nrdy=0 dxfer=0 dstat=0 lst=0 nrdyerr=0 dclr=0
1788557647.944302 [DRV] init=0 id=7 mode=0x1 lib=0x2 seq=0x1 odc=0x8b sts=0xe0 armed=1
1788557647.949674 [TRG] pulses=86 suppressed=1062 cyc=1600 rst=1 rstmode=0x40
1788557647.953051 [HLT] polls=180 faults=0x0 cfglost=0
1788557647.958773 [EFF] n=5 last=58512 min=58450 max=58515 late=0 stuck=0 rderr=0
1788557647.969170 [IMU] init=0 addr=0x68 who=0x68 rst=1 pmrb0=0x40 pmrb=0x1 sr=19 cfg=4 gcfg=0x0 acfg=0x8 icfg=0x30 ien=0x1 armed=1
1788557647.974305 [ACC] reads=9012 stale=9000 rderr=0 ax=61 ay=-66 az=1127
1788557647.976927 [PWR] pm=0x1 drift=0 rderr=0
1788557647.980817 [DWT] ok=1 cyc=719877055 cyc_per_ms=800000
1788557648.996299 [HB] up_ms=200737 frames=9058 inf=9058 hazard=1148 canary_err=0 q=0 qovr=0
1788557649.007549 [I2C] init=0 gate=0 whoami=0x201e0 wr=0 wrseen=0x27 addr=0x5a ok=57399 err=0 tmo=0 recov=0 pclk1=200000000 sysclk=400000000
1788557649.008906 [NAK] nacks=0
1788557649.013573 [CLK] cpu=800000000 sysb=400000000 pclk1=200000000
1788557649.018036 [TOF] res=0 step=0 id=0xeacc blk=0xeacc10 ctl=0x0
1788557649.023793 [RNG] init=0 step=99 id=0xeacc boot=1 calls=93 xerr=0 dm=1 tb=15
1788557649.030974 [RNG] osc=41 imp=881 imprb=881 mstart=0x40 cfg=91 cfgfail=0x0 vhv=0 vpolls=0
1788557649.037053 [PRT] calls=36353 xerr=0 ler=1 lidx=0x0 perr=0 maxcnt=17 addr8=0x52
1788557649.041041 [RTY] wr=0 wmax=0 wref=0  rd=0 rmax=0 rref=0
1788557649.048817 [RNG] frames=9060 last=60 min=49 max=75 nrdy=0 dxfer=0 dstat=0 lst=0 nrdyerr=0 dclr=0
1788557649.055193 [DRV] init=0 id=7 mode=0x1 lib=0x2 seq=0x1 odc=0x8b sts=0xe0 armed=1
1788557649.060539 [TRG] pulses=86 suppressed=1062 cyc=1600 rst=1 rstmode=0x40
1788557649.064262 [HLT] polls=181 faults=0x0 cfglost=0
1788557649.069808 [EFF] n=5 last=58512 min=58450 max=58515 late=0 stuck=0 rderr=0
1788557649.080040 [IMU] init=0 addr=0x68 who=0x68 rst=1 pmrb0=0x40 pmrb=0x1 sr=19 cfg=4 gcfg=0x0 acfg=0x8 icfg=0x30 ien=0x1 armed=1
1788557649.085179 [ACC] reads=9062 stale=9050 rderr=0 ax=63 ay=-64 az=1127
1788557649.087771 [PWR] pm=0x1 drift=0 rderr=0
1788557649.091776 [DWT] ok=1 cyc=1601477003 cyc_per_ms=799999
1788557650.108043 [HB] up_ms=201839 frames=9108 inf=9108 hazard=1176 canary_err=0 q=0 qovr=0
1788557650.119316 [I2C] init=0 gate=0 whoami=0x201e0 wr=0 wrseen=0x27 addr=0x5a ok=57701 err=0 tmo=0 recov=0 pclk1=200000000 sysclk=400000000
1788557650.120555 [NAK] nacks=0
1788557650.125206 [CLK] cpu=800000000 sysb=400000000 pclk1=200000000
1788557650.129691 [TOF] res=0 step=0 id=0xeacc blk=0xeacc10 ctl=0x0
1788557650.135802 [RNG] init=0 step=99 id=0xeacc boot=1 calls=93 xerr=0 dm=1 tb=15
1788557650.142917 [RNG] osc=41 imp=881 imprb=881 mstart=0x40 cfg=91 cfgfail=0x0 vhv=0 vpolls=0
1788557650.148677 [PRT] calls=36553 xerr=0 ler=1 lidx=0x0 perr=0 maxcnt=17 addr8=0x52
1788557650.152766 [RTY] wr=0 wmax=0 wref=0  rd=0 rmax=0 rref=0
1788557650.160522 [RNG] frames=9110 last=56 min=49 max=75 nrdy=0 dxfer=0 dstat=0 lst=0 nrdyerr=0 dclr=0
1788557650.166792 [DRV] init=0 id=7 mode=0x1 lib=0x2 seq=0x1 odc=0x8b sts=0xe0 armed=1
1788557650.172268 [TRG] pulses=89 suppressed=1090 cyc=1600 rst=1 rstmode=0x40
1788557650.175633 [HLT] polls=182 faults=0x0 cfglost=0
1788557650.181447 [EFF] n=5 last=58512 min=58450 max=58515 late=0 stuck=0 rderr=0
1788557650.191649 [IMU] init=0 addr=0x68 who=0x68 rst=1 pmrb0=0x40 pmrb=0x1 sr=19 cfg=4 gcfg=0x0 acfg=0x8 icfg=0x30 ien=0x1 armed=1
1788557650.196797 [ACC] reads=9112 stale=9100 rderr=0 ax=66 ay=-65 az=1124
1788557650.199519 [PWR] pm=0x1 drift=0 rderr=0
1788557650.203395 [DWT] ok=1 cyc=2483082831 cyc_per_ms=800005
1788557651.219425 [HB] up_ms=202941 frames=9158 inf=9158 hazard=1189 canary_err=0 q=0 qovr=0
1788557651.230657 [I2C] init=0 gate=0 whoami=0x201e0 wr=0 wrseen=0x27 addr=0x5a ok=58003 err=0 tmo=0 recov=0 pclk1=200000000 sysclk=400000000
1788557651.232041 [NAK] nacks=0
1788557651.236645 [CLK] cpu=800000000 sysb=400000000 pclk1=200000000
1788557651.241158 [TOF] res=0 step=0 id=0xeacc blk=0xeacc10 ctl=0x0
1788557651.246909 [RNG] init=0 step=99 id=0xeacc boot=1 calls=93 xerr=0 dm=1 tb=15
1788557651.254056 [RNG] osc=41 imp=881 imprb=881 mstart=0x40 cfg=91 cfgfail=0x0 vhv=0 vpolls=0
1788557651.260161 [PRT] calls=36752 xerr=0 ler=1 lidx=0x0 perr=0 maxcnt=17 addr8=0x52
1788557651.264177 [RTY] wr=0 wmax=0 wref=0  rd=0 rmax=0 rref=0
1788557651.271902 [RNG] frames=9160 last=68 min=49 max=75 nrdy=0 dxfer=0 dstat=0 lst=0 nrdyerr=0 dclr=0
1788557651.278266 [DRV] init=0 id=7 mode=0x1 lib=0x2 seq=0x1 odc=0x8b sts=0xe0 armed=1
1788557651.283654 [TRG] pulses=89 suppressed=1100 cyc=1600 rst=1 rstmode=0x40
1788557651.287030 [HLT] polls=183 faults=0x0 cfglost=0
1788557651.292800 [EFF] n=5 last=58512 min=58450 max=58515 late=0 stuck=0 rderr=0
1788557651.303197 [IMU] init=0 addr=0x68 who=0x68 rst=1 pmrb0=0x40 pmrb=0x1 sr=19 cfg=4 gcfg=0x0 acfg=0x8 icfg=0x30 ien=0x1 armed=1
1788557651.308267 [ACC] reads=9162 stale=9150 rderr=0 ax=64 ay=-61 az=1126
1788557651.310888 [PWR] pm=0x1 drift=0 rderr=0
1788557651.314930 [DWT] ok=1 cyc=3364676951 cyc_per_ms=799994
1788557652.330547 [HB] up_ms=204043 frames=9208 inf=9208 hazard=1189 canary_err=0 q=0 qovr=0
1788557652.341508 [I2C] init=0 gate=0 whoami=0x201e0 wr=0 wrseen=0x27 addr=0x5a ok=58305 err=0 tmo=0 recov=0 pclk1=200000000 sysclk=400000000
1788557652.343002 [NAK] nacks=0
1788557652.347646 [CLK] cpu=800000000 sysb=400000000 pclk1=200000000
1788557652.352166 [TOF] res=0 step=0 id=0xeacc blk=0xeacc10 ctl=0x0
1788557652.358008 [RNG] init=0 step=99 id=0xeacc boot=1 calls=93 xerr=0 dm=1 tb=15
1788557652.364900 [RNG] osc=41 imp=881 imprb=881 mstart=0x40 cfg=91 cfgfail=0x0 vhv=0 vpolls=0
1788557652.371169 [PRT] calls=36949 xerr=0 ler=1 lidx=0x0 perr=0 maxcnt=17 addr8=0x52
1788557652.375261 [RTY] wr=0 wmax=0 wref=0  rd=0 rmax=0 rref=0
1788557652.383003 [RNG] frames=9210 last=59 min=49 max=75 nrdy=0 dxfer=0 dstat=0 lst=0 nrdyerr=0 dclr=0
1788557652.389167 [DRV] init=0 id=7 mode=0x1 lib=0x2 seq=0x1 odc=0x8b sts=0xe0 armed=1
1788557652.394644 [TRG] pulses=89 suppressed=1100 cyc=1600 rst=1 rstmode=0x40
1788557652.398015 [HLT] polls=184 faults=0x0 cfglost=0
1788557652.403758 [EFF] n=5 last=58512 min=58450 max=58515 late=0 stuck=0 rderr=0
1788557652.414212 [IMU] init=0 addr=0x68 who=0x68 rst=1 pmrb0=0x40 pmrb=0x1 sr=19 cfg=4 gcfg=0x0 acfg=0x8 icfg=0x30 ien=0x1 armed=1
1788557652.419286 [ACC] reads=9212 stale=9200 rderr=0 ax=63 ay=-66 az=1129
1788557652.421883 [PWR] pm=0x1 drift=0 rderr=0
1788557652.425885 [DWT] ok=1 cyc=4246277035 cyc_per_ms=800000
1788557653.441771 [HB] up_ms=205145 frames=9258 inf=9258 hazard=1189 canary_err=0 q=0 qovr=0
1788557653.452793 [I2C] init=0 gate=0 whoami=0x201e0 wr=0 wrseen=0x27 addr=0x5a ok=58607 err=0 tmo=0 recov=0 pclk1=200000000 sysclk=400000000
1788557653.454163 [NAK] nacks=0
1788557653.458872 [CLK] cpu=800000000 sysb=400000000 pclk1=200000000
1788557653.463419 [TOF] res=0 step=0 id=0xeacc blk=0xeacc10 ctl=0x0
1788557653.469179 [RNG] init=0 step=99 id=0xeacc boot=1 calls=93 xerr=0 dm=1 tb=15
1788557653.476171 [RNG] osc=41 imp=881 imprb=881 mstart=0x40 cfg=91 cfgfail=0x0 vhv=0 vpolls=0
1788557653.482404 [PRT] calls=37149 xerr=0 ler=1 lidx=0x0 perr=0 maxcnt=17 addr8=0x52
1788557653.486379 [RTY] wr=0 wmax=0 wref=0  rd=0 rmax=0 rref=0
1788557653.494177 [RNG] frames=9260 last=59 min=49 max=75 nrdy=0 dxfer=0 dstat=0 lst=0 nrdyerr=0 dclr=0
1788557653.500286 [DRV] init=0 id=7 mode=0x1 lib=0x2 seq=0x1 odc=0x8b sts=0xe0 armed=1
1788557653.505883 [TRG] pulses=89 suppressed=1100 cyc=1600 rst=1 rstmode=0x40
1788557653.509147 [HLT] polls=185 faults=0x0 cfglost=0
1788557653.514962 [EFF] n=5 last=58512 min=58450 max=58515 late=0 stuck=0 rderr=0
1788557653.525223 [IMU] init=0 addr=0x68 who=0x68 rst=1 pmrb0=0x40 pmrb=0x1 sr=19 cfg=4 gcfg=0x0 acfg=0x8 icfg=0x30 ien=0x1 armed=1
1788557653.530390 [ACC] reads=9261 stale=9250 rderr=0 ax=64 ay=-64 az=1123
1788557653.533022 [PWR] pm=0x1 drift=0 rderr=0
1788557653.536889 [DWT] ok=1 cyc=832909787 cyc_per_ms=800000
1788557654.552494 [HB] up_ms=206247 frames=9307 inf=9307 hazard=1189 canary_err=0 q=0 qovr=0
1788557654.563918 [I2C] init=0 gate=0 whoami=0x201e0 wr=0 wrseen=0x27 addr=0x5a ok=58909 err=0 tmo=0 recov=0 pclk1=200000000 sysclk=400000000
1788557654.564941 [NAK] nacks=0
1788557654.569532 [CLK] cpu=800000000 sysb=400000000 pclk1=200000000
1788557654.574166 [TOF] res=0 step=0 id=0xeacc blk=0xeacc10 ctl=0x0
1788557654.580442 [RNG] init=0 step=99 id=0xeacc boot=1 calls=93 xerr=0 dm=1 tb=15
1788557654.586882 [RNG] osc=41 imp=881 imprb=881 mstart=0x40 cfg=91 cfgfail=0x0 vhv=0 vpolls=0
1788557654.593180 [PRT] calls=37349 xerr=0 ler=1 lidx=0x0 perr=0 maxcnt=17 addr8=0x52
1788557654.597589 [RTY] wr=0 wmax=0 wref=0  rd=0 rmax=0 rref=0
1788557654.604870 [RNG] frames=9310 last=67 min=49 max=75 nrdy=0 dxfer=0 dstat=0 lst=0 nrdyerr=0 dclr=0
1788557654.611136 [DRV] init=0 id=7 mode=0x1 lib=0x2 seq=0x1 odc=0x8b sts=0xe0 armed=1
1788557654.616666 [TRG] pulses=89 suppressed=1100 cyc=1600 rst=1 rstmode=0x40
1788557654.620026 [HLT] polls=186 faults=0x0 cfglost=0
1788557654.625751 [EFF] n=5 last=58512 min=58450 max=58515 late=0 stuck=0 rderr=0
1788557654.636012 [IMU] init=0 addr=0x68 who=0x68 rst=1 pmrb0=0x40 pmrb=0x1 sr=19 cfg=4 gcfg=0x0 acfg=0x8 icfg=0x30 ien=0x1 armed=1
1788557654.641241 [ACC] reads=9311 stale=9299 rderr=0 ax=64 ay=-63 az=1124
1788557654.643864 [PWR] pm=0x1 drift=0 rderr=0
1788557654.647895 [DWT] ok=1 cyc=1714642803 cyc_per_ms=800120
1788557655.663560 [HB] up_ms=207349 frames=9357 inf=9357 hazard=1189 canary_err=0 q=0 qovr=0
1788557655.674630 [I2C] init=0 gate=0 whoami=0x201e0 wr=0 wrseen=0x27 addr=0x5a ok=59211 err=0 tmo=0 recov=0 pclk1=200000000 sysclk=400000000
1788557655.675890 [NAK] nacks=0
1788557655.680702 [CLK] cpu=800000000 sysb=400000000 pclk1=200000000
1788557655.685139 [TOF] res=0 step=0 id=0xeacc blk=0xeacc10 ctl=0x0
1788557655.690991 [RNG] init=0 step=99 id=0xeacc boot=1 calls=93 xerr=0 dm=1 tb=15
1788557655.697892 [RNG] osc=41 imp=881 imprb=881 mstart=0x40 cfg=91 cfgfail=0x0 vhv=0 vpolls=0
1788557655.704007 [PRT] calls=37549 xerr=0 ler=1 lidx=0x0 perr=0 maxcnt=17 addr8=0x52
1788557655.708238 [RTY] wr=0 wmax=0 wref=0  rd=0 rmax=0 rref=0
1788557655.715918 [RNG] frames=9359 last=67 min=49 max=75 nrdy=0 dxfer=0 dstat=0 lst=0 nrdyerr=0 dclr=0
1788557655.722150 [DRV] init=0 id=7 mode=0x1 lib=0x2 seq=0x1 odc=0x8b sts=0xe0 armed=1
1788557655.727497 [TRG] pulses=89 suppressed=1100 cyc=1600 rst=1 rstmode=0x40
1788557655.731033 [HLT] polls=187 faults=0x0 cfglost=0
1788557655.736752 [EFF] n=5 last=58512 min=58450 max=58515 late=0 stuck=0 rderr=0
1788557655.746945 [IMU] init=0 addr=0x68 who=0x68 rst=1 pmrb0=0x40 pmrb=0x1 sr=19 cfg=4 gcfg=0x0 acfg=0x8 icfg=0x30 ien=0x1 armed=1
1788557655.751989 [ACC] reads=9361 stale=9349 rderr=0 ax=63 ay=-64 az=1124
1788557655.754853 [PWR] pm=0x1 drift=0 rderr=0
1788557655.758870 [DWT] ok=1 cyc=2596243643 cyc_per_ms=800000
1788557656.773728 [HB] up_ms=208451 frames=9407 inf=9407 hazard=1196 canary_err=0 q=0 qovr=0
1788557656.785028 [I2C] init=0 gate=0 whoami=0x201e0 wr=0 wrseen=0x27 addr=0x5a ok=59508 err=0 tmo=0 recov=0 pclk1=200000000 sysclk=400000000
1788557656.786282 [NAK] nacks=0
1788557656.790891 [CLK] cpu=800000000 sysb=400000000 pclk1=200000000
1788557656.795373 [TOF] res=0 step=0 id=0xeacc blk=0xeacc10 ctl=0x0
1788557656.801348 [RNG] init=0 step=99 id=0xeacc boot=1 calls=93 xerr=0 dm=1 tb=15
1788557656.808213 [RNG] osc=41 imp=881 imprb=881 mstart=0x40 cfg=91 cfgfail=0x0 vhv=0 vpolls=0
1788557656.814393 [PRT] calls=37749 xerr=0 ler=1 lidx=0x0 perr=0 maxcnt=17 addr8=0x52
1788557656.818487 [RTY] wr=0 wmax=0 wref=0  rd=0 rmax=0 rref=0
1788557656.826351 [RNG] frames=9409 last=69 min=49 max=75 nrdy=0 dxfer=0 dstat=0 lst=0 nrdyerr=0 dclr=0
1788557656.832497 [DRV] init=0 id=7 mode=0x1 lib=0x2 seq=0x1 odc=0x8b sts=0xe0 armed=1
1788557656.837852 [TRG] pulses=90 suppressed=1109 cyc=1600 rst=1 rstmode=0x40
1788557656.841225 [HLT] polls=188 faults=0x0 cfglost=0
1788557656.847184 [EFF] n=5 last=58512 min=58450 max=58515 late=0 stuck=0 rderr=0
1788557656.857352 [IMU] init=0 addr=0x68 who=0x68 rst=1 pmrb0=0x40 pmrb=0x1 sr=19 cfg=4 gcfg=0x0 acfg=0x8 icfg=0x30 ien=0x1 armed=1
1788557656.862523 [ACC] reads=9411 stale=9399 rderr=0 ax=62 ay=-65 az=1126
1788557656.865194 [PWR] pm=0x1 drift=0 rderr=0
1788557656.869248 [DWT] ok=1 cyc=3477713155 cyc_per_ms=799881
1788557657.884605 [HB] up_ms=209553 frames=9457 inf=9457 hazard=1230 canary_err=0 q=0 qovr=0
1788557657.895854 [I2C] init=0 gate=0 whoami=0x201e0 wr=0 wrseen=0x27 addr=0x5a ok=59809 err=0 tmo=0 recov=0 pclk1=200000000 sysclk=400000000
1788557657.897158 [NAK] nacks=0
1788557657.901707 [CLK] cpu=800000000 sysb=400000000 pclk1=200000000
1788557657.906222 [TOF] res=0 step=0 id=0xeacc blk=0xeacc10 ctl=0x0
1788557657.912225 [RNG] init=0 step=99 id=0xeacc boot=1 calls=93 xerr=0 dm=1 tb=15
1788557657.919142 [RNG] osc=41 imp=881 imprb=881 mstart=0x40 cfg=91 cfgfail=0x0 vhv=0 vpolls=0
1788557657.925226 [PRT] calls=37949 xerr=0 ler=1 lidx=0x0 perr=0 maxcnt=17 addr8=0x52
1788557657.929236 [RTY] wr=0 wmax=0 wref=0  rd=0 rmax=0 rref=0
1788557657.937119 [RNG] frames=9459 last=60 min=49 max=75 nrdy=0 dxfer=0 dstat=0 lst=0 nrdyerr=0 dclr=0
1788557657.943334 [DRV] init=0 id=7 mode=0x1 lib=0x2 seq=0x1 odc=0x8b sts=0xe0 armed=1
1788557657.948761 [TRG] pulses=92 suppressed=1138 cyc=1600 rst=1 rstmode=0x40
1788557657.952130 [HLT] polls=189 faults=0x0 cfglost=0
1788557657.957973 [EFF] n=5 last=58512 min=58450 max=58515 late=0 stuck=0 rderr=0
1788557657.968249 [IMU] init=0 addr=0x68 who=0x68 rst=1 pmrb0=0x40 pmrb=0x1 sr=19 cfg=4 gcfg=0x0 acfg=0x8 icfg=0x30 ien=0x1 armed=1
1788557657.973370 [ACC] reads=9461 stale=9449 rderr=0 ax=63 ay=-66 az=1127
1788557657.975976 [PWR] pm=0x1 drift=0 rderr=0
1788557657.979747 [DWT] ok=1 cyc=64342443 cyc_per_ms=799996
1788557658.995712 [HB] up_ms=210655 frames=9507 inf=9507 hazard=1230 canary_err=0 q=0 qovr=0
1788557659.006858 [I2C] init=0 gate=0 whoami=0x201e0 wr=0 wrseen=0x27 addr=0x5a ok=60111 err=0 tmo=0 recov=0 pclk1=200000000 sysclk=400000000
1788557659.008223 [NAK] nacks=0
1788557659.012834 [CLK] cpu=800000000 sysb=400000000 pclk1=200000000
1788557659.017343 [TOF] res=0 step=0 id=0xeacc blk=0xeacc10 ctl=0x0
1788557659.023095 [RNG] init=0 step=99 id=0xeacc boot=1 calls=93 xerr=0 dm=1 tb=15
1788557659.030283 [RNG] osc=41 imp=881 imprb=881 mstart=0x40 cfg=91 cfgfail=0x0 vhv=0 vpolls=0
1788557659.036347 [PRT] calls=38149 xerr=0 ler=1 lidx=0x0 perr=0 maxcnt=17 addr8=0x52
1788557659.040343 [RTY] wr=0 wmax=0 wref=0  rd=0 rmax=0 rref=0
1788557659.048251 [RNG] frames=9509 last=69 min=49 max=75 nrdy=0 dxfer=0 dstat=0 lst=0 nrdyerr=0 dclr=0
1788557659.054479 [DRV] init=0 id=7 mode=0x1 lib=0x2 seq=0x1 odc=0x8b sts=0xe0 armed=1
1788557659.059825 [TRG] pulses=92 suppressed=1138 cyc=1600 rst=1 rstmode=0x40
1788557659.063126 [HLT] polls=190 faults=0x0 cfglost=0
1788557659.069125 [EFF] n=5 last=58512 min=58450 max=58515 late=0 stuck=0 rderr=0
1788557659.079233 [IMU] init=0 addr=0x68 who=0x68 rst=1 pmrb0=0x40 pmrb=0x1 sr=19 cfg=4 gcfg=0x0 acfg=0x8 icfg=0x30 ien=0x1 armed=1
1788557659.084353 [ACC] reads=9511 stale=9499 rderr=0 ax=63 ay=-64 az=1127
1788557659.086961 [PWR] pm=0x1 drift=0 rderr=0
1788557659.090837 [DWT] ok=1 cyc=945942311 cyc_per_ms=799999
1788557660.106467 [HB] up_ms=211757 frames=9557 inf=9557 hazard=1230 canary_err=0 q=0 qovr=0
1788557660.117740 [I2C] init=0 gate=0 whoami=0x201e0 wr=0 wrseen=0x27 addr=0x5a ok=60413 err=0 tmo=0 recov=0 pclk1=200000000 sysclk=400000000
1788557660.119204 [NAK] nacks=0
1788557660.123576 [CLK] cpu=800000000 sysb=400000000 pclk1=200000000
1788557660.128194 [TOF] res=0 step=0 id=0xeacc blk=0xeacc10 ctl=0x0
1788557660.133992 [RNG] init=0 step=99 id=0xeacc boot=1 calls=93 xerr=0 dm=1 tb=15
1788557660.141117 [RNG] osc=41 imp=881 imprb=881 mstart=0x40 cfg=91 cfgfail=0x0 vhv=0 vpolls=0
1788557660.147141 [PRT] calls=38349 xerr=0 ler=1 lidx=0x0 perr=0 maxcnt=17 addr8=0x52
1788557660.151201 [RTY] wr=0 wmax=0 wref=0  rd=0 rmax=0 rref=0
1788557660.158865 [RNG] frames=9559 last=66 min=49 max=75 nrdy=0 dxfer=0 dstat=0 lst=0 nrdyerr=0 dclr=0
1788557660.165219 [DRV] init=0 id=7 mode=0x1 lib=0x2 seq=0x1 odc=0x8b sts=0xe0 armed=1
1788557660.170585 [TRG] pulses=92 suppressed=1138 cyc=1600 rst=1 rstmode=0x40
1788557660.173965 [HLT] polls=191 faults=0x0 cfglost=0
1788557660.179745 [EFF] n=5 last=58512 min=58450 max=58515 late=0 stuck=0 rderr=0
1788557660.190104 [IMU] init=0 addr=0x68 who=0x68 rst=1 pmrb0=0x40 pmrb=0x1 sr=19 cfg=4 gcfg=0x0 acfg=0x8 icfg=0x30 ien=0x1 armed=1
1788557660.195203 [ACC] reads=9561 stale=9549 rderr=0 ax=66 ay=-63 az=1126
1788557660.197885 [PWR] pm=0x1 drift=0 rderr=0
1788557660.201833 [DWT] ok=1 cyc=1827542463 cyc_per_ms=800000
1788557661.216783 [HB] up_ms=212859 frames=9607 inf=9607 hazard=1230 canary_err=0 q=0 qovr=0
1788557661.227847 [I2C] init=0 gate=0 whoami=0x201e0 wr=0 wrseen=0x27 addr=0x5a ok=60715 err=0 tmo=0 recov=0 pclk1=200000000 sysclk=400000000
1788557661.229194 [NAK] nacks=0
1788557661.233833 [CLK] cpu=800000000 sysb=400000000 pclk1=200000000
1788557661.238328 [TOF] res=0 step=0 id=0xeacc blk=0xeacc10 ctl=0x0
1788557661.244071 [RNG] init=0 step=99 id=0xeacc boot=1 calls=93 xerr=0 dm=1 tb=15
1788557661.251198 [RNG] osc=41 imp=881 imprb=881 mstart=0x40 cfg=91 cfgfail=0x0 vhv=0 vpolls=0
1788557661.257312 [PRT] calls=38549 xerr=0 ler=1 lidx=0x0 perr=0 maxcnt=17 addr8=0x52
1788557661.261316 [RTY] wr=0 wmax=0 wref=0  rd=0 rmax=0 rref=0
1788557661.269116 [RNG] frames=9609 last=61 min=49 max=75 nrdy=0 dxfer=0 dstat=0 lst=0 nrdyerr=0 dclr=0
1788557661.275347 [DRV] init=0 id=7 mode=0x1 lib=0x2 seq=0x1 odc=0x8b sts=0xe0 armed=1
1788557661.280815 [TRG] pulses=92 suppressed=1138 cyc=1600 rst=1 rstmode=0x40
1788557661.284112 [HLT] polls=192 faults=0x0 cfglost=0
1788557661.289832 [EFF] n=5 last=58512 min=58450 max=58515 late=0 stuck=0 rderr=0
1788557661.300191 [IMU] init=0 addr=0x68 who=0x68 rst=1 pmrb0=0x40 pmrb=0x1 sr=19 cfg=4 gcfg=0x0 acfg=0x8 icfg=0x30 ien=0x1 armed=1
1788557661.305332 [ACC] reads=9611 stale=9598 rderr=0 ax=65 ay=-64 az=1127
1788557661.307977 [PWR] pm=0x1 drift=0 rderr=0
1788557661.311951 [DWT] ok=1 cyc=2709142311 cyc_per_ms=799999
1788557662.326955 [HB] up_ms=213961 frames=9657 inf=9657 hazard=1230 canary_err=0 q=0 qovr=0
1788557662.337926 [I2C] init=0 gate=0 whoami=0x201e0 wr=0 wrseen=0x27 addr=0x5a ok=61017 err=0 tmo=0 recov=0 pclk1=200000000 sysclk=400000000
1788557662.339438 [NAK] nacks=0
1788557662.344047 [CLK] cpu=800000000 sysb=400000000 pclk1=200000000
1788557662.348596 [TOF] res=0 step=0 id=0xeacc blk=0xeacc10 ctl=0x0
1788557662.354307 [RNG] init=0 step=99 id=0xeacc boot=1 calls=93 xerr=0 dm=1 tb=15
1788557662.361312 [RNG] osc=41 imp=881 imprb=881 mstart=0x40 cfg=91 cfgfail=0x0 vhv=0 vpolls=0
1788557662.367580 [PRT] calls=38746 xerr=0 ler=1 lidx=0x0 perr=0 maxcnt=17 addr8=0x52
1788557662.371568 [RTY] wr=0 wmax=0 wref=0  rd=0 rmax=0 rref=0
1788557662.379322 [RNG] frames=9659 last=66 min=49 max=75 nrdy=0 dxfer=0 dstat=0 lst=0 nrdyerr=0 dclr=0
1788557662.385641 [DRV] init=0 id=7 mode=0x1 lib=0x2 seq=0x1 odc=0x8b sts=0xe0 armed=1
1788557662.391112 [TRG] pulses=92 suppressed=1138 cyc=1600 rst=1 rstmode=0x40
1788557662.394427 [HLT] polls=193 faults=0x0 cfglost=0
1788557662.400528 [EFF] n=5 last=58512 min=58450 max=58515 late=0 stuck=0 rderr=0
1788557662.410427 [IMU] init=0 addr=0x68 who=0x68 rst=1 pmrb0=0x40 pmrb=0x1 sr=19 cfg=4 gcfg=0x0 acfg=0x8 icfg=0x30 ien=0x1 armed=1
1788557662.416115 [ACC] reads=9661 stale=9648 rderr=0 ax=62 ay=-67 az=1122
1788557662.418205 [PWR] pm=0x1 drift=0 rderr=0
1788557662.422200 [DWT] ok=1 cyc=3590742411 cyc_per_ms=800000
1788557663.437570 [HB] up_ms=215063 frames=9707 inf=9707 hazard=1230 canary_err=0 q=0 qovr=0
1788557663.448695 [I2C] init=0 gate=0 whoami=0x201e0 wr=0 wrseen=0x27 addr=0x5a ok=61319 err=0 tmo=0 recov=0 pclk1=200000000 sysclk=400000000
1788557663.449937 [NAK] nacks=0
1788557663.454845 [CLK] cpu=800000000 sysb=400000000 pclk1=200000000
1788557663.459328 [TOF] res=0 step=0 id=0xeacc blk=0xeacc10 ctl=0x0
1788557663.465131 [RNG] init=0 step=99 id=0xeacc boot=1 calls=93 xerr=0 dm=1 tb=15
1788557663.472047 [RNG] osc=41 imp=881 imprb=881 mstart=0x40 cfg=91 cfgfail=0x0 vhv=0 vpolls=0
1788557663.478296 [PRT] calls=38945 xerr=0 ler=1 lidx=0x0 perr=0 maxcnt=17 addr8=0x52
1788557663.482347 [RTY] wr=0 wmax=0 wref=0  rd=0 rmax=0 rref=0
1788557663.490060 [RNG] frames=9709 last=63 min=49 max=75 nrdy=0 dxfer=0 dstat=0 lst=0 nrdyerr=0 dclr=0
1788557663.496170 [DRV] init=0 id=7 mode=0x1 lib=0x2 seq=0x1 odc=0x8b sts=0xe0 armed=1
1788557663.501800 [TRG] pulses=92 suppressed=1138 cyc=1600 rst=1 rstmode=0x40
1788557663.505169 [HLT] polls=194 faults=0x0 cfglost=0
1788557663.510932 [EFF] n=5 last=58512 min=58450 max=58515 late=0 stuck=0 rderr=0
1788557663.521210 [IMU] init=0 addr=0x68 who=0x68 rst=1 pmrb0=0x40 pmrb=0x1 sr=19 cfg=4 gcfg=0x0 acfg=0x8 icfg=0x30 ien=0x1 armed=1
1788557663.526309 [ACC] reads=9711 stale=9698 rderr=0 ax=63 ay=-66 az=1125
1788557663.529068 [PWR] pm=0x1 drift=0 rderr=0
1788557663.532952 [DWT] ok=1 cyc=177375167 cyc_per_ms=800000
1788557664.548320 [HB] up_ms=216165 frames=9757 inf=9757 hazard=1267 canary_err=0 q=0 qovr=0
1788557664.559307 [I2C] init=0 gate=0 whoami=0x201e0 wr=0 wrseen=0x27 addr=0x5a ok=61621 err=0 tmo=0 recov=0 pclk1=200000000 sysclk=400000000
1788557664.560715 [NAK] nacks=0
1788557664.565484 [CLK] cpu=800000000 sysb=400000000 pclk1=200000000
1788557664.569945 [TOF] res=0 step=0 id=0xeacc blk=0xeacc10 ctl=0x0
1788557664.575800 [RNG] init=0 step=99 id=0xeacc boot=1 calls=93 xerr=0 dm=1 tb=15
1788557664.582693 [RNG] osc=41 imp=881 imprb=881 mstart=0x40 cfg=91 cfgfail=0x0 vhv=0 vpolls=0
1788557664.588921 [PRT] calls=39145 xerr=0 ler=1 lidx=0x0 perr=0 maxcnt=17 addr8=0x52
1788557664.592919 [RTY] wr=0 wmax=0 wref=0  rd=0 rmax=0 rref=0
1788557664.600674 [RNG] frames=9759 last=63 min=49 max=75 nrdy=0 dxfer=0 dstat=0 lst=0 nrdyerr=0 dclr=0
1788557664.606808 [DRV] init=0 id=7 mode=0x1 lib=0x2 seq=0x1 odc=0x8b sts=0xe0 armed=1
1788557664.612411 [TRG] pulses=95 suppressed=1174 cyc=1600 rst=1 rstmode=0x40
1788557664.616283 [HLT] polls=195 faults=0x0 cfglost=0
1788557664.621554 [EFF] n=5 last=58512 min=58450 max=58515 late=0 stuck=0 rderr=0
1788557664.631664 [IMU] init=0 addr=0x68 who=0x68 rst=1 pmrb0=0x40 pmrb=0x1 sr=19 cfg=4 gcfg=0x0 acfg=0x8 icfg=0x30 ien=0x1 armed=1
1788557664.636952 [ACC] reads=9760 stale=9747 rderr=0 ax=67 ay=-65 az=1125
1788557664.639703 [PWR] pm=0x1 drift=0 rderr=0
1788557664.643544 [DWT] ok=1 cyc=1059006751 cyc_per_ms=800028
1788557665.659132 [HB] up_ms=217267 frames=9806 inf=9806 hazard=1271 canary_err=0 q=0 qovr=0
1788557665.670037 [I2C] init=0 gate=0 whoami=0x201e0 wr=0 wrseen=0x27 addr=0x5a ok=61923 err=0 tmo=0 recov=0 pclk1=200000000 sysclk=400000000
1788557665.671401 [NAK] nacks=0
1788557665.676042 [CLK] cpu=800000000 sysb=400000000 pclk1=200000000
1788557665.680847 [TOF] res=0 step=0 id=0xeacc blk=0xeacc10 ctl=0x0
1788557665.686530 [RNG] init=0 step=99 id=0xeacc boot=1 calls=93 xerr=0 dm=1 tb=15
1788557665.693410 [RNG] osc=41 imp=881 imprb=881 mstart=0x40 cfg=91 cfgfail=0x0 vhv=0 vpolls=0
1788557665.699566 [PRT] calls=39345 xerr=0 ler=1 lidx=0x0 perr=0 maxcnt=17 addr8=0x52
1788557665.703800 [RTY] wr=0 wmax=0 wref=0  rd=0 rmax=0 rref=0
1788557665.711411 [RNG] frames=9809 last=64 min=49 max=75 nrdy=0 dxfer=0 dstat=0 lst=0 nrdyerr=0 dclr=0
1788557665.717797 [DRV] init=0 id=7 mode=0x1 lib=0x2 seq=0x1 odc=0x8b sts=0xe0 armed=1
1788557665.723107 [TRG] pulses=95 suppressed=1176 cyc=1600 rst=1 rstmode=0x40
1788557665.726539 [HLT] polls=196 faults=0x0 cfglost=0
1788557665.732335 [EFF] n=5 last=58512 min=58450 max=58515 late=0 stuck=0 rderr=0
1788557665.742594 [IMU] init=0 addr=0x68 who=0x68 rst=1 pmrb0=0x40 pmrb=0x1 sr=19 cfg=4 gcfg=0x0 acfg=0x8 icfg=0x30 ien=0x1 armed=1
1788557665.747809 [ACC] reads=9810 stale=9797 rderr=0 ax=62 ay=-64 az=1124
1788557665.750460 [PWR] pm=0x1 drift=0 rderr=0
1788557665.754427 [DWT] ok=1 cyc=1940709359 cyc_per_ms=800093
1788557666.770549 [HB] up_ms=218369 frames=9856 inf=9856 hazard=1271 canary_err=0 q=0 qovr=0
1788557666.781564 [I2C] init=0 gate=0 whoami=0x201e0 wr=0 wrseen=0x27 addr=0x5a ok=62225 err=0 tmo=0 recov=0 pclk1=200000000 sysclk=400000000
1788557666.782925 [NAK] nacks=0
1788557666.787560 [CLK] cpu=800000000 sysb=400000000 pclk1=200000000
1788557666.792193 [TOF] res=0 step=0 id=0xeacc blk=0xeacc10 ctl=0x0
1788557666.798029 [RNG] init=0 step=99 id=0xeacc boot=1 calls=93 xerr=0 dm=1 tb=15
1788557666.804919 [RNG] osc=41 imp=881 imprb=881 mstart=0x40 cfg=91 cfgfail=0x0 vhv=0 vpolls=0
1788557666.811041 [PRT] calls=39545 xerr=0 ler=1 lidx=0x0 perr=0 maxcnt=17 addr8=0x52
1788557666.815192 [RTY] wr=0 wmax=0 wref=0  rd=0 rmax=0 rref=0
1788557666.822920 [RNG] frames=9858 last=67 min=49 max=76 nrdy=0 dxfer=0 dstat=0 lst=0 nrdyerr=0 dclr=0
1788557666.829184 [DRV] init=0 id=7 mode=0x1 lib=0x2 seq=0x1 odc=0x8b sts=0xe0 armed=1
1788557666.834553 [TRG] pulses=95 suppressed=1176 cyc=1600 rst=1 rstmode=0x40
1788557666.837920 [HLT] polls=197 faults=0x0 cfglost=0
1788557666.843790 [EFF] n=5 last=58512 min=58450 max=58515 late=0 stuck=0 rderr=0
1788557666.853927 [IMU] init=0 addr=0x68 who=0x68 rst=1 pmrb0=0x40 pmrb=0x1 sr=19 cfg=4 gcfg=0x0 acfg=0x8 icfg=0x30 ien=0x1 armed=1
1788557666.859025 [ACC] reads=9860 stale=9847 rderr=0 ax=63 ay=-66 az=1127
1788557666.861895 [PWR] pm=0x1 drift=0 rderr=0
1788557666.866176 [DWT] ok=1 cyc=2822263659 cyc_per_ms=799958
1788557667.882315 [HB] up_ms=219471 frames=9906 inf=9906 hazard=1271 canary_err=0 q=0 qovr=0
1788557667.892616 [I2C] init=0 gate=0 whoami=0x201e0 wr=0 wrseen=0x27 addr=0x5a ok=62521 err=0 tmo=0 recov=0 pclk1=200000000 sysclk=400000000
1788557667.893786 [NAK] nacks=0
1788557667.898308 [CLK] cpu=800000000 sysb=400000000 pclk1=200000000
1788557667.902770 [TOF] res=0 step=0 id=0xeacc blk=0xeacc10 ctl=0x0
1788557667.908782 [RNG] init=0 step=99 id=0xeacc boot=1 calls=93 xerr=0 dm=1 tb=15
1788557667.915808 [RNG] osc=41 imp=881 imprb=881 mstart=0x40 cfg=91 cfgfail=0x0 vhv=0 vpolls=0
1788557667.921794 [PRT] calls=39745 xerr=0 ler=1 lidx=0x0 perr=0 maxcnt=17 addr8=0x52
1788557667.925905 [RTY] wr=0 wmax=0 wref=0  rd=0 rmax=0 rref=0
1788557667.933775 [RNG] frames=9908 last=64 min=49 max=76 nrdy=0 dxfer=0 dstat=0 lst=0 nrdyerr=0 dclr=0
1788557667.939916 [DRV] init=0 id=7 mode=0x1 lib=0x2 seq=0x1 odc=0x8b sts=0xe0 armed=1
1788557667.945405 [TRG] pulses=95 suppressed=1176 cyc=1600 rst=1 rstmode=0x40
1788557667.949138 [HLT] polls=198 faults=0x0 cfglost=0
1788557667.954648 [EFF] n=5 last=58512 min=58450 max=58515 late=0 stuck=0 rderr=0
1788557667.965040 [IMU] init=0 addr=0x68 who=0x68 rst=1 pmrb0=0x40 pmrb=0x1 sr=19 cfg=4 gcfg=0x0 acfg=0x8 icfg=0x30 ien=0x1 armed=1
1788557667.969948 [ACC] reads=9910 stale=9897 rderr=0 ax=63 ay=-62 az=1128
1788557667.972659 [PWR] pm=0x1 drift=0 rderr=0
1788557667.976667 [DWT] ok=1 cyc=3703775115 cyc_per_ms=799919
1788557668.992405 [HB] up_ms=220573 frames=9956 inf=9956 hazard=1271 canary_err=0 q=0 qovr=0
1788557669.003642 [I2C] init=0 gate=0 whoami=0x201e0 wr=0 wrseen=0x27 addr=0x5a ok=62823 err=0 tmo=0 recov=0 pclk1=200000000 sysclk=400000000
1788557669.005021 [NAK] nacks=0
1788557669.009527 [CLK] cpu=800000000 sysb=400000000 pclk1=200000000
1788557669.014104 [TOF] res=0 step=0 id=0xeacc blk=0xeacc10 ctl=0x0
1788557669.020026 [RNG] init=0 step=99 id=0xeacc boot=1 calls=93 xerr=0 dm=1 tb=15
1788557669.027026 [RNG] osc=41 imp=881 imprb=881 mstart=0x40 cfg=91 cfgfail=0x0 vhv=0 vpolls=0
1788557669.033057 [PRT] calls=39945 xerr=0 ler=1 lidx=0x0 perr=0 maxcnt=17 addr8=0x52
1788557669.037167 [RTY] wr=0 wmax=0 wref=0  rd=0 rmax=0 rref=0
1788557669.045011 [RNG] frames=9958 last=63 min=49 max=76 nrdy=0 dxfer=0 dstat=0 lst=0 nrdyerr=0 dclr=0
1788557669.051371 [DRV] init=0 id=7 mode=0x1 lib=0x2 seq=0x1 odc=0x8b sts=0xe0 armed=1
1788557669.056810 [TRG] pulses=95 suppressed=1176 cyc=1600 rst=1 rstmode=0x40
1788557669.059892 [HLT] polls=199 faults=0x0 cfglost=0
1788557669.065856 [EFF] n=5 last=58512 min=58450 max=58515 late=0 stuck=0 rderr=0
1788557669.076030 [IMU] init=0 addr=0x68 who=0x68 rst=1 pmrb0=0x40 pmrb=0x1 sr=19 cfg=4 gcfg=0x0 acfg=0x8 icfg=0x30 ien=0x1 armed=1
1788557669.081181 [ACC] reads=9960 stale=9947 rderr=0 ax=66 ay=-65 az=1126
1788557669.083778 [PWR] pm=0x1 drift=0 rderr=0
1788557669.087634 [DWT] ok=1 cyc=290407871 cyc_per_ms=800000
1788557670.104019 [HB] up_ms=221675 frames=10006 inf=10006 hazard=1271 canary_err=0 q=0 qovr=0
1788557670.115174 [I2C] init=0 gate=0 whoami=0x201e0 wr=0 wrseen=0x27 addr=0x5a ok=63125 err=0 tmo=0 recov=0 pclk1=200000000 sysclk=400000000
1788557670.116702 [NAK] nacks=0
1788557670.121157 [CLK] cpu=800000000 sysb=400000000 pclk1=200000000
1788557670.125626 [TOF] res=0 step=0 id=0xeacc blk=0xeacc10 ctl=0x0
1788557670.131557 [RNG] init=0 step=99 id=0xeacc boot=1 calls=93 xerr=0 dm=1 tb=15
1788557670.138531 [RNG] osc=41 imp=881 imprb=881 mstart=0x40 cfg=91 cfgfail=0x0 vhv=0 vpolls=0
1788557670.144641 [PRT] calls=40145 xerr=0 ler=1 lidx=0x0 perr=0 maxcnt=17 addr8=0x52
1788557670.148789 [RTY] wr=0 wmax=0 wref=0  rd=0 rmax=0 rref=0
1788557670.156661 [RNG] frames=10008 last=60 min=49 max=76 nrdy=0 dxfer=0 dstat=0 lst=0 nrdyerr=0 dclr=0
1788557670.162875 [DRV] init=0 id=7 mode=0x1 lib=0x2 seq=0x1 odc=0x8b sts=0xe0 armed=1
1788557670.168271 [TRG] pulses=95 suppressed=1176 cyc=1600 rst=1 rstmode=0x40
1788557670.171631 [HLT] polls=200 faults=0x0 cfglost=0
1788557670.177400 [EFF] n=5 last=58512 min=58450 max=58515 late=0 stuck=0 rderr=0
1788557670.187807 [IMU] init=0 addr=0x68 who=0x68 rst=1 pmrb0=0x40 pmrb=0x1 sr=19 cfg=4 gcfg=0x0 acfg=0x8 icfg=0x30 ien=0x1 armed=1
1788557670.192991 [ACC] reads=10010 stale=9997 rderr=0 ax=64 ay=-65 az=1126
1788557670.195628 [PWR] pm=0x1 drift=0 rderr=0
1788557670.199668 [DWT] ok=1 cyc=1172287991 cyc_per_ms=800254
1788557671.215624 [HB] up_ms=222777 frames=10056 inf=10056 hazard=1287 canary_err=0 q=0 qovr=0
1788557671.226878 [I2C] init=0 gate=0 whoami=0x201e0 wr=0 wrseen=0x27 addr=0x5a ok=63427 err=0 tmo=0 recov=0 pclk1=200000000 sysclk=400000000
1788557671.228135 [NAK] nacks=0
1788557671.233465 [CLK] cpu=800000000 sysb=400000000 pclk1=200000000
1788557671.237248 [TOF] res=0 step=0 id=0xeacc blk=0xeacc10 ctl=0x0
1788557671.243130 [RNG] init=0 step=99 id=0xeacc boot=1 calls=93 xerr=0 dm=1 tb=15
1788557671.250269 [RNG] osc=41 imp=881 imprb=881 mstart=0x40 cfg=91 cfgfail=0x0 vhv=0 vpolls=0
1788557671.256506 [PRT] calls=40345 xerr=0 ler=1 lidx=0x0 perr=0 maxcnt=17 addr8=0x52
1788557671.260400 [RTY] wr=0 wmax=0 wref=0  rd=0 rmax=0 rref=0
1788557671.268201 [RNG] frames=10058 last=66 min=49 max=76 nrdy=0 dxfer=0 dstat=0 lst=0 nrdyerr=0 dclr=0
1788557671.274494 [DRV] init=0 id=7 mode=0x1 lib=0x2 seq=0x1 odc=0x8b sts=0xe0 armed=1
1788557671.279886 [TRG] pulses=97 suppressed=1193 cyc=1600 rst=1 rstmode=0x40
1788557671.283268 [HLT] polls=201 faults=0x0 cfglost=0
1788557671.289015 [EFF] n=5 last=58512 min=58450 max=58515 late=0 stuck=0 rderr=0
1788557671.299389 [IMU] init=0 addr=0x68 who=0x68 rst=1 pmrb0=0x40 pmrb=0x1 sr=19 cfg=4 gcfg=0x0 acfg=0x8 icfg=0x30 ien=0x1 armed=1
1788557671.304613 [ACC] reads=10060 stale=10046 rderr=0 ax=64 ay=-61 az=1125
1788557671.307387 [PWR] pm=0x1 drift=0 rderr=0
1788557671.311390 [DWT] ok=1 cyc=2053961155 cyc_per_ms=800066
1788557672.327254 [HB] up_ms=223879 frames=10106 inf=10106 hazard=1312 canary_err=0 q=0 qovr=0
1788557672.338509 [I2C] init=0 gate=0 whoami=0x201e0 wr=0 wrseen=0x27 addr=0x5a ok=63729 err=0 tmo=0 recov=0 pclk1=200000000 sysclk=400000000
1788557672.339872 [NAK] nacks=0
1788557672.344361 [CLK] cpu=800000000 sysb=400000000 pclk1=200000000
1788557672.348859 [TOF] res=0 step=0 id=0xeacc blk=0xeacc10 ctl=0x0
1788557672.354752 [RNG] init=0 step=99 id=0xeacc boot=1 calls=93 xerr=0 dm=1 tb=15
1788557672.361747 [RNG] osc=41 imp=881 imprb=881 mstart=0x40 cfg=91 cfgfail=0x0 vhv=0 vpolls=0
1788557672.367874 [PRT] calls=40545 xerr=0 ler=1 lidx=0x0 perr=0 maxcnt=17 addr8=0x52
1788557672.371990 [RTY] wr=0 wmax=0 wref=0  rd=0 rmax=0 rref=0
1788557672.379762 [RNG] frames=10108 last=63 min=49 max=76 nrdy=0 dxfer=0 dstat=0 lst=0 nrdyerr=0 dclr=0
1788557672.386142 [DRV] init=0 id=7 mode=0x1 lib=0x2 seq=0x1 odc=0x8b sts=0xe0 armed=1
1788557672.391512 [TRG] pulses=98 suppressed=1214 cyc=1600 rst=1 rstmode=0x40
1788557672.394864 [HLT] polls=202 faults=0x0 cfglost=0
1788557672.400626 [EFF] n=5 last=58512 min=58450 max=58515 late=0 stuck=0 rderr=0
1788557672.410985 [IMU] init=0 addr=0x68 who=0x68 rst=1 pmrb0=0x40 pmrb=0x1 sr=19 cfg=4 gcfg=0x0 acfg=0x8 icfg=0x30 ien=0x1 armed=1
1788557672.416291 [ACC] reads=10110 stale=10096 rderr=0 ax=63 ay=-64 az=1127
1788557672.418994 [PWR] pm=0x1 drift=0 rderr=0
1788557672.422868 [DWT] ok=1 cyc=2935557507 cyc_per_ms=799996
1788557673.438375 [HB] up_ms=224981 frames=10156 inf=10156 hazard=1312 canary_err=0 q=0 qovr=0
1788557673.449380 [I2C] init=0 gate=0 whoami=0x201e0 wr=0 wrseen=0x27 addr=0x5a ok=64031 err=0 tmo=0 recov=0 pclk1=200000000 sysclk=400000000
1788557673.450743 [NAK] nacks=0
1788557673.455489 [CLK] cpu=800000000 sysb=400000000 pclk1=200000000
1788557673.459989 [TOF] res=0 step=0 id=0xeacc blk=0xeacc10 ctl=0x0
1788557673.465904 [RNG] init=0 step=99 id=0xeacc boot=1 calls=93 xerr=0 dm=1 tb=15
1788557673.472784 [RNG] osc=41 imp=881 imprb=881 mstart=0x40 cfg=91 cfgfail=0x0 vhv=0 vpolls=0
1788557673.479013 [PRT] calls=40741 xerr=0 ler=1 lidx=0x0 perr=0 maxcnt=17 addr8=0x52
1788557673.483014 [RTY] wr=0 wmax=0 wref=0  rd=0 rmax=0 rref=0
1788557673.490876 [RNG] frames=10158 last=64 min=49 max=76 nrdy=0 dxfer=0 dstat=0 lst=0 nrdyerr=0 dclr=0
1788557673.497469 [DRV] init=0 id=7 mode=0x1 lib=0x2 seq=0x1 odc=0x8b sts=0xe0 armed=1
1788557673.502620 [TRG] pulses=98 suppressed=1214 cyc=1600 rst=1 rstmode=0x40
1788557673.505996 [HLT] polls=203 faults=0x0 cfglost=0
1788557673.511740 [EFF] n=5 last=58512 min=58450 max=58515 late=0 stuck=0 rderr=0
1788557673.521990 [IMU] init=0 addr=0x68 who=0x68 rst=1 pmrb0=0x40 pmrb=0x1 sr=19 cfg=4 gcfg=0x0 acfg=0x8 icfg=0x30 ien=0x1 armed=1
1788557673.527356 [ACC] reads=10160 stale=10146 rderr=0 ax=63 ay=-65 az=1127
1788557673.529981 [PWR] pm=0x1 drift=0 rderr=0
1788557673.534016 [DWT] ok=1 cyc=3817157707 cyc_per_ms=800000
1788557674.549012 [HB] up_ms=226083 frames=10206 inf=10206 hazard=1312 canary_err=0 q=0 qovr=0
1788557674.559990 [I2C] init=0 gate=0 whoami=0x201e0 wr=0 wrseen=0x27 addr=0x5a ok=64333 err=0 tmo=0 recov=0 pclk1=200000000 sysclk=400000000
1788557674.561362 [NAK] nacks=0
1788557674.566271 [CLK] cpu=800000000 sysb=400000000 pclk1=200000000
1788557674.570601 [TOF] res=0 step=0 id=0xeacc blk=0xeacc10 ctl=0x0
1788557674.576476 [RNG] init=0 step=99 id=0xeacc boot=1 calls=93 xerr=0 dm=1 tb=15
1788557674.583367 [RNG] osc=41 imp=881 imprb=881 mstart=0x40 cfg=91 cfgfail=0x0 vhv=0 vpolls=0
1788557674.589598 [PRT] calls=40941 xerr=0 ler=1 lidx=0x0 perr=0 maxcnt=17 addr8=0x52
1788557674.593724 [RTY] wr=0 wmax=0 wref=0  rd=0 rmax=0 rref=0
1788557674.601480 [RNG] frames=10208 last=66 min=49 max=76 nrdy=0 dxfer=0 dstat=0 lst=0 nrdyerr=0 dclr=0
1788557674.607608 [DRV] init=0 id=7 mode=0x1 lib=0x2 seq=0x1 odc=0x8b sts=0xe0 armed=1
1788557674.613229 [TRG] pulses=98 suppressed=1214 cyc=1600 rst=1 rstmode=0x40
1788557674.616646 [HLT] polls=204 faults=0x0 cfglost=0
1788557674.622238 [EFF] n=5 last=58512 min=58450 max=58515 late=0 stuck=0 rderr=0
1788557674.632492 [IMU] init=0 addr=0x68 who=0x68 rst=1 pmrb0=0x40 pmrb=0x1 sr=19 cfg=4 gcfg=0x0 acfg=0x8 icfg=0x30 ien=0x1 armed=1
1788557674.637841 [ACC] reads=10209 stale=10196 rderr=0 ax=63 ay=-66 az=1124
1788557674.640684 [PWR] pm=0x1 drift=0 rderr=0
1788557674.644480 [DWT] ok=1 cyc=403790331 cyc_per_ms=799999
1788557675.659122 [HB] up_ms=227185 frames=10255 inf=10255 hazard=1312 canary_err=0 q=0 qovr=0
1788557675.670127 [I2C] init=0 gate=0 whoami=0x201e0 wr=0 wrseen=0x27 addr=0x5a ok=64635 err=0 tmo=0 recov=0 pclk1=200000000 sysclk=400000000
1788557675.671464 [NAK] nacks=0
1788557675.676096 [CLK] cpu=800000000 sysb=400000000 pclk1=200000000
1788557675.680742 [TOF] res=0 step=0 id=0xeacc blk=0xeacc10 ctl=0x0
1788557675.686630 [RNG] init=0 step=99 id=0xeacc boot=1 calls=93 xerr=0 dm=1 tb=15
1788557675.693480 [RNG] osc=41 imp=881 imprb=881 mstart=0x40 cfg=91 cfgfail=0x0 vhv=0 vpolls=0
1788557675.699749 [PRT] calls=41141 xerr=0 ler=1 lidx=0x0 perr=0 maxcnt=17 addr8=0x52
1788557675.703850 [RTY] wr=0 wmax=0 wref=0  rd=0 rmax=0 rref=0
1788557675.711598 [RNG] frames=10258 last=67 min=49 max=76 nrdy=0 dxfer=0 dstat=0 lst=0 nrdyerr=0 dclr=0
1788557675.717750 [DRV] init=0 id=7 mode=0x1 lib=0x2 seq=0x1 odc=0x8b sts=0xe0 armed=1
1788557675.723219 [TRG] pulses=98 suppressed=1214 cyc=1600 rst=1 rstmode=0x40
1788557675.726707 [HLT] polls=205 faults=0x0 cfglost=0
1788557675.746406 [EFF] n=5 last=58512 min=58450 max=58515 late=0 stuck=0 rderr=0
1788557675.746517 [IMU] init=0 addr=0x68 who=0x68 rst=1 pmrb0=0x40 pmrb=0x1 sr=19 cfg=4 gcfg=0x0 acfg=0x8 icfg=0x30 ien=0x1 armed=1
1788557675.748121 [ACC] reads=10259 stale=10245 rderr=0 ax=65 ay=-65 az=1126
1788557675.750711 [PWR] pm=0x1 drift=0 rderr=0
1788557675.754716 [DWT] ok=1 cyc=1285523747 cyc_per_ms=800121
1788557676.769364 [HB] up_ms=228287 frames=10305 inf=10305 hazard=1312 canary_err=0 q=0 qovr=0
1788557676.780460 [I2C] init=0 gate=0 whoami=0x201e0 wr=0 wrseen=0x27 addr=0x5a ok=64937 err=0 tmo=0 recov=0 pclk1=200000000 sysclk=400000000
1788557676.781721 [NAK] nacks=0
1788557676.786346 [CLK] cpu=800000000 sysb=400000000 pclk1=200000000
1788557676.790958 [TOF] res=0 step=0 id=0xeacc blk=0xeacc10 ctl=0x0
1788557676.796827 [RNG] init=0 step=99 id=0xeacc boot=1 calls=93 xerr=0 dm=1 tb=15
1788557676.803710 [RNG] osc=41 imp=881 imprb=881 mstart=0x40 cfg=91 cfgfail=0x0 vhv=0 vpolls=0
1788557676.809841 [PRT] calls=41341 xerr=0 ler=1 lidx=0x0 perr=0 maxcnt=17 addr8=0x52
1788557676.814112 [RTY] wr=0 wmax=0 wref=0  rd=0 rmax=0 rref=0
1788557676.821842 [RNG] frames=10308 last=61 min=49 max=76 nrdy=0 dxfer=0 dstat=0 lst=0 nrdyerr=0 dclr=0
1788557676.827976 [DRV] init=0 id=7 mode=0x1 lib=0x2 seq=0x1 odc=0x8b sts=0xe0 armed=1
1788557676.834230 [TRG] pulses=98 suppressed=1214 cyc=1600 rst=1 rstmode=0x40
1788557676.836831 [HLT] polls=206 faults=0x0 cfglost=0
1788557676.842702 [EFF] n=5 last=58512 min=58450 max=58515 late=0 stuck=0 rderr=0
1788557676.852934 [IMU] init=0 addr=0x68 who=0x68 rst=1 pmrb0=0x40 pmrb=0x1 sr=19 cfg=4 gcfg=0x0 acfg=0x8 icfg=0x30 ien=0x1 armed=1
1788557676.858109 [ACC] reads=10309 stale=10295 rderr=0 ax=65 ay=-64 az=1126
1788557676.860965 [PWR] pm=0x1 drift=0 rderr=0
1788557676.865009 [DWT] ok=1 cyc=2167124531 cyc_per_ms=800000
1788557677.879702 [HB] up_ms=229389 frames=10355 inf=10355 hazard=1312 canary_err=0 q=0 qovr=0
1788557677.890957 [I2C] init=0 gate=0 whoami=0x201e0 wr=0 wrseen=0x27 addr=0x5a ok=65235 err=0 tmo=0 recov=0 pclk1=200000000 sysclk=400000000
1788557677.892198 [NAK] nacks=0
1788557677.896833 [CLK] cpu=800000000 sysb=400000000 pclk1=200000000
1788557677.901347 [TOF] res=0 step=0 id=0xeacc blk=0xeacc10 ctl=0x0
1788557677.907345 [RNG] init=0 step=99 id=0xeacc boot=1 calls=93 xerr=0 dm=1 tb=15
1788557677.914215 [RNG] osc=41 imp=881 imprb=881 mstart=0x40 cfg=91 cfgfail=0x0 vhv=0 vpolls=0
1788557677.920333 [PRT] calls=41541 xerr=0 ler=1 lidx=0x0 perr=0 maxcnt=17 addr8=0x52
1788557677.924325 [RTY] wr=0 wmax=0 wref=0  rd=0 rmax=0 rref=0
1788557677.932371 [RNG] frames=10357 last=68 min=49 max=76 nrdy=0 dxfer=0 dstat=0 lst=0 nrdyerr=0 dclr=0
1788557677.938462 [DRV] init=0 id=7 mode=0x1 lib=0x2 seq=0x1 odc=0x8b sts=0xe0 armed=1
1788557677.943831 [TRG] pulses=98 suppressed=1214 cyc=1600 rst=1 rstmode=0x40
1788557677.947293 [HLT] polls=207 faults=0x0 cfglost=0
1788557677.953163 [EFF] n=5 last=58512 min=58450 max=58515 late=0 stuck=0 rderr=0
1788557677.963466 [IMU] init=0 addr=0x68 who=0x68 rst=1 pmrb0=0x40 pmrb=0x1 sr=19 cfg=4 gcfg=0x0 acfg=0x8 icfg=0x30 ien=0x1 armed=1
1788557677.968575 [ACC] reads=10359 stale=10345 rderr=0 ax=65 ay=-65 az=1128
1788557677.971192 [PWR] pm=0x1 drift=0 rderr=0
1788557677.975435 [DWT] ok=1 cyc=3048590499 cyc_per_ms=799878
1788557678.989565 [HB] up_ms=230491 frames=10405 inf=10405 hazard=1353 canary_err=0 q=0 qovr=0
1788557679.000787 [I2C] init=0 gate=0 whoami=0x201e0 wr=0 wrseen=0x27 addr=0x5a ok=65535 err=0 tmo=0 recov=0 pclk1=200000000 sysclk=400000000
1788557679.002116 [NAK] nacks=0
1788557679.006556 [CLK] cpu=800000000 sysb=400000000 pclk1=200000000
1788557679.011190 [TOF] res=0 step=0 id=0xeacc blk=0xeacc10 ctl=0x0
1788557679.017097 [RNG] init=0 step=99 id=0xeacc boot=1 calls=93 xerr=0 dm=1 tb=15
1788557679.024096 [RNG] osc=41 imp=881 imprb=881 mstart=0x40 cfg=91 cfgfail=0x0 vhv=0 vpolls=0
1788557679.030096 [PRT] calls=41741 xerr=0 ler=1 lidx=0x0 perr=0 maxcnt=17 addr8=0x52
1788557679.034218 [RTY] wr=0 wmax=0 wref=0  rd=0 rmax=0 rref=0
1788557679.042089 [RNG] frames=10407 last=65 min=49 max=76 nrdy=0 dxfer=0 dstat=0 lst=0 nrdyerr=0 dclr=0
1788557679.048363 [DRV] init=0 id=7 mode=0x1 lib=0x2 seq=0x1 odc=0x8b sts=0xe0 armed=1
1788557679.053831 [TRG] pulses=101 suppressed=1252 cyc=1600 rst=1 rstmode=0x40
1788557679.057098 [HLT] polls=208 faults=0x0 cfglost=0
1788557679.062943 [EFF] n=5 last=58512 min=58450 max=58515 late=0 stuck=0 rderr=0
1788557679.073214 [IMU] init=0 addr=0x68 who=0x68 rst=1 pmrb0=0x40 pmrb=0x1 sr=19 cfg=4 gcfg=0x0 acfg=0x8 icfg=0x30 ien=0x1 armed=1
1788557679.078448 [ACC] reads=10409 stale=10395 rderr=0 ax=63 ay=-64 az=1126
1788557679.081113 [PWR] pm=0x1 drift=0 rderr=0
1788557679.085225 [DWT] ok=1 cyc=3930260259 cyc_per_ms=800063
1788557680.099497 [HB] up_ms=231593 frames=10455 inf=10455 hazard=1353 canary_err=0 q=0 qovr=0
1788557680.110756 [I2C] init=0 gate=0 whoami=0x201e0 wr=0 wrseen=0x27 addr=0x5a ok=65837 err=0 tmo=0 recov=0 pclk1=200000000 sysclk=400000000
1788557680.112045 [NAK] nacks=0
1788557680.116582 [CLK] cpu=800000000 sysb=400000000 pclk1=200000000
1788557680.121100 [TOF] res=0 step=0 id=0xeacc blk=0xeacc10 ctl=0x0
1788557680.126932 [RNG] init=0 step=99 id=0xeacc boot=1 calls=93 xerr=0 dm=1 tb=15
1788557680.133982 [RNG] osc=41 imp=881 imprb=881 mstart=0x40 cfg=91 cfgfail=0x0 vhv=0 vpolls=0
1788557680.140136 [PRT] calls=41941 xerr=0 ler=1 lidx=0x0 perr=0 maxcnt=17 addr8=0x52
1788557680.144184 [RTY] wr=0 wmax=0 wref=0  rd=0 rmax=0 rref=0
1788557680.152067 [RNG] frames=10457 last=66 min=49 max=76 nrdy=0 dxfer=0 dstat=0 lst=0 nrdyerr=0 dclr=0
1788557680.158302 [DRV] init=0 id=7 mode=0x1 lib=0x2 seq=0x1 odc=0x8b sts=0xe0 armed=1
1788557680.163840 [TRG] pulses=101 suppressed=1252 cyc=1600 rst=1 rstmode=0x40
1788557680.167848 [HLT] polls=209 faults=0x0 cfglost=0
1788557680.172831 [EFF] n=5 last=58512 min=58450 max=58515 late=0 stuck=0 rderr=0
1788557680.183350 [IMU] init=0 addr=0x68 who=0x68 rst=1 pmrb0=0x40 pmrb=0x1 sr=19 cfg=4 gcfg=0x0 acfg=0x8 icfg=0x30 ien=0x1 armed=1
1788557680.188441 [ACC] reads=10459 stale=10445 rderr=0 ax=63 ay=-66 az=1125
1788557680.191060 [PWR] pm=0x1 drift=0 rderr=0
1788557680.195046 [DWT] ok=1 cyc=516892931 cyc_per_ms=799999
1788557681.209320 [HB] up_ms=232695 frames=10505 inf=10505 hazard=1353 canary_err=0 q=0 qovr=0
1788557681.220565 [I2C] init=0 gate=0 whoami=0x201e0 wr=0 wrseen=0x27 addr=0x5a ok=66139 err=0 tmo=0 recov=0 pclk1=200000000 sysclk=400000000
1788557681.221803 [NAK] nacks=0
1788557681.226454 [CLK] cpu=800000000 sysb=400000000 pclk1=200000000
1788557681.230969 [TOF] res=0 step=0 id=0xeacc blk=0xeacc10 ctl=0x0
1788557681.236816 [RNG] init=0 step=99 id=0xeacc boot=1 calls=93 xerr=0 dm=1 tb=15
1788557681.243795 [RNG] osc=41 imp=881 imprb=881 mstart=0x40 cfg=91 cfgfail=0x0 vhv=0 vpolls=0
1788557681.249916 [PRT] calls=42141 xerr=0 ler=1 lidx=0x0 perr=0 maxcnt=17 addr8=0x52
1788557681.253922 [RTY] wr=0 wmax=0 wref=0  rd=0 rmax=0 rref=0
1788557681.262060 [RNG] frames=10507 last=63 min=49 max=76 nrdy=0 dxfer=0 dstat=0 lst=0 nrdyerr=0 dclr=0
1788557681.269136 [DRV] init=0 id=7 mode=0x1 lib=0x2 seq=0x1 odc=0x8b sts=0xe0 armed=1
1788557681.273578 [TRG] pulses=101 suppressed=1252 cyc=1600 rst=1 rstmode=0x40
1788557681.276938 [HLT] polls=210 faults=0x0 cfglost=0
1788557681.282697 [EFF] n=5 last=58512 min=58450 max=58515 late=0 stuck=0 rderr=0
1788557681.292912 [IMU] init=0 addr=0x68 who=0x68 rst=1 pmrb0=0x40 pmrb=0x1 sr=19 cfg=4 gcfg=0x0 acfg=0x8 icfg=0x30 ien=0x1 armed=1
1788557681.298293 [ACC] reads=10509 stale=10494 rderr=0 ax=63 ay=-64 az=1127
1788557681.300910 [PWR] pm=0x1 drift=0 rderr=0
1788557681.304907 [DWT] ok=1 cyc=1398492923 cyc_per_ms=799999
1788557682.319194 [HB] up_ms=233797 frames=10555 inf=10555 hazard=1353 canary_err=0 q=0 qovr=0
1788557682.330445 [I2C] init=0 gate=0 whoami=0x201e0 wr=0 wrseen=0x27 addr=0x5a ok=66441 err=0 tmo=0 recov=0 pclk1=200000000 sysclk=400000000
1788557682.331837 [NAK] nacks=0
1788557682.336296 [CLK] cpu=800000000 sysb=400000000 pclk1=200000000
1788557682.340780 [TOF] res=0 step=0 id=0xeacc blk=0xeacc10 ctl=0x0
1788557682.346667 [RNG] init=0 step=99 id=0xeacc boot=1 calls=93 xerr=0 dm=1 tb=15
1788557682.353842 [RNG] osc=41 imp=881 imprb=881 mstart=0x40 cfg=91 cfgfail=0x0 vhv=0 vpolls=0
1788557682.359893 [PRT] calls=42341 xerr=0 ler=1 lidx=0x0 perr=0 maxcnt=17 addr8=0x52
1788557682.363928 [RTY] wr=0 wmax=0 wref=0  rd=0 rmax=0 rref=0
1788557682.371662 [RNG] frames=10557 last=65 min=49 max=76 nrdy=0 dxfer=0 dstat=0 lst=0 nrdyerr=0 dclr=0
1788557682.378227 [DRV] init=0 id=7 mode=0x1 lib=0x2 seq=0x1 odc=0x8b sts=0xe0 armed=1
1788557682.383565 [TRG] pulses=101 suppressed=1252 cyc=1600 rst=1 rstmode=0x40
1788557682.386809 [HLT] polls=211 faults=0x0 cfglost=0
1788557682.392657 [EFF] n=5 last=58512 min=58450 max=58515 late=0 stuck=0 rderr=0
1788557682.402942 [IMU] init=0 addr=0x68 who=0x68 rst=1 pmrb0=0x40 pmrb=0x1 sr=19 cfg=4 gcfg=0x0 acfg=0x8 icfg=0x30 ien=0x1 armed=1
1788557682.408295 [ACC] reads=10559 stale=10544 rderr=0 ax=62 ay=-62 az=1125
1788557682.410922 [PWR] pm=0x1 drift=0 rderr=0
1788557682.414924 [DWT] ok=1 cyc=2280092855 cyc_per_ms=799999
1788557683.429924 [HB] up_ms=234899 frames=10605 inf=10605 hazard=1353 canary_err=0 q=0 qovr=0
1788557683.441032 [I2C] init=0 gate=0 whoami=0x201e0 wr=0 wrseen=0x27 addr=0x5a ok=66743 err=0 tmo=0 recov=0 pclk1=200000000 sysclk=400000000
1788557683.442403 [NAK] nacks=0
1788557683.447066 [CLK] cpu=800000000 sysb=400000000 pclk1=200000000
1788557683.451544 [TOF] res=0 step=0 id=0xeacc blk=0xeacc10 ctl=0x0
1788557683.457422 [RNG] init=0 step=99 id=0xeacc boot=1 calls=93 xerr=0 dm=1 tb=15
1788557683.464418 [RNG] osc=41 imp=881 imprb=881 mstart=0x40 cfg=91 cfgfail=0x0 vhv=0 vpolls=0
1788557683.470545 [PRT] calls=42538 xerr=0 ler=1 lidx=0x0 perr=0 maxcnt=17 addr8=0x52
1788557683.474662 [RTY] wr=0 wmax=0 wref=0  rd=0 rmax=0 rref=0
1788557683.482426 [RNG] frames=10607 last=65 min=49 max=76 nrdy=0 dxfer=0 dstat=0 lst=0 nrdyerr=0 dclr=0
1788557683.488674 [DRV] init=0 id=7 mode=0x1 lib=0x2 seq=0x1 odc=0x8b sts=0xe0 armed=1
1788557683.494236 [TRG] pulses=101 suppressed=1252 cyc=1600 rst=1 rstmode=0x40
1788557683.497675 [HLT] polls=212 faults=0x0 cfglost=0
1788557683.503280 [EFF] n=5 last=58512 min=58450 max=58515 late=0 stuck=0 rderr=0
1788557683.513714 [IMU] init=0 addr=0x68 who=0x68 rst=1 pmrb0=0x40 pmrb=0x1 sr=19 cfg=4 gcfg=0x0 acfg=0x8 icfg=0x30 ien=0x1 armed=1
1788557683.518934 [ACC] reads=10609 stale=10594 rderr=0 ax=63 ay=-65 az=1126
1788557683.521550 [PWR] pm=0x1 drift=0 rderr=0
1788557683.525531 [DWT] ok=1 cyc=3161693267 cyc_per_ms=800000
1788557684.539664 [HB] up_ms=236001 frames=10655 inf=10655 hazard=1353 canary_err=0 q=0 qovr=0
1788557684.550676 [I2C] init=0 gate=0 whoami=0x201e0 wr=0 wrseen=0x27 addr=0x5a ok=67045 err=0 tmo=0 recov=0 pclk1=200000000 sysclk=400000000
1788557684.552120 [NAK] nacks=0
1788557684.556817 [CLK] cpu=800000000 sysb=400000000 pclk1=200000000
1788557684.561289 [TOF] res=0 step=0 id=0xeacc blk=0xeacc10 ctl=0x0
1788557684.567192 [RNG] init=0 step=99 id=0xeacc boot=1 calls=93 xerr=0 dm=1 tb=15
1788557684.573889 [RNG] osc=41 imp=881 imprb=881 mstart=0x40 cfg=91 cfgfail=0x0 vhv=0 vpolls=0
1788557684.580256 [PRT] calls=42737 xerr=0 ler=1 lidx=0x0 perr=0 maxcnt=17 addr8=0x52
1788557684.584292 [RTY] wr=0 wmax=0 wref=0  rd=0 rmax=0 rref=0
1788557684.592013 [RNG] frames=10657 last=61 min=49 max=76 nrdy=0 dxfer=0 dstat=0 lst=0 nrdyerr=0 dclr=0
1788557684.598322 [DRV] init=0 id=7 mode=0x1 lib=0x2 seq=0x1 odc=0x8b sts=0xe0 armed=1
1788557684.603894 [TRG] pulses=101 suppressed=1252 cyc=1600 rst=1 rstmode=0x40
1788557684.607272 [HLT] polls=213 faults=0x0 cfglost=0
1788557684.613014 [EFF] n=5 last=58512 min=58450 max=58515 late=0 stuck=0 rderr=0
1788557684.623291 [IMU] init=0 addr=0x68 who=0x68 rst=1 pmrb0=0x40 pmrb=0x1 sr=19 cfg=4 gcfg=0x0 acfg=0x8 icfg=0x30 ien=0x1 armed=1
1788557684.628655 [ACC] reads=10659 stale=10644 rderr=0 ax=62 ay=-67 az=1126
1788557684.631271 [PWR] pm=0x1 drift=0 rderr=0
1788557684.635270 [DWT] ok=1 cyc=4043293055 cyc_per_ms=799999
1788557685.649539 [HB] up_ms=237103 frames=10705 inf=10705 hazard=1378 canary_err=0 q=0 qovr=0
1788557685.660530 [I2C] init=0 gate=0 whoami=0x201e0 wr=0 wrseen=0x27 addr=0x5a ok=67347 err=0 tmo=0 recov=0 pclk1=200000000 sysclk=400000000
1788557685.661900 [NAK] nacks=0
1788557685.666681 [CLK] cpu=800000000 sysb=400000000 pclk1=200000000
1788557685.671217 [TOF] res=0 step=0 id=0xeacc blk=0xeacc10 ctl=0x0
1788557685.676892 [RNG] init=0 step=99 id=0xeacc boot=1 calls=93 xerr=0 dm=1 tb=15
1788557685.683930 [RNG] osc=41 imp=881 imprb=881 mstart=0x40 cfg=91 cfgfail=0x0 vhv=0 vpolls=0
1788557685.690173 [PRT] calls=42937 xerr=0 ler=1 lidx=0x0 perr=0 maxcnt=17 addr8=0x52
1788557685.694153 [RTY] wr=0 wmax=0 wref=0  rd=0 rmax=0 rref=0
1788557685.701883 [RNG] frames=10707 last=63 min=49 max=76 nrdy=0 dxfer=0 dstat=0 lst=0 nrdyerr=0 dclr=0
1788557685.708145 [DRV] init=0 id=7 mode=0x1 lib=0x2 seq=0x1 odc=0x8b sts=0xe0 armed=1
1788557685.713771 [TRG] pulses=103 suppressed=1277 cyc=1600 rst=1 rstmode=0x40
1788557685.717539 [HLT] polls=214 faults=0x0 cfglost=0
1788557685.723246 [EFF] n=5 last=58512 min=58450 max=58515 late=0 stuck=0 rderr=0
1788557685.733029 [IMU] init=0 addr=0x68 who=0x68 rst=1 pmrb0=0x40 pmrb=0x1 sr=19 cfg=4 gcfg=0x0 acfg=0x8 icfg=0x30 ien=0x1 armed=1
1788557685.738503 [ACC] reads=10708 stale=10693 rderr=0 ax=64 ay=-64 az=1123
1788557685.756489 [PWR] pm=0x1 drift=0 rderr=0
1788557685.756622 [DWT] ok=1 cyc=629959995 cyc_per_ms=800031
1788557686.759253 [HB] up_ms=238205 frames=10754 inf=10754 hazard=1394 canary_err=0 q=0 qovr=0
1788557686.770398 [I2C] init=0 gate=0 whoami=0x201e0 wr=0 wrseen=0x27 addr=0x5a ok=67649 err=0 tmo=0 recov=0 pclk1=200000000 sysclk=400000000
1788557686.771647 [NAK] nacks=0
1788557686.776257 [CLK] cpu=800000000 sysb=400000000 pclk1=200000000
1788557686.780909 [TOF] res=0 step=0 id=0xeacc blk=0xeacc10 ctl=0x0
1788557686.786750 [RNG] init=0 step=99 id=0xeacc boot=1 calls=93 xerr=0 dm=1 tb=15
1788557686.793636 [RNG] osc=41 imp=881 imprb=881 mstart=0x40 cfg=91 cfgfail=0x0 vhv=0 vpolls=0
1788557686.799948 [PRT] calls=43137 xerr=0 ler=1 lidx=0x0 perr=0 maxcnt=17 addr8=0x52
1788557686.804022 [RTY] wr=0 wmax=0 wref=0  rd=0 rmax=0 rref=0
1788557686.811742 [RNG] frames=10757 last=67 min=49 max=76 nrdy=0 dxfer=0 dstat=0 lst=0 nrdyerr=0 dclr=0
1788557686.817938 [DRV] init=0 id=7 mode=0x1 lib=0x2 seq=0x1 odc=0x8b sts=0xe0 armed=1
1788557686.823397 [TRG] pulses=104 suppressed=1290 cyc=1600 rst=1 rstmode=0x40
1788557686.826897 [HLT] polls=215 faults=0x0 cfglost=0
1788557686.832674 [EFF] n=5 last=58512 min=58450 max=58515 late=0 stuck=0 rderr=0
1788557686.842764 [IMU] init=0 addr=0x68 who=0x68 rst=1 pmrb0=0x40 pmrb=0x1 sr=19 cfg=4 gcfg=0x0 acfg=0x8 icfg=0x30 ien=0x1 armed=1
1788557686.848400 [ACC] reads=10758 stale=10743 rderr=0 ax=63 ay=-65 az=1125
1788557686.850878 [PWR] pm=0x1 drift=0 rderr=0
1788557686.854963 [DWT] ok=1 cyc=1511660825 cyc_per_ms=800091
1788557687.869010 [HB] up_ms=239307 frames=10804 inf=10804 hazard=1394 canary_err=0 q=0 qovr=0
1788557687.880135 [I2C] init=0 gate=0 whoami=0x201e0 wr=0 wrseen=0x27 addr=0x5a ok=67951 err=0 tmo=0 recov=0 pclk1=200000000 sysclk=400000000
1788557687.881383 [NAK] nacks=0
1788557687.886216 [CLK] cpu=800000000 sysb=400000000 pclk1=200000000
1788557687.890635 [TOF] res=0 step=0 id=0xeacc blk=0xeacc10 ctl=0x0
1788557687.896504 [RNG] init=0 step=99 id=0xeacc boot=1 calls=93 xerr=0 dm=1 tb=15
1788557687.903384 [RNG] osc=41 imp=881 imprb=881 mstart=0x40 cfg=91 cfgfail=0x0 vhv=0 vpolls=0
1788557687.909506 [PRT] calls=43337 xerr=0 ler=1 lidx=0x0 perr=0 maxcnt=17 addr8=0x52
1788557687.913629 [RTY] wr=0 wmax=0 wref=0  rd=0 rmax=0 rref=0
1788557687.921501 [RNG] frames=10806 last=66 min=49 max=76 nrdy=0 dxfer=0 dstat=0 lst=0 nrdyerr=0 dclr=0
1788557687.927622 [DRV] init=0 id=7 mode=0x1 lib=0x2 seq=0x1 odc=0x8b sts=0xe0 armed=1
1788557687.933171 [TRG] pulses=104 suppressed=1290 cyc=1600 rst=1 rstmode=0x40
1788557687.936702 [HLT] polls=216 faults=0x0 cfglost=0
1788557687.942389 [EFF] n=5 last=58512 min=58450 max=58515 late=0 stuck=0 rderr=0
1788557687.952632 [IMU] init=0 addr=0x68 who=0x68 rst=1 pmrb0=0x40 pmrb=0x1 sr=19 cfg=4 gcfg=0x0 acfg=0x8 icfg=0x30 ien=0x1 armed=1
1788557687.957877 [ACC] reads=10808 stale=10793 rderr=0 ax=63 ay=-62 az=1125
1788557687.960642 [PWR] pm=0x1 drift=0 rderr=0
1788557687.964658 [DWT] ok=1 cyc=2393231849 cyc_per_ms=799973
1788557688.979119 [HB] up_ms=240409 frames=10854 inf=10854 hazard=1394 canary_err=0 q=0 qovr=0
1788557688.990234 [I2C] init=0 gate=0 whoami=0x201e0 wr=0 wrseen=0x27 addr=0x5a ok=68247 err=0 tmo=0 recov=0 pclk1=200000000 sysclk=400000000
1788557688.991605 [NAK] nacks=0
1788557688.996224 [CLK] cpu=800000000 sysb=400000000 pclk1=200000000
1788557689.000782 [TOF] res=0 step=0 id=0xeacc blk=0xeacc10 ctl=0x0
1788557689.006733 [RNG] init=0 step=99 id=0xeacc boot=1 calls=93 xerr=0 dm=1 tb=15
1788557689.013601 [RNG] osc=41 imp=881 imprb=881 mstart=0x40 cfg=91 cfgfail=0x0 vhv=0 vpolls=0
1788557689.019737 [PRT] calls=43537 xerr=0 ler=1 lidx=0x0 perr=0 maxcnt=17 addr8=0x52
1788557689.023727 [RTY] wr=0 wmax=0 wref=0  rd=0 rmax=0 rref=0
1788557689.031767 [RNG] frames=10856 last=58 min=49 max=76 nrdy=0 dxfer=0 dstat=0 lst=0 nrdyerr=0 dclr=0
1788557689.037865 [DRV] init=0 id=7 mode=0x1 lib=0x2 seq=0x1 odc=0x8b sts=0xe0 armed=1
1788557689.043362 [TRG] pulses=104 suppressed=1290 cyc=1600 rst=1 rstmode=0x40
1788557689.046750 [HLT] polls=217 faults=0x0 cfglost=0
1788557689.052614 [EFF] n=5 last=58512 min=58450 max=58515 late=0 stuck=0 rderr=0
1788557689.062761 [IMU] init=0 addr=0x68 who=0x68 rst=1 pmrb0=0x40 pmrb=0x1 sr=19 cfg=4 gcfg=0x0 acfg=0x8 icfg=0x30 ien=0x1 armed=1
1788557689.068154 [ACC] reads=10858 stale=10843 rderr=0 ax=63 ay=-64 az=1128
1788557689.070744 [PWR] pm=0x1 drift=0 rderr=0
1788557689.074860 [DWT] ok=1 cyc=3274725887 cyc_per_ms=799903
1788557690.089391 [HB] up_ms=241511 frames=10904 inf=10904 hazard=1394 canary_err=0 q=0 qovr=0
1788557690.100651 [I2C] init=0 gate=0 whoami=0x201e0 wr=0 wrseen=0x27 addr=0x5a ok=68549 err=0 tmo=0 recov=0 pclk1=200000000 sysclk=400000000
1788557690.101985 [NAK] nacks=0
1788557690.106505 [CLK] cpu=800000000 sysb=400000000 pclk1=200000000
1788557690.111136 [TOF] res=0 step=0 id=0xeacc blk=0xeacc10 ctl=0x0
1788557690.116999 [RNG] init=0 step=99 id=0xeacc boot=1 calls=93 xerr=0 dm=1 tb=15
1788557690.124033 [RNG] osc=41 imp=881 imprb=881 mstart=0x40 cfg=91 cfgfail=0x0 vhv=0 vpolls=0
1788557690.129976 [PRT] calls=43737 xerr=0 ler=1 lidx=0x0 perr=0 maxcnt=17 addr8=0x52
1788557690.134224 [RTY] wr=0 wmax=0 wref=0  rd=0 rmax=0 rref=0
1788557690.142105 [RNG] frames=10906 last=63 min=49 max=76 nrdy=0 dxfer=0 dstat=0 lst=0 nrdyerr=0 dclr=0
1788557690.148365 [DRV] init=0 id=7 mode=0x1 lib=0x2 seq=0x1 odc=0x8b sts=0xe0 armed=1
1788557690.153722 [TRG] pulses=104 suppressed=1290 cyc=1600 rst=1 rstmode=0x40
1788557690.157113 [HLT] polls=218 faults=0x0 cfglost=0
1788557690.162838 [EFF] n=5 last=58512 min=58450 max=58515 late=0 stuck=0 rderr=0
1788557690.173226 [IMU] init=0 addr=0x68 who=0x68 rst=1 pmrb0=0x40 pmrb=0x1 sr=19 cfg=4 gcfg=0x0 acfg=0x8 icfg=0x30 ien=0x1 armed=1
1788557690.178471 [ACC] reads=10908 stale=10893 rderr=0 ax=61 ay=-65 az=1127
1788557690.181124 [PWR] pm=0x1 drift=0 rderr=0
1788557690.185136 [DWT] ok=1 cyc=4156325803 cyc_per_ms=799999
1788557691.200005 [HB] up_ms=242613 frames=10954 inf=10954 hazard=1394 canary_err=0 q=0 qovr=0
1788557691.211239 [I2C] init=0 gate=0 whoami=0x201e0 wr=0 wrseen=0x27 addr=0x5a ok=68851 err=0 tmo=0 recov=0 pclk1=200000000 sysclk=400000000
1788557691.212611 [NAK] nacks=0
1788557691.217307 [CLK] cpu=800000000 sysb=400000000 pclk1=200000000
1788557691.221733 [TOF] res=0 step=0 id=0xeacc blk=0xeacc10 ctl=0x0
1788557691.227515 [RNG] init=0 step=99 id=0xeacc boot=1 calls=93 xerr=0 dm=1 tb=15
1788557691.234736 [RNG] osc=41 imp=881 imprb=881 mstart=0x40 cfg=91 cfgfail=0x0 vhv=0 vpolls=0
1788557691.240749 [PRT] calls=43937 xerr=0 ler=1 lidx=0x0 perr=0 maxcnt=17 addr8=0x52
1788557691.244717 [RTY] wr=0 wmax=0 wref=0  rd=0 rmax=0 rref=0
1788557691.252599 [RNG] frames=10956 last=62 min=49 max=76 nrdy=0 dxfer=0 dstat=0 lst=0 nrdyerr=0 dclr=0
1788557691.258842 [DRV] init=0 id=7 mode=0x1 lib=0x2 seq=0x1 odc=0x8b sts=0xe0 armed=1
1788557691.264344 [TRG] pulses=104 suppressed=1290 cyc=1600 rst=1 rstmode=0x40
1788557691.267892 [HLT] polls=219 faults=0x0 cfglost=0
1788557691.273484 [EFF] n=5 last=58512 min=58450 max=58515 late=0 stuck=0 rderr=0
1788557691.283848 [IMU] init=0 addr=0x68 who=0x68 rst=1 pmrb0=0x40 pmrb=0x1 sr=19 cfg=4 gcfg=0x0 acfg=0x8 icfg=0x30 ien=0x1 armed=1
1788557691.289105 [ACC] reads=10958 stale=10943 rderr=0 ax=64 ay=-67 az=1125
1788557691.291845 [PWR] pm=0x1 drift=0 rderr=0
1788557691.295720 [DWT] ok=1 cyc=742958779 cyc_per_ms=800000
1788557692.311594 [HB] up_ms=243715 frames=11004 inf=11004 hazard=1398 canary_err=0 q=0 qovr=0
1788557692.322846 [I2C] init=0 gate=0 whoami=0x201e0 wr=0 wrseen=0x27 addr=0x5a ok=69153 err=0 tmo=0 recov=0 pclk1=200000000 sysclk=400000000
1788557692.324212 [NAK] nacks=0
1788557692.328709 [CLK] cpu=800000000 sysb=400000000 pclk1=200000000
1788557692.333342 [TOF] res=0 step=0 id=0xeacc blk=0xeacc10 ctl=0x0
1788557692.339096 [RNG] init=0 step=99 id=0xeacc boot=1 calls=93 xerr=0 dm=1 tb=15
1788557692.346211 [RNG] osc=41 imp=881 imprb=881 mstart=0x40 cfg=91 cfgfail=0x0 vhv=0 vpolls=0
1788557692.352365 [PRT] calls=44137 xerr=0 ler=1 lidx=0x0 perr=0 maxcnt=17 addr8=0x52
1788557692.356778 [RTY] wr=0 wmax=0 wref=0  rd=0 rmax=0 rref=0
1788557692.364103 [RNG] frames=11006 last=63 min=49 max=76 nrdy=0 dxfer=0 dstat=0 lst=0 nrdyerr=0 dclr=0
1788557692.370484 [DRV] init=0 id=7 mode=0x1 lib=0x2 seq=0x1 odc=0x8b sts=0xe0 armed=1
1788557692.375966 [TRG] pulses=105 suppressed=1296 cyc=1600 rst=1 rstmode=0x40
1788557692.379337 [HLT] polls=220 faults=0x0 cfglost=0
1788557692.385121 [EFF] n=5 last=58512 min=58450 max=58515 late=0 stuck=0 rderr=0
1788557692.395488 [IMU] init=0 addr=0x68 who=0x68 rst=1 pmrb0=0x40 pmrb=0x1 sr=19 cfg=4 gcfg=0x0 acfg=0x8 icfg=0x30 ien=0x1 armed=1
1788557692.400751 [ACC] reads=11008 stale=10993 rderr=0 ax=62 ay=-64 az=1130
1788557692.403485 [PWR] pm=0x1 drift=0 rderr=0
1788557692.407344 [DWT] ok=1 cyc=1624562051 cyc_per_ms=800002
1788557693.422747 [HB] up_ms=244817 frames=11054 inf=11054 hazard=1435 canary_err=0 q=0 qovr=0
1788557693.433950 [I2C] init=0 gate=0 whoami=0x201e0 wr=0 wrseen=0x27 addr=0x5a ok=69455 err=0 tmo=0 recov=0 pclk1=200000000 sysclk=400000000
1788557693.435331 [NAK] nacks=0
1788557693.439825 [CLK] cpu=800000000 sysb=400000000 pclk1=200000000
1788557693.444336 [TOF] res=0 step=0 id=0xeacc blk=0xeacc10 ctl=0x0
1788557693.450207 [RNG] init=0 step=99 id=0xeacc boot=1 calls=93 xerr=0 dm=1 tb=15
1788557693.457195 [RNG] osc=41 imp=881 imprb=881 mstart=0x40 cfg=91 cfgfail=0x0 vhv=0 vpolls=0
1788557693.463340 [PRT] calls=44337 xerr=0 ler=1 lidx=0x0 perr=0 maxcnt=17 addr8=0x52
1788557693.467685 [RTY] wr=0 wmax=0 wref=0  rd=0 rmax=0 rref=0
1788557693.475197 [RNG] frames=11056 last=62 min=49 max=76 nrdy=0 dxfer=0 dstat=0 lst=0 nrdyerr=0 dclr=0
1788557693.481606 [DRV] init=0 id=7 mode=0x1 lib=0x2 seq=0x1 odc=0x8b sts=0xe0 armed=1
1788557693.487087 [TRG] pulses=107 suppressed=1328 cyc=1600 rst=1 rstmode=0x40
1788557693.490321 [HLT] polls=221 faults=0x0 cfglost=0
1788557693.496072 [EFF] n=5 last=58512 min=58450 max=58515 late=0 stuck=0 rderr=0
1788557693.506460 [IMU] init=0 addr=0x68 who=0x68 rst=1 pmrb0=0x40 pmrb=0x1 sr=19 cfg=4 gcfg=0x0 acfg=0x8 icfg=0x30 ien=0x1 armed=1
1788557693.511848 [ACC] reads=11058 stale=11043 rderr=0 ax=63 ay=-65 az=1131
1788557693.514469 [PWR] pm=0x1 drift=0 rderr=0
1788557693.518511 [DWT] ok=1 cyc=2506158311 cyc_per_ms=799996
1788557694.533574 [HB] up_ms=245919 frames=11104 inf=11104 hazard=1435 canary_err=0 q=0 qovr=0
1788557694.544578 [I2C] init=0 gate=0 whoami=0x201e0 wr=0 wrseen=0x27 addr=0x5a ok=69757 err=0 tmo=0 recov=0 pclk1=200000000 sysclk=400000000
1788557694.546060 [NAK] nacks=0
1788557694.550716 [CLK] cpu=800000000 sysb=400000000 pclk1=200000000
1788557694.555428 [TOF] res=0 step=0 id=0xeacc blk=0xeacc10 ctl=0x0
1788557694.560955 [RNG] init=0 step=99 id=0xeacc boot=1 calls=93 xerr=0 dm=1 tb=15
1788557694.567862 [RNG] osc=41 imp=881 imprb=881 mstart=0x40 cfg=91 cfgfail=0x0 vhv=0 vpolls=0
1788557694.574195 [PRT] calls=44533 xerr=0 ler=1 lidx=0x0 perr=0 maxcnt=17 addr8=0x52
1788557694.578201 [RTY] wr=0 wmax=0 wref=0  rd=0 rmax=0 rref=0
1788557694.585971 [RNG] frames=11106 last=66 min=49 max=76 nrdy=0 dxfer=0 dstat=0 lst=0 nrdyerr=0 dclr=0
1788557694.592198 [DRV] init=0 id=7 mode=0x1 lib=0x2 seq=0x1 odc=0x8b sts=0xe0 armed=1
1788557694.597876 [TRG] pulses=107 suppressed=1328 cyc=1600 rst=1 rstmode=0x40
1788557694.601343 [HLT] polls=222 faults=0x0 cfglost=0
1788557694.606956 [EFF] n=5 last=58512 min=58450 max=58515 late=0 stuck=0 rderr=0
1788557694.617751 [IMU] init=0 addr=0x68 who=0x68 rst=1 pmrb0=0x40 pmrb=0x1 sr=19 cfg=4 gcfg=0x0 acfg=0x8 icfg=0x30 ien=0x1 armed=1
1788557694.622565 [ACC] reads=11108 stale=11093 rderr=0 ax=62 ay=-65 az=1125
1788557694.625185 [PWR] pm=0x1 drift=0 rderr=0
1788557694.629201 [DWT] ok=1 cyc=3387758503 cyc_per_ms=800000
1788557695.643934 [HB] up_ms=247021 frames=11154 inf=11154 hazard=1435 canary_err=0 q=0 qovr=0
1788557695.654988 [I2C] init=0 gate=0 whoami=0x201e0 wr=0 wrseen=0x27 addr=0x5a ok=70059 err=0 tmo=0 recov=0 pclk1=200000000 sysclk=400000000
1788557695.656373 [NAK] nacks=0
1788557695.661143 [CLK] cpu=800000000 sysb=400000000 pclk1=200000000
1788557695.666207 [TOF] res=0 step=0 id=0xeacc blk=0xeacc10 ctl=0x0
1788557695.671484 [RNG] init=0 step=99 id=0xeacc boot=1 calls=93 xerr=0 dm=1 tb=15
1788557695.678338 [RNG] osc=41 imp=881 imprb=881 mstart=0x40 cfg=91 cfgfail=0x0 vhv=0 vpolls=0
1788557695.684611 [PRT] calls=44733 xerr=0 ler=1 lidx=0x0 perr=0 maxcnt=17 addr8=0x52
1788557695.688719 [RTY] wr=0 wmax=0 wref=0  rd=0 rmax=0 rref=0
1788557695.696472 [RNG] frames=11156 last=66 min=49 max=76 nrdy=0 dxfer=0 dstat=0 lst=0 nrdyerr=0 dclr=0
1788557695.702745 [DRV] init=0 id=7 mode=0x1 lib=0x2 seq=0x1 odc=0x8b sts=0xe0 armed=1
1788557695.708367 [TRG] pulses=107 suppressed=1328 cyc=1600 rst=1 rstmode=0x40
1788557695.711737 [HLT] polls=223 faults=0x0 cfglost=0
1788557695.717492 [EFF] n=5 last=58512 min=58450 max=58515 late=0 stuck=0 rderr=0
1788557695.727607 [IMU] init=0 addr=0x68 who=0x68 rst=1 pmrb0=0x40 pmrb=0x1 sr=19 cfg=4 gcfg=0x0 acfg=0x8 icfg=0x30 ien=0x1 armed=1
1788557695.733162 [ACC] reads=11158 stale=11143 rderr=0 ax=66 ay=-65 az=1124
1788557695.735754 [PWR] pm=0x1 drift=0 rderr=0
1788557695.739738 [DWT] ok=1 cyc=4269358415 cyc_per_ms=799999
1788557696.754976 [HB] up_ms=248123 frames=11203 inf=11203 hazard=1435 canary_err=0 q=0 qovr=0
1788557696.765997 [I2C] init=0 gate=0 whoami=0x201e0 wr=0 wrseen=0x27 addr=0x5a ok=70361 err=0 tmo=0 recov=0 pclk1=200000000 sysclk=400000000
1788557696.767351 [NAK] nacks=0
1788557696.771961 [CLK] cpu=800000000 sysb=400000000 pclk1=200000000
1788557696.776602 [TOF] res=0 step=0 id=0xeacc blk=0xeacc10 ctl=0x0
1788557696.782576 [RNG] init=0 step=99 id=0xeacc boot=1 calls=93 xerr=0 dm=1 tb=15
1788557696.789362 [RNG] osc=41 imp=881 imprb=881 mstart=0x40 cfg=91 cfgfail=0x0 vhv=0 vpolls=0
1788557696.795466 [PRT] calls=44933 xerr=0 ler=1 lidx=0x0 perr=0 maxcnt=17 addr8=0x52
1788557696.799757 [RTY] wr=0 wmax=0 wref=0  rd=0 rmax=0 rref=0
1788557696.807479 [RNG] frames=11206 last=59 min=49 max=76 nrdy=0 dxfer=0 dstat=0 lst=0 nrdyerr=0 dclr=0
1788557696.813598 [DRV] init=0 id=7 mode=0x1 lib=0x2 seq=0x1 odc=0x8b sts=0xe0 armed=1
1788557696.819226 [TRG] pulses=107 suppressed=1328 cyc=1600 rst=1 rstmode=0x40
1788557696.822586 [HLT] polls=224 faults=0x0 cfglost=0
1788557696.828338 [EFF] n=5 last=58512 min=58450 max=58515 late=0 stuck=0 rderr=0
1788557696.838576 [IMU] init=0 addr=0x68 who=0x68 rst=1 pmrb0=0x40 pmrb=0x1 sr=19 cfg=4 gcfg=0x0 acfg=0x8 icfg=0x30 ien=0x1 armed=1
1788557696.844061 [ACC] reads=11207 stale=11192 rderr=0 ax=64 ay=-65 az=1125
1788557696.846711 [PWR] pm=0x1 drift=0 rderr=0
1788557696.850616 [DWT] ok=1 cyc=856125153 cyc_per_ms=800121
1788557697.865838 [HB] up_ms=249225 frames=11253 inf=11253 hazard=1435 canary_err=0 q=0 qovr=0
1788557697.876932 [I2C] init=0 gate=0 whoami=0x201e0 wr=0 wrseen=0x27 addr=0x5a ok=70663 err=0 tmo=0 recov=0 pclk1=200000000 sysclk=400000000
1788557697.889209 [NAK] nacks=0
1788557697.889352 [CLK] cpu=800000000 sysb=400000000 pclk1=200000000
1788557697.889458 [TOF] res=0 step=0 id=0xeacc blk=0xeacc10 ctl=0x0
1788557697.893341 [RNG] init=0 step=99 id=0xeacc boot=1 calls=93 xerr=0 dm=1 tb=15
1788557697.901379 [RNG] osc=41 imp=881 imprb=881 mstart=0x40 cfg=91 cfgfail=0x0 vhv=0 vpolls=0
1788557697.906336 [PRT] calls=45133 xerr=0 ler=1 lidx=0x0 perr=0 maxcnt=17 addr8=0x52
1788557697.910578 [RTY] wr=0 wmax=0 wref=0  rd=0 rmax=0 rref=0
1788557697.918339 [RNG] frames=11256 last=62 min=49 max=76 nrdy=0 dxfer=0 dstat=0 lst=0 nrdyerr=0 dclr=0
1788557697.924567 [DRV] init=0 id=7 mode=0x1 lib=0x2 seq=0x1 odc=0x8b sts=0xe0 armed=1
1788557697.930061 [TRG] pulses=107 suppressed=1328 cyc=1600 rst=1 rstmode=0x40
1788557697.933565 [HLT] polls=225 faults=0x0 cfglost=0
1788557697.939942 [EFF] n=5 last=58512 min=58450 max=58515 late=0 stuck=0 rderr=0
1788557697.949449 [IMU] init=0 addr=0x68 who=0x68 rst=1 pmrb0=0x40 pmrb=0x1 sr=19 cfg=4 gcfg=0x0 acfg=0x8 icfg=0x30 ien=0x1 armed=1
1788557697.954804 [ACC] reads=11257 stale=11242 rderr=0 ax=64 ay=-66 az=1128
1788557697.957583 [PWR] pm=0x1 drift=0 rderr=0
1788557697.961560 [DWT] ok=1 cyc=1737726021 cyc_per_ms=800000
1788557698.976534 [HB] up_ms=250327 frames=11303 inf=11303 hazard=1435 canary_err=0 q=0 qovr=0
1788557698.987702 [I2C] init=0 gate=0 whoami=0x201e0 wr=0 wrseen=0x27 addr=0x5a ok=70961 err=0 tmo=0 recov=0 pclk1=200000000 sysclk=400000000
1788557698.989047 [NAK] nacks=0
1788557698.993537 [CLK] cpu=800000000 sysb=400000000 pclk1=200000000
1788557698.998047 [TOF] res=0 step=0 id=0xeacc blk=0xeacc10 ctl=0x0
1788557699.004131 [RNG] init=0 step=99 id=0xeacc boot=1 calls=93 xerr=0 dm=1 tb=15
1788557699.011346 [RNG] osc=41 imp=881 imprb=881 mstart=0x40 cfg=91 cfgfail=0x0 vhv=0 vpolls=0
1788557699.017164 [PRT] calls=45333 xerr=0 ler=1 lidx=0x0 perr=0 maxcnt=17 addr8=0x52
1788557699.021169 [RTY] wr=0 wmax=0 wref=0  rd=0 rmax=0 rref=0
1788557699.029038 [RNG] frames=11305 last=66 min=49 max=76 nrdy=0 dxfer=0 dstat=0 lst=0 nrdyerr=0 dclr=0
1788557699.035584 [DRV] init=0 id=7 mode=0x1 lib=0x2 seq=0x1 odc=0x8b sts=0xe0 armed=1
1788557699.040815 [TRG] pulses=107 suppressed=1328 cyc=1600 rst=1 rstmode=0x40
1788557699.044164 [HLT] polls=226 faults=0x0 cfglost=0
1788557699.050032 [EFF] n=5 last=58512 min=58450 max=58515 late=0 stuck=0 rderr=0
1788557699.060163 [IMU] init=0 addr=0x68 who=0x68 rst=1 pmrb0=0x40 pmrb=0x1 sr=19 cfg=4 gcfg=0x0 acfg=0x8 icfg=0x30 ien=0x1 armed=1
1788557699.065547 [ACC] reads=11307 stale=11292 rderr=0 ax=64 ay=-64 az=1123
1788557699.068190 [PWR] pm=0x1 drift=0 rderr=0
1788557699.072300 [DWT] ok=1 cyc=2619191391 cyc_per_ms=799877
1788557700.087156 [HB] up_ms=251429 frames=11353 inf=11353 hazard=1468 canary_err=0 q=0 qovr=0
1788557700.098438 [I2C] init=0 gate=0 whoami=0x201e0 wr=0 wrseen=0x27 addr=0x5a ok=71261 err=0 tmo=0 recov=0 pclk1=200000000 sysclk=400000000
1788557700.099798 [NAK] nacks=0
1788557700.104451 [CLK] cpu=800000000 sysb=400000000 pclk1=200000000
1788557700.108922 [TOF] res=0 step=0 id=0xeacc blk=0xeacc10 ctl=0x0
1788557700.114917 [RNG] init=0 step=99 id=0xeacc boot=1 calls=93 xerr=0 dm=1 tb=15
1788557700.121833 [RNG] osc=41 imp=881 imprb=881 mstart=0x40 cfg=91 cfgfail=0x0 vhv=0 vpolls=0
1788557700.127896 [PRT] calls=45533 xerr=0 ler=1 lidx=0x0 perr=0 maxcnt=17 addr8=0x52
1788557700.131905 [RTY] wr=0 wmax=0 wref=0  rd=0 rmax=0 rref=0
1788557700.139939 [RNG] frames=11355 last=64 min=49 max=76 nrdy=0 dxfer=0 dstat=0 lst=0 nrdyerr=0 dclr=0
1788557700.146051 [DRV] init=0 id=7 mode=0x1 lib=0x2 seq=0x1 odc=0x8b sts=0xe0 armed=1
1788557700.151542 [TRG] pulses=110 suppressed=1361 cyc=1600 rst=1 rstmode=0x40
1788557700.154913 [HLT] polls=227 faults=0x0 cfglost=0
1788557700.160802 [EFF] n=5 last=58512 min=58450 max=58515 late=0 stuck=0 rderr=0
1788557700.171052 [IMU] init=0 addr=0x68 who=0x68 rst=1 pmrb0=0x40 pmrb=0x1 sr=19 cfg=4 gcfg=0x0 acfg=0x8 icfg=0x30 ien=0x1 armed=1
1788557700.176305 [ACC] reads=11357 stale=11342 rderr=0 ax=62 ay=-62 az=1127
1788557700.178898 [PWR] pm=0x1 drift=0 rderr=0
1788557700.183105 [DWT] ok=1 cyc=3500794727 cyc_per_ms=800003
1788557701.198223 [HB] up_ms=252531 frames=11403 inf=11403 hazard=1476 canary_err=0 q=0 qovr=0
1788557701.209413 [I2C] init=0 gate=0 whoami=0x201e0 wr=0 wrseen=0x27 addr=0x5a ok=71563 err=0 tmo=0 recov=0 pclk1=200000000 sysclk=400000000
1788557701.210649 [NAK] nacks=0
1788557701.215284 [CLK] cpu=800000000 sysb=400000000 pclk1=200000000
1788557701.220034 [TOF] res=0 step=0 id=0xeacc blk=0xeacc10 ctl=0x0
1788557701.225658 [RNG] init=0 step=99 id=0xeacc boot=1 calls=93 xerr=0 dm=1 tb=15
1788557701.232788 [RNG] osc=41 imp=881 imprb=881 mstart=0x40 cfg=91 cfgfail=0x0 vhv=0 vpolls=0
1788557701.238769 [PRT] calls=45733 xerr=0 ler=1 lidx=0x0 perr=0 maxcnt=17 addr8=0x52
1788557701.242929 [RTY] wr=0 wmax=0 wref=0  rd=0 rmax=0 rref=0
1788557701.250846 [RNG] frames=11405 last=61 min=49 max=76 nrdy=0 dxfer=0 dstat=0 lst=0 nrdyerr=0 dclr=0
1788557701.257035 [DRV] init=0 id=7 mode=0x1 lib=0x2 seq=0x1 odc=0x8b sts=0xe0 armed=1
1788557701.262537 [TRG] pulses=110 suppressed=1366 cyc=1600 rst=1 rstmode=0x40
1788557701.265917 [HLT] polls=228 faults=0x0 cfglost=0
1788557701.272116 [EFF] n=5 last=58512 min=58450 max=58515 late=0 stuck=0 rderr=0
1788557701.282374 [IMU] init=0 addr=0x68 who=0x68 rst=1 pmrb0=0x40 pmrb=0x1 sr=19 cfg=4 gcfg=0x0 acfg=0x8 icfg=0x30 ien=0x1 armed=1
1788557701.287278 [ACC] reads=11407 stale=11392 rderr=0 ax=62 ay=-65 az=1122
1788557701.289892 [PWR] pm=0x1 drift=0 rderr=0
1788557701.293757 [DWT] ok=1 cyc=87423755 cyc_per_ms=799996
1788557702.309801 [HB] up_ms=253633 frames=11453 inf=11453 hazard=1476 canary_err=0 q=0 qovr=0
1788557702.320931 [I2C] init=0 gate=0 whoami=0x201e0 wr=0 wrseen=0x27 addr=0x5a ok=71865 err=0 tmo=0 recov=0 pclk1=200000000 sysclk=400000000
1788557702.322302 [NAK] nacks=0
1788557702.327011 [CLK] cpu=800000000 sysb=400000000 pclk1=200000000
1788557702.331450 [TOF] res=0 step=0 id=0xeacc blk=0xeacc10 ctl=0x0
1788557702.337310 [RNG] init=0 step=99 id=0xeacc boot=1 calls=93 xerr=0 dm=1 tb=15
1788557702.344254 [RNG] osc=41 imp=881 imprb=881 mstart=0x40 cfg=91 cfgfail=0x0 vhv=0 vpolls=0
1788557702.350409 [PRT] calls=45933 xerr=0 ler=1 lidx=0x0 perr=0 maxcnt=17 addr8=0x52
1788557702.354507 [RTY] wr=0 wmax=0 wref=0  rd=0 rmax=0 rref=0
1788557702.362275 [RNG] frames=11455 last=65 min=49 max=76 nrdy=0 dxfer=0 dstat=0 lst=0 nrdyerr=0 dclr=0
1788557702.368664 [DRV] init=0 id=7 mode=0x1 lib=0x2 seq=0x1 odc=0x8b sts=0xe0 armed=1
1788557702.374161 [TRG] pulses=110 suppressed=1366 cyc=1600 rst=1 rstmode=0x40
1788557702.377497 [HLT] polls=229 faults=0x0 cfglost=0
1788557702.383260 [EFF] n=5 last=58512 min=58450 max=58515 late=0 stuck=0 rderr=0
1788557702.393515 [IMU] init=0 addr=0x68 who=0x68 rst=1 pmrb0=0x40 pmrb=0x1 sr=19 cfg=4 gcfg=0x0 acfg=0x8 icfg=0x30 ien=0x1 armed=1
1788557702.398947 [ACC] reads=11457 stale=11442 rderr=0 ax=65 ay=-64 az=1123
1788557702.401547 [PWR] pm=0x1 drift=0 rderr=0
1788557702.405376 [DWT] ok=1 cyc=969023779 cyc_per_ms=800000
1788557703.421174 [HB] up_ms=254735 frames=11503 inf=11503 hazard=1476 canary_err=0 q=0 qovr=0
1788557703.432742 [I2C] init=0 gate=0 whoami=0x201e0 wr=0 wrseen=0x27 addr=0x5a ok=72167 err=0 tmo=0 recov=0 pclk1=200000000 sysclk=400000000
1788557703.433643 [NAK] nacks=0
1788557703.438262 [CLK] cpu=800000000 sysb=400000000 pclk1=200000000
1788557703.442750 [TOF] res=0 step=0 id=0xeacc blk=0xeacc10 ctl=0x0
1788557703.448867 [RNG] init=0 step=99 id=0xeacc boot=1 calls=93 xerr=0 dm=1 tb=15
1788557703.455753 [RNG] osc=41 imp=881 imprb=881 mstart=0x40 cfg=91 cfgfail=0x0 vhv=0 vpolls=0
1788557703.461782 [PRT] calls=46133 xerr=0 ler=1 lidx=0x0 perr=0 maxcnt=17 addr8=0x52
1788557703.465912 [RTY] wr=0 wmax=0 wref=0  rd=0 rmax=0 rref=0
1788557703.473688 [RNG] frames=11505 last=61 min=49 max=76 nrdy=0 dxfer=0 dstat=0 lst=0 nrdyerr=0 dclr=0
1788557703.480026 [DRV] init=0 id=7 mode=0x1 lib=0x2 seq=0x1 odc=0x8b sts=0xe0 armed=1
1788557703.485495 [TRG] pulses=110 suppressed=1366 cyc=1600 rst=1 rstmode=0x40
1788557703.488927 [HLT] polls=230 faults=0x0 cfglost=0
1788557703.494626 [EFF] n=5 last=58512 min=58450 max=58515 late=0 stuck=0 rderr=0
1788557703.505020 [IMU] init=0 addr=0x68 who=0x68 rst=1 pmrb0=0x40 pmrb=0x1 sr=19 cfg=4 gcfg=0x0 acfg=0x8 icfg=0x30 ien=0x1 armed=1
1788557703.510296 [ACC] reads=11507 stale=11492 rderr=0 ax=63 ay=-65 az=1128
1788557703.512877 [PWR] pm=0x1 drift=0 rderr=0
1788557703.516909 [DWT] ok=1 cyc=1850623739 cyc_per_ms=799999
1788557704.532978 [HB] up_ms=255837 frames=11553 inf=11553 hazard=1476 canary_err=0 q=0 qovr=0
1788557704.543742 [I2C] init=0 gate=0 whoami=0x201e0 wr=0 wrseen=0x27 addr=0x5a ok=72469 err=0 tmo=0 recov=0 pclk1=200000000 sysclk=400000000
1788557704.545127 [NAK] nacks=0
1788557704.550189 [CLK] cpu=800000000 sysb=400000000 pclk1=200000000
1788557704.554243 [TOF] res=0 step=0 id=0xeacc blk=0xeacc10 ctl=0x0
1788557704.560175 [RNG] init=0 step=99 id=0xeacc boot=1 calls=93 xerr=0 dm=1 tb=15
1788557704.569151 [RNG] osc=41 imp=881 imprb=881 mstart=0x40 cfg=91 cfgfail=0x0 vhv=0 vpolls=0
1788557704.573350 [PRT] calls=46330 xerr=0 ler=1 lidx=0x0 perr=0 maxcnt=17 addr8=0x52
1788557704.577392 [RTY] wr=0 wmax=0 wref=0  rd=0 rmax=0 rref=0
1788557704.585161 [RNG] frames=11555 last=62 min=49 max=76 nrdy=0 dxfer=0 dstat=0 lst=0 nrdyerr=0 dclr=0
1788557704.591538 [DRV] init=0 id=7 mode=0x1 lib=0x2 seq=0x1 odc=0x8b sts=0xe0 armed=1
1788557704.596990 [TRG] pulses=110 suppressed=1366 cyc=1600 rst=1 rstmode=0x40
1788557704.600372 [HLT] polls=231 faults=0x0 cfglost=0
1788557704.606128 [EFF] n=5 last=58512 min=58450 max=58515 late=0 stuck=0 rderr=0
1788557704.616500 [IMU] init=0 addr=0x68 who=0x68 rst=1 pmrb0=0x40 pmrb=0x1 sr=19 cfg=4 gcfg=0x0 acfg=0x8 icfg=0x30 ien=0x1 armed=1
1788557704.621743 [ACC] reads=11557 stale=11542 rderr=0 ax=62 ay=-64 az=1124
1788557704.624375 [PWR] pm=0x1 drift=0 rderr=0
1788557704.628381 [DWT] ok=1 cyc=2732224099 cyc_per_ms=800000
1788557705.643789 [HB] up_ms=256939 frames=11603 inf=11603 hazard=1476 canary_err=0 q=0 qovr=0
1788557705.654759 [I2C] init=0 gate=0 whoami=0x201e0 wr=0 wrseen=0x27 addr=0x5a ok=72771 err=0 tmo=0 recov=0 pclk1=200000000 sysclk=400000000
1788557705.656021 [NAK] nacks=0
1788557705.660753 [CLK] cpu=800000000 sysb=400000000 pclk1=200000000
1788557705.665316 [TOF] res=0 step=0 id=0xeacc blk=0xeacc10 ctl=0x0
1788557705.671015 [RNG] init=0 step=99 id=0xeacc boot=1 calls=93 xerr=0 dm=1 tb=15
1788557705.677985 [RNG] osc=41 imp=881 imprb=881 mstart=0x40 cfg=91 cfgfail=0x0 vhv=0 vpolls=0
1788557705.684239 [PRT] calls=46529 xerr=0 ler=1 lidx=0x0 perr=0 maxcnt=17 addr8=0x52
1788557705.688240 [RTY] wr=0 wmax=0 wref=0  rd=0 rmax=0 rref=0
1788557705.696133 [RNG] frames=11605 last=65 min=49 max=76 nrdy=0 dxfer=0 dstat=0 lst=0 nrdyerr=0 dclr=0
1788557705.702263 [DRV] init=0 id=7 mode=0x1 lib=0x2 seq=0x1 odc=0x8b sts=0xe0 armed=1
1788557705.707868 [TRG] pulses=110 suppressed=1366 cyc=1600 rst=1 rstmode=0x40
1788557705.711255 [HLT] polls=232 faults=0x0 cfglost=0
1788557705.717200 [EFF] n=5 last=58512 min=58450 max=58515 late=0 stuck=0 rderr=0
1788557705.727251 [IMU] init=0 addr=0x68 who=0x68 rst=1 pmrb0=0x40 pmrb=0x1 sr=19 cfg=4 gcfg=0x0 acfg=0x8 icfg=0x30 ien=0x1 armed=1
1788557705.732682 [ACC] reads=11607 stale=11592 rderr=0 ax=61 ay=-63 az=1127
1788557705.735262 [PWR] pm=0x1 drift=0 rderr=0
1788557705.739250 [DWT] ok=1 cyc=3613823839 cyc_per_ms=799999
1788557706.755227 [HB] up_ms=258041 frames=11653 inf=11653 hazard=1489 canary_err=0 q=0 qovr=0
1788557706.766470 [I2C] init=0 gate=0 whoami=0x201e0 wr=0 wrseen=0x27 addr=0x5a ok=73073 err=0 tmo=0 recov=0 pclk1=200000000 sysclk=400000000
1788557706.768220 [NAK] nacks=0
1788557706.772563 [CLK] cpu=800000000 sysb=400000000 pclk1=200000000
1788557706.776974 [TOF] res=0 step=0 id=0xeacc blk=0xeacc10 ctl=0x0
1788557706.782784 [RNG] init=0 step=99 id=0xeacc boot=1 calls=93 xerr=0 dm=1 tb=15
1788557706.789726 [RNG] osc=41 imp=881 imprb=881 mstart=0x40 cfg=91 cfgfail=0x0 vhv=0 vpolls=0
1788557706.795981 [PRT] calls=46729 xerr=0 ler=1 lidx=0x0 perr=0 maxcnt=17 addr8=0x52
1788557706.800071 [RTY] wr=0 wmax=0 wref=0  rd=0 rmax=0 rref=0
1788557706.807848 [RNG] frames=11655 last=73 min=49 max=76 nrdy=0 dxfer=0 dstat=0 lst=0 nrdyerr=0 dclr=0
1788557706.813976 [DRV] init=0 id=7 mode=0x1 lib=0x2 seq=0x1 odc=0x8b sts=0xe0 armed=1
1788557706.819652 [TRG] pulses=112 suppressed=1379 cyc=1600 rst=1 rstmode=0x40
1788557706.822974 [HLT] polls=233 faults=0x0 cfglost=0
1788557706.828727 [EFF] n=5 last=58512 min=58450 max=58515 late=0 stuck=0 rderr=0
1788557706.838982 [IMU] init=0 addr=0x68 who=0x68 rst=1 pmrb0=0x40 pmrb=0x1 sr=19 cfg=4 gcfg=0x0 acfg=0x8 icfg=0x30 ien=0x1 armed=1
1788557706.844475 [ACC] reads=11656 stale=11641 rderr=0 ax=63 ay=-63 az=1126
1788557706.847106 [PWR] pm=0x1 drift=0 rderr=0
1788557706.850987 [DWT] ok=1 cyc=200490787 cyc_per_ms=800031
1788557707.866558 [HB] up_ms=259143 frames=11702 inf=11702 hazard=1517 canary_err=0 q=0 qovr=0
1788557707.877547 [I2C] init=0 gate=0 whoami=0x201e0 wr=0 wrseen=0x27 addr=0x5a ok=73375 err=0 tmo=0 recov=0 pclk1=200000000 sysclk=400000000
1788557707.878834 [NAK] nacks=0
1788557707.883510 [CLK] cpu=800000000 sysb=400000000 pclk1=200000000
1788557707.888120 [TOF] res=0 step=0 id=0xeacc blk=0xeacc10 ctl=0x0
1788557707.893960 [RNG] init=0 step=99 id=0xeacc boot=1 calls=93 xerr=0 dm=1 tb=15
1788557707.900844 [RNG] osc=41 imp=881 imprb=881 mstart=0x40 cfg=91 cfgfail=0x0 vhv=0 vpolls=0
1788557707.906969 [PRT] calls=46929 xerr=0 ler=1 lidx=0x0 perr=0 maxcnt=17 addr8=0x52
1788557707.911237 [RTY] wr=0 wmax=0 wref=0  rd=0 rmax=0 rref=0
1788557707.918981 [RNG] frames=11705 last=65 min=49 max=76 nrdy=0 dxfer=0 dstat=0 lst=0 nrdyerr=0 dclr=0
1788557707.925105 [DRV] init=0 id=7 mode=0x1 lib=0x2 seq=0x1 odc=0x8b sts=0xe0 armed=1
1788557707.930721 [TRG] pulses=113 suppressed=1404 cyc=1600 rst=1 rstmode=0x40
1788557707.934135 [HLT] polls=234 faults=0x0 cfglost=0
1788557707.939846 [EFF] n=5 last=58512 min=58450 max=58515 late=0 stuck=0 rderr=0
1788557707.950139 [IMU] init=0 addr=0x68 who=0x68 rst=1 pmrb0=0x40 pmrb=0x1 sr=19 cfg=4 gcfg=0x0 acfg=0x8 icfg=0x30 ien=0x1 armed=1
1788557707.955468 [ACC] reads=11706 stale=11691 rderr=0 ax=64 ay=-62 az=1127
1788557707.958208 [PWR] pm=0x1 drift=0 rderr=0
1788557707.962214 [DWT] ok=1 cyc=1082191677 cyc_per_ms=800091
1788557708.976955 [HB] up_ms=260245 frames=11752 inf=11752 hazard=1517 canary_err=0 q=0 qovr=0
1788557708.987981 [I2C] init=0 gate=0 whoami=0x201e0 wr=0 wrseen=0x27 addr=0x5a ok=73677 err=0 tmo=0 recov=0 pclk1=200000000 sysclk=400000000
1788557708.989353 [NAK] nacks=0
1788557708.993828 [CLK] cpu=800000000 sysb=400000000 pclk1=200000000
1788557708.998457 [TOF] res=0 step=0 id=0xeacc blk=0xeacc10 ctl=0x0
1788557709.004336 [RNG] init=0 step=99 id=0xeacc boot=1 calls=93 xerr=0 dm=1 tb=15
1788557709.011327 [RNG] osc=41 imp=881 imprb=881 mstart=0x40 cfg=91 cfgfail=0x0 vhv=0 vpolls=0
1788557709.017349 [PRT] calls=47129 xerr=0 ler=1 lidx=0x0 perr=0 maxcnt=17 addr8=0x52
1788557709.021579 [RTY] wr=0 wmax=0 wref=0  rd=0 rmax=0 rref=0
1788557709.029327 [RNG] frames=11754 last=67 min=49 max=76 nrdy=0 dxfer=0 dstat=0 lst=0 nrdyerr=0 dclr=0
1788557709.035608 [DRV] init=0 id=7 mode=0x1 lib=0x2 seq=0x1 odc=0x8b sts=0xe0 armed=1
1788557709.041097 [TRG] pulses=113 suppressed=1404 cyc=1600 rst=1 rstmode=0x40
1788557709.044452 [HLT] polls=235 faults=0x0 cfglost=0
1788557709.050968 [EFF] n=5 last=58512 min=58450 max=58515 late=0 stuck=0 rderr=0
1788557709.060478 [IMU] init=0 addr=0x68 who=0x68 rst=1 pmrb0=0x40 pmrb=0x1 sr=19 cfg=4 gcfg=0x0 acfg=0x8 icfg=0x30 ien=0x1 armed=1
1788557709.065986 [ACC] reads=11756 stale=11741 rderr=0 ax=63 ay=-64 az=1124
1788557709.068670 [PWR] pm=0x1 drift=0 rderr=0
1788557709.072577 [DWT] ok=1 cyc=1963762625 cyc_per_ms=799973
1788557710.087347 [HB] up_ms=261347 frames=11802 inf=11802 hazard=1517 canary_err=0 q=0 qovr=0
1788557710.098479 [I2C] init=0 gate=0 whoami=0x201e0 wr=0 wrseen=0x27 addr=0x5a ok=73973 err=0 tmo=0 recov=0 pclk1=200000000 sysclk=400000000
1788557710.099972 [NAK] nacks=0
1788557710.104480 [CLK] cpu=800000000 sysb=400000000 pclk1=200000000
1788557710.108967 [TOF] res=0 step=0 id=0xeacc blk=0xeacc10 ctl=0x0
1788557710.114993 [RNG] init=0 step=99 id=0xeacc boot=1 calls=93 xerr=0 dm=1 tb=15
1788557710.121837 [RNG] osc=41 imp=881 imprb=881 mstart=0x40 cfg=91 cfgfail=0x0 vhv=0 vpolls=0
1788557710.127995 [PRT] calls=47329 xerr=0 ler=1 lidx=0x0 perr=0 maxcnt=17 addr8=0x52
1788557710.131973 [RTY] wr=0 wmax=0 wref=0  rd=0 rmax=0 rref=0
1788557710.139958 [RNG] frames=11804 last=67 min=49 max=76 nrdy=0 dxfer=0 dstat=0 lst=0 nrdyerr=0 dclr=0
1788557710.146092 [DRV] init=0 id=7 mode=0x1 lib=0x2 seq=0x1 odc=0x8b sts=0xe0 armed=1
1788557710.151614 [TRG] pulses=113 suppressed=1404 cyc=1600 rst=1 rstmode=0x40
1788557710.154951 [HLT] polls=236 faults=0x0 cfglost=0
1788557710.160817 [EFF] n=5 last=58512 min=58450 max=58515 late=0 stuck=0 rderr=0
1788557710.170969 [IMU] init=0 addr=0x68 who=0x68 rst=1 pmrb0=0x40 pmrb=0x1 sr=19 cfg=4 gcfg=0x0 acfg=0x8 icfg=0x30 ien=0x1 armed=1
1788557710.176328 [ACC] reads=11806 stale=11791 rderr=0 ax=68 ay=-61 az=1141
1788557710.178951 [PWR] pm=0x1 drift=0 rderr=0
1788557710.183320 [DWT] ok=1 cyc=2845256703 cyc_per_ms=799903
1788557711.197464 [HB] up_ms=262449 frames=11852 inf=11852 hazard=1517 canary_err=0 q=0 qovr=0
1788557711.208693 [I2C] init=0 gate=0 whoami=0x201e0 wr=0 wrseen=0x27 addr=0x5a ok=74275 err=0 tmo=0 recov=0 pclk1=200000000 sysclk=400000000
1788557711.210059 [NAK] nacks=0
1788557711.214560 [CLK] cpu=800000000 sysb=400000000 pclk1=200000000
1788557711.219074 [TOF] res=0 step=0 id=0xeacc blk=0xeacc10 ctl=0x0
1788557711.225066 [RNG] init=0 step=99 id=0xeacc boot=1 calls=93 xerr=0 dm=1 tb=15
1788557711.232067 [RNG] osc=41 imp=881 imprb=881 mstart=0x40 cfg=91 cfgfail=0x0 vhv=0 vpolls=0
1788557711.238071 [PRT] calls=47529 xerr=0 ler=1 lidx=0x0 perr=0 maxcnt=17 addr8=0x52
1788557711.242203 [RTY] wr=0 wmax=0 wref=0  rd=0 rmax=0 rref=0
1788557711.250105 [RNG] frames=11854 last=64 min=49 max=76 nrdy=0 dxfer=0 dstat=0 lst=0 nrdyerr=0 dclr=0
1788557711.256326 [DRV] init=0 id=7 mode=0x1 lib=0x2 seq=0x1 odc=0x8b sts=0xe0 armed=1
1788557711.261817 [TRG] pulses=113 suppressed=1404 cyc=1600 rst=1 rstmode=0x40
1788557711.265148 [HLT] polls=237 faults=0x0 cfglost=0
1788557711.270972 [EFF] n=5 last=58512 min=58450 max=58515 late=0 stuck=0 rderr=0
1788557711.281206 [IMU] init=0 addr=0x68 who=0x68 rst=1 pmrb0=0x40 pmrb=0x1 sr=19 cfg=4 gcfg=0x0 acfg=0x8 icfg=0x30 ien=0x1 armed=1
1788557711.286465 [ACC] reads=11856 stale=11841 rderr=0 ax=63 ay=-64 az=1128
1788557711.289203 [PWR] pm=0x1 drift=0 rderr=0
1788557711.293071 [DWT] ok=1 cyc=3726856659 cyc_per_ms=799999
1788557712.307698 [HB] up_ms=263551 frames=11902 inf=11902 hazard=1517 canary_err=0 q=0 qovr=0
1788557712.318943 [I2C] init=0 gate=0 whoami=0x201e0 wr=0 wrseen=0x27 addr=0x5a ok=74577 err=0 tmo=0 recov=0 pclk1=200000000 sysclk=400000000
1788557712.320931 [NAK] nacks=0
1788557712.324809 [CLK] cpu=800000000 sysb=400000000 pclk1=200000000
1788557712.329313 [TOF] res=0 step=0 id=0xeacc blk=0xeacc10 ctl=0x0
1788557712.335200 [RNG] init=0 step=99 id=0xeacc boot=1 calls=93 xerr=0 dm=1 tb=15
1788557712.342230 [RNG] osc=41 imp=881 imprb=881 mstart=0x40 cfg=91 cfgfail=0x0 vhv=0 vpolls=0
1788557712.348323 [PRT] calls=47729 xerr=0 ler=1 lidx=0x0 perr=0 maxcnt=17 addr8=0x52
1788557712.352456 [RTY] wr=0 wmax=0 wref=0  rd=0 rmax=0 rref=0
1788557712.360316 [RNG] frames=11904 last=63 min=49 max=76 nrdy=0 dxfer=0 dstat=0 lst=0 nrdyerr=0 dclr=0
1788557712.366581 [DRV] init=0 id=7 mode=0x1 lib=0x2 seq=0x1 odc=0x8b sts=0xe0 armed=1
1788557712.372055 [TRG] pulses=113 suppressed=1404 cyc=1600 rst=1 rstmode=0x40
1788557712.375309 [HLT] polls=238 faults=0x0 cfglost=0
1788557712.381057 [EFF] n=5 last=58512 min=58450 max=58515 late=0 stuck=0 rderr=0
1788557712.391451 [IMU] init=0 addr=0x68 who=0x68 rst=1 pmrb0=0x40 pmrb=0x1 sr=19 cfg=4 gcfg=0x0 acfg=0x8 icfg=0x30 ien=0x1 armed=1
1788557712.396703 [ACC] reads=11906 stale=11890 rderr=0 ax=64 ay=-63 az=1126
1788557712.399307 [PWR] pm=0x1 drift=0 rderr=0
1788557712.403333 [DWT] ok=1 cyc=313489595 cyc_per_ms=800000
1788557713.418059 [HB] up_ms=264653 frames=11952 inf=11952 hazard=1517 canary_err=0 q=0 qovr=0
1788557713.429312 [I2C] init=0 gate=0 whoami=0x201e0 wr=0 wrseen=0x27 addr=0x5a ok=74879 err=0 tmo=0 recov=0 pclk1=200000000 sysclk=400000000
1788557713.430687 [NAK] nacks=0
1788557713.435208 [CLK] cpu=800000000 sysb=400000000 pclk1=200000000
1788557713.439693 [TOF] res=0 step=0 id=0xeacc blk=0xeacc10 ctl=0x0
1788557713.445572 [RNG] init=0 step=99 id=0xeacc boot=1 calls=93 xerr=0 dm=1 tb=15
1788557713.452555 [RNG] osc=41 imp=881 imprb=881 mstart=0x40 cfg=91 cfgfail=0x0 vhv=0 vpolls=0
1788557713.458714 [PRT] calls=47929 xerr=0 ler=1 lidx=0x0 perr=0 maxcnt=17 addr8=0x52
1788557713.462819 [RTY] wr=0 wmax=0 wref=0  rd=0 rmax=0 rref=0
1788557713.470657 [RNG] frames=11954 last=66 min=49 max=76 nrdy=0 dxfer=0 dstat=0 lst=0 nrdyerr=0 dclr=0
1788557713.476947 [DRV] init=0 id=7 mode=0x1 lib=0x2 seq=0x1 odc=0x8b sts=0xe0 armed=1
1788557713.482366 [TRG] pulses=113 suppressed=1404 cyc=1600 rst=1 rstmode=0x40
1788557713.485943 [HLT] polls=239 faults=0x0 cfglost=0
1788557713.491424 [EFF] n=5 last=58512 min=58450 max=58515 late=0 stuck=0 rderr=0
1788557713.503316 [IMU] init=0 addr=0x68 who=0x68 rst=1 pmrb0=0x40 pmrb=0x1 sr=19 cfg=4 gcfg=0x0 acfg=0x8 icfg=0x30 ien=0x1 armed=1
1788557713.507059 [ACC] reads=11956 stale=11940 rderr=0 ax=62 ay=-64 az=1127
1788557713.509670 [PWR] pm=0x1 drift=0 rderr=0
1788557713.513676 [DWT] ok=1 cyc=1195089279 cyc_per_ms=799999
1788557714.528822 [HB] up_ms=265755 frames=12002 inf=12002 hazard=1558 canary_err=0 q=0 qovr=0
1788557714.539933 [I2C] init=0 gate=0 whoami=0x201e0 wr=0 wrseen=0x27 addr=0x5a ok=75181 err=0 tmo=0 recov=0 pclk1=200000000 sysclk=400000000
1788557714.541304 [NAK] nacks=0
1788557714.545918 [CLK] cpu=800000000 sysb=400000000 pclk1=200000000
1788557714.550549 [TOF] res=0 step=0 id=0xeacc blk=0xeacc10 ctl=0x0
1788557714.556331 [RNG] init=0 step=99 id=0xeacc boot=1 calls=93 xerr=0 dm=1 tb=15
1788557714.563327 [RNG] osc=41 imp=881 imprb=881 mstart=0x40 cfg=91 cfgfail=0x0 vhv=0 vpolls=0
1788557714.569456 [PRT] calls=48129 xerr=0 ler=1 lidx=0x0 perr=0 maxcnt=17 addr8=0x52
1788557714.574035 [RTY] wr=0 wmax=0 wref=0  rd=0 rmax=0 rref=0
1788557714.581307 [RNG] frames=12004 last=72 min=49 max=76 nrdy=0 dxfer=0 dstat=0 lst=0 nrdyerr=0 dclr=0
1788557714.587821 [DRV] init=0 id=7 mode=0x1 lib=0x2 seq=0x1 odc=0x8b sts=0xe0 armed=1
1788557714.593215 [TRG] pulses=116 suppressed=1442 cyc=1600 rst=1 rstmode=0x40
1788557714.596465 [HLT] polls=240 faults=0x0 cfglost=0
1788557714.603837 [EFF] n=5 last=58512 min=58450 max=58515 late=0 stuck=0 rderr=0
1788557714.612574 [IMU] init=0 addr=0x68 who=0x68 rst=1 pmrb0=0x40 pmrb=0x1 sr=19 cfg=4 gcfg=0x0 acfg=0x8 icfg=0x30 ien=0x1 armed=1
1788557714.617949 [ACC] reads=12006 stale=11990 rderr=0 ax=63 ay=-64 az=1126
1788557714.621373 [PWR] pm=0x1 drift=0 rderr=0
1788557714.624557 [DWT] ok=1 cyc=2076689231 cyc_per_ms=799999
1788557715.640134 [HB] up_ms=266857 frames=12052 inf=12052 hazard=1558 canary_err=0 q=0 qovr=0
1788557715.651098 [I2C] init=0 gate=0 whoami=0x201e0 wr=0 wrseen=0x27 addr=0x5a ok=75483 err=0 tmo=0 recov=0 pclk1=200000000 sysclk=400000000
1788557715.652591 [NAK] nacks=0
1788557715.657215 [CLK] cpu=800000000 sysb=400000000 pclk1=200000000
1788557715.661708 [TOF] res=0 step=0 id=0xeacc blk=0xeacc10 ctl=0x0
1788557715.667586 [RNG] init=0 step=99 id=0xeacc boot=1 calls=93 xerr=0 dm=1 tb=15
1788557715.674446 [RNG] osc=41 imp=881 imprb=881 mstart=0x40 cfg=91 cfgfail=0x0 vhv=0 vpolls=0
1788557715.680783 [PRT] calls=48325 xerr=0 ler=1 lidx=0x0 perr=0 maxcnt=17 addr8=0x52
1788557715.684846 [RTY] wr=0 wmax=0 wref=0  rd=0 rmax=0 rref=0
1788557715.692585 [RNG] frames=12054 last=65 min=49 max=76 nrdy=0 dxfer=0 dstat=0 lst=0 nrdyerr=0 dclr=0
1788557715.698832 [DRV] init=0 id=7 mode=0x1 lib=0x2 seq=0x1 odc=0x8b sts=0xe0 armed=1
1788557715.704449 [TRG] pulses=116 suppressed=1442 cyc=1600 rst=1 rstmode=0x40
1788557715.707830 [HLT] polls=241 faults=0x0 cfglost=0
1788557715.713587 [EFF] n=5 last=58512 min=58450 max=58515 late=0 stuck=0 rderr=0
1788557715.723841 [IMU] init=0 addr=0x68 who=0x68 rst=1 pmrb0=0x40 pmrb=0x1 sr=19 cfg=4 gcfg=0x0 acfg=0x8 icfg=0x30 ien=0x1 armed=1
1788557715.729211 [ACC] reads=12056 stale=12040 rderr=0 ax=62 ay=-63 az=1124
1788557715.731899 [PWR] pm=0x1 drift=0 rderr=0
1788557715.735817 [DWT] ok=1 cyc=2958289319 cyc_per_ms=800000
1788557716.751485 [HB] up_ms=267959 frames=12102 inf=12102 hazard=1558 canary_err=0 q=0 qovr=0
1788557716.762399 [I2C] init=0 gate=0 whoami=0x201e0 wr=0 wrseen=0x27 addr=0x5a ok=75785 err=0 tmo=0 recov=0 pclk1=200000000 sysclk=400000000
1788557716.763768 [NAK] nacks=0
1788557716.768620 [CLK] cpu=800000000 sysb=400000000 pclk1=200000000
1788557716.773065 [TOF] res=0 step=0 id=0xeacc blk=0xeacc10 ctl=0x0
1788557716.778909 [RNG] init=0 step=99 id=0xeacc boot=1 calls=93 xerr=0 dm=1 tb=15
1788557716.785779 [RNG] osc=41 imp=881 imprb=881 mstart=0x40 cfg=91 cfgfail=0x0 vhv=0 vpolls=0
1788557716.792053 [PRT] calls=48525 xerr=0 ler=1 lidx=0x0 perr=0 maxcnt=17 addr8=0x52
1788557716.796181 [RTY] wr=0 wmax=0 wref=0  rd=0 rmax=0 rref=0
1788557716.803957 [RNG] frames=12104 last=65 min=49 max=76 nrdy=0 dxfer=0 dstat=0 lst=0 nrdyerr=0 dclr=0
1788557716.810044 [DRV] init=0 id=7 mode=0x1 lib=0x2 seq=0x1 odc=0x8b sts=0xe0 armed=1
1788557716.815800 [TRG] pulses=116 suppressed=1442 cyc=1600 rst=1 rstmode=0x40
1788557716.819197 [HLT] polls=242 faults=0x0 cfglost=0
1788557716.824942 [EFF] n=5 last=58512 min=58450 max=58515 late=0 stuck=0 rderr=0
1788557716.835225 [IMU] init=0 addr=0x68 who=0x68 rst=1 pmrb0=0x40 pmrb=0x1 sr=19 cfg=4 gcfg=0x0 acfg=0x8 icfg=0x30 ien=0x1 armed=1
1788557716.840571 [ACC] reads=12106 stale=12090 rderr=0 ax=66 ay=-63 az=1123
1788557716.843181 [PWR] pm=0x1 drift=0 rderr=0
1788557716.847176 [DWT] ok=1 cyc=3839889227 cyc_per_ms=799999
1788557717.863042 [HB] up_ms=269061 frames=12151 inf=12151 hazard=1558 canary_err=0 q=0 qovr=0
1788557717.874048 [I2C] init=0 gate=0 whoami=0x201e0 wr=0 wrseen=0x27 addr=0x5a ok=76087 err=0 tmo=0 recov=0 pclk1=200000000 sysclk=400000000
1788557717.875414 [NAK] nacks=0
1788557717.880035 [CLK] cpu=800000000 sysb=400000000 pclk1=200000000
1788557717.884716 [TOF] res=0 step=0 id=0xeacc blk=0xeacc10 ctl=0x0
1788557717.890520 [RNG] init=0 step=99 id=0xeacc boot=1 calls=93 xerr=0 dm=1 tb=15
1788557717.897410 [RNG] osc=41 imp=881 imprb=881 mstart=0x40 cfg=91 cfgfail=0x0 vhv=0 vpolls=0
1788557717.903672 [PRT] calls=48725 xerr=0 ler=1 lidx=0x0 perr=0 maxcnt=17 addr8=0x52
1788557717.907786 [RTY] wr=0 wmax=0 wref=0  rd=0 rmax=0 rref=0
1788557717.915532 [RNG] frames=12154 last=62 min=49 max=76 nrdy=0 dxfer=0 dstat=0 lst=0 nrdyerr=0 dclr=0
1788557717.921810 [DRV] init=0 id=7 mode=0x1 lib=0x2 seq=0x1 odc=0x8b sts=0xe0 armed=1
1788557717.927271 [TRG] pulses=116 suppressed=1442 cyc=1600 rst=1 rstmode=0x40
1788557717.930776 [HLT] polls=243 faults=0x0 cfglost=0
1788557717.936544 [EFF] n=5 last=58512 min=58450 max=58515 late=0 stuck=0 rderr=0
1788557717.946667 [IMU] init=0 addr=0x68 who=0x68 rst=1 pmrb0=0x40 pmrb=0x1 sr=19 cfg=4 gcfg=0x0 acfg=0x8 icfg=0x30 ien=0x1 armed=1
1788557717.952173 [ACC] reads=12155 stale=12139 rderr=0 ax=63 ay=-64 az=1127
1788557717.954768 [PWR] pm=0x1 drift=0 rderr=0
1788557717.958651 [DWT] ok=1 cyc=426655941 cyc_per_ms=800121
1788557718.974562 [HB] up_ms=270163 frames=12201 inf=12201 hazard=1558 canary_err=0 q=0 qovr=0
1788557718.985553 [I2C] init=0 gate=0 whoami=0x201e0 wr=0 wrseen=0x27 addr=0x5a ok=76389 err=0 tmo=0 recov=0 pclk1=200000000 sysclk=400000000
1788557718.986909 [NAK] nacks=0
1788557718.991679 [CLK] cpu=800000000 sysb=400000000 pclk1=200000000
1788557718.996187 [TOF] res=0 step=0 id=0xeacc blk=0xeacc10 ctl=0x0
1788557719.002028 [RNG] init=0 step=99 id=0xeacc boot=1 calls=93 xerr=0 dm=1 tb=15
1788557719.008897 [RNG] osc=41 imp=881 imprb=881 mstart=0x40 cfg=91 cfgfail=0x0 vhv=0 vpolls=0
1788557719.015012 [PRT] calls=48925 xerr=0 ler=1 lidx=0x0 perr=0 maxcnt=17 addr8=0x52
1788557719.019346 [RTY] wr=0 wmax=0 wref=0  rd=0 rmax=0 rref=0
1788557719.027034 [RNG] frames=12204 last=71 min=49 max=76 nrdy=0 dxfer=0 dstat=0 lst=0 nrdyerr=0 dclr=0
1788557719.033285 [DRV] init=0 id=7 mode=0x1 lib=0x2 seq=0x1 odc=0x8b sts=0xe0 armed=1
1788557719.038796 [TRG] pulses=116 suppressed=1442 cyc=1600 rst=1 rstmode=0x40
1788557719.042274 [HLT] polls=244 faults=0x0 cfglost=0
1788557719.048019 [EFF] n=5 last=58512 min=58450 max=58515 late=0 stuck=0 rderr=0
1788557719.058277 [IMU] init=0 addr=0x68 who=0x68 rst=1 pmrb0=0x40 pmrb=0x1 sr=19 cfg=4 gcfg=0x0 acfg=0x8 icfg=0x30 ien=0x1 armed=1
1788557719.063528 [ACC] reads=12205 stale=12189 rderr=0 ax=65 ay=-65 az=1125
1788557719.066480 [PWR] pm=0x1 drift=0 rderr=0
1788557719.070384 [DWT] ok=1 cyc=1308256797 cyc_per_ms=800000
1788557720.086298 [HB] up_ms=271265 frames=12251 inf=12251 hazard=1558 canary_err=0 q=0 qovr=0
1788557720.097391 [I2C] init=0 gate=0 whoami=0x201e0 wr=0 wrseen=0x27 addr=0x5a ok=76687 err=0 tmo=0 recov=0 pclk1=200000000 sysclk=400000000
1788557720.098795 [NAK] nacks=0
1788557720.103423 [CLK] cpu=800000000 sysb=400000000 pclk1=200000000
1788557720.108023 [TOF] res=0 step=0 id=0xeacc blk=0xeacc10 ctl=0x0
1788557720.113895 [RNG] init=0 step=99 id=0xeacc boot=1 calls=93 xerr=0 dm=1 tb=15
1788557720.120805 [RNG] osc=41 imp=881 imprb=881 mstart=0x40 cfg=91 cfgfail=0x0 vhv=0 vpolls=0
1788557720.126877 [PRT] calls=49125 xerr=0 ler=1 lidx=0x0 perr=0 maxcnt=17 addr8=0x52
1788557720.131002 [RTY] wr=0 wmax=0 wref=0  rd=0 rmax=0 rref=0
1788557720.138982 [RNG] frames=12253 last=60 min=49 max=76 nrdy=0 dxfer=0 dstat=0 lst=0 nrdyerr=0 dclr=0
1788557720.145153 [DRV] init=0 id=7 mode=0x1 lib=0x2 seq=0x1 odc=0x8b sts=0xe0 armed=1
1788557720.150631 [TRG] pulses=116 suppressed=1442 cyc=1600 rst=1 rstmode=0x40
1788557720.154010 [HLT] polls=245 faults=0x0 cfglost=0
1788557720.159904 [EFF] n=5 last=58512 min=58450 max=58515 late=0 stuck=0 rderr=0
1788557720.171229 [IMU] init=0 addr=0x68 who=0x68 rst=1 pmrb0=0x40 pmrb=0x1 sr=19 cfg=4 gcfg=0x0 acfg=0x8 icfg=0x30 ien=0x1 armed=1
1788557720.175375 [ACC] reads=12255 stale=12239 rderr=0 ax=65 ay=-66 az=1126
1788557720.177995 [PWR] pm=0x1 drift=0 rderr=0
1788557720.182156 [DWT] ok=1 cyc=2189722199 cyc_per_ms=799877
1788557721.197628 [HB] up_ms=272367 frames=12301 inf=12301 hazard=1579 canary_err=0 q=0 qovr=0
1788557721.208762 [I2C] init=0 gate=0 whoami=0x201e0 wr=0 wrseen=0x27 addr=0x5a ok=76987 err=0 tmo=0 recov=0 pclk1=200000000 sysclk=400000000
1788557721.210160 [NAK] nacks=0
1788557721.214763 [CLK] cpu=800000000 sysb=400000000 pclk1=200000000
1788557721.219266 [TOF] res=0 step=0 id=0xeacc blk=0xeacc10 ctl=0x0
1788557721.225254 [RNG] init=0 step=99 id=0xeacc boot=1 calls=93 xerr=0 dm=1 tb=15
1788557721.232166 [RNG] osc=41 imp=881 imprb=881 mstart=0x40 cfg=91 cfgfail=0x0 vhv=0 vpolls=0
1788557721.238598 [PRT] calls=49325 xerr=0 ler=1 lidx=0x0 perr=0 maxcnt=17 addr8=0x52
1788557721.242394 [RTY] wr=0 wmax=0 wref=0  rd=0 rmax=0 rref=0
1788557721.250329 [RNG] frames=12303 last=65 min=49 max=76 nrdy=0 dxfer=0 dstat=0 lst=0 nrdyerr=0 dclr=0
1788557721.256488 [DRV] init=0 id=7 mode=0x1 lib=0x2 seq=0x1 odc=0x8b sts=0xe0 armed=1
1788557721.262031 [TRG] pulses=118 suppressed=1464 cyc=1600 rst=1 rstmode=0x40
1788557721.265450 [HLT] polls=246 faults=0x0 cfglost=0
1788557721.271261 [EFF] n=5 last=58512 min=58450 max=58515 late=0 stuck=0 rderr=0
1788557721.281492 [IMU] init=0 addr=0x68 who=0x68 rst=1 pmrb0=0x40 pmrb=0x1 sr=19 cfg=4 gcfg=0x0 acfg=0x8 icfg=0x30 ien=0x1 armed=1
1788557721.286751 [ACC] reads=12305 stale=12289 rderr=0 ax=65 ay=-64 az=1128
1788557721.289367 [PWR] pm=0x1 drift=0 rderr=0
1788557721.293505 [DWT] ok=1 cyc=3071325567 cyc_per_ms=800003
1788557722.309382 [HB] up_ms=273469 frames=12351 inf=12351 hazard=1599 canary_err=0 q=0 qovr=0
1788557722.321215 [I2C] init=0 gate=0 whoami=0x201e0 wr=0 wrseen=0x27 addr=0x5a ok=77289 err=0 tmo=0 recov=0 pclk1=200000000 sysclk=400000000
1788557722.322007 [NAK] nacks=0
1788557722.326611 [CLK] cpu=800000000 sysb=400000000 pclk1=200000000
1788557722.331135 [TOF] res=0 step=0 id=0xeacc blk=0xeacc10 ctl=0x0
1788557722.337144 [RNG] init=0 step=99 id=0xeacc boot=1 calls=93 xerr=0 dm=1 tb=15
1788557722.344008 [RNG] osc=41 imp=881 imprb=881 mstart=0x40 cfg=91 cfgfail=0x0 vhv=0 vpolls=0
1788557722.350164 [PRT] calls=49525 xerr=0 ler=1 lidx=0x0 perr=0 maxcnt=17 addr8=0x52
1788557722.354164 [RTY] wr=0 wmax=0 wref=0  rd=0 rmax=0 rref=0
1788557722.362155 [RNG] frames=12353 last=61 min=49 max=76 nrdy=0 dxfer=0 dstat=0 lst=0 nrdyerr=0 dclr=0
1788557722.368386 [DRV] init=0 id=7 mode=0x1 lib=0x2 seq=0x1 odc=0x8b sts=0xe0 armed=1
1788557722.373870 [TRG] pulses=119 suppressed=1480 cyc=1600 rst=1 rstmode=0x40
1788557722.377605 [HLT] polls=247 faults=0x0 cfglost=0
1788557722.382987 [EFF] n=5 last=58512 min=58450 max=58515 late=0 stuck=0 rderr=0
1788557722.395195 [IMU] init=0 addr=0x68 who=0x68 rst=1 pmrb0=0x40 pmrb=0x1 sr=19 cfg=4 gcfg=0x0 acfg=0x8 icfg=0x30 ien=0x1 armed=1
1788557722.399056 [ACC] reads=12355 stale=12339 rderr=0 ax=64 ay=-64 az=1124
1788557722.401328 [PWR] pm=0x1 drift=0 rderr=0
1788557722.406169 [DWT] ok=1 cyc=3952921783 cyc_per_ms=799996
1788557723.421498 [HB] up_ms=274571 frames=12401 inf=12401 hazard=1599 canary_err=0 q=0 qovr=0
1788557723.432742 [I2C] init=0 gate=0 whoami=0x201e0 wr=0 wrseen=0x27 addr=0x5a ok=77591 err=0 tmo=0 recov=0 pclk1=200000000 sysclk=400000000
1788557723.434041 [NAK] nacks=0
1788557723.438613 [CLK] cpu=800000000 sysb=400000000 pclk1=200000000
1788557723.443099 [TOF] res=0 step=0 id=0xeacc blk=0xeacc10 ctl=0x0
1788557723.448979 [RNG] init=0 step=99 id=0xeacc boot=1 calls=93 xerr=0 dm=1 tb=15
1788557723.456119 [RNG] osc=41 imp=881 imprb=881 mstart=0x40 cfg=91 cfgfail=0x0 vhv=0 vpolls=0
1788557723.462235 [PRT] calls=49725 xerr=0 ler=1 lidx=0x0 perr=0 maxcnt=17 addr8=0x52
1788557723.466351 [RTY] wr=0 wmax=0 wref=0  rd=0 rmax=0 rref=0
1788557723.473991 [RNG] frames=12403 last=64 min=49 max=76 nrdy=0 dxfer=0 dstat=0 lst=0 nrdyerr=0 dclr=0
1788557723.480348 [DRV] init=0 id=7 mode=0x1 lib=0x2 seq=0x1 odc=0x8b sts=0xe0 armed=1
1788557723.485857 [TRG] pulses=119 suppressed=1480 cyc=1600 rst=1 rstmode=0x40
1788557723.489241 [HLT] polls=248 faults=0x0 cfglost=0
1788557723.494977 [EFF] n=5 last=58512 min=58450 max=58515 late=0 stuck=0 rderr=0
1788557723.505374 [IMU] init=0 addr=0x68 who=0x68 rst=1 pmrb0=0x40 pmrb=0x1 sr=19 cfg=4 gcfg=0x0 acfg=0x8 icfg=0x30 ien=0x1 armed=1
1788557723.510726 [ACC] reads=12405 stale=12389 rderr=0 ax=62 ay=-66 az=1128
1788557723.513361 [PWR] pm=0x1 drift=0 rderr=0
1788557723.518546 [DWT] ok=1 cyc=539554555 cyc_per_ms=800000
1788557724.533128 [HB] up_ms=275673 frames=12451 inf=12451 hazard=1599 canary_err=0 q=0 qovr=0
1788557724.544359 [I2C] init=0 gate=0 whoami=0x201e0 wr=0 wrseen=0x27 addr=0x5a ok=77893 err=0 tmo=0 recov=0 pclk1=200000000 sysclk=400000000
1788557724.545651 [NAK] nacks=0
1788557724.550281 [CLK] cpu=800000000 sysb=400000000 pclk1=200000000
1788557724.554902 [TOF] res=0 step=0 id=0xeacc blk=0xeacc10 ctl=0x0
1788557724.560595 [RNG] init=0 step=99 id=0xeacc boot=1 calls=93 xerr=0 dm=1 tb=15
1788557724.567606 [RNG] osc=41 imp=881 imprb=881 mstart=0x40 cfg=91 cfgfail=0x0 vhv=0 vpolls=0
1788557724.573714 [PRT] calls=49925 xerr=0 ler=1 lidx=0x0 perr=0 maxcnt=17 addr8=0x52
1788557724.577848 [RTY] wr=0 wmax=0 wref=0  rd=0 rmax=0 rref=0
1788557724.586510 [RNG] frames=12453 last=66 min=49 max=76 nrdy=0 dxfer=0 dstat=0 lst=0 nrdyerr=0 dclr=0
1788557724.591970 [DRV] init=0 id=7 mode=0x1 lib=0x2 seq=0x1 odc=0x8b sts=0xe0 armed=1
1788557724.597483 [TRG] pulses=119 suppressed=1480 cyc=1600 rst=1 rstmode=0x40
1788557724.600775 [HLT] polls=249 faults=0x0 cfglost=0
1788557724.606481 [EFF] n=5 last=58512 min=58450 max=58515 late=0 stuck=0 rderr=0
1788557724.617380 [IMU] init=0 addr=0x68 who=0x68 rst=1 pmrb0=0x40 pmrb=0x1 sr=19 cfg=4 gcfg=0x0 acfg=0x8 icfg=0x30 ien=0x1 armed=1
1788557724.622220 [ACC] reads=12455 stale=12438 rderr=0 ax=64 ay=-65 az=1129
1788557724.624840 [PWR] pm=0x1 drift=0 rderr=0
1788557724.628839 [DWT] ok=1 cyc=1421154507 cyc_per_ms=799999
1788557725.643986 [HB] up_ms=276775 frames=12501 inf=12501 hazard=1599 canary_err=0 q=0 qovr=0
1788557725.655126 [I2C] init=0 gate=0 whoami=0x201e0 wr=0 wrseen=0x27 addr=0x5a ok=78195 err=0 tmo=0 recov=0 pclk1=200000000 sysclk=400000000
1788557725.656461 [NAK] nacks=0
1788557725.661103 [CLK] cpu=800000000 sysb=400000000 pclk1=200000000
1788557725.665618 [TOF] res=0 step=0 id=0xeacc blk=0xeacc10 ctl=0x0
1788557725.671473 [RNG] init=0 step=99 id=0xeacc boot=1 calls=93 xerr=0 dm=1 tb=15
1788557725.678475 [RNG] osc=41 imp=881 imprb=881 mstart=0x40 cfg=91 cfgfail=0x0 vhv=0 vpolls=0
1788557725.684703 [PRT] calls=50122 xerr=0 ler=1 lidx=0x0 perr=0 maxcnt=17 addr8=0x52
1788557725.688716 [RTY] wr=0 wmax=0 wref=0  rd=0 rmax=0 rref=0
1788557725.696470 [RNG] frames=12503 last=62 min=49 max=76 nrdy=0 dxfer=0 dstat=0 lst=0 nrdyerr=0 dclr=0
1788557725.702884 [DRV] init=0 id=7 mode=0x1 lib=0x2 seq=0x1 odc=0x8b sts=0xe0 armed=1
1788557725.708364 [TRG] pulses=119 suppressed=1480 cyc=1600 rst=1 rstmode=0x40
1788557725.711722 [HLT] polls=250 faults=0x0 cfglost=0
1788557725.717590 [EFF] n=5 last=58512 min=58450 max=58515 late=0 stuck=0 rderr=0
1788557725.727738 [IMU] init=0 addr=0x68 who=0x68 rst=1 pmrb0=0x40 pmrb=0x1 sr=19 cfg=4 gcfg=0x0 acfg=0x8 icfg=0x30 ien=0x1 armed=1
1788557725.733168 [ACC] reads=12505 stale=12488 rderr=0 ax=64 ay=-64 az=1129
1788557725.735707 [PWR] pm=0x1 drift=0 rderr=0
1788557725.739932 [DWT] ok=1 cyc=2302754959 cyc_per_ms=800000
1788557726.755352 [HB] up_ms=277877 frames=12551 inf=12551 hazard=1599 canary_err=0 q=0 qovr=0
1788557726.766376 [I2C] init=0 gate=0 whoami=0x201e0 wr=0 wrseen=0x27 addr=0x5a ok=78497 err=0 tmo=0 recov=0 pclk1=200000000 sysclk=400000000
1788557726.767714 [NAK] nacks=0
1788557726.772473 [CLK] cpu=800000000 sysb=400000000 pclk1=200000000
1788557726.776990 [TOF] res=0 step=0 id=0xeacc blk=0xeacc10 ctl=0x0
1788557726.782848 [RNG] init=0 step=99 id=0xeacc boot=1 calls=93 xerr=0 dm=1 tb=15
1788557726.789729 [RNG] osc=41 imp=881 imprb=881 mstart=0x40 cfg=91 cfgfail=0x0 vhv=0 vpolls=0
1788557726.795969 [PRT] calls=50321 xerr=0 ler=1 lidx=0x0 perr=0 maxcnt=17 addr8=0x52
1788557726.800134 [RTY] wr=0 wmax=0 wref=0  rd=0 rmax=0 rref=0
1788557726.807846 [RNG] frames=12553 last=64 min=49 max=76 nrdy=0 dxfer=0 dstat=0 lst=0 nrdyerr=0 dclr=0
1788557726.813979 [DRV] init=0 id=7 mode=0x1 lib=0x2 seq=0x1 odc=0x8b sts=0xe0 armed=1
1788557726.819742 [TRG] pulses=119 suppressed=1480 cyc=1600 rst=1 rstmode=0x40
1788557726.822975 [HLT] polls=251 faults=0x0 cfglost=0
1788557726.828725 [EFF] n=5 last=58512 min=58450 max=58515 late=0 stuck=0 rderr=0
1788557726.839137 [IMU] init=0 addr=0x68 who=0x68 rst=1 pmrb0=0x40 pmrb=0x1 sr=19 cfg=4 gcfg=0x0 acfg=0x8 icfg=0x30 ien=0x1 armed=1
1788557726.844472 [ACC] reads=12555 stale=12538 rderr=0 ax=63 ay=-65 az=1125
1788557726.847135 [PWR] pm=0x1 drift=0 rderr=0
1788557726.851135 [DWT] ok=1 cyc=3184354727 cyc_per_ms=799999
1788557727.866946 [HB] up_ms=278979 frames=12601 inf=12601 hazard=1600 canary_err=0 q=0 qovr=0
1788557727.878072 [I2C] init=0 gate=0 whoami=0x201e0 wr=0 wrseen=0x27 addr=0x5a ok=78799 err=0 tmo=0 recov=0 pclk1=200000000 sysclk=400000000
1788557727.879319 [NAK] nacks=0
1788557727.884306 [CLK] cpu=800000000 sysb=400000000 pclk1=200000000
1788557727.888629 [TOF] res=0 step=0 id=0xeacc blk=0xeacc10 ctl=0x0
1788557727.894478 [RNG] init=0 step=99 id=0xeacc boot=1 calls=93 xerr=0 dm=1 tb=15
1788557727.901324 [RNG] osc=41 imp=881 imprb=881 mstart=0x40 cfg=91 cfgfail=0x0 vhv=0 vpolls=0
1788557727.907589 [PRT] calls=50521 xerr=0 ler=1 lidx=0x0 perr=0 maxcnt=17 addr8=0x52
1788557727.911698 [RTY] wr=0 wmax=0 wref=0  rd=0 rmax=0 rref=0
1788557727.919472 [RNG] frames=12603 last=63 min=49 max=76 nrdy=0 dxfer=0 dstat=0 lst=0 nrdyerr=0 dclr=0
1788557727.925702 [DRV] init=0 id=7 mode=0x1 lib=0x2 seq=0x1 odc=0x8b sts=0xe0 armed=1
1788557727.931336 [TRG] pulses=120 suppressed=1482 cyc=1600 rst=1 rstmode=0x40
1788557727.935450 [HLT] polls=252 faults=0x0 cfglost=0
1788557727.940544 [EFF] n=5 last=58512 min=58450 max=58515 late=0 stuck=0 rderr=0
1788557727.951006 [IMU] init=0 addr=0x68 who=0x68 rst=1 pmrb0=0x40 pmrb=0x1 sr=19 cfg=4 gcfg=0x0 acfg=0x8 icfg=0x30 ien=0x1 armed=1
1788557727.956105 [ACC] reads=12604 stale=12587 rderr=0 ax=64 ay=-65 az=1123
1788557727.958816 [PWR] pm=0x1 drift=0 rderr=0
1788557727.962690 [DWT] ok=1 cyc=4065986235 cyc_per_ms=800028
1788557728.978962 [HB] up_ms=280081 frames=12650 inf=12650 hazard=1640 canary_err=0 q=0 qovr=0
1788557728.989982 [I2C] init=0 gate=0 whoami=0x201e0 wr=0 wrseen=0x27 addr=0x5a ok=79101 err=0 tmo=0 recov=0 pclk1=200000000 sysclk=400000000
1788557728.991345 [NAK] nacks=0
1788557728.996750 [CLK] cpu=800000000 sysb=400000000 pclk1=200000000
1788557729.000605 [TOF] res=0 step=0 id=0xeacc blk=0xeacc10 ctl=0x0
1788557729.006478 [RNG] init=0 step=99 id=0xeacc boot=1 calls=93 xerr=0 dm=1 tb=15
1788557729.013310 [RNG] osc=41 imp=881 imprb=881 mstart=0x40 cfg=91 cfgfail=0x0 vhv=0 vpolls=0
1788557729.019448 [PRT] calls=50721 xerr=0 ler=1 lidx=0x0 perr=0 maxcnt=17 addr8=0x52
1788557729.023718 [RTY] wr=0 wmax=0 wref=0  rd=0 rmax=0 rref=0
1788557729.031433 [RNG] frames=12653 last=63 min=49 max=76 nrdy=0 dxfer=0 dstat=0 lst=0 nrdyerr=0 dclr=0
1788557729.038300 [DRV] init=0 id=7 mode=0x1 lib=0x2 seq=0x1 odc=0x8b sts=0xe0 armed=1
1788557729.043295 [TRG] pulses=122 suppressed=1518 cyc=1600 rst=1 rstmode=0x40
1788557729.048023 [HLT] polls=253 faults=0x0 cfglost=0
1788557729.052480 [EFF] n=5 last=58512 min=58450 max=58515 late=0 stuck=0 rderr=0
1788557729.062563 [IMU] init=0 addr=0x68 who=0x68 rst=1 pmrb0=0x40 pmrb=0x1 sr=19 cfg=4 gcfg=0x0 acfg=0x8 icfg=0x30 ien=0x1 armed=1
1788557729.068108 [ACC] reads=12654 stale=12637 rderr=0 ax=63 ay=-65 az=1126
1788557729.070808 [PWR] pm=0x1 drift=0 rderr=0
1788557729.074681 [DWT] ok=1 cyc=652722493 cyc_per_ms=800093
1788557730.090455 [HB] up_ms=281183 frames=12700 inf=12700 hazard=1640 canary_err=0 q=0 qovr=0
1788557730.101452 [I2C] init=0 gate=0 whoami=0x201e0 wr=0 wrseen=0x27 addr=0x5a ok=79403 err=0 tmo=0 recov=0 pclk1=200000000 sysclk=400000000
1788557730.102884 [NAK] nacks=0
1788557730.107336 [CLK] cpu=800000000 sysb=400000000 pclk1=200000000
1788557730.111947 [TOF] res=0 step=0 id=0xeacc blk=0xeacc10 ctl=0x0
1788557730.117952 [RNG] init=0 step=99 id=0xeacc boot=1 calls=93 xerr=0 dm=1 tb=15
1788557730.124832 [RNG] osc=41 imp=881 imprb=881 mstart=0x40 cfg=91 cfgfail=0x0 vhv=0 vpolls=0
1788557730.130968 [PRT] calls=50921 xerr=0 ler=1 lidx=0x0 perr=0 maxcnt=17 addr8=0x52
1788557730.135119 [RTY] wr=0 wmax=0 wref=0  rd=0 rmax=0 rref=0
1788557730.142942 [RNG] frames=12702 last=61 min=49 max=76 nrdy=0 dxfer=0 dstat=0 lst=0 nrdyerr=0 dclr=0
1788557730.149101 [DRV] init=0 id=7 mode=0x1 lib=0x2 seq=0x1 odc=0x8b sts=0xe0 armed=1
1788557730.154591 [TRG] pulses=122 suppressed=1518 cyc=1600 rst=1 rstmode=0x40
1788557730.158066 [HLT] polls=254 faults=0x0 cfglost=0
1788557730.163808 [EFF] n=5 last=58512 min=58450 max=58515 late=0 stuck=0 rderr=0
1788557730.174061 [IMU] init=0 addr=0x68 who=0x68 rst=1 pmrb0=0x40 pmrb=0x1 sr=19 cfg=4 gcfg=0x0 acfg=0x8 icfg=0x30 ien=0x1 armed=1
1788557730.179302 [ACC] reads=12704 stale=12687 rderr=0 ax=63 ay=-66 az=1124
1788557730.182185 [PWR] pm=0x1 drift=0 rderr=0
1788557730.186175 [DWT] ok=1 cyc=1534293413 cyc_per_ms=799973
1788557731.201794 [HB] up_ms=282285 frames=12750 inf=12750 hazard=1640 canary_err=0 q=0 qovr=0
1788557731.213037 [I2C] init=0 gate=0 whoami=0x201e0 wr=0 wrseen=0x27 addr=0x5a ok=79699 err=0 tmo=0 recov=0 pclk1=200000000 sysclk=400000000
1788557731.214414 [NAK] nacks=0
1788557731.218922 [CLK] cpu=800000000 sysb=400000000 pclk1=200000000
1788557731.223540 [TOF] res=0 step=0 id=0xeacc blk=0xeacc10 ctl=0x0
1788557731.229557 [RNG] init=0 step=99 id=0xeacc boot=1 calls=93 xerr=0 dm=1 tb=15
1788557731.236428 [RNG] osc=41 imp=881 imprb=881 mstart=0x40 cfg=91 cfgfail=0x0 vhv=0 vpolls=0
1788557731.242542 [PRT] calls=51121 xerr=0 ler=1 lidx=0x0 perr=0 maxcnt=17 addr8=0x52
1788557731.246542 [RTY] wr=0 wmax=0 wref=0  rd=0 rmax=0 rref=0
1788557731.254641 [RNG] frames=12752 last=64 min=49 max=76 nrdy=0 dxfer=0 dstat=0 lst=0 nrdyerr=0 dclr=0
1788557731.260789 [DRV] init=0 id=7 mode=0x1 lib=0x2 seq=0x1 odc=0x8b sts=0xe0 armed=1
1788557731.266163 [TRG] pulses=122 suppressed=1518 cyc=1600 rst=1 rstmode=0x40
1788557731.269570 [HLT] polls=255 faults=0x0 cfglost=0
1788557731.275547 [EFF] n=5 last=58512 min=58450 max=58515 late=0 stuck=0 rderr=0
1788557731.285684 [IMU] init=0 addr=0x68 who=0x68 rst=1 pmrb0=0x40 pmrb=0x1 sr=19 cfg=4 gcfg=0x0 acfg=0x8 icfg=0x30 ien=0x1 armed=1
1788557731.291056 [ACC] reads=12754 stale=12736 rderr=0 ax=62 ay=-63 az=1122
1788557731.293687 [PWR] pm=0x1 drift=0 rderr=0
1788557731.297822 [DWT] ok=1 cyc=2415787663 cyc_per_ms=799904
1788557732.313788 [HB] up_ms=283387 frames=12800 inf=12800 hazard=1640 canary_err=0 q=0 qovr=0
1788557732.325057 [I2C] init=0 gate=0 whoami=0x201e0 wr=0 wrseen=0x27 addr=0x5a ok=80001 err=0 tmo=0 recov=0 pclk1=200000000 sysclk=400000000
1788557732.326409 [NAK] nacks=0
1788557732.330919 [CLK] cpu=800000000 sysb=400000000 pclk1=200000000
1788557732.335572 [TOF] res=0 step=0 id=0xeacc blk=0xeacc10 ctl=0x0
1788557732.341451 [RNG] init=0 step=99 id=0xeacc boot=1 calls=93 xerr=0 dm=1 tb=15
1788557732.348417 [RNG] osc=41 imp=881 imprb=881 mstart=0x40 cfg=91 cfgfail=0x0 vhv=0 vpolls=0
1788557732.354552 [PRT] calls=51321 xerr=0 ler=1 lidx=0x0 perr=0 maxcnt=17 addr8=0x52
1788557732.358535 [RTY] wr=0 wmax=0 wref=0  rd=0 rmax=0 rref=0
1788557732.366546 [RNG] frames=12802 last=64 min=49 max=76 nrdy=0 dxfer=0 dstat=0 lst=0 nrdyerr=0 dclr=0
1788557732.372673 [DRV] init=0 id=7 mode=0x1 lib=0x2 seq=0x1 odc=0x8b sts=0xe0 armed=1
1788557732.378238 [TRG] pulses=122 suppressed=1518 cyc=1600 rst=1 rstmode=0x40
1788557732.381539 [HLT] polls=256 faults=0x0 cfglost=0
1788557732.387302 [EFF] n=5 last=58512 min=58450 max=58515 late=0 stuck=0 rderr=0
1788557732.397549 [IMU] init=0 addr=0x68 who=0x68 rst=1 pmrb0=0x40 pmrb=0x1 sr=19 cfg=4 gcfg=0x0 acfg=0x8 icfg=0x30 ien=0x1 armed=1
1788557732.402951 [ACC] reads=12804 stale=12786 rderr=0 ax=63 ay=-66 az=1128
1788557732.405545 [PWR] pm=0x1 drift=0 rderr=0
1788557732.409554 [DWT] ok=1 cyc=3297387439 cyc_per_ms=799999
1788557733.425684 [HB] up_ms=284489 frames=12850 inf=12850 hazard=1640 canary_err=0 q=0 qovr=0
1788557733.436940 [I2C] init=0 gate=0 whoami=0x201e0 wr=0 wrseen=0x27 addr=0x5a ok=80303 err=0 tmo=0 recov=0 pclk1=200000000 sysclk=400000000
1788557733.438180 [NAK] nacks=0
1788557733.442804 [CLK] cpu=800000000 sysb=400000000 pclk1=200000000
1788557733.447297 [TOF] res=0 step=0 id=0xeacc blk=0xeacc10 ctl=0x0
1788557733.453177 [RNG] init=0 step=99 id=0xeacc boot=1 calls=93 xerr=0 dm=1 tb=15
1788557733.460230 [RNG] osc=41 imp=881 imprb=881 mstart=0x40 cfg=91 cfgfail=0x0 vhv=0 vpolls=0
1788557733.466289 [PRT] calls=51521 xerr=0 ler=1 lidx=0x0 perr=0 maxcnt=17 addr8=0x52
1788557733.470450 [RTY] wr=0 wmax=0 wref=0  rd=0 rmax=0 rref=0
1788557733.478294 [RNG] frames=12852 last=65 min=49 max=76 nrdy=0 dxfer=0 dstat=0 lst=0 nrdyerr=0 dclr=0
1788557733.484539 [DRV] init=0 id=7 mode=0x1 lib=0x2 seq=0x1 odc=0x8b sts=0xe0 armed=1
1788557733.490042 [TRG] pulses=122 suppressed=1518 cyc=1600 rst=1 rstmode=0x40
1788557733.493420 [HLT] polls=257 faults=0x0 cfglost=0
1788557733.499225 [EFF] n=5 last=58512 min=58450 max=58515 late=0 stuck=0 rderr=0
1788557733.509424 [IMU] init=0 addr=0x68 who=0x68 rst=1 pmrb0=0x40 pmrb=0x1 sr=19 cfg=4 gcfg=0x0 acfg=0x8 icfg=0x30 ien=0x1 armed=1
1788557733.514876 [ACC] reads=12854 stale=12836 rderr=0 ax=65 ay=-64 az=1123
1788557733.517425 [PWR] pm=0x1 drift=0 rderr=0
1788557733.521420 [DWT] ok=1 cyc=4178987603 cyc_per_ms=800000
1788557734.537051 [HB] up_ms=285591 frames=12900 inf=12900 hazard=1640 canary_err=0 q=0 qovr=0
1788557734.548295 [I2C] init=0 gate=0 whoami=0x201e0 wr=0 wrseen=0x27 addr=0x5a ok=80605 err=0 tmo=0 recov=0 pclk1=200000000 sysclk=400000000
1788557734.549559 [NAK] nacks=0
1788557734.554204 [CLK] cpu=800000000 sysb=400000000 pclk1=200000000
1788557734.558666 [TOF] res=0 step=0 id=0xeacc blk=0xeacc10 ctl=0x0
1788557734.564522 [RNG] init=0 step=99 id=0xeacc boot=1 calls=93 xerr=0 dm=1 tb=15
1788557734.571683 [RNG] osc=41 imp=881 imprb=881 mstart=0x40 cfg=91 cfgfail=0x0 vhv=0 vpolls=0
1788557734.577659 [PRT] calls=51721 xerr=0 ler=1 lidx=0x0 perr=0 maxcnt=17 addr8=0x52
1788557734.581769 [RTY] wr=0 wmax=0 wref=0  rd=0 rmax=0 rref=0
1788557734.589537 [RNG] frames=12902 last=67 min=49 max=76 nrdy=0 dxfer=0 dstat=0 lst=0 nrdyerr=0 dclr=0
1788557734.595897 [DRV] init=0 id=7 mode=0x1 lib=0x2 seq=0x1 odc=0x8b sts=0xe0 armed=1
1788557734.601411 [TRG] pulses=122 suppressed=1518 cyc=1600 rst=1 rstmode=0x40
1788557734.604806 [HLT] polls=258 faults=0x0 cfglost=0
1788557734.610530 [EFF] n=5 last=58512 min=58450 max=58515 late=0 stuck=0 rderr=0
1788557734.620980 [IMU] init=0 addr=0x68 who=0x68 rst=1 pmrb0=0x40 pmrb=0x1 sr=19 cfg=4 gcfg=0x0 acfg=0x8 icfg=0x30 ien=0x1 armed=1
1788557734.626183 [ACC] reads=12904 stale=12886 rderr=0 ax=65 ay=-64 az=1127
1788557734.628773 [PWR] pm=0x1 drift=0 rderr=0
1788557734.632666 [DWT] ok=1 cyc=765620095 cyc_per_ms=799999
1788557735.648515 [HB] up_ms=286693 frames=12950 inf=12950 hazard=1670 canary_err=0 q=0 qovr=0
1788557735.659661 [I2C] init=0 gate=0 whoami=0x201e0 wr=0 wrseen=0x27 addr=0x5a ok=80907 err=0 tmo=0 recov=0 pclk1=200000000 sysclk=400000000
1788557735.661036 [NAK] nacks=0
1788557735.665656 [CLK] cpu=800000000 sysb=400000000 pclk1=200000000
1788557735.670178 [TOF] res=0 step=0 id=0xeacc blk=0xeacc10 ctl=0x0
1788557735.676025 [RNG] init=0 step=99 id=0xeacc boot=1 calls=93 xerr=0 dm=1 tb=15
1788557735.683045 [RNG] osc=41 imp=881 imprb=881 mstart=0x40 cfg=91 cfgfail=0x0 vhv=0 vpolls=0
1788557735.689155 [PRT] calls=51921 xerr=0 ler=1 lidx=0x0 perr=0 maxcnt=17 addr8=0x52
1788557735.693190 [RTY] wr=0 wmax=0 wref=0  rd=0 rmax=0 rref=0
1788557735.701109 [RNG] frames=12952 last=65 min=49 max=76 nrdy=0 dxfer=0 dstat=0 lst=0 nrdyerr=0 dclr=0
1788557735.707424 [DRV] init=0 id=7 mode=0x1 lib=0x2 seq=0x1 odc=0x8b sts=0xe0 armed=1
1788557735.712770 [TRG] pulses=125 suppressed=1548 cyc=1600 rst=1 rstmode=0x40
1788557735.716185 [HLT] polls=259 faults=0x0 cfglost=0
1788557735.721906 [EFF] n=5 last=58512 min=58450 max=58515 late=0 stuck=0 rderr=0
1788557735.732279 [IMU] init=0 addr=0x68 who=0x68 rst=1 pmrb0=0x40 pmrb=0x1 sr=19 cfg=4 gcfg=0x0 acfg=0x8 icfg=0x30 ien=0x1 armed=1
1788557735.737662 [ACC] reads=12954 stale=12936 rderr=0 ax=65 ay=-65 az=1124
1788557735.740279 [PWR] pm=0x1 drift=0 rderr=0
1788557735.744279 [DWT] ok=1 cyc=1647223527 cyc_per_ms=800003
1788557736.760182 [HB] up_ms=287795 frames=13000 inf=13000 hazard=1681 canary_err=0 q=0 qovr=0
1788557736.771277 [I2C] init=0 gate=0 whoami=0x201e0 wr=0 wrseen=0x27 addr=0x5a ok=81209 err=0 tmo=0 recov=0 pclk1=200000000 sysclk=400000000
1788557736.772681 [NAK] nacks=0
1788557736.777426 [CLK] cpu=800000000 sysb=400000000 pclk1=200000000
1788557736.781917 [TOF] res=0 step=0 id=0xeacc blk=0xeacc10 ctl=0x0
1788557736.787805 [RNG] init=0 step=99 id=0xeacc boot=1 calls=93 xerr=0 dm=1 tb=15
1788557736.794753 [RNG] osc=41 imp=881 imprb=881 mstart=0x40 cfg=91 cfgfail=0x0 vhv=0 vpolls=0
1788557736.800939 [PRT] calls=52117 xerr=0 ler=1 lidx=0x0 perr=0 maxcnt=17 addr8=0x52
1788557736.805034 [RTY] wr=0 wmax=0 wref=0  rd=0 rmax=0 rref=0
1788557736.812803 [RNG] frames=13002 last=64 min=49 max=76 nrdy=0 dxfer=0 dstat=0 lst=0 nrdyerr=0 dclr=0
1788557736.819048 [DRV] init=0 id=7 mode=0x1 lib=0x2 seq=0x1 odc=0x8b sts=0xe0 armed=1
1788557736.824682 [TRG] pulses=125 suppressed=1556 cyc=1600 rst=1 rstmode=0x40
1788557736.828060 [HLT] polls=260 faults=0x0 cfglost=0
1788557736.833802 [EFF] n=5 last=58512 min=58450 max=58515 late=0 stuck=0 rderr=0
1788557736.844103 [IMU] init=0 addr=0x68 who=0x68 rst=1 pmrb0=0x40 pmrb=0x1 sr=19 cfg=4 gcfg=0x0 acfg=0x8 icfg=0x30 ien=0x1 armed=1
1788557736.849440 [ACC] reads=13004 stale=12986 rderr=0 ax=66 ay=-64 az=1125
1788557736.852021 [PWR] pm=0x1 drift=0 rderr=0
1788557736.856071 [DWT] ok=1 cyc=2528820095 cyc_per_ms=799996
1788557737.872020 [HB] up_ms=288897 frames=13050 inf=13050 hazard=1681 canary_err=0 q=0 qovr=0
1788557737.883000 [I2C] init=0 gate=0 whoami=0x201e0 wr=0 wrseen=0x27 addr=0x5a ok=81511 err=0 tmo=0 recov=0 pclk1=200000000 sysclk=400000000
1788557737.884372 [NAK] nacks=0
1788557737.889156 [CLK] cpu=800000000 sysb=400000000 pclk1=200000000
1788557737.893642 [TOF] res=0 step=0 id=0xeacc blk=0xeacc10 ctl=0x0
1788557737.899546 [RNG] init=0 step=99 id=0xeacc boot=1 calls=93 xerr=0 dm=1 tb=15
1788557737.906563 [RNG] osc=41 imp=881 imprb=881 mstart=0x40 cfg=91 cfgfail=0x0 vhv=0 vpolls=0
1788557737.912656 [PRT] calls=52317 xerr=0 ler=1 lidx=0x0 perr=0 maxcnt=17 addr8=0x52
1788557737.916784 [RTY] wr=0 wmax=0 wref=0  rd=0 rmax=0 rref=0
1788557737.924497 [RNG] frames=13052 last=66 min=49 max=76 nrdy=0 dxfer=0 dstat=0 lst=0 nrdyerr=0 dclr=0
1788557737.930626 [DRV] init=0 id=7 mode=0x1 lib=0x2 seq=0x1 odc=0x8b sts=0xe0 armed=1
1788557737.936404 [TRG] pulses=125 suppressed=1556 cyc=1600 rst=1 rstmode=0x40
1788557737.939786 [HLT] polls=261 faults=0x0 cfglost=0
1788557737.945525 [EFF] n=5 last=58512 min=58450 max=58515 late=0 stuck=0 rderr=0
1788557737.955625 [IMU] init=0 addr=0x68 who=0x68 rst=1 pmrb0=0x40 pmrb=0x1 sr=19 cfg=4 gcfg=0x0 acfg=0x8 icfg=0x30 ien=0x1 armed=1
1788557737.961178 [ACC] reads=13054 stale=13036 rderr=0 ax=63 ay=-63 az=1125
1788557737.963788 [PWR] pm=0x1 drift=0 rderr=0
1788557737.967754 [DWT] ok=1 cyc=3410419995 cyc_per_ms=799999
1788557738.983681 [HB] up_ms=289999 frames=13099 inf=13099 hazard=1681 canary_err=0 q=0 qovr=0
1788557738.994764 [I2C] init=0 gate=0 whoami=0x201e0 wr=0 wrseen=0x27 addr=0x5a ok=81813 err=0 tmo=0 recov=0 pclk1=200000000 sysclk=400000000
1788557738.996005 [NAK] nacks=0
1788557739.000781 [CLK] cpu=800000000 sysb=400000000 pclk1=200000000
1788557739.005419 [TOF] res=0 step=0 id=0xeacc blk=0xeacc10 ctl=0x0
1788557739.011256 [RNG] init=0 step=99 id=0xeacc boot=1 calls=93 xerr=0 dm=1 tb=15
1788557739.018162 [RNG] osc=41 imp=881 imprb=881 mstart=0x40 cfg=91 cfgfail=0x0 vhv=0 vpolls=0
1788557739.024269 [PRT] calls=52517 xerr=0 ler=1 lidx=0x0 perr=0 maxcnt=17 addr8=0x52
1788557739.028378 [RTY] wr=0 wmax=0 wref=0  rd=0 rmax=0 rref=0
1788557739.036274 [RNG] frames=13102 last=58 min=49 max=76 nrdy=0 dxfer=0 dstat=0 lst=0 nrdyerr=0 dclr=0
1788557739.042391 [DRV] init=0 id=7 mode=0x1 lib=0x2 seq=0x1 odc=0x8b sts=0xe0 armed=1
1788557739.048002 [TRG] pulses=125 suppressed=1556 cyc=1600 rst=1 rstmode=0x40
1788557739.051410 [HLT] polls=262 faults=0x0 cfglost=0
1788557739.057178 [EFF] n=5 last=58512 min=58450 max=58515 late=0 stuck=0 rderr=0
1788557739.067384 [IMU] init=0 addr=0x68 who=0x68 rst=1 pmrb0=0x40 pmrb=0x1 sr=19 cfg=4 gcfg=0x0 acfg=0x8 icfg=0x30 ien=0x1 armed=1
1788557739.072889 [ACC] reads=13103 stale=13085 rderr=0 ax=62 ay=-66 az=1124
1788557739.075508 [PWR] pm=0x1 drift=0 rderr=0
1788557739.079529 [DWT] ok=1 cyc=4292186101 cyc_per_ms=800150
1788557740.095251 [HB] up_ms=291101 frames=13149 inf=13149 hazard=1681 canary_err=0 q=0 qovr=0
1788557740.106262 [I2C] init=0 gate=0 whoami=0x201e0 wr=0 wrseen=0x27 addr=0x5a ok=82115 err=0 tmo=0 recov=0 pclk1=200000000 sysclk=400000000
1788557740.107633 [NAK] nacks=0
1788557740.112248 [CLK] cpu=800000000 sysb=400000000 pclk1=200000000
1788557740.116910 [TOF] res=0 step=0 id=0xeacc blk=0xeacc10 ctl=0x0
1788557740.122744 [RNG] init=0 step=99 id=0xeacc boot=1 calls=93 xerr=0 dm=1 tb=15
1788557740.129630 [RNG] osc=41 imp=881 imprb=881 mstart=0x40 cfg=91 cfgfail=0x0 vhv=0 vpolls=0
1788557740.135831 [PRT] calls=52717 xerr=0 ler=1 lidx=0x0 perr=0 maxcnt=17 addr8=0x52
1788557740.139910 [RTY] wr=0 wmax=0 wref=0  rd=0 rmax=0 rref=0
1788557740.147749 [RNG] frames=13152 last=63 min=49 max=76 nrdy=0 dxfer=0 dstat=0 lst=0 nrdyerr=0 dclr=0
1788557740.154219 [DRV] init=0 id=7 mode=0x1 lib=0x2 seq=0x1 odc=0x8b sts=0xe0 armed=1
1788557740.159478 [TRG] pulses=125 suppressed=1556 cyc=1600 rst=1 rstmode=0x40
1788557740.162871 [HLT] polls=263 faults=0x0 cfglost=0
1788557740.168750 [EFF] n=5 last=58512 min=58450 max=58515 late=0 stuck=0 rderr=0
1788557740.178883 [IMU] init=0 addr=0x68 who=0x68 rst=1 pmrb0=0x40 pmrb=0x1 sr=19 cfg=4 gcfg=0x0 acfg=0x8 icfg=0x30 ien=0x1 armed=1
1788557740.184252 [ACC] reads=13153 stale=13135 rderr=0 ax=62 ay=-63 az=1126
1788557740.187012 [PWR] pm=0x1 drift=0 rderr=0
1788557740.190882 [DWT] ok=1 cyc=878819649 cyc_per_ms=800000
1788557741.206763 [HB] up_ms=292203 frames=13199 inf=13199 hazard=1681 canary_err=0 q=0 qovr=0
1788557741.219211 [I2C] init=0 gate=0 whoami=0x201e0 wr=0 wrseen=0x27 addr=0x5a ok=82411 err=0 tmo=0 recov=0 pclk1=200000000 sysclk=400000000
1788557741.219393 [NAK] nacks=0
1788557741.223918 [CLK] cpu=800000000 sysb=400000000 pclk1=200000000
1788557741.228354 [TOF] res=0 step=0 id=0xeacc blk=0xeacc10 ctl=0x0
1788557741.234388 [RNG] init=0 step=99 id=0xeacc boot=1 calls=93 xerr=0 dm=1 tb=15
1788557741.241382 [RNG] osc=41 imp=881 imprb=881 mstart=0x40 cfg=91 cfgfail=0x0 vhv=0 vpolls=0
1788557741.247341 [PRT] calls=52917 xerr=0 ler=1 lidx=0x0 perr=0 maxcnt=17 addr8=0x52
1788557741.251497 [RTY] wr=0 wmax=0 wref=0  rd=0 rmax=0 rref=0
1788557741.259496 [RNG] frames=13201 last=61 min=49 max=76 nrdy=0 dxfer=0 dstat=0 lst=0 nrdyerr=0 dclr=0
1788557741.265622 [DRV] init=0 id=7 mode=0x1 lib=0x2 seq=0x1 odc=0x8b sts=0xe0 armed=1
1788557741.271526 [TRG] pulses=125 suppressed=1556 cyc=1600 rst=1 rstmode=0x40
1788557741.274846 [HLT] polls=264 faults=0x0 cfglost=0
1788557741.280364 [EFF] n=5 last=58512 min=58450 max=58515 late=0 stuck=0 rderr=0
1788557741.290471 [IMU] init=0 addr=0x68 who=0x68 rst=1 pmrb0=0x40 pmrb=0x1 sr=19 cfg=4 gcfg=0x0 acfg=0x8 icfg=0x30 ien=0x1 armed=1
1788557741.295861 [ACC] reads=13203 stale=13185 rderr=0 ax=62 ay=-65 az=1125
1788557741.298505 [PWR] pm=0x1 drift=0 rderr=0
1788557741.302817 [DWT] ok=1 cyc=1760284943 cyc_per_ms=799877
1788557742.318904 [HB] up_ms=293305 frames=13249 inf=13249 hazard=1690 canary_err=0 q=0 qovr=0
1788557742.330100 [I2C] init=0 gate=0 whoami=0x201e0 wr=0 wrseen=0x27 addr=0x5a ok=82711 err=0 tmo=0 recov=0 pclk1=200000000 sysclk=400000000
1788557742.332143 [NAK] nacks=0
1788557742.336308 [CLK] cpu=800000000 sysb=400000000 pclk1=200000000
1788557742.340993 [TOF] res=0 step=0 id=0xeacc blk=0xeacc10 ctl=0x0
1788557742.346464 [RNG] init=0 step=99 id=0xeacc boot=1 calls=93 xerr=0 dm=1 tb=15
1788557742.355956 [RNG] osc=41 imp=881 imprb=881 mstart=0x40 cfg=91 cfgfail=0x0 vhv=0 vpolls=0
1788557742.359472 [PRT] calls=53117 xerr=0 ler=1 lidx=0x0 perr=0 maxcnt=17 addr8=0x52
1788557742.363606 [RTY] wr=0 wmax=0 wref=0  rd=0 rmax=0 rref=0
1788557742.371642 [RNG] frames=13251 last=64 min=49 max=76 nrdy=0 dxfer=0 dstat=0 lst=0 nrdyerr=0 dclr=0
1788557742.377859 [DRV] init=0 id=7 mode=0x1 lib=0x2 seq=0x1 odc=0x8b sts=0xe0 armed=1
1788557742.383220 [TRG] pulses=126 suppressed=1567 cyc=1600 rst=1 rstmode=0x40
1788557742.386591 [HLT] polls=265 faults=0x0 cfglost=0
1788557742.392468 [EFF] n=5 last=58512 min=58450 max=58515 late=0 stuck=0 rderr=0
1788557742.402721 [IMU] init=0 addr=0x68 who=0x68 rst=1 pmrb0=0x40 pmrb=0x1 sr=19 cfg=4 gcfg=0x0 acfg=0x8 icfg=0x30 ien=0x1 armed=1
1788557742.407974 [ACC] reads=13253 stale=13235 rderr=0 ax=64 ay=-63 az=1129
1788557742.410581 [PWR] pm=0x1 drift=0 rderr=0
1788557742.414592 [DWT] ok=1 cyc=2641888623 cyc_per_ms=800003
1788557743.431212 [HB] up_ms=294407 frames=13299 inf=13299 hazard=1722 canary_err=0 q=0 qovr=0
1788557743.442643 [I2C] init=0 gate=0 whoami=0x201e0 wr=0 wrseen=0x27 addr=0x5a ok=83013 err=0 tmo=0 recov=0 pclk1=200000000 sysclk=400000000
1788557743.443823 [NAK] nacks=0
1788557743.448448 [CLK] cpu=800000000 sysb=400000000 pclk1=200000000
1788557743.452967 [TOF] res=0 step=0 id=0xeacc blk=0xeacc10 ctl=0x0
1788557743.459379 [RNG] init=0 step=99 id=0xeacc boot=1 calls=93 xerr=0 dm=1 tb=15
1788557743.465830 [RNG] osc=41 imp=881 imprb=881 mstart=0x40 cfg=91 cfgfail=0x0 vhv=0 vpolls=0
1788557743.472178 [PRT] calls=53317 xerr=0 ler=1 lidx=0x0 perr=0 maxcnt=17 addr8=0x52
1788557743.476103 [RTY] wr=0 wmax=0 wref=0  rd=0 rmax=0 rref=0
1788557743.484489 [RNG] frames=13301 last=66 min=49 max=76 nrdy=0 dxfer=0 dstat=0 lst=0 nrdyerr=0 dclr=0
1788557743.490684 [DRV] init=0 id=7 mode=0x1 lib=0x2 seq=0x1 odc=0x8b sts=0xe0 armed=1
1788557743.495700 [TRG] pulses=128 suppressed=1594 cyc=1600 rst=1 rstmode=0x40
1788557743.499069 [HLT] polls=266 faults=0x0 cfglost=0
1788557743.504936 [EFF] n=5 last=58512 min=58450 max=58515 late=0 stuck=0 rderr=0
1788557743.515208 [IMU] init=0 addr=0x68 who=0x68 rst=1 pmrb0=0x40 pmrb=0x1 sr=19 cfg=4 gcfg=0x0 acfg=0x8 icfg=0x30 ien=0x1 armed=1
1788557743.520474 [ACC] reads=13303 stale=13285 rderr=0 ax=62 ay=-65 az=1129
1788557743.523672 [PWR] pm=0x1 drift=0 rderr=0
1788557743.527119 [DWT] ok=1 cyc=3523484827 cyc_per_ms=799996
1788557744.543470 [HB] up_ms=295509 frames=13349 inf=13349 hazard=1722 canary_err=0 q=0 qovr=0
1788557744.554788 [I2C] init=0 gate=0 whoami=0x201e0 wr=0 wrseen=0x27 addr=0x5a ok=83315 err=0 tmo=0 recov=0 pclk1=200000000 sysclk=400000000
1788557744.555965 [NAK] nacks=0
1788557744.560579 [CLK] cpu=800000000 sysb=400000000 pclk1=200000000
1788557744.565099 [TOF] res=0 step=0 id=0xeacc blk=0xeacc10 ctl=0x0
1788557744.570964 [RNG] init=0 step=99 id=0xeacc boot=1 calls=93 xerr=0 dm=1 tb=15
1788557744.578098 [RNG] osc=41 imp=881 imprb=881 mstart=0x40 cfg=91 cfgfail=0x0 vhv=0 vpolls=0
1788557744.584227 [PRT] calls=53517 xerr=0 ler=1 lidx=0x0 perr=0 maxcnt=17 addr8=0x52
1788557744.588343 [RTY] wr=0 wmax=0 wref=0  rd=0 rmax=0 rref=0
1788557744.596106 [RNG] frames=13351 last=61 min=49 max=76 nrdy=0 dxfer=0 dstat=0 lst=0 nrdyerr=0 dclr=0
1788557744.602589 [DRV] init=0 id=7 mode=0x1 lib=0x2 seq=0x1 odc=0x8b sts=0xe0 armed=1
1788557744.607837 [TRG] pulses=128 suppressed=1594 cyc=1600 rst=1 rstmode=0x40
1788557744.611194 [HLT] polls=267 faults=0x0 cfglost=0
1788557744.616984 [EFF] n=5 last=58512 min=58450 max=58515 late=0 stuck=0 rderr=0
1788557744.627322 [IMU] init=0 addr=0x68 who=0x68 rst=1 pmrb0=0x40 pmrb=0x1 sr=19 cfg=4 gcfg=0x0 acfg=0x8 icfg=0x30 ien=0x1 armed=1
1788557744.632742 [ACC] reads=13353 stale=13335 rderr=0 ax=62 ay=-64 az=1126
1788557744.635813 [PWR] pm=0x1 drift=0 rderr=0
1788557744.639191 [DWT] ok=1 cyc=110117479 cyc_per_ms=799999
1788557745.655329 [HB] up_ms=296611 frames=13399 inf=13399 hazard=1722 canary_err=0 q=0 qovr=0
1788557745.666580 [I2C] init=0 gate=0 whoami=0x201e0 wr=0 wrseen=0x27 addr=0x5a ok=83617 err=0 tmo=0 recov=0 pclk1=200000000 sysclk=400000000
1788557745.667971 [NAK] nacks=0
1788557745.672553 [CLK] cpu=800000000 sysb=400000000 pclk1=200000000
1788557745.677355 [TOF] res=0 step=0 id=0xeacc blk=0xeacc10 ctl=0x0
1788557745.682827 [RNG] init=0 step=99 id=0xeacc boot=1 calls=93 xerr=0 dm=1 tb=15
1788557745.689937 [RNG] osc=41 imp=881 imprb=881 mstart=0x40 cfg=91 cfgfail=0x0 vhv=0 vpolls=0
1788557745.696063 [PRT] calls=53717 xerr=0 ler=1 lidx=0x0 perr=0 maxcnt=17 addr8=0x52
1788557745.700406 [RTY] wr=0 wmax=0 wref=0  rd=0 rmax=0 rref=0
1788557745.709229 [RNG] frames=13401 last=65 min=49 max=76 nrdy=0 dxfer=0 dstat=0 lst=0 nrdyerr=0 dclr=0
1788557745.714185 [DRV] init=0 id=7 mode=0x1 lib=0x2 seq=0x1 odc=0x8b sts=0xe0 armed=1
1788557745.719691 [TRG] pulses=128 suppressed=1594 cyc=1600 rst=1 rstmode=0x40
1788557745.723112 [HLT] polls=268 faults=0x0 cfglost=0
1788557745.728809 [EFF] n=5 last=58512 min=58450 max=58515 late=0 stuck=0 rderr=0
1788557745.739193 [IMU] init=0 addr=0x68 who=0x68 rst=1 pmrb0=0x40 pmrb=0x1 sr=19 cfg=4 gcfg=0x0 acfg=0x8 icfg=0x30 ien=0x1 armed=1
1788557745.745199 [ACC] reads=13403 stale=13385 rderr=0 ax=63 ay=-64 az=1122
1788557745.747440 [PWR] pm=0x1 drift=0 rderr=0
1788557745.751155 [DWT] ok=1 cyc=991717399 cyc_per_ms=799999
1788557746.766946 [HB] up_ms=297713 frames=13449 inf=13449 hazard=1722 canary_err=0 q=0 qovr=0
1788557746.778063 [I2C] init=0 gate=0 whoami=0x201e0 wr=0 wrseen=0x27 addr=0x5a ok=83919 err=0 tmo=0 recov=0 pclk1=200000000 sysclk=400000000
1788557746.779437 [NAK] nacks=0
1788557746.784160 [CLK] cpu=800000000 sysb=400000000 pclk1=200000000
1788557746.788694 [TOF] res=0 step=0 id=0xeacc blk=0xeacc10 ctl=0x0
1788557746.794462 [RNG] init=0 step=99 id=0xeacc boot=1 calls=93 xerr=0 dm=1 tb=15
1788557746.801522 [RNG] osc=41 imp=881 imprb=881 mstart=0x40 cfg=91 cfgfail=0x0 vhv=0 vpolls=0
1788557746.807689 [PRT] calls=53914 xerr=0 ler=1 lidx=0x0 perr=0 maxcnt=17 addr8=0x52
1788557746.811669 [RTY] wr=0 wmax=0 wref=0  rd=0 rmax=0 rref=0
1788557746.819592 [RNG] frames=13451 last=57 min=49 max=76 nrdy=0 dxfer=0 dstat=0 lst=0 nrdyerr=0 dclr=0
1788557746.825814 [DRV] init=0 id=7 mode=0x1 lib=0x2 seq=0x1 odc=0x8b sts=0xe0 armed=1
1788557746.831304 [TRG] pulses=128 suppressed=1594 cyc=1600 rst=1 rstmode=0x40
1788557746.834689 [HLT] polls=269 faults=0x0 cfglost=0
1788557746.840458 [EFF] n=5 last=58512 min=58450 max=58515 late=0 stuck=0 rderr=0
1788557746.850806 [IMU] init=0 addr=0x68 who=0x68 rst=1 pmrb0=0x40 pmrb=0x1 sr=19 cfg=4 gcfg=0x0 acfg=0x8 icfg=0x30 ien=0x1 armed=1
1788557746.856368 [ACC] reads=13453 stale=13435 rderr=0 ax=66 ay=-64 az=1128
1788557746.858821 [PWR] pm=0x1 drift=0 rderr=0
1788557746.862827 [DWT] ok=1 cyc=1873317591 cyc_per_ms=800000
1788557747.878242 [HB] up_ms=298815 frames=13499 inf=13499 hazard=1722 canary_err=0 q=0 qovr=0
1788557747.889334 [I2C] init=0 gate=0 whoami=0x201e0 wr=0 wrseen=0x27 addr=0x5a ok=84221 err=0 tmo=0 recov=0 pclk1=200000000 sysclk=400000000
1788557747.890658 [NAK] nacks=0
1788557747.895336 [CLK] cpu=800000000 sysb=400000000 pclk1=200000000
1788557747.899818 [TOF] res=0 step=0 id=0xeacc blk=0xeacc10 ctl=0x0
1788557747.905694 [RNG] init=0 step=99 id=0xeacc boot=1 calls=93 xerr=0 dm=1 tb=15
1788557747.912572 [RNG] osc=41 imp=881 imprb=881 mstart=0x40 cfg=91 cfgfail=0x0 vhv=0 vpolls=0
1788557747.918827 [PRT] calls=54113 xerr=0 ler=1 lidx=0x0 perr=0 maxcnt=17 addr8=0x52
1788557747.922943 [RTY] wr=0 wmax=0 wref=0  rd=0 rmax=0 rref=0
1788557747.930688 [RNG] frames=13501 last=67 min=49 max=76 nrdy=0 dxfer=0 dstat=0 lst=0 nrdyerr=0 dclr=0
1788557747.936943 [DRV] init=0 id=7 mode=0x1 lib=0x2 seq=0x1 odc=0x8b sts=0xe0 armed=1
1788557747.942609 [TRG] pulses=128 suppressed=1594 cyc=1600 rst=1 rstmode=0x40
1788557747.945985 [HLT] polls=270 faults=0x0 cfglost=0
1788557747.951706 [EFF] n=5 last=58512 min=58450 max=58515 late=0 stuck=0 rderr=0
1788557747.961932 [IMU] init=0 addr=0x68 who=0x68 rst=1 pmrb0=0x40 pmrb=0x1 sr=19 cfg=4 gcfg=0x0 acfg=0x8 icfg=0x30 ien=0x1 armed=1
1788557747.967330 [ACC] reads=13503 stale=13485 rderr=0 ax=62 ay=-63 az=1124
1788557747.969934 [PWR] pm=0x1 drift=0 rderr=0
1788557747.973934 [DWT] ok=1 cyc=2754917619 cyc_per_ms=800000
1788557748.989319 [HB] up_ms=299917 frames=13549 inf=13549 hazard=1722 canary_err=0 q=0 qovr=0
1788557749.000444 [I2C] init=0 gate=0 whoami=0x201e0 wr=0 wrseen=0x27 addr=0x5a ok=84523 err=0 tmo=0 recov=0 pclk1=200000000 sysclk=400000000
1788557749.001682 [NAK] nacks=0
1788557749.006544 [CLK] cpu=800000000 sysb=400000000 pclk1=200000000
1788557749.011059 [TOF] res=0 step=0 id=0xeacc blk=0xeacc10 ctl=0x0
1788557749.017285 [RNG] init=0 step=99 id=0xeacc boot=1 calls=93 xerr=0 dm=1 tb=15
1788557749.023854 [RNG] osc=41 imp=881 imprb=881 mstart=0x40 cfg=91 cfgfail=0x0 vhv=0 vpolls=0
1788557749.030038 [PRT] calls=54313 xerr=0 ler=1 lidx=0x0 perr=0 maxcnt=17 addr8=0x52
1788557749.034187 [RTY] wr=0 wmax=0 wref=0  rd=0 rmax=0 rref=0
1788557749.041922 [RNG] frames=13551 last=63 min=49 max=76 nrdy=0 dxfer=0 dstat=0 lst=0 nrdyerr=0 dclr=0
1788557749.048164 [DRV] init=0 id=7 mode=0x1 lib=0x2 seq=0x1 odc=0x8b sts=0xe0 armed=1
1788557749.053803 [TRG] pulses=128 suppressed=1594 cyc=1600 rst=1 rstmode=0x40
1788557749.057168 [HLT] polls=271 faults=0x0 cfglost=0
1788557749.062928 [EFF] n=5 last=58512 min=58450 max=58515 late=0 stuck=0 rderr=0
1788557749.073044 [IMU] init=0 addr=0x68 who=0x68 rst=1 pmrb0=0x40 pmrb=0x1 sr=19 cfg=4 gcfg=0x0 acfg=0x8 icfg=0x30 ien=0x1 armed=1
1788557749.078556 [ACC] reads=13552 stale=13534 rderr=0 ax=64 ay=-66 az=1126
1788557749.081217 [PWR] pm=0x1 drift=0 rderr=0
1788557749.085178 [DWT] ok=1 cyc=3636545703 cyc_per_ms=800025
1788557750.101028 [HB] up_ms=301019 frames=13598 inf=13598 hazard=1760 canary_err=0 q=0 qovr=0
1788557750.112155 [I2C] init=0 gate=0 whoami=0x201e0 wr=0 wrseen=0x27 addr=0x5a ok=84825 err=0 tmo=0 recov=0 pclk1=200000000 sysclk=400000000
1788557750.113395 [NAK] nacks=0
1788557750.118188 [CLK] cpu=800000000 sysb=400000000 pclk1=200000000
1788557750.122782 [TOF] res=0 step=0 id=0xeacc blk=0xeacc10 ctl=0x0
1788557750.128665 [RNG] init=0 step=99 id=0xeacc boot=1 calls=93 xerr=0 dm=1 tb=15
1788557750.135533 [RNG] osc=41 imp=881 imprb=881 mstart=0x40 cfg=91 cfgfail=0x0 vhv=0 vpolls=0
1788557750.141653 [PRT] calls=54513 xerr=0 ler=1 lidx=0x0 perr=0 maxcnt=17 addr8=0x52
1788557750.145778 [RTY] wr=0 wmax=0 wref=0  rd=0 rmax=0 rref=0
1788557750.153690 [RNG] frames=13601 last=58 min=49 max=76 nrdy=0 dxfer=0 dstat=0 lst=0 nrdyerr=0 dclr=0
1788557750.159989 [DRV] init=0 id=7 mode=0x1 lib=0x2 seq=0x1 odc=0x8b sts=0xe0 armed=1
1788557750.165418 [TRG] pulses=131 suppressed=1632 cyc=1600 rst=1 rstmode=0x40
1788557750.168816 [HLT] polls=272 faults=0x0 cfglost=0
1788557750.174532 [EFF] n=5 last=58512 min=58450 max=58515 late=0 stuck=0 rderr=0
1788557750.185956 [IMU] init=0 addr=0x68 who=0x68 rst=1 pmrb0=0x40 pmrb=0x1 sr=19 cfg=4 gcfg=0x0 acfg=0x8 icfg=0x30 ien=0x1 armed=1
1788557750.190150 [ACC] reads=13602 stale=13584 rderr=0 ax=63 ay=-65 az=1125
1788557750.192906 [PWR] pm=0x1 drift=0 rderr=0
1788557750.196773 [DWT] ok=1 cyc=223287889 cyc_per_ms=800099
1788557751.212447 [HB] up_ms=302121 frames=13648 inf=13648 hazard=1763 canary_err=0 q=0 qovr=0
1788557751.223540 [I2C] init=0 gate=0 whoami=0x201e0 wr=0 wrseen=0x27 addr=0x5a ok=85127 err=0 tmo=0 recov=0 pclk1=200000000 sysclk=400000000
1788557751.224790 [NAK] nacks=0
1788557751.229415 [CLK] cpu=800000000 sysb=400000000 pclk1=200000000
1788557751.234036 [TOF] res=0 step=0 id=0xeacc blk=0xeacc10 ctl=0x0
1788557751.240035 [RNG] init=0 step=99 id=0xeacc boot=1 calls=93 xerr=0 dm=1 tb=15
1788557751.246920 [RNG] osc=41 imp=881 imprb=881 mstart=0x40 cfg=91 cfgfail=0x0 vhv=0 vpolls=0
1788557751.253045 [PRT] calls=54713 xerr=0 ler=1 lidx=0x0 perr=0 maxcnt=17 addr8=0x52
1788557751.257174 [RTY] wr=0 wmax=0 wref=0  rd=0 rmax=0 rref=0
1788557751.265053 [RNG] frames=13650 last=64 min=49 max=76 nrdy=0 dxfer=0 dstat=0 lst=0 nrdyerr=0 dclr=0
1788557751.271174 [DRV] init=0 id=7 mode=0x1 lib=0x2 seq=0x1 odc=0x8b sts=0xe0 armed=1
1788557751.276663 [TRG] pulses=131 suppressed=1632 cyc=1600 rst=1 rstmode=0x40
1788557751.280210 [HLT] polls=273 faults=0x0 cfglost=0
1788557751.286051 [EFF] n=5 last=58512 min=58450 max=58515 late=0 stuck=0 rderr=0
1788557751.296193 [IMU] init=0 addr=0x68 who=0x68 rst=1 pmrb0=0x40 pmrb=0x1 sr=19 cfg=4 gcfg=0x0 acfg=0x8 icfg=0x30 ien=0x1 armed=1
1788557751.301419 [ACC] reads=13652 stale=13634 rderr=0 ax=63 ay=-65 az=1127
1788557751.304281 [PWR] pm=0x1 drift=0 rderr=0
1788557751.308299 [DWT] ok=1 cyc=1104872363 cyc_per_ms=799985
1788557752.323804 [HB] up_ms=303223 frames=13698 inf=13698 hazard=1763 canary_err=0 q=0 qovr=0
1788557752.335073 [I2C] init=0 gate=0 whoami=0x201e0 wr=0 wrseen=0x27 addr=0x5a ok=85423 err=0 tmo=0 recov=0 pclk1=200000000 sysclk=400000000
1788557752.336590 [NAK] nacks=0
1788557752.340888 [CLK] cpu=800000000 sysb=400000000 pclk1=200000000
1788557752.345434 [TOF] res=0 step=0 id=0xeacc blk=0xeacc10 ctl=0x0
1788557752.351516 [RNG] init=0 step=99 id=0xeacc boot=1 calls=93 xerr=0 dm=1 tb=15
1788557752.358421 [RNG] osc=41 imp=881 imprb=881 mstart=0x40 cfg=91 cfgfail=0x0 vhv=0 vpolls=0
1788557752.364517 [PRT] calls=54913 xerr=0 ler=1 lidx=0x0 perr=0 maxcnt=17 addr8=0x52
1788557752.368563 [RTY] wr=0 wmax=0 wref=0  rd=0 rmax=0 rref=0
1788557752.376517 [RNG] frames=13700 last=60 min=49 max=76 nrdy=0 dxfer=0 dstat=0 lst=0 nrdyerr=0 dclr=0
1788557752.382827 [DRV] init=0 id=7 mode=0x1 lib=0x2 seq=0x1 odc=0x8b sts=0xe0 armed=1
1788557752.388174 [TRG] pulses=131 suppressed=1632 cyc=1600 rst=1 rstmode=0x40
1788557752.392158 [HLT] polls=274 faults=0x0 cfglost=0
1788557752.397527 [EFF] n=5 last=58512 min=58450 max=58515 late=0 stuck=0 rderr=0
1788557752.408052 [IMU] init=0 addr=0x68 who=0x68 rst=1 pmrb0=0x40 pmrb=0x1 sr=19 cfg=4 gcfg=0x0 acfg=0x8 icfg=0x30 ien=0x1 armed=1
1788557752.412912 [ACC] reads=13702 stale=13684 rderr=0 ax=64 ay=-62 az=1124
1788557752.415641 [PWR] pm=0x1 drift=0 rderr=0
1788557752.419928 [DWT] ok=1 cyc=1986350435 cyc_per_ms=799889
1788557753.435232 [HB] up_ms=304325 frames=13748 inf=13748 hazard=1763 canary_err=0 q=0 qovr=0
1788557753.445768 [I2C] init=0 gate=0 whoami=0x201e0 wr=0 wrseen=0x27 addr=0x5a ok=85725 err=0 tmo=0 recov=0 pclk1=200000000 sysclk=400000000
1788557753.447038 [NAK] nacks=0
1788557753.452388 [CLK] cpu=800000000 sysb=400000000 pclk1=200000000
1788557753.456194 [TOF] res=0 step=0 id=0xeacc blk=0xeacc10 ctl=0x0
1788557753.462164 [RNG] init=0 step=99 id=0xeacc boot=1 calls=93 xerr=0 dm=1 tb=15
1788557753.469708 [RNG] osc=41 imp=881 imprb=881 mstart=0x40 cfg=91 cfgfail=0x0 vhv=0 vpolls=0
1788557753.475267 [PRT] calls=55113 xerr=0 ler=1 lidx=0x0 perr=0 maxcnt=17 addr8=0x52
1788557753.479276 [RTY] wr=0 wmax=0 wref=0  rd=0 rmax=0 rref=0
1788557753.487275 [RNG] frames=13750 last=66 min=49 max=76 nrdy=0 dxfer=0 dstat=0 lst=0 nrdyerr=0 dclr=0
1788557753.493387 [DRV] init=0 id=7 mode=0x1 lib=0x2 seq=0x1 odc=0x8b sts=0xe0 armed=1
1788557753.498877 [TRG] pulses=131 suppressed=1632 cyc=1600 rst=1 rstmode=0x40
1788557753.502553 [HLT] polls=275 faults=0x0 cfglost=0
1788557753.508015 [EFF] n=5 last=58512 min=58450 max=58515 late=0 stuck=0 rderr=0
1788557753.518416 [IMU] init=0 addr=0x68 who=0x68 rst=1 pmrb0=0x40 pmrb=0x1 sr=19 cfg=4 gcfg=0x0 acfg=0x8 icfg=0x30 ien=0x1 armed=1
1788557753.524209 [ACC] reads=13752 stale=13734 rderr=0 ax=65 ay=-63 az=1126
1788557753.526263 [PWR] pm=0x1 drift=0 rderr=0
1788557753.530261 [DWT] ok=1 cyc=2867950251 cyc_per_ms=799999
1788557754.545518 [HB] up_ms=305427 frames=13798 inf=13798 hazard=1763 canary_err=0 q=0 qovr=0
1788557754.556777 [I2C] init=0 gate=0 whoami=0x201e0 wr=0 wrseen=0x27 addr=0x5a ok=86027 err=0 tmo=0 recov=0 pclk1=200000000 sysclk=400000000
1788557754.558050 [NAK] nacks=0
1788557754.562639 [CLK] cpu=800000000 sysb=400000000 pclk1=200000000
1788557754.567165 [TOF] res=0 step=0 id=0xeacc blk=0xeacc10 ctl=0x0
1788557754.573021 [RNG] init=0 step=99 id=0xeacc boot=1 calls=93 xerr=0 dm=1 tb=15
1788557754.580144 [RNG] osc=41 imp=881 imprb=881 mstart=0x40 cfg=91 cfgfail=0x0 vhv=0 vpolls=0
1788557754.586212 [PRT] calls=55313 xerr=0 ler=1 lidx=0x0 perr=0 maxcnt=17 addr8=0x52
1788557754.590482 [RTY] wr=0 wmax=0 wref=0  rd=0 rmax=0 rref=0
1788557754.598135 [RNG] frames=13800 last=63 min=49 max=76 nrdy=0 dxfer=0 dstat=0 lst=0 nrdyerr=0 dclr=0
1788557754.604387 [DRV] init=0 id=7 mode=0x1 lib=0x2 seq=0x1 odc=0x8b sts=0xe0 armed=1
1788557754.609885 [TRG] pulses=131 suppressed=1632 cyc=1600 rst=1 rstmode=0x40
1788557754.613256 [HLT] polls=276 faults=0x0 cfglost=0
1788557754.619017 [EFF] n=5 last=58512 min=58450 max=58515 late=0 stuck=0 rderr=0
1788557754.629286 [IMU] init=0 addr=0x68 who=0x68 rst=1 pmrb0=0x40 pmrb=0x1 sr=19 cfg=4 gcfg=0x0 acfg=0x8 icfg=0x30 ien=0x1 armed=1
1788557754.634638 [ACC] reads=13802 stale=13783 rderr=0 ax=62 ay=-63 az=1125
1788557754.637237 [PWR] pm=0x1 drift=0 rderr=0
1788557754.641313 [DWT] ok=1 cyc=3749550367 cyc_per_ms=800000
1788557755.655488 [HB] up_ms=306529 frames=13848 inf=13848 hazard=1763 canary_err=0 q=0 qovr=0
1788557755.666778 [I2C] init=0 gate=0 whoami=0x201e0 wr=0 wrseen=0x27 addr=0x5a ok=86329 err=0 tmo=0 recov=0 pclk1=200000000 sysclk=400000000
1788557755.668145 [NAK] nacks=0
1788557755.672610 [CLK] cpu=800000000 sysb=400000000 pclk1=200000000
1788557755.677128 [TOF] res=0 step=0 id=0xeacc blk=0xeacc10 ctl=0x0
1788557755.682987 [RNG] init=0 step=99 id=0xeacc boot=1 calls=93 xerr=0 dm=1 tb=15
1788557755.690216 [RNG] osc=41 imp=881 imprb=881 mstart=0x40 cfg=91 cfgfail=0x0 vhv=0 vpolls=0
1788557755.696267 [PRT] calls=55513 xerr=0 ler=1 lidx=0x0 perr=0 maxcnt=17 addr8=0x52
1788557755.700274 [RTY] wr=0 wmax=0 wref=0  rd=0 rmax=0 rref=0
1788557755.707979 [RNG] frames=13850 last=60 min=49 max=76 nrdy=0 dxfer=0 dstat=0 lst=0 nrdyerr=0 dclr=0
1788557755.714365 [DRV] init=0 id=7 mode=0x1 lib=0x2 seq=0x1 odc=0x8b sts=0xe0 armed=1
1788557755.719883 [TRG] pulses=131 suppressed=1632 cyc=1600 rst=1 rstmode=0x40
1788557755.723351 [HLT] polls=277 faults=0x0 cfglost=0
1788557755.728986 [EFF] n=5 last=58512 min=58450 max=58515 late=0 stuck=0 rderr=0
1788557755.739375 [IMU] init=0 addr=0x68 who=0x68 rst=1 pmrb0=0x40 pmrb=0x1 sr=19 cfg=4 gcfg=0x0 acfg=0x8 icfg=0x30 ien=0x1 armed=1
1788557755.744609 [ACC] reads=13852 stale=13833 rderr=0 ax=64 ay=-63 az=1123
1788557755.747232 [PWR] pm=0x1 drift=0 rderr=0
1788557755.751276 [DWT] ok=1 cyc=336183059 cyc_per_ms=799999
1788557756.765742 [HB] up_ms=307631 frames=13898 inf=13898 hazard=1781 canary_err=0 q=0 qovr=0
1788557756.776870 [I2C] init=0 gate=0 whoami=0x201e0 wr=0 wrseen=0x27 addr=0x5a ok=86631 err=0 tmo=0 recov=0 pclk1=200000000 sysclk=400000000
1788557756.778266 [NAK] nacks=0
1788557756.782858 [CLK] cpu=800000000 sysb=400000000 pclk1=200000000
1788557756.787381 [TOF] res=0 step=0 id=0xeacc blk=0xeacc10 ctl=0x0
1788557756.793242 [RNG] init=0 step=99 id=0xeacc boot=1 calls=93 xerr=0 dm=1 tb=15
1788557756.800248 [RNG] osc=41 imp=881 imprb=881 mstart=0x40 cfg=91 cfgfail=0x0 vhv=0 vpolls=0
1788557756.806380 [PRT] calls=55713 xerr=0 ler=1 lidx=0x0 perr=0 maxcnt=17 addr8=0x52
1788557756.810479 [RTY] wr=0 wmax=0 wref=0  rd=0 rmax=0 rref=0
1788557756.818299 [RNG] frames=13900 last=66 min=49 max=76 nrdy=0 dxfer=0 dstat=0 lst=0 nrdyerr=0 dclr=0
1788557756.824603 [DRV] init=0 id=7 mode=0x1 lib=0x2 seq=0x1 odc=0x8b sts=0xe0 armed=1
1788557756.830135 [TRG] pulses=133 suppressed=1651 cyc=1600 rst=1 rstmode=0x40
1788557756.833490 [HLT] polls=278 faults=0x0 cfglost=0
1788557756.839126 [EFF] n=5 last=58512 min=58450 max=58515 late=0 stuck=0 rderr=0
1788557756.849491 [IMU] init=0 addr=0x68 who=0x68 rst=1 pmrb0=0x40 pmrb=0x1 sr=19 cfg=4 gcfg=0x0 acfg=0x8 icfg=0x30 ien=0x1 armed=1
1788557756.854855 [ACC] reads=13902 stale=13883 rderr=0 ax=62 ay=-64 az=1127
1788557756.857524 [PWR] pm=0x1 drift=0 rderr=0
1788557756.861494 [DWT] ok=1 cyc=1217786515 cyc_per_ms=800003
1788557757.876227 [HB] up_ms=308733 frames=13948 inf=13948 hazard=1804 canary_err=0 q=0 qovr=0
1788557757.887243 [I2C] init=0 gate=0 whoami=0x201e0 wr=0 wrseen=0x27 addr=0x5a ok=86933 err=0 tmo=0 recov=0 pclk1=200000000 sysclk=400000000
1788557757.888647 [NAK] nacks=0
1788557757.893383 [CLK] cpu=800000000 sysb=400000000 pclk1=200000000
1788557757.897847 [TOF] res=0 step=0 id=0xeacc blk=0xeacc10 ctl=0x0
1788557757.903627 [RNG] init=0 step=99 id=0xeacc boot=1 calls=93 xerr=0 dm=1 tb=15
1788557757.910515 [RNG] osc=41 imp=881 imprb=881 mstart=0x40 cfg=91 cfgfail=0x0 vhv=0 vpolls=0
1788557757.916860 [PRT] calls=55909 xerr=0 ler=1 lidx=0x0 perr=0 maxcnt=17 addr8=0x52
1788557757.920859 [RTY] wr=0 wmax=0 wref=0  rd=0 rmax=0 rref=0
1788557757.928606 [RNG] frames=13950 last=59 min=49 max=76 nrdy=0 dxfer=0 dstat=0 lst=0 nrdyerr=0 dclr=0
1788557757.934983 [DRV] init=0 id=7 mode=0x1 lib=0x2 seq=0x1 odc=0x8b sts=0xe0 armed=1
1788557757.940503 [TRG] pulses=134 suppressed=1670 cyc=1600 rst=1 rstmode=0x40
1788557757.943853 [HLT] polls=279 faults=0x0 cfglost=0
1788557757.949601 [EFF] n=5 last=58512 min=58450 max=58515 late=0 stuck=0 rderr=0
1788557757.959874 [IMU] init=0 addr=0x68 who=0x68 rst=1 pmrb0=0x40 pmrb=0x1 sr=19 cfg=4 gcfg=0x0 acfg=0x8 icfg=0x30 ien=0x1 armed=1
1788557757.965245 [ACC] reads=13952 stale=13933 rderr=0 ax=63 ay=-64 az=1127
1788557757.967854 [PWR] pm=0x1 drift=0 rderr=0
1788557757.971852 [DWT] ok=1 cyc=2099383203 cyc_per_ms=799996
1788557758.986873 [HB] up_ms=309835 frames=13998 inf=13998 hazard=1804 canary_err=0 q=0 qovr=0
1788557758.997860 [I2C] init=0 gate=0 whoami=0x201e0 wr=0 wrseen=0x27 addr=0x5a ok=87235 err=0 tmo=0 recov=0 pclk1=200000000 sysclk=400000000
1788557758.999228 [NAK] nacks=0
1788557759.003986 [CLK] cpu=800000000 sysb=400000000 pclk1=200000000
1788557759.008483 [TOF] res=0 step=0 id=0xeacc blk=0xeacc10 ctl=0x0
1788557759.014362 [RNG] init=0 step=99 id=0xeacc boot=1 calls=93 xerr=0 dm=1 tb=15
1788557759.021232 [RNG] osc=41 imp=881 imprb=881 mstart=0x40 cfg=91 cfgfail=0x0 vhv=0 vpolls=0
1788557759.027484 [PRT] calls=56109 xerr=0 ler=1 lidx=0x0 perr=0 maxcnt=17 addr8=0x52
1788557759.031610 [RTY] wr=0 wmax=0 wref=0  rd=0 rmax=0 rref=0
1788557759.039362 [RNG] frames=14000 last=64 min=49 max=76 nrdy=0 dxfer=0 dstat=0 lst=0 nrdyerr=0 dclr=0
1788557759.045617 [DRV] init=0 id=7 mode=0x1 lib=0x2 seq=0x1 odc=0x8b sts=0xe0 armed=1
1788557759.051229 [TRG] pulses=134 suppressed=1670 cyc=1600 rst=1 rstmode=0x40
1788557759.054615 [HLT] polls=280 faults=0x0 cfglost=0
1788557759.060227 [EFF] n=5 last=58512 min=58450 max=58515 late=0 stuck=0 rderr=0
1788557759.070476 [IMU] init=0 addr=0x68 who=0x68 rst=1 pmrb0=0x40 pmrb=0x1 sr=19 cfg=4 gcfg=0x0 acfg=0x8 icfg=0x30 ien=0x1 armed=1
1788557759.075973 [ACC] reads=14002 stale=13983 rderr=0 ax=64 ay=-63 az=1124
1788557759.078598 [PWR] pm=0x1 drift=0 rderr=0
1788557759.082604 [DWT] ok=1 cyc=2980983035 cyc_per_ms=799999
1788557760.097854 [HB] up_ms=310937 frames=14047 inf=14047 hazard=1804 canary_err=0 q=0 qovr=0
1788557760.108982 [I2C] init=0 gate=0 whoami=0x201e0 wr=0 wrseen=0x27 addr=0x5a ok=87537 err=0 tmo=0 recov=0 pclk1=200000000 sysclk=400000000
1788557760.110226 [NAK] nacks=0
1788557760.114876 [CLK] cpu=800000000 sysb=400000000 pclk1=200000000
1788557760.119475 [TOF] res=0 step=0 id=0xeacc blk=0xeacc10 ctl=0x0
1788557760.125345 [RNG] init=0 step=99 id=0xeacc boot=1 calls=93 xerr=0 dm=1 tb=15
1788557760.132228 [RNG] osc=41 imp=881 imprb=881 mstart=0x40 cfg=91 cfgfail=0x0 vhv=0 vpolls=0
1788557760.138469 [PRT] calls=56309 xerr=0 ler=1 lidx=0x0 perr=0 maxcnt=17 addr8=0x52
1788557760.142596 [RTY] wr=0 wmax=0 wref=0  rd=0 rmax=0 rref=0
1788557760.150481 [RNG] frames=14050 last=66 min=49 max=76 nrdy=0 dxfer=0 dstat=0 lst=0 nrdyerr=0 dclr=0
1788557760.156595 [DRV] init=0 id=7 mode=0x1 lib=0x2 seq=0x1 odc=0x8b sts=0xe0 armed=1
1788557760.162221 [TRG] pulses=134 suppressed=1670 cyc=1600 rst=1 rstmode=0x40
1788557760.165601 [HLT] polls=281 faults=0x0 cfglost=0
1788557760.171340 [EFF] n=5 last=58512 min=58450 max=58515 late=0 stuck=0 rderr=0
1788557760.181478 [IMU] init=0 addr=0x68 who=0x68 rst=1 pmrb0=0x40 pmrb=0x1 sr=19 cfg=4 gcfg=0x0 acfg=0x8 icfg=0x30 ien=0x1 armed=1
1788557760.186977 [ACC] reads=14051 stale=14032 rderr=0 ax=64 ay=-64 az=1127
1788557760.189600 [PWR] pm=0x1 drift=0 rderr=0
1788557760.193599 [DWT] ok=1 cyc=3862716865 cyc_per_ms=800121
1788557761.208589 [HB] up_ms=312039 frames=14097 inf=14097 hazard=1804 canary_err=0 q=0 qovr=0
1788557761.219732 [I2C] init=0 gate=0 whoami=0x201e0 wr=0 wrseen=0x27 addr=0x5a ok=87839 err=0 tmo=0 recov=0 pclk1=200000000 sysclk=400000000
1788557761.220979 [NAK] nacks=0
1788557761.225601 [CLK] cpu=800000000 sysb=400000000 pclk1=200000000
1788557761.230228 [TOF] res=0 step=0 id=0xeacc blk=0xeacc10 ctl=0x0
1788557761.236114 [RNG] init=0 step=99 id=0xeacc boot=1 calls=93 xerr=0 dm=1 tb=15
1788557761.242979 [RNG] osc=41 imp=881 imprb=881 mstart=0x40 cfg=91 cfgfail=0x0 vhv=0 vpolls=0
1788557761.249113 [PRT] calls=56509 xerr=0 ler=1 lidx=0x0 perr=0 maxcnt=17 addr8=0x52
1788557761.253761 [RTY] wr=0 wmax=0 wref=0  rd=0 rmax=0 rref=0
1788557761.261101 [RNG] frames=14100 last=64 min=49 max=76 nrdy=0 dxfer=0 dstat=0 lst=0 nrdyerr=0 dclr=0
1788557761.267345 [DRV] init=0 id=7 mode=0x1 lib=0x2 seq=0x1 odc=0x8b sts=0xe0 armed=1
1788557761.272834 [TRG] pulses=134 suppressed=1670 cyc=1600 rst=1 rstmode=0x40
1788557761.276330 [HLT] polls=282 faults=0x0 cfglost=0
1788557761.282109 [EFF] n=5 last=58512 min=58450 max=58515 late=0 stuck=0 rderr=0
1788557761.292214 [IMU] init=0 addr=0x68 who=0x68 rst=1 pmrb0=0x40 pmrb=0x1 sr=19 cfg=4 gcfg=0x0 acfg=0x8 icfg=0x30 ien=0x1 armed=1
1788557761.297594 [ACC] reads=14101 stale=14082 rderr=0 ax=66 ay=-62 az=1127
1788557761.300346 [PWR] pm=0x1 drift=0 rderr=0
1788557761.304212 [DWT] ok=1 cyc=449350637 cyc_per_ms=800000
1788557762.318911 [HB] up_ms=313141 frames=14147 inf=14147 hazard=1804 canary_err=0 q=0 qovr=0
1788557762.330088 [I2C] init=0 gate=0 whoami=0x201e0 wr=0 wrseen=0x27 addr=0x5a ok=88137 err=0 tmo=0 recov=0 pclk1=200000000 sysclk=400000000
1788557762.331377 [NAK] nacks=0
1788557762.335980 [CLK] cpu=800000000 sysb=400000000 pclk1=200000000
1788557762.340528 [TOF] res=0 step=0 id=0xeacc blk=0xeacc10 ctl=0x0
1788557762.346456 [RNG] init=0 step=99 id=0xeacc boot=1 calls=93 xerr=0 dm=1 tb=15
1788557762.353342 [RNG] osc=41 imp=881 imprb=881 mstart=0x40 cfg=91 cfgfail=0x0 vhv=0 vpolls=0
1788557762.359441 [PRT] calls=56709 xerr=0 ler=1 lidx=0x0 perr=0 maxcnt=17 addr8=0x52
1788557762.363602 [RTY] wr=0 wmax=0 wref=0  rd=0 rmax=0 rref=0
1788557762.371509 [RNG] frames=14149 last=62 min=49 max=76 nrdy=0 dxfer=0 dstat=0 lst=0 nrdyerr=0 dclr=0
1788557762.378615 [DRV] init=0 id=7 mode=0x1 lib=0x2 seq=0x1 odc=0x8b sts=0xe0 armed=1
1788557762.383224 [TRG] pulses=134 suppressed=1670 cyc=1600 rst=1 rstmode=0x40
1788557762.386578 [HLT] polls=283 faults=0x0 cfglost=0
1788557762.392448 [EFF] n=5 last=58512 min=58450 max=58515 late=0 stuck=0 rderr=0
1788557762.402591 [IMU] init=0 addr=0x68 who=0x68 rst=1 pmrb0=0x40 pmrb=0x1 sr=19 cfg=4 gcfg=0x0 acfg=0x8 icfg=0x30 ien=0x1 armed=1
1788557762.408194 [ACC] reads=14151 stale=14132 rderr=0 ax=65 ay=-64 az=1128
1788557762.410574 [PWR] pm=0x1 drift=0 rderr=0
1788557762.414706 [DWT] ok=1 cyc=1330815911 cyc_per_ms=799877
1788557763.430210 [HB] up_ms=314243 frames=14197 inf=14197 hazard=1804 canary_err=0 q=0 qovr=0
1788557763.441486 [I2C] init=0 gate=0 whoami=0x201e0 wr=0 wrseen=0x27 addr=0x5a ok=88437 err=0 tmo=0 recov=0 pclk1=200000000 sysclk=400000000
1788557763.442711 [NAK] nacks=0
1788557763.447335 [CLK] cpu=800000000 sysb=400000000 pclk1=200000000
1788557763.451850 [TOF] res=0 step=0 id=0xeacc blk=0xeacc10 ctl=0x0
1788557763.457817 [RNG] init=0 step=99 id=0xeacc boot=1 calls=93 xerr=0 dm=1 tb=15
1788557763.464694 [RNG] osc=41 imp=881 imprb=881 mstart=0x40 cfg=91 cfgfail=0x0 vhv=0 vpolls=0
1788557763.470841 [PRT] calls=56909 xerr=0 ler=1 lidx=0x0 perr=0 maxcnt=17 addr8=0x52
1788557763.474945 [RTY] wr=0 wmax=0 wref=0  rd=0 rmax=0 rref=0
1788557763.482950 [RNG] frames=14199 last=61 min=49 max=76 nrdy=0 dxfer=0 dstat=0 lst=0 nrdyerr=0 dclr=0
1788557763.489145 [DRV] init=0 id=7 mode=0x1 lib=0x2 seq=0x1 odc=0x8b sts=0xe0 armed=1
1788557763.494564 [TRG] pulses=134 suppressed=1670 cyc=1600 rst=1 rstmode=0x40
1788557763.497928 [HLT] polls=284 faults=0x0 cfglost=0
1788557763.503890 [EFF] n=5 last=58512 min=58450 max=58515 late=0 stuck=0 rderr=0
1788557763.514070 [IMU] init=0 addr=0x68 who=0x68 rst=1 pmrb0=0x40 pmrb=0x1 sr=19 cfg=4 gcfg=0x0 acfg=0x8 icfg=0x30 ien=0x1 armed=1
1788557763.519333 [ACC] reads=14201 stale=14182 rderr=0 ax=64 ay=-65 az=1127
1788557763.521976 [PWR] pm=0x1 drift=0 rderr=0
1788557763.526064 [DWT] ok=1 cyc=2212418939 cyc_per_ms=800002
1788557764.541184 [HB] up_ms=315345 frames=14247 inf=14247 hazard=1845 canary_err=0 q=0 qovr=0
1788557764.552426 [I2C] init=0 gate=0 whoami=0x201e0 wr=0 wrseen=0x27 addr=0x5a ok=88739 err=0 tmo=0 recov=0 pclk1=200000000 sysclk=400000000
1788557764.553824 [NAK] nacks=0
1788557764.558427 [CLK] cpu=800000000 sysb=400000000 pclk1=200000000
1788557764.562954 [TOF] res=0 step=0 id=0xeacc blk=0xeacc10 ctl=0x0
1788557764.568856 [RNG] init=0 step=99 id=0xeacc boot=1 calls=93 xerr=0 dm=1 tb=15
1788557764.575827 [RNG] osc=41 imp=881 imprb=881 mstart=0x40 cfg=91 cfgfail=0x0 vhv=0 vpolls=0
1788557764.581942 [PRT] calls=57109 xerr=0 ler=1 lidx=0x0 perr=0 maxcnt=17 addr8=0x52
1788557764.585956 [RTY] wr=0 wmax=0 wref=0  rd=0 rmax=0 rref=0
1788557764.593855 [RNG] frames=14249 last=67 min=49 max=76 nrdy=0 dxfer=0 dstat=0 lst=0 nrdyerr=0 dclr=0
1788557764.600182 [DRV] init=0 id=7 mode=0x1 lib=0x2 seq=0x1 odc=0x8b sts=0xe0 armed=1
1788557764.605587 [TRG] pulses=137 suppressed=1708 cyc=1600 rst=1 rstmode=0x40
1788557764.608943 [HLT] polls=285 faults=0x0 cfglost=0
1788557764.614695 [EFF] n=5 last=58512 min=58450 max=58515 late=0 stuck=0 rderr=0
1788557764.625072 [IMU] init=0 addr=0x68 who=0x68 rst=1 pmrb0=0x40 pmrb=0x1 sr=19 cfg=4 gcfg=0x0 acfg=0x8 icfg=0x30 ien=0x1 armed=1
1788557764.630331 [ACC] reads=14251 stale=14232 rderr=0 ax=64 ay=-66 az=1127
1788557764.633177 [PWR] pm=0x1 drift=0 rderr=0
1788557764.636927 [DWT] ok=1 cyc=3094015519 cyc_per_ms=799996
1788557765.653212 [HB] up_ms=316447 frames=14297 inf=14297 hazard=1845 canary_err=0 q=0 qovr=0
1788557765.663442 [I2C] init=0 gate=0 whoami=0x201e0 wr=0 wrseen=0x27 addr=0x5a ok=89041 err=0 tmo=0 recov=0 pclk1=200000000 sysclk=400000000
1788557765.664673 [NAK] nacks=0
1788557765.669320 [CLK] cpu=800000000 sysb=400000000 pclk1=200000000
1788557765.673836 [TOF] res=0 step=0 id=0xeacc blk=0xeacc10 ctl=0x0
1788557765.679699 [RNG] init=0 step=99 id=0xeacc boot=1 calls=93 xerr=0 dm=1 tb=15
1788557765.686738 [RNG] osc=41 imp=881 imprb=881 mstart=0x40 cfg=91 cfgfail=0x0 vhv=0 vpolls=0
1788557765.692820 [PRT] calls=57309 xerr=0 ler=1 lidx=0x0 perr=0 maxcnt=17 addr8=0x52
1788557765.696811 [RTY] wr=0 wmax=0 wref=0  rd=0 rmax=0 rref=0
1788557765.704718 [RNG] frames=14299 last=67 min=49 max=76 nrdy=0 dxfer=0 dstat=0 lst=0 nrdyerr=0 dclr=0
1788557765.711110 [DRV] init=0 id=7 mode=0x1 lib=0x2 seq=0x1 odc=0x8b sts=0xe0 armed=1
1788557765.716569 [TRG] pulses=137 suppressed=1708 cyc=1600 rst=1 rstmode=0x40
1788557765.720281 [HLT] polls=286 faults=0x0 cfglost=0
1788557765.725551 [EFF] n=5 last=58512 min=58450 max=58515 late=0 stuck=0 rderr=0
1788557765.735945 [IMU] init=0 addr=0x68 who=0x68 rst=1 pmrb0=0x40 pmrb=0x1 sr=19 cfg=4 gcfg=0x0 acfg=0x8 icfg=0x30 ien=0x1 armed=1
1788557765.741322 [ACC] reads=14301 stale=14282 rderr=0 ax=64 ay=-65 az=1129
1788557765.743940 [PWR] pm=0x1 drift=0 rderr=0
1788557765.747932 [DWT] ok=1 cyc=3975615679 cyc_per_ms=800000
1788557766.763300 [HB] up_ms=317549 frames=14347 inf=14347 hazard=1845 canary_err=0 q=0 qovr=0
1788557766.774619 [I2C] init=0 gate=0 whoami=0x201e0 wr=0 wrseen=0x27 addr=0x5a ok=89343 err=0 tmo=0 recov=0 pclk1=200000000 sysclk=400000000
1788557766.775783 [NAK] nacks=0
1788557766.780433 [CLK] cpu=800000000 sysb=400000000 pclk1=200000000
1788557766.786400 [TOF] res=0 step=0 id=0xeacc blk=0xeacc10 ctl=0x0
1788557766.791292 [RNG] init=0 step=99 id=0xeacc boot=1 calls=93 xerr=0 dm=1 tb=15
1788557766.797802 [RNG] osc=41 imp=881 imprb=881 mstart=0x40 cfg=91 cfgfail=0x0 vhv=0 vpolls=0
1788557766.804357 [PRT] calls=57509 xerr=0 ler=1 lidx=0x0 perr=0 maxcnt=17 addr8=0x52
1788557766.808050 [RTY] wr=0 wmax=0 wref=0  rd=0 rmax=0 rref=0
1788557766.815795 [RNG] frames=14349 last=63 min=49 max=76 nrdy=0 dxfer=0 dstat=0 lst=0 nrdyerr=0 dclr=0
1788557766.822198 [DRV] init=0 id=7 mode=0x1 lib=0x2 seq=0x1 odc=0x8b sts=0xe0 armed=1
1788557766.827652 [TRG] pulses=137 suppressed=1708 cyc=1600 rst=1 rstmode=0x40
1788557766.831062 [HLT] polls=287 faults=0x0 cfglost=0
1788557766.836792 [EFF] n=5 last=58512 min=58450 max=58515 late=0 stuck=0 rderr=0
1788557766.847171 [IMU] init=0 addr=0x68 who=0x68 rst=1 pmrb0=0x40 pmrb=0x1 sr=19 cfg=4 gcfg=0x0 acfg=0x8 icfg=0x30 ien=0x1 armed=1
1788557766.852415 [ACC] reads=14351 stale=14332 rderr=0 ax=63 ay=-63 az=1124
1788557766.855058 [PWR] pm=0x1 drift=0 rderr=0
1788557766.858914 [DWT] ok=1 cyc=562248231 cyc_per_ms=799999
1788557767.874041 [HB] up_ms=318651 frames=14397 inf=14397 hazard=1845 canary_err=0 q=0 qovr=0
1788557767.885196 [I2C] init=0 gate=0 whoami=0x201e0 wr=0 wrseen=0x27 addr=0x5a ok=89645 err=0 tmo=0 recov=0 pclk1=200000000 sysclk=400000000
1788557767.886578 [NAK] nacks=0
1788557767.891189 [CLK] cpu=800000000 sysb=400000000 pclk1=200000000
1788557767.895652 [TOF] res=0 step=0 id=0xeacc blk=0xeacc10 ctl=0x0
1788557767.901576 [RNG] init=0 step=99 id=0xeacc boot=1 calls=93 xerr=0 dm=1 tb=15
1788557767.908532 [RNG] osc=41 imp=881 imprb=881 mstart=0x40 cfg=91 cfgfail=0x0 vhv=0 vpolls=0
1788557767.914653 [PRT] calls=57706 xerr=0 ler=1 lidx=0x0 perr=0 maxcnt=17 addr8=0x52
1788557767.918860 [RTY] wr=0 wmax=0 wref=0  rd=0 rmax=0 rref=0
1788557767.926522 [RNG] frames=14399 last=64 min=49 max=76 nrdy=0 dxfer=0 dstat=0 lst=0 nrdyerr=0 dclr=0
1788557767.932804 [DRV] init=0 id=7 mode=0x1 lib=0x2 seq=0x1 odc=0x8b sts=0xe0 armed=1
1788557767.938587 [TRG] pulses=137 suppressed=1708 cyc=1600 rst=1 rstmode=0x40
1788557767.941793 [HLT] polls=288 faults=0x0 cfglost=0
1788557767.947409 [EFF] n=5 last=58512 min=58450 max=58515 late=0 stuck=0 rderr=0
1788557767.957776 [IMU] init=0 addr=0x68 who=0x68 rst=1 pmrb0=0x40 pmrb=0x1 sr=19 cfg=4 gcfg=0x0 acfg=0x8 icfg=0x30 ien=0x1 armed=1
1788557767.963018 [ACC] reads=14401 stale=14382 rderr=0 ax=62 ay=-63 az=1126
1788557767.965771 [PWR] pm=0x1 drift=0 rderr=0
1788557767.969827 [DWT] ok=1 cyc=1443848467 cyc_per_ms=800000
1788557768.984420 [HB] up_ms=319753 frames=14447 inf=14447 hazard=1845 canary_err=0 q=0 qovr=0
1788557768.995528 [I2C] init=0 gate=0 whoami=0x201e0 wr=0 wrseen=0x27 addr=0x5a ok=89947 err=0 tmo=0 recov=0 pclk1=200000000 sysclk=400000000
1788557768.996779 [NAK] nacks=0
1788557769.001536 [CLK] cpu=800000000 sysb=400000000 pclk1=200000000
1788557769.006034 [TOF] res=0 step=0 id=0xeacc blk=0xeacc10 ctl=0x0
1788557769.011914 [RNG] init=0 step=99 id=0xeacc boot=1 calls=93 xerr=0 dm=1 tb=15
1788557769.018805 [RNG] osc=41 imp=881 imprb=881 mstart=0x40 cfg=91 cfgfail=0x0 vhv=0 vpolls=0
1788557769.025035 [PRT] calls=57905 xerr=0 ler=1 lidx=0x0 perr=0 maxcnt=17 addr8=0x52
1788557769.029165 [RTY] wr=0 wmax=0 wref=0  rd=0 rmax=0 rref=0
1788557769.036907 [RNG] frames=14449 last=63 min=49 max=76 nrdy=0 dxfer=0 dstat=0 lst=0 nrdyerr=0 dclr=0
1788557769.043032 [DRV] init=0 id=7 mode=0x1 lib=0x2 seq=0x1 odc=0x8b sts=0xe0 armed=1
1788557769.048776 [TRG] pulses=137 suppressed=1708 cyc=1600 rst=1 rstmode=0x40
1788557769.052212 [HLT] polls=289 faults=0x0 cfglost=0
1788557769.057798 [EFF] n=5 last=58512 min=58450 max=58515 late=0 stuck=0 rderr=0
1788557769.068163 [IMU] init=0 addr=0x68 who=0x68 rst=1 pmrb0=0x40 pmrb=0x1 sr=19 cfg=4 gcfg=0x0 acfg=0x8 icfg=0x30 ien=0x1 armed=1
1788557769.073420 [ACC] reads=14451 stale=14432 rderr=0 ax=61 ay=-66 az=1128
1788557769.076191 [PWR] pm=0x1 drift=0 rderr=0
1788557769.080039 [DWT] ok=1 cyc=2325448347 cyc_per_ms=799999
1788557770.094410 [HB] up_ms=320855 frames=14497 inf=14497 hazard=1845 canary_err=0 q=0 qovr=0
1788557770.105388 [I2C] init=0 gate=0 whoami=0x201e0 wr=0 wrseen=0x27 addr=0x5a ok=90249 err=0 tmo=0 recov=0 pclk1=200000000 sysclk=400000000
1788557770.106653 [NAK] nacks=0
1788557770.111405 [CLK] cpu=800000000 sysb=400000000 pclk1=200000000
1788557770.115921 [TOF] res=0 step=0 id=0xeacc blk=0xeacc10 ctl=0x0
1788557770.121785 [RNG] init=0 step=99 id=0xeacc boot=1 calls=93 xerr=0 dm=1 tb=15
1788557770.128660 [RNG] osc=41 imp=881 imprb=881 mstart=0x40 cfg=91 cfgfail=0x0 vhv=0 vpolls=0
1788557770.135037 [PRT] calls=58105 xerr=0 ler=1 lidx=0x0 perr=0 maxcnt=17 addr8=0x52
1788557770.139024 [RTY] wr=0 wmax=0 wref=0  rd=0 rmax=0 rref=0
1788557770.146805 [RNG] frames=14499 last=63 min=49 max=76 nrdy=0 dxfer=0 dstat=0 lst=0 nrdyerr=0 dclr=0
1788557770.152931 [DRV] init=0 id=7 mode=0x1 lib=0x2 seq=0x1 odc=0x8b sts=0xe0 armed=1
1788557770.158716 [TRG] pulses=137 suppressed=1708 cyc=1600 rst=1 rstmode=0x40
1788557770.162013 [HLT] polls=290 faults=0x0 cfglost=0
1788557770.167765 [EFF] n=5 last=58512 min=58450 max=58515 late=0 stuck=0 rderr=0
1788557770.177914 [IMU] init=0 addr=0x68 who=0x68 rst=1 pmrb0=0x40 pmrb=0x1 sr=19 cfg=4 gcfg=0x0 acfg=0x8 icfg=0x30 ien=0x1 armed=1
1788557770.183392 [ACC] reads=14500 stale=14481 rderr=0 ax=63 ay=-62 az=1129
1788557770.186069 [PWR] pm=0x1 drift=0 rderr=0
1788557770.190008 [DWT] ok=1 cyc=3207076547 cyc_per_ms=800025
1788557771.204262 [HB] up_ms=321957 frames=14546 inf=14546 hazard=1871 canary_err=0 q=0 qovr=0
1788557771.215390 [I2C] init=0 gate=0 whoami=0x201e0 wr=0 wrseen=0x27 addr=0x5a ok=90551 err=0 tmo=0 recov=0 pclk1=200000000 sysclk=400000000
1788557771.216628 [NAK] nacks=0
1788557771.221271 [CLK] cpu=800000000 sysb=400000000 pclk1=200000000
1788557771.225879 [TOF] res=0 step=0 id=0xeacc blk=0xeacc10 ctl=0x0
1788557771.231766 [RNG] init=0 step=99 id=0xeacc boot=1 calls=93 xerr=0 dm=1 tb=15
1788557771.238650 [RNG] osc=41 imp=881 imprb=881 mstart=0x40 cfg=91 cfgfail=0x0 vhv=0 vpolls=0
1788557771.244770 [PRT] calls=58305 xerr=0 ler=1 lidx=0x0 perr=0 maxcnt=17 addr8=0x52
1788557771.249006 [RTY] wr=0 wmax=0 wref=0  rd=0 rmax=0 rref=0
1788557771.256770 [RNG] frames=14549 last=60 min=49 max=76 nrdy=0 dxfer=0 dstat=0 lst=0 nrdyerr=0 dclr=0
1788557771.262874 [DRV] init=0 id=7 mode=0x1 lib=0x2 seq=0x1 odc=0x8b sts=0xe0 armed=1
1788557771.268394 [TRG] pulses=140 suppressed=1734 cyc=1600 rst=1 rstmode=0x40
1788557771.272020 [HLT] polls=290 faults=0x0 cfglost=0
1788557771.277745 [EFF] n=5 last=58512 min=58450 max=58515 late=0 stuck=0 rderr=0
1788557771.287877 [IMU] init=0 addr=0x68 who=0x68 rst=1 pmrb0=0x40 pmrb=0x1 sr=19 cfg=4 gcfg=0x0 acfg=0x8 icfg=0x30 ien=0x1 armed=1
1788557771.293239 [ACC] reads=14550 stale=14531 rderr=0 ax=64 ay=-65 az=1127
1788557771.295991 [PWR] pm=0x1 drift=0 rderr=0
1788557771.299860 [DWT] ok=1 cyc=4088790273 cyc_per_ms=800103
1788557772.315383 [HB] up_ms=323060 frames=14596 inf=14596 hazard=1886 canary_err=0 q=0 qovr=0
1788557772.326495 [I2C] init=0 gate=0 whoami=0x201e0 wr=0 wrseen=0x27 addr=0x5a ok=90853 err=0 tmo=0 recov=0 pclk1=200000000 sysclk=400000000
1788557772.327782 [NAK] nacks=0
1788557772.332395 [CLK] cpu=800000000 sysb=400000000 pclk1=200000000
1788557772.337012 [TOF] res=0 step=0 id=0xeacc blk=0xeacc10 ctl=0x0
1788557772.342898 [RNG] init=0 step=99 id=0xeacc boot=1 calls=93 xerr=0 dm=1 tb=15
1788557772.349773 [RNG] osc=41 imp=881 imprb=881 mstart=0x40 cfg=91 cfgfail=0x0 vhv=0 vpolls=0
1788557772.355792 [PRT] calls=58505 xerr=0 ler=1 lidx=0x0 perr=0 maxcnt=17 addr8=0x52
1788557772.360000 [RTY] wr=0 wmax=0 wref=0  rd=0 rmax=0 rref=0
1788557772.367889 [RNG] frames=14599 last=67 min=49 max=76 nrdy=0 dxfer=0 dstat=0 lst=0 nrdyerr=0 dclr=0
1788557772.374006 [DRV] init=0 id=7 mode=0x1 lib=0x2 seq=0x1 odc=0x8b sts=0xe0 armed=1
1788557772.379499 [TRG] pulses=140 suppressed=1746 cyc=1600 rst=1 rstmode=0x40
1788557772.382994 [HLT] polls=291 faults=0x0 cfglost=0
1788557772.388773 [EFF] n=5 last=58512 min=58450 max=58515 late=0 stuck=0 rderr=0
1788557772.399011 [IMU] init=0 addr=0x68 who=0x68 rst=1 pmrb0=0x40 pmrb=0x1 sr=19 cfg=4 gcfg=0x0 acfg=0x8 icfg=0x30 ien=0x1 armed=1
1788557772.404262 [ACC] reads=14600 stale=14581 rderr=0 ax=65 ay=-65 az=1127
1788557772.407165 [PWR] pm=0x1 drift=0 rderr=0
1788557772.411001 [DWT] ok=1 cyc=676215885 cyc_per_ms=799993
1788557773.425506 [HB] up_ms=324162 frames=14646 inf=14646 hazard=1886 canary_err=0 q=0 qovr=0
1788557773.436752 [I2C] init=0 gate=0 whoami=0x201e0 wr=0 wrseen=0x27 addr=0x5a ok=91151 err=0 tmo=0 recov=0 pclk1=200000000 sysclk=400000000
1788557773.437991 [NAK] nacks=0
1788557773.442701 [CLK] cpu=800000000 sysb=400000000 pclk1=200000000
1788557773.447159 [TOF] res=0 step=0 id=0xeacc blk=0xeacc10 ctl=0x0
1788557773.453151 [RNG] init=0 step=99 id=0xeacc boot=1 calls=93 xerr=0 dm=1 tb=15
1788557773.459996 [RNG] osc=41 imp=881 imprb=881 mstart=0x40 cfg=91 cfgfail=0x0 vhv=0 vpolls=0
1788557773.466156 [PRT] calls=58705 xerr=0 ler=1 lidx=0x0 perr=0 maxcnt=17 addr8=0x52
1788557773.470322 [RTY] wr=0 wmax=0 wref=0  rd=0 rmax=0 rref=0
1788557773.478149 [RNG] frames=14648 last=70 min=49 max=76 nrdy=0 dxfer=0 dstat=0 lst=0 nrdyerr=0 dclr=0
1788557773.484372 [DRV] init=0 id=7 mode=0x1 lib=0x2 seq=0x1 odc=0x8b sts=0xe0 armed=1
1788557773.489746 [TRG] pulses=140 suppressed=1746 cyc=1600 rst=1 rstmode=0x40
1788557773.493138 [HLT] polls=292 faults=0x0 cfglost=0
1788557773.499157 [EFF] n=5 last=58512 min=58450 max=58515 late=0 stuck=0 rderr=0
1788557773.509237 [IMU] init=0 addr=0x68 who=0x68 rst=1 pmrb0=0x40 pmrb=0x1 sr=19 cfg=4 gcfg=0x0 acfg=0x8 icfg=0x30 ien=0x1 armed=1
1788557773.514498 [ACC] reads=14650 stale=14631 rderr=0 ax=62 ay=-67 az=1123
1788557773.517305 [PWR] pm=0x1 drift=0 rderr=0
1788557773.521388 [DWT] ok=1 cyc=1557681291 cyc_per_ms=799877
1788557774.535382 [HB] up_ms=325264 frames=14696 inf=14696 hazard=1886 canary_err=0 q=0 qovr=0
1788557774.546504 [I2C] init=0 gate=0 whoami=0x201e0 wr=0 wrseen=0x27 addr=0x5a ok=91451 err=0 tmo=0 recov=0 pclk1=200000000 sysclk=400000000
1788557774.547903 [NAK] nacks=0
1788557774.552498 [CLK] cpu=800000000 sysb=400000000 pclk1=200000000
1788557774.556997 [TOF] res=0 step=0 id=0xeacc blk=0xeacc10 ctl=0x0
1788557774.562988 [RNG] init=0 step=99 id=0xeacc boot=1 calls=93 xerr=0 dm=1 tb=15
1788557774.569865 [RNG] osc=41 imp=881 imprb=881 mstart=0x40 cfg=91 cfgfail=0x0 vhv=0 vpolls=0
1788557774.575991 [PRT] calls=58905 xerr=0 ler=1 lidx=0x0 perr=0 maxcnt=17 addr8=0x52
1788557774.579993 [RTY] wr=0 wmax=0 wref=0  rd=0 rmax=0 rref=0
1788557774.587992 [RNG] frames=14698 last=62 min=49 max=76 nrdy=0 dxfer=0 dstat=0 lst=0 nrdyerr=0 dclr=0
1788557774.594245 [DRV] init=0 id=7 mode=0x1 lib=0x2 seq=0x1 odc=0x8b sts=0xe0 armed=1
1788557774.599616 [TRG] pulses=140 suppressed=1746 cyc=1600 rst=1 rstmode=0x40
1788557774.602987 [HLT] polls=293 faults=0x0 cfglost=0
1788557774.608883 [EFF] n=5 last=58512 min=58450 max=58515 late=0 stuck=0 rderr=0
1788557774.619145 [IMU] init=0 addr=0x68 who=0x68 rst=1 pmrb0=0x40 pmrb=0x1 sr=19 cfg=4 gcfg=0x0 acfg=0x8 icfg=0x30 ien=0x1 armed=1
1788557774.624362 [ACC] reads=14700 stale=14681 rderr=0 ax=65 ay=-63 az=1127
1788557774.627129 [PWR] pm=0x1 drift=0 rderr=0
1788557774.631144 [DWT] ok=1 cyc=2439280939 cyc_per_ms=799999
1788557775.645124 [HB] up_ms=326366 frames=14746 inf=14746 hazard=1886 canary_err=0 q=0 qovr=0
1788557775.656352 [I2C] init=0 gate=0 whoami=0x201e0 wr=0 wrseen=0x27 addr=0x5a ok=91753 err=0 tmo=0 recov=0 pclk1=200000000 sysclk=400000000
1788557775.657741 [NAK] nacks=0
1788557775.662223 [CLK] cpu=800000000 sysb=400000000 pclk1=200000000
1788557775.666721 [TOF] res=0 step=0 id=0xeacc blk=0xeacc10 ctl=0x0
1788557775.673289 [RNG] init=0 step=99 id=0xeacc boot=1 calls=93 xerr=0 dm=1 tb=15
1788557775.679725 [RNG] osc=41 imp=881 imprb=881 mstart=0x40 cfg=91 cfgfail=0x0 vhv=0 vpolls=0
1788557775.685917 [PRT] calls=59105 xerr=0 ler=1 lidx=0x0 perr=0 maxcnt=17 addr8=0x52
1788557775.689860 [RTY] wr=0 wmax=0 wref=0  rd=0 rmax=0 rref=0
1788557775.697723 [RNG] frames=14748 last=64 min=49 max=76 nrdy=0 dxfer=0 dstat=0 lst=0 nrdyerr=0 dclr=0
1788557775.704001 [DRV] init=0 id=7 mode=0x1 lib=0x2 seq=0x1 odc=0x8b sts=0xe0 armed=1
1788557775.709499 [TRG] pulses=140 suppressed=1746 cyc=1600 rst=1 rstmode=0x40
1788557775.712857 [HLT] polls=294 faults=0x0 cfglost=0
1788557775.718635 [EFF] n=5 last=58512 min=58450 max=58515 late=0 stuck=0 rderr=0
1788557775.729007 [IMU] init=0 addr=0x68 who=0x68 rst=1 pmrb0=0x40 pmrb=0x1 sr=19 cfg=4 gcfg=0x0 acfg=0x8 icfg=0x30 ien=0x1 armed=1
1788557775.734220 [ACC] reads=14750 stale=14731 rderr=0 ax=67 ay=-64 az=1125
1788557775.736864 [PWR] pm=0x1 drift=0 rderr=0
1788557775.740846 [DWT] ok=1 cyc=3320880927 cyc_per_ms=799999
1788557776.755742 [HB] up_ms=327468 frames=14796 inf=14796 hazard=1886 canary_err=0 q=0 qovr=0
1788557776.766710 [I2C] init=0 gate=0 whoami=0x201e0 wr=0 wrseen=0x27 addr=0x5a ok=92055 err=0 tmo=0 recov=0 pclk1=200000000 sysclk=400000000
1788557776.768108 [NAK] nacks=0
1788557776.772697 [CLK] cpu=800000000 sysb=400000000 pclk1=200000000
1788557776.777244 [TOF] res=0 step=0 id=0xeacc blk=0xeacc10 ctl=0x0
1788557776.782977 [RNG] init=0 step=99 id=0xeacc boot=1 calls=93 xerr=0 dm=1 tb=15
1788557776.790343 [RNG] osc=41 imp=881 imprb=881 mstart=0x40 cfg=91 cfgfail=0x0 vhv=0 vpolls=0
1788557776.796101 [PRT] calls=59305 xerr=0 ler=1 lidx=0x0 perr=0 maxcnt=17 addr8=0x52
1788557776.800207 [RTY] wr=0 wmax=0 wref=0  rd=0 rmax=0 rref=0
1788557776.807978 [RNG] frames=14798 last=66 min=49 max=76 nrdy=0 dxfer=0 dstat=0 lst=0 nrdyerr=0 dclr=0
1788557776.814340 [DRV] init=0 id=7 mode=0x1 lib=0x2 seq=0x1 odc=0x8b sts=0xe0 armed=1
1788557776.819857 [TRG] pulses=140 suppressed=1746 cyc=1600 rst=1 rstmode=0x40
1788557776.823227 [HLT] polls=295 faults=0x0 cfglost=0
1788557776.828954 [EFF] n=5 last=58512 min=58450 max=58515 late=0 stuck=0 rderr=0
1788557776.839355 [IMU] init=0 addr=0x68 who=0x68 rst=1 pmrb0=0x40 pmrb=0x1 sr=19 cfg=4 gcfg=0x0 acfg=0x8 icfg=0x30 ien=0x1 armed=1
1788557776.844580 [ACC] reads=14800 stale=14781 rderr=0 ax=65 ay=-64 az=1127
1788557776.847205 [PWR] pm=0x1 drift=0 rderr=0
1788557776.851204 [DWT] ok=1 cyc=4202480967 cyc_per_ms=800000
1788557777.866133 [HB] up_ms=328570 frames=14846 inf=14846 hazard=1892 canary_err=0 q=0 qovr=0
1788557777.877229 [I2C] init=0 gate=0 whoami=0x201e0 wr=0 wrseen=0x27 addr=0x5a ok=92357 err=0 tmo=0 recov=0 pclk1=200000000 sysclk=400000000
1788557777.878607 [NAK] nacks=0
1788557777.883214 [CLK] cpu=800000000 sysb=400000000 pclk1=200000000
1788557777.887761 [TOF] res=0 step=0 id=0xeacc blk=0xeacc10 ctl=0x0
1788557777.893472 [RNG] init=0 step=99 id=0xeacc boot=1 calls=93 xerr=0 dm=1 tb=15
1788557777.900708 [RNG] osc=41 imp=881 imprb=881 mstart=0x40 cfg=91 cfgfail=0x0 vhv=0 vpolls=0
1788557777.906722 [PRT] calls=59505 xerr=0 ler=1 lidx=0x0 perr=0 maxcnt=17 addr8=0x52
1788557777.910702 [RTY] wr=0 wmax=0 wref=0  rd=0 rmax=0 rref=0
1788557777.918504 [RNG] frames=14848 last=66 min=49 max=76 nrdy=0 dxfer=0 dstat=0 lst=0 nrdyerr=0 dclr=0
1788557777.924852 [DRV] init=0 id=7 mode=0x1 lib=0x2 seq=0x1 odc=0x8b sts=0xe0 armed=1
1788557777.930354 [TRG] pulses=141 suppressed=1754 cyc=1600 rst=1 rstmode=0x40
1788557777.933763 [HLT] polls=296 faults=0x0 cfglost=0
1788557777.939470 [EFF] n=5 last=58512 min=58450 max=58515 late=0 stuck=0 rderr=0
1788557777.949837 [IMU] init=0 addr=0x68 who=0x68 rst=1 pmrb0=0x40 pmrb=0x1 sr=19 cfg=4 gcfg=0x0 acfg=0x8 icfg=0x30 ien=0x1 armed=1
1788557777.955116 [ACC] reads=14850 stale=14831 rderr=0 ax=61 ay=-63 az=1126
1788557777.957841 [PWR] pm=0x1 drift=0 rderr=0
1788557777.961712 [DWT] ok=1 cyc=789117191 cyc_per_ms=800003
1788557778.976108 [HB] up_ms=329672 frames=14896 inf=14896 hazard=1927 canary_err=0 q=0 qovr=0
1788557778.987122 [I2C] init=0 gate=0 whoami=0x201e0 wr=0 wrseen=0x27 addr=0x5a ok=92659 err=0 tmo=0 recov=0 pclk1=200000000 sysclk=400000000
1788557778.988568 [NAK] nacks=0
1788557778.993198 [CLK] cpu=800000000 sysb=400000000 pclk1=200000000
1788557778.997692 [TOF] res=0 step=0 id=0xeacc blk=0xeacc10 ctl=0x0
1788557779.003459 [RNG] init=0 step=99 id=0xeacc boot=1 calls=93 xerr=0 dm=1 tb=15
1788557779.010457 [RNG] osc=41 imp=881 imprb=881 mstart=0x40 cfg=91 cfgfail=0x0 vhv=0 vpolls=0
1788557779.016696 [PRT] calls=59702 xerr=0 ler=1 lidx=0x0 perr=0 maxcnt=17 addr8=0x52
1788557779.020874 [RTY] wr=0 wmax=0 wref=0  rd=0 rmax=0 rref=0
1788557779.028831 [RNG] frames=14898 last=67 min=49 max=76 nrdy=0 dxfer=0 dstat=0 lst=0 nrdyerr=0 dclr=0
1788557779.035068 [DRV] init=0 id=7 mode=0x1 lib=0x2 seq=0x1 odc=0x8b sts=0xe0 armed=1
1788557779.040332 [TRG] pulses=143 suppressed=1784 cyc=1600 rst=1 rstmode=0x40
1788557779.043683 [HLT] polls=297 faults=0x0 cfglost=0
1788557779.049439 [EFF] n=5 last=58512 min=58450 max=58515 late=0 stuck=0 rderr=0
1788557779.059832 [IMU] init=0 addr=0x68 who=0x68 rst=1 pmrb0=0x40 pmrb=0x1 sr=19 cfg=4 gcfg=0x0 acfg=0x8 icfg=0x30 ien=0x1 armed=1
1788557779.065141 [ACC] reads=14900 stale=14881 rderr=0 ax=64 ay=-64 az=1124
1788557779.067815 [PWR] pm=0x1 drift=0 rderr=0
1788557779.071741 [DWT] ok=1 cyc=1670714007 cyc_per_ms=799997
1788557780.086105 [HB] up_ms=330774 frames=14946 inf=14946 hazard=1927 canary_err=0 q=0 qovr=0
1788557780.097064 [I2C] init=0 gate=0 whoami=0x201e0 wr=0 wrseen=0x27 addr=0x5a ok=92961 err=0 tmo=0 recov=0 pclk1=200000000 sysclk=400000000
1788557780.098299 [NAK] nacks=0
1788557780.103069 [CLK] cpu=800000000 sysb=400000000 pclk1=200000000
1788557780.107684 [TOF] res=0 step=0 id=0xeacc blk=0xeacc10 ctl=0x0
1788557780.113424 [RNG] init=0 step=99 id=0xeacc boot=1 calls=93 xerr=0 dm=1 tb=15
1788557780.120367 [RNG] osc=41 imp=881 imprb=881 mstart=0x40 cfg=91 cfgfail=0x0 vhv=0 vpolls=0
1788557780.126572 [PRT] calls=59901 xerr=0 ler=1 lidx=0x0 perr=0 maxcnt=17 addr8=0x52
1788557780.130677 [RTY] wr=0 wmax=0 wref=0  rd=0 rmax=0 rref=0
1788557780.138553 [RNG] frames=14948 last=70 min=49 max=76 nrdy=0 dxfer=0 dstat=0 lst=0 nrdyerr=0 dclr=0
1788557780.144747 [DRV] init=0 id=7 mode=0x1 lib=0x2 seq=0x1 odc=0x8b sts=0xe0 armed=1
1788557780.150307 [TRG] pulses=143 suppressed=1784 cyc=1600 rst=1 rstmode=0x40
1788557780.154163 [HLT] polls=298 faults=0x0 cfglost=0
1788557780.159459 [EFF] n=5 last=58512 min=58450 max=58515 late=0 stuck=0 rderr=0
1788557780.169693 [IMU] init=0 addr=0x68 who=0x68 rst=1 pmrb0=0x40 pmrb=0x1 sr=19 cfg=4 gcfg=0x0 acfg=0x8 icfg=0x30 ien=0x1 armed=1
1788557780.175069 [ACC] reads=14950 stale=14931 rderr=0 ax=65 ay=-64 az=1126
1788557780.177689 [PWR] pm=0x1 drift=0 rderr=0
1788557780.181686 [DWT] ok=1 cyc=2552313807 cyc_per_ms=799999
1788557781.195392 [HB] up_ms=331876 frames=14996 inf=14996 hazard=1927 canary_err=0 q=0 qovr=0
1788557781.206323 [I2C] init=0 gate=0 whoami=0x201e0 wr=0 wrseen=0x27 addr=0x5a ok=93263 err=0 tmo=0 recov=0 pclk1=200000000 sysclk=400000000
1788557781.207691 [NAK] nacks=0
1788557781.212441 [CLK] cpu=800000000 sysb=400000000 pclk1=200000000
1788557781.216942 [TOF] res=0 step=0 id=0xeacc blk=0xeacc10 ctl=0x0
1788557781.222691 [RNG] init=0 step=99 id=0xeacc boot=1 calls=93 xerr=0 dm=1 tb=15
1788557781.229691 [RNG] osc=41 imp=881 imprb=881 mstart=0x40 cfg=91 cfgfail=0x0 vhv=0 vpolls=0
1788557781.235943 [PRT] calls=60101 xerr=0 ler=1 lidx=0x0 perr=0 maxcnt=17 addr8=0x52
1788557781.239945 [RTY] wr=0 wmax=0 wref=0  rd=0 rmax=0 rref=0
1788557781.247696 [RNG] frames=14998 last=67 min=49 max=76 nrdy=0 dxfer=0 dstat=0 lst=0 nrdyerr=0 dclr=0
1788557781.253943 [DRV] init=0 id=7 mode=0x1 lib=0x2 seq=0x1 odc=0x8b sts=0xe0 armed=1
1788557781.259564 [TRG] pulses=143 suppressed=1784 cyc=1600 rst=1 rstmode=0x40
1788557781.262946 [HLT] polls=299 faults=0x0 cfglost=0
1788557781.268737 [EFF] n=5 last=58512 min=58450 max=58515 late=0 stuck=0 rderr=0
1788557781.278919 [IMU] init=0 addr=0x68 who=0x68 rst=1 pmrb0=0x40 pmrb=0x1 sr=19 cfg=4 gcfg=0x0 acfg=0x8 icfg=0x30 ien=0x1 armed=1
1788557781.284360 [ACC] reads=14999 stale=14980 rderr=0 ax=65 ay=-62 az=1126
1788557781.286949 [PWR] pm=0x1 drift=0 rderr=0
1788557781.290969 [DWT] ok=1 cyc=3433941959 cyc_per_ms=800025
1788557782.305187 [HB] up_ms=332978 frames=15045 inf=15045 hazard=1927 canary_err=0 q=0 qovr=0
1788557782.315804 [I2C] init=0 gate=0 whoami=0x201e0 wr=0 wrseen=0x27 addr=0x5a ok=93565 err=0 tmo=0 recov=0 pclk1=200000000 sysclk=400000000
1788557782.317046 [NAK] nacks=0
1788557782.321693 [CLK] cpu=800000000 sysb=400000000 pclk1=200000000
1788557782.326443 [TOF] res=0 step=0 id=0xeacc blk=0xeacc10 ctl=0x0
1788557782.332173 [RNG] init=0 step=99 id=0xeacc boot=1 calls=93 xerr=0 dm=1 tb=15
1788557782.339101 [RNG] osc=41 imp=881 imprb=881 mstart=0x40 cfg=91 cfgfail=0x0 vhv=0 vpolls=0
1788557782.345167 [PRT] calls=60301 xerr=0 ler=1 lidx=0x0 perr=0 maxcnt=17 addr8=0x52
1788557782.349409 [RTY] wr=0 wmax=0 wref=0  rd=0 rmax=0 rref=0
1788557782.357163 [RNG] frames=15048 last=66 min=49 max=76 nrdy=0 dxfer=0 dstat=0 lst=0 nrdyerr=0 dclr=0
1788557782.363300 [DRV] init=0 id=7 mode=0x1 lib=0x2 seq=0x1 odc=0x8b sts=0xe0 armed=1
1788557782.370503 [TRG] pulses=143 suppressed=1784 cyc=1600 rst=1 rstmode=0x40
1788557782.372867 [HLT] polls=300 faults=0x0 cfglost=0
1788557782.378050 [EFF] n=5 last=58512 min=58450 max=58515 late=0 stuck=0 rderr=0
1788557782.388332 [IMU] init=0 addr=0x68 who=0x68 rst=1 pmrb0=0x40 pmrb=0x1 sr=19 cfg=4 gcfg=0x0 acfg=0x8 icfg=0x30 ien=0x1 armed=1
1788557782.393671 [ACC] reads=15049 stale=15030 rderr=0 ax=64 ay=-64 az=1128
1788557782.396416 [PWR] pm=0x1 drift=0 rderr=0
1788557782.400159 [DWT] ok=1 cyc=20681537 cyc_per_ms=800096
1788557783.413929 [HB] up_ms=334080 frames=15095 inf=15095 hazard=1927 canary_err=0 q=0 qovr=0
1788557783.424972 [I2C] init=0 gate=0 whoami=0x201e0 wr=0 wrseen=0x27 addr=0x5a ok=93867 err=0 tmo=0 recov=0 pclk1=200000000 sysclk=400000000
1788557783.426570 [NAK] nacks=0
1788557783.430940 [CLK] cpu=800000000 sysb=400000000 pclk1=200000000
1788557783.435609 [TOF] res=0 step=0 id=0xeacc blk=0xeacc10 ctl=0x0
1788557783.441467 [RNG] init=0 step=99 id=0xeacc boot=1 calls=93 xerr=0 dm=1 tb=15
1788557783.448295 [RNG] osc=41 imp=881 imprb=881 mstart=0x40 cfg=91 cfgfail=0x0 vhv=0 vpolls=0
1788557783.454751 [PRT] calls=60501 xerr=0 ler=1 lidx=0x0 perr=0 maxcnt=17 addr8=0x52
1788557783.458698 [RTY] wr=0 wmax=0 wref=0  rd=0 rmax=0 rref=0
1788557783.466280 [RNG] frames=15097 last=62 min=49 max=76 nrdy=0 dxfer=0 dstat=0 lst=0 nrdyerr=0 dclr=0
1788557783.472534 [DRV] init=0 id=7 mode=0x1 lib=0x2 seq=0x1 odc=0x8b sts=0xe0 armed=1
1788557783.478026 [TRG] pulses=143 suppressed=1784 cyc=1600 rst=1 rstmode=0x40
1788557783.481493 [HLT] polls=301 faults=0x0 cfglost=0
1788557783.487303 [EFF] n=5 last=58512 min=58450 max=58515 late=0 stuck=0 rderr=0
1788557783.497409 [IMU] init=0 addr=0x68 who=0x68 rst=1 pmrb0=0x40 pmrb=0x1 sr=19 cfg=4 gcfg=0x0 acfg=0x8 icfg=0x30 ien=0x1 armed=1
1788557783.502798 [ACC] reads=15099 stale=15080 rderr=0 ax=63 ay=-65 az=1123
1788557783.505677 [PWR] pm=0x1 drift=0 rderr=0
1788557783.509541 [DWT] ok=1 cyc=902220481 cyc_per_ms=799944
1788557784.523657 [HB] up_ms=335182 frames=15145 inf=15145 hazard=1927 canary_err=0 q=0 qovr=0
1788557784.534788 [I2C] init=0 gate=0 whoami=0x201e0 wr=0 wrseen=0x27 addr=0x5a ok=94163 err=0 tmo=0 recov=0 pclk1=200000000 sysclk=400000000
1788557784.536174 [NAK] nacks=0
1788557784.540790 [CLK] cpu=800000000 sysb=400000000 pclk1=200000000
1788557784.545288 [TOF] res=0 step=0 id=0xeacc blk=0xeacc10 ctl=0x0
1788557784.551274 [RNG] init=0 step=99 id=0xeacc boot=1 calls=93 xerr=0 dm=1 tb=15
1788557784.558177 [RNG] osc=41 imp=881 imprb=881 mstart=0x40 cfg=91 cfgfail=0x0 vhv=0 vpolls=0
1788557784.564295 [PRT] calls=60701 xerr=0 ler=1 lidx=0x0 perr=0 maxcnt=17 addr8=0x52
1788557784.570201 [RTY] wr=0 wmax=0 wref=0  rd=0 rmax=0 rref=0
1788557784.576274 [RNG] frames=15147 last=65 min=49 max=76 nrdy=0 dxfer=0 dstat=0 lst=0 nrdyerr=0 dclr=0
1788557784.582400 [DRV] init=0 id=7 mode=0x1 lib=0x2 seq=0x1 odc=0x8b sts=0xe0 armed=1
1788557784.587913 [TRG] pulses=143 suppressed=1784 cyc=1600 rst=1 rstmode=0x40
1788557784.591272 [HLT] polls=302 faults=0x0 cfglost=0
1788557784.597156 [EFF] n=5 last=58512 min=58450 max=58515 late=0 stuck=0 rderr=0
1788557784.607306 [IMU] init=0 addr=0x68 who=0x68 rst=1 pmrb0=0x40 pmrb=0x1 sr=19 cfg=4 gcfg=0x0 acfg=0x8 icfg=0x30 ien=0x1 armed=1
1788557784.612519 [ACC] reads=15149 stale=15130 rderr=0 ax=64 ay=-65 az=1127
1788557784.615270 [PWR] pm=0x1 drift=0 rderr=0
1788557784.620178 [DWT] ok=1 cyc=1783714699 cyc_per_ms=799904
1788557785.633439 [HB] up_ms=336284 frames=15195 inf=15195 hazard=1962 canary_err=0 q=0 qovr=0
1788557785.644515 [I2C] init=0 gate=0 whoami=0x201e0 wr=0 wrseen=0x27 addr=0x5a ok=94465 err=0 tmo=0 recov=0 pclk1=200000000 sysclk=400000000
1788557785.645885 [NAK] nacks=0
1788557785.650382 [CLK] cpu=800000000 sysb=400000000 pclk1=200000000
1788557785.655053 [TOF] res=0 step=0 id=0xeacc blk=0xeacc10 ctl=0x0
1788557785.660891 [RNG] init=0 step=99 id=0xeacc boot=1 calls=93 xerr=0 dm=1 tb=15
1788557785.667906 [RNG] osc=41 imp=881 imprb=881 mstart=0x40 cfg=91 cfgfail=0x0 vhv=0 vpolls=0
1788557785.674002 [PRT] calls=60901 xerr=0 ler=1 lidx=0x0 perr=0 maxcnt=17 addr8=0x52
1788557785.678043 [RTY] wr=0 wmax=0 wref=0  rd=0 rmax=0 rref=0
1788557785.685906 [RNG] frames=15197 last=65 min=49 max=76 nrdy=0 dxfer=0 dstat=0 lst=0 nrdyerr=0 dclr=0
1788557785.692175 [DRV] init=0 id=7 mode=0x1 lib=0x2 seq=0x1 odc=0x8b sts=0xe0 armed=1
1788557785.697646 [TRG] pulses=146 suppressed=1819 cyc=1600 rst=1 rstmode=0x40
1788557785.700961 [HLT] polls=303 faults=0x0 cfglost=0
1788557785.706872 [EFF] n=5 last=58512 min=58450 max=58515 late=0 stuck=0 rderr=0
1788557785.717028 [IMU] init=0 addr=0x68 who=0x68 rst=1 pmrb0=0x40 pmrb=0x1 sr=19 cfg=4 gcfg=0x0 acfg=0x8 icfg=0x30 ien=0x1 armed=1
1788557785.722304 [ACC] reads=15199 stale=15180 rderr=0 ax=64 ay=-64 az=1125
1788557785.724893 [PWR] pm=0x1 drift=0 rderr=0
1788557785.728895 [DWT] ok=1 cyc=2665318031 cyc_per_ms=800003
1788557786.743022 [HB] up_ms=337386 frames=15245 inf=15245 hazard=1968 canary_err=0 q=0 qovr=0
1788557786.754875 [I2C] init=0 gate=0 whoami=0x201e0 wr=0 wrseen=0x27 addr=0x5a ok=94767 err=0 tmo=0 recov=0 pclk1=200000000 sysclk=400000000
1788557786.755617 [NAK] nacks=0
1788557786.760173 [CLK] cpu=800000000 sysb=400000000 pclk1=200000000
1788557786.764656 [TOF] res=0 step=0 id=0xeacc blk=0xeacc10 ctl=0x0
1788557786.770405 [RNG] init=0 step=99 id=0xeacc boot=1 calls=93 xerr=0 dm=1 tb=15
1788557786.777513 [RNG] osc=41 imp=881 imprb=881 mstart=0x40 cfg=91 cfgfail=0x0 vhv=0 vpolls=0
1788557786.783634 [PRT] calls=61101 xerr=0 ler=1 lidx=0x0 perr=0 maxcnt=17 addr8=0x52
1788557786.787682 [RTY] wr=0 wmax=0 wref=0  rd=0 rmax=0 rref=0
1788557786.795510 [RNG] frames=15247 last=61 min=49 max=76 nrdy=0 dxfer=0 dstat=0 lst=0 nrdyerr=0 dclr=0
1788557786.801794 [DRV] init=0 id=7 mode=0x1 lib=0x2 seq=0x1 odc=0x8b sts=0xe0 armed=1
1788557786.807294 [TRG] pulses=146 suppressed=1822 cyc=1600 rst=1 rstmode=0x40
1788557786.810627 [HLT] polls=304 faults=0x0 cfglost=0
1788557786.816417 [EFF] n=5 last=58512 min=58450 max=58515 late=0 stuck=0 rderr=0
1788557786.826629 [IMU] init=0 addr=0x68 who=0x68 rst=1 pmrb0=0x40 pmrb=0x1 sr=19 cfg=4 gcfg=0x0 acfg=0x8 icfg=0x30 ien=0x1 armed=1
1788557786.832022 [ACC] reads=15249 stale=15230 rderr=0 ax=65 ay=-63 az=1120
1788557786.834651 [PWR] pm=0x1 drift=0 rderr=0
1788557786.838834 [DWT] ok=1 cyc=3546914747 cyc_per_ms=799997
1788557787.852779 [HB] up_ms=338488 frames=15295 inf=15295 hazard=1968 canary_err=0 q=0 qovr=0
1788557787.864036 [I2C] init=0 gate=0 whoami=0x201e0 wr=0 wrseen=0x27 addr=0x5a ok=95069 err=0 tmo=0 recov=0 pclk1=200000000 sysclk=400000000
1788557787.865274 [NAK] nacks=0
1788557787.869894 [CLK] cpu=800000000 sysb=400000000 pclk1=200000000
1788557787.874435 [TOF] res=0 step=0 id=0xeacc blk=0xeacc10 ctl=0x0
1788557787.880262 [RNG] init=0 step=99 id=0xeacc boot=1 calls=93 xerr=0 dm=1 tb=15
1788557787.887278 [RNG] osc=41 imp=881 imprb=881 mstart=0x40 cfg=91 cfgfail=0x0 vhv=0 vpolls=0
1788557787.893393 [PRT] calls=61301 xerr=0 ler=1 lidx=0x0 perr=0 maxcnt=17 addr8=0x52
1788557787.897510 [RTY] wr=0 wmax=0 wref=0  rd=0 rmax=0 rref=0
1788557787.905292 [RNG] frames=15297 last=65 min=49 max=76 nrdy=0 dxfer=0 dstat=0 lst=0 nrdyerr=0 dclr=0
1788557787.911648 [DRV] init=0 id=7 mode=0x1 lib=0x2 seq=0x1 odc=0x8b sts=0xe0 armed=1
1788557787.917167 [TRG] pulses=146 suppressed=1822 cyc=1600 rst=1 rstmode=0x40
1788557787.920669 [HLT] polls=305 faults=0x0 cfglost=0
1788557787.926179 [EFF] n=5 last=58512 min=58450 max=58515 late=0 stuck=0 rderr=0
1788557787.936540 [IMU] init=0 addr=0x68 who=0x68 rst=1 pmrb0=0x40 pmrb=0x1 sr=19 cfg=4 gcfg=0x0 acfg=0x8 icfg=0x30 ien=0x1 armed=1
1788557787.941902 [ACC] reads=15299 stale=15280 rderr=0 ax=61 ay=-65 az=1124
1788557787.944536 [PWR] pm=0x1 drift=0 rderr=0
1788557787.948392 [DWT] ok=1 cyc=133547143 cyc_per_ms=799999
1788557788.962762 [HB] up_ms=339590 frames=15345 inf=15345 hazard=1968 canary_err=0 q=0 qovr=0
1788557788.973902 [I2C] init=0 gate=0 whoami=0x201e0 wr=0 wrseen=0x27 addr=0x5a ok=95371 err=0 tmo=0 recov=0 pclk1=200000000 sysclk=400000000
1788557788.975255 [NAK] nacks=0
1788557788.979877 [CLK] cpu=800000000 sysb=400000000 pclk1=200000000
1788557788.984400 [TOF] res=0 step=0 id=0xeacc blk=0xeacc10 ctl=0x0
1788557788.990278 [RNG] init=0 step=99 id=0xeacc boot=1 calls=93 xerr=0 dm=1 tb=15
1788557788.997342 [RNG] osc=41 imp=881 imprb=881 mstart=0x40 cfg=91 cfgfail=0x0 vhv=0 vpolls=0
1788557789.003393 [PRT] calls=61501 xerr=0 ler=1 lidx=0x0 perr=0 maxcnt=17 addr8=0x52
1788557789.007401 [RTY] wr=0 wmax=0 wref=0  rd=0 rmax=0 rref=0
1788557789.015139 [RNG] frames=15347 last=62 min=49 max=76 nrdy=0 dxfer=0 dstat=0 lst=0 nrdyerr=0 dclr=0
1788557789.021491 [DRV] init=0 id=7 mode=0x1 lib=0x2 seq=0x1 odc=0x8b sts=0xe0 armed=1
1788557789.026995 [TRG] pulses=146 suppressed=1822 cyc=1600 rst=1 rstmode=0x40
1788557789.030386 [HLT] polls=306 faults=0x0 cfglost=0
1788557789.036158 [EFF] n=5 last=58512 min=58450 max=58515 late=0 stuck=0 rderr=0
1788557789.046503 [IMU] init=0 addr=0x68 who=0x68 rst=1 pmrb0=0x40 pmrb=0x1 sr=19 cfg=4 gcfg=0x0 acfg=0x8 icfg=0x30 ien=0x1 armed=1
1788557789.051747 [ACC] reads=15349 stale=15329 rderr=0 ax=65 ay=-63 az=1122
1788557789.054387 [PWR] pm=0x1 drift=0 rderr=0
1788557789.058376 [DWT] ok=1 cyc=1015147003 cyc_per_ms=799999
1788557790.072505 [HB] up_ms=340692 frames=15395 inf=15395 hazard=1968 canary_err=0 q=0 qovr=0
1788557790.083506 [I2C] init=0 gate=0 whoami=0x201e0 wr=0 wrseen=0x27 addr=0x5a ok=95673 err=0 tmo=0 recov=0 pclk1=200000000 sysclk=400000000
1788557790.085012 [NAK] nacks=0
1788557790.089618 [CLK] cpu=800000000 sysb=400000000 pclk1=200000000
1788557790.094185 [TOF] res=0 step=0 id=0xeacc blk=0xeacc10 ctl=0x0
1788557790.099996 [RNG] init=0 step=99 id=0xeacc boot=1 calls=93 xerr=0 dm=1 tb=15
1788557790.106872 [RNG] osc=41 imp=881 imprb=881 mstart=0x40 cfg=91 cfgfail=0x0 vhv=0 vpolls=0
1788557790.113148 [PRT] calls=61697 xerr=0 ler=1 lidx=0x0 perr=0 maxcnt=17 addr8=0x52
1788557790.117161 [RTY] wr=0 wmax=0 wref=0  rd=0 rmax=0 rref=0
1788557790.124871 [RNG] frames=15397 last=63 min=49 max=76 nrdy=0 dxfer=0 dstat=0 lst=0 nrdyerr=0 dclr=0
1788557790.131271 [DRV] init=0 id=7 mode=0x1 lib=0x2 seq=0x1 odc=0x8b sts=0xe0 armed=1
1788557790.136745 [TRG] pulses=146 suppressed=1822 cyc=1600 rst=1 rstmode=0x40
1788557790.140149 [HLT] polls=307 faults=0x0 cfglost=0
1788557790.145872 [EFF] n=5 last=58512 min=58450 max=58515 late=0 stuck=0 rderr=0
1788557790.156168 [IMU] init=0 addr=0x68 who=0x68 rst=1 pmrb0=0x40 pmrb=0x1 sr=19 cfg=4 gcfg=0x0 acfg=0x8 icfg=0x30 ien=0x1 armed=1
1788557790.161497 [ACC] reads=15399 stale=15379 rderr=0 ax=62 ay=-64 az=1127
1788557790.164143 [PWR] pm=0x1 drift=0 rderr=0
1788557790.168135 [DWT] ok=1 cyc=1896747175 cyc_per_ms=800000
1788557791.182505 [HB] up_ms=341794 frames=15445 inf=15445 hazard=1968 canary_err=0 q=0 qovr=0
1788557791.193611 [I2C] init=0 gate=0 whoami=0x201e0 wr=0 wrseen=0x27 addr=0x5a ok=95975 err=0 tmo=0 recov=0 pclk1=200000000 sysclk=400000000
1788557791.194850 [NAK] nacks=0
1788557791.199604 [CLK] cpu=800000000 sysb=400000000 pclk1=200000000
1788557791.204162 [TOF] res=0 step=0 id=0xeacc blk=0xeacc10 ctl=0x0
1788557791.210147 [RNG] init=0 step=99 id=0xeacc boot=1 calls=93 xerr=0 dm=1 tb=15
1788557791.216878 [RNG] osc=41 imp=881 imprb=881 mstart=0x40 cfg=91 cfgfail=0x0 vhv=0 vpolls=0
1788557791.223126 [PRT] calls=61897 xerr=0 ler=1 lidx=0x0 perr=0 maxcnt=17 addr8=0x52
1788557791.227237 [RTY] wr=0 wmax=0 wref=0  rd=0 rmax=0 rref=0
1788557791.234979 [RNG] frames=15447 last=61 min=49 max=76 nrdy=0 dxfer=0 dstat=0 lst=0 nrdyerr=0 dclr=0
1788557791.241129 [DRV] init=0 id=7 mode=0x1 lib=0x2 seq=0x1 odc=0x8b sts=0xe0 armed=1
1788557791.246728 [TRG] pulses=146 suppressed=1822 cyc=1600 rst=1 rstmode=0x40
1788557791.250127 [HLT] polls=308 faults=0x0 cfglost=0
1788557791.255874 [EFF] n=5 last=58512 min=58450 max=58515 late=0 stuck=0 rderr=0
1788557791.266131 [IMU] init=0 addr=0x68 who=0x68 rst=1 pmrb0=0x40 pmrb=0x1 sr=19 cfg=4 gcfg=0x0 acfg=0x8 icfg=0x30 ien=0x1 armed=1
1788557791.271507 [ACC] reads=15449 stale=15429 rderr=0 ax=62 ay=-64 az=1127
1788557791.274241 [PWR] pm=0x1 drift=0 rderr=0
1788557791.278143 [DWT] ok=1 cyc=2778347055 cyc_per_ms=799999
1788557792.293182 [HB] up_ms=342896 frames=15494 inf=15494 hazard=1982 canary_err=0 q=0 qovr=0
1788557792.304201 [I2C] init=0 gate=0 whoami=0x201e0 wr=0 wrseen=0x27 addr=0x5a ok=96277 err=0 tmo=0 recov=0 pclk1=200000000 sysclk=400000000
1788557792.305663 [NAK] nacks=0
1788557792.310142 [CLK] cpu=800000000 sysb=400000000 pclk1=200000000
1788557792.314735 [TOF] res=0 step=0 id=0xeacc blk=0xeacc10 ctl=0x0
1788557792.320524 [RNG] init=0 step=99 id=0xeacc boot=1 calls=93 xerr=0 dm=1 tb=15
1788557792.327361 [RNG] osc=41 imp=881 imprb=881 mstart=0x40 cfg=91 cfgfail=0x0 vhv=0 vpolls=0
1788557792.333606 [PRT] calls=62097 xerr=0 ler=1 lidx=0x0 perr=0 maxcnt=17 addr8=0x52
1788557792.338221 [RTY] wr=0 wmax=0 wref=0  rd=0 rmax=0 rref=0
1788557792.345483 [RNG] frames=15497 last=64 min=49 max=76 nrdy=0 dxfer=0 dstat=0 lst=0 nrdyerr=0 dclr=0
1788557792.351767 [DRV] init=0 id=7 mode=0x1 lib=0x2 seq=0x1 odc=0x8b sts=0xe0 armed=1
1788557792.357375 [TRG] pulses=148 suppressed=1837 cyc=1600 rst=1 rstmode=0x40
1788557792.360714 [HLT] polls=309 faults=0x0 cfglost=0
1788557792.366458 [EFF] n=5 last=58512 min=58450 max=58515 late=0 stuck=0 rderr=0
1788557792.376596 [IMU] init=0 addr=0x68 who=0x68 rst=1 pmrb0=0x40 pmrb=0x1 sr=19 cfg=4 gcfg=0x0 acfg=0x8 icfg=0x30 ien=0x1 armed=1
1788557792.382109 [ACC] reads=15498 stale=15478 rderr=0 ax=67 ay=-66 az=1127
1788557792.384812 [PWR] pm=0x1 drift=0 rderr=0
1788557792.388742 [DWT] ok=1 cyc=3660088317 cyc_per_ms=800128
1788557793.403615 [HB] up_ms=343998 frames=15544 inf=15544 hazard=2009 canary_err=0 q=0 qovr=0
1788557793.414351 [I2C] init=0 gate=0 whoami=0x201e0 wr=0 wrseen=0x27 addr=0x5a ok=96579 err=0 tmo=0 recov=0 pclk1=200000000 sysclk=400000000
1788557793.415717 [NAK] nacks=0
1788557793.420369 [CLK] cpu=800000000 sysb=400000000 pclk1=200000000
1788557793.424956 [TOF] res=0 step=0 id=0xeacc blk=0xeacc10 ctl=0x0
1788557793.430827 [RNG] init=0 step=99 id=0xeacc boot=1 calls=93 xerr=0 dm=1 tb=15
1788557793.437747 [RNG] osc=41 imp=881 imprb=881 mstart=0x40 cfg=91 cfgfail=0x0 vhv=0 vpolls=0
1788557793.443855 [PRT] calls=62297 xerr=0 ler=1 lidx=0x0 perr=0 maxcnt=17 addr8=0x52
1788557793.447984 [RTY] wr=0 wmax=0 wref=0  rd=0 rmax=0 rref=0
1788557793.456234 [RNG] frames=15547 last=62 min=49 max=76 nrdy=0 dxfer=0 dstat=0 lst=0 nrdyerr=0 dclr=0
1788557793.461978 [DRV] init=0 id=7 mode=0x1 lib=0x2 seq=0x1 odc=0x8b sts=0xe0 armed=1
1788557793.467484 [TRG] pulses=149 suppressed=1860 cyc=1600 rst=1 rstmode=0x40
1788557793.470992 [HLT] polls=310 faults=0x0 cfglost=0
1788557793.476727 [EFF] n=5 last=58512 min=58450 max=58515 late=0 stuck=0 rderr=0
1788557793.486865 [IMU] init=0 addr=0x68 who=0x68 rst=1 pmrb0=0x40 pmrb=0x1 sr=19 cfg=4 gcfg=0x0 acfg=0x8 icfg=0x30 ien=0x1 armed=1
1788557793.492214 [ACC] reads=15548 stale=15528 rderr=0 ax=63 ay=-64 az=1127
1788557793.494978 [PWR] pm=0x1 drift=0 rderr=0
1788557793.498853 [DWT] ok=1 cyc=246714653 cyc_per_ms=799994
1788557794.513730 [HB] up_ms=345100 frames=15594 inf=15594 hazard=2009 canary_err=0 q=0 qovr=0
1788557794.524911 [I2C] init=0 gate=0 whoami=0x201e0 wr=0 wrseen=0x27 addr=0x5a ok=96877 err=0 tmo=0 recov=0 pclk1=200000000 sysclk=400000000
1788557794.526319 [NAK] nacks=0
1788557794.530738 [CLK] cpu=800000000 sysb=400000000 pclk1=200000000
1788557794.535213 [TOF] res=0 step=0 id=0xeacc blk=0xeacc10 ctl=0x0
1788557794.541239 [RNG] init=0 step=99 id=0xeacc boot=1 calls=93 xerr=0 dm=1 tb=15
1788557794.548219 [RNG] osc=41 imp=881 imprb=881 mstart=0x40 cfg=91 cfgfail=0x0 vhv=0 vpolls=0
1788557794.554446 [PRT] calls=62497 xerr=0 ler=1 lidx=0x0 perr=0 maxcnt=17 addr8=0x52
1788557794.558332 [RTY] wr=0 wmax=0 wref=0  rd=0 rmax=0 rref=0
1788557794.566199 [RNG] frames=15596 last=63 min=49 max=76 nrdy=0 dxfer=0 dstat=0 lst=0 nrdyerr=0 dclr=0
1788557794.572467 [DRV] init=0 id=7 mode=0x1 lib=0x2 seq=0x1 odc=0x8b sts=0xe0 armed=1
1788557794.577950 [TRG] pulses=149 suppressed=1860 cyc=1600 rst=1 rstmode=0x40
1788557794.581320 [HLT] polls=311 faults=0x0 cfglost=0
1788557794.587239 [EFF] n=5 last=58512 min=58450 max=58515 late=0 stuck=0 rderr=0
1788557794.597327 [IMU] init=0 addr=0x68 who=0x68 rst=1 pmrb0=0x40 pmrb=0x1 sr=19 cfg=4 gcfg=0x0 acfg=0x8 icfg=0x30 ien=0x1 armed=1
1788557794.602727 [ACC] reads=15598 stale=15578 rderr=0 ax=65 ay=-63 az=1128
1788557794.605340 [PWR] pm=0x1 drift=0 rderr=0
1788557794.609463 [DWT] ok=1 cyc=1128180051 cyc_per_ms=799877
1788557795.623828 [HB] up_ms=346202 frames=15644 inf=15644 hazard=2009 canary_err=0 q=0 qovr=0
1788557795.635113 [I2C] init=0 gate=0 whoami=0x201e0 wr=0 wrseen=0x27 addr=0x5a ok=97177 err=0 tmo=0 recov=0 pclk1=200000000 sysclk=400000000
1788557795.636340 [NAK] nacks=0
1788557795.640984 [CLK] cpu=800000000 sysb=400000000 pclk1=200000000
1788557795.645455 [TOF] res=0 step=0 id=0xeacc blk=0xeacc10 ctl=0x0
1788557795.651435 [RNG] init=0 step=99 id=0xeacc boot=1 calls=93 xerr=0 dm=1 tb=15
1788557795.658354 [RNG] osc=41 imp=881 imprb=881 mstart=0x40 cfg=91 cfgfail=0x0 vhv=0 vpolls=0
1788557795.664450 [PRT] calls=62697 xerr=0 ler=1 lidx=0x0 perr=0 maxcnt=17 addr8=0x52
1788557795.668452 [RTY] wr=0 wmax=0 wref=0  rd=0 rmax=0 rref=0
1788557795.676469 [RNG] frames=15646 last=66 min=49 max=76 nrdy=0 dxfer=0 dstat=0 lst=0 nrdyerr=0 dclr=0
1788557795.682561 [DRV] init=0 id=7 mode=0x1 lib=0x2 seq=0x1 odc=0x8b sts=0xe0 armed=1
1788557795.688272 [TRG] pulses=149 suppressed=1860 cyc=1600 rst=1 rstmode=0x40
1788557795.691564 [HLT] polls=312 faults=0x0 cfglost=0
1788557795.697315 [EFF] n=5 last=58512 min=58450 max=58515 late=0 stuck=0 rderr=0
1788557795.707600 [IMU] init=0 addr=0x68 who=0x68 rst=1 pmrb0=0x40 pmrb=0x1 sr=19 cfg=4 gcfg=0x0 acfg=0x8 icfg=0x30 ien=0x1 armed=1
1788557795.712813 [ACC] reads=15648 stale=15628 rderr=0 ax=62 ay=-64 az=1128
1788557795.715439 [PWR] pm=0x1 drift=0 rderr=0
1788557795.719489 [DWT] ok=1 cyc=2009779719 cyc_per_ms=799999
1788557796.734117 [HB] up_ms=347304 frames=15694 inf=15694 hazard=2009 canary_err=0 q=0 qovr=0
1788557796.745384 [I2C] init=0 gate=0 whoami=0x201e0 wr=0 wrseen=0x27 addr=0x5a ok=97479 err=0 tmo=0 recov=0 pclk1=200000000 sysclk=400000000
1788557796.746680 [NAK] nacks=0
1788557796.751176 [CLK] cpu=800000000 sysb=400000000 pclk1=200000000
1788557796.755729 [TOF] res=0 step=0 id=0xeacc blk=0xeacc10 ctl=0x0
1788557796.761562 [RNG] init=0 step=99 id=0xeacc boot=1 calls=93 xerr=0 dm=1 tb=15
1788557796.768557 [RNG] osc=41 imp=881 imprb=881 mstart=0x40 cfg=91 cfgfail=0x0 vhv=0 vpolls=0
1788557796.774716 [PRT] calls=62897 xerr=0 ler=1 lidx=0x0 perr=0 maxcnt=17 addr8=0x52
1788557796.778838 [RTY] wr=0 wmax=0 wref=0  rd=0 rmax=0 rref=0
1788557796.786681 [RNG] frames=15696 last=61 min=49 max=76 nrdy=0 dxfer=0 dstat=0 lst=0 nrdyerr=0 dclr=0
1788557796.792968 [DRV] init=0 id=7 mode=0x1 lib=0x2 seq=0x1 odc=0x8b sts=0xe0 armed=1
1788557796.798438 [TRG] pulses=149 suppressed=1860 cyc=1600 rst=1 rstmode=0x40
1788557796.801851 [HLT] polls=313 faults=0x0 cfglost=0
1788557796.807438 [EFF] n=5 last=58512 min=58450 max=58515 late=0 stuck=0 rderr=0
1788557796.817817 [IMU] init=0 addr=0x68 who=0x68 rst=1 pmrb0=0x40 pmrb=0x1 sr=19 cfg=4 gcfg=0x0 acfg=0x8 icfg=0x30 ien=0x1 armed=1
1788557796.823110 [ACC] reads=15698 stale=15678 rderr=0 ax=62 ay=-65 az=1126
1788557796.825844 [PWR] pm=0x1 drift=0 rderr=0
1788557796.829703 [DWT] ok=1 cyc=2891379707 cyc_per_ms=799999
1788557797.844318 [HB] up_ms=348406 frames=15744 inf=15744 hazard=2009 canary_err=0 q=0 qovr=0
1788557797.855573 [I2C] init=0 gate=0 whoami=0x201e0 wr=0 wrseen=0x27 addr=0x5a ok=97781 err=0 tmo=0 recov=0 pclk1=200000000 sysclk=400000000
1788557797.856835 [NAK] nacks=0
1788557797.861432 [CLK] cpu=800000000 sysb=400000000 pclk1=200000000
1788557797.865968 [TOF] res=0 step=0 id=0xeacc blk=0xeacc10 ctl=0x0
1788557797.871846 [RNG] init=0 step=99 id=0xeacc boot=1 calls=93 xerr=0 dm=1 tb=15
1788557797.878824 [RNG] osc=41 imp=881 imprb=881 mstart=0x40 cfg=91 cfgfail=0x0 vhv=0 vpolls=0
1788557797.884972 [PRT] calls=63097 xerr=0 ler=1 lidx=0x0 perr=0 maxcnt=17 addr8=0x52
1788557797.889059 [RTY] wr=0 wmax=0 wref=0  rd=0 rmax=0 rref=0
1788557797.896811 [RNG] frames=15746 last=64 min=49 max=76 nrdy=0 dxfer=0 dstat=0 lst=0 nrdyerr=0 dclr=0
1788557797.903219 [DRV] init=0 id=7 mode=0x1 lib=0x2 seq=0x1 odc=0x8b sts=0xe0 armed=1
1788557797.908714 [TRG] pulses=149 suppressed=1860 cyc=1600 rst=1 rstmode=0x40
1788557797.912072 [HLT] polls=314 faults=0x0 cfglost=0
1788557797.917825 [EFF] n=5 last=58512 min=58450 max=58515 late=0 stuck=0 rderr=0
1788557797.928058 [IMU] init=0 addr=0x68 who=0x68 rst=1 pmrb0=0x40 pmrb=0x1 sr=19 cfg=4 gcfg=0x0 acfg=0x8 icfg=0x30 ien=0x1 armed=1
1788557797.933445 [ACC] reads=15748 stale=15728 rderr=0 ax=65 ay=-64 az=1125
1788557797.936691 [PWR] pm=0x1 drift=0 rderr=0
1788557797.940061 [DWT] ok=1 cyc=3772979719 cyc_per_ms=800000
1788557798.955187 [HB] up_ms=349508 frames=15794 inf=15794 hazard=2009 canary_err=0 q=0 qovr=0
1788557798.966427 [I2C] init=0 gate=0 whoami=0x201e0 wr=0 wrseen=0x27 addr=0x5a ok=98083 err=0 tmo=0 recov=0 pclk1=200000000 sysclk=400000000
1788557798.967668 [NAK] nacks=0
1788557798.972313 [CLK] cpu=800000000 sysb=400000000 pclk1=200000000
1788557798.976795 [TOF] res=0 step=0 id=0xeacc blk=0xeacc10 ctl=0x0
1788557798.982669 [RNG] init=0 step=99 id=0xeacc boot=1 calls=93 xerr=0 dm=1 tb=15
1788557798.989862 [RNG] osc=41 imp=881 imprb=881 mstart=0x40 cfg=91 cfgfail=0x0 vhv=0 vpolls=0
1788557798.995830 [PRT] calls=63297 xerr=0 ler=1 lidx=0x0 perr=0 maxcnt=17 addr8=0x52
1788557798.999955 [RTY] wr=0 wmax=0 wref=0  rd=0 rmax=0 rref=0
1788557799.007692 [RNG] frames=15796 last=63 min=49 max=76 nrdy=0 dxfer=0 dstat=0 lst=0 nrdyerr=0 dclr=0
1788557799.014053 [DRV] init=0 id=7 mode=0x1 lib=0x2 seq=0x1 odc=0x8b sts=0xe0 armed=1
1788557799.019791 [TRG] pulses=149 suppressed=1860 cyc=1600 rst=1 rstmode=0x40
1788557799.022962 [HLT] polls=315 faults=0x0 cfglost=0
1788557799.028670 [EFF] n=5 last=58512 min=58450 max=58515 late=0 stuck=0 rderr=0
1788557799.040266 [IMU] init=0 addr=0x68 who=0x68 rst=1 pmrb0=0x40 pmrb=0x1 sr=19 cfg=4 gcfg=0x0 acfg=0x8 icfg=0x30 ien=0x1 armed=1
1788557799.044300 [ACC] reads=15798 stale=15778 rderr=0 ax=63 ay=-65 az=1123
1788557799.047035 [PWR] pm=0x1 drift=0 rderr=0
1788557799.050909 [DWT] ok=1 cyc=359612343 cyc_per_ms=799999
1788557800.066698 [HB] up_ms=350610 frames=15844 inf=15844 hazard=2050 canary_err=0 q=0 qovr=0
1788557800.077788 [I2C] init=0 gate=0 whoami=0x201e0 wr=0 wrseen=0x27 addr=0x5a ok=98385 err=0 tmo=0 recov=0 pclk1=200000000 sysclk=400000000
1788557800.079150 [NAK] nacks=0
1788557800.083799 [CLK] cpu=800000000 sysb=400000000 pclk1=200000000
1788557800.088296 [TOF] res=0 step=0 id=0xeacc blk=0xeacc10 ctl=0x0
1788557800.094184 [RNG] init=0 step=99 id=0xeacc boot=1 calls=93 xerr=0 dm=1 tb=15
1788557800.101160 [RNG] osc=41 imp=881 imprb=881 mstart=0x40 cfg=91 cfgfail=0x0 vhv=0 vpolls=0
1788557800.107328 [PRT] calls=63494 xerr=0 ler=1 lidx=0x0 perr=0 maxcnt=17 addr8=0x52
1788557800.111454 [RTY] wr=0 wmax=0 wref=0  rd=0 rmax=0 rref=0
1788557800.119168 [RNG] frames=15846 last=65 min=49 max=76 nrdy=0 dxfer=0 dstat=0 lst=0 nrdyerr=0 dclr=0
1788557800.125555 [DRV] init=0 id=7 mode=0x1 lib=0x2 seq=0x1 odc=0x8b sts=0xe0 armed=1
1788557800.131050 [TRG] pulses=152 suppressed=1898 cyc=1600 rst=1 rstmode=0x40
1788557800.134438 [HLT] polls=316 faults=0x0 cfglost=0
1788557800.140189 [EFF] n=5 last=58512 min=58450 max=58515 late=0 stuck=0 rderr=0
1788557800.150560 [IMU] init=0 addr=0x68 who=0x68 rst=1 pmrb0=0x40 pmrb=0x1 sr=19 cfg=4 gcfg=0x0 acfg=0x8 icfg=0x30 ien=0x1 armed=1
1788557800.155777 [ACC] reads=15848 stale=15828 rderr=0 ax=64 ay=-65 az=1129
1788557800.158450 [PWR] pm=0x1 drift=0 rderr=0
1788557800.162401 [DWT] ok=1 cyc=1241212811 cyc_per_ms=800000
1788557801.178397 [HB] up_ms=351712 frames=15894 inf=15894 hazard=2050 canary_err=0 q=0 qovr=0
1788557801.189432 [I2C] init=0 gate=0 whoami=0x201e0 wr=0 wrseen=0x27 addr=0x5a ok=98687 err=0 tmo=0 recov=0 pclk1=200000000 sysclk=400000000
1788557801.190776 [NAK] nacks=0
1788557801.195548 [CLK] cpu=800000000 sysb=400000000 pclk1=200000000
1788557801.200018 [TOF] res=0 step=0 id=0xeacc blk=0xeacc10 ctl=0x0
1788557801.206146 [RNG] init=0 step=99 id=0xeacc boot=1 calls=93 xerr=0 dm=1 tb=15
1788557801.212774 [RNG] osc=41 imp=881 imprb=881 mstart=0x40 cfg=91 cfgfail=0x0 vhv=0 vpolls=0
1788557801.219042 [PRT] calls=63693 xerr=0 ler=1 lidx=0x0 perr=0 maxcnt=17 addr8=0x52
1788557801.223093 [RTY] wr=0 wmax=0 wref=0  rd=0 rmax=0 rref=0
1788557801.230907 [RNG] frames=15896 last=65 min=49 max=76 nrdy=0 dxfer=0 dstat=0 lst=0 nrdyerr=0 dclr=0
1788557801.237129 [DRV] init=0 id=7 mode=0x1 lib=0x2 seq=0x1 odc=0x8b sts=0xe0 armed=1
1788557801.242665 [TRG] pulses=152 suppressed=1898 cyc=1600 rst=1 rstmode=0x40
1788557801.246032 [HLT] polls=317 faults=0x0 cfglost=0
1788557801.251788 [EFF] n=5 last=58512 min=58450 max=58515 late=0 stuck=0 rderr=0
1788557801.262176 [IMU] init=0 addr=0x68 who=0x68 rst=1 pmrb0=0x40 pmrb=0x1 sr=19 cfg=4 gcfg=0x0 acfg=0x8 icfg=0x30 ien=0x1 armed=1
1788557801.267397 [ACC] reads=15898 stale=15878 rderr=0 ax=62 ay=-67 az=1127
1788557801.272212 [PWR] pm=0x1 drift=0 rderr=0
1788557801.274051 [DWT] ok=1 cyc=2122812583 cyc_per_ms=799999
1788557802.289059 [HB] up_ms=352814 frames=15944 inf=15944 hazard=2050 canary_err=0 q=0 qovr=0
1788557802.300043 [I2C] init=0 gate=0 whoami=0x201e0 wr=0 wrseen=0x27 addr=0x5a ok=98989 err=0 tmo=0 recov=0 pclk1=200000000 sysclk=400000000
1788557802.301419 [NAK] nacks=0
1788557802.306163 [CLK] cpu=800000000 sysb=400000000 pclk1=200000000
1788557802.310653 [TOF] res=0 step=0 id=0xeacc blk=0xeacc10 ctl=0x0
1788557802.316528 [RNG] init=0 step=99 id=0xeacc boot=1 calls=93 xerr=0 dm=1 tb=15
1788557802.323407 [RNG] osc=41 imp=881 imprb=881 mstart=0x40 cfg=91 cfgfail=0x0 vhv=0 vpolls=0
1788557802.329658 [PRT] calls=63893 xerr=0 ler=1 lidx=0x0 perr=0 maxcnt=17 addr8=0x52
1788557802.333781 [RTY] wr=0 wmax=0 wref=0  rd=0 rmax=0 rref=0
1788557802.341557 [RNG] frames=15946 last=67 min=49 max=76 nrdy=0 dxfer=0 dstat=0 lst=0 nrdyerr=0 dclr=0
1788557802.347663 [DRV] init=0 id=7 mode=0x1 lib=0x2 seq=0x1 odc=0x8b sts=0xe0 armed=1
1788557802.353392 [TRG] pulses=152 suppressed=1898 cyc=1600 rst=1 rstmode=0x40
1788557802.356784 [HLT] polls=318 faults=0x0 cfglost=0
1788557802.362528 [EFF] n=5 last=58512 min=58450 max=58515 late=0 stuck=0 rderr=0
1788557802.372644 [IMU] init=0 addr=0x68 who=0x68 rst=1 pmrb0=0x40 pmrb=0x1 sr=19 cfg=4 gcfg=0x0 acfg=0x8 icfg=0x30 ien=0x1 armed=1
1788557802.378156 [ACC] reads=15947 stale=15927 rderr=0 ax=62 ay=-63 az=1127
1788557802.380779 [PWR] pm=0x1 drift=0 rderr=0
1788557802.384782 [DWT] ok=1 cyc=3004440731 cyc_per_ms=800025
1788557803.400530 [HB] up_ms=353916 frames=15993 inf=15993 hazard=2050 canary_err=0 q=0 qovr=0
1788557803.411634 [I2C] init=0 gate=0 whoami=0x201e0 wr=0 wrseen=0x27 addr=0x5a ok=99291 err=0 tmo=0 recov=0 pclk1=200000000 sysclk=400000000
1788557803.412966 [NAK] nacks=0
1788557803.417563 [CLK] cpu=800000000 sysb=400000000 pclk1=200000000
1788557803.422593 [TOF] res=0 step=0 id=0xeacc blk=0xeacc10 ctl=0x0
1788557803.428010 [RNG] init=0 step=99 id=0xeacc boot=1 calls=93 xerr=0 dm=1 tb=15
1788557803.434876 [RNG] osc=41 imp=881 imprb=881 mstart=0x40 cfg=91 cfgfail=0x0 vhv=0 vpolls=0
1788557803.441034 [PRT] calls=64093 xerr=0 ler=1 lidx=0x0 perr=0 maxcnt=17 addr8=0x52
1788557803.445256 [RTY] wr=0 wmax=0 wref=0  rd=0 rmax=0 rref=0
1788557803.453155 [RNG] frames=15996 last=66 min=49 max=76 nrdy=0 dxfer=0 dstat=0 lst=0 nrdyerr=0 dclr=0
1788557803.459276 [DRV] init=0 id=7 mode=0x1 lib=0x2 seq=0x1 odc=0x8b sts=0xe0 armed=1
1788557803.464790 [TRG] pulses=152 suppressed=1898 cyc=1600 rst=1 rstmode=0x40
1788557803.468275 [HLT] polls=319 faults=0x0 cfglost=0
1788557803.474004 [EFF] n=5 last=58512 min=58450 max=58515 late=0 stuck=0 rderr=0
1788557803.484269 [IMU] init=0 addr=0x68 who=0x68 rst=1 pmrb0=0x40 pmrb=0x1 sr=19 cfg=4 gcfg=0x0 acfg=0x8 icfg=0x30 ien=0x1 armed=1
1788557803.489865 [ACC] reads=15997 stale=15977 rderr=0 ax=63 ay=-65 az=1127
1788557803.492397 [PWR] pm=0x1 drift=0 rderr=0
1788557803.496424 [DWT] ok=1 cyc=3886147645 cyc_per_ms=800097
1788557804.512032 [HB] up_ms=355018 frames=16043 inf=16043 hazard=2050 canary_err=0 q=0 qovr=0
1788557804.523055 [I2C] init=0 gate=0 whoami=0x201e0 wr=0 wrseen=0x27 addr=0x5a ok=99593 err=0 tmo=0 recov=0 pclk1=200000000 sysclk=400000000
1788557804.524419 [NAK] nacks=0
1788557804.529019 [CLK] cpu=800000000 sysb=400000000 pclk1=200000000
1788557804.533648 [TOF] res=0 step=0 id=0xeacc blk=0xeacc10 ctl=0x0
1788557804.539526 [RNG] init=0 step=99 id=0xeacc boot=1 calls=93 xerr=0 dm=1 tb=15
1788557804.546388 [RNG] osc=41 imp=881 imprb=881 mstart=0x40 cfg=91 cfgfail=0x0 vhv=0 vpolls=0
1788557804.552511 [PRT] calls=64293 xerr=0 ler=1 lidx=0x0 perr=0 maxcnt=17 addr8=0x52
1788557804.556654 [RTY] wr=0 wmax=0 wref=0  rd=0 rmax=0 rref=0
1788557804.564520 [RNG] frames=16045 last=65 min=49 max=76 nrdy=0 dxfer=0 dstat=0 lst=0 nrdyerr=0 dclr=0
1788557804.570623 [DRV] init=0 id=7 mode=0x1 lib=0x2 seq=0x1 odc=0x8b sts=0xe0 armed=1
1788557804.576174 [TRG] pulses=152 suppressed=1898 cyc=1600 rst=1 rstmode=0x40
1788557804.579635 [HLT] polls=320 faults=0x0 cfglost=0
1788557804.585418 [EFF] n=5 last=58512 min=58450 max=58515 late=0 stuck=0 rderr=0
1788557804.595778 [IMU] init=0 addr=0x68 who=0x68 rst=1 pmrb0=0x40 pmrb=0x1 sr=19 cfg=4 gcfg=0x0 acfg=0x8 icfg=0x30 ien=0x1 armed=1
1788557804.600865 [ACC] reads=16047 stale=16026 rderr=0 ax=65 ay=-64 az=1125
1788557804.603763 [PWR] pm=0x1 drift=0 rderr=0
1788557804.607646 [DWT] ok=1 cyc=472751297 cyc_per_ms=799973
1788557805.622426 [HB] up_ms=356120 frames=16093 inf=16093 hazard=2050 canary_err=0 q=0 qovr=0
1788557805.633498 [I2C] init=0 gate=0 whoami=0x201e0 wr=0 wrseen=0x27 addr=0x5a ok=99889 err=0 tmo=0 recov=0 pclk1=200000000 sysclk=400000000
1788557805.635156 [NAK] nacks=0
1788557805.639478 [CLK] cpu=800000000 sysb=400000000 pclk1=200000000
1788557805.643992 [TOF] res=0 step=0 id=0xeacc blk=0xeacc10 ctl=0x0
1788557805.650004 [RNG] init=0 step=99 id=0xeacc boot=1 calls=93 xerr=0 dm=1 tb=15
1788557805.656885 [RNG] osc=41 imp=881 imprb=881 mstart=0x40 cfg=91 cfgfail=0x0 vhv=0 vpolls=0
1788557805.662992 [PRT] calls=64493 xerr=0 ler=1 lidx=0x0 perr=0 maxcnt=17 addr8=0x52
1788557805.667003 [RTY] wr=0 wmax=0 wref=0  rd=0 rmax=0 rref=0
1788557805.675042 [RNG] frames=16095 last=62 min=49 max=76 nrdy=0 dxfer=0 dstat=0 lst=0 nrdyerr=0 dclr=0
1788557805.681135 [DRV] init=0 id=7 mode=0x1 lib=0x2 seq=0x1 odc=0x8b sts=0xe0 armed=1
1788557805.686702 [TRG] pulses=152 suppressed=1898 cyc=1600 rst=1 rstmode=0x40
1788557805.690198 [HLT] polls=321 faults=0x0 cfglost=0
1788557805.695867 [EFF] n=5 last=58512 min=58450 max=58515 late=0 stuck=0 rderr=0
1788557805.706157 [IMU] init=0 addr=0x68 who=0x68 rst=1 pmrb0=0x40 pmrb=0x1 sr=19 cfg=4 gcfg=0x0 acfg=0x8 icfg=0x30 ien=0x1 armed=1
1788557805.711379 [ACC] reads=16097 stale=16076 rderr=0 ax=65 ay=-63 az=1127
1788557805.714034 [PWR] pm=0x1 drift=0 rderr=0
1788557805.718169 [DWT] ok=1 cyc=1354245375 cyc_per_ms=799903
1788557806.732515 [HB] up_ms=357222 frames=16143 inf=16143 hazard=2073 canary_err=0 q=0 qovr=0
1788557806.743894 [I2C] init=0 gate=0 whoami=0x201e0 wr=0 wrseen=0x27 addr=0x5a ok=100191 err=0 tmo=0 recov=0 pclk1=200000000 sysclk=400000000
1788557806.745150 [NAK] nacks=0
1788557806.749761 [CLK] cpu=800000000 sysb=400000000 pclk1=200000000
1788557806.754473 [TOF] res=0 step=0 id=0xeacc blk=0xeacc10 ctl=0x0
1788557806.760276 [RNG] init=0 step=99 id=0xeacc boot=1 calls=93 xerr=0 dm=1 tb=15
1788557806.767152 [RNG] osc=41 imp=881 imprb=881 mstart=0x40 cfg=91 cfgfail=0x0 vhv=0 vpolls=0
1788557806.773246 [PRT] calls=64693 xerr=0 ler=1 lidx=0x0 perr=0 maxcnt=17 addr8=0x52
1788557806.777249 [RTY] wr=0 wmax=0 wref=0  rd=0 rmax=0 rref=0
1788557806.785248 [RNG] frames=16145 last=62 min=49 max=76 nrdy=0 dxfer=0 dstat=0 lst=0 nrdyerr=0 dclr=0
1788557806.791506 [DRV] init=0 id=7 mode=0x1 lib=0x2 seq=0x1 odc=0x8b sts=0xe0 armed=1
1788557806.796884 [TRG] pulses=154 suppressed=1922 cyc=1600 rst=1 rstmode=0x40
1788557806.800255 [HLT] polls=322 faults=0x0 cfglost=0
1788557806.806975 [EFF] n=5 last=58512 min=58450 max=58515 late=0 stuck=0 rderr=0
1788557806.816375 [IMU] init=0 addr=0x68 who=0x68 rst=1 pmrb0=0x40 pmrb=0x1 sr=19 cfg=4 gcfg=0x0 acfg=0x8 icfg=0x30 ien=0x1 armed=1
1788557806.822479 [ACC] reads=16147 stale=16126 rderr=0 ax=64 ay=-62 az=1127
1788557806.824356 [PWR] pm=0x1 drift=0 rderr=0
1788557806.828234 [DWT] ok=1 cyc=2235918815 cyc_per_ms=800066
1788557807.842543 [HB] up_ms=358324 frames=16193 inf=16193 hazard=2091 canary_err=0 q=0 qovr=0
1788557807.853765 [I2C] init=0 gate=0 whoami=0x201e0 wr=0 wrseen=0x27 addr=0x5a ok=100493 err=0 tmo=0 recov=0 pclk1=200000000 sysclk=400000000
1788557807.855141 [NAK] nacks=0
1788557807.859612 [CLK] cpu=800000000 sysb=400000000 pclk1=200000000
1788557807.864137 [TOF] res=0 step=0 id=0xeacc blk=0xeacc10 ctl=0x0
1788557807.869985 [RNG] init=0 step=99 id=0xeacc boot=1 calls=93 xerr=0 dm=1 tb=15
1788557807.877123 [RNG] osc=41 imp=881 imprb=881 mstart=0x40 cfg=91 cfgfail=0x0 vhv=0 vpolls=0
1788557807.883146 [PRT] calls=64893 xerr=0 ler=1 lidx=0x0 perr=0 maxcnt=17 addr8=0x52
1788557807.887239 [RTY] wr=0 wmax=0 wref=0  rd=0 rmax=0 rref=0
1788557807.895131 [RNG] frames=16195 last=65 min=49 max=76 nrdy=0 dxfer=0 dstat=0 lst=0 nrdyerr=0 dclr=0
1788557807.901359 [DRV] init=0 id=7 mode=0x1 lib=0x2 seq=0x1 odc=0x8b sts=0xe0 armed=1
1788557807.906859 [TRG] pulses=155 suppressed=1936 cyc=1600 rst=1 rstmode=0x40
1788557807.910134 [HLT] polls=323 faults=0x0 cfglost=0
1788557807.915865 [EFF] n=5 last=58512 min=58450 max=58515 late=0 stuck=0 rderr=0
1788557807.926253 [IMU] init=0 addr=0x68 who=0x68 rst=1 pmrb0=0x40 pmrb=0x1 sr=19 cfg=4 gcfg=0x0 acfg=0x8 icfg=0x30 ien=0x1 armed=1
1788557807.931493 [ACC] reads=16197 stale=16176 rderr=0 ax=67 ay=-65 az=1125
1788557807.934233 [PWR] pm=0x1 drift=0 rderr=0
1788557807.938131 [DWT] ok=1 cyc=3117515443 cyc_per_ms=799996
1788557808.952768 [HB] up_ms=359426 frames=16243 inf=16243 hazard=2091 canary_err=0 q=0 qovr=0
1788557808.963986 [I2C] init=0 gate=0 whoami=0x201e0 wr=0 wrseen=0x27 addr=0x5a ok=100795 err=0 tmo=0 recov=0 pclk1=200000000 sysclk=400000000
1788557808.965369 [NAK] nacks=0
1788557808.969869 [CLK] cpu=800000000 sysb=400000000 pclk1=200000000
1788557808.974371 [TOF] res=0 step=0 id=0xeacc blk=0xeacc10 ctl=0x0
1788557808.980408 [RNG] init=0 step=99 id=0xeacc boot=1 calls=93 xerr=0 dm=1 tb=15
1788557808.987364 [RNG] osc=41 imp=881 imprb=881 mstart=0x40 cfg=91 cfgfail=0x0 vhv=0 vpolls=0
1788557808.993386 [PRT] calls=65093 xerr=0 ler=1 lidx=0x0 perr=0 maxcnt=17 addr8=0x52
1788557808.997483 [RTY] wr=0 wmax=0 wref=0  rd=0 rmax=0 rref=0
1788557809.005233 [RNG] frames=16245 last=64 min=49 max=76 nrdy=0 dxfer=0 dstat=0 lst=0 nrdyerr=0 dclr=0
1788557809.011611 [DRV] init=0 id=7 mode=0x1 lib=0x2 seq=0x1 odc=0x8b sts=0xe0 armed=1
1788557809.017141 [TRG] pulses=155 suppressed=1936 cyc=1600 rst=1 rstmode=0x40
1788557809.020363 [HLT] polls=324 faults=0x0 cfglost=0
1788557809.026134 [EFF] n=5 last=58512 min=58450 max=58515 late=0 stuck=0 rderr=0
1788557809.036493 [IMU] init=0 addr=0x68 who=0x68 rst=1 pmrb0=0x40 pmrb=0x1 sr=19 cfg=4 gcfg=0x0 acfg=0x8 icfg=0x30 ien=0x1 armed=1
1788557809.041737 [ACC] reads=16247 stale=16226 rderr=0 ax=71 ay=-59 az=1128
1788557809.044484 [PWR] pm=0x1 drift=0 rderr=0
1788557809.048359 [DWT] ok=1 cyc=3999115139 cyc_per_ms=799999
1788557810.062359 [HB] up_ms=360528 frames=16293 inf=16293 hazard=2091 canary_err=0 q=0 qovr=0
1788557810.073608 [I2C] init=0 gate=0 whoami=0x201e0 wr=0 wrseen=0x27 addr=0x5a ok=101097 err=0 tmo=0 recov=0 pclk1=200000000 sysclk=400000000
1788557810.074970 [NAK] nacks=0
1788557810.079602 [CLK] cpu=800000000 sysb=400000000 pclk1=200000000
1788557810.084126 [TOF] res=0 step=0 id=0xeacc blk=0xeacc10 ctl=0x0
1788557810.089846 [RNG] init=0 step=99 id=0xeacc boot=1 calls=93 xerr=0 dm=1 tb=15
1788557810.096968 [RNG] osc=41 imp=881 imprb=881 mstart=0x40 cfg=91 cfgfail=0x0 vhv=0 vpolls=0
1788557810.102971 [PRT] calls=65293 xerr=0 ler=1 lidx=0x0 perr=0 maxcnt=17 addr8=0x52
1788557810.107116 [RTY] wr=0 wmax=0 wref=0  rd=0 rmax=0 rref=0
1788557810.114901 [RNG] frames=16295 last=66 min=49 max=76 nrdy=0 dxfer=0 dstat=0 lst=0 nrdyerr=0 dclr=0
1788557810.121239 [DRV] init=0 id=7 mode=0x1 lib=0x2 seq=0x1 odc=0x8b sts=0xe0 armed=1
1788557810.126725 [TRG] pulses=155 suppressed=1936 cyc=1600 rst=1 rstmode=0x40
1788557810.129975 [HLT] polls=325 faults=0x0 cfglost=0
1788557810.135720 [EFF] n=5 last=58512 min=58450 max=58515 late=0 stuck=0 rderr=0
1788557810.146123 [IMU] init=0 addr=0x68 who=0x68 rst=1 pmrb0=0x40 pmrb=0x1 sr=19 cfg=4 gcfg=0x0 acfg=0x8 icfg=0x30 ien=0x1 armed=1
1788557810.151360 [ACC] reads=16297 stale=16276 rderr=0 ax=81 ay=-51 az=1123
1788557810.154126 [PWR] pm=0x1 drift=0 rderr=0
1788557810.157975 [DWT] ok=1 cyc=585748003 cyc_per_ms=800000
1788557811.172347 [HB] up_ms=361630 frames=16343 inf=16343 hazard=2091 canary_err=0 q=0 qovr=0
1788557811.183485 [I2C] init=0 gate=0 whoami=0x201e0 wr=0 wrseen=0x27 addr=0x5a ok=101399 err=0 tmo=0 recov=0 pclk1=200000000 sysclk=400000000
1788557811.184967 [NAK] nacks=0
1788557811.189594 [CLK] cpu=800000000 sysb=400000000 pclk1=200000000
1788557811.194118 [TOF] res=0 step=0 id=0xeacc blk=0xeacc10 ctl=0x0
1788557811.199962 [RNG] init=0 step=99 id=0xeacc boot=1 calls=93 xerr=0 dm=1 tb=15
1788557811.206837 [RNG] osc=41 imp=881 imprb=881 mstart=0x40 cfg=91 cfgfail=0x0 vhv=0 vpolls=0
1788557811.213103 [PRT] calls=65489 xerr=0 ler=1 lidx=0x0 perr=0 maxcnt=17 addr8=0x52
1788557811.217111 [RTY] wr=0 wmax=0 wref=0  rd=0 rmax=0 rref=0
1788557811.225017 [RNG] frames=16345 last=59 min=49 max=76 nrdy=0 dxfer=0 dstat=0 lst=0 nrdyerr=0 dclr=0
1788557811.231219 [DRV] init=0 id=7 mode=0x1 lib=0x2 seq=0x1 odc=0x8b sts=0xe0 armed=1
1788557811.236712 [TRG] pulses=155 suppressed=1936 cyc=1600 rst=1 rstmode=0x40
1788557811.240102 [HLT] polls=326 faults=0x0 cfglost=0
1788557811.245838 [EFF] n=5 last=58512 min=58450 max=58515 late=0 stuck=0 rderr=0
1788557811.256213 [IMU] init=0 addr=0x68 who=0x68 rst=1 pmrb0=0x40 pmrb=0x1 sr=19 cfg=4 gcfg=0x0 acfg=0x8 icfg=0x30 ien=0x1 armed=1
1788557811.261464 [ACC] reads=16347 stale=16326 rderr=0 ax=76 ay=-46 az=1126
1788557811.264104 [PWR] pm=0x1 drift=0 rderr=0
1788557811.268106 [DWT] ok=1 cyc=1467347951 cyc_per_ms=799999
1788557812.282467 [HB] up_ms=362732 frames=16393 inf=16393 hazard=2091 canary_err=0 q=0 qovr=0
1788557812.293590 [I2C] init=0 gate=0 whoami=0x201e0 wr=0 wrseen=0x27 addr=0x5a ok=101701 err=0 tmo=0 recov=0 pclk1=200000000 sysclk=400000000
1788557812.294835 [NAK] nacks=0
1788557812.299591 [CLK] cpu=800000000 sysb=400000000 pclk1=200000000
1788557812.304089 [TOF] res=0 step=0 id=0xeacc blk=0xeacc10 ctl=0x0
1788557812.309953 [RNG] init=0 step=99 id=0xeacc boot=1 calls=93 xerr=0 dm=1 tb=15
1788557812.316834 [RNG] osc=41 imp=881 imprb=881 mstart=0x40 cfg=91 cfgfail=0x0 vhv=0 vpolls=0
1788557812.323098 [PRT] calls=65689 xerr=0 ler=1 lidx=0x0 perr=0 maxcnt=17 addr8=0x52
1788557812.327198 [RTY] wr=0 wmax=0 wref=0  rd=0 rmax=0 rref=0
1788557812.334957 [RNG] frames=16395 last=63 min=49 max=76 nrdy=0 dxfer=0 dstat=0 lst=0 nrdyerr=0 dclr=0
1788557812.341207 [DRV] init=0 id=7 mode=0x1 lib=0x2 seq=0x1 odc=0x8b sts=0xe0 armed=1
1788557812.346837 [TRG] pulses=155 suppressed=1936 cyc=1600 rst=1 rstmode=0x40
1788557812.350209 [HLT] polls=327 faults=0x0 cfglost=0
1788557812.355969 [EFF] n=5 last=58512 min=58450 max=58515 late=0 stuck=0 rderr=0
1788557812.366107 [IMU] init=0 addr=0x68 who=0x68 rst=1 pmrb0=0x40 pmrb=0x1 sr=19 cfg=4 gcfg=0x0 acfg=0x8 icfg=0x30 ien=0x1 armed=1
1788557812.371581 [ACC] reads=16397 stale=16376 rderr=0 ax=56 ay=-74 az=1125
1788557812.374207 [PWR] pm=0x1 drift=0 rderr=0
1788557812.378202 [DWT] ok=1 cyc=2348947951 cyc_per_ms=800000
1788557813.392960 [HB] up_ms=363834 frames=16442 inf=16442 hazard=2093 canary_err=0 q=0 qovr=0
1788557813.404068 [I2C] init=0 gate=0 whoami=0x201e0 wr=0 wrseen=0x27 addr=0x5a ok=102003 err=0 tmo=0 recov=0 pclk1=200000000 sysclk=400000000
1788557813.405451 [NAK] nacks=0
1788557813.410107 [CLK] cpu=800000000 sysb=400000000 pclk1=200000000
1788557813.414705 [TOF] res=0 step=0 id=0xeacc blk=0xeacc10 ctl=0x0
1788557813.420569 [RNG] init=0 step=99 id=0xeacc boot=1 calls=93 xerr=0 dm=1 tb=15
1788557813.427446 [RNG] osc=41 imp=881 imprb=881 mstart=0x40 cfg=91 cfgfail=0x0 vhv=0 vpolls=0
1788557813.433578 [PRT] calls=65889 xerr=0 ler=1 lidx=0x0 perr=0 maxcnt=17 addr8=0x52
1788557813.437698 [RTY] wr=0 wmax=0 wref=0  rd=0 rmax=0 rref=0
1788557813.445573 [RNG] frames=16445 last=64 min=49 max=76 nrdy=0 dxfer=0 dstat=0 lst=0 nrdyerr=0 dclr=0
1788557813.451696 [DRV] init=0 id=7 mode=0x1 lib=0x2 seq=0x1 odc=0x8b sts=0xe0 armed=1
1788557813.457360 [TRG] pulses=156 suppressed=1940 cyc=1600 rst=1 rstmode=0x40
1788557813.460700 [HLT] polls=328 faults=0x0 cfglost=0
1788557813.466463 [EFF] n=5 last=58512 min=58450 max=58515 late=0 stuck=0 rderr=0
1788557813.476570 [IMU] init=0 addr=0x68 who=0x68 rst=1 pmrb0=0x40 pmrb=0x1 sr=19 cfg=4 gcfg=0x0 acfg=0x8 icfg=0x30 ien=0x1 armed=1
1788557813.482097 [ACC] reads=16446 stale=16425 rderr=0 ax=59 ay=-65 az=1125
1788557813.484710 [PWR] pm=0x1 drift=0 rderr=0
1788557813.488705 [DWT] ok=1 cyc=3230686493 cyc_per_ms=800125
1788557814.504579 [HB] up_ms=364937 frames=16492 inf=16492 hazard=2132 canary_err=0 q=0 qovr=0
1788557814.515699 [I2C] init=0 gate=0 whoami=0x201e0 wr=0 wrseen=0x27 addr=0x5a ok=102305 err=0 tmo=0 recov=0 pclk1=200000000 sysclk=400000000
1788557814.516948 [NAK] nacks=0
1788557814.521570 [CLK] cpu=800000000 sysb=400000000 pclk1=200000000
1788557814.526204 [TOF] res=0 step=0 id=0xeacc blk=0xeacc10 ctl=0x0
1788557814.532065 [RNG] init=0 step=99 id=0xeacc boot=1 calls=93 xerr=0 dm=1 tb=15
1788557814.538941 [RNG] osc=41 imp=881 imprb=881 mstart=0x40 cfg=91 cfgfail=0x0 vhv=0 vpolls=0
1788557814.545066 [PRT] calls=66089 xerr=0 ler=1 lidx=0x0 perr=0 maxcnt=17 addr8=0x52
1788557814.549310 [RTY] wr=0 wmax=0 wref=0  rd=0 rmax=0 rref=0
1788557814.557070 [RNG] frames=16495 last=64 min=49 max=76 nrdy=0 dxfer=0 dstat=0 lst=0 nrdyerr=0 dclr=0
1788557814.563181 [DRV] init=0 id=7 mode=0x1 lib=0x2 seq=0x1 odc=0x8b sts=0xe0 armed=1
1788557814.568692 [TRG] pulses=158 suppressed=1974 cyc=1600 rst=1 rstmode=0x40
1788557814.572195 [HLT] polls=329 faults=0x0 cfglost=0
1788557814.577942 [EFF] n=5 last=58512 min=58450 max=58515 late=0 stuck=0 rderr=0
1788557814.588209 [IMU] init=0 addr=0x68 who=0x68 rst=1 pmrb0=0x40 pmrb=0x1 sr=19 cfg=4 gcfg=0x0 acfg=0x8 icfg=0x30 ien=0x1 armed=1
1788557814.593587 [ACC] reads=16496 stale=16475 rderr=0 ax=61 ay=-68 az=1128
1788557814.596325 [PWR] pm=0x1 drift=0 rderr=0
1788557814.600197 [DWT] ok=1 cyc=4113082829 cyc_per_ms=799996
1788557815.615823 [HB] up_ms=366040 frames=16542 inf=16542 hazard=2132 canary_err=0 q=0 qovr=0
1788557815.626960 [I2C] init=0 gate=0 whoami=0x201e0 wr=0 wrseen=0x27 addr=0x5a ok=102607 err=0 tmo=0 recov=0 pclk1=200000000 sysclk=400000000
1788557815.628318 [NAK] nacks=0
1788557815.632940 [CLK] cpu=800000000 sysb=400000000 pclk1=200000000
1788557815.637562 [TOF] res=0 step=0 id=0xeacc blk=0xeacc10 ctl=0x0
1788557815.643437 [RNG] init=0 step=99 id=0xeacc boot=1 calls=93 xerr=0 dm=1 tb=15
1788557815.650313 [RNG] osc=41 imp=881 imprb=881 mstart=0x40 cfg=91 cfgfail=0x0 vhv=0 vpolls=0
1788557815.656436 [PRT] calls=66289 xerr=0 ler=1 lidx=0x0 perr=0 maxcnt=17 addr8=0x52
1788557815.660555 [RTY] wr=0 wmax=0 wref=0  rd=0 rmax=0 rref=0
1788557815.668441 [RNG] frames=16544 last=60 min=49 max=76 nrdy=0 dxfer=0 dstat=0 lst=0 nrdyerr=0 dclr=0
1788557815.674574 [DRV] init=0 id=7 mode=0x1 lib=0x2 seq=0x1 odc=0x8b sts=0xe0 armed=1
1788557815.680066 [TRG] pulses=158 suppressed=1974 cyc=1600 rst=1 rstmode=0x40
1788557815.683439 [HLT] polls=330 faults=0x0 cfglost=0
1788557815.689358 [EFF] n=5 last=58512 min=58450 max=58515 late=0 stuck=0 rderr=0
1788557815.699428 [IMU] init=0 addr=0x68 who=0x68 rst=1 pmrb0=0x40 pmrb=0x1 sr=19 cfg=4 gcfg=0x0 acfg=0x8 icfg=0x30 ien=0x1 armed=1
1788557815.704818 [ACC] reads=16546 stale=16525 rderr=0 ax=58 ay=-66 az=1129
1788557815.707563 [PWR] pm=0x1 drift=0 rderr=0
1788557815.711436 [DWT] ok=1 cyc=700502919 cyc_per_ms=799988
1788557816.725320 [HB] up_ms=367142 frames=16592 inf=16592 hazard=2132 canary_err=0 q=0 qovr=0
1788557816.736562 [I2C] init=0 gate=0 whoami=0x201e0 wr=0 wrseen=0x27 addr=0x5a ok=102903 err=0 tmo=0 recov=0 pclk1=200000000 sysclk=400000000
1788557816.737929 [NAK] nacks=0
1788557816.742640 [CLK] cpu=800000000 sysb=400000000 pclk1=200000000
1788557816.747053 [TOF] res=0 step=0 id=0xeacc blk=0xeacc10 ctl=0x0
1788557816.753054 [RNG] init=0 step=99 id=0xeacc boot=1 calls=93 xerr=0 dm=1 tb=15
1788557816.759925 [RNG] osc=41 imp=881 imprb=881 mstart=0x40 cfg=91 cfgfail=0x0 vhv=0 vpolls=0
1788557816.766054 [PRT] calls=66489 xerr=0 ler=1 lidx=0x0 perr=0 maxcnt=17 addr8=0x52
1788557816.770055 [RTY] wr=0 wmax=0 wref=0  rd=0 rmax=0 rref=0
1788557816.778049 [RNG] frames=16594 last=60 min=49 max=76 nrdy=0 dxfer=0 dstat=0 lst=0 nrdyerr=0 dclr=0
1788557816.784172 [DRV] init=0 id=7 mode=0x1 lib=0x2 seq=0x1 odc=0x8b sts=0xe0 armed=1
1788557816.789675 [TRG] pulses=158 suppressed=1974 cyc=1600 rst=1 rstmode=0x40
1788557816.793050 [HLT] polls=331 faults=0x0 cfglost=0
1788557816.798918 [EFF] n=5 last=58512 min=58450 max=58515 late=0 stuck=0 rderr=0
1788557816.809043 [IMU] init=0 addr=0x68 who=0x68 rst=1 pmrb0=0x40 pmrb=0x1 sr=19 cfg=4 gcfg=0x0 acfg=0x8 icfg=0x30 ien=0x1 armed=1
1788557816.814434 [ACC] reads=16596 stale=16575 rderr=0 ax=61 ay=-63 az=1127
1788557816.817107 [PWR] pm=0x1 drift=0 rderr=0
1788557816.821183 [DWT] ok=1 cyc=1581980767 cyc_per_ms=799889
1788557817.836042 [HB] up_ms=368245 frames=16642 inf=16642 hazard=2132 canary_err=0 q=0 qovr=0
1788557817.847420 [I2C] init=0 gate=0 whoami=0x201e0 wr=0 wrseen=0x27 addr=0x5a ok=103205 err=0 tmo=0 recov=0 pclk1=200000000 sysclk=400000000
1788557817.848662 [NAK] nacks=0
1788557817.853288 [CLK] cpu=800000000 sysb=400000000 pclk1=200000000
1788557817.857786 [TOF] res=0 step=0 id=0xeacc blk=0xeacc10 ctl=0x0
1788557817.863804 [RNG] init=0 step=99 id=0xeacc boot=1 calls=93 xerr=0 dm=1 tb=15
1788557817.870677 [RNG] osc=41 imp=881 imprb=881 mstart=0x40 cfg=91 cfgfail=0x0 vhv=0 vpolls=0
1788557817.876790 [PRT] calls=66689 xerr=0 ler=1 lidx=0x0 perr=0 maxcnt=17 addr8=0x52
1788557817.880803 [RTY] wr=0 wmax=0 wref=0  rd=0 rmax=0 rref=0
1788557817.888789 [RNG] frames=16644 last=68 min=49 max=76 nrdy=0 dxfer=0 dstat=0 lst=0 nrdyerr=0 dclr=0
1788557817.894912 [DRV] init=0 id=7 mode=0x1 lib=0x2 seq=0x1 odc=0x8b sts=0xe0 armed=1
1788557817.900409 [TRG] pulses=158 suppressed=1974 cyc=1600 rst=1 rstmode=0x40
1788557817.903788 [HLT] polls=332 faults=0x0 cfglost=0
1788557817.909666 [EFF] n=5 last=58512 min=58450 max=58515 late=0 stuck=0 rderr=0
1788557817.919801 [IMU] init=0 addr=0x68 who=0x68 rst=1 pmrb0=0x40 pmrb=0x1 sr=19 cfg=4 gcfg=0x0 acfg=0x8 icfg=0x30 ien=0x1 armed=1
1788557817.925176 [ACC] reads=16646 stale=16625 rderr=0 ax=59 ay=-63 az=1126
1788557817.927790 [PWR] pm=0x1 drift=0 rderr=0
1788557817.931792 [DWT] ok=1 cyc=2464380683 cyc_per_ms=799999
1788557818.946202 [HB] up_ms=369347 frames=16692 inf=16692 hazard=2132 canary_err=0 q=0 qovr=0
1788557818.957429 [I2C] init=0 gate=0 whoami=0x201e0 wr=0 wrseen=0x27 addr=0x5a ok=103507 err=0 tmo=0 recov=0 pclk1=200000000 sysclk=400000000
1788557818.958860 [NAK] nacks=0
1788557818.963417 [CLK] cpu=800000000 sysb=400000000 pclk1=200000000
1788557818.967911 [TOF] res=0 step=0 id=0xeacc blk=0xeacc10 ctl=0x0
1788557818.973781 [RNG] init=0 step=99 id=0xeacc boot=1 calls=93 xerr=0 dm=1 tb=15
1788557818.980781 [RNG] osc=41 imp=881 imprb=881 mstart=0x40 cfg=91 cfgfail=0x0 vhv=0 vpolls=0
1788557818.986788 [PRT] calls=66889 xerr=0 ler=1 lidx=0x0 perr=0 maxcnt=17 addr8=0x52
1788557818.990913 [RTY] wr=0 wmax=0 wref=0  rd=0 rmax=0 rref=0
1788557818.998789 [RNG] frames=16694 last=67 min=49 max=76 nrdy=0 dxfer=0 dstat=0 lst=0 nrdyerr=0 dclr=0
1788557819.005026 [DRV] init=0 id=7 mode=0x1 lib=0x2 seq=0x1 odc=0x8b sts=0xe0 armed=1
1788557819.010533 [TRG] pulses=158 suppressed=1974 cyc=1600 rst=1 rstmode=0x40
1788557819.013950 [HLT] polls=333 faults=0x0 cfglost=0
1788557819.019653 [EFF] n=5 last=58512 min=58450 max=58515 late=0 stuck=0 rderr=0
1788557819.029912 [IMU] init=0 addr=0x68 who=0x68 rst=1 pmrb0=0x40 pmrb=0x1 sr=19 cfg=4 gcfg=0x0 acfg=0x8 icfg=0x30 ien=0x1 armed=1
1788557819.035286 [ACC] reads=16696 stale=16675 rderr=0 ax=61 ay=-64 az=1127
1788557819.037920 [PWR] pm=0x1 drift=0 rderr=0
1788557819.041912 [DWT] ok=1 cyc=3345980511 cyc_per_ms=799999
1788557820.056289 [HB] up_ms=370449 frames=16742 inf=16742 hazard=2132 canary_err=0 q=0 qovr=0
1788557820.067653 [I2C] init=0 gate=0 whoami=0x201e0 wr=0 wrseen=0x27 addr=0x5a ok=103809 err=0 tmo=0 recov=0 pclk1=200000000 sysclk=400000000
1788557820.068922 [NAK] nacks=0
1788557820.073529 [CLK] cpu=800000000 sysb=400000000 pclk1=200000000
1788557820.078032 [TOF] res=0 step=0 id=0xeacc blk=0xeacc10 ctl=0x0
1788557820.083904 [RNG] init=0 step=99 id=0xeacc boot=1 calls=93 xerr=0 dm=1 tb=15
1788557820.090900 [RNG] osc=41 imp=881 imprb=881 mstart=0x40 cfg=91 cfgfail=0x0 vhv=0 vpolls=0
1788557820.097026 [PRT] calls=67089 xerr=0 ler=1 lidx=0x0 perr=0 maxcnt=17 addr8=0x52
1788557820.101020 [RTY] wr=0 wmax=0 wref=0  rd=0 rmax=0 rref=0
1788557820.108770 [RNG] frames=16744 last=65 min=49 max=76 nrdy=0 dxfer=0 dstat=0 lst=0 nrdyerr=0 dclr=0
1788557820.115184 [DRV] init=0 id=7 mode=0x1 lib=0x2 seq=0x1 odc=0x8b sts=0xe0 armed=1
1788557820.120652 [TRG] pulses=158 suppressed=1974 cyc=1600 rst=1 rstmode=0x40
1788557820.124023 [HLT] polls=334 faults=0x0 cfglost=0
1788557820.129814 [EFF] n=5 last=58512 min=58450 max=58515 late=0 stuck=0 rderr=0
1788557820.140056 [IMU] init=0 addr=0x68 who=0x68 rst=1 pmrb0=0x40 pmrb=0x1 sr=19 cfg=4 gcfg=0x0 acfg=0x8 icfg=0x30 ien=0x1 armed=1
1788557820.145395 [ACC] reads=16746 stale=16725 rderr=0 ax=59 ay=-65 az=1128
1788557820.148109 [PWR] pm=0x1 drift=0 rderr=0
1788557820.152026 [DWT] ok=1 cyc=4227580671 cyc_per_ms=800000
1788557821.166278 [HB] up_ms=371551 frames=16792 inf=16792 hazard=2164 canary_err=0 q=0 qovr=0
1788557821.177513 [I2C] init=0 gate=0 whoami=0x201e0 wr=0 wrseen=0x27 addr=0x5a ok=104111 err=0 tmo=0 recov=0 pclk1=200000000 sysclk=400000000
1788557821.178902 [NAK] nacks=0
1788557821.183524 [CLK] cpu=800000000 sysb=400000000 pclk1=200000000
1788557821.188021 [TOF] res=0 step=0 id=0xeacc blk=0xeacc10 ctl=0x0
1788557821.193767 [RNG] init=0 step=99 id=0xeacc boot=1 calls=93 xerr=0 dm=1 tb=15
1788557821.200886 [RNG] osc=41 imp=881 imprb=881 mstart=0x40 cfg=91 cfgfail=0x0 vhv=0 vpolls=0
1788557821.207013 [PRT] calls=67289 xerr=0 ler=1 lidx=0x0 perr=0 maxcnt=17 addr8=0x52
1788557821.211016 [RTY] wr=0 wmax=0 wref=0  rd=0 rmax=0 rref=0
1788557821.218771 [RNG] frames=16794 last=69 min=49 max=76 nrdy=0 dxfer=0 dstat=0 lst=0 nrdyerr=0 dclr=0
1788557821.225165 [DRV] init=0 id=7 mode=0x1 lib=0x2 seq=0x1 odc=0x8b sts=0xe0 armed=1
1788557821.230646 [TRG] pulses=161 suppressed=2006 cyc=1600 rst=1 rstmode=0x40
1788557821.234009 [HLT] polls=335 faults=0x0 cfglost=0
1788557821.239759 [EFF] n=5 last=58512 min=58450 max=58515 late=0 stuck=0 rderr=0
1788557821.250039 [IMU] init=0 addr=0x68 who=0x68 rst=1 pmrb0=0x40 pmrb=0x1 sr=19 cfg=4 gcfg=0x0 acfg=0x8 icfg=0x30 ien=0x1 armed=1
1788557821.255398 [ACC] reads=16796 stale=16775 rderr=0 ax=61 ay=-64 az=1125
1788557821.258008 [PWR] pm=0x1 drift=0 rderr=0
1788557821.261909 [DWT] ok=1 cyc=814216791 cyc_per_ms=800003
1788557822.276272 [HB] up_ms=372653 frames=16842 inf=16842 hazard=2173 canary_err=0 q=0 qovr=0
1788557822.287400 [I2C] init=0 gate=0 whoami=0x201e0 wr=0 wrseen=0x27 addr=0x5a ok=104413 err=0 tmo=0 recov=0 pclk1=200000000 sysclk=400000000
1788557822.288769 [NAK] nacks=0
1788557822.293384 [CLK] cpu=800000000 sysb=400000000 pclk1=200000000
1788557822.297899 [TOF] res=0 step=0 id=0xeacc blk=0xeacc10 ctl=0x0
1788557822.303806 [RNG] init=0 step=99 id=0xeacc boot=1 calls=93 xerr=0 dm=1 tb=15
1788557822.310766 [RNG] osc=41 imp=881 imprb=881 mstart=0x40 cfg=91 cfgfail=0x0 vhv=0 vpolls=0
1788557822.316883 [PRT] calls=67486 xerr=0 ler=1 lidx=0x0 perr=0 maxcnt=17 addr8=0x52
1788557822.320886 [RTY] wr=0 wmax=0 wref=0  rd=0 rmax=0 rref=0
1788557822.328754 [RNG] frames=16844 last=62 min=49 max=76 nrdy=0 dxfer=0 dstat=0 lst=0 nrdyerr=0 dclr=0
1788557822.335007 [DRV] init=0 id=7 mode=0x1 lib=0x2 seq=0x1 odc=0x8b sts=0xe0 armed=1
1788557822.340503 [TRG] pulses=161 suppressed=2012 cyc=1600 rst=1 rstmode=0x40
1788557822.343881 [HLT] polls=336 faults=0x0 cfglost=0
1788557822.349636 [EFF] n=5 last=58512 min=58450 max=58515 late=0 stuck=0 rderr=0
1788557822.360005 [IMU] init=0 addr=0x68 who=0x68 rst=1 pmrb0=0x40 pmrb=0x1 sr=19 cfg=4 gcfg=0x0 acfg=0x8 icfg=0x30 ien=0x1 armed=1
1788557822.365286 [ACC] reads=16846 stale=16825 rderr=0 ax=59 ay=-66 az=1127
1788557822.367898 [PWR] pm=0x1 drift=0 rderr=0
1788557822.371919 [DWT] ok=1 cyc=1695813811 cyc_per_ms=799997
1788557823.385882 [HB] up_ms=373755 frames=16892 inf=16892 hazard=2173 canary_err=0 q=0 qovr=0
1788557823.396995 [I2C] init=0 gate=0 whoami=0x201e0 wr=0 wrseen=0x27 addr=0x5a ok=104715 err=0 tmo=0 recov=0 pclk1=200000000 sysclk=400000000
1788557823.398368 [NAK] nacks=0
1788557823.403163 [CLK] cpu=800000000 sysb=400000000 pclk1=200000000
1788557823.407625 [TOF] res=0 step=0 id=0xeacc blk=0xeacc10 ctl=0x0
1788557823.413375 [RNG] init=0 step=99 id=0xeacc boot=1 calls=93 xerr=0 dm=1 tb=15
1788557823.420386 [RNG] osc=41 imp=881 imprb=881 mstart=0x40 cfg=91 cfgfail=0x0 vhv=0 vpolls=0
1788557823.426626 [PRT] calls=67685 xerr=0 ler=1 lidx=0x0 perr=0 maxcnt=17 addr8=0x52
1788557823.430627 [RTY] wr=0 wmax=0 wref=0  rd=0 rmax=0 rref=0
1788557823.438375 [RNG] frames=16894 last=63 min=49 max=76 nrdy=0 dxfer=0 dstat=0 lst=0 nrdyerr=0 dclr=0
1788557823.444632 [DRV] init=0 id=7 mode=0x1 lib=0x2 seq=0x1 odc=0x8b sts=0xe0 armed=1
1788557823.450262 [TRG] pulses=161 suppressed=2012 cyc=1600 rst=1 rstmode=0x40
1788557823.453626 [HLT] polls=337 faults=0x0 cfglost=0
1788557823.459369 [EFF] n=5 last=58512 min=58450 max=58515 late=0 stuck=0 rderr=0
1788557823.469619 [IMU] init=0 addr=0x68 who=0x68 rst=1 pmrb0=0x40 pmrb=0x1 sr=19 cfg=4 gcfg=0x0 acfg=0x8 icfg=0x30 ien=0x1 armed=1
1788557823.474996 [ACC] reads=16896 stale=16875 rderr=0 ax=58 ay=-62 az=1126
1788557823.477625 [PWR] pm=0x1 drift=0 rderr=0
1788557823.481631 [DWT] ok=1 cyc=2577413399 cyc_per_ms=799999
1788557824.495624 [HB] up_ms=374857 frames=16942 inf=16942 hazard=2173 canary_err=0 q=0 qovr=0
1788557824.506737 [I2C] init=0 gate=0 whoami=0x201e0 wr=0 wrseen=0x27 addr=0x5a ok=105017 err=0 tmo=0 recov=0 pclk1=200000000 sysclk=400000000
1788557824.507984 [NAK] nacks=0
1788557824.512741 [CLK] cpu=800000000 sysb=400000000 pclk1=200000000
1788557824.517254 [TOF] res=0 step=0 id=0xeacc blk=0xeacc10 ctl=0x0
1788557824.523134 [RNG] init=0 step=99 id=0xeacc boot=1 calls=93 xerr=0 dm=1 tb=15
1788557824.529989 [RNG] osc=41 imp=881 imprb=881 mstart=0x40 cfg=91 cfgfail=0x0 vhv=0 vpolls=0
1788557824.536232 [PRT] calls=67885 xerr=0 ler=1 lidx=0x0 perr=0 maxcnt=17 addr8=0x52
1788557824.540362 [RTY] wr=0 wmax=0 wref=0  rd=0 rmax=0 rref=0
1788557824.548123 [RNG] frames=16944 last=58 min=49 max=76 nrdy=0 dxfer=0 dstat=0 lst=0 nrdyerr=0 dclr=0
1788557824.554233 [DRV] init=0 id=7 mode=0x1 lib=0x2 seq=0x1 odc=0x8b sts=0xe0 armed=1
1788557824.559999 [TRG] pulses=161 suppressed=2012 cyc=1600 rst=1 rstmode=0x40
1788557824.563238 [HLT] polls=338 faults=0x0 cfglost=0
1788557824.568988 [EFF] n=5 last=58512 min=58450 max=58515 late=0 stuck=0 rderr=0
1788557824.579262 [IMU] init=0 addr=0x68 who=0x68 rst=1 pmrb0=0x40 pmrb=0x1 sr=19 cfg=4 gcfg=0x0 acfg=0x8 icfg=0x30 ien=0x1 armed=1
1788557824.584623 [ACC] reads=16945 stale=16924 rderr=0 ax=59 ay=-64 az=1125
1788557824.587363 [PWR] pm=0x1 drift=0 rderr=0
1788557824.591237 [DWT] ok=1 cyc=3459041523 cyc_per_ms=800025
1788557825.605631 [HB] up_ms=375959 frames=16991 inf=16991 hazard=2173 canary_err=0 q=0 qovr=0
1788557825.616745 [I2C] init=0 gate=0 whoami=0x201e0 wr=0 wrseen=0x27 addr=0x5a ok=105319 err=0 tmo=0 recov=0 pclk1=200000000 sysclk=400000000
1788557825.618159 [NAK] nacks=0
1788557825.622745 [CLK] cpu=800000000 sysb=400000000 pclk1=200000000
1788557825.627362 [TOF] res=0 step=0 id=0xeacc blk=0xeacc10 ctl=0x0
1788557825.633246 [RNG] init=0 step=99 id=0xeacc boot=1 calls=93 xerr=0 dm=1 tb=15
1788557825.640140 [RNG] osc=41 imp=881 imprb=881 mstart=0x40 cfg=91 cfgfail=0x0 vhv=0 vpolls=0
1788557825.646225 [PRT] calls=68085 xerr=0 ler=1 lidx=0x0 perr=0 maxcnt=17 addr8=0x52
1788557825.650359 [RTY] wr=0 wmax=0 wref=0  rd=0 rmax=0 rref=0
1788557825.658234 [RNG] frames=16994 last=61 min=49 max=76 nrdy=0 dxfer=0 dstat=0 lst=0 nrdyerr=0 dclr=0
1788557825.664360 [DRV] init=0 id=7 mode=0x1 lib=0x2 seq=0x1 odc=0x8b sts=0xe0 armed=1
1788557825.669862 [TRG] pulses=161 suppressed=2012 cyc=1600 rst=1 rstmode=0x40
1788557825.673373 [HLT] polls=339 faults=0x0 cfglost=0
1788557825.679135 [EFF] n=5 last=58512 min=58450 max=58515 late=0 stuck=0 rderr=0
1788557825.689248 [IMU] init=0 addr=0x68 who=0x68 rst=1 pmrb0=0x40 pmrb=0x1 sr=19 cfg=4 gcfg=0x0 acfg=0x8 icfg=0x30 ien=0x1 armed=1
1788557825.694740 [ACC] reads=16995 stale=16974 rderr=0 ax=59 ay=-66 az=1128
1788557825.697366 [PWR] pm=0x1 drift=0 rderr=0
1788557825.701234 [DWT] ok=1 cyc=45781225 cyc_per_ms=800097
1788557826.715375 [HB] up_ms=377061 frames=17041 inf=17041 hazard=2173 canary_err=0 q=0 qovr=0
1788557826.726394 [I2C] init=0 gate=0 whoami=0x201e0 wr=0 wrseen=0x27 addr=0x5a ok=105621 err=0 tmo=0 recov=0 pclk1=200000000 sysclk=400000000
1788557826.727729 [NAK] nacks=0
1788557826.732363 [CLK] cpu=800000000 sysb=400000000 pclk1=200000000
1788557826.736973 [TOF] res=0 step=0 id=0xeacc blk=0xeacc10 ctl=0x0
1788557826.742860 [RNG] init=0 step=99 id=0xeacc boot=1 calls=93 xerr=0 dm=1 tb=15
1788557826.749726 [RNG] osc=41 imp=881 imprb=881 mstart=0x40 cfg=91 cfgfail=0x0 vhv=0 vpolls=0
1788557826.755852 [PRT] calls=68285 xerr=0 ler=1 lidx=0x0 perr=0 maxcnt=17 addr8=0x52
1788557826.759977 [RTY] wr=0 wmax=0 wref=0  rd=0 rmax=0 rref=0
1788557826.767724 [RNG] frames=17043 last=61 min=49 max=76 nrdy=0 dxfer=0 dstat=0 lst=0 nrdyerr=0 dclr=0
1788557826.773975 [DRV] init=0 id=7 mode=0x1 lib=0x2 seq=0x1 odc=0x8b sts=0xe0 armed=1
1788557826.779476 [TRG] pulses=161 suppressed=2012 cyc=1600 rst=1 rstmode=0x40
1788557826.782853 [HLT] polls=340 faults=0x0 cfglost=0
1788557826.788773 [EFF] n=5 last=58512 min=58450 max=58515 late=0 stuck=0 rderr=0
1788557826.798856 [IMU] init=0 addr=0x68 who=0x68 rst=1 pmrb0=0x40 pmrb=0x1 sr=19 cfg=4 gcfg=0x0 acfg=0x8 icfg=0x30 ien=0x1 armed=1
1788557826.804124 [ACC] reads=17045 stale=17024 rderr=0 ax=60 ay=-63 az=1128
1788557826.806970 [PWR] pm=0x1 drift=0 rderr=0
1788557826.810850 [DWT] ok=1 cyc=927368323 cyc_per_ms=799988
1788557827.824725 [HB] up_ms=378163 frames=17091 inf=17091 hazard=2184 canary_err=0 q=0 qovr=0
1788557827.835991 [I2C] init=0 gate=0 whoami=0x201e0 wr=0 wrseen=0x27 addr=0x5a ok=105917 err=0 tmo=0 recov=0 pclk1=200000000 sysclk=400000000
1788557827.837335 [NAK] nacks=0
1788557827.841971 [CLK] cpu=800000000 sysb=400000000 pclk1=200000000
1788557827.846460 [TOF] res=0 step=0 id=0xeacc blk=0xeacc10 ctl=0x0
1788557827.852479 [RNG] init=0 step=99 id=0xeacc boot=1 calls=93 xerr=0 dm=1 tb=15
1788557827.859343 [RNG] osc=41 imp=881 imprb=881 mstart=0x40 cfg=91 cfgfail=0x0 vhv=0 vpolls=0
1788557827.865342 [PRT] calls=68485 xerr=0 ler=1 lidx=0x0 perr=0 maxcnt=17 addr8=0x52
1788557827.869471 [RTY] wr=0 wmax=0 wref=0  rd=0 rmax=0 rref=0
1788557827.877342 [RNG] frames=17093 last=63 min=49 max=76 nrdy=0 dxfer=0 dstat=0 lst=0 nrdyerr=0 dclr=0
1788557827.883589 [DRV] init=0 id=7 mode=0x1 lib=0x2 seq=0x1 odc=0x8b sts=0xe0 armed=1
1788557827.889125 [TRG] pulses=162 suppressed=2025 cyc=1600 rst=1 rstmode=0x40
1788557827.892468 [HLT] polls=341 faults=0x0 cfglost=0
1788557827.898379 [EFF] n=5 last=58512 min=58450 max=58515 late=0 stuck=0 rderr=0
1788557827.908462 [IMU] init=0 addr=0x68 who=0x68 rst=1 pmrb0=0x40 pmrb=0x1 sr=19 cfg=4 gcfg=0x0 acfg=0x8 icfg=0x30 ien=0x1 armed=1
1788557827.913835 [ACC] reads=17095 stale=17074 rderr=0 ax=62 ay=-66 az=1122
1788557827.916475 [PWR] pm=0x1 drift=0 rderr=0
1788557827.920603 [DWT] ok=1 cyc=1808852259 cyc_per_ms=799894
1788557828.935739 [HB] up_ms=379266 frames=17141 inf=17141 hazard=2214 canary_err=0 q=0 qovr=0
1788557828.946954 [I2C] init=0 gate=0 whoami=0x201e0 wr=0 wrseen=0x27 addr=0x5a ok=106219 err=0 tmo=0 recov=0 pclk1=200000000 sysclk=400000000
1788557828.948332 [NAK] nacks=0
1788557828.952954 [CLK] cpu=800000000 sysb=400000000 pclk1=200000000
1788557828.957457 [TOF] res=0 step=0 id=0xeacc blk=0xeacc10 ctl=0x0
1788557828.963454 [RNG] init=0 step=99 id=0xeacc boot=1 calls=93 xerr=0 dm=1 tb=15
1788557828.970339 [RNG] osc=41 imp=881 imprb=881 mstart=0x40 cfg=91 cfgfail=0x0 vhv=0 vpolls=0
1788557828.976471 [PRT] calls=68685 xerr=0 ler=1 lidx=0x0 perr=0 maxcnt=17 addr8=0x52
1788557828.980454 [RTY] wr=0 wmax=0 wref=0  rd=0 rmax=0 rref=0
1788557828.988466 [RNG] frames=17143 last=65 min=49 max=76 nrdy=0 dxfer=0 dstat=0 lst=0 nrdyerr=0 dclr=0
1788557828.994580 [DRV] init=0 id=7 mode=0x1 lib=0x2 seq=0x1 odc=0x8b sts=0xe0 armed=1
1788557829.000103 [TRG] pulses=164 suppressed=2050 cyc=1600 rst=1 rstmode=0x40
1788557829.003458 [HLT] polls=342 faults=0x0 cfglost=0
1788557829.009331 [EFF] n=5 last=58512 min=58450 max=58515 late=0 stuck=0 rderr=0
1788557829.019455 [IMU] init=0 addr=0x68 who=0x68 rst=1 pmrb0=0x40 pmrb=0x1 sr=19 cfg=4 gcfg=0x0 acfg=0x8 icfg=0x30 ien=0x1 armed=1
1788557829.024839 [ACC] reads=17145 stale=17124 rderr=0 ax=61 ay=-64 az=1126
1788557829.027458 [PWR] pm=0x1 drift=0 rderr=0
1788557829.031457 [DWT] ok=1 cyc=2691246071 cyc_per_ms=799994
1788557830.045590 [HB] up_ms=380368 frames=17191 inf=17191 hazard=2214 canary_err=0 q=0 qovr=0
1788557830.056819 [I2C] init=0 gate=0 whoami=0x201e0 wr=0 wrseen=0x27 addr=0x5a ok=106521 err=0 tmo=0 recov=0 pclk1=200000000 sysclk=400000000
1788557830.058198 [NAK] nacks=0
1788557830.062698 [CLK] cpu=800000000 sysb=400000000 pclk1=200000000
1788557830.067198 [TOF] res=0 step=0 id=0xeacc blk=0xeacc10 ctl=0x0
1788557830.073068 [RNG] init=0 step=99 id=0xeacc boot=1 calls=93 xerr=0 dm=1 tb=15
1788557830.080117 [RNG] osc=41 imp=881 imprb=881 mstart=0x40 cfg=91 cfgfail=0x0 vhv=0 vpolls=0
1788557830.086192 [PRT] calls=68885 xerr=0 ler=1 lidx=0x0 perr=0 maxcnt=17 addr8=0x52
1788557830.090327 [RTY] wr=0 wmax=0 wref=0  rd=0 rmax=0 rref=0
1788557830.098199 [RNG] frames=17193 last=68 min=49 max=76 nrdy=0 dxfer=0 dstat=0 lst=0 nrdyerr=0 dclr=0
1788557830.104443 [DRV] init=0 id=7 mode=0x1 lib=0x2 seq=0x1 odc=0x8b sts=0xe0 armed=1
1788557830.109951 [TRG] pulses=164 suppressed=2050 cyc=1600 rst=1 rstmode=0x40
1788557830.113321 [HLT] polls=343 faults=0x0 cfglost=0
1788557830.118944 [EFF] n=5 last=58512 min=58450 max=58515 late=0 stuck=0 rderr=0
1788557830.129323 [IMU] init=0 addr=0x68 who=0x68 rst=1 pmrb0=0x40 pmrb=0x1 sr=19 cfg=4 gcfg=0x0 acfg=0x8 icfg=0x30 ien=0x1 armed=1
1788557830.134572 [ACC] reads=17195 stale=17174 rderr=0 ax=61 ay=-65 az=1125
1788557830.137322 [PWR] pm=0x1 drift=0 rderr=0
1788557830.141200 [DWT] ok=1 cyc=3572845923 cyc_per_ms=799999
1788557831.155099 [HB] up_ms=381470 frames=17241 inf=17241 hazard=2214 canary_err=0 q=0 qovr=0
1788557831.166438 [I2C] init=0 gate=0 whoami=0x201e0 wr=0 wrseen=0x27 addr=0x5a ok=106823 err=0 tmo=0 recov=0 pclk1=200000000 sysclk=400000000
1788557831.167687 [NAK] nacks=0
1788557831.172312 [CLK] cpu=800000000 sysb=400000000 pclk1=200000000
1788557831.176827 [TOF] res=0 step=0 id=0xeacc blk=0xeacc10 ctl=0x0
1788557831.182694 [RNG] init=0 step=99 id=0xeacc boot=1 calls=93 xerr=0 dm=1 tb=15
1788557831.189685 [RNG] osc=41 imp=881 imprb=881 mstart=0x40 cfg=91 cfgfail=0x0 vhv=0 vpolls=0
1788557831.195815 [PRT] calls=69085 xerr=0 ler=1 lidx=0x0 perr=0 maxcnt=17 addr8=0x52
1788557831.199810 [RTY] wr=0 wmax=0 wref=0  rd=0 rmax=0 rref=0
1788557831.207566 [RNG] frames=17243 last=67 min=49 max=76 nrdy=0 dxfer=0 dstat=0 lst=0 nrdyerr=0 dclr=0
1788557831.213954 [DRV] init=0 id=7 mode=0x1 lib=0x2 seq=0x1 odc=0x8b sts=0xe0 armed=1
1788557831.219436 [TRG] pulses=164 suppressed=2050 cyc=1600 rst=1 rstmode=0x40
1788557831.222812 [HLT] polls=344 faults=0x0 cfglost=0
1788557831.228565 [EFF] n=5 last=58512 min=58450 max=58515 late=0 stuck=0 rderr=0
1788557831.238813 [IMU] init=0 addr=0x68 who=0x68 rst=1 pmrb0=0x40 pmrb=0x1 sr=19 cfg=4 gcfg=0x0 acfg=0x8 icfg=0x30 ien=0x1 armed=1
1788557831.244233 [ACC] reads=17245 stale=17224 rderr=0 ax=59 ay=-66 az=1128
1788557831.246808 [PWR] pm=0x1 drift=0 rderr=0
1788557831.250696 [DWT] ok=1 cyc=159478795 cyc_per_ms=800000
1788557832.264197 [HB] up_ms=382572 frames=17291 inf=17291 hazard=2214 canary_err=0 q=0 qovr=0
1788557832.275451 [I2C] init=0 gate=0 whoami=0x201e0 wr=0 wrseen=0x27 addr=0x5a ok=107125 err=0 tmo=0 recov=0 pclk1=200000000 sysclk=400000000
1788557832.276811 [NAK] nacks=0
1788557832.281310 [CLK] cpu=800000000 sysb=400000000 pclk1=200000000
1788557832.285810 [TOF] res=0 step=0 id=0xeacc blk=0xeacc10 ctl=0x0
1788557832.291678 [RNG] init=0 step=99 id=0xeacc boot=1 calls=93 xerr=0 dm=1 tb=15
1788557832.298692 [RNG] osc=41 imp=881 imprb=881 mstart=0x40 cfg=91 cfgfail=0x0 vhv=0 vpolls=0
1788557832.304817 [PRT] calls=69285 xerr=0 ler=1 lidx=0x0 perr=0 maxcnt=17 addr8=0x52
1788557832.308933 [RTY] wr=0 wmax=0 wref=0  rd=0 rmax=0 rref=0
1788557832.316683 [RNG] frames=17293 last=55 min=49 max=76 nrdy=0 dxfer=0 dstat=0 lst=0 nrdyerr=0 dclr=0
1788557832.323050 [DRV] init=0 id=7 mode=0x1 lib=0x2 seq=0x1 odc=0x8b sts=0xe0 armed=1
1788557832.328428 [TRG] pulses=164 suppressed=2050 cyc=1600 rst=1 rstmode=0x40
1788557832.331803 [HLT] polls=345 faults=0x0 cfglost=0
1788557832.337560 [EFF] n=5 last=58512 min=58450 max=58515 late=0 stuck=0 rderr=0
1788557832.347928 [IMU] init=0 addr=0x68 who=0x68 rst=1 pmrb0=0x40 pmrb=0x1 sr=19 cfg=4 gcfg=0x0 acfg=0x8 icfg=0x30 ien=0x1 armed=1
1788557832.353179 [ACC] reads=17295 stale=17274 rderr=0 ax=61 ay=-66 az=1125
1788557832.355802 [PWR] pm=0x1 drift=0 rderr=0
1788557832.359803 [DWT] ok=1 cyc=1041078615 cyc_per_ms=799999
1788557833.374194 [HB] up_ms=383674 frames=17341 inf=17341 hazard=2214 canary_err=0 q=0 qovr=0
1788557833.385310 [I2C] init=0 gate=0 whoami=0x201e0 wr=0 wrseen=0x27 addr=0x5a ok=107427 err=0 tmo=0 recov=0 pclk1=200000000 sysclk=400000000
1788557833.386808 [NAK] nacks=0
1788557833.391311 [CLK] cpu=800000000 sysb=400000000 pclk1=200000000
1788557833.395806 [TOF] res=0 step=0 id=0xeacc blk=0xeacc10 ctl=0x0
1788557833.401676 [RNG] init=0 step=99 id=0xeacc boot=1 calls=93 xerr=0 dm=1 tb=15
1788557833.408680 [RNG] osc=41 imp=881 imprb=881 mstart=0x40 cfg=91 cfgfail=0x0 vhv=0 vpolls=0
1788557833.414809 [PRT] calls=69482 xerr=0 ler=1 lidx=0x0 perr=0 maxcnt=17 addr8=0x52
1788557833.418931 [RTY] wr=0 wmax=0 wref=0  rd=0 rmax=0 rref=0
1788557833.426684 [RNG] frames=17343 last=61 min=49 max=76 nrdy=0 dxfer=0 dstat=0 lst=0 nrdyerr=0 dclr=0
1788557833.433049 [DRV] init=0 id=7 mode=0x1 lib=0x2 seq=0x1 odc=0x8b sts=0xe0 armed=1
1788557833.438545 [TRG] pulses=164 suppressed=2050 cyc=1600 rst=1 rstmode=0x40
1788557833.441926 [HLT] polls=346 faults=0x0 cfglost=0
1788557833.447551 [EFF] n=5 last=58512 min=58450 max=58515 late=0 stuck=0 rderr=0
1788557833.457924 [IMU] init=0 addr=0x68 who=0x68 rst=1 pmrb0=0x40 pmrb=0x1 sr=19 cfg=4 gcfg=0x0 acfg=0x8 icfg=0x30 ien=0x1 armed=1
1788557833.463185 [ACC] reads=17345 stale=17324 rderr=0 ax=59 ay=-65 az=1123
1788557833.465925 [PWR] pm=0x1 drift=0 rderr=0
1788557833.469804 [DWT] ok=1 cyc=1922679187 cyc_per_ms=800000
1788557834.483555 [HB] up_ms=384776 frames=17391 inf=17391 hazard=2214 canary_err=0 q=0 qovr=0
1788557834.494662 [I2C] init=0 gate=0 whoami=0x201e0 wr=0 wrseen=0x27 addr=0x5a ok=107729 err=0 tmo=0 recov=0 pclk1=200000000 sysclk=400000000
1788557834.496053 [NAK] nacks=0
1788557834.500792 [CLK] cpu=800000000 sysb=400000000 pclk1=200000000
1788557834.505284 [TOF] res=0 step=0 id=0xeacc blk=0xeacc10 ctl=0x0
1788557834.511039 [RNG] init=0 step=99 id=0xeacc boot=1 calls=93 xerr=0 dm=1 tb=15
1788557834.517911 [RNG] osc=41 imp=881 imprb=881 mstart=0x40 cfg=91 cfgfail=0x0 vhv=0 vpolls=0
1788557834.524167 [PRT] calls=69681 xerr=0 ler=1 lidx=0x0 perr=0 maxcnt=17 addr8=0x52
1788557834.528297 [RTY] wr=0 wmax=0 wref=0  rd=0 rmax=0 rref=0
1788557834.536064 [RNG] frames=17393 last=63 min=49 max=76 nrdy=0 dxfer=0 dstat=0 lst=0 nrdyerr=0 dclr=0
1788557834.542177 [DRV] init=0 id=7 mode=0x1 lib=0x2 seq=0x1 odc=0x8b sts=0xe0 armed=1
1788557834.547798 [TRG] pulses=164 suppressed=2050 cyc=1600 rst=1 rstmode=0x40
1788557834.551181 [HLT] polls=347 faults=0x0 cfglost=0
1788557834.557189 [EFF] n=5 last=58512 min=58450 max=58515 late=0 stuck=0 rderr=0
1788557834.567175 [IMU] init=0 addr=0x68 who=0x68 rst=1 pmrb0=0x40 pmrb=0x1 sr=19 cfg=4 gcfg=0x0 acfg=0x8 icfg=0x30 ien=0x1 armed=1
1788557834.572544 [ACC] reads=17395 stale=17374 rderr=0 ax=60 ay=-65 az=1126
1788557834.575180 [PWR] pm=0x1 drift=0 rderr=0
1788557834.579180 [DWT] ok=1 cyc=2804278947 cyc_per_ms=799999
1788557835.592294 [HB] up_ms=385878 frames=17441 inf=17441 hazard=2255 canary_err=0 q=0 qovr=0
1788557835.603416 [I2C] init=0 gate=0 whoami=0x201e0 wr=0 wrseen=0x27 addr=0x5a ok=108031 err=0 tmo=0 recov=0 pclk1=200000000 sysclk=400000000
1788557835.604824 [NAK] nacks=0
1788557835.609533 [CLK] cpu=800000000 sysb=400000000 pclk1=200000000
1788557835.614038 [TOF] res=0 step=0 id=0xeacc blk=0xeacc10 ctl=0x0
1788557835.619904 [RNG] init=0 step=99 id=0xeacc boot=1 calls=93 xerr=0 dm=1 tb=15
1788557835.626779 [RNG] osc=41 imp=881 imprb=881 mstart=0x40 cfg=91 cfgfail=0x0 vhv=0 vpolls=0
1788557835.633052 [PRT] calls=69881 xerr=0 ler=1 lidx=0x0 perr=0 maxcnt=17 addr8=0x52
1788557835.637042 [RTY] wr=0 wmax=0 wref=0  rd=0 rmax=0 rref=0
1788557835.644789 [RNG] frames=17443 last=61 min=49 max=76 nrdy=0 dxfer=0 dstat=0 lst=0 nrdyerr=0 dclr=0
1788557835.651039 [DRV] init=0 id=7 mode=0x1 lib=0x2 seq=0x1 odc=0x8b sts=0xe0 armed=1
1788557835.656664 [TRG] pulses=167 suppressed=2088 cyc=1600 rst=1 rstmode=0x40
1788557835.660039 [HLT] polls=348 faults=0x0 cfglost=0
1788557835.665795 [EFF] n=5 last=58512 min=58450 max=58515 late=0 stuck=0 rderr=0
1788557835.675915 [IMU] init=0 addr=0x68 who=0x68 rst=1 pmrb0=0x40 pmrb=0x1 sr=19 cfg=4 gcfg=0x0 acfg=0x8 icfg=0x30 ien=0x1 armed=1
1788557835.681410 [ACC] reads=17444 stale=17423 rderr=0 ax=59 ay=-62 az=1127
1788557835.684050 [PWR] pm=0x1 drift=0 rderr=0
1788557835.687923 [DWT] ok=1 cyc=3685906927 cyc_per_ms=800025
1788557836.701411 [HB] up_ms=386980 frames=17490 inf=17490 hazard=2255 canary_err=0 q=0 qovr=0
1788557836.712538 [I2C] init=0 gate=0 whoami=0x201e0 wr=0 wrseen=0x27 addr=0x5a ok=108333 err=0 tmo=0 recov=0 pclk1=200000000 sysclk=400000000
1788557836.713902 [NAK] nacks=0
1788557836.718523 [CLK] cpu=800000000 sysb=400000000 pclk1=200000000
1788557836.723178 [TOF] res=0 step=0 id=0xeacc blk=0xeacc10 ctl=0x0
1788557836.728895 [RNG] init=0 step=99 id=0xeacc boot=1 calls=93 xerr=0 dm=1 tb=15
1788557836.735900 [RNG] osc=41 imp=881 imprb=881 mstart=0x40 cfg=91 cfgfail=0x0 vhv=0 vpolls=0
1788557836.742038 [PRT] calls=70081 xerr=0 ler=1 lidx=0x0 perr=0 maxcnt=17 addr8=0x52
1788557836.746158 [RTY] wr=0 wmax=0 wref=0  rd=0 rmax=0 rref=0
1788557836.753902 [RNG] frames=17493 last=58 min=49 max=76 nrdy=0 dxfer=0 dstat=0 lst=0 nrdyerr=0 dclr=0
1788557836.760149 [DRV] init=0 id=7 mode=0x1 lib=0x2 seq=0x1 odc=0x8b sts=0xe0 armed=1
1788557836.765652 [TRG] pulses=167 suppressed=2088 cyc=1600 rst=1 rstmode=0x40
1788557836.769151 [HLT] polls=349 faults=0x0 cfglost=0
1788557836.774904 [EFF] n=5 last=58512 min=58450 max=58515 late=0 stuck=0 rderr=0
1788557836.785028 [IMU] init=0 addr=0x68 who=0x68 rst=1 pmrb0=0x40 pmrb=0x1 sr=19 cfg=4 gcfg=0x0 acfg=0x8 icfg=0x30 ien=0x1 armed=1
1788557836.790527 [ACC] reads=17494 stale=17473 rderr=0 ax=57 ay=-62 az=1126
1788557836.793158 [PWR] pm=0x1 drift=0 rderr=0
1788557836.797022 [DWT] ok=1 cyc=272646573 cyc_per_ms=800097
1788557837.810530 [HB] up_ms=388082 frames=17540 inf=17540 hazard=2255 canary_err=0 q=0 qovr=0
1788557837.821672 [I2C] init=0 gate=0 whoami=0x201e0 wr=0 wrseen=0x27 addr=0x5a ok=108635 err=0 tmo=0 recov=0 pclk1=200000000 sysclk=400000000
1788557837.823024 [NAK] nacks=0
1788557837.827644 [CLK] cpu=800000000 sysb=400000000 pclk1=200000000
1788557837.832268 [TOF] res=0 step=0 id=0xeacc blk=0xeacc10 ctl=0x0
1788557837.838159 [RNG] init=0 step=99 id=0xeacc boot=1 calls=93 xerr=0 dm=1 tb=15
1788557837.845022 [RNG] osc=41 imp=881 imprb=881 mstart=0x40 cfg=91 cfgfail=0x0 vhv=0 vpolls=0
1788557837.851022 [PRT] calls=70281 xerr=0 ler=1 lidx=0x0 perr=0 maxcnt=17 addr8=0x52
1788557837.855263 [RTY] wr=0 wmax=0 wref=0  rd=0 rmax=0 rref=0
1788557837.863024 [RNG] frames=17542 last=63 min=49 max=76 nrdy=0 dxfer=0 dstat=0 lst=0 nrdyerr=0 dclr=0
1788557837.869271 [DRV] init=0 id=7 mode=0x1 lib=0x2 seq=0x1 odc=0x8b sts=0xe0 armed=1
1788557837.874774 [TRG] pulses=167 suppressed=2088 cyc=1600 rst=1 rstmode=0x40
1788557837.878157 [HLT] polls=350 faults=0x0 cfglost=0
1788557837.884024 [EFF] n=5 last=58512 min=58450 max=58515 late=0 stuck=0 rderr=0
1788557837.894171 [IMU] init=0 addr=0x68 who=0x68 rst=1 pmrb0=0x40 pmrb=0x1 sr=19 cfg=4 gcfg=0x0 acfg=0x8 icfg=0x30 ien=0x1 armed=1
1788557837.899403 [ACC] reads=17544 stale=17523 rderr=0 ax=60 ay=-62 az=1126
1788557837.902154 [PWR] pm=0x1 drift=0 rderr=0
1788557837.906172 [DWT] ok=1 cyc=1154233783 cyc_per_ms=799988
1788557838.920651 [HB] up_ms=389185 frames=17590 inf=17590 hazard=2255 canary_err=0 q=0 qovr=0
1788557838.931932 [I2C] init=0 gate=0 whoami=0x201e0 wr=0 wrseen=0x27 addr=0x5a ok=108933 err=0 tmo=0 recov=0 pclk1=200000000 sysclk=400000000
1788557838.933296 [NAK] nacks=0
1788557838.937890 [CLK] cpu=800000000 sysb=400000000 pclk1=200000000
1788557838.942386 [TOF] res=0 step=0 id=0xeacc blk=0xeacc10 ctl=0x0
1788557838.948452 [RNG] init=0 step=99 id=0xeacc boot=1 calls=93 xerr=0 dm=1 tb=15
1788557838.955261 [RNG] osc=41 imp=881 imprb=881 mstart=0x40 cfg=91 cfgfail=0x0 vhv=0 vpolls=0
1788557838.961385 [PRT] calls=70481 xerr=0 ler=1 lidx=0x0 perr=0 maxcnt=17 addr8=0x52
1788557838.965422 [RTY] wr=0 wmax=0 wref=0  rd=0 rmax=0 rref=0
1788557838.973381 [RNG] frames=17592 last=61 min=49 max=76 nrdy=0 dxfer=0 dstat=0 lst=0 nrdyerr=0 dclr=0
1788557838.979515 [DRV] init=0 id=7 mode=0x1 lib=0x2 seq=0x1 odc=0x8b sts=0xe0 armed=1
1788557838.985021 [TRG] pulses=167 suppressed=2088 cyc=1600 rst=1 rstmode=0x40
1788557838.988394 [HLT] polls=351 faults=0x0 cfglost=0
1788557838.994263 [EFF] n=5 last=58512 min=58450 max=58515 late=0 stuck=0 rderr=0
1788557839.004385 [IMU] init=0 addr=0x68 who=0x68 rst=1 pmrb0=0x40 pmrb=0x1 sr=19 cfg=4 gcfg=0x0 acfg=0x8 icfg=0x30 ien=0x1 armed=1
1788557839.009751 [ACC] reads=17594 stale=17573 rderr=0 ax=59 ay=-65 az=1125
1788557839.012381 [PWR] pm=0x1 drift=0 rderr=0
1788557839.016510 [DWT] ok=1 cyc=2036511483 cyc_per_ms=799889
1788557840.031180 [HB] up_ms=390288 frames=17640 inf=17640 hazard=2255 canary_err=0 q=0 qovr=0
1788557840.042369 [I2C] init=0 gate=0 whoami=0x201e0 wr=0 wrseen=0x27 addr=0x5a ok=109233 err=0 tmo=0 recov=0 pclk1=200000000 sysclk=400000000
1788557840.043759 [NAK] nacks=0
1788557840.048245 [CLK] cpu=800000000 sysb=400000000 pclk1=200000000
1788557840.052745 [TOF] res=0 step=0 id=0xeacc blk=0xeacc10 ctl=0x0
1788557840.058759 [RNG] init=0 step=99 id=0xeacc boot=1 calls=93 xerr=0 dm=1 tb=15
1788557840.065630 [RNG] osc=41 imp=881 imprb=881 mstart=0x40 cfg=91 cfgfail=0x0 vhv=0 vpolls=0
1788557840.071758 [PRT] calls=70681 xerr=0 ler=1 lidx=0x0 perr=0 maxcnt=17 addr8=0x52
1788557840.075869 [RTY] wr=0 wmax=0 wref=0  rd=0 rmax=0 rref=0
1788557840.083749 [RNG] frames=17642 last=61 min=49 max=76 nrdy=0 dxfer=0 dstat=0 lst=0 nrdyerr=0 dclr=0
1788557840.089870 [DRV] init=0 id=7 mode=0x1 lib=0x2 seq=0x1 odc=0x8b sts=0xe0 armed=1
1788557840.095393 [TRG] pulses=167 suppressed=2088 cyc=1600 rst=1 rstmode=0x40
1788557840.098757 [HLT] polls=352 faults=0x0 cfglost=0
1788557840.104624 [EFF] n=5 last=58512 min=58450 max=58515 late=0 stuck=0 rderr=0
1788557840.114875 [IMU] init=0 addr=0x68 who=0x68 rst=1 pmrb0=0x40 pmrb=0x1 sr=19 cfg=4 gcfg=0x0 acfg=0x8 icfg=0x30 ien=0x1 armed=1
1788557840.120145 [ACC] reads=17644 stale=17623 rderr=0 ax=58 ay=-64 az=1128
1788557840.122758 [PWR] pm=0x1 drift=0 rderr=0
1788557840.126880 [DWT] ok=1 cyc=2918911327 cyc_per_ms=799999
1788557841.141500 [HB] up_ms=391391 frames=17690 inf=17690 hazard=2255 canary_err=0 q=0 qovr=0
1788557841.152743 [I2C] init=0 gate=0 whoami=0x201e0 wr=0 wrseen=0x27 addr=0x5a ok=109535 err=0 tmo=0 recov=0 pclk1=200000000 sysclk=400000000
1788557841.154132 [NAK] nacks=0
1788557841.158611 [CLK] cpu=800000000 sysb=400000000 pclk1=200000000
1788557841.163154 [TOF] res=0 step=0 id=0xeacc blk=0xeacc10 ctl=0x0
1788557841.169139 [RNG] init=0 step=99 id=0xeacc boot=1 calls=93 xerr=0 dm=1 tb=15
1788557841.175985 [RNG] osc=41 imp=881 imprb=881 mstart=0x40 cfg=91 cfgfail=0x0 vhv=0 vpolls=0
1788557841.182149 [PRT] calls=70881 xerr=0 ler=1 lidx=0x0 perr=0 maxcnt=17 addr8=0x52
1788557841.186253 [RTY] wr=0 wmax=0 wref=0  rd=0 rmax=0 rref=0
1788557841.194134 [RNG] frames=17692 last=64 min=49 max=76 nrdy=0 dxfer=0 dstat=0 lst=0 nrdyerr=0 dclr=0
1788557841.200362 [DRV] init=0 id=7 mode=0x1 lib=0x2 seq=0x1 odc=0x8b sts=0xe0 armed=1
1788557841.205748 [TRG] pulses=167 suppressed=2088 cyc=1600 rst=1 rstmode=0x40
1788557841.209137 [HLT] polls=353 faults=0x0 cfglost=0
1788557841.214985 [EFF] n=5 last=58512 min=58450 max=58515 late=0 stuck=0 rderr=0
1788557841.225240 [IMU] init=0 addr=0x68 who=0x68 rst=1 pmrb0=0x40 pmrb=0x1 sr=19 cfg=4 gcfg=0x0 acfg=0x8 icfg=0x30 ien=0x1 armed=1
1788557841.230492 [ACC] reads=17694 stale=17673 rderr=0 ax=60 ay=-66 az=1126
1788557841.233138 [PWR] pm=0x1 drift=0 rderr=0
1788557841.237127 [DWT] ok=1 cyc=3801311511 cyc_per_ms=800000
1788557842.250495 [HB] up_ms=392493 frames=17740 inf=17740 hazard=2275 canary_err=0 q=0 qovr=0
1788557842.261730 [I2C] init=0 gate=0 whoami=0x201e0 wr=0 wrseen=0x27 addr=0x5a ok=109837 err=0 tmo=0 recov=0 pclk1=200000000 sysclk=400000000
1788557842.263133 [NAK] nacks=0
1788557842.267602 [CLK] cpu=800000000 sysb=400000000 pclk1=200000000
1788557842.272127 [TOF] res=0 step=0 id=0xeacc blk=0xeacc10 ctl=0x0
1788557842.277979 [RNG] init=0 step=99 id=0xeacc boot=1 calls=93 xerr=0 dm=1 tb=15
1788557842.284985 [RNG] osc=41 imp=881 imprb=881 mstart=0x40 cfg=91 cfgfail=0x0 vhv=0 vpolls=0
1788557842.291140 [PRT] calls=71081 xerr=0 ler=1 lidx=0x0 perr=0 maxcnt=17 addr8=0x52
1788557842.295143 [RTY] wr=0 wmax=0 wref=0  rd=0 rmax=0 rref=0
1788557842.302986 [RNG] frames=17742 last=63 min=49 max=76 nrdy=0 dxfer=0 dstat=0 lst=0 nrdyerr=0 dclr=0
1788557842.309229 [DRV] init=0 id=7 mode=0x1 lib=0x2 seq=0x1 odc=0x8b sts=0xe0 armed=1
1788557842.314733 [TRG] pulses=169 suppressed=2109 cyc=1600 rst=1 rstmode=0x40
1788557842.318132 [HLT] polls=354 faults=0x0 cfglost=0
1788557842.323861 [EFF] n=5 last=58512 min=58450 max=58515 late=0 stuck=0 rderr=0
1788557842.334149 [IMU] init=0 addr=0x68 who=0x68 rst=1 pmrb0=0x40 pmrb=0x1 sr=19 cfg=4 gcfg=0x0 acfg=0x8 icfg=0x30 ien=0x1 armed=1
1788557842.339371 [ACC] reads=17744 stale=17723 rderr=0 ax=60 ay=-66 az=1126
1788557842.342134 [PWR] pm=0x1 drift=0 rderr=0
1788557842.345984 [DWT] ok=1 cyc=387947815 cyc_per_ms=800003
1788557843.359491 [HB] up_ms=393595 frames=17790 inf=17790 hazard=2296 canary_err=0 q=0 qovr=0
1788557843.370719 [I2C] init=0 gate=0 whoami=0x201e0 wr=0 wrseen=0x27 addr=0x5a ok=110139 err=0 tmo=0 recov=0 pclk1=200000000 sysclk=400000000
1788557843.372101 [NAK] nacks=0
1788557843.376721 [CLK] cpu=800000000 sysb=400000000 pclk1=200000000
1788557843.381226 [TOF] res=0 step=0 id=0xeacc blk=0xeacc10 ctl=0x0
1788557843.386972 [RNG] init=0 step=99 id=0xeacc boot=1 calls=93 xerr=0 dm=1 tb=15
1788557843.394113 [RNG] osc=41 imp=881 imprb=881 mstart=0x40 cfg=91 cfgfail=0x0 vhv=0 vpolls=0
1788557843.400113 [PRT] calls=71281 xerr=0 ler=1 lidx=0x0 perr=0 maxcnt=17 addr8=0x52
1788557843.404219 [RTY] wr=0 wmax=0 wref=0  rd=0 rmax=0 rref=0
1788557843.411976 [RNG] frames=17792 last=62 min=49 max=76 nrdy=0 dxfer=0 dstat=0 lst=0 nrdyerr=0 dclr=0
1788557843.418355 [DRV] init=0 id=7 mode=0x1 lib=0x2 seq=0x1 odc=0x8b sts=0xe0 armed=1
1788557843.423864 [TRG] pulses=170 suppressed=2126 cyc=1600 rst=1 rstmode=0x40
1788557843.427138 [HLT] polls=355 faults=0x0 cfglost=0
1788557843.432849 [EFF] n=5 last=58512 min=58450 max=58515 late=0 stuck=0 rderr=0
1788557843.443223 [IMU] init=0 addr=0x68 who=0x68 rst=1 pmrb0=0x40 pmrb=0x1 sr=19 cfg=4 gcfg=0x0 acfg=0x8 icfg=0x30 ien=0x1 armed=1
1788557843.448477 [ACC] reads=17794 stale=17773 rderr=0 ax=60 ay=-66 az=1127
1788557843.451125 [PWR] pm=0x1 drift=0 rderr=0
1788557843.455127 [DWT] ok=1 cyc=1269544067 cyc_per_ms=799996
1788557844.469598 [HB] up_ms=394697 frames=17840 inf=17840 hazard=2296 canary_err=0 q=0 qovr=0
1788557844.480849 [I2C] init=0 gate=0 whoami=0x201e0 wr=0 wrseen=0x27 addr=0x5a ok=110441 err=0 tmo=0 recov=0 pclk1=200000000 sysclk=400000000
1788557844.482291 [NAK] nacks=0
1788557844.486847 [CLK] cpu=800000000 sysb=400000000 pclk1=200000000
1788557844.491341 [TOF] res=0 step=0 id=0xeacc blk=0xeacc10 ctl=0x0
1788557844.497209 [RNG] init=0 step=99 id=0xeacc boot=1 calls=93 xerr=0 dm=1 tb=15
1788557844.504215 [RNG] osc=41 imp=881 imprb=881 mstart=0x40 cfg=91 cfgfail=0x0 vhv=0 vpolls=0
1788557844.510362 [PRT] calls=71481 xerr=0 ler=1 lidx=0x0 perr=0 maxcnt=17 addr8=0x52
1788557844.514470 [RTY] wr=0 wmax=0 wref=0  rd=0 rmax=0 rref=0
1788557844.522218 [RNG] frames=17842 last=64 min=49 max=76 nrdy=0 dxfer=0 dstat=0 lst=0 nrdyerr=0 dclr=0
1788557844.528597 [DRV] init=0 id=7 mode=0x1 lib=0x2 seq=0x1 odc=0x8b sts=0xe0 armed=1
1788557844.534155 [TRG] pulses=170 suppressed=2126 cyc=1600 rst=1 rstmode=0x40
1788557844.537353 [HLT] polls=356 faults=0x0 cfglost=0
1788557844.543105 [EFF] n=5 last=58512 min=58450 max=58515 late=0 stuck=0 rderr=0
1788557844.553466 [IMU] init=0 addr=0x68 who=0x68 rst=1 pmrb0=0x40 pmrb=0x1 sr=19 cfg=4 gcfg=0x0 acfg=0x8 icfg=0x30 ien=0x1 armed=1
1788557844.558718 [ACC] reads=17844 stale=17823 rderr=0 ax=59 ay=-67 az=1125
1788557844.561586 [PWR] pm=0x1 drift=0 rderr=0
1788557844.565344 [DWT] ok=1 cyc=2151144243 cyc_per_ms=800000
1788557845.579978 [HB] up_ms=395799 frames=17890 inf=17890 hazard=2296 canary_err=0 q=0 qovr=0
1788557845.591106 [I2C] init=0 gate=0 whoami=0x201e0 wr=0 wrseen=0x27 addr=0x5a ok=110743 err=0 tmo=0 recov=0 pclk1=200000000 sysclk=400000000
1788557845.592495 [NAK] nacks=0
1788557845.597103 [CLK] cpu=800000000 sysb=400000000 pclk1=200000000
1788557845.601580 [TOF] res=0 step=0 id=0xeacc blk=0xeacc10 ctl=0x0
1788557845.607462 [RNG] init=0 step=99 id=0xeacc boot=1 calls=93 xerr=0 dm=1 tb=15
1788557845.614334 [RNG] osc=41 imp=881 imprb=881 mstart=0x40 cfg=91 cfgfail=0x0 vhv=0 vpolls=0
1788557845.620586 [PRT] calls=71677 xerr=0 ler=1 lidx=0x0 perr=0 maxcnt=17 addr8=0x52
1788557845.624704 [RTY] wr=0 wmax=0 wref=0  rd=0 rmax=0 rref=0
1788557845.632453 [RNG] frames=17892 last=65 min=49 max=76 nrdy=0 dxfer=0 dstat=0 lst=0 nrdyerr=0 dclr=0
1788557845.638712 [DRV] init=0 id=7 mode=0x1 lib=0x2 seq=0x1 odc=0x8b sts=0xe0 armed=1
1788557845.644221 [TRG] pulses=170 suppressed=2126 cyc=1600 rst=1 rstmode=0x40
1788557845.647601 [HLT] polls=357 faults=0x0 cfglost=0
1788557845.653345 [EFF] n=5 last=58512 min=58450 max=58515 late=0 stuck=0 rderr=0
1788557845.663709 [IMU] init=0 addr=0x68 who=0x68 rst=1 pmrb0=0x40 pmrb=0x1 sr=19 cfg=4 gcfg=0x0 acfg=0x8 icfg=0x30 ien=0x1 armed=1
1788557845.668956 [ACC] reads=17894 stale=17873 rderr=0 ax=59 ay=-64 az=1126
1788557845.671577 [PWR] pm=0x1 drift=0 rderr=0
1788557845.675588 [DWT] ok=1 cyc=3032744071 cyc_per_ms=799999
1788557846.689975 [HB] up_ms=396901 frames=17940 inf=17940 hazard=2296 canary_err=0 q=0 qovr=0
1788557846.701101 [I2C] init=0 gate=0 whoami=0x201e0 wr=0 wrseen=0x27 addr=0x5a ok=111045 err=0 tmo=0 recov=0 pclk1=200000000 sysclk=400000000
1788557846.702468 [NAK] nacks=0
1788557846.707217 [CLK] cpu=800000000 sysb=400000000 pclk1=200000000
1788557846.711702 [TOF] res=0 step=0 id=0xeacc blk=0xeacc10 ctl=0x0
1788557846.717572 [RNG] init=0 step=99 id=0xeacc boot=1 calls=93 xerr=0 dm=1 tb=15
1788557846.724446 [RNG] osc=41 imp=881 imprb=881 mstart=0x40 cfg=91 cfgfail=0x0 vhv=0 vpolls=0
1788557846.730706 [PRT] calls=71877 xerr=0 ler=1 lidx=0x0 perr=0 maxcnt=17 addr8=0x52
1788557846.734827 [RTY] wr=0 wmax=0 wref=0  rd=0 rmax=0 rref=0
1788557846.742568 [RNG] frames=17942 last=63 min=49 max=76 nrdy=0 dxfer=0 dstat=0 lst=0 nrdyerr=0 dclr=0
1788557846.748714 [DRV] init=0 id=7 mode=0x1 lib=0x2 seq=0x1 odc=0x8b sts=0xe0 armed=1
1788557846.754330 [TRG] pulses=170 suppressed=2126 cyc=1600 rst=1 rstmode=0x40
1788557846.757697 [HLT] polls=358 faults=0x0 cfglost=0
1788557846.763466 [EFF] n=5 last=58512 min=58450 max=58515 late=0 stuck=0 rderr=0
1788557846.773700 [IMU] init=0 addr=0x68 who=0x68 rst=1 pmrb0=0x40 pmrb=0x1 sr=19 cfg=4 gcfg=0x0 acfg=0x8 icfg=0x30 ien=0x1 armed=1
1788557846.779104 [ACC] reads=17944 stale=17923 rderr=0 ax=58 ay=-63 az=1125
1788557846.781823 [PWR] pm=0x1 drift=0 rderr=0
1788557846.785696 [DWT] ok=1 cyc=3914344227 cyc_per_ms=800000
1788557847.800457 [HB] up_ms=398003 frames=17989 inf=17989 hazard=2296 canary_err=0 q=0 qovr=0
1788557847.811564 [I2C] init=0 gate=0 whoami=0x201e0 wr=0 wrseen=0x27 addr=0x5a ok=111347 err=0 tmo=0 recov=0 pclk1=200000000 sysclk=400000000
1788557847.812955 [NAK] nacks=0
1788557847.817560 [CLK] cpu=800000000 sysb=400000000 pclk1=200000000
1788557847.822200 [TOF] res=0 step=0 id=0xeacc blk=0xeacc10 ctl=0x0
1788557847.827940 [RNG] init=0 step=99 id=0xeacc boot=1 calls=93 xerr=0 dm=1 tb=15
1788557847.834821 [RNG] osc=41 imp=881 imprb=881 mstart=0x40 cfg=91 cfgfail=0x0 vhv=0 vpolls=0
1788557847.841071 [PRT] calls=72077 xerr=0 ler=1 lidx=0x0 perr=0 maxcnt=17 addr8=0x52
1788557847.845197 [RTY] wr=0 wmax=0 wref=0  rd=0 rmax=0 rref=0
1788557847.852951 [RNG] frames=17992 last=65 min=49 max=76 nrdy=0 dxfer=0 dstat=0 lst=0 nrdyerr=0 dclr=0
1788557847.859195 [DRV] init=0 id=7 mode=0x1 lib=0x2 seq=0x1 odc=0x8b sts=0xe0 armed=1
1788557847.864822 [TRG] pulses=170 suppressed=2126 cyc=1600 rst=1 rstmode=0x40
1788557847.868182 [HLT] polls=359 faults=0x0 cfglost=0
1788557847.873949 [EFF] n=5 last=58512 min=58450 max=58515 late=0 stuck=0 rderr=0
1788557847.884069 [IMU] init=0 addr=0x68 who=0x68 rst=1 pmrb0=0x40 pmrb=0x1 sr=19 cfg=4 gcfg=0x0 acfg=0x8 icfg=0x30 ien=0x1 armed=1
1788557847.889591 [ACC] reads=17993 stale=17972 rderr=0 ax=61 ay=-65 az=1125
1788557847.892191 [PWR] pm=0x1 drift=0 rderr=0
1788557847.896064 [DWT] ok=1 cyc=501110793 cyc_per_ms=800121
1788557848.909574 [HB] up_ms=399105 frames=18039 inf=18039 hazard=2296 canary_err=0 q=0 qovr=0
1788557848.920695 [I2C] init=0 gate=0 whoami=0x201e0 wr=0 wrseen=0x27 addr=0x5a ok=111649 err=0 tmo=0 recov=0 pclk1=200000000 sysclk=400000000
1788557848.932298 [NAK] nacks=0
1788557848.932383 [CLK] cpu=800000000 sysb=400000000 pclk1=200000000
1788557848.932456 [TOF] res=0 step=0 id=0xeacc blk=0xeacc10 ctl=0x0
1788557848.937185 [RNG] init=0 step=99 id=0xeacc boot=1 calls=93 xerr=0 dm=1 tb=15
1788557848.944064 [RNG] osc=41 imp=881 imprb=881 mstart=0x40 cfg=91 cfgfail=0x0 vhv=0 vpolls=0
1788557848.950064 [PRT] calls=72277 xerr=0 ler=1 lidx=0x0 perr=0 maxcnt=17 addr8=0x52
1788557848.954307 [RTY] wr=0 wmax=0 wref=0  rd=0 rmax=0 rref=0
1788557848.962188 [RNG] frames=18042 last=58 min=49 max=76 nrdy=0 dxfer=0 dstat=0 lst=0 nrdyerr=0 dclr=0
1788557848.968306 [DRV] init=0 id=7 mode=0x1 lib=0x2 seq=0x1 odc=0x8b sts=0xe0 armed=1
1788557848.973807 [TRG] pulses=171 suppressed=2127 cyc=1600 rst=1 rstmode=0x40
1788557848.977306 [HLT] polls=360 faults=0x0 cfglost=0
1788557848.983063 [EFF] n=5 last=58512 min=58450 max=58515 late=0 stuck=0 rderr=0
1788557848.993193 [IMU] init=0 addr=0x68 who=0x68 rst=1 pmrb0=0x40 pmrb=0x1 sr=19 cfg=4 gcfg=0x0 acfg=0x8 icfg=0x30 ien=0x1 armed=1
1788557848.998566 [ACC] reads=18043 stale=18021 rderr=0 ax=62 ay=-66 az=1128
1788557849.001318 [PWR] pm=0x1 drift=0 rderr=0
1788557849.005307 [DWT] ok=1 cyc=1382717685 cyc_per_ms=800006
1788557850.020058 [HB] up_ms=400208 frames=18089 inf=18089 hazard=2337 canary_err=0 q=0 qovr=0
1788557850.031186 [I2C] init=0 gate=0 whoami=0x201e0 wr=0 wrseen=0x27 addr=0x5a ok=111950 err=0 tmo=0 recov=0 pclk1=200000000 sysclk=400000000
1788557850.032553 [NAK] nacks=0
1788557850.037174 [CLK] cpu=800000000 sysb=400000000 pclk1=200000000
1788557850.041670 [TOF] res=0 step=0 id=0xeacc blk=0xeacc10 ctl=0x0
1788557850.047683 [RNG] init=0 step=99 id=0xeacc boot=1 calls=93 xerr=0 dm=1 tb=15
1788557850.054558 [RNG] osc=41 imp=881 imprb=881 mstart=0x40 cfg=91 cfgfail=0x0 vhv=0 vpolls=0
1788557850.060558 [PRT] calls=72477 xerr=0 ler=1 lidx=0x0 perr=0 maxcnt=17 addr8=0x52
1788557850.064680 [RTY] wr=0 wmax=0 wref=0  rd=0 rmax=0 rref=0
1788557850.072549 [RNG] frames=18091 last=60 min=49 max=76 nrdy=0 dxfer=0 dstat=0 lst=0 nrdyerr=0 dclr=0
1788557850.078798 [DRV] init=0 id=7 mode=0x1 lib=0x2 seq=0x1 odc=0x8b sts=0xe0 armed=1
1788557850.084305 [TRG] pulses=173 suppressed=2164 cyc=1600 rst=1 rstmode=0x40
1788557850.087675 [HLT] polls=361 faults=0x0 cfglost=0
1788557850.093545 [EFF] n=5 last=58512 min=58450 max=58515 late=0 stuck=0 rderr=0
1788557850.103672 [IMU] init=0 addr=0x68 who=0x68 rst=1 pmrb0=0x40 pmrb=0x1 sr=19 cfg=4 gcfg=0x0 acfg=0x8 icfg=0x30 ien=0x1 armed=1
1788557850.108934 [ACC] reads=18093 stale=18071 rderr=0 ax=60 ay=-65 az=1125
1788557850.111669 [PWR] pm=0x1 drift=0 rderr=0
1788557850.115804 [DWT] ok=1 cyc=2265047075 cyc_per_ms=799935
1788557851.130938 [HB] up_ms=401311 frames=18139 inf=18139 hazard=2337 canary_err=0 q=0 qovr=0
1788557851.142169 [I2C] init=0 gate=0 whoami=0x201e0 wr=0 wrseen=0x27 addr=0x5a ok=112247 err=0 tmo=0 recov=0 pclk1=200000000 sysclk=400000000
1788557851.143540 [NAK] nacks=0
1788557851.148177 [CLK] cpu=800000000 sysb=400000000 pclk1=200000000
1788557851.152668 [TOF] res=0 step=0 id=0xeacc blk=0xeacc10 ctl=0x0
1788557851.158666 [RNG] init=0 step=99 id=0xeacc boot=1 calls=93 xerr=0 dm=1 tb=15
1788557851.165542 [RNG] osc=41 imp=881 imprb=881 mstart=0x40 cfg=91 cfgfail=0x0 vhv=0 vpolls=0
1788557851.171670 [PRT] calls=72677 xerr=0 ler=1 lidx=0x0 perr=0 maxcnt=17 addr8=0x52
1788557851.175665 [RTY] wr=0 wmax=0 wref=0  rd=0 rmax=0 rref=0
1788557851.183676 [RNG] frames=18141 last=64 min=49 max=76 nrdy=0 dxfer=0 dstat=0 lst=0 nrdyerr=0 dclr=0
1788557851.189916 [DRV] init=0 id=7 mode=0x1 lib=0x2 seq=0x1 odc=0x8b sts=0xe0 armed=1
1788557851.195291 [TRG] pulses=173 suppressed=2164 cyc=1600 rst=1 rstmode=0x40
1788557851.198676 [HLT] polls=362 faults=0x0 cfglost=0
1788557851.204678 [EFF] n=5 last=58512 min=58450 max=58515 late=0 stuck=0 rderr=0
1788557851.214789 [IMU] init=0 addr=0x68 who=0x68 rst=1 pmrb0=0x40 pmrb=0x1 sr=19 cfg=4 gcfg=0x0 acfg=0x8 icfg=0x30 ien=0x1 armed=1
1788557851.220040 [ACC] reads=18143 stale=18121 rderr=0 ax=60 ay=-64 az=1126
1788557851.222790 [PWR] pm=0x1 drift=0 rderr=0
1788557851.226916 [DWT] ok=1 cyc=3147376999 cyc_per_ms=799936
1788557852.242807 [HB] up_ms=402414 frames=18189 inf=18189 hazard=2337 canary_err=0 q=0 qovr=0
1788557852.254197 [I2C] init=0 gate=0 whoami=0x201e0 wr=0 wrseen=0x27 addr=0x5a ok=112549 err=0 tmo=0 recov=0 pclk1=200000000 sysclk=400000000
1788557852.255415 [NAK] nacks=0
1788557852.260034 [CLK] cpu=800000000 sysb=400000000 pclk1=200000000
1788557852.264545 [TOF] res=0 step=0 id=0xeacc blk=0xeacc10 ctl=0x0
1788557852.270560 [RNG] init=0 step=99 id=0xeacc boot=1 calls=93 xerr=0 dm=1 tb=15
1788557852.277412 [RNG] osc=41 imp=881 imprb=881 mstart=0x40 cfg=91 cfgfail=0x0 vhv=0 vpolls=0
1788557852.283532 [PRT] calls=72877 xerr=0 ler=1 lidx=0x0 perr=0 maxcnt=17 addr8=0x52
1788557852.287655 [RTY] wr=0 wmax=0 wref=0  rd=0 rmax=0 rref=0
1788557852.295528 [RNG] frames=18191 last=62 min=49 max=76 nrdy=0 dxfer=0 dstat=0 lst=0 nrdyerr=0 dclr=0
1788557852.301782 [DRV] init=0 id=7 mode=0x1 lib=0x2 seq=0x1 odc=0x8b sts=0xe0 armed=1
1788557852.307314 [TRG] pulses=173 suppressed=2164 cyc=1600 rst=1 rstmode=0x40
1788557852.310530 [HLT] polls=363 faults=0x0 cfglost=0
1788557852.316407 [EFF] n=5 last=58512 min=58450 max=58515 late=0 stuck=0 rderr=0
1788557852.326659 [IMU] init=0 addr=0x68 who=0x68 rst=1 pmrb0=0x40 pmrb=0x1 sr=19 cfg=4 gcfg=0x0 acfg=0x8 icfg=0x30 ien=0x1 armed=1
1788557852.331941 [ACC] reads=18193 stale=18171 rderr=0 ax=58 ay=-65 az=1126
1788557852.334665 [PWR] pm=0x1 drift=0 rderr=0
1788557852.338662 [DWT] ok=1 cyc=4029776887 cyc_per_ms=799999
1788557853.353286 [HB] up_ms=403516 frames=18239 inf=18239 hazard=2337 canary_err=0 q=0 qovr=0
1788557853.364529 [I2C] init=0 gate=0 whoami=0x201e0 wr=0 wrseen=0x27 addr=0x5a ok=112851 err=0 tmo=0 recov=0 pclk1=200000000 sysclk=400000000
1788557853.365902 [NAK] nacks=0
1788557853.370522 [CLK] cpu=800000000 sysb=400000000 pclk1=200000000
1788557853.375033 [TOF] res=0 step=0 id=0xeacc blk=0xeacc10 ctl=0x0
1788557853.380911 [RNG] init=0 step=99 id=0xeacc boot=1 calls=93 xerr=0 dm=1 tb=15
1788557853.387899 [RNG] osc=41 imp=881 imprb=881 mstart=0x40 cfg=91 cfgfail=0x0 vhv=0 vpolls=0
1788557853.394023 [PRT] calls=73077 xerr=0 ler=1 lidx=0x0 perr=0 maxcnt=17 addr8=0x52
1788557853.398020 [RTY] wr=0 wmax=0 wref=0  rd=0 rmax=0 rref=0
1788557853.406022 [RNG] frames=18241 last=64 min=49 max=76 nrdy=0 dxfer=0 dstat=0 lst=0 nrdyerr=0 dclr=0
1788557853.412160 [DRV] init=0 id=7 mode=0x1 lib=0x2 seq=0x1 odc=0x8b sts=0xe0 armed=1
1788557853.417660 [TRG] pulses=173 suppressed=2164 cyc=1600 rst=1 rstmode=0x40
1788557853.421025 [HLT] polls=364 faults=0x0 cfglost=0
1788557853.426778 [EFF] n=5 last=58512 min=58450 max=58515 late=0 stuck=0 rderr=0
1788557853.437174 [IMU] init=0 addr=0x68 who=0x68 rst=1 pmrb0=0x40 pmrb=0x1 sr=19 cfg=4 gcfg=0x0 acfg=0x8 icfg=0x30 ien=0x1 armed=1
1788557853.442410 [ACC] reads=18243 stale=18221 rderr=0 ax=59 ay=-65 az=1126
1788557853.445114 [PWR] pm=0x1 drift=0 rderr=0
1788557853.448943 [DWT] ok=1 cyc=616409487 cyc_per_ms=799999
1788557854.463170 [HB] up_ms=404618 frames=18289 inf=18289 hazard=2337 canary_err=0 q=0 qovr=0
1788557854.474424 [I2C] init=0 gate=0 whoami=0x201e0 wr=0 wrseen=0x27 addr=0x5a ok=113153 err=0 tmo=0 recov=0 pclk1=200000000 sysclk=400000000
1788557854.475778 [NAK] nacks=0
1788557854.480412 [CLK] cpu=800000000 sysb=400000000 pclk1=200000000
1788557854.484912 [TOF] res=0 step=0 id=0xeacc blk=0xeacc10 ctl=0x0
1788557854.490686 [RNG] init=0 step=99 id=0xeacc boot=1 calls=93 xerr=0 dm=1 tb=15
1788557854.497762 [RNG] osc=41 imp=881 imprb=881 mstart=0x40 cfg=91 cfgfail=0x0 vhv=0 vpolls=0
1788557854.503892 [PRT] calls=73277 xerr=0 ler=1 lidx=0x0 perr=0 maxcnt=17 addr8=0x52
1788557854.507888 [RTY] wr=0 wmax=0 wref=0  rd=0 rmax=0 rref=0
1788557854.515659 [RNG] frames=18291 last=64 min=49 max=76 nrdy=0 dxfer=0 dstat=0 lst=0 nrdyerr=0 dclr=0
1788557854.522023 [DRV] init=0 id=7 mode=0x1 lib=0x2 seq=0x1 odc=0x8b sts=0xe0 armed=1
1788557854.527520 [TRG] pulses=173 suppressed=2164 cyc=1600 rst=1 rstmode=0x40
1788557854.530895 [HLT] polls=365 faults=0x0 cfglost=0
1788557854.536646 [EFF] n=5 last=58512 min=58450 max=58515 late=0 stuck=0 rderr=0
1788557854.546906 [IMU] init=0 addr=0x68 who=0x68 rst=1 pmrb0=0x40 pmrb=0x1 sr=19 cfg=4 gcfg=0x0 acfg=0x8 icfg=0x30 ien=0x1 armed=1
1788557854.552279 [ACC] reads=18293 stale=18271 rderr=0 ax=58 ay=-64 az=1125
1788557854.554904 [PWR] pm=0x1 drift=0 rderr=0
1788557854.558895 [DWT] ok=1 cyc=1498009643 cyc_per_ms=800000
1788557855.573153 [HB] up_ms=405720 frames=18339 inf=18339 hazard=2337 canary_err=0 q=0 qovr=0
1788557855.584514 [I2C] init=0 gate=0 whoami=0x201e0 wr=0 wrseen=0x27 addr=0x5a ok=113455 err=0 tmo=0 recov=0 pclk1=200000000 sysclk=400000000
1788557855.585767 [NAK] nacks=0
1788557855.590391 [CLK] cpu=800000000 sysb=400000000 pclk1=200000000
1788557855.594890 [TOF] res=0 step=0 id=0xeacc blk=0xeacc10 ctl=0x0
1788557855.600772 [RNG] init=0 step=99 id=0xeacc boot=1 calls=93 xerr=0 dm=1 tb=15
1788557855.607754 [RNG] osc=41 imp=881 imprb=881 mstart=0x40 cfg=91 cfgfail=0x0 vhv=0 vpolls=0
1788557855.613881 [PRT] calls=73477 xerr=0 ler=1 lidx=0x0 perr=0 maxcnt=17 addr8=0x52
1788557855.618012 [RTY] wr=0 wmax=0 wref=0  rd=0 rmax=0 rref=0
1788557855.625762 [RNG] frames=18341 last=61 min=49 max=76 nrdy=0 dxfer=0 dstat=0 lst=0 nrdyerr=0 dclr=0
1788557855.632172 [DRV] init=0 id=7 mode=0x1 lib=0x2 seq=0x1 odc=0x8b sts=0xe0 armed=1
1788557855.637507 [TRG] pulses=173 suppressed=2164 cyc=1600 rst=1 rstmode=0x40
1788557855.640883 [HLT] polls=366 faults=0x0 cfglost=0
1788557855.646641 [EFF] n=5 last=58512 min=58450 max=58515 late=0 stuck=0 rderr=0
1788557855.657007 [IMU] init=0 addr=0x68 who=0x68 rst=1 pmrb0=0x40 pmrb=0x1 sr=19 cfg=4 gcfg=0x0 acfg=0x8 icfg=0x30 ien=0x1 armed=1
1788557855.662259 [ACC] reads=18343 stale=18321 rderr=0 ax=57 ay=-63 az=1126
1788557855.664886 [PWR] pm=0x1 drift=0 rderr=0
1788557855.668910 [DWT] ok=1 cyc=2379609431 cyc_per_ms=799999
1788557856.683380 [HB] up_ms=406822 frames=18389 inf=18389 hazard=2366 canary_err=0 q=0 qovr=0
1788557856.694633 [I2C] init=0 gate=0 whoami=0x201e0 wr=0 wrseen=0x27 addr=0x5a ok=113757 err=0 tmo=0 recov=0 pclk1=200000000 sysclk=400000000
1788557856.695996 [NAK] nacks=0
1788557856.700623 [CLK] cpu=800000000 sysb=400000000 pclk1=200000000
1788557856.705144 [TOF] res=0 step=0 id=0xeacc blk=0xeacc10 ctl=0x0
1788557856.710889 [RNG] init=0 step=99 id=0xeacc boot=1 calls=93 xerr=0 dm=1 tb=15
1788557856.717873 [RNG] osc=41 imp=881 imprb=881 mstart=0x40 cfg=91 cfgfail=0x0 vhv=0 vpolls=0
1788557856.724146 [PRT] calls=73674 xerr=0 ler=1 lidx=0x0 perr=0 maxcnt=17 addr8=0x52
1788557856.728144 [RTY] wr=0 wmax=0 wref=0  rd=0 rmax=0 rref=0
1788557856.735872 [RNG] frames=18391 last=57 min=49 max=76 nrdy=0 dxfer=0 dstat=0 lst=0 nrdyerr=0 dclr=0
1788557856.742248 [DRV] init=0 id=7 mode=0x1 lib=0x2 seq=0x1 odc=0x8b sts=0xe0 armed=1
1788557856.747758 [TRG] pulses=176 suppressed=2193 cyc=1600 rst=1 rstmode=0x40
1788557856.751163 [HLT] polls=367 faults=0x0 cfglost=0
1788557856.756886 [EFF] n=5 last=58512 min=58450 max=58515 late=0 stuck=0 rderr=0
1788557856.767255 [IMU] init=0 addr=0x68 who=0x68 rst=1 pmrb0=0x40 pmrb=0x1 sr=19 cfg=4 gcfg=0x0 acfg=0x8 icfg=0x30 ien=0x1 armed=1
1788557856.772507 [ACC] reads=18393 stale=18371 rderr=0 ax=63 ay=-61 az=1124
1788557856.775166 [PWR] pm=0x1 drift=0 rderr=0
1788557856.779163 [DWT] ok=1 cyc=3261213575 cyc_per_ms=800003
1788557857.793255 [HB] up_ms=407924 frames=18439 inf=18439 hazard=2378 canary_err=0 q=0 qovr=0
1788557857.804373 [I2C] init=0 gate=0 whoami=0x201e0 wr=0 wrseen=0x27 addr=0x5a ok=114059 err=0 tmo=0 recov=0 pclk1=200000000 sysclk=400000000
1788557857.805738 [NAK] nacks=0
1788557857.810498 [CLK] cpu=800000000 sysb=400000000 pclk1=200000000
1788557857.814994 [TOF] res=0 step=0 id=0xeacc blk=0xeacc10 ctl=0x0
1788557857.820872 [RNG] init=0 step=99 id=0xeacc boot=1 calls=93 xerr=0 dm=1 tb=15
1788557857.827744 [RNG] osc=41 imp=881 imprb=881 mstart=0x40 cfg=91 cfgfail=0x0 vhv=0 vpolls=0
1788557857.834000 [PRT] calls=73873 xerr=0 ler=1 lidx=0x0 perr=0 maxcnt=17 addr8=0x52
1788557857.837998 [RTY] wr=0 wmax=0 wref=0  rd=0 rmax=0 rref=0
1788557857.845744 [RNG] frames=18441 last=61 min=49 max=76 nrdy=0 dxfer=0 dstat=0 lst=0 nrdyerr=0 dclr=0
1788557857.851992 [DRV] init=0 id=7 mode=0x1 lib=0x2 seq=0x1 odc=0x8b sts=0xe0 armed=1
1788557857.857610 [TRG] pulses=176 suppressed=2202 cyc=1600 rst=1 rstmode=0x40
1788557857.860991 [HLT] polls=368 faults=0x0 cfglost=0
1788557857.866743 [EFF] n=5 last=58512 min=58450 max=58515 late=0 stuck=0 rderr=0
1788557857.877033 [IMU] init=0 addr=0x68 who=0x68 rst=1 pmrb0=0x40 pmrb=0x1 sr=19 cfg=4 gcfg=0x0 acfg=0x8 icfg=0x30 ien=0x1 armed=1
1788557857.882370 [ACC] reads=18443 stale=18421 rderr=0 ax=60 ay=-66 az=1126
1788557857.884991 [PWR] pm=0x1 drift=0 rderr=0
1788557857.888993 [DWT] ok=1 cyc=4142809623 cyc_per_ms=799996
1788557858.902798 [HB] up_ms=409026 frames=18489 inf=18489 hazard=2378 canary_err=0 q=0 qovr=0
1788557858.913867 [I2C] init=0 gate=0 whoami=0x201e0 wr=0 wrseen=0x27 addr=0x5a ok=114361 err=0 tmo=0 recov=0 pclk1=200000000 sysclk=400000000
1788557858.915145 [NAK] nacks=0
1788557858.919859 [CLK] cpu=800000000 sysb=400000000 pclk1=200000000
1788557858.924360 [TOF] res=0 step=0 id=0xeacc blk=0xeacc10 ctl=0x0
1788557858.930246 [RNG] init=0 step=99 id=0xeacc boot=1 calls=93 xerr=0 dm=1 tb=15
1788557858.937134 [RNG] osc=41 imp=881 imprb=881 mstart=0x40 cfg=91 cfgfail=0x0 vhv=0 vpolls=0
1788557858.943361 [PRT] calls=74073 xerr=0 ler=1 lidx=0x0 perr=0 maxcnt=17 addr8=0x52
1788557858.947486 [RTY] wr=0 wmax=0 wref=0  rd=0 rmax=0 rref=0
1788557858.955223 [RNG] frames=18491 last=64 min=49 max=76 nrdy=0 dxfer=0 dstat=0 lst=0 nrdyerr=0 dclr=0
1788557858.961481 [DRV] init=0 id=7 mode=0x1 lib=0x2 seq=0x1 odc=0x8b sts=0xe0 armed=1
1788557858.967128 [TRG] pulses=176 suppressed=2202 cyc=1600 rst=1 rstmode=0x40
1788557858.970478 [HLT] polls=369 faults=0x0 cfglost=0
1788557858.976129 [EFF] n=5 last=58512 min=58450 max=58515 late=0 stuck=0 rderr=0
1788557858.986355 [IMU] init=0 addr=0x68 who=0x68 rst=1 pmrb0=0x40 pmrb=0x1 sr=19 cfg=4 gcfg=0x0 acfg=0x8 icfg=0x30 ien=0x1 armed=1
1788557858.991863 [ACC] reads=18492 stale=18470 rderr=0 ax=61 ay=-64 az=1124
1788557858.994482 [PWR] pm=0x1 drift=0 rderr=0
1788557858.998382 [DWT] ok=1 cyc=729470451 cyc_per_ms=800025
1788557860.013477 [HB] up_ms=410128 frames=18538 inf=18538 hazard=2378 canary_err=0 q=0 qovr=0
1788557860.024633 [I2C] init=0 gate=0 whoami=0x201e0 wr=0 wrseen=0x27 addr=0x5a ok=114663 err=0 tmo=0 recov=0 pclk1=200000000 sysclk=400000000
1788557860.026012 [NAK] nacks=0
1788557860.030602 [CLK] cpu=800000000 sysb=400000000 pclk1=200000000
1788557860.035229 [TOF] res=0 step=0 id=0xeacc blk=0xeacc10 ctl=0x0
1788557860.041119 [RNG] init=0 step=99 id=0xeacc boot=1 calls=93 xerr=0 dm=1 tb=15
1788557860.047974 [RNG] osc=41 imp=881 imprb=881 mstart=0x40 cfg=91 cfgfail=0x0 vhv=0 vpolls=0
1788557860.054123 [PRT] calls=74273 xerr=0 ler=1 lidx=0x0 perr=0 maxcnt=17 addr8=0x52
1788557860.058347 [RTY] wr=0 wmax=0 wref=0  rd=0 rmax=0 rref=0
1788557860.066116 [RNG] frames=18541 last=66 min=49 max=76 nrdy=0 dxfer=0 dstat=0 lst=0 nrdyerr=0 dclr=0
1788557860.072351 [DRV] init=0 id=7 mode=0x1 lib=0x2 seq=0x1 odc=0x8b sts=0xe0 armed=1
1788557860.077857 [TRG] pulses=176 suppressed=2202 cyc=1600 rst=1 rstmode=0x40
1788557860.081354 [HLT] polls=370 faults=0x0 cfglost=0
1788557860.087129 [EFF] n=5 last=58512 min=58450 max=58515 late=0 stuck=0 rderr=0
1788557860.097223 [IMU] init=0 addr=0x68 who=0x68 rst=1 pmrb0=0x40 pmrb=0x1 sr=19 cfg=4 gcfg=0x0 acfg=0x8 icfg=0x30 ien=0x1 armed=1
1788557860.102728 [ACC] reads=18542 stale=18520 rderr=0 ax=58 ay=-65 az=1128
1788557860.105350 [PWR] pm=0x1 drift=0 rderr=0
1788557860.109349 [DWT] ok=1 cyc=1611177389 cyc_per_ms=800097
1788557861.125856 [HB] up_ms=411231 frames=18588 inf=18588 hazard=2378 canary_err=0 q=0 qovr=0
1788557861.136963 [I2C] init=0 gate=0 whoami=0x201e0 wr=0 wrseen=0x27 addr=0x5a ok=114965 err=0 tmo=0 recov=0 pclk1=200000000 sysclk=400000000
1788557861.138345 [NAK] nacks=0
1788557861.142837 [CLK] cpu=800000000 sysb=400000000 pclk1=200000000
1788557861.147594 [TOF] res=0 step=0 id=0xeacc blk=0xeacc10 ctl=0x0
1788557861.153463 [RNG] init=0 step=99 id=0xeacc boot=1 calls=93 xerr=0 dm=1 tb=15
1788557861.160341 [RNG] osc=41 imp=881 imprb=881 mstart=0x40 cfg=91 cfgfail=0x0 vhv=0 vpolls=0
1788557861.166338 [PRT] calls=74473 xerr=0 ler=1 lidx=0x0 perr=0 maxcnt=17 addr8=0x52
1788557861.170588 [RTY] wr=0 wmax=0 wref=0  rd=0 rmax=0 rref=0
1788557861.178482 [RNG] frames=18591 last=57 min=49 max=76 nrdy=0 dxfer=0 dstat=0 lst=0 nrdyerr=0 dclr=0
1788557861.184602 [DRV] init=0 id=7 mode=0x1 lib=0x2 seq=0x1 odc=0x8b sts=0xe0 armed=1
1788557861.190128 [TRG] pulses=176 suppressed=2202 cyc=1600 rst=1 rstmode=0x40
1788557861.193594 [HLT] polls=371 faults=0x0 cfglost=0
1788557861.199350 [EFF] n=5 last=58512 min=58450 max=58515 late=0 stuck=0 rderr=0
1788557861.209598 [IMU] init=0 addr=0x68 who=0x68 rst=1 pmrb0=0x40 pmrb=0x1 sr=19 cfg=4 gcfg=0x0 acfg=0x8 icfg=0x30 ien=0x1 armed=1
1788557861.214852 [ACC] reads=18592 stale=18570 rderr=0 ax=61 ay=-64 az=1127
1788557861.217713 [PWR] pm=0x1 drift=0 rderr=0
1788557861.221598 [DWT] ok=1 cyc=2493577137 cyc_per_ms=799999
1788557862.237718 [HB] up_ms=412334 frames=18638 inf=18638 hazard=2378 canary_err=0 q=0 qovr=0
1788557862.248961 [I2C] init=0 gate=0 whoami=0x201e0 wr=0 wrseen=0x27 addr=0x5a ok=115266 err=0 tmo=0 recov=0 pclk1=200000000 sysclk=400000000
1788557862.250209 [NAK] nacks=0
1788557862.254836 [CLK] cpu=800000000 sysb=400000000 pclk1=200000000
1788557862.259458 [TOF] res=0 step=0 id=0xeacc blk=0xeacc10 ctl=0x0
1788557862.265333 [RNG] init=0 step=99 id=0xeacc boot=1 calls=93 xerr=0 dm=1 tb=15
1788557862.272214 [RNG] osc=41 imp=881 imprb=881 mstart=0x40 cfg=91 cfgfail=0x0 vhv=0 vpolls=0
1788557862.278331 [PRT] calls=74673 xerr=0 ler=1 lidx=0x0 perr=0 maxcnt=17 addr8=0x52
1788557862.282460 [RTY] wr=0 wmax=0 wref=0  rd=0 rmax=0 rref=0
1788557862.290335 [RNG] frames=18640 last=67 min=49 max=76 nrdy=0 dxfer=0 dstat=0 lst=0 nrdyerr=0 dclr=0
1788557862.296585 [DRV] init=0 id=7 mode=0x1 lib=0x2 seq=0x1 odc=0x8b sts=0xe0 armed=1
1788557862.302096 [TRG] pulses=176 suppressed=2202 cyc=1600 rst=1 rstmode=0x40
1788557862.305454 [HLT] polls=372 faults=0x0 cfglost=0
1788557862.311325 [EFF] n=5 last=58512 min=58450 max=58515 late=0 stuck=0 rderr=0
1788557862.321454 [IMU] init=0 addr=0x68 who=0x68 rst=1 pmrb0=0x40 pmrb=0x1 sr=19 cfg=4 gcfg=0x0 acfg=0x8 icfg=0x30 ien=0x1 armed=1
1788557862.326842 [ACC] reads=18642 stale=18620 rderr=0 ax=60 ay=-66 az=1125
1788557862.329622 [PWR] pm=0x1 drift=0 rderr=0
1788557862.333592 [DWT] ok=1 cyc=3375912499 cyc_per_ms=799941
1788557863.348841 [HB] up_ms=413437 frames=18688 inf=18688 hazard=2386 canary_err=0 q=0 qovr=0
1788557863.360201 [I2C] init=0 gate=0 whoami=0x201e0 wr=0 wrseen=0x27 addr=0x5a ok=115563 err=0 tmo=0 recov=0 pclk1=200000000 sysclk=400000000
1788557863.361453 [NAK] nacks=0
1788557863.366066 [CLK] cpu=800000000 sysb=400000000 pclk1=200000000
1788557863.370570 [TOF] res=0 step=0 id=0xeacc blk=0xeacc10 ctl=0x0
1788557863.376570 [RNG] init=0 step=99 id=0xeacc boot=1 calls=93 xerr=0 dm=1 tb=15
1788557863.383474 [RNG] osc=41 imp=881 imprb=881 mstart=0x40 cfg=91 cfgfail=0x0 vhv=0 vpolls=0
1788557863.389575 [PRT] calls=74873 xerr=0 ler=1 lidx=0x0 perr=0 maxcnt=17 addr8=0x52
1788557863.393700 [RTY] wr=0 wmax=0 wref=0  rd=0 rmax=0 rref=0
1788557863.401570 [RNG] frames=18690 last=61 min=49 max=76 nrdy=0 dxfer=0 dstat=0 lst=0 nrdyerr=0 dclr=0
1788557863.407833 [DRV] init=0 id=7 mode=0x1 lib=0x2 seq=0x1 odc=0x8b sts=0xe0 armed=1
1788557863.413193 [TRG] pulses=177 suppressed=2212 cyc=1600 rst=1 rstmode=0x40
1788557863.416570 [HLT] polls=373 faults=0x0 cfglost=0
1788557863.422570 [EFF] n=5 last=58512 min=58450 max=58515 late=0 stuck=0 rderr=0
1788557863.432693 [IMU] init=0 addr=0x68 who=0x68 rst=1 pmrb0=0x40 pmrb=0x1 sr=19 cfg=4 gcfg=0x0 acfg=0x8 icfg=0x30 ien=0x1 armed=1
1788557863.437956 [ACC] reads=18692 stale=18670 rderr=0 ax=60 ay=-65 az=1125
1788557863.440695 [PWR] pm=0x1 drift=0 rderr=0
1788557863.444822 [DWT] ok=1 cyc=4258246067 cyc_per_ms=799939
1788557864.459950 [HB] up_ms=414540 frames=18738 inf=18738 hazard=2419 canary_err=0 q=0 qovr=0
1788557864.471283 [I2C] init=0 gate=0 whoami=0x201e0 wr=0 wrseen=0x27 addr=0x5a ok=115865 err=0 tmo=0 recov=0 pclk1=200000000 sysclk=400000000
1788557864.472577 [NAK] nacks=0
1788557864.477293 [CLK] cpu=800000000 sysb=400000000 pclk1=200000000
1788557864.481698 [TOF] res=0 step=0 id=0xeacc blk=0xeacc10 ctl=0x0
1788557864.487695 [RNG] init=0 step=99 id=0xeacc boot=1 calls=93 xerr=0 dm=1 tb=15
1788557864.494560 [RNG] osc=41 imp=881 imprb=881 mstart=0x40 cfg=91 cfgfail=0x0 vhv=0 vpolls=0
1788557864.500685 [PRT] calls=75073 xerr=0 ler=1 lidx=0x0 perr=0 maxcnt=17 addr8=0x52
1788557864.504689 [RTY] wr=0 wmax=0 wref=0  rd=0 rmax=0 rref=0
1788557864.512703 [RNG] frames=18740 last=57 min=49 max=76 nrdy=0 dxfer=0 dstat=0 lst=0 nrdyerr=0 dclr=0
1788557864.518835 [DRV] init=0 id=7 mode=0x1 lib=0x2 seq=0x1 odc=0x8b sts=0xe0 armed=1
1788557864.524316 [TRG] pulses=179 suppressed=2240 cyc=1600 rst=1 rstmode=0x40
1788557864.527690 [HLT] polls=374 faults=0x0 cfglost=0
1788557864.533573 [EFF] n=5 last=58512 min=58450 max=58515 late=0 stuck=0 rderr=0
1788557864.543837 [IMU] init=0 addr=0x68 who=0x68 rst=1 pmrb0=0x40 pmrb=0x1 sr=19 cfg=4 gcfg=0x0 acfg=0x8 icfg=0x30 ien=0x1 armed=1
1788557864.549066 [ACC] reads=18742 stale=18720 rderr=0 ax=59 ay=-64 az=1129
1788557864.551698 [PWR] pm=0x1 drift=0 rderr=0
1788557864.555696 [DWT] ok=1 cyc=845675043 cyc_per_ms=799996
1788557865.570325 [HB] up_ms=415642 frames=18788 inf=18788 hazard=2419 canary_err=0 q=0 qovr=0
1788557865.581556 [I2C] init=0 gate=0 whoami=0x201e0 wr=0 wrseen=0x27 addr=0x5a ok=116167 err=0 tmo=0 recov=0 pclk1=200000000 sysclk=400000000
1788557865.582929 [NAK] nacks=0
1788557865.587554 [CLK] cpu=800000000 sysb=400000000 pclk1=200000000
1788557865.592054 [TOF] res=0 step=0 id=0xeacc blk=0xeacc10 ctl=0x0
1788557865.597931 [RNG] init=0 step=99 id=0xeacc boot=1 calls=93 xerr=0 dm=1 tb=15
1788557865.604929 [RNG] osc=41 imp=881 imprb=881 mstart=0x40 cfg=91 cfgfail=0x0 vhv=0 vpolls=0
1788557865.611072 [PRT] calls=75273 xerr=0 ler=1 lidx=0x0 perr=0 maxcnt=17 addr8=0x52
1788557865.615062 [RTY] wr=0 wmax=0 wref=0  rd=0 rmax=0 rref=0
1788557865.623090 [RNG] frames=18790 last=66 min=49 max=76 nrdy=0 dxfer=0 dstat=0 lst=0 nrdyerr=0 dclr=0
1788557865.629190 [DRV] init=0 id=7 mode=0x1 lib=0x2 seq=0x1 odc=0x8b sts=0xe0 armed=1
1788557865.634696 [TRG] pulses=179 suppressed=2240 cyc=1600 rst=1 rstmode=0x40
1788557865.638070 [HLT] polls=375 faults=0x0 cfglost=0
1788557865.643811 [EFF] n=5 last=58512 min=58450 max=58515 late=0 stuck=0 rderr=0
1788557865.654184 [IMU] init=0 addr=0x68 who=0x68 rst=1 pmrb0=0x40 pmrb=0x1 sr=19 cfg=4 gcfg=0x0 acfg=0x8 icfg=0x30 ien=0x1 armed=1
1788557865.659437 [ACC] reads=18792 stale=18770 rderr=0 ax=61 ay=-63 az=1126
1788557865.662063 [PWR] pm=0x1 drift=0 rderr=0
1788557865.666068 [DWT] ok=1 cyc=1727274875 cyc_per_ms=799999
1788557866.680926 [HB] up_ms=416744 frames=18838 inf=18838 hazard=2419 canary_err=0 q=0 qovr=0
1788557866.692186 [I2C] init=0 gate=0 whoami=0x201e0 wr=0 wrseen=0x27 addr=0x5a ok=116469 err=0 tmo=0 recov=0 pclk1=200000000 sysclk=400000000
1788557866.693573 [NAK] nacks=0
1788557866.698244 [CLK] cpu=800000000 sysb=400000000 pclk1=200000000
1788557866.702671 [TOF] res=0 step=0 id=0xeacc blk=0xeacc10 ctl=0x0
1788557866.708425 [RNG] init=0 step=99 id=0xeacc boot=1 calls=93 xerr=0 dm=1 tb=15
1788557866.715554 [RNG] osc=41 imp=881 imprb=881 mstart=0x40 cfg=91 cfgfail=0x0 vhv=0 vpolls=0
1788557866.721556 [PRT] calls=75473 xerr=0 ler=1 lidx=0x0 perr=0 maxcnt=17 addr8=0x52
1788557866.725686 [RTY] wr=0 wmax=0 wref=0  rd=0 rmax=0 rref=0
1788557866.733421 [RNG] frames=18840 last=65 min=49 max=76 nrdy=0 dxfer=0 dstat=0 lst=0 nrdyerr=0 dclr=0
1788557866.739808 [DRV] init=0 id=7 mode=0x1 lib=0x2 seq=0x1 odc=0x8b sts=0xe0 armed=1
1788557866.745299 [TRG] pulses=179 suppressed=2240 cyc=1600 rst=1 rstmode=0x40
1788557866.748728 [HLT] polls=376 faults=0x0 cfglost=0
1788557866.754436 [EFF] n=5 last=58512 min=58450 max=58515 late=0 stuck=0 rderr=0
1788557866.764683 [IMU] init=0 addr=0x68 who=0x68 rst=1 pmrb0=0x40 pmrb=0x1 sr=19 cfg=4 gcfg=0x0 acfg=0x8 icfg=0x30 ien=0x1 armed=1
1788557866.770050 [ACC] reads=18842 stale=18820 rderr=0 ax=58 ay=-66 az=1129
1788557866.772673 [PWR] pm=0x1 drift=0 rderr=0
1788557866.776675 [DWT] ok=1 cyc=2608875011 cyc_per_ms=800000
1788557867.791440 [HB] up_ms=417846 frames=18888 inf=18888 hazard=2419 canary_err=0 q=0 qovr=0
1788557867.802798 [I2C] init=0 gate=0 whoami=0x201e0 wr=0 wrseen=0x27 addr=0x5a ok=116771 err=0 tmo=0 recov=0 pclk1=200000000 sysclk=400000000
1788557867.804061 [NAK] nacks=0
1788557867.808667 [CLK] cpu=800000000 sysb=400000000 pclk1=200000000
1788557867.813200 [TOF] res=0 step=0 id=0xeacc blk=0xeacc10 ctl=0x0
1788557867.819054 [RNG] init=0 step=99 id=0xeacc boot=1 calls=93 xerr=0 dm=1 tb=15
1788557867.826054 [RNG] osc=41 imp=881 imprb=881 mstart=0x40 cfg=91 cfgfail=0x0 vhv=0 vpolls=0
1788557867.832176 [PRT] calls=75673 xerr=0 ler=1 lidx=0x0 perr=0 maxcnt=17 addr8=0x52
1788557867.836291 [RTY] wr=0 wmax=0 wref=0  rd=0 rmax=0 rref=0
1788557867.844047 [RNG] frames=18890 last=64 min=49 max=76 nrdy=0 dxfer=0 dstat=0 lst=0 nrdyerr=0 dclr=0
1788557867.850421 [DRV] init=0 id=7 mode=0x1 lib=0x2 seq=0x1 odc=0x8b sts=0xe0 armed=1
1788557867.855913 [TRG] pulses=179 suppressed=2240 cyc=1600 rst=1 rstmode=0x40
1788557867.859197 [HLT] polls=377 faults=0x0 cfglost=0
1788557867.864919 [EFF] n=5 last=58512 min=58450 max=58515 late=0 stuck=0 rderr=0
1788557867.875288 [IMU] init=0 addr=0x68 who=0x68 rst=1 pmrb0=0x40 pmrb=0x1 sr=19 cfg=4 gcfg=0x0 acfg=0x8 icfg=0x30 ien=0x1 armed=1
1788557867.880675 [ACC] reads=18892 stale=18870 rderr=0 ax=59 ay=-63 az=1127
1788557867.883303 [PWR] pm=0x1 drift=0 rderr=0
1788557867.887290 [DWT] ok=1 cyc=3490474839 cyc_per_ms=799999
1788557868.901680 [HB] up_ms=418948 frames=18938 inf=18938 hazard=2419 canary_err=0 q=0 qovr=0
1788557868.912818 [I2C] init=0 gate=0 whoami=0x201e0 wr=0 wrseen=0x27 addr=0x5a ok=117073 err=0 tmo=0 recov=0 pclk1=200000000 sysclk=400000000
1788557868.914195 [NAK] nacks=0
1788557868.918782 [CLK] cpu=800000000 sysb=400000000 pclk1=200000000
1788557868.923284 [TOF] res=0 step=0 id=0xeacc blk=0xeacc10 ctl=0x0
1788557868.929186 [RNG] init=0 step=99 id=0xeacc boot=1 calls=93 xerr=0 dm=1 tb=15
1788557868.936176 [RNG] osc=41 imp=881 imprb=881 mstart=0x40 cfg=91 cfgfail=0x0 vhv=0 vpolls=0
1788557868.942283 [PRT] calls=75870 xerr=0 ler=1 lidx=0x0 perr=0 maxcnt=17 addr8=0x52
1788557868.946405 [RTY] wr=0 wmax=0 wref=0  rd=0 rmax=0 rref=0
1788557868.954179 [RNG] frames=18940 last=61 min=49 max=76 nrdy=0 dxfer=0 dstat=0 lst=0 nrdyerr=0 dclr=0
1788557868.960542 [DRV] init=0 id=7 mode=0x1 lib=0x2 seq=0x1 odc=0x8b sts=0xe0 armed=1
1788557868.966040 [TRG] pulses=179 suppressed=2240 cyc=1600 rst=1 rstmode=0x40
1788557868.969275 [HLT] polls=378 faults=0x0 cfglost=0
1788557868.975029 [EFF] n=5 last=58512 min=58450 max=58515 late=0 stuck=0 rderr=0
1788557868.985413 [IMU] init=0 addr=0x68 who=0x68 rst=1 pmrb0=0x40 pmrb=0x1 sr=19 cfg=4 gcfg=0x0 acfg=0x8 icfg=0x30 ien=0x1 armed=1
1788557868.990664 [ACC] reads=18942 stale=18920 rderr=0 ax=59 ay=-63 az=1129
1788557868.993409 [PWR] pm=0x1 drift=0 rderr=0
1788557868.997182 [DWT] ok=1 cyc=77108115 cyc_per_ms=800000
1788557870.011788 [HB] up_ms=420050 frames=18988 inf=18988 hazard=2419 canary_err=0 q=0 qovr=0
1788557870.022911 [I2C] init=0 gate=0 whoami=0x201e0 wr=0 wrseen=0x27 addr=0x5a ok=117375 err=0 tmo=0 recov=0 pclk1=200000000 sysclk=400000000
1788557870.024341 [NAK] nacks=0
1788557870.029069 [CLK] cpu=800000000 sysb=400000000 pclk1=200000000
1788557870.033563 [TOF] res=0 step=0 id=0xeacc blk=0xeacc10 ctl=0x0
1788557870.039438 [RNG] init=0 step=99 id=0xeacc boot=1 calls=93 xerr=0 dm=1 tb=15
1788557870.046270 [RNG] osc=41 imp=881 imprb=881 mstart=0x40 cfg=91 cfgfail=0x0 vhv=0 vpolls=0
1788557870.052566 [PRT] calls=76069 xerr=0 ler=1 lidx=0x0 perr=0 maxcnt=17 addr8=0x52
1788557870.056659 [RTY] wr=0 wmax=0 wref=0  rd=0 rmax=0 rref=0
1788557870.064404 [RNG] frames=18990 last=66 min=49 max=76 nrdy=0 dxfer=0 dstat=0 lst=0 nrdyerr=0 dclr=0
1788557870.070526 [DRV] init=0 id=7 mode=0x1 lib=0x2 seq=0x1 odc=0x8b sts=0xe0 armed=1
1788557870.076239 [TRG] pulses=179 suppressed=2240 cyc=1600 rst=1 rstmode=0x40
1788557870.079544 [HLT] polls=379 faults=0x0 cfglost=0
1788557870.085271 [EFF] n=5 last=58512 min=58450 max=58515 late=0 stuck=0 rderr=0
1788557870.095649 [IMU] init=0 addr=0x68 who=0x68 rst=1 pmrb0=0x40 pmrb=0x1 sr=19 cfg=4 gcfg=0x0 acfg=0x8 icfg=0x30 ien=0x1 armed=1
1788557870.100901 [ACC] reads=18992 stale=18970 rderr=0 ax=58 ay=-63 az=1124
1788557870.103653 [PWR] pm=0x1 drift=0 rderr=0
1788557870.107522 [DWT] ok=1 cyc=958707731 cyc_per_ms=799999
1788557871.122408 [HB] up_ms=421152 frames=19038 inf=19038 hazard=2457 canary_err=0 q=0 qovr=0
1788557871.133527 [I2C] init=0 gate=0 whoami=0x201e0 wr=0 wrseen=0x27 addr=0x5a ok=117677 err=0 tmo=0 recov=0 pclk1=200000000 sysclk=400000000
1788557871.134773 [NAK] nacks=0
1788557871.139656 [CLK] cpu=800000000 sysb=400000000 pclk1=200000000
1788557871.144167 [TOF] res=0 step=0 id=0xeacc blk=0xeacc10 ctl=0x0
1788557871.149885 [RNG] init=0 step=99 id=0xeacc boot=1 calls=93 xerr=0 dm=1 tb=15
1788557871.156773 [RNG] osc=41 imp=881 imprb=881 mstart=0x40 cfg=91 cfgfail=0x0 vhv=0 vpolls=0
1788557871.163162 [PRT] calls=76269 xerr=0 ler=1 lidx=0x0 perr=0 maxcnt=17 addr8=0x52
1788557871.167162 [RTY] wr=0 wmax=0 wref=0  rd=0 rmax=0 rref=0
1788557871.174900 [RNG] frames=19040 last=66 min=49 max=76 nrdy=0 dxfer=0 dstat=0 lst=0 nrdyerr=0 dclr=0
1788557871.181154 [DRV] init=0 id=7 mode=0x1 lib=0x2 seq=0x1 odc=0x8b sts=0xe0 armed=1
1788557871.186781 [TRG] pulses=182 suppressed=2277 cyc=1600 rst=1 rstmode=0x40
1788557871.190165 [HLT] polls=380 faults=0x0 cfglost=0
1788557871.195923 [EFF] n=5 last=58512 min=58450 max=58515 late=0 stuck=0 rderr=0
1788557871.206023 [IMU] init=0 addr=0x68 who=0x68 rst=1 pmrb0=0x40 pmrb=0x1 sr=19 cfg=4 gcfg=0x0 acfg=0x8 icfg=0x30 ien=0x1 armed=1
1788557871.211519 [ACC] reads=19041 stale=19019 rderr=0 ax=60 ay=-63 az=1125
1788557871.214157 [PWR] pm=0x1 drift=0 rderr=0
1788557871.218161 [DWT] ok=1 cyc=1840338495 cyc_per_ms=800027
1788557872.233415 [HB] up_ms=422254 frames=19087 inf=19087 hazard=2460 canary_err=0 q=0 qovr=0
1788557872.244518 [I2C] init=0 gate=0 whoami=0x201e0 wr=0 wrseen=0x27 addr=0x5a ok=117979 err=0 tmo=0 recov=0 pclk1=200000000 sysclk=400000000
1788557872.245893 [NAK] nacks=0
1788557872.250395 [CLK] cpu=800000000 sysb=400000000 pclk1=200000000
1788557872.255154 [TOF] res=0 step=0 id=0xeacc blk=0xeacc10 ctl=0x0
1788557872.260892 [RNG] init=0 step=99 id=0xeacc boot=1 calls=93 xerr=0 dm=1 tb=15
1788557872.267891 [RNG] osc=41 imp=881 imprb=881 mstart=0x40 cfg=91 cfgfail=0x0 vhv=0 vpolls=0
1788557872.274011 [PRT] calls=76469 xerr=0 ler=1 lidx=0x0 perr=0 maxcnt=17 addr8=0x52
1788557872.278146 [RTY] wr=0 wmax=0 wref=0  rd=0 rmax=0 rref=0
1788557872.285890 [RNG] frames=19090 last=66 min=49 max=76 nrdy=0 dxfer=0 dstat=0 lst=0 nrdyerr=0 dclr=0
1788557872.292151 [DRV] init=0 id=7 mode=0x1 lib=0x2 seq=0x1 odc=0x8b sts=0xe0 armed=1
1788557872.297633 [TRG] pulses=182 suppressed=2278 cyc=1600 rst=1 rstmode=0x40
1788557872.301143 [HLT] polls=381 faults=0x0 cfglost=0
1788557872.306883 [EFF] n=5 last=58512 min=58450 max=58515 late=0 stuck=0 rderr=0
1788557872.317009 [IMU] init=0 addr=0x68 who=0x68 rst=1 pmrb0=0x40 pmrb=0x1 sr=19 cfg=4 gcfg=0x0 acfg=0x8 icfg=0x30 ien=0x1 armed=1
1788557872.322512 [ACC] reads=19091 stale=19069 rderr=0 ax=58 ay=-65 az=1125
1788557872.325147 [PWR] pm=0x1 drift=0 rderr=0
1788557872.329150 [DWT] ok=1 cyc=2722042797 cyc_per_ms=800094
1788557873.344775 [HB] up_ms=423357 frames=19137 inf=19137 hazard=2460 canary_err=0 q=0 qovr=0
1788557873.355876 [I2C] init=0 gate=0 whoami=0x201e0 wr=0 wrseen=0x27 addr=0x5a ok=118281 err=0 tmo=0 recov=0 pclk1=200000000 sysclk=400000000
1788557873.357253 [NAK] nacks=0
1788557873.361757 [CLK] cpu=800000000 sysb=400000000 pclk1=200000000
1788557873.366503 [TOF] res=0 step=0 id=0xeacc blk=0xeacc10 ctl=0x0
1788557873.372242 [RNG] init=0 step=99 id=0xeacc boot=1 calls=93 xerr=0 dm=1 tb=15
1788557873.379140 [RNG] osc=41 imp=881 imprb=881 mstart=0x40 cfg=91 cfgfail=0x0 vhv=0 vpolls=0
1788557873.385247 [PRT] calls=76669 xerr=0 ler=1 lidx=0x0 perr=0 maxcnt=17 addr8=0x52
1788557873.389513 [RTY] wr=0 wmax=0 wref=0  rd=0 rmax=0 rref=0
1788557873.397242 [RNG] frames=19140 last=57 min=49 max=76 nrdy=0 dxfer=0 dstat=0 lst=0 nrdyerr=0 dclr=0
1788557873.403508 [DRV] init=0 id=7 mode=0x1 lib=0x2 seq=0x1 odc=0x8b sts=0xe0 armed=1
1788557873.409003 [TRG] pulses=182 suppressed=2278 cyc=1600 rst=1 rstmode=0x40
1788557873.412494 [HLT] polls=382 faults=0x0 cfglost=0
1788557873.418249 [EFF] n=5 last=58512 min=58450 max=58515 late=0 stuck=0 rderr=0
1788557873.428377 [IMU] init=0 addr=0x68 who=0x68 rst=1 pmrb0=0x40 pmrb=0x1 sr=19 cfg=4 gcfg=0x0 acfg=0x8 icfg=0x30 ien=0x1 armed=1
1788557873.433741 [ACC] reads=19141 stale=19119 rderr=0 ax=60 ay=-66 az=1129
1788557873.436494 [PWR] pm=0x1 drift=0 rderr=0
1788557873.440500 [DWT] ok=1 cyc=3604442549 cyc_per_ms=799999
1788557874.456381 [HB] up_ms=424460 frames=19187 inf=19187 hazard=2460 canary_err=0 q=0 qovr=0
1788557874.467617 [I2C] init=0 gate=0 whoami=0x201e0 wr=0 wrseen=0x27 addr=0x5a ok=118582 err=0 tmo=0 recov=0 pclk1=200000000 sysclk=400000000
1788557874.468874 [NAK] nacks=0
1788557874.473505 [CLK] cpu=800000000 sysb=400000000 pclk1=200000000
1788557874.478147 [TOF] res=0 step=0 id=0xeacc blk=0xeacc10 ctl=0x0
1788557874.483992 [RNG] init=0 step=99 id=0xeacc boot=1 calls=93 xerr=0 dm=1 tb=15
1788557874.490871 [RNG] osc=41 imp=881 imprb=881 mstart=0x40 cfg=91 cfgfail=0x0 vhv=0 vpolls=0
1788557874.496994 [PRT] calls=76869 xerr=0 ler=1 lidx=0x0 perr=0 maxcnt=17 addr8=0x52
1788557874.501138 [RTY] wr=0 wmax=0 wref=0  rd=0 rmax=0 rref=0
1788557874.508997 [RNG] frames=19189 last=64 min=49 max=76 nrdy=0 dxfer=0 dstat=0 lst=0 nrdyerr=0 dclr=0
1788557874.515237 [DRV] init=0 id=7 mode=0x1 lib=0x2 seq=0x1 odc=0x8b sts=0xe0 armed=1
1788557874.520614 [TRG] pulses=182 suppressed=2278 cyc=1600 rst=1 rstmode=0x40
1788557874.523991 [HLT] polls=383 faults=0x0 cfglost=0
1788557874.530014 [EFF] n=5 last=58512 min=58450 max=58515 late=0 stuck=0 rderr=0
1788557874.540133 [IMU] init=0 addr=0x68 who=0x68 rst=1 pmrb0=0x40 pmrb=0x1 sr=19 cfg=4 gcfg=0x0 acfg=0x8 icfg=0x30 ien=0x1 armed=1
1788557874.545367 [ACC] reads=19191 stale=19169 rderr=0 ax=59 ay=-64 az=1126
1788557874.548133 [PWR] pm=0x1 drift=0 rderr=0
1788557874.552139 [DWT] ok=1 cyc=191810571 cyc_per_ms=799941
1788557875.567143 [HB] up_ms=425562 frames=19237 inf=19237 hazard=2460 canary_err=0 q=0 qovr=0
1788557875.578363 [I2C] init=0 gate=0 whoami=0x201e0 wr=0 wrseen=0x27 addr=0x5a ok=118879 err=0 tmo=0 recov=0 pclk1=200000000 sysclk=400000000
1788557875.579739 [NAK] nacks=0
1788557875.584361 [CLK] cpu=800000000 sysb=400000000 pclk1=200000000
1788557875.588858 [TOF] res=0 step=0 id=0xeacc blk=0xeacc10 ctl=0x0
1788557875.594855 [RNG] init=0 step=99 id=0xeacc boot=1 calls=93 xerr=0 dm=1 tb=15
1788557875.601728 [RNG] osc=41 imp=881 imprb=881 mstart=0x40 cfg=91 cfgfail=0x0 vhv=0 vpolls=0
1788557875.607850 [PRT] calls=77069 xerr=0 ler=1 lidx=0x0 perr=0 maxcnt=17 addr8=0x52
1788557875.611858 [RTY] wr=0 wmax=0 wref=0  rd=0 rmax=0 rref=0
1788557875.619858 [RNG] frames=19239 last=63 min=49 max=76 nrdy=0 dxfer=0 dstat=0 lst=0 nrdyerr=0 dclr=0
1788557875.625977 [DRV] init=0 id=7 mode=0x1 lib=0x2 seq=0x1 odc=0x8b sts=0xe0 armed=1
1788557875.631494 [TRG] pulses=182 suppressed=2278 cyc=1600 rst=1 rstmode=0x40
1788557875.634861 [HLT] polls=384 faults=0x0 cfglost=0
1788557875.640732 [EFF] n=5 last=58512 min=58450 max=58515 late=0 stuck=0 rderr=0
1788557875.650987 [IMU] init=0 addr=0x68 who=0x68 rst=1 pmrb0=0x40 pmrb=0x1 sr=19 cfg=4 gcfg=0x0 acfg=0x8 icfg=0x30 ien=0x1 armed=1
1788557875.656233 [ACC] reads=19241 stale=19219 rderr=0 ax=60 ay=-64 az=1128
1788557875.658854 [PWR] pm=0x1 drift=0 rderr=0
1788557875.662986 [DWT] ok=1 cyc=1073340255 cyc_per_ms=799936
1788557876.679242 [HB] up_ms=426665 frames=19287 inf=19287 hazard=2460 canary_err=0 q=0 qovr=0
1788557876.690597 [I2C] init=0 gate=0 whoami=0x201e0 wr=0 wrseen=0x27 addr=0x5a ok=119181 err=0 tmo=0 recov=0 pclk1=200000000 sysclk=400000000
1788557876.691851 [NAK] nacks=0
1788557876.696474 [CLK] cpu=800000000 sysb=400000000 pclk1=200000000
1788557876.700979 [TOF] res=0 step=0 id=0xeacc blk=0xeacc10 ctl=0x0
1788557876.706984 [RNG] init=0 step=99 id=0xeacc boot=1 calls=93 xerr=0 dm=1 tb=15
1788557876.713973 [RNG] osc=41 imp=881 imprb=881 mstart=0x40 cfg=91 cfgfail=0x0 vhv=0 vpolls=0
1788557876.719970 [PRT] calls=77269 xerr=0 ler=1 lidx=0x0 perr=0 maxcnt=17 addr8=0x52
1788557876.724120 [RTY] wr=0 wmax=0 wref=0  rd=0 rmax=0 rref=0
1788557876.732149 [RNG] frames=19289 last=59 min=49 max=76 nrdy=0 dxfer=0 dstat=0 lst=0 nrdyerr=0 dclr=0
1788557876.738216 [DRV] init=0 id=7 mode=0x1 lib=0x2 seq=0x1 odc=0x8b sts=0xe0 armed=1
1788557876.743731 [TRG] pulses=182 suppressed=2278 cyc=1600 rst=1 rstmode=0x40
1788557876.747124 [HLT] polls=385 faults=0x0 cfglost=0
1788557876.752851 [EFF] n=5 last=58512 min=58450 max=58515 late=0 stuck=0 rderr=0
1788557876.763221 [IMU] init=0 addr=0x68 who=0x68 rst=1 pmrb0=0x40 pmrb=0x1 sr=19 cfg=4 gcfg=0x0 acfg=0x8 icfg=0x30 ien=0x1 armed=1
1788557876.768517 [ACC] reads=19291 stale=19268 rderr=0 ax=59 ay=-66 az=1125
1788557876.771172 [PWR] pm=0x1 drift=0 rderr=0
1788557876.775141 [DWT] ok=1 cyc=1955740439 cyc_per_ms=800000
1788557877.789983 [HB] up_ms=427767 frames=19337 inf=19337 hazard=2477 canary_err=0 q=0 qovr=0
1788557877.801213 [I2C] init=0 gate=0 whoami=0x201e0 wr=0 wrseen=0x27 addr=0x5a ok=119483 err=0 tmo=0 recov=0 pclk1=200000000 sysclk=400000000
1788557877.802587 [NAK] nacks=0
1788557877.807231 [CLK] cpu=800000000 sysb=400000000 pclk1=200000000
1788557877.811712 [TOF] res=0 step=0 id=0xeacc blk=0xeacc10 ctl=0x0
1788557877.817466 [RNG] init=0 step=99 id=0xeacc boot=1 calls=93 xerr=0 dm=1 tb=15
1788557877.824597 [RNG] osc=41 imp=881 imprb=881 mstart=0x40 cfg=91 cfgfail=0x0 vhv=0 vpolls=0
1788557877.830600 [PRT] calls=77469 xerr=0 ler=1 lidx=0x0 perr=0 maxcnt=17 addr8=0x52
1788557877.834726 [RTY] wr=0 wmax=0 wref=0  rd=0 rmax=0 rref=0
1788557877.842636 [RNG] frames=19339 last=58 min=49 max=76 nrdy=0 dxfer=0 dstat=0 lst=0 nrdyerr=0 dclr=0
1788557877.848843 [DRV] init=0 id=7 mode=0x1 lib=0x2 seq=0x1 odc=0x8b sts=0xe0 armed=1
1788557877.854348 [TRG] pulses=184 suppressed=2296 cyc=1600 rst=1 rstmode=0x40
1788557877.857719 [HLT] polls=386 faults=0x0 cfglost=0
1788557877.863480 [EFF] n=5 last=58512 min=58450 max=58515 late=0 stuck=0 rderr=0
1788557877.873728 [IMU] init=0 addr=0x68 who=0x68 rst=1 pmrb0=0x40 pmrb=0x1 sr=19 cfg=4 gcfg=0x0 acfg=0x8 icfg=0x30 ien=0x1 armed=1
1788557877.879120 [ACC] reads=19341 stale=19318 rderr=0 ax=60 ay=-65 az=1129
1788557877.881713 [PWR] pm=0x1 drift=0 rderr=0
1788557877.885721 [DWT] ok=1 cyc=2837344091 cyc_per_ms=800003
1788557878.900466 [HB] up_ms=428869 frames=19387 inf=19387 hazard=2501 canary_err=0 q=0 qovr=0
1788557878.911709 [I2C] init=0 gate=0 whoami=0x201e0 wr=0 wrseen=0x27 addr=0x5a ok=119785 err=0 tmo=0 recov=0 pclk1=200000000 sysclk=400000000
1788557878.913104 [NAK] nacks=0
1788557878.917714 [CLK] cpu=800000000 sysb=400000000 pclk1=200000000
1788557878.922209 [TOF] res=0 step=0 id=0xeacc blk=0xeacc10 ctl=0x0
1788557878.928095 [RNG] init=0 step=99 id=0xeacc boot=1 calls=93 xerr=0 dm=1 tb=15
1788557878.935091 [RNG] osc=41 imp=881 imprb=881 mstart=0x40 cfg=91 cfgfail=0x0 vhv=0 vpolls=0
1788557878.941211 [PRT] calls=77669 xerr=0 ler=1 lidx=0x0 perr=0 maxcnt=17 addr8=0x52
1788557878.945208 [RTY] wr=0 wmax=0 wref=0  rd=0 rmax=0 rref=0
1788557878.953094 [RNG] frames=19389 last=67 min=49 max=76 nrdy=0 dxfer=0 dstat=0 lst=0 nrdyerr=0 dclr=0
1788557878.959451 [DRV] init=0 id=7 mode=0x1 lib=0x2 seq=0x1 odc=0x8b sts=0xe0 armed=1
1788557878.964833 [TRG] pulses=185 suppressed=2316 cyc=1600 rst=1 rstmode=0x40
1788557878.968205 [HLT] polls=387 faults=0x0 cfglost=0
1788557878.973951 [EFF] n=5 last=58512 min=58450 max=58515 late=0 stuck=0 rderr=0
1788557878.984334 [IMU] init=0 addr=0x68 who=0x68 rst=1 pmrb0=0x40 pmrb=0x1 sr=19 cfg=4 gcfg=0x0 acfg=0x8 icfg=0x30 ien=0x1 armed=1
1788557878.989588 [ACC] reads=19391 stale=19368 rderr=0 ax=60 ay=-63 az=1126
1788557878.992336 [PWR] pm=0x1 drift=0 rderr=0
1788557878.996208 [DWT] ok=1 cyc=3718940315 cyc_per_ms=799996
1788557880.010843 [HB] up_ms=429971 frames=19437 inf=19437 hazard=2501 canary_err=0 q=0 qovr=0
1788557880.022111 [I2C] init=0 gate=0 whoami=0x201e0 wr=0 wrseen=0x27 addr=0x5a ok=120087 err=0 tmo=0 recov=0 pclk1=200000000 sysclk=400000000
1788557880.023450 [NAK] nacks=0
1788557880.028107 [CLK] cpu=800000000 sysb=400000000 pclk1=200000000
1788557880.032632 [TOF] res=0 step=0 id=0xeacc blk=0xeacc10 ctl=0x0
1788557880.038457 [RNG] init=0 step=99 id=0xeacc boot=1 calls=93 xerr=0 dm=1 tb=15
1788557880.045451 [RNG] osc=41 imp=881 imprb=881 mstart=0x40 cfg=91 cfgfail=0x0 vhv=0 vpolls=0
1788557880.051579 [PRT] calls=77869 xerr=0 ler=1 lidx=0x0 perr=0 maxcnt=17 addr8=0x52
1788557880.055698 [RTY] wr=0 wmax=0 wref=0  rd=0 rmax=0 rref=0
1788557880.063453 [RNG] frames=19439 last=64 min=49 max=76 nrdy=0 dxfer=0 dstat=0 lst=0 nrdyerr=0 dclr=0
1788557880.069818 [DRV] init=0 id=7 mode=0x1 lib=0x2 seq=0x1 odc=0x8b sts=0xe0 armed=1
1788557880.075222 [TRG] pulses=185 suppressed=2316 cyc=1600 rst=1 rstmode=0x40
1788557880.078579 [HLT] polls=388 faults=0x0 cfglost=0
1788557880.084333 [EFF] n=5 last=58512 min=58450 max=58515 late=0 stuck=0 rderr=0
1788557880.094699 [IMU] init=0 addr=0x68 who=0x68 rst=1 pmrb0=0x40 pmrb=0x1 sr=19 cfg=4 gcfg=0x0 acfg=0x8 icfg=0x30 ien=0x1 armed=1
1788557880.099968 [ACC] reads=19441 stale=19418 rderr=0 ax=62 ay=-65 az=1123
1788557880.102578 [PWR] pm=0x1 drift=0 rderr=0
1788557880.106574 [DWT] ok=1 cyc=305573155 cyc_per_ms=800000
1788557881.120573 [HB] up_ms=431073 frames=19487 inf=19487 hazard=2501 canary_err=0 q=0 qovr=0
1788557881.131693 [I2C] init=0 gate=0 whoami=0x201e0 wr=0 wrseen=0x27 addr=0x5a ok=120389 err=0 tmo=0 recov=0 pclk1=200000000 sysclk=400000000
1788557881.133064 [NAK] nacks=0
1788557881.137820 [CLK] cpu=800000000 sysb=400000000 pclk1=200000000
1788557881.142313 [TOF] res=0 step=0 id=0xeacc blk=0xeacc10 ctl=0x0
1788557881.148070 [RNG] init=0 step=99 id=0xeacc boot=1 calls=93 xerr=0 dm=1 tb=15
1788557881.154940 [RNG] osc=41 imp=881 imprb=881 mstart=0x40 cfg=91 cfgfail=0x0 vhv=0 vpolls=0
1788557881.161214 [PRT] calls=78065 xerr=0 ler=1 lidx=0x0 perr=0 maxcnt=17 addr8=0x52
1788557881.165321 [RTY] wr=0 wmax=0 wref=0  rd=0 rmax=0 rref=0
1788557881.173061 [RNG] frames=19489 last=65 min=49 max=76 nrdy=0 dxfer=0 dstat=0 lst=0 nrdyerr=0 dclr=0
1788557881.179311 [DRV] init=0 id=7 mode=0x1 lib=0x2 seq=0x1 odc=0x8b sts=0xe0 armed=1
1788557881.184950 [TRG] pulses=185 suppressed=2316 cyc=1600 rst=1 rstmode=0x40
1788557881.188190 [HLT] polls=389 faults=0x0 cfglost=0
1788557881.193936 [EFF] n=5 last=58512 min=58450 max=58515 late=0 stuck=0 rderr=0
1788557881.204312 [IMU] init=0 addr=0x68 who=0x68 rst=1 pmrb0=0x40 pmrb=0x1 sr=19 cfg=4 gcfg=0x0 acfg=0x8 icfg=0x30 ien=0x1 armed=1
1788557881.209560 [ACC] reads=19491 stale=19468 rderr=0 ax=58 ay=-62 az=1125
1788557881.212199 [PWR] pm=0x1 drift=0 rderr=0
1788557881.216182 [DWT] ok=1 cyc=1187173139 cyc_per_ms=799999
1788557882.229966 [HB] up_ms=432175 frames=19537 inf=19537 hazard=2501 canary_err=0 q=0 qovr=0
1788557882.241064 [I2C] init=0 gate=0 whoami=0x201e0 wr=0 wrseen=0x27 addr=0x5a ok=120691 err=0 tmo=0 recov=0 pclk1=200000000 sysclk=400000000
1788557882.242429 [NAK] nacks=0
1788557882.247193 [CLK] cpu=800000000 sysb=400000000 pclk1=200000000
1788557882.251681 [TOF] res=0 step=0 id=0xeacc blk=0xeacc10 ctl=0x0
1788557882.257554 [RNG] init=0 step=99 id=0xeacc boot=1 calls=93 xerr=0 dm=1 tb=15
1788557882.264429 [RNG] osc=41 imp=881 imprb=881 mstart=0x40 cfg=91 cfgfail=0x0 vhv=0 vpolls=0
1788557882.270679 [PRT] calls=78265 xerr=0 ler=1 lidx=0x0 perr=0 maxcnt=17 addr8=0x52
1788557882.274679 [RTY] wr=0 wmax=0 wref=0  rd=0 rmax=0 rref=0
1788557882.282437 [RNG] frames=19539 last=64 min=49 max=76 nrdy=0 dxfer=0 dstat=0 lst=0 nrdyerr=0 dclr=0
1788557882.288681 [DRV] init=0 id=7 mode=0x1 lib=0x2 seq=0x1 odc=0x8b sts=0xe0 armed=1
1788557882.294316 [TRG] pulses=185 suppressed=2316 cyc=1600 rst=1 rstmode=0x40
1788557882.297682 [HLT] polls=390 faults=0x0 cfglost=0
1788557882.303433 [EFF] n=5 last=58512 min=58450 max=58515 late=0 stuck=0 rderr=0
1788557882.313562 [IMU] init=0 addr=0x68 who=0x68 rst=1 pmrb0=0x40 pmrb=0x1 sr=19 cfg=4 gcfg=0x0 acfg=0x8 icfg=0x30 ien=0x1 armed=1
1788557882.319062 [ACC] reads=19541 stale=19518 rderr=0 ax=59 ay=-66 az=1126
1788557882.321688 [PWR] pm=0x1 drift=0 rderr=0
1788557882.325683 [DWT] ok=1 cyc=2068773155 cyc_per_ms=800000
1788557883.340067 [HB] up_ms=433277 frames=19586 inf=19586 hazard=2501 canary_err=0 q=0 qovr=0
1788557883.351174 [I2C] init=0 gate=0 whoami=0x201e0 wr=0 wrseen=0x27 addr=0x5a ok=120993 err=0 tmo=0 recov=0 pclk1=200000000 sysclk=400000000
1788557883.352422 [NAK] nacks=0
1788557883.357163 [CLK] cpu=800000000 sysb=400000000 pclk1=200000000
1788557883.361683 [TOF] res=0 step=0 id=0xeacc blk=0xeacc10 ctl=0x0
1788557883.367560 [RNG] init=0 step=99 id=0xeacc boot=1 calls=93 xerr=0 dm=1 tb=15
1788557883.374425 [RNG] osc=41 imp=881 imprb=881 mstart=0x40 cfg=91 cfgfail=0x0 vhv=0 vpolls=0
1788557883.381155 [PRT] calls=78465 xerr=0 ler=1 lidx=0x0 perr=0 maxcnt=17 addr8=0x52
1788557883.384809 [RTY] wr=0 wmax=0 wref=0  rd=0 rmax=0 rref=0
1788557883.392576 [RNG] frames=19589 last=62 min=49 max=76 nrdy=0 dxfer=0 dstat=0 lst=0 nrdyerr=0 dclr=0
1788557883.398813 [DRV] init=0 id=7 mode=0x1 lib=0x2 seq=0x1 odc=0x8b sts=0xe0 armed=1
1788557883.404300 [TRG] pulses=185 suppressed=2316 cyc=1600 rst=1 rstmode=0x40
1788557883.407818 [HLT] polls=391 faults=0x0 cfglost=0
1788557883.413548 [EFF] n=5 last=58512 min=58450 max=58515 late=0 stuck=0 rderr=0
1788557883.423693 [IMU] init=0 addr=0x68 who=0x68 rst=1 pmrb0=0x40 pmrb=0x1 sr=19 cfg=4 gcfg=0x0 acfg=0x8 icfg=0x30 ien=0x1 armed=1
1788557883.429180 [ACC] reads=19590 stale=19567 rderr=0 ax=60 ay=-64 az=1129
1788557883.431791 [PWR] pm=0x1 drift=0 rderr=0
1788557883.435794 [DWT] ok=1 cyc=2950507001 cyc_per_ms=800121
1788557884.450681 [HB] up_ms=434380 frames=19636 inf=19636 hazard=2501 canary_err=0 q=0 qovr=0
1788557884.461794 [I2C] init=0 gate=0 whoami=0x201e0 wr=0 wrseen=0x27 addr=0x5a ok=121295 err=0 tmo=0 recov=0 pclk1=200000000 sysclk=400000000
1788557884.463043 [NAK] nacks=0
1788557884.467675 [CLK] cpu=800000000 sysb=400000000 pclk1=200000000
1788557884.472295 [TOF] res=0 step=0 id=0xeacc blk=0xeacc10 ctl=0x0
1788557884.478186 [RNG] init=0 step=99 id=0xeacc boot=1 calls=93 xerr=0 dm=1 tb=15
1788557884.485051 [RNG] osc=41 imp=881 imprb=881 mstart=0x40 cfg=91 cfgfail=0x0 vhv=0 vpolls=0
1788557884.491181 [PRT] calls=78665 xerr=0 ler=1 lidx=0x0 perr=0 maxcnt=17 addr8=0x52
1788557884.495421 [RTY] wr=0 wmax=0 wref=0  rd=0 rmax=0 rref=0
1788557884.503182 [RNG] frames=19639 last=55 min=49 max=76 nrdy=0 dxfer=0 dstat=0 lst=0 nrdyerr=0 dclr=0
1788557884.509288 [DRV] init=0 id=7 mode=0x1 lib=0x2 seq=0x1 odc=0x8b sts=0xe0 armed=1
1788557884.514804 [TRG] pulses=185 suppressed=2316 cyc=1600 rst=1 rstmode=0x40
1788557884.518304 [HLT] polls=392 faults=0x0 cfglost=0
1788557884.524035 [EFF] n=5 last=58512 min=58450 max=58515 late=0 stuck=0 rderr=0
1788557884.534299 [IMU] init=0 addr=0x68 who=0x68 rst=1 pmrb0=0x40 pmrb=0x1 sr=19 cfg=4 gcfg=0x0 acfg=0x8 icfg=0x30 ien=0x1 armed=1
1788557884.539673 [ACC] reads=19640 stale=19617 rderr=0 ax=61 ay=-64 az=1124
1788557884.542295 [PWR] pm=0x1 drift=0 rderr=0
1788557884.546289 [DWT] ok=1 cyc=3832911345 cyc_per_ms=800003
1788557885.561057 [HB] up_ms=435483 frames=19686 inf=19686 hazard=2542 canary_err=0 q=0 qovr=0
1788557885.572198 [I2C] init=0 gate=0 whoami=0x201e0 wr=0 wrseen=0x27 addr=0x5a ok=121597 err=0 tmo=0 recov=0 pclk1=200000000 sysclk=400000000
1788557885.573548 [NAK] nacks=0
1788557885.578218 [CLK] cpu=800000000 sysb=400000000 pclk1=200000000
1788557885.582793 [TOF] res=0 step=0 id=0xeacc blk=0xeacc10 ctl=0x0
1788557885.588676 [RNG] init=0 step=99 id=0xeacc boot=1 calls=93 xerr=0 dm=1 tb=15
1788557885.595536 [RNG] osc=41 imp=881 imprb=881 mstart=0x40 cfg=91 cfgfail=0x0 vhv=0 vpolls=0
1788557885.601660 [PRT] calls=78865 xerr=0 ler=1 lidx=0x0 perr=0 maxcnt=17 addr8=0x52
1788557885.605794 [RTY] wr=0 wmax=0 wref=0  rd=0 rmax=0 rref=0
1788557885.613664 [RNG] frames=19688 last=65 min=49 max=76 nrdy=0 dxfer=0 dstat=0 lst=0 nrdyerr=0 dclr=0
1788557885.619861 [DRV] init=0 id=7 mode=0x1 lib=0x2 seq=0x1 odc=0x8b sts=0xe0 armed=1
1788557885.625280 [TRG] pulses=188 suppressed=2354 cyc=1600 rst=1 rstmode=0x40
1788557885.628660 [HLT] polls=393 faults=0x0 cfglost=0
1788557885.634539 [EFF] n=5 last=58512 min=58450 max=58515 late=0 stuck=0 rderr=0
1788557885.644663 [IMU] init=0 addr=0x68 who=0x68 rst=1 pmrb0=0x40 pmrb=0x1 sr=19 cfg=4 gcfg=0x0 acfg=0x8 icfg=0x30 ien=0x1 armed=1
1788557885.650035 [ACC] reads=19690 stale=19667 rderr=0 ax=59 ay=-64 az=1124
1788557885.652795 [PWR] pm=0x1 drift=0 rderr=0
1788557885.656704 [DWT] ok=1 cyc=420328111 cyc_per_ms=799985
1788557886.670803 [HB] up_ms=436585 frames=19736 inf=19736 hazard=2542 canary_err=0 q=0 qovr=0
1788557886.682032 [I2C] init=0 gate=0 whoami=0x201e0 wr=0 wrseen=0x27 addr=0x5a ok=121893 err=0 tmo=0 recov=0 pclk1=200000000 sysclk=400000000
1788557886.683342 [NAK] nacks=0
1788557886.687938 [CLK] cpu=800000000 sysb=400000000 pclk1=200000000
1788557886.692397 [TOF] res=0 step=0 id=0xeacc blk=0xeacc10 ctl=0x0
1788557886.698406 [RNG] init=0 step=99 id=0xeacc boot=1 calls=93 xerr=0 dm=1 tb=15
1788557886.705274 [RNG] osc=41 imp=881 imprb=881 mstart=0x40 cfg=91 cfgfail=0x0 vhv=0 vpolls=0
1788557886.711491 [PRT] calls=79065 xerr=0 ler=1 lidx=0x0 perr=0 maxcnt=17 addr8=0x52
1788557886.715529 [RTY] wr=0 wmax=0 wref=0  rd=0 rmax=0 rref=0
1788557886.723422 [RNG] frames=19738 last=68 min=49 max=76 nrdy=0 dxfer=0 dstat=0 lst=0 nrdyerr=0 dclr=0
1788557886.729662 [DRV] init=0 id=7 mode=0x1 lib=0x2 seq=0x1 odc=0x8b sts=0xe0 armed=1
1788557886.735068 [TRG] pulses=188 suppressed=2354 cyc=1600 rst=1 rstmode=0x40
1788557886.738407 [HLT] polls=394 faults=0x0 cfglost=0
1788557886.744403 [EFF] n=5 last=58512 min=58450 max=58515 late=0 stuck=0 rderr=0
1788557886.754529 [IMU] init=0 addr=0x68 who=0x68 rst=1 pmrb0=0x40 pmrb=0x1 sr=19 cfg=4 gcfg=0x0 acfg=0x8 icfg=0x30 ien=0x1 armed=1
1788557886.759830 [ACC] reads=19740 stale=19717 rderr=0 ax=59 ay=-65 az=1127
1788557886.762446 [PWR] pm=0x1 drift=0 rderr=0
1788557886.766661 [DWT] ok=1 cyc=1301805919 cyc_per_ms=799889
1788557887.781779 [HB] up_ms=437688 frames=19786 inf=19786 hazard=2542 canary_err=0 q=0 qovr=0
1788557887.793019 [I2C] init=0 gate=0 whoami=0x201e0 wr=0 wrseen=0x27 addr=0x5a ok=122195 err=0 tmo=0 recov=0 pclk1=200000000 sysclk=400000000
1788557887.794390 [NAK] nacks=0
1788557887.798894 [CLK] cpu=800000000 sysb=400000000 pclk1=200000000
1788557887.803519 [TOF] res=0 step=0 id=0xeacc blk=0xeacc10 ctl=0x0
1788557887.809389 [RNG] init=0 step=99 id=0xeacc boot=1 calls=93 xerr=0 dm=1 tb=15
1788557887.816388 [RNG] osc=41 imp=881 imprb=881 mstart=0x40 cfg=91 cfgfail=0x0 vhv=0 vpolls=0
1788557887.822518 [PRT] calls=79265 xerr=0 ler=1 lidx=0x0 perr=0 maxcnt=17 addr8=0x52
1788557887.826514 [RTY] wr=0 wmax=0 wref=0  rd=0 rmax=0 rref=0
1788557887.834525 [RNG] frames=19788 last=62 min=49 max=76 nrdy=0 dxfer=0 dstat=0 lst=0 nrdyerr=0 dclr=0
1788557887.840645 [DRV] init=0 id=7 mode=0x1 lib=0x2 seq=0x1 odc=0x8b sts=0xe0 armed=1
1788557887.846147 [TRG] pulses=188 suppressed=2354 cyc=1600 rst=1 rstmode=0x40
1788557887.849511 [HLT] polls=395 faults=0x0 cfglost=0
1788557887.855386 [EFF] n=5 last=58512 min=58450 max=58515 late=0 stuck=0 rderr=0
1788557887.865506 [IMU] init=0 addr=0x68 who=0x68 rst=1 pmrb0=0x40 pmrb=0x1 sr=19 cfg=4 gcfg=0x0 acfg=0x8 icfg=0x30 ien=0x1 armed=1
1788557887.870887 [ACC] reads=19790 stale=19767 rderr=0 ax=61 ay=-64 az=1126
1788557887.873518 [PWR] pm=0x1 drift=0 rderr=0
1788557887.877511 [DWT] ok=1 cyc=2184205859 cyc_per_ms=799999
1788557888.892268 [HB] up_ms=438790 frames=19836 inf=19836 hazard=2542 canary_err=0 q=0 qovr=0
1788557888.903633 [I2C] init=0 gate=0 whoami=0x201e0 wr=0 wrseen=0x27 addr=0x5a ok=122497 err=0 tmo=0 recov=0 pclk1=200000000 sysclk=400000000
1788557888.915348 [NAK] nacks=0
1788557888.915437 [CLK] cpu=800000000 sysb=400000000 pclk1=200000000
1788557888.915506 [TOF] res=0 step=0 id=0xeacc blk=0xeacc10 ctl=0x0
1788557888.919888 [RNG] init=0 step=99 id=0xeacc boot=1 calls=93 xerr=0 dm=1 tb=15
1788557888.926884 [RNG] osc=41 imp=881 imprb=881 mstart=0x40 cfg=91 cfgfail=0x0 vhv=0 vpolls=0
1788557888.933112 [PRT] calls=79465 xerr=0 ler=1 lidx=0x0 perr=0 maxcnt=17 addr8=0x52
1788557888.937173 [RTY] wr=0 wmax=0 wref=0  rd=0 rmax=0 rref=0
1788557888.945003 [RNG] frames=19838 last=64 min=49 max=76 nrdy=0 dxfer=0 dstat=0 lst=0 nrdyerr=0 dclr=0
1788557888.951252 [DRV] init=0 id=7 mode=0x1 lib=0x2 seq=0x1 odc=0x8b sts=0xe0 armed=1
1788557888.956756 [TRG] pulses=188 suppressed=2354 cyc=1600 rst=1 rstmode=0x40
1788557888.960001 [HLT] polls=396 faults=0x0 cfglost=0
1788557888.965761 [EFF] n=5 last=58512 min=58450 max=58515 late=0 stuck=0 rderr=0
1788557888.976147 [IMU] init=0 addr=0x68 who=0x68 rst=1 pmrb0=0x40 pmrb=0x1 sr=19 cfg=4 gcfg=0x0 acfg=0x8 icfg=0x30 ien=0x1 armed=1
1788557888.981378 [ACC] reads=19840 stale=19817 rderr=0 ax=60 ay=-65 az=1126
1788557888.984163 [PWR] pm=0x1 drift=0 rderr=0
1788557888.988007 [DWT] ok=1 cyc=3065805735 cyc_per_ms=799999
1788557890.002162 [HB] up_ms=439892 frames=19886 inf=19886 hazard=2542 canary_err=0 q=0 qovr=0
1788557890.013371 [I2C] init=0 gate=0 whoami=0x201e0 wr=0 wrseen=0x27 addr=0x5a ok=122799 err=0 tmo=0 recov=0 pclk1=200000000 sysclk=400000000
1788557890.014745 [NAK] nacks=0
1788557890.019379 [CLK] cpu=800000000 sysb=400000000 pclk1=200000000
1788557890.023878 [TOF] res=0 step=0 id=0xeacc blk=0xeacc10 ctl=0x0
1788557890.029629 [RNG] init=0 step=99 id=0xeacc boot=1 calls=93 xerr=0 dm=1 tb=15
1788557890.036742 [RNG] osc=41 imp=881 imprb=881 mstart=0x40 cfg=91 cfgfail=0x0 vhv=0 vpolls=0
1788557890.042775 [PRT] calls=79665 xerr=0 ler=1 lidx=0x0 perr=0 maxcnt=17 addr8=0x52
1788557890.046884 [RTY] wr=0 wmax=0 wref=0  rd=0 rmax=0 rref=0
1788557890.054693 [RNG] frames=19888 last=65 min=49 max=76 nrdy=0 dxfer=0 dstat=0 lst=0 nrdyerr=0 dclr=0
1788557890.061000 [DRV] init=0 id=7 mode=0x1 lib=0x2 seq=0x1 odc=0x8b sts=0xe0 armed=1
1788557890.066499 [TRG] pulses=188 suppressed=2354 cyc=1600 rst=1 rstmode=0x40
1788557890.069870 [HLT] polls=397 faults=0x0 cfglost=0
1788557890.075501 [EFF] n=5 last=58512 min=58450 max=58515 late=0 stuck=0 rderr=0
1788557890.085870 [IMU] init=0 addr=0x68 who=0x68 rst=1 pmrb0=0x40 pmrb=0x1 sr=19 cfg=4 gcfg=0x0 acfg=0x8 icfg=0x30 ien=0x1 armed=1
1788557890.091150 [ACC] reads=19890 stale=19866 rderr=0 ax=58 ay=-64 az=1127
1788557890.093957 [PWR] pm=0x1 drift=0 rderr=0
1788557890.097750 [DWT] ok=1 cyc=3947405867 cyc_per_ms=800000
1788557891.111756 [HB] up_ms=440994 frames=19936 inf=19936 hazard=2542 canary_err=0 q=0 qovr=0
1788557891.123136 [I2C] init=0 gate=0 whoami=0x201e0 wr=0 wrseen=0x27 addr=0x5a ok=123101 err=0 tmo=0 recov=0 pclk1=200000000 sysclk=400000000
1788557891.124367 [NAK] nacks=0
1788557891.128991 [CLK] cpu=800000000 sysb=400000000 pclk1=200000000
1788557891.133494 [TOF] res=0 step=0 id=0xeacc blk=0xeacc10 ctl=0x0
1788557891.139365 [RNG] init=0 step=99 id=0xeacc boot=1 calls=93 xerr=0 dm=1 tb=15
1788557891.146382 [RNG] osc=41 imp=881 imprb=881 mstart=0x40 cfg=91 cfgfail=0x0 vhv=0 vpolls=0
1788557891.152501 [PRT] calls=79865 xerr=0 ler=1 lidx=0x0 perr=0 maxcnt=17 addr8=0x52
1788557891.156494 [RTY] wr=0 wmax=0 wref=0  rd=0 rmax=0 rref=0
1788557891.164372 [RNG] frames=19938 last=65 min=49 max=76 nrdy=0 dxfer=0 dstat=0 lst=0 nrdyerr=0 dclr=0
1788557891.170622 [DRV] init=0 id=7 mode=0x1 lib=0x2 seq=0x1 odc=0x8b sts=0xe0 armed=1
1788557891.176137 [TRG] pulses=188 suppressed=2354 cyc=1600 rst=1 rstmode=0x40
1788557891.179490 [HLT] polls=398 faults=0x0 cfglost=0
1788557891.185241 [EFF] n=5 last=58512 min=58450 max=58515 late=0 stuck=0 rderr=0
1788557891.195497 [IMU] init=0 addr=0x68 who=0x68 rst=1 pmrb0=0x40 pmrb=0x1 sr=19 cfg=4 gcfg=0x0 acfg=0x8 icfg=0x30 ien=0x1 armed=1
1788557891.200871 [ACC] reads=19940 stale=19916 rderr=0 ax=58 ay=-64 az=1126
1788557891.203492 [PWR] pm=0x1 drift=0 rderr=0
1788557891.207371 [DWT] ok=1 cyc=534038383 cyc_per_ms=799999
1788557892.221502 [HB] up_ms=442096 frames=19986 inf=19986 hazard=2568 canary_err=0 q=0 qovr=0
1788557892.232738 [I2C] init=0 gate=0 whoami=0x201e0 wr=0 wrseen=0x27 addr=0x5a ok=123403 err=0 tmo=0 recov=0 pclk1=200000000 sysclk=400000000
1788557892.234169 [NAK] nacks=0
1788557892.238733 [CLK] cpu=800000000 sysb=400000000 pclk1=200000000
1788557892.243241 [TOF] res=0 step=0 id=0xeacc blk=0xeacc10 ctl=0x0
1788557892.249129 [RNG] init=0 step=99 id=0xeacc boot=1 calls=93 xerr=0 dm=1 tb=15
1788557892.256139 [RNG] osc=41 imp=881 imprb=881 mstart=0x40 cfg=91 cfgfail=0x0 vhv=0 vpolls=0
1788557892.262240 [PRT] calls=80062 xerr=0 ler=1 lidx=0x0 perr=0 maxcnt=17 addr8=0x52
1788557892.266369 [RTY] wr=0 wmax=0 wref=0  rd=0 rmax=0 rref=0
1788557892.274129 [RNG] frames=19988 last=63 min=49 max=76 nrdy=0 dxfer=0 dstat=0 lst=0 nrdyerr=0 dclr=0
1788557892.280359 [DRV] init=0 id=7 mode=0x1 lib=0x2 seq=0x1 odc=0x8b sts=0xe0 armed=1
1788557892.285863 [TRG] pulses=191 suppressed=2380 cyc=1600 rst=1 rstmode=0x40
1788557892.289225 [HLT] polls=399 faults=0x0 cfglost=0
1788557892.294980 [EFF] n=5 last=58512 min=58450 max=58515 late=0 stuck=0 rderr=0
1788557892.305378 [IMU] init=0 addr=0x68 who=0x68 rst=1 pmrb0=0x40 pmrb=0x1 sr=19 cfg=4 gcfg=0x0 acfg=0x8 icfg=0x30 ien=0x1 armed=1
1788557892.310608 [ACC] reads=19990 stale=19966 rderr=0 ax=59 ay=-65 az=1126
1788557892.313225 [PWR] pm=0x1 drift=0 rderr=0
1788557892.317225 [DWT] ok=1 cyc=1415644975 cyc_per_ms=800005
1788557893.331135 [HB] up_ms=443198 frames=20036 inf=20036 hazard=2583 canary_err=0 q=0 qovr=0
1788557893.342232 [I2C] init=0 gate=0 whoami=0x201e0 wr=0 wrseen=0x27 addr=0x5a ok=123705 err=0 tmo=0 recov=0 pclk1=200000000 sysclk=400000000
1788557893.343613 [NAK] nacks=0
1788557893.348353 [CLK] cpu=800000000 sysb=400000000 pclk1=200000000
1788557893.352863 [TOF] res=0 step=0 id=0xeacc blk=0xeacc10 ctl=0x0
1788557893.358720 [RNG] init=0 step=99 id=0xeacc boot=1 calls=93 xerr=0 dm=1 tb=15
1788557893.365596 [RNG] osc=41 imp=881 imprb=881 mstart=0x40 cfg=91 cfgfail=0x0 vhv=0 vpolls=0
1788557893.371899 [PRT] calls=80261 xerr=0 ler=1 lidx=0x0 perr=0 maxcnt=17 addr8=0x52
1788557893.375864 [RTY] wr=0 wmax=0 wref=0  rd=0 rmax=0 rref=0
1788557893.383650 [RNG] frames=20038 last=60 min=49 max=76 nrdy=0 dxfer=0 dstat=0 lst=0 nrdyerr=0 dclr=0
1788557893.389862 [DRV] init=0 id=7 mode=0x1 lib=0x2 seq=0x1 odc=0x8b sts=0xe0 armed=1
1788557893.395479 [TRG] pulses=191 suppressed=2392 cyc=1600 rst=1 rstmode=0x40
1788557893.398854 [HLT] polls=400 faults=0x0 cfglost=0
1788557893.404603 [EFF] n=5 last=58512 min=58450 max=58515 late=0 stuck=0 rderr=0
1788557893.414846 [IMU] init=0 addr=0x68 who=0x68 rst=1 pmrb0=0x40 pmrb=0x1 sr=19 cfg=4 gcfg=0x0 acfg=0x8 icfg=0x30 ien=0x1 armed=1
1788557893.420220 [ACC] reads=20040 stale=20016 rderr=0 ax=60 ay=-64 az=1124
1788557893.422853 [PWR] pm=0x1 drift=0 rderr=0
1788557893.426848 [DWT] ok=1 cyc=2297238659 cyc_per_ms=799994
1788557894.440480 [HB] up_ms=444300 frames=20086 inf=20086 hazard=2583 canary_err=0 q=0 qovr=0
1788557894.451593 [I2C] init=0 gate=0 whoami=0x201e0 wr=0 wrseen=0x27 addr=0x5a ok=124007 err=0 tmo=0 recov=0 pclk1=200000000 sysclk=400000000
1788557894.452963 [NAK] nacks=0
1788557894.457713 [CLK] cpu=800000000 sysb=400000000 pclk1=200000000
1788557894.462211 [TOF] res=0 step=0 id=0xeacc blk=0xeacc10 ctl=0x0
1788557894.467962 [RNG] init=0 step=99 id=0xeacc boot=1 calls=93 xerr=0 dm=1 tb=15
1788557894.474837 [RNG] osc=41 imp=881 imprb=881 mstart=0x40 cfg=91 cfgfail=0x0 vhv=0 vpolls=0
1788557894.481133 [PRT] calls=80461 xerr=0 ler=1 lidx=0x0 perr=0 maxcnt=17 addr8=0x52
1788557894.485233 [RTY] wr=0 wmax=0 wref=0  rd=0 rmax=0 rref=0
1788557894.492962 [RNG] frames=20088 last=63 min=49 max=76 nrdy=0 dxfer=0 dstat=0 lst=0 nrdyerr=0 dclr=0
1788557894.499217 [DRV] init=0 id=7 mode=0x1 lib=0x2 seq=0x1 odc=0x8b sts=0xe0 armed=1
1788557894.504846 [TRG] pulses=191 suppressed=2392 cyc=1600 rst=1 rstmode=0x40
1788557894.508226 [HLT] polls=401 faults=0x0 cfglost=0
1788557894.513963 [EFF] n=5 last=58512 min=58450 max=58515 late=0 stuck=0 rderr=0
1788557894.524103 [IMU] init=0 addr=0x68 who=0x68 rst=1 pmrb0=0x40 pmrb=0x1 sr=19 cfg=4 gcfg=0x0 acfg=0x8 icfg=0x30 ien=0x1 armed=1
1788557894.529608 [ACC] reads=20089 stale=20065 rderr=0 ax=62 ay=-64 az=1124
1788557894.532225 [PWR] pm=0x1 drift=0 rderr=0
1788557894.536109 [DWT] ok=1 cyc=3178866675 cyc_per_ms=800025
1788557895.550477 [HB] up_ms=445402 frames=20135 inf=20135 hazard=2583 canary_err=0 q=0 qovr=0
1788557895.561577 [I2C] init=0 gate=0 whoami=0x201e0 wr=0 wrseen=0x27 addr=0x5a ok=124309 err=0 tmo=0 recov=0 pclk1=200000000 sysclk=400000000
1788557895.562956 [NAK] nacks=0
1788557895.567578 [CLK] cpu=800000000 sysb=400000000 pclk1=200000000
1788557895.572243 [TOF] res=0 step=0 id=0xeacc blk=0xeacc10 ctl=0x0
1788557895.578114 [RNG] init=0 step=99 id=0xeacc boot=1 calls=93 xerr=0 dm=1 tb=15
1788557895.584965 [RNG] osc=41 imp=881 imprb=881 mstart=0x40 cfg=91 cfgfail=0x0 vhv=0 vpolls=0
1788557895.591103 [PRT] calls=80661 xerr=0 ler=1 lidx=0x0 perr=0 maxcnt=17 addr8=0x52
1788557895.595205 [RTY] wr=0 wmax=0 wref=0  rd=0 rmax=0 rref=0
1788557895.603104 [RNG] frames=20138 last=67 min=49 max=76 nrdy=0 dxfer=0 dstat=0 lst=0 nrdyerr=0 dclr=0
1788557895.609206 [DRV] init=0 id=7 mode=0x1 lib=0x2 seq=0x1 odc=0x8b sts=0xe0 armed=1
1788557895.614711 [TRG] pulses=191 suppressed=2392 cyc=1600 rst=1 rstmode=0x40
1788557895.618200 [HLT] polls=402 faults=0x0 cfglost=0
1788557895.623952 [EFF] n=5 last=58512 min=58450 max=58515 late=0 stuck=0 rderr=0
1788557895.634102 [IMU] init=0 addr=0x68 who=0x68 rst=1 pmrb0=0x40 pmrb=0x1 sr=19 cfg=4 gcfg=0x0 acfg=0x8 icfg=0x30 ien=0x1 armed=1
1788557895.639586 [ACC] reads=20139 stale=20115 rderr=0 ax=57 ay=-63 az=1126
1788557895.642212 [PWR] pm=0x1 drift=0 rderr=0
1788557895.646210 [DWT] ok=1 cyc=4060573613 cyc_per_ms=800097
1788557896.661470 [HB] up_ms=446505 frames=20185 inf=20185 hazard=2583 canary_err=0 q=0 qovr=0
1788557896.672701 [I2C] init=0 gate=0 whoami=0x201e0 wr=0 wrseen=0x27 addr=0x5a ok=124611 err=0 tmo=0 recov=0 pclk1=200000000 sysclk=400000000
1788557896.673949 [NAK] nacks=0
1788557896.678568 [CLK] cpu=800000000 sysb=400000000 pclk1=200000000
1788557896.683200 [TOF] res=0 step=0 id=0xeacc blk=0xeacc10 ctl=0x0
1788557896.689090 [RNG] init=0 step=99 id=0xeacc boot=1 calls=93 xerr=0 dm=1 tb=15
1788557896.695943 [RNG] osc=41 imp=881 imprb=881 mstart=0x40 cfg=91 cfgfail=0x0 vhv=0 vpolls=0
1788557896.702068 [PRT] calls=80861 xerr=0 ler=1 lidx=0x0 perr=0 maxcnt=17 addr8=0x52
1788557896.706331 [RTY] wr=0 wmax=0 wref=0  rd=0 rmax=0 rref=0
1788557896.714100 [RNG] frames=20188 last=68 min=49 max=76 nrdy=0 dxfer=0 dstat=0 lst=0 nrdyerr=0 dclr=0
1788557896.720191 [DRV] init=0 id=7 mode=0x1 lib=0x2 seq=0x1 odc=0x8b sts=0xe0 armed=1
1788557896.725693 [TRG] pulses=191 suppressed=2392 cyc=1600 rst=1 rstmode=0x40
1788557896.729191 [HLT] polls=403 faults=0x0 cfglost=0
1788557896.734951 [EFF] n=5 last=58512 min=58450 max=58515 late=0 stuck=0 rderr=0
1788557896.745263 [IMU] init=0 addr=0x68 who=0x68 rst=1 pmrb0=0x40 pmrb=0x1 sr=19 cfg=4 gcfg=0x0 acfg=0x8 icfg=0x30 ien=0x1 armed=1
1788557896.750459 [ACC] reads=20189 stale=20165 rderr=0 ax=60 ay=-64 az=1128
1788557896.753324 [PWR] pm=0x1 drift=0 rderr=0
1788557896.757200 [DWT] ok=1 cyc=648006101 cyc_per_ms=799999
1788557897.771586 [HB] up_ms=447607 frames=20235 inf=20235 hazard=2583 canary_err=0 q=0 qovr=0
1788557897.782829 [I2C] init=0 gate=0 whoami=0x201e0 wr=0 wrseen=0x27 addr=0x5a ok=124909 err=0 tmo=0 recov=0 pclk1=200000000 sysclk=400000000
1788557897.784069 [NAK] nacks=0
1788557897.788691 [CLK] cpu=800000000 sysb=400000000 pclk1=200000000
1788557897.793184 [TOF] res=0 step=0 id=0xeacc blk=0xeacc10 ctl=0x0
1788557897.799184 [RNG] init=0 step=99 id=0xeacc boot=1 calls=93 xerr=0 dm=1 tb=15
1788557897.806064 [RNG] osc=41 imp=881 imprb=881 mstart=0x40 cfg=91 cfgfail=0x0 vhv=0 vpolls=0
1788557897.812189 [PRT] calls=81061 xerr=0 ler=1 lidx=0x0 perr=0 maxcnt=17 addr8=0x52
1788557897.816320 [RTY] wr=0 wmax=0 wref=0  rd=0 rmax=0 rref=0
1788557897.824189 [RNG] frames=20237 last=66 min=49 max=76 nrdy=0 dxfer=0 dstat=0 lst=0 nrdyerr=0 dclr=0
1788557897.830434 [DRV] init=0 id=7 mode=0x1 lib=0x2 seq=0x1 odc=0x8b sts=0xe0 armed=1
1788557897.835818 [TRG] pulses=191 suppressed=2392 cyc=1600 rst=1 rstmode=0x40
1788557897.839191 [HLT] polls=404 faults=0x0 cfglost=0
1788557897.845196 [EFF] n=5 last=58512 min=58450 max=58515 late=0 stuck=0 rderr=0
1788557897.855314 [IMU] init=0 addr=0x68 who=0x68 rst=1 pmrb0=0x40 pmrb=0x1 sr=19 cfg=4 gcfg=0x0 acfg=0x8 icfg=0x30 ien=0x1 armed=1
1788557897.860565 [ACC] reads=20239 stale=20215 rderr=0 ax=59 ay=-63 az=1124
1788557897.863190 [PWR] pm=0x1 drift=0 rderr=0
1788557897.867441 [DWT] ok=1 cyc=1529471323 cyc_per_ms=799877
1788557898.882455 [HB] up_ms=448710 frames=20285 inf=20285 hazard=2588 canary_err=0 q=0 qovr=0
1788557898.893858 [I2C] init=0 gate=0 whoami=0x201e0 wr=0 wrseen=0x27 addr=0x5a ok=125209 err=0 tmo=0 recov=0 pclk1=200000000 sysclk=400000000
1788557898.895116 [NAK] nacks=0
1788557898.899689 [CLK] cpu=800000000 sysb=400000000 pclk1=200000000
1788557898.904188 [TOF] res=0 step=0 id=0xeacc blk=0xeacc10 ctl=0x0
1788557898.910201 [RNG] init=0 step=99 id=0xeacc boot=1 calls=93 xerr=0 dm=1 tb=15
1788557898.917065 [RNG] osc=41 imp=881 imprb=881 mstart=0x40 cfg=91 cfgfail=0x0 vhv=0 vpolls=0
1788557898.923212 [PRT] calls=81261 xerr=0 ler=1 lidx=0x0 perr=0 maxcnt=17 addr8=0x52
1788557898.927197 [RTY] wr=0 wmax=0 wref=0  rd=0 rmax=0 rref=0
1788557898.935223 [RNG] frames=20287 last=64 min=49 max=76 nrdy=0 dxfer=0 dstat=0 lst=0 nrdyerr=0 dclr=0
1788557898.941303 [DRV] init=0 id=7 mode=0x1 lib=0x2 seq=0x1 odc=0x8b sts=0xe0 armed=1
1788557898.946805 [TRG] pulses=192 suppressed=2399 cyc=1600 rst=1 rstmode=0x40
1788557898.950183 [HLT] polls=405 faults=0x0 cfglost=0
1788557898.956051 [EFF] n=5 last=58512 min=58450 max=58515 late=0 stuck=0 rderr=0
1788557898.966322 [IMU] init=0 addr=0x68 who=0x68 rst=1 pmrb0=0x40 pmrb=0x1 sr=19 cfg=4 gcfg=0x0 acfg=0x8 icfg=0x30 ien=0x1 armed=1
1788557898.971560 [ACC] reads=20289 stale=20265 rderr=0 ax=62 ay=-65 az=1125
1788557898.974183 [PWR] pm=0x1 drift=0 rderr=0
1788557898.978310 [DWT] ok=1 cyc=2411874735 cyc_per_ms=800003
1788557899.993566 [HB] up_ms=449813 frames=20335 inf=20335 hazard=2624 canary_err=0 q=0 qovr=0
1788557900.004803 [I2C] init=0 gate=0 whoami=0x201e0 wr=0 wrseen=0x27 addr=0x5a ok=125511 err=0 tmo=0 recov=0 pclk1=200000000 sysclk=400000000
1788557900.006183 [NAK] nacks=0
1788557900.010692 [CLK] cpu=800000000 sysb=400000000 pclk1=200000000
1788557900.015179 [TOF] res=0 step=0 id=0xeacc blk=0xeacc10 ctl=0x0
1788557900.021175 [RNG] init=0 step=99 id=0xeacc boot=1 calls=93 xerr=0 dm=1 tb=15
1788557900.028166 [RNG] osc=41 imp=881 imprb=881 mstart=0x40 cfg=91 cfgfail=0x0 vhv=0 vpolls=0
1788557900.034185 [PRT] calls=81461 xerr=0 ler=1 lidx=0x0 perr=0 maxcnt=17 addr8=0x52
1788557900.038306 [RTY] wr=0 wmax=0 wref=0  rd=0 rmax=0 rref=0
1788557900.046166 [RNG] frames=20337 last=69 min=49 max=76 nrdy=0 dxfer=0 dstat=0 lst=0 nrdyerr=0 dclr=0
1788557900.052433 [DRV] init=0 id=7 mode=0x1 lib=0x2 seq=0x1 odc=0x8b sts=0xe0 armed=1
1788557900.057919 [TRG] pulses=194 suppressed=2430 cyc=1600 rst=1 rstmode=0x40
1788557900.061169 [HLT] polls=406 faults=0x0 cfglost=0
1788557900.067044 [EFF] n=5 last=58512 min=58450 max=58515 late=0 stuck=0 rderr=0
1788557900.077315 [IMU] init=0 addr=0x68 who=0x68 rst=1 pmrb0=0x40 pmrb=0x1 sr=19 cfg=4 gcfg=0x0 acfg=0x8 icfg=0x30 ien=0x1 armed=1
1788557900.082549 [ACC] reads=20339 stale=20315 rderr=0 ax=59 ay=-65 az=1126
1788557900.085306 [PWR] pm=0x1 drift=0 rderr=0
1788557900.089216 [DWT] ok=1 cyc=3294271303 cyc_per_ms=799996
1788557901.103437 [HB] up_ms=450915 frames=20385 inf=20385 hazard=2624 canary_err=0 q=0 qovr=0
1788557901.114673 [I2C] init=0 gate=0 whoami=0x201e0 wr=0 wrseen=0x27 addr=0x5a ok=125813 err=0 tmo=0 recov=0 pclk1=200000000 sysclk=400000000
1788557901.115929 [NAK] nacks=0
1788557901.120546 [CLK] cpu=800000000 sysb=400000000 pclk1=200000000
1788557901.125047 [TOF] res=0 step=0 id=0xeacc blk=0xeacc10 ctl=0x0
1788557901.130930 [RNG] init=0 step=99 id=0xeacc boot=1 calls=93 xerr=0 dm=1 tb=15
1788557901.137924 [RNG] osc=41 imp=881 imprb=881 mstart=0x40 cfg=91 cfgfail=0x0 vhv=0 vpolls=0
1788557901.144036 [PRT] calls=81661 xerr=0 ler=1 lidx=0x0 perr=0 maxcnt=17 addr8=0x52
1788557901.148181 [RTY] wr=0 wmax=0 wref=0  rd=0 rmax=0 rref=0
1788557901.155924 [RNG] frames=20387 last=59 min=49 max=76 nrdy=0 dxfer=0 dstat=0 lst=0 nrdyerr=0 dclr=0
1788557901.162313 [DRV] init=0 id=7 mode=0x1 lib=0x2 seq=0x1 odc=0x8b sts=0xe0 armed=1
1788557901.167679 [TRG] pulses=194 suppressed=2430 cyc=1600 rst=1 rstmode=0x40
1788557901.171035 [HLT] polls=407 faults=0x0 cfglost=0
1788557901.176799 [EFF] n=5 last=58512 min=58450 max=58515 late=0 stuck=0 rderr=0
1788557901.187193 [IMU] init=0 addr=0x68 who=0x68 rst=1 pmrb0=0x40 pmrb=0x1 sr=19 cfg=4 gcfg=0x0 acfg=0x8 icfg=0x30 ien=0x1 armed=1
1788557901.192424 [ACC] reads=20389 stale=20365 rderr=0 ax=59 ay=-62 az=1128
1788557901.195045 [PWR] pm=0x1 drift=0 rderr=0
1788557901.199051 [DWT] ok=1 cyc=4175871411 cyc_per_ms=800000
1788557902.213045 [HB] up_ms=452017 frames=20435 inf=20435 hazard=2624 canary_err=0 q=0 qovr=0
1788557902.224422 [I2C] init=0 gate=0 whoami=0x201e0 wr=0 wrseen=0x27 addr=0x5a ok=126115 err=0 tmo=0 recov=0 pclk1=200000000 sysclk=400000000
1788557902.225664 [NAK] nacks=0
1788557902.230304 [CLK] cpu=800000000 sysb=400000000 pclk1=200000000
1788557902.234795 [TOF] res=0 step=0 id=0xeacc blk=0xeacc10 ctl=0x0
1788557902.240548 [RNG] init=0 step=99 id=0xeacc boot=1 calls=93 xerr=0 dm=1 tb=15
1788557902.247667 [RNG] osc=41 imp=881 imprb=881 mstart=0x40 cfg=91 cfgfail=0x0 vhv=0 vpolls=0
1788557902.253787 [PRT] calls=81861 xerr=0 ler=1 lidx=0x0 perr=0 maxcnt=17 addr8=0x52
1788557902.257784 [RTY] wr=0 wmax=0 wref=0  rd=0 rmax=0 rref=0
1788557902.265538 [RNG] frames=20437 last=60 min=49 max=76 nrdy=0 dxfer=0 dstat=0 lst=0 nrdyerr=0 dclr=0
1788557902.271913 [DRV] init=0 id=7 mode=0x1 lib=0x2 seq=0x1 odc=0x8b sts=0xe0 armed=1
1788557902.277409 [TRG] pulses=194 suppressed=2430 cyc=1600 rst=1 rstmode=0x40
1788557902.280785 [HLT] polls=408 faults=0x0 cfglost=0
1788557902.286599 [EFF] n=5 last=58512 min=58450 max=58515 late=0 stuck=0 rderr=0
1788557902.296786 [IMU] init=0 addr=0x68 who=0x68 rst=1 pmrb0=0x40 pmrb=0x1 sr=19 cfg=4 gcfg=0x0 acfg=0x8 icfg=0x30 ien=0x1 armed=1
1788557902.302036 [ACC] reads=20439 stale=20415 rderr=0 ax=61 ay=-65 az=1124
1788557902.304786 [PWR] pm=0x1 drift=0 rderr=0
1788557902.308663 [DWT] ok=1 cyc=762503787 cyc_per_ms=799999
1788557903.323285 [HB] up_ms=453119 frames=20485 inf=20485 hazard=2624 canary_err=0 q=0 qovr=0
1788557903.334522 [I2C] init=0 gate=0 whoami=0x201e0 wr=0 wrseen=0x27 addr=0x5a ok=126417 err=0 tmo=0 recov=0 pclk1=200000000 sysclk=400000000
1788557903.335907 [NAK] nacks=0
1788557903.340528 [CLK] cpu=800000000 sysb=400000000 pclk1=200000000
1788557903.345021 [TOF] res=0 step=0 id=0xeacc blk=0xeacc10 ctl=0x0
1788557903.350775 [RNG] init=0 step=99 id=0xeacc boot=1 calls=93 xerr=0 dm=1 tb=15
1788557903.357899 [RNG] osc=41 imp=881 imprb=881 mstart=0x40 cfg=91 cfgfail=0x0 vhv=0 vpolls=0
1788557903.364020 [PRT] calls=82061 xerr=0 ler=1 lidx=0x0 perr=0 maxcnt=17 addr8=0x52
1788557903.368023 [RTY] wr=0 wmax=0 wref=0  rd=0 rmax=0 rref=0
1788557903.375892 [RNG] frames=20487 last=60 min=49 max=76 nrdy=0 dxfer=0 dstat=0 lst=0 nrdyerr=0 dclr=0
1788557903.382277 [DRV] init=0 id=7 mode=0x1 lib=0x2 seq=0x1 odc=0x8b sts=0xe0 armed=1
1788557903.387655 [TRG] pulses=194 suppressed=2430 cyc=1600 rst=1 rstmode=0x40
1788557903.391027 [HLT] polls=409 faults=0x0 cfglost=0
1788557903.396775 [EFF] n=5 last=58512 min=58450 max=58515 late=0 stuck=0 rderr=0
1788557903.407186 [IMU] init=0 addr=0x68 who=0x68 rst=1 pmrb0=0x40 pmrb=0x1 sr=19 cfg=4 gcfg=0x0 acfg=0x8 icfg=0x30 ien=0x1 armed=1
1788557903.412397 [ACC] reads=20489 stale=20465 rderr=0 ax=61 ay=-65 az=1126
1788557903.415189 [PWR] pm=0x1 drift=0 rderr=0
1788557903.419033 [DWT] ok=1 cyc=1644103975 cyc_per_ms=800000
1788557904.433910 [HB] up_ms=454221 frames=20535 inf=20535 hazard=2624 canary_err=0 q=0 qovr=0
1788557904.445017 [I2C] init=0 gate=0 whoami=0x201e0 wr=0 wrseen=0x27 addr=0x5a ok=126719 err=0 tmo=0 recov=0 pclk1=200000000 sysclk=400000000
1788557904.446386 [NAK] nacks=0
1788557904.451171 [CLK] cpu=800000000 sysb=400000000 pclk1=200000000
1788557904.455642 [TOF] res=0 step=0 id=0xeacc blk=0xeacc10 ctl=0x0
1788557904.461392 [RNG] init=0 step=99 id=0xeacc boot=1 calls=93 xerr=0 dm=1 tb=15
1788557904.468275 [RNG] osc=41 imp=881 imprb=881 mstart=0x40 cfg=91 cfgfail=0x0 vhv=0 vpolls=0
1788557904.474638 [PRT] calls=82257 xerr=0 ler=1 lidx=0x0 perr=0 maxcnt=17 addr8=0x52
1788557904.478642 [RTY] wr=0 wmax=0 wref=0  rd=0 rmax=0 rref=0
1788557904.486407 [RNG] frames=20537 last=63 min=49 max=76 nrdy=0 dxfer=0 dstat=0 lst=0 nrdyerr=0 dclr=0
1788557904.492820 [DRV] init=0 id=7 mode=0x1 lib=0x2 seq=0x1 odc=0x8b sts=0xe0 armed=1
1788557904.498269 [TRG] pulses=194 suppressed=2430 cyc=1600 rst=1 rstmode=0x40
1788557904.501644 [HLT] polls=410 faults=0x0 cfglost=0
1788557904.507390 [EFF] n=5 last=58512 min=58450 max=58515 late=0 stuck=0 rderr=0
1788557904.517782 [IMU] init=0 addr=0x68 who=0x68 rst=1 pmrb0=0x40 pmrb=0x1 sr=19 cfg=4 gcfg=0x0 acfg=0x8 icfg=0x30 ien=0x1 armed=1
1788557904.523014 [ACC] reads=20539 stale=20515 rderr=0 ax=62 ay=-65 az=1126
1788557904.525641 [PWR] pm=0x1 drift=0 rderr=0
1788557904.529638 [DWT] ok=1 cyc=2525703923 cyc_per_ms=799999
1788557905.544262 [HB] up_ms=455323 frames=20585 inf=20585 hazard=2624 canary_err=0 q=0 qovr=0
1788557905.555387 [I2C] init=0 gate=0 whoami=0x201e0 wr=0 wrseen=0x27 addr=0x5a ok=127021 err=0 tmo=0 recov=0 pclk1=200000000 sysclk=400000000
1788557905.556756 [NAK] nacks=0
1788557905.561513 [CLK] cpu=800000000 sysb=400000000 pclk1=200000000
1788557905.566015 [TOF] res=0 step=0 id=0xeacc blk=0xeacc10 ctl=0x0
1788557905.571748 [RNG] init=0 step=99 id=0xeacc boot=1 calls=93 xerr=0 dm=1 tb=15
1788557905.578766 [RNG] osc=41 imp=881 imprb=881 mstart=0x40 cfg=91 cfgfail=0x0 vhv=0 vpolls=0
1788557905.585017 [PRT] calls=82457 xerr=0 ler=1 lidx=0x0 perr=0 maxcnt=17 addr8=0x52
1788557905.589008 [RTY] wr=0 wmax=0 wref=0  rd=0 rmax=0 rref=0
1788557905.596755 [RNG] frames=20587 last=62 min=49 max=76 nrdy=0 dxfer=0 dstat=0 lst=0 nrdyerr=0 dclr=0
1788557905.603003 [DRV] init=0 id=7 mode=0x1 lib=0x2 seq=0x1 odc=0x8b sts=0xe0 armed=1
1788557905.608630 [TRG] pulses=194 suppressed=2430 cyc=1600 rst=1 rstmode=0x40
1788557905.612009 [HLT] polls=411 faults=0x0 cfglost=0
1788557905.617773 [EFF] n=5 last=58512 min=58450 max=58515 late=0 stuck=0 rderr=0
1788557905.628003 [IMU] init=0 addr=0x68 who=0x68 rst=1 pmrb0=0x40 pmrb=0x1 sr=19 cfg=4 gcfg=0x0 acfg=0x8 icfg=0x30 ien=0x1 armed=1
1788557905.633380 [ACC] reads=20589 stale=20565 rderr=0 ax=62 ay=-64 az=1126
1788557905.636004 [PWR] pm=0x1 drift=0 rderr=0
1788557905.640004 [DWT] ok=1 cyc=3407303967 cyc_per_ms=800000
1788557906.654514 [HB] up_ms=456425 frames=20634 inf=20634 hazard=2658 canary_err=0 q=0 qovr=0
1788557906.665633 [I2C] init=0 gate=0 whoami=0x201e0 wr=0 wrseen=0x27 addr=0x5a ok=127323 err=0 tmo=0 recov=0 pclk1=200000000 sysclk=400000000
1788557906.667008 [NAK] nacks=0
1788557906.671632 [CLK] cpu=800000000 sysb=400000000 pclk1=200000000
1788557906.676257 [TOF] res=0 step=0 id=0xeacc blk=0xeacc10 ctl=0x0
1788557906.682144 [RNG] init=0 step=99 id=0xeacc boot=1 calls=93 xerr=0 dm=1 tb=15
1788557906.688993 [RNG] osc=41 imp=881 imprb=881 mstart=0x40 cfg=91 cfgfail=0x0 vhv=0 vpolls=0
1788557906.695243 [PRT] calls=82657 xerr=0 ler=1 lidx=0x0 perr=0 maxcnt=17 addr8=0x52
1788557906.699397 [RTY] wr=0 wmax=0 wref=0  rd=0 rmax=0 rref=0
1788557906.707142 [RNG] frames=20637 last=62 min=49 max=76 nrdy=0 dxfer=0 dstat=0 lst=0 nrdyerr=0 dclr=0
1788557906.713245 [DRV] init=0 id=7 mode=0x1 lib=0x2 seq=0x1 odc=0x8b sts=0xe0 armed=1
1788557906.718873 [TRG] pulses=197 suppressed=2464 cyc=1600 rst=1 rstmode=0x40
1788557906.722246 [HLT] polls=412 faults=0x0 cfglost=0
1788557906.727995 [EFF] n=5 last=58512 min=58450 max=58515 late=0 stuck=0 rderr=0
1788557906.738248 [IMU] init=0 addr=0x68 who=0x68 rst=1 pmrb0=0x40 pmrb=0x1 sr=19 cfg=4 gcfg=0x0 acfg=0x8 icfg=0x30 ien=0x1 armed=1
1788557906.743625 [ACC] reads=20638 stale=20614 rderr=0 ax=59 ay=-64 az=1126
1788557906.746384 [PWR] pm=0x1 drift=0 rderr=0
1788557906.750255 [DWT] ok=1 cyc=4289042433 cyc_per_ms=800125
1788557907.766262 [HB] up_ms=457528 frames=20684 inf=20684 hazard=2665 canary_err=0 q=0 qovr=0
1788557907.777374 [I2C] init=0 gate=0 whoami=0x201e0 wr=0 wrseen=0x27 addr=0x5a ok=127625 err=0 tmo=0 recov=0 pclk1=200000000 sysclk=400000000
1788557907.778746 [NAK] nacks=0
1788557907.783245 [CLK] cpu=800000000 sysb=400000000 pclk1=200000000
1788557907.787999 [TOF] res=0 step=0 id=0xeacc blk=0xeacc10 ctl=0x0
1788557907.793735 [RNG] init=0 step=99 id=0xeacc boot=1 calls=93 xerr=0 dm=1 tb=15
1788557907.800746 [RNG] osc=41 imp=881 imprb=881 mstart=0x40 cfg=91 cfgfail=0x0 vhv=0 vpolls=0
1788557907.806736 [PRT] calls=82857 xerr=0 ler=1 lidx=0x0 perr=0 maxcnt=17 addr8=0x52
1788557907.811000 [RTY] wr=0 wmax=0 wref=0  rd=0 rmax=0 rref=0
1788557907.818864 [RNG] frames=20687 last=63 min=49 max=76 nrdy=0 dxfer=0 dstat=0 lst=0 nrdyerr=0 dclr=0
1788557907.824987 [DRV] init=0 id=7 mode=0x1 lib=0x2 seq=0x1 odc=0x8b sts=0xe0 armed=1
1788557907.830513 [TRG] pulses=197 suppressed=2468 cyc=1600 rst=1 rstmode=0x40
1788557907.834027 [HLT] polls=413 faults=0x0 cfglost=0
1788557907.839748 [EFF] n=5 last=58512 min=58450 max=58515 late=0 stuck=0 rderr=0
1788557907.849988 [IMU] init=0 addr=0x68 who=0x68 rst=1 pmrb0=0x40 pmrb=0x1 sr=19 cfg=4 gcfg=0x0 acfg=0x8 icfg=0x30 ien=0x1 armed=1
1788557907.855361 [ACC] reads=20688 stale=20664 rderr=0 ax=61 ay=-64 az=1126
1788557907.858137 [PWR] pm=0x1 drift=0 rderr=0
1788557907.861991 [DWT] ok=1 cyc=876471505 cyc_per_ms=799996
1788557908.876994 [HB] up_ms=458630 frames=20734 inf=20734 hazard=2665 canary_err=0 q=0 qovr=0
1788557908.888222 [I2C] init=0 gate=0 whoami=0x201e0 wr=0 wrseen=0x27 addr=0x5a ok=127926 err=0 tmo=0 recov=0 pclk1=200000000 sysclk=400000000
1788557908.889599 [NAK] nacks=0
1788557908.894126 [CLK] cpu=800000000 sysb=400000000 pclk1=200000000
1788557908.898729 [TOF] res=0 step=0 id=0xeacc blk=0xeacc10 ctl=0x0
1788557908.904724 [RNG] init=0 step=99 id=0xeacc boot=1 calls=93 xerr=0 dm=1 tb=15
1788557908.911610 [RNG] osc=41 imp=881 imprb=881 mstart=0x40 cfg=91 cfgfail=0x0 vhv=0 vpolls=0
1788557908.917772 [PRT] calls=83057 xerr=0 ler=1 lidx=0x0 perr=0 maxcnt=17 addr8=0x52
1788557908.921751 [RTY] wr=0 wmax=0 wref=0  rd=0 rmax=0 rref=0
1788557908.929727 [RNG] frames=20736 last=60 min=49 max=76 nrdy=0 dxfer=0 dstat=0 lst=0 nrdyerr=0 dclr=0
1788557908.935862 [DRV] init=0 id=7 mode=0x1 lib=0x2 seq=0x1 odc=0x8b sts=0xe0 armed=1
1788557908.941357 [TRG] pulses=197 suppressed=2468 cyc=1600 rst=1 rstmode=0x40
1788557908.944731 [HLT] polls=414 faults=0x0 cfglost=0
1788557908.950732 [EFF] n=5 last=58512 min=58450 max=58515 late=0 stuck=0 rderr=0
1788557908.960857 [IMU] init=0 addr=0x68 who=0x68 rst=1 pmrb0=0x40 pmrb=0x1 sr=19 cfg=4 gcfg=0x0 acfg=0x8 icfg=0x30 ien=0x1 armed=1
1788557908.966127 [ACC] reads=20738 stale=20714 rderr=0 ax=61 ay=-65 az=1128
1788557908.968860 [PWR] pm=0x1 drift=0 rderr=0
1788557908.972991 [DWT] ok=1 cyc=1758006823 cyc_per_ms=799941
1788557909.988732 [HB] up_ms=459733 frames=20784 inf=20784 hazard=2665 canary_err=0 q=0 qovr=0
1788557909.999971 [I2C] init=0 gate=0 whoami=0x201e0 wr=0 wrseen=0x27 addr=0x5a ok=128223 err=0 tmo=0 recov=0 pclk1=200000000 sysclk=400000000
1788557910.001353 [NAK] nacks=0
1788557910.005976 [CLK] cpu=800000000 sysb=400000000 pclk1=200000000
1788557910.010481 [TOF] res=0 step=0 id=0xeacc blk=0xeacc10 ctl=0x0
1788557910.016484 [RNG] init=0 step=99 id=0xeacc boot=1 calls=93 xerr=0 dm=1 tb=15
1788557910.023355 [RNG] osc=41 imp=881 imprb=881 mstart=0x40 cfg=91 cfgfail=0x0 vhv=0 vpolls=0
1788557910.029505 [PRT] calls=83257 xerr=0 ler=1 lidx=0x0 perr=0 maxcnt=17 addr8=0x52
1788557910.033474 [RTY] wr=0 wmax=0 wref=0  rd=0 rmax=0 rref=0
1788557910.041476 [RNG] frames=20786 last=61 min=49 max=76 nrdy=0 dxfer=0 dstat=0 lst=0 nrdyerr=0 dclr=0
1788557910.047596 [DRV] init=0 id=7 mode=0x1 lib=0x2 seq=0x1 odc=0x8b sts=0xe0 armed=1
1788557910.053129 [TRG] pulses=197 suppressed=2468 cyc=1600 rst=1 rstmode=0x40
1788557910.056492 [HLT] polls=415 faults=0x0 cfglost=0
1788557910.062360 [EFF] n=5 last=58512 min=58450 max=58515 late=0 stuck=0 rderr=0
1788557910.072618 [IMU] init=0 addr=0x68 who=0x68 rst=1 pmrb0=0x40 pmrb=0x1 sr=19 cfg=4 gcfg=0x0 acfg=0x8 icfg=0x30 ien=0x1 armed=1
1788557910.077854 [ACC] reads=20788 stale=20764 rderr=0 ax=61 ay=-64 az=1126
1788557910.080470 [PWR] pm=0x1 drift=0 rderr=0
1788557910.084605 [DWT] ok=1 cyc=2640336739 cyc_per_ms=799936
1788557911.100485 [HB] up_ms=460836 frames=20834 inf=20834 hazard=2665 canary_err=0 q=0 qovr=0
1788557911.111709 [I2C] init=0 gate=0 whoami=0x201e0 wr=0 wrseen=0x27 addr=0x5a ok=128525 err=0 tmo=0 recov=0 pclk1=200000000 sysclk=400000000
1788557911.113091 [NAK] nacks=0
1788557911.117584 [CLK] cpu=800000000 sysb=400000000 pclk1=200000000
1788557911.122090 [TOF] res=0 step=0 id=0xeacc blk=0xeacc10 ctl=0x0
1788557911.128093 [RNG] init=0 step=99 id=0xeacc boot=1 calls=93 xerr=0 dm=1 tb=15
1788557911.135083 [RNG] osc=41 imp=881 imprb=881 mstart=0x40 cfg=91 cfgfail=0x0 vhv=0 vpolls=0
1788557911.141215 [PRT] calls=83457 xerr=0 ler=1 lidx=0x0 perr=0 maxcnt=17 addr8=0x52
1788557911.145203 [RTY] wr=0 wmax=0 wref=0  rd=0 rmax=0 rref=0
1788557911.153212 [RNG] frames=20836 last=64 min=49 max=76 nrdy=0 dxfer=0 dstat=0 lst=0 nrdyerr=0 dclr=0
1788557911.160202 [DRV] init=0 id=7 mode=0x1 lib=0x2 seq=0x1 odc=0x8b sts=0xe0 armed=1
1788557911.164828 [TRG] pulses=197 suppressed=2468 cyc=1600 rst=1 rstmode=0x40
1788557911.168207 [HLT] polls=416 faults=0x0 cfglost=0
1788557911.174120 [EFF] n=5 last=58512 min=58450 max=58515 late=0 stuck=0 rderr=0
1788557911.184343 [IMU] init=0 addr=0x68 who=0x68 rst=1 pmrb0=0x40 pmrb=0x1 sr=19 cfg=4 gcfg=0x0 acfg=0x8 icfg=0x30 ien=0x1 armed=1
1788557911.189609 [ACC] reads=20838 stale=20814 rderr=0 ax=57 ay=-64 az=1126
1788557911.192205 [PWR] pm=0x1 drift=0 rderr=0
1788557911.196330 [DWT] ok=1 cyc=3522736631 cyc_per_ms=799999
1788557912.210971 [HB] up_ms=461938 frames=20884 inf=20884 hazard=2665 canary_err=0 q=0 qovr=0
1788557912.222323 [I2C] init=0 gate=0 whoami=0x201e0 wr=0 wrseen=0x27 addr=0x5a ok=128827 err=0 tmo=0 recov=0 pclk1=200000000 sysclk=400000000
1788557912.223589 [NAK] nacks=0
1788557912.228205 [CLK] cpu=800000000 sysb=400000000 pclk1=200000000
1788557912.232718 [TOF] res=0 step=0 id=0xeacc blk=0xeacc10 ctl=0x0
1788557912.238579 [RNG] init=0 step=99 id=0xeacc boot=1 calls=93 xerr=0 dm=1 tb=15
1788557912.245583 [RNG] osc=41 imp=881 imprb=881 mstart=0x40 cfg=91 cfgfail=0x0 vhv=0 vpolls=0
1788557912.251710 [PRT] calls=83657 xerr=0 ler=1 lidx=0x0 perr=0 maxcnt=17 addr8=0x52
1788557912.255834 [RTY] wr=0 wmax=0 wref=0  rd=0 rmax=0 rref=0
1788557912.263719 [RNG] frames=20886 last=65 min=49 max=76 nrdy=0 dxfer=0 dstat=0 lst=0 nrdyerr=0 dclr=0
1788557912.269965 [DRV] init=0 id=7 mode=0x1 lib=0x2 seq=0x1 odc=0x8b sts=0xe0 armed=1
1788557912.275457 [TRG] pulses=197 suppressed=2468 cyc=1600 rst=1 rstmode=0x40
1788557912.278836 [HLT] polls=417 faults=0x0 cfglost=0
1788557912.284459 [EFF] n=5 last=58512 min=58450 max=58515 late=0 stuck=0 rderr=0
1788557912.294833 [IMU] init=0 addr=0x68 who=0x68 rst=1 pmrb0=0x40 pmrb=0x1 sr=19 cfg=4 gcfg=0x0 acfg=0x8 icfg=0x30 ien=0x1 armed=1
1788557912.300205 [ACC] reads=20888 stale=20864 rderr=0 ax=59 ay=-64 az=1126
1788557912.302835 [PWR] pm=0x1 drift=0 rderr=0
1788557912.306707 [DWT] ok=1 cyc=109369211 cyc_per_ms=799999
1788557913.321716 [HB] up_ms=463040 frames=20934 inf=20934 hazard=2679 canary_err=0 q=0 qovr=0
1788557913.333067 [I2C] init=0 gate=0 whoami=0x201e0 wr=0 wrseen=0x27 addr=0x5a ok=129129 err=0 tmo=0 recov=0 pclk1=200000000 sysclk=400000000
1788557913.334324 [NAK] nacks=0
1788557913.338945 [CLK] cpu=800000000 sysb=400000000 pclk1=200000000
1788557913.343446 [TOF] res=0 step=0 id=0xeacc blk=0xeacc10 ctl=0x0
1788557913.349319 [RNG] init=0 step=99 id=0xeacc boot=1 calls=93 xerr=0 dm=1 tb=15
1788557913.356331 [RNG] osc=41 imp=881 imprb=881 mstart=0x40 cfg=91 cfgfail=0x0 vhv=0 vpolls=0
1788557913.362441 [PRT] calls=83857 xerr=0 ler=1 lidx=0x0 perr=0 maxcnt=17 addr8=0x52
1788557913.366576 [RTY] wr=0 wmax=0 wref=0  rd=0 rmax=0 rref=0
1788557913.374320 [RNG] frames=20936 last=58 min=49 max=76 nrdy=0 dxfer=0 dstat=0 lst=0 nrdyerr=0 dclr=0
1788557913.380690 [DRV] init=0 id=7 mode=0x1 lib=0x2 seq=0x1 odc=0x8b sts=0xe0 armed=1
1788557913.386198 [TRG] pulses=199 suppressed=2483 cyc=1600 rst=1 rstmode=0x40
1788557913.389570 [HLT] polls=418 faults=0x0 cfglost=0
1788557913.395328 [EFF] n=5 last=58512 min=58450 max=58515 late=0 stuck=0 rderr=0
1788557913.405704 [IMU] init=0 addr=0x68 who=0x68 rst=1 pmrb0=0x40 pmrb=0x1 sr=19 cfg=4 gcfg=0x0 acfg=0x8 icfg=0x30 ien=0x1 armed=1
1788557913.410951 [ACC] reads=20938 stale=20914 rderr=0 ax=58 ay=-62 az=1131
1788557913.413569 [PWR] pm=0x1 drift=0 rderr=0
1788557913.417498 [DWT] ok=1 cyc=990975231 cyc_per_ms=800005
1788557914.433108 [HB] up_ms=464142 frames=20984 inf=20984 hazard=2706 canary_err=0 q=0 qovr=0
1788557914.444312 [I2C] init=0 gate=0 whoami=0x201e0 wr=0 wrseen=0x27 addr=0x5a ok=129431 err=0 tmo=0 recov=0 pclk1=200000000 sysclk=400000000
1788557914.445686 [NAK] nacks=0
1788557914.450314 [CLK] cpu=800000000 sysb=400000000 pclk1=200000000
1788557914.454811 [TOF] res=0 step=0 id=0xeacc blk=0xeacc10 ctl=0x0
1788557914.460561 [RNG] init=0 step=99 id=0xeacc boot=1 calls=93 xerr=0 dm=1 tb=15
1788557914.467699 [RNG] osc=41 imp=881 imprb=881 mstart=0x40 cfg=91 cfgfail=0x0 vhv=0 vpolls=0
1788557914.473831 [PRT] calls=84057 xerr=0 ler=1 lidx=0x0 perr=0 maxcnt=17 addr8=0x52
1788557914.477827 [RTY] wr=0 wmax=0 wref=0  rd=0 rmax=0 rref=0
1788557914.485697 [RNG] frames=20986 last=61 min=49 max=76 nrdy=0 dxfer=0 dstat=0 lst=0 nrdyerr=0 dclr=0
1788557914.491939 [DRV] init=0 id=7 mode=0x1 lib=0x2 seq=0x1 odc=0x8b sts=0xe0 armed=1
1788557914.497436 [TRG] pulses=200 suppressed=2506 cyc=1600 rst=1 rstmode=0x40
1788557914.500820 [HLT] polls=419 faults=0x0 cfglost=0
1788557914.506566 [EFF] n=5 last=58512 min=58450 max=58515 late=0 stuck=0 rderr=0
1788557914.516944 [IMU] init=0 addr=0x68 who=0x68 rst=1 pmrb0=0x40 pmrb=0x1 sr=19 cfg=4 gcfg=0x0 acfg=0x8 icfg=0x30 ien=0x1 armed=1
1788557914.522254 [ACC] reads=20988 stale=20964 rderr=0 ax=59 ay=-65 az=1127
1788557914.524935 [PWR] pm=0x1 drift=0 rderr=0
1788557914.528817 [DWT] ok=1 cyc=1872569231 cyc_per_ms=799994
1788557915.544066 [HB] up_ms=465244 frames=21034 inf=21034 hazard=2706 canary_err=0 q=0 qovr=0
1788557915.555177 [I2C] init=0 gate=0 whoami=0x201e0 wr=0 wrseen=0x27 addr=0x5a ok=129733 err=0 tmo=0 recov=0 pclk1=200000000 sysclk=400000000
1788557915.556560 [NAK] nacks=0
1788557915.561179 [CLK] cpu=800000000 sysb=400000000 pclk1=200000000
1788557915.565690 [TOF] res=0 step=0 id=0xeacc blk=0xeacc10 ctl=0x0
1788557915.571552 [RNG] init=0 step=99 id=0xeacc boot=1 calls=93 xerr=0 dm=1 tb=15
1788557915.578552 [RNG] osc=41 imp=881 imprb=881 mstart=0x40 cfg=91 cfgfail=0x0 vhv=0 vpolls=0
1788557915.584679 [PRT] calls=84254 xerr=0 ler=1 lidx=0x0 perr=0 maxcnt=17 addr8=0x52
1788557915.588800 [RTY] wr=0 wmax=0 wref=0  rd=0 rmax=0 rref=0
1788557915.596553 [RNG] frames=21036 last=57 min=49 max=76 nrdy=0 dxfer=0 dstat=0 lst=0 nrdyerr=0 dclr=0
1788557915.602938 [DRV] init=0 id=7 mode=0x1 lib=0x2 seq=0x1 odc=0x8b sts=0xe0 armed=1
1788557915.608318 [TRG] pulses=200 suppressed=2506 cyc=1600 rst=1 rstmode=0x40
1788557915.611687 [HLT] polls=420 faults=0x0 cfglost=0
1788557915.617428 [EFF] n=5 last=58512 min=58450 max=58515 late=0 stuck=0 rderr=0
1788557915.627812 [IMU] init=0 addr=0x68 who=0x68 rst=1 pmrb0=0x40 pmrb=0x1 sr=19 cfg=4 gcfg=0x0 acfg=0x8 icfg=0x30 ien=0x1 armed=1
1788557915.633054 [ACC] reads=21038 stale=21014 rderr=0 ax=60 ay=-63 az=1125
1788557915.635805 [PWR] pm=0x1 drift=0 rderr=0
1788557915.639678 [DWT] ok=1 cyc=2754169803 cyc_per_ms=800000
1788557916.654822 [HB] up_ms=466346 frames=21084 inf=21084 hazard=2706 canary_err=0 q=0 qovr=0
1788557916.665920 [I2C] init=0 gate=0 whoami=0x201e0 wr=0 wrseen=0x27 addr=0x5a ok=130035 err=0 tmo=0 recov=0 pclk1=200000000 sysclk=400000000
1788557916.667300 [NAK] nacks=0
1788557916.672045 [CLK] cpu=800000000 sysb=400000000 pclk1=200000000
1788557916.676548 [TOF] res=0 step=0 id=0xeacc blk=0xeacc10 ctl=0x0
1788557916.682425 [RNG] init=0 step=99 id=0xeacc boot=1 calls=93 xerr=0 dm=1 tb=15
1788557916.689305 [RNG] osc=41 imp=881 imprb=881 mstart=0x40 cfg=91 cfgfail=0x0 vhv=0 vpolls=0
1788557916.695544 [PRT] calls=84453 xerr=0 ler=1 lidx=0x0 perr=0 maxcnt=17 addr8=0x52
1788557916.699683 [RTY] wr=0 wmax=0 wref=0  rd=0 rmax=0 rref=0
1788557916.707419 [RNG] frames=21086 last=66 min=49 max=76 nrdy=0 dxfer=0 dstat=0 lst=0 nrdyerr=0 dclr=0
1788557916.713545 [DRV] init=0 id=7 mode=0x1 lib=0x2 seq=0x1 odc=0x8b sts=0xe0 armed=1
1788557916.719305 [TRG] pulses=200 suppressed=2506 cyc=1600 rst=1 rstmode=0x40
1788557916.722550 [HLT] polls=421 faults=0x0 cfglost=0
1788557916.728297 [EFF] n=5 last=58512 min=58450 max=58515 late=0 stuck=0 rderr=0
1788557916.738670 [IMU] init=0 addr=0x68 who=0x68 rst=1 pmrb0=0x40 pmrb=0x1 sr=19 cfg=4 gcfg=0x0 acfg=0x8 icfg=0x30 ien=0x1 armed=1
1788557916.744050 [ACC] reads=21088 stale=21063 rderr=0 ax=60 ay=-65 az=1126
1788557916.746683 [PWR] pm=0x1 drift=0 rderr=0
1788557916.750684 [DWT] ok=1 cyc=3635769515 cyc_per_ms=799999
1788557917.766301 [HB] up_ms=467448 frames=21134 inf=21134 hazard=2706 canary_err=0 q=0 qovr=0
1788557917.777432 [I2C] init=0 gate=0 whoami=0x201e0 wr=0 wrseen=0x27 addr=0x5a ok=130337 err=0 tmo=0 recov=0 pclk1=200000000 sysclk=400000000
1788557917.778813 [NAK] nacks=0
1788557917.783553 [CLK] cpu=800000000 sysb=400000000 pclk1=200000000
1788557917.788046 [TOF] res=0 step=0 id=0xeacc blk=0xeacc10 ctl=0x0
1788557917.793938 [RNG] init=0 step=99 id=0xeacc boot=1 calls=93 xerr=0 dm=1 tb=15
1788557917.800789 [RNG] osc=41 imp=881 imprb=881 mstart=0x40 cfg=91 cfgfail=0x0 vhv=0 vpolls=0
1788557917.807040 [PRT] calls=84653 xerr=0 ler=1 lidx=0x0 perr=0 maxcnt=17 addr8=0x52
1788557917.811184 [RTY] wr=0 wmax=0 wref=0  rd=0 rmax=0 rref=0
1788557917.818917 [RNG] frames=21136 last=62 min=49 max=76 nrdy=0 dxfer=0 dstat=0 lst=0 nrdyerr=0 dclr=0
1788557917.825179 [DRV] init=0 id=7 mode=0x1 lib=0x2 seq=0x1 odc=0x8b sts=0xe0 armed=1
1788557917.830816 [TRG] pulses=200 suppressed=2506 cyc=1600 rst=1 rstmode=0x40
1788557917.834176 [HLT] polls=422 faults=0x0 cfglost=0
1788557917.839911 [EFF] n=5 last=58512 min=58450 max=58515 late=0 stuck=0 rderr=0
1788557917.850054 [IMU] init=0 addr=0x68 who=0x68 rst=1 pmrb0=0x40 pmrb=0x1 sr=19 cfg=4 gcfg=0x0 acfg=0x8 icfg=0x30 ien=0x1 armed=1
1788557917.855592 [ACC] reads=21137 stale=21112 rderr=0 ax=58 ay=-65 az=1124
1788557917.858301 [PWR] pm=0x1 drift=0 rderr=0
1788557917.862188 [DWT] ok=1 cyc=222430163 cyc_per_ms=800025
1788557918.878185 [HB] up_ms=468550 frames=21183 inf=21183 hazard=2706 canary_err=0 q=0 qovr=0
1788557918.889291 [I2C] init=0 gate=0 whoami=0x201e0 wr=0 wrseen=0x27 addr=0x5a ok=130639 err=0 tmo=0 recov=0 pclk1=200000000 sysclk=400000000
1788557918.901269 [NAK] nacks=0
1788557918.901379 [CLK] cpu=800000000 sysb=400000000 pclk1=200000000
1788557918.901435 [TOF] res=0 step=0 id=0xeacc blk=0xeacc10 ctl=0x0
1788557918.905870 [RNG] init=0 step=99 id=0xeacc boot=1 calls=93 xerr=0 dm=1 tb=15
1788557918.912663 [RNG] osc=41 imp=881 imprb=881 mstart=0x40 cfg=91 cfgfail=0x0 vhv=0 vpolls=0
1788557918.918776 [PRT] calls=84853 xerr=0 ler=1 lidx=0x0 perr=0 maxcnt=17 addr8=0x52
1788557918.923046 [RTY] wr=0 wmax=0 wref=0  rd=0 rmax=0 rref=0
1788557918.930791 [RNG] frames=21186 last=59 min=49 max=76 nrdy=0 dxfer=0 dstat=0 lst=0 nrdyerr=0 dclr=0
1788557918.936910 [DRV] init=0 id=7 mode=0x1 lib=0x2 seq=0x1 odc=0x8b sts=0xe0 armed=1
1788557918.942612 [TRG] pulses=200 suppressed=2506 cyc=1600 rst=1 rstmode=0x40
1788557918.945909 [HLT] polls=423 faults=0x0 cfglost=0
1788557918.951652 [EFF] n=5 last=58512 min=58450 max=58515 late=0 stuck=0 rderr=0
1788557918.961903 [IMU] init=0 addr=0x68 who=0x68 rst=1 pmrb0=0x40 pmrb=0x1 sr=19 cfg=4 gcfg=0x0 acfg=0x8 icfg=0x30 ien=0x1 armed=1
1788557918.967402 [ACC] reads=21187 stale=21162 rderr=0 ax=59 ay=-65 az=1126
1788557918.970022 [PWR] pm=0x1 drift=0 rderr=0
1788557918.974033 [DWT] ok=1 cyc=1104137193 cyc_per_ms=800097
1788557919.990667 [HB] up_ms=469653 frames=21233 inf=21233 hazard=2706 canary_err=0 q=0 qovr=0
1788557920.001771 [I2C] init=0 gate=0 whoami=0x201e0 wr=0 wrseen=0x27 addr=0x5a ok=130941 err=0 tmo=0 recov=0 pclk1=200000000 sysclk=400000000
1788557920.003029 [NAK] nacks=0
1788557920.007643 [CLK] cpu=800000000 sysb=400000000 pclk1=200000000
1788557920.012404 [TOF] res=0 step=0 id=0xeacc blk=0xeacc10 ctl=0x0
1788557920.018181 [RNG] init=0 step=99 id=0xeacc boot=1 calls=93 xerr=0 dm=1 tb=15
1788557920.025182 [RNG] osc=41 imp=881 imprb=881 mstart=0x40 cfg=91 cfgfail=0x0 vhv=0 vpolls=0
1788557920.031179 [PRT] calls=85053 xerr=0 ler=1 lidx=0x0 perr=0 maxcnt=17 addr8=0x52
1788557920.035390 [RTY] wr=0 wmax=0 wref=0  rd=0 rmax=0 rref=0
1788557920.043172 [RNG] frames=21236 last=62 min=49 max=76 nrdy=0 dxfer=0 dstat=0 lst=0 nrdyerr=0 dclr=0
1788557920.049397 [DRV] init=0 id=7 mode=0x1 lib=0x2 seq=0x1 odc=0x8b sts=0xe0 armed=1
1788557920.054894 [TRG] pulses=200 suppressed=2506 cyc=1600 rst=1 rstmode=0x40
1788557920.058390 [HLT] polls=424 faults=0x0 cfglost=0
1788557920.064168 [EFF] n=5 last=58512 min=58450 max=58515 late=0 stuck=0 rderr=0
1788557920.074276 [IMU] init=0 addr=0x68 who=0x68 rst=1 pmrb0=0x40 pmrb=0x1 sr=19 cfg=4 gcfg=0x0 acfg=0x8 icfg=0x30 ien=0x1 armed=1
1788557920.079761 [ACC] reads=21237 stale=21212 rderr=0 ax=61 ay=-66 az=1127
1788557920.082414 [PWR] pm=0x1 drift=0 rderr=0
1788557920.086429 [DWT] ok=1 cyc=1986536885 cyc_per_ms=799999
1788557921.102651 [HB] up_ms=470756 frames=21283 inf=21283 hazard=2747 canary_err=0 q=0 qovr=0
1788557921.113773 [I2C] init=0 gate=0 whoami=0x201e0 wr=0 wrseen=0x27 addr=0x5a ok=131242 err=0 tmo=0 recov=0 pclk1=200000000 sysclk=400000000
1788557921.115192 [NAK] nacks=0
1788557921.119762 [CLK] cpu=800000000 sysb=400000000 pclk1=200000000
1788557921.124269 [TOF] res=0 step=0 id=0xeacc blk=0xeacc10 ctl=0x0
1788557921.130268 [RNG] init=0 step=99 id=0xeacc boot=1 calls=93 xerr=0 dm=1 tb=15
1788557921.137163 [RNG] osc=41 imp=881 imprb=881 mstart=0x40 cfg=91 cfgfail=0x0 vhv=0 vpolls=0
1788557921.143266 [PRT] calls=85253 xerr=0 ler=1 lidx=0x0 perr=0 maxcnt=17 addr8=0x52
1788557921.147272 [RTY] wr=0 wmax=0 wref=0  rd=0 rmax=0 rref=0
1788557921.155273 [RNG] frames=21285 last=61 min=49 max=76 nrdy=0 dxfer=0 dstat=0 lst=0 nrdyerr=0 dclr=0
1788557921.161386 [DRV] init=0 id=7 mode=0x1 lib=0x2 seq=0x1 odc=0x8b sts=0xe0 armed=1
1788557921.166888 [TRG] pulses=203 suppressed=2544 cyc=1600 rst=1 rstmode=0x40
1788557921.170269 [HLT] polls=425 faults=0x0 cfglost=0
1788557921.176161 [EFF] n=5 last=58512 min=58450 max=58515 late=0 stuck=0 rderr=0
1788557921.186274 [IMU] init=0 addr=0x68 who=0x68 rst=1 pmrb0=0x40 pmrb=0x1 sr=19 cfg=4 gcfg=0x0 acfg=0x8 icfg=0x30 ien=0x1 armed=1
1788557921.191640 [ACC] reads=21287 stale=21262 rderr=0 ax=62 ay=-65 az=1123
1788557921.194388 [PWR] pm=0x1 drift=0 rderr=0
1788557921.198386 [DWT] ok=1 cyc=2868872271 cyc_per_ms=799941
1788557922.214170 [HB] up_ms=471859 frames=21333 inf=21333 hazard=2747 canary_err=0 q=0 qovr=0
1788557922.225382 [I2C] init=0 gate=0 whoami=0x201e0 wr=0 wrseen=0x27 addr=0x5a ok=131539 err=0 tmo=0 recov=0 pclk1=200000000 sysclk=400000000
1788557922.226757 [NAK] nacks=0
1788557922.231384 [CLK] cpu=800000000 sysb=400000000 pclk1=200000000
1788557922.235879 [TOF] res=0 step=0 id=0xeacc blk=0xeacc10 ctl=0x0
1788557922.241892 [RNG] init=0 step=99 id=0xeacc boot=1 calls=93 xerr=0 dm=1 tb=15
1788557922.248763 [RNG] osc=41 imp=881 imprb=881 mstart=0x40 cfg=91 cfgfail=0x0 vhv=0 vpolls=0
1788557922.254891 [PRT] calls=85453 xerr=0 ler=1 lidx=0x0 perr=0 maxcnt=17 addr8=0x52
1788557922.258879 [RTY] wr=0 wmax=0 wref=0  rd=0 rmax=0 rref=0
1788557922.266882 [RNG] frames=21335 last=58 min=49 max=76 nrdy=0 dxfer=0 dstat=0 lst=0 nrdyerr=0 dclr=0
1788557922.273003 [DRV] init=0 id=7 mode=0x1 lib=0x2 seq=0x1 odc=0x8b sts=0xe0 armed=1
1788557922.278505 [TRG] pulses=203 suppressed=2544 cyc=1600 rst=1 rstmode=0x40
1788557922.281889 [HLT] polls=426 faults=0x0 cfglost=0
1788557922.287767 [EFF] n=5 last=58512 min=58450 max=58515 late=0 stuck=0 rderr=0
1788557922.298016 [IMU] init=0 addr=0x68 who=0x68 rst=1 pmrb0=0x40 pmrb=0x1 sr=19 cfg=4 gcfg=0x0 acfg=0x8 icfg=0x30 ien=0x1 armed=1
1788557922.303269 [ACC] reads=21337 stale=21312 rderr=0 ax=57 ay=-65 az=1126
1788557922.305892 [PWR] pm=0x1 drift=0 rderr=0
1788557922.310149 [DWT] ok=1 cyc=3751202319 cyc_per_ms=799936
1788557923.325761 [HB] up_ms=472962 frames=21383 inf=21383 hazard=2747 canary_err=0 q=0 qovr=0
1788557923.336994 [I2C] init=0 gate=0 whoami=0x201e0 wr=0 wrseen=0x27 addr=0x5a ok=131841 err=0 tmo=0 recov=0 pclk1=200000000 sysclk=400000000
1788557923.338370 [NAK] nacks=0
1788557923.342996 [CLK] cpu=800000000 sysb=400000000 pclk1=200000000
1788557923.347516 [TOF] res=0 step=0 id=0xeacc blk=0xeacc10 ctl=0x0
1788557923.353503 [RNG] init=0 step=99 id=0xeacc boot=1 calls=93 xerr=0 dm=1 tb=15
1788557923.360378 [RNG] osc=41 imp=881 imprb=881 mstart=0x40 cfg=91 cfgfail=0x0 vhv=0 vpolls=0
1788557923.366500 [PRT] calls=85653 xerr=0 ler=1 lidx=0x0 perr=0 maxcnt=17 addr8=0x52
1788557923.370502 [RTY] wr=0 wmax=0 wref=0  rd=0 rmax=0 rref=0
1788557923.378504 [RNG] frames=21385 last=61 min=49 max=76 nrdy=0 dxfer=0 dstat=0 lst=0 nrdyerr=0 dclr=0
1788557923.384620 [DRV] init=0 id=7 mode=0x1 lib=0x2 seq=0x1 odc=0x8b sts=0xe0 armed=1
1788557923.390143 [TRG] pulses=203 suppressed=2544 cyc=1600 rst=1 rstmode=0x40
1788557923.393493 [HLT] polls=427 faults=0x0 cfglost=0
1788557923.399368 [EFF] n=5 last=58512 min=58450 max=58515 late=0 stuck=0 rderr=0
1788557923.409623 [IMU] init=0 addr=0x68 who=0x68 rst=1 pmrb0=0x40 pmrb=0x1 sr=19 cfg=4 gcfg=0x0 acfg=0x8 icfg=0x30 ien=0x1 armed=1
1788557923.414872 [ACC] reads=21387 stale=21362 rderr=0 ax=60 ay=-63 az=1128
1788557923.417504 [PWR] pm=0x1 drift=0 rderr=0
1788557923.421503 [DWT] ok=1 cyc=338634791 cyc_per_ms=799999
1788557924.435874 [HB] up_ms=474064 frames=21433 inf=21433 hazard=2747 canary_err=0 q=0 qovr=0
1788557924.447239 [I2C] init=0 gate=0 whoami=0x201e0 wr=0 wrseen=0x27 addr=0x5a ok=132143 err=0 tmo=0 recov=0 pclk1=200000000 sysclk=400000000
1788557924.448498 [NAK] nacks=0
1788557924.453131 [CLK] cpu=800000000 sysb=400000000 pclk1=200000000
1788557924.457624 [TOF] res=0 step=0 id=0xeacc blk=0xeacc10 ctl=0x0
1788557924.463488 [RNG] init=0 step=99 id=0xeacc boot=1 calls=93 xerr=0 dm=1 tb=15
1788557924.470486 [RNG] osc=41 imp=881 imprb=881 mstart=0x40 cfg=91 cfgfail=0x0 vhv=0 vpolls=0
1788557924.476614 [PRT] calls=85853 xerr=0 ler=1 lidx=0x0 perr=0 maxcnt=17 addr8=0x52
1788557924.480742 [RTY] wr=0 wmax=0 wref=0  rd=0 rmax=0 rref=0
1788557924.488618 [RNG] frames=21435 last=61 min=49 max=76 nrdy=0 dxfer=0 dstat=0 lst=0 nrdyerr=0 dclr=0
1788557924.494867 [DRV] init=0 id=7 mode=0x1 lib=0x2 seq=0x1 odc=0x8b sts=0xe0 armed=1
1788557924.500237 [TRG] pulses=203 suppressed=2544 cyc=1600 rst=1 rstmode=0x40
1788557924.503619 [HLT] polls=428 faults=0x0 cfglost=0
1788557924.509364 [EFF] n=5 last=58512 min=58450 max=58515 late=0 stuck=0 rderr=0
1788557924.519741 [IMU] init=0 addr=0x68 who=0x68 rst=1 pmrb0=0x40 pmrb=0x1 sr=19 cfg=4 gcfg=0x0 acfg=0x8 icfg=0x30 ien=0x1 armed=1
1788557924.524985 [ACC] reads=21437 stale=21412 rderr=0 ax=60 ay=-65 az=1125
1788557924.527737 [PWR] pm=0x1 drift=0 rderr=0
1788557924.531623 [DWT] ok=1 cyc=1220234643 cyc_per_ms=799999
1788557925.546865 [HB] up_ms=475166 frames=21483 inf=21483 hazard=2747 canary_err=0 q=0 qovr=0
1788557925.558119 [I2C] init=0 gate=0 whoami=0x201e0 wr=0 wrseen=0x27 addr=0x5a ok=132445 err=0 tmo=0 recov=0 pclk1=200000000 sysclk=400000000
1788557925.559485 [NAK] nacks=0
1788557925.563973 [CLK] cpu=800000000 sysb=400000000 pclk1=200000000
1788557925.568477 [TOF] res=0 step=0 id=0xeacc blk=0xeacc10 ctl=0x0
1788557925.574359 [RNG] init=0 step=99 id=0xeacc boot=1 calls=93 xerr=0 dm=1 tb=15
1788557925.581492 [RNG] osc=41 imp=881 imprb=881 mstart=0x40 cfg=91 cfgfail=0x0 vhv=0 vpolls=0
1788557925.587498 [PRT] calls=86053 xerr=0 ler=1 lidx=0x0 perr=0 maxcnt=17 addr8=0x52
1788557925.591613 [RTY] wr=0 wmax=0 wref=0  rd=0 rmax=0 rref=0
1788557925.599360 [RNG] frames=21485 last=57 min=49 max=76 nrdy=0 dxfer=0 dstat=0 lst=0 nrdyerr=0 dclr=0
1788557925.605735 [DRV] init=0 id=7 mode=0x1 lib=0x2 seq=0x1 odc=0x8b sts=0xe0 armed=1
1788557925.611225 [TRG] pulses=203 suppressed=2544 cyc=1600 rst=1 rstmode=0x40
1788557925.614618 [HLT] polls=429 faults=0x0 cfglost=0
1788557925.620357 [EFF] n=5 last=58512 min=58450 max=58515 late=0 stuck=0 rderr=0
1788557925.630615 [IMU] init=0 addr=0x68 who=0x68 rst=1 pmrb0=0x40 pmrb=0x1 sr=19 cfg=4 gcfg=0x0 acfg=0x8 icfg=0x30 ien=0x1 armed=1
1788557925.635988 [ACC] reads=21487 stale=21462 rderr=0 ax=59 ay=-63 az=1129
1788557925.638669 [PWR] pm=0x1 drift=0 rderr=0
1788557925.642658 [DWT] ok=1 cyc=2101834587 cyc_per_ms=799999
1788557926.657508 [HB] up_ms=476268 frames=21533 inf=21533 hazard=2747 canary_err=0 q=0 qovr=0
1788557926.668855 [I2C] init=0 gate=0 whoami=0x201e0 wr=0 wrseen=0x27 addr=0x5a ok=132747 err=0 tmo=0 recov=0 pclk1=200000000 sysclk=400000000
1788557926.670129 [NAK] nacks=0
1788557926.674719 [CLK] cpu=800000000 sysb=400000000 pclk1=200000000
1788557926.679217 [TOF] res=0 step=0 id=0xeacc blk=0xeacc10 ctl=0x0
1788557926.685120 [RNG] init=0 step=99 id=0xeacc boot=1 calls=93 xerr=0 dm=1 tb=15
1788557926.692121 [RNG] osc=41 imp=881 imprb=881 mstart=0x40 cfg=91 cfgfail=0x0 vhv=0 vpolls=0
1788557926.698217 [PRT] calls=86253 xerr=0 ler=1 lidx=0x0 perr=0 maxcnt=17 addr8=0x52
1788557926.702349 [RTY] wr=0 wmax=0 wref=0  rd=0 rmax=0 rref=0
1788557926.710154 [RNG] frames=21535 last=67 min=49 max=76 nrdy=0 dxfer=0 dstat=0 lst=0 nrdyerr=0 dclr=0
1788557926.716476 [DRV] init=0 id=7 mode=0x1 lib=0x2 seq=0x1 odc=0x8b sts=0xe0 armed=1
1788557926.721974 [TRG] pulses=203 suppressed=2544 cyc=1600 rst=1 rstmode=0x40
1788557926.725219 [HLT] polls=430 faults=0x0 cfglost=0
1788557926.730973 [EFF] n=5 last=58512 min=58450 max=58515 late=0 stuck=0 rderr=0
1788557926.741342 [IMU] init=0 addr=0x68 who=0x68 rst=1 pmrb0=0x40 pmrb=0x1 sr=19 cfg=4 gcfg=0x0 acfg=0x8 icfg=0x30 ien=0x1 armed=1
1788557926.746598 [ACC] reads=21537 stale=21512 rderr=0 ax=61 ay=-65 az=1124
1788557926.749358 [PWR] pm=0x1 drift=0 rderr=0
1788557926.753267 [DWT] ok=1 cyc=2983434635 cyc_per_ms=800000
1788557927.767990 [HB] up_ms=477370 frames=21583 inf=21583 hazard=2770 canary_err=0 q=0 qovr=0
1788557927.779222 [I2C] init=0 gate=0 whoami=0x201e0 wr=0 wrseen=0x27 addr=0x5a ok=133049 err=0 tmo=0 recov=0 pclk1=200000000 sysclk=400000000
1788557927.780667 [NAK] nacks=0
1788557927.785216 [CLK] cpu=800000000 sysb=400000000 pclk1=200000000
1788557927.789719 [TOF] res=0 step=0 id=0xeacc blk=0xeacc10 ctl=0x0
1788557927.795596 [RNG] init=0 step=99 id=0xeacc boot=1 calls=93 xerr=0 dm=1 tb=15
1788557927.802470 [RNG] osc=41 imp=881 imprb=881 mstart=0x40 cfg=91 cfgfail=0x0 vhv=0 vpolls=0
1788557927.808731 [PRT] calls=86450 xerr=0 ler=1 lidx=0x0 perr=0 maxcnt=17 addr8=0x52
1788557927.812716 [RTY] wr=0 wmax=0 wref=0  rd=0 rmax=0 rref=0
1788557927.820589 [RNG] frames=21585 last=62 min=49 max=76 nrdy=0 dxfer=0 dstat=0 lst=0 nrdyerr=0 dclr=0
1788557927.826961 [DRV] init=0 id=7 mode=0x1 lib=0x2 seq=0x1 odc=0x8b sts=0xe0 armed=1
1788557927.832344 [TRG] pulses=205 suppressed=2568 cyc=1600 rst=1 rstmode=0x40
1788557927.835727 [HLT] polls=431 faults=0x0 cfglost=0
1788557927.841481 [EFF] n=5 last=58512 min=58450 max=58515 late=0 stuck=0 rderr=0
1788557927.851841 [IMU] init=0 addr=0x68 who=0x68 rst=1 pmrb0=0x40 pmrb=0x1 sr=19 cfg=4 gcfg=0x0 acfg=0x8 icfg=0x30 ien=0x1 armed=1
1788557927.857104 [ACC] reads=21587 stale=21562 rderr=0 ax=59 ay=-65 az=1128
1788557927.859835 [PWR] pm=0x1 drift=0 rderr=0
1788557927.863716 [DWT] ok=1 cyc=3865038731 cyc_per_ms=800003
1788557928.878590 [HB] up_ms=478472 frames=21633 inf=21633 hazard=2788 canary_err=0 q=0 qovr=0
1788557928.889731 [I2C] init=0 gate=0 whoami=0x201e0 wr=0 wrseen=0x27 addr=0x5a ok=133351 err=0 tmo=0 recov=0 pclk1=200000000 sysclk=400000000
1788557928.891099 [NAK] nacks=0
1788557928.895825 [CLK] cpu=800000000 sysb=400000000 pclk1=200000000
1788557928.900341 [TOF] res=0 step=0 id=0xeacc blk=0xeacc10 ctl=0x0
1788557928.906091 [RNG] init=0 step=99 id=0xeacc boot=1 calls=93 xerr=0 dm=1 tb=15
1788557928.912952 [RNG] osc=41 imp=881 imprb=881 mstart=0x40 cfg=91 cfgfail=0x0 vhv=0 vpolls=0
1788557928.919336 [PRT] calls=86649 xerr=0 ler=1 lidx=0x0 perr=0 maxcnt=17 addr8=0x52
1788557928.923331 [RTY] wr=0 wmax=0 wref=0  rd=0 rmax=0 rref=0
1788557928.931097 [RNG] frames=21635 last=65 min=49 max=76 nrdy=0 dxfer=0 dstat=0 lst=0 nrdyerr=0 dclr=0
1788557928.937387 [DRV] init=0 id=7 mode=0x1 lib=0x2 seq=0x1 odc=0x8b sts=0xe0 armed=1
1788557928.942951 [TRG] pulses=206 suppressed=2582 cyc=1600 rst=1 rstmode=0x40
1788557928.946339 [HLT] polls=432 faults=0x0 cfglost=0
1788557928.952104 [EFF] n=5 last=58512 min=58450 max=58515 late=0 stuck=0 rderr=0
1788557928.962377 [IMU] init=0 addr=0x68 who=0x68 rst=1 pmrb0=0x40 pmrb=0x1 sr=19 cfg=4 gcfg=0x0 acfg=0x8 icfg=0x30 ien=0x1 armed=1
1788557928.967703 [ACC] reads=21637 stale=21612 rderr=0 ax=60 ay=-64 az=1126
1788557928.970328 [PWR] pm=0x1 drift=0 rderr=0
1788557928.974214 [DWT] ok=1 cyc=451667631 cyc_per_ms=799996
1788557929.989603 [HB] up_ms=479574 frames=21683 inf=21683 hazard=2788 canary_err=0 q=0 qovr=0
1788557930.000700 [I2C] init=0 gate=0 whoami=0x201e0 wr=0 wrseen=0x27 addr=0x5a ok=133653 err=0 tmo=0 recov=0 pclk1=200000000 sysclk=400000000
1788557930.002068 [NAK] nacks=0
1788557930.006818 [CLK] cpu=800000000 sysb=400000000 pclk1=200000000
1788557930.011318 [TOF] res=0 step=0 id=0xeacc blk=0xeacc10 ctl=0x0
1788557930.017199 [RNG] init=0 step=99 id=0xeacc boot=1 calls=93 xerr=0 dm=1 tb=15
1788557930.024124 [RNG] osc=41 imp=881 imprb=881 mstart=0x40 cfg=91 cfgfail=0x0 vhv=0 vpolls=0
1788557930.030339 [PRT] calls=86849 xerr=0 ler=1 lidx=0x0 perr=0 maxcnt=17 addr8=0x52
1788557930.034451 [RTY] wr=0 wmax=0 wref=0  rd=0 rmax=0 rref=0
1788557930.042195 [RNG] frames=21685 last=63 min=49 max=76 nrdy=0 dxfer=0 dstat=0 lst=0 nrdyerr=0 dclr=0
1788557930.048321 [DRV] init=0 id=7 mode=0x1 lib=0x2 seq=0x1 odc=0x8b sts=0xe0 armed=1
1788557930.053949 [TRG] pulses=206 suppressed=2582 cyc=1600 rst=1 rstmode=0x40
1788557930.057322 [HLT] polls=433 faults=0x0 cfglost=0
1788557930.063071 [EFF] n=5 last=58512 min=58450 max=58515 late=0 stuck=0 rderr=0
1788557930.073323 [IMU] init=0 addr=0x68 who=0x68 rst=1 pmrb0=0x40 pmrb=0x1 sr=19 cfg=4 gcfg=0x0 acfg=0x8 icfg=0x30 ien=0x1 armed=1
1788557930.078822 [ACC] reads=21686 stale=21661 rderr=0 ax=61 ay=-64 az=1129
1788557930.081444 [PWR] pm=0x1 drift=0 rderr=0
1788557930.085446 [DWT] ok=1 cyc=1333295603 cyc_per_ms=800025
1788557931.100463 [HB] up_ms=480676 frames=21732 inf=21732 hazard=2788 canary_err=0 q=0 qovr=0
1788557931.111694 [I2C] init=0 gate=0 whoami=0x201e0 wr=0 wrseen=0x27 addr=0x5a ok=133955 err=0 tmo=0 recov=0 pclk1=200000000 sysclk=400000000
1788557931.112950 [NAK] nacks=0
1788557931.117578 [CLK] cpu=800000000 sysb=400000000 pclk1=200000000
1788557931.122209 [TOF] res=0 step=0 id=0xeacc blk=0xeacc10 ctl=0x0
1788557931.128065 [RNG] init=0 step=99 id=0xeacc boot=1 calls=93 xerr=0 dm=1 tb=15
1788557931.134941 [RNG] osc=41 imp=881 imprb=881 mstart=0x40 cfg=91 cfgfail=0x0 vhv=0 vpolls=0
1788557931.141071 [PRT] calls=87049 xerr=0 ler=1 lidx=0x0 perr=0 maxcnt=17 addr8=0x52
1788557931.145324 [RTY] wr=0 wmax=0 wref=0  rd=0 rmax=0 rref=0
1788557931.153065 [RNG] frames=21735 last=61 min=49 max=76 nrdy=0 dxfer=0 dstat=0 lst=0 nrdyerr=0 dclr=0
1788557931.159318 [DRV] init=0 id=7 mode=0x1 lib=0x2 seq=0x1 odc=0x8b sts=0xe0 armed=1
1788557931.164815 [TRG] pulses=206 suppressed=2582 cyc=1600 rst=1 rstmode=0x40
1788557931.168315 [HLT] polls=434 faults=0x0 cfglost=0
1788557931.173955 [EFF] n=5 last=58512 min=58450 max=58515 late=0 stuck=0 rderr=0
1788557931.184232 [IMU] init=0 addr=0x68 who=0x68 rst=1 pmrb0=0x40 pmrb=0x1 sr=19 cfg=4 gcfg=0x0 acfg=0x8 icfg=0x30 ien=0x1 armed=1
1788557931.189694 [ACC] reads=21736 stale=21711 rderr=0 ax=59 ay=-64 az=1127
1788557931.192324 [PWR] pm=0x1 drift=0 rderr=0
1788557931.196315 [DWT] ok=1 cyc=2215002601 cyc_per_ms=800097
1788557932.211692 [HB] up_ms=481779 frames=21782 inf=21782 hazard=2788 canary_err=0 q=0 qovr=0
1788557932.222844 [I2C] init=0 gate=0 whoami=0x201e0 wr=0 wrseen=0x27 addr=0x5a ok=134257 err=0 tmo=0 recov=0 pclk1=200000000 sysclk=400000000
1788557932.224195 [NAK] nacks=0
1788557932.228680 [CLK] cpu=800000000 sysb=400000000 pclk1=200000000
1788557932.233453 [TOF] res=0 step=0 id=0xeacc blk=0xeacc10 ctl=0x0
1788557932.239356 [RNG] init=0 step=99 id=0xeacc boot=1 calls=93 xerr=0 dm=1 tb=15
1788557932.246177 [RNG] osc=41 imp=881 imprb=881 mstart=0x40 cfg=91 cfgfail=0x0 vhv=0 vpolls=0
1788557932.252314 [PRT] calls=87249 xerr=0 ler=1 lidx=0x0 perr=0 maxcnt=17 addr8=0x52
1788557932.256437 [RTY] wr=0 wmax=0 wref=0  rd=0 rmax=0 rref=0
1788557932.264299 [RNG] frames=21785 last=65 min=49 max=76 nrdy=0 dxfer=0 dstat=0 lst=0 nrdyerr=0 dclr=0
1788557932.270427 [DRV] init=0 id=7 mode=0x1 lib=0x2 seq=0x1 odc=0x8b sts=0xe0 armed=1
1788557932.275927 [TRG] pulses=206 suppressed=2582 cyc=1600 rst=1 rstmode=0x40
1788557932.279427 [HLT] polls=435 faults=0x0 cfglost=0
1788557932.285174 [EFF] n=5 last=58512 min=58450 max=58515 late=0 stuck=0 rderr=0
1788557932.295308 [IMU] init=0 addr=0x68 who=0x68 rst=1 pmrb0=0x40 pmrb=0x1 sr=19 cfg=4 gcfg=0x0 acfg=0x8 icfg=0x30 ien=0x1 armed=1
1788557932.300729 [ACC] reads=21786 stale=21761 rderr=0 ax=62 ay=-65 az=1125
1788557932.303439 [PWR] pm=0x1 drift=0 rderr=0
1788557932.307433 [DWT] ok=1 cyc=3097402329 cyc_per_ms=799999
1788557933.322685 [HB] up_ms=482882 frames=21832 inf=21832 hazard=2788 canary_err=0 q=0 qovr=0
1788557933.333813 [I2C] init=0 gate=0 whoami=0x201e0 wr=0 wrseen=0x27 addr=0x5a ok=134558 err=0 tmo=0 recov=0 pclk1=200000000 sysclk=400000000
1788557933.345901 [NAK] nacks=0
1788557933.346005 [CLK] cpu=800000000 sysb=400000000 pclk1=200000000
1788557933.346066 [TOF] res=0 step=0 id=0xeacc blk=0xeacc10 ctl=0x0
1788557933.350304 [RNG] init=0 step=99 id=0xeacc boot=1 calls=93 xerr=0 dm=1 tb=15
1788557933.357179 [RNG] osc=41 imp=881 imprb=881 mstart=0x40 cfg=91 cfgfail=0x0 vhv=0 vpolls=0
1788557933.363172 [PRT] calls=87449 xerr=0 ler=1 lidx=0x0 perr=0 maxcnt=17 addr8=0x52
1788557933.367302 [RTY] wr=0 wmax=0 wref=0  rd=0 rmax=0 rref=0
1788557933.375186 [RNG] frames=21834 last=59 min=49 max=76 nrdy=0 dxfer=0 dstat=0 lst=0 nrdyerr=0 dclr=0
1788557933.381437 [DRV] init=0 id=7 mode=0x1 lib=0x2 seq=0x1 odc=0x8b sts=0xe0 armed=1
1788557933.386938 [TRG] pulses=206 suppressed=2582 cyc=1600 rst=1 rstmode=0x40
1788557933.390300 [HLT] polls=436 faults=0x0 cfglost=0
1788557933.396173 [EFF] n=5 last=58512 min=58450 max=58515 late=0 stuck=0 rderr=0
1788557933.406306 [IMU] init=0 addr=0x68 who=0x68 rst=1 pmrb0=0x40 pmrb=0x1 sr=19 cfg=4 gcfg=0x0 acfg=0x8 icfg=0x30 ien=0x1 armed=1
1788557933.411683 [ACC] reads=21836 stale=21810 rderr=0 ax=60 ay=-63 az=1126
1788557933.414301 [PWR] pm=0x1 drift=0 rderr=0
1788557933.418432 [DWT] ok=1 cyc=3979737611 cyc_per_ms=799941
1788557934.433047 [HB] up_ms=483985 frames=21882 inf=21882 hazard=2790 canary_err=0 q=0 qovr=0
1788557934.444300 [I2C] init=0 gate=0 whoami=0x201e0 wr=0 wrseen=0x27 addr=0x5a ok=134855 err=0 tmo=0 recov=0 pclk1=200000000 sysclk=400000000
1788557934.445673 [NAK] nacks=0
1788557934.450290 [CLK] cpu=800000000 sysb=400000000 pclk1=200000000
1788557934.454799 [TOF] res=0 step=0 id=0xeacc blk=0xeacc10 ctl=0x0
1788557934.460790 [RNG] init=0 step=99 id=0xeacc boot=1 calls=93 xerr=0 dm=1 tb=15
1788557934.467672 [RNG] osc=41 imp=881 imprb=881 mstart=0x40 cfg=91 cfgfail=0x0 vhv=0 vpolls=0
1788557934.473784 [PRT] calls=87649 xerr=0 ler=1 lidx=0x0 perr=0 maxcnt=17 addr8=0x52
1788557934.477798 [RTY] wr=0 wmax=0 wref=0  rd=0 rmax=0 rref=0
1788557934.485793 [RNG] frames=21884 last=60 min=49 max=76 nrdy=0 dxfer=0 dstat=0 lst=0 nrdyerr=0 dclr=0
1788557934.491913 [DRV] init=0 id=7 mode=0x1 lib=0x2 seq=0x1 odc=0x8b sts=0xe0 armed=1
1788557934.497413 [TRG] pulses=207 suppressed=2586 cyc=1600 rst=1 rstmode=0x40
1788557934.500795 [HLT] polls=437 faults=0x0 cfglost=0
1788557934.506670 [EFF] n=5 last=58512 min=58450 max=58515 late=0 stuck=0 rderr=0
1788557934.516797 [IMU] init=0 addr=0x68 who=0x68 rst=1 pmrb0=0x40 pmrb=0x1 sr=19 cfg=4 gcfg=0x0 acfg=0x8 icfg=0x30 ien=0x1 armed=1
1788557934.522178 [ACC] reads=21886 stale=21860 rderr=0 ax=60 ay=-64 az=1126
1788557934.524853 [PWR] pm=0x1 drift=0 rderr=0
1788557934.528801 [DWT] ok=1 cyc=567103927 cyc_per_ms=799939
1788557935.543293 [HB] up_ms=485087 frames=21932 inf=21932 hazard=2829 canary_err=0 q=0 qovr=0
1788557935.554540 [I2C] init=0 gate=0 whoami=0x201e0 wr=0 wrseen=0x27 addr=0x5a ok=135157 err=0 tmo=0 recov=0 pclk1=200000000 sysclk=400000000
1788557935.555918 [NAK] nacks=0
1788557935.560537 [CLK] cpu=800000000 sysb=400000000 pclk1=200000000
1788557935.565032 [TOF] res=0 step=0 id=0xeacc blk=0xeacc10 ctl=0x0
1788557935.570904 [RNG] init=0 step=99 id=0xeacc boot=1 calls=93 xerr=0 dm=1 tb=15
1788557935.577906 [RNG] osc=41 imp=881 imprb=881 mstart=0x40 cfg=91 cfgfail=0x0 vhv=0 vpolls=0
1788557935.584038 [PRT] calls=87849 xerr=0 ler=1 lidx=0x0 perr=0 maxcnt=17 addr8=0x52
1788557935.588185 [RTY] wr=0 wmax=0 wref=0  rd=0 rmax=0 rref=0
1788557935.596041 [RNG] frames=21934 last=63 min=49 max=76 nrdy=0 dxfer=0 dstat=0 lst=0 nrdyerr=0 dclr=0
1788557935.602282 [DRV] init=0 id=7 mode=0x1 lib=0x2 seq=0x1 odc=0x8b sts=0xe0 armed=1
1788557935.607773 [TRG] pulses=209 suppressed=2620 cyc=1600 rst=1 rstmode=0x40
1788557935.611024 [HLT] polls=438 faults=0x0 cfglost=0
1788557935.616904 [EFF] n=5 last=58512 min=58450 max=58515 late=0 stuck=0 rderr=0
1788557935.627177 [IMU] init=0 addr=0x68 who=0x68 rst=1 pmrb0=0x40 pmrb=0x1 sr=19 cfg=4 gcfg=0x0 acfg=0x8 icfg=0x30 ien=0x1 armed=1
1788557935.632420 [ACC] reads=21936 stale=21909 rderr=0 ax=59 ay=-64 az=1127
1788557935.635037 [PWR] pm=0x1 drift=0 rderr=0
1788557935.639034 [DWT] ok=1 cyc=1448700191 cyc_per_ms=799996
1788557936.654528 [HB] up_ms=486189 frames=21982 inf=21982 hazard=2829 canary_err=0 q=0 qovr=0
1788557936.665894 [I2C] init=0 gate=0 whoami=0x201e0 wr=0 wrseen=0x27 addr=0x5a ok=135459 err=0 tmo=0 recov=0 pclk1=200000000 sysclk=400000000
1788557936.667175 [NAK] nacks=0
1788557936.671771 [CLK] cpu=800000000 sysb=400000000 pclk1=200000000
1788557936.676271 [TOF] res=0 step=0 id=0xeacc blk=0xeacc10 ctl=0x0
1788557936.682190 [RNG] init=0 step=99 id=0xeacc boot=1 calls=93 xerr=0 dm=1 tb=15
1788557936.689197 [RNG] osc=41 imp=881 imprb=881 mstart=0x40 cfg=91 cfgfail=0x0 vhv=0 vpolls=0
1788557936.695273 [PRT] calls=88049 xerr=0 ler=1 lidx=0x0 perr=0 maxcnt=17 addr8=0x52
1788557936.699402 [RTY] wr=0 wmax=0 wref=0  rd=0 rmax=0 rref=0
1788557936.707269 [RNG] frames=21984 last=66 min=49 max=76 nrdy=0 dxfer=0 dstat=0 lst=0 nrdyerr=0 dclr=0
1788557936.713521 [DRV] init=0 id=7 mode=0x1 lib=0x2 seq=0x1 odc=0x8b sts=0xe0 armed=1
1788557936.719022 [TRG] pulses=209 suppressed=2620 cyc=1600 rst=1 rstmode=0x40
1788557936.722279 [HLT] polls=439 faults=0x0 cfglost=0
1788557936.728028 [EFF] n=5 last=58512 min=58450 max=58515 late=0 stuck=0 rderr=0
1788557936.738404 [IMU] init=0 addr=0x68 who=0x68 rst=1 pmrb0=0x40 pmrb=0x1 sr=19 cfg=4 gcfg=0x0 acfg=0x8 icfg=0x30 ien=0x1 armed=1
1788557936.743782 [ACC] reads=21986 stale=21959 rderr=0 ax=60 ay=-63 az=1127
1788557936.746401 [PWR] pm=0x1 drift=0 rderr=0
1788557936.750416 [DWT] ok=1 cyc=2330300343 cyc_per_ms=800000
1788557937.765042 [HB] up_ms=487291 frames=22032 inf=22032 hazard=2829 canary_err=0 q=0 qovr=0
1788557937.776390 [I2C] init=0 gate=0 whoami=0x201e0 wr=0 wrseen=0x27 addr=0x5a ok=135761 err=0 tmo=0 recov=0 pclk1=200000000 sysclk=400000000
1788557937.777643 [NAK] nacks=0
1788557937.782267 [CLK] cpu=800000000 sysb=400000000 pclk1=200000000
1788557937.786767 [TOF] res=0 step=0 id=0xeacc blk=0xeacc10 ctl=0x0
1788557937.792638 [RNG] init=0 step=99 id=0xeacc boot=1 calls=93 xerr=0 dm=1 tb=15
1788557937.799643 [RNG] osc=41 imp=881 imprb=881 mstart=0x40 cfg=91 cfgfail=0x0 vhv=0 vpolls=0
1788557937.805791 [PRT] calls=88249 xerr=0 ler=1 lidx=0x0 perr=0 maxcnt=17 addr8=0x52
1788557937.809980 [RTY] wr=0 wmax=0 wref=0  rd=0 rmax=0 rref=0
1788557937.817641 [RNG] frames=22034 last=68 min=49 max=76 nrdy=0 dxfer=0 dstat=0 lst=0 nrdyerr=0 dclr=0
1788557937.824027 [DRV] init=0 id=7 mode=0x1 lib=0x2 seq=0x1 odc=0x8b sts=0xe0 armed=1
1788557937.829534 [TRG] pulses=209 suppressed=2620 cyc=1600 rst=1 rstmode=0x40
1788557937.832765 [HLT] polls=440 faults=0x0 cfglost=0
1788557937.838516 [EFF] n=5 last=58512 min=58450 max=58515 late=0 stuck=0 rderr=0
1788557937.848891 [IMU] init=0 addr=0x68 who=0x68 rst=1 pmrb0=0x40 pmrb=0x1 sr=19 cfg=4 gcfg=0x0 acfg=0x8 icfg=0x30 ien=0x1 armed=1
1788557937.854162 [ACC] reads=22036 stale=22009 rderr=0 ax=57 ay=-64 az=1128
1788557937.856892 [PWR] pm=0x1 drift=0 rderr=0
1788557937.860765 [DWT] ok=1 cyc=3211900015 cyc_per_ms=799999
1788557938.875521 [HB] up_ms=488393 frames=22082 inf=22082 hazard=2829 canary_err=0 q=0 qovr=0
1788557938.886769 [I2C] init=0 gate=0 whoami=0x201e0 wr=0 wrseen=0x27 addr=0x5a ok=136063 err=0 tmo=0 recov=0 pclk1=200000000 sysclk=400000000
1788557938.888151 [NAK] nacks=0
1788557938.892632 [CLK] cpu=800000000 sysb=400000000 pclk1=200000000
1788557938.897246 [TOF] res=0 step=0 id=0xeacc blk=0xeacc10 ctl=0x0
1788557938.903020 [RNG] init=0 step=99 id=0xeacc boot=1 calls=93 xerr=0 dm=1 tb=15
1788557938.910013 [RNG] osc=41 imp=881 imprb=881 mstart=0x40 cfg=91 cfgfail=0x0 vhv=0 vpolls=0
1788557938.916178 [PRT] calls=88449 xerr=0 ler=1 lidx=0x0 perr=0 maxcnt=17 addr8=0x52
1788557938.920265 [RTY] wr=0 wmax=0 wref=0  rd=0 rmax=0 rref=0
1788557938.928026 [RNG] frames=22084 last=62 min=49 max=76 nrdy=0 dxfer=0 dstat=0 lst=0 nrdyerr=0 dclr=0
1788557938.934394 [DRV] init=0 id=7 mode=0x1 lib=0x2 seq=0x1 odc=0x8b sts=0xe0 armed=1
1788557938.939881 [TRG] pulses=209 suppressed=2620 cyc=1600 rst=1 rstmode=0x40
1788557938.943178 [HLT] polls=441 faults=0x0 cfglost=0
1788557938.948894 [EFF] n=5 last=58512 min=58450 max=58515 late=0 stuck=0 rderr=0
1788557938.959304 [IMU] init=0 addr=0x68 who=0x68 rst=1 pmrb0=0x40 pmrb=0x1 sr=19 cfg=4 gcfg=0x0 acfg=0x8 icfg=0x30 ien=0x1 armed=1
1788557938.964651 [ACC] reads=22086 stale=22059 rderr=0 ax=61 ay=-64 az=1126
1788557938.967260 [PWR] pm=0x1 drift=0 rderr=0
1788557938.971250 [DWT] ok=1 cyc=4093500211 cyc_per_ms=800000
1788557939.985630 [HB] up_ms=489495 frames=22132 inf=22132 hazard=2829 canary_err=0 q=0 qovr=0
1788557939.996752 [I2C] init=0 gate=0 whoami=0x201e0 wr=0 wrseen=0x27 addr=0x5a ok=136365 err=0 tmo=0 recov=0 pclk1=200000000 sysclk=400000000
1788557939.998265 [NAK] nacks=0
1788557940.002882 [CLK] cpu=800000000 sysb=400000000 pclk1=200000000
1788557940.007363 [TOF] res=0 step=0 id=0xeacc blk=0xeacc10 ctl=0x0
1788557940.013155 [RNG] init=0 step=99 id=0xeacc boot=1 calls=93 xerr=0 dm=1 tb=15
1788557940.019999 [RNG] osc=41 imp=881 imprb=881 mstart=0x40 cfg=91 cfgfail=0x0 vhv=0 vpolls=0
1788557940.026264 [PRT] calls=88645 xerr=0 ler=1 lidx=0x0 perr=0 maxcnt=17 addr8=0x52
1788557940.030370 [RTY] wr=0 wmax=0 wref=0  rd=0 rmax=0 rref=0
1788557940.038156 [RNG] frames=22134 last=65 min=49 max=76 nrdy=0 dxfer=0 dstat=0 lst=0 nrdyerr=0 dclr=0
1788557940.044369 [DRV] init=0 id=7 mode=0x1 lib=0x2 seq=0x1 odc=0x8b sts=0xe0 armed=1
1788557940.049993 [TRG] pulses=209 suppressed=2620 cyc=1600 rst=1 rstmode=0x40
1788557940.053372 [HLT] polls=442 faults=0x0 cfglost=0
1788557940.058997 [EFF] n=5 last=58512 min=58450 max=58515 late=0 stuck=0 rderr=0
1788557940.069378 [IMU] init=0 addr=0x68 who=0x68 rst=1 pmrb0=0x40 pmrb=0x1 sr=19 cfg=4 gcfg=0x0 acfg=0x8 icfg=0x30 ien=0x1 armed=1
1788557940.074627 [ACC] reads=22136 stale=22109 rderr=0 ax=58 ay=-64 az=1125
1788557940.077379 [PWR] pm=0x1 drift=0 rderr=0
1788557940.081254 [DWT] ok=1 cyc=680132743 cyc_per_ms=799999
1788557941.095384 [HB] up_ms=490597 frames=22182 inf=22182 hazard=2829 canary_err=0 q=0 qovr=0
1788557941.106488 [I2C] init=0 gate=0 whoami=0x201e0 wr=0 wrseen=0x27 addr=0x5a ok=136667 err=0 tmo=0 recov=0 pclk1=200000000 sysclk=400000000
1788557941.107868 [NAK] nacks=0
1788557941.112613 [CLK] cpu=800000000 sysb=400000000 pclk1=200000000
1788557941.117140 [TOF] res=0 step=0 id=0xeacc blk=0xeacc10 ctl=0x0
1788557941.122988 [RNG] init=0 step=99 id=0xeacc boot=1 calls=93 xerr=0 dm=1 tb=15
1788557941.129866 [RNG] osc=41 imp=881 imprb=881 mstart=0x40 cfg=91 cfgfail=0x0 vhv=0 vpolls=0
1788557941.136128 [PRT] calls=88845 xerr=0 ler=1 lidx=0x0 perr=0 maxcnt=17 addr8=0x52
1788557941.140241 [RTY] wr=0 wmax=0 wref=0  rd=0 rmax=0 rref=0
1788557941.147994 [RNG] frames=22184 last=66 min=49 max=76 nrdy=0 dxfer=0 dstat=0 lst=0 nrdyerr=0 dclr=0
1788557941.154146 [DRV] init=0 id=7 mode=0x1 lib=0x2 seq=0x1 odc=0x8b sts=0xe0 armed=1
1788557941.159740 [TRG] pulses=209 suppressed=2620 cyc=1600 rst=1 rstmode=0x40
1788557941.163145 [HLT] polls=443 faults=0x0 cfglost=0
1788557941.168863 [EFF] n=5 last=58512 min=58450 max=58515 late=0 stuck=0 rderr=0
1788557941.179148 [IMU] init=0 addr=0x68 who=0x68 rst=1 pmrb0=0x40 pmrb=0x1 sr=19 cfg=4 gcfg=0x0 acfg=0x8 icfg=0x30 ien=0x1 armed=1
1788557941.184497 [ACC] reads=22186 stale=22159 rderr=0 ax=60 ay=-63 az=1128
1788557941.187156 [PWR] pm=0x1 drift=0 rderr=0
1788557941.191137 [DWT] ok=1 cyc=1561732895 cyc_per_ms=800000
1788557942.205762 [HB] up_ms=491699 frames=22231 inf=22231 hazard=2860 canary_err=0 q=0 qovr=0
1788557942.216850 [I2C] init=0 gate=0 whoami=0x201e0 wr=0 wrseen=0x27 addr=0x5a ok=136969 err=0 tmo=0 recov=0 pclk1=200000000 sysclk=400000000
1788557942.218256 [NAK] nacks=0
1788557942.222856 [CLK] cpu=800000000 sysb=400000000 pclk1=200000000
1788557942.227498 [TOF] res=0 step=0 id=0xeacc blk=0xeacc10 ctl=0x0
1788557942.233222 [RNG] init=0 step=99 id=0xeacc boot=1 calls=93 xerr=0 dm=1 tb=15
1788557942.240234 [RNG] osc=41 imp=881 imprb=881 mstart=0x40 cfg=91 cfgfail=0x0 vhv=0 vpolls=0
1788557942.248047 [PRT] calls=89045 xerr=0 ler=1 lidx=0x0 perr=0 maxcnt=17 addr8=0x52
1788557942.250497 [RTY] wr=0 wmax=0 wref=0  rd=0 rmax=0 rref=0
1788557942.258362 [RNG] frames=22234 last=67 min=49 max=76 nrdy=0 dxfer=0 dstat=0 lst=0 nrdyerr=0 dclr=0
1788557942.264488 [DRV] init=0 id=7 mode=0x1 lib=0x2 seq=0x1 odc=0x8b sts=0xe0 armed=1
1788557942.270128 [TRG] pulses=212 suppressed=2651 cyc=1600 rst=1 rstmode=0x40
1788557942.273479 [HLT] polls=444 faults=0x0 cfglost=0
1788557942.279244 [EFF] n=5 last=58512 min=58450 max=58515 late=0 stuck=0 rderr=0
1788557942.289352 [IMU] init=0 addr=0x68 who=0x68 rst=1 pmrb0=0x40 pmrb=0x1 sr=19 cfg=4 gcfg=0x0 acfg=0x8 icfg=0x30 ien=0x1 armed=1
1788557942.294865 [ACC] reads=22235 stale=22208 rderr=0 ax=60 ay=-64 az=1125
1788557942.297485 [PWR] pm=0x1 drift=0 rderr=0
1788557942.301491 [DWT] ok=1 cyc=2443471433 cyc_per_ms=800125
1788557943.317481 [HB] up_ms=492802 frames=22281 inf=22281 hazard=2870 canary_err=0 q=0 qovr=0
1788557943.328594 [I2C] init=0 gate=0 whoami=0x201e0 wr=0 wrseen=0x27 addr=0x5a ok=137271 err=0 tmo=0 recov=0 pclk1=200000000 sysclk=400000000
1788557943.329995 [NAK] nacks=0
1788557943.334593 [CLK] cpu=800000000 sysb=400000000 pclk1=200000000
1788557943.339216 [TOF] res=0 step=0 id=0xeacc blk=0xeacc10 ctl=0x0
1788557943.345107 [RNG] init=0 step=99 id=0xeacc boot=1 calls=93 xerr=0 dm=1 tb=15
1788557943.351968 [RNG] osc=41 imp=881 imprb=881 mstart=0x40 cfg=91 cfgfail=0x0 vhv=0 vpolls=0
1788557943.358157 [PRT] calls=89245 xerr=0 ler=1 lidx=0x0 perr=0 maxcnt=17 addr8=0x52
1788557943.362347 [RTY] wr=0 wmax=0 wref=0  rd=0 rmax=0 rref=0
1788557943.370110 [RNG] frames=22284 last=57 min=49 max=76 nrdy=0 dxfer=0 dstat=0 lst=0 nrdyerr=0 dclr=0
1788557943.376342 [DRV] init=0 id=7 mode=0x1 lib=0x2 seq=0x1 odc=0x8b sts=0xe0 armed=1
1788557943.381717 [TRG] pulses=212 suppressed=2658 cyc=1600 rst=1 rstmode=0x40
1788557943.385368 [HLT] polls=445 faults=0x0 cfglost=0
1788557943.391106 [EFF] n=5 last=58512 min=58450 max=58515 late=0 stuck=0 rderr=0
1788557943.401283 [IMU] init=0 addr=0x68 who=0x68 rst=1 pmrb0=0x40 pmrb=0x1 sr=19 cfg=4 gcfg=0x0 acfg=0x8 icfg=0x30 ien=0x1 armed=1
1788557943.406595 [ACC] reads=22285 stale=22257 rderr=0 ax=59 ay=-63 az=1125
1788557943.409343 [PWR] pm=0x1 drift=0 rderr=0
1788557943.413348 [DWT] ok=1 cyc=3325867733 cyc_per_ms=799996
1788557944.429486 [HB] up_ms=493905 frames=22331 inf=22331 hazard=2870 canary_err=0 q=0 qovr=0
1788557944.440596 [I2C] init=0 gate=0 whoami=0x201e0 wr=0 wrseen=0x27 addr=0x5a ok=137573 err=0 tmo=0 recov=0 pclk1=200000000 sysclk=400000000
1788557944.441960 [NAK] nacks=0
1788557944.446587 [CLK] cpu=800000000 sysb=400000000 pclk1=200000000
1788557944.451224 [TOF] res=0 step=0 id=0xeacc blk=0xeacc10 ctl=0x0
1788557944.457111 [RNG] init=0 step=99 id=0xeacc boot=1 calls=93 xerr=0 dm=1 tb=15
1788557944.463964 [RNG] osc=41 imp=881 imprb=881 mstart=0x40 cfg=91 cfgfail=0x0 vhv=0 vpolls=0
1788557944.470103 [PRT] calls=89445 xerr=0 ler=1 lidx=0x0 perr=0 maxcnt=17 addr8=0x52
1788557944.474217 [RTY] wr=0 wmax=0 wref=0  rd=0 rmax=0 rref=0
1788557944.482110 [RNG] frames=22333 last=61 min=49 max=76 nrdy=0 dxfer=0 dstat=0 lst=0 nrdyerr=0 dclr=0
1788557944.488215 [DRV] init=0 id=7 mode=0x1 lib=0x2 seq=0x1 odc=0x8b sts=0xe0 armed=1
1788557944.493719 [TRG] pulses=212 suppressed=2658 cyc=1600 rst=1 rstmode=0x40
1788557944.497214 [HLT] polls=446 faults=0x0 cfglost=0
1788557944.502968 [EFF] n=5 last=58512 min=58450 max=58515 late=0 stuck=0 rderr=0
1788557944.513215 [IMU] init=0 addr=0x68 who=0x68 rst=1 pmrb0=0x40 pmrb=0x1 sr=19 cfg=4 gcfg=0x0 acfg=0x8 icfg=0x30 ien=0x1 armed=1
1788557944.518468 [ACC] reads=22335 stale=22307 rderr=0 ax=59 ay=-65 az=1125
1788557944.521340 [PWR] pm=0x1 drift=0 rderr=0
1788557944.525346 [DWT] ok=1 cyc=4208255115 cyc_per_ms=799988
1788557945.541281 [HB] up_ms=495008 frames=22381 inf=22381 hazard=2870 canary_err=0 q=0 qovr=0
1788557945.552458 [I2C] init=0 gate=0 whoami=0x201e0 wr=0 wrseen=0x27 addr=0x5a ok=137871 err=0 tmo=0 recov=0 pclk1=200000000 sysclk=400000000
1788557945.553709 [NAK] nacks=0
1788557945.558330 [CLK] cpu=800000000 sysb=400000000 pclk1=200000000
1788557945.562829 [TOF] res=0 step=0 id=0xeacc blk=0xeacc10 ctl=0x0
1788557945.568831 [RNG] init=0 step=99 id=0xeacc boot=1 calls=93 xerr=0 dm=1 tb=15
1788557945.575707 [RNG] osc=41 imp=881 imprb=881 mstart=0x40 cfg=91 cfgfail=0x0 vhv=0 vpolls=0
1788557945.581835 [PRT] calls=89645 xerr=0 ler=1 lidx=0x0 perr=0 maxcnt=17 addr8=0x52
1788557945.585842 [RTY] wr=0 wmax=0 wref=0  rd=0 rmax=0 rref=0
1788557945.593829 [RNG] frames=22383 last=65 min=49 max=76 nrdy=0 dxfer=0 dstat=0 lst=0 nrdyerr=0 dclr=0
1788557945.600098 [DRV] init=0 id=7 mode=0x1 lib=0x2 seq=0x1 odc=0x8b sts=0xe0 armed=1
1788557945.605457 [TRG] pulses=212 suppressed=2658 cyc=1600 rst=1 rstmode=0x40
1788557945.608829 [HLT] polls=447 faults=0x0 cfglost=0
1788557945.614831 [EFF] n=5 last=58512 min=58450 max=58515 late=0 stuck=0 rderr=0
1788557945.624957 [IMU] init=0 addr=0x68 who=0x68 rst=1 pmrb0=0x40 pmrb=0x1 sr=19 cfg=4 gcfg=0x0 acfg=0x8 icfg=0x30 ien=0x1 armed=1
1788557945.630238 [ACC] reads=22385 stale=22357 rderr=0 ax=60 ay=-63 az=1127
1788557945.632956 [PWR] pm=0x1 drift=0 rderr=0
1788557945.636957 [DWT] ok=1 cyc=795565667 cyc_per_ms=799889
1788557946.651967 [HB] up_ms=496110 frames=22431 inf=22431 hazard=2870 canary_err=0 q=0 qovr=0
1788557946.663203 [I2C] init=0 gate=0 whoami=0x201e0 wr=0 wrseen=0x27 addr=0x5a ok=138171 err=0 tmo=0 recov=0 pclk1=200000000 sysclk=400000000
1788557946.664576 [NAK] nacks=0
1788557946.669196 [CLK] cpu=800000000 sysb=400000000 pclk1=200000000
1788557946.673705 [TOF] res=0 step=0 id=0xeacc blk=0xeacc10 ctl=0x0
1788557946.679770 [RNG] init=0 step=99 id=0xeacc boot=1 calls=93 xerr=0 dm=1 tb=15
1788557946.686574 [RNG] osc=41 imp=881 imprb=881 mstart=0x40 cfg=91 cfgfail=0x0 vhv=0 vpolls=0
1788557946.692701 [PRT] calls=89845 xerr=0 ler=1 lidx=0x0 perr=0 maxcnt=17 addr8=0x52
1788557946.696700 [RTY] wr=0 wmax=0 wref=0  rd=0 rmax=0 rref=0
1788557946.704698 [RNG] frames=22433 last=63 min=49 max=76 nrdy=0 dxfer=0 dstat=0 lst=0 nrdyerr=0 dclr=0
1788557946.710827 [DRV] init=0 id=7 mode=0x1 lib=0x2 seq=0x1 odc=0x8b sts=0xe0 armed=1
1788557946.716322 [TRG] pulses=212 suppressed=2658 cyc=1600 rst=1 rstmode=0x40
1788557946.719700 [HLT] polls=448 faults=0x0 cfglost=0
1788557946.725570 [EFF] n=5 last=58512 min=58450 max=58515 late=0 stuck=0 rderr=0
1788557946.735854 [IMU] init=0 addr=0x68 who=0x68 rst=1 pmrb0=0x40 pmrb=0x1 sr=19 cfg=4 gcfg=0x0 acfg=0x8 icfg=0x30 ien=0x1 armed=1
1788557946.741094 [ACC] reads=22435 stale=22407 rderr=0 ax=60 ay=-63 az=1129
1788557946.743698 [PWR] pm=0x1 drift=0 rderr=0
1788557946.747692 [DWT] ok=1 cyc=1677165583 cyc_per_ms=799999
1788557947.762452 [HB] up_ms=497212 frames=22481 inf=22481 hazard=2870 canary_err=0 q=0 qovr=0
1788557947.773700 [I2C] init=0 gate=0 whoami=0x201e0 wr=0 wrseen=0x27 addr=0x5a ok=138473 err=0 tmo=0 recov=0 pclk1=200000000 sysclk=400000000
1788557947.775065 [NAK] nacks=0
1788557947.779571 [CLK] cpu=800000000 sysb=400000000 pclk1=200000000
1788557947.784062 [TOF] res=0 step=0 id=0xeacc blk=0xeacc10 ctl=0x0
1788557947.789939 [RNG] init=0 step=99 id=0xeacc boot=1 calls=93 xerr=0 dm=1 tb=15
1788557947.797067 [RNG] osc=41 imp=881 imprb=881 mstart=0x40 cfg=91 cfgfail=0x0 vhv=0 vpolls=0
1788557947.803070 [PRT] calls=90045 xerr=0 ler=1 lidx=0x0 perr=0 maxcnt=17 addr8=0x52
1788557947.807193 [RTY] wr=0 wmax=0 wref=0  rd=0 rmax=0 rref=0
1788557947.815066 [RNG] frames=22483 last=60 min=49 max=76 nrdy=0 dxfer=0 dstat=0 lst=0 nrdyerr=0 dclr=0
1788557947.821310 [DRV] init=0 id=7 mode=0x1 lib=0x2 seq=0x1 odc=0x8b sts=0xe0 armed=1
1788557947.826819 [TRG] pulses=212 suppressed=2658 cyc=1600 rst=1 rstmode=0x40
1788557947.830191 [HLT] polls=449 faults=0x0 cfglost=0
1788557947.836019 [EFF] n=5 last=58512 min=58450 max=58515 late=0 stuck=0 rderr=0
1788557947.846192 [IMU] init=0 addr=0x68 who=0x68 rst=1 pmrb0=0x40 pmrb=0x1 sr=19 cfg=4 gcfg=0x0 acfg=0x8 icfg=0x30 ien=0x1 armed=1
1788557947.851571 [ACC] reads=22485 stale=22456 rderr=0 ax=59 ay=-64 az=1127
1788557947.854225 [PWR] pm=0x1 drift=0 rderr=0
1788557947.858210 [DWT] ok=1 cyc=2558765411 cyc_per_ms=799999
1788557948.873092 [HB] up_ms=498314 frames=22531 inf=22531 hazard=2881 canary_err=0 q=0 qovr=0
1788557948.884315 [I2C] init=0 gate=0 whoami=0x201e0 wr=0 wrseen=0x27 addr=0x5a ok=138775 err=0 tmo=0 recov=0 pclk1=200000000 sysclk=400000000
1788557948.885682 [NAK] nacks=0
1788557948.890310 [CLK] cpu=800000000 sysb=400000000 pclk1=200000000
1788557948.894809 [TOF] res=0 step=0 id=0xeacc blk=0xeacc10 ctl=0x0
1788557948.900555 [RNG] init=0 step=99 id=0xeacc boot=1 calls=93 xerr=0 dm=1 tb=15
1788557948.907686 [RNG] osc=41 imp=881 imprb=881 mstart=0x40 cfg=91 cfgfail=0x0 vhv=0 vpolls=0
1788557948.913815 [PRT] calls=90245 xerr=0 ler=1 lidx=0x0 perr=0 maxcnt=17 addr8=0x52
1788557948.917837 [RTY] wr=0 wmax=0 wref=0  rd=0 rmax=0 rref=0
1788557948.925689 [RNG] frames=22533 last=59 min=49 max=76 nrdy=0 dxfer=0 dstat=0 lst=0 nrdyerr=0 dclr=0
1788557948.931949 [DRV] init=0 id=7 mode=0x1 lib=0x2 seq=0x1 odc=0x8b sts=0xe0 armed=1
1788557948.937427 [TRG] pulses=213 suppressed=2671 cyc=1600 rst=1 rstmode=0x40
1788557948.940814 [HLT] polls=450 faults=0x0 cfglost=0
1788557948.946560 [EFF] n=5 last=58512 min=58450 max=58515 late=0 stuck=0 rderr=0
1788557948.956927 [IMU] init=0 addr=0x68 who=0x68 rst=1 pmrb0=0x40 pmrb=0x1 sr=19 cfg=4 gcfg=0x0 acfg=0x8 icfg=0x30 ien=0x1 armed=1
1788557948.962181 [ACC] reads=22535 stale=22506 rderr=0 ax=60 ay=-62 az=1128
1788557948.964931 [PWR] pm=0x1 drift=0 rderr=0
1788557948.968856 [DWT] ok=1 cyc=3440371651 cyc_per_ms=800005
1788557949.984872 [HB] up_ms=499416 frames=22581 inf=22581 hazard=2911 canary_err=0 q=0 qovr=0
1788557949.996193 [I2C] init=0 gate=0 whoami=0x201e0 wr=0 wrseen=0x27 addr=0x5a ok=139077 err=0 tmo=0 recov=0 pclk1=200000000 sysclk=400000000
1788557949.997430 [NAK] nacks=0
1788557950.002048 [CLK] cpu=800000000 sysb=400000000 pclk1=200000000
1788557950.006543 [TOF] res=0 step=0 id=0xeacc blk=0xeacc10 ctl=0x0
1788557950.012494 [RNG] init=0 step=99 id=0xeacc boot=1 calls=93 xerr=0 dm=1 tb=15
1788557950.019428 [RNG] osc=41 imp=881 imprb=881 mstart=0x40 cfg=91 cfgfail=0x0 vhv=0 vpolls=0
1788557950.025550 [PRT] calls=90445 xerr=0 ler=1 lidx=0x0 perr=0 maxcnt=17 addr8=0x52
1788557950.029682 [RTY] wr=0 wmax=0 wref=0  rd=0 rmax=0 rref=0
1788557950.037421 [RNG] frames=22583 last=59 min=49 max=76 nrdy=0 dxfer=0 dstat=0 lst=0 nrdyerr=0 dclr=0
1788557950.043794 [DRV] init=0 id=7 mode=0x1 lib=0x2 seq=0x1 odc=0x8b sts=0xe0 armed=1
1788557950.049294 [TRG] pulses=215 suppressed=2696 cyc=1600 rst=1 rstmode=0x40
1788557950.052674 [HLT] polls=451 faults=0x0 cfglost=0
1788557950.058417 [EFF] n=5 last=58512 min=58450 max=58515 late=0 stuck=0 rderr=0
1788557950.068795 [IMU] init=0 addr=0x68 who=0x68 rst=1 pmrb0=0x40 pmrb=0x1 sr=19 cfg=4 gcfg=0x0 acfg=0x8 icfg=0x30 ien=0x1 armed=1
1788557950.074046 [ACC] reads=22585 stale=22556 rderr=0 ax=61 ay=-66 az=1123
1788557950.076670 [PWR] pm=0x1 drift=0 rderr=0
1788557950.080556 [DWT] ok=1 cyc=26998159 cyc_per_ms=799994
1788557951.095858 [HB] up_ms=500518 frames=22631 inf=22631 hazard=2911 canary_err=0 q=0 qovr=0
1788557951.107038 [I2C] init=0 gate=0 whoami=0x201e0 wr=0 wrseen=0x27 addr=0x5a ok=139379 err=0 tmo=0 recov=0 pclk1=200000000 sysclk=400000000
1788557951.108461 [NAK] nacks=0
1788557951.113034 [CLK] cpu=800000000 sysb=400000000 pclk1=200000000
1788557951.117599 [TOF] res=0 step=0 id=0xeacc blk=0xeacc10 ctl=0x0
1788557951.123416 [RNG] init=0 step=99 id=0xeacc boot=1 calls=93 xerr=0 dm=1 tb=15
1788557951.130302 [RNG] osc=41 imp=881 imprb=881 mstart=0x40 cfg=91 cfgfail=0x0 vhv=0 vpolls=0
1788557951.136547 [PRT] calls=90642 xerr=0 ler=1 lidx=0x0 perr=0 maxcnt=17 addr8=0x52
1788557951.140539 [RTY] wr=0 wmax=0 wref=0  rd=0 rmax=0 rref=0
1788557951.148418 [RNG] frames=22633 last=63 min=49 max=76 nrdy=0 dxfer=0 dstat=0 lst=0 nrdyerr=0 dclr=0
1788557951.154666 [DRV] init=0 id=7 mode=0x1 lib=0x2 seq=0x1 odc=0x8b sts=0xe0 armed=1
1788557951.160187 [TRG] pulses=215 suppressed=2696 cyc=1600 rst=1 rstmode=0x40
1788557951.163537 [HLT] polls=452 faults=0x0 cfglost=0
1788557951.169289 [EFF] n=5 last=58512 min=58450 max=58515 late=0 stuck=0 rderr=0
1788557951.179663 [IMU] init=0 addr=0x68 who=0x68 rst=1 pmrb0=0x40 pmrb=0x1 sr=19 cfg=4 gcfg=0x0 acfg=0x8 icfg=0x30 ien=0x1 armed=1
1788557951.184917 [ACC] reads=22635 stale=22606 rderr=0 ax=58 ay=-65 az=1125
1788557951.187669 [PWR] pm=0x1 drift=0 rderr=0
1788557951.191541 [DWT] ok=1 cyc=908598671 cyc_per_ms=800000
1788557952.207042 [HB] up_ms=501620 frames=22681 inf=22681 hazard=2911 canary_err=0 q=0 qovr=0
1788557952.218185 [I2C] init=0 gate=0 whoami=0x201e0 wr=0 wrseen=0x27 addr=0x5a ok=139681 err=0 tmo=0 recov=0 pclk1=200000000 sysclk=400000000
1788557952.219535 [NAK] nacks=0
1788557952.224279 [CLK] cpu=800000000 sysb=400000000 pclk1=200000000
1788557952.228785 [TOF] res=0 step=0 id=0xeacc blk=0xeacc10 ctl=0x0
1788557952.234664 [RNG] init=0 step=99 id=0xeacc boot=1 calls=93 xerr=0 dm=1 tb=15
1788557952.241529 [RNG] osc=41 imp=881 imprb=881 mstart=0x40 cfg=91 cfgfail=0x0 vhv=0 vpolls=0
1788557952.247777 [PRT] calls=90841 xerr=0 ler=1 lidx=0x0 perr=0 maxcnt=17 addr8=0x52
1788557952.251898 [RTY] wr=0 wmax=0 wref=0  rd=0 rmax=0 rref=0
1788557952.259662 [RNG] frames=22683 last=57 min=49 max=76 nrdy=0 dxfer=0 dstat=0 lst=0 nrdyerr=0 dclr=0
1788557952.265786 [DRV] init=0 id=7 mode=0x1 lib=0x2 seq=0x1 odc=0x8b sts=0xe0 armed=1
1788557952.271417 [TRG] pulses=215 suppressed=2696 cyc=1600 rst=1 rstmode=0x40
1788557952.274776 [HLT] polls=453 faults=0x0 cfglost=0
1788557952.280543 [EFF] n=5 last=58512 min=58450 max=58515 late=0 stuck=0 rderr=0
1788557952.290906 [IMU] init=0 addr=0x68 who=0x68 rst=1 pmrb0=0x40 pmrb=0x1 sr=19 cfg=4 gcfg=0x0 acfg=0x8 icfg=0x30 ien=0x1 armed=1
1788557952.296165 [ACC] reads=22685 stale=22656 rderr=0 ax=60 ay=-63 az=1129
1788557952.298904 [PWR] pm=0x1 drift=0 rderr=0
1788557952.302776 [DWT] ok=1 cyc=1790198347 cyc_per_ms=799999
1788557953.318182 [HB] up_ms=502722 frames=22731 inf=22731 hazard=2911 canary_err=0 q=0 qovr=0
1788557953.329266 [I2C] init=0 gate=0 whoami=0x201e0 wr=0 wrseen=0x27 addr=0x5a ok=139983 err=0 tmo=0 recov=0 pclk1=200000000 sysclk=400000000
1788557953.330527 [NAK] nacks=0
1788557953.335422 [CLK] cpu=800000000 sysb=400000000 pclk1=200000000
1788557953.339902 [TOF] res=0 step=0 id=0xeacc blk=0xeacc10 ctl=0x0
1788557953.345651 [RNG] init=0 step=99 id=0xeacc boot=1 calls=93 xerr=0 dm=1 tb=15
1788557953.352650 [RNG] osc=41 imp=881 imprb=881 mstart=0x40 cfg=91 cfgfail=0x0 vhv=0 vpolls=0
1788557953.358897 [PRT] calls=91041 xerr=0 ler=1 lidx=0x0 perr=0 maxcnt=17 addr8=0x52
1788557953.362901 [RTY] wr=0 wmax=0 wref=0  rd=0 rmax=0 rref=0
1788557953.370647 [RNG] frames=22733 last=61 min=49 max=76 nrdy=0 dxfer=0 dstat=0 lst=0 nrdyerr=0 dclr=0
1788557953.376891 [DRV] init=0 id=7 mode=0x1 lib=0x2 seq=0x1 odc=0x8b sts=0xe0 armed=1
1788557953.382548 [TRG] pulses=215 suppressed=2696 cyc=1600 rst=1 rstmode=0x40
1788557953.385905 [HLT] polls=454 faults=0x0 cfglost=0
1788557953.391650 [EFF] n=5 last=58512 min=58450 max=58515 late=0 stuck=0 rderr=0
1788557953.401775 [IMU] init=0 addr=0x68 who=0x68 rst=1 pmrb0=0x40 pmrb=0x1 sr=19 cfg=4 gcfg=0x0 acfg=0x8 icfg=0x30 ien=0x1 armed=1
1788557953.407271 [ACC] reads=22734 stale=22705 rderr=0 ax=60 ay=-64 az=1126
1788557953.409908 [PWR] pm=0x1 drift=0 rderr=0
1788557953.413905 [DWT] ok=1 cyc=2671826387 cyc_per_ms=800025
1788557954.429179 [HB] up_ms=503824 frames=22780 inf=22780 hazard=2911 canary_err=0 q=0 qovr=0
1788557954.440265 [I2C] init=0 gate=0 whoami=0x201e0 wr=0 wrseen=0x27 addr=0x5a ok=140285 err=0 tmo=0 recov=0 pclk1=200000000 sysclk=400000000
1788557954.441647 [NAK] nacks=0
1788557954.446157 [CLK] cpu=800000000 sysb=400000000 pclk1=200000000
1788557954.450893 [TOF] res=0 step=0 id=0xeacc blk=0xeacc10 ctl=0x0
1788557954.456796 [RNG] init=0 step=99 id=0xeacc boot=1 calls=93 xerr=0 dm=1 tb=15
1788557954.463656 [RNG] osc=41 imp=881 imprb=881 mstart=0x40 cfg=91 cfgfail=0x0 vhv=0 vpolls=0
1788557954.469855 [PRT] calls=91241 xerr=0 ler=1 lidx=0x0 perr=0 maxcnt=17 addr8=0x52
1788557954.473891 [RTY] wr=0 wmax=0 wref=0  rd=0 rmax=0 rref=0
1788557954.481772 [RNG] frames=22783 last=61 min=49 max=76 nrdy=0 dxfer=0 dstat=0 lst=0 nrdyerr=0 dclr=0
1788557954.487898 [DRV] init=0 id=7 mode=0x1 lib=0x2 seq=0x1 odc=0x8b sts=0xe0 armed=1
1788557954.493393 [TRG] pulses=215 suppressed=2696 cyc=1600 rst=1 rstmode=0x40
1788557954.496894 [HLT] polls=455 faults=0x0 cfglost=0
1788557954.502640 [EFF] n=5 last=58512 min=58450 max=58515 late=0 stuck=0 rderr=0
1788557954.512913 [IMU] init=0 addr=0x68 who=0x68 rst=1 pmrb0=0x40 pmrb=0x1 sr=19 cfg=4 gcfg=0x0 acfg=0x8 icfg=0x30 ien=0x1 armed=1
1788557954.518267 [ACC] reads=22784 stale=22754 rderr=0 ax=62 ay=-65 az=1124
1788557954.521011 [PWR] pm=0x1 drift=0 rderr=0
1788557954.524888 [DWT] ok=1 cyc=3553533465 cyc_per_ms=800097
1788557955.541011 [HB] up_ms=504927 frames=22830 inf=22830 hazard=2911 canary_err=0 q=0 qovr=0
1788557955.552137 [I2C] init=0 gate=0 whoami=0x201e0 wr=0 wrseen=0x27 addr=0x5a ok=140587 err=0 tmo=0 recov=0 pclk1=200000000 sysclk=400000000
1788557955.553502 [NAK] nacks=0
1788557955.558000 [CLK] cpu=800000000 sysb=400000000 pclk1=200000000
1788557955.562751 [TOF] res=0 step=0 id=0xeacc blk=0xeacc10 ctl=0x0
1788557955.568501 [RNG] init=0 step=99 id=0xeacc boot=1 calls=93 xerr=0 dm=1 tb=15
1788557955.575502 [RNG] osc=41 imp=881 imprb=881 mstart=0x40 cfg=91 cfgfail=0x0 vhv=0 vpolls=0
1788557955.581506 [PRT] calls=91441 xerr=0 ler=1 lidx=0x0 perr=0 maxcnt=17 addr8=0x52
1788557955.585755 [RTY] wr=0 wmax=0 wref=0  rd=0 rmax=0 rref=0
1788557955.593631 [RNG] frames=22833 last=61 min=49 max=76 nrdy=0 dxfer=0 dstat=0 lst=0 nrdyerr=0 dclr=0
1788557955.599789 [DRV] init=0 id=7 mode=0x1 lib=0x2 seq=0x1 odc=0x8b sts=0xe0 armed=1
1788557955.605256 [TRG] pulses=215 suppressed=2696 cyc=1600 rst=1 rstmode=0x40
1788557955.608752 [HLT] polls=456 faults=0x0 cfglost=0
1788557955.614510 [EFF] n=5 last=58512 min=58450 max=58515 late=0 stuck=0 rderr=0
1788557955.624632 [IMU] init=0 addr=0x68 who=0x68 rst=1 pmrb0=0x40 pmrb=0x1 sr=19 cfg=4 gcfg=0x0 acfg=0x8 icfg=0x30 ien=0x1 armed=1
1788557955.630004 [ACC] reads=22834 stale=22804 rderr=0 ax=61 ay=-65 az=1125
1788557955.632771 [PWR] pm=0x1 drift=0 rderr=0
1788557955.636764 [DWT] ok=1 cyc=140965813 cyc_per_ms=799999
1788557956.651290 [HB] up_ms=506029 frames=22880 inf=22880 hazard=2951 canary_err=0 q=0 qovr=0
1788557956.662506 [I2C] init=0 gate=0 whoami=0x201e0 wr=0 wrseen=0x27 addr=0x5a ok=140885 err=0 tmo=0 recov=0 pclk1=200000000 sysclk=400000000
1788557956.663878 [NAK] nacks=0
1788557956.668367 [CLK] cpu=800000000 sysb=400000000 pclk1=200000000
1788557956.672868 [TOF] res=0 step=0 id=0xeacc blk=0xeacc10 ctl=0x0
1788557956.678867 [RNG] init=0 step=99 id=0xeacc boot=1 calls=93 xerr=0 dm=1 tb=15
1788557956.685888 [RNG] osc=41 imp=881 imprb=881 mstart=0x40 cfg=91 cfgfail=0x0 vhv=0 vpolls=0
1788557956.691888 [PRT] calls=91641 xerr=0 ler=1 lidx=0x0 perr=0 maxcnt=17 addr8=0x52
1788557956.696008 [RTY] wr=0 wmax=0 wref=0  rd=0 rmax=0 rref=0
1788557956.703999 [RNG] frames=22882 last=64 min=49 max=76 nrdy=0 dxfer=0 dstat=0 lst=0 nrdyerr=0 dclr=0
1788557956.710175 [DRV] init=0 id=7 mode=0x1 lib=0x2 seq=0x1 odc=0x8b sts=0xe0 armed=1
1788557956.715617 [TRG] pulses=218 suppressed=2734 cyc=1600 rst=1 rstmode=0x40
1788557956.718993 [HLT] polls=457 faults=0x0 cfglost=0
1788557956.724867 [EFF] n=5 last=58512 min=58450 max=58515 late=0 stuck=0 rderr=0
1788557956.735004 [IMU] init=0 addr=0x68 who=0x68 rst=1 pmrb0=0x40 pmrb=0x1 sr=19 cfg=4 gcfg=0x0 acfg=0x8 icfg=0x30 ien=0x1 armed=1
1788557956.740371 [ACC] reads=22884 stale=22854 rderr=0 ax=60 ay=-64 az=1126
1788557956.742995 [PWR] pm=0x1 drift=0 rderr=0
1788557956.747146 [DWT] ok=1 cyc=1022431931 cyc_per_ms=799878
1788557957.762506 [HB] up_ms=507132 frames=22930 inf=22930 hazard=2952 canary_err=0 q=0 qovr=0
1788557957.773856 [I2C] init=0 gate=0 whoami=0x201e0 wr=0 wrseen=0x27 addr=0x5a ok=141185 err=0 tmo=0 recov=0 pclk1=200000000 sysclk=400000000
1788557957.775232 [NAK] nacks=0
1788557957.779756 [CLK] cpu=800000000 sysb=400000000 pclk1=200000000
1788557957.784230 [TOF] res=0 step=0 id=0xeacc blk=0xeacc10 ctl=0x0
1788557957.790233 [RNG] init=0 step=99 id=0xeacc boot=1 calls=93 xerr=0 dm=1 tb=15
1788557957.797130 [RNG] osc=41 imp=881 imprb=881 mstart=0x40 cfg=91 cfgfail=0x0 vhv=0 vpolls=0
1788557957.803232 [PRT] calls=91841 xerr=0 ler=1 lidx=0x0 perr=0 maxcnt=17 addr8=0x52
1788557957.807359 [RTY] wr=0 wmax=0 wref=0  rd=0 rmax=0 rref=0
1788557957.815238 [RNG] frames=22932 last=66 min=49 max=76 nrdy=0 dxfer=0 dstat=0 lst=0 nrdyerr=0 dclr=0
1788557957.821484 [DRV] init=0 id=7 mode=0x1 lib=0x2 seq=0x1 odc=0x8b sts=0xe0 armed=1
1788557957.826983 [TRG] pulses=218 suppressed=2734 cyc=1600 rst=1 rstmode=0x40
1788557957.830360 [HLT] polls=458 faults=0x0 cfglost=0
1788557957.836231 [EFF] n=5 last=58512 min=58450 max=58515 late=0 stuck=0 rderr=0
1788557957.846363 [IMU] init=0 addr=0x68 who=0x68 rst=1 pmrb0=0x40 pmrb=0x1 sr=19 cfg=4 gcfg=0x0 acfg=0x8 icfg=0x30 ien=0x1 armed=1
1788557957.851734 [ACC] reads=22934 stale=22904 rderr=0 ax=59 ay=-63 az=1126
1788557957.854394 [PWR] pm=0x1 drift=0 rderr=0
1788557957.858492 [DWT] ok=1 cyc=1904830867 cyc_per_ms=799999
1788557958.874362 [HB] up_ms=508235 frames=22980 inf=22980 hazard=2952 canary_err=0 q=0 qovr=0
1788557958.885729 [I2C] init=0 gate=0 whoami=0x201e0 wr=0 wrseen=0x27 addr=0x5a ok=141487 err=0 tmo=0 recov=0 pclk1=200000000 sysclk=400000000
1788557958.886977 [NAK] nacks=0
1788557958.891624 [CLK] cpu=800000000 sysb=400000000 pclk1=200000000
1788557958.896129 [TOF] res=0 step=0 id=0xeacc blk=0xeacc10 ctl=0x0
1788557958.901976 [RNG] init=0 step=99 id=0xeacc boot=1 calls=93 xerr=0 dm=1 tb=15
1788557958.908976 [RNG] osc=41 imp=881 imprb=881 mstart=0x40 cfg=91 cfgfail=0x0 vhv=0 vpolls=0
1788557958.915129 [PRT] calls=92041 xerr=0 ler=1 lidx=0x0 perr=0 maxcnt=17 addr8=0x52
1788557958.919127 [RTY] wr=0 wmax=0 wref=0  rd=0 rmax=0 rref=0
1788557958.927134 [RNG] frames=22982 last=61 min=49 max=76 nrdy=0 dxfer=0 dstat=0 lst=0 nrdyerr=0 dclr=0
1788557958.933351 [DRV] init=0 id=7 mode=0x1 lib=0x2 seq=0x1 odc=0x8b sts=0xe0 armed=1
1788557958.938736 [TRG] pulses=218 suppressed=2734 cyc=1600 rst=1 rstmode=0x40
1788557958.942138 [HLT] polls=459 faults=0x0 cfglost=0
1788557958.947985 [EFF] n=5 last=58512 min=58450 max=58515 late=0 stuck=0 rderr=0
1788557958.958232 [IMU] init=0 addr=0x68 who=0x68 rst=1 pmrb0=0x40 pmrb=0x1 sr=19 cfg=4 gcfg=0x0 acfg=0x8 icfg=0x30 ien=0x1 armed=1
1788557958.963480 [ACC] reads=22984 stale=22954 rderr=0 ax=60 ay=-63 az=1129
1788557958.966234 [PWR] pm=0x1 drift=0 rderr=0
1788557958.970138 [DWT] ok=1 cyc=2787231031 cyc_per_ms=800000
1788557959.984974 [HB] up_ms=509337 frames=23030 inf=23030 hazard=2952 canary_err=0 q=0 qovr=0
1788557959.996222 [I2C] init=0 gate=0 whoami=0x201e0 wr=0 wrseen=0x27 addr=0x5a ok=141789 err=0 tmo=0 recov=0 pclk1=200000000 sysclk=400000000
1788557959.997635 [NAK] nacks=0
1788557960.002136 [CLK] cpu=800000000 sysb=400000000 pclk1=200000000
1788557960.006592 [TOF] res=0 step=0 id=0xeacc blk=0xeacc10 ctl=0x0
1788557960.012463 [RNG] init=0 step=99 id=0xeacc boot=1 calls=93 xerr=0 dm=1 tb=15
1788557960.019477 [RNG] osc=41 imp=881 imprb=881 mstart=0x40 cfg=91 cfgfail=0x0 vhv=0 vpolls=0
1788557960.025598 [PRT] calls=92241 xerr=0 ler=1 lidx=0x0 perr=0 maxcnt=17 addr8=0x52
1788557960.029717 [RTY] wr=0 wmax=0 wref=0  rd=0 rmax=0 rref=0
1788557960.037600 [RNG] frames=23032 last=65 min=49 max=76 nrdy=0 dxfer=0 dstat=0 lst=0 nrdyerr=0 dclr=0
1788557960.043844 [DRV] init=0 id=7 mode=0x1 lib=0x2 seq=0x1 odc=0x8b sts=0xe0 armed=1
1788557960.049228 [TRG] pulses=218 suppressed=2734 cyc=1600 rst=1 rstmode=0x40
1788557960.052609 [HLT] polls=460 faults=0x0 cfglost=0
1788557960.058343 [EFF] n=5 last=58512 min=58450 max=58515 late=0 stuck=0 rderr=0
1788557960.068724 [IMU] init=0 addr=0x68 who=0x68 rst=1 pmrb0=0x40 pmrb=0x1 sr=19 cfg=4 gcfg=0x0 acfg=0x8 icfg=0x30 ien=0x1 armed=1
1788557960.073967 [ACC] reads=23034 stale=23004 rderr=0 ax=61 ay=-63 az=1127
1788557960.076593 [PWR] pm=0x1 drift=0 rderr=0
1788557960.080588 [DWT] ok=1 cyc=3668831159 cyc_per_ms=800000
1788557961.095355 [HB] up_ms=510439 frames=23080 inf=23080 hazard=2952 canary_err=0 q=0 qovr=0
1788557961.106714 [I2C] init=0 gate=0 whoami=0x201e0 wr=0 wrseen=0x27 addr=0x5a ok=142091 err=0 tmo=0 recov=0 pclk1=200000000 sysclk=400000000
1788557961.107963 [NAK] nacks=0
1788557961.112581 [CLK] cpu=800000000 sysb=400000000 pclk1=200000000
1788557961.117101 [TOF] res=0 step=0 id=0xeacc blk=0xeacc10 ctl=0x0
1788557961.122965 [RNG] init=0 step=99 id=0xeacc boot=1 calls=93 xerr=0 dm=1 tb=15
1788557961.129978 [RNG] osc=41 imp=881 imprb=881 mstart=0x40 cfg=91 cfgfail=0x0 vhv=0 vpolls=0
1788557961.136160 [PRT] calls=92441 xerr=0 ler=1 lidx=0x0 perr=0 maxcnt=17 addr8=0x52
1788557961.140211 [RTY] wr=0 wmax=0 wref=0  rd=0 rmax=0 rref=0
1788557961.148002 [RNG] frames=23082 last=59 min=49 max=76 nrdy=0 dxfer=0 dstat=0 lst=0 nrdyerr=0 dclr=0
1788557961.154341 [DRV] init=0 id=7 mode=0x1 lib=0x2 seq=0x1 odc=0x8b sts=0xe0 armed=1
1788557961.159842 [TRG] pulses=218 suppressed=2734 cyc=1600 rst=1 rstmode=0x40
1788557961.163106 [HLT] polls=461 faults=0x0 cfglost=0
1788557961.168837 [EFF] n=5 last=58512 min=58450 max=58515 late=0 stuck=0 rderr=0
1788557961.179204 [IMU] init=0 addr=0x68 who=0x68 rst=1 pmrb0=0x40 pmrb=0x1 sr=19 cfg=4 gcfg=0x0 acfg=0x8 icfg=0x30 ien=0x1 armed=1
1788557961.184588 [ACC] reads=23084 stale=23054 rderr=0 ax=59 ay=-63 az=1127
1788557961.187214 [PWR] pm=0x1 drift=0 rderr=0
1788557961.191099 [DWT] ok=1 cyc=255463563 cyc_per_ms=799999
1788557962.206464 [HB] up_ms=511541 frames=23130 inf=23130 hazard=2952 canary_err=0 q=0 qovr=0
1788557962.217703 [I2C] init=0 gate=0 whoami=0x201e0 wr=0 wrseen=0x27 addr=0x5a ok=142393 err=0 tmo=0 recov=0 pclk1=200000000 sysclk=400000000
1788557962.219109 [NAK] nacks=0
1788557962.223707 [CLK] cpu=800000000 sysb=400000000 pclk1=200000000
1788557962.228203 [TOF] res=0 step=0 id=0xeacc blk=0xeacc10 ctl=0x0
1788557962.234073 [RNG] init=0 step=99 id=0xeacc boot=1 calls=93 xerr=0 dm=1 tb=15
1788557962.241091 [RNG] osc=41 imp=881 imprb=881 mstart=0x40 cfg=91 cfgfail=0x0 vhv=0 vpolls=0
1788557962.247201 [PRT] calls=92641 xerr=0 ler=1 lidx=0x0 perr=0 maxcnt=17 addr8=0x52
1788557962.251327 [RTY] wr=0 wmax=0 wref=0  rd=0 rmax=0 rref=0
1788557962.259095 [RNG] frames=23132 last=67 min=49 max=76 nrdy=0 dxfer=0 dstat=0 lst=0 nrdyerr=0 dclr=0
1788557962.265445 [DRV] init=0 id=7 mode=0x1 lib=0x2 seq=0x1 odc=0x8b sts=0xe0 armed=1
1788557962.270950 [TRG] pulses=218 suppressed=2734 cyc=1600 rst=1 rstmode=0x40
1788557962.274199 [HLT] polls=462 faults=0x0 cfglost=0
1788557962.279961 [EFF] n=5 last=58512 min=58450 max=58515 late=0 stuck=0 rderr=0
1788557962.290326 [IMU] init=0 addr=0x68 who=0x68 rst=1 pmrb0=0x40 pmrb=0x1 sr=19 cfg=4 gcfg=0x0 acfg=0x8 icfg=0x30 ien=0x1 armed=1
1788557962.295707 [ACC] reads=23134 stale=23103 rderr=0 ax=59 ay=-64 az=1126
1788557962.298325 [PWR] pm=0x1 drift=0 rderr=0
1788557962.302332 [DWT] ok=1 cyc=1137063719 cyc_per_ms=800000
1788557963.317197 [HB] up_ms=512643 frames=23180 inf=23180 hazard=2972 canary_err=0 q=0 qovr=0
1788557963.328321 [I2C] init=0 gate=0 whoami=0x201e0 wr=0 wrseen=0x27 addr=0x5a ok=142695 err=0 tmo=0 recov=0 pclk1=200000000 sysclk=400000000
1788557963.329816 [NAK] nacks=0
1788557963.334465 [CLK] cpu=800000000 sysb=400000000 pclk1=200000000
1788557963.338956 [TOF] res=0 step=0 id=0xeacc blk=0xeacc10 ctl=0x0
1788557963.344823 [RNG] init=0 step=99 id=0xeacc boot=1 calls=93 xerr=0 dm=1 tb=15
1788557963.351706 [RNG] osc=41 imp=881 imprb=881 mstart=0x40 cfg=91 cfgfail=0x0 vhv=0 vpolls=0
1788557963.357948 [PRT] calls=92837 xerr=0 ler=1 lidx=0x0 perr=0 maxcnt=17 addr8=0x52
1788557963.362065 [RTY] wr=0 wmax=0 wref=0  rd=0 rmax=0 rref=0
1788557963.369819 [RNG] frames=23182 last=61 min=49 max=76 nrdy=0 dxfer=0 dstat=0 lst=0 nrdyerr=0 dclr=0
1788557963.376067 [DRV] init=0 id=7 mode=0x1 lib=0x2 seq=0x1 odc=0x8b sts=0xe0 armed=1
1788557963.381725 [TRG] pulses=220 suppressed=2755 cyc=1600 rst=1 rstmode=0x40
1788557963.385108 [HLT] polls=463 faults=0x0 cfglost=0
1788557963.390819 [EFF] n=5 last=58512 min=58450 max=58515 late=0 stuck=0 rderr=0
1788557963.401096 [IMU] init=0 addr=0x68 who=0x68 rst=1 pmrb0=0x40 pmrb=0x1 sr=19 cfg=4 gcfg=0x0 acfg=0x8 icfg=0x30 ien=0x1 armed=1
1788557963.406502 [ACC] reads=23184 stale=23153 rderr=0 ax=60 ay=-65 az=1126
1788557963.409092 [PWR] pm=0x1 drift=0 rderr=0
1788557963.413121 [DWT] ok=1 cyc=2018667263 cyc_per_ms=800003
1788557964.428441 [HB] up_ms=513745 frames=23230 inf=23230 hazard=2993 canary_err=0 q=0 qovr=0
1788557964.439574 [I2C] init=0 gate=0 whoami=0x201e0 wr=0 wrseen=0x27 addr=0x5a ok=142997 err=0 tmo=0 recov=0 pclk1=200000000 sysclk=400000000
1788557964.440825 [NAK] nacks=0
1788557964.445578 [CLK] cpu=800000000 sysb=400000000 pclk1=200000000
1788557964.450058 [TOF] res=0 step=0 id=0xeacc blk=0xeacc10 ctl=0x0
1788557964.455928 [RNG] init=0 step=99 id=0xeacc boot=1 calls=93 xerr=0 dm=1 tb=15
1788557964.462815 [RNG] osc=41 imp=881 imprb=881 mstart=0x40 cfg=91 cfgfail=0x0 vhv=0 vpolls=0
1788557964.469190 [PRT] calls=93037 xerr=0 ler=1 lidx=0x0 perr=0 maxcnt=17 addr8=0x52
1788557964.473187 [RTY] wr=0 wmax=0 wref=0  rd=0 rmax=0 rref=0
1788557964.480939 [RNG] frames=23232 last=58 min=49 max=76 nrdy=0 dxfer=0 dstat=0 lst=0 nrdyerr=0 dclr=0
1788557964.487183 [DRV] init=0 id=7 mode=0x1 lib=0x2 seq=0x1 odc=0x8b sts=0xe0 armed=1
1788557964.492821 [TRG] pulses=221 suppressed=2772 cyc=1600 rst=1 rstmode=0x40
1788557964.496180 [HLT] polls=464 faults=0x0 cfglost=0
1788557964.501947 [EFF] n=5 last=58512 min=58450 max=58515 late=0 stuck=0 rderr=0
1788557964.512187 [IMU] init=0 addr=0x68 who=0x68 rst=1 pmrb0=0x40 pmrb=0x1 sr=19 cfg=4 gcfg=0x0 acfg=0x8 icfg=0x30 ien=0x1 armed=1
1788557964.517597 [ACC] reads=23234 stale=23203 rderr=0 ax=61 ay=-64 az=1124
1788557964.520355 [PWR] pm=0x1 drift=0 rderr=0
1788557964.524186 [DWT] ok=1 cyc=2900263715 cyc_per_ms=799996
1788557965.540446 [HB] up_ms=514847 frames=23279 inf=23279 hazard=2993 canary_err=0 q=0 qovr=0
1788557965.551557 [I2C] init=0 gate=0 whoami=0x201e0 wr=0 wrseen=0x27 addr=0x5a ok=143299 err=0 tmo=0 recov=0 pclk1=200000000 sysclk=400000000
1788557965.552801 [NAK] nacks=0
1788557965.557548 [CLK] cpu=800000000 sysb=400000000 pclk1=200000000
1788557965.562174 [TOF] res=0 step=0 id=0xeacc blk=0xeacc10 ctl=0x0
1788557965.567925 [RNG] init=0 step=99 id=0xeacc boot=1 calls=93 xerr=0 dm=1 tb=15
1788557965.574807 [RNG] osc=41 imp=881 imprb=881 mstart=0x40 cfg=91 cfgfail=0x0 vhv=0 vpolls=0
1788557965.581059 [PRT] calls=93237 xerr=0 ler=1 lidx=0x0 perr=0 maxcnt=17 addr8=0x52
1788557965.585179 [RTY] wr=0 wmax=0 wref=0  rd=0 rmax=0 rref=0
1788557965.592933 [RNG] frames=23282 last=62 min=49 max=76 nrdy=0 dxfer=0 dstat=0 lst=0 nrdyerr=0 dclr=0
1788557965.599190 [DRV] init=0 id=7 mode=0x1 lib=0x2 seq=0x1 odc=0x8b sts=0xe0 armed=1
1788557965.604800 [TRG] pulses=221 suppressed=2772 cyc=1600 rst=1 rstmode=0x40
1788557965.608199 [HLT] polls=465 faults=0x0 cfglost=0
1788557965.613965 [EFF] n=5 last=58512 min=58450 max=58515 late=0 stuck=0 rderr=0
1788557965.624059 [IMU] init=0 addr=0x68 who=0x68 rst=1 pmrb0=0x40 pmrb=0x1 sr=19 cfg=4 gcfg=0x0 acfg=0x8 icfg=0x30 ien=0x1 armed=1
1788557965.629572 [ACC] reads=23283 stale=23252 rderr=0 ax=59 ay=-65 az=1125
1788557965.632183 [PWR] pm=0x1 drift=0 rderr=0
1788557965.636182 [DWT] ok=1 cyc=3781997617 cyc_per_ms=800121
1788557966.652435 [HB] up_ms=515950 frames=23329 inf=23329 hazard=2993 canary_err=0 q=0 qovr=0
1788557966.663553 [I2C] init=0 gate=0 whoami=0x201e0 wr=0 wrseen=0x27 addr=0x5a ok=143601 err=0 tmo=0 recov=0 pclk1=200000000 sysclk=400000000
1788557966.664925 [NAK] nacks=0
1788557966.669428 [CLK] cpu=800000000 sysb=400000000 pclk1=200000000
1788557966.674198 [TOF] res=0 step=0 id=0xeacc blk=0xeacc10 ctl=0x0
1788557966.680039 [RNG] init=0 step=99 id=0xeacc boot=1 calls=93 xerr=0 dm=1 tb=15
1788557966.686944 [RNG] osc=41 imp=881 imprb=881 mstart=0x40 cfg=91 cfgfail=0x0 vhv=0 vpolls=0
1788557966.693109 [PRT] calls=93437 xerr=0 ler=1 lidx=0x0 perr=0 maxcnt=17 addr8=0x52
1788557966.697298 [RTY] wr=0 wmax=0 wref=0  rd=0 rmax=0 rref=0
1788557966.705040 [RNG] frames=23332 last=65 min=49 max=76 nrdy=0 dxfer=0 dstat=0 lst=0 nrdyerr=0 dclr=0
1788557966.711189 [DRV] init=0 id=7 mode=0x1 lib=0x2 seq=0x1 odc=0x8b sts=0xe0 armed=1
1788557966.716668 [TRG] pulses=221 suppressed=2772 cyc=1600 rst=1 rstmode=0x40
1788557966.720182 [HLT] polls=466 faults=0x0 cfglost=0
1788557966.725916 [EFF] n=5 last=58512 min=58450 max=58515 late=0 stuck=0 rderr=0
1788557966.736187 [IMU] init=0 addr=0x68 who=0x68 rst=1 pmrb0=0x40 pmrb=0x1 sr=19 cfg=4 gcfg=0x0 acfg=0x8 icfg=0x30 ien=0x1 armed=1
1788557966.741547 [ACC] reads=23333 stale=23302 rderr=0 ax=60 ay=-66 az=1125
1788557966.744290 [PWR] pm=0x1 drift=0 rderr=0
1788557966.748174 [DWT] ok=1 cyc=369431181 cyc_per_ms=800000
1788557967.762291 [HB] up_ms=517052 frames=23379 inf=23379 hazard=2993 canary_err=0 q=0 qovr=0
1788557967.773535 [I2C] init=0 gate=0 whoami=0x201e0 wr=0 wrseen=0x27 addr=0x5a ok=143902 err=0 tmo=0 recov=0 pclk1=200000000 sysclk=400000000
1788557967.774783 [NAK] nacks=0
1788557967.779424 [CLK] cpu=800000000 sysb=400000000 pclk1=200000000
1788557967.784041 [TOF] res=0 step=0 id=0xeacc blk=0xeacc10 ctl=0x0
1788557967.789920 [RNG] init=0 step=99 id=0xeacc boot=1 calls=93 xerr=0 dm=1 tb=15
1788557967.796827 [RNG] osc=41 imp=881 imprb=881 mstart=0x40 cfg=91 cfgfail=0x0 vhv=0 vpolls=0
1788557967.802915 [PRT] calls=93637 xerr=0 ler=1 lidx=0x0 perr=0 maxcnt=17 addr8=0x52
1788557967.807112 [RTY] wr=0 wmax=0 wref=0  rd=0 rmax=0 rref=0
1788557967.814911 [RNG] frames=23381 last=65 min=49 max=76 nrdy=0 dxfer=0 dstat=0 lst=0 nrdyerr=0 dclr=0
1788557967.821030 [DRV] init=0 id=7 mode=0x1 lib=0x2 seq=0x1 odc=0x8b sts=0xe0 armed=1
1788557967.826533 [TRG] pulses=221 suppressed=2772 cyc=1600 rst=1 rstmode=0x40
1788557967.829921 [HLT] polls=467 faults=0x0 cfglost=0
1788557967.835784 [EFF] n=5 last=58512 min=58450 max=58515 late=0 stuck=0 rderr=0
1788557967.846033 [IMU] init=0 addr=0x68 who=0x68 rst=1 pmrb0=0x40 pmrb=0x1 sr=19 cfg=4 gcfg=0x0 acfg=0x8 icfg=0x30 ien=0x1 armed=1
1788557967.851287 [ACC] reads=23383 stale=23352 rderr=0 ax=61 ay=-62 az=1128
1788557967.854050 [PWR] pm=0x1 drift=0 rderr=0
1788557967.858037 [DWT] ok=1 cyc=1250966583 cyc_per_ms=799941
1788557968.873913 [HB] up_ms=518155 frames=23429 inf=23429 hazard=2993 canary_err=0 q=0 qovr=0
1788557968.885192 [I2C] init=0 gate=0 whoami=0x201e0 wr=0 wrseen=0x27 addr=0x5a ok=144199 err=0 tmo=0 recov=0 pclk1=200000000 sysclk=400000000
1788557968.886526 [NAK] nacks=0
1788557968.891171 [CLK] cpu=800000000 sysb=400000000 pclk1=200000000
1788557968.895658 [TOF] res=0 step=0 id=0xeacc blk=0xeacc10 ctl=0x0
1788557968.901661 [RNG] init=0 step=99 id=0xeacc boot=1 calls=93 xerr=0 dm=1 tb=15
1788557968.908575 [RNG] osc=41 imp=881 imprb=881 mstart=0x40 cfg=91 cfgfail=0x0 vhv=0 vpolls=0
1788557968.914688 [PRT] calls=93837 xerr=0 ler=1 lidx=0x0 perr=0 maxcnt=17 addr8=0x52
1788557968.918682 [RTY] wr=0 wmax=0 wref=0  rd=0 rmax=0 rref=0
1788557968.926664 [RNG] frames=23431 last=67 min=49 max=76 nrdy=0 dxfer=0 dstat=0 lst=0 nrdyerr=0 dclr=0
1788557968.932802 [DRV] init=0 id=7 mode=0x1 lib=0x2 seq=0x1 odc=0x8b sts=0xe0 armed=1
1788557968.938276 [TRG] pulses=221 suppressed=2772 cyc=1600 rst=1 rstmode=0x40
1788557968.941666 [HLT] polls=468 faults=0x0 cfglost=0
1788557968.947659 [EFF] n=5 last=58512 min=58450 max=58515 late=0 stuck=0 rderr=0
1788557968.957771 [IMU] init=0 addr=0x68 who=0x68 rst=1 pmrb0=0x40 pmrb=0x1 sr=19 cfg=4 gcfg=0x0 acfg=0x8 icfg=0x30 ien=0x1 armed=1
1788557968.963021 [ACC] reads=23433 stale=23402 rderr=0 ax=61 ay=-63 az=1125
1788557968.965774 [PWR] pm=0x1 drift=0 rderr=0
1788557968.969898 [DWT] ok=1 cyc=2133296643 cyc_per_ms=799936
1788557969.986173 [HB] up_ms=519258 frames=23479 inf=23479 hazard=2993 canary_err=0 q=0 qovr=0
1788557969.997515 [I2C] init=0 gate=0 whoami=0x201e0 wr=0 wrseen=0x27 addr=0x5a ok=144501 err=0 tmo=0 recov=0 pclk1=200000000 sysclk=400000000
1788557969.998768 [NAK] nacks=0
1788557970.003398 [CLK] cpu=800000000 sysb=400000000 pclk1=200000000
1788557970.007891 [TOF] res=0 step=0 id=0xeacc blk=0xeacc10 ctl=0x0
1788557970.013899 [RNG] init=0 step=99 id=0xeacc boot=1 calls=93 xerr=0 dm=1 tb=15
1788557970.020891 [RNG] osc=41 imp=881 imprb=881 mstart=0x40 cfg=91 cfgfail=0x0 vhv=0 vpolls=0
1788557970.027025 [PRT] calls=94037 xerr=0 ler=1 lidx=0x0 perr=0 maxcnt=17 addr8=0x52
1788557970.031046 [RTY] wr=0 wmax=0 wref=0  rd=0 rmax=0 rref=0
1788557970.039036 [RNG] frames=23481 last=59 min=49 max=76 nrdy=0 dxfer=0 dstat=0 lst=0 nrdyerr=0 dclr=0
1788557970.045157 [DRV] init=0 id=7 mode=0x1 lib=0x2 seq=0x1 odc=0x8b sts=0xe0 armed=1
1788557970.050644 [TRG] pulses=222 suppressed=2773 cyc=1600 rst=1 rstmode=0x40
1788557970.054021 [HLT] polls=469 faults=0x0 cfglost=0
1788557970.059888 [EFF] n=5 last=58512 min=58450 max=58515 late=0 stuck=0 rderr=0
1788557970.070169 [IMU] init=0 addr=0x68 who=0x68 rst=1 pmrb0=0x40 pmrb=0x1 sr=19 cfg=4 gcfg=0x0 acfg=0x8 icfg=0x30 ien=0x1 armed=1
1788557970.075398 [ACC] reads=23483 stale=23452 rderr=0 ax=59 ay=-65 az=1124
1788557970.078171 [PWR] pm=0x1 drift=0 rderr=0
1788557970.082168 [DWT] ok=1 cyc=3015701747 cyc_per_ms=800004
1788557971.097675 [HB] up_ms=520360 frames=23529 inf=23529 hazard=3034 canary_err=0 q=0 qovr=0
1788557971.109008 [I2C] init=0 gate=0 whoami=0x201e0 wr=0 wrseen=0x27 addr=0x5a ok=144803 err=0 tmo=0 recov=0 pclk1=200000000 sysclk=400000000
1788557971.110269 [NAK] nacks=0
1788557971.114892 [CLK] cpu=800000000 sysb=400000000 pclk1=200000000
1788557971.119392 [TOF] res=0 step=0 id=0xeacc blk=0xeacc10 ctl=0x0
1788557971.125273 [RNG] init=0 step=99 id=0xeacc boot=1 calls=93 xerr=0 dm=1 tb=15
1788557971.132260 [RNG] osc=41 imp=881 imprb=881 mstart=0x40 cfg=91 cfgfail=0x0 vhv=0 vpolls=0
1788557971.138416 [PRT] calls=94237 xerr=0 ler=1 lidx=0x0 perr=0 maxcnt=17 addr8=0x52
1788557971.142512 [RTY] wr=0 wmax=0 wref=0  rd=0 rmax=0 rref=0
1788557971.150405 [RNG] frames=23531 last=58 min=49 max=76 nrdy=0 dxfer=0 dstat=0 lst=0 nrdyerr=0 dclr=0
1788557971.156647 [DRV] init=0 id=7 mode=0x1 lib=0x2 seq=0x1 odc=0x8b sts=0xe0 armed=1
1788557971.162166 [TRG] pulses=224 suppressed=2810 cyc=1600 rst=1 rstmode=0x40
1788557971.165508 [HLT] polls=470 faults=0x0 cfglost=0
1788557971.171263 [EFF] n=5 last=58512 min=58450 max=58515 late=0 stuck=0 rderr=0
1788557971.181521 [IMU] init=0 addr=0x68 who=0x68 rst=1 pmrb0=0x40 pmrb=0x1 sr=19 cfg=4 gcfg=0x0 acfg=0x8 icfg=0x30 ien=0x1 armed=1
1788557971.186898 [ACC] reads=23533 stale=23502 rderr=0 ax=60 ay=-65 az=1125
1788557971.189520 [PWR] pm=0x1 drift=0 rderr=0
1788557971.193508 [DWT] ok=1 cyc=3897296255 cyc_per_ms=799995
1788557972.208757 [HB] up_ms=521462 frames=23579 inf=23579 hazard=3034 canary_err=0 q=0 qovr=0
1788557972.220014 [I2C] init=0 gate=0 whoami=0x201e0 wr=0 wrseen=0x27 addr=0x5a ok=145105 err=0 tmo=0 recov=0 pclk1=200000000 sysclk=400000000
1788557972.221383 [NAK] nacks=0
1788557972.226025 [CLK] cpu=800000000 sysb=400000000 pclk1=200000000
1788557972.230514 [TOF] res=0 step=0 id=0xeacc blk=0xeacc10 ctl=0x0
1788557972.236267 [RNG] init=0 step=99 id=0xeacc boot=1 calls=93 xerr=0 dm=1 tb=15
1788557972.243377 [RNG] osc=41 imp=881 imprb=881 mstart=0x40 cfg=91 cfgfail=0x0 vhv=0 vpolls=0
1788557972.249535 [PRT] calls=94437 xerr=0 ler=1 lidx=0x0 perr=0 maxcnt=17 addr8=0x52
1788557972.253515 [RTY] wr=0 wmax=0 wref=0  rd=0 rmax=0 rref=0
1788557972.261257 [RNG] frames=23581 last=64 min=49 max=76 nrdy=0 dxfer=0 dstat=0 lst=0 nrdyerr=0 dclr=0
1788557972.267624 [DRV] init=0 id=7 mode=0x1 lib=0x2 seq=0x1 odc=0x8b sts=0xe0 armed=1
1788557972.273139 [TRG] pulses=224 suppressed=2810 cyc=1600 rst=1 rstmode=0x40
1788557972.276499 [HLT] polls=471 faults=0x0 cfglost=0
1788557972.282261 [EFF] n=5 last=58512 min=58450 max=58515 late=0 stuck=0 rderr=0
1788557972.292637 [IMU] init=0 addr=0x68 who=0x68 rst=1 pmrb0=0x40 pmrb=0x1 sr=19 cfg=4 gcfg=0x0 acfg=0x8 icfg=0x30 ien=0x1 armed=1
1788557972.297879 [ACC] reads=23583 stale=23552 rderr=0 ax=59 ay=-62 az=1128
1788557972.300515 [PWR] pm=0x1 drift=0 rderr=0
1788557972.304503 [DWT] ok=1 cyc=483929119 cyc_per_ms=800000
1788557973.319885 [HB] up_ms=522564 frames=23629 inf=23629 hazard=3034 canary_err=0 q=0 qovr=0
1788557973.331268 [I2C] init=0 gate=0 whoami=0x201e0 wr=0 wrseen=0x27 addr=0x5a ok=145407 err=0 tmo=0 recov=0 pclk1=200000000 sysclk=400000000
1788557973.332639 [NAK] nacks=0
1788557973.337143 [CLK] cpu=800000000 sysb=400000000 pclk1=200000000
1788557973.341635 [TOF] res=0 step=0 id=0xeacc blk=0xeacc10 ctl=0x0
1788557973.347499 [RNG] init=0 step=99 id=0xeacc boot=1 calls=93 xerr=0 dm=1 tb=15
1788557973.354626 [RNG] osc=41 imp=881 imprb=881 mstart=0x40 cfg=91 cfgfail=0x0 vhv=0 vpolls=0
1788557973.360626 [PRT] calls=94637 xerr=0 ler=1 lidx=0x0 perr=0 maxcnt=17 addr8=0x52
1788557973.364743 [RTY] wr=0 wmax=0 wref=0  rd=0 rmax=0 rref=0
1788557973.372496 [RNG] frames=23631 last=64 min=49 max=76 nrdy=0 dxfer=0 dstat=0 lst=0 nrdyerr=0 dclr=0
1788557973.378874 [DRV] init=0 id=7 mode=0x1 lib=0x2 seq=0x1 odc=0x8b sts=0xe0 armed=1
1788557973.384372 [TRG] pulses=224 suppressed=2810 cyc=1600 rst=1 rstmode=0x40
1788557973.387745 [HLT] polls=472 faults=0x0 cfglost=0
1788557973.393499 [EFF] n=5 last=58512 min=58450 max=58515 late=0 stuck=0 rderr=0
1788557973.403878 [IMU] init=0 addr=0x68 who=0x68 rst=1 pmrb0=0x40 pmrb=0x1 sr=19 cfg=4 gcfg=0x0 acfg=0x8 icfg=0x30 ien=0x1 armed=1
1788557973.409133 [ACC] reads=23633 stale=23602 rderr=0 ax=60 ay=-65 az=1126
1788557973.411739 [PWR] pm=0x1 drift=0 rderr=0
1788557973.415756 [DWT] ok=1 cyc=1365528927 cyc_per_ms=799999
1788557974.431759 [HB] up_ms=523666 frames=23679 inf=23679 hazard=3034 canary_err=0 q=0 qovr=0
1788557974.442987 [I2C] init=0 gate=0 whoami=0x201e0 wr=0 wrseen=0x27 addr=0x5a ok=145709 err=0 tmo=0 recov=0 pclk1=200000000 sysclk=400000000
1788557974.444364 [NAK] nacks=0
1788557974.448984 [CLK] cpu=800000000 sysb=400000000 pclk1=200000000
1788557974.453498 [TOF] res=0 step=0 id=0xeacc blk=0xeacc10 ctl=0x0
1788557974.459358 [RNG] init=0 step=99 id=0xeacc boot=1 calls=93 xerr=0 dm=1 tb=15
1788557974.466364 [RNG] osc=41 imp=881 imprb=881 mstart=0x40 cfg=91 cfgfail=0x0 vhv=0 vpolls=0
1788557974.472610 [PRT] calls=94834 xerr=0 ler=1 lidx=0x0 perr=0 maxcnt=17 addr8=0x52
1788557974.476627 [RTY] wr=0 wmax=0 wref=0  rd=0 rmax=0 rref=0
1788557974.484362 [RNG] frames=23681 last=60 min=49 max=76 nrdy=0 dxfer=0 dstat=0 lst=0 nrdyerr=0 dclr=0
1788557974.490743 [DRV] init=0 id=7 mode=0x1 lib=0x2 seq=0x1 odc=0x8b sts=0xe0 armed=1
1788557974.496231 [TRG] pulses=224 suppressed=2810 cyc=1600 rst=1 rstmode=0x40
1788557974.499606 [HLT] polls=473 faults=0x0 cfglost=0
1788557974.505360 [EFF] n=5 last=58512 min=58450 max=58515 late=0 stuck=0 rderr=0
1788557974.515736 [IMU] init=0 addr=0x68 who=0x68 rst=1 pmrb0=0x40 pmrb=0x1 sr=19 cfg=4 gcfg=0x0 acfg=0x8 icfg=0x30 ien=0x1 armed=1
1788557974.520982 [ACC] reads=23683 stale=23652 rderr=0 ax=60 ay=-65 az=1125
1788557974.523730 [PWR] pm=0x1 drift=0 rderr=0
1788557974.527623 [DWT] ok=1 cyc=2247129543 cyc_per_ms=800000
1788557975.543737 [HB] up_ms=524768 frames=23729 inf=23729 hazard=3034 canary_err=0 q=0 qovr=0
1788557975.554983 [I2C] init=0 gate=0 whoami=0x201e0 wr=0 wrseen=0x27 addr=0x5a ok=146011 err=0 tmo=0 recov=0 pclk1=200000000 sysclk=400000000
1788557975.556365 [NAK] nacks=0
1788557975.560977 [CLK] cpu=800000000 sysb=400000000 pclk1=200000000
1788557975.565598 [TOF] res=0 step=0 id=0xeacc blk=0xeacc10 ctl=0x0
1788557975.571353 [RNG] init=0 step=99 id=0xeacc boot=1 calls=93 xerr=0 dm=1 tb=15
1788557975.578248 [RNG] osc=41 imp=881 imprb=881 mstart=0x40 cfg=91 cfgfail=0x0 vhv=0 vpolls=0
1788557975.584612 [PRT] calls=95033 xerr=0 ler=1 lidx=0x0 perr=0 maxcnt=17 addr8=0x52
1788557975.588616 [RTY] wr=0 wmax=0 wref=0  rd=0 rmax=0 rref=0
1788557975.596485 [RNG] frames=23731 last=64 min=49 max=76 nrdy=0 dxfer=0 dstat=0 lst=0 nrdyerr=0 dclr=0
1788557975.602616 [DRV] init=0 id=7 mode=0x1 lib=0x2 seq=0x1 odc=0x8b sts=0xe0 armed=1
1788557975.608227 [TRG] pulses=224 suppressed=2810 cyc=1600 rst=1 rstmode=0x40
1788557975.611604 [HLT] polls=474 faults=0x0 cfglost=0
1788557975.617350 [EFF] n=5 last=58512 min=58450 max=58515 late=0 stuck=0 rderr=0
1788557975.627724 [IMU] init=0 addr=0x68 who=0x68 rst=1 pmrb0=0x40 pmrb=0x1 sr=19 cfg=4 gcfg=0x0 acfg=0x8 icfg=0x30 ien=0x1 armed=1
1788557975.632971 [ACC] reads=23733 stale=23702 rderr=0 ax=61 ay=-64 az=1125
1788557975.635730 [PWR] pm=0x1 drift=0 rderr=0
1788557975.639607 [DWT] ok=1 cyc=3128729223 cyc_per_ms=799999
1788557976.655238 [HB] up_ms=525870 frames=23779 inf=23779 hazard=3034 canary_err=0 q=0 qovr=0
1788557976.666467 [I2C] init=0 gate=0 whoami=0x201e0 wr=0 wrseen=0x27 addr=0x5a ok=146313 err=0 tmo=0 recov=0 pclk1=200000000 sysclk=400000000
1788557976.667722 [NAK] nacks=0
1788557976.672478 [CLK] cpu=800000000 sysb=400000000 pclk1=200000000
1788557976.676970 [TOF] res=0 step=0 id=0xeacc blk=0xeacc10 ctl=0x0
1788557976.682848 [RNG] init=0 step=99 id=0xeacc boot=1 calls=93 xerr=0 dm=1 tb=15
1788557976.689719 [RNG] osc=41 imp=881 imprb=881 mstart=0x40 cfg=91 cfgfail=0x0 vhv=0 vpolls=0
1788557976.695975 [PRT] calls=95233 xerr=0 ler=1 lidx=0x0 perr=0 maxcnt=17 addr8=0x52
1788557976.700102 [RTY] wr=0 wmax=0 wref=0  rd=0 rmax=0 rref=0
1788557976.707873 [RNG] frames=23781 last=62 min=49 max=76 nrdy=0 dxfer=0 dstat=0 lst=0 nrdyerr=0 dclr=0
1788557976.714111 [DRV] init=0 id=7 mode=0x1 lib=0x2 seq=0x1 odc=0x8b sts=0xe0 armed=1
1788557976.719724 [TRG] pulses=224 suppressed=2810 cyc=1600 rst=1 rstmode=0x40
1788557976.723119 [HLT] polls=475 faults=0x0 cfglost=0
1788557976.728842 [EFF] n=5 last=58512 min=58450 max=58515 late=0 stuck=0 rderr=0
1788557976.738978 [IMU] init=0 addr=0x68 who=0x68 rst=1 pmrb0=0x40 pmrb=0x1 sr=19 cfg=4 gcfg=0x0 acfg=0x8 icfg=0x30 ien=0x1 armed=1
1788557976.744475 [ACC] reads=23782 stale=23751 rderr=0 ax=60 ay=-64 az=1126
1788557976.747110 [PWR] pm=0x1 drift=0 rderr=0
1788557976.751127 [DWT] ok=1 cyc=4010357227 cyc_per_ms=800025
1788557977.766971 [HB] up_ms=526972 frames=23828 inf=23828 hazard=3062 canary_err=0 q=0 qovr=0
1788557977.778110 [I2C] init=0 gate=0 whoami=0x201e0 wr=0 wrseen=0x27 addr=0x5a ok=146615 err=0 tmo=0 recov=0 pclk1=200000000 sysclk=400000000
1788557977.779345 [NAK] nacks=0
1788557977.783970 [CLK] cpu=800000000 sysb=400000000 pclk1=200000000
1788557977.788716 [TOF] res=0 step=0 id=0xeacc blk=0xeacc10 ctl=0x0
1788557977.794623 [RNG] init=0 step=99 id=0xeacc boot=1 calls=93 xerr=0 dm=1 tb=15
1788557977.801467 [RNG] osc=41 imp=881 imprb=881 mstart=0x40 cfg=91 cfgfail=0x0 vhv=0 vpolls=0
1788557977.807586 [PRT] calls=95433 xerr=0 ler=1 lidx=0x0 perr=0 maxcnt=17 addr8=0x52
1788557977.811837 [RTY] wr=0 wmax=0 wref=0  rd=0 rmax=0 rref=0
1788557977.819593 [RNG] frames=23831 last=65 min=49 max=76 nrdy=0 dxfer=0 dstat=0 lst=0 nrdyerr=0 dclr=0
1788557977.825712 [DRV] init=0 id=7 mode=0x1 lib=0x2 seq=0x1 odc=0x8b sts=0xe0 armed=1
1788557977.831339 [TRG] pulses=227 suppressed=2838 cyc=1600 rst=1 rstmode=0x40
1788557977.834833 [HLT] polls=476 faults=0x0 cfglost=0
1788557977.840585 [EFF] n=5 last=58512 min=58450 max=58515 late=0 stuck=0 rderr=0
1788557977.850721 [IMU] init=0 addr=0x68 who=0x68 rst=1 pmrb0=0x40 pmrb=0x1 sr=19 cfg=4 gcfg=0x0 acfg=0x8 icfg=0x30 ien=0x1 armed=1
1788557977.856205 [ACC] reads=23832 stale=23801 rderr=0 ax=56 ay=-62 az=1132
1788557977.858838 [PWR] pm=0x1 drift=0 rderr=0
1788557977.862714 [DWT] ok=1 cyc=597103765 cyc_per_ms=800103
1788557978.878841 [HB] up_ms=528074 frames=23878 inf=23878 hazard=3075 canary_err=0 q=0 qovr=0
1788557978.889951 [I2C] init=0 gate=0 whoami=0x201e0 wr=0 wrseen=0x27 addr=0x5a ok=146917 err=0 tmo=0 recov=0 pclk1=200000000 sysclk=400000000
1788557978.891210 [NAK] nacks=0
1788557978.895862 [CLK] cpu=800000000 sysb=400000000 pclk1=200000000
1788557978.900460 [TOF] res=0 step=0 id=0xeacc blk=0xeacc10 ctl=0x0
1788557978.906334 [RNG] init=0 step=99 id=0xeacc boot=1 calls=93 xerr=0 dm=1 tb=15
1788557978.913321 [RNG] osc=41 imp=881 imprb=881 mstart=0x40 cfg=91 cfgfail=0x0 vhv=0 vpolls=0
1788557978.919331 [PRT] calls=95633 xerr=0 ler=1 lidx=0x0 perr=0 maxcnt=17 addr8=0x52
1788557978.923577 [RTY] wr=0 wmax=0 wref=0  rd=0 rmax=0 rref=0
1788557978.931477 [RNG] frames=23880 last=66 min=49 max=76 nrdy=0 dxfer=0 dstat=0 lst=0 nrdyerr=0 dclr=0
1788557978.937575 [DRV] init=0 id=7 mode=0x1 lib=0x2 seq=0x1 odc=0x8b sts=0xe0 armed=1
1788557978.943109 [TRG] pulses=227 suppressed=2848 cyc=1600 rst=1 rstmode=0x40
1788557978.946577 [HLT] polls=477 faults=0x0 cfglost=0
1788557978.952391 [EFF] n=5 last=58512 min=58450 max=58515 late=0 stuck=0 rderr=0
1788557978.962579 [IMU] init=0 addr=0x68 who=0x68 rst=1 pmrb0=0x40 pmrb=0x1 sr=19 cfg=4 gcfg=0x0 acfg=0x8 icfg=0x30 ien=0x1 armed=1
1788557978.967830 [ACC] reads=23882 stale=23851 rderr=0 ax=61 ay=-66 az=1124
1788557978.970587 [PWR] pm=0x1 drift=0 rderr=0
1788557978.974699 [DWT] ok=1 cyc=1478684063 cyc_per_ms=799982
1788557979.990829 [HB] up_ms=529177 frames=23928 inf=23928 hazard=3075 canary_err=0 q=0 qovr=0
1788557980.002067 [I2C] init=0 gate=0 whoami=0x201e0 wr=0 wrseen=0x27 addr=0x5a ok=147215 err=0 tmo=0 recov=0 pclk1=200000000 sysclk=400000000
1788557980.003440 [NAK] nacks=0
1788557980.008065 [CLK] cpu=800000000 sysb=400000000 pclk1=200000000
1788557980.012580 [TOF] res=0 step=0 id=0xeacc blk=0xeacc10 ctl=0x0
1788557980.018578 [RNG] init=0 step=99 id=0xeacc boot=1 calls=93 xerr=0 dm=1 tb=15
1788557980.025446 [RNG] osc=41 imp=881 imprb=881 mstart=0x40 cfg=91 cfgfail=0x0 vhv=0 vpolls=0
1788557980.031573 [PRT] calls=95833 xerr=0 ler=1 lidx=0x0 perr=0 maxcnt=17 addr8=0x52
1788557980.035571 [RTY] wr=0 wmax=0 wref=0  rd=0 rmax=0 rref=0
1788557980.043580 [RNG] frames=23930 last=68 min=49 max=76 nrdy=0 dxfer=0 dstat=0 lst=0 nrdyerr=0 dclr=0
1788557980.049693 [DRV] init=0 id=7 mode=0x1 lib=0x2 seq=0x1 odc=0x8b sts=0xe0 armed=1
1788557980.055188 [TRG] pulses=227 suppressed=2848 cyc=1600 rst=1 rstmode=0x40
1788557980.058572 [HLT] polls=478 faults=0x0 cfglost=0
1788557980.064449 [EFF] n=5 last=58512 min=58450 max=58515 late=0 stuck=0 rderr=0
1788557980.074696 [IMU] init=0 addr=0x68 who=0x68 rst=1 pmrb0=0x40 pmrb=0x1 sr=19 cfg=4 gcfg=0x0 acfg=0x8 icfg=0x30 ien=0x1 armed=1
1788557980.079972 [ACC] reads=23932 stale=23901 rderr=0 ax=60 ay=-66 az=1125
1788557980.082581 [PWR] pm=0x1 drift=0 rderr=0
1788557980.086706 [DWT] ok=1 cyc=2360961795 cyc_per_ms=799889
1788557981.103072 [HB] up_ms=530280 frames=23978 inf=23978 hazard=3075 canary_err=0 q=0 qovr=0
1788557981.114323 [I2C] init=0 gate=0 whoami=0x201e0 wr=0 wrseen=0x27 addr=0x5a ok=147515 err=0 tmo=0 recov=0 pclk1=200000000 sysclk=400000000
1788557981.115691 [NAK] nacks=0
1788557981.120184 [CLK] cpu=800000000 sysb=400000000 pclk1=200000000
1788557981.124808 [TOF] res=0 step=0 id=0xeacc blk=0xeacc10 ctl=0x0
1788557981.130818 [RNG] init=0 step=99 id=0xeacc boot=1 calls=93 xerr=0 dm=1 tb=15
1788557981.137690 [RNG] osc=41 imp=881 imprb=881 mstart=0x40 cfg=91 cfgfail=0x0 vhv=0 vpolls=0
1788557981.143819 [PRT] calls=96033 xerr=0 ler=1 lidx=0x0 perr=0 maxcnt=17 addr8=0x52
1788557981.147823 [RTY] wr=0 wmax=0 wref=0  rd=0 rmax=0 rref=0
1788557981.155817 [RNG] frames=23980 last=59 min=49 max=76 nrdy=0 dxfer=0 dstat=0 lst=0 nrdyerr=0 dclr=0
1788557981.161941 [DRV] init=0 id=7 mode=0x1 lib=0x2 seq=0x1 odc=0x8b sts=0xe0 armed=1
1788557981.167435 [TRG] pulses=227 suppressed=2848 cyc=1600 rst=1 rstmode=0x40
1788557981.170814 [HLT] polls=479 faults=0x0 cfglost=0
1788557981.176688 [EFF] n=5 last=58512 min=58450 max=58515 late=0 stuck=0 rderr=0
1788557981.186930 [IMU] init=0 addr=0x68 who=0x68 rst=1 pmrb0=0x40 pmrb=0x1 sr=19 cfg=4 gcfg=0x0 acfg=0x8 icfg=0x30 ien=0x1 armed=1
1788557981.192190 [ACC] reads=23982 stale=23951 rderr=0 ax=59 ay=-64 az=1129
1788557981.194815 [PWR] pm=0x1 drift=0 rderr=0
1788557981.198937 [DWT] ok=1 cyc=3243361683 cyc_per_ms=799999
1788557982.215064 [HB] up_ms=531383 frames=24028 inf=24028 hazard=3075 canary_err=0 q=0 qovr=0
1788557982.226429 [I2C] init=0 gate=0 whoami=0x201e0 wr=0 wrseen=0x27 addr=0x5a ok=147817 err=0 tmo=0 recov=0 pclk1=200000000 sysclk=400000000
1788557982.227676 [NAK] nacks=0
1788557982.232323 [CLK] cpu=800000000 sysb=400000000 pclk1=200000000
1788557982.236798 [TOF] res=0 step=0 id=0xeacc blk=0xeacc10 ctl=0x0
1788557982.242801 [RNG] init=0 step=99 id=0xeacc boot=1 calls=93 xerr=0 dm=1 tb=15
1788557982.249822 [RNG] osc=41 imp=881 imprb=881 mstart=0x40 cfg=91 cfgfail=0x0 vhv=0 vpolls=0
1788557982.255821 [PRT] calls=96233 xerr=0 ler=1 lidx=0x0 perr=0 maxcnt=17 addr8=0x52
1788557982.259928 [RTY] wr=0 wmax=0 wref=0  rd=0 rmax=0 rref=0
1788557982.267932 [RNG] frames=24030 last=58 min=49 max=76 nrdy=0 dxfer=0 dstat=0 lst=0 nrdyerr=0 dclr=0
1788557982.274052 [DRV] init=0 id=7 mode=0x1 lib=0x2 seq=0x1 odc=0x8b sts=0xe0 armed=1
1788557982.279546 [TRG] pulses=227 suppressed=2848 cyc=1600 rst=1 rstmode=0x40
1788557982.282933 [HLT] polls=480 faults=0x0 cfglost=0
1788557982.288753 [EFF] n=5 last=58512 min=58450 max=58515 late=0 stuck=0 rderr=0
1788557982.299049 [IMU] init=0 addr=0x68 who=0x68 rst=1 pmrb0=0x40 pmrb=0x1 sr=19 cfg=4 gcfg=0x0 acfg=0x8 icfg=0x30 ien=0x1 armed=1
1788557982.304301 [ACC] reads=24032 stale=24001 rderr=0 ax=59 ay=-61 az=1126
1788557982.306923 [PWR] pm=0x1 drift=0 rderr=0
1788557982.310932 [DWT] ok=1 cyc=4125761863 cyc_per_ms=800000
1788557983.327191 [HB] up_ms=532485 frames=24078 inf=24078 hazard=3075 canary_err=0 q=0 qovr=0
1788557983.338562 [I2C] init=0 gate=0 whoami=0x201e0 wr=0 wrseen=0x27 addr=0x5a ok=148119 err=0 tmo=0 recov=0 pclk1=200000000 sysclk=400000000
1788557983.339801 [NAK] nacks=0
1788557983.344424 [CLK] cpu=800000000 sysb=400000000 pclk1=200000000
1788557983.348920 [TOF] res=0 step=0 id=0xeacc blk=0xeacc10 ctl=0x0
1788557983.354802 [RNG] init=0 step=99 id=0xeacc boot=1 calls=93 xerr=0 dm=1 tb=15
1788557983.361804 [RNG] osc=41 imp=881 imprb=881 mstart=0x40 cfg=91 cfgfail=0x0 vhv=0 vpolls=0
1788557983.367920 [PRT] calls=96433 xerr=0 ler=1 lidx=0x0 perr=0 maxcnt=17 addr8=0x52
1788557983.372044 [RTY] wr=0 wmax=0 wref=0  rd=0 rmax=0 rref=0
1788557983.379923 [RNG] frames=24080 last=62 min=49 max=76 nrdy=0 dxfer=0 dstat=0 lst=0 nrdyerr=0 dclr=0
1788557983.386184 [DRV] init=0 id=7 mode=0x1 lib=0x2 seq=0x1 odc=0x8b sts=0xe0 armed=1
1788557983.391672 [TRG] pulses=227 suppressed=2848 cyc=1600 rst=1 rstmode=0x40
1788557983.395039 [HLT] polls=481 faults=0x0 cfglost=0
1788557983.400800 [EFF] n=5 last=58512 min=58450 max=58515 late=0 stuck=0 rderr=0
1788557983.411176 [IMU] init=0 addr=0x68 who=0x68 rst=1 pmrb0=0x40 pmrb=0x1 sr=19 cfg=4 gcfg=0x0 acfg=0x8 icfg=0x30 ien=0x1 armed=1
1788557983.416428 [ACC] reads=24082 stale=24051 rderr=0 ax=60 ay=-65 az=1125
1788557983.419139 [PWR] pm=0x1 drift=0 rderr=0
1788557983.422925 [DWT] ok=1 cyc=712394675 cyc_per_ms=800000
1788557984.439183 [HB] up_ms=533587 frames=24128 inf=24128 hazard=3083 canary_err=0 q=0 qovr=0
1788557984.450409 [I2C] init=0 gate=0 whoami=0x201e0 wr=0 wrseen=0x27 addr=0x5a ok=148421 err=0 tmo=0 recov=0 pclk1=200000000 sysclk=400000000
1788557984.451796 [NAK] nacks=0
1788557984.456284 [CLK] cpu=800000000 sysb=400000000 pclk1=200000000
1788557984.460793 [TOF] res=0 step=0 id=0xeacc blk=0xeacc10 ctl=0x0
1788557984.466669 [RNG] init=0 step=99 id=0xeacc boot=1 calls=93 xerr=0 dm=1 tb=15
1788557984.473788 [RNG] osc=41 imp=881 imprb=881 mstart=0x40 cfg=91 cfgfail=0x0 vhv=0 vpolls=0
1788557984.479912 [PRT] calls=96633 xerr=0 ler=1 lidx=0x0 perr=0 maxcnt=17 addr8=0x52
1788557984.483911 [RTY] wr=0 wmax=0 wref=0  rd=0 rmax=0 rref=0
1788557984.491673 [RNG] frames=24130 last=64 min=49 max=76 nrdy=0 dxfer=0 dstat=0 lst=0 nrdyerr=0 dclr=0
1788557984.498050 [DRV] init=0 id=7 mode=0x1 lib=0x2 seq=0x1 odc=0x8b sts=0xe0 armed=1
1788557984.503542 [TRG] pulses=228 suppressed=2858 cyc=1600 rst=1 rstmode=0x40
1788557984.506915 [HLT] polls=482 faults=0x0 cfglost=0
1788557984.512679 [EFF] n=5 last=58512 min=58450 max=58515 late=0 stuck=0 rderr=0
1788557984.523041 [IMU] init=0 addr=0x68 who=0x68 rst=1 pmrb0=0x40 pmrb=0x1 sr=19 cfg=4 gcfg=0x0 acfg=0x8 icfg=0x30 ien=0x1 armed=1
1788557984.528358 [ACC] reads=24132 stale=24101 rderr=0 ax=60 ay=-64 az=1130
1788557984.531044 [PWR] pm=0x1 drift=0 rderr=0
1788557984.534910 [DWT] ok=1 cyc=1593997963 cyc_per_ms=800002
1788557985.550540 [HB] up_ms=534689 frames=24178 inf=24178 hazard=3116 canary_err=0 q=0 qovr=0
1788557985.561777 [I2C] init=0 gate=0 whoami=0x201e0 wr=0 wrseen=0x27 addr=0x5a ok=148723 err=0 tmo=0 recov=0 pclk1=200000000 sysclk=400000000
1788557985.563164 [NAK] nacks=0
1788557985.567776 [CLK] cpu=800000000 sysb=400000000 pclk1=200000000
1788557985.572272 [TOF] res=0 step=0 id=0xeacc blk=0xeacc10 ctl=0x0
1788557985.578174 [RNG] init=0 step=99 id=0xeacc boot=1 calls=93 xerr=0 dm=1 tb=15
1788557985.585162 [RNG] osc=41 imp=881 imprb=881 mstart=0x40 cfg=91 cfgfail=0x0 vhv=0 vpolls=0
1788557985.591290 [PRT] calls=96833 xerr=0 ler=1 lidx=0x0 perr=0 maxcnt=17 addr8=0x52
1788557985.595414 [RTY] wr=0 wmax=0 wref=0  rd=0 rmax=0 rref=0
1788557985.603178 [RNG] frames=24180 last=61 min=49 max=76 nrdy=0 dxfer=0 dstat=0 lst=0 nrdyerr=0 dclr=0
1788557985.609539 [DRV] init=0 id=7 mode=0x1 lib=0x2 seq=0x1 odc=0x8b sts=0xe0 armed=1
1788557985.615026 [TRG] pulses=230 suppressed=2886 cyc=1600 rst=1 rstmode=0x40
1788557985.618273 [HLT] polls=483 faults=0x0 cfglost=0
1788557985.624022 [EFF] n=5 last=58512 min=58450 max=58515 late=0 stuck=0 rderr=0
1788557985.634401 [IMU] init=0 addr=0x68 who=0x68 rst=1 pmrb0=0x40 pmrb=0x1 sr=19 cfg=4 gcfg=0x0 acfg=0x8 icfg=0x30 ien=0x1 armed=1
1788557985.639774 [ACC] reads=24182 stale=24151 rderr=0 ax=59 ay=-66 az=1126
1788557985.642401 [PWR] pm=0x1 drift=0 rderr=0
1788557985.646401 [DWT] ok=1 cyc=2475594535 cyc_per_ms=799996
1788557986.662029 [HB] up_ms=535791 frames=24228 inf=24228 hazard=3116 canary_err=0 q=0 qovr=0
1788557986.673210 [I2C] init=0 gate=0 whoami=0x201e0 wr=0 wrseen=0x27 addr=0x5a ok=149025 err=0 tmo=0 recov=0 pclk1=200000000 sysclk=400000000
1788557986.674661 [NAK] nacks=0
1788557986.679270 [CLK] cpu=800000000 sysb=400000000 pclk1=200000000
1788557986.683767 [TOF] res=0 step=0 id=0xeacc blk=0xeacc10 ctl=0x0
1788557986.689658 [RNG] init=0 step=99 id=0xeacc boot=1 calls=93 xerr=0 dm=1 tb=15
1788557986.696516 [RNG] osc=41 imp=881 imprb=881 mstart=0x40 cfg=91 cfgfail=0x0 vhv=0 vpolls=0
1788557986.702769 [PRT] calls=97029 xerr=0 ler=1 lidx=0x0 perr=0 maxcnt=17 addr8=0x52
1788557986.706890 [RTY] wr=0 wmax=0 wref=0  rd=0 rmax=0 rref=0
1788557986.714703 [RNG] frames=24230 last=59 min=49 max=76 nrdy=0 dxfer=0 dstat=0 lst=0 nrdyerr=0 dclr=0
1788557986.720900 [DRV] init=0 id=7 mode=0x1 lib=0x2 seq=0x1 odc=0x8b sts=0xe0 armed=1
1788557986.726517 [TRG] pulses=230 suppressed=2886 cyc=1600 rst=1 rstmode=0x40
1788557986.729902 [HLT] polls=484 faults=0x0 cfglost=0
1788557986.735650 [EFF] n=5 last=58512 min=58450 max=58515 late=0 stuck=0 rderr=0
1788557986.745897 [IMU] init=0 addr=0x68 who=0x68 rst=1 pmrb0=0x40 pmrb=0x1 sr=19 cfg=4 gcfg=0x0 acfg=0x8 icfg=0x30 ien=0x1 armed=1
1788557986.751261 [ACC] reads=24232 stale=24201 rderr=0 ax=61 ay=-64 az=1126
1788557986.753891 [PWR] pm=0x1 drift=0 rderr=0
1788557986.757892 [DWT] ok=1 cyc=3357194523 cyc_per_ms=799999
1788557987.773412 [HB] up_ms=536893 frames=24278 inf=24278 hazard=3116 canary_err=0 q=0 qovr=0
1788557987.784511 [I2C] init=0 gate=0 whoami=0x201e0 wr=0 wrseen=0x27 addr=0x5a ok=149327 err=0 tmo=0 recov=0 pclk1=200000000 sysclk=400000000
1788557987.785755 [NAK] nacks=0
1788557987.790529 [CLK] cpu=800000000 sysb=400000000 pclk1=200000000
1788557987.795008 [TOF] res=0 step=0 id=0xeacc blk=0xeacc10 ctl=0x0
1788557987.800904 [RNG] init=0 step=99 id=0xeacc boot=1 calls=93 xerr=0 dm=1 tb=15
1788557987.807757 [RNG] osc=41 imp=881 imprb=881 mstart=0x40 cfg=91 cfgfail=0x0 vhv=0 vpolls=0
1788557987.814014 [PRT] calls=97229 xerr=0 ler=1 lidx=0x0 perr=0 maxcnt=17 addr8=0x52
1788557987.818167 [RTY] wr=0 wmax=0 wref=0  rd=0 rmax=0 rref=0
1788557987.825894 [RNG] frames=24280 last=64 min=49 max=76 nrdy=0 dxfer=0 dstat=0 lst=0 nrdyerr=0 dclr=0
1788557987.832149 [DRV] init=0 id=7 mode=0x1 lib=0x2 seq=0x1 odc=0x8b sts=0xe0 armed=1
1788557987.837759 [TRG] pulses=230 suppressed=2886 cyc=1600 rst=1 rstmode=0x40
1788557987.841161 [HLT] polls=485 faults=0x0 cfglost=0
1788557987.846893 [EFF] n=5 last=58512 min=58450 max=58515 late=0 stuck=0 rderr=0
1788557987.857152 [IMU] init=0 addr=0x68 who=0x68 rst=1 pmrb0=0x40 pmrb=0x1 sr=19 cfg=4 gcfg=0x0 acfg=0x8 icfg=0x30 ien=0x1 armed=1
1788557987.862513 [ACC] reads=24282 stale=24251 rderr=0 ax=60 ay=-63 az=1125
1788557987.865161 [PWR] pm=0x1 drift=0 rderr=0
1788557987.869156 [DWT] ok=1 cyc=4238794579 cyc_per_ms=800000
1788557988.884516 [HB] up_ms=537995 frames=24327 inf=24327 hazard=3116 canary_err=0 q=0 qovr=0
1788557988.895756 [I2C] init=0 gate=0 whoami=0x201e0 wr=0 wrseen=0x27 addr=0x5a ok=149629 err=0 tmo=0 recov=0 pclk1=200000000 sysclk=400000000
1788557988.897018 [NAK] nacks=0
1788557988.901752 [CLK] cpu=800000000 sysb=400000000 pclk1=200000000
1788557988.906260 [TOF] res=0 step=0 id=0xeacc blk=0xeacc10 ctl=0x0
1788557988.912170 [RNG] init=0 step=99 id=0xeacc boot=1 calls=93 xerr=0 dm=1 tb=15
1788557988.919016 [RNG] osc=41 imp=881 imprb=881 mstart=0x40 cfg=91 cfgfail=0x0 vhv=0 vpolls=0
1788557988.925274 [PRT] calls=97429 xerr=0 ler=1 lidx=0x0 perr=0 maxcnt=17 addr8=0x52
1788557988.929377 [RTY] wr=0 wmax=0 wref=0  rd=0 rmax=0 rref=0
1788557988.937167 [RNG] frames=24330 last=61 min=49 max=76 nrdy=0 dxfer=0 dstat=0 lst=0 nrdyerr=0 dclr=0
1788557988.943402 [DRV] init=0 id=7 mode=0x1 lib=0x2 seq=0x1 odc=0x8b sts=0xe0 armed=1
1788557988.949014 [TRG] pulses=230 suppressed=2886 cyc=1600 rst=1 rstmode=0x40
1788557988.952385 [HLT] polls=486 faults=0x0 cfglost=0
1788557988.958147 [EFF] n=5 last=58512 min=58450 max=58515 late=0 stuck=0 rderr=0
1788557988.968252 [IMU] init=0 addr=0x68 who=0x68 rst=1 pmrb0=0x40 pmrb=0x1 sr=19 cfg=4 gcfg=0x0 acfg=0x8 icfg=0x30 ien=0x1 armed=1
1788557988.973752 [ACC] reads=24331 stale=24300 rderr=0 ax=58 ay=-65 az=1123
1788557988.976387 [PWR] pm=0x1 drift=0 rderr=0
1788557988.980377 [DWT] ok=1 cyc=825561061 cyc_per_ms=800121
1788557989.996376 [HB] up_ms=539097 frames=24377 inf=24377 hazard=3116 canary_err=0 q=0 qovr=0
1788557990.007614 [I2C] init=0 gate=0 whoami=0x201e0 wr=0 wrseen=0x27 addr=0x5a ok=149931 err=0 tmo=0 recov=0 pclk1=200000000 sysclk=400000000
1788557990.008866 [NAK] nacks=0
1788557990.013524 [CLK] cpu=800000000 sysb=400000000 pclk1=200000000
1788557990.018144 [TOF] res=0 step=0 id=0xeacc blk=0xeacc10 ctl=0x0
1788557990.023995 [RNG] init=0 step=99 id=0xeacc boot=1 calls=93 xerr=0 dm=1 tb=15
1788557990.030869 [RNG] osc=41 imp=881 imprb=881 mstart=0x40 cfg=91 cfgfail=0x0 vhv=0 vpolls=0
1788557990.036988 [PRT] calls=97629 xerr=0 ler=1 lidx=0x0 perr=0 maxcnt=17 addr8=0x52
1788557990.041243 [RTY] wr=0 wmax=0 wref=0  rd=0 rmax=0 rref=0
1788557990.049009 [RNG] frames=24380 last=60 min=49 max=76 nrdy=0 dxfer=0 dstat=0 lst=0 nrdyerr=0 dclr=0
1788557990.055252 [DRV] init=0 id=7 mode=0x1 lib=0x2 seq=0x1 odc=0x8b sts=0xe0 armed=1
1788557990.060741 [TRG] pulses=230 suppressed=2886 cyc=1600 rst=1 rstmode=0x40
1788557990.064256 [HLT] polls=487 faults=0x0 cfglost=0
1788557990.069989 [EFF] n=5 last=58512 min=58450 max=58515 late=0 stuck=0 rderr=0
1788557990.080145 [IMU] init=0 addr=0x68 who=0x68 rst=1 pmrb0=0x40 pmrb=0x1 sr=19 cfg=4 gcfg=0x0 acfg=0x8 icfg=0x30 ien=0x1 armed=1
1788557990.085499 [ACC] reads=24381 stale=24350 rderr=0 ax=60 ay=-64 az=1125
1788557990.088257 [PWR] pm=0x1 drift=0 rderr=0
1788557990.092248 [DWT] ok=1 cyc=1707162073 cyc_per_ms=800000
1788557991.109138 [HB] up_ms=540200 frames=24427 inf=24427 hazard=3116 canary_err=0 q=0 qovr=0
1788557991.120253 [I2C] init=0 gate=0 whoami=0x201e0 wr=0 wrseen=0x27 addr=0x5a ok=150232 err=0 tmo=0 recov=0 pclk1=200000000 sysclk=400000000
1788557991.121602 [NAK] nacks=0
1788557991.126134 [CLK] cpu=800000000 sysb=400000000 pclk1=200000000
1788557991.130738 [TOF] res=0 step=0 id=0xeacc blk=0xeacc10 ctl=0x0
1788557991.136614 [RNG] init=0 step=99 id=0xeacc boot=1 calls=93 xerr=0 dm=1 tb=15
1788557991.143603 [RNG] osc=41 imp=881 imprb=881 mstart=0x40 cfg=91 cfgfail=0x0 vhv=0 vpolls=0
1788557991.149618 [PRT] calls=97829 xerr=0 ler=1 lidx=0x0 perr=0 maxcnt=17 addr8=0x52
1788557991.153748 [RTY] wr=0 wmax=0 wref=0  rd=0 rmax=0 rref=0
1788557991.161618 [RNG] frames=24429 last=56 min=49 max=76 nrdy=0 dxfer=0 dstat=0 lst=0 nrdyerr=0 dclr=0
1788557991.167861 [DRV] init=0 id=7 mode=0x1 lib=0x2 seq=0x1 odc=0x8b sts=0xe0 armed=1
1788557991.173360 [TRG] pulses=230 suppressed=2886 cyc=1600 rst=1 rstmode=0x40
1788557991.176739 [HLT] polls=488 faults=0x0 cfglost=0
1788557991.182616 [EFF] n=5 last=58512 min=58450 max=58515 late=0 stuck=0 rderr=0
1788557991.192738 [IMU] init=0 addr=0x68 who=0x68 rst=1 pmrb0=0x40 pmrb=0x1 sr=19 cfg=4 gcfg=0x0 acfg=0x8 icfg=0x30 ien=0x1 armed=1
1788557991.198130 [ACC] reads=24431 stale=24400 rderr=0 ax=59 ay=-63 az=1125
1788557991.200858 [PWR] pm=0x1 drift=0 rderr=0
1788557991.204861 [DWT] ok=1 cyc=2589497359 cyc_per_ms=799941
1788557992.221133 [HB] up_ms=541303 frames=24477 inf=24477 hazard=3153 canary_err=0 q=0 qovr=0
1788557992.232485 [I2C] init=0 gate=0 whoami=0x201e0 wr=0 wrseen=0x27 addr=0x5a ok=150529 err=0 tmo=0 recov=0 pclk1=200000000 sysclk=400000000
1788557992.233731 [NAK] nacks=0
1788557992.238354 [CLK] cpu=800000000 sysb=400000000 pclk1=200000000
1788557992.242858 [TOF] res=0 step=0 id=0xeacc blk=0xeacc10 ctl=0x0
1788557992.248859 [RNG] init=0 step=99 id=0xeacc boot=1 calls=93 xerr=0 dm=1 tb=15
1788557992.255738 [RNG] osc=41 imp=881 imprb=881 mstart=0x40 cfg=91 cfgfail=0x0 vhv=0 vpolls=0
1788557992.261935 [PRT] calls=98029 xerr=0 ler=1 lidx=0x0 perr=0 maxcnt=17 addr8=0x52
1788557992.265976 [RTY] wr=0 wmax=0 wref=0  rd=0 rmax=0 rref=0
1788557992.273877 [RNG] frames=24479 last=60 min=49 max=76 nrdy=0 dxfer=0 dstat=0 lst=0 nrdyerr=0 dclr=0
1788557992.280131 [DRV] init=0 id=7 mode=0x1 lib=0x2 seq=0x1 odc=0x8b sts=0xe0 armed=1
1788557992.285598 [TRG] pulses=233 suppressed=2923 cyc=1600 rst=1 rstmode=0x40
1788557992.288974 [HLT] polls=489 faults=0x0 cfglost=0
1788557992.294857 [EFF] n=5 last=58512 min=58450 max=58515 late=0 stuck=0 rderr=0
1788557992.305119 [IMU] init=0 addr=0x68 who=0x68 rst=1 pmrb0=0x40 pmrb=0x1 sr=19 cfg=4 gcfg=0x0 acfg=0x8 icfg=0x30 ien=0x1 armed=1
1788557992.310341 [ACC] reads=24481 stale=24450 rderr=0 ax=59 ay=-65 az=1128
1788557992.312976 [PWR] pm=0x1 drift=0 rderr=0
1788557992.317229 [DWT] ok=1 cyc=3471830923 cyc_per_ms=799939
1788557993.333614 [HB] up_ms=542406 frames=24527 inf=24527 hazard=3157 canary_err=0 q=0 qovr=0
1788557993.344970 [I2C] init=0 gate=0 whoami=0x201e0 wr=0 wrseen=0x27 addr=0x5a ok=150831 err=0 tmo=0 recov=0 pclk1=200000000 sysclk=400000000
1788557993.346341 [NAK] nacks=0
1788557993.350841 [CLK] cpu=800000000 sysb=400000000 pclk1=200000000
1788557993.355355 [TOF] res=0 step=0 id=0xeacc blk=0xeacc10 ctl=0x0
1788557993.361353 [RNG] init=0 step=99 id=0xeacc boot=1 calls=93 xerr=0 dm=1 tb=15
1788557993.368217 [RNG] osc=41 imp=881 imprb=881 mstart=0x40 cfg=91 cfgfail=0x0 vhv=0 vpolls=0
1788557993.374360 [PRT] calls=98229 xerr=0 ler=1 lidx=0x0 perr=0 maxcnt=17 addr8=0x52
1788557993.378469 [RTY] wr=0 wmax=0 wref=0  rd=0 rmax=0 rref=0
1788557993.386342 [RNG] frames=24529 last=63 min=49 max=76 nrdy=0 dxfer=0 dstat=0 lst=0 nrdyerr=0 dclr=0
1788557993.392590 [DRV] init=0 id=7 mode=0x1 lib=0x2 seq=0x1 odc=0x8b sts=0xe0 armed=1
1788557993.398105 [TRG] pulses=233 suppressed=2924 cyc=1600 rst=1 rstmode=0x40
1788557993.401472 [HLT] polls=490 faults=0x0 cfglost=0
1788557993.407340 [EFF] n=5 last=58512 min=58450 max=58515 late=0 stuck=0 rderr=0
1788557993.417460 [IMU] init=0 addr=0x68 who=0x68 rst=1 pmrb0=0x40 pmrb=0x1 sr=19 cfg=4 gcfg=0x0 acfg=0x8 icfg=0x30 ien=0x1 armed=1
1788557993.422848 [ACC] reads=24531 stale=24500 rderr=0 ax=60 ay=-62 az=1125
1788557993.425471 [PWR] pm=0x1 drift=0 rderr=0
1788557993.429345 [DWT] ok=1 cyc=59259923 cyc_per_ms=799996
1788557994.444845 [HB] up_ms=543508 frames=24577 inf=24577 hazard=3157 canary_err=0 q=0 qovr=0
1788557994.456206 [I2C] init=0 gate=0 whoami=0x201e0 wr=0 wrseen=0x27 addr=0x5a ok=151133 err=0 tmo=0 recov=0 pclk1=200000000 sysclk=400000000
1788557994.457580 [NAK] nacks=0
1788557994.462094 [CLK] cpu=800000000 sysb=400000000 pclk1=200000000
1788557994.466582 [TOF] res=0 step=0 id=0xeacc blk=0xeacc10 ctl=0x0
1788557994.472454 [RNG] init=0 step=99 id=0xeacc boot=1 calls=93 xerr=0 dm=1 tb=15
1788557994.479583 [RNG] osc=41 imp=881 imprb=881 mstart=0x40 cfg=91 cfgfail=0x0 vhv=0 vpolls=0
1788557994.485594 [PRT] calls=98429 xerr=0 ler=1 lidx=0x0 perr=0 maxcnt=17 addr8=0x52
1788557994.489715 [RTY] wr=0 wmax=0 wref=0  rd=0 rmax=0 rref=0
1788557994.497588 [RNG] frames=24579 last=65 min=49 max=76 nrdy=0 dxfer=0 dstat=0 lst=0 nrdyerr=0 dclr=0
1788557994.503839 [DRV] init=0 id=7 mode=0x1 lib=0x2 seq=0x1 odc=0x8b sts=0xe0 armed=1
1788557994.509331 [TRG] pulses=233 suppressed=2924 cyc=1600 rst=1 rstmode=0x40
1788557994.512707 [HLT] polls=491 faults=0x0 cfglost=0
1788557994.518464 [EFF] n=5 last=58512 min=58450 max=58515 late=0 stuck=0 rderr=0
1788557994.528839 [IMU] init=0 addr=0x68 who=0x68 rst=1 pmrb0=0x40 pmrb=0x1 sr=19 cfg=4 gcfg=0x0 acfg=0x8 icfg=0x30 ien=0x1 armed=1
1788557994.534098 [ACC] reads=24581 stale=24550 rderr=0 ax=59 ay=-64 az=1126
1788557994.536715 [PWR] pm=0x1 drift=0 rderr=0
1788557994.540580 [DWT] ok=1 cyc=940859795 cyc_per_ms=799999
1788557995.556206 [HB] up_ms=544610 frames=24627 inf=24627 hazard=3157 canary_err=0 q=0 qovr=0
1788557995.567452 [I2C] init=0 gate=0 whoami=0x201e0 wr=0 wrseen=0x27 addr=0x5a ok=151435 err=0 tmo=0 recov=0 pclk1=200000000 sysclk=400000000
1788557995.568863 [NAK] nacks=0
1788557995.573461 [CLK] cpu=800000000 sysb=400000000 pclk1=200000000
1788557995.577952 [TOF] res=0 step=0 id=0xeacc blk=0xeacc10 ctl=0x0
1788557995.583827 [RNG] init=0 step=99 id=0xeacc boot=1 calls=93 xerr=0 dm=1 tb=15
1788557995.590831 [RNG] osc=41 imp=881 imprb=881 mstart=0x40 cfg=91 cfgfail=0x0 vhv=0 vpolls=0
1788557995.596955 [PRT] calls=98629 xerr=0 ler=1 lidx=0x0 perr=0 maxcnt=17 addr8=0x52
1788557995.601106 [RTY] wr=0 wmax=0 wref=0  rd=0 rmax=0 rref=0
1788557995.608825 [RNG] frames=24629 last=64 min=49 max=76 nrdy=0 dxfer=0 dstat=0 lst=0 nrdyerr=0 dclr=0
1788557995.615204 [DRV] init=0 id=7 mode=0x1 lib=0x2 seq=0x1 odc=0x8b sts=0xe0 armed=1
1788557995.620706 [TRG] pulses=233 suppressed=2924 cyc=1600 rst=1 rstmode=0x40
1788557995.624107 [HLT] polls=492 faults=0x0 cfglost=0
1788557995.629840 [EFF] n=5 last=58512 min=58450 max=58515 late=0 stuck=0 rderr=0
1788557995.640210 [IMU] init=0 addr=0x68 who=0x68 rst=1 pmrb0=0x40 pmrb=0x1 sr=19 cfg=4 gcfg=0x0 acfg=0x8 icfg=0x30 ien=0x1 armed=1
1788557995.645450 [ACC] reads=24631 stale=24600 rderr=0 ax=61 ay=-65 az=1126
1788557995.648100 [PWR] pm=0x1 drift=0 rderr=0
1788557995.652103 [DWT] ok=1 cyc=1822459911 cyc_per_ms=800000
1788557996.667838 [HB] up_ms=545712 frames=24677 inf=24677 hazard=3157 canary_err=0 q=0 qovr=0
1788557996.679193 [I2C] init=0 gate=0 whoami=0x201e0 wr=0 wrseen=0x27 addr=0x5a ok=151737 err=0 tmo=0 recov=0 pclk1=200000000 sysclk=400000000
1788557996.680453 [NAK] nacks=0
1788557996.685073 [CLK] cpu=800000000 sysb=400000000 pclk1=200000000
1788557996.689565 [TOF] res=0 step=0 id=0xeacc blk=0xeacc10 ctl=0x0
1788557996.695447 [RNG] init=0 step=99 id=0xeacc boot=1 calls=93 xerr=0 dm=1 tb=15
1788557996.702451 [RNG] osc=41 imp=881 imprb=881 mstart=0x40 cfg=91 cfgfail=0x0 vhv=0 vpolls=0
1788557996.708571 [PRT] calls=98829 xerr=0 ler=1 lidx=0x0 perr=0 maxcnt=17 addr8=0x52
1788557996.712699 [RTY] wr=0 wmax=0 wref=0  rd=0 rmax=0 rref=0
1788557996.720441 [RNG] frames=24679 last=66 min=49 max=76 nrdy=0 dxfer=0 dstat=0 lst=0 nrdyerr=0 dclr=0
1788557996.726813 [DRV] init=0 id=7 mode=0x1 lib=0x2 seq=0x1 odc=0x8b sts=0xe0 armed=1
1788557996.732318 [TRG] pulses=233 suppressed=2924 cyc=1600 rst=1 rstmode=0x40
1788557996.735689 [HLT] polls=493 faults=0x0 cfglost=0
1788557996.741440 [EFF] n=5 last=58512 min=58450 max=58515 late=0 stuck=0 rderr=0
1788557996.751709 [IMU] init=0 addr=0x68 who=0x68 rst=1 pmrb0=0x40 pmrb=0x1 sr=19 cfg=4 gcfg=0x0 acfg=0x8 icfg=0x30 ien=0x1 armed=1
1788557996.757066 [ACC] reads=24681 stale=24650 rderr=0 ax=61 ay=-64 az=1125
1788557996.759699 [PWR] pm=0x1 drift=0 rderr=0
1788557996.763689 [DWT] ok=1 cyc=2704059787 cyc_per_ms=799999
1788557997.778949 [HB] up_ms=546814 frames=24727 inf=24727 hazard=3157 canary_err=0 q=0 qovr=0
1788557997.790219 [I2C] init=0 gate=0 whoami=0x201e0 wr=0 wrseen=0x27 addr=0x5a ok=152039 err=0 tmo=0 recov=0 pclk1=200000000 sysclk=400000000
1788557997.791614 [NAK] nacks=0
1788557997.796186 [CLK] cpu=800000000 sysb=400000000 pclk1=200000000
1788557997.800687 [TOF] res=0 step=0 id=0xeacc blk=0xeacc10 ctl=0x0
1788557997.806563 [RNG] init=0 step=99 id=0xeacc boot=1 calls=93 xerr=0 dm=1 tb=15
1788557997.813564 [RNG] osc=41 imp=881 imprb=881 mstart=0x40 cfg=91 cfgfail=0x0 vhv=0 vpolls=0
1788557997.819687 [PRT] calls=99026 xerr=0 ler=1 lidx=0x0 perr=0 maxcnt=17 addr8=0x52
1788557997.823808 [RTY] wr=0 wmax=0 wref=0  rd=0 rmax=0 rref=0
1788557997.831569 [RNG] frames=24729 last=67 min=49 max=76 nrdy=0 dxfer=0 dstat=0 lst=0 nrdyerr=0 dclr=0
1788557997.837943 [DRV] init=0 id=7 mode=0x1 lib=0x2 seq=0x1 odc=0x8b sts=0xe0 armed=1
1788557997.843438 [TRG] pulses=233 suppressed=2924 cyc=1600 rst=1 rstmode=0x40
1788557997.846684 [HLT] polls=494 faults=0x0 cfglost=0
1788557997.852451 [EFF] n=5 last=58512 min=58450 max=58515 late=0 stuck=0 rderr=0
1788557997.862812 [IMU] init=0 addr=0x68 who=0x68 rst=1 pmrb0=0x40 pmrb=0x1 sr=19 cfg=4 gcfg=0x0 acfg=0x8 icfg=0x30 ien=0x1 armed=1
1788557997.868186 [ACC] reads=24731 stale=24700 rderr=0 ax=57 ay=-64 az=1125
1788557997.870812 [PWR] pm=0x1 drift=0 rderr=0
1788557997.874810 [DWT] ok=1 cyc=3585660343 cyc_per_ms=800000
1788557998.889829 [HB] up_ms=547916 frames=24777 inf=24777 hazard=3174 canary_err=0 q=0 qovr=0
1788557998.900925 [I2C] init=0 gate=0 whoami=0x201e0 wr=0 wrseen=0x27 addr=0x5a ok=152341 err=0 tmo=0 recov=0 pclk1=200000000 sysclk=400000000
1788557998.912256 [NAK] nacks=0
1788557998.912344 [CLK] cpu=800000000 sysb=400000000 pclk1=200000000
1788557998.912431 [TOF] res=0 step=0 id=0xeacc blk=0xeacc10 ctl=0x0
1788557998.917453 [RNG] init=0 step=99 id=0xeacc boot=1 calls=93 xerr=0 dm=1 tb=15
1788557998.924314 [RNG] osc=41 imp=881 imprb=881 mstart=0x40 cfg=91 cfgfail=0x0 vhv=0 vpolls=0
1788557998.930796 [PRT] calls=99225 xerr=0 ler=1 lidx=0x0 perr=0 maxcnt=17 addr8=0x52
1788557998.934746 [RTY] wr=0 wmax=0 wref=0  rd=0 rmax=0 rref=0
1788557998.942453 [RNG] frames=24779 last=64 min=49 max=76 nrdy=0 dxfer=0 dstat=0 lst=0 nrdyerr=0 dclr=0
1788557998.948675 [DRV] init=0 id=7 mode=0x1 lib=0x2 seq=0x1 odc=0x8b sts=0xe0 armed=1
1788557998.954297 [TRG] pulses=235 suppressed=2941 cyc=1600 rst=1 rstmode=0x40
1788557998.957673 [HLT] polls=495 faults=0x0 cfglost=0
1788557998.963453 [EFF] n=5 last=58512 min=58450 max=58515 late=0 stuck=0 rderr=0
1788557998.973681 [IMU] init=0 addr=0x68 who=0x68 rst=1 pmrb0=0x40 pmrb=0x1 sr=19 cfg=4 gcfg=0x0 acfg=0x8 icfg=0x30 ien=0x1 armed=1
1788557998.979048 [ACC] reads=24781 stale=24750 rderr=0 ax=61 ay=-61 az=1129
1788557998.981682 [PWR] pm=0x1 drift=0 rderr=0
1788557998.985551 [DWT] ok=1 cyc=172296343 cyc_per_ms=800002
1788558000.001223 [HB] up_ms=549018 frames=24827 inf=24827 hazard=3198 canary_err=0 q=0 qovr=0
1788558000.012311 [I2C] init=0 gate=0 whoami=0x201e0 wr=0 wrseen=0x27 addr=0x5a ok=152643 err=0 tmo=0 recov=0 pclk1=200000000 sysclk=400000000
1788558000.013685 [NAK] nacks=0
1788558000.018422 [CLK] cpu=800000000 sysb=400000000 pclk1=200000000
1788558000.022928 [TOF] res=0 step=0 id=0xeacc blk=0xeacc10 ctl=0x0
1788558000.028793 [RNG] init=0 step=99 id=0xeacc boot=1 calls=93 xerr=0 dm=1 tb=15
1788558000.035670 [RNG] osc=41 imp=881 imprb=881 mstart=0x40 cfg=91 cfgfail=0x0 vhv=0 vpolls=0
1788558000.041916 [PRT] calls=99425 xerr=0 ler=1 lidx=0x0 perr=0 maxcnt=17 addr8=0x52
1788558000.046050 [RTY] wr=0 wmax=0 wref=0  rd=0 rmax=0 rref=0
1788558000.053798 [RNG] frames=24829 last=62 min=49 max=76 nrdy=0 dxfer=0 dstat=0 lst=0 nrdyerr=0 dclr=0
1788558000.060048 [DRV] init=0 id=7 mode=0x1 lib=0x2 seq=0x1 odc=0x8b sts=0xe0 armed=1
1788558000.065667 [TRG] pulses=236 suppressed=2962 cyc=1600 rst=1 rstmode=0x40
1788558000.069039 [HLT] polls=496 faults=0x0 cfglost=0
1788558000.074787 [EFF] n=5 last=58512 min=58450 max=58515 late=0 stuck=0 rderr=0
1788558000.084916 [IMU] init=0 addr=0x68 who=0x68 rst=1 pmrb0=0x40 pmrb=0x1 sr=19 cfg=4 gcfg=0x0 acfg=0x8 icfg=0x30 ien=0x1 armed=1
1788558000.090416 [ACC] reads=24830 stale=24799 rderr=0 ax=59 ay=-62 az=1127
1788558000.093039 [PWR] pm=0x1 drift=0 rderr=0
1788558000.097039 [DWT] ok=1 cyc=1053920775 cyc_per_ms=800022
1788558001.112796 [HB] up_ms=550120 frames=24876 inf=24876 hazard=3198 canary_err=0 q=0 qovr=0
1788558001.123905 [I2C] init=0 gate=0 whoami=0x201e0 wr=0 wrseen=0x27 addr=0x5a ok=152945 err=0 tmo=0 recov=0 pclk1=200000000 sysclk=400000000
1788558001.125287 [NAK] nacks=0
1788558001.129791 [CLK] cpu=800000000 sysb=400000000 pclk1=200000000
1788558001.134533 [TOF] res=0 step=0 id=0xeacc blk=0xeacc10 ctl=0x0
1788558001.140283 [RNG] init=0 step=99 id=0xeacc boot=1 calls=93 xerr=0 dm=1 tb=15
1788558001.147283 [RNG] osc=41 imp=881 imprb=881 mstart=0x40 cfg=91 cfgfail=0x0 vhv=0 vpolls=0
1788558001.153406 [PRT] calls=99625 xerr=0 ler=1 lidx=0x0 perr=0 maxcnt=17 addr8=0x52
1788558001.157536 [RTY] wr=0 wmax=0 wref=0  rd=0 rmax=0 rref=0
1788558001.165406 [RNG] frames=24879 last=66 min=49 max=76 nrdy=0 dxfer=0 dstat=0 lst=0 nrdyerr=0 dclr=0
1788558001.171532 [DRV] init=0 id=7 mode=0x1 lib=0x2 seq=0x1 odc=0x8b sts=0xe0 armed=1
1788558001.177034 [TRG] pulses=236 suppressed=2962 cyc=1600 rst=1 rstmode=0x40
1788558001.180549 [HLT] polls=497 faults=0x0 cfglost=0
1788558001.186282 [EFF] n=5 last=58512 min=58450 max=58515 late=0 stuck=0 rderr=0
1788558001.196543 [IMU] init=0 addr=0x68 who=0x68 rst=1 pmrb0=0x40 pmrb=0x1 sr=19 cfg=4 gcfg=0x0 acfg=0x8 icfg=0x30 ien=0x1 armed=1
1788558001.201913 [ACC] reads=24880 stale=24849 rderr=0 ax=60 ay=-65 az=1128
1788558001.204659 [PWR] pm=0x1 drift=0 rderr=0
1788558001.208530 [DWT] ok=1 cyc=1935627697 cyc_per_ms=800097
1788558002.224919 [HB] up_ms=551223 frames=24926 inf=24926 hazard=3198 canary_err=0 q=0 qovr=0
1788558002.236048 [I2C] init=0 gate=0 whoami=0x201e0 wr=0 wrseen=0x27 addr=0x5a ok=153247 err=0 tmo=0 recov=0 pclk1=200000000 sysclk=400000000
1788558002.237274 [NAK] nacks=0
1788558002.241906 [CLK] cpu=800000000 sysb=400000000 pclk1=200000000
1788558002.246668 [TOF] res=0 step=0 id=0xeacc blk=0xeacc10 ctl=0x0
1788558002.252401 [RNG] init=0 step=99 id=0xeacc boot=1 calls=93 xerr=0 dm=1 tb=15
1788558002.259395 [RNG] osc=41 imp=881 imprb=881 mstart=0x40 cfg=91 cfgfail=0x0 vhv=0 vpolls=0
1788558002.265407 [PRT] calls=99825 xerr=0 ler=1 lidx=0x0 perr=0 maxcnt=17 addr8=0x52
1788558002.269664 [RTY] wr=0 wmax=0 wref=0  rd=0 rmax=0 rref=0
1788558002.277403 [RNG] frames=24929 last=58 min=49 max=76 nrdy=0 dxfer=0 dstat=0 lst=0 nrdyerr=0 dclr=0
1788558002.283657 [DRV] init=0 id=7 mode=0x1 lib=0x2 seq=0x1 odc=0x8b sts=0xe0 armed=1
1788558002.289185 [TRG] pulses=236 suppressed=2962 cyc=1600 rst=1 rstmode=0x40
1788558002.292654 [HLT] polls=498 faults=0x0 cfglost=0
1788558002.298406 [EFF] n=5 last=58512 min=58450 max=58515 late=0 stuck=0 rderr=0
1788558002.308529 [IMU] init=0 addr=0x68 who=0x68 rst=1 pmrb0=0x40 pmrb=0x1 sr=19 cfg=4 gcfg=0x0 acfg=0x8 icfg=0x30 ien=0x1 armed=1
1788558002.313910 [ACC] reads=24930 stale=24899 rderr=0 ax=60 ay=-64 az=1125
1788558002.316708 [PWR] pm=0x1 drift=0 rderr=0
1788558002.320657 [DWT] ok=1 cyc=2818027449 cyc_per_ms=799999
1788558003.336905 [HB] up_ms=552326 frames=24976 inf=24976 hazard=3198 canary_err=0 q=0 qovr=0
1788558003.348173 [I2C] init=0 gate=0 whoami=0x201e0 wr=0 wrseen=0x27 addr=0x5a ok=153548 err=0 tmo=0 recov=0 pclk1=200000000 sysclk=400000000
1788558003.349397 [NAK] nacks=0
1788558003.354017 [CLK] cpu=800000000 sysb=400000000 pclk1=200000000
1788558003.358655 [TOF] res=0 step=0 id=0xeacc blk=0xeacc10 ctl=0x0
1788558003.364524 [RNG] init=0 step=99 id=0xeacc boot=1 calls=93 xerr=0 dm=1 tb=15
1788558003.371395 [RNG] osc=41 imp=881 imprb=881 mstart=0x40 cfg=91 cfgfail=0x0 vhv=0 vpolls=0
1788558003.377649 [PRT] calls=100025 xerr=0 ler=1 lidx=0x0 perr=0 maxcnt=17 addr8=0x52
1788558003.381773 [RTY] wr=0 wmax=0 wref=0  rd=0 rmax=0 rref=0
1788558003.389638 [RNG] frames=24978 last=70 min=49 max=76 nrdy=0 dxfer=0 dstat=0 lst=0 nrdyerr=0 dclr=0
1788558003.395930 [DRV] init=0 id=7 mode=0x1 lib=0x2 seq=0x1 odc=0x8b sts=0xe0 armed=1
1788558003.401265 [TRG] pulses=236 suppressed=2962 cyc=1600 rst=1 rstmode=0x40
1788558003.404652 [HLT] polls=499 faults=0x0 cfglost=0
1788558003.410525 [EFF] n=5 last=58512 min=58450 max=58515 late=0 stuck=0 rderr=0
1788558003.420777 [IMU] init=0 addr=0x68 who=0x68 rst=1 pmrb0=0x40 pmrb=0x1 sr=19 cfg=4 gcfg=0x0 acfg=0x8 icfg=0x30 ien=0x1 armed=1
1788558003.426020 [ACC] reads=24980 stale=24949 rderr=0 ax=61 ay=-64 az=1126
1788558003.428769 [PWR] pm=0x1 drift=0 rderr=0
1788558003.432940 [DWT] ok=1 cyc=3700434799 cyc_per_ms=800006
1788558004.448899 [HB] up_ms=553429 frames=25026 inf=25026 hazard=3198 canary_err=0 q=0 qovr=0
1788558004.460153 [I2C] init=0 gate=0 whoami=0x201e0 wr=0 wrseen=0x27 addr=0x5a ok=153845 err=0 tmo=0 recov=0 pclk1=200000000 sysclk=400000000
1788558004.471351 [NAK] nacks=0
1788558004.471464 [CLK] cpu=800000000 sysb=400000000 pclk1=200000000
1788558004.471532 [TOF] res=0 step=0 id=0xeacc blk=0xeacc10 ctl=0x0
1788558004.476627 [RNG] init=0 step=99 id=0xeacc boot=1 calls=93 xerr=0 dm=1 tb=15
1788558004.483509 [RNG] osc=41 imp=881 imprb=881 mstart=0x40 cfg=91 cfgfail=0x0 vhv=0 vpolls=0
1788558004.489761 [PRT] calls=100225 xerr=0 ler=1 lidx=0x0 perr=0 maxcnt=17 addr8=0x52
1788558004.493767 [RTY] wr=0 wmax=0 wref=0  rd=0 rmax=0 rref=0
1788558004.501767 [RNG] frames=25028 last=66 min=49 max=76 nrdy=0 dxfer=0 dstat=0 lst=0 nrdyerr=0 dclr=0
1788558004.507893 [DRV] init=0 id=7 mode=0x1 lib=0x2 seq=0x1 odc=0x8b sts=0xe0 armed=1
1788558004.513379 [TRG] pulses=236 suppressed=2962 cyc=1600 rst=1 rstmode=0x40
1788558004.516770 [HLT] polls=500 faults=0x0 cfglost=0
1788558004.522642 [EFF] n=5 last=58512 min=58450 max=58515 late=0 stuck=0 rderr=0
1788558004.532777 [IMU] init=0 addr=0x68 who=0x68 rst=1 pmrb0=0x40 pmrb=0x1 sr=19 cfg=4 gcfg=0x0 acfg=0x8 icfg=0x30 ien=0x1 armed=1
1788558004.538161 [ACC] reads=25030 stale=24999 rderr=0 ax=59 ay=-64 az=1128
1788558004.540767 [PWR] pm=0x1 drift=0 rderr=0
1788558004.544947 [DWT] ok=1 cyc=287796141 cyc_per_ms=799935
1788558005.560892 [HB] up_ms=554532 frames=25076 inf=25076 hazard=3198 canary_err=0 q=0 qovr=0
1788558005.572162 [I2C] init=0 gate=0 whoami=0x201e0 wr=0 wrseen=0x27 addr=0x5a ok=154147 err=0 tmo=0 recov=0 pclk1=200000000 sysclk=400000000
1788558005.573542 [NAK] nacks=0
1788558005.578154 [CLK] cpu=800000000 sysb=400000000 pclk1=200000000
1788558005.582669 [TOF] res=0 step=0 id=0xeacc blk=0xeacc10 ctl=0x0
1788558005.588626 [RNG] init=0 step=99 id=0xeacc boot=1 calls=93 xerr=0 dm=1 tb=15
1788558005.595520 [RNG] osc=41 imp=881 imprb=881 mstart=0x40 cfg=91 cfgfail=0x0 vhv=0 vpolls=0
1788558005.601636 [PRT] calls=100425 xerr=0 ler=1 lidx=0x0 perr=0 maxcnt=17 addr8=0x52
1788558005.605751 [RTY] wr=0 wmax=0 wref=0  rd=0 rmax=0 rref=0
1788558005.613626 [RNG] frames=25078 last=61 min=49 max=76 nrdy=0 dxfer=0 dstat=0 lst=0 nrdyerr=0 dclr=0
1788558005.619876 [DRV] init=0 id=7 mode=0x1 lib=0x2 seq=0x1 odc=0x8b sts=0xe0 armed=1
1788558005.625377 [TRG] pulses=236 suppressed=2962 cyc=1600 rst=1 rstmode=0x40
1788558005.628750 [HLT] polls=501 faults=0x0 cfglost=0
1788558005.634618 [EFF] n=5 last=58512 min=58450 max=58515 late=0 stuck=0 rderr=0
1788558005.644753 [IMU] init=0 addr=0x68 who=0x68 rst=1 pmrb0=0x40 pmrb=0x1 sr=19 cfg=4 gcfg=0x0 acfg=0x8 icfg=0x30 ien=0x1 armed=1
1788558005.650140 [ACC] reads=25080 stale=25049 rderr=0 ax=60 ay=-64 az=1129
1788558005.652752 [PWR] pm=0x1 drift=0 rderr=0
1788558005.656878 [DWT] ok=1 cyc=1170196097 cyc_per_ms=799999
1788558006.672756 [HB] up_ms=555635 frames=25126 inf=25126 hazard=3239 canary_err=0 q=0 qovr=0
1788558006.683991 [I2C] init=0 gate=0 whoami=0x201e0 wr=0 wrseen=0x27 addr=0x5a ok=154449 err=0 tmo=0 recov=0 pclk1=200000000 sysclk=400000000
1788558006.685415 [NAK] nacks=0
1788558006.690000 [CLK] cpu=800000000 sysb=400000000 pclk1=200000000
1788558006.694488 [TOF] res=0 step=0 id=0xeacc blk=0xeacc10 ctl=0x0
1788558006.700364 [RNG] init=0 step=99 id=0xeacc boot=1 calls=93 xerr=0 dm=1 tb=15
1788558006.707363 [RNG] osc=41 imp=881 imprb=881 mstart=0x40 cfg=91 cfgfail=0x0 vhv=0 vpolls=0
1788558006.713641 [PRT] calls=100625 xerr=0 ler=1 lidx=0x0 perr=0 maxcnt=17 addr8=0x52
1788558006.717618 [RTY] wr=0 wmax=0 wref=0  rd=0 rmax=0 rref=0
1788558006.725624 [RNG] frames=25128 last=64 min=49 max=76 nrdy=0 dxfer=0 dstat=0 lst=0 nrdyerr=0 dclr=0
1788558006.731747 [DRV] init=0 id=7 mode=0x1 lib=0x2 seq=0x1 odc=0x8b sts=0xe0 armed=1
1788558006.737259 [TRG] pulses=239 suppressed=3000 cyc=1600 rst=1 rstmode=0x40
1788558006.740616 [HLT] polls=502 faults=0x0 cfglost=0
1788558006.746379 [EFF] n=5 last=58512 min=58450 max=58515 late=0 stuck=0 rderr=0
1788558006.756786 [IMU] init=0 addr=0x68 who=0x68 rst=1 pmrb0=0x40 pmrb=0x1 sr=19 cfg=4 gcfg=0x0 acfg=0x8 icfg=0x30 ien=0x1 armed=1
1788558006.762034 [ACC] reads=25130 stale=25099 rderr=0 ax=60 ay=-65 az=1129
1788558006.764663 [PWR] pm=0x1 drift=0 rderr=0
1788558006.768665 [DWT] ok=1 cyc=2052596249 cyc_per_ms=800000
1788558007.783750 [HB] up_ms=556737 frames=25176 inf=25176 hazard=3239 canary_err=0 q=0 qovr=0
1788558007.794983 [I2C] init=0 gate=0 whoami=0x201e0 wr=0 wrseen=0x27 addr=0x5a ok=154751 err=0 tmo=0 recov=0 pclk1=200000000 sysclk=400000000
1788558007.796360 [NAK] nacks=0
1788558007.800978 [CLK] cpu=800000000 sysb=400000000 pclk1=200000000
1788558007.805482 [TOF] res=0 step=0 id=0xeacc blk=0xeacc10 ctl=0x0
1788558007.811245 [RNG] init=0 step=99 id=0xeacc boot=1 calls=93 xerr=0 dm=1 tb=15
1788558007.818373 [RNG] osc=41 imp=881 imprb=881 mstart=0x40 cfg=91 cfgfail=0x0 vhv=0 vpolls=0
1788558007.824612 [PRT] calls=100825 xerr=0 ler=1 lidx=0x0 perr=0 maxcnt=17 addr8=0x52
1788558007.828616 [RTY] wr=0 wmax=0 wref=0  rd=0 rmax=0 rref=0
1788558007.836492 [RNG] frames=25178 last=60 min=49 max=76 nrdy=0 dxfer=0 dstat=0 lst=0 nrdyerr=0 dclr=0
1788558007.842732 [DRV] init=0 id=7 mode=0x1 lib=0x2 seq=0x1 odc=0x8b sts=0xe0 armed=1
1788558007.848228 [TRG] pulses=239 suppressed=3000 cyc=1600 rst=1 rstmode=0x40
1788558007.851603 [HLT] polls=503 faults=0x0 cfglost=0
1788558007.857365 [EFF] n=5 last=58512 min=58450 max=58515 late=0 stuck=0 rderr=0
1788558007.867732 [IMU] init=0 addr=0x68 who=0x68 rst=1 pmrb0=0x40 pmrb=0x1 sr=19 cfg=4 gcfg=0x0 acfg=0x8 icfg=0x30 ien=0x1 armed=1
1788558007.873132 [ACC] reads=25180 stale=25149 rderr=0 ax=61 ay=-64 az=1127
1788558007.875730 [PWR] pm=0x1 drift=0 rderr=0
1788558007.879765 [DWT] ok=1 cyc=2934196253 cyc_per_ms=800000
1788558008.895373 [HB] up_ms=557839 frames=25226 inf=25226 hazard=3239 canary_err=0 q=0 qovr=0
1788558008.906735 [I2C] init=0 gate=0 whoami=0x201e0 wr=0 wrseen=0x27 addr=0x5a ok=155053 err=0 tmo=0 recov=0 pclk1=200000000 sysclk=400000000
1788558008.907975 [NAK] nacks=0
1788558008.912602 [CLK] cpu=800000000 sysb=400000000 pclk1=200000000
1788558008.917116 [TOF] res=0 step=0 id=0xeacc blk=0xeacc10 ctl=0x0
1788558008.922986 [RNG] init=0 step=99 id=0xeacc boot=1 calls=93 xerr=0 dm=1 tb=15
1788558008.929970 [RNG] osc=41 imp=881 imprb=881 mstart=0x40 cfg=91 cfgfail=0x0 vhv=0 vpolls=0
1788558008.936229 [PRT] calls=101025 xerr=0 ler=1 lidx=0x0 perr=0 maxcnt=17 addr8=0x52
1788558008.940351 [RTY] wr=0 wmax=0 wref=0  rd=0 rmax=0 rref=0
1788558008.948124 [RNG] frames=25228 last=61 min=49 max=76 nrdy=0 dxfer=0 dstat=0 lst=0 nrdyerr=0 dclr=0
1788558008.954483 [DRV] init=0 id=7 mode=0x1 lib=0x2 seq=0x1 odc=0x8b sts=0xe0 armed=1
1788558008.959985 [TRG] pulses=239 suppressed=3000 cyc=1600 rst=1 rstmode=0x40
1788558008.963229 [HLT] polls=504 faults=0x0 cfglost=0
1788558008.968975 [EFF] n=5 last=58512 min=58450 max=58515 late=0 stuck=0 rderr=0
1788558008.979378 [IMU] init=0 addr=0x68 who=0x68 rst=1 pmrb0=0x40 pmrb=0x1 sr=19 cfg=4 gcfg=0x0 acfg=0x8 icfg=0x30 ien=0x1 armed=1
1788558008.984745 [ACC] reads=25230 stale=25199 rderr=0 ax=61 ay=-65 az=1124
1788558008.987354 [PWR] pm=0x1 drift=0 rderr=0
1788558008.991408 [DWT] ok=1 cyc=3815795969 cyc_per_ms=799999
1788558010.007118 [HB] up_ms=558941 frames=25276 inf=25276 hazard=3239 canary_err=0 q=0 qovr=0
1788558010.018337 [I2C] init=0 gate=0 whoami=0x201e0 wr=0 wrseen=0x27 addr=0x5a ok=155355 err=0 tmo=0 recov=0 pclk1=200000000 sysclk=400000000
1788558010.019729 [NAK] nacks=0
1788558010.024338 [CLK] cpu=800000000 sysb=400000000 pclk1=200000000
1788558010.028843 [TOF] res=0 step=0 id=0xeacc blk=0xeacc10 ctl=0x0
1788558010.034720 [RNG] init=0 step=99 id=0xeacc boot=1 calls=93 xerr=0 dm=1 tb=15
1788558010.041728 [RNG] osc=41 imp=881 imprb=881 mstart=0x40 cfg=91 cfgfail=0x0 vhv=0 vpolls=0
1788558010.047966 [PRT] calls=101225 xerr=0 ler=1 lidx=0x0 perr=0 maxcnt=17 addr8=0x52
1788558010.051969 [RTY] wr=0 wmax=0 wref=0  rd=0 rmax=0 rref=0
1788558010.059838 [RNG] frames=25278 last=60 min=49 max=76 nrdy=0 dxfer=0 dstat=0 lst=0 nrdyerr=0 dclr=0
1788558010.066117 [DRV] init=0 id=7 mode=0x1 lib=0x2 seq=0x1 odc=0x8b sts=0xe0 armed=1
1788558010.071588 [TRG] pulses=239 suppressed=3000 cyc=1600 rst=1 rstmode=0x40
1788558010.074965 [HLT] polls=505 faults=0x0 cfglost=0
1788558010.080724 [EFF] n=5 last=58512 min=58450 max=58515 late=0 stuck=0 rderr=0
1788558010.091106 [IMU] init=0 addr=0x68 who=0x68 rst=1 pmrb0=0x40 pmrb=0x1 sr=19 cfg=4 gcfg=0x0 acfg=0x8 icfg=0x30 ien=0x1 armed=1
1788558010.096339 [ACC] reads=25280 stale=25249 rderr=0 ax=59 ay=-65 az=1126
1788558010.099099 [PWR] pm=0x1 drift=0 rderr=0
1788558010.102963 [DWT] ok=1 cyc=402428725 cyc_per_ms=800000
1788558011.118218 [HB] up_ms=560043 frames=25326 inf=25326 hazard=3239 canary_err=0 q=0 qovr=0
1788558011.129338 [I2C] init=0 gate=0 whoami=0x201e0 wr=0 wrseen=0x27 addr=0x5a ok=155657 err=0 tmo=0 recov=0 pclk1=200000000 sysclk=400000000
1788558011.130707 [NAK] nacks=0
1788558011.135333 [CLK] cpu=800000000 sysb=400000000 pclk1=200000000
1788558011.139838 [TOF] res=0 step=0 id=0xeacc blk=0xeacc10 ctl=0x0
1788558011.145703 [RNG] init=0 step=99 id=0xeacc boot=1 calls=93 xerr=0 dm=1 tb=15
1788558011.152581 [RNG] osc=41 imp=881 imprb=881 mstart=0x40 cfg=91 cfgfail=0x0 vhv=0 vpolls=0
1788558011.158959 [PRT] calls=101421 xerr=0 ler=1 lidx=0x0 perr=0 maxcnt=17 addr8=0x52
1788558011.163100 [RTY] wr=0 wmax=0 wref=0  rd=0 rmax=0 rref=0
1788558011.170833 [RNG] frames=25328 last=63 min=49 max=76 nrdy=0 dxfer=0 dstat=0 lst=0 nrdyerr=0 dclr=0
1788558011.177095 [DRV] init=0 id=7 mode=0x1 lib=0x2 seq=0x1 odc=0x8b sts=0xe0 armed=1
1788558011.182705 [TRG] pulses=239 suppressed=3000 cyc=1600 rst=1 rstmode=0x40
1788558011.186099 [HLT] polls=506 faults=0x0 cfglost=0
1788558011.191832 [EFF] n=5 last=58512 min=58450 max=58515 late=0 stuck=0 rderr=0
1788558011.202102 [IMU] init=0 addr=0x68 who=0x68 rst=1 pmrb0=0x40 pmrb=0x1 sr=19 cfg=4 gcfg=0x0 acfg=0x8 icfg=0x30 ien=0x1 armed=1
1788558011.207455 [ACC] reads=25330 stale=25299 rderr=0 ax=60 ay=-64 az=1129
1788558011.210108 [PWR] pm=0x1 drift=0 rderr=0
1788558011.214094 [DWT] ok=1 cyc=1284028793 cyc_per_ms=800000
1788558012.229334 [HB] up_ms=561145 frames=25376 inf=25376 hazard=3239 canary_err=0 q=0 qovr=0
1788558012.240462 [I2C] init=0 gate=0 whoami=0x201e0 wr=0 wrseen=0x27 addr=0x5a ok=155959 err=0 tmo=0 recov=0 pclk1=200000000 sysclk=400000000
1788558012.241814 [NAK] nacks=0
1788558012.246603 [CLK] cpu=800000000 sysb=400000000 pclk1=200000000
1788558012.251062 [TOF] res=0 step=0 id=0xeacc blk=0xeacc10 ctl=0x0
1788558012.256955 [RNG] init=0 step=99 id=0xeacc boot=1 calls=93 xerr=0 dm=1 tb=15
1788558012.263833 [RNG] osc=41 imp=881 imprb=881 mstart=0x40 cfg=91 cfgfail=0x0 vhv=0 vpolls=0
1788558012.270202 [PRT] calls=101621 xerr=0 ler=1 lidx=0x0 perr=0 maxcnt=17 addr8=0x52
1788558012.274196 [RTY] wr=0 wmax=0 wref=0  rd=0 rmax=0 rref=0
1788558012.282113 [RNG] frames=25378 last=63 min=49 max=76 nrdy=0 dxfer=0 dstat=0 lst=0 nrdyerr=0 dclr=0
1788558012.288199 [DRV] init=0 id=7 mode=0x1 lib=0x2 seq=0x1 odc=0x8b sts=0xe0 armed=1
1788558012.293828 [TRG] pulses=239 suppressed=3000 cyc=1600 rst=1 rstmode=0x40
1788558012.297208 [HLT] polls=507 faults=0x0 cfglost=0
1788558012.302950 [EFF] n=5 last=58512 min=58450 max=58515 late=0 stuck=0 rderr=0
1788558012.313201 [IMU] init=0 addr=0x68 who=0x68 rst=1 pmrb0=0x40 pmrb=0x1 sr=19 cfg=4 gcfg=0x0 acfg=0x8 icfg=0x30 ien=0x1 armed=1
1788558012.318618 [ACC] reads=25380 stale=25349 rderr=0 ax=59 ay=-64 az=1127
1788558012.321338 [PWR] pm=0x1 drift=0 rderr=0
1788558012.325206 [DWT] ok=1 cyc=2165628805 cyc_per_ms=800000
1788558013.340701 [HB] up_ms=562247 frames=25425 inf=25425 hazard=3264 canary_err=0 q=0 qovr=0
1788558013.351818 [I2C] init=0 gate=0 whoami=0x201e0 wr=0 wrseen=0x27 addr=0x5a ok=156261 err=0 tmo=0 recov=0 pclk1=200000000 sysclk=400000000
1788558013.353188 [NAK] nacks=0
1788558013.357814 [CLK] cpu=800000000 sysb=400000000 pclk1=200000000
1788558013.362438 [TOF] res=0 step=0 id=0xeacc blk=0xeacc10 ctl=0x0
1788558013.368318 [RNG] init=0 step=99 id=0xeacc boot=1 calls=93 xerr=0 dm=1 tb=15
1788558013.375190 [RNG] osc=41 imp=881 imprb=881 mstart=0x40 cfg=91 cfgfail=0x0 vhv=0 vpolls=0
1788558013.381445 [PRT] calls=101821 xerr=0 ler=1 lidx=0x0 perr=0 maxcnt=17 addr8=0x52
1788558013.385563 [RTY] wr=0 wmax=0 wref=0  rd=0 rmax=0 rref=0
1788558013.393441 [RNG] frames=25428 last=61 min=49 max=76 nrdy=0 dxfer=0 dstat=0 lst=0 nrdyerr=0 dclr=0
1788558013.399562 [DRV] init=0 id=7 mode=0x1 lib=0x2 seq=0x1 odc=0x8b sts=0xe0 armed=1
1788558013.405188 [TRG] pulses=241 suppressed=3026 cyc=1600 rst=1 rstmode=0x40
1788558013.408561 [HLT] polls=508 faults=0x0 cfglost=0
1788558013.414316 [EFF] n=5 last=58512 min=58450 max=58515 late=0 stuck=0 rderr=0
1788558013.424562 [IMU] init=0 addr=0x68 who=0x68 rst=1 pmrb0=0x40 pmrb=0x1 sr=19 cfg=4 gcfg=0x0 acfg=0x8 icfg=0x30 ien=0x1 armed=1
1788558013.429945 [ACC] reads=25429 stale=25398 rderr=0 ax=60 ay=-65 az=1128
1788558013.432692 [PWR] pm=0x1 drift=0 rderr=0
1788558013.436593 [DWT] ok=1 cyc=3047369063 cyc_per_ms=800127
1788558014.452694 [HB] up_ms=563350 frames=25475 inf=25475 hazard=3280 canary_err=0 q=0 qovr=0
1788558014.463812 [I2C] init=0 gate=0 whoami=0x201e0 wr=0 wrseen=0x27 addr=0x5a ok=156563 err=0 tmo=0 recov=0 pclk1=200000000 sysclk=400000000
1788558014.465195 [NAK] nacks=0
1788558014.469808 [CLK] cpu=800000000 sysb=400000000 pclk1=200000000
1788558014.474432 [TOF] res=0 step=0 id=0xeacc blk=0xeacc10 ctl=0x0
1788558014.480313 [RNG] init=0 step=99 id=0xeacc boot=1 calls=93 xerr=0 dm=1 tb=15
1788558014.487187 [RNG] osc=41 imp=881 imprb=881 mstart=0x40 cfg=91 cfgfail=0x0 vhv=0 vpolls=0
1788558014.493428 [PRT] calls=102021 xerr=0 ler=1 lidx=0x0 perr=0 maxcnt=17 addr8=0x52
1788558014.497566 [RTY] wr=0 wmax=0 wref=0  rd=0 rmax=0 rref=0
1788558014.505431 [RNG] frames=25478 last=64 min=49 max=76 nrdy=0 dxfer=0 dstat=0 lst=0 nrdyerr=0 dclr=0
1788558014.511563 [DRV] init=0 id=7 mode=0x1 lib=0x2 seq=0x1 odc=0x8b sts=0xe0 armed=1
1788558014.517059 [TRG] pulses=242 suppressed=3038 cyc=1600 rst=1 rstmode=0x40
1788558014.520562 [HLT] polls=509 faults=0x0 cfglost=0
1788558014.526308 [EFF] n=5 last=58512 min=58450 max=58515 late=0 stuck=0 rderr=0
1788558014.536572 [IMU] init=0 addr=0x68 who=0x68 rst=1 pmrb0=0x40 pmrb=0x1 sr=19 cfg=4 gcfg=0x0 acfg=0x8 icfg=0x30 ien=0x1 armed=1
1788558014.541934 [ACC] reads=25479 stale=25448 rderr=0 ax=61 ay=-64 az=1126
1788558014.544685 [PWR] pm=0x1 drift=0 rderr=0
1788558014.548566 [DWT] ok=1 cyc=3929762851 cyc_per_ms=799994
1788558015.564833 [HB] up_ms=564453 frames=25525 inf=25525 hazard=3280 canary_err=0 q=0 qovr=0
1788558015.575918 [I2C] init=0 gate=0 whoami=0x201e0 wr=0 wrseen=0x27 addr=0x5a ok=156865 err=0 tmo=0 recov=0 pclk1=200000000 sysclk=400000000
1788558015.577301 [NAK] nacks=0
1788558015.581922 [CLK] cpu=800000000 sysb=400000000 pclk1=200000000
1788558015.586558 [TOF] res=0 step=0 id=0xeacc blk=0xeacc10 ctl=0x0
1788558015.592446 [RNG] init=0 step=99 id=0xeacc boot=1 calls=93 xerr=0 dm=1 tb=15
1788558015.599314 [RNG] osc=41 imp=881 imprb=881 mstart=0x40 cfg=91 cfgfail=0x0 vhv=0 vpolls=0
1788558015.605560 [PRT] calls=102221 xerr=0 ler=1 lidx=0x0 perr=0 maxcnt=17 addr8=0x52
1788558015.609680 [RTY] wr=0 wmax=0 wref=0  rd=0 rmax=0 rref=0
1788558015.617553 [RNG] frames=25527 last=61 min=49 max=76 nrdy=0 dxfer=0 dstat=0 lst=0 nrdyerr=0 dclr=0
1788558015.623680 [DRV] init=0 id=7 mode=0x1 lib=0x2 seq=0x1 odc=0x8b sts=0xe0 armed=1
1788558015.629172 [TRG] pulses=242 suppressed=3038 cyc=1600 rst=1 rstmode=0x40
1788558015.632694 [HLT] polls=510 faults=0x0 cfglost=0
1788558015.638422 [EFF] n=5 last=58512 min=58450 max=58515 late=0 stuck=0 rderr=0
1788558015.648668 [IMU] init=0 addr=0x68 who=0x68 rst=1 pmrb0=0x40 pmrb=0x1 sr=19 cfg=4 gcfg=0x0 acfg=0x8 icfg=0x30 ien=0x1 armed=1
1788558015.653932 [ACC] reads=25529 stale=25498 rderr=0 ax=60 ay=-63 az=1126
1788558015.656678 [PWR] pm=0x1 drift=0 rderr=0
1788558015.660674 [DWT] ok=1 cyc=517182983 cyc_per_ms=799988
1788558016.676425 [HB] up_ms=565556 frames=25575 inf=25575 hazard=3280 canary_err=0 q=0 qovr=0
1788558016.687672 [I2C] init=0 gate=0 whoami=0x201e0 wr=0 wrseen=0x27 addr=0x5a ok=157163 err=0 tmo=0 recov=0 pclk1=200000000 sysclk=400000000
1788558016.689048 [NAK] nacks=0
1788558016.693671 [CLK] cpu=800000000 sysb=400000000 pclk1=200000000
1788558016.698185 [TOF] res=0 step=0 id=0xeacc blk=0xeacc10 ctl=0x0
1788558016.704175 [RNG] init=0 step=99 id=0xeacc boot=1 calls=93 xerr=0 dm=1 tb=15
1788558016.711048 [RNG] osc=41 imp=881 imprb=881 mstart=0x40 cfg=91 cfgfail=0x0 vhv=0 vpolls=0
1788558016.717195 [PRT] calls=102421 xerr=0 ler=1 lidx=0x0 perr=0 maxcnt=17 addr8=0x52
1788558016.721326 [RTY] wr=0 wmax=0 wref=0  rd=0 rmax=0 rref=0
1788558016.729196 [RNG] frames=25577 last=54 min=49 max=76 nrdy=0 dxfer=0 dstat=0 lst=0 nrdyerr=0 dclr=0
1788558016.735421 [DRV] init=0 id=7 mode=0x1 lib=0x2 seq=0x1 odc=0x8b sts=0xe0 armed=1
1788558016.740954 [TRG] pulses=242 suppressed=3038 cyc=1600 rst=1 rstmode=0x40
1788558016.744300 [HLT] polls=511 faults=0x0 cfglost=0
1788558016.750202 [EFF] n=5 last=58512 min=58450 max=58515 late=0 stuck=0 rderr=0
1788558016.760296 [IMU] init=0 addr=0x68 who=0x68 rst=1 pmrb0=0x40 pmrb=0x1 sr=19 cfg=4 gcfg=0x0 acfg=0x8 icfg=0x30 ien=0x1 armed=1
1788558016.765729 [ACC] reads=25579 stale=25548 rderr=0 ax=60 ay=-62 az=1127
1788558016.768330 [PWR] pm=0x1 drift=0 rderr=0
1788558016.772418 [DWT] ok=1 cyc=1399483579 cyc_per_ms=799909
1788558017.788547 [HB] up_ms=566659 frames=25625 inf=25625 hazard=3280 canary_err=0 q=0 qovr=0
1788558017.799789 [I2C] init=0 gate=0 whoami=0x201e0 wr=0 wrseen=0x27 addr=0x5a ok=157463 err=0 tmo=0 recov=0 pclk1=200000000 sysclk=400000000
1788558017.801187 [NAK] nacks=0
1788558017.805822 [CLK] cpu=800000000 sysb=400000000 pclk1=200000000
1788558017.810298 [TOF] res=0 step=0 id=0xeacc blk=0xeacc10 ctl=0x0
1788558017.816321 [RNG] init=0 step=99 id=0xeacc boot=1 calls=93 xerr=0 dm=1 tb=15
1788558017.823211 [RNG] osc=41 imp=881 imprb=881 mstart=0x40 cfg=91 cfgfail=0x0 vhv=0 vpolls=0
1788558017.829443 [PRT] calls=102621 xerr=0 ler=1 lidx=0x0 perr=0 maxcnt=17 addr8=0x52
1788558017.833454 [RTY] wr=0 wmax=0 wref=0  rd=0 rmax=0 rref=0
1788558017.841461 [RNG] frames=25627 last=64 min=49 max=76 nrdy=0 dxfer=0 dstat=0 lst=0 nrdyerr=0 dclr=0
1788558017.847684 [DRV] init=0 id=7 mode=0x1 lib=0x2 seq=0x1 odc=0x8b sts=0xe0 armed=1
1788558017.853205 [TRG] pulses=242 suppressed=3038 cyc=1600 rst=1 rstmode=0x40
1788558017.856445 [HLT] polls=512 faults=0x0 cfglost=0
1788558017.862442 [EFF] n=5 last=58512 min=58450 max=58515 late=0 stuck=0 rderr=0
1788558017.872582 [IMU] init=0 addr=0x68 who=0x68 rst=1 pmrb0=0x40 pmrb=0x1 sr=19 cfg=4 gcfg=0x0 acfg=0x8 icfg=0x30 ien=0x1 armed=1
1788558017.877958 [ACC] reads=25629 stale=25598 rderr=0 ax=60 ay=-66 az=1128
1788558017.880587 [PWR] pm=0x1 drift=0 rderr=0
1788558017.884708 [DWT] ok=1 cyc=2281861333 cyc_per_ms=799979
1788558018.900659 [HB] up_ms=567762 frames=25675 inf=25675 hazard=3280 canary_err=0 q=0 qovr=0
1788558018.911909 [I2C] init=0 gate=0 whoami=0x201e0 wr=0 wrseen=0x27 addr=0x5a ok=157765 err=0 tmo=0 recov=0 pclk1=200000000 sysclk=400000000
1788558018.913277 [NAK] nacks=0
1788558018.917896 [CLK] cpu=800000000 sysb=400000000 pclk1=200000000
1788558018.922397 [TOF] res=0 step=0 id=0xeacc blk=0xeacc10 ctl=0x0
1788558018.928271 [RNG] init=0 step=99 id=0xeacc boot=1 calls=93 xerr=0 dm=1 tb=15
1788558018.935281 [RNG] osc=41 imp=881 imprb=881 mstart=0x40 cfg=91 cfgfail=0x0 vhv=0 vpolls=0
1788558018.941413 [PRT] calls=102821 xerr=0 ler=1 lidx=0x0 perr=0 maxcnt=17 addr8=0x52
1788558018.945543 [RTY] wr=0 wmax=0 wref=0  rd=0 rmax=0 rref=0
1788558018.953403 [RNG] frames=25677 last=61 min=49 max=76 nrdy=0 dxfer=0 dstat=0 lst=0 nrdyerr=0 dclr=0
1788558018.959661 [DRV] init=0 id=7 mode=0x1 lib=0x2 seq=0x1 odc=0x8b sts=0xe0 armed=1
1788558018.965175 [TRG] pulses=242 suppressed=3038 cyc=1600 rst=1 rstmode=0x40
1788558018.968410 [HLT] polls=513 faults=0x0 cfglost=0
1788558018.974284 [EFF] n=5 last=58512 min=58450 max=58515 late=0 stuck=0 rderr=0
1788558018.984537 [IMU] init=0 addr=0x68 who=0x68 rst=1 pmrb0=0x40 pmrb=0x1 sr=19 cfg=4 gcfg=0x0 acfg=0x8 icfg=0x30 ien=0x1 armed=1
1788558018.989777 [ACC] reads=25679 stale=25648 rderr=0 ax=61 ay=-64 az=1124
1788558018.992525 [PWR] pm=0x1 drift=0 rderr=0
1788558018.996408 [DWT] ok=1 cyc=3164261677 cyc_per_ms=800000
1788558020.011184 [HB] up_ms=568864 frames=25725 inf=25725 hazard=3285 canary_err=0 q=0 qovr=0
1788558020.022391 [I2C] init=0 gate=0 whoami=0x201e0 wr=0 wrseen=0x27 addr=0x5a ok=158067 err=0 tmo=0 recov=0 pclk1=200000000 sysclk=400000000
1788558020.023767 [NAK] nacks=0
1788558020.028397 [CLK] cpu=800000000 sysb=400000000 pclk1=200000000
1788558020.032893 [TOF] res=0 step=0 id=0xeacc blk=0xeacc10 ctl=0x0
1788558020.038642 [RNG] init=0 step=99 id=0xeacc boot=1 calls=93 xerr=0 dm=1 tb=15
1788558020.045767 [RNG] osc=41 imp=881 imprb=881 mstart=0x40 cfg=91 cfgfail=0x0 vhv=0 vpolls=0
1788558020.051887 [PRT] calls=103021 xerr=0 ler=1 lidx=0x0 perr=0 maxcnt=17 addr8=0x52
1788558020.056011 [RTY] wr=0 wmax=0 wref=0  rd=0 rmax=0 rref=0
1788558020.063896 [RNG] frames=25727 last=63 min=49 max=76 nrdy=0 dxfer=0 dstat=0 lst=0 nrdyerr=0 dclr=0
1788558020.070156 [DRV] init=0 id=7 mode=0x1 lib=0x2 seq=0x1 odc=0x8b sts=0xe0 armed=1
1788558020.075637 [TRG] pulses=243 suppressed=3045 cyc=1600 rst=1 rstmode=0x40
1788558020.079027 [HLT] polls=514 faults=0x0 cfglost=0
1788558020.084773 [EFF] n=5 last=58512 min=58450 max=58515 late=0 stuck=0 rderr=0
1788558020.095024 [IMU] init=0 addr=0x68 who=0x68 rst=1 pmrb0=0x40 pmrb=0x1 sr=19 cfg=4 gcfg=0x0 acfg=0x8 icfg=0x30 ien=0x1 armed=1
1788558020.100394 [ACC] reads=25729 stale=25698 rderr=0 ax=60 ay=-66 az=1127
1788558020.103018 [PWR] pm=0x1 drift=0 rderr=0
1788558020.107020 [DWT] ok=1 cyc=4045865133 cyc_per_ms=800003
1788558021.121394 [HB] up_ms=569966 frames=25775 inf=25775 hazard=3321 canary_err=0 q=0 qovr=0
1788558021.132683 [I2C] init=0 gate=0 whoami=0x201e0 wr=0 wrseen=0x27 addr=0x5a ok=158369 err=0 tmo=0 recov=0 pclk1=200000000 sysclk=400000000
1788558021.134007 [NAK] nacks=0
1788558021.138510 [CLK] cpu=800000000 sysb=400000000 pclk1=200000000
1788558021.143003 [TOF] res=0 step=0 id=0xeacc blk=0xeacc10 ctl=0x0
1788558021.148936 [RNG] init=0 step=99 id=0xeacc boot=1 calls=93 xerr=0 dm=1 tb=15
1788558021.155931 [RNG] osc=41 imp=881 imprb=881 mstart=0x40 cfg=91 cfgfail=0x0 vhv=0 vpolls=0
1788558021.162158 [PRT] calls=103221 xerr=0 ler=1 lidx=0x0 perr=0 maxcnt=17 addr8=0x52
1788558021.166183 [RTY] wr=0 wmax=0 wref=0  rd=0 rmax=0 rref=0
1788558021.174016 [RNG] frames=25777 last=61 min=49 max=76 nrdy=0 dxfer=0 dstat=0 lst=0 nrdyerr=0 dclr=0
1788558021.180385 [DRV] init=0 id=7 mode=0x1 lib=0x2 seq=0x1 odc=0x8b sts=0xe0 armed=1
1788558021.185804 [TRG] pulses=245 suppressed=3076 cyc=1600 rst=1 rstmode=0x40
1788558021.189145 [HLT] polls=515 faults=0x0 cfglost=0
1788558021.194925 [EFF] n=5 last=58512 min=58450 max=58515 late=0 stuck=0 rderr=0
1788558021.205269 [IMU] init=0 addr=0x68 who=0x68 rst=1 pmrb0=0x40 pmrb=0x1 sr=19 cfg=4 gcfg=0x0 acfg=0x8 icfg=0x30 ien=0x1 armed=1
1788558021.210509 [ACC] reads=25779 stale=25748 rderr=0 ax=60 ay=-65 az=1124
1788558021.213153 [PWR] pm=0x1 drift=0 rderr=0
1788558021.217202 [DWT] ok=1 cyc=632494077 cyc_per_ms=799996
1788558022.231872 [HB] up_ms=571068 frames=25825 inf=25825 hazard=3321 canary_err=0 q=0 qovr=0
1788558022.243241 [I2C] init=0 gate=0 whoami=0x201e0 wr=0 wrseen=0x27 addr=0x5a ok=158671 err=0 tmo=0 recov=0 pclk1=200000000 sysclk=400000000
1788558022.244511 [NAK] nacks=0
1788558022.249127 [CLK] cpu=800000000 sysb=400000000 pclk1=200000000
1788558022.253610 [TOF] res=0 step=0 id=0xeacc blk=0xeacc10 ctl=0x0
1788558022.259485 [RNG] init=0 step=99 id=0xeacc boot=1 calls=93 xerr=0 dm=1 tb=15
1788558022.266500 [RNG] osc=41 imp=881 imprb=881 mstart=0x40 cfg=91 cfgfail=0x0 vhv=0 vpolls=0
1788558022.272748 [PRT] calls=103421 xerr=0 ler=1 lidx=0x0 perr=0 maxcnt=17 addr8=0x52
1788558022.276757 [RTY] wr=0 wmax=0 wref=0  rd=0 rmax=0 rref=0
1788558022.284633 [RNG] frames=25827 last=63 min=49 max=76 nrdy=0 dxfer=0 dstat=0 lst=0 nrdyerr=0 dclr=0
1788558022.290995 [DRV] init=0 id=7 mode=0x1 lib=0x2 seq=0x1 odc=0x8b sts=0xe0 armed=1
1788558022.296386 [TRG] pulses=245 suppressed=3076 cyc=1600 rst=1 rstmode=0x40
1788558022.299743 [HLT] polls=516 faults=0x0 cfglost=0
1788558022.305507 [EFF] n=5 last=58512 min=58450 max=58515 late=0 stuck=0 rderr=0
1788558022.315884 [IMU] init=0 addr=0x68 who=0x68 rst=1 pmrb0=0x40 pmrb=0x1 sr=19 cfg=4 gcfg=0x0 acfg=0x8 icfg=0x30 ien=0x1 armed=1
1788558022.321144 [ACC] reads=25829 stale=25798 rderr=0 ax=59 ay=-65 az=1127
1788558022.323875 [PWR] pm=0x1 drift=0 rderr=0
1788558022.327745 [DWT] ok=1 cyc=1514094109 cyc_per_ms=800000
1788558023.342765 [HB] up_ms=572170 frames=25875 inf=25875 hazard=3321 canary_err=0 q=0 qovr=0
1788558023.353865 [I2C] init=0 gate=0 whoami=0x201e0 wr=0 wrseen=0x27 addr=0x5a ok=158973 err=0 tmo=0 recov=0 pclk1=200000000 sysclk=400000000
1788558023.365947 [NAK] nacks=0
1788558023.366036 [CLK] cpu=800000000 sysb=400000000 pclk1=200000000
1788558023.366144 [TOF] res=0 step=0 id=0xeacc blk=0xeacc10 ctl=0x0
1788558023.370366 [RNG] init=0 step=99 id=0xeacc boot=1 calls=93 xerr=0 dm=1 tb=15
1788558023.377254 [RNG] osc=41 imp=881 imprb=881 mstart=0x40 cfg=91 cfgfail=0x0 vhv=0 vpolls=0
1788558023.383613 [PRT] calls=103617 xerr=0 ler=1 lidx=0x0 perr=0 maxcnt=17 addr8=0x52
1788558023.387618 [RTY] wr=0 wmax=0 wref=0  rd=0 rmax=0 rref=0
1788558023.395490 [RNG] frames=25877 last=63 min=49 max=76 nrdy=0 dxfer=0 dstat=0 lst=0 nrdyerr=0 dclr=0
1788558023.401768 [DRV] init=0 id=7 mode=0x1 lib=0x2 seq=0x1 odc=0x8b sts=0xe0 armed=1
1788558023.407361 [TRG] pulses=245 suppressed=3076 cyc=1600 rst=1 rstmode=0x40
1788558023.410626 [HLT] polls=517 faults=0x0 cfglost=0
1788558023.416362 [EFF] n=5 last=58512 min=58450 max=58515 late=0 stuck=0 rderr=0
1788558023.426740 [IMU] init=0 addr=0x68 who=0x68 rst=1 pmrb0=0x40 pmrb=0x1 sr=19 cfg=4 gcfg=0x0 acfg=0x8 icfg=0x30 ien=0x1 armed=1
1788558023.432139 [ACC] reads=25879 stale=25848 rderr=0 ax=60 ay=-64 az=1125
1788558023.434740 [PWR] pm=0x1 drift=0 rderr=0
1788558023.438740 [DWT] ok=1 cyc=2395694201 cyc_per_ms=800000
1788558024.454372 [HB] up_ms=573272 frames=25925 inf=25925 hazard=3321 canary_err=0 q=0 qovr=0
1788558024.465491 [I2C] init=0 gate=0 whoami=0x201e0 wr=0 wrseen=0x27 addr=0x5a ok=159275 err=0 tmo=0 recov=0 pclk1=200000000 sysclk=400000000
1788558024.466854 [NAK] nacks=0
1788558024.471610 [CLK] cpu=800000000 sysb=400000000 pclk1=200000000
1788558024.476132 [TOF] res=0 step=0 id=0xeacc blk=0xeacc10 ctl=0x0
1788558024.481981 [RNG] init=0 step=99 id=0xeacc boot=1 calls=93 xerr=0 dm=1 tb=15
1788558024.488854 [RNG] osc=41 imp=881 imprb=881 mstart=0x40 cfg=91 cfgfail=0x0 vhv=0 vpolls=0
1788558024.495229 [PRT] calls=103817 xerr=0 ler=1 lidx=0x0 perr=0 maxcnt=17 addr8=0x52
1788558024.499365 [RTY] wr=0 wmax=0 wref=0  rd=0 rmax=0 rref=0
1788558024.507137 [RNG] frames=25927 last=69 min=49 max=76 nrdy=0 dxfer=0 dstat=0 lst=0 nrdyerr=0 dclr=0
1788558024.513232 [DRV] init=0 id=7 mode=0x1 lib=0x2 seq=0x1 odc=0x8b sts=0xe0 armed=1
1788558024.518996 [TRG] pulses=245 suppressed=3076 cyc=1600 rst=1 rstmode=0x40
1788558024.522354 [HLT] polls=518 faults=0x0 cfglost=0
1788558024.528124 [EFF] n=5 last=58512 min=58450 max=58515 late=0 stuck=0 rderr=0
1788558024.538370 [IMU] init=0 addr=0x68 who=0x68 rst=1 pmrb0=0x40 pmrb=0x1 sr=19 cfg=4 gcfg=0x0 acfg=0x8 icfg=0x30 ien=0x1 armed=1
1788558024.543729 [ACC] reads=25929 stale=25898 rderr=0 ax=62 ay=-66 az=1126
1788558024.546362 [PWR] pm=0x1 drift=0 rderr=0
1788558024.550363 [DWT] ok=1 cyc=3277294233 cyc_per_ms=800000
1788558025.565749 [HB] up_ms=574374 frames=25974 inf=25974 hazard=3321 canary_err=0 q=0 qovr=0
1788558025.576848 [I2C] init=0 gate=0 whoami=0x201e0 wr=0 wrseen=0x27 addr=0x5a ok=159577 err=0 tmo=0 recov=0 pclk1=200000000 sysclk=400000000
1788558025.578130 [NAK] nacks=0
1788558025.582850 [CLK] cpu=800000000 sysb=400000000 pclk1=200000000
1788558025.587477 [TOF] res=0 step=0 id=0xeacc blk=0xeacc10 ctl=0x0
1788558025.593226 [RNG] init=0 step=99 id=0xeacc boot=1 calls=93 xerr=0 dm=1 tb=15
1788558025.600142 [RNG] osc=41 imp=881 imprb=881 mstart=0x40 cfg=91 cfgfail=0x0 vhv=0 vpolls=0
1788558025.606484 [PRT] calls=104017 xerr=0 ler=1 lidx=0x0 perr=0 maxcnt=17 addr8=0x52
1788558025.610606 [RTY] wr=0 wmax=0 wref=0  rd=0 rmax=0 rref=0
1788558025.618362 [RNG] frames=25977 last=64 min=49 max=76 nrdy=0 dxfer=0 dstat=0 lst=0 nrdyerr=0 dclr=0
1788558025.624606 [DRV] init=0 id=7 mode=0x1 lib=0x2 seq=0x1 odc=0x8b sts=0xe0 armed=1
1788558025.630131 [TRG] pulses=245 suppressed=3076 cyc=1600 rst=1 rstmode=0x40
1788558025.633613 [HLT] polls=519 faults=0x0 cfglost=0
1788558025.639349 [EFF] n=5 last=58512 min=58450 max=58515 late=0 stuck=0 rderr=0
1788558025.649485 [IMU] init=0 addr=0x68 who=0x68 rst=1 pmrb0=0x40 pmrb=0x1 sr=19 cfg=4 gcfg=0x0 acfg=0x8 icfg=0x30 ien=0x1 armed=1
1788558025.654982 [ACC] reads=25978 stale=25947 rderr=0 ax=60 ay=-64 az=1130
1788558025.657606 [PWR] pm=0x1 drift=0 rderr=0
1788558025.661598 [DWT] ok=1 cyc=4159027267 cyc_per_ms=800120
1788558026.677349 [HB] up_ms=575477 frames=26024 inf=26024 hazard=3321 canary_err=0 q=0 qovr=0
1788558026.688475 [I2C] init=0 gate=0 whoami=0x201e0 wr=0 wrseen=0x27 addr=0x5a ok=159879 err=0 tmo=0 recov=0 pclk1=200000000 sysclk=400000000
1788558026.689846 [NAK] nacks=0
1788558026.694342 [CLK] cpu=800000000 sysb=400000000 pclk1=200000000
1788558026.699105 [TOF] res=0 step=0 id=0xeacc blk=0xeacc10 ctl=0x0
1788558026.704970 [RNG] init=0 step=99 id=0xeacc boot=1 calls=93 xerr=0 dm=1 tb=15
1788558026.711842 [RNG] osc=41 imp=881 imprb=881 mstart=0x40 cfg=91 cfgfail=0x0 vhv=0 vpolls=0
1788558026.717963 [PRT] calls=104217 xerr=0 ler=1 lidx=0x0 perr=0 maxcnt=17 addr8=0x52
1788558026.722208 [RTY] wr=0 wmax=0 wref=0  rd=0 rmax=0 rref=0
1788558026.729974 [RNG] frames=26027 last=62 min=49 max=76 nrdy=0 dxfer=0 dstat=0 lst=0 nrdyerr=0 dclr=0
1788558026.736258 [DRV] init=0 id=7 mode=0x1 lib=0x2 seq=0x1 odc=0x8b sts=0xe0 armed=1
1788558026.741751 [TRG] pulses=245 suppressed=3076 cyc=1600 rst=1 rstmode=0x40
1788558026.745215 [HLT] polls=520 faults=0x0 cfglost=0
1788558026.750966 [EFF] n=5 last=58512 min=58450 max=58515 late=0 stuck=0 rderr=0
1788558026.761107 [IMU] init=0 addr=0x68 who=0x68 rst=1 pmrb0=0x40 pmrb=0x1 sr=19 cfg=4 gcfg=0x0 acfg=0x8 icfg=0x30 ien=0x1 armed=1
1788558026.766469 [ACC] reads=26028 stale=25997 rderr=0 ax=59 ay=-64 az=1127
1788558026.769226 [PWR] pm=0x1 drift=0 rderr=0
1788558026.773109 [DWT] ok=1 cyc=746460919 cyc_per_ms=800000
1788558027.789480 [HB] up_ms=576580 frames=26074 inf=26074 hazard=3355 canary_err=0 q=0 qovr=0
1788558027.800657 [I2C] init=0 gate=0 whoami=0x201e0 wr=0 wrseen=0x27 addr=0x5a ok=160181 err=0 tmo=0 recov=0 pclk1=200000000 sysclk=400000000
1788558027.801836 [NAK] nacks=0
1788558027.806463 [CLK] cpu=800000000 sysb=400000000 pclk1=200000000
1788558027.811105 [TOF] res=0 step=0 id=0xeacc blk=0xeacc10 ctl=0x0
1788558027.816951 [RNG] init=0 step=99 id=0xeacc boot=1 calls=93 xerr=0 dm=1 tb=15
1788558027.823829 [RNG] osc=41 imp=881 imprb=881 mstart=0x40 cfg=91 cfgfail=0x0 vhv=0 vpolls=0
1788558027.830111 [PRT] calls=104417 xerr=0 ler=1 lidx=0x0 perr=0 maxcnt=17 addr8=0x52
1788558027.834223 [RTY] wr=0 wmax=0 wref=0  rd=0 rmax=0 rref=0
1788558027.842106 [RNG] frames=26076 last=63 min=49 max=76 nrdy=0 dxfer=0 dstat=0 lst=0 nrdyerr=0 dclr=0
1788558027.848339 [DRV] init=0 id=7 mode=0x1 lib=0x2 seq=0x1 odc=0x8b sts=0xe0 armed=1
1788558027.853837 [TRG] pulses=248 suppressed=3110 cyc=1600 rst=1 rstmode=0x40
1788558027.857207 [HLT] polls=521 faults=0x0 cfglost=0
1788558027.863104 [EFF] n=5 last=58512 min=58450 max=58515 late=0 stuck=0 rderr=0
1788558027.873208 [IMU] init=0 addr=0x68 who=0x68 rst=1 pmrb0=0x40 pmrb=0x1 sr=19 cfg=4 gcfg=0x0 acfg=0x8 icfg=0x30 ien=0x1 armed=1
1788558027.878585 [ACC] reads=26078 stale=26047 rderr=0 ax=60 ay=-64 az=1125
1788558027.881342 [PWR] pm=0x1 drift=0 rderr=0
1788558027.885336 [DWT] ok=1 cyc=1628853639 cyc_per_ms=799993
1788558028.901965 [HB] up_ms=577683 frames=26124 inf=26124 hazard=3362 canary_err=0 q=0 qovr=0
1788558028.913196 [I2C] init=0 gate=0 whoami=0x201e0 wr=0 wrseen=0x27 addr=0x5a ok=160479 err=0 tmo=0 recov=0 pclk1=200000000 sysclk=400000000
1788558028.914612 [NAK] nacks=0
1788558028.919217 [CLK] cpu=800000000 sysb=400000000 pclk1=200000000
1788558028.923723 [TOF] res=0 step=0 id=0xeacc blk=0xeacc10 ctl=0x0
1788558028.929700 [RNG] init=0 step=99 id=0xeacc boot=1 calls=93 xerr=0 dm=1 tb=15
1788558028.936573 [RNG] osc=41 imp=881 imprb=881 mstart=0x40 cfg=91 cfgfail=0x0 vhv=0 vpolls=0
1788558028.942822 [PRT] calls=104617 xerr=0 ler=1 lidx=0x0 perr=0 maxcnt=17 addr8=0x52
1788558028.946818 [RTY] wr=0 wmax=0 wref=0  rd=0 rmax=0 rref=0
1788558028.954818 [RNG] frames=26126 last=66 min=49 max=76 nrdy=0 dxfer=0 dstat=0 lst=0 nrdyerr=0 dclr=0
1788558028.960949 [DRV] init=0 id=7 mode=0x1 lib=0x2 seq=0x1 odc=0x8b sts=0xe0 armed=1
1788558028.966451 [TRG] pulses=248 suppressed=3114 cyc=1600 rst=1 rstmode=0x40
1788558028.969821 [HLT] polls=522 faults=0x0 cfglost=0
1788558028.975818 [EFF] n=5 last=58512 min=58450 max=58515 late=0 stuck=0 rderr=0
1788558028.985974 [IMU] init=0 addr=0x68 who=0x68 rst=1 pmrb0=0x40 pmrb=0x1 sr=19 cfg=4 gcfg=0x0 acfg=0x8 icfg=0x30 ien=0x1 armed=1
1788558028.991196 [ACC] reads=26128 stale=26097 rderr=0 ax=61 ay=-64 az=1127
1788558028.993977 [PWR] pm=0x1 drift=0 rderr=0
1788558028.998089 [DWT] ok=1 cyc=2511148935 cyc_per_ms=799905
1788558030.014834 [HB] up_ms=578786 frames=26174 inf=26174 hazard=3362 canary_err=0 q=0 qovr=0
1788558030.026191 [I2C] init=0 gate=0 whoami=0x201e0 wr=0 wrseen=0x27 addr=0x5a ok=160779 err=0 tmo=0 recov=0 pclk1=200000000 sysclk=400000000
1788558030.027444 [NAK] nacks=0
1788558030.032093 [CLK] cpu=800000000 sysb=400000000 pclk1=200000000
1788558030.036561 [TOF] res=0 step=0 id=0xeacc blk=0xeacc10 ctl=0x0
1788558030.042561 [RNG] init=0 step=99 id=0xeacc boot=1 calls=93 xerr=0 dm=1 tb=15
1788558030.049440 [RNG] osc=41 imp=881 imprb=881 mstart=0x40 cfg=91 cfgfail=0x0 vhv=0 vpolls=0
1788558030.055694 [PRT] calls=104817 xerr=0 ler=1 lidx=0x0 perr=0 maxcnt=17 addr8=0x52
1788558030.059699 [RTY] wr=0 wmax=0 wref=0  rd=0 rmax=0 rref=0
1788558030.067693 [RNG] frames=26176 last=65 min=49 max=76 nrdy=0 dxfer=0 dstat=0 lst=0 nrdyerr=0 dclr=0
1788558030.073942 [DRV] init=0 id=7 mode=0x1 lib=0x2 seq=0x1 odc=0x8b sts=0xe0 armed=1
1788558030.079339 [TRG] pulses=248 suppressed=3114 cyc=1600 rst=1 rstmode=0x40
1788558030.082698 [HLT] polls=523 faults=0x0 cfglost=0
1788558030.088701 [EFF] n=5 last=58512 min=58450 max=58515 late=0 stuck=0 rderr=0
1788558030.098815 [IMU] init=0 addr=0x68 who=0x68 rst=1 pmrb0=0x40 pmrb=0x1 sr=19 cfg=4 gcfg=0x0 acfg=0x8 icfg=0x30 ien=0x1 armed=1
1788558030.104192 [ACC] reads=26178 stale=26147 rderr=0 ax=60 ay=-64 az=1126
1788558030.106829 [PWR] pm=0x1 drift=0 rderr=0
1788558030.110940 [DWT] ok=1 cyc=3393526789 cyc_per_ms=799979
1788558031.127449 [HB] up_ms=579889 frames=26224 inf=26224 hazard=3362 canary_err=0 q=0 qovr=0
1788558031.138811 [I2C] init=0 gate=0 whoami=0x201e0 wr=0 wrseen=0x27 addr=0x5a ok=161081 err=0 tmo=0 recov=1 pclk1=200000000 sysclk=400000000
1788558031.140063 [NAK] nacks=0
1788558031.144705 [CLK] cpu=800000000 sysb=400000000 pclk1=200000000
1788558031.149196 [TOF] res=0 step=0 id=0xeacc blk=0xeacc10 ctl=0x0
1788558031.155062 [RNG] init=0 step=99 id=0xeacc boot=1 calls=93 xerr=0 dm=1 tb=15
1788558031.162057 [RNG] osc=41 imp=881 imprb=881 mstart=0x40 cfg=91 cfgfail=0x0 vhv=0 vpolls=0
1788558031.168310 [PRT] calls=105017 xerr=0 ler=1 lidx=0x0 perr=0 maxcnt=17 addr8=0x52
1788558031.172445 [RTY] wr=0 wmax=0 wref=0  rd=0 rmax=0 rref=0
1788558031.180185 [RNG] frames=26226 last=62 min=49 max=76 nrdy=0 dxfer=0 dstat=0 lst=0 nrdyerr=0 dclr=0
1788558031.186561 [DRV] init=0 id=7 mode=0x1 lib=0x2 seq=0x1 odc=0x8b sts=0xe0 armed=1
1788558031.192062 [TRG] pulses=248 suppressed=3114 cyc=1600 rst=1 rstmode=0x40
1788558031.195431 [HLT] polls=524 faults=0x0 cfglost=0
1788558031.201055 [EFF] n=5 last=58512 min=58450 max=58515 late=0 stuck=0 rderr=0
1788558031.211432 [IMU] init=0 addr=0x68 who=0x68 rst=1 pmrb0=0x40 pmrb=0x1 sr=19 cfg=4 gcfg=0x0 acfg=0x8 icfg=0x30 ien=0x1 armed=1
1788558031.216812 [ACC] reads=26228 stale=26197 rderr=0 ax=59 ay=-62 az=1129
1788558031.219430 [PWR] pm=0x1 drift=0 rderr=0
1788558031.223425 [DWT] ok=1 cyc=4275926829 cyc_per_ms=800000
1788558032.238939 [HB] up_ms=580991 frames=26274 inf=26274 hazard=3362 canary_err=0 q=0 qovr=0
1788558032.250048 [I2C] init=0 gate=0 whoami=0x201e0 wr=0 wrseen=0x27 addr=0x5a ok=161383 err=0 tmo=0 recov=1 pclk1=200000000 sysclk=400000000
1788558032.251549 [NAK] nacks=0
1788558032.256172 [CLK] cpu=800000000 sysb=400000000 pclk1=200000000
1788558032.260678 [TOF] res=0 step=0 id=0xeacc blk=0xeacc10 ctl=0x0
1788558032.266571 [RNG] init=0 step=99 id=0xeacc boot=1 calls=93 xerr=0 dm=1 tb=15
1788558032.273423 [RNG] osc=41 imp=881 imprb=881 mstart=0x40 cfg=91 cfgfail=0x0 vhv=0 vpolls=0
1788558032.279795 [PRT] calls=105213 xerr=0 ler=1 lidx=0x0 perr=0 maxcnt=17 addr8=0x52
1788558032.283804 [RTY] wr=0 wmax=0 wref=0  rd=0 rmax=0 rref=0
1788558032.291671 [RNG] frames=26276 last=70 min=49 max=76 nrdy=0 dxfer=0 dstat=0 lst=0 nrdyerr=0 dclr=0
1788558032.297919 [DRV] init=0 id=7 mode=0x1 lib=0x2 seq=0x1 odc=0x8b sts=0xe0 armed=1
1788558032.303420 [TRG] pulses=248 suppressed=3114 cyc=1600 rst=1 rstmode=0x40
1788558032.306807 [HLT] polls=525 faults=0x0 cfglost=0
1788558032.312547 [EFF] n=5 last=58512 min=58450 max=58515 late=0 stuck=0 rderr=0
1788558032.322944 [IMU] init=0 addr=0x68 who=0x68 rst=1 pmrb0=0x40 pmrb=0x1 sr=19 cfg=4 gcfg=0x0 acfg=0x8 icfg=0x30 ien=0x1 armed=1
1788558032.328301 [ACC] reads=26278 stale=26247 rderr=0 ax=58 ay=-65 az=1125
1788558032.330921 [PWR] pm=0x1 drift=0 rderr=0
1788558032.334801 [DWT] ok=1 cyc=862559577 cyc_per_ms=800000
1788558033.349930 [HB] up_ms=582093 frames=26324 inf=26324 hazard=3362 canary_err=0 q=0 qovr=0
1788558033.361043 [I2C] init=0 gate=0 whoami=0x201e0 wr=0 wrseen=0x27 addr=0x5a ok=161685 err=0 tmo=0 recov=1 pclk1=200000000 sysclk=400000000
1788558033.362410 [NAK] nacks=0
1788558033.367176 [CLK] cpu=800000000 sysb=400000000 pclk1=200000000
1788558033.371662 [TOF] res=0 step=0 id=0xeacc blk=0xeacc10 ctl=0x0
1788558033.377543 [RNG] init=0 step=99 id=0xeacc boot=1 calls=93 xerr=0 dm=1 tb=15
1788558033.384422 [RNG] osc=41 imp=881 imprb=881 mstart=0x40 cfg=91 cfgfail=0x0 vhv=0 vpolls=0
1788558033.390800 [PRT] calls=105413 xerr=0 ler=1 lidx=0x0 perr=0 maxcnt=17 addr8=0x52
1788558033.394918 [RTY] wr=0 wmax=0 wref=0  rd=0 rmax=0 rref=0
1788558033.402672 [RNG] frames=26326 last=58 min=49 max=76 nrdy=0 dxfer=0 dstat=0 lst=0 nrdyerr=0 dclr=0
1788558033.408801 [DRV] init=0 id=7 mode=0x1 lib=0x2 seq=0x1 odc=0x8b sts=0xe0 armed=1
1788558033.414555 [TRG] pulses=248 suppressed=3114 cyc=1600 rst=1 rstmode=0x40
1788558033.417806 [HLT] polls=526 faults=0x0 cfglost=0
1788558033.423554 [EFF] n=5 last=58512 min=58450 max=58515 late=0 stuck=0 rderr=0
1788558033.433794 [IMU] init=0 addr=0x68 who=0x68 rst=1 pmrb0=0x40 pmrb=0x1 sr=19 cfg=4 gcfg=0x0 acfg=0x8 icfg=0x30 ien=0x1 armed=1
1788558033.439290 [ACC] reads=26328 stale=26297 rderr=0 ax=59 ay=-65 az=1127
1788558033.441924 [PWR] pm=0x1 drift=0 rderr=0
1788558033.445922 [DWT] ok=1 cyc=1744159621 cyc_per_ms=800000
1788558034.461294 [HB] up_ms=583195 frames=26373 inf=26373 hazard=3375 canary_err=0 q=0 qovr=0
1788558034.472574 [I2C] init=0 gate=0 whoami=0x201e0 wr=0 wrseen=0x27 addr=0x5a ok=161987 err=0 tmo=0 recov=1 pclk1=200000000 sysclk=400000000
1788558034.473819 [NAK] nacks=0
1788558034.478557 [CLK] cpu=800000000 sysb=400000000 pclk1=200000000
1788558034.483048 [TOF] res=0 step=0 id=0xeacc blk=0xeacc10 ctl=0x0
1788558034.488917 [RNG] init=0 step=99 id=0xeacc boot=1 calls=93 xerr=0 dm=1 tb=15
1788558034.495777 [RNG] osc=41 imp=881 imprb=881 mstart=0x40 cfg=91 cfgfail=0x0 vhv=0 vpolls=0
1788558034.502199 [PRT] calls=105613 xerr=0 ler=1 lidx=0x0 perr=0 maxcnt=17 addr8=0x52
1788558034.506324 [RTY] wr=0 wmax=0 wref=0  rd=0 rmax=0 rref=0
1788558034.514050 [RNG] frames=26376 last=59 min=49 max=76 nrdy=0 dxfer=0 dstat=0 lst=0 nrdyerr=0 dclr=0
1788558034.520281 [DRV] init=0 id=7 mode=0x1 lib=0x2 seq=0x1 odc=0x8b sts=0xe0 armed=1
1788558034.525903 [TRG] pulses=250 suppressed=3128 cyc=1600 rst=1 rstmode=0x40
1788558034.529300 [HLT] polls=527 faults=0x0 cfglost=0
1788558034.535031 [EFF] n=5 last=58512 min=58450 max=58515 late=0 stuck=0 rderr=0
1788558034.545167 [IMU] init=0 addr=0x68 who=0x68 rst=1 pmrb0=0x40 pmrb=0x1 sr=19 cfg=4 gcfg=0x0 acfg=0x8 icfg=0x30 ien=0x1 armed=1
1788558034.550655 [ACC] reads=26377 stale=26346 rderr=0 ax=59 ay=-65 az=1124
1788558034.553273 [PWR] pm=0x1 drift=0 rderr=0
1788558034.557273 [DWT] ok=1 cyc=2625899811 cyc_per_ms=800127
1788558035.573787 [HB] up_ms=584298 frames=26423 inf=26423 hazard=3403 canary_err=0 q=0 qovr=0
1788558035.584898 [I2C] init=0 gate=0 whoami=0x201e0 wr=0 wrseen=0x27 addr=0x5a ok=162289 err=0 tmo=0 recov=1 pclk1=200000000 sysclk=400000000
1788558035.586289 [NAK] nacks=0
1788558035.590909 [CLK] cpu=800000000 sysb=400000000 pclk1=200000000
1788558035.595527 [TOF] res=0 step=0 id=0xeacc blk=0xeacc10 ctl=0x0
1788558035.601421 [RNG] init=0 step=99 id=0xeacc boot=1 calls=93 xerr=0 dm=1 tb=15
1788558035.608278 [RNG] osc=41 imp=881 imprb=881 mstart=0x40 cfg=91 cfgfail=0x0 vhv=0 vpolls=0
1788558035.614565 [PRT] calls=105813 xerr=0 ler=1 lidx=0x0 perr=0 maxcnt=17 addr8=0x52
1788558035.618772 [RTY] wr=0 wmax=0 wref=0  rd=0 rmax=0 rref=0
1788558035.626524 [RNG] frames=26426 last=65 min=49 max=76 nrdy=0 dxfer=0 dstat=0 lst=0 nrdyerr=0 dclr=0
1788558035.632793 [DRV] init=0 id=7 mode=0x1 lib=0x2 seq=0x1 odc=0x8b sts=0xe0 armed=1
1788558035.638343 [TRG] pulses=251 suppressed=3152 cyc=1600 rst=1 rstmode=0x40
1788558035.641768 [HLT] polls=528 faults=0x0 cfglost=0
1788558035.647537 [EFF] n=5 last=58512 min=58450 max=58515 late=0 stuck=0 rderr=0
1788558035.657688 [IMU] init=0 addr=0x68 who=0x68 rst=1 pmrb0=0x40 pmrb=0x1 sr=19 cfg=4 gcfg=0x0 acfg=0x8 icfg=0x30 ien=0x1 armed=1
1788558035.663174 [ACC] reads=26427 stale=26396 rderr=0 ax=60 ay=-64 az=1125
1788558035.665778 [PWR] pm=0x1 drift=0 rderr=0
1788558035.669820 [DWT] ok=1 cyc=3508293627 cyc_per_ms=799994
1788558036.686665 [HB] up_ms=585401 frames=26473 inf=26473 hazard=3403 canary_err=0 q=0 qovr=0
1788558036.697774 [I2C] init=0 gate=0 whoami=0x201e0 wr=0 wrseen=0x27 addr=0x5a ok=162591 err=0 tmo=0 recov=1 pclk1=200000000 sysclk=400000000
1788558036.699170 [NAK] nacks=0
1788558036.703645 [CLK] cpu=800000000 sysb=400000000 pclk1=200000000
1788558036.708395 [TOF] res=0 step=0 id=0xeacc blk=0xeacc10 ctl=0x0
1788558036.714269 [RNG] init=0 step=99 id=0xeacc boot=1 calls=93 xerr=0 dm=1 tb=15
1788558036.721169 [RNG] osc=41 imp=881 imprb=881 mstart=0x40 cfg=91 cfgfail=0x0 vhv=0 vpolls=0
1788558036.727279 [PRT] calls=106013 xerr=0 ler=1 lidx=0x0 perr=0 maxcnt=17 addr8=0x52
1788558036.731517 [RTY] wr=0 wmax=0 wref=0  rd=0 rmax=0 rref=0
1788558036.739404 [RNG] frames=26475 last=66 min=49 max=76 nrdy=0 dxfer=0 dstat=0 lst=0 nrdyerr=0 dclr=0
1788558036.745522 [DRV] init=0 id=7 mode=0x1 lib=0x2 seq=0x1 odc=0x8b sts=0xe0 armed=1
1788558036.751013 [TRG] pulses=251 suppressed=3152 cyc=1600 rst=1 rstmode=0x40
1788558036.754514 [HLT] polls=529 faults=0x0 cfglost=0
1788558036.760269 [EFF] n=5 last=58512 min=58450 max=58515 late=0 stuck=0 rderr=0
1788558036.770532 [IMU] init=0 addr=0x68 who=0x68 rst=1 pmrb0=0x40 pmrb=0x1 sr=19 cfg=4 gcfg=0x0 acfg=0x8 icfg=0x30 ien=0x1 armed=1
1788558036.775771 [ACC] reads=26477 stale=26446 rderr=0 ax=61 ay=-65 az=1126
1788558036.778652 [PWR] pm=0x1 drift=0 rderr=0
1788558036.782400 [DWT] ok=1 cyc=95713799 cyc_per_ms=799988
1788558037.798518 [HB] up_ms=586503 frames=26523 inf=26523 hazard=3403 canary_err=0 q=0 qovr=0
1788558037.809766 [I2C] init=0 gate=0 whoami=0x201e0 wr=0 wrseen=0x27 addr=0x5a ok=162887 err=0 tmo=0 recov=1 pclk1=200000000 sysclk=400000000
1788558037.811169 [NAK] nacks=0
1788558037.815770 [CLK] cpu=800000000 sysb=400000000 pclk1=200000000
1788558037.820265 [TOF] res=0 step=0 id=0xeacc blk=0xeacc10 ctl=0x0
1788558037.826254 [RNG] init=0 step=99 id=0xeacc boot=1 calls=93 xerr=0 dm=1 tb=15
1788558037.833163 [RNG] osc=41 imp=881 imprb=881 mstart=0x40 cfg=91 cfgfail=0x0 vhv=0 vpolls=0
1788558037.839249 [PRT] calls=106213 xerr=0 ler=1 lidx=0x0 perr=0 maxcnt=17 addr8=0x52
1788558037.843384 [RTY] wr=0 wmax=0 wref=0  rd=0 rmax=0 rref=0
1788558037.851377 [RNG] frames=26525 last=62 min=49 max=76 nrdy=0 dxfer=0 dstat=0 lst=0 nrdyerr=0 dclr=0
1788558037.857501 [DRV] init=0 id=7 mode=0x1 lib=0x2 seq=0x1 odc=0x8b sts=0xe0 armed=1
1788558037.863003 [TRG] pulses=251 suppressed=3152 cyc=1600 rst=1 rstmode=0x40
1788558037.866393 [HLT] polls=530 faults=0x0 cfglost=0
1788558037.872262 [EFF] n=5 last=58512 min=58450 max=58515 late=0 stuck=0 rderr=0
1788558037.882504 [IMU] init=0 addr=0x68 who=0x68 rst=1 pmrb0=0x40 pmrb=0x1 sr=19 cfg=4 gcfg=0x0 acfg=0x8 icfg=0x30 ien=0x1 armed=1
1788558037.887763 [ACC] reads=26527 stale=26496 rderr=0 ax=61 ay=-64 az=1127
1788558037.890396 [PWR] pm=0x1 drift=0 rderr=0
1788558037.894504 [DWT] ok=1 cyc=977192365 cyc_per_ms=799889
1788558038.911009 [HB] up_ms=587606 frames=26573 inf=26573 hazard=3403 canary_err=0 q=0 qovr=0
1788558038.922246 [I2C] init=0 gate=0 whoami=0x201e0 wr=0 wrseen=0x27 addr=0x5a ok=163189 err=0 tmo=0 recov=1 pclk1=200000000 sysclk=400000000
1788558038.923620 [NAK] nacks=0
1788558038.928246 [CLK] cpu=800000000 sysb=400000000 pclk1=200000000
1788558038.932761 [TOF] res=0 step=0 id=0xeacc blk=0xeacc10 ctl=0x0
1788558038.938754 [RNG] init=0 step=99 id=0xeacc boot=1 calls=93 xerr=0 dm=1 tb=15
1788558038.945626 [RNG] osc=41 imp=881 imprb=881 mstart=0x40 cfg=91 cfgfail=0x0 vhv=0 vpolls=0
1788558038.951756 [PRT] calls=106413 xerr=0 ler=1 lidx=0x0 perr=0 maxcnt=17 addr8=0x52
1788558038.955872 [RTY] wr=0 wmax=0 wref=0  rd=0 rmax=0 rref=0
1788558038.963750 [RNG] frames=26575 last=63 min=49 max=76 nrdy=0 dxfer=0 dstat=0 lst=0 nrdyerr=0 dclr=0
1788558038.969994 [DRV] init=0 id=7 mode=0x1 lib=0x2 seq=0x1 odc=0x8b sts=0xe0 armed=1
1788558038.975493 [TRG] pulses=251 suppressed=3152 cyc=1600 rst=1 rstmode=0x40
1788558038.978879 [HLT] polls=531 faults=0x0 cfglost=0
1788558038.984752 [EFF] n=5 last=58512 min=58450 max=58515 late=0 stuck=0 rderr=0
1788558038.994879 [IMU] init=0 addr=0x68 who=0x68 rst=1 pmrb0=0x40 pmrb=0x1 sr=19 cfg=4 gcfg=0x0 acfg=0x8 icfg=0x30 ien=0x1 armed=1
1788558039.000291 [ACC] reads=26577 stale=26546 rderr=0 ax=60 ay=-65 az=1126
1788558039.002889 [PWR] pm=0x1 drift=0 rderr=0
1788558039.007006 [DWT] ok=1 cyc=1859592313 cyc_per_ms=799999
1788558040.023001 [HB] up_ms=588709 frames=26623 inf=26623 hazard=3403 canary_err=0 q=0 qovr=0
1788558040.034298 [I2C] init=0 gate=0 whoami=0x201e0 wr=0 wrseen=0x27 addr=0x5a ok=163491 err=0 tmo=0 recov=1 pclk1=200000000 sysclk=400000000
1788558040.035660 [NAK] nacks=0
1788558040.040237 [CLK] cpu=800000000 sysb=400000000 pclk1=200000000
1788558040.044736 [TOF] res=0 step=0 id=0xeacc blk=0xeacc10 ctl=0x0
1788558040.050621 [RNG] init=0 step=99 id=0xeacc boot=1 calls=93 xerr=0 dm=1 tb=15
1788558040.057623 [RNG] osc=41 imp=881 imprb=881 mstart=0x40 cfg=91 cfgfail=0x0 vhv=0 vpolls=0
1788558040.063744 [PRT] calls=106613 xerr=0 ler=1 lidx=0x0 perr=0 maxcnt=17 addr8=0x52
1788558040.067894 [RTY] wr=0 wmax=0 wref=0  rd=0 rmax=0 rref=0
1788558040.075793 [RNG] frames=26625 last=62 min=49 max=76 nrdy=0 dxfer=0 dstat=0 lst=0 nrdyerr=0 dclr=0
1788558040.081994 [DRV] init=0 id=7 mode=0x1 lib=0x2 seq=0x1 odc=0x8b sts=0xe0 armed=1
1788558040.087534 [TRG] pulses=251 suppressed=3152 cyc=1600 rst=1 rstmode=0x40
1788558040.090868 [HLT] polls=532 faults=0x0 cfglost=0
1788558040.096615 [EFF] n=5 last=58512 min=58450 max=58515 late=0 stuck=0 rderr=0
1788558040.106861 [IMU] init=0 addr=0x68 who=0x68 rst=1 pmrb0=0x40 pmrb=0x1 sr=19 cfg=4 gcfg=0x0 acfg=0x8 icfg=0x30 ien=0x1 armed=1
1788558040.112280 [ACC] reads=26627 stale=26596 rderr=0 ax=61 ay=-64 az=1127
1788558040.114862 [PWR] pm=0x1 drift=0 rderr=0
1788558040.118867 [DWT] ok=1 cyc=2741992493 cyc_per_ms=800000
1788558041.134181 [HB] up_ms=589811 frames=26673 inf=26673 hazard=3403 canary_err=0 q=0 qovr=0
1788558041.145366 [I2C] init=0 gate=0 whoami=0x201e0 wr=0 wrseen=0x27 addr=0x5a ok=163793 err=0 tmo=0 recov=1 pclk1=200000000 sysclk=400000000
1788558041.146732 [NAK] nacks=0
1788558041.151233 [CLK] cpu=800000000 sysb=400000000 pclk1=200000000
1788558041.155729 [TOF] res=0 step=0 id=0xeacc blk=0xeacc10 ctl=0x0
1788558041.161607 [RNG] init=0 step=99 id=0xeacc boot=1 calls=93 xerr=0 dm=1 tb=15
1788558041.168730 [RNG] osc=41 imp=881 imprb=881 mstart=0x40 cfg=91 cfgfail=0x0 vhv=0 vpolls=0
1788558041.174859 [PRT] calls=106813 xerr=0 ler=1 lidx=0x0 perr=0 maxcnt=17 addr8=0x52
1788558041.178990 [RTY] wr=0 wmax=0 wref=0  rd=0 rmax=0 rref=0
1788558041.186854 [RNG] frames=26675 last=63 min=49 max=76 nrdy=0 dxfer=0 dstat=0 lst=0 nrdyerr=0 dclr=0
1788558041.193125 [DRV] init=0 id=7 mode=0x1 lib=0x2 seq=0x1 odc=0x8b sts=0xe0 armed=1
1788558041.198603 [TRG] pulses=251 suppressed=3152 cyc=1600 rst=1 rstmode=0x40
1788558041.201857 [HLT] polls=533 faults=0x0 cfglost=0
1788558041.207602 [EFF] n=5 last=58512 min=58450 max=58515 late=0 stuck=0 rderr=0
1788558041.217983 [IMU] init=0 addr=0x68 who=0x68 rst=1 pmrb0=0x40 pmrb=0x1 sr=19 cfg=4 gcfg=0x0 acfg=0x8 icfg=0x30 ien=0x1 armed=1
1788558041.223228 [ACC] reads=26677 stale=26646 rderr=0 ax=60 ay=-65 az=1128
1788558041.225985 [PWR] pm=0x1 drift=0 rderr=0
1788558041.229858 [DWT] ok=1 cyc=3623592469 cyc_per_ms=799999
1788558042.245142 [HB] up_ms=590913 frames=26723 inf=26723 hazard=3444 canary_err=0 q=0 qovr=0
1788558042.256476 [I2C] init=0 gate=0 whoami=0x201e0 wr=0 wrseen=0x27 addr=0x5a ok=164095 err=0 tmo=0 recov=1 pclk1=200000000 sysclk=400000000
1788558042.257731 [NAK] nacks=0
1788558042.262348 [CLK] cpu=800000000 sysb=400000000 pclk1=200000000
1788558042.266850 [TOF] res=0 step=0 id=0xeacc blk=0xeacc10 ctl=0x0
1788558042.272729 [RNG] init=0 step=99 id=0xeacc boot=1 calls=93 xerr=0 dm=1 tb=15
1788558042.279733 [RNG] osc=41 imp=881 imprb=881 mstart=0x40 cfg=91 cfgfail=0x0 vhv=0 vpolls=0
1788558042.286028 [PRT] calls=107013 xerr=0 ler=1 lidx=0x0 perr=0 maxcnt=17 addr8=0x52
1788558042.289969 [RTY] wr=0 wmax=0 wref=0  rd=0 rmax=0 rref=0
1788558042.297841 [RNG] frames=26725 last=73 min=49 max=76 nrdy=0 dxfer=0 dstat=0 lst=0 nrdyerr=0 dclr=0
1788558042.304123 [DRV] init=0 id=7 mode=0x1 lib=0x2 seq=0x1 odc=0x8b sts=0xe0 armed=1
1788558042.309624 [TRG] pulses=254 suppressed=3190 cyc=1600 rst=1 rstmode=0x40
1788558042.312983 [HLT] polls=534 faults=0x0 cfglost=0
1788558042.318720 [EFF] n=5 last=58512 min=58450 max=58515 late=0 stuck=0 rderr=0
1788558042.329115 [IMU] init=0 addr=0x68 who=0x68 rst=1 pmrb0=0x40 pmrb=0x1 sr=19 cfg=4 gcfg=0x0 acfg=0x8 icfg=0x30 ien=0x1 armed=1
1788558042.334373 [ACC] reads=26727 stale=26696 rderr=0 ax=60 ay=-63 az=1126
1788558042.337101 [PWR] pm=0x1 drift=0 rderr=0
1788558042.340973 [DWT] ok=1 cyc=210224893 cyc_per_ms=799999
1788558043.356977 [HB] up_ms=592015 frames=26773 inf=26773 hazard=3444 canary_err=0 q=0 qovr=0
1788558043.368273 [I2C] init=0 gate=0 whoami=0x201e0 wr=0 wrseen=0x27 addr=0x5a ok=164397 err=0 tmo=0 recov=1 pclk1=200000000 sysclk=400000000
1788558043.369634 [NAK] nacks=0
1788558043.374109 [CLK] cpu=800000000 sysb=400000000 pclk1=200000000
1788558043.378793 [TOF] res=0 step=0 id=0xeacc blk=0xeacc10 ctl=0x0
1788558043.384473 [RNG] init=0 step=99 id=0xeacc boot=1 calls=93 xerr=0 dm=1 tb=15
1788558043.391586 [RNG] osc=41 imp=881 imprb=881 mstart=0x40 cfg=91 cfgfail=0x0 vhv=0 vpolls=0
1788558043.397710 [PRT] calls=107213 xerr=0 ler=1 lidx=0x0 perr=0 maxcnt=17 addr8=0x52
1788558043.401836 [RTY] wr=0 wmax=0 wref=0  rd=0 rmax=0 rref=0
1788558043.409594 [RNG] frames=26775 last=59 min=49 max=76 nrdy=0 dxfer=0 dstat=0 lst=0 nrdyerr=0 dclr=0
1788558043.415969 [DRV] init=0 id=7 mode=0x1 lib=0x2 seq=0x1 odc=0x8b sts=0xe0 armed=1
1788558043.421467 [TRG] pulses=254 suppressed=3190 cyc=1600 rst=1 rstmode=0x40
1788558043.424843 [HLT] polls=535 faults=0x0 cfglost=0
1788558043.430598 [EFF] n=5 last=58512 min=58450 max=58515 late=0 stuck=0 rderr=0
1788558043.440844 [IMU] init=0 addr=0x68 who=0x68 rst=1 pmrb0=0x40 pmrb=0x1 sr=19 cfg=4 gcfg=0x0 acfg=0x8 icfg=0x30 ien=0x1 armed=1
1788558043.446213 [ACC] reads=26777 stale=26746 rderr=0 ax=59 ay=-64 az=1128
1788558043.448843 [PWR] pm=0x1 drift=0 rderr=0
1788558043.452843 [DWT] ok=1 cyc=1091824869 cyc_per_ms=799999
1788558044.468603 [HB] up_ms=593117 frames=26823 inf=26823 hazard=3444 canary_err=0 q=0 qovr=0
1788558044.479740 [I2C] init=0 gate=0 whoami=0x201e0 wr=0 wrseen=0x27 addr=0x5a ok=164699 err=0 tmo=0 recov=1 pclk1=200000000 sysclk=400000000
1788558044.481095 [NAK] nacks=0
1788558044.485827 [CLK] cpu=800000000 sysb=400000000 pclk1=200000000
1788558044.490334 [TOF] res=0 step=0 id=0xeacc blk=0xeacc10 ctl=0x0
1788558044.496099 [RNG] init=0 step=99 id=0xeacc boot=1 calls=93 xerr=0 dm=1 tb=15
1788558044.503119 [RNG] osc=41 imp=881 imprb=881 mstart=0x40 cfg=91 cfgfail=0x0 vhv=0 vpolls=0
1788558044.509469 [PRT] calls=107409 xerr=0 ler=1 lidx=0x0 perr=0 maxcnt=17 addr8=0x52
1788558044.513466 [RTY] wr=0 wmax=0 wref=0  rd=0 rmax=0 rref=0
1788558044.521209 [RNG] frames=26825 last=64 min=49 max=76 nrdy=0 dxfer=0 dstat=0 lst=0 nrdyerr=0 dclr=0
1788558044.527586 [DRV] init=0 id=7 mode=0x1 lib=0x2 seq=0x1 odc=0x8b sts=0xe0 armed=1
1788558044.533110 [TRG] pulses=254 suppressed=3190 cyc=1600 rst=1 rstmode=0x40
1788558044.536467 [HLT] polls=536 faults=0x0 cfglost=0
1788558044.542204 [EFF] n=5 last=58512 min=58450 max=58515 late=0 stuck=0 rderr=0
1788558044.552584 [IMU] init=0 addr=0x68 who=0x68 rst=1 pmrb0=0x40 pmrb=0x1 sr=19 cfg=4 gcfg=0x0 acfg=0x8 icfg=0x30 ien=0x1 armed=1
1788558044.557836 [ACC] reads=26827 stale=26796 rderr=0 ax=60 ay=-64 az=1128
1788558044.560462 [PWR] pm=0x1 drift=0 rderr=0
1788558044.564458 [DWT] ok=1 cyc=1973424881 cyc_per_ms=800000
1788558045.579455 [HB] up_ms=594219 frames=26873 inf=26873 hazard=3444 canary_err=0 q=0 qovr=0
1788558045.590584 [I2C] init=0 gate=0 whoami=0x201e0 wr=0 wrseen=0x27 addr=0x5a ok=165001 err=0 tmo=0 recov=1 pclk1=200000000 sysclk=400000000
1788558045.591939 [NAK] nacks=0
1788558045.596703 [CLK] cpu=800000000 sysb=400000000 pclk1=200000000
1788558045.601198 [TOF] res=0 step=0 id=0xeacc blk=0xeacc10 ctl=0x0
1788558045.607071 [RNG] init=0 step=99 id=0xeacc boot=1 calls=93 xerr=0 dm=1 tb=15
1788558045.613951 [RNG] osc=41 imp=881 imprb=881 mstart=0x40 cfg=91 cfgfail=0x0 vhv=0 vpolls=0
1788558045.620320 [PRT] calls=107609 xerr=0 ler=1 lidx=0x0 perr=0 maxcnt=17 addr8=0x52
1788558045.624319 [RTY] wr=0 wmax=0 wref=0  rd=0 rmax=0 rref=0
1788558045.632099 [RNG] frames=26875 last=62 min=49 max=76 nrdy=0 dxfer=0 dstat=0 lst=0 nrdyerr=0 dclr=0
1788558045.638328 [DRV] init=0 id=7 mode=0x1 lib=0x2 seq=0x1 odc=0x8b sts=0xe0 armed=1
1788558045.643950 [TRG] pulses=254 suppressed=3190 cyc=1600 rst=1 rstmode=0x40
1788558045.647324 [HLT] polls=537 faults=0x0 cfglost=0
1788558045.653093 [EFF] n=5 last=58512 min=58450 max=58515 late=0 stuck=0 rderr=0
1788558045.663323 [IMU] init=0 addr=0x68 who=0x68 rst=1 pmrb0=0x40 pmrb=0x1 sr=19 cfg=4 gcfg=0x0 acfg=0x8 icfg=0x30 ien=0x1 armed=1
1788558045.668710 [ACC] reads=26877 stale=26846 rderr=0 ax=58 ay=-64 az=1125
1788558045.671334 [PWR] pm=0x1 drift=0 rderr=0
1788558045.675324 [DWT] ok=1 cyc=2855025025 cyc_per_ms=800000
1788558046.691108 [HB] up_ms=595321 frames=26922 inf=26922 hazard=3444 canary_err=0 q=0 qovr=0
1788558046.702188 [I2C] init=0 gate=0 whoami=0x201e0 wr=0 wrseen=0x27 addr=0x5a ok=165303 err=0 tmo=0 recov=1 pclk1=200000000 sysclk=400000000
1788558046.703444 [NAK] nacks=0
1788558046.708188 [CLK] cpu=800000000 sysb=400000000 pclk1=200000000
1788558046.712813 [TOF] res=0 step=0 id=0xeacc blk=0xeacc10 ctl=0x0
1788558046.718570 [RNG] init=0 step=99 id=0xeacc boot=1 calls=93 xerr=0 dm=1 tb=15
1788558046.725572 [RNG] osc=41 imp=881 imprb=881 mstart=0x40 cfg=91 cfgfail=0x0 vhv=0 vpolls=0
1788558046.731823 [PRT] calls=107809 xerr=0 ler=1 lidx=0x0 perr=0 maxcnt=17 addr8=0x52
1788558046.735934 [RTY] wr=0 wmax=0 wref=0  rd=0 rmax=0 rref=0
1788558046.743757 [RNG] frames=26925 last=58 min=49 max=76 nrdy=0 dxfer=0 dstat=0 lst=0 nrdyerr=0 dclr=0
1788558046.749945 [DRV] init=0 id=7 mode=0x1 lib=0x2 seq=0x1 odc=0x8b sts=0xe0 armed=1
1788558046.755575 [TRG] pulses=254 suppressed=3190 cyc=1600 rst=1 rstmode=0x40
1788558046.758932 [HLT] polls=538 faults=0x0 cfglost=0
1788558046.764699 [EFF] n=5 last=58512 min=58450 max=58515 late=0 stuck=0 rderr=0
1788558046.774944 [IMU] init=0 addr=0x68 who=0x68 rst=1 pmrb0=0x40 pmrb=0x1 sr=19 cfg=4 gcfg=0x0 acfg=0x8 icfg=0x30 ien=0x1 armed=1
1788558046.780322 [ACC] reads=26926 stale=26895 rderr=0 ax=61 ay=-64 az=1125
1788558046.783061 [PWR] pm=0x1 drift=0 rderr=0
1788558046.786937 [DWT] ok=1 cyc=3736758207 cyc_per_ms=800120
1788558047.803568 [HB] up_ms=596424 frames=26972 inf=26972 hazard=3444 canary_err=0 q=0 qovr=0
1788558047.814684 [I2C] init=0 gate=0 whoami=0x201e0 wr=0 wrseen=0x27 addr=0x5a ok=165605 err=0 tmo=0 recov=1 pclk1=200000000 sysclk=400000000
1788558047.816064 [NAK] nacks=0
1788558047.820688 [CLK] cpu=800000000 sysb=400000000 pclk1=200000000
1788558047.825298 [TOF] res=0 step=0 id=0xeacc blk=0xeacc10 ctl=0x0
1788558047.831189 [RNG] init=0 step=99 id=0xeacc boot=1 calls=93 xerr=0 dm=1 tb=15
1788558047.838057 [RNG] osc=41 imp=881 imprb=881 mstart=0x40 cfg=91 cfgfail=0x0 vhv=0 vpolls=0
1788558047.844303 [PRT] calls=108009 xerr=0 ler=1 lidx=0x0 perr=0 maxcnt=17 addr8=0x52
1788558047.848425 [RTY] wr=0 wmax=0 wref=0  rd=0 rmax=0 rref=0
1788558047.856313 [RNG] frames=26975 last=60 min=49 max=76 nrdy=0 dxfer=0 dstat=0 lst=0 nrdyerr=0 dclr=0
1788558047.862437 [DRV] init=0 id=7 mode=0x1 lib=0x2 seq=0x1 odc=0x8b sts=0xe0 armed=1
1788558047.867926 [TRG] pulses=254 suppressed=3190 cyc=1600 rst=1 rstmode=0x40
1788558047.871434 [HLT] polls=539 faults=0x0 cfglost=0
1788558047.877182 [EFF] n=5 last=58512 min=58450 max=58515 late=0 stuck=0 rderr=0
1788558047.887452 [IMU] init=0 addr=0x68 who=0x68 rst=1 pmrb0=0x40 pmrb=0x1 sr=19 cfg=4 gcfg=0x0 acfg=0x8 icfg=0x30 ien=0x1 armed=1
1788558047.892816 [ACC] reads=26976 stale=26945 rderr=0 ax=60 ay=-64 az=1128
1788558047.895556 [PWR] pm=0x1 drift=0 rderr=0
1788558047.899431 [DWT] ok=1 cyc=324191779 cyc_per_ms=800000
1788558048.916062 [HB] up_ms=597527 frames=27022 inf=27022 hazard=3466 canary_err=0 q=0 qovr=0
1788558048.927176 [I2C] init=0 gate=0 whoami=0x201e0 wr=0 wrseen=0x27 addr=0x5a ok=165907 err=0 tmo=0 recov=1 pclk1=200000000 sysclk=400000000
1788558048.928543 [NAK] nacks=0
1788558048.933195 [CLK] cpu=800000000 sysb=400000000 pclk1=200000000
1788558048.937812 [TOF] res=0 step=0 id=0xeacc blk=0xeacc10 ctl=0x0
1788558048.943712 [RNG] init=0 step=99 id=0xeacc boot=1 calls=93 xerr=0 dm=1 tb=15
1788558048.950586 [RNG] osc=41 imp=881 imprb=881 mstart=0x40 cfg=91 cfgfail=0x0 vhv=0 vpolls=0
1788558048.956793 [PRT] calls=108209 xerr=0 ler=1 lidx=0x0 perr=0 maxcnt=17 addr8=0x52
1788558048.960927 [RTY] wr=0 wmax=0 wref=0  rd=0 rmax=0 rref=0
1788558048.968802 [RNG] frames=27024 last=62 min=49 max=76 nrdy=0 dxfer=0 dstat=0 lst=0 nrdyerr=0 dclr=0
1788558048.975053 [DRV] init=0 id=7 mode=0x1 lib=0x2 seq=0x1 odc=0x8b sts=0xe0 armed=1
1788558048.980549 [TRG] pulses=256 suppressed=3213 cyc=1600 rst=1 rstmode=0x40
1788558048.983923 [HLT] polls=540 faults=0x0 cfglost=0
1788558048.989801 [EFF] n=5 last=58512 min=58450 max=58515 late=0 stuck=0 rderr=0
1788558049.000009 [IMU] init=0 addr=0x68 who=0x68 rst=1 pmrb0=0x40 pmrb=0x1 sr=19 cfg=4 gcfg=0x0 acfg=0x8 icfg=0x30 ien=0x1 armed=1
1788558049.005349 [ACC] reads=27026 stale=26995 rderr=0 ax=61 ay=-64 az=1123
1788558049.008044 [PWR] pm=0x1 drift=0 rderr=0
1788558049.012047 [DWT] ok=1 cyc=1206584463 cyc_per_ms=799993
