[HB] up_ms=2393 frames=100 inf=100 hazard=0 canary_err=0 q=0 qovr=0
[I2C] init=0 gate=0 whoami=0x140e0 wr=0 wrseen=0x27 addr=0x5a ok=28 err=1 tmo=0 recov=0 pclk1=200000000 sysclk=400000000
[NAK] nacks=1
[CLK] cpu=800000000 sysb=400000000 pclk1=200000000
[TOF] res=-42 step=1 id=0xa5 blk=0x0 ctl=0x1ff
[DRV] init=0 id=7 mode=0x1 lib=0x2 seq=0x1 odc=0x8b sts=0xe0 armed=1
[TRG] pulses=0 suppressed=0 cyc=1600 rst=1 rstmode=0x40
[HLT] polls=2 faults=0x0 cfglost=0
[DWT] ok=1 cyc=1795172684 cyc_per_ms=800133
[HB] up_ms=3439 frames=143 inf=143 hazard=23 canary_err=0 q=0 qovr=0
[I2C] init=0 gate=0 whoami=0x140e0 wr=0 wrseen=0x27 addr=0x5a ok=1375 err=1 tmo=0 recov=0 pclk1=200000000 sysclk=400000000
[NAK] nacks=1
[CLK] cpu=800000000 sysb=400000000 pclk1=200000000
[TOF] res=-42 step=1 id=0xa5 blk=0x0 ctl=0x1ff
[DRV] init=0 id=7 mode=0x1 lib=0x2 seq=0x1 odc=0x8b sts=0xe0 armed=1
[TRG] pulses=3 suppressed=20 cyc=1600 rst=1 rstmode=0x40
[HLT] polls=2 faults=0x0 cfglost=0
[EFF] n=3 last=58645 min=58568 max=58645 late=0 stuck=0
[DWT] ok=1 cyc=2638505574 cyc_per_ms=806245
[HB] up_ms=4493 frames=189 inf=189 hazard=40 canary_err=0 q=0 qovr=0
[I2C] init=0 gate=0 whoami=0x140e0 wr=0 wrseen=0x27 addr=0x5a ok=2001 err=1 tmo=0 recov=0 pclk1=200000000 sysclk=400000000
[NAK] nacks=1
[CLK] cpu=800000000 sysb=400000000 pclk1=200000000
[TOF] res=-42 step=1 id=0xa5 blk=0x0 ctl=0x1ff
[DRV] init=0 id=7 mode=0x1 lib=0x2 seq=0x1 odc=0x8b sts=0xe0 armed=1
[TRG] pulses=4 suppressed=36 cyc=1600 rst=1 rstmode=0x40
[HLT] polls=3 faults=0x0 cfglost=0
[EFF] n=4 last=58568 min=58568 max=58645 late=0 stuck=0
[DWT] ok=1 cyc=3479452642 cyc_per_ms=797862
[HB] up_ms=5544 frames=239 inf=239 hazard=40 canary_err=0 q=0 qovr=0
[I2C] init=0 gate=0 whoami=0x140e0 wr=0 wrseen=0x27 addr=0x5a ok=2003 err=1 tmo=0 recov=0 pclk1=200000000 sysclk=400000000
[NAK] nacks=1
[CLK] cpu=800000000 sysb=400000000 pclk1=200000000
[TOF] res=-42 step=1 id=0xa5 blk=0x0 ctl=0x1ff
[DRV] init=0 id=7 mode=0x1 lib=0x2 seq=0x1 odc=0x8b sts=0xe0 armed=1
[TRG] pulses=4 suppressed=36 cyc=1600 rst=1 rstmode=0x40
[HLT] polls=4 faults=0x0 cfglost=0
[EFF] n=4 last=58568 min=58568 max=58645 late=0 stuck=0
[DWT] ok=1 cyc=25285414 cyc_per_ms=800000
[HB] up_ms=6595 frames=289 inf=289 hazard=40 canary_err=0 q=0 qovr=0
[I2C] init=0 gate=0 whoami=0x140e0 wr=0 wrseen=0x27 addr=0x5a ok=2005 err=1 tmo=0 recov=0 pclk1=200000000 sysclk=400000000
[NAK] nacks=1
[CLK] cpu=800000000 sysb=400000000 pclk1=200000000
[TOF] res=-42 step=1 id=0xa5 blk=0x0 ctl=0x1ff
[DRV] init=0 id=7 mode=0x1 lib=0x2 seq=0x1 odc=0x8b sts=0xe0 armed=1
[TRG] pulses=4 suppressed=36 cyc=1600 rst=1 rstmode=0x40
[HLT] polls=5 faults=0x0 cfglost=0
[EFF] n=4 last=58568 min=58568 max=58645 late=0 stuck=0
[DWT] ok=1 cyc=866085370 cyc_per_ms=799999
[HB] up_ms=7646 frames=339 inf=339 hazard=40 canary_err=0 q=0 qovr=0
[I2C] init=0 gate=0 whoami=0x140e0 wr=0 wrseen=0x27 addr=0x5a ok=2007 err=1 tmo=0 recov=0 pclk1=200000000 sysclk=400000000
[NAK] nacks=1
[CLK] cpu=800000000 sysb=400000000 pclk1=200000000
[TOF] res=-42 step=1 id=0xa5 blk=0x0 ctl=0x1ff
[DRV] init=0 id=7 mode=0x1 lib=0x2 seq=0x1 odc=0x8b sts=0xe0 armed=1
[TRG] pulses=4 suppressed=36 cyc=1600 rst=1 rstmode=0x40
[HLT] polls=6 faults=0x0 cfglost=0
[EFF] n=4 last=58568 min=58568 max=58645 late=0 stuck=0
[DWT] ok=1 cyc=1706885334 cyc_per_ms=799999
[HB] up_ms=8697 frames=389 inf=389 hazard=40 canary_err=0 q=0 qovr=0
[I2C] init=0 gate=0 whoami=0x140e0 wr=0 wrseen=0x27 addr=0x5a ok=2009 err=1 tmo=0 recov=0 pclk1=200000000 sysclk=400000000
[NAK] nacks=1
[CLK] cpu=800000000 sysb=400000000 pclk1=200000000
[TOF] res=-42 step=1 id=0xa5 blk=0x0 ctl=0x1ff
[DRV] init=0 id=7 mode=0x1 lib=0x2 seq=0x1 odc=0x8b sts=0xe0 armed=1
[TRG] pulses=4 suppressed=36 cyc=1600 rst=1 rstmode=0x40
[HLT] polls=7 faults=0x0 cfglost=0
[EFF] n=4 last=58568 min=58568 max=58645 late=0 stuck=0
[DWT] ok=1 cyc=2547685398 cyc_per_ms=800000
[HB] up_ms=9748 frames=439 inf=439 hazard=40 canary_err=0 q=0 qovr=0
[I2C] init=0 gate=0 whoami=0x140e0 wr=0 wrseen=0x27 addr=0x5a ok=2011 err=1 tmo=0 recov=0 pclk1=200000000 sysclk=400000000
[NAK] nacks=1
[CLK] cpu=800000000 sysb=400000000 pclk1=200000000
[TOF] res=-42 step=1 id=0xa5 blk=0x0 ctl=0x1ff
[DRV] init=0 id=7 mode=0x1 lib=0x2 seq=0x1 odc=0x8b sts=0xe0 armed=1
[TRG] pulses=4 suppressed=36 cyc=1600 rst=1 rstmode=0x40
[HLT] polls=8 faults=0x0 cfglost=0
[EFF] n=4 last=58568 min=58568 max=58645 late=0 stuck=0
[DWT] ok=1 cyc=3389618742 cyc_per_ms=801078
[HB] up_ms=10801 frames=486 inf=486 hazard=80 canary_err=0 q=0 qovr=0
[I2C] init=0 gate=0 whoami=0x140e0 wr=0 wrseen=0x27 addr=0x5a ok=2461 err=1 tmo=0 recov=0 pclk1=200000000 sysclk=400000000
[NAK] nacks=1
[CLK] cpu=800000000 sysb=400000000 pclk1=200000000
[TOF] res=-42 step=1 id=0xa5 blk=0x0 ctl=0x1ff
[DRV] init=0 id=7 mode=0x1 lib=0x2 seq=0x1 odc=0x8b sts=0xe0 armed=1
[TRG] pulses=8 suppressed=72 cyc=1600 rst=1 rstmode=0x40
[HLT] polls=9 faults=0x0 cfglost=0
[EFF] n=5 last=58500 min=58500 max=58645 late=0 stuck=0
[DWT] ok=1 cyc=4230955366 cyc_per_ms=798990
[HB] up_ms=11852 frames=536 inf=536 hazard=80 canary_err=0 q=0 qovr=0
[I2C] init=0 gate=0 whoami=0x140e0 wr=0 wrseen=0x27 addr=0x5a ok=2463 err=1 tmo=0 recov=0 pclk1=200000000 sysclk=400000000
[NAK] nacks=1
[CLK] cpu=800000000 sysb=400000000 pclk1=200000000
[TOF] res=-42 step=1 id=0xa5 blk=0x0 ctl=0x1ff
[DRV] init=0 id=7 mode=0x1 lib=0x2 seq=0x1 odc=0x8b sts=0xe0 armed=1
[TRG] pulses=8 suppressed=72 cyc=1600 rst=1 rstmode=0x40
[HLT] polls=10 faults=0x0 cfglost=0
[EFF] n=5 last=58500 min=58500 max=58645 late=0 stuck=0
[DWT] ok=1 cyc=776880050 cyc_per_ms=800087
[HB] up_ms=12903 frames=586 inf=586 hazard=80 canary_err=0 q=0 qovr=0
[I2C] init=0 gate=0 whoami=0x140e0 wr=0 wrseen=0x27 addr=0x5a ok=2465 err=1 tmo=0 recov=0 pclk1=200000000 sysclk=400000000
[NAK] nacks=1
[CLK] cpu=800000000 sysb=400000000 pclk1=200000000
[TOF] res=-42 step=1 id=0xa5 blk=0x0 ctl=0x1ff
[DRV] init=0 id=7 mode=0x1 lib=0x2 seq=0x1 odc=0x8b sts=0xe0 armed=1
[TRG] pulses=8 suppressed=72 cyc=1600 rst=1 rstmode=0x40
[HLT] polls=11 faults=0x0 cfglost=0
[EFF] n=5 last=58500 min=58500 max=58645 late=0 stuck=0
[DWT] ok=1 cyc=1617680066 cyc_per_ms=800000
[HB] up_ms=13954 frames=636 inf=636 hazard=80 canary_err=0 q=0 qovr=0
[I2C] init=0 gate=0 whoami=0x140e0 wr=0 wrseen=0x27 addr=0x5a ok=2467 err=1 tmo=0 recov=0 pclk1=200000000 sysclk=400000000
[NAK] nacks=1
[CLK] cpu=800000000 sysb=400000000 pclk1=200000000
[TOF] res=-42 step=1 id=0xa5 blk=0x0 ctl=0x1ff
[DRV] init=0 id=7 mode=0x1 lib=0x2 seq=0x1 odc=0x8b sts=0xe0 armed=1
[TRG] pulses=8 suppressed=72 cyc=1600 rst=1 rstmode=0x40
[HLT] polls=12 faults=0x0 cfglost=0
[EFF] n=5 last=58500 min=58500 max=58645 late=0 stuck=0
[DWT] ok=1 cyc=2458479966 cyc_per_ms=799999
[HB] up_ms=15005 frames=686 inf=686 hazard=80 canary_err=0 q=0 qovr=0
[I2C] init=0 gate=0 whoami=0x140e0 wr=0 wrseen=0x27 addr=0x5a ok=2469 err=1 tmo=0 recov=0 pclk1=200000000 sysclk=400000000
[NAK] nacks=1
[CLK] cpu=800000000 sysb=400000000 pclk1=200000000
[TOF] res=-42 step=1 id=0xa5 blk=0x0 ctl=0x1ff
[DRV] init=0 id=7 mode=0x1 lib=0x2 seq=0x1 odc=0x8b sts=0xe0 armed=1
[TRG] pulses=8 suppressed=72 cyc=1600 rst=1 rstmode=0x40
[HLT] polls=13 faults=0x0 cfglost=0
[EFF] n=5 last=58500 min=58500 max=58645 late=0 stuck=0
[DWT] ok=1 cyc=3299279986 cyc_per_ms=800000
[HB] up_ms=16056 frames=737 inf=737 hazard=80 canary_err=0 q=0 qovr=0
[I2C] init=0 gate=0 whoami=0x140e0 wr=0 wrseen=0x27 addr=0x5a ok=2471 err=1 tmo=0 recov=0 pclk1=200000000 sysclk=400000000
[NAK] nacks=1
[CLK] cpu=800000000 sysb=400000000 pclk1=200000000
[TOF] res=-42 step=1 id=0xa5 blk=0x0 ctl=0x1ff
[DRV] init=0 id=7 mode=0x1 lib=0x2 seq=0x1 odc=0x8b sts=0xe0 armed=1
[TRG] pulses=8 suppressed=72 cyc=1600 rst=1 rstmode=0x40
[HLT] polls=14 faults=0x0 cfglost=0
[EFF] n=5 last=58500 min=58500 max=58645 late=0 stuck=0
[DWT] ok=1 cyc=4140079274 cyc_per_ms=799999
[HB] up_ms=17107 frames=787 inf=787 hazard=107 canary_err=0 q=0 qovr=0
[I2C] init=0 gate=0 whoami=0x140e0 wr=0 wrseen=0x27 addr=0x5a ok=2473 err=1 tmo=0 recov=0 pclk1=200000000 sysclk=400000000
[NAK] nacks=1
[CLK] cpu=800000000 sysb=400000000 pclk1=200000000
[TOF] res=-42 step=1 id=0xa5 blk=0x0 ctl=0x1ff
[DRV] init=0 id=7 mode=0x1 lib=0x2 seq=0x1 odc=0x8b sts=0xe0 armed=1
[TRG] pulses=10 suppressed=98 cyc=1600 rst=1 rstmode=0x40
[HLT] polls=15 faults=0x0 cfglost=0
[EFF] n=5 last=58500 min=58500 max=58645 late=0 stuck=0
[DWT] ok=1 cyc=686034946 cyc_per_ms=800117
[HB] up_ms=18158 frames=837 inf=837 hazard=120 canary_err=0 q=0 qovr=0
[I2C] init=0 gate=0 whoami=0x140e0 wr=0 wrseen=0x27 addr=0x5a ok=2475 err=1 tmo=0 recov=0 pclk1=200000000 sysclk=400000000
[NAK] nacks=1
[CLK] cpu=800000000 sysb=400000000 pclk1=200000000
[TOF] res=-42 step=1 id=0xa5 blk=0x0 ctl=0x1ff
[DRV] init=0 id=7 mode=0x1 lib=0x2 seq=0x1 odc=0x8b sts=0xe0 armed=1
[TRG] pulses=11 suppressed=109 cyc=1600 rst=1 rstmode=0x40
[HLT] polls=16 faults=0x0 cfglost=0
[EFF] n=5 last=58500 min=58500 max=58645 late=0 stuck=0
[DWT] ok=1 cyc=1526900746 cyc_per_ms=800062
[HB] up_ms=19209 frames=887 inf=887 hazard=120 canary_err=0 q=0 qovr=0
[I2C] init=0 gate=0 whoami=0x140e0 wr=0 wrseen=0x27 addr=0x5a ok=2477 err=1 tmo=0 recov=0 pclk1=200000000 sysclk=400000000
[NAK] nacks=1
[CLK] cpu=800000000 sysb=400000000 pclk1=200000000
[TOF] res=-42 step=1 id=0xa5 blk=0x0 ctl=0x1ff
[DRV] init=0 id=7 mode=0x1 lib=0x2 seq=0x1 odc=0x8b sts=0xe0 armed=1
[TRG] pulses=11 suppressed=109 cyc=1600 rst=1 rstmode=0x40
[HLT] polls=17 faults=0x0 cfglost=0
[EFF] n=5 last=58500 min=58500 max=58645 late=0 stuck=0
[DWT] ok=1 cyc=2367700798 cyc_per_ms=800000
[HB] up_ms=20260 frames=937 inf=937 hazard=120 canary_err=0 q=0 qovr=0
[I2C] init=0 gate=0 whoami=0x140e0 wr=0 wrseen=0x27 addr=0x5a ok=2479 err=1 tmo=0 recov=0 pclk1=200000000 sysclk=400000000
[NAK] nacks=1
[CLK] cpu=800000000 sysb=400000000 pclk1=200000000
[TOF] res=-42 step=1 id=0xa5 blk=0x0 ctl=0x1ff
[DRV] init=0 id=7 mode=0x1 lib=0x2 seq=0x1 odc=0x8b sts=0xe0 armed=1
[TRG] pulses=11 suppressed=109 cyc=1600 rst=1 rstmode=0x40
[HLT] polls=18 faults=0x0 cfglost=0
[EFF] n=5 last=58500 min=58500 max=58645 late=0 stuck=0
[DWT] ok=1 cyc=3208500734 cyc_per_ms=799999
[HB] up_ms=21311 frames=987 inf=987 hazard=120 canary_err=0 q=0 qovr=0
[I2C] init=0 gate=0 whoami=0x140e0 wr=0 wrseen=0x27 addr=0x5a ok=2481 err=1 tmo=0 recov=0 pclk1=200000000 sysclk=400000000
[NAK] nacks=1
[CLK] cpu=800000000 sysb=400000000 pclk1=200000000
[TOF] res=-42 step=1 id=0xa5 blk=0x0 ctl=0x1ff
[DRV] init=0 id=7 mode=0x1 lib=0x2 seq=0x1 odc=0x8b sts=0xe0 armed=1
[TRG] pulses=11 suppressed=109 cyc=1600 rst=1 rstmode=0x40
[HLT] polls=19 faults=0x0 cfglost=0
[EFF] n=5 last=58500 min=58500 max=58645 late=0 stuck=0
[DWT] ok=1 cyc=4049300682 cyc_per_ms=799999
[HB] up_ms=22362 frames=1037 inf=1037 hazard=120 canary_err=0 q=0 qovr=0
[I2C] init=0 gate=0 whoami=0x140e0 wr=0 wrseen=0x27 addr=0x5a ok=2483 err=1 tmo=0 recov=0 pclk1=200000000 sysclk=400000000
[NAK] nacks=1
[CLK] cpu=800000000 sysb=400000000 pclk1=200000000
[TOF] res=-42 step=1 id=0xa5 blk=0x0 ctl=0x1ff
[DRV] init=0 id=7 mode=0x1 lib=0x2 seq=0x1 odc=0x8b sts=0xe0 armed=1
[TRG] pulses=11 suppressed=109 cyc=1600 rst=1 rstmode=0x40
[HLT] polls=20 faults=0x0 cfglost=0
[EFF] n=5 last=58500 min=58500 max=58645 late=0 stuck=0
[DWT] ok=1 cyc=595274172 cyc_per_ms=800133
[HB] up_ms=23414 frames=1087 inf=1087 hazard=127 canary_err=0 q=0 qovr=0
[I2C] init=0 gate=0 whoami=0x140e0 wr=0 wrseen=0x27 addr=0x5a ok=2485 err=1 tmo=0 recov=0 pclk1=200000000 sysclk=400000000
[NAK] nacks=1
[CLK] cpu=800000000 sysb=400000000 pclk1=200000000
[TOF] res=-42 step=1 id=0xa5 blk=0x0 ctl=0x1ff
[DRV] init=0 id=7 mode=0x1 lib=0x2 seq=0x1 odc=0x8b sts=0xe0 armed=1
[TRG] pulses=12 suppressed=116 cyc=1600 rst=1 rstmode=0x40
[HLT] polls=21 faults=0x0 cfglost=0
[EFF] n=5 last=58500 min=58500 max=58645 late=0 stuck=0
[DWT] ok=1 cyc=1436876036 cyc_per_ms=800001
[HB] up_ms=24466 frames=1137 inf=1137 hazard=160 canary_err=0 q=0 qovr=0
[I2C] init=0 gate=0 whoami=0x140e0 wr=0 wrseen=0x27 addr=0x5a ok=2487 err=1 tmo=0 recov=0 pclk1=200000000 sysclk=400000000
[NAK] nacks=1
[CLK] cpu=800000000 sysb=400000000 pclk1=200000000
[TOF] res=-42 step=1 id=0xa5 blk=0x0 ctl=0x1ff
[DRV] init=0 id=7 mode=0x1 lib=0x2 seq=0x1 odc=0x8b sts=0xe0 armed=1
[TRG] pulses=14 suppressed=146 cyc=1600 rst=1 rstmode=0x40
[HLT] polls=22 faults=0x0 cfglost=0
[EFF] n=5 last=58500 min=58500 max=58645 late=0 stuck=0
[DWT] ok=1 cyc=2278474196 cyc_per_ms=799998
[HB] up_ms=25518 frames=1187 inf=1187 hazard=160 canary_err=0 q=0 qovr=0
[I2C] init=0 gate=0 whoami=0x140e0 wr=0 wrseen=0x27 addr=0x5a ok=2489 err=1 tmo=0 recov=0 pclk1=200000000 sysclk=400000000
[NAK] nacks=1
[CLK] cpu=800000000 sysb=400000000 pclk1=200000000
[TOF] res=-42 step=1 id=0xa5 blk=0x0 ctl=0x1ff
[DRV] init=0 id=7 mode=0x1 lib=0x2 seq=0x1 odc=0x8b sts=0xe0 armed=1
[TRG] pulses=14 suppressed=146 cyc=1600 rst=1 rstmode=0x40
[HLT] polls=23 faults=0x0 cfglost=0
[EFF] n=5 last=58500 min=58500 max=58645 late=0 stuck=0
[DWT] ok=1 cyc=3120074124 cyc_per_ms=799999
[HB] up_ms=26570 frames=1237 inf=1237 hazard=160 canary_err=0 q=0 qovr=0
[I2C] init=0 gate=0 whoami=0x140e0 wr=0 wrseen=0x27 addr=0x5a ok=2491 err=1 tmo=0 recov=0 pclk1=200000000 sysclk=400000000
[NAK] nacks=1
[CLK] cpu=800000000 sysb=400000000 pclk1=200000000
[TOF] res=-42 step=1 id=0xa5 blk=0x0 ctl=0x1ff
[DRV] init=0 id=7 mode=0x1 lib=0x2 seq=0x1 odc=0x8b sts=0xe0 armed=1
[TRG] pulses=14 suppressed=146 cyc=1600 rst=1 rstmode=0x40
[HLT] polls=24 faults=0x0 cfglost=0
[EFF] n=5 last=58500 min=58500 max=58645 late=0 stuck=0
[DWT] ok=1 cyc=3961674224 cyc_per_ms=800000
[HB] up_ms=27622 frames=1287 inf=1287 hazard=160 canary_err=0 q=0 qovr=0
[I2C] init=0 gate=0 whoami=0x140e0 wr=0 wrseen=0x27 addr=0x5a ok=2493 err=1 tmo=0 recov=0 pclk1=200000000 sysclk=400000000
[NAK] nacks=1
[CLK] cpu=800000000 sysb=400000000 pclk1=200000000
[TOF] res=-42 step=1 id=0xa5 blk=0x0 ctl=0x1ff
[DRV] init=0 id=7 mode=0x1 lib=0x2 seq=0x1 odc=0x8b sts=0xe0 armed=1
[TRG] pulses=14 suppressed=146 cyc=1600 rst=1 rstmode=0x40
[HLT] polls=25 faults=0x0 cfglost=0
[EFF] n=5 last=58500 min=58500 max=58645 late=0 stuck=0
[DWT] ok=1 cyc=508328884 cyc_per_ms=800020
[HB] up_ms=28674 frames=1337 inf=1337 hazard=160 canary_err=0 q=0 qovr=0
[I2C] init=0 gate=0 whoami=0x140e0 wr=0 wrseen=0x27 addr=0x5a ok=2495 err=1 tmo=0 recov=0 pclk1=200000000 sysclk=400000000
[NAK] nacks=1
[CLK] cpu=800000000 sysb=400000000 pclk1=200000000
[TOF] res=-42 step=1 id=0xa5 blk=0x0 ctl=0x1ff
[DRV] init=0 id=7 mode=0x1 lib=0x2 seq=0x1 odc=0x8b sts=0xe0 armed=1
[TRG] pulses=14 suppressed=146 cyc=1600 rst=1 rstmode=0x40
[HLT] polls=26 faults=0x0 cfglost=0
[EFF] n=5 last=58500 min=58500 max=58645 late=0 stuck=0
[DWT] ok=1 cyc=1349928874 cyc_per_ms=799999
[HB] up_ms=29726 frames=1387 inf=1387 hazard=160 canary_err=0 q=0 qovr=0
[I2C] init=0 gate=0 whoami=0x140e0 wr=0 wrseen=0x27 addr=0x5a ok=2497 err=1 tmo=0 recov=0 pclk1=200000000 sysclk=400000000
[NAK] nacks=1
[CLK] cpu=800000000 sysb=400000000 pclk1=200000000
[TOF] res=-42 step=1 id=0xa5 blk=0x0 ctl=0x1ff
[DRV] init=0 id=7 mode=0x1 lib=0x2 seq=0x1 odc=0x8b sts=0xe0 armed=1
[TRG] pulses=14 suppressed=146 cyc=1600 rst=1 rstmode=0x40
[HLT] polls=27 faults=0x0 cfglost=0
[EFF] n=5 last=58500 min=58500 max=58645 late=0 stuck=0
[DWT] ok=1 cyc=2191528866 cyc_per_ms=799999
[HB] up_ms=30778 frames=1438 inf=1438 hazard=198 canary_err=0 q=0 qovr=0
[I2C] init=0 gate=0 whoami=0x140e0 wr=0 wrseen=0x27 addr=0x5a ok=2499 err=1 tmo=0 recov=0 pclk1=200000000 sysclk=400000000
[NAK] nacks=1
[CLK] cpu=800000000 sysb=400000000 pclk1=200000000
[TOF] res=-42 step=1 id=0xa5 blk=0x0 ctl=0x1ff
[DRV] init=0 id=7 mode=0x1 lib=0x2 seq=0x1 odc=0x8b sts=0xe0 armed=1
[TRG] pulses=17 suppressed=182 cyc=1600 rst=1 rstmode=0x40
[HLT] polls=28 faults=0x0 cfglost=0
[EFF] n=5 last=58500 min=58500 max=58645 late=0 stuck=0
[DWT] ok=1 cyc=3033108708 cyc_per_ms=799980
[HB] up_ms=31830 frames=1488 inf=1488 hazard=200 canary_err=0 q=0 qovr=0
[I2C] init=0 gate=0 whoami=0x140e0 wr=0 wrseen=0x27 addr=0x5a ok=2501 err=1 tmo=0 recov=0 pclk1=200000000 sysclk=400000000
[NAK] nacks=1
[CLK] cpu=800000000 sysb=400000000 pclk1=200000000
[TOF] res=-42 step=1 id=0xa5 blk=0x0 ctl=0x1ff
[DRV] init=0 id=7 mode=0x1 lib=0x2 seq=0x1 odc=0x8b sts=0xe0 armed=1
[TRG] pulses=17 suppressed=183 cyc=1600 rst=1 rstmode=0x40
[HLT] polls=29 faults=0x0 cfglost=0
[EFF] n=5 last=58500 min=58500 max=58645 late=0 stuck=0
[DWT] ok=1 cyc=3874706876 cyc_per_ms=799998
[HB] up_ms=32882 frames=1538 inf=1538 hazard=200 canary_err=0 q=0 qovr=0
[I2C] init=0 gate=0 whoami=0x140e0 wr=0 wrseen=0x27 addr=0x5a ok=2503 err=1 tmo=0 recov=0 pclk1=200000000 sysclk=400000000
[NAK] nacks=1
[CLK] cpu=800000000 sysb=400000000 pclk1=200000000
[TOF] res=-42 step=1 id=0xa5 blk=0x0 ctl=0x1ff
[DRV] init=0 id=7 mode=0x1 lib=0x2 seq=0x1 odc=0x8b sts=0xe0 armed=1
[TRG] pulses=17 suppressed=183 cyc=1600 rst=1 rstmode=0x40
[HLT] polls=30 faults=0x0 cfglost=0
[EFF] n=5 last=58500 min=58500 max=58645 late=0 stuck=0
[DWT] ok=1 cyc=421339620 cyc_per_ms=800000
[HB] up_ms=33934 frames=1588 inf=1588 hazard=200 canary_err=0 q=0 qovr=0
[I2C] init=0 gate=0 whoami=0x140e0 wr=0 wrseen=0x27 addr=0x5a ok=2505 err=1 tmo=0 recov=0 pclk1=200000000 sysclk=400000000
[NAK] nacks=1
[CLK] cpu=800000000 sysb=400000000 pclk1=200000000
[TOF] res=-42 step=1 id=0xa5 blk=0x0 ctl=0x1ff
[DRV] init=0 id=7 mode=0x1 lib=0x2 seq=0x1 odc=0x8b sts=0xe0 armed=1
[TRG] pulses=17 suppressed=183 cyc=1600 rst=1 rstmode=0x40
[HLT] polls=31 faults=0x0 cfglost=0
[EFF] n=5 last=58500 min=58500 max=58645 late=0 stuck=0
[DWT] ok=1 cyc=1262939560 cyc_per_ms=799999
[HB] up_ms=34986 frames=1638 inf=1638 hazard=200 canary_err=0 q=0 qovr=0
[I2C] init=0 gate=0 whoami=0x140e0 wr=0 wrseen=0x27 addr=0x5a ok=2507 err=1 tmo=0 recov=0 pclk1=200000000 sysclk=400000000
[NAK] nacks=1
[CLK] cpu=800000000 sysb=400000000 pclk1=200000000
[TOF] res=-42 step=1 id=0xa5 blk=0x0 ctl=0x1ff
[DRV] init=0 id=7 mode=0x1 lib=0x2 seq=0x1 odc=0x8b sts=0xe0 armed=1
[TRG] pulses=17 suppressed=183 cyc=1600 rst=1 rstmode=0x40
[HLT] polls=32 faults=0x0 cfglost=0
[EFF] n=5 last=58500 min=58500 max=58645 late=0 stuck=0
[DWT] ok=1 cyc=2104539600 cyc_per_ms=800000
[HB] up_ms=36038 frames=1688 inf=1688 hazard=200 canary_err=0 q=0 qovr=0
[I2C] init=0 gate=0 whoami=0x140e0 wr=0 wrseen=0x27 addr=0x5a ok=2509 err=1 tmo=0 recov=0 pclk1=200000000 sysclk=400000000
[NAK] nacks=1
[CLK] cpu=800000000 sysb=400000000 pclk1=200000000
[TOF] res=-42 step=1 id=0xa5 blk=0x0 ctl=0x1ff
[DRV] init=0 id=7 mode=0x1 lib=0x2 seq=0x1 odc=0x8b sts=0xe0 armed=1
[TRG] pulses=17 suppressed=183 cyc=1600 rst=1 rstmode=0x40
[HLT] polls=33 faults=0x0 cfglost=0
[EFF] n=5 last=58500 min=58500 max=58645 late=0 stuck=0
[DWT] ok=1 cyc=2946139628 cyc_per_ms=800000
[HB] up_ms=37090 frames=1738 inf=1738 hazard=218 canary_err=0 q=0 qovr=0
[I2C] init=0 gate=0 whoami=0x140e0 wr=0 wrseen=0x27 addr=0x5a ok=2511 err=1 tmo=0 recov=0 pclk1=200000000 sysclk=400000000
[NAK] nacks=1
[CLK] cpu=800000000 sysb=400000000 pclk1=200000000
[TOF] res=-42 step=1 id=0xa5 blk=0x0 ctl=0x1ff
[DRV] init=0 id=7 mode=0x1 lib=0x2 seq=0x1 odc=0x8b sts=0xe0 armed=1
[TRG] pulses=19 suppressed=201 cyc=1600 rst=1 rstmode=0x40
[HLT] polls=34 faults=0x0 cfglost=0
[EFF] n=5 last=58500 min=58500 max=58645 late=0 stuck=0
[DWT] ok=1 cyc=3787741424 cyc_per_ms=800001
[HB] up_ms=38142 frames=1788 inf=1788 hazard=240 canary_err=0 q=0 qovr=0
[I2C] init=0 gate=0 whoami=0x140e0 wr=0 wrseen=0x27 addr=0x5a ok=2513 err=1 tmo=0 recov=0 pclk1=200000000 sysclk=400000000
[NAK] nacks=1
[CLK] cpu=800000000 sysb=400000000 pclk1=200000000
[TOF] res=-42 step=1 id=0xa5 blk=0x0 ctl=0x1ff
[DRV] init=0 id=7 mode=0x1 lib=0x2 seq=0x1 odc=0x8b sts=0xe0 armed=1
[TRG] pulses=20 suppressed=220 cyc=1600 rst=1 rstmode=0x40
[HLT] polls=35 faults=0x0 cfglost=0
[EFF] n=5 last=58500 min=58500 max=58645 late=0 stuck=0
[DWT] ok=1 cyc=334372240 cyc_per_ms=799998
[HB] up_ms=39194 frames=1838 inf=1838 hazard=240 canary_err=0 q=0 qovr=0
[I2C] init=0 gate=0 whoami=0x140e0 wr=0 wrseen=0x27 addr=0x5a ok=2515 err=1 tmo=0 recov=0 pclk1=200000000 sysclk=400000000
[NAK] nacks=1
[CLK] cpu=800000000 sysb=400000000 pclk1=200000000
[TOF] res=-42 step=1 id=0xa5 blk=0x0 ctl=0x1ff
[DRV] init=0 id=7 mode=0x1 lib=0x2 seq=0x1 odc=0x8b sts=0xe0 armed=1
[TRG] pulses=20 suppressed=220 cyc=1600 rst=1 rstmode=0x40
[HLT] polls=36 faults=0x0 cfglost=0
[EFF] n=5 last=58500 min=58500 max=58645 late=0 stuck=0
[DWT] ok=1 cyc=1175994202 cyc_per_ms=800020
[HB] up_ms=40246 frames=1888 inf=1888 hazard=240 canary_err=0 q=0 qovr=0
[I2C] init=0 gate=0 whoami=0x140e0 wr=0 wrseen=0x27 addr=0x5a ok=2517 err=1 tmo=0 recov=0 pclk1=200000000 sysclk=400000000
[NAK] nacks=1
[CLK] cpu=800000000 sysb=400000000 pclk1=200000000
[TOF] res=-42 step=1 id=0xa5 blk=0x0 ctl=0x1ff
[DRV] init=0 id=7 mode=0x1 lib=0x2 seq=0x1 odc=0x8b sts=0xe0 armed=1
[TRG] pulses=20 suppressed=220 cyc=1600 rst=1 rstmode=0x40
[HLT] polls=37 faults=0x0 cfglost=0
[EFF] n=5 last=58500 min=58500 max=58645 late=0 stuck=0
[DWT] ok=1 cyc=2017594194 cyc_per_ms=799999
[HB] up_ms=41298 frames=1939 inf=1939 hazard=240 canary_err=0 q=0 qovr=0
[I2C] init=0 gate=0 whoami=0x140e0 wr=0 wrseen=0x27 addr=0x5a ok=2519 err=1 tmo=0 recov=0 pclk1=200000000 sysclk=400000000
[NAK] nacks=1
[CLK] cpu=800000000 sysb=400000000 pclk1=200000000
[TOF] res=-42 step=1 id=0xa5 blk=0x0 ctl=0x1ff
[DRV] init=0 id=7 mode=0x1 lib=0x2 seq=0x1 odc=0x8b sts=0xe0 armed=1
[TRG] pulses=20 suppressed=220 cyc=1600 rst=1 rstmode=0x40
[HLT] polls=38 faults=0x0 cfglost=0
[EFF] n=5 last=58500 min=58500 max=58645 late=0 stuck=0
[DWT] ok=1 cyc=2859193546 cyc_per_ms=799999
[HB] up_ms=42350 frames=1989 inf=1989 hazard=240 canary_err=0 q=0 qovr=0
[I2C] init=0 gate=0 whoami=0x140e0 wr=0 wrseen=0x27 addr=0x5a ok=2521 err=1 tmo=0 recov=0 pclk1=200000000 sysclk=400000000
[NAK] nacks=1
[CLK] cpu=800000000 sysb=400000000 pclk1=200000000
[TOF] res=-42 step=1 id=0xa5 blk=0x0 ctl=0x1ff
[DRV] init=0 id=7 mode=0x1 lib=0x2 seq=0x1 odc=0x8b sts=0xe0 armed=1
[TRG] pulses=20 suppressed=220 cyc=1600 rst=1 rstmode=0x40
[HLT] polls=39 faults=0x0 cfglost=0
[EFF] n=5 last=58500 min=58500 max=58645 late=0 stuck=0
[DWT] ok=1 cyc=3700772268 cyc_per_ms=799979
[HB] up_ms=43402 frames=2039 inf=2039 hazard=240 canary_err=0 q=0 qovr=0
[I2C] init=0 gate=0 whoami=0x140e0 wr=0 wrseen=0x27 addr=0x5a ok=2523 err=1 tmo=0 recov=0 pclk1=200000000 sysclk=400000000
[NAK] nacks=1
[CLK] cpu=800000000 sysb=400000000 pclk1=200000000
[TOF] res=-42 step=1 id=0xa5 blk=0x0 ctl=0x1ff
[DRV] init=0 id=7 mode=0x1 lib=0x2 seq=0x1 odc=0x8b sts=0xe0 armed=1
[TRG] pulses=20 suppressed=220 cyc=1600 rst=1 rstmode=0x40
[HLT] polls=40 faults=0x0 cfglost=0
[EFF] n=5 last=58500 min=58500 max=58645 late=0 stuck=0
[DWT] ok=1 cyc=247408324 cyc_per_ms=800003
[HB] up_ms=44454 frames=2089 inf=2089 hazard=280 canary_err=0 q=0 qovr=0
[I2C] init=0 gate=0 whoami=0x140e0 wr=0 wrseen=0x27 addr=0x5a ok=2525 err=1 tmo=0 recov=0 pclk1=200000000 sysclk=400000000
[NAK] nacks=1
[CLK] cpu=800000000 sysb=400000000 pclk1=200000000
[TOF] res=-42 step=1 id=0xa5 blk=0x0 ctl=0x1ff
[DRV] init=0 id=7 mode=0x1 lib=0x2 seq=0x1 odc=0x8b sts=0xe0 armed=1
[TRG] pulses=23 suppressed=257 cyc=1600 rst=1 rstmode=0x40
[HLT] polls=41 faults=0x0 cfglost=0
[EFF] n=5 last=58500 min=58500 max=58645 late=0 stuck=0
[DWT] ok=1 cyc=1089005024 cyc_per_ms=799996
[HB] up_ms=45506 frames=2139 inf=2139 hazard=280 canary_err=0 q=0 qovr=0
[I2C] init=0 gate=0 whoami=0x140e0 wr=0 wrseen=0x27 addr=0x5a ok=2527 err=1 tmo=0 recov=0 pclk1=200000000 sysclk=400000000
[NAK] nacks=1
[CLK] cpu=800000000 sysb=400000000 pclk1=200000000
[TOF] res=-42 step=1 id=0xa5 blk=0x0 ctl=0x1ff
[DRV] init=0 id=7 mode=0x1 lib=0x2 seq=0x1 odc=0x8b sts=0xe0 armed=1
[TRG] pulses=23 suppressed=257 cyc=1600 rst=1 rstmode=0x40
[HLT] polls=42 faults=0x0 cfglost=0
[EFF] n=5 last=58500 min=58500 max=58645 late=0 stuck=0
[DWT] ok=1 cyc=1930604948 cyc_per_ms=799999
[HB] up_ms=46558 frames=2189 inf=2189 hazard=280 canary_err=0 q=0 qovr=0
[I2C] init=0 gate=0 whoami=0x140e0 wr=0 wrseen=0x27 addr=0x5a ok=2529 err=1 tmo=0 recov=0 pclk1=200000000 sysclk=400000000
[NAK] nacks=1
[CLK] cpu=800000000 sysb=400000000 pclk1=200000000
[TOF] res=-42 step=1 id=0xa5 blk=0x0 ctl=0x1ff
[DRV] init=0 id=7 mode=0x1 lib=0x2 seq=0x1 odc=0x8b sts=0xe0 armed=1
[TRG] pulses=23 suppressed=257 cyc=1600 rst=1 rstmode=0x40
[HLT] polls=43 faults=0x0 cfglost=0
[EFF] n=5 last=58500 min=58500 max=58645 late=0 stuck=0
[DWT] ok=1 cyc=2772204988 cyc_per_ms=800000
[HB] up_ms=47610 frames=2239 inf=2239 hazard=280 canary_err=0 q=0 qovr=0
[I2C] init=0 gate=0 whoami=0x140e0 wr=0 wrseen=0x27 addr=0x5a ok=2531 err=1 tmo=0 recov=0 pclk1=200000000 sysclk=400000000
[NAK] nacks=1
[CLK] cpu=800000000 sysb=400000000 pclk1=200000000
[TOF] res=-42 step=1 id=0xa5 blk=0x0 ctl=0x1ff
[DRV] init=0 id=7 mode=0x1 lib=0x2 seq=0x1 odc=0x8b sts=0xe0 armed=1
[TRG] pulses=23 suppressed=257 cyc=1600 rst=1 rstmode=0x40
[HLT] polls=44 faults=0x0 cfglost=0
[EFF] n=5 last=58500 min=58500 max=58645 late=0 stuck=0
[DWT] ok=1 cyc=3613805036 cyc_per_ms=800000
[HB] up_ms=48662 frames=2289 inf=2289 hazard=280 canary_err=0 q=0 qovr=0
[I2C] init=0 gate=0 whoami=0x140e0 wr=0 wrseen=0x27 addr=0x5a ok=2533 err=1 tmo=0 recov=0 pclk1=200000000 sysclk=400000000
[NAK] nacks=1
[CLK] cpu=800000000 sysb=400000000 pclk1=200000000
[TOF] res=-42 step=1 id=0xa5 blk=0x0 ctl=0x1ff
[DRV] init=0 id=7 mode=0x1 lib=0x2 seq=0x1 odc=0x8b sts=0xe0 armed=1
[TRG] pulses=23 suppressed=257 cyc=1600 rst=1 rstmode=0x40
[HLT] polls=45 faults=0x0 cfglost=0
[EFF] n=5 last=58500 min=58500 max=58645 late=0 stuck=0
[DWT] ok=1 cyc=160437736 cyc_per_ms=799999
[HB] up_ms=49714 frames=2339 inf=2339 hazard=280 canary_err=0 q=0 qovr=0
[I2C] init=0 gate=0 whoami=0x140e0 wr=0 wrseen=0x27 addr=0x5a ok=2535 err=1 tmo=0 recov=0 pclk1=200000000 sysclk=400000000
[NAK] nacks=1
[CLK] cpu=800000000 sysb=400000000 pclk1=200000000
[TOF] res=-42 step=1 id=0xa5 blk=0x0 ctl=0x1ff
[DRV] init=0 id=7 mode=0x1 lib=0x2 seq=0x1 odc=0x8b sts=0xe0 armed=1
[TRG] pulses=23 suppressed=257 cyc=1600 rst=1 rstmode=0x40
[HLT] polls=46 faults=0x0 cfglost=0
[EFF] n=5 last=58500 min=58500 max=58645 late=0 stuck=0
[DWT] ok=1 cyc=1002059684 cyc_per_ms=800020
[HB] up_ms=50766 frames=2389 inf=2389 hazard=309 canary_err=0 q=0 qovr=0
[I2C] init=0 gate=0 whoami=0x140e0 wr=0 wrseen=0x27 addr=0x5a ok=2537 err=1 tmo=0 recov=0 pclk1=200000000 sysclk=400000000
[NAK] nacks=1
[CLK] cpu=800000000 sysb=400000000 pclk1=200000000
[TOF] res=-42 step=1 id=0xa5 blk=0x0 ctl=0x1ff
[DRV] init=0 id=7 mode=0x1 lib=0x2 seq=0x1 odc=0x8b sts=0xe0 armed=1
[TRG] pulses=26 suppressed=285 cyc=1600 rst=1 rstmode=0x40
[HLT] polls=47 faults=0x0 cfglost=0
[EFF] n=5 last=58500 min=58500 max=58645 late=0 stuck=0
[DWT] ok=1 cyc=1843662374 cyc_per_ms=800002
[HB] up_ms=51818 frames=2439 inf=2439 hazard=320 canary_err=0 q=0 qovr=0
[I2C] init=0 gate=0 whoami=0x140e0 wr=0 wrseen=0x27 addr=0x5a ok=2539 err=1 tmo=0 recov=0 pclk1=200000000 sysclk=400000000
[NAK] nacks=1
[CLK] cpu=800000000 sysb=400000000 pclk1=200000000
[TOF] res=-42 step=1 id=0xa5 blk=0x0 ctl=0x1ff
[DRV] init=0 id=7 mode=0x1 lib=0x2 seq=0x1 odc=0x8b sts=0xe0 armed=1
[TRG] pulses=26 suppressed=294 cyc=1600 rst=1 rstmode=0x40
[HLT] polls=48 faults=0x0 cfglost=0
[EFF] n=5 last=58500 min=58500 max=58645 late=0 stuck=0
[DWT] ok=1 cyc=2685259658 cyc_per_ms=799997
[HB] up_ms=52870 frames=2490 inf=2490 hazard=320 canary_err=0 q=0 qovr=0
[I2C] init=0 gate=0 whoami=0x140e0 wr=0 wrseen=0x27 addr=0x5a ok=2541 err=1 tmo=0 recov=0 pclk1=200000000 sysclk=400000000
[NAK] nacks=1
[CLK] cpu=800000000 sysb=400000000 pclk1=200000000
[TOF] res=-42 step=1 id=0xa5 blk=0x0 ctl=0x1ff
[DRV] init=0 id=7 mode=0x1 lib=0x2 seq=0x1 odc=0x8b sts=0xe0 armed=1
[TRG] pulses=26 suppressed=294 cyc=1600 rst=1 rstmode=0x40
[HLT] polls=49 faults=0x0 cfglost=0
[EFF] n=5 last=58500 min=58500 max=58645 late=0 stuck=0
[DWT] ok=1 cyc=3526837644 cyc_per_ms=799979
[HB] up_ms=53922 frames=2540 inf=2540 hazard=320 canary_err=0 q=0 qovr=0
[I2C] init=0 gate=0 whoami=0x140e0 wr=0 wrseen=0x27 addr=0x5a ok=2543 err=1 tmo=0 recov=0 pclk1=200000000 sysclk=400000000
[NAK] nacks=1
[CLK] cpu=800000000 sysb=400000000 pclk1=200000000
[TOF] res=-42 step=1 id=0xa5 blk=0x0 ctl=0x1ff
[DRV] init=0 id=7 mode=0x1 lib=0x2 seq=0x1 odc=0x8b sts=0xe0 armed=1
[TRG] pulses=26 suppressed=294 cyc=1600 rst=1 rstmode=0x40
[HLT] polls=50 faults=0x0 cfglost=0
[EFF] n=5 last=58500 min=58500 max=58645 late=0 stuck=0
[DWT] ok=1 cyc=73470392 cyc_per_ms=800000
[HB] up_ms=54973 frames=2590 inf=2590 hazard=320 canary_err=0 q=0 qovr=0
[I2C] init=0 gate=0 whoami=0x140e0 wr=0 wrseen=0x27 addr=0x5a ok=2545 err=1 tmo=0 recov=0 pclk1=200000000 sysclk=400000000
[NAK] nacks=1
[CLK] cpu=800000000 sysb=400000000 pclk1=200000000
[TOF] res=-42 step=1 id=0xa5 blk=0x0 ctl=0x1ff
[DRV] init=0 id=7 mode=0x1 lib=0x2 seq=0x1 odc=0x8b sts=0xe0 armed=1
[TRG] pulses=26 suppressed=294 cyc=1600 rst=1 rstmode=0x40
[HLT] polls=51 faults=0x0 cfglost=0
[EFF] n=5 last=58500 min=58500 max=58645 late=0 stuck=0
[DWT] ok=1 cyc=914270440 cyc_per_ms=800000
[HB] up_ms=56025 frames=2640 inf=2640 hazard=320 canary_err=0 q=0 qovr=0
[I2C] init=0 gate=0 whoami=0x140e0 wr=0 wrseen=0x27 addr=0x5a ok=2547 err=1 tmo=0 recov=0 pclk1=200000000 sysclk=400000000
[NAK] nacks=1
[CLK] cpu=800000000 sysb=400000000 pclk1=200000000
[TOF] res=-42 step=1 id=0xa5 blk=0x0 ctl=0x1ff
[DRV] init=0 id=7 mode=0x1 lib=0x2 seq=0x1 odc=0x8b sts=0xe0 armed=1
[TRG] pulses=26 suppressed=294 cyc=1600 rst=1 rstmode=0x40
[HLT] polls=52 faults=0x0 cfglost=0
[EFF] n=5 last=58500 min=58500 max=58645 late=0 stuck=0
[DWT] ok=1 cyc=1755870376 cyc_per_ms=799999
[HB] up_ms=57077 frames=2690 inf=2690 hazard=330 canary_err=0 q=0 qovr=0
[I2C] init=0 gate=0 whoami=0x140e0 wr=0 wrseen=0x27 addr=0x5a ok=2549 err=1 tmo=0 recov=0 pclk1=200000000 sysclk=400000000
[NAK] nacks=1
[CLK] cpu=800000000 sysb=400000000 pclk1=200000000
[TOF] res=-42 step=1 id=0xa5 blk=0x0 ctl=0x1ff
[DRV] init=0 id=7 mode=0x1 lib=0x2 seq=0x1 odc=0x8b sts=0xe0 armed=1
[TRG] pulses=27 suppressed=304 cyc=1600 rst=1 rstmode=0x40
[HLT] polls=53 faults=0x0 cfglost=0
[EFF] n=5 last=58500 min=58500 max=58645 late=0 stuck=0
[DWT] ok=1 cyc=2597472176 cyc_per_ms=800001
[HB] up_ms=58129 frames=2740 inf=2740 hazard=360 canary_err=0 q=0 qovr=0
[I2C] init=0 gate=0 whoami=0x140e0 wr=0 wrseen=0x27 addr=0x5a ok=2551 err=1 tmo=0 recov=0 pclk1=200000000 sysclk=400000000
[NAK] nacks=1
[CLK] cpu=800000000 sysb=400000000 pclk1=200000000
[TOF] res=-42 step=1 id=0xa5 blk=0x0 ctl=0x1ff
[DRV] init=0 id=7 mode=0x1 lib=0x2 seq=0x1 odc=0x8b sts=0xe0 armed=1
[TRG] pulses=29 suppressed=331 cyc=1600 rst=1 rstmode=0x40
[HLT] polls=54 faults=0x0 cfglost=0
[EFF] n=5 last=58500 min=58500 max=58645 late=0 stuck=0
[DWT] ok=1 cyc=3439070420 cyc_per_ms=799998
[HB] up_ms=59181 frames=2790 inf=2790 hazard=360 canary_err=0 q=0 qovr=0
[I2C] init=0 gate=0 whoami=0x140e0 wr=0 wrseen=0x27 addr=0x5a ok=2553 err=1 tmo=0 recov=0 pclk1=200000000 sysclk=400000000
[NAK] nacks=1
[CLK] cpu=800000000 sysb=400000000 pclk1=200000000
[TOF] res=-42 step=1 id=0xa5 blk=0x0 ctl=0x1ff
[DRV] init=0 id=7 mode=0x1 lib=0x2 seq=0x1 odc=0x8b sts=0xe0 armed=1
[TRG] pulses=29 suppressed=331 cyc=1600 rst=1 rstmode=0x40
[HLT] polls=55 faults=0x0 cfglost=0
[EFF] n=5 last=58500 min=58500 max=58645 late=0 stuck=0
[DWT] ok=1 cyc=4280670356 cyc_per_ms=799999
[HB] up_ms=60233 frames=2840 inf=2840 hazard=360 canary_err=0 q=0 qovr=0
[I2C] init=0 gate=0 whoami=0x140e0 wr=0 wrseen=0x27 addr=0x5a ok=2555 err=1 tmo=0 recov=0 pclk1=200000000 sysclk=400000000
[NAK] nacks=1
[CLK] cpu=800000000 sysb=400000000 pclk1=200000000
[TOF] res=-42 step=1 id=0xa5 blk=0x0 ctl=0x1ff
[DRV] init=0 id=7 mode=0x1 lib=0x2 seq=0x1 odc=0x8b sts=0xe0 armed=1
[TRG] pulses=29 suppressed=331 cyc=1600 rst=1 rstmode=0x40
[HLT] polls=56 faults=0x0 cfglost=0
[EFF] n=5 last=58500 min=58500 max=58645 late=0 stuck=0
[DWT] ok=1 cyc=827303056 cyc_per_ms=799999
[HB] up_ms=61285 frames=2890 inf=2890 hazard=360 canary_err=0 q=0 qovr=0
[I2C] init=0 gate=0 whoami=0x140e0 wr=0 wrseen=0x27 addr=0x5a ok=2557 err=1 tmo=0 recov=0 pclk1=200000000 sysclk=400000000
[NAK] nacks=1
[CLK] cpu=800000000 sysb=400000000 pclk1=200000000
[TOF] res=-42 step=1 id=0xa5 blk=0x0 ctl=0x1ff
[DRV] init=0 id=7 mode=0x1 lib=0x2 seq=0x1 odc=0x8b sts=0xe0 armed=1
[TRG] pulses=29 suppressed=331 cyc=1600 rst=1 rstmode=0x40
[HLT] polls=57 faults=0x0 cfglost=0
[EFF] n=5 last=58500 min=58500 max=58645 late=0 stuck=0
[DWT] ok=1 cyc=1668925108 cyc_per_ms=800020
[HB] up_ms=62337 frames=2940 inf=2940 hazard=360 canary_err=0 q=0 qovr=0
[I2C] init=0 gate=0 whoami=0x140e0 wr=0 wrseen=0x27 addr=0x5a ok=2559 err=1 tmo=0 recov=0 pclk1=200000000 sysclk=400000000
[NAK] nacks=1
[CLK] cpu=800000000 sysb=400000000 pclk1=200000000
[TOF] res=-42 step=1 id=0xa5 blk=0x0 ctl=0x1ff
[DRV] init=0 id=7 mode=0x1 lib=0x2 seq=0x1 odc=0x8b sts=0xe0 armed=1
[TRG] pulses=29 suppressed=331 cyc=1600 rst=1 rstmode=0x40
[HLT] polls=58 faults=0x0 cfglost=0
[EFF] n=5 last=58500 min=58500 max=58645 late=0 stuck=0
[DWT] ok=1 cyc=2510525098 cyc_per_ms=799999
[HB] up_ms=63389 frames=2990 inf=2990 hazard=360 canary_err=0 q=0 qovr=0
[I2C] init=0 gate=0 whoami=0x140e0 wr=0 wrseen=0x27 addr=0x5a ok=2561 err=1 tmo=0 recov=0 pclk1=200000000 sysclk=400000000
[NAK] nacks=1
[CLK] cpu=800000000 sysb=400000000 pclk1=200000000
[TOF] res=-42 step=1 id=0xa5 blk=0x0 ctl=0x1ff
[DRV] init=0 id=7 mode=0x1 lib=0x2 seq=0x1 odc=0x8b sts=0xe0 armed=1
[TRG] pulses=29 suppressed=331 cyc=1600 rst=1 rstmode=0x40
[HLT] polls=59 faults=0x0 cfglost=0
[EFF] n=5 last=58500 min=58500 max=58645 late=0 stuck=0
[DWT] ok=1 cyc=3352125090 cyc_per_ms=799999
[HB] up_ms=64441 frames=3041 inf=3041 hazard=400 canary_err=0 q=0 qovr=0
[I2C] init=0 gate=0 whoami=0x140e0 wr=0 wrseen=0x27 addr=0x5a ok=2563 err=1 tmo=0 recov=0 pclk1=200000000 sysclk=400000000
[NAK] nacks=1
[CLK] cpu=800000000 sysb=400000000 pclk1=200000000
[TOF] res=-42 step=1 id=0xa5 blk=0x0 ctl=0x1ff
[DRV] init=0 id=7 mode=0x1 lib=0x2 seq=0x1 odc=0x8b sts=0xe0 armed=1
[TRG] pulses=32 suppressed=368 cyc=1600 rst=1 rstmode=0x40
[HLT] polls=60 faults=0x0 cfglost=0
[EFF] n=5 last=58500 min=58500 max=58645 late=0 stuck=0
[DWT] ok=1 cyc=4193703060 cyc_per_ms=799979
[HB] up_ms=65493 frames=3091 inf=3091 hazard=400 canary_err=0 q=0 qovr=0
[I2C] init=0 gate=0 whoami=0x140e0 wr=0 wrseen=0x27 addr=0x5a ok=2565 err=1 tmo=0 recov=0 pclk1=200000000 sysclk=400000000
[NAK] nacks=1
[CLK] cpu=800000000 sysb=400000000 pclk1=200000000
[TOF] res=-42 step=1 id=0xa5 blk=0x0 ctl=0x1ff
[DRV] init=0 id=7 mode=0x1 lib=0x2 seq=0x1 odc=0x8b sts=0xe0 armed=1
[TRG] pulses=32 suppressed=368 cyc=1600 rst=1 rstmode=0x40
[HLT] polls=61 faults=0x0 cfglost=0
[EFF] n=5 last=58500 min=58500 max=58645 late=0 stuck=0
[DWT] ok=1 cyc=740335804 cyc_per_ms=800000
[HB] up_ms=66545 frames=3141 inf=3141 hazard=400 canary_err=0 q=0 qovr=0
[I2C] init=0 gate=0 whoami=0x140e0 wr=0 wrseen=0x27 addr=0x5a ok=2567 err=1 tmo=0 recov=0 pclk1=200000000 sysclk=400000000
[NAK] nacks=1
[CLK] cpu=800000000 sysb=400000000 pclk1=200000000
[TOF] res=-42 step=1 id=0xa5 blk=0x0 ctl=0x1ff
[DRV] init=0 id=7 mode=0x1 lib=0x2 seq=0x1 odc=0x8b sts=0xe0 armed=1
[TRG] pulses=32 suppressed=368 cyc=1600 rst=1 rstmode=0x40
[HLT] polls=62 faults=0x0 cfglost=0
[EFF] n=5 last=58500 min=58500 max=58645 late=0 stuck=0
[DWT] ok=1 cyc=1581935828 cyc_per_ms=800000
[HB] up_ms=67597 frames=3191 inf=3191 hazard=400 canary_err=0 q=0 qovr=0
[I2C] init=0 gate=0 whoami=0x140e0 wr=0 wrseen=0x27 addr=0x5a ok=2569 err=1 tmo=0 recov=0 pclk1=200000000 sysclk=400000000
[NAK] nacks=1
[CLK] cpu=800000000 sysb=400000000 pclk1=200000000
[TOF] res=-42 step=1 id=0xa5 blk=0x0 ctl=0x1ff
[DRV] init=0 id=7 mode=0x1 lib=0x2 seq=0x1 odc=0x8b sts=0xe0 armed=1
[TRG] pulses=32 suppressed=368 cyc=1600 rst=1 rstmode=0x40
[HLT] polls=63 faults=0x0 cfglost=0
[EFF] n=5 last=58500 min=58500 max=58645 late=0 stuck=0
[DWT] ok=1 cyc=2423535756 cyc_per_ms=799999
[HB] up_ms=68649 frames=3241 inf=3241 hazard=400 canary_err=0 q=0 qovr=0
[I2C] init=0 gate=0 whoami=0x140e0 wr=0 wrseen=0x27 addr=0x5a ok=2571 err=1 tmo=0 recov=0 pclk1=200000000 sysclk=400000000
[NAK] nacks=1
[CLK] cpu=800000000 sysb=400000000 pclk1=200000000
[TOF] res=-42 step=1 id=0xa5 blk=0x0 ctl=0x1ff
[DRV] init=0 id=7 mode=0x1 lib=0x2 seq=0x1 odc=0x8b sts=0xe0 armed=1
[TRG] pulses=32 suppressed=368 cyc=1600 rst=1 rstmode=0x40
[HLT] polls=64 faults=0x0 cfglost=0
[EFF] n=5 last=58500 min=58500 max=58645 late=0 stuck=0
[DWT] ok=1 cyc=3265135804 cyc_per_ms=800000
[HB] up_ms=69701 frames=3291 inf=3291 hazard=400 canary_err=0 q=0 qovr=0
[I2C] init=0 gate=0 whoami=0x140e0 wr=0 wrseen=0x27 addr=0x5a ok=2573 err=1 tmo=0 recov=0 pclk1=200000000 sysclk=400000000
[NAK] nacks=1
[CLK] cpu=800000000 sysb=400000000 pclk1=200000000
[TOF] res=-42 step=1 id=0xa5 blk=0x0 ctl=0x1ff
[DRV] init=0 id=7 mode=0x1 lib=0x2 seq=0x1 odc=0x8b sts=0xe0 armed=1
[TRG] pulses=32 suppressed=368 cyc=1600 rst=1 rstmode=0x40
[HLT] polls=65 faults=0x0 cfglost=0
[EFF] n=5 last=58500 min=58500 max=58645 late=0 stuck=0
[DWT] ok=1 cyc=4106735844 cyc_per_ms=800000
[HB] up_ms=70753 frames=3341 inf=3341 hazard=421 canary_err=0 q=0 qovr=0
[I2C] init=0 gate=0 whoami=0x140e0 wr=0 wrseen=0x27 addr=0x5a ok=2575 err=1 tmo=0 recov=0 pclk1=200000000 sysclk=400000000
[NAK] nacks=1
[CLK] cpu=800000000 sysb=400000000 pclk1=200000000
[TOF] res=-42 step=1 id=0xa5 blk=0x0 ctl=0x1ff
[DRV] init=0 id=7 mode=0x1 lib=0x2 seq=0x1 odc=0x8b sts=0xe0 armed=1
[TRG] pulses=34 suppressed=389 cyc=1600 rst=1 rstmode=0x40
[HLT] polls=66 faults=0x0 cfglost=0
[EFF] n=5 last=58500 min=58500 max=58645 late=0 stuck=0
[DWT] ok=1 cyc=653370376 cyc_per_ms=800001
[HB] up_ms=71805 frames=3391 inf=3391 hazard=440 canary_err=0 q=0 qovr=0
[I2C] init=0 gate=0 whoami=0x140e0 wr=0 wrseen=0x27 addr=0x5a ok=2577 err=1 tmo=0 recov=0 pclk1=200000000 sysclk=400000000
[NAK] nacks=1
[CLK] cpu=800000000 sysb=400000000 pclk1=200000000
[TOF] res=-42 step=1 id=0xa5 blk=0x0 ctl=0x1ff
[DRV] init=0 id=7 mode=0x1 lib=0x2 seq=0x1 odc=0x8b sts=0xe0 armed=1
[TRG] pulses=35 suppressed=405 cyc=1600 rst=1 rstmode=0x40
[HLT] polls=67 faults=0x0 cfglost=0
[EFF] n=5 last=58500 min=58500 max=58645 late=0 stuck=0
[DWT] ok=1 cyc=1494968560 cyc_per_ms=799998
[HB] up_ms=72857 frames=3441 inf=3441 hazard=440 canary_err=0 q=0 qovr=0
[I2C] init=0 gate=0 whoami=0x140e0 wr=0 wrseen=0x27 addr=0x5a ok=2579 err=1 tmo=0 recov=0 pclk1=200000000 sysclk=400000000
[NAK] nacks=1
[CLK] cpu=800000000 sysb=400000000 pclk1=200000000
[TOF] res=-42 step=1 id=0xa5 blk=0x0 ctl=0x1ff
[DRV] init=0 id=7 mode=0x1 lib=0x2 seq=0x1 odc=0x8b sts=0xe0 armed=1
[TRG] pulses=35 suppressed=405 cyc=1600 rst=1 rstmode=0x40
[HLT] polls=68 faults=0x0 cfglost=0
[EFF] n=5 last=58500 min=58500 max=58645 late=0 stuck=0
[DWT] ok=1 cyc=2336590514 cyc_per_ms=800020
[HB] up_ms=73909 frames=3491 inf=3491 hazard=440 canary_err=0 q=0 qovr=0
[I2C] init=0 gate=0 whoami=0x140e0 wr=0 wrseen=0x27 addr=0x5a ok=2581 err=1 tmo=0 recov=0 pclk1=200000000 sysclk=400000000
[NAK] nacks=1
[CLK] cpu=800000000 sysb=400000000 pclk1=200000000
[TOF] res=-42 step=1 id=0xa5 blk=0x0 ctl=0x1ff
[DRV] init=0 id=7 mode=0x1 lib=0x2 seq=0x1 odc=0x8b sts=0xe0 armed=1
[TRG] pulses=35 suppressed=405 cyc=1600 rst=1 rstmode=0x40
[HLT] polls=69 faults=0x0 cfglost=0
[EFF] n=5 last=58500 min=58500 max=58645 late=0 stuck=0
[DWT] ok=1 cyc=3178190418 cyc_per_ms=799999
[HB] up_ms=74961 frames=3542 inf=3542 hazard=440 canary_err=0 q=0 qovr=0
[I2C] init=0 gate=0 whoami=0x140e0 wr=0 wrseen=0x27 addr=0x5a ok=2583 err=1 tmo=0 recov=0 pclk1=200000000 sysclk=400000000
[NAK] nacks=1
[CLK] cpu=800000000 sysb=400000000 pclk1=200000000
[TOF] res=-42 step=1 id=0xa5 blk=0x0 ctl=0x1ff
[DRV] init=0 id=7 mode=0x1 lib=0x2 seq=0x1 odc=0x8b sts=0xe0 armed=1
[TRG] pulses=35 suppressed=405 cyc=1600 rst=1 rstmode=0x40
[HLT] polls=70 faults=0x0 cfglost=0
[EFF] n=5 last=58500 min=58500 max=58645 late=0 stuck=0
[DWT] ok=1 cyc=4019789770 cyc_per_ms=799999
[HB] up_ms=76013 frames=3592 inf=3592 hazard=440 canary_err=0 q=0 qovr=0
[I2C] init=0 gate=0 whoami=0x140e0 wr=0 wrseen=0x27 addr=0x5a ok=2585 err=1 tmo=0 recov=0 pclk1=200000000 sysclk=400000000
[NAK] nacks=1
[CLK] cpu=800000000 sysb=400000000 pclk1=200000000
[TOF] res=-42 step=1 id=0xa5 blk=0x0 ctl=0x1ff
[DRV] init=0 id=7 mode=0x1 lib=0x2 seq=0x1 odc=0x8b sts=0xe0 armed=1
[TRG] pulses=35 suppressed=405 cyc=1600 rst=1 rstmode=0x40
[HLT] polls=71 faults=0x0 cfglost=0
[EFF] n=5 last=58500 min=58500 max=58645 late=0 stuck=0
[DWT] ok=1 cyc=566401196 cyc_per_ms=799979
[HB] up_ms=77065 frames=3642 inf=3642 hazard=442 canary_err=0 q=0 qovr=0
[I2C] init=0 gate=0 whoami=0x140e0 wr=0 wrseen=0x27 addr=0x5a ok=2587 err=1 tmo=0 recov=0 pclk1=200000000 sysclk=400000000
[NAK] nacks=1
[CLK] cpu=800000000 sysb=400000000 pclk1=200000000
[TOF] res=-42 step=1 id=0xa5 blk=0x0 ctl=0x1ff
[DRV] init=0 id=7 mode=0x1 lib=0x2 seq=0x1 odc=0x8b sts=0xe0 armed=1
[TRG] pulses=36 suppressed=407 cyc=1600 rst=1 rstmode=0x40
[HLT] polls=72 faults=0x0 cfglost=0
[EFF] n=5 last=58500 min=58500 max=58645 late=0 stuck=0
[DWT] ok=1 cyc=1408003008 cyc_per_ms=800001
[HB] up_ms=78117 frames=3692 inf=3692 hazard=480 canary_err=0 q=0 qovr=0
[I2C] init=0 gate=0 whoami=0x140e0 wr=0 wrseen=0x27 addr=0x5a ok=2589 err=1 tmo=0 recov=0 pclk1=200000000 sysclk=400000000
[NAK] nacks=1
[CLK] cpu=800000000 sysb=400000000 pclk1=200000000
[TOF] res=-42 step=1 id=0xa5 blk=0x0 ctl=0x1ff
[DRV] init=0 id=7 mode=0x1 lib=0x2 seq=0x1 odc=0x8b sts=0xe0 armed=1
[TRG] pulses=38 suppressed=442 cyc=1600 rst=1 rstmode=0x40
[HLT] polls=73 faults=0x0 cfglost=0
[EFF] n=5 last=58500 min=58500 max=58645 late=0 stuck=0
[DWT] ok=1 cyc=2249601248 cyc_per_ms=799998
[HB] up_ms=79169 frames=3742 inf=3742 hazard=480 canary_err=0 q=0 qovr=0
[I2C] init=0 gate=0 whoami=0x140e0 wr=0 wrseen=0x27 addr=0x5a ok=2591 err=1 tmo=0 recov=0 pclk1=200000000 sysclk=400000000
[NAK] nacks=1
[CLK] cpu=800000000 sysb=400000000 pclk1=200000000
[TOF] res=-42 step=1 id=0xa5 blk=0x0 ctl=0x1ff
[DRV] init=0 id=7 mode=0x1 lib=0x2 seq=0x1 odc=0x8b sts=0xe0 armed=1
[TRG] pulses=38 suppressed=442 cyc=1600 rst=1 rstmode=0x40
[HLT] polls=74 faults=0x0 cfglost=0
[EFF] n=5 last=58500 min=58500 max=58645 late=0 stuck=0
[DWT] ok=1 cyc=3091201172 cyc_per_ms=799999
[HB] up_ms=80221 frames=3792 inf=3792 hazard=480 canary_err=0 q=0 qovr=0
[I2C] init=0 gate=0 whoami=0x140e0 wr=0 wrseen=0x27 addr=0x5a ok=2593 err=1 tmo=0 recov=0 pclk1=200000000 sysclk=400000000
[NAK] nacks=1
[CLK] cpu=800000000 sysb=400000000 pclk1=200000000
[TOF] res=-42 step=1 id=0xa5 blk=0x0 ctl=0x1ff
[DRV] init=0 id=7 mode=0x1 lib=0x2 seq=0x1 odc=0x8b sts=0xe0 armed=1
[TRG] pulses=38 suppressed=442 cyc=1600 rst=1 rstmode=0x40
[HLT] polls=75 faults=0x0 cfglost=0
[EFF] n=5 last=58500 min=58500 max=58645 late=0 stuck=0
[DWT] ok=1 cyc=3932801212 cyc_per_ms=800000
[HB] up_ms=81273 frames=3842 inf=3842 hazard=480 canary_err=0 q=0 qovr=0
[I2C] init=0 gate=0 whoami=0x140e0 wr=0 wrseen=0x27 addr=0x5a ok=2595 err=1 tmo=0 recov=0 pclk1=200000000 sysclk=400000000
[NAK] nacks=1
[CLK] cpu=800000000 sysb=400000000 pclk1=200000000
[TOF] res=-42 step=1 id=0xa5 blk=0x0 ctl=0x1ff
[DRV] init=0 id=7 mode=0x1 lib=0x2 seq=0x1 odc=0x8b sts=0xe0 armed=1
[TRG] pulses=38 suppressed=442 cyc=1600 rst=1 rstmode=0x40
[HLT] polls=76 faults=0x0 cfglost=0
[EFF] n=5 last=58500 min=58500 max=58645 late=0 stuck=0
[DWT] ok=1 cyc=479433956 cyc_per_ms=800000
[HB] up_ms=82325 frames=3892 inf=3892 hazard=480 canary_err=0 q=0 qovr=0
[I2C] init=0 gate=0 whoami=0x140e0 wr=0 wrseen=0x27 addr=0x5a ok=2597 err=1 tmo=0 recov=0 pclk1=200000000 sysclk=400000000
[NAK] nacks=1
[CLK] cpu=800000000 sysb=400000000 pclk1=200000000
[TOF] res=-42 step=1 id=0xa5 blk=0x0 ctl=0x1ff
[DRV] init=0 id=7 mode=0x1 lib=0x2 seq=0x1 odc=0x8b sts=0xe0 armed=1
[TRG] pulses=38 suppressed=442 cyc=1600 rst=1 rstmode=0x40
[HLT] polls=77 faults=0x0 cfglost=0
[EFF] n=5 last=58500 min=58500 max=58645 late=0 stuck=0
[DWT] ok=1 cyc=1321033960 cyc_per_ms=800000
[HB] up_ms=83377 frames=3942 inf=3942 hazard=480 canary_err=0 q=0 qovr=0
[I2C] init=0 gate=0 whoami=0x140e0 wr=0 wrseen=0x27 addr=0x5a ok=2599 err=1 tmo=0 recov=0 pclk1=200000000 sysclk=400000000
[NAK] nacks=1
[CLK] cpu=800000000 sysb=400000000 pclk1=200000000
[TOF] res=-42 step=1 id=0xa5 blk=0x0 ctl=0x1ff
[DRV] init=0 id=7 mode=0x1 lib=0x2 seq=0x1 odc=0x8b sts=0xe0 armed=1
[TRG] pulses=38 suppressed=442 cyc=1600 rst=1 rstmode=0x40
[HLT] polls=78 faults=0x0 cfglost=0
[EFF] n=5 last=58500 min=58500 max=58645 late=0 stuck=0
[DWT] ok=1 cyc=2162655908 cyc_per_ms=800020
[HB] up_ms=84429 frames=3992 inf=3992 hazard=512 canary_err=0 q=0 qovr=0
[I2C] init=0 gate=0 whoami=0x140e0 wr=0 wrseen=0x27 addr=0x5a ok=2601 err=1 tmo=0 recov=0 pclk1=200000000 sysclk=400000000
[NAK] nacks=1
[CLK] cpu=800000000 sysb=400000000 pclk1=200000000
[TOF] res=-42 step=1 id=0xa5 blk=0x0 ctl=0x1ff
[DRV] init=0 id=7 mode=0x1 lib=0x2 seq=0x1 odc=0x8b sts=0xe0 armed=1
[TRG] pulses=41 suppressed=473 cyc=1600 rst=1 rstmode=0x40
[HLT] polls=79 faults=0x0 cfglost=0
[EFF] n=5 last=58500 min=58500 max=58645 late=0 stuck=0
[DWT] ok=1 cyc=3004258626 cyc_per_ms=800002
[HB] up_ms=85481 frames=4042 inf=4042 hazard=520 canary_err=0 q=0 qovr=0
[I2C] init=0 gate=0 whoami=0x140e0 wr=0 wrseen=0x27 addr=0x5a ok=2603 err=1 tmo=0 recov=0 pclk1=200000000 sysclk=400000000
[NAK] nacks=1
[CLK] cpu=800000000 sysb=400000000 pclk1=200000000
[TOF] res=-42 step=1 id=0xa5 blk=0x0 ctl=0x1ff
[DRV] init=0 id=7 mode=0x1 lib=0x2 seq=0x1 odc=0x8b sts=0xe0 armed=1
[TRG] pulses=41 suppressed=479 cyc=1600 rst=1 rstmode=0x40
[HLT] polls=80 faults=0x0 cfglost=0
[EFF] n=5 last=58500 min=58500 max=58645 late=0 stuck=0
[DWT] ok=1 cyc=3845855890 cyc_per_ms=799997
[HB] up_ms=86533 frames=4093 inf=4093 hazard=520 canary_err=0 q=0 qovr=0
[I2C] init=0 gate=0 whoami=0x140e0 wr=0 wrseen=0x27 addr=0x5a ok=2605 err=1 tmo=0 recov=0 pclk1=200000000 sysclk=400000000
[NAK] nacks=1
[CLK] cpu=800000000 sysb=400000000 pclk1=200000000
[TOF] res=-42 step=1 id=0xa5 blk=0x0 ctl=0x1ff
[DRV] init=0 id=7 mode=0x1 lib=0x2 seq=0x1 odc=0x8b sts=0xe0 armed=1
[TRG] pulses=41 suppressed=479 cyc=1600 rst=1 rstmode=0x40
[HLT] polls=81 faults=0x0 cfglost=0
[EFF] n=5 last=58500 min=58500 max=58645 late=0 stuck=0
[DWT] ok=1 cyc=392466572 cyc_per_ms=799979
[HB] up_ms=87585 frames=4143 inf=4143 hazard=520 canary_err=0 q=0 qovr=0
[I2C] init=0 gate=0 whoami=0x140e0 wr=0 wrseen=0x27 addr=0x5a ok=2607 err=1 tmo=0 recov=0 pclk1=200000000 sysclk=400000000
[NAK] nacks=1
[CLK] cpu=800000000 sysb=400000000 pclk1=200000000
[TOF] res=-42 step=1 id=0xa5 blk=0x0 ctl=0x1ff
[DRV] init=0 id=7 mode=0x1 lib=0x2 seq=0x1 odc=0x8b sts=0xe0 armed=1
[TRG] pulses=41 suppressed=479 cyc=1600 rst=1 rstmode=0x40
[HLT] polls=82 faults=0x0 cfglost=0
[EFF] n=5 last=58500 min=58500 max=58645 late=0 stuck=0
[DWT] ok=1 cyc=1234066616 cyc_per_ms=800000
[HB] up_ms=88637 frames=4193 inf=4193 hazard=520 canary_err=0 q=0 qovr=0
[I2C] init=0 gate=0 whoami=0x140e0 wr=0 wrseen=0x27 addr=0x5a ok=2609 err=1 tmo=0 recov=0 pclk1=200000000 sysclk=400000000
[NAK] nacks=1
[CLK] cpu=800000000 sysb=400000000 pclk1=200000000
[TOF] res=-42 step=1 id=0xa5 blk=0x0 ctl=0x1ff
[DRV] init=0 id=7 mode=0x1 lib=0x2 seq=0x1 odc=0x8b sts=0xe0 armed=1
[TRG] pulses=41 suppressed=479 cyc=1600 rst=1 rstmode=0x40
[HLT] polls=83 faults=0x0 cfglost=0
[EFF] n=5 last=58500 min=58500 max=58645 late=0 stuck=0
[DWT] ok=1 cyc=2075666656 cyc_per_ms=800000
[HB] up_ms=89689 frames=4243 inf=4243 hazard=520 canary_err=0 q=0 qovr=0
[I2C] init=0 gate=0 whoami=0x140e0 wr=0 wrseen=0x27 addr=0x5a ok=2611 err=1 tmo=0 recov=0 pclk1=200000000 sysclk=400000000
[NAK] nacks=1
[CLK] cpu=800000000 sysb=400000000 pclk1=200000000
[TOF] res=-42 step=1 id=0xa5 blk=0x0 ctl=0x1ff
[DRV] init=0 id=7 mode=0x1 lib=0x2 seq=0x1 odc=0x8b sts=0xe0 armed=1
[TRG] pulses=41 suppressed=479 cyc=1600 rst=1 rstmode=0x40
[HLT] polls=84 faults=0x0 cfglost=0
[EFF] n=5 last=58500 min=58500 max=58645 late=0 stuck=0
[DWT] ok=1 cyc=2917266580 cyc_per_ms=799999
[HB] up_ms=90741 frames=4293 inf=4293 hazard=533 canary_err=0 q=0 qovr=0
[I2C] init=0 gate=0 whoami=0x140e0 wr=0 wrseen=0x27 addr=0x5a ok=2613 err=1 tmo=0 recov=0 pclk1=200000000 sysclk=400000000
[NAK] nacks=1
[CLK] cpu=800000000 sysb=400000000 pclk1=200000000
[TOF] res=-42 step=1 id=0xa5 blk=0x0 ctl=0x1ff
[DRV] init=0 id=7 mode=0x1 lib=0x2 seq=0x1 odc=0x8b sts=0xe0 armed=1
[TRG] pulses=43 suppressed=492 cyc=1600 rst=1 rstmode=0x40
[HLT] polls=85 faults=0x0 cfglost=0
[EFF] n=5 last=58500 min=58500 max=58645 late=0 stuck=0
[DWT] ok=1 cyc=3758870804 cyc_per_ms=800004
[HB] up_ms=91793 frames=4343 inf=4343 hazard=560 canary_err=0 q=0 qovr=0
[I2C] init=0 gate=0 whoami=0x140e0 wr=0 wrseen=0x27 addr=0x5a ok=2615 err=1 tmo=0 recov=0 pclk1=200000000 sysclk=400000000
[NAK] nacks=1
[CLK] cpu=800000000 sysb=400000000 pclk1=200000000
[TOF] res=-42 step=1 id=0xa5 blk=0x0 ctl=0x1ff
[DRV] init=0 id=7 mode=0x1 lib=0x2 seq=0x1 odc=0x8b sts=0xe0 armed=1
[TRG] pulses=44 suppressed=516 cyc=1600 rst=1 rstmode=0x40
[HLT] polls=86 faults=0x0 cfglost=0
[EFF] n=5 last=58500 min=58500 max=58645 late=0 stuck=0
[DWT] ok=1 cyc=305499336 cyc_per_ms=799996
[HB] up_ms=92845 frames=4393 inf=4393 hazard=560 canary_err=0 q=0 qovr=0
[I2C] init=0 gate=0 whoami=0x140e0 wr=0 wrseen=0x27 addr=0x5a ok=2617 err=1 tmo=0 recov=0 pclk1=200000000 sysclk=400000000
[NAK] nacks=1
[CLK] cpu=800000000 sysb=400000000 pclk1=200000000
[TOF] res=-42 step=1 id=0xa5 blk=0x0 ctl=0x1ff
[DRV] init=0 id=7 mode=0x1 lib=0x2 seq=0x1 odc=0x8b sts=0xe0 armed=1
[TRG] pulses=44 suppressed=516 cyc=1600 rst=1 rstmode=0x40
[HLT] polls=87 faults=0x0 cfglost=0
[EFF] n=5 last=58500 min=58500 max=58645 late=0 stuck=0
[DWT] ok=1 cyc=1147099364 cyc_per_ms=800000
[HB] up_ms=93897 frames=4443 inf=4443 hazard=560 canary_err=0 q=0 qovr=0
[I2C] init=0 gate=0 whoami=0x140e0 wr=0 wrseen=0x27 addr=0x5a ok=2619 err=1 tmo=0 recov=0 pclk1=200000000 sysclk=400000000
[NAK] nacks=1
[CLK] cpu=800000000 sysb=400000000 pclk1=200000000
[TOF] res=-42 step=1 id=0xa5 blk=0x0 ctl=0x1ff
[DRV] init=0 id=7 mode=0x1 lib=0x2 seq=0x1 odc=0x8b sts=0xe0 armed=1
[TRG] pulses=44 suppressed=516 cyc=1600 rst=1 rstmode=0x40
[HLT] polls=88 faults=0x0 cfglost=0
[EFF] n=5 last=58500 min=58500 max=58645 late=0 stuck=0
[DWT] ok=1 cyc=1988699360 cyc_per_ms=799999
[HB] up_ms=94949 frames=4493 inf=4493 hazard=560 canary_err=0 q=0 qovr=0
[I2C] init=0 gate=0 whoami=0x140e0 wr=0 wrseen=0x27 addr=0x5a ok=2621 err=1 tmo=0 recov=0 pclk1=200000000 sysclk=400000000
[NAK] nacks=1
[CLK] cpu=800000000 sysb=400000000 pclk1=200000000
[TOF] res=-42 step=1 id=0xa5 blk=0x0 ctl=0x1ff
[DRV] init=0 id=7 mode=0x1 lib=0x2 seq=0x1 odc=0x8b sts=0xe0 armed=1
[TRG] pulses=44 suppressed=516 cyc=1600 rst=1 rstmode=0x40
[HLT] polls=89 faults=0x0 cfglost=0
[EFF] n=5 last=58500 min=58500 max=58645 late=0 stuck=0
[DWT] ok=1 cyc=2830321306 cyc_per_ms=800020
[HB] up_ms=96001 frames=4543 inf=4543 hazard=560 canary_err=0 q=0 qovr=0
[I2C] init=0 gate=0 whoami=0x140e0 wr=0 wrseen=0x27 addr=0x5a ok=2623 err=1 tmo=0 recov=0 pclk1=200000000 sysclk=400000000
[NAK] nacks=1
[CLK] cpu=800000000 sysb=400000000 pclk1=200000000
[TOF] res=-42 step=1 id=0xa5 blk=0x0 ctl=0x1ff
[DRV] init=0 id=7 mode=0x1 lib=0x2 seq=0x1 odc=0x8b sts=0xe0 armed=1
[TRG] pulses=44 suppressed=516 cyc=1600 rst=1 rstmode=0x40
[HLT] polls=90 faults=0x0 cfglost=0
[EFF] n=5 last=58500 min=58500 max=58645 late=0 stuck=0
[DWT] ok=1 cyc=3671921298 cyc_per_ms=799999
[HB] up_ms=97053 frames=4594 inf=4594 hazard=560 canary_err=0 q=0 qovr=0
[I2C] init=0 gate=0 whoami=0x140e0 wr=0 wrseen=0x27 addr=0x5a ok=2625 err=1 tmo=0 recov=0 pclk1=200000000 sysclk=400000000
[NAK] nacks=1
[CLK] cpu=800000000 sysb=400000000 pclk1=200000000
[TOF] res=-42 step=1 id=0xa5 blk=0x0 ctl=0x1ff
[DRV] init=0 id=7 mode=0x1 lib=0x2 seq=0x1 odc=0x8b sts=0xe0 armed=1
[TRG] pulses=44 suppressed=516 cyc=1600 rst=1 rstmode=0x40
[HLT] polls=91 faults=0x0 cfglost=0
[EFF] n=5 last=58500 min=58500 max=58645 late=0 stuck=0
[DWT] ok=1 cyc=218553286 cyc_per_ms=799999
[HB] up_ms=98105 frames=4644 inf=4644 hazard=600 canary_err=0 q=0 qovr=0
[I2C] init=0 gate=0 whoami=0x140e0 wr=0 wrseen=0x27 addr=0x5a ok=2627 err=1 tmo=0 recov=0 pclk1=200000000 sysclk=400000000
[NAK] nacks=1
[CLK] cpu=800000000 sysb=400000000 pclk1=200000000
[TOF] res=-42 step=1 id=0xa5 blk=0x0 ctl=0x1ff
[DRV] init=0 id=7 mode=0x1 lib=0x2 seq=0x1 odc=0x8b sts=0xe0 armed=1
[TRG] pulses=47 suppressed=553 cyc=1600 rst=1 rstmode=0x40
[HLT] polls=92 faults=0x0 cfglost=0
[EFF] n=5 last=58500 min=58500 max=58645 late=0 stuck=0
[DWT] ok=1 cyc=1060132080 cyc_per_ms=799979
[HB] up_ms=99157 frames=4694 inf=4694 hazard=600 canary_err=0 q=0 qovr=0
[I2C] init=0 gate=0 whoami=0x140e0 wr=0 wrseen=0x27 addr=0x5a ok=2629 err=1 tmo=0 recov=0 pclk1=200000000 sysclk=400000000
[NAK] nacks=1
[CLK] cpu=800000000 sysb=400000000 pclk1=200000000
[TOF] res=-42 step=1 id=0xa5 blk=0x0 ctl=0x1ff
[DRV] init=0 id=7 mode=0x1 lib=0x2 seq=0x1 odc=0x8b sts=0xe0 armed=1
[TRG] pulses=47 suppressed=553 cyc=1600 rst=1 rstmode=0x40
[HLT] polls=93 faults=0x0 cfglost=0
[EFF] n=5 last=58500 min=58500 max=58645 late=0 stuck=0
[DWT] ok=1 cyc=1901732016 cyc_per_ms=799999
[HB] up_ms=100209 frames=4744 inf=4744 hazard=600 canary_err=0 q=0 qovr=0
[I2C] init=0 gate=0 whoami=0x140e0 wr=0 wrseen=0x27 addr=0x5a ok=2631 err=1 tmo=0 recov=0 pclk1=200000000 sysclk=400000000
[NAK] nacks=1
[CLK] cpu=800000000 sysb=400000000 pclk1=200000000
[TOF] res=-42 step=1 id=0xa5 blk=0x0 ctl=0x1ff
[DRV] init=0 id=7 mode=0x1 lib=0x2 seq=0x1 odc=0x8b sts=0xe0 armed=1
[TRG] pulses=47 suppressed=553 cyc=1600 rst=1 rstmode=0x40
[HLT] polls=94 faults=0x0 cfglost=0
[EFF] n=5 last=58500 min=58500 max=58645 late=0 stuck=0
[DWT] ok=1 cyc=2743402034 cyc_per_ms=800066
[HB] up_ms=101261 frames=4794 inf=4794 hazard=600 canary_err=0 q=0 qovr=0
[I2C] init=0 gate=0 whoami=0x140e0 wr=0 wrseen=0x27 addr=0x5a ok=2633 err=1 tmo=0 recov=0 pclk1=200000000 sysclk=400000000
[NAK] nacks=1
[CLK] cpu=800000000 sysb=400000000 pclk1=200000000
[TOF] res=-42 step=1 id=0xa5 blk=0x0 ctl=0x1ff
[DRV] init=0 id=7 mode=0x1 lib=0x2 seq=0x1 odc=0x8b sts=0xe0 armed=1
[TRG] pulses=47 suppressed=553 cyc=1600 rst=1 rstmode=0x40
[HLT] polls=95 faults=0x0 cfglost=0
[EFF] n=5 last=58500 min=58500 max=58645 late=0 stuck=0
[DWT] ok=1 cyc=3585001982 cyc_per_ms=799999
[HB] up_ms=102313 frames=4844 inf=4844 hazard=600 canary_err=0 q=0 qovr=0
[I2C] init=0 gate=0 whoami=0x140e0 wr=0 wrseen=0x27 addr=0x5a ok=2635 err=1 tmo=0 recov=0 pclk1=200000000 sysclk=400000000
[NAK] nacks=1
[CLK] cpu=800000000 sysb=400000000 pclk1=200000000
[TOF] res=-42 step=1 id=0xa5 blk=0x0 ctl=0x1ff
[DRV] init=0 id=7 mode=0x1 lib=0x2 seq=0x1 odc=0x8b sts=0xe0 armed=1
[TRG] pulses=47 suppressed=553 cyc=1600 rst=1 rstmode=0x40
[HLT] polls=96 faults=0x0 cfglost=0
[EFF] n=5 last=58500 min=58500 max=58645 late=0 stuck=0
[DWT] ok=1 cyc=131634738 cyc_per_ms=800000
[HB] up_ms=103365 frames=4894 inf=4894 hazard=600 canary_err=0 q=0 qovr=0
[I2C] init=0 gate=0 whoami=0x140e0 wr=0 wrseen=0x27 addr=0x5a ok=2637 err=1 tmo=0 recov=0 pclk1=200000000 sysclk=400000000
[NAK] nacks=1
[CLK] cpu=800000000 sysb=400000000 pclk1=200000000
[TOF] res=-42 step=1 id=0xa5 blk=0x0 ctl=0x1ff
[DRV] init=0 id=7 mode=0x1 lib=0x2 seq=0x1 odc=0x8b sts=0xe0 armed=1
[TRG] pulses=47 suppressed=553 cyc=1600 rst=1 rstmode=0x40
[HLT] polls=97 faults=0x0 cfglost=0
[EFF] n=5 last=58500 min=58500 max=58645 late=0 stuck=0
[DWT] ok=1 cyc=973234782 cyc_per_ms=800000
[HB] up_ms=104417 frames=4944 inf=4944 hazard=624 canary_err=0 q=0 qovr=0
[I2C] init=0 gate=0 whoami=0x140e0 wr=0 wrseen=0x27 addr=0x5a ok=2639 err=1 tmo=0 recov=0 pclk1=200000000 sysclk=400000000
[NAK] nacks=1
[CLK] cpu=800000000 sysb=400000000 pclk1=200000000
[TOF] res=-42 step=1 id=0xa5 blk=0x0 ctl=0x1ff
[DRV] init=0 id=7 mode=0x1 lib=0x2 seq=0x1 odc=0x8b sts=0xe0 armed=1
[TRG] pulses=49 suppressed=577 cyc=1600 rst=1 rstmode=0x40
[HLT] polls=98 faults=0x0 cfglost=0
[EFF] n=5 last=58500 min=58500 max=58645 late=0 stuck=0
[DWT] ok=1 cyc=1814836574 cyc_per_ms=800001
[HB] up_ms=105469 frames=4994 inf=4994 hazard=640 canary_err=0 q=0 qovr=0
[I2C] init=0 gate=0 whoami=0x140e0 wr=0 wrseen=0x27 addr=0x5a ok=2641 err=1 tmo=0 recov=0 pclk1=200000000 sysclk=400000000
[NAK] nacks=1
[CLK] cpu=800000000 sysb=400000000 pclk1=200000000
[TOF] res=-42 step=1 id=0xa5 blk=0x0 ctl=0x1ff
[DRV] init=0 id=7 mode=0x1 lib=0x2 seq=0x1 odc=0x8b sts=0xe0 armed=1
[TRG] pulses=50 suppressed=590 cyc=1600 rst=1 rstmode=0x40
[HLT] polls=99 faults=0x0 cfglost=0
[EFF] n=5 last=58500 min=58500 max=58645 late=0 stuck=0
[DWT] ok=1 cyc=2656456690 cyc_per_ms=800019
[HB] up_ms=106521 frames=5044 inf=5044 hazard=640 canary_err=0 q=0 qovr=0
[I2C] init=0 gate=0 whoami=0x140e0 wr=0 wrseen=0x27 addr=0x5a ok=2643 err=1 tmo=0 recov=0 pclk1=200000000 sysclk=400000000
[NAK] nacks=1
[CLK] cpu=800000000 sysb=400000000 pclk1=200000000
[TOF] res=-42 step=1 id=0xa5 blk=0x0 ctl=0x1ff
[DRV] init=0 id=7 mode=0x1 lib=0x2 seq=0x1 odc=0x8b sts=0xe0 armed=1
[TRG] pulses=50 suppressed=590 cyc=1600 rst=1 rstmode=0x40
[HLT] polls=100 faults=0x0 cfglost=0
[EFF] n=5 last=58500 min=58500 max=58645 late=0 stuck=0
[DWT] ok=1 cyc=3498126678 cyc_per_ms=800066
[HB] up_ms=107573 frames=5094 inf=5094 hazard=640 canary_err=0 q=0 qovr=0
[I2C] init=0 gate=0 whoami=0x140e0 wr=0 wrseen=0x27 addr=0x5a ok=2645 err=1 tmo=0 recov=0 pclk1=200000000 sysclk=400000000
[NAK] nacks=1
[CLK] cpu=800000000 sysb=400000000 pclk1=200000000
[TOF] res=-42 step=1 id=0xa5 blk=0x0 ctl=0x1ff
[DRV] init=0 id=7 mode=0x1 lib=0x2 seq=0x1 odc=0x8b sts=0xe0 armed=1
[TRG] pulses=50 suppressed=590 cyc=1600 rst=1 rstmode=0x40
[HLT] polls=101 faults=0x0 cfglost=0
[EFF] n=5 last=58500 min=58500 max=58645 late=0 stuck=0
[DWT] ok=1 cyc=44759386 cyc_per_ms=800000
[HB] up_ms=108625 frames=5145 inf=5145 hazard=640 canary_err=0 q=0 qovr=0
[I2C] init=0 gate=0 whoami=0x140e0 wr=0 wrseen=0x27 addr=0x5a ok=2647 err=1 tmo=0 recov=0 pclk1=200000000 sysclk=400000000
[NAK] nacks=1
[CLK] cpu=800000000 sysb=400000000 pclk1=200000000
[TOF] res=-42 step=1 id=0xa5 blk=0x0 ctl=0x1ff
[DRV] init=0 id=7 mode=0x1 lib=0x2 seq=0x1 odc=0x8b sts=0xe0 armed=1
[TRG] pulses=50 suppressed=590 cyc=1600 rst=1 rstmode=0x40
[HLT] polls=102 faults=0x0 cfglost=0
[EFF] n=5 last=58500 min=58500 max=58645 late=0 stuck=0
[DWT] ok=1 cyc=886337470 cyc_per_ms=799979
[HB] up_ms=109677 frames=5195 inf=5195 hazard=640 canary_err=0 q=0 qovr=0
[I2C] init=0 gate=0 whoami=0x140e0 wr=0 wrseen=0x27 addr=0x5a ok=2649 err=1 tmo=0 recov=0 pclk1=200000000 sysclk=400000000
[NAK] nacks=1
[CLK] cpu=800000000 sysb=400000000 pclk1=200000000
[TOF] res=-42 step=1 id=0xa5 blk=0x0 ctl=0x1ff
[DRV] init=0 id=7 mode=0x1 lib=0x2 seq=0x1 odc=0x8b sts=0xe0 armed=1
[TRG] pulses=50 suppressed=590 cyc=1600 rst=1 rstmode=0x40
[HLT] polls=103 faults=0x0 cfglost=0
[EFF] n=5 last=58500 min=58500 max=58645 late=0 stuck=0
[DWT] ok=1 cyc=1727937402 cyc_per_ms=799999
[HB] up_ms=110729 frames=5245 inf=5245 hazard=645 canary_err=0 q=0 qovr=0
[I2C] init=0 gate=0 whoami=0x140e0 wr=0 wrseen=0x27 addr=0x5a ok=2651 err=1 tmo=0 recov=0 pclk1=200000000 sysclk=400000000
[NAK] nacks=1
[CLK] cpu=800000000 sysb=400000000 pclk1=200000000
[TOF] res=-42 step=1 id=0xa5 blk=0x0 ctl=0x1ff
[DRV] init=0 id=7 mode=0x1 lib=0x2 seq=0x1 odc=0x8b sts=0xe0 armed=1
[TRG] pulses=51 suppressed=595 cyc=1600 rst=1 rstmode=0x40
[HLT] polls=104 faults=0x0 cfglost=0
[EFF] n=5 last=58500 min=58500 max=58645 late=0 stuck=0
[DWT] ok=1 cyc=2569539242 cyc_per_ms=800001
[HB] up_ms=111781 frames=5295 inf=5295 hazard=680 canary_err=0 q=0 qovr=0
[I2C] init=0 gate=0 whoami=0x140e0 wr=0 wrseen=0x27 addr=0x5a ok=2653 err=1 tmo=0 recov=0 pclk1=200000000 sysclk=400000000
[NAK] nacks=1
[CLK] cpu=800000000 sysb=400000000 pclk1=200000000
[TOF] res=-42 step=1 id=0xa5 blk=0x0 ctl=0x1ff
[DRV] init=0 id=7 mode=0x1 lib=0x2 seq=0x1 odc=0x8b sts=0xe0 armed=1
[TRG] pulses=53 suppressed=627 cyc=1600 rst=1 rstmode=0x40
[HLT] polls=105 faults=0x0 cfglost=0
[EFF] n=5 last=58500 min=58500 max=58645 late=0 stuck=0
[DWT] ok=1 cyc=3411137478 cyc_per_ms=799998
[HB] up_ms=112833 frames=5345 inf=5345 hazard=680 canary_err=0 q=0 qovr=0
[I2C] init=0 gate=0 whoami=0x140e0 wr=0 wrseen=0x27 addr=0x5a ok=2655 err=1 tmo=0 recov=0 pclk1=200000000 sysclk=400000000
[NAK] nacks=1
[CLK] cpu=800000000 sysb=400000000 pclk1=200000000
[TOF] res=-42 step=1 id=0xa5 blk=0x0 ctl=0x1ff
[DRV] init=0 id=7 mode=0x1 lib=0x2 seq=0x1 odc=0x8b sts=0xe0 armed=1
[TRG] pulses=53 suppressed=627 cyc=1600 rst=1 rstmode=0x40
[HLT] polls=106 faults=0x0 cfglost=0
[EFF] n=5 last=58500 min=58500 max=58645 late=0 stuck=0
[DWT] ok=1 cyc=4252737426 cyc_per_ms=799999
[HB] up_ms=113885 frames=5395 inf=5395 hazard=680 canary_err=0 q=0 qovr=0
[I2C] init=0 gate=0 whoami=0x140e0 wr=0 wrseen=0x27 addr=0x5a ok=2657 err=1 tmo=0 recov=0 pclk1=200000000 sysclk=400000000
[NAK] nacks=1
[CLK] cpu=800000000 sysb=400000000 pclk1=200000000
[TOF] res=-42 step=1 id=0xa5 blk=0x0 ctl=0x1ff
[DRV] init=0 id=7 mode=0x1 lib=0x2 seq=0x1 odc=0x8b sts=0xe0 armed=1
[TRG] pulses=53 suppressed=627 cyc=1600 rst=1 rstmode=0x40
[HLT] polls=107 faults=0x0 cfglost=0
[EFF] n=5 last=58500 min=58500 max=58645 late=0 stuck=0
[DWT] ok=1 cyc=799370182 cyc_per_ms=800000
[HB] up_ms=114937 frames=5445 inf=5445 hazard=680 canary_err=0 q=0 qovr=0
[I2C] init=0 gate=0 whoami=0x140e0 wr=0 wrseen=0x27 addr=0x5a ok=2659 err=1 tmo=0 recov=0 pclk1=200000000 sysclk=400000000
[NAK] nacks=1
[CLK] cpu=800000000 sysb=400000000 pclk1=200000000
[TOF] res=-42 step=1 id=0xa5 blk=0x0 ctl=0x1ff
[DRV] init=0 id=7 mode=0x1 lib=0x2 seq=0x1 odc=0x8b sts=0xe0 armed=1
[TRG] pulses=53 suppressed=627 cyc=1600 rst=1 rstmode=0x40
[HLT] polls=108 faults=0x0 cfglost=0
[EFF] n=5 last=58500 min=58500 max=58645 late=0 stuck=0
[DWT] ok=1 cyc=1640970130 cyc_per_ms=799999
[HB] up_ms=115989 frames=5495 inf=5495 hazard=680 canary_err=0 q=0 qovr=0
[I2C] init=0 gate=0 whoami=0x140e0 wr=0 wrseen=0x27 addr=0x5a ok=2661 err=1 tmo=0 recov=0 pclk1=200000000 sysclk=400000000
[NAK] nacks=1
[CLK] cpu=800000000 sysb=400000000 pclk1=200000000
[TOF] res=-42 step=1 id=0xa5 blk=0x0 ctl=0x1ff
[DRV] init=0 id=7 mode=0x1 lib=0x2 seq=0x1 odc=0x8b sts=0xe0 armed=1
[TRG] pulses=53 suppressed=627 cyc=1600 rst=1 rstmode=0x40
[HLT] polls=109 faults=0x0 cfglost=0
[EFF] n=5 last=58500 min=58500 max=58645 late=0 stuck=0
[DWT] ok=1 cyc=2482570130 cyc_per_ms=800000
[HB] up_ms=117041 frames=5545 inf=5545 hazard=680 canary_err=0 q=0 qovr=0
[I2C] init=0 gate=0 whoami=0x140e0 wr=0 wrseen=0x27 addr=0x5a ok=2663 err=1 tmo=0 recov=0 pclk1=200000000 sysclk=400000000
[NAK] nacks=1
[CLK] cpu=800000000 sysb=400000000 pclk1=200000000
[TOF] res=-42 step=1 id=0xa5 blk=0x0 ctl=0x1ff
[DRV] init=0 id=7 mode=0x1 lib=0x2 seq=0x1 odc=0x8b sts=0xe0 armed=1
[TRG] pulses=53 suppressed=627 cyc=1600 rst=1 rstmode=0x40
[HLT] polls=110 faults=0x0 cfglost=0
[EFF] n=5 last=58500 min=58500 max=58645 late=0 stuck=0
[DWT] ok=1 cyc=3324192086 cyc_per_ms=800020
[HB] up_ms=118093 frames=5595 inf=5595 hazard=715 canary_err=0 q=0 qovr=0
[I2C] init=0 gate=0 whoami=0x140e0 wr=0 wrseen=0x27 addr=0x5a ok=2665 err=1 tmo=0 recov=0 pclk1=200000000 sysclk=400000000
[NAK] nacks=1
[CLK] cpu=800000000 sysb=400000000 pclk1=200000000
[TOF] res=-42 step=1 id=0xa5 blk=0x0 ctl=0x1ff
[DRV] init=0 id=7 mode=0x1 lib=0x2 seq=0x1 odc=0x8b sts=0xe0 armed=1
[TRG] pulses=56 suppressed=661 cyc=1600 rst=1 rstmode=0x40
[HLT] polls=111 faults=0x0 cfglost=0
[EFF] n=5 last=58500 min=58500 max=58645 late=0 stuck=0
[DWT] ok=1 cyc=4165794834 cyc_per_ms=800002
[HB] up_ms=119145 frames=5646 inf=5646 hazard=720 canary_err=0 q=0 qovr=0
[I2C] init=0 gate=0 whoami=0x140e0 wr=0 wrseen=0x27 addr=0x5a ok=2667 err=1 tmo=0 recov=0 pclk1=200000000 sysclk=400000000
[NAK] nacks=1
[CLK] cpu=800000000 sysb=400000000 pclk1=200000000
[TOF] res=-42 step=1 id=0xa5 blk=0x0 ctl=0x1ff
[DRV] init=0 id=7 mode=0x1 lib=0x2 seq=0x1 odc=0x8b sts=0xe0 armed=1
[TRG] pulses=56 suppressed=664 cyc=1600 rst=1 rstmode=0x40
[HLT] polls=112 faults=0x0 cfglost=0
[EFF] n=5 last=58500 min=58500 max=58645 late=0 stuck=0
[DWT] ok=1 cyc=712424046 cyc_per_ms=799996
[HB] up_ms=120197 frames=5696 inf=5696 hazard=720 canary_err=0 q=0 qovr=0
[I2C] init=0 gate=0 whoami=0x140e0 wr=0 wrseen=0x27 addr=0x5a ok=2669 err=1 tmo=0 recov=0 pclk1=200000000 sysclk=400000000
[NAK] nacks=1
[CLK] cpu=800000000 sysb=400000000 pclk1=200000000
[TOF] res=-42 step=1 id=0xa5 blk=0x0 ctl=0x1ff
[DRV] init=0 id=7 mode=0x1 lib=0x2 seq=0x1 odc=0x8b sts=0xe0 armed=1
[TRG] pulses=56 suppressed=664 cyc=1600 rst=1 rstmode=0x40
[HLT] polls=113 faults=0x0 cfglost=0
[EFF] n=5 last=58500 min=58500 max=58645 late=0 stuck=0
[DWT] ok=1 cyc=1554002858 cyc_per_ms=799979
[HB] up_ms=121249 frames=5746 inf=5746 hazard=720 canary_err=0 q=0 qovr=0
[I2C] init=0 gate=0 whoami=0x140e0 wr=0 wrseen=0x27 addr=0x5a ok=2671 err=1 tmo=0 recov=0 pclk1=200000000 sysclk=400000000
[NAK] nacks=1
[CLK] cpu=800000000 sysb=400000000 pclk1=200000000
[TOF] res=-42 step=1 id=0xa5 blk=0x0 ctl=0x1ff
[DRV] init=0 id=7 mode=0x1 lib=0x2 seq=0x1 odc=0x8b sts=0xe0 armed=1
[TRG] pulses=56 suppressed=664 cyc=1600 rst=1 rstmode=0x40
[HLT] polls=114 faults=0x0 cfglost=0
[EFF] n=5 last=58500 min=58500 max=58645 late=0 stuck=0
[DWT] ok=1 cyc=2395602782 cyc_per_ms=799999
[HB] up_ms=122301 frames=5796 inf=5796 hazard=720 canary_err=0 q=0 qovr=0
[I2C] init=0 gate=0 whoami=0x140e0 wr=0 wrseen=0x27 addr=0x5a ok=2673 err=1 tmo=0 recov=0 pclk1=200000000 sysclk=400000000
[NAK] nacks=1
[CLK] cpu=800000000 sysb=400000000 pclk1=200000000
[TOF] res=-42 step=1 id=0xa5 blk=0x0 ctl=0x1ff
[DRV] init=0 id=7 mode=0x1 lib=0x2 seq=0x1 odc=0x8b sts=0xe0 armed=1
[TRG] pulses=56 suppressed=664 cyc=1600 rst=1 rstmode=0x40
[HLT] polls=115 faults=0x0 cfglost=0
[EFF] n=5 last=58500 min=58500 max=58645 late=0 stuck=0
[DWT] ok=1 cyc=3237202834 cyc_per_ms=800000
[HB] up_ms=123353 frames=5846 inf=5846 hazard=720 canary_err=0 q=0 qovr=0
[I2C] init=0 gate=0 whoami=0x140e0 wr=0 wrseen=0x27 addr=0x5a ok=2675 err=1 tmo=0 recov=0 pclk1=200000000 sysclk=400000000
[NAK] nacks=1
[CLK] cpu=800000000 sysb=400000000 pclk1=200000000
[TOF] res=-42 step=1 id=0xa5 blk=0x0 ctl=0x1ff
[DRV] init=0 id=7 mode=0x1 lib=0x2 seq=0x1 odc=0x8b sts=0xe0 armed=1
[TRG] pulses=56 suppressed=664 cyc=1600 rst=1 rstmode=0x40
[HLT] polls=116 faults=0x0 cfglost=0
[EFF] n=5 last=58500 min=58500 max=58645 late=0 stuck=0
[DWT] ok=1 cyc=4078802886 cyc_per_ms=800000
[HB] up_ms=124405 frames=5896 inf=5896 hazard=736 canary_err=0 q=0 qovr=0
[I2C] init=0 gate=0 whoami=0x140e0 wr=0 wrseen=0x27 addr=0x5a ok=2677 err=1 tmo=0 recov=0 pclk1=200000000 sysclk=400000000
[NAK] nacks=1
[CLK] cpu=800000000 sysb=400000000 pclk1=200000000
[TOF] res=-42 step=1 id=0xa5 blk=0x0 ctl=0x1ff
[DRV] init=0 id=7 mode=0x1 lib=0x2 seq=0x1 odc=0x8b sts=0xe0 armed=1
[TRG] pulses=58 suppressed=680 cyc=1600 rst=1 rstmode=0x40
[HLT] polls=117 faults=0x0 cfglost=0
[EFF] n=5 last=58500 min=58500 max=58645 late=0 stuck=0
[DWT] ok=1 cyc=625437354 cyc_per_ms=800001
[HB] up_ms=125457 frames=5946 inf=5946 hazard=760 canary_err=0 q=0 qovr=0
[I2C] init=0 gate=0 whoami=0x140e0 wr=0 wrseen=0x27 addr=0x5a ok=2679 err=1 tmo=0 recov=0 pclk1=200000000 sysclk=400000000
[NAK] nacks=1
[CLK] cpu=800000000 sysb=400000000 pclk1=200000000
[TOF] res=-42 step=1 id=0xa5 blk=0x0 ctl=0x1ff
[DRV] init=0 id=7 mode=0x1 lib=0x2 seq=0x1 odc=0x8b sts=0xe0 armed=1
[TRG] pulses=59 suppressed=701 cyc=1600 rst=1 rstmode=0x40
[HLT] polls=118 faults=0x0 cfglost=0
[EFF] n=5 last=58500 min=58500 max=58645 late=0 stuck=0
[DWT] ok=1 cyc=1467035586 cyc_per_ms=799998
[HB] up_ms=126509 frames=5996 inf=5996 hazard=760 canary_err=0 q=0 qovr=0
[I2C] init=0 gate=0 whoami=0x140e0 wr=0 wrseen=0x27 addr=0x5a ok=2681 err=1 tmo=0 recov=0 pclk1=200000000 sysclk=400000000
[NAK] nacks=1
[CLK] cpu=800000000 sysb=400000000 pclk1=200000000
[TOF] res=-42 step=1 id=0xa5 blk=0x0 ctl=0x1ff
[DRV] init=0 id=7 mode=0x1 lib=0x2 seq=0x1 odc=0x8b sts=0xe0 armed=1
[TRG] pulses=59 suppressed=701 cyc=1600 rst=1 rstmode=0x40
[HLT] polls=119 faults=0x0 cfglost=0
[EFF] n=5 last=58500 min=58500 max=58645 late=0 stuck=0
[DWT] ok=1 cyc=2308635538 cyc_per_ms=799999
[HB] up_ms=127561 frames=6046 inf=6046 hazard=760 canary_err=0 q=0 qovr=0
[I2C] init=0 gate=0 whoami=0x140e0 wr=0 wrseen=0x27 addr=0x5a ok=2683 err=1 tmo=0 recov=0 pclk1=200000000 sysclk=400000000
[NAK] nacks=1
[CLK] cpu=800000000 sysb=400000000 pclk1=200000000
[TOF] res=-42 step=1 id=0xa5 blk=0x0 ctl=0x1ff
[DRV] init=0 id=7 mode=0x1 lib=0x2 seq=0x1 odc=0x8b sts=0xe0 armed=1
[TRG] pulses=59 suppressed=701 cyc=1600 rst=1 rstmode=0x40
[HLT] polls=120 faults=0x0 cfglost=0
[EFF] n=5 last=58500 min=58500 max=58645 late=0 stuck=0
[DWT] ok=1 cyc=3150257494 cyc_per_ms=800020
[HB] up_ms=128613 frames=6096 inf=6096 hazard=760 canary_err=0 q=0 qovr=0
[I2C] init=0 gate=0 whoami=0x140e0 wr=0 wrseen=0x27 addr=0x5a ok=2685 err=1 tmo=0 recov=0 pclk1=200000000 sysclk=400000000
[NAK] nacks=1
[CLK] cpu=800000000 sysb=400000000 pclk1=200000000
[TOF] res=-42 step=1 id=0xa5 blk=0x0 ctl=0x1ff
[DRV] init=0 id=7 mode=0x1 lib=0x2 seq=0x1 odc=0x8b sts=0xe0 armed=1
[TRG] pulses=59 suppressed=701 cyc=1600 rst=1 rstmode=0x40
[HLT] polls=121 faults=0x0 cfglost=0
[EFF] n=5 last=58500 min=58500 max=58645 late=0 stuck=0
[DWT] ok=1 cyc=3991857494 cyc_per_ms=800000
[HB] up_ms=129665 frames=6146 inf=6146 hazard=760 canary_err=0 q=0 qovr=0
[I2C] init=0 gate=0 whoami=0x140e0 wr=0 wrseen=0x27 addr=0x5a ok=2687 err=1 tmo=0 recov=0 pclk1=200000000 sysclk=400000000
[NAK] nacks=1
[CLK] cpu=800000000 sysb=400000000 pclk1=200000000
[TOF] res=-42 step=1 id=0xa5 blk=0x0 ctl=0x1ff
[DRV] init=0 id=7 mode=0x1 lib=0x2 seq=0x1 odc=0x8b sts=0xe0 armed=1
[TRG] pulses=59 suppressed=701 cyc=1600 rst=1 rstmode=0x40
[HLT] polls=122 faults=0x0 cfglost=0
[EFF] n=5 last=58500 min=58500 max=58645 late=0 stuck=0
[DWT] ok=1 cyc=538490202 cyc_per_ms=800000
[HB] up_ms=130717 frames=6197 inf=6197 hazard=760 canary_err=0 q=0 qovr=0
[I2C] init=0 gate=0 whoami=0x140e0 wr=0 wrseen=0x27 addr=0x5a ok=2689 err=1 tmo=0 recov=0 pclk1=200000000 sysclk=400000000
[NAK] nacks=1
[CLK] cpu=800000000 sysb=400000000 pclk1=200000000
[TOF] res=-42 step=1 id=0xa5 blk=0x0 ctl=0x1ff
[DRV] init=0 id=7 mode=0x1 lib=0x2 seq=0x1 odc=0x8b sts=0xe0 armed=1
[TRG] pulses=59 suppressed=701 cyc=1600 rst=1 rstmode=0x40
[HLT] polls=123 faults=0x0 cfglost=0
[EFF] n=5 last=58500 min=58500 max=58645 late=0 stuck=0
[DWT] ok=1 cyc=1380068186 cyc_per_ms=799979
[HB] up_ms=131769 frames=6247 inf=6247 hazard=800 canary_err=0 q=0 qovr=0
[I2C] init=0 gate=0 whoami=0x140e0 wr=0 wrseen=0x27 addr=0x5a ok=2691 err=1 tmo=0 recov=0 pclk1=200000000 sysclk=400000000
[NAK] nacks=1
[CLK] cpu=800000000 sysb=400000000 pclk1=200000000
[TOF] res=-42 step=1 id=0xa5 blk=0x0 ctl=0x1ff
[DRV] init=0 id=7 mode=0x1 lib=0x2 seq=0x1 odc=0x8b sts=0xe0 armed=1
[TRG] pulses=62 suppressed=738 cyc=1600 rst=1 rstmode=0x40
[HLT] polls=124 faults=0x0 cfglost=0
[EFF] n=5 last=58500 min=58500 max=58645 late=0 stuck=0
[DWT] ok=1 cyc=2221668202 cyc_per_ms=800000
[HB] up_ms=132821 frames=6297 inf=6297 hazard=800 canary_err=0 q=0 qovr=0
[I2C] init=0 gate=0 whoami=0x140e0 wr=0 wrseen=0x27 addr=0x5a ok=2693 err=1 tmo=0 recov=0 pclk1=200000000 sysclk=400000000
[NAK] nacks=1
[CLK] cpu=800000000 sysb=400000000 pclk1=200000000
[TOF] res=-42 step=1 id=0xa5 blk=0x0 ctl=0x1ff
[DRV] init=0 id=7 mode=0x1 lib=0x2 seq=0x1 odc=0x8b sts=0xe0 armed=1
[TRG] pulses=62 suppressed=738 cyc=1600 rst=1 rstmode=0x40
[HLT] polls=125 faults=0x0 cfglost=0
[EFF] n=5 last=58500 min=58500 max=58645 late=0 stuck=0
[DWT] ok=1 cyc=3063268246 cyc_per_ms=800000
[HB] up_ms=133873 frames=6347 inf=6347 hazard=800 canary_err=0 q=0 qovr=0
[I2C] init=0 gate=0 whoami=0x140e0 wr=0 wrseen=0x27 addr=0x5a ok=2695 err=1 tmo=0 recov=0 pclk1=200000000 sysclk=400000000
[NAK] nacks=1
[CLK] cpu=800000000 sysb=400000000 pclk1=200000000
[TOF] res=-42 step=1 id=0xa5 blk=0x0 ctl=0x1ff
[DRV] init=0 id=7 mode=0x1 lib=0x2 seq=0x1 odc=0x8b sts=0xe0 armed=1
[TRG] pulses=62 suppressed=738 cyc=1600 rst=1 rstmode=0x40
[HLT] polls=126 faults=0x0 cfglost=0
[EFF] n=5 last=58500 min=58500 max=58645 late=0 stuck=0
[DWT] ok=1 cyc=3904868194 cyc_per_ms=799999
[HB] up_ms=134925 frames=6397 inf=6397 hazard=800 canary_err=0 q=0 qovr=0
[I2C] init=0 gate=0 whoami=0x140e0 wr=0 wrseen=0x27 addr=0x5a ok=2697 err=1 tmo=0 recov=0 pclk1=200000000 sysclk=400000000
[NAK] nacks=1
[CLK] cpu=800000000 sysb=400000000 pclk1=200000000
[TOF] res=-42 step=1 id=0xa5 blk=0x0 ctl=0x1ff
[DRV] init=0 id=7 mode=0x1 lib=0x2 seq=0x1 odc=0x8b sts=0xe0 armed=1
[TRG] pulses=62 suppressed=738 cyc=1600 rst=1 rstmode=0x40
[HLT] polls=127 faults=0x0 cfglost=0
[EFF] n=5 last=58500 min=58500 max=58645 late=0 stuck=0
[DWT] ok=1 cyc=451500950 cyc_per_ms=800000
[HB] up_ms=135977 frames=6447 inf=6447 hazard=800 canary_err=0 q=0 qovr=0
[I2C] init=0 gate=0 whoami=0x140e0 wr=0 wrseen=0x27 addr=0x5a ok=2699 err=1 tmo=0 recov=0 pclk1=200000000 sysclk=400000000
[NAK] nacks=1
[CLK] cpu=800000000 sysb=400000000 pclk1=200000000
[TOF] res=-42 step=1 id=0xa5 blk=0x0 ctl=0x1ff
[DRV] init=0 id=7 mode=0x1 lib=0x2 seq=0x1 odc=0x8b sts=0xe0 armed=1
[TRG] pulses=62 suppressed=738 cyc=1600 rst=1 rstmode=0x40
[HLT] polls=128 faults=0x0 cfglost=0
[EFF] n=5 last=58500 min=58500 max=58645 late=0 stuck=0
[DWT] ok=1 cyc=1293101002 cyc_per_ms=800000
[HB] up_ms=137029 frames=6497 inf=6497 hazard=800 canary_err=0 q=0 qovr=0
[I2C] init=0 gate=0 whoami=0x140e0 wr=0 wrseen=0x27 addr=0x5a ok=2701 err=1 tmo=0 recov=0 pclk1=200000000 sysclk=400000000
[NAK] nacks=1
[CLK] cpu=800000000 sysb=400000000 pclk1=200000000
[TOF] res=-42 step=1 id=0xa5 blk=0x0 ctl=0x1ff
[DRV] init=0 id=7 mode=0x1 lib=0x2 seq=0x1 odc=0x8b sts=0xe0 armed=1
[TRG] pulses=62 suppressed=738 cyc=1600 rst=1 rstmode=0x40
[HLT] polls=129 faults=0x0 cfglost=0
[EFF] n=5 last=58500 min=58500 max=58645 late=0 stuck=0
[DWT] ok=1 cyc=2134700950 cyc_per_ms=799999
[HB] up_ms=138081 frames=6547 inf=6547 hazard=827 canary_err=0 q=0 qovr=0
[I2C] init=0 gate=0 whoami=0x140e0 wr=0 wrseen=0x27 addr=0x5a ok=2703 err=1 tmo=0 recov=0 pclk1=200000000 sysclk=400000000
[NAK] nacks=1
[CLK] cpu=800000000 sysb=400000000 pclk1=200000000
[TOF] res=-42 step=1 id=0xa5 blk=0x0 ctl=0x1ff
[DRV] init=0 id=7 mode=0x1 lib=0x2 seq=0x1 odc=0x8b sts=0xe0 armed=1
[TRG] pulses=65 suppressed=764 cyc=1600 rst=1 rstmode=0x40
[HLT] polls=130 faults=0x0 cfglost=0
[EFF] n=5 last=58500 min=58500 max=58645 late=0 stuck=0
[DWT] ok=1 cyc=2976305166 cyc_per_ms=800004
[HB] up_ms=139133 frames=6597 inf=6597 hazard=840 canary_err=0 q=0 qovr=0
[I2C] init=0 gate=0 whoami=0x140e0 wr=0 wrseen=0x27 addr=0x5a ok=2705 err=1 tmo=0 recov=0 pclk1=200000000 sysclk=400000000
[NAK] nacks=1
[CLK] cpu=800000000 sysb=400000000 pclk1=200000000
[TOF] res=-42 step=1 id=0xa5 blk=0x0 ctl=0x1ff
[DRV] init=0 id=7 mode=0x1 lib=0x2 seq=0x1 odc=0x8b sts=0xe0 armed=1
[TRG] pulses=65 suppressed=775 cyc=1600 rst=1 rstmode=0x40
[HLT] polls=131 faults=0x0 cfglost=0
[EFF] n=5 last=58500 min=58500 max=58645 late=0 stuck=0
[DWT] ok=1 cyc=3817955794 cyc_per_ms=800048
[HB] up_ms=140185 frames=6647 inf=6647 hazard=840 canary_err=0 q=0 qovr=0
[I2C] init=0 gate=0 whoami=0x140e0 wr=0 wrseen=0x27 addr=0x5a ok=2707 err=1 tmo=0 recov=0 pclk1=200000000 sysclk=400000000
[NAK] nacks=1
[CLK] cpu=800000000 sysb=400000000 pclk1=200000000
[TOF] res=-42 step=1 id=0xa5 blk=0x0 ctl=0x1ff
[DRV] init=0 id=7 mode=0x1 lib=0x2 seq=0x1 odc=0x8b sts=0xe0 armed=1
[TRG] pulses=65 suppressed=775 cyc=1600 rst=1 rstmode=0x40
[HLT] polls=132 faults=0x0 cfglost=0
[EFF] n=5 last=58500 min=58500 max=58645 late=0 stuck=0
[DWT] ok=1 cyc=364588494 cyc_per_ms=799999
[HB] up_ms=141237 frames=6698 inf=6698 hazard=840 canary_err=0 q=0 qovr=0
[I2C] init=0 gate=0 whoami=0x140e0 wr=0 wrseen=0x27 addr=0x5a ok=2709 err=1 tmo=0 recov=0 pclk1=200000000 sysclk=400000000
[NAK] nacks=1
[CLK] cpu=800000000 sysb=400000000 pclk1=200000000
[TOF] res=-42 step=1 id=0xa5 blk=0x0 ctl=0x1ff
[DRV] init=0 id=7 mode=0x1 lib=0x2 seq=0x1 odc=0x8b sts=0xe0 armed=1
[TRG] pulses=65 suppressed=775 cyc=1600 rst=1 rstmode=0x40
[HLT] polls=133 faults=0x0 cfglost=0
[EFF] n=5 last=58500 min=58500 max=58645 late=0 stuck=0
[DWT] ok=1 cyc=1206187726 cyc_per_ms=799999
[HB] up_ms=142289 frames=6748 inf=6748 hazard=840 canary_err=0 q=0 qovr=0
[I2C] init=0 gate=0 whoami=0x140e0 wr=0 wrseen=0x27 addr=0x5a ok=2711 err=1 tmo=0 recov=0 pclk1=200000000 sysclk=400000000
[NAK] nacks=1
[CLK] cpu=800000000 sysb=400000000 pclk1=200000000
[TOF] res=-42 step=1 id=0xa5 blk=0x0 ctl=0x1ff
[DRV] init=0 id=7 mode=0x1 lib=0x2 seq=0x1 odc=0x8b sts=0xe0 armed=1
[TRG] pulses=65 suppressed=775 cyc=1600 rst=1 rstmode=0x40
[HLT] polls=134 faults=0x0 cfglost=0
[EFF] n=5 last=58500 min=58500 max=58645 late=0 stuck=0
[DWT] ok=1 cyc=2047766526 cyc_per_ms=799979
[HB] up_ms=143341 frames=6798 inf=6798 hazard=840 canary_err=0 q=0 qovr=0
[I2C] init=0 gate=0 whoami=0x140e0 wr=0 wrseen=0x27 addr=0x5a ok=2713 err=1 tmo=0 recov=0 pclk1=200000000 sysclk=400000000
[NAK] nacks=1
[CLK] cpu=800000000 sysb=400000000 pclk1=200000000
[TOF] res=-42 step=1 id=0xa5 blk=0x0 ctl=0x1ff
[DRV] init=0 id=7 mode=0x1 lib=0x2 seq=0x1 odc=0x8b sts=0xe0 armed=1
[TRG] pulses=65 suppressed=775 cyc=1600 rst=1 rstmode=0x40
[HLT] polls=136 faults=0x0 cfglost=0
[EFF] n=5 last=58500 min=58500 max=58645 late=0 stuck=0
[DWT] ok=1 cyc=2889366446 cyc_per_ms=799999
[HB] up_ms=144393 frames=6848 inf=6848 hazard=848 canary_err=0 q=0 qovr=0
[I2C] init=0 gate=0 whoami=0x140e0 wr=0 wrseen=0x27 addr=0x5a ok=2715 err=1 tmo=0 recov=0 pclk1=200000000 sysclk=400000000
[NAK] nacks=1
[CLK] cpu=800000000 sysb=400000000 pclk1=200000000
[TOF] res=-42 step=1 id=0xa5 blk=0x0 ctl=0x1ff
[DRV] init=0 id=7 mode=0x1 lib=0x2 seq=0x1 odc=0x8b sts=0xe0 armed=1
[TRG] pulses=66 suppressed=783 cyc=1600 rst=1 rstmode=0x40
[HLT] polls=137 faults=0x0 cfglost=0
[EFF] n=5 last=58500 min=58500 max=58645 late=0 stuck=0
[DWT] ok=1 cyc=3730968290 cyc_per_ms=800001
[HB] up_ms=145445 frames=6898 inf=6898 hazard=880 canary_err=0 q=0 qovr=0
[I2C] init=0 gate=0 whoami=0x140e0 wr=0 wrseen=0x27 addr=0x5a ok=2717 err=1 tmo=0 recov=0 pclk1=200000000 sysclk=400000000
[NAK] nacks=1
[CLK] cpu=800000000 sysb=400000000 pclk1=200000000
[TOF] res=-42 step=1 id=0xa5 blk=0x0 ctl=0x1ff
[DRV] init=0 id=7 mode=0x1 lib=0x2 seq=0x1 odc=0x8b sts=0xe0 armed=1
[TRG] pulses=68 suppressed=812 cyc=1600 rst=1 rstmode=0x40
[HLT] polls=138 faults=0x0 cfglost=0
[EFF] n=5 last=58500 min=58500 max=58645 late=0 stuck=0
[DWT] ok=1 cyc=277599182 cyc_per_ms=799998
[HB] up_ms=146497 frames=6948 inf=6948 hazard=880 canary_err=0 q=0 qovr=0
[I2C] init=0 gate=0 whoami=0x140e0 wr=0 wrseen=0x27 addr=0x5a ok=2719 err=1 tmo=0 recov=0 pclk1=200000000 sysclk=400000000
[NAK] nacks=1
[CLK] cpu=800000000 sysb=400000000 pclk1=200000000
[TOF] res=-42 step=1 id=0xa5 blk=0x0 ctl=0x1ff
[DRV] init=0 id=7 mode=0x1 lib=0x2 seq=0x1 odc=0x8b sts=0xe0 armed=1
[TRG] pulses=68 suppressed=812 cyc=1600 rst=1 rstmode=0x40
[HLT] polls=139 faults=0x0 cfglost=0
[EFF] n=5 last=58500 min=58500 max=58645 late=0 stuck=0
[DWT] ok=1 cyc=1119199202 cyc_per_ms=800000
[HB] up_ms=147549 frames=6998 inf=6998 hazard=880 canary_err=0 q=0 qovr=0
[I2C] init=0 gate=0 whoami=0x140e0 wr=0 wrseen=0x27 addr=0x5a ok=2721 err=1 tmo=0 recov=0 pclk1=200000000 sysclk=400000000
[NAK] nacks=1
[CLK] cpu=800000000 sysb=400000000 pclk1=200000000
[TOF] res=-42 step=1 id=0xa5 blk=0x0 ctl=0x1ff
[DRV] init=0 id=7 mode=0x1 lib=0x2 seq=0x1 odc=0x8b sts=0xe0 armed=1
[TRG] pulses=68 suppressed=812 cyc=1600 rst=1 rstmode=0x40
[HLT] polls=140 faults=0x0 cfglost=0
[EFF] n=5 last=58500 min=58500 max=58645 late=0 stuck=0
[DWT] ok=1 cyc=1960799230 cyc_per_ms=800000
[HB] up_ms=148601 frames=7048 inf=7048 hazard=880 canary_err=0 q=0 qovr=0
[I2C] init=0 gate=0 whoami=0x140e0 wr=0 wrseen=0x27 addr=0x5a ok=2723 err=1 tmo=0 recov=0 pclk1=200000000 sysclk=400000000
[NAK] nacks=1
[CLK] cpu=800000000 sysb=400000000 pclk1=200000000
[TOF] res=-42 step=1 id=0xa5 blk=0x0 ctl=0x1ff
[DRV] init=0 id=7 mode=0x1 lib=0x2 seq=0x1 odc=0x8b sts=0xe0 armed=1
[TRG] pulses=68 suppressed=812 cyc=1600 rst=1 rstmode=0x40
[HLT] polls=141 faults=0x0 cfglost=0
[EFF] n=5 last=58500 min=58500 max=58645 late=0 stuck=0
[DWT] ok=1 cyc=2802399218 cyc_per_ms=799999
[HB] up_ms=149653 frames=7098 inf=7098 hazard=880 canary_err=0 q=0 qovr=0
[I2C] init=0 gate=0 whoami=0x140e0 wr=0 wrseen=0x27 addr=0x5a ok=2725 err=1 tmo=0 recov=0 pclk1=200000000 sysclk=400000000
[NAK] nacks=1
[CLK] cpu=800000000 sysb=400000000 pclk1=200000000
[TOF] res=-42 step=1 id=0xa5 blk=0x0 ctl=0x1ff
[DRV] init=0 id=7 mode=0x1 lib=0x2 seq=0x1 odc=0x8b sts=0xe0 armed=1
[TRG] pulses=68 suppressed=812 cyc=1600 rst=1 rstmode=0x40
[HLT] polls=142 faults=0x0 cfglost=0
[EFF] n=5 last=58500 min=58500 max=58645 late=0 stuck=0
[DWT] ok=1 cyc=3644021166 cyc_per_ms=800020
[HB] up_ms=150705 frames=7148 inf=7148 hazard=880 canary_err=0 q=0 qovr=0
[I2C] init=0 gate=0 whoami=0x140e0 wr=0 wrseen=0x27 addr=0x5a ok=2727 err=1 tmo=0 recov=0 pclk1=200000000 sysclk=400000000
[NAK] nacks=1
[CLK] cpu=800000000 sysb=400000000 pclk1=200000000
[TOF] res=-42 step=1 id=0xa5 blk=0x0 ctl=0x1ff
[DRV] init=0 id=7 mode=0x1 lib=0x2 seq=0x1 odc=0x8b sts=0xe0 armed=1
[TRG] pulses=68 suppressed=812 cyc=1600 rst=1 rstmode=0x40
[HLT] polls=143 faults=0x0 cfglost=0
[EFF] n=5 last=58500 min=58500 max=58645 late=0 stuck=0
[DWT] ok=1 cyc=190653862 cyc_per_ms=799999
[HB] up_ms=151757 frames=7198 inf=7198 hazard=918 canary_err=0 q=0 qovr=0
[I2C] init=0 gate=0 whoami=0x140e0 wr=0 wrseen=0x27 addr=0x5a ok=2729 err=1 tmo=0 recov=0 pclk1=200000000 sysclk=400000000
[NAK] nacks=1
[CLK] cpu=800000000 sysb=400000000 pclk1=200000000
[TOF] res=-42 step=1 id=0xa5 blk=0x0 ctl=0x1ff
[DRV] init=0 id=7 mode=0x1 lib=0x2 seq=0x1 odc=0x8b sts=0xe0 armed=1
[TRG] pulses=71 suppressed=849 cyc=1600 rst=1 rstmode=0x40
[HLT] polls=144 faults=0x0 cfglost=0
[EFF] n=5 last=58500 min=58500 max=58645 late=0 stuck=0
[DWT] ok=1 cyc=1032255698 cyc_per_ms=800001
[HB] up_ms=152809 frames=7249 inf=7249 hazard=920 canary_err=0 q=0 qovr=0
[I2C] init=0 gate=0 whoami=0x140e0 wr=0 wrseen=0x27 addr=0x5a ok=2731 err=1 tmo=0 recov=0 pclk1=200000000 sysclk=400000000
[NAK] nacks=1
[CLK] cpu=800000000 sysb=400000000 pclk1=200000000
[TOF] res=-42 step=1 id=0xa5 blk=0x0 ctl=0x1ff
[DRV] init=0 id=7 mode=0x1 lib=0x2 seq=0x1 odc=0x8b sts=0xe0 armed=1
[TRG] pulses=71 suppressed=849 cyc=1600 rst=1 rstmode=0x40
[HLT] polls=145 faults=0x0 cfglost=0
[EFF] n=5 last=58500 min=58500 max=58645 late=0 stuck=0
[DWT] ok=1 cyc=1873831890 cyc_per_ms=799977
[HB] up_ms=153861 frames=7299 inf=7299 hazard=920 canary_err=0 q=0 qovr=0
[I2C] init=0 gate=0 whoami=0x140e0 wr=0 wrseen=0x27 addr=0x5a ok=2733 err=1 tmo=0 recov=0 pclk1=200000000 sysclk=400000000
[NAK] nacks=1
[CLK] cpu=800000000 sysb=400000000 pclk1=200000000
[TOF] res=-42 step=1 id=0xa5 blk=0x0 ctl=0x1ff
[DRV] init=0 id=7 mode=0x1 lib=0x2 seq=0x1 odc=0x8b sts=0xe0 armed=1
[TRG] pulses=71 suppressed=849 cyc=1600 rst=1 rstmode=0x40
[HLT] polls=146 faults=0x0 cfglost=0
[EFF] n=5 last=58500 min=58500 max=58645 late=0 stuck=0
[DWT] ok=1 cyc=2715431902 cyc_per_ms=800000
[HB] up_ms=154913 frames=7349 inf=7349 hazard=920 canary_err=0 q=0 qovr=0
[I2C] init=0 gate=0 whoami=0x140e0 wr=0 wrseen=0x27 addr=0x5a ok=2735 err=1 tmo=0 recov=0 pclk1=200000000 sysclk=400000000
[NAK] nacks=1
[CLK] cpu=800000000 sysb=400000000 pclk1=200000000
[TOF] res=-42 step=1 id=0xa5 blk=0x0 ctl=0x1ff
[DRV] init=0 id=7 mode=0x1 lib=0x2 seq=0x1 odc=0x8b sts=0xe0 armed=1
[TRG] pulses=71 suppressed=849 cyc=1600 rst=1 rstmode=0x40
[HLT] polls=147 faults=0x0 cfglost=0
[EFF] n=5 last=58500 min=58500 max=58645 late=0 stuck=0
[DWT] ok=1 cyc=3557031922 cyc_per_ms=800000
[HB] up_ms=155965 frames=7399 inf=7399 hazard=920 canary_err=0 q=0 qovr=0
[I2C] init=0 gate=0 whoami=0x140e0 wr=0 wrseen=0x27 addr=0x5a ok=2737 err=1 tmo=0 recov=0 pclk1=200000000 sysclk=400000000
[NAK] nacks=1
[CLK] cpu=800000000 sysb=400000000 pclk1=200000000
[TOF] res=-42 step=1 id=0xa5 blk=0x0 ctl=0x1ff
[DRV] init=0 id=7 mode=0x1 lib=0x2 seq=0x1 odc=0x8b sts=0xe0 armed=1
[TRG] pulses=71 suppressed=849 cyc=1600 rst=1 rstmode=0x40
[HLT] polls=148 faults=0x0 cfglost=0
[EFF] n=5 last=58500 min=58500 max=58645 late=0 stuck=0
[DWT] ok=1 cyc=103664550 cyc_per_ms=799999
[HB] up_ms=157017 frames=7449 inf=7449 hazard=920 canary_err=0 q=0 qovr=0
[I2C] init=0 gate=0 whoami=0x140e0 wr=0 wrseen=0x27 addr=0x5a ok=2739 err=1 tmo=0 recov=0 pclk1=200000000 sysclk=400000000
[NAK] nacks=1
[CLK] cpu=800000000 sysb=400000000 pclk1=200000000
[TOF] res=-42 step=1 id=0xa5 blk=0x0 ctl=0x1ff
[DRV] init=0 id=7 mode=0x1 lib=0x2 seq=0x1 odc=0x8b sts=0xe0 armed=1
[TRG] pulses=71 suppressed=849 cyc=1600 rst=1 rstmode=0x40
[HLT] polls=149 faults=0x0 cfglost=0
[EFF] n=5 last=58500 min=58500 max=58645 late=0 stuck=0
[DWT] ok=1 cyc=945264566 cyc_per_ms=800000
[HB] up_ms=158069 frames=7499 inf=7499 hazard=939 canary_err=0 q=0 qovr=0
[I2C] init=0 gate=0 whoami=0x140e0 wr=0 wrseen=0x27 addr=0x5a ok=2741 err=1 tmo=0 recov=0 pclk1=200000000 sysclk=400000000
[NAK] nacks=1
[CLK] cpu=800000000 sysb=400000000 pclk1=200000000
[TOF] res=-42 step=1 id=0xa5 blk=0x0 ctl=0x1ff
[DRV] init=0 id=7 mode=0x1 lib=0x2 seq=0x1 odc=0x8b sts=0xe0 armed=1
[TRG] pulses=73 suppressed=868 cyc=1600 rst=1 rstmode=0x40
[HLT] polls=150 faults=0x0 cfglost=0
[EFF] n=5 last=58500 min=58500 max=58645 late=0 stuck=0
[DWT] ok=1 cyc=1786866434 cyc_per_ms=800001
[HB] up_ms=159121 frames=7549 inf=7549 hazard=960 canary_err=0 q=0 qovr=0
[I2C] init=0 gate=0 whoami=0x140e0 wr=0 wrseen=0x27 addr=0x5a ok=2743 err=1 tmo=0 recov=0 pclk1=200000000 sysclk=400000000
[NAK] nacks=1
[CLK] cpu=800000000 sysb=400000000 pclk1=200000000
[TOF] res=-42 step=1 id=0xa5 blk=0x0 ctl=0x1ff
[DRV] init=0 id=7 mode=0x1 lib=0x2 seq=0x1 odc=0x8b sts=0xe0 armed=1
[TRG] pulses=74 suppressed=886 cyc=1600 rst=1 rstmode=0x40
[HLT] polls=151 faults=0x0 cfglost=0
[EFF] n=5 last=58500 min=58500 max=58645 late=0 stuck=0
[DWT] ok=1 cyc=2628464590 cyc_per_ms=799998
[HB] up_ms=160173 frames=7599 inf=7599 hazard=960 canary_err=0 q=0 qovr=0
[I2C] init=0 gate=0 whoami=0x140e0 wr=0 wrseen=0x27 addr=0x5a ok=2747 err=1 tmo=0 recov=0 pclk1=200000000 sysclk=400000000
[NAK] nacks=1
[CLK] cpu=800000000 sysb=400000000 pclk1=200000000
[TOF] res=-42 step=1 id=0xa5 blk=0x0 ctl=0x1ff
[DRV] init=0 id=7 mode=0x1 lib=0x2 seq=0x1 odc=0x8b sts=0xe0 armed=1
[TRG] pulses=74 suppressed=886 cyc=1600 rst=1 rstmode=0x40
[HLT] polls=152 faults=0x0 cfglost=0
[EFF] n=5 last=58500 min=58500 max=58645 late=0 stuck=0
[DWT] ok=1 cyc=3470064574 cyc_per_ms=799999
[HB] up_ms=161225 frames=7649 inf=7649 hazard=960 canary_err=0 q=0 qovr=0
[I2C] init=0 gate=0 whoami=0x140e0 wr=0 wrseen=0x27 addr=0x5a ok=2749 err=1 tmo=0 recov=0 pclk1=200000000 sysclk=400000000
[NAK] nacks=1
[CLK] cpu=800000000 sysb=400000000 pclk1=200000000
[TOF] res=-42 step=1 id=0xa5 blk=0x0 ctl=0x1ff
[DRV] init=0 id=7 mode=0x1 lib=0x2 seq=0x1 odc=0x8b sts=0xe0 armed=1
[TRG] pulses=74 suppressed=886 cyc=1600 rst=1 rstmode=0x40
[HLT] polls=153 faults=0x0 cfglost=0
[EFF] n=5 last=58500 min=58500 max=58645 late=0 stuck=0
[DWT] ok=1 cyc=16719226 cyc_per_ms=800020
[HB] up_ms=162277 frames=7699 inf=7699 hazard=960 canary_err=0 q=0 qovr=0
[I2C] init=0 gate=0 whoami=0x140e0 wr=0 wrseen=0x27 addr=0x5a ok=2751 err=1 tmo=0 recov=0 pclk1=200000000 sysclk=400000000
[NAK] nacks=1
[CLK] cpu=800000000 sysb=400000000 pclk1=200000000
[TOF] res=-42 step=1 id=0xa5 blk=0x0 ctl=0x1ff
[DRV] init=0 id=7 mode=0x1 lib=0x2 seq=0x1 odc=0x8b sts=0xe0 armed=1
[TRG] pulses=74 suppressed=886 cyc=1600 rst=1 rstmode=0x40
[HLT] polls=154 faults=0x0 cfglost=0
[EFF] n=5 last=58500 min=58500 max=58645 late=0 stuck=0
[DWT] ok=1 cyc=858319214 cyc_per_ms=799999
[HB] up_ms=163329 frames=7750 inf=7750 hazard=960 canary_err=0 q=0 qovr=0
[I2C] init=0 gate=0 whoami=0x140e0 wr=0 wrseen=0x27 addr=0x5a ok=2753 err=1 tmo=0 recov=0 pclk1=200000000 sysclk=400000000
[NAK] nacks=1
[CLK] cpu=800000000 sysb=400000000 pclk1=200000000
[TOF] res=-42 step=1 id=0xa5 blk=0x0 ctl=0x1ff
[DRV] init=0 id=7 mode=0x1 lib=0x2 seq=0x1 odc=0x8b sts=0xe0 armed=1
[TRG] pulses=74 suppressed=886 cyc=1600 rst=1 rstmode=0x40
[HLT] polls=155 faults=0x0 cfglost=0
[EFF] n=5 last=58500 min=58500 max=58645 late=0 stuck=0
[DWT] ok=1 cyc=1699918534 cyc_per_ms=799999
[HB] up_ms=164381 frames=7800 inf=7800 hazard=960 canary_err=0 q=0 qovr=0
[I2C] init=0 gate=0 whoami=0x140e0 wr=0 wrseen=0x27 addr=0x5a ok=2755 err=1 tmo=0 recov=0 pclk1=200000000 sysclk=400000000
[NAK] nacks=1
[CLK] cpu=800000000 sysb=400000000 pclk1=200000000
[TOF] res=-42 step=1 id=0xa5 blk=0x0 ctl=0x1ff
[DRV] init=0 id=7 mode=0x1 lib=0x2 seq=0x1 odc=0x8b sts=0xe0 armed=1
[TRG] pulses=75 suppressed=886 cyc=1600 rst=1 rstmode=0x40
[HLT] polls=156 faults=0x0 cfglost=0
[EFF] n=5 last=58500 min=58500 max=58645 late=0 stuck=0
[DWT] ok=1 cyc=2541468706 cyc_per_ms=799952
[HB] up_ms=165433 frames=7850 inf=7850 hazard=1000 canary_err=0 q=0 qovr=0
[I2C] init=0 gate=0 whoami=0x140e0 wr=0 wrseen=0x27 addr=0x5a ok=2757 err=1 tmo=0 recov=0 pclk1=200000000 sysclk=400000000
[NAK] nacks=1
[CLK] cpu=800000000 sysb=400000000 pclk1=200000000
[TOF] res=-42 step=1 id=0xa5 blk=0x0 ctl=0x1ff
[DRV] init=0 id=7 mode=0x1 lib=0x2 seq=0x1 odc=0x8b sts=0xe0 armed=1
[TRG] pulses=77 suppressed=923 cyc=1600 rst=1 rstmode=0x40
[HLT] polls=157 faults=0x0 cfglost=0
[EFF] n=5 last=58500 min=58500 max=58645 late=0 stuck=0
[DWT] ok=1 cyc=3383134486 cyc_per_ms=800062
[HB] up_ms=166485 frames=7900 inf=7900 hazard=1000 canary_err=0 q=0 qovr=0
[I2C] init=0 gate=0 whoami=0x140e0 wr=0 wrseen=0x27 addr=0x5a ok=2759 err=1 tmo=0 recov=0 pclk1=200000000 sysclk=400000000
[NAK] nacks=1
[CLK] cpu=800000000 sysb=400000000 pclk1=200000000
[TOF] res=-42 step=1 id=0xa5 blk=0x0 ctl=0x1ff
[DRV] init=0 id=7 mode=0x1 lib=0x2 seq=0x1 odc=0x8b sts=0xe0 armed=1
[TRG] pulses=77 suppressed=923 cyc=1600 rst=1 rstmode=0x40
[HLT] polls=158 faults=0x0 cfglost=0
[EFF] n=5 last=58500 min=58500 max=58645 late=0 stuck=0
[DWT] ok=1 cyc=4224734414 cyc_per_ms=799999
[HB] up_ms=167537 frames=7950 inf=7950 hazard=1000 canary_err=0 q=0 qovr=0
[I2C] init=0 gate=0 whoami=0x140e0 wr=0 wrseen=0x27 addr=0x5a ok=2761 err=1 tmo=0 recov=0 pclk1=200000000 sysclk=400000000
[NAK] nacks=1
[CLK] cpu=800000000 sysb=400000000 pclk1=200000000
[TOF] res=-42 step=1 id=0xa5 blk=0x0 ctl=0x1ff
[DRV] init=0 id=7 mode=0x1 lib=0x2 seq=0x1 odc=0x8b sts=0xe0 armed=1
[TRG] pulses=77 suppressed=923 cyc=1600 rst=1 rstmode=0x40
[HLT] polls=159 faults=0x0 cfglost=0
[EFF] n=5 last=58500 min=58500 max=58645 late=0 stuck=0
[DWT] ok=1 cyc=771367142 cyc_per_ms=800000
[HB] up_ms=168589 frames=8000 inf=8000 hazard=1000 canary_err=0 q=0 qovr=0
[I2C] init=0 gate=0 whoami=0x140e0 wr=0 wrseen=0x27 addr=0x5a ok=2763 err=1 tmo=0 recov=0 pclk1=200000000 sysclk=400000000
[NAK] nacks=1
[CLK] cpu=800000000 sysb=400000000 pclk1=200000000
[TOF] res=-42 step=1 id=0xa5 blk=0x0 ctl=0x1ff
[DRV] init=0 id=7 mode=0x1 lib=0x2 seq=0x1 odc=0x8b sts=0xe0 armed=1
[TRG] pulses=77 suppressed=923 cyc=1600 rst=1 rstmode=0x40
[HLT] polls=160 faults=0x0 cfglost=0
[EFF] n=5 last=58500 min=58500 max=58645 late=0 stuck=0
[DWT] ok=1 cyc=1612967170 cyc_per_ms=800000
[HB] up_ms=169641 frames=8050 inf=8050 hazard=1000 canary_err=0 q=0 qovr=0
[I2C] init=0 gate=0 whoami=0x140e0 wr=0 wrseen=0x27 addr=0x5a ok=2765 err=1 tmo=0 recov=0 pclk1=200000000 sysclk=400000000
[NAK] nacks=1
[CLK] cpu=800000000 sysb=400000000 pclk1=200000000
[TOF] res=-42 step=1 id=0xa5 blk=0x0 ctl=0x1ff
[DRV] init=0 id=7 mode=0x1 lib=0x2 seq=0x1 odc=0x8b sts=0xe0 armed=1
[TRG] pulses=77 suppressed=923 cyc=1600 rst=1 rstmode=0x40
[HLT] polls=161 faults=0x0 cfglost=0
[EFF] n=5 last=58500 min=58500 max=58645 late=0 stuck=0
[DWT] ok=1 cyc=2454567198 cyc_per_ms=800000
[HB] up_ms=170693 frames=8100 inf=8100 hazard=1000 canary_err=0 q=0 qovr=0
[I2C] init=0 gate=0 whoami=0x140e0 wr=0 wrseen=0x27 addr=0x5a ok=2767 err=1 tmo=0 recov=0 pclk1=200000000 sysclk=400000000
[NAK] nacks=1
[CLK] cpu=800000000 sysb=400000000 pclk1=200000000
[TOF] res=-42 step=1 id=0xa5 blk=0x0 ctl=0x1ff
[DRV] init=0 id=7 mode=0x1 lib=0x2 seq=0x1 odc=0x8b sts=0xe0 armed=1
[TRG] pulses=77 suppressed=923 cyc=1600 rst=1 rstmode=0x40
[HLT] polls=162 faults=0x0 cfglost=0
[EFF] n=5 last=58500 min=58500 max=58645 late=0 stuck=0
[DWT] ok=1 cyc=3296167190 cyc_per_ms=799999
[HB] up_ms=171745 frames=8150 inf=8150 hazard=1030 canary_err=0 q=0 qovr=0
[I2C] init=0 gate=0 whoami=0x140e0 wr=0 wrseen=0x27 addr=0x5a ok=2769 err=1 tmo=0 recov=0 pclk1=200000000 sysclk=400000000
[NAK] nacks=1
[CLK] cpu=800000000 sysb=400000000 pclk1=200000000
[TOF] res=-42 step=1 id=0xa5 blk=0x0 ctl=0x1ff
[DRV] init=0 id=7 mode=0x1 lib=0x2 seq=0x1 odc=0x8b sts=0xe0 armed=1
[TRG] pulses=80 suppressed=952 cyc=1600 rst=1 rstmode=0x40
[HLT] polls=163 faults=0x0 cfglost=0
[EFF] n=5 last=58500 min=58500 max=58645 late=0 stuck=0
[DWT] ok=1 cyc=4137791810 cyc_per_ms=800023
[HB] up_ms=172797 frames=8200 inf=8200 hazard=1040 canary_err=0 q=0 qovr=0
[I2C] init=0 gate=0 whoami=0x140e0 wr=0 wrseen=0x27 addr=0x5a ok=2771 err=1 tmo=0 recov=0 pclk1=200000000 sysclk=400000000
[NAK] nacks=1
[CLK] cpu=800000000 sysb=400000000 pclk1=200000000
[TOF] res=-42 step=1 id=0xa5 blk=0x0 ctl=0x1ff
[DRV] init=0 id=7 mode=0x1 lib=0x2 seq=0x1 odc=0x8b sts=0xe0 armed=1
[TRG] pulses=80 suppressed=960 cyc=1600 rst=1 rstmode=0x40
[HLT] polls=164 faults=0x0 cfglost=0
[EFF] n=5 last=58500 min=58500 max=58645 late=0 stuck=0
[DWT] ok=1 cyc=684421810 cyc_per_ms=799997
[HB] up_ms=173849 frames=8250 inf=8250 hazard=1040 canary_err=0 q=0 qovr=0
[I2C] init=0 gate=0 whoami=0x140e0 wr=0 wrseen=0x27 addr=0x5a ok=2773 err=1 tmo=0 recov=0 pclk1=200000000 sysclk=400000000
[NAK] nacks=1
[CLK] cpu=800000000 sysb=400000000 pclk1=200000000
[TOF] res=-42 step=1 id=0xa5 blk=0x0 ctl=0x1ff
[DRV] init=0 id=7 mode=0x1 lib=0x2 seq=0x1 odc=0x8b sts=0xe0 armed=1
[TRG] pulses=80 suppressed=960 cyc=1600 rst=1 rstmode=0x40
[HLT] polls=165 faults=0x0 cfglost=0
[EFF] n=5 last=58500 min=58500 max=58645 late=0 stuck=0
[DWT] ok=1 cyc=1526021794 cyc_per_ms=799999
[HB] up_ms=174901 frames=8301 inf=8301 hazard=1040 canary_err=0 q=0 qovr=0
[I2C] init=0 gate=0 whoami=0x140e0 wr=0 wrseen=0x27 addr=0x5a ok=2775 err=1 tmo=0 recov=0 pclk1=200000000 sysclk=400000000
[NAK] nacks=1
[CLK] cpu=800000000 sysb=400000000 pclk1=200000000
[TOF] res=-42 step=1 id=0xa5 blk=0x0 ctl=0x1ff
[DRV] init=0 id=7 mode=0x1 lib=0x2 seq=0x1 odc=0x8b sts=0xe0 armed=1
[TRG] pulses=80 suppressed=960 cyc=1600 rst=1 rstmode=0x40
[HLT] polls=166 faults=0x0 cfglost=0
[EFF] n=5 last=58500 min=58500 max=58645 late=0 stuck=0
[DWT] ok=1 cyc=2367599870 cyc_per_ms=799979
[HB] up_ms=175953 frames=8351 inf=8351 hazard=1040 canary_err=0 q=0 qovr=0
[I2C] init=0 gate=0 whoami=0x140e0 wr=0 wrseen=0x27 addr=0x5a ok=2777 err=1 tmo=0 recov=0 pclk1=200000000 sysclk=400000000
[NAK] nacks=1
[CLK] cpu=800000000 sysb=400000000 pclk1=200000000
[TOF] res=-42 step=1 id=0xa5 blk=0x0 ctl=0x1ff
[DRV] init=0 id=7 mode=0x1 lib=0x2 seq=0x1 odc=0x8b sts=0xe0 armed=1
[TRG] pulses=80 suppressed=960 cyc=1600 rst=1 rstmode=0x40
[HLT] polls=167 faults=0x0 cfglost=0
[EFF] n=5 last=58500 min=58500 max=58645 late=0 stuck=0
[DWT] ok=1 cyc=3209199894 cyc_per_ms=800000
[HB] up_ms=177005 frames=8401 inf=8401 hazard=1040 canary_err=0 q=0 qovr=0
[I2C] init=0 gate=0 whoami=0x140e0 wr=0 wrseen=0x27 addr=0x5a ok=2779 err=1 tmo=0 recov=0 pclk1=200000000 sysclk=400000000
[NAK] nacks=1
[CLK] cpu=800000000 sysb=400000000 pclk1=200000000
[TOF] res=-42 step=1 id=0xa5 blk=0x0 ctl=0x1ff
[DRV] init=0 id=7 mode=0x1 lib=0x2 seq=0x1 odc=0x8b sts=0xe0 armed=1
[TRG] pulses=80 suppressed=960 cyc=1600 rst=1 rstmode=0x40
[HLT] polls=168 faults=0x0 cfglost=0
[EFF] n=5 last=58500 min=58500 max=58645 late=0 stuck=0
[DWT] ok=1 cyc=4050799822 cyc_per_ms=799999
[HB] up_ms=178057 frames=8451 inf=8451 hazard=1051 canary_err=0 q=0 qovr=0
[I2C] init=0 gate=0 whoami=0x140e0 wr=0 wrseen=0x27 addr=0x5a ok=2781 err=1 tmo=0 recov=0 pclk1=200000000 sysclk=400000000
[NAK] nacks=1
[CLK] cpu=800000000 sysb=400000000 pclk1=200000000
[TOF] res=-42 step=1 id=0xa5 blk=0x0 ctl=0x1ff
[DRV] init=0 id=7 mode=0x1 lib=0x2 seq=0x1 odc=0x8b sts=0xe0 armed=1
[TRG] pulses=81 suppressed=971 cyc=1600 rst=1 rstmode=0x40
[HLT] polls=169 faults=0x0 cfglost=0
[EFF] n=5 last=58500 min=58500 max=58645 late=0 stuck=0
[DWT] ok=1 cyc=597434394 cyc_per_ms=800001
[HB] up_ms=179109 frames=8501 inf=8501 hazard=1080 canary_err=0 q=0 qovr=0
[I2C] init=0 gate=0 whoami=0x140e0 wr=0 wrseen=0x27 addr=0x5a ok=2783 err=1 tmo=0 recov=0 pclk1=200000000 sysclk=400000000
[NAK] nacks=1
[CLK] cpu=800000000 sysb=400000000 pclk1=200000000
[TOF] res=-42 step=1 id=0xa5 blk=0x0 ctl=0x1ff
[DRV] init=0 id=7 mode=0x1 lib=0x2 seq=0x1 odc=0x8b sts=0xe0 armed=1
[TRG] pulses=83 suppressed=997 cyc=1600 rst=1 rstmode=0x40
[HLT] polls=170 faults=0x0 cfglost=0
[EFF] n=5 last=58500 min=58500 max=58645 late=0 stuck=0
[DWT] ok=1 cyc=1439032558 cyc_per_ms=799998
[HB] up_ms=180161 frames=8551 inf=8551 hazard=1080 canary_err=0 q=0 qovr=0
[I2C] init=0 gate=0 whoami=0x140e0 wr=0 wrseen=0x27 addr=0x5a ok=2785 err=1 tmo=0 recov=0 pclk1=200000000 sysclk=400000000
[NAK] nacks=1
[CLK] cpu=800000000 sysb=400000000 pclk1=200000000
[TOF] res=-42 step=1 id=0xa5 blk=0x0 ctl=0x1ff
[DRV] init=0 id=7 mode=0x1 lib=0x2 seq=0x1 odc=0x8b sts=0xe0 armed=1
[TRG] pulses=83 suppressed=997 cyc=1600 rst=1 rstmode=0x40
[HLT] polls=171 faults=0x0 cfglost=0
[EFF] n=5 last=58500 min=58500 max=58645 late=0 stuck=0
[DWT] ok=1 cyc=2280632582 cyc_per_ms=800000
[HB] up_ms=181213 frames=8601 inf=8601 hazard=1080 canary_err=0 q=0 qovr=0
[I2C] init=0 gate=0 whoami=0x140e0 wr=0 wrseen=0x27 addr=0x5a ok=2787 err=1 tmo=0 recov=0 pclk1=200000000 sysclk=400000000
[NAK] nacks=1
[CLK] cpu=800000000 sysb=400000000 pclk1=200000000
[TOF] res=-42 step=1 id=0xa5 blk=0x0 ctl=0x1ff
[DRV] init=0 id=7 mode=0x1 lib=0x2 seq=0x1 odc=0x8b sts=0xe0 armed=1
[TRG] pulses=83 suppressed=997 cyc=1600 rst=1 rstmode=0x40
[HLT] polls=172 faults=0x0 cfglost=0
[EFF] n=5 last=58500 min=58500 max=58645 late=0 stuck=0
[DWT] ok=1 cyc=3122232614 cyc_per_ms=800000
[HB] up_ms=182265 frames=8651 inf=8651 hazard=1080 canary_err=0 q=0 qovr=0
[I2C] init=0 gate=0 whoami=0x140e0 wr=0 wrseen=0x27 addr=0x5a ok=2789 err=1 tmo=0 recov=0 pclk1=200000000 sysclk=400000000
[NAK] nacks=1
[CLK] cpu=800000000 sysb=400000000 pclk1=200000000
[TOF] res=-42 step=1 id=0xa5 blk=0x0 ctl=0x1ff
[DRV] init=0 id=7 mode=0x1 lib=0x2 seq=0x1 odc=0x8b sts=0xe0 armed=1
[TRG] pulses=83 suppressed=997 cyc=1600 rst=1 rstmode=0x40
[HLT] polls=173 faults=0x0 cfglost=0
[EFF] n=5 last=58500 min=58500 max=58645 late=0 stuck=0
[DWT] ok=1 cyc=3963832606 cyc_per_ms=799999
[HB] up_ms=183317 frames=8701 inf=8701 hazard=1080 canary_err=0 q=0 qovr=0
[I2C] init=0 gate=0 whoami=0x140e0 wr=0 wrseen=0x27 addr=0x5a ok=2791 err=1 tmo=0 recov=0 pclk1=200000000 sysclk=400000000
[NAK] nacks=1
[CLK] cpu=800000000 sysb=400000000 pclk1=200000000
[TOF] res=-42 step=1 id=0xa5 blk=0x0 ctl=0x1ff
[DRV] init=0 id=7 mode=0x1 lib=0x2 seq=0x1 odc=0x8b sts=0xe0 armed=1
[TRG] pulses=83 suppressed=997 cyc=1600 rst=1 rstmode=0x40
[HLT] polls=174 faults=0x0 cfglost=0
[EFF] n=5 last=58500 min=58500 max=58645 late=0 stuck=0
[DWT] ok=1 cyc=510487258 cyc_per_ms=800020
[HB] up_ms=184369 frames=8751 inf=8751 hazard=1080 canary_err=0 q=0 qovr=0
[I2C] init=0 gate=0 whoami=0x140e0 wr=0 wrseen=0x27 addr=0x5a ok=2793 err=1 tmo=0 recov=0 pclk1=200000000 sysclk=400000000
[NAK] nacks=1
[CLK] cpu=800000000 sysb=400000000 pclk1=200000000
[TOF] res=-42 step=1 id=0xa5 blk=0x0 ctl=0x1ff
[DRV] init=0 id=7 mode=0x1 lib=0x2 seq=0x1 odc=0x8b sts=0xe0 armed=1
[TRG] pulses=83 suppressed=997 cyc=1600 rst=1 rstmode=0x40
[HLT] polls=175 faults=0x0 cfglost=0
[EFF] n=5 last=58500 min=58500 max=58645 late=0 stuck=0
[DWT] ok=1 cyc=1352087242 cyc_per_ms=799999
[HB] up_ms=185421 frames=8802 inf=8802 hazard=1120 canary_err=0 q=0 qovr=0
[I2C] init=0 gate=0 whoami=0x140e0 wr=0 wrseen=0x27 addr=0x5a ok=2795 err=1 tmo=0 recov=0 pclk1=200000000 sysclk=400000000
[NAK] nacks=1
[CLK] cpu=800000000 sysb=400000000 pclk1=200000000
[TOF] res=-42 step=1 id=0xa5 blk=0x0 ctl=0x1ff
[DRV] init=0 id=7 mode=0x1 lib=0x2 seq=0x1 odc=0x8b sts=0xe0 armed=1
[TRG] pulses=86 suppressed=1034 cyc=1600 rst=1 rstmode=0x40
[HLT] polls=176 faults=0x0 cfglost=0
[EFF] n=5 last=58500 min=58500 max=58645 late=0 stuck=0
[DWT] ok=1 cyc=2193756458 cyc_per_ms=800065
[HB] up_ms=186473 frames=8852 inf=8852 hazard=1120 canary_err=0 q=0 qovr=0
[I2C] init=0 gate=0 whoami=0x140e0 wr=0 wrseen=0x27 addr=0x5a ok=2797 err=1 tmo=0 recov=0 pclk1=200000000 sysclk=400000000
[NAK] nacks=1
[CLK] cpu=800000000 sysb=400000000 pclk1=200000000
[TOF] res=-42 step=1 id=0xa5 blk=0x0 ctl=0x1ff
[DRV] init=0 id=7 mode=0x1 lib=0x2 seq=0x1 odc=0x8b sts=0xe0 armed=1
[TRG] pulses=86 suppressed=1034 cyc=1600 rst=1 rstmode=0x40
[HLT] polls=177 faults=0x0 cfglost=0
[EFF] n=5 last=58500 min=58500 max=58645 late=0 stuck=0
[DWT] ok=1 cyc=3035335274 cyc_per_ms=799979
[HB] up_ms=187525 frames=8902 inf=8902 hazard=1120 canary_err=0 q=0 qovr=0
[I2C] init=0 gate=0 whoami=0x140e0 wr=0 wrseen=0x27 addr=0x5a ok=2799 err=1 tmo=0 recov=0 pclk1=200000000 sysclk=400000000
[NAK] nacks=1
[CLK] cpu=800000000 sysb=400000000 pclk1=200000000
[TOF] res=-42 step=1 id=0xa5 blk=0x0 ctl=0x1ff
[DRV] init=0 id=7 mode=0x1 lib=0x2 seq=0x1 odc=0x8b sts=0xe0 armed=1
[TRG] pulses=86 suppressed=1034 cyc=1600 rst=1 rstmode=0x40
[HLT] polls=178 faults=0x0 cfglost=0
[EFF] n=5 last=58500 min=58500 max=58645 late=0 stuck=0
[DWT] ok=1 cyc=3876935306 cyc_per_ms=800000
[HB] up_ms=188577 frames=8952 inf=8952 hazard=1120 canary_err=0 q=0 qovr=0
[I2C] init=0 gate=0 whoami=0x140e0 wr=0 wrseen=0x27 addr=0x5a ok=2801 err=1 tmo=0 recov=0 pclk1=200000000 sysclk=400000000
[NAK] nacks=1
[CLK] cpu=800000000 sysb=400000000 pclk1=200000000
[TOF] res=-42 step=1 id=0xa5 blk=0x0 ctl=0x1ff
[DRV] init=0 id=7 mode=0x1 lib=0x2 seq=0x1 odc=0x8b sts=0xe0 armed=1
[TRG] pulses=86 suppressed=1034 cyc=1600 rst=1 rstmode=0x40
[HLT] polls=179 faults=0x0 cfglost=0
[EFF] n=5 last=58500 min=58500 max=58645 late=0 stuck=0
[DWT] ok=1 cyc=423567934 cyc_per_ms=799999
[HB] up_ms=189629 frames=9002 inf=9002 hazard=1120 canary_err=0 q=0 qovr=0
[I2C] init=0 gate=0 whoami=0x140e0 wr=0 wrseen=0x27 addr=0x5a ok=2803 err=1 tmo=0 recov=0 pclk1=200000000 sysclk=400000000
[NAK] nacks=1
[CLK] cpu=800000000 sysb=400000000 pclk1=200000000
[TOF] res=-42 step=1 id=0xa5 blk=0x0 ctl=0x1ff
[DRV] init=0 id=7 mode=0x1 lib=0x2 seq=0x1 odc=0x8b sts=0xe0 armed=1
[TRG] pulses=86 suppressed=1034 cyc=1600 rst=1 rstmode=0x40
[HLT] polls=180 faults=0x0 cfglost=0
[EFF] n=5 last=58500 min=58500 max=58645 late=0 stuck=0
[DWT] ok=1 cyc=1265167958 cyc_per_ms=800000
[HB] up_ms=190681 frames=9052 inf=9052 hazard=1120 canary_err=0 q=0 qovr=0
[I2C] init=0 gate=0 whoami=0x140e0 wr=0 wrseen=0x27 addr=0x5a ok=2805 err=1 tmo=0 recov=0 pclk1=200000000 sysclk=400000000
[NAK] nacks=1
[CLK] cpu=800000000 sysb=400000000 pclk1=200000000
[TOF] res=-42 step=1 id=0xa5 blk=0x0 ctl=0x1ff
[DRV] init=0 id=7 mode=0x1 lib=0x2 seq=0x1 odc=0x8b sts=0xe0 armed=1
[TRG] pulses=86 suppressed=1034 cyc=1600 rst=1 rstmode=0x40
[HLT] polls=181 faults=0x0 cfglost=0
[EFF] n=5 last=58500 min=58500 max=58645 late=0 stuck=0
[DWT] ok=1 cyc=2106767998 cyc_per_ms=800000
[HB] up_ms=191733 frames=9102 inf=9102 hazard=1142 canary_err=0 q=0 qovr=0
[I2C] init=0 gate=0 whoami=0x140e0 wr=0 wrseen=0x27 addr=0x5a ok=2807 err=1 tmo=0 recov=0 pclk1=200000000 sysclk=400000000
[NAK] nacks=1
[CLK] cpu=800000000 sysb=400000000 pclk1=200000000
[TOF] res=-42 step=1 id=0xa5 blk=0x0 ctl=0x1ff
[DRV] init=0 id=7 mode=0x1 lib=0x2 seq=0x1 odc=0x8b sts=0xe0 armed=1
[TRG] pulses=88 suppressed=1056 cyc=1600 rst=1 rstmode=0x40
[HLT] polls=182 faults=0x0 cfglost=0
[EFF] n=5 last=58500 min=58500 max=58645 late=0 stuck=0
[DWT] ok=1 cyc=2948369790 cyc_per_ms=800001
[HB] up_ms=192785 frames=9152 inf=9152 hazard=1160 canary_err=0 q=0 qovr=0
[I2C] init=0 gate=0 whoami=0x140e0 wr=0 wrseen=0x27 addr=0x5a ok=2809 err=1 tmo=0 recov=0 pclk1=200000000 sysclk=400000000
[NAK] nacks=1
[CLK] cpu=800000000 sysb=400000000 pclk1=200000000
[TOF] res=-42 step=1 id=0xa5 blk=0x0 ctl=0x1ff
[DRV] init=0 id=7 mode=0x1 lib=0x2 seq=0x1 odc=0x8b sts=0xe0 armed=1
[TRG] pulses=89 suppressed=1071 cyc=1600 rst=1 rstmode=0x40
[HLT] polls=183 faults=0x0 cfglost=0
[EFF] n=5 last=58500 min=58500 max=58645 late=0 stuck=0
[DWT] ok=1 cyc=3789968006 cyc_per_ms=799998
[HB] up_ms=193837 frames=9202 inf=9202 hazard=1160 canary_err=0 q=0 qovr=0
[I2C] init=0 gate=0 whoami=0x140e0 wr=0 wrseen=0x27 addr=0x5a ok=2811 err=1 tmo=0 recov=0 pclk1=200000000 sysclk=400000000
[NAK] nacks=1
[CLK] cpu=800000000 sysb=400000000 pclk1=200000000
[TOF] res=-42 step=1 id=0xa5 blk=0x0 ctl=0x1ff
[DRV] init=0 id=7 mode=0x1 lib=0x2 seq=0x1 odc=0x8b sts=0xe0 armed=1
[TRG] pulses=89 suppressed=1071 cyc=1600 rst=1 rstmode=0x40
[HLT] polls=184 faults=0x0 cfglost=0
[EFF] n=5 last=58500 min=58500 max=58645 late=0 stuck=0
[DWT] ok=1 cyc=336622674 cyc_per_ms=800020
[HB] up_ms=194889 frames=9252 inf=9252 hazard=1160 canary_err=0 q=0 qovr=0
[I2C] init=0 gate=0 whoami=0x140e0 wr=0 wrseen=0x27 addr=0x5a ok=2813 err=1 tmo=0 recov=0 pclk1=200000000 sysclk=400000000
[NAK] nacks=1
[CLK] cpu=800000000 sysb=400000000 pclk1=200000000
[TOF] res=-42 step=1 id=0xa5 blk=0x0 ctl=0x1ff
[DRV] init=0 id=7 mode=0x1 lib=0x2 seq=0x1 odc=0x8b sts=0xe0 armed=1
[TRG] pulses=89 suppressed=1071 cyc=1600 rst=1 rstmode=0x40
[HLT] polls=185 faults=0x0 cfglost=0
[EFF] n=5 last=58500 min=58500 max=58645 late=0 stuck=0
[DWT] ok=1 cyc=1178222674 cyc_per_ms=800000
[HB] up_ms=195941 frames=9302 inf=9302 hazard=1160 canary_err=0 q=0 qovr=0
[I2C] init=0 gate=0 whoami=0x140e0 wr=0 wrseen=0x27 addr=0x5a ok=2815 err=1 tmo=0 recov=0 pclk1=200000000 sysclk=400000000
[NAK] nacks=1
[CLK] cpu=800000000 sysb=400000000 pclk1=200000000
[TOF] res=-42 step=1 id=0xa5 blk=0x0 ctl=0x1ff
[DRV] init=0 id=7 mode=0x1 lib=0x2 seq=0x1 odc=0x8b sts=0xe0 armed=1
[TRG] pulses=89 suppressed=1071 cyc=1600 rst=1 rstmode=0x40
[HLT] polls=186 faults=0x0 cfglost=0
[EFF] n=5 last=58500 min=58500 max=58645 late=0 stuck=0
[DWT] ok=1 cyc=2019822674 cyc_per_ms=800000
[HB] up_ms=196993 frames=9353 inf=9353 hazard=1160 canary_err=0 q=0 qovr=0
[I2C] init=0 gate=0 whoami=0x140e0 wr=0 wrseen=0x27 addr=0x5a ok=2817 err=1 tmo=0 recov=0 pclk1=200000000 sysclk=400000000
[NAK] nacks=1
[CLK] cpu=800000000 sysb=400000000 pclk1=200000000
[TOF] res=-42 step=1 id=0xa5 blk=0x0 ctl=0x1ff
[DRV] init=0 id=7 mode=0x1 lib=0x2 seq=0x1 odc=0x8b sts=0xe0 armed=1
[TRG] pulses=89 suppressed=1071 cyc=1600 rst=1 rstmode=0x40
[HLT] polls=187 faults=0x0 cfglost=0
[EFF] n=5 last=58500 min=58500 max=58645 late=0 stuck=0
[DWT] ok=1 cyc=2861400674 cyc_per_ms=799979
[HB] up_ms=198045 frames=9403 inf=9403 hazard=1163 canary_err=0 q=0 qovr=0
[I2C] init=0 gate=0 whoami=0x140e0 wr=0 wrseen=0x27 addr=0x5a ok=2819 err=1 tmo=0 recov=0 pclk1=200000000 sysclk=400000000
[NAK] nacks=1
[CLK] cpu=800000000 sysb=400000000 pclk1=200000000
[TOF] res=-42 step=1 id=0xa5 blk=0x0 ctl=0x1ff
[DRV] init=0 id=7 mode=0x1 lib=0x2 seq=0x1 odc=0x8b sts=0xe0 armed=1
[TRG] pulses=90 suppressed=1074 cyc=1600 rst=1 rstmode=0x40
[HLT] polls=188 faults=0x0 cfglost=0
[EFF] n=5 last=58500 min=58500 max=58645 late=0 stuck=0
[DWT] ok=1 cyc=3703002466 cyc_per_ms=800001
[HB] up_ms=199097 frames=9453 inf=9453 hazard=1200 canary_err=0 q=0 qovr=0
[I2C] init=0 gate=0 whoami=0x140e0 wr=0 wrseen=0x27 addr=0x5a ok=2821 err=1 tmo=0 recov=0 pclk1=200000000 sysclk=400000000
[NAK] nacks=1
[CLK] cpu=800000000 sysb=400000000 pclk1=200000000
[TOF] res=-42 step=1 id=0xa5 blk=0x0 ctl=0x1ff
[DRV] init=0 id=7 mode=0x1 lib=0x2 seq=0x1 odc=0x8b sts=0xe0 armed=1
[TRG] pulses=92 suppressed=1108 cyc=1600 rst=1 rstmode=0x40
[HLT] polls=189 faults=0x0 cfglost=0
[EFF] n=5 last=58500 min=58500 max=58645 late=0 stuck=0
[DWT] ok=1 cyc=249633342 cyc_per_ms=799998
[HB] up_ms=200149 frames=9503 inf=9503 hazard=1200 canary_err=0 q=0 qovr=0
[I2C] init=0 gate=0 whoami=0x140e0 wr=0 wrseen=0x27 addr=0x5a ok=2823 err=1 tmo=0 recov=0 pclk1=200000000 sysclk=400000000
[NAK] nacks=1
[CLK] cpu=800000000 sysb=400000000 pclk1=200000000
[TOF] res=-42 step=1 id=0xa5 blk=0x0 ctl=0x1ff
[DRV] init=0 id=7 mode=0x1 lib=0x2 seq=0x1 odc=0x8b sts=0xe0 armed=1
[TRG] pulses=92 suppressed=1108 cyc=1600 rst=1 rstmode=0x40
[HLT] polls=190 faults=0x0 cfglost=0
[EFF] n=5 last=58500 min=58500 max=58645 late=0 stuck=0
[DWT] ok=1 cyc=1091233382 cyc_per_ms=800000
[HB] up_ms=201201 frames=9553 inf=9553 hazard=1200 canary_err=0 q=0 qovr=0
[I2C] init=0 gate=0 whoami=0x140e0 wr=0 wrseen=0x27 addr=0x5a ok=2825 err=1 tmo=0 recov=0 pclk1=200000000 sysclk=400000000
[NAK] nacks=1
[CLK] cpu=800000000 sysb=400000000 pclk1=200000000
[TOF] res=-42 step=1 id=0xa5 blk=0x0 ctl=0x1ff
[DRV] init=0 id=7 mode=0x1 lib=0x2 seq=0x1 odc=0x8b sts=0xe0 armed=1
[TRG] pulses=92 suppressed=1108 cyc=1600 rst=1 rstmode=0x40
[HLT] polls=191 faults=0x0 cfglost=0
[EFF] n=5 last=58500 min=58500 max=58645 late=0 stuck=0
[DWT] ok=1 cyc=1932833326 cyc_per_ms=799999
[HB] up_ms=202253 frames=9603 inf=9603 hazard=1200 canary_err=0 q=0 qovr=0
[I2C] init=0 gate=0 whoami=0x140e0 wr=0 wrseen=0x27 addr=0x5a ok=2827 err=1 tmo=0 recov=0 pclk1=200000000 sysclk=400000000
[NAK] nacks=1
[CLK] cpu=800000000 sysb=400000000 pclk1=200000000
[TOF] res=-42 step=1 id=0xa5 blk=0x0 ctl=0x1ff
[DRV] init=0 id=7 mode=0x1 lib=0x2 seq=0x1 odc=0x8b sts=0xe0 armed=1
[TRG] pulses=92 suppressed=1108 cyc=1600 rst=1 rstmode=0x40
[HLT] polls=192 faults=0x0 cfglost=0
[EFF] n=5 last=58500 min=58500 max=58645 late=0 stuck=0
[DWT] ok=1 cyc=2774433366 cyc_per_ms=800000
[HB] up_ms=203305 frames=9653 inf=9653 hazard=1200 canary_err=0 q=0 qovr=0
[I2C] init=0 gate=0 whoami=0x140e0 wr=0 wrseen=0x27 addr=0x5a ok=2829 err=1 tmo=0 recov=0 pclk1=200000000 sysclk=400000000
[NAK] nacks=1
[CLK] cpu=800000000 sysb=400000000 pclk1=200000000
[TOF] res=-42 step=1 id=0xa5 blk=0x0 ctl=0x1ff
[DRV] init=0 id=7 mode=0x1 lib=0x2 seq=0x1 odc=0x8b sts=0xe0 armed=1
[TRG] pulses=92 suppressed=1108 cyc=1600 rst=1 rstmode=0x40
[HLT] polls=193 faults=0x0 cfglost=0
[EFF] n=5 last=58500 min=58500 max=58645 late=0 stuck=0
[DWT] ok=1 cyc=3616033414 cyc_per_ms=800000
[HB] up_ms=204357 frames=9703 inf=9703 hazard=1200 canary_err=0 q=0 qovr=0
[I2C] init=0 gate=0 whoami=0x140e0 wr=0 wrseen=0x27 addr=0x5a ok=2831 err=1 tmo=0 recov=0 pclk1=200000000 sysclk=400000000
[NAK] nacks=1
[CLK] cpu=800000000 sysb=400000000 pclk1=200000000
[TOF] res=-42 step=1 id=0xa5 blk=0x0 ctl=0x1ff
[DRV] init=0 id=7 mode=0x1 lib=0x2 seq=0x1 odc=0x8b sts=0xe0 armed=1
[TRG] pulses=92 suppressed=1108 cyc=1600 rst=1 rstmode=0x40
[HLT] polls=194 faults=0x0 cfglost=0
[EFF] n=5 last=58500 min=58500 max=58645 late=0 stuck=0
[DWT] ok=1 cyc=162666118 cyc_per_ms=800000
[HB] up_ms=205409 frames=9753 inf=9753 hazard=1233 canary_err=0 q=0 qovr=0
[I2C] init=0 gate=0 whoami=0x140e0 wr=0 wrseen=0x27 addr=0x5a ok=2833 err=1 tmo=0 recov=0 pclk1=200000000 sysclk=400000000
[NAK] nacks=1
[CLK] cpu=800000000 sysb=400000000 pclk1=200000000
[TOF] res=-42 step=1 id=0xa5 blk=0x0 ctl=0x1ff
[DRV] init=0 id=7 mode=0x1 lib=0x2 seq=0x1 odc=0x8b sts=0xe0 armed=1
[TRG] pulses=95 suppressed=1140 cyc=1600 rst=1 rstmode=0x40
[HLT] polls=195 faults=0x0 cfglost=0
[EFF] n=5 last=58500 min=58500 max=58645 late=0 stuck=0
[DWT] ok=1 cyc=1004290774 cyc_per_ms=800023
[HB] up_ms=206461 frames=9803 inf=9803 hazard=1240 canary_err=0 q=0 qovr=0
[I2C] init=0 gate=0 whoami=0x140e0 wr=0 wrseen=0x27 addr=0x5a ok=2835 err=1 tmo=0 recov=0 pclk1=200000000 sysclk=400000000
[NAK] nacks=1
[CLK] cpu=800000000 sysb=400000000 pclk1=200000000
[TOF] res=-42 step=1 id=0xa5 blk=0x0 ctl=0x1ff
[DRV] init=0 id=7 mode=0x1 lib=0x2 seq=0x1 odc=0x8b sts=0xe0 armed=1
[TRG] pulses=95 suppressed=1145 cyc=1600 rst=1 rstmode=0x40
[HLT] polls=196 faults=0x0 cfglost=0
[EFF] n=5 last=58500 min=58500 max=58645 late=0 stuck=0
[DWT] ok=1 cyc=1845888054 cyc_per_ms=799997
[HB] up_ms=207513 frames=9854 inf=9854 hazard=1240 canary_err=0 q=0 qovr=0
[I2C] init=0 gate=0 whoami=0x140e0 wr=0 wrseen=0x27 addr=0x5a ok=2837 err=1 tmo=0 recov=0 pclk1=200000000 sysclk=400000000
[NAK] nacks=1
[CLK] cpu=800000000 sysb=400000000 pclk1=200000000
[TOF] res=-42 step=1 id=0xa5 blk=0x0 ctl=0x1ff
[DRV] init=0 id=7 mode=0x1 lib=0x2 seq=0x1 odc=0x8b sts=0xe0 armed=1
[TRG] pulses=95 suppressed=1145 cyc=1600 rst=1 rstmode=0x40
[HLT] polls=197 faults=0x0 cfglost=0
[EFF] n=5 last=58500 min=58500 max=58645 late=0 stuck=0
[DWT] ok=1 cyc=2687487310 cyc_per_ms=799999
[HB] up_ms=208565 frames=9904 inf=9904 hazard=1240 canary_err=0 q=0 qovr=0
[I2C] init=0 gate=0 whoami=0x140e0 wr=0 wrseen=0x27 addr=0x5a ok=2839 err=1 tmo=0 recov=0 pclk1=200000000 sysclk=400000000
[NAK] nacks=1
[CLK] cpu=800000000 sysb=400000000 pclk1=200000000
[TOF] res=-42 step=1 id=0xa5 blk=0x0 ctl=0x1ff
[DRV] init=0 id=7 mode=0x1 lib=0x2 seq=0x1 odc=0x8b sts=0xe0 armed=1
[TRG] pulses=95 suppressed=1145 cyc=1600 rst=1 rstmode=0x40
[HLT] polls=198 faults=0x0 cfglost=0
[EFF] n=5 last=58500 min=58500 max=58645 late=0 stuck=0
[DWT] ok=1 cyc=3529066134 cyc_per_ms=799979
[HB] up_ms=209617 frames=9954 inf=9954 hazard=1240 canary_err=0 q=0 qovr=0
[I2C] init=0 gate=0 whoami=0x140e0 wr=0 wrseen=0x27 addr=0x5a ok=2841 err=1 tmo=0 recov=0 pclk1=200000000 sysclk=400000000
[NAK] nacks=1
[CLK] cpu=800000000 sysb=400000000 pclk1=200000000
[TOF] res=-42 step=1 id=0xa5 blk=0x0 ctl=0x1ff
[DRV] init=0 id=7 mode=0x1 lib=0x2 seq=0x1 odc=0x8b sts=0xe0 armed=1
[TRG] pulses=95 suppressed=1145 cyc=1600 rst=1 rstmode=0x40
[HLT] polls=199 faults=0x0 cfglost=0
[EFF] n=5 last=58500 min=58500 max=58645 late=0 stuck=0
[DWT] ok=1 cyc=75698774 cyc_per_ms=799999
[HB] up_ms=210669 frames=10004 inf=10004 hazard=1240 canary_err=0 q=0 qovr=0
[I2C] init=0 gate=0 whoami=0x140e0 wr=0 wrseen=0x27 addr=0x5a ok=2843 err=1 tmo=0 recov=0 pclk1=200000000 sysclk=400000000
[NAK] nacks=1
[CLK] cpu=800000000 sysb=400000000 pclk1=200000000
[TOF] res=-42 step=1 id=0xa5 blk=0x0 ctl=0x1ff
[DRV] init=0 id=7 mode=0x1 lib=0x2 seq=0x1 odc=0x8b sts=0xe0 armed=1
[TRG] pulses=95 suppressed=1145 cyc=1600 rst=1 rstmode=0x40
[HLT] polls=200 faults=0x0 cfglost=0
[EFF] n=5 last=58500 min=58500 max=58645 late=0 stuck=0
[DWT] ok=1 cyc=917438794 cyc_per_ms=800133
[HB] up_ms=211721 frames=10054 inf=10054 hazard=1254 canary_err=0 q=0 qovr=0
[I2C] init=0 gate=0 whoami=0x140e0 wr=0 wrseen=0x27 addr=0x5a ok=2845 err=1 tmo=0 recov=0 pclk1=200000000 sysclk=400000000
[NAK] nacks=1
[CLK] cpu=800000000 sysb=400000000 pclk1=200000000
[TOF] res=-42 step=1 id=0xa5 blk=0x0 ctl=0x1ff
[DRV] init=0 id=7 mode=0x1 lib=0x2 seq=0x1 odc=0x8b sts=0xe0 armed=1
[TRG] pulses=97 suppressed=1158 cyc=1600 rst=1 rstmode=0x40
[HLT] polls=201 faults=0x0 cfglost=0
[EFF] n=5 last=58500 min=58500 max=58645 late=0 stuck=0
[DWT] ok=1 cyc=1759042990 cyc_per_ms=800003
[HB] up_ms=212773 frames=10104 inf=10104 hazard=1280 canary_err=0 q=0 qovr=0
[I2C] init=0 gate=0 whoami=0x140e0 wr=0 wrseen=0x27 addr=0x5a ok=2847 err=1 tmo=0 recov=0 pclk1=200000000 sysclk=400000000
[NAK] nacks=1
[CLK] cpu=800000000 sysb=400000000 pclk1=200000000
[TOF] res=-42 step=1 id=0xa5 blk=0x0 ctl=0x1ff
[DRV] init=0 id=7 mode=0x1 lib=0x2 seq=0x1 odc=0x8b sts=0xe0 armed=1
[TRG] pulses=98 suppressed=1182 cyc=1600 rst=1 rstmode=0x40
[HLT] polls=202 faults=0x0 cfglost=0
[EFF] n=5 last=58500 min=58500 max=58645 late=0 stuck=0
[DWT] ok=1 cyc=2600638706 cyc_per_ms=799995
[HB] up_ms=213825 frames=10154 inf=10154 hazard=1280 canary_err=0 q=0 qovr=0
[I2C] init=0 gate=0 whoami=0x140e0 wr=0 wrseen=0x27 addr=0x5a ok=2849 err=1 tmo=0 recov=0 pclk1=200000000 sysclk=400000000
[NAK] nacks=1
[CLK] cpu=800000000 sysb=400000000 pclk1=200000000
[TOF] res=-42 step=1 id=0xa5 blk=0x0 ctl=0x1ff
[DRV] init=0 id=7 mode=0x1 lib=0x2 seq=0x1 odc=0x8b sts=0xe0 armed=1
[TRG] pulses=98 suppressed=1182 cyc=1600 rst=1 rstmode=0x40
[HLT] polls=203 faults=0x0 cfglost=0
[EFF] n=5 last=58500 min=58500 max=58645 late=0 stuck=0
[DWT] ok=1 cyc=3442238726 cyc_per_ms=800000
[HB] up_ms=214877 frames=10204 inf=10204 hazard=1280 canary_err=0 q=0 qovr=0
[I2C] init=0 gate=0 whoami=0x140e0 wr=0 wrseen=0x27 addr=0x5a ok=2851 err=1 tmo=0 recov=0 pclk1=200000000 sysclk=400000000
[NAK] nacks=1
[CLK] cpu=800000000 sysb=400000000 pclk1=200000000
[TOF] res=-42 step=1 id=0xa5 blk=0x0 ctl=0x1ff
[DRV] init=0 id=7 mode=0x1 lib=0x2 seq=0x1 odc=0x8b sts=0xe0 armed=1
[TRG] pulses=98 suppressed=1182 cyc=1600 rst=1 rstmode=0x40
[HLT] polls=204 faults=0x0 cfglost=0
[EFF] n=5 last=58500 min=58500 max=58645 late=0 stuck=0
[DWT] ok=1 cyc=4283838706 cyc_per_ms=799999
[HB] up_ms=215929 frames=10254 inf=10254 hazard=1280 canary_err=0 q=0 qovr=0
[I2C] init=0 gate=0 whoami=0x140e0 wr=0 wrseen=0x27 addr=0x5a ok=2853 err=1 tmo=0 recov=0 pclk1=200000000 sysclk=400000000
[NAK] nacks=1
[CLK] cpu=800000000 sysb=400000000 pclk1=200000000
[TOF] res=-42 step=1 id=0xa5 blk=0x0 ctl=0x1ff
[DRV] init=0 id=7 mode=0x1 lib=0x2 seq=0x1 odc=0x8b sts=0xe0 armed=1
[TRG] pulses=98 suppressed=1182 cyc=1600 rst=1 rstmode=0x40
[HLT] polls=205 faults=0x0 cfglost=0
[EFF] n=5 last=58500 min=58500 max=58645 late=0 stuck=0
[DWT] ok=1 cyc=830493434 cyc_per_ms=800020
[HB] up_ms=216981 frames=10304 inf=10304 hazard=1280 canary_err=0 q=0 qovr=0
[I2C] init=0 gate=0 whoami=0x140e0 wr=0 wrseen=0x27 addr=0x5a ok=2855 err=1 tmo=0 recov=0 pclk1=200000000 sysclk=400000000
[NAK] nacks=1
[CLK] cpu=800000000 sysb=400000000 pclk1=200000000
[TOF] res=-42 step=1 id=0xa5 blk=0x0 ctl=0x1ff
[DRV] init=0 id=7 mode=0x1 lib=0x2 seq=0x1 odc=0x8b sts=0xe0 armed=1
[TRG] pulses=98 suppressed=1182 cyc=1600 rst=1 rstmode=0x40
[HLT] polls=206 faults=0x0 cfglost=0
[EFF] n=5 last=58500 min=58500 max=58645 late=0 stuck=0
[DWT] ok=1 cyc=1672093414 cyc_per_ms=799999
[HB] up_ms=218033 frames=10354 inf=10354 hazard=1280 canary_err=0 q=0 qovr=0
[I2C] init=0 gate=0 whoami=0x140e0 wr=0 wrseen=0x27 addr=0x5a ok=2857 err=1 tmo=0 recov=0 pclk1=200000000 sysclk=400000000
[NAK] nacks=1
[CLK] cpu=800000000 sysb=400000000 pclk1=200000000
[TOF] res=-42 step=1 id=0xa5 blk=0x0 ctl=0x1ff
[DRV] init=0 id=7 mode=0x1 lib=0x2 seq=0x1 odc=0x8b sts=0xe0 armed=1
[TRG] pulses=98 suppressed=1182 cyc=1600 rst=1 rstmode=0x40
[HLT] polls=207 faults=0x0 cfglost=0
[EFF] n=5 last=58500 min=58500 max=58645 late=0 stuck=0
[DWT] ok=1 cyc=2513693386 cyc_per_ms=799999
[HB] up_ms=219085 frames=10405 inf=10405 hazard=1320 canary_err=0 q=0 qovr=0
[I2C] init=0 gate=0 whoami=0x140e0 wr=0 wrseen=0x27 addr=0x5a ok=2859 err=1 tmo=0 recov=0 pclk1=200000000 sysclk=400000000
[NAK] nacks=1
[CLK] cpu=800000000 sysb=400000000 pclk1=200000000
[TOF] res=-42 step=1 id=0xa5 blk=0x0 ctl=0x1ff
[DRV] init=0 id=7 mode=0x1 lib=0x2 seq=0x1 odc=0x8b sts=0xe0 armed=1
[TRG] pulses=101 suppressed=1219 cyc=1600 rst=1 rstmode=0x40
[HLT] polls=208 faults=0x0 cfglost=0
[EFF] n=5 last=58500 min=58500 max=58645 late=0 stuck=0
[DWT] ok=1 cyc=3355341442 cyc_per_ms=800045
[HB] up_ms=220137 frames=10455 inf=10455 hazard=1320 canary_err=0 q=0 qovr=0
[I2C] init=0 gate=0 whoami=0x140e0 wr=0 wrseen=0x27 addr=0x5a ok=2861 err=1 tmo=0 recov=0 pclk1=200000000 sysclk=400000000
[NAK] nacks=1
[CLK] cpu=800000000 sysb=400000000 pclk1=200000000
[TOF] res=-42 step=1 id=0xa5 blk=0x0 ctl=0x1ff
[DRV] init=0 id=7 mode=0x1 lib=0x2 seq=0x1 odc=0x8b sts=0xe0 armed=1
[TRG] pulses=101 suppressed=1219 cyc=1600 rst=1 rstmode=0x40
[HLT] polls=209 faults=0x0 cfglost=0
[EFF] n=5 last=58500 min=58500 max=58645 late=0 stuck=0
[DWT] ok=1 cyc=4196941466 cyc_per_ms=800000
[HB] up_ms=221189 frames=10505 inf=10505 hazard=1320 canary_err=0 q=0 qovr=0
[I2C] init=0 gate=0 whoami=0x140e0 wr=0 wrseen=0x27 addr=0x5a ok=2863 err=1 tmo=0 recov=0 pclk1=200000000 sysclk=400000000
[NAK] nacks=1
[CLK] cpu=800000000 sysb=400000000 pclk1=200000000
[TOF] res=-42 step=1 id=0xa5 blk=0x0 ctl=0x1ff
[DRV] init=0 id=7 mode=0x1 lib=0x2 seq=0x1 odc=0x8b sts=0xe0 armed=1
[TRG] pulses=101 suppressed=1219 cyc=1600 rst=1 rstmode=0x40
[HLT] polls=210 faults=0x0 cfglost=0
[EFF] n=5 last=58500 min=58500 max=58645 late=0 stuck=0
[DWT] ok=1 cyc=743574194 cyc_per_ms=800000
[HB] up_ms=222241 frames=10555 inf=10555 hazard=1320 canary_err=0 q=0 qovr=0
[I2C] init=0 gate=0 whoami=0x140e0 wr=0 wrseen=0x27 addr=0x5a ok=2865 err=1 tmo=0 recov=0 pclk1=200000000 sysclk=400000000
[NAK] nacks=1
[CLK] cpu=800000000 sysb=400000000 pclk1=200000000
[TOF] res=-42 step=1 id=0xa5 blk=0x0 ctl=0x1ff
[DRV] init=0 id=7 mode=0x1 lib=0x2 seq=0x1 odc=0x8b sts=0xe0 armed=1
[TRG] pulses=101 suppressed=1219 cyc=1600 rst=1 rstmode=0x40
[HLT] polls=211 faults=0x0 cfglost=0
[EFF] n=5 last=58500 min=58500 max=58645 late=0 stuck=0
[DWT] ok=1 cyc=1585174114 cyc_per_ms=799999
[HB] up_ms=223293 frames=10605 inf=10605 hazard=1320 canary_err=0 q=0 qovr=0
[I2C] init=0 gate=0 whoami=0x140e0 wr=0 wrseen=0x27 addr=0x5a ok=2867 err=1 tmo=0 recov=0 pclk1=200000000 sysclk=400000000
[NAK] nacks=1
[CLK] cpu=800000000 sysb=400000000 pclk1=200000000
[TOF] res=-42 step=1 id=0xa5 blk=0x0 ctl=0x1ff
[DRV] init=0 id=7 mode=0x1 lib=0x2 seq=0x1 odc=0x8b sts=0xe0 armed=1
[TRG] pulses=101 suppressed=1219 cyc=1600 rst=1 rstmode=0x40
[HLT] polls=212 faults=0x0 cfglost=0
[EFF] n=5 last=58500 min=58500 max=58645 late=0 stuck=0
[DWT] ok=1 cyc=2426774122 cyc_per_ms=800000
[HB] up_ms=224345 frames=10655 inf=10655 hazard=1320 canary_err=0 q=0 qovr=0
[I2C] init=0 gate=0 whoami=0x140e0 wr=0 wrseen=0x27 addr=0x5a ok=2869 err=1 tmo=0 recov=0 pclk1=200000000 sysclk=400000000
[NAK] nacks=1
[CLK] cpu=800000000 sysb=400000000 pclk1=200000000
[TOF] res=-42 step=1 id=0xa5 blk=0x0 ctl=0x1ff
[DRV] init=0 id=7 mode=0x1 lib=0x2 seq=0x1 odc=0x8b sts=0xe0 armed=1
[TRG] pulses=101 suppressed=1219 cyc=1600 rst=1 rstmode=0x40
[HLT] polls=213 faults=0x0 cfglost=0
[EFF] n=5 last=58500 min=58500 max=58645 late=0 stuck=0
[DWT] ok=1 cyc=3268374122 cyc_per_ms=800000
[HB] up_ms=225397 frames=10705 inf=10705 hazard=1345 canary_err=0 q=0 qovr=0
[I2C] init=0 gate=0 whoami=0x140e0 wr=0 wrseen=0x27 addr=0x5a ok=2871 err=1 tmo=0 recov=0 pclk1=200000000 sysclk=400000000
[NAK] nacks=1
[CLK] cpu=800000000 sysb=400000000 pclk1=200000000
[TOF] res=-42 step=1 id=0xa5 blk=0x0 ctl=0x1ff
[DRV] init=0 id=7 mode=0x1 lib=0x2 seq=0x1 odc=0x8b sts=0xe0 armed=1
[TRG] pulses=103 suppressed=1244 cyc=1600 rst=1 rstmode=0x40
[HLT] polls=214 faults=0x0 cfglost=0
[EFF] n=5 last=58500 min=58500 max=58645 late=0 stuck=0
[DWT] ok=1 cyc=4109975922 cyc_per_ms=800001
[HB] up_ms=226449 frames=10755 inf=10755 hazard=1360 canary_err=0 q=0 qovr=0
[I2C] init=0 gate=0 whoami=0x140e0 wr=0 wrseen=0x27 addr=0x5a ok=2873 err=1 tmo=0 recov=0 pclk1=200000000 sysclk=400000000
[NAK] nacks=1
[CLK] cpu=800000000 sysb=400000000 pclk1=200000000
[TOF] res=-42 step=1 id=0xa5 blk=0x0 ctl=0x1ff
[DRV] init=0 id=7 mode=0x1 lib=0x2 seq=0x1 odc=0x8b sts=0xe0 armed=1
[TRG] pulses=104 suppressed=1256 cyc=1600 rst=1 rstmode=0x40
[HLT] polls=215 faults=0x0 cfglost=0
[EFF] n=5 last=58500 min=58500 max=58645 late=0 stuck=0
[DWT] ok=1 cyc=656606826 cyc_per_ms=799998
[HB] up_ms=227501 frames=10805 inf=10805 hazard=1360 canary_err=0 q=0 qovr=0
[I2C] init=0 gate=0 whoami=0x140e0 wr=0 wrseen=0x27 addr=0x5a ok=2875 err=1 tmo=0 recov=0 pclk1=200000000 sysclk=400000000
[NAK] nacks=1
[CLK] cpu=800000000 sysb=400000000 pclk1=200000000
[TOF] res=-42 step=1 id=0xa5 blk=0x0 ctl=0x1ff
[DRV] init=0 id=7 mode=0x1 lib=0x2 seq=0x1 odc=0x8b sts=0xe0 armed=1
[TRG] pulses=104 suppressed=1256 cyc=1600 rst=1 rstmode=0x40
[HLT] polls=216 faults=0x0 cfglost=0
[EFF] n=5 last=58500 min=58500 max=58645 late=0 stuck=0
[DWT] ok=1 cyc=1498228762 cyc_per_ms=800020
[HB] up_ms=228553 frames=10855 inf=10855 hazard=1360 canary_err=0 q=0 qovr=0
[I2C] init=0 gate=0 whoami=0x140e0 wr=0 wrseen=0x27 addr=0x5a ok=2877 err=1 tmo=0 recov=0 pclk1=200000000 sysclk=400000000
[NAK] nacks=1
[CLK] cpu=800000000 sysb=400000000 pclk1=200000000
[TOF] res=-42 step=1 id=0xa5 blk=0x0 ctl=0x1ff
[DRV] init=0 id=7 mode=0x1 lib=0x2 seq=0x1 odc=0x8b sts=0xe0 armed=1
[TRG] pulses=104 suppressed=1256 cyc=1600 rst=1 rstmode=0x40
[HLT] polls=217 faults=0x0 cfglost=0
[EFF] n=5 last=58500 min=58500 max=58645 late=0 stuck=0
[DWT] ok=1 cyc=2339828830 cyc_per_ms=800000
[HB] up_ms=229605 frames=10906 inf=10906 hazard=1360 canary_err=0 q=0 qovr=0
[I2C] init=0 gate=0 whoami=0x140e0 wr=0 wrseen=0x27 addr=0x5a ok=2879 err=1 tmo=0 recov=0 pclk1=200000000 sysclk=400000000
[NAK] nacks=1
[CLK] cpu=800000000 sysb=400000000 pclk1=200000000
[TOF] res=-42 step=1 id=0xa5 blk=0x0 ctl=0x1ff
[DRV] init=0 id=7 mode=0x1 lib=0x2 seq=0x1 odc=0x8b sts=0xe0 armed=1
[TRG] pulses=104 suppressed=1256 cyc=1600 rst=1 rstmode=0x40
[HLT] polls=218 faults=0x0 cfglost=0
[EFF] n=5 last=58500 min=58500 max=58645 late=0 stuck=0
[DWT] ok=1 cyc=3181428098 cyc_per_ms=799999
[HB] up_ms=230657 frames=10956 inf=10956 hazard=1360 canary_err=0 q=0 qovr=0
[I2C] init=0 gate=0 whoami=0x140e0 wr=0 wrseen=0x27 addr=0x5a ok=2881 err=1 tmo=0 recov=0 pclk1=200000000 sysclk=400000000
[NAK] nacks=1
[CLK] cpu=800000000 sysb=400000000 pclk1=200000000
[TOF] res=-42 step=1 id=0xa5 blk=0x0 ctl=0x1ff
[DRV] init=0 id=7 mode=0x1 lib=0x2 seq=0x1 odc=0x8b sts=0xe0 armed=1
[TRG] pulses=104 suppressed=1256 cyc=1600 rst=1 rstmode=0x40
[HLT] polls=219 faults=0x0 cfglost=0
[EFF] n=5 last=58500 min=58500 max=58645 late=0 stuck=0
[DWT] ok=1 cyc=4023006898 cyc_per_ms=799979
[HB] up_ms=231709 frames=11006 inf=11006 hazard=1366 canary_err=0 q=0 qovr=0
[I2C] init=0 gate=0 whoami=0x140e0 wr=0 wrseen=0x27 addr=0x5a ok=2883 err=1 tmo=0 recov=0 pclk1=200000000 sysclk=400000000
[NAK] nacks=1
[CLK] cpu=800000000 sysb=400000000 pclk1=200000000
[TOF] res=-42 step=1 id=0xa5 blk=0x0 ctl=0x1ff
[DRV] init=0 id=7 mode=0x1 lib=0x2 seq=0x1 odc=0x8b sts=0xe0 armed=1
[TRG] pulses=105 suppressed=1262 cyc=1600 rst=1 rstmode=0x40
[HLT] polls=220 faults=0x0 cfglost=0
[EFF] n=5 last=58500 min=58500 max=58645 late=0 stuck=0
[DWT] ok=1 cyc=569641398 cyc_per_ms=800001
[HB] up_ms=232761 frames=11056 inf=11056 hazard=1400 canary_err=0 q=0 qovr=0
[I2C] init=0 gate=0 whoami=0x140e0 wr=0 wrseen=0x27 addr=0x5a ok=2885 err=1 tmo=0 recov=0 pclk1=200000000 sysclk=400000000
[NAK] nacks=1
[CLK] cpu=800000000 sysb=400000000 pclk1=200000000
[TOF] res=-42 step=1 id=0xa5 blk=0x0 ctl=0x1ff
[DRV] init=0 id=7 mode=0x1 lib=0x2 seq=0x1 odc=0x8b sts=0xe0 armed=1
[TRG] pulses=107 suppressed=1293 cyc=1600 rst=1 rstmode=0x40
[HLT] polls=221 faults=0x0 cfglost=0
[EFF] n=5 last=58500 min=58500 max=58645 late=0 stuck=0
[DWT] ok=1 cyc=1411239530 cyc_per_ms=799998
[HB] up_ms=233813 frames=11106 inf=11106 hazard=1400 canary_err=0 q=0 qovr=0
[I2C] init=0 gate=0 whoami=0x140e0 wr=0 wrseen=0x27 addr=0x5a ok=2887 err=1 tmo=0 recov=0 pclk1=200000000 sysclk=400000000
[NAK] nacks=1
[CLK] cpu=800000000 sysb=400000000 pclk1=200000000
[TOF] res=-42 step=1 id=0xa5 blk=0x0 ctl=0x1ff
[DRV] init=0 id=7 mode=0x1 lib=0x2 seq=0x1 odc=0x8b sts=0xe0 armed=1
[TRG] pulses=107 suppressed=1293 cyc=1600 rst=1 rstmode=0x40
[HLT] polls=222 faults=0x0 cfglost=0
[EFF] n=5 last=58500 min=58500 max=58645 late=0 stuck=0
[DWT] ok=1 cyc=2252839562 cyc_per_ms=800000
[HB] up_ms=234865 frames=11156 inf=11156 hazard=1400 canary_err=0 q=0 qovr=0
[I2C] init=0 gate=0 whoami=0x140e0 wr=0 wrseen=0x27 addr=0x5a ok=2889 err=1 tmo=0 recov=0 pclk1=200000000 sysclk=400000000
[NAK] nacks=1
[CLK] cpu=800000000 sysb=400000000 pclk1=200000000
[TOF] res=-42 step=1 id=0xa5 blk=0x0 ctl=0x1ff
[DRV] init=0 id=7 mode=0x1 lib=0x2 seq=0x1 odc=0x8b sts=0xe0 armed=1
[TRG] pulses=107 suppressed=1293 cyc=1600 rst=1 rstmode=0x40
[HLT] polls=223 faults=0x0 cfglost=0
[EFF] n=5 last=58500 min=58500 max=58645 late=0 stuck=0
[DWT] ok=1 cyc=3094439574 cyc_per_ms=800000
[HB] up_ms=235917 frames=11206 inf=11206 hazard=1400 canary_err=0 q=0 qovr=0
[I2C] init=0 gate=0 whoami=0x140e0 wr=0 wrseen=0x27 addr=0x5a ok=2891 err=1 tmo=0 recov=0 pclk1=200000000 sysclk=400000000
[NAK] nacks=1
[CLK] cpu=800000000 sysb=400000000 pclk1=200000000
[TOF] res=-42 step=1 id=0xa5 blk=0x0 ctl=0x1ff
[DRV] init=0 id=7 mode=0x1 lib=0x2 seq=0x1 odc=0x8b sts=0xe0 armed=1
[TRG] pulses=107 suppressed=1293 cyc=1600 rst=1 rstmode=0x40
[HLT] polls=224 faults=0x0 cfglost=0
[EFF] n=5 last=58500 min=58500 max=58645 late=0 stuck=0
[DWT] ok=1 cyc=3936039582 cyc_per_ms=800000
[HB] up_ms=236969 frames=11256 inf=11256 hazard=1400 canary_err=0 q=0 qovr=0
[I2C] init=0 gate=0 whoami=0x140e0 wr=0 wrseen=0x27 addr=0x5a ok=2893 err=1 tmo=0 recov=0 pclk1=200000000 sysclk=400000000
[NAK] nacks=1
[CLK] cpu=800000000 sysb=400000000 pclk1=200000000
[TOF] res=-42 step=1 id=0xa5 blk=0x0 ctl=0x1ff
[DRV] init=0 id=7 mode=0x1 lib=0x2 seq=0x1 odc=0x8b sts=0xe0 armed=1
[TRG] pulses=107 suppressed=1293 cyc=1600 rst=1 rstmode=0x40
[HLT] polls=225 faults=0x0 cfglost=0
[EFF] n=5 last=58500 min=58500 max=58645 late=0 stuck=0
[DWT] ok=1 cyc=482672242 cyc_per_ms=799999
[HB] up_ms=238021 frames=11306 inf=11306 hazard=1400 canary_err=0 q=0 qovr=0
[I2C] init=0 gate=0 whoami=0x140e0 wr=0 wrseen=0x27 addr=0x5a ok=2895 err=1 tmo=0 recov=0 pclk1=200000000 sysclk=400000000
[NAK] nacks=1
[CLK] cpu=800000000 sysb=400000000 pclk1=200000000
[TOF] res=-42 step=1 id=0xa5 blk=0x0 ctl=0x1ff
[DRV] init=0 id=7 mode=0x1 lib=0x2 seq=0x1 odc=0x8b sts=0xe0 armed=1
[TRG] pulses=107 suppressed=1293 cyc=1600 rst=1 rstmode=0x40
[HLT] polls=226 faults=0x0 cfglost=0
[EFF] n=5 last=58500 min=58500 max=58645 late=0 stuck=0
[DWT] ok=1 cyc=1324294170 cyc_per_ms=800020
[HB] up_ms=239073 frames=11356 inf=11356 hazard=1436 canary_err=0 q=0 qovr=0
[I2C] init=0 gate=0 whoami=0x140e0 wr=0 wrseen=0x27 addr=0x5a ok=2897 err=1 tmo=0 recov=0 pclk1=200000000 sysclk=400000000
[NAK] nacks=1
[CLK] cpu=800000000 sysb=400000000 pclk1=200000000
[TOF] res=-42 step=1 id=0xa5 blk=0x0 ctl=0x1ff
[DRV] init=0 id=7 mode=0x1 lib=0x2 seq=0x1 odc=0x8b sts=0xe0 armed=1
[TRG] pulses=110 suppressed=1328 cyc=1600 rst=1 rstmode=0x40
[HLT] polls=227 faults=0x0 cfglost=0
[EFF] n=5 last=58500 min=58500 max=58645 late=0 stuck=0
[DWT] ok=1 cyc=2165896966 cyc_per_ms=800002
[HB] up_ms=240125 frames=11406 inf=11406 hazard=1440 canary_err=0 q=0 qovr=0
[I2C] init=0 gate=0 whoami=0x140e0 wr=0 wrseen=0x27 addr=0x5a ok=2899 err=1 tmo=0 recov=0 pclk1=200000000 sysclk=400000000
[NAK] nacks=1
[CLK] cpu=800000000 sysb=400000000 pclk1=200000000
[TOF] res=-42 step=1 id=0xa5 blk=0x0 ctl=0x1ff
[DRV] init=0 id=7 mode=0x1 lib=0x2 seq=0x1 odc=0x8b sts=0xe0 armed=1
[TRG] pulses=110 suppressed=1330 cyc=1600 rst=1 rstmode=0x40
[HLT] polls=228 faults=0x0 cfglost=0
[EFF] n=5 last=58500 min=58500 max=58645 late=0 stuck=0
[DWT] ok=1 cyc=3007494190 cyc_per_ms=799997
[HB] up_ms=241177 frames=11457 inf=11457 hazard=1440 canary_err=0 q=0 qovr=0
[I2C] init=0 gate=0 whoami=0x140e0 wr=0 wrseen=0x27 addr=0x5a ok=2901 err=1 tmo=0 recov=0 pclk1=200000000 sysclk=400000000
[NAK] nacks=1
[CLK] cpu=800000000 sysb=400000000 pclk1=200000000
[TOF] res=-42 step=1 id=0xa5 blk=0x0 ctl=0x1ff
[DRV] init=0 id=7 mode=0x1 lib=0x2 seq=0x1 odc=0x8b sts=0xe0 armed=1
[TRG] pulses=110 suppressed=1330 cyc=1600 rst=1 rstmode=0x40
[HLT] polls=229 faults=0x0 cfglost=0
[EFF] n=5 last=58500 min=58500 max=58645 late=0 stuck=0
[DWT] ok=1 cyc=3849072270 cyc_per_ms=799979
[HB] up_ms=242229 frames=11507 inf=11507 hazard=1440 canary_err=0 q=0 qovr=0
[I2C] init=0 gate=0 whoami=0x140e0 wr=0 wrseen=0x27 addr=0x5a ok=2903 err=1 tmo=0 recov=0 pclk1=200000000 sysclk=400000000
[NAK] nacks=1
[CLK] cpu=800000000 sysb=400000000 pclk1=200000000
[TOF] res=-42 step=1 id=0xa5 blk=0x0 ctl=0x1ff
[DRV] init=0 id=7 mode=0x1 lib=0x2 seq=0x1 odc=0x8b sts=0xe0 armed=1
[TRG] pulses=110 suppressed=1330 cyc=1600 rst=1 rstmode=0x40
[HLT] polls=230 faults=0x0 cfglost=0
[EFF] n=5 last=58500 min=58500 max=58645 late=0 stuck=0
[DWT] ok=1 cyc=395704994 cyc_per_ms=800000
[HB] up_ms=243281 frames=11557 inf=11557 hazard=1440 canary_err=0 q=0 qovr=0
[I2C] init=0 gate=0 whoami=0x140e0 wr=0 wrseen=0x27 addr=0x5a ok=2905 err=1 tmo=0 recov=0 pclk1=200000000 sysclk=400000000
[NAK] nacks=1
[CLK] cpu=800000000 sysb=400000000 pclk1=200000000
[TOF] res=-42 step=1 id=0xa5 blk=0x0 ctl=0x1ff
[DRV] init=0 id=7 mode=0x1 lib=0x2 seq=0x1 odc=0x8b sts=0xe0 armed=1
[TRG] pulses=110 suppressed=1330 cyc=1600 rst=1 rstmode=0x40
[HLT] polls=231 faults=0x0 cfglost=0
[EFF] n=5 last=58500 min=58500 max=58645 late=0 stuck=0
[DWT] ok=1 cyc=1237305010 cyc_per_ms=800000
[HB] up_ms=244333 frames=11607 inf=11607 hazard=1440 canary_err=0 q=0 qovr=0
[I2C] init=0 gate=0 whoami=0x140e0 wr=0 wrseen=0x27 addr=0x5a ok=2907 err=1 tmo=0 recov=0 pclk1=200000000 sysclk=400000000
[NAK] nacks=1
[CLK] cpu=800000000 sysb=400000000 pclk1=200000000
[TOF] res=-42 step=1 id=0xa5 blk=0x0 ctl=0x1ff
[DRV] init=0 id=7 mode=0x1 lib=0x2 seq=0x1 odc=0x8b sts=0xe0 armed=1
[TRG] pulses=110 suppressed=1330 cyc=1600 rst=1 rstmode=0x40
[HLT] polls=232 faults=0x0 cfglost=0
[EFF] n=5 last=58500 min=58500 max=58645 late=0 stuck=0
[DWT] ok=1 cyc=2078904922 cyc_per_ms=799999
[HB] up_ms=245385 frames=11657 inf=11657 hazard=1457 canary_err=0 q=0 qovr=0
[I2C] init=0 gate=0 whoami=0x140e0 wr=0 wrseen=0x27 addr=0x5a ok=2909 err=1 tmo=0 recov=0 pclk1=200000000 sysclk=400000000
[NAK] nacks=1
[CLK] cpu=800000000 sysb=400000000 pclk1=200000000
[TOF] res=-42 step=1 id=0xa5 blk=0x0 ctl=0x1ff
[DRV] init=0 id=7 mode=0x1 lib=0x2 seq=0x1 odc=0x8b sts=0xe0 armed=1
[TRG] pulses=112 suppressed=1347 cyc=1600 rst=1 rstmode=0x40
[HLT] polls=233 faults=0x0 cfglost=0
[EFF] n=5 last=58500 min=58500 max=58645 late=0 stuck=0
[DWT] ok=1 cyc=2920506794 cyc_per_ms=800001
[HB] up_ms=246437 frames=11707 inf=11707 hazard=1480 canary_err=0 q=0 qovr=0
[I2C] init=0 gate=0 whoami=0x140e0 wr=0 wrseen=0x27 addr=0x5a ok=2911 err=1 tmo=0 recov=0 pclk1=200000000 sysclk=400000000
[NAK] nacks=1
[CLK] cpu=800000000 sysb=400000000 pclk1=200000000
[TOF] res=-42 step=1 id=0xa5 blk=0x0 ctl=0x1ff
[DRV] init=0 id=7 mode=0x1 lib=0x2 seq=0x1 odc=0x8b sts=0xe0 armed=1
[TRG] pulses=113 suppressed=1367 cyc=1600 rst=1 rstmode=0x40
[HLT] polls=234 faults=0x0 cfglost=0
[EFF] n=5 last=58500 min=58500 max=58645 late=0 stuck=0
[DWT] ok=1 cyc=3762104982 cyc_per_ms=799998
[HB] up_ms=247489 frames=11757 inf=11757 hazard=1480 canary_err=0 q=0 qovr=0
[I2C] init=0 gate=0 whoami=0x140e0 wr=0 wrseen=0x27 addr=0x5a ok=2913 err=1 tmo=0 recov=0 pclk1=200000000 sysclk=400000000
[NAK] nacks=1
[CLK] cpu=800000000 sysb=400000000 pclk1=200000000
[TOF] res=-42 step=1 id=0xa5 blk=0x0 ctl=0x1ff
[DRV] init=0 id=7 mode=0x1 lib=0x2 seq=0x1 odc=0x8b sts=0xe0 armed=1
[TRG] pulses=113 suppressed=1367 cyc=1600 rst=1 rstmode=0x40
[HLT] polls=235 faults=0x0 cfglost=0
[EFF] n=5 last=58500 min=58500 max=58645 late=0 stuck=0
[DWT] ok=1 cyc=308737686 cyc_per_ms=800000
[HB] up_ms=248541 frames=11807 inf=11807 hazard=1480 canary_err=0 q=0 qovr=0
[I2C] init=0 gate=0 whoami=0x140e0 wr=0 wrseen=0x27 addr=0x5a ok=2915 err=1 tmo=0 recov=0 pclk1=200000000 sysclk=400000000
[NAK] nacks=1
[CLK] cpu=800000000 sysb=400000000 pclk1=200000000
[TOF] res=-42 step=1 id=0xa5 blk=0x0 ctl=0x1ff
[DRV] init=0 id=7 mode=0x1 lib=0x2 seq=0x1 odc=0x8b sts=0xe0 armed=1
[TRG] pulses=113 suppressed=1367 cyc=1600 rst=1 rstmode=0x40
[HLT] polls=236 faults=0x0 cfglost=0
[EFF] n=5 last=58500 min=58500 max=58645 late=0 stuck=0
[DWT] ok=1 cyc=1150337650 cyc_per_ms=799999
[HB] up_ms=249593 frames=11857 inf=11857 hazard=1480 canary_err=0 q=0 qovr=0
[I2C] init=0 gate=0 whoami=0x140e0 wr=0 wrseen=0x27 addr=0x5a ok=2917 err=1 tmo=0 recov=0 pclk1=200000000 sysclk=400000000
[NAK] nacks=1
[CLK] cpu=800000000 sysb=400000000 pclk1=200000000
[TOF] res=-42 step=1 id=0xa5 blk=0x0 ctl=0x1ff
[DRV] init=0 id=7 mode=0x1 lib=0x2 seq=0x1 odc=0x8b sts=0xe0 armed=1
[TRG] pulses=113 suppressed=1367 cyc=1600 rst=1 rstmode=0x40
[HLT] polls=237 faults=0x0 cfglost=0
[EFF] n=5 last=58500 min=58500 max=58645 late=0 stuck=0
[DWT] ok=1 cyc=1991959578 cyc_per_ms=800020
[HB] up_ms=250645 frames=11907 inf=11907 hazard=1480 canary_err=0 q=0 qovr=0
[I2C] init=0 gate=0 whoami=0x140e0 wr=0 wrseen=0x27 addr=0x5a ok=2919 err=1 tmo=0 recov=0 pclk1=200000000 sysclk=400000000
[NAK] nacks=1
[CLK] cpu=800000000 sysb=400000000 pclk1=200000000
[TOF] res=-42 step=1 id=0xa5 blk=0x0 ctl=0x1ff
[DRV] init=0 id=7 mode=0x1 lib=0x2 seq=0x1 odc=0x8b sts=0xe0 armed=1
[TRG] pulses=113 suppressed=1367 cyc=1600 rst=1 rstmode=0x40
[HLT] polls=238 faults=0x0 cfglost=0
[EFF] n=5 last=58500 min=58500 max=58645 late=0 stuck=0
[DWT] ok=1 cyc=2833559642 cyc_per_ms=800000
[HB] up_ms=251697 frames=11958 inf=11958 hazard=1480 canary_err=0 q=0 qovr=0
[I2C] init=0 gate=0 whoami=0x140e0 wr=0 wrseen=0x27 addr=0x5a ok=2921 err=1 tmo=0 recov=0 pclk1=200000000 sysclk=400000000
[NAK] nacks=1
[CLK] cpu=800000000 sysb=400000000 pclk1=200000000
[TOF] res=-42 step=1 id=0xa5 blk=0x0 ctl=0x1ff
[DRV] init=0 id=7 mode=0x1 lib=0x2 seq=0x1 odc=0x8b sts=0xe0 armed=1
[TRG] pulses=113 suppressed=1367 cyc=1600 rst=1 rstmode=0x40
[HLT] polls=239 faults=0x0 cfglost=0
[EFF] n=5 last=58500 min=58500 max=58645 late=0 stuck=0
[DWT] ok=1 cyc=3675158914 cyc_per_ms=799999
[HB] up_ms=252749 frames=12008 inf=12008 hazard=1520 canary_err=0 q=0 qovr=0
[I2C] init=0 gate=0 whoami=0x140e0 wr=0 wrseen=0x27 addr=0x5a ok=2923 err=1 tmo=0 recov=0 pclk1=200000000 sysclk=400000000
[NAK] nacks=1
[CLK] cpu=800000000 sysb=400000000 pclk1=200000000
[TOF] res=-42 step=1 id=0xa5 blk=0x0 ctl=0x1ff
[DRV] init=0 id=7 mode=0x1 lib=0x2 seq=0x1 odc=0x8b sts=0xe0 armed=1
[TRG] pulses=116 suppressed=1404 cyc=1600 rst=1 rstmode=0x40
[HLT] polls=240 faults=0x0 cfglost=0
[EFF] n=5 last=58500 min=58500 max=58645 late=0 stuck=0
[DWT] ok=1 cyc=221770410 cyc_per_ms=799979
[HB] up_ms=253801 frames=12058 inf=12058 hazard=1520 canary_err=0 q=0 qovr=0
[I2C] init=0 gate=0 whoami=0x140e0 wr=0 wrseen=0x27 addr=0x5a ok=2925 err=1 tmo=0 recov=0 pclk1=200000000 sysclk=400000000
[NAK] nacks=1
[CLK] cpu=800000000 sysb=400000000 pclk1=200000000
[TOF] res=-42 step=1 id=0xa5 blk=0x0 ctl=0x1ff
[DRV] init=0 id=7 mode=0x1 lib=0x2 seq=0x1 odc=0x8b sts=0xe0 armed=1
[TRG] pulses=116 suppressed=1404 cyc=1600 rst=1 rstmode=0x40
[HLT] polls=241 faults=0x0 cfglost=0
[EFF] n=5 last=58500 min=58500 max=58645 late=0 stuck=0
[DWT] ok=1 cyc=1063370338 cyc_per_ms=799999
[HB] up_ms=254853 frames=12108 inf=12108 hazard=1520 canary_err=0 q=0 qovr=0
[I2C] init=0 gate=0 whoami=0x140e0 wr=0 wrseen=0x27 addr=0x5a ok=2927 err=1 tmo=0 recov=0 pclk1=200000000 sysclk=400000000
[NAK] nacks=1
[CLK] cpu=800000000 sysb=400000000 pclk1=200000000
[TOF] res=-42 step=1 id=0xa5 blk=0x0 ctl=0x1ff
[DRV] init=0 id=7 mode=0x1 lib=0x2 seq=0x1 odc=0x8b sts=0xe0 armed=1
[TRG] pulses=116 suppressed=1404 cyc=1600 rst=1 rstmode=0x40
[HLT] polls=242 faults=0x0 cfglost=0
[EFF] n=5 last=58500 min=58500 max=58645 late=0 stuck=0
[DWT] ok=1 cyc=1904970358 cyc_per_ms=800000
[HB] up_ms=255905 frames=12158 inf=12158 hazard=1520 canary_err=0 q=0 qovr=0
[I2C] init=0 gate=0 whoami=0x140e0 wr=0 wrseen=0x27 addr=0x5a ok=2929 err=1 tmo=0 recov=0 pclk1=200000000 sysclk=400000000
[NAK] nacks=1
[CLK] cpu=800000000 sysb=400000000 pclk1=200000000
[TOF] res=-42 step=1 id=0xa5 blk=0x0 ctl=0x1ff
[DRV] init=0 id=7 mode=0x1 lib=0x2 seq=0x1 odc=0x8b sts=0xe0 armed=1
[TRG] pulses=116 suppressed=1404 cyc=1600 rst=1 rstmode=0x40
[HLT] polls=243 faults=0x0 cfglost=0
[EFF] n=5 last=58500 min=58500 max=58645 late=0 stuck=0
[DWT] ok=1 cyc=2746570382 cyc_per_ms=800000
[HB] up_ms=256957 frames=12208 inf=12208 hazard=1520 canary_err=0 q=0 qovr=0
[I2C] init=0 gate=0 whoami=0x140e0 wr=0 wrseen=0x27 addr=0x5a ok=2931 err=1 tmo=0 recov=0 pclk1=200000000 sysclk=400000000
[NAK] nacks=1
[CLK] cpu=800000000 sysb=400000000 pclk1=200000000
[TOF] res=-42 step=1 id=0xa5 blk=0x0 ctl=0x1ff
[DRV] init=0 id=7 mode=0x1 lib=0x2 seq=0x1 odc=0x8b sts=0xe0 armed=1
[TRG] pulses=116 suppressed=1404 cyc=1600 rst=1 rstmode=0x40
[HLT] polls=244 faults=0x0 cfglost=0
[EFF] n=5 last=58500 min=58500 max=58645 late=0 stuck=0
[DWT] ok=1 cyc=3588170394 cyc_per_ms=800000
[HB] up_ms=258009 frames=12258 inf=12258 hazard=1520 canary_err=0 q=0 qovr=0
[I2C] init=0 gate=0 whoami=0x140e0 wr=0 wrseen=0x27 addr=0x5a ok=2933 err=1 tmo=0 recov=0 pclk1=200000000 sysclk=400000000
[NAK] nacks=1
[CLK] cpu=800000000 sysb=400000000 pclk1=200000000
[TOF] res=-42 step=1 id=0xa5 blk=0x0 ctl=0x1ff
[DRV] init=0 id=7 mode=0x1 lib=0x2 seq=0x1 odc=0x8b sts=0xe0 armed=1
[TRG] pulses=116 suppressed=1404 cyc=1600 rst=1 rstmode=0x40
[HLT] polls=245 faults=0x0 cfglost=0
[EFF] n=5 last=58500 min=58500 max=58645 late=0 stuck=0
[DWT] ok=1 cyc=134803094 cyc_per_ms=799999
[HB] up_ms=259061 frames=12308 inf=12308 hazard=1548 canary_err=0 q=0 qovr=0
[I2C] init=0 gate=0 whoami=0x140e0 wr=0 wrseen=0x27 addr=0x5a ok=2935 err=1 tmo=0 recov=0 pclk1=200000000 sysclk=400000000
[NAK] nacks=1
[CLK] cpu=800000000 sysb=400000000 pclk1=200000000
[TOF] res=-42 step=1 id=0xa5 blk=0x0 ctl=0x1ff
[DRV] init=0 id=7 mode=0x1 lib=0x2 seq=0x1 odc=0x8b sts=0xe0 armed=1
[TRG] pulses=119 suppressed=1431 cyc=1600 rst=1 rstmode=0x40
[HLT] polls=246 faults=0x0 cfglost=0
[EFF] n=5 last=58500 min=58500 max=58645 late=0 stuck=0
[DWT] ok=1 cyc=976407286 cyc_per_ms=800003
[HB] up_ms=260113 frames=12358 inf=12358 hazard=1560 canary_err=0 q=0 qovr=0
[I2C] init=0 gate=0 whoami=0x140e0 wr=0 wrseen=0x27 addr=0x5a ok=2937 err=1 tmo=0 recov=0 pclk1=200000000 sysclk=400000000
[NAK] nacks=1
[CLK] cpu=800000000 sysb=400000000 pclk1=200000000
[TOF] res=-42 step=1 id=0xa5 blk=0x0 ctl=0x1ff
[DRV] init=0 id=7 mode=0x1 lib=0x2 seq=0x1 odc=0x8b sts=0xe0 armed=1
[TRG] pulses=119 suppressed=1441 cyc=1600 rst=1 rstmode=0x40
[HLT] polls=247 faults=0x0 cfglost=0
[EFF] n=5 last=58500 min=58500 max=58645 late=0 stuck=0
[DWT] ok=1 cyc=1818024986 cyc_per_ms=800016
[HB] up_ms=261165 frames=12408 inf=12408 hazard=1560 canary_err=0 q=0 qovr=0
[I2C] init=0 gate=0 whoami=0x140e0 wr=0 wrseen=0x27 addr=0x5a ok=2939 err=1 tmo=0 recov=0 pclk1=200000000 sysclk=400000000
[NAK] nacks=1
[CLK] cpu=800000000 sysb=400000000 pclk1=200000000
[TOF] res=-42 step=1 id=0xa5 blk=0x0 ctl=0x1ff
[DRV] init=0 id=7 mode=0x1 lib=0x2 seq=0x1 odc=0x8b sts=0xe0 armed=1
[TRG] pulses=119 suppressed=1441 cyc=1600 rst=1 rstmode=0x40
[HLT] polls=248 faults=0x0 cfglost=0
[EFF] n=5 last=58500 min=58500 max=58645 late=0 stuck=0
[DWT] ok=1 cyc=2659625050 cyc_per_ms=800000
[HB] up_ms=262217 frames=12458 inf=12458 hazard=1560 canary_err=0 q=0 qovr=0
[I2C] init=0 gate=0 whoami=0x140e0 wr=0 wrseen=0x27 addr=0x5a ok=2941 err=1 tmo=0 recov=0 pclk1=200000000 sysclk=400000000
[NAK] nacks=1
[CLK] cpu=800000000 sysb=400000000 pclk1=200000000
[TOF] res=-42 step=1 id=0xa5 blk=0x0 ctl=0x1ff
[DRV] init=0 id=7 mode=0x1 lib=0x2 seq=0x1 odc=0x8b sts=0xe0 armed=1
[TRG] pulses=119 suppressed=1441 cyc=1600 rst=1 rstmode=0x40
[HLT] polls=249 faults=0x0 cfglost=0
[EFF] n=5 last=58500 min=58500 max=58645 late=0 stuck=0
[DWT] ok=1 cyc=3501224986 cyc_per_ms=799999
[HB] up_ms=263269 frames=12509 inf=12509 hazard=1560 canary_err=0 q=0 qovr=0
[I2C] init=0 gate=0 whoami=0x140e0 wr=0 wrseen=0x27 addr=0x5a ok=2943 err=1 tmo=0 recov=0 pclk1=200000000 sysclk=400000000
[NAK] nacks=1
[CLK] cpu=800000000 sysb=400000000 pclk1=200000000
[TOF] res=-42 step=1 id=0xa5 blk=0x0 ctl=0x1ff
[DRV] init=0 id=7 mode=0x1 lib=0x2 seq=0x1 odc=0x8b sts=0xe0 armed=1
[TRG] pulses=119 suppressed=1441 cyc=1600 rst=1 rstmode=0x40
[HLT] polls=250 faults=0x0 cfglost=0
[EFF] n=5 last=58500 min=58500 max=58645 late=0 stuck=0
[DWT] ok=1 cyc=47835778 cyc_per_ms=799979
[HB] up_ms=264321 frames=12559 inf=12559 hazard=1560 canary_err=0 q=0 qovr=0
[I2C] init=0 gate=0 whoami=0x140e0 wr=0 wrseen=0x27 addr=0x5a ok=2945 err=1 tmo=0 recov=0 pclk1=200000000 sysclk=400000000
[NAK] nacks=1
[CLK] cpu=800000000 sysb=400000000 pclk1=200000000
[TOF] res=-42 step=1 id=0xa5 blk=0x0 ctl=0x1ff
[DRV] init=0 id=7 mode=0x1 lib=0x2 seq=0x1 odc=0x8b sts=0xe0 armed=1
[TRG] pulses=119 suppressed=1441 cyc=1600 rst=1 rstmode=0x40
[HLT] polls=251 faults=0x0 cfglost=0
[EFF] n=5 last=58500 min=58500 max=58645 late=0 stuck=0
[DWT] ok=1 cyc=889435810 cyc_per_ms=800000
[HB] up_ms=265373 frames=12609 inf=12609 hazard=1569 canary_err=0 q=0 qovr=0
[I2C] init=0 gate=0 whoami=0x140e0 wr=0 wrseen=0x27 addr=0x5a ok=2947 err=1 tmo=0 recov=0 pclk1=200000000 sysclk=400000000
[NAK] nacks=1
[CLK] cpu=800000000 sysb=400000000 pclk1=200000000
[TOF] res=-42 step=1 id=0xa5 blk=0x0 ctl=0x1ff
[DRV] init=0 id=7 mode=0x1 lib=0x2 seq=0x1 odc=0x8b sts=0xe0 armed=1
[TRG] pulses=120 suppressed=1450 cyc=1600 rst=1 rstmode=0x40
[HLT] polls=252 faults=0x0 cfglost=0
[EFF] n=5 last=58500 min=58500 max=58645 late=0 stuck=0
[DWT] ok=1 cyc=1731037630 cyc_per_ms=800001
[HB] up_ms=266425 frames=12659 inf=12659 hazard=1600 canary_err=0 q=0 qovr=0
[I2C] init=0 gate=0 whoami=0x140e0 wr=0 wrseen=0x27 addr=0x5a ok=2949 err=1 tmo=0 recov=0 pclk1=200000000 sysclk=400000000
[NAK] nacks=1
[CLK] cpu=800000000 sysb=400000000 pclk1=200000000
[TOF] res=-42 step=1 id=0xa5 blk=0x0 ctl=0x1ff
[DRV] init=0 id=7 mode=0x1 lib=0x2 seq=0x1 odc=0x8b sts=0xe0 armed=1
[TRG] pulses=122 suppressed=1478 cyc=1600 rst=1 rstmode=0x40
[HLT] polls=253 faults=0x0 cfglost=0
[EFF] n=5 last=58500 min=58500 max=58645 late=0 stuck=0
[DWT] ok=1 cyc=2572635834 cyc_per_ms=799998
[HB] up_ms=267477 frames=12709 inf=12709 hazard=1600 canary_err=0 q=0 qovr=0
[I2C] init=0 gate=0 whoami=0x140e0 wr=0 wrseen=0x27 addr=0x5a ok=2951 err=1 tmo=0 recov=0 pclk1=200000000 sysclk=400000000
[NAK] nacks=1
[CLK] cpu=800000000 sysb=400000000 pclk1=200000000
[TOF] res=-42 step=1 id=0xa5 blk=0x0 ctl=0x1ff
[DRV] init=0 id=7 mode=0x1 lib=0x2 seq=0x1 odc=0x8b sts=0xe0 armed=1
[TRG] pulses=122 suppressed=1478 cyc=1600 rst=1 rstmode=0x40
[HLT] polls=254 faults=0x0 cfglost=0
[EFF] n=5 last=58500 min=58500 max=58645 late=0 stuck=0
[DWT] ok=1 cyc=3414235762 cyc_per_ms=799999
[HB] up_ms=268529 frames=12759 inf=12759 hazard=1600 canary_err=0 q=0 qovr=0
[I2C] init=0 gate=0 whoami=0x140e0 wr=0 wrseen=0x27 addr=0x5a ok=2953 err=1 tmo=0 recov=0 pclk1=200000000 sysclk=400000000
[NAK] nacks=1
[CLK] cpu=800000000 sysb=400000000 pclk1=200000000
[TOF] res=-42 step=1 id=0xa5 blk=0x0 ctl=0x1ff
[DRV] init=0 id=7 mode=0x1 lib=0x2 seq=0x1 odc=0x8b sts=0xe0 armed=1
[TRG] pulses=122 suppressed=1478 cyc=1600 rst=1 rstmode=0x40
[HLT] polls=255 faults=0x0 cfglost=0
[EFF] n=5 last=58500 min=58500 max=58645 late=0 stuck=0
[DWT] ok=1 cyc=4255835762 cyc_per_ms=800000
[HB] up_ms=269581 frames=12809 inf=12809 hazard=1600 canary_err=0 q=0 qovr=0
[I2C] init=0 gate=0 whoami=0x140e0 wr=0 wrseen=0x27 addr=0x5a ok=2955 err=1 tmo=0 recov=0 pclk1=200000000 sysclk=400000000
[NAK] nacks=1
[CLK] cpu=800000000 sysb=400000000 pclk1=200000000
[TOF] res=-42 step=1 id=0xa5 blk=0x0 ctl=0x1ff
[DRV] init=0 id=7 mode=0x1 lib=0x2 seq=0x1 odc=0x8b sts=0xe0 armed=1
[TRG] pulses=122 suppressed=1478 cyc=1600 rst=1 rstmode=0x40
[HLT] polls=256 faults=0x0 cfglost=0
[EFF] n=5 last=58500 min=58500 max=58645 late=0 stuck=0
[DWT] ok=1 cyc=802468466 cyc_per_ms=800000
[HB] up_ms=270633 frames=12859 inf=12859 hazard=1600 canary_err=0 q=0 qovr=0
[I2C] init=0 gate=0 whoami=0x140e0 wr=0 wrseen=0x27 addr=0x5a ok=2957 err=1 tmo=0 recov=0 pclk1=200000000 sysclk=400000000
[NAK] nacks=1
[CLK] cpu=800000000 sysb=400000000 pclk1=200000000
[TOF] res=-42 step=1 id=0xa5 blk=0x0 ctl=0x1ff
[DRV] init=0 id=7 mode=0x1 lib=0x2 seq=0x1 odc=0x8b sts=0xe0 armed=1
[TRG] pulses=122 suppressed=1478 cyc=1600 rst=1 rstmode=0x40
[HLT] polls=257 faults=0x0 cfglost=0
[EFF] n=5 last=58500 min=58500 max=58645 late=0 stuck=0
[DWT] ok=1 cyc=1644068458 cyc_per_ms=799999
[HB] up_ms=271685 frames=12909 inf=12909 hazard=1600 canary_err=0 q=0 qovr=0
[I2C] init=0 gate=0 whoami=0x140e0 wr=0 wrseen=0x27 addr=0x5a ok=2959 err=1 tmo=0 recov=0 pclk1=200000000 sysclk=400000000
[NAK] nacks=1
[CLK] cpu=800000000 sysb=400000000 pclk1=200000000
[TOF] res=-42 step=1 id=0xa5 blk=0x0 ctl=0x1ff
[DRV] init=0 id=7 mode=0x1 lib=0x2 seq=0x1 odc=0x8b sts=0xe0 armed=1
[TRG] pulses=122 suppressed=1478 cyc=1600 rst=1 rstmode=0x40
[HLT] polls=258 faults=0x0 cfglost=0
[EFF] n=5 last=58500 min=58500 max=58645 late=0 stuck=0
[DWT] ok=1 cyc=2485690394 cyc_per_ms=800020
[HB] up_ms=272737 frames=12959 inf=12959 hazard=1639 canary_err=0 q=0 qovr=0
[I2C] init=0 gate=0 whoami=0x140e0 wr=0 wrseen=0x27 addr=0x5a ok=2961 err=1 tmo=0 recov=0 pclk1=200000000 sysclk=400000000
[NAK] nacks=1
[CLK] cpu=800000000 sysb=400000000 pclk1=200000000
[TOF] res=-42 step=1 id=0xa5 blk=0x0 ctl=0x1ff
[DRV] init=0 id=7 mode=0x1 lib=0x2 seq=0x1 odc=0x8b sts=0xe0 armed=1
[TRG] pulses=125 suppressed=1515 cyc=1600 rst=1 rstmode=0x40
[HLT] polls=259 faults=0x0 cfglost=0
[EFF] n=5 last=58500 min=58500 max=58645 late=0 stuck=0
[DWT] ok=1 cyc=3327291394 cyc_per_ms=800000
[HB] up_ms=273789 frames=13010 inf=13010 hazard=1640 canary_err=0 q=0 qovr=0
[I2C] init=0 gate=0 whoami=0x140e0 wr=0 wrseen=0x27 addr=0x5a ok=2963 err=1 tmo=0 recov=0 pclk1=200000000 sysclk=400000000
[NAK] nacks=1
[CLK] cpu=800000000 sysb=400000000 pclk1=200000000
[TOF] res=-42 step=1 id=0xa5 blk=0x0 ctl=0x1ff
[DRV] init=0 id=7 mode=0x1 lib=0x2 seq=0x1 odc=0x8b sts=0xe0 armed=1
[TRG] pulses=125 suppressed=1515 cyc=1600 rst=1 rstmode=0x40
[HLT] polls=260 faults=0x0 cfglost=0
[EFF] n=5 last=58500 min=58500 max=58645 late=0 stuck=0
[DWT] ok=1 cyc=4168889730 cyc_per_ms=799998
[HB] up_ms=274841 frames=13060 inf=13060 hazard=1640 canary_err=0 q=0 qovr=0
[I2C] init=0 gate=0 whoami=0x140e0 wr=0 wrseen=0x27 addr=0x5a ok=2965 err=1 tmo=0 recov=0 pclk1=200000000 sysclk=400000000
[NAK] nacks=1
[CLK] cpu=800000000 sysb=400000000 pclk1=200000000
[TOF] res=-42 step=1 id=0xa5 blk=0x0 ctl=0x1ff
[DRV] init=0 id=7 mode=0x1 lib=0x2 seq=0x1 odc=0x8b sts=0xe0 armed=1
[TRG] pulses=125 suppressed=1515 cyc=1600 rst=1 rstmode=0x40
[HLT] polls=261 faults=0x0 cfglost=0
[EFF] n=5 last=58500 min=58500 max=58645 late=0 stuck=0
[DWT] ok=1 cyc=715501246 cyc_per_ms=799979
[HB] up_ms=275893 frames=13110 inf=13110 hazard=1640 canary_err=0 q=0 qovr=0
[I2C] init=0 gate=0 whoami=0x140e0 wr=0 wrseen=0x27 addr=0x5a ok=2967 err=1 tmo=0 recov=0 pclk1=200000000 sysclk=400000000
[NAK] nacks=1
[CLK] cpu=800000000 sysb=400000000 pclk1=200000000
[TOF] res=-42 step=1 id=0xa5 blk=0x0 ctl=0x1ff
[DRV] init=0 id=7 mode=0x1 lib=0x2 seq=0x1 odc=0x8b sts=0xe0 armed=1
[TRG] pulses=125 suppressed=1515 cyc=1600 rst=1 rstmode=0x40
[HLT] polls=262 faults=0x0 cfglost=0
[EFF] n=5 last=58500 min=58500 max=58645 late=0 stuck=0
[DWT] ok=1 cyc=1557101182 cyc_per_ms=799999
[HB] up_ms=276945 frames=13160 inf=13160 hazard=1640 canary_err=0 q=0 qovr=0
[I2C] init=0 gate=0 whoami=0x140e0 wr=0 wrseen=0x27 addr=0x5a ok=2969 err=1 tmo=0 recov=0 pclk1=200000000 sysclk=400000000
[NAK] nacks=1
[CLK] cpu=800000000 sysb=400000000 pclk1=200000000
[TOF] res=-42 step=1 id=0xa5 blk=0x0 ctl=0x1ff
[DRV] init=0 id=7 mode=0x1 lib=0x2 seq=0x1 odc=0x8b sts=0xe0 armed=1
[TRG] pulses=125 suppressed=1515 cyc=1600 rst=1 rstmode=0x40
[HLT] polls=263 faults=0x0 cfglost=0
[EFF] n=5 last=58500 min=58500 max=58645 late=0 stuck=0
[DWT] ok=1 cyc=2398701202 cyc_per_ms=800000
[HB] up_ms=277997 frames=13210 inf=13210 hazard=1640 canary_err=0 q=0 qovr=0
[I2C] init=0 gate=0 whoami=0x140e0 wr=0 wrseen=0x27 addr=0x5a ok=2971 err=1 tmo=0 recov=0 pclk1=200000000 sysclk=400000000
[NAK] nacks=1
[CLK] cpu=800000000 sysb=400000000 pclk1=200000000
[TOF] res=-42 step=1 id=0xa5 blk=0x0 ctl=0x1ff
[DRV] init=0 id=7 mode=0x1 lib=0x2 seq=0x1 odc=0x8b sts=0xe0 armed=1
[TRG] pulses=125 suppressed=1515 cyc=1600 rst=1 rstmode=0x40
[HLT] polls=264 faults=0x0 cfglost=0
[EFF] n=5 last=58500 min=58500 max=58645 late=0 stuck=0
[DWT] ok=1 cyc=3240301226 cyc_per_ms=800000
[HB] up_ms=279049 frames=13260 inf=13260 hazard=1660 canary_err=0 q=0 qovr=0
[I2C] init=0 gate=0 whoami=0x140e0 wr=0 wrseen=0x27 addr=0x5a ok=2973 err=1 tmo=0 recov=0 pclk1=200000000 sysclk=400000000
[NAK] nacks=1
[CLK] cpu=800000000 sysb=400000000 pclk1=200000000
[TOF] res=-42 step=1 id=0xa5 blk=0x0 ctl=0x1ff
[DRV] init=0 id=7 mode=0x1 lib=0x2 seq=0x1 odc=0x8b sts=0xe0 armed=1
[TRG] pulses=127 suppressed=1535 cyc=1600 rst=1 rstmode=0x40
[HLT] polls=265 faults=0x0 cfglost=0
[EFF] n=5 last=58500 min=58500 max=58645 late=0 stuck=0
[DWT] ok=1 cyc=4081902970 cyc_per_ms=800001
[HB] up_ms=280101 frames=13310 inf=13310 hazard=1680 canary_err=0 q=0 qovr=0
[I2C] init=0 gate=0 whoami=0x140e0 wr=0 wrseen=0x27 addr=0x5a ok=2975 err=1 tmo=0 recov=0 pclk1=200000000 sysclk=400000000
[NAK] nacks=1
[CLK] cpu=800000000 sysb=400000000 pclk1=200000000
[TOF] res=-42 step=1 id=0xa5 blk=0x0 ctl=0x1ff
[DRV] init=0 id=7 mode=0x1 lib=0x2 seq=0x1 odc=0x8b sts=0xe0 armed=1
[TRG] pulses=128 suppressed=1552 cyc=1600 rst=1 rstmode=0x40
[HLT] polls=266 faults=0x0 cfglost=0
[EFF] n=5 last=58500 min=58500 max=58645 late=0 stuck=0
[DWT] ok=1 cyc=628533874 cyc_per_ms=799998
[HB] up_ms=281153 frames=13360 inf=13360 hazard=1680 canary_err=0 q=0 qovr=0
[I2C] init=0 gate=0 whoami=0x140e0 wr=0 wrseen=0x27 addr=0x5a ok=2977 err=1 tmo=0 recov=0 pclk1=200000000 sysclk=400000000
[NAK] nacks=1
[CLK] cpu=800000000 sysb=400000000 pclk1=200000000
[TOF] res=-42 step=1 id=0xa5 blk=0x0 ctl=0x1ff
[DRV] init=0 id=7 mode=0x1 lib=0x2 seq=0x1 odc=0x8b sts=0xe0 armed=1
[TRG] pulses=128 suppressed=1552 cyc=1600 rst=1 rstmode=0x40
[HLT] polls=267 faults=0x0 cfglost=0
[EFF] n=5 last=58500 min=58500 max=58645 late=0 stuck=0
[DWT] ok=1 cyc=1470133846 cyc_per_ms=799999
[HB] up_ms=282205 frames=13410 inf=13410 hazard=1680 canary_err=0 q=0 qovr=0
[I2C] init=0 gate=0 whoami=0x140e0 wr=0 wrseen=0x27 addr=0x5a ok=2979 err=1 tmo=0 recov=0 pclk1=200000000 sysclk=400000000
[NAK] nacks=1
[CLK] cpu=800000000 sysb=400000000 pclk1=200000000
[TOF] res=-42 step=1 id=0xa5 blk=0x0 ctl=0x1ff
[DRV] init=0 id=7 mode=0x1 lib=0x2 seq=0x1 odc=0x8b sts=0xe0 armed=1
[TRG] pulses=128 suppressed=1552 cyc=1600 rst=1 rstmode=0x40
[HLT] polls=268 faults=0x0 cfglost=0
[EFF] n=5 last=58500 min=58500 max=58645 late=0 stuck=0
[DWT] ok=1 cyc=2311755866 cyc_per_ms=800020
[HB] up_ms=283257 frames=13460 inf=13460 hazard=1680 canary_err=0 q=0 qovr=0
[I2C] init=0 gate=0 whoami=0x140e0 wr=0 wrseen=0x27 addr=0x5a ok=2981 err=1 tmo=0 recov=0 pclk1=200000000 sysclk=400000000
[NAK] nacks=1
[CLK] cpu=800000000 sysb=400000000 pclk1=200000000
[TOF] res=-42 step=1 id=0xa5 blk=0x0 ctl=0x1ff
[DRV] init=0 id=7 mode=0x1 lib=0x2 seq=0x1 odc=0x8b sts=0xe0 armed=1
[TRG] pulses=128 suppressed=1552 cyc=1600 rst=1 rstmode=0x40
[HLT] polls=269 faults=0x0 cfglost=0
[EFF] n=5 last=58500 min=58500 max=58645 late=0 stuck=0
[DWT] ok=1 cyc=3153355826 cyc_per_ms=799999
[HB] up_ms=284309 frames=13510 inf=13510 hazard=1680 canary_err=0 q=0 qovr=0
[I2C] init=0 gate=0 whoami=0x140e0 wr=0 wrseen=0x27 addr=0x5a ok=2983 err=1 tmo=0 recov=0 pclk1=200000000 sysclk=400000000
[NAK] nacks=1
[CLK] cpu=800000000 sysb=400000000 pclk1=200000000
[TOF] res=-42 step=1 id=0xa5 blk=0x0 ctl=0x1ff
[DRV] init=0 id=7 mode=0x1 lib=0x2 seq=0x1 odc=0x8b sts=0xe0 armed=1
[TRG] pulses=128 suppressed=1552 cyc=1600 rst=1 rstmode=0x40
[HLT] polls=270 faults=0x0 cfglost=0
[EFF] n=5 last=58500 min=58500 max=58645 late=0 stuck=0
[DWT] ok=1 cyc=3994955802 cyc_per_ms=799999
[HB] up_ms=285361 frames=13561 inf=13561 hazard=1681 canary_err=0 q=0 qovr=0
[I2C] init=0 gate=0 whoami=0x140e0 wr=0 wrseen=0x27 addr=0x5a ok=2985 err=1 tmo=0 recov=0 pclk1=200000000 sysclk=400000000
[NAK] nacks=1
[CLK] cpu=800000000 sysb=400000000 pclk1=200000000
[TOF] res=-42 step=1 id=0xa5 blk=0x0 ctl=0x1ff
[DRV] init=0 id=7 mode=0x1 lib=0x2 seq=0x1 odc=0x8b sts=0xe0 armed=1
[TRG] pulses=129 suppressed=1553 cyc=1600 rst=1 rstmode=0x40
[HLT] polls=271 faults=0x0 cfglost=0
[EFF] n=5 last=58500 min=58500 max=58645 late=0 stuck=0
[DWT] ok=1 cyc=541568386 cyc_per_ms=799980
[HB] up_ms=286413 frames=13611 inf=13611 hazard=1720 canary_err=0 q=0 qovr=0
[I2C] init=0 gate=0 whoami=0x140e0 wr=0 wrseen=0x27 addr=0x5a ok=2987 err=1 tmo=0 recov=0 pclk1=200000000 sysclk=400000000
[NAK] nacks=1
[CLK] cpu=800000000 sysb=400000000 pclk1=200000000
[TOF] res=-42 step=1 id=0xa5 blk=0x0 ctl=0x1ff
[DRV] init=0 id=7 mode=0x1 lib=0x2 seq=0x1 odc=0x8b sts=0xe0 armed=1
[TRG] pulses=131 suppressed=1589 cyc=1600 rst=1 rstmode=0x40
[HLT] polls=272 faults=0x0 cfglost=0
[EFF] n=5 last=58500 min=58500 max=58645 late=0 stuck=0
[DWT] ok=1 cyc=1383166598 cyc_per_ms=799998
[HB] up_ms=287465 frames=13661 inf=13661 hazard=1720 canary_err=0 q=0 qovr=0
[I2C] init=0 gate=0 whoami=0x140e0 wr=0 wrseen=0x27 addr=0x5a ok=2989 err=1 tmo=0 recov=0 pclk1=200000000 sysclk=400000000
[NAK] nacks=1
[CLK] cpu=800000000 sysb=400000000 pclk1=200000000
[TOF] res=-42 step=1 id=0xa5 blk=0x0 ctl=0x1ff
[DRV] init=0 id=7 mode=0x1 lib=0x2 seq=0x1 odc=0x8b sts=0xe0 armed=1
[TRG] pulses=131 suppressed=1589 cyc=1600 rst=1 rstmode=0x40
[HLT] polls=273 faults=0x0 cfglost=0
[EFF] n=5 last=58500 min=58500 max=58645 late=0 stuck=0
[DWT] ok=1 cyc=2224766618 cyc_per_ms=800000
[HB] up_ms=288517 frames=13711 inf=13711 hazard=1720 canary_err=0 q=0 qovr=0
[I2C] init=0 gate=0 whoami=0x140e0 wr=0 wrseen=0x27 addr=0x5a ok=2991 err=1 tmo=0 recov=0 pclk1=200000000 sysclk=400000000
[NAK] nacks=1
[CLK] cpu=800000000 sysb=400000000 pclk1=200000000
[TOF] res=-42 step=1 id=0xa5 blk=0x0 ctl=0x1ff
[DRV] init=0 id=7 mode=0x1 lib=0x2 seq=0x1 odc=0x8b sts=0xe0 armed=1
[TRG] pulses=131 suppressed=1589 cyc=1600 rst=1 rstmode=0x40
[HLT] polls=274 faults=0x0 cfglost=0
[EFF] n=5 last=58500 min=58500 max=58645 late=0 stuck=0
[DWT] ok=1 cyc=3066366650 cyc_per_ms=800000
[HB] up_ms=289569 frames=13761 inf=13761 hazard=1720 canary_err=0 q=0 qovr=0
[I2C] init=0 gate=0 whoami=0x140e0 wr=0 wrseen=0x27 addr=0x5a ok=2993 err=1 tmo=0 recov=0 pclk1=200000000 sysclk=400000000
[NAK] nacks=1
[CLK] cpu=800000000 sysb=400000000 pclk1=200000000
[TOF] res=-42 step=1 id=0xa5 blk=0x0 ctl=0x1ff
[DRV] init=0 id=7 mode=0x1 lib=0x2 seq=0x1 odc=0x8b sts=0xe0 armed=1
[TRG] pulses=131 suppressed=1589 cyc=1600 rst=1 rstmode=0x40
[HLT] polls=275 faults=0x0 cfglost=0
[EFF] n=5 last=58500 min=58500 max=58645 late=0 stuck=0
[DWT] ok=1 cyc=3907966570 cyc_per_ms=799999
[HB] up_ms=290621 frames=13811 inf=13811 hazard=1720 canary_err=0 q=0 qovr=0
[I2C] init=0 gate=0 whoami=0x140e0 wr=0 wrseen=0x27 addr=0x5a ok=2995 err=1 tmo=0 recov=0 pclk1=200000000 sysclk=400000000
[NAK] nacks=1
[CLK] cpu=800000000 sysb=400000000 pclk1=200000000
[TOF] res=-42 step=1 id=0xa5 blk=0x0 ctl=0x1ff
[DRV] init=0 id=7 mode=0x1 lib=0x2 seq=0x1 odc=0x8b sts=0xe0 armed=1
[TRG] pulses=131 suppressed=1589 cyc=1600 rst=1 rstmode=0x40
[HLT] polls=276 faults=0x0 cfglost=0
[EFF] n=5 last=58500 min=58500 max=58645 late=0 stuck=0
[DWT] ok=1 cyc=454599274 cyc_per_ms=800000
[HB] up_ms=291673 frames=13861 inf=13861 hazard=1720 canary_err=0 q=0 qovr=0
[I2C] init=0 gate=0 whoami=0x140e0 wr=0 wrseen=0x27 addr=0x5a ok=2997 err=1 tmo=0 recov=0 pclk1=200000000 sysclk=400000000
[NAK] nacks=1
[CLK] cpu=800000000 sysb=400000000 pclk1=200000000
[TOF] res=-42 step=1 id=0xa5 blk=0x0 ctl=0x1ff
[DRV] init=0 id=7 mode=0x1 lib=0x2 seq=0x1 odc=0x8b sts=0xe0 armed=1
[TRG] pulses=131 suppressed=1589 cyc=1600 rst=1 rstmode=0x40
[HLT] polls=277 faults=0x0 cfglost=0
[EFF] n=5 last=58500 min=58500 max=58645 late=0 stuck=0
[DWT] ok=1 cyc=1296199274 cyc_per_ms=800000
[HB] up_ms=292725 frames=13911 inf=13911 hazard=1751 canary_err=0 q=0 qovr=0
[I2C] init=0 gate=0 whoami=0x140e0 wr=0 wrseen=0x27 addr=0x5a ok=2999 err=1 tmo=0 recov=0 pclk1=200000000 sysclk=400000000
[NAK] nacks=1
[CLK] cpu=800000000 sysb=400000000 pclk1=200000000
[TOF] res=-42 step=1 id=0xa5 blk=0x0 ctl=0x1ff
[DRV] init=0 id=7 mode=0x1 lib=0x2 seq=0x1 odc=0x8b sts=0xe0 armed=1
[TRG] pulses=134 suppressed=1619 cyc=1600 rst=1 rstmode=0x40
[HLT] polls=278 faults=0x0 cfglost=0
[EFF] n=5 last=58500 min=58500 max=58645 late=0 stuck=0
[DWT] ok=1 cyc=2137801090 cyc_per_ms=800001
[HB] up_ms=293777 frames=13961 inf=13961 hazard=1760 canary_err=0 q=0 qovr=0
[I2C] init=0 gate=0 whoami=0x140e0 wr=0 wrseen=0x27 addr=0x5a ok=3001 err=1 tmo=0 recov=0 pclk1=200000000 sysclk=400000000
[NAK] nacks=1
[CLK] cpu=800000000 sysb=400000000 pclk1=200000000
[TOF] res=-42 step=1 id=0xa5 blk=0x0 ctl=0x1ff
[DRV] init=0 id=7 mode=0x1 lib=0x2 seq=0x1 odc=0x8b sts=0xe0 armed=1
[TRG] pulses=134 suppressed=1626 cyc=1600 rst=1 rstmode=0x40
[HLT] polls=279 faults=0x0 cfglost=0
[EFF] n=5 last=58500 min=58500 max=58645 late=0 stuck=0
[DWT] ok=1 cyc=2979421258 cyc_per_ms=800019
[HB] up_ms=294829 frames=14011 inf=14011 hazard=1760 canary_err=0 q=0 qovr=0
[I2C] init=0 gate=0 whoami=0x140e0 wr=0 wrseen=0x27 addr=0x5a ok=3003 err=1 tmo=0 recov=0 pclk1=200000000 sysclk=400000000
[NAK] nacks=1
[CLK] cpu=800000000 sysb=400000000 pclk1=200000000
[TOF] res=-42 step=1 id=0xa5 blk=0x0 ctl=0x1ff
[DRV] init=0 id=7 mode=0x1 lib=0x2 seq=0x1 odc=0x8b sts=0xe0 armed=1
[TRG] pulses=134 suppressed=1626 cyc=1600 rst=1 rstmode=0x40
[HLT] polls=280 faults=0x0 cfglost=0
[EFF] n=5 last=58500 min=58500 max=58645 late=0 stuck=0
[DWT] ok=1 cyc=3821021230 cyc_per_ms=799999
[HB] up_ms=295881 frames=14062 inf=14062 hazard=1760 canary_err=0 q=0 qovr=0
[I2C] init=0 gate=0 whoami=0x140e0 wr=0 wrseen=0x27 addr=0x5a ok=3005 err=1 tmo=0 recov=0 pclk1=200000000 sysclk=400000000
[NAK] nacks=1
[CLK] cpu=800000000 sysb=400000000 pclk1=200000000
[TOF] res=-42 step=1 id=0xa5 blk=0x0 ctl=0x1ff
[DRV] init=0 id=7 mode=0x1 lib=0x2 seq=0x1 odc=0x8b sts=0xe0 armed=1
[TRG] pulses=134 suppressed=1626 cyc=1600 rst=1 rstmode=0x40
[HLT] polls=281 faults=0x0 cfglost=0
[EFF] n=5 last=58500 min=58500 max=58645 late=0 stuck=0
[DWT] ok=1 cyc=367653198 cyc_per_ms=799999
[HB] up_ms=296933 frames=14112 inf=14112 hazard=1760 canary_err=0 q=0 qovr=0
[I2C] init=0 gate=0 whoami=0x140e0 wr=0 wrseen=0x27 addr=0x5a ok=3007 err=1 tmo=0 recov=0 pclk1=200000000 sysclk=400000000
[NAK] nacks=1
[CLK] cpu=800000000 sysb=400000000 pclk1=200000000
[TOF] res=-42 step=1 id=0xa5 blk=0x0 ctl=0x1ff
[DRV] init=0 id=7 mode=0x1 lib=0x2 seq=0x1 odc=0x8b sts=0xe0 armed=1
[TRG] pulses=134 suppressed=1626 cyc=1600 rst=1 rstmode=0x40
[HLT] polls=282 faults=0x0 cfglost=0
[EFF] n=5 last=58500 min=58500 max=58645 late=0 stuck=0
[DWT] ok=1 cyc=1209232006 cyc_per_ms=799979
[HB] up_ms=297985 frames=14162 inf=14162 hazard=1760 canary_err=0 q=0 qovr=0
[I2C] init=0 gate=0 whoami=0x140e0 wr=0 wrseen=0x27 addr=0x5a ok=3009 err=1 tmo=0 recov=0 pclk1=200000000 sysclk=400000000
[NAK] nacks=1
[CLK] cpu=800000000 sysb=400000000 pclk1=200000000
[TOF] res=-42 step=1 id=0xa5 blk=0x0 ctl=0x1ff
[DRV] init=0 id=7 mode=0x1 lib=0x2 seq=0x1 odc=0x8b sts=0xe0 armed=1
[TRG] pulses=134 suppressed=1626 cyc=1600 rst=1 rstmode=0x40
[HLT] polls=283 faults=0x0 cfglost=0
[EFF] n=5 last=58500 min=58500 max=58645 late=0 stuck=0
[DWT] ok=1 cyc=2050832034 cyc_per_ms=800000
[HB] up_ms=299037 frames=14212 inf=14212 hazard=1772 canary_err=0 q=0 qovr=0
[I2C] init=0 gate=0 whoami=0x140e0 wr=0 wrseen=0x27 addr=0x5a ok=3011 err=1 tmo=0 recov=0 pclk1=200000000 sysclk=400000000
[NAK] nacks=1
[CLK] cpu=800000000 sysb=400000000 pclk1=200000000
[TOF] res=-42 step=1 id=0xa5 blk=0x0 ctl=0x1ff
[DRV] init=0 id=7 mode=0x1 lib=0x2 seq=0x1 odc=0x8b sts=0xe0 armed=1
[TRG] pulses=135 suppressed=1638 cyc=1600 rst=1 rstmode=0x40
[HLT] polls=284 faults=0x0 cfglost=0
[EFF] n=5 last=58500 min=58500 max=58645 late=0 stuck=0
[DWT] ok=1 cyc=2892433826 cyc_per_ms=800001
[HB] up_ms=300089 frames=14262 inf=14262 hazard=1800 canary_err=0 q=0 qovr=0
[I2C] init=0 gate=0 whoami=0x140e0 wr=0 wrseen=0x27 addr=0x5a ok=3013 err=1 tmo=0 recov=0 pclk1=200000000 sysclk=400000000
[NAK] nacks=1
[CLK] cpu=800000000 sysb=400000000 pclk1=200000000
[TOF] res=-42 step=1 id=0xa5 blk=0x0 ctl=0x1ff
[DRV] init=0 id=7 mode=0x1 lib=0x2 seq=0x1 odc=0x8b sts=0xe0 armed=1
[TRG] pulses=137 suppressed=1663 cyc=1600 rst=1 rstmode=0x40
[HLT] polls=285 faults=0x0 cfglost=0
[EFF] n=5 last=58500 min=58500 max=58645 late=0 stuck=0
[DWT] ok=1 cyc=3734032018 cyc_per_ms=799998
[HB] up_ms=301141 frames=14312 inf=14312 hazard=1800 canary_err=0 q=0 qovr=0
[I2C] init=0 gate=0 whoami=0x140e0 wr=0 wrseen=0x27 addr=0x5a ok=3015 err=1 tmo=0 recov=0 pclk1=200000000 sysclk=400000000
[NAK] nacks=1
[CLK] cpu=800000000 sysb=400000000 pclk1=200000000
[TOF] res=-42 step=1 id=0xa5 blk=0x0 ctl=0x1ff
[DRV] init=0 id=7 mode=0x1 lib=0x2 seq=0x1 odc=0x8b sts=0xe0 armed=1
[TRG] pulses=137 suppressed=1663 cyc=1600 rst=1 rstmode=0x40
[HLT] polls=286 faults=0x0 cfglost=0
[EFF] n=5 last=58500 min=58500 max=58645 late=0 stuck=0
[DWT] ok=1 cyc=280664730 cyc_per_ms=800000
[HB] up_ms=302193 frames=14362 inf=14362 hazard=1800 canary_err=0 q=0 qovr=0
[I2C] init=0 gate=0 whoami=0x140e0 wr=0 wrseen=0x27 addr=0x5a ok=3017 err=1 tmo=0 recov=0 pclk1=200000000 sysclk=400000000
[NAK] nacks=1
[CLK] cpu=800000000 sysb=400000000 pclk1=200000000
[TOF] res=-42 step=1 id=0xa5 blk=0x0 ctl=0x1ff
[DRV] init=0 id=7 mode=0x1 lib=0x2 seq=0x1 odc=0x8b sts=0xe0 armed=1
[TRG] pulses=137 suppressed=1663 cyc=1600 rst=1 rstmode=0x40
[HLT] polls=287 faults=0x0 cfglost=0
[EFF] n=5 last=58500 min=58500 max=58645 late=0 stuck=0
[DWT] ok=1 cyc=1122264726 cyc_per_ms=799999
[HB] up_ms=303245 frames=14412 inf=14412 hazard=1800 canary_err=0 q=0 qovr=0
[I2C] init=0 gate=0 whoami=0x140e0 wr=0 wrseen=0x27 addr=0x5a ok=3019 err=1 tmo=0 recov=0 pclk1=200000000 sysclk=400000000
[NAK] nacks=1
[CLK] cpu=800000000 sysb=400000000 pclk1=200000000
[TOF] res=-42 step=1 id=0xa5 blk=0x0 ctl=0x1ff
[DRV] init=0 id=7 mode=0x1 lib=0x2 seq=0x1 odc=0x8b sts=0xe0 armed=1
[TRG] pulses=137 suppressed=1663 cyc=1600 rst=1 rstmode=0x40
[HLT] polls=288 faults=0x0 cfglost=0
[EFF] n=5 last=58500 min=58500 max=58645 late=0 stuck=0
[DWT] ok=1 cyc=1963864682 cyc_per_ms=799999
[HB] up_ms=304297 frames=14462 inf=14462 hazard=1800 canary_err=0 q=0 qovr=0
[I2C] init=0 gate=0 whoami=0x140e0 wr=0 wrseen=0x27 addr=0x5a ok=3021 err=1 tmo=0 recov=0 pclk1=200000000 sysclk=400000000
[NAK] nacks=1
[CLK] cpu=800000000 sysb=400000000 pclk1=200000000
[TOF] res=-42 step=1 id=0xa5 blk=0x0 ctl=0x1ff
[DRV] init=0 id=7 mode=0x1 lib=0x2 seq=0x1 odc=0x8b sts=0xe0 armed=1
[TRG] pulses=137 suppressed=1663 cyc=1600 rst=1 rstmode=0x40
[HLT] polls=289 faults=0x0 cfglost=0
[EFF] n=5 last=58500 min=58500 max=58645 late=0 stuck=0
[DWT] ok=1 cyc=2805486646 cyc_per_ms=800020
[HB] up_ms=305349 frames=14512 inf=14512 hazard=1800 canary_err=0 q=0 qovr=0
[I2C] init=0 gate=0 whoami=0x140e0 wr=0 wrseen=0x27 addr=0x5a ok=3023 err=1 tmo=0 recov=0 pclk1=200000000 sysclk=400000000
[NAK] nacks=1
[CLK] cpu=800000000 sysb=400000000 pclk1=200000000
[TOF] res=-42 step=1 id=0xa5 blk=0x0 ctl=0x1ff
[DRV] init=0 id=7 mode=0x1 lib=0x2 seq=0x1 odc=0x8b sts=0xe0 armed=1
[TRG] pulses=137 suppressed=1663 cyc=1600 rst=1 rstmode=0x40
[HLT] polls=290 faults=0x0 cfglost=0
[EFF] n=5 last=58500 min=58500 max=58645 late=0 stuck=0
[DWT] ok=1 cyc=3647086618 cyc_per_ms=799999
[HB] up_ms=306401 frames=14562 inf=14562 hazard=1840 canary_err=0 q=0 qovr=0
[I2C] init=0 gate=0 whoami=0x140e0 wr=0 wrseen=0x27 addr=0x5a ok=3025 err=1 tmo=0 recov=0 pclk1=200000000 sysclk=400000000
[NAK] nacks=1
[CLK] cpu=800000000 sysb=400000000 pclk1=200000000
[TOF] res=-42 step=1 id=0xa5 blk=0x0 ctl=0x1ff
[DRV] init=0 id=7 mode=0x1 lib=0x2 seq=0x1 odc=0x8b sts=0xe0 armed=1
[TRG] pulses=140 suppressed=1700 cyc=1600 rst=1 rstmode=0x40
[HLT] polls=291 faults=0x0 cfglost=0
[EFF] n=5 last=58500 min=58500 max=58645 late=0 stuck=0
[DWT] ok=1 cyc=193719386 cyc_per_ms=800000
[HB] up_ms=307453 frames=14613 inf=14613 hazard=1840 canary_err=0 q=0 qovr=0
[I2C] init=0 gate=0 whoami=0x140e0 wr=0 wrseen=0x27 addr=0x5a ok=3027 err=1 tmo=0 recov=0 pclk1=200000000 sysclk=400000000
[NAK] nacks=1
[CLK] cpu=800000000 sysb=400000000 pclk1=200000000
[TOF] res=-42 step=1 id=0xa5 blk=0x0 ctl=0x1ff
[DRV] init=0 id=7 mode=0x1 lib=0x2 seq=0x1 odc=0x8b sts=0xe0 armed=1
[TRG] pulses=140 suppressed=1700 cyc=1600 rst=1 rstmode=0x40
[HLT] polls=292 faults=0x0 cfglost=0
[EFF] n=5 last=58500 min=58500 max=58645 late=0 stuck=0
[DWT] ok=1 cyc=1035297470 cyc_per_ms=799979
[HB] up_ms=308505 frames=14663 inf=14663 hazard=1840 canary_err=0 q=0 qovr=0
[I2C] init=0 gate=0 whoami=0x140e0 wr=0 wrseen=0x27 addr=0x5a ok=3029 err=1 tmo=0 recov=0 pclk1=200000000 sysclk=400000000
[NAK] nacks=1
[CLK] cpu=800000000 sysb=400000000 pclk1=200000000
[TOF] res=-42 step=1 id=0xa5 blk=0x0 ctl=0x1ff
[DRV] init=0 id=7 mode=0x1 lib=0x2 seq=0x1 odc=0x8b sts=0xe0 armed=1
[TRG] pulses=140 suppressed=1700 cyc=1600 rst=1 rstmode=0x40
[HLT] polls=293 faults=0x0 cfglost=0
[EFF] n=5 last=58500 min=58500 max=58645 late=0 stuck=0
[DWT] ok=1 cyc=1876897394 cyc_per_ms=799999
[HB] up_ms=309557 frames=14713 inf=14713 hazard=1840 canary_err=0 q=0 qovr=0
[I2C] init=0 gate=0 whoami=0x140e0 wr=0 wrseen=0x27 addr=0x5a ok=3031 err=1 tmo=0 recov=0 pclk1=200000000 sysclk=400000000
[NAK] nacks=1
[CLK] cpu=800000000 sysb=400000000 pclk1=200000000
[TOF] res=-42 step=1 id=0xa5 blk=0x0 ctl=0x1ff
[DRV] init=0 id=7 mode=0x1 lib=0x2 seq=0x1 odc=0x8b sts=0xe0 armed=1
[TRG] pulses=140 suppressed=1700 cyc=1600 rst=1 rstmode=0x40
[HLT] polls=294 faults=0x0 cfglost=0
[EFF] n=5 last=58500 min=58500 max=58645 late=0 stuck=0
[DWT] ok=1 cyc=2718497410 cyc_per_ms=800000
[HB] up_ms=310609 frames=14763 inf=14763 hazard=1840 canary_err=0 q=0 qovr=0
[I2C] init=0 gate=0 whoami=0x140e0 wr=0 wrseen=0x27 addr=0x5a ok=3033 err=1 tmo=0 recov=0 pclk1=200000000 sysclk=400000000
[NAK] nacks=1
[CLK] cpu=800000000 sysb=400000000 pclk1=200000000
[TOF] res=-42 step=1 id=0xa5 blk=0x0 ctl=0x1ff
[DRV] init=0 id=7 mode=0x1 lib=0x2 seq=0x1 odc=0x8b sts=0xe0 armed=1
[TRG] pulses=140 suppressed=1700 cyc=1600 rst=1 rstmode=0x40
[HLT] polls=295 faults=0x0 cfglost=0
[EFF] n=5 last=58500 min=58500 max=58645 late=0 stuck=0
[DWT] ok=1 cyc=3560097450 cyc_per_ms=800000
[HB] up_ms=311661 frames=14813 inf=14813 hazard=1840 canary_err=0 q=0 qovr=0
[I2C] init=0 gate=0 whoami=0x140e0 wr=0 wrseen=0x27 addr=0x5a ok=3035 err=1 tmo=0 recov=0 pclk1=200000000 sysclk=400000000
[NAK] nacks=1
[CLK] cpu=800000000 sysb=400000000 pclk1=200000000
[TOF] res=-42 step=1 id=0xa5 blk=0x0 ctl=0x1ff
[DRV] init=0 id=7 mode=0x1 lib=0x2 seq=0x1 odc=0x8b sts=0xe0 armed=1
[TRG] pulses=140 suppressed=1700 cyc=1600 rst=1 rstmode=0x40
[HLT] polls=296 faults=0x0 cfglost=0
[EFF] n=5 last=58500 min=58500 max=58645 late=0 stuck=0
[DWT] ok=1 cyc=106730090 cyc_per_ms=799999
[HB] up_ms=312713 frames=14863 inf=14863 hazard=1863 canary_err=0 q=0 qovr=0
[I2C] init=0 gate=0 whoami=0x140e0 wr=0 wrseen=0x27 addr=0x5a ok=3037 err=1 tmo=0 recov=0 pclk1=200000000 sysclk=400000000
[NAK] nacks=1
[CLK] cpu=800000000 sysb=400000000 pclk1=200000000
[TOF] res=-42 step=1 id=0xa5 blk=0x0 ctl=0x1ff
[DRV] init=0 id=7 mode=0x1 lib=0x2 seq=0x1 odc=0x8b sts=0xe0 armed=1
[TRG] pulses=142 suppressed=1723 cyc=1600 rst=1 rstmode=0x40
[HLT] polls=297 faults=0x0 cfglost=0
[EFF] n=5 last=58500 min=58500 max=58645 late=0 stuck=0
[DWT] ok=1 cyc=948331938 cyc_per_ms=800001
[HB] up_ms=313765 frames=14913 inf=14913 hazard=1880 canary_err=0 q=0 qovr=0
[I2C] init=0 gate=0 whoami=0x140e0 wr=0 wrseen=0x27 addr=0x5a ok=3039 err=1 tmo=0 recov=0 pclk1=200000000 sysclk=400000000
[NAK] nacks=1
[CLK] cpu=800000000 sysb=400000000 pclk1=200000000
[TOF] res=-42 step=1 id=0xa5 blk=0x0 ctl=0x1ff
[DRV] init=0 id=7 mode=0x1 lib=0x2 seq=0x1 odc=0x8b sts=0xe0 armed=1
[TRG] pulses=143 suppressed=1737 cyc=1600 rst=1 rstmode=0x40
[HLT] polls=298 faults=0x0 cfglost=0
[EFF] n=5 last=58500 min=58500 max=58645 late=0 stuck=0
[DWT] ok=1 cyc=1789930090 cyc_per_ms=799998
[HB] up_ms=314817 frames=14963 inf=14963 hazard=1880 canary_err=0 q=0 qovr=0
[I2C] init=0 gate=0 whoami=0x140e0 wr=0 wrseen=0x27 addr=0x5a ok=3041 err=1 tmo=0 recov=0 pclk1=200000000 sysclk=400000000
[NAK] nacks=1
[CLK] cpu=800000000 sysb=400000000 pclk1=200000000
[TOF] res=-42 step=1 id=0xa5 blk=0x0 ctl=0x1ff
[DRV] init=0 id=7 mode=0x1 lib=0x2 seq=0x1 odc=0x8b sts=0xe0 armed=1
[TRG] pulses=143 suppressed=1737 cyc=1600 rst=1 rstmode=0x40
[HLT] polls=299 faults=0x0 cfglost=0
[EFF] n=5 last=58500 min=58500 max=58645 late=0 stuck=0
[DWT] ok=1 cyc=2631530090 cyc_per_ms=800000
[HB] up_ms=315869 frames=15013 inf=15013 hazard=1880 canary_err=0 q=0 qovr=0
[I2C] init=0 gate=0 whoami=0x140e0 wr=0 wrseen=0x27 addr=0x5a ok=3043 err=1 tmo=0 recov=0 pclk1=200000000 sysclk=400000000
[NAK] nacks=1
[CLK] cpu=800000000 sysb=400000000 pclk1=200000000
[TOF] res=-42 step=1 id=0xa5 blk=0x0 ctl=0x1ff
[DRV] init=0 id=7 mode=0x1 lib=0x2 seq=0x1 odc=0x8b sts=0xe0 armed=1
[TRG] pulses=143 suppressed=1737 cyc=1600 rst=1 rstmode=0x40
[HLT] polls=300 faults=0x0 cfglost=0
[EFF] n=5 last=58500 min=58500 max=58645 late=0 stuck=0
[DWT] ok=1 cyc=3473152026 cyc_per_ms=800020
[HB] up_ms=316921 frames=15063 inf=15063 hazard=1880 canary_err=0 q=0 qovr=0
[I2C] init=0 gate=0 whoami=0x140e0 wr=0 wrseen=0x27 addr=0x5a ok=3045 err=1 tmo=0 recov=0 pclk1=200000000 sysclk=400000000
[NAK] nacks=1
[CLK] cpu=800000000 sysb=400000000 pclk1=200000000
[TOF] res=-42 step=1 id=0xa5 blk=0x0 ctl=0x1ff
[DRV] init=0 id=7 mode=0x1 lib=0x2 seq=0x1 odc=0x8b sts=0xe0 armed=1
[TRG] pulses=143 suppressed=1737 cyc=1600 rst=1 rstmode=0x40
[HLT] polls=301 faults=0x0 cfglost=0
[EFF] n=5 last=58500 min=58500 max=58645 late=0 stuck=0
[DWT] ok=1 cyc=19784798 cyc_per_ms=800000
[HB] up_ms=317973 frames=15114 inf=15114 hazard=1880 canary_err=0 q=0 qovr=0
[I2C] init=0 gate=0 whoami=0x140e0 wr=0 wrseen=0x27 addr=0x5a ok=3047 err=1 tmo=0 recov=0 pclk1=200000000 sysclk=400000000
[NAK] nacks=1
[CLK] cpu=800000000 sysb=400000000 pclk1=200000000
[TOF] res=-42 step=1 id=0xa5 blk=0x0 ctl=0x1ff
[DRV] init=0 id=7 mode=0x1 lib=0x2 seq=0x1 odc=0x8b sts=0xe0 armed=1
[TRG] pulses=143 suppressed=1737 cyc=1600 rst=1 rstmode=0x40
[HLT] polls=302 faults=0x0 cfglost=0
[EFF] n=5 last=58500 min=58500 max=58645 late=0 stuck=0
[DWT] ok=1 cyc=861384066 cyc_per_ms=799999
[HB] up_ms=319025 frames=15164 inf=15164 hazard=1884 canary_err=0 q=0 qovr=0
[I2C] init=0 gate=0 whoami=0x140e0 wr=0 wrseen=0x27 addr=0x5a ok=3049 err=1 tmo=0 recov=0 pclk1=200000000 sysclk=400000000
[NAK] nacks=1
[CLK] cpu=800000000 sysb=400000000 pclk1=200000000
[TOF] res=-42 step=1 id=0xa5 blk=0x0 ctl=0x1ff
[DRV] init=0 id=7 mode=0x1 lib=0x2 seq=0x1 odc=0x8b sts=0xe0 armed=1
[TRG] pulses=144 suppressed=1741 cyc=1600 rst=1 rstmode=0x40
[HLT] polls=303 faults=0x0 cfglost=0
[EFF] n=5 last=58500 min=58500 max=58645 late=0 stuck=0
[DWT] ok=1 cyc=1702964686 cyc_per_ms=799981
[HB] up_ms=320077 frames=15214 inf=15214 hazard=1920 canary_err=0 q=0 qovr=0
[I2C] init=0 gate=0 whoami=0x140e0 wr=0 wrseen=0x27 addr=0x5a ok=3051 err=1 tmo=0 recov=0 pclk1=200000000 sysclk=400000000
[NAK] nacks=1
[CLK] cpu=800000000 sysb=400000000 pclk1=200000000
[TOF] res=-42 step=1 id=0xa5 blk=0x0 ctl=0x1ff
[DRV] init=0 id=7 mode=0x1 lib=0x2 seq=0x1 odc=0x8b sts=0xe0 armed=1
[TRG] pulses=146 suppressed=1774 cyc=1600 rst=1 rstmode=0x40
[HLT] polls=304 faults=0x0 cfglost=0
[EFF] n=5 last=58500 min=58500 max=58645 late=0 stuck=0
[DWT] ok=1 cyc=2544562870 cyc_per_ms=799998
[HB] up_ms=321129 frames=15264 inf=15264 hazard=1920 canary_err=0 q=0 qovr=0
[I2C] init=0 gate=0 whoami=0x140e0 wr=0 wrseen=0x27 addr=0x5a ok=3053 err=1 tmo=0 recov=0 pclk1=200000000 sysclk=400000000
[NAK] nacks=1
[CLK] cpu=800000000 sysb=400000000 pclk1=200000000
[TOF] res=-42 step=1 id=0xa5 blk=0x0 ctl=0x1ff
[DRV] init=0 id=7 mode=0x1 lib=0x2 seq=0x1 odc=0x8b sts=0xe0 armed=1
[TRG] pulses=146 suppressed=1774 cyc=1600 rst=1 rstmode=0x40
[HLT] polls=305 faults=0x0 cfglost=0
[EFF] n=5 last=58500 min=58500 max=58645 late=0 stuck=0
[DWT] ok=1 cyc=3386162786 cyc_per_ms=799999
[HB] up_ms=322181 frames=15314 inf=15314 hazard=1920 canary_err=0 q=0 qovr=0
[I2C] init=0 gate=0 whoami=0x140e0 wr=0 wrseen=0x27 addr=0x5a ok=3055 err=1 tmo=0 recov=0 pclk1=200000000 sysclk=400000000
[NAK] nacks=1
[CLK] cpu=800000000 sysb=400000000 pclk1=200000000
[TOF] res=-42 step=1 id=0xa5 blk=0x0 ctl=0x1ff
[DRV] init=0 id=7 mode=0x1 lib=0x2 seq=0x1 odc=0x8b sts=0xe0 armed=1
[TRG] pulses=146 suppressed=1774 cyc=1600 rst=1 rstmode=0x40
[HLT] polls=306 faults=0x0 cfglost=0
[EFF] n=5 last=58500 min=58500 max=58645 late=0 stuck=0
[DWT] ok=1 cyc=4227762802 cyc_per_ms=800000
[HB] up_ms=323233 frames=15364 inf=15364 hazard=1920 canary_err=0 q=0 qovr=0
[I2C] init=0 gate=0 whoami=0x140e0 wr=0 wrseen=0x27 addr=0x5a ok=3057 err=1 tmo=0 recov=0 pclk1=200000000 sysclk=400000000
[NAK] nacks=1
[CLK] cpu=800000000 sysb=400000000 pclk1=200000000
[TOF] res=-42 step=1 id=0xa5 blk=0x0 ctl=0x1ff
[DRV] init=0 id=7 mode=0x1 lib=0x2 seq=0x1 odc=0x8b sts=0xe0 armed=1
[TRG] pulses=146 suppressed=1774 cyc=1600 rst=1 rstmode=0x40
[HLT] polls=307 faults=0x0 cfglost=0
[EFF] n=5 last=58500 min=58500 max=58645 late=0 stuck=0
[DWT] ok=1 cyc=774395506 cyc_per_ms=800000
[HB] up_ms=324285 frames=15414 inf=15414 hazard=1920 canary_err=0 q=0 qovr=0
[I2C] init=0 gate=0 whoami=0x140e0 wr=0 wrseen=0x27 addr=0x5a ok=3059 err=1 tmo=0 recov=0 pclk1=200000000 sysclk=400000000
[NAK] nacks=1
[CLK] cpu=800000000 sysb=400000000 pclk1=200000000
[TOF] res=-42 step=1 id=0xa5 blk=0x0 ctl=0x1ff
[DRV] init=0 id=7 mode=0x1 lib=0x2 seq=0x1 odc=0x8b sts=0xe0 armed=1
[TRG] pulses=146 suppressed=1774 cyc=1600 rst=1 rstmode=0x40
[HLT] polls=308 faults=0x0 cfglost=0
[EFF] n=5 last=58500 min=58500 max=58645 late=0 stuck=0
[DWT] ok=1 cyc=1615995506 cyc_per_ms=800000
[HB] up_ms=325337 frames=15464 inf=15464 hazard=1920 canary_err=0 q=0 qovr=0
[I2C] init=0 gate=0 whoami=0x140e0 wr=0 wrseen=0x27 addr=0x5a ok=3061 err=1 tmo=0 recov=0 pclk1=200000000 sysclk=400000000
[NAK] nacks=1
[CLK] cpu=800000000 sysb=400000000 pclk1=200000000
[TOF] res=-42 step=1 id=0xa5 blk=0x0 ctl=0x1ff
[DRV] init=0 id=7 mode=0x1 lib=0x2 seq=0x1 odc=0x8b sts=0xe0 armed=1
[TRG] pulses=146 suppressed=1774 cyc=1600 rst=1 rstmode=0x40
[HLT] polls=309 faults=0x0 cfglost=0
[EFF] n=5 last=58500 min=58500 max=58645 late=0 stuck=0
[DWT] ok=1 cyc=2457595498 cyc_per_ms=799999
[HB] up_ms=326389 frames=15514 inf=15514 hazard=1954 canary_err=0 q=0 qovr=0
[I2C] init=0 gate=0 whoami=0x140e0 wr=0 wrseen=0x27 addr=0x5a ok=3063 err=1 tmo=0 recov=0 pclk1=200000000 sysclk=400000000
[NAK] nacks=1
[CLK] cpu=800000000 sysb=400000000 pclk1=200000000
[TOF] res=-42 step=1 id=0xa5 blk=0x0 ctl=0x1ff
[DRV] init=0 id=7 mode=0x1 lib=0x2 seq=0x1 odc=0x8b sts=0xe0 armed=1
[TRG] pulses=149 suppressed=1807 cyc=1600 rst=1 rstmode=0x40
[HLT] polls=310 faults=0x0 cfglost=0
[EFF] n=5 last=58500 min=58500 max=58645 late=0 stuck=0
[DWT] ok=1 cyc=3299220202 cyc_per_ms=800023
[HB] up_ms=327441 frames=15564 inf=15564 hazard=1960 canary_err=0 q=0 qovr=0
[I2C] init=0 gate=0 whoami=0x140e0 wr=0 wrseen=0x27 addr=0x5a ok=3065 err=1 tmo=0 recov=0 pclk1=200000000 sysclk=400000000
[NAK] nacks=1
[CLK] cpu=800000000 sysb=400000000 pclk1=200000000
[TOF] res=-42 step=1 id=0xa5 blk=0x0 ctl=0x1ff
[DRV] init=0 id=7 mode=0x1 lib=0x2 seq=0x1 odc=0x8b sts=0xe0 armed=1
[TRG] pulses=149 suppressed=1811 cyc=1600 rst=1 rstmode=0x40
[HLT] polls=311 faults=0x0 cfglost=0
[EFF] n=5 last=58500 min=58500 max=58645 late=0 stuck=0
[DWT] ok=1 cyc=4140817482 cyc_per_ms=799997
[HB] up_ms=328493 frames=15614 inf=15614 hazard=1960 canary_err=0 q=0 qovr=0
[I2C] init=0 gate=0 whoami=0x140e0 wr=0 wrseen=0x27 addr=0x5a ok=3067 err=1 tmo=0 recov=0 pclk1=200000000 sysclk=400000000
[NAK] nacks=1
[CLK] cpu=800000000 sysb=400000000 pclk1=200000000
[TOF] res=-42 step=1 id=0xa5 blk=0x0 ctl=0x1ff
[DRV] init=0 id=7 mode=0x1 lib=0x2 seq=0x1 odc=0x8b sts=0xe0 armed=1
[TRG] pulses=149 suppressed=1811 cyc=1600 rst=1 rstmode=0x40
[HLT] polls=312 faults=0x0 cfglost=0
[EFF] n=5 last=58500 min=58500 max=58645 late=0 stuck=0
[DWT] ok=1 cyc=687450158 cyc_per_ms=799999
[HB] up_ms=329545 frames=15665 inf=15665 hazard=1960 canary_err=0 q=0 qovr=0
[I2C] init=0 gate=0 whoami=0x140e0 wr=0 wrseen=0x27 addr=0x5a ok=3069 err=1 tmo=0 recov=0 pclk1=200000000 sysclk=400000000
[NAK] nacks=1
[CLK] cpu=800000000 sysb=400000000 pclk1=200000000
[TOF] res=-42 step=1 id=0xa5 blk=0x0 ctl=0x1ff
[DRV] init=0 id=7 mode=0x1 lib=0x2 seq=0x1 odc=0x8b sts=0xe0 armed=1
[TRG] pulses=149 suppressed=1811 cyc=1600 rst=1 rstmode=0x40
[HLT] polls=313 faults=0x0 cfglost=0
[EFF] n=5 last=58500 min=58500 max=58645 late=0 stuck=0
[DWT] ok=1 cyc=1529028238 cyc_per_ms=799979
[HB] up_ms=330597 frames=15715 inf=15715 hazard=1960 canary_err=0 q=0 qovr=0
[I2C] init=0 gate=0 whoami=0x140e0 wr=0 wrseen=0x27 addr=0x5a ok=3071 err=1 tmo=0 recov=0 pclk1=200000000 sysclk=400000000
[NAK] nacks=1
[CLK] cpu=800000000 sysb=400000000 pclk1=200000000
[TOF] res=-42 step=1 id=0xa5 blk=0x0 ctl=0x1ff
[DRV] init=0 id=7 mode=0x1 lib=0x2 seq=0x1 odc=0x8b sts=0xe0 armed=1
[TRG] pulses=149 suppressed=1811 cyc=1600 rst=1 rstmode=0x40
[HLT] polls=314 faults=0x0 cfglost=0
[EFF] n=5 last=58500 min=58500 max=58645 late=0 stuck=0
[DWT] ok=1 cyc=2370628266 cyc_per_ms=800000
[HB] up_ms=331649 frames=15765 inf=15765 hazard=1960 canary_err=0 q=0 qovr=0
[I2C] init=0 gate=0 whoami=0x140e0 wr=0 wrseen=0x27 addr=0x5a ok=3073 err=1 tmo=0 recov=0 pclk1=200000000 sysclk=400000000
[NAK] nacks=1
[CLK] cpu=800000000 sysb=400000000 pclk1=200000000
[TOF] res=-42 step=1 id=0xa5 blk=0x0 ctl=0x1ff
[DRV] init=0 id=7 mode=0x1 lib=0x2 seq=0x1 odc=0x8b sts=0xe0 armed=1
[TRG] pulses=149 suppressed=1811 cyc=1600 rst=1 rstmode=0x40
[HLT] polls=315 faults=0x0 cfglost=0
[EFF] n=5 last=58500 min=58500 max=58645 late=0 stuck=0
[DWT] ok=1 cyc=3212228186 cyc_per_ms=799999
[HB] up_ms=332701 frames=15815 inf=15815 hazard=1975 canary_err=0 q=0 qovr=0
[I2C] init=0 gate=0 whoami=0x140e0 wr=0 wrseen=0x27 addr=0x5a ok=3075 err=1 tmo=0 recov=0 pclk1=200000000 sysclk=400000000
[NAK] nacks=1
[CLK] cpu=800000000 sysb=400000000 pclk1=200000000
[TOF] res=-42 step=1 id=0xa5 blk=0x0 ctl=0x1ff
[DRV] init=0 id=7 mode=0x1 lib=0x2 seq=0x1 odc=0x8b sts=0xe0 armed=1
[TRG] pulses=151 suppressed=1825 cyc=1600 rst=1 rstmode=0x40
[HLT] polls=316 faults=0x0 cfglost=0
[EFF] n=5 last=58500 min=58500 max=58645 late=0 stuck=0
[DWT] ok=1 cyc=4053830058 cyc_per_ms=800001
[HB] up_ms=333753 frames=15865 inf=15865 hazard=2000 canary_err=0 q=0 qovr=0
[I2C] init=0 gate=0 whoami=0x140e0 wr=0 wrseen=0x27 addr=0x5a ok=3077 err=1 tmo=0 recov=0 pclk1=200000000 sysclk=400000000
[NAK] nacks=1
[CLK] cpu=800000000 sysb=400000000 pclk1=200000000
[TOF] res=-42 step=1 id=0xa5 blk=0x0 ctl=0x1ff
[DRV] init=0 id=7 mode=0x1 lib=0x2 seq=0x1 odc=0x8b sts=0xe0 armed=1
[TRG] pulses=152 suppressed=1848 cyc=1600 rst=1 rstmode=0x40
[HLT] polls=317 faults=0x0 cfglost=0
[EFF] n=5 last=58500 min=58500 max=58645 late=0 stuck=0
[DWT] ok=1 cyc=600460906 cyc_per_ms=799998
[HB] up_ms=334805 frames=15915 inf=15915 hazard=2000 canary_err=0 q=0 qovr=0
[I2C] init=0 gate=0 whoami=0x140e0 wr=0 wrseen=0x27 addr=0x5a ok=3079 err=1 tmo=0 recov=0 pclk1=200000000 sysclk=400000000
[NAK] nacks=1
[CLK] cpu=800000000 sysb=400000000 pclk1=200000000
[TOF] res=-42 step=1 id=0xa5 blk=0x0 ctl=0x1ff
[DRV] init=0 id=7 mode=0x1 lib=0x2 seq=0x1 odc=0x8b sts=0xe0 armed=1
[TRG] pulses=152 suppressed=1848 cyc=1600 rst=1 rstmode=0x40
[HLT] polls=318 faults=0x0 cfglost=0
[EFF] n=5 last=58500 min=58500 max=58645 late=0 stuck=0
[DWT] ok=1 cyc=1442060914 cyc_per_ms=800000
[HB] up_ms=335857 frames=15965 inf=15965 hazard=2000 canary_err=0 q=0 qovr=0
[I2C] init=0 gate=0 whoami=0x140e0 wr=0 wrseen=0x27 addr=0x5a ok=3081 err=1 tmo=0 recov=0 pclk1=200000000 sysclk=400000000
[NAK] nacks=1
[CLK] cpu=800000000 sysb=400000000 pclk1=200000000
[TOF] res=-42 step=1 id=0xa5 blk=0x0 ctl=0x1ff
[DRV] init=0 id=7 mode=0x1 lib=0x2 seq=0x1 odc=0x8b sts=0xe0 armed=1
[TRG] pulses=152 suppressed=1848 cyc=1600 rst=1 rstmode=0x40
[HLT] polls=319 faults=0x0 cfglost=0
[EFF] n=5 last=58500 min=58500 max=58645 late=0 stuck=0
[DWT] ok=1 cyc=2283660914 cyc_per_ms=800000
[HB] up_ms=336909 frames=16015 inf=16015 hazard=2000 canary_err=0 q=0 qovr=0
[I2C] init=0 gate=0 whoami=0x140e0 wr=0 wrseen=0x27 addr=0x5a ok=3083 err=1 tmo=0 recov=0 pclk1=200000000 sysclk=400000000
[NAK] nacks=1
[CLK] cpu=800000000 sysb=400000000 pclk1=200000000
[TOF] res=-42 step=1 id=0xa5 blk=0x0 ctl=0x1ff
[DRV] init=0 id=7 mode=0x1 lib=0x2 seq=0x1 odc=0x8b sts=0xe0 armed=1
[TRG] pulses=152 suppressed=1848 cyc=1600 rst=1 rstmode=0x40
[HLT] polls=320 faults=0x0 cfglost=0
[EFF] n=5 last=58500 min=58500 max=58645 late=0 stuck=0
[DWT] ok=1 cyc=3125260886 cyc_per_ms=799999
[HB] up_ms=337961 frames=16065 inf=16065 hazard=2000 canary_err=0 q=0 qovr=0
[I2C] init=0 gate=0 whoami=0x140e0 wr=0 wrseen=0x27 addr=0x5a ok=3085 err=1 tmo=0 recov=0 pclk1=200000000 sysclk=400000000
[NAK] nacks=1
[CLK] cpu=800000000 sysb=400000000 pclk1=200000000
[TOF] res=-42 step=1 id=0xa5 blk=0x0 ctl=0x1ff
[DRV] init=0 id=7 mode=0x1 lib=0x2 seq=0x1 odc=0x8b sts=0xe0 armed=1
[TRG] pulses=152 suppressed=1848 cyc=1600 rst=1 rstmode=0x40
[HLT] polls=321 faults=0x0 cfglost=0
[EFF] n=5 last=58500 min=58500 max=58645 late=0 stuck=0
[DWT] ok=1 cyc=3966882910 cyc_per_ms=800020
[HB] up_ms=339013 frames=16115 inf=16115 hazard=2000 canary_err=0 q=0 qovr=0
[I2C] init=0 gate=0 whoami=0x140e0 wr=0 wrseen=0x27 addr=0x5a ok=3087 err=1 tmo=0 recov=0 pclk1=200000000 sysclk=400000000
[NAK] nacks=1
[CLK] cpu=800000000 sysb=400000000 pclk1=200000000
[TOF] res=-42 step=1 id=0xa5 blk=0x0 ctl=0x1ff
[DRV] init=0 id=7 mode=0x1 lib=0x2 seq=0x1 odc=0x8b sts=0xe0 armed=1
[TRG] pulses=152 suppressed=1848 cyc=1600 rst=1 rstmode=0x40
[HLT] polls=322 faults=0x0 cfglost=0
[EFF] n=5 last=58500 min=58500 max=58645 late=0 stuck=0
[DWT] ok=1 cyc=513515594 cyc_per_ms=799999
[HB] up_ms=340065 frames=16166 inf=16166 hazard=2040 canary_err=0 q=0 qovr=0
[I2C] init=0 gate=0 whoami=0x140e0 wr=0 wrseen=0x27 addr=0x5a ok=3089 err=1 tmo=0 recov=0 pclk1=200000000 sysclk=400000000
[NAK] nacks=1
[CLK] cpu=800000000 sysb=400000000 pclk1=200000000
[TOF] res=-42 step=1 id=0xa5 blk=0x0 ctl=0x1ff
[DRV] init=0 id=7 mode=0x1 lib=0x2 seq=0x1 odc=0x8b sts=0xe0 armed=1
[TRG] pulses=155 suppressed=1885 cyc=1600 rst=1 rstmode=0x40
[HLT] polls=323 faults=0x0 cfglost=0
[EFF] n=5 last=58500 min=58500 max=58645 late=0 stuck=0
[DWT] ok=1 cyc=1355114830 cyc_per_ms=799999
[HB] up_ms=341117 frames=16216 inf=16216 hazard=2040 canary_err=0 q=0 qovr=0
[I2C] init=0 gate=0 whoami=0x140e0 wr=0 wrseen=0x27 addr=0x5a ok=3091 err=1 tmo=0 recov=0 pclk1=200000000 sysclk=400000000
[NAK] nacks=1
[CLK] cpu=800000000 sysb=400000000 pclk1=200000000
[TOF] res=-42 step=1 id=0xa5 blk=0x0 ctl=0x1ff
[DRV] init=0 id=7 mode=0x1 lib=0x2 seq=0x1 odc=0x8b sts=0xe0 armed=1
[TRG] pulses=155 suppressed=1885 cyc=1600 rst=1 rstmode=0x40
[HLT] polls=324 faults=0x0 cfglost=0
[EFF] n=5 last=58500 min=58500 max=58645 late=0 stuck=0
[DWT] ok=1 cyc=2196693638 cyc_per_ms=799979
[HB] up_ms=342169 frames=16266 inf=16266 hazard=2040 canary_err=0 q=0 qovr=0
[I2C] init=0 gate=0 whoami=0x140e0 wr=0 wrseen=0x27 addr=0x5a ok=3093 err=1 tmo=0 recov=0 pclk1=200000000 sysclk=400000000
[NAK] nacks=1
[CLK] cpu=800000000 sysb=400000000 pclk1=200000000
[TOF] res=-42 step=1 id=0xa5 blk=0x0 ctl=0x1ff
[DRV] init=0 id=7 mode=0x1 lib=0x2 seq=0x1 odc=0x8b sts=0xe0 armed=1
[TRG] pulses=155 suppressed=1885 cyc=1600 rst=1 rstmode=0x40
[HLT] polls=325 faults=0x0 cfglost=0
[EFF] n=5 last=58500 min=58500 max=58645 late=0 stuck=0
[DWT] ok=1 cyc=3038293658 cyc_per_ms=800000
[HB] up_ms=343221 frames=16316 inf=16316 hazard=2040 canary_err=0 q=0 qovr=0
[I2C] init=0 gate=0 whoami=0x140e0 wr=0 wrseen=0x27 addr=0x5a ok=3095 err=1 tmo=0 recov=0 pclk1=200000000 sysclk=400000000
[NAK] nacks=1
[CLK] cpu=800000000 sysb=400000000 pclk1=200000000
[TOF] res=-42 step=1 id=0xa5 blk=0x0 ctl=0x1ff
[DRV] init=0 id=7 mode=0x1 lib=0x2 seq=0x1 odc=0x8b sts=0xe0 armed=1
[TRG] pulses=155 suppressed=1885 cyc=1600 rst=1 rstmode=0x40
[HLT] polls=326 faults=0x0 cfglost=0
[EFF] n=5 last=58500 min=58500 max=58645 late=0 stuck=0
[DWT] ok=1 cyc=3879893682 cyc_per_ms=800000
[HB] up_ms=344273 frames=16366 inf=16366 hazard=2040 canary_err=0 q=0 qovr=0
[I2C] init=0 gate=0 whoami=0x140e0 wr=0 wrseen=0x27 addr=0x5a ok=3097 err=1 tmo=0 recov=0 pclk1=200000000 sysclk=400000000
[NAK] nacks=1
[CLK] cpu=800000000 sysb=400000000 pclk1=200000000
[TOF] res=-42 step=1 id=0xa5 blk=0x0 ctl=0x1ff
[DRV] init=0 id=7 mode=0x1 lib=0x2 seq=0x1 odc=0x8b sts=0xe0 armed=1
[TRG] pulses=155 suppressed=1885 cyc=1600 rst=1 rstmode=0x40
[HLT] polls=327 faults=0x0 cfglost=0
[EFF] n=5 last=58500 min=58500 max=58645 late=0 stuck=0
[DWT] ok=1 cyc=426526306 cyc_per_ms=799999
[HB] up_ms=345325 frames=16416 inf=16416 hazard=2040 canary_err=0 q=0 qovr=0
[I2C] init=0 gate=0 whoami=0x140e0 wr=0 wrseen=0x27 addr=0x5a ok=3099 err=1 tmo=0 recov=0 pclk1=200000000 sysclk=400000000
[NAK] nacks=1
[CLK] cpu=800000000 sysb=400000000 pclk1=200000000
[TOF] res=-42 step=1 id=0xa5 blk=0x0 ctl=0x1ff
[DRV] init=0 id=7 mode=0x1 lib=0x2 seq=0x1 odc=0x8b sts=0xe0 armed=1
[TRG] pulses=155 suppressed=1885 cyc=1600 rst=1 rstmode=0x40
[HLT] polls=328 faults=0x0 cfglost=0
[EFF] n=5 last=58500 min=58500 max=58645 late=0 stuck=0
[DWT] ok=1 cyc=1268126314 cyc_per_ms=800000
[HB] up_ms=346377 frames=16466 inf=16466 hazard=2066 canary_err=0 q=0 qovr=0
[I2C] init=0 gate=0 whoami=0x140e0 wr=0 wrseen=0x27 addr=0x5a ok=3101 err=1 tmo=0 recov=0 pclk1=200000000 sysclk=400000000
[NAK] nacks=1
[CLK] cpu=800000000 sysb=400000000 pclk1=200000000
[TOF] res=-42 step=1 id=0xa5 blk=0x0 ctl=0x1ff
[DRV] init=0 id=7 mode=0x1 lib=0x2 seq=0x1 odc=0x8b sts=0xe0 armed=1
[TRG] pulses=157 suppressed=1911 cyc=1600 rst=1 rstmode=0x40
[HLT] polls=329 faults=0x0 cfglost=0
[EFF] n=5 last=58500 min=58500 max=58645 late=0 stuck=0
[DWT] ok=1 cyc=2109728186 cyc_per_ms=800001
[HB] up_ms=347429 frames=16516 inf=16516 hazard=2080 canary_err=0 q=0 qovr=0
[I2C] init=0 gate=0 whoami=0x140e0 wr=0 wrseen=0x27 addr=0x5a ok=3103 err=1 tmo=0 recov=0 pclk1=200000000 sysclk=400000000
[NAK] nacks=1
[CLK] cpu=800000000 sysb=400000000 pclk1=200000000
[TOF] res=-42 step=1 id=0xa5 blk=0x0 ctl=0x1ff
[DRV] init=0 id=7 mode=0x1 lib=0x2 seq=0x1 odc=0x8b sts=0xe0 armed=1
[TRG] pulses=158 suppressed=1922 cyc=1600 rst=1 rstmode=0x40
[HLT] polls=330 faults=0x0 cfglost=0
[EFF] n=5 last=58500 min=58500 max=58645 late=0 stuck=0
[DWT] ok=1 cyc=2951326366 cyc_per_ms=799998
[HB] up_ms=348481 frames=16566 inf=16566 hazard=2080 canary_err=0 q=0 qovr=0
[I2C] init=0 gate=0 whoami=0x140e0 wr=0 wrseen=0x27 addr=0x5a ok=3105 err=1 tmo=0 recov=0 pclk1=200000000 sysclk=400000000
[NAK] nacks=1
[CLK] cpu=800000000 sysb=400000000 pclk1=200000000
[TOF] res=-42 step=1 id=0xa5 blk=0x0 ctl=0x1ff
[DRV] init=0 id=7 mode=0x1 lib=0x2 seq=0x1 odc=0x8b sts=0xe0 armed=1
[TRG] pulses=158 suppressed=1922 cyc=1600 rst=1 rstmode=0x40
[HLT] polls=331 faults=0x0 cfglost=0
[EFF] n=5 last=58500 min=58500 max=58645 late=0 stuck=0
[DWT] ok=1 cyc=3792948298 cyc_per_ms=800020
[HB] up_ms=349533 frames=16616 inf=16616 hazard=2080 canary_err=0 q=0 qovr=0
[I2C] init=0 gate=0 whoami=0x140e0 wr=0 wrseen=0x27 addr=0x5a ok=3107 err=1 tmo=0 recov=0 pclk1=200000000 sysclk=400000000
[NAK] nacks=1
[CLK] cpu=800000000 sysb=400000000 pclk1=200000000
[TOF] res=-42 step=1 id=0xa5 blk=0x0 ctl=0x1ff
[DRV] init=0 id=7 mode=0x1 lib=0x2 seq=0x1 odc=0x8b sts=0xe0 armed=1
[TRG] pulses=158 suppressed=1922 cyc=1600 rst=1 rstmode=0x40
[HLT] polls=332 faults=0x0 cfglost=0
[EFF] n=5 last=58500 min=58500 max=58645 late=0 stuck=0
[DWT] ok=1 cyc=339580974 cyc_per_ms=799999
[HB] up_ms=350585 frames=16666 inf=16666 hazard=2080 canary_err=0 q=0 qovr=0
[I2C] init=0 gate=0 whoami=0x140e0 wr=0 wrseen=0x27 addr=0x5a ok=3109 err=1 tmo=0 recov=0 pclk1=200000000 sysclk=400000000
[NAK] nacks=1
[CLK] cpu=800000000 sysb=400000000 pclk1=200000000
[TOF] res=-42 step=1 id=0xa5 blk=0x0 ctl=0x1ff
[DRV] init=0 id=7 mode=0x1 lib=0x2 seq=0x1 odc=0x8b sts=0xe0 armed=1
[TRG] pulses=158 suppressed=1922 cyc=1600 rst=1 rstmode=0x40
[HLT] polls=333 faults=0x0 cfglost=0
[EFF] n=5 last=58500 min=58500 max=58645 late=0 stuck=0
[DWT] ok=1 cyc=1181180978 cyc_per_ms=800000
[HB] up_ms=351637 frames=16717 inf=16717 hazard=2080 canary_err=0 q=0 qovr=0
[I2C] init=0 gate=0 whoami=0x140e0 wr=0 wrseen=0x27 addr=0x5a ok=3111 err=1 tmo=0 recov=0 pclk1=200000000 sysclk=400000000
[NAK] nacks=1
[CLK] cpu=800000000 sysb=400000000 pclk1=200000000
[TOF] res=-42 step=1 id=0xa5 blk=0x0 ctl=0x1ff
[DRV] init=0 id=7 mode=0x1 lib=0x2 seq=0x1 odc=0x8b sts=0xe0 armed=1
[TRG] pulses=158 suppressed=1922 cyc=1600 rst=1 rstmode=0x40
[HLT] polls=334 faults=0x0 cfglost=0
[EFF] n=5 last=58500 min=58500 max=58645 late=0 stuck=0
[DWT] ok=1 cyc=2022759042 cyc_per_ms=799979
[HB] up_ms=352689 frames=16767 inf=16767 hazard=2087 canary_err=0 q=0 qovr=0
[I2C] init=0 gate=0 whoami=0x140e0 wr=0 wrseen=0x27 addr=0x5a ok=3113 err=1 tmo=0 recov=0 pclk1=200000000 sysclk=400000000
[NAK] nacks=1
[CLK] cpu=800000000 sysb=400000000 pclk1=200000000
[TOF] res=-42 step=1 id=0xa5 blk=0x0 ctl=0x1ff
[DRV] init=0 id=7 mode=0x1 lib=0x2 seq=0x1 odc=0x8b sts=0xe0 armed=1
[TRG] pulses=159 suppressed=1929 cyc=1600 rst=1 rstmode=0x40
[HLT] polls=335 faults=0x0 cfglost=0
[EFF] n=5 last=58500 min=58500 max=58645 late=0 stuck=0
[DWT] ok=1 cyc=2864360902 cyc_per_ms=800001
[HB] up_ms=353741 frames=16817 inf=16817 hazard=2120 canary_err=0 q=0 qovr=0
[I2C] init=0 gate=0 whoami=0x140e0 wr=0 wrseen=0x27 addr=0x5a ok=3115 err=1 tmo=0 recov=0 pclk1=200000000 sysclk=400000000
[NAK] nacks=1
[CLK] cpu=800000000 sysb=400000000 pclk1=200000000
[TOF] res=-42 step=1 id=0xa5 blk=0x0 ctl=0x1ff
[DRV] init=0 id=7 mode=0x1 lib=0x2 seq=0x1 odc=0x8b sts=0xe0 armed=1
[TRG] pulses=161 suppressed=1959 cyc=1600 rst=1 rstmode=0x40
[HLT] polls=336 faults=0x0 cfglost=0
[EFF] n=5 last=58500 min=58500 max=58645 late=0 stuck=0
[DWT] ok=1 cyc=3705959066 cyc_per_ms=799998
[HB] up_ms=354793 frames=16867 inf=16867 hazard=2120 canary_err=0 q=0 qovr=0
[I2C] init=0 gate=0 whoami=0x140e0 wr=0 wrseen=0x27 addr=0x5a ok=3117 err=1 tmo=0 recov=0 pclk1=200000000 sysclk=400000000
[NAK] nacks=1
[CLK] cpu=800000000 sysb=400000000 pclk1=200000000
[TOF] res=-42 step=1 id=0xa5 blk=0x0 ctl=0x1ff
[DRV] init=0 id=7 mode=0x1 lib=0x2 seq=0x1 odc=0x8b sts=0xe0 armed=1
[TRG] pulses=161 suppressed=1959 cyc=1600 rst=1 rstmode=0x40
[HLT] polls=337 faults=0x0 cfglost=0
[EFF] n=5 last=58500 min=58500 max=58645 late=0 stuck=0
[DWT] ok=1 cyc=252591802 cyc_per_ms=800000
[HB] up_ms=355845 frames=16917 inf=16917 hazard=2120 canary_err=0 q=0 qovr=0
[I2C] init=0 gate=0 whoami=0x140e0 wr=0 wrseen=0x27 addr=0x5a ok=3119 err=1 tmo=0 recov=0 pclk1=200000000 sysclk=400000000
[NAK] nacks=1
[CLK] cpu=800000000 sysb=400000000 pclk1=200000000
[TOF] res=-42 step=1 id=0xa5 blk=0x0 ctl=0x1ff
[DRV] init=0 id=7 mode=0x1 lib=0x2 seq=0x1 odc=0x8b sts=0xe0 armed=1
[TRG] pulses=161 suppressed=1959 cyc=1600 rst=1 rstmode=0x40
[HLT] polls=338 faults=0x0 cfglost=0
[EFF] n=5 last=58500 min=58500 max=58645 late=0 stuck=0
[DWT] ok=1 cyc=1094191730 cyc_per_ms=799999
[HB] up_ms=356897 frames=16967 inf=16967 hazard=2120 canary_err=0 q=0 qovr=0
[I2C] init=0 gate=0 whoami=0x140e0 wr=0 wrseen=0x27 addr=0x5a ok=3121 err=1 tmo=0 recov=0 pclk1=200000000 sysclk=400000000
[NAK] nacks=1
[CLK] cpu=800000000 sysb=400000000 pclk1=200000000
[TOF] res=-42 step=1 id=0xa5 blk=0x0 ctl=0x1ff
[DRV] init=0 id=7 mode=0x1 lib=0x2 seq=0x1 odc=0x8b sts=0xe0 armed=1
[TRG] pulses=161 suppressed=1959 cyc=1600 rst=1 rstmode=0x40
[HLT] polls=339 faults=0x0 cfglost=0
[EFF] n=5 last=58500 min=58500 max=58645 late=0 stuck=0
[DWT] ok=1 cyc=1935791730 cyc_per_ms=800000
[HB] up_ms=357949 frames=17017 inf=17017 hazard=2120 canary_err=0 q=0 qovr=0
[I2C] init=0 gate=0 whoami=0x140e0 wr=0 wrseen=0x27 addr=0x5a ok=3123 err=1 tmo=0 recov=0 pclk1=200000000 sysclk=400000000
[NAK] nacks=1
[CLK] cpu=800000000 sysb=400000000 pclk1=200000000
[TOF] res=-42 step=1 id=0xa5 blk=0x0 ctl=0x1ff
[DRV] init=0 id=7 mode=0x1 lib=0x2 seq=0x1 odc=0x8b sts=0xe0 armed=1
[TRG] pulses=161 suppressed=1959 cyc=1600 rst=1 rstmode=0x40
[HLT] polls=340 faults=0x0 cfglost=0
[EFF] n=5 last=58500 min=58500 max=58645 late=0 stuck=0
[DWT] ok=1 cyc=2777391722 cyc_per_ms=799999
[HB] up_ms=359001 frames=17067 inf=17067 hazard=2120 canary_err=0 q=0 qovr=0
[I2C] init=0 gate=0 whoami=0x140e0 wr=0 wrseen=0x27 addr=0x5a ok=3125 err=1 tmo=0 recov=0 pclk1=200000000 sysclk=400000000
[NAK] nacks=1
[CLK] cpu=800000000 sysb=400000000 pclk1=200000000
[TOF] res=-42 step=1 id=0xa5 blk=0x0 ctl=0x1ff
[DRV] init=0 id=7 mode=0x1 lib=0x2 seq=0x1 odc=0x8b sts=0xe0 armed=1
[TRG] pulses=161 suppressed=1959 cyc=1600 rst=1 rstmode=0x40
[HLT] polls=341 faults=0x0 cfglost=0
[EFF] n=5 last=58500 min=58500 max=58645 late=0 stuck=0
[DWT] ok=1 cyc=3618991774 cyc_per_ms=800000
[HB] up_ms=360053 frames=17117 inf=17117 hazard=2157 canary_err=0 q=0 qovr=0
[I2C] init=0 gate=0 whoami=0x140e0 wr=0 wrseen=0x27 addr=0x5a ok=3127 err=1 tmo=0 recov=0 pclk1=200000000 sysclk=400000000
[NAK] nacks=1
[CLK] cpu=800000000 sysb=400000000 pclk1=200000000
[TOF] res=-42 step=1 id=0xa5 blk=0x0 ctl=0x1ff
[DRV] init=0 id=7 mode=0x1 lib=0x2 seq=0x1 odc=0x8b sts=0xe0 armed=1
[TRG] pulses=164 suppressed=1995 cyc=1600 rst=1 rstmode=0x40
[HLT] polls=342 faults=0x0 cfglost=0
[EFF] n=5 last=58500 min=58500 max=58645 late=0 stuck=0
[DWT] ok=1 cyc=165649102 cyc_per_ms=800023
[HB] up_ms=361105 frames=17167 inf=17167 hazard=2160 canary_err=0 q=0 qovr=0
[I2C] init=0 gate=0 whoami=0x140e0 wr=0 wrseen=0x27 addr=0x5a ok=3129 err=1 tmo=0 recov=0 pclk1=200000000 sysclk=400000000
[NAK] nacks=1
[CLK] cpu=800000000 sysb=400000000 pclk1=200000000
[TOF] res=-42 step=1 id=0xa5 blk=0x0 ctl=0x1ff
[DRV] init=0 id=7 mode=0x1 lib=0x2 seq=0x1 odc=0x8b sts=0xe0 armed=1
[TRG] pulses=164 suppressed=1996 cyc=1600 rst=1 rstmode=0x40
[HLT] polls=343 faults=0x0 cfglost=0
[EFF] n=5 last=58500 min=58500 max=58645 late=0 stuck=0
[DWT] ok=1 cyc=1007246362 cyc_per_ms=799997
[HB] up_ms=362157 frames=17218 inf=17218 hazard=2160 canary_err=0 q=0 qovr=0
[I2C] init=0 gate=0 whoami=0x140e0 wr=0 wrseen=0x27 addr=0x5a ok=3131 err=1 tmo=0 recov=0 pclk1=200000000 sysclk=400000000
[NAK] nacks=1
[CLK] cpu=800000000 sysb=400000000 pclk1=200000000
[TOF] res=-42 step=1 id=0xa5 blk=0x0 ctl=0x1ff
[DRV] init=0 id=7 mode=0x1 lib=0x2 seq=0x1 odc=0x8b sts=0xe0 armed=1
[TRG] pulses=164 suppressed=1996 cyc=1600 rst=1 rstmode=0x40
[HLT] polls=344 faults=0x0 cfglost=0
[EFF] n=5 last=58500 min=58500 max=58645 late=0 stuck=0
[DWT] ok=1 cyc=1848845702 cyc_per_ms=799999
[HB] up_ms=363209 frames=17268 inf=17268 hazard=2160 canary_err=0 q=0 qovr=0
[I2C] init=0 gate=0 whoami=0x140e0 wr=0 wrseen=0x27 addr=0x5a ok=3133 err=1 tmo=0 recov=0 pclk1=200000000 sysclk=400000000
[NAK] nacks=1
[CLK] cpu=800000000 sysb=400000000 pclk1=200000000
[TOF] res=-42 step=1 id=0xa5 blk=0x0 ctl=0x1ff
[DRV] init=0 id=7 mode=0x1 lib=0x2 seq=0x1 odc=0x8b sts=0xe0 armed=1
[TRG] pulses=164 suppressed=1996 cyc=1600 rst=1 rstmode=0x40
[HLT] polls=345 faults=0x0 cfglost=0
[EFF] n=5 last=58500 min=58500 max=58645 late=0 stuck=0
[DWT] ok=1 cyc=2690424510 cyc_per_ms=799979
[HB] up_ms=364261 frames=17318 inf=17318 hazard=2160 canary_err=0 q=0 qovr=0
[I2C] init=0 gate=0 whoami=0x140e0 wr=0 wrseen=0x27 addr=0x5a ok=3135 err=1 tmo=0 recov=0 pclk1=200000000 sysclk=400000000
[NAK] nacks=1
[CLK] cpu=800000000 sysb=400000000 pclk1=200000000
[TOF] res=-42 step=1 id=0xa5 blk=0x0 ctl=0x1ff
[DRV] init=0 id=7 mode=0x1 lib=0x2 seq=0x1 odc=0x8b sts=0xe0 armed=1
[TRG] pulses=164 suppressed=1996 cyc=1600 rst=1 rstmode=0x40
[HLT] polls=346 faults=0x0 cfglost=0
[EFF] n=5 last=58500 min=58500 max=58645 late=0 stuck=0
[DWT] ok=1 cyc=3532024434 cyc_per_ms=799999
[HB] up_ms=365313 frames=17368 inf=17368 hazard=2160 canary_err=0 q=0 qovr=0
[I2C] init=0 gate=0 whoami=0x140e0 wr=0 wrseen=0x27 addr=0x5a ok=3137 err=1 tmo=0 recov=0 pclk1=200000000 sysclk=400000000
[NAK] nacks=1
[CLK] cpu=800000000 sysb=400000000 pclk1=200000000
[TOF] res=-42 step=1 id=0xa5 blk=0x0 ctl=0x1ff
[DRV] init=0 id=7 mode=0x1 lib=0x2 seq=0x1 odc=0x8b sts=0xe0 armed=1
[TRG] pulses=164 suppressed=1996 cyc=1600 rst=1 rstmode=0x40
[HLT] polls=347 faults=0x0 cfglost=0
[EFF] n=5 last=58500 min=58500 max=58645 late=0 stuck=0
[DWT] ok=1 cyc=78657170 cyc_per_ms=800000
[HB] up_ms=366365 frames=17418 inf=17418 hazard=2178 canary_err=0 q=0 qovr=0
[I2C] init=0 gate=0 whoami=0x140e0 wr=0 wrseen=0x27 addr=0x5a ok=3139 err=1 tmo=0 recov=0 pclk1=200000000 sysclk=400000000
[NAK] nacks=1
[CLK] cpu=800000000 sysb=400000000 pclk1=200000000
[TOF] res=-42 step=1 id=0xa5 blk=0x0 ctl=0x1ff
[DRV] init=0 id=7 mode=0x1 lib=0x2 seq=0x1 odc=0x8b sts=0xe0 armed=1
[TRG] pulses=166 suppressed=2013 cyc=1600 rst=1 rstmode=0x40
[HLT] polls=348 faults=0x0 cfglost=0
[EFF] n=5 last=58500 min=58500 max=58645 late=0 stuck=0
[DWT] ok=1 cyc=920258966 cyc_per_ms=800001
[HB] up_ms=367417 frames=17468 inf=17468 hazard=2200 canary_err=0 q=0 qovr=0
[I2C] init=0 gate=0 whoami=0x140e0 wr=0 wrseen=0x27 addr=0x5a ok=3141 err=1 tmo=0 recov=0 pclk1=200000000 sysclk=400000000
[NAK] nacks=1
[CLK] cpu=800000000 sysb=400000000 pclk1=200000000
[TOF] res=-42 step=1 id=0xa5 blk=0x0 ctl=0x1ff
[DRV] init=0 id=7 mode=0x1 lib=0x2 seq=0x1 odc=0x8b sts=0xe0 armed=1
[TRG] pulses=167 suppressed=2033 cyc=1600 rst=1 rstmode=0x40
[HLT] polls=349 faults=0x0 cfglost=0
[EFF] n=5 last=58500 min=58500 max=58645 late=0 stuck=0
[DWT] ok=1 cyc=1761857182 cyc_per_ms=799998
[HB] up_ms=368469 frames=17518 inf=17518 hazard=2200 canary_err=0 q=0 qovr=0
[I2C] init=0 gate=0 whoami=0x140e0 wr=0 wrseen=0x27 addr=0x5a ok=3143 err=1 tmo=0 recov=0 pclk1=200000000 sysclk=400000000
[NAK] nacks=1
[CLK] cpu=800000000 sysb=400000000 pclk1=200000000
[TOF] res=-42 step=1 id=0xa5 blk=0x0 ctl=0x1ff
[DRV] init=0 id=7 mode=0x1 lib=0x2 seq=0x1 odc=0x8b sts=0xe0 armed=1
[TRG] pulses=167 suppressed=2033 cyc=1600 rst=1 rstmode=0x40
[HLT] polls=350 faults=0x0 cfglost=0
[EFF] n=5 last=58500 min=58500 max=58645 late=0 stuck=0
[DWT] ok=1 cyc=2603457174 cyc_per_ms=799999
[HB] up_ms=369521 frames=17568 inf=17568 hazard=2200 canary_err=0 q=0 qovr=0
[I2C] init=0 gate=0 whoami=0x140e0 wr=0 wrseen=0x27 addr=0x5a ok=3145 err=1 tmo=0 recov=0 pclk1=200000000 sysclk=400000000
[NAK] nacks=1
[CLK] cpu=800000000 sysb=400000000 pclk1=200000000
[TOF] res=-42 step=1 id=0xa5 blk=0x0 ctl=0x1ff
[DRV] init=0 id=7 mode=0x1 lib=0x2 seq=0x1 odc=0x8b sts=0xe0 armed=1
[TRG] pulses=167 suppressed=2033 cyc=1600 rst=1 rstmode=0x40
[HLT] polls=351 faults=0x0 cfglost=0
[EFF] n=5 last=58500 min=58500 max=58645 late=0 stuck=0
[DWT] ok=1 cyc=3445057138 cyc_per_ms=799999
[HB] up_ms=370573 frames=17618 inf=17618 hazard=2200 canary_err=0 q=0 qovr=0
[I2C] init=0 gate=0 whoami=0x140e0 wr=0 wrseen=0x27 addr=0x5a ok=3147 err=1 tmo=0 recov=0 pclk1=200000000 sysclk=400000000
[NAK] nacks=1
[CLK] cpu=800000000 sysb=400000000 pclk1=200000000
[TOF] res=-42 step=1 id=0xa5 blk=0x0 ctl=0x1ff
[DRV] init=0 id=7 mode=0x1 lib=0x2 seq=0x1 odc=0x8b sts=0xe0 armed=1
[TRG] pulses=167 suppressed=2033 cyc=1600 rst=1 rstmode=0x40
[HLT] polls=352 faults=0x0 cfglost=0
[EFF] n=5 last=58500 min=58500 max=58645 late=0 stuck=0
[DWT] ok=1 cyc=4286679066 cyc_per_ms=800020
[HB] up_ms=371625 frames=17668 inf=17668 hazard=2200 canary_err=0 q=0 qovr=0
[I2C] init=0 gate=0 whoami=0x140e0 wr=0 wrseen=0x27 addr=0x5a ok=3149 err=1 tmo=0 recov=0 pclk1=200000000 sysclk=400000000
[NAK] nacks=1
[CLK] cpu=800000000 sysb=400000000 pclk1=200000000
[TOF] res=-42 step=1 id=0xa5 blk=0x0 ctl=0x1ff
[DRV] init=0 id=7 mode=0x1 lib=0x2 seq=0x1 odc=0x8b sts=0xe0 armed=1
[TRG] pulses=167 suppressed=2033 cyc=1600 rst=1 rstmode=0x40
[HLT] polls=353 faults=0x0 cfglost=0
[EFF] n=5 last=58500 min=58500 max=58645 late=0 stuck=0
[DWT] ok=1 cyc=833311838 cyc_per_ms=800000
[HB] up_ms=372677 frames=17718 inf=17718 hazard=2200 canary_err=0 q=0 qovr=0
[I2C] init=0 gate=0 whoami=0x140e0 wr=0 wrseen=0x27 addr=0x5a ok=3151 err=1 tmo=0 recov=0 pclk1=200000000 sysclk=400000000
[NAK] nacks=1
[CLK] cpu=800000000 sysb=400000000 pclk1=200000000
[TOF] res=-42 step=1 id=0xa5 blk=0x0 ctl=0x1ff
[DRV] init=0 id=7 mode=0x1 lib=0x2 seq=0x1 odc=0x8b sts=0xe0 armed=1
[TRG] pulses=167 suppressed=2033 cyc=1600 rst=1 rstmode=0x40
[HLT] polls=354 faults=0x0 cfglost=0
[EFF] n=5 last=58500 min=58500 max=58645 late=0 stuck=0
[DWT] ok=1 cyc=1674915082 cyc_per_ms=800003
[HB] up_ms=373729 frames=17769 inf=17769 hazard=2240 canary_err=0 q=0 qovr=0
[I2C] init=0 gate=0 whoami=0x140e0 wr=0 wrseen=0x27 addr=0x5a ok=3153 err=1 tmo=0 recov=0 pclk1=200000000 sysclk=400000000
[NAK] nacks=1
[CLK] cpu=800000000 sysb=400000000 pclk1=200000000
[TOF] res=-42 step=1 id=0xa5 blk=0x0 ctl=0x1ff
[DRV] init=0 id=7 mode=0x1 lib=0x2 seq=0x1 odc=0x8b sts=0xe0 armed=1
[TRG] pulses=170 suppressed=2070 cyc=1600 rst=1 rstmode=0x40
[HLT] polls=355 faults=0x0 cfglost=0
[EFF] n=5 last=58500 min=58500 max=58645 late=0 stuck=0
[DWT] ok=1 cyc=2516489842 cyc_per_ms=799976
[HB] up_ms=374781 frames=17819 inf=17819 hazard=2240 canary_err=0 q=0 qovr=0
[I2C] init=0 gate=0 whoami=0x140e0 wr=0 wrseen=0x27 addr=0x5a ok=3155 err=1 tmo=0 recov=0 pclk1=200000000 sysclk=400000000
[NAK] nacks=1
[CLK] cpu=800000000 sysb=400000000 pclk1=200000000
[TOF] res=-42 step=1 id=0xa5 blk=0x0 ctl=0x1ff
[DRV] init=0 id=7 mode=0x1 lib=0x2 seq=0x1 odc=0x8b sts=0xe0 armed=1
[TRG] pulses=170 suppressed=2070 cyc=1600 rst=1 rstmode=0x40
[HLT] polls=356 faults=0x0 cfglost=0
[EFF] n=5 last=58500 min=58500 max=58645 late=0 stuck=0
[DWT] ok=1 cyc=3358089866 cyc_per_ms=800000
[HB] up_ms=375833 frames=17869 inf=17869 hazard=2240 canary_err=0 q=0 qovr=0
[I2C] init=0 gate=0 whoami=0x140e0 wr=0 wrseen=0x27 addr=0x5a ok=3157 err=1 tmo=0 recov=0 pclk1=200000000 sysclk=400000000
[NAK] nacks=1
[CLK] cpu=800000000 sysb=400000000 pclk1=200000000
[TOF] res=-42 step=1 id=0xa5 blk=0x0 ctl=0x1ff
[DRV] init=0 id=7 mode=0x1 lib=0x2 seq=0x1 odc=0x8b sts=0xe0 armed=1
[TRG] pulses=170 suppressed=2070 cyc=1600 rst=1 rstmode=0x40
[HLT] polls=357 faults=0x0 cfglost=0
[EFF] n=5 last=58500 min=58500 max=58645 late=0 stuck=0
[DWT] ok=1 cyc=4199689890 cyc_per_ms=800000
[HB] up_ms=376885 frames=17919 inf=17919 hazard=2240 canary_err=0 q=0 qovr=0
[I2C] init=0 gate=0 whoami=0x140e0 wr=0 wrseen=0x27 addr=0x5a ok=3159 err=1 tmo=0 recov=0 pclk1=200000000 sysclk=400000000
[NAK] nacks=1
[CLK] cpu=800000000 sysb=400000000 pclk1=200000000
[TOF] res=-42 step=1 id=0xa5 blk=0x0 ctl=0x1ff
[DRV] init=0 id=7 mode=0x1 lib=0x2 seq=0x1 odc=0x8b sts=0xe0 armed=1
[TRG] pulses=170 suppressed=2070 cyc=1600 rst=1 rstmode=0x40
[HLT] polls=358 faults=0x0 cfglost=0
[EFF] n=5 last=58500 min=58500 max=58645 late=0 stuck=0
[DWT] ok=1 cyc=746322526 cyc_per_ms=799999
[HB] up_ms=377937 frames=17969 inf=17969 hazard=2240 canary_err=0 q=0 qovr=0
[I2C] init=0 gate=0 whoami=0x140e0 wr=0 wrseen=0x27 addr=0x5a ok=3161 err=1 tmo=0 recov=0 pclk1=200000000 sysclk=400000000
[NAK] nacks=1
[CLK] cpu=800000000 sysb=400000000 pclk1=200000000
[TOF] res=-42 step=1 id=0xa5 blk=0x0 ctl=0x1ff
[DRV] init=0 id=7 mode=0x1 lib=0x2 seq=0x1 odc=0x8b sts=0xe0 armed=1
[TRG] pulses=170 suppressed=2070 cyc=1600 rst=1 rstmode=0x40
[HLT] polls=359 faults=0x0 cfglost=0
[EFF] n=5 last=58500 min=58500 max=58645 late=0 stuck=0
[DWT] ok=1 cyc=1587922538 cyc_per_ms=800000
[HB] up_ms=378989 frames=18019 inf=18019 hazard=2240 canary_err=0 q=0 qovr=0
[I2C] init=0 gate=0 whoami=0x140e0 wr=0 wrseen=0x27 addr=0x5a ok=3163 err=1 tmo=0 recov=0 pclk1=200000000 sysclk=400000000
[NAK] nacks=1
[CLK] cpu=800000000 sysb=400000000 pclk1=200000000
[TOF] res=-42 step=1 id=0xa5 blk=0x0 ctl=0x1ff
[DRV] init=0 id=7 mode=0x1 lib=0x2 seq=0x1 odc=0x8b sts=0xe0 armed=1
[TRG] pulses=170 suppressed=2070 cyc=1600 rst=1 rstmode=0x40
[HLT] polls=360 faults=0x0 cfglost=0
[EFF] n=5 last=58500 min=58500 max=58645 late=0 stuck=0
[DWT] ok=1 cyc=2429522538 cyc_per_ms=800000
[HB] up_ms=380041 frames=18069 inf=18069 hazard=2269 canary_err=0 q=0 qovr=0
[I2C] init=0 gate=0 whoami=0x140e0 wr=0 wrseen=0x27 addr=0x5a ok=3165 err=1 tmo=0 recov=0 pclk1=200000000 sysclk=400000000
[NAK] nacks=1
[CLK] cpu=800000000 sysb=400000000 pclk1=200000000
[TOF] res=-42 step=1 id=0xa5 blk=0x0 ctl=0x1ff
[DRV] init=0 id=7 mode=0x1 lib=0x2 seq=0x1 odc=0x8b sts=0xe0 armed=1
[TRG] pulses=173 suppressed=2098 cyc=1600 rst=1 rstmode=0x40
[HLT] polls=361 faults=0x0 cfglost=0
[EFF] n=5 last=58500 min=58500 max=58645 late=0 stuck=0
[DWT] ok=1 cyc=3271124342 cyc_per_ms=800001
[HB] up_ms=381093 frames=18119 inf=18119 hazard=2280 canary_err=0 q=0 qovr=0
[I2C] init=0 gate=0 whoami=0x140e0 wr=0 wrseen=0x27 addr=0x5a ok=3167 err=1 tmo=0 recov=0 pclk1=200000000 sysclk=400000000
[NAK] nacks=1
[CLK] cpu=800000000 sysb=400000000 pclk1=200000000
[TOF] res=-42 step=1 id=0xa5 blk=0x0 ctl=0x1ff
[DRV] init=0 id=7 mode=0x1 lib=0x2 seq=0x1 odc=0x8b sts=0xe0 armed=1
[TRG] pulses=173 suppressed=2107 cyc=1600 rst=1 rstmode=0x40
[HLT] polls=362 faults=0x0 cfglost=0
[EFF] n=5 last=58500 min=58500 max=58645 late=0 stuck=0
[DWT] ok=1 cyc=4112722586 cyc_per_ms=799998
[HB] up_ms=382145 frames=18169 inf=18169 hazard=2280 canary_err=0 q=0 qovr=0
[I2C] init=0 gate=0 whoami=0x140e0 wr=0 wrseen=0x27 addr=0x5a ok=3169 err=1 tmo=0 recov=0 pclk1=200000000 sysclk=400000000
[NAK] nacks=1
[CLK] cpu=800000000 sysb=400000000 pclk1=200000000
[TOF] res=-42 step=1 id=0xa5 blk=0x0 ctl=0x1ff
[DRV] init=0 id=7 mode=0x1 lib=0x2 seq=0x1 odc=0x8b sts=0xe0 armed=1
[TRG] pulses=173 suppressed=2107 cyc=1600 rst=1 rstmode=0x40
[HLT] polls=363 faults=0x0 cfglost=0
[EFF] n=5 last=58500 min=58500 max=58645 late=0 stuck=0
[DWT] ok=1 cyc=659377226 cyc_per_ms=800020
[HB] up_ms=383197 frames=18219 inf=18219 hazard=2280 canary_err=0 q=0 qovr=0
[I2C] init=0 gate=0 whoami=0x140e0 wr=0 wrseen=0x27 addr=0x5a ok=3171 err=1 tmo=0 recov=0 pclk1=200000000 sysclk=400000000
[NAK] nacks=1
[CLK] cpu=800000000 sysb=400000000 pclk1=200000000
[TOF] res=-42 step=1 id=0xa5 blk=0x0 ctl=0x1ff
[DRV] init=0 id=7 mode=0x1 lib=0x2 seq=0x1 odc=0x8b sts=0xe0 armed=1
[TRG] pulses=173 suppressed=2107 cyc=1600 rst=1 rstmode=0x40
[HLT] polls=364 faults=0x0 cfglost=0
[EFF] n=5 last=58500 min=58500 max=58645 late=0 stuck=0
[DWT] ok=1 cyc=1500977198 cyc_per_ms=799999
[HB] up_ms=384249 frames=18270 inf=18270 hazard=2280 canary_err=0 q=0 qovr=0
[I2C] init=0 gate=0 whoami=0x140e0 wr=0 wrseen=0x27 addr=0x5a ok=3173 err=1 tmo=0 recov=0 pclk1=200000000 sysclk=400000000
[NAK] nacks=1
[CLK] cpu=800000000 sysb=400000000 pclk1=200000000
[TOF] res=-42 step=1 id=0xa5 blk=0x0 ctl=0x1ff
[DRV] init=0 id=7 mode=0x1 lib=0x2 seq=0x1 odc=0x8b sts=0xe0 armed=1
[TRG] pulses=173 suppressed=2107 cyc=1600 rst=1 rstmode=0x40
[HLT] polls=365 faults=0x0 cfglost=0
[EFF] n=5 last=58500 min=58500 max=58645 late=0 stuck=0
[DWT] ok=1 cyc=2342576562 cyc_per_ms=799999
[HB] up_ms=385301 frames=18320 inf=18320 hazard=2280 canary_err=0 q=0 qovr=0
[I2C] init=0 gate=0 whoami=0x140e0 wr=0 wrseen=0x27 addr=0x5a ok=3175 err=1 tmo=0 recov=0 pclk1=200000000 sysclk=400000000
[NAK] nacks=1
[CLK] cpu=800000000 sysb=400000000 pclk1=200000000
[TOF] res=-42 step=1 id=0xa5 blk=0x0 ctl=0x1ff
[DRV] init=0 id=7 mode=0x1 lib=0x2 seq=0x1 odc=0x8b sts=0xe0 armed=1
[TRG] pulses=173 suppressed=2107 cyc=1600 rst=1 rstmode=0x40
[HLT] polls=366 faults=0x0 cfglost=0
[EFF] n=5 last=58500 min=58500 max=58645 late=0 stuck=0
[DWT] ok=1 cyc=3184155258 cyc_per_ms=799979
[HB] up_ms=386353 frames=18370 inf=18370 hazard=2290 canary_err=0 q=0 qovr=0
[I2C] init=0 gate=0 whoami=0x140e0 wr=0 wrseen=0x27 addr=0x5a ok=3177 err=1 tmo=0 recov=0 pclk1=200000000 sysclk=400000000
[NAK] nacks=1
[CLK] cpu=800000000 sysb=400000000 pclk1=200000000
[TOF] res=-42 step=1 id=0xa5 blk=0x0 ctl=0x1ff
[DRV] init=0 id=7 mode=0x1 lib=0x2 seq=0x1 odc=0x8b sts=0xe0 armed=1
[TRG] pulses=174 suppressed=2117 cyc=1600 rst=1 rstmode=0x40
[HLT] polls=367 faults=0x0 cfglost=0
[EFF] n=5 last=58500 min=58500 max=58645 late=0 stuck=0
[DWT] ok=1 cyc=4025757046 cyc_per_ms=800001
[HB] up_ms=387405 frames=18420 inf=18420 hazard=2320 canary_err=0 q=0 qovr=0
[I2C] init=0 gate=0 whoami=0x140e0 wr=0 wrseen=0x27 addr=0x5a ok=3179 err=1 tmo=0 recov=0 pclk1=200000000 sysclk=400000000
[NAK] nacks=1
[CLK] cpu=800000000 sysb=400000000 pclk1=200000000
[TOF] res=-42 step=1 id=0xa5 blk=0x0 ctl=0x1ff
[DRV] init=0 id=7 mode=0x1 lib=0x2 seq=0x1 odc=0x8b sts=0xe0 armed=1
[TRG] pulses=176 suppressed=2144 cyc=1600 rst=1 rstmode=0x40
[HLT] polls=368 faults=0x0 cfglost=0
[EFF] n=5 last=58500 min=58500 max=58645 late=0 stuck=0
[DWT] ok=1 cyc=572387994 cyc_per_ms=799998
[HB] up_ms=388457 frames=18470 inf=18470 hazard=2320 canary_err=0 q=0 qovr=0
[I2C] init=0 gate=0 whoami=0x140e0 wr=0 wrseen=0x27 addr=0x5a ok=3181 err=1 tmo=0 recov=0 pclk1=200000000 sysclk=400000000
[NAK] nacks=1
[CLK] cpu=800000000 sysb=400000000 pclk1=200000000
[TOF] res=-42 step=1 id=0xa5 blk=0x0 ctl=0x1ff
[DRV] init=0 id=7 mode=0x1 lib=0x2 seq=0x1 odc=0x8b sts=0xe0 armed=1
[TRG] pulses=176 suppressed=2144 cyc=1600 rst=1 rstmode=0x40
[HLT] polls=369 faults=0x0 cfglost=0
[EFF] n=5 last=58500 min=58500 max=58645 late=0 stuck=0
[DWT] ok=1 cyc=1413987930 cyc_per_ms=799999
[HB] up_ms=389509 frames=18520 inf=18520 hazard=2320 canary_err=0 q=0 qovr=0
[I2C] init=0 gate=0 whoami=0x140e0 wr=0 wrseen=0x27 addr=0x5a ok=3183 err=1 tmo=0 recov=0 pclk1=200000000 sysclk=400000000
[NAK] nacks=1
[CLK] cpu=800000000 sysb=400000000 pclk1=200000000
[TOF] res=-42 step=1 id=0xa5 blk=0x0 ctl=0x1ff
[DRV] init=0 id=7 mode=0x1 lib=0x2 seq=0x1 odc=0x8b sts=0xe0 armed=1
[TRG] pulses=176 suppressed=2144 cyc=1600 rst=1 rstmode=0x40
[HLT] polls=370 faults=0x0 cfglost=0
[EFF] n=5 last=58500 min=58500 max=58645 late=0 stuck=0
[DWT] ok=1 cyc=2255587926 cyc_per_ms=799999
[HB] up_ms=390561 frames=18570 inf=18570 hazard=2320 canary_err=0 q=0 qovr=0
[I2C] init=0 gate=0 whoami=0x140e0 wr=0 wrseen=0x27 addr=0x5a ok=3185 err=1 tmo=0 recov=0 pclk1=200000000 sysclk=400000000
[NAK] nacks=1
[CLK] cpu=800000000 sysb=400000000 pclk1=200000000
[TOF] res=-42 step=1 id=0xa5 blk=0x0 ctl=0x1ff
[DRV] init=0 id=7 mode=0x1 lib=0x2 seq=0x1 odc=0x8b sts=0xe0 armed=1
[TRG] pulses=176 suppressed=2144 cyc=1600 rst=1 rstmode=0x40
[HLT] polls=371 faults=0x0 cfglost=0
[EFF] n=5 last=58500 min=58500 max=58645 late=0 stuck=0
[DWT] ok=1 cyc=3097187946 cyc_per_ms=800000
[HB] up_ms=391613 frames=18620 inf=18620 hazard=2320 canary_err=0 q=0 qovr=0
[I2C] init=0 gate=0 whoami=0x140e0 wr=0 wrseen=0x27 addr=0x5a ok=3187 err=1 tmo=0 recov=0 pclk1=200000000 sysclk=400000000
[NAK] nacks=1
[CLK] cpu=800000000 sysb=400000000 pclk1=200000000
[TOF] res=-42 step=1 id=0xa5 blk=0x0 ctl=0x1ff
[DRV] init=0 id=7 mode=0x1 lib=0x2 seq=0x1 odc=0x8b sts=0xe0 armed=1
[TRG] pulses=176 suppressed=2144 cyc=1600 rst=1 rstmode=0x40
[HLT] polls=372 faults=0x0 cfglost=0
[EFF] n=5 last=58500 min=58500 max=58645 late=0 stuck=0
[DWT] ok=1 cyc=3938787998 cyc_per_ms=800000
[HB] up_ms=392665 frames=18670 inf=18670 hazard=2320 canary_err=0 q=0 qovr=0
[I2C] init=0 gate=0 whoami=0x140e0 wr=0 wrseen=0x27 addr=0x5a ok=3189 err=1 tmo=0 recov=0 pclk1=200000000 sysclk=400000000
[NAK] nacks=1
[CLK] cpu=800000000 sysb=400000000 pclk1=200000000
[TOF] res=-42 step=1 id=0xa5 blk=0x0 ctl=0x1ff
[DRV] init=0 id=7 mode=0x1 lib=0x2 seq=0x1 odc=0x8b sts=0xe0 armed=1
[TRG] pulses=176 suppressed=2144 cyc=1600 rst=1 rstmode=0x40
[HLT] polls=373 faults=0x0 cfglost=0
[EFF] n=5 last=58500 min=58500 max=58645 late=0 stuck=0
[DWT] ok=1 cyc=485442634 cyc_per_ms=800020
[HB] up_ms=393717 frames=18720 inf=18720 hazard=2360 canary_err=0 q=0 qovr=0
[I2C] init=0 gate=0 whoami=0x140e0 wr=0 wrseen=0x27 addr=0x5a ok=3191 err=1 tmo=0 recov=0 pclk1=200000000 sysclk=400000000
[NAK] nacks=1
[CLK] cpu=800000000 sysb=400000000 pclk1=200000000
[TOF] res=-42 step=1 id=0xa5 blk=0x0 ctl=0x1ff
[DRV] init=0 id=7 mode=0x1 lib=0x2 seq=0x1 odc=0x8b sts=0xe0 armed=1
[TRG] pulses=179 suppressed=2181 cyc=1600 rst=1 rstmode=0x40
[HLT] polls=374 faults=0x0 cfglost=0
[EFF] n=5 last=58500 min=58500 max=58645 late=0 stuck=0
[DWT] ok=1 cyc=1327042586 cyc_per_ms=799999
[HB] up_ms=394769 frames=18770 inf=18770 hazard=2360 canary_err=0 q=0 qovr=0
[I2C] init=0 gate=0 whoami=0x140e0 wr=0 wrseen=0x27 addr=0x5a ok=3193 err=1 tmo=0 recov=0 pclk1=200000000 sysclk=400000000
[NAK] nacks=1
[CLK] cpu=800000000 sysb=400000000 pclk1=200000000
[TOF] res=-42 step=1 id=0xa5 blk=0x0 ctl=0x1ff
[DRV] init=0 id=7 mode=0x1 lib=0x2 seq=0x1 odc=0x8b sts=0xe0 armed=1
[TRG] pulses=179 suppressed=2181 cyc=1600 rst=1 rstmode=0x40
[HLT] polls=375 faults=0x0 cfglost=0
[EFF] n=5 last=58500 min=58500 max=58645 late=0 stuck=0
[DWT] ok=1 cyc=2168642650 cyc_per_ms=800000
[HB] up_ms=395821 frames=18821 inf=18821 hazard=2360 canary_err=0 q=0 qovr=0
[I2C] init=0 gate=0 whoami=0x140e0 wr=0 wrseen=0x27 addr=0x5a ok=3195 err=1 tmo=0 recov=0 pclk1=200000000 sysclk=400000000
[NAK] nacks=1
[CLK] cpu=800000000 sysb=400000000 pclk1=200000000
[TOF] res=-42 step=1 id=0xa5 blk=0x0 ctl=0x1ff
[DRV] init=0 id=7 mode=0x1 lib=0x2 seq=0x1 odc=0x8b sts=0xe0 armed=1
[TRG] pulses=179 suppressed=2181 cyc=1600 rst=1 rstmode=0x40
[HLT] polls=376 faults=0x0 cfglost=0
[EFF] n=5 last=58500 min=58500 max=58645 late=0 stuck=0
[DWT] ok=1 cyc=3010220734 cyc_per_ms=799979
[HB] up_ms=396873 frames=18871 inf=18871 hazard=2360 canary_err=0 q=0 qovr=0
[I2C] init=0 gate=0 whoami=0x140e0 wr=0 wrseen=0x27 addr=0x5a ok=3197 err=1 tmo=0 recov=0 pclk1=200000000 sysclk=400000000
[NAK] nacks=1
[CLK] cpu=800000000 sysb=400000000 pclk1=200000000
[TOF] res=-42 step=1 id=0xa5 blk=0x0 ctl=0x1ff
[DRV] init=0 id=7 mode=0x1 lib=0x2 seq=0x1 odc=0x8b sts=0xe0 armed=1
[TRG] pulses=179 suppressed=2181 cyc=1600 rst=1 rstmode=0x40
[HLT] polls=377 faults=0x0 cfglost=0
[EFF] n=5 last=58500 min=58500 max=58645 late=0 stuck=0
[DWT] ok=1 cyc=3851820650 cyc_per_ms=799999
[HB] up_ms=397925 frames=18921 inf=18921 hazard=2360 canary_err=0 q=0 qovr=0
[I2C] init=0 gate=0 whoami=0x140e0 wr=0 wrseen=0x27 addr=0x5a ok=3199 err=1 tmo=0 recov=0 pclk1=200000000 sysclk=400000000
[NAK] nacks=1
[CLK] cpu=800000000 sysb=400000000 pclk1=200000000
[TOF] res=-42 step=1 id=0xa5 blk=0x0 ctl=0x1ff
[DRV] init=0 id=7 mode=0x1 lib=0x2 seq=0x1 odc=0x8b sts=0xe0 armed=1
[TRG] pulses=179 suppressed=2181 cyc=1600 rst=1 rstmode=0x40
[HLT] polls=378 faults=0x0 cfglost=0
[EFF] n=5 last=58500 min=58500 max=58645 late=0 stuck=0
[DWT] ok=1 cyc=398453378 cyc_per_ms=800000
[HB] up_ms=398977 frames=18971 inf=18971 hazard=2360 canary_err=0 q=0 qovr=0
[I2C] init=0 gate=0 whoami=0x140e0 wr=0 wrseen=0x27 addr=0x5a ok=3201 err=1 tmo=0 recov=0 pclk1=200000000 sysclk=400000000
[NAK] nacks=1
[CLK] cpu=800000000 sysb=400000000 pclk1=200000000
[TOF] res=-42 step=1 id=0xa5 blk=0x0 ctl=0x1ff
[DRV] init=0 id=7 mode=0x1 lib=0x2 seq=0x1 odc=0x8b sts=0xe0 armed=1
[TRG] pulses=179 suppressed=2181 cyc=1600 rst=1 rstmode=0x40
[HLT] polls=379 faults=0x0 cfglost=0
[EFF] n=5 last=58500 min=58500 max=58645 late=0 stuck=0
[DWT] ok=1 cyc=1240053414 cyc_per_ms=800000
[HB] up_ms=400029 frames=19021 inf=19021 hazard=2381 canary_err=0 q=0 qovr=0
[I2C] init=0 gate=0 whoami=0x140e0 wr=0 wrseen=0x27 addr=0x5a ok=3203 err=1 tmo=0 recov=0 pclk1=200000000 sysclk=400000000
[NAK] nacks=1
[CLK] cpu=800000000 sysb=400000000 pclk1=200000000
[TOF] res=-42 step=1 id=0xa5 blk=0x0 ctl=0x1ff
[DRV] init=0 id=7 mode=0x1 lib=0x2 seq=0x1 odc=0x8b sts=0xe0 armed=1
[TRG] pulses=181 suppressed=2202 cyc=1600 rst=1 rstmode=0x40
[HLT] polls=380 faults=0x0 cfglost=0
[EFF] n=5 last=58500 min=58500 max=58645 late=0 stuck=0
[DWT] ok=1 cyc=2081655218 cyc_per_ms=800001
[HB] up_ms=401081 frames=19071 inf=19071 hazard=2400 canary_err=0 q=0 qovr=0
[I2C] init=0 gate=0 whoami=0x140e0 wr=0 wrseen=0x27 addr=0x5a ok=3205 err=1 tmo=0 recov=0 pclk1=200000000 sysclk=400000000
[NAK] nacks=1
[CLK] cpu=800000000 sysb=400000000 pclk1=200000000
[TOF] res=-42 step=1 id=0xa5 blk=0x0 ctl=0x1ff
[DRV] init=0 id=7 mode=0x1 lib=0x2 seq=0x1 odc=0x8b sts=0xe0 armed=1
[TRG] pulses=182 suppressed=2218 cyc=1600 rst=1 rstmode=0x40
[HLT] polls=381 faults=0x0 cfglost=0
[EFF] n=5 last=58500 min=58500 max=58645 late=0 stuck=0
[DWT] ok=1 cyc=2923253406 cyc_per_ms=799998
[HB] up_ms=402133 frames=19121 inf=19121 hazard=2400 canary_err=0 q=0 qovr=0
[I2C] init=0 gate=0 whoami=0x140e0 wr=0 wrseen=0x27 addr=0x5a ok=3207 err=1 tmo=0 recov=0 pclk1=200000000 sysclk=400000000
[NAK] nacks=1
[CLK] cpu=800000000 sysb=400000000 pclk1=200000000
[TOF] res=-42 step=1 id=0xa5 blk=0x0 ctl=0x1ff
[DRV] init=0 id=7 mode=0x1 lib=0x2 seq=0x1 odc=0x8b sts=0xe0 armed=1
[TRG] pulses=182 suppressed=2218 cyc=1600 rst=1 rstmode=0x40
[HLT] polls=382 faults=0x0 cfglost=0
[EFF] n=5 last=58500 min=58500 max=58645 late=0 stuck=0
[DWT] ok=1 cyc=3764853402 cyc_per_ms=799999
[HB] up_ms=403185 frames=19171 inf=19171 hazard=2400 canary_err=0 q=0 qovr=0
[I2C] init=0 gate=0 whoami=0x140e0 wr=0 wrseen=0x27 addr=0x5a ok=3209 err=1 tmo=0 recov=0 pclk1=200000000 sysclk=400000000
[NAK] nacks=1
[CLK] cpu=800000000 sysb=400000000 pclk1=200000000
[TOF] res=-42 step=1 id=0xa5 blk=0x0 ctl=0x1ff
[DRV] init=0 id=7 mode=0x1 lib=0x2 seq=0x1 odc=0x8b sts=0xe0 armed=1
[TRG] pulses=182 suppressed=2218 cyc=1600 rst=1 rstmode=0x40
[HLT] polls=383 faults=0x0 cfglost=0
[EFF] n=5 last=58500 min=58500 max=58645 late=0 stuck=0
[DWT] ok=1 cyc=311486066 cyc_per_ms=799999
[HB] up_ms=404237 frames=19221 inf=19221 hazard=2400 canary_err=0 q=0 qovr=0
[I2C] init=0 gate=0 whoami=0x140e0 wr=0 wrseen=0x27 addr=0x5a ok=3211 err=1 tmo=0 recov=0 pclk1=200000000 sysclk=400000000
[NAK] nacks=1
[CLK] cpu=800000000 sysb=400000000 pclk1=200000000
[TOF] res=-42 step=1 id=0xa5 blk=0x0 ctl=0x1ff
[DRV] init=0 id=7 mode=0x1 lib=0x2 seq=0x1 odc=0x8b sts=0xe0 armed=1
[TRG] pulses=182 suppressed=2218 cyc=1600 rst=1 rstmode=0x40
[HLT] polls=384 faults=0x0 cfglost=0
[EFF] n=5 last=58500 min=58500 max=58645 late=0 stuck=0
[DWT] ok=1 cyc=1153107994 cyc_per_ms=800020
[HB] up_ms=405289 frames=19271 inf=19271 hazard=2400 canary_err=0 q=0 qovr=0
[I2C] init=0 gate=0 whoami=0x140e0 wr=0 wrseen=0x27 addr=0x5a ok=3213 err=1 tmo=0 recov=0 pclk1=200000000 sysclk=400000000
[NAK] nacks=1
[CLK] cpu=800000000 sysb=400000000 pclk1=200000000
[TOF] res=-42 step=1 id=0xa5 blk=0x0 ctl=0x1ff
[DRV] init=0 id=7 mode=0x1 lib=0x2 seq=0x1 odc=0x8b sts=0xe0 armed=1
[TRG] pulses=182 suppressed=2218 cyc=1600 rst=1 rstmode=0x40
[HLT] polls=385 faults=0x0 cfglost=0
[EFF] n=5 last=58500 min=58500 max=58645 late=0 stuck=0
[DWT] ok=1 cyc=1994708058 cyc_per_ms=800000
[HB] up_ms=406341 frames=19322 inf=19322 hazard=2402 canary_err=0 q=0 qovr=0
[I2C] init=0 gate=0 whoami=0x140e0 wr=0 wrseen=0x27 addr=0x5a ok=3215 err=1 tmo=0 recov=0 pclk1=200000000 sysclk=400000000
[NAK] nacks=1
[CLK] cpu=800000000 sysb=400000000 pclk1=200000000
[TOF] res=-42 step=1 id=0xa5 blk=0x0 ctl=0x1ff
[DRV] init=0 id=7 mode=0x1 lib=0x2 seq=0x1 odc=0x8b sts=0xe0 armed=1
[TRG] pulses=183 suppressed=2220 cyc=1600 rst=1 rstmode=0x40
[HLT] polls=386 faults=0x0 cfglost=0
[EFF] n=5 last=58500 min=58500 max=58645 late=0 stuck=0
[DWT] ok=1 cyc=2836310018 cyc_per_ms=800001
[HB] up_ms=407393 frames=19372 inf=19372 hazard=2440 canary_err=0 q=0 qovr=0
[I2C] init=0 gate=0 whoami=0x140e0 wr=0 wrseen=0x27 addr=0x5a ok=3217 err=1 tmo=0 recov=0 pclk1=200000000 sysclk=400000000
[NAK] nacks=1
[CLK] cpu=800000000 sysb=400000000 pclk1=200000000
[TOF] res=-42 step=1 id=0xa5 blk=0x0 ctl=0x1ff
[DRV] init=0 id=7 mode=0x1 lib=0x2 seq=0x1 odc=0x8b sts=0xe0 armed=1
[TRG] pulses=185 suppressed=2255 cyc=1600 rst=1 rstmode=0x40
[HLT] polls=387 faults=0x0 cfglost=0
[EFF] n=5 last=58500 min=58500 max=58645 late=0 stuck=0
[DWT] ok=1 cyc=3677886106 cyc_per_ms=799977
[HB] up_ms=408445 frames=19422 inf=19422 hazard=2440 canary_err=0 q=0 qovr=0
[I2C] init=0 gate=0 whoami=0x140e0 wr=0 wrseen=0x27 addr=0x5a ok=3219 err=1 tmo=0 recov=0 pclk1=200000000 sysclk=400000000
[NAK] nacks=1
[CLK] cpu=800000000 sysb=400000000 pclk1=200000000
[TOF] res=-42 step=1 id=0xa5 blk=0x0 ctl=0x1ff
[DRV] init=0 id=7 mode=0x1 lib=0x2 seq=0x1 odc=0x8b sts=0xe0 armed=1
[TRG] pulses=185 suppressed=2255 cyc=1600 rst=1 rstmode=0x40
[HLT] polls=388 faults=0x0 cfglost=0
[EFF] n=5 last=58500 min=58500 max=58645 late=0 stuck=0
[DWT] ok=1 cyc=224518826 cyc_per_ms=800000
[HB] up_ms=409497 frames=19472 inf=19472 hazard=2440 canary_err=0 q=0 qovr=0
[I2C] init=0 gate=0 whoami=0x140e0 wr=0 wrseen=0x27 addr=0x5a ok=3221 err=1 tmo=0 recov=0 pclk1=200000000 sysclk=400000000
[NAK] nacks=1
[CLK] cpu=800000000 sysb=400000000 pclk1=200000000
[TOF] res=-42 step=1 id=0xa5 blk=0x0 ctl=0x1ff
[DRV] init=0 id=7 mode=0x1 lib=0x2 seq=0x1 odc=0x8b sts=0xe0 armed=1
[TRG] pulses=185 suppressed=2255 cyc=1600 rst=1 rstmode=0x40
[HLT] polls=389 faults=0x0 cfglost=0
[EFF] n=5 last=58500 min=58500 max=58645 late=0 stuck=0
[DWT] ok=1 cyc=1066118754 cyc_per_ms=799999
[HB] up_ms=410549 frames=19522 inf=19522 hazard=2440 canary_err=0 q=0 qovr=0
[I2C] init=0 gate=0 whoami=0x140e0 wr=0 wrseen=0x27 addr=0x5a ok=3223 err=1 tmo=0 recov=0 pclk1=200000000 sysclk=400000000
[NAK] nacks=1
[CLK] cpu=800000000 sysb=400000000 pclk1=200000000
[TOF] res=-42 step=1 id=0xa5 blk=0x0 ctl=0x1ff
[DRV] init=0 id=7 mode=0x1 lib=0x2 seq=0x1 odc=0x8b sts=0xe0 armed=1
[TRG] pulses=185 suppressed=2255 cyc=1600 rst=1 rstmode=0x40
[HLT] polls=390 faults=0x0 cfglost=0
[EFF] n=5 last=58500 min=58500 max=58645 late=0 stuck=0
[DWT] ok=1 cyc=1907718786 cyc_per_ms=800000
[HB] up_ms=411601 frames=19572 inf=19572 hazard=2440 canary_err=0 q=0 qovr=0
[I2C] init=0 gate=0 whoami=0x140e0 wr=0 wrseen=0x27 addr=0x5a ok=3225 err=1 tmo=0 recov=0 pclk1=200000000 sysclk=400000000
[NAK] nacks=1
[CLK] cpu=800000000 sysb=400000000 pclk1=200000000
[TOF] res=-42 step=1 id=0xa5 blk=0x0 ctl=0x1ff
[DRV] init=0 id=7 mode=0x1 lib=0x2 seq=0x1 odc=0x8b sts=0xe0 armed=1
[TRG] pulses=185 suppressed=2255 cyc=1600 rst=1 rstmode=0x40
[HLT] polls=391 faults=0x0 cfglost=0
[EFF] n=5 last=58500 min=58500 max=58645 late=0 stuck=0
[DWT] ok=1 cyc=2749318742 cyc_per_ms=799999
[HB] up_ms=412653 frames=19622 inf=19622 hazard=2440 canary_err=0 q=0 qovr=0
[I2C] init=0 gate=0 whoami=0x140e0 wr=0 wrseen=0x27 addr=0x5a ok=3227 err=1 tmo=0 recov=0 pclk1=200000000 sysclk=400000000
[NAK] nacks=1
[CLK] cpu=800000000 sysb=400000000 pclk1=200000000
[TOF] res=-42 step=1 id=0xa5 blk=0x0 ctl=0x1ff
[DRV] init=0 id=7 mode=0x1 lib=0x2 seq=0x1 odc=0x8b sts=0xe0 armed=1
[TRG] pulses=185 suppressed=2255 cyc=1600 rst=1 rstmode=0x40
[HLT] polls=392 faults=0x0 cfglost=0
[EFF] n=5 last=58500 min=58500 max=58645 late=0 stuck=0
[DWT] ok=1 cyc=3590918762 cyc_per_ms=800000
[HB] up_ms=413705 frames=19672 inf=19672 hazard=2472 canary_err=0 q=0 qovr=0
[I2C] init=0 gate=0 whoami=0x140e0 wr=0 wrseen=0x27 addr=0x5a ok=3229 err=1 tmo=0 recov=0 pclk1=200000000 sysclk=400000000
[NAK] nacks=1
[CLK] cpu=800000000 sysb=400000000 pclk1=200000000
[TOF] res=-42 step=1 id=0xa5 blk=0x0 ctl=0x1ff
[DRV] init=0 id=7 mode=0x1 lib=0x2 seq=0x1 odc=0x8b sts=0xe0 armed=1
[TRG] pulses=188 suppressed=2286 cyc=1600 rst=1 rstmode=0x40
[HLT] polls=393 faults=0x0 cfglost=0
[EFF] n=5 last=58500 min=58500 max=58645 late=0 stuck=0
[DWT] ok=1 cyc=137553322 cyc_per_ms=800001
[HB] up_ms=414757 frames=19722 inf=19722 hazard=2480 canary_err=0 q=0 qovr=0
[I2C] init=0 gate=0 whoami=0x140e0 wr=0 wrseen=0x27 addr=0x5a ok=3231 err=1 tmo=0 recov=0 pclk1=200000000 sysclk=400000000
[NAK] nacks=1
[CLK] cpu=800000000 sysb=400000000 pclk1=200000000
[TOF] res=-42 step=1 id=0xa5 blk=0x0 ctl=0x1ff
[DRV] init=0 id=7 mode=0x1 lib=0x2 seq=0x1 odc=0x8b sts=0xe0 armed=1
[TRG] pulses=188 suppressed=2292 cyc=1600 rst=1 rstmode=0x40
[HLT] polls=394 faults=0x0 cfglost=0
[EFF] n=5 last=58500 min=58500 max=58645 late=0 stuck=0
[DWT] ok=1 cyc=979173422 cyc_per_ms=800019
[HB] up_ms=415809 frames=19772 inf=19772 hazard=2480 canary_err=0 q=0 qovr=0
[I2C] init=0 gate=0 whoami=0x140e0 wr=0 wrseen=0x27 addr=0x5a ok=3233 err=1 tmo=0 recov=0 pclk1=200000000 sysclk=400000000
[NAK] nacks=1
[CLK] cpu=800000000 sysb=400000000 pclk1=200000000
[TOF] res=-42 step=1 id=0xa5 blk=0x0 ctl=0x1ff
[DRV] init=0 id=7 mode=0x1 lib=0x2 seq=0x1 odc=0x8b sts=0xe0 armed=1
[TRG] pulses=188 suppressed=2292 cyc=1600 rst=1 rstmode=0x40
[HLT] polls=395 faults=0x0 cfglost=0
[EFF] n=5 last=58500 min=58500 max=58645 late=0 stuck=0
[DWT] ok=1 cyc=1820773402 cyc_per_ms=799999
[HB] up_ms=416861 frames=19822 inf=19822 hazard=2480 canary_err=0 q=0 qovr=0
[I2C] init=0 gate=0 whoami=0x140e0 wr=0 wrseen=0x27 addr=0x5a ok=3235 err=1 tmo=0 recov=0 pclk1=200000000 sysclk=400000000
[NAK] nacks=1
[CLK] cpu=800000000 sysb=400000000 pclk1=200000000
[TOF] res=-42 step=1 id=0xa5 blk=0x0 ctl=0x1ff
[DRV] init=0 id=7 mode=0x1 lib=0x2 seq=0x1 odc=0x8b sts=0xe0 armed=1
[TRG] pulses=188 suppressed=2292 cyc=1600 rst=1 rstmode=0x40
[HLT] polls=396 faults=0x0 cfglost=0
[EFF] n=5 last=58500 min=58500 max=58645 late=0 stuck=0
[DWT] ok=1 cyc=2662373450 cyc_per_ms=800000
[HB] up_ms=417913 frames=19873 inf=19873 hazard=2480 canary_err=0 q=0 qovr=0
[I2C] init=0 gate=0 whoami=0x140e0 wr=0 wrseen=0x27 addr=0x5a ok=3237 err=1 tmo=0 recov=0 pclk1=200000000 sysclk=400000000
[NAK] nacks=1
[CLK] cpu=800000000 sysb=400000000 pclk1=200000000
[TOF] res=-42 step=1 id=0xa5 blk=0x0 ctl=0x1ff
[DRV] init=0 id=7 mode=0x1 lib=0x2 seq=0x1 odc=0x8b sts=0xe0 armed=1
[TRG] pulses=188 suppressed=2292 cyc=1600 rst=1 rstmode=0x40
[HLT] polls=397 faults=0x0 cfglost=0
[EFF] n=5 last=58500 min=58500 max=58645 late=0 stuck=0
[DWT] ok=1 cyc=3503951538 cyc_per_ms=799979
[HB] up_ms=418965 frames=19923 inf=19923 hazard=2480 canary_err=0 q=0 qovr=0
[I2C] init=0 gate=0 whoami=0x140e0 wr=0 wrseen=0x27 addr=0x5a ok=3239 err=1 tmo=0 recov=0 pclk1=200000000 sysclk=400000000
[NAK] nacks=1
[CLK] cpu=800000000 sysb=400000000 pclk1=200000000
[TOF] res=-42 step=1 id=0xa5 blk=0x0 ctl=0x1ff
[DRV] init=0 id=7 mode=0x1 lib=0x2 seq=0x1 odc=0x8b sts=0xe0 armed=1
[TRG] pulses=188 suppressed=2292 cyc=1600 rst=1 rstmode=0x40
[HLT] polls=398 faults=0x0 cfglost=0
[EFF] n=5 last=58500 min=58500 max=58645 late=0 stuck=0
[DWT] ok=1 cyc=50584162 cyc_per_ms=799999
[HB] up_ms=420017 frames=19973 inf=19973 hazard=2493 canary_err=0 q=0 qovr=0
[I2C] init=0 gate=0 whoami=0x140e0 wr=0 wrseen=0x27 addr=0x5a ok=3241 err=1 tmo=0 recov=0 pclk1=200000000 sysclk=400000000
[NAK] nacks=1
[CLK] cpu=800000000 sysb=400000000 pclk1=200000000
[TOF] res=-42 step=1 id=0xa5 blk=0x0 ctl=0x1ff
[DRV] init=0 id=7 mode=0x1 lib=0x2 seq=0x1 odc=0x8b sts=0xe0 armed=1
[TRG] pulses=189 suppressed=2305 cyc=1600 rst=1 rstmode=0x40
[HLT] polls=399 faults=0x0 cfglost=0
[EFF] n=5 last=58500 min=58500 max=58645 late=0 stuck=0
[DWT] ok=1 cyc=892188474 cyc_per_ms=800004
[HB] up_ms=421069 frames=20023 inf=20023 hazard=2520 canary_err=0 q=0 qovr=0
[I2C] init=0 gate=0 whoami=0x140e0 wr=0 wrseen=0x27 addr=0x5a ok=3243 err=1 tmo=0 recov=0 pclk1=200000000 sysclk=400000000
[NAK] nacks=1
[CLK] cpu=800000000 sysb=400000000 pclk1=200000000
[TOF] res=-42 step=1 id=0xa5 blk=0x0 ctl=0x1ff
[DRV] init=0 id=7 mode=0x1 lib=0x2 seq=0x1 odc=0x8b sts=0xe0 armed=1
[TRG] pulses=191 suppressed=2329 cyc=1600 rst=1 rstmode=0x40
[HLT] polls=400 faults=0x0 cfglost=0
[EFF] n=5 last=58500 min=58500 max=58645 late=0 stuck=0
[DWT] ok=1 cyc=1733784186 cyc_per_ms=799995
[HB] up_ms=422121 frames=20073 inf=20073 hazard=2520 canary_err=0 q=0 qovr=0
[I2C] init=0 gate=0 whoami=0x140e0 wr=0 wrseen=0x27 addr=0x5a ok=3245 err=1 tmo=0 recov=0 pclk1=200000000 sysclk=400000000
[NAK] nacks=1
[CLK] cpu=800000000 sysb=400000000 pclk1=200000000
[TOF] res=-42 step=1 id=0xa5 blk=0x0 ctl=0x1ff
[DRV] init=0 id=7 mode=0x1 lib=0x2 seq=0x1 odc=0x8b sts=0xe0 armed=1
[TRG] pulses=191 suppressed=2329 cyc=1600 rst=1 rstmode=0x40
[HLT] polls=401 faults=0x0 cfglost=0
[EFF] n=5 last=58500 min=58500 max=58645 late=0 stuck=0
[DWT] ok=1 cyc=2575384150 cyc_per_ms=799999
[HB] up_ms=423173 frames=20123 inf=20123 hazard=2520 canary_err=0 q=0 qovr=0
[I2C] init=0 gate=0 whoami=0x140e0 wr=0 wrseen=0x27 addr=0x5a ok=3247 err=1 tmo=0 recov=0 pclk1=200000000 sysclk=400000000
[NAK] nacks=1
[CLK] cpu=800000000 sysb=400000000 pclk1=200000000
[TOF] res=-42 step=1 id=0xa5 blk=0x0 ctl=0x1ff
[DRV] init=0 id=7 mode=0x1 lib=0x2 seq=0x1 odc=0x8b sts=0xe0 armed=1
[TRG] pulses=191 suppressed=2329 cyc=1600 rst=1 rstmode=0x40
[HLT] polls=402 faults=0x0 cfglost=0
[EFF] n=5 last=58500 min=58500 max=58645 late=0 stuck=0
[DWT] ok=1 cyc=3416984170 cyc_per_ms=800000
[HB] up_ms=424225 frames=20173 inf=20173 hazard=2520 canary_err=0 q=0 qovr=0
[I2C] init=0 gate=0 whoami=0x140e0 wr=0 wrseen=0x27 addr=0x5a ok=3249 err=1 tmo=0 recov=0 pclk1=200000000 sysclk=400000000
[NAK] nacks=1
[CLK] cpu=800000000 sysb=400000000 pclk1=200000000
[TOF] res=-42 step=1 id=0xa5 blk=0x0 ctl=0x1ff
[DRV] init=0 id=7 mode=0x1 lib=0x2 seq=0x1 odc=0x8b sts=0xe0 armed=1
[TRG] pulses=191 suppressed=2329 cyc=1600 rst=1 rstmode=0x40
[HLT] polls=403 faults=0x0 cfglost=0
[EFF] n=5 last=58500 min=58500 max=58645 late=0 stuck=0
[DWT] ok=1 cyc=4258584170 cyc_per_ms=800000
[HB] up_ms=425277 frames=20223 inf=20223 hazard=2520 canary_err=0 q=0 qovr=0
[I2C] init=0 gate=0 whoami=0x140e0 wr=0 wrseen=0x27 addr=0x5a ok=3251 err=1 tmo=0 recov=0 pclk1=200000000 sysclk=400000000
[NAK] nacks=1
[CLK] cpu=800000000 sysb=400000000 pclk1=200000000
[TOF] res=-42 step=1 id=0xa5 blk=0x0 ctl=0x1ff
[DRV] init=0 id=7 mode=0x1 lib=0x2 seq=0x1 odc=0x8b sts=0xe0 armed=1
[TRG] pulses=191 suppressed=2329 cyc=1600 rst=1 rstmode=0x40
[HLT] polls=404 faults=0x0 cfglost=0
[EFF] n=5 last=58500 min=58500 max=58645 late=0 stuck=0
[DWT] ok=1 cyc=805216926 cyc_per_ms=800000
[HB] up_ms=426329 frames=20273 inf=20273 hazard=2520 canary_err=0 q=0 qovr=0
[I2C] init=0 gate=0 whoami=0x140e0 wr=0 wrseen=0x27 addr=0x5a ok=3253 err=1 tmo=0 recov=0 pclk1=200000000 sysclk=400000000
[NAK] nacks=1
[CLK] cpu=800000000 sysb=400000000 pclk1=200000000
[TOF] res=-42 step=1 id=0xa5 blk=0x0 ctl=0x1ff
[DRV] init=0 id=7 mode=0x1 lib=0x2 seq=0x1 odc=0x8b sts=0xe0 armed=1
[TRG] pulses=191 suppressed=2329 cyc=1600 rst=1 rstmode=0x40
[HLT] polls=405 faults=0x0 cfglost=0
[EFF] n=5 last=58500 min=58500 max=58645 late=0 stuck=0
[DWT] ok=1 cyc=1646838858 cyc_per_ms=800020
[HB] up_ms=427381 frames=20323 inf=20323 hazard=2560 canary_err=0 q=0 qovr=0
[I2C] init=0 gate=0 whoami=0x140e0 wr=0 wrseen=0x27 addr=0x5a ok=3255 err=1 tmo=0 recov=0 pclk1=200000000 sysclk=400000000
[NAK] nacks=1
[CLK] cpu=800000000 sysb=400000000 pclk1=200000000
[TOF] res=-42 step=1 id=0xa5 blk=0x0 ctl=0x1ff
[DRV] init=0 id=7 mode=0x1 lib=0x2 seq=0x1 odc=0x8b sts=0xe0 armed=1
[TRG] pulses=194 suppressed=2366 cyc=1600 rst=1 rstmode=0x40
[HLT] polls=406 faults=0x0 cfglost=0
[EFF] n=5 last=58500 min=58500 max=58645 late=0 stuck=0
[DWT] ok=1 cyc=2488438810 cyc_per_ms=799999
[HB] up_ms=428433 frames=20374 inf=20374 hazard=2560 canary_err=0 q=0 qovr=0
[I2C] init=0 gate=0 whoami=0x140e0 wr=0 wrseen=0x27 addr=0x5a ok=3257 err=1 tmo=0 recov=0 pclk1=200000000 sysclk=400000000
[NAK] nacks=1
[CLK] cpu=800000000 sysb=400000000 pclk1=200000000
[TOF] res=-42 step=1 id=0xa5 blk=0x0 ctl=0x1ff
[DRV] init=0 id=7 mode=0x1 lib=0x2 seq=0x1 odc=0x8b sts=0xe0 armed=1
[TRG] pulses=194 suppressed=2366 cyc=1600 rst=1 rstmode=0x40
[HLT] polls=407 faults=0x0 cfglost=0
[EFF] n=5 last=58500 min=58500 max=58645 late=0 stuck=0
[DWT] ok=1 cyc=3330038150 cyc_per_ms=799999
[HB] up_ms=429485 frames=20424 inf=20424 hazard=2560 canary_err=0 q=0 qovr=0
[I2C] init=0 gate=0 whoami=0x140e0 wr=0 wrseen=0x27 addr=0x5a ok=3259 err=1 tmo=0 recov=0 pclk1=200000000 sysclk=400000000
[NAK] nacks=1
[CLK] cpu=800000000 sysb=400000000 pclk1=200000000
[TOF] res=-42 step=1 id=0xa5 blk=0x0 ctl=0x1ff
[DRV] init=0 id=7 mode=0x1 lib=0x2 seq=0x1 odc=0x8b sts=0xe0 armed=1
[TRG] pulses=194 suppressed=2366 cyc=1600 rst=1 rstmode=0x40
[HLT] polls=408 faults=0x0 cfglost=0
[EFF] n=5 last=58500 min=58500 max=58645 late=0 stuck=0
[DWT] ok=1 cyc=4171616858 cyc_per_ms=799979
[HB] up_ms=430537 frames=20474 inf=20474 hazard=2560 canary_err=0 q=0 qovr=0
[I2C] init=0 gate=0 whoami=0x140e0 wr=0 wrseen=0x27 addr=0x5a ok=3261 err=1 tmo=0 recov=0 pclk1=200000000 sysclk=400000000
[NAK] nacks=1
[CLK] cpu=800000000 sysb=400000000 pclk1=200000000
[TOF] res=-42 step=1 id=0xa5 blk=0x0 ctl=0x1ff
[DRV] init=0 id=7 mode=0x1 lib=0x2 seq=0x1 odc=0x8b sts=0xe0 armed=1
[TRG] pulses=194 suppressed=2366 cyc=1600 rst=1 rstmode=0x40
[HLT] polls=409 faults=0x0 cfglost=0
[EFF] n=5 last=58500 min=58500 max=58645 late=0 stuck=0
[DWT] ok=1 cyc=718249598 cyc_per_ms=800000
[HB] up_ms=431589 frames=20524 inf=20524 hazard=2560 canary_err=0 q=0 qovr=0
[I2C] init=0 gate=0 whoami=0x140e0 wr=0 wrseen=0x27 addr=0x5a ok=3263 err=1 tmo=0 recov=0 pclk1=200000000 sysclk=400000000
[NAK] nacks=1
[CLK] cpu=800000000 sysb=400000000 pclk1=200000000
[TOF] res=-42 step=1 id=0xa5 blk=0x0 ctl=0x1ff
[DRV] init=0 id=7 mode=0x1 lib=0x2 seq=0x1 odc=0x8b sts=0xe0 armed=1
[TRG] pulses=194 suppressed=2366 cyc=1600 rst=1 rstmode=0x40
[HLT] polls=410 faults=0x0 cfglost=0
[EFF] n=5 last=58500 min=58500 max=58645 late=0 stuck=0
[DWT] ok=1 cyc=1559849630 cyc_per_ms=800000
[HB] up_ms=432641 frames=20574 inf=20574 hazard=2560 canary_err=0 q=0 qovr=0
[I2C] init=0 gate=0 whoami=0x140e0 wr=0 wrseen=0x27 addr=0x5a ok=3265 err=1 tmo=0 recov=0 pclk1=200000000 sysclk=400000000
[NAK] nacks=1
[CLK] cpu=800000000 sysb=400000000 pclk1=200000000
[TOF] res=-42 step=1 id=0xa5 blk=0x0 ctl=0x1ff
[DRV] init=0 id=7 mode=0x1 lib=0x2 seq=0x1 odc=0x8b sts=0xe0 armed=1
[TRG] pulses=194 suppressed=2366 cyc=1600 rst=1 rstmode=0x40
[HLT] polls=411 faults=0x0 cfglost=0
[EFF] n=5 last=58500 min=58500 max=58645 late=0 stuck=0
[DWT] ok=1 cyc=2401449646 cyc_per_ms=800000
[HB] up_ms=433693 frames=20624 inf=20624 hazard=2584 canary_err=0 q=0 qovr=0
[I2C] init=0 gate=0 whoami=0x140e0 wr=0 wrseen=0x27 addr=0x5a ok=3267 err=1 tmo=0 recov=0 pclk1=200000000 sysclk=400000000
[NAK] nacks=1
[CLK] cpu=800000000 sysb=400000000 pclk1=200000000
[TOF] res=-42 step=1 id=0xa5 blk=0x0 ctl=0x1ff
[DRV] init=0 id=7 mode=0x1 lib=0x2 seq=0x1 odc=0x8b sts=0xe0 armed=1
[TRG] pulses=196 suppressed=2390 cyc=1600 rst=1 rstmode=0x40
[HLT] polls=412 faults=0x0 cfglost=0
[EFF] n=5 last=58500 min=58500 max=58645 late=0 stuck=0
[DWT] ok=1 cyc=3243051478 cyc_per_ms=800001
[HB] up_ms=434745 frames=20674 inf=20674 hazard=2600 canary_err=0 q=0 qovr=0
[I2C] init=0 gate=0 whoami=0x140e0 wr=0 wrseen=0x27 addr=0x5a ok=3269 err=1 tmo=0 recov=0 pclk1=200000000 sysclk=400000000
[NAK] nacks=1
[CLK] cpu=800000000 sysb=400000000 pclk1=200000000
[TOF] res=-42 step=1 id=0xa5 blk=0x0 ctl=0x1ff
[DRV] init=0 id=7 mode=0x1 lib=0x2 seq=0x1 odc=0x8b sts=0xe0 armed=1
[TRG] pulses=197 suppressed=2403 cyc=1600 rst=1 rstmode=0x40
[HLT] polls=413 faults=0x0 cfglost=0
[EFF] n=5 last=58500 min=58500 max=58645 late=0 stuck=0
[DWT] ok=1 cyc=4084649606 cyc_per_ms=799998
[HB] up_ms=435797 frames=20724 inf=20724 hazard=2600 canary_err=0 q=0 qovr=0
[I2C] init=0 gate=0 whoami=0x140e0 wr=0 wrseen=0x27 addr=0x5a ok=3271 err=1 tmo=0 recov=0 pclk1=200000000 sysclk=400000000
[NAK] nacks=1
[CLK] cpu=800000000 sysb=400000000 pclk1=200000000
[TOF] res=-42 step=1 id=0xa5 blk=0x0 ctl=0x1ff
[DRV] init=0 id=7 mode=0x1 lib=0x2 seq=0x1 odc=0x8b sts=0xe0 armed=1
[TRG] pulses=197 suppressed=2403 cyc=1600 rst=1 rstmode=0x40
[HLT] polls=414 faults=0x0 cfglost=0
[EFF] n=5 last=58500 min=58500 max=58645 late=0 stuck=0
[DWT] ok=1 cyc=631282282 cyc_per_ms=799999
[HB] up_ms=436849 frames=20774 inf=20774 hazard=2600 canary_err=0 q=0 qovr=0
[I2C] init=0 gate=0 whoami=0x140e0 wr=0 wrseen=0x27 addr=0x5a ok=3273 err=1 tmo=0 recov=0 pclk1=200000000 sysclk=400000000
[NAK] nacks=1
[CLK] cpu=800000000 sysb=400000000 pclk1=200000000
[TOF] res=-42 step=1 id=0xa5 blk=0x0 ctl=0x1ff
[DRV] init=0 id=7 mode=0x1 lib=0x2 seq=0x1 odc=0x8b sts=0xe0 armed=1
[TRG] pulses=197 suppressed=2403 cyc=1600 rst=1 rstmode=0x40
[HLT] polls=415 faults=0x0 cfglost=0
[EFF] n=5 last=58500 min=58500 max=58645 late=0 stuck=0
[DWT] ok=1 cyc=1472904218 cyc_per_ms=800020
[HB] up_ms=437901 frames=20824 inf=20824 hazard=2600 canary_err=0 q=0 qovr=0
[I2C] init=0 gate=0 whoami=0x140e0 wr=0 wrseen=0x27 addr=0x5a ok=3275 err=1 tmo=0 recov=0 pclk1=200000000 sysclk=400000000
[NAK] nacks=1
[CLK] cpu=800000000 sysb=400000000 pclk1=200000000
[TOF] res=-42 step=1 id=0xa5 blk=0x0 ctl=0x1ff
[DRV] init=0 id=7 mode=0x1 lib=0x2 seq=0x1 odc=0x8b sts=0xe0 armed=1
[TRG] pulses=197 suppressed=2403 cyc=1600 rst=1 rstmode=0x40
[HLT] polls=416 faults=0x0 cfglost=0
[EFF] n=5 last=58500 min=58500 max=58645 late=0 stuck=0
[DWT] ok=1 cyc=2314504246 cyc_per_ms=800000
[HB] up_ms=438953 frames=20874 inf=20874 hazard=2600 canary_err=0 q=0 qovr=0
[I2C] init=0 gate=0 whoami=0x140e0 wr=0 wrseen=0x27 addr=0x5a ok=3277 err=1 tmo=0 recov=0 pclk1=200000000 sysclk=400000000
[NAK] nacks=1
[CLK] cpu=800000000 sysb=400000000 pclk1=200000000
[TOF] res=-42 step=1 id=0xa5 blk=0x0 ctl=0x1ff
[DRV] init=0 id=7 mode=0x1 lib=0x2 seq=0x1 odc=0x8b sts=0xe0 armed=1
[TRG] pulses=197 suppressed=2403 cyc=1600 rst=1 rstmode=0x40
[HLT] polls=417 faults=0x0 cfglost=0
[EFF] n=5 last=58500 min=58500 max=58645 late=0 stuck=0
[DWT] ok=1 cyc=3156104218 cyc_per_ms=799999
[HB] up_ms=440005 frames=20925 inf=20925 hazard=2605 canary_err=0 q=0 qovr=0
[I2C] init=0 gate=0 whoami=0x140e0 wr=0 wrseen=0x27 addr=0x5a ok=3279 err=1 tmo=0 recov=0 pclk1=200000000 sysclk=400000000
[NAK] nacks=1
[CLK] cpu=800000000 sysb=400000000 pclk1=200000000
[TOF] res=-42 step=1 id=0xa5 blk=0x0 ctl=0x1ff
[DRV] init=0 id=7 mode=0x1 lib=0x2 seq=0x1 odc=0x8b sts=0xe0 armed=1
[TRG] pulses=198 suppressed=2408 cyc=1600 rst=1 rstmode=0x40
[HLT] polls=418 faults=0x0 cfglost=0
[EFF] n=5 last=58500 min=58500 max=58645 late=0 stuck=0
[DWT] ok=1 cyc=3997684098 cyc_per_ms=799980
[HB] up_ms=441057 frames=20975 inf=20975 hazard=2640 canary_err=0 q=0 qovr=0
[I2C] init=0 gate=0 whoami=0x140e0 wr=0 wrseen=0x27 addr=0x5a ok=3281 err=1 tmo=0 recov=0 pclk1=200000000 sysclk=400000000
[NAK] nacks=1
[CLK] cpu=800000000 sysb=400000000 pclk1=200000000
[TOF] res=-42 step=1 id=0xa5 blk=0x0 ctl=0x1ff
[DRV] init=0 id=7 mode=0x1 lib=0x2 seq=0x1 odc=0x8b sts=0xe0 armed=1
[TRG] pulses=200 suppressed=2440 cyc=1600 rst=1 rstmode=0x40
[HLT] polls=419 faults=0x0 cfglost=0
[EFF] n=5 last=58500 min=58500 max=58645 late=0 stuck=0
[DWT] ok=1 cyc=544315018 cyc_per_ms=799998
[HB] up_ms=442109 frames=21025 inf=21025 hazard=2640 canary_err=0 q=0 qovr=0
[I2C] init=0 gate=0 whoami=0x140e0 wr=0 wrseen=0x27 addr=0x5a ok=3283 err=1 tmo=0 recov=0 pclk1=200000000 sysclk=400000000
[NAK] nacks=1
[CLK] cpu=800000000 sysb=400000000 pclk1=200000000
[TOF] res=-42 step=1 id=0xa5 blk=0x0 ctl=0x1ff
[DRV] init=0 id=7 mode=0x1 lib=0x2 seq=0x1 odc=0x8b sts=0xe0 armed=1
[TRG] pulses=200 suppressed=2440 cyc=1600 rst=1 rstmode=0x40
[HLT] polls=420 faults=0x0 cfglost=0
[EFF] n=5 last=58500 min=58500 max=58645 late=0 stuck=0
[DWT] ok=1 cyc=1385915046 cyc_per_ms=800000
[HB] up_ms=443161 frames=21075 inf=21075 hazard=2640 canary_err=0 q=0 qovr=0
[I2C] init=0 gate=0 whoami=0x140e0 wr=0 wrseen=0x27 addr=0x5a ok=3285 err=1 tmo=0 recov=0 pclk1=200000000 sysclk=400000000
[NAK] nacks=1
[CLK] cpu=800000000 sysb=400000000 pclk1=200000000
[TOF] res=-42 step=1 id=0xa5 blk=0x0 ctl=0x1ff
[DRV] init=0 id=7 mode=0x1 lib=0x2 seq=0x1 odc=0x8b sts=0xe0 armed=1
[TRG] pulses=200 suppressed=2440 cyc=1600 rst=1 rstmode=0x40
[HLT] polls=421 faults=0x0 cfglost=0
[EFF] n=5 last=58500 min=58500 max=58645 late=0 stuck=0
[DWT] ok=1 cyc=2227514974 cyc_per_ms=799999
[HB] up_ms=444213 frames=21125 inf=21125 hazard=2640 canary_err=0 q=0 qovr=0
[I2C] init=0 gate=0 whoami=0x140e0 wr=0 wrseen=0x27 addr=0x5a ok=3287 err=1 tmo=0 recov=0 pclk1=200000000 sysclk=400000000
[NAK] nacks=1
[CLK] cpu=800000000 sysb=400000000 pclk1=200000000
[TOF] res=-42 step=1 id=0xa5 blk=0x0 ctl=0x1ff
[DRV] init=0 id=7 mode=0x1 lib=0x2 seq=0x1 odc=0x8b sts=0xe0 armed=1
[TRG] pulses=200 suppressed=2440 cyc=1600 rst=1 rstmode=0x40
[HLT] polls=422 faults=0x0 cfglost=0
[EFF] n=5 last=58500 min=58500 max=58645 late=0 stuck=0
[DWT] ok=1 cyc=3069114990 cyc_per_ms=800000
[HB] up_ms=445265 frames=21175 inf=21175 hazard=2640 canary_err=0 q=0 qovr=0
[I2C] init=0 gate=0 whoami=0x140e0 wr=0 wrseen=0x27 addr=0x5a ok=3289 err=1 tmo=0 recov=0 pclk1=200000000 sysclk=400000000
[NAK] nacks=1
[CLK] cpu=800000000 sysb=400000000 pclk1=200000000
[TOF] res=-42 step=1 id=0xa5 blk=0x0 ctl=0x1ff
[DRV] init=0 id=7 mode=0x1 lib=0x2 seq=0x1 odc=0x8b sts=0xe0 armed=1
[TRG] pulses=200 suppressed=2440 cyc=1600 rst=1 rstmode=0x40
[HLT] polls=423 faults=0x0 cfglost=0
[EFF] n=5 last=58500 min=58500 max=58645 late=0 stuck=0
[DWT] ok=1 cyc=3910714966 cyc_per_ms=799999
[HB] up_ms=446317 frames=21225 inf=21225 hazard=2640 canary_err=0 q=0 qovr=0
[I2C] init=0 gate=0 whoami=0x140e0 wr=0 wrseen=0x27 addr=0x5a ok=3291 err=1 tmo=0 recov=0 pclk1=200000000 sysclk=400000000
[NAK] nacks=1
[CLK] cpu=800000000 sysb=400000000 pclk1=200000000
[TOF] res=-42 step=1 id=0xa5 blk=0x0 ctl=0x1ff
[DRV] init=0 id=7 mode=0x1 lib=0x2 seq=0x1 odc=0x8b sts=0xe0 armed=1
[TRG] pulses=200 suppressed=2440 cyc=1600 rst=1 rstmode=0x40
[HLT] polls=424 faults=0x0 cfglost=0
[EFF] n=5 last=58500 min=58500 max=58645 late=0 stuck=0
[DWT] ok=1 cyc=457347690 cyc_per_ms=800000
[HB] up_ms=447369 frames=21275 inf=21275 hazard=2675 canary_err=0 q=0 qovr=0
[I2C] init=0 gate=0 whoami=0x140e0 wr=0 wrseen=0x27 addr=0x5a ok=3293 err=1 tmo=0 recov=0 pclk1=200000000 sysclk=400000000
[NAK] nacks=1
[CLK] cpu=800000000 sysb=400000000 pclk1=200000000
[TOF] res=-42 step=1 id=0xa5 blk=0x0 ctl=0x1ff
[DRV] init=0 id=7 mode=0x1 lib=0x2 seq=0x1 odc=0x8b sts=0xe0 armed=1
[TRG] pulses=203 suppressed=2474 cyc=1600 rst=1 rstmode=0x40
[HLT] polls=425 faults=0x0 cfglost=0
[EFF] n=5 last=58500 min=58500 max=58645 late=0 stuck=0
[DWT] ok=1 cyc=1298949502 cyc_per_ms=800001
[HB] up_ms=448421 frames=21325 inf=21325 hazard=2680 canary_err=0 q=0 qovr=0
[I2C] init=0 gate=0 whoami=0x140e0 wr=0 wrseen=0x27 addr=0x5a ok=3295 err=1 tmo=0 recov=0 pclk1=200000000 sysclk=400000000
[NAK] nacks=1
[CLK] cpu=800000000 sysb=400000000 pclk1=200000000
[TOF] res=-42 step=1 id=0xa5 blk=0x0 ctl=0x1ff
[DRV] init=0 id=7 mode=0x1 lib=0x2 seq=0x1 odc=0x8b sts=0xe0 armed=1
[TRG] pulses=203 suppressed=2477 cyc=1600 rst=1 rstmode=0x40
[HLT] polls=426 faults=0x0 cfglost=0
[EFF] n=5 last=58500 min=58500 max=58645 late=0 stuck=0
[DWT] ok=1 cyc=2140569690 cyc_per_ms=800019
[HB] up_ms=449473 frames=21375 inf=21375 hazard=2680 canary_err=0 q=0 qovr=0
[I2C] init=0 gate=0 whoami=0x140e0 wr=0 wrseen=0x27 addr=0x5a ok=3297 err=1 tmo=0 recov=0 pclk1=200000000 sysclk=400000000
[NAK] nacks=1
[CLK] cpu=800000000 sysb=400000000 pclk1=200000000
[TOF] res=-42 step=1 id=0xa5 blk=0x0 ctl=0x1ff
[DRV] init=0 id=7 mode=0x1 lib=0x2 seq=0x1 odc=0x8b sts=0xe0 armed=1
[TRG] pulses=203 suppressed=2477 cyc=1600 rst=1 rstmode=0x40
[HLT] polls=427 faults=0x0 cfglost=0
[EFF] n=5 last=58500 min=58500 max=58645 late=0 stuck=0
[DWT] ok=1 cyc=2982169674 cyc_per_ms=799999
[HB] up_ms=450525 frames=21426 inf=21426 hazard=2680 canary_err=0 q=0 qovr=0
[I2C] init=0 gate=0 whoami=0x140e0 wr=0 wrseen=0x27 addr=0x5a ok=3299 err=1 tmo=0 recov=0 pclk1=200000000 sysclk=400000000
[NAK] nacks=1
[CLK] cpu=800000000 sysb=400000000 pclk1=200000000
[TOF] res=-42 step=1 id=0xa5 blk=0x0 ctl=0x1ff
[DRV] init=0 id=7 mode=0x1 lib=0x2 seq=0x1 odc=0x8b sts=0xe0 armed=1
[TRG] pulses=203 suppressed=2477 cyc=1600 rst=1 rstmode=0x40
[HLT] polls=428 faults=0x0 cfglost=0
[EFF] n=5 last=58500 min=58500 max=58645 late=0 stuck=0
[DWT] ok=1 cyc=3823768918 cyc_per_ms=799999
[HB] up_ms=451577 frames=21476 inf=21476 hazard=2680 canary_err=0 q=0 qovr=0
[I2C] init=0 gate=0 whoami=0x140e0 wr=0 wrseen=0x27 addr=0x5a ok=3301 err=1 tmo=0 recov=0 pclk1=200000000 sysclk=400000000
[NAK] nacks=1
[CLK] cpu=800000000 sysb=400000000 pclk1=200000000
[TOF] res=-42 step=1 id=0xa5 blk=0x0 ctl=0x1ff
[DRV] init=0 id=7 mode=0x1 lib=0x2 seq=0x1 odc=0x8b sts=0xe0 armed=1
[TRG] pulses=203 suppressed=2477 cyc=1600 rst=1 rstmode=0x40
[HLT] polls=429 faults=0x0 cfglost=0
[EFF] n=5 last=58500 min=58500 max=58645 late=0 stuck=0
[DWT] ok=1 cyc=370380430 cyc_per_ms=799979
[HB] up_ms=452629 frames=21526 inf=21526 hazard=2680 canary_err=0 q=0 qovr=0
[I2C] init=0 gate=0 whoami=0x140e0 wr=0 wrseen=0x27 addr=0x5a ok=3303 err=1 tmo=0 recov=0 pclk1=200000000 sysclk=400000000
[NAK] nacks=1
[CLK] cpu=800000000 sysb=400000000 pclk1=200000000
[TOF] res=-42 step=1 id=0xa5 blk=0x0 ctl=0x1ff
[DRV] init=0 id=7 mode=0x1 lib=0x2 seq=0x1 odc=0x8b sts=0xe0 armed=1
[TRG] pulses=203 suppressed=2477 cyc=1600 rst=1 rstmode=0x40
[HLT] polls=430 faults=0x0 cfglost=0
[EFF] n=5 last=58500 min=58500 max=58645 late=0 stuck=0
[DWT] ok=1 cyc=1211980462 cyc_per_ms=800000
[HB] up_ms=453681 frames=21576 inf=21576 hazard=2696 canary_err=0 q=0 qovr=0
[I2C] init=0 gate=0 whoami=0x140e0 wr=0 wrseen=0x27 addr=0x5a ok=3305 err=1 tmo=0 recov=0 pclk1=200000000 sysclk=400000000
[NAK] nacks=1
[CLK] cpu=800000000 sysb=400000000 pclk1=200000000
[TOF] res=-42 step=1 id=0xa5 blk=0x0 ctl=0x1ff
[DRV] init=0 id=7 mode=0x1 lib=0x2 seq=0x1 odc=0x8b sts=0xe0 armed=1
[TRG] pulses=205 suppressed=2492 cyc=1600 rst=1 rstmode=0x40
[HLT] polls=431 faults=0x0 cfglost=0
[EFF] n=5 last=58500 min=58500 max=58645 late=0 stuck=0
[DWT] ok=1 cyc=2053582214 cyc_per_ms=800001
[HB] up_ms=454733 frames=21626 inf=21626 hazard=2720 canary_err=0 q=0 qovr=0
[I2C] init=0 gate=0 whoami=0x140e0 wr=0 wrseen=0x27 addr=0x5a ok=3307 err=1 tmo=0 recov=0 pclk1=200000000 sysclk=400000000
[NAK] nacks=1
[CLK] cpu=800000000 sysb=400000000 pclk1=200000000
[TOF] res=-42 step=1 id=0xa5 blk=0x0 ctl=0x1ff
[DRV] init=0 id=7 mode=0x1 lib=0x2 seq=0x1 odc=0x8b sts=0xe0 armed=1
[TRG] pulses=206 suppressed=2514 cyc=1600 rst=1 rstmode=0x40
[HLT] polls=432 faults=0x0 cfglost=0
[EFF] n=5 last=58500 min=58500 max=58645 late=0 stuck=0
[DWT] ok=1 cyc=2895180402 cyc_per_ms=799998
[HB] up_ms=455785 frames=21676 inf=21676 hazard=2720 canary_err=0 q=0 qovr=0
[I2C] init=0 gate=0 whoami=0x140e0 wr=0 wrseen=0x27 addr=0x5a ok=3309 err=1 tmo=0 recov=0 pclk1=200000000 sysclk=400000000
[NAK] nacks=1
[CLK] cpu=800000000 sysb=400000000 pclk1=200000000
[TOF] res=-42 step=1 id=0xa5 blk=0x0 ctl=0x1ff
[DRV] init=0 id=7 mode=0x1 lib=0x2 seq=0x1 odc=0x8b sts=0xe0 armed=1
[TRG] pulses=206 suppressed=2514 cyc=1600 rst=1 rstmode=0x40
[HLT] polls=433 faults=0x0 cfglost=0
[EFF] n=5 last=58500 min=58500 max=58645 late=0 stuck=0
[DWT] ok=1 cyc=3736780422 cyc_per_ms=800000
[HB] up_ms=456837 frames=21726 inf=21726 hazard=2720 canary_err=0 q=0 qovr=0
[I2C] init=0 gate=0 whoami=0x140e0 wr=0 wrseen=0x27 addr=0x5a ok=3311 err=1 tmo=0 recov=0 pclk1=200000000 sysclk=400000000
[NAK] nacks=1
[CLK] cpu=800000000 sysb=400000000 pclk1=200000000
[TOF] res=-42 step=1 id=0xa5 blk=0x0 ctl=0x1ff
[DRV] init=0 id=7 mode=0x1 lib=0x2 seq=0x1 odc=0x8b sts=0xe0 armed=1
[TRG] pulses=206 suppressed=2514 cyc=1600 rst=1 rstmode=0x40
[HLT] polls=434 faults=0x0 cfglost=0
[EFF] n=5 last=58500 min=58500 max=58645 late=0 stuck=0
[DWT] ok=1 cyc=283413126 cyc_per_ms=800000
[HB] up_ms=457889 frames=21776 inf=21776 hazard=2720 canary_err=0 q=0 qovr=0
[I2C] init=0 gate=0 whoami=0x140e0 wr=0 wrseen=0x27 addr=0x5a ok=3313 err=1 tmo=0 recov=0 pclk1=200000000 sysclk=400000000
[NAK] nacks=1
[CLK] cpu=800000000 sysb=400000000 pclk1=200000000
[TOF] res=-42 step=1 id=0xa5 blk=0x0 ctl=0x1ff
[DRV] init=0 id=7 mode=0x1 lib=0x2 seq=0x1 odc=0x8b sts=0xe0 armed=1
[TRG] pulses=206 suppressed=2514 cyc=1600 rst=1 rstmode=0x40
[HLT] polls=435 faults=0x0 cfglost=0
[EFF] n=5 last=58500 min=58500 max=58645 late=0 stuck=0
[DWT] ok=1 cyc=1125013098 cyc_per_ms=799999
[HB] up_ms=458941 frames=21826 inf=21826 hazard=2720 canary_err=0 q=0 qovr=0
[I2C] init=0 gate=0 whoami=0x140e0 wr=0 wrseen=0x27 addr=0x5a ok=3315 err=1 tmo=0 recov=0 pclk1=200000000 sysclk=400000000
[NAK] nacks=1
[CLK] cpu=800000000 sysb=400000000 pclk1=200000000
[TOF] res=-42 step=1 id=0xa5 blk=0x0 ctl=0x1ff
[DRV] init=0 id=7 mode=0x1 lib=0x2 seq=0x1 odc=0x8b sts=0xe0 armed=1
[TRG] pulses=206 suppressed=2514 cyc=1600 rst=1 rstmode=0x40
[HLT] polls=436 faults=0x0 cfglost=0
[EFF] n=5 last=58500 min=58500 max=58645 late=0 stuck=0
[DWT] ok=1 cyc=1966635082 cyc_per_ms=800020
[HB] up_ms=459993 frames=21876 inf=21876 hazard=2720 canary_err=0 q=0 qovr=0
[I2C] init=0 gate=0 whoami=0x140e0 wr=0 wrseen=0x27 addr=0x5a ok=3317 err=1 tmo=0 recov=0 pclk1=200000000 sysclk=400000000
[NAK] nacks=1
[CLK] cpu=800000000 sysb=400000000 pclk1=200000000
[TOF] res=-42 step=1 id=0xa5 blk=0x0 ctl=0x1ff
[DRV] init=0 id=7 mode=0x1 lib=0x2 seq=0x1 odc=0x8b sts=0xe0 armed=1
[TRG] pulses=206 suppressed=2514 cyc=1600 rst=1 rstmode=0x40
[HLT] polls=437 faults=0x0 cfglost=0
[EFF] n=5 last=58500 min=58500 max=58645 late=0 stuck=0
[DWT] ok=1 cyc=2808235054 cyc_per_ms=799999
[HB] up_ms=461045 frames=21926 inf=21926 hazard=2760 canary_err=0 q=0 qovr=0
[I2C] init=0 gate=0 whoami=0x140e0 wr=0 wrseen=0x27 addr=0x5a ok=3319 err=1 tmo=0 recov=0 pclk1=200000000 sysclk=400000000
[NAK] nacks=1
[CLK] cpu=800000000 sysb=400000000 pclk1=200000000
[TOF] res=-42 step=1 id=0xa5 blk=0x0 ctl=0x1ff
[DRV] init=0 id=7 mode=0x1 lib=0x2 seq=0x1 odc=0x8b sts=0xe0 armed=1
[TRG] pulses=209 suppressed=2551 cyc=1600 rst=1 rstmode=0x40
[HLT] polls=438 faults=0x0 cfglost=0
[EFF] n=5 last=58500 min=58500 max=58645 late=0 stuck=0
[DWT] ok=1 cyc=3649835142 cyc_per_ms=800000
[HB] up_ms=462097 frames=21977 inf=21977 hazard=2760 canary_err=0 q=0 qovr=0
[I2C] init=0 gate=0 whoami=0x140e0 wr=0 wrseen=0x27 addr=0x5a ok=3321 err=1 tmo=0 recov=0 pclk1=200000000 sysclk=400000000
[NAK] nacks=1
[CLK] cpu=800000000 sysb=400000000 pclk1=200000000
[TOF] res=-42 step=1 id=0xa5 blk=0x0 ctl=0x1ff
[DRV] init=0 id=7 mode=0x1 lib=0x2 seq=0x1 odc=0x8b sts=0xe0 armed=1
[TRG] pulses=209 suppressed=2551 cyc=1600 rst=1 rstmode=0x40
[HLT] polls=439 faults=0x0 cfglost=0
[EFF] n=5 last=58500 min=58500 max=58645 late=0 stuck=0
[DWT] ok=1 cyc=196445842 cyc_per_ms=799979
[HB] up_ms=463149 frames=22027 inf=22027 hazard=2760 canary_err=0 q=0 qovr=0
[I2C] init=0 gate=0 whoami=0x140e0 wr=0 wrseen=0x27 addr=0x5a ok=3323 err=1 tmo=0 recov=0 pclk1=200000000 sysclk=400000000
[NAK] nacks=1
[CLK] cpu=800000000 sysb=400000000 pclk1=200000000
[TOF] res=-42 step=1 id=0xa5 blk=0x0 ctl=0x1ff
[DRV] init=0 id=7 mode=0x1 lib=0x2 seq=0x1 odc=0x8b sts=0xe0 armed=1
[TRG] pulses=209 suppressed=2551 cyc=1600 rst=1 rstmode=0x40
[HLT] polls=440 faults=0x0 cfglost=0
[EFF] n=5 last=58500 min=58500 max=58645 late=0 stuck=0
[DWT] ok=1 cyc=1038045870 cyc_per_ms=800000
[HB] up_ms=464201 frames=22077 inf=22077 hazard=2760 canary_err=0 q=0 qovr=0
[I2C] init=0 gate=0 whoami=0x140e0 wr=0 wrseen=0x27 addr=0x5a ok=3325 err=1 tmo=0 recov=0 pclk1=200000000 sysclk=400000000
[NAK] nacks=1
[CLK] cpu=800000000 sysb=400000000 pclk1=200000000
[TOF] res=-42 step=1 id=0xa5 blk=0x0 ctl=0x1ff
[DRV] init=0 id=7 mode=0x1 lib=0x2 seq=0x1 odc=0x8b sts=0xe0 armed=1
[TRG] pulses=209 suppressed=2551 cyc=1600 rst=1 rstmode=0x40
[HLT] polls=441 faults=0x0 cfglost=0
[EFF] n=5 last=58500 min=58500 max=58645 late=0 stuck=0
[DWT] ok=1 cyc=1879645790 cyc_per_ms=799999
[HB] up_ms=465253 frames=22127 inf=22127 hazard=2760 canary_err=0 q=0 qovr=0
[I2C] init=0 gate=0 whoami=0x140e0 wr=0 wrseen=0x27 addr=0x5a ok=3327 err=1 tmo=0 recov=0 pclk1=200000000 sysclk=400000000
[NAK] nacks=1
[CLK] cpu=800000000 sysb=400000000 pclk1=200000000
[TOF] res=-42 step=1 id=0xa5 blk=0x0 ctl=0x1ff
[DRV] init=0 id=7 mode=0x1 lib=0x2 seq=0x1 odc=0x8b sts=0xe0 armed=1
[TRG] pulses=209 suppressed=2551 cyc=1600 rst=1 rstmode=0x40
[HLT] polls=442 faults=0x0 cfglost=0
[EFF] n=5 last=58500 min=58500 max=58645 late=0 stuck=0
[DWT] ok=1 cyc=2721245822 cyc_per_ms=800000
[HB] up_ms=466305 frames=22177 inf=22177 hazard=2760 canary_err=0 q=0 qovr=0
[I2C] init=0 gate=0 whoami=0x140e0 wr=0 wrseen=0x27 addr=0x5a ok=3329 err=1 tmo=0 recov=0 pclk1=200000000 sysclk=400000000
[NAK] nacks=1
[CLK] cpu=800000000 sysb=400000000 pclk1=200000000
[TOF] res=-42 step=1 id=0xa5 blk=0x0 ctl=0x1ff
[DRV] init=0 id=7 mode=0x1 lib=0x2 seq=0x1 odc=0x8b sts=0xe0 armed=1
[TRG] pulses=209 suppressed=2551 cyc=1600 rst=1 rstmode=0x40
[HLT] polls=443 faults=0x0 cfglost=0
[EFF] n=5 last=58500 min=58500 max=58645 late=0 stuck=0
[DWT] ok=1 cyc=3562845830 cyc_per_ms=800000
[HB] up_ms=467357 frames=22227 inf=22227 hazard=2787 canary_err=0 q=0 qovr=0
[I2C] init=0 gate=0 whoami=0x140e0 wr=0 wrseen=0x27 addr=0x5a ok=3331 err=1 tmo=0 recov=0 pclk1=200000000 sysclk=400000000
[NAK] nacks=1
[CLK] cpu=800000000 sysb=400000000 pclk1=200000000
[TOF] res=-42 step=1 id=0xa5 blk=0x0 ctl=0x1ff
[DRV] init=0 id=7 mode=0x1 lib=0x2 seq=0x1 odc=0x8b sts=0xe0 armed=1
[TRG] pulses=212 suppressed=2577 cyc=1600 rst=1 rstmode=0x40
[HLT] polls=444 faults=0x0 cfglost=0
[EFF] n=5 last=58500 min=58500 max=58645 late=0 stuck=0
[DWT] ok=1 cyc=109482802 cyc_per_ms=800004
[HB] up_ms=468409 frames=22277 inf=22277 hazard=2800 canary_err=0 q=0 qovr=0
[I2C] init=0 gate=0 whoami=0x140e0 wr=0 wrseen=0x27 addr=0x5a ok=3333 err=1 tmo=0 recov=0 pclk1=200000000 sysclk=400000000
[NAK] nacks=1
[CLK] cpu=800000000 sysb=400000000 pclk1=200000000
[TOF] res=-42 step=1 id=0xa5 blk=0x0 ctl=0x1ff
[DRV] init=0 id=7 mode=0x1 lib=0x2 seq=0x1 odc=0x8b sts=0xe0 armed=1
[TRG] pulses=212 suppressed=2588 cyc=1600 rst=1 rstmode=0x40
[HLT] polls=445 faults=0x0 cfglost=0
[EFF] n=5 last=58500 min=58500 max=58645 late=0 stuck=0
[DWT] ok=1 cyc=951078550 cyc_per_ms=799995
[HB] up_ms=469461 frames=22327 inf=22327 hazard=2800 canary_err=0 q=0 qovr=0
[I2C] init=0 gate=0 whoami=0x140e0 wr=0 wrseen=0x27 addr=0x5a ok=3335 err=1 tmo=0 recov=0 pclk1=200000000 sysclk=400000000
[NAK] nacks=1
[CLK] cpu=800000000 sysb=400000000 pclk1=200000000
[TOF] res=-42 step=1 id=0xa5 blk=0x0 ctl=0x1ff
[DRV] init=0 id=7 mode=0x1 lib=0x2 seq=0x1 odc=0x8b sts=0xe0 armed=1
[TRG] pulses=212 suppressed=2588 cyc=1600 rst=1 rstmode=0x40
[HLT] polls=446 faults=0x0 cfglost=0
[EFF] n=5 last=58500 min=58500 max=58645 late=0 stuck=0
[DWT] ok=1 cyc=1792678486 cyc_per_ms=799999
[HB] up_ms=470513 frames=22377 inf=22377 hazard=2800 canary_err=0 q=0 qovr=0
[I2C] init=0 gate=0 whoami=0x140e0 wr=0 wrseen=0x27 addr=0x5a ok=3337 err=1 tmo=0 recov=0 pclk1=200000000 sysclk=400000000
[NAK] nacks=1
[CLK] cpu=800000000 sysb=400000000 pclk1=200000000
[TOF] res=-42 step=1 id=0xa5 blk=0x0 ctl=0x1ff
[DRV] init=0 id=7 mode=0x1 lib=0x2 seq=0x1 odc=0x8b sts=0xe0 armed=1
[TRG] pulses=212 suppressed=2588 cyc=1600 rst=1 rstmode=0x40
[HLT] polls=447 faults=0x0 cfglost=0
[EFF] n=5 last=58500 min=58500 max=58645 late=0 stuck=0
[DWT] ok=1 cyc=2634300510 cyc_per_ms=800020
[HB] up_ms=471565 frames=22427 inf=22427 hazard=2800 canary_err=0 q=0 qovr=0
[I2C] init=0 gate=0 whoami=0x140e0 wr=0 wrseen=0x27 addr=0x5a ok=3339 err=1 tmo=0 recov=0 pclk1=200000000 sysclk=400000000
[NAK] nacks=1
[CLK] cpu=800000000 sysb=400000000 pclk1=200000000
[TOF] res=-42 step=1 id=0xa5 blk=0x0 ctl=0x1ff
[DRV] init=0 id=7 mode=0x1 lib=0x2 seq=0x1 odc=0x8b sts=0xe0 armed=1
[TRG] pulses=212 suppressed=2588 cyc=1600 rst=1 rstmode=0x40
[HLT] polls=448 faults=0x0 cfglost=0
[EFF] n=5 last=58500 min=58500 max=58645 late=0 stuck=0
[DWT] ok=1 cyc=3475900506 cyc_per_ms=799999
[HB] up_ms=472617 frames=22478 inf=22478 hazard=2800 canary_err=0 q=0 qovr=0
[I2C] init=0 gate=0 whoami=0x140e0 wr=0 wrseen=0x27 addr=0x5a ok=3341 err=1 tmo=0 recov=0 pclk1=200000000 sysclk=400000000
[NAK] nacks=1
[CLK] cpu=800000000 sysb=400000000 pclk1=200000000
[TOF] res=-42 step=1 id=0xa5 blk=0x0 ctl=0x1ff
[DRV] init=0 id=7 mode=0x1 lib=0x2 seq=0x1 odc=0x8b sts=0xe0 armed=1
[TRG] pulses=212 suppressed=2588 cyc=1600 rst=1 rstmode=0x40
[HLT] polls=449 faults=0x0 cfglost=0
[EFF] n=5 last=58500 min=58500 max=58645 late=0 stuck=0
[DWT] ok=1 cyc=22532482 cyc_per_ms=799999
[HB] up_ms=473669 frames=22528 inf=22528 hazard=2808 canary_err=0 q=0 qovr=0
[I2C] init=0 gate=0 whoami=0x140e0 wr=0 wrseen=0x27 addr=0x5a ok=3343 err=1 tmo=0 recov=0 pclk1=200000000 sysclk=400000000
[NAK] nacks=1
[CLK] cpu=800000000 sysb=400000000 pclk1=200000000
[TOF] res=-42 step=1 id=0xa5 blk=0x0 ctl=0x1ff
[DRV] init=0 id=7 mode=0x1 lib=0x2 seq=0x1 odc=0x8b sts=0xe0 armed=1
[TRG] pulses=213 suppressed=2596 cyc=1600 rst=1 rstmode=0x40
[HLT] polls=450 faults=0x0 cfglost=0
[EFF] n=5 last=58500 min=58500 max=58645 late=0 stuck=0
[DWT] ok=1 cyc=864113106 cyc_per_ms=799981
[HB] up_ms=474721 frames=22578 inf=22578 hazard=2840 canary_err=0 q=0 qovr=0
[I2C] init=0 gate=0 whoami=0x140e0 wr=0 wrseen=0x27 addr=0x5a ok=3345 err=1 tmo=0 recov=0 pclk1=200000000 sysclk=400000000
[NAK] nacks=1
[CLK] cpu=800000000 sysb=400000000 pclk1=200000000
[TOF] res=-42 step=1 id=0xa5 blk=0x0 ctl=0x1ff
[DRV] init=0 id=7 mode=0x1 lib=0x2 seq=0x1 odc=0x8b sts=0xe0 armed=1
[TRG] pulses=215 suppressed=2625 cyc=1600 rst=1 rstmode=0x40
[HLT] polls=451 faults=0x0 cfglost=0
[EFF] n=5 last=58500 min=58500 max=58645 late=0 stuck=0
[DWT] ok=1 cyc=1705711294 cyc_per_ms=799998
[HB] up_ms=475773 frames=22628 inf=22628 hazard=2840 canary_err=0 q=0 qovr=0
[I2C] init=0 gate=0 whoami=0x140e0 wr=0 wrseen=0x27 addr=0x5a ok=3347 err=1 tmo=0 recov=0 pclk1=200000000 sysclk=400000000
[NAK] nacks=1
[CLK] cpu=800000000 sysb=400000000 pclk1=200000000
[TOF] res=-42 step=1 id=0xa5 blk=0x0 ctl=0x1ff
[DRV] init=0 id=7 mode=0x1 lib=0x2 seq=0x1 odc=0x8b sts=0xe0 armed=1
[TRG] pulses=215 suppressed=2625 cyc=1600 rst=1 rstmode=0x40
[HLT] polls=452 faults=0x0 cfglost=0
[EFF] n=5 last=58500 min=58500 max=58645 late=0 stuck=0
[DWT] ok=1 cyc=2547311214 cyc_per_ms=799999
[HB] up_ms=476825 frames=22678 inf=22678 hazard=2840 canary_err=0 q=0 qovr=0
[I2C] init=0 gate=0 whoami=0x140e0 wr=0 wrseen=0x27 addr=0x5a ok=3349 err=1 tmo=0 recov=0 pclk1=200000000 sysclk=400000000
[NAK] nacks=1
[CLK] cpu=800000000 sysb=400000000 pclk1=200000000
[TOF] res=-42 step=1 id=0xa5 blk=0x0 ctl=0x1ff
[DRV] init=0 id=7 mode=0x1 lib=0x2 seq=0x1 odc=0x8b sts=0xe0 armed=1
[TRG] pulses=215 suppressed=2625 cyc=1600 rst=1 rstmode=0x40
[HLT] polls=453 faults=0x0 cfglost=0
[EFF] n=5 last=58500 min=58500 max=58645 late=0 stuck=0
[DWT] ok=1 cyc=3388911246 cyc_per_ms=800000
[HB] up_ms=477877 frames=22728 inf=22728 hazard=2840 canary_err=0 q=0 qovr=0
[I2C] init=0 gate=0 whoami=0x140e0 wr=0 wrseen=0x27 addr=0x5a ok=3351 err=1 tmo=0 recov=0 pclk1=200000000 sysclk=400000000
[NAK] nacks=1
[CLK] cpu=800000000 sysb=400000000 pclk1=200000000
[TOF] res=-42 step=1 id=0xa5 blk=0x0 ctl=0x1ff
[DRV] init=0 id=7 mode=0x1 lib=0x2 seq=0x1 odc=0x8b sts=0xe0 armed=1
[TRG] pulses=215 suppressed=2625 cyc=1600 rst=1 rstmode=0x40
[HLT] polls=454 faults=0x0 cfglost=0
[EFF] n=5 last=58500 min=58500 max=58645 late=0 stuck=0
[DWT] ok=1 cyc=4230511258 cyc_per_ms=800000
[HB] up_ms=478929 frames=22778 inf=22778 hazard=2840 canary_err=0 q=0 qovr=0
[I2C] init=0 gate=0 whoami=0x140e0 wr=0 wrseen=0x27 addr=0x5a ok=3353 err=1 tmo=0 recov=0 pclk1=200000000 sysclk=400000000
[NAK] nacks=1
[CLK] cpu=800000000 sysb=400000000 pclk1=200000000
[TOF] res=-42 step=1 id=0xa5 blk=0x0 ctl=0x1ff
[DRV] init=0 id=7 mode=0x1 lib=0x2 seq=0x1 odc=0x8b sts=0xe0 armed=1
[TRG] pulses=215 suppressed=2625 cyc=1600 rst=1 rstmode=0x40
[HLT] polls=455 faults=0x0 cfglost=0
[EFF] n=5 last=58500 min=58500 max=58645 late=0 stuck=0
[DWT] ok=1 cyc=777143962 cyc_per_ms=800000
[HB] up_ms=479981 frames=22828 inf=22828 hazard=2840 canary_err=0 q=0 qovr=0
[I2C] init=0 gate=0 whoami=0x140e0 wr=0 wrseen=0x27 addr=0x5a ok=3355 err=1 tmo=0 recov=0 pclk1=200000000 sysclk=400000000
[NAK] nacks=1
[CLK] cpu=800000000 sysb=400000000 pclk1=200000000
[TOF] res=-42 step=1 id=0xa5 blk=0x0 ctl=0x1ff
[DRV] init=0 id=7 mode=0x1 lib=0x2 seq=0x1 odc=0x8b sts=0xe0 armed=1
[TRG] pulses=215 suppressed=2625 cyc=1600 rst=1 rstmode=0x40
[HLT] polls=456 faults=0x0 cfglost=0
[EFF] n=5 last=58500 min=58500 max=58645 late=0 stuck=0
[DWT] ok=1 cyc=1618743894 cyc_per_ms=799999
[HB] up_ms=481033 frames=22878 inf=22878 hazard=2878 canary_err=0 q=0 qovr=0
[I2C] init=0 gate=0 whoami=0x140e0 wr=0 wrseen=0x27 addr=0x5a ok=3357 err=1 tmo=0 recov=0 pclk1=200000000 sysclk=400000000
[NAK] nacks=1
[CLK] cpu=800000000 sysb=400000000 pclk1=200000000
[TOF] res=-42 step=1 id=0xa5 blk=0x0 ctl=0x1ff
[DRV] init=0 id=7 mode=0x1 lib=0x2 seq=0x1 odc=0x8b sts=0xe0 armed=1
[TRG] pulses=218 suppressed=2662 cyc=1600 rst=1 rstmode=0x40
[HLT] polls=457 faults=0x0 cfglost=0
[EFF] n=5 last=58500 min=58500 max=58645 late=0 stuck=0
[DWT] ok=1 cyc=2460367678 cyc_per_ms=800022
[HB] up_ms=482085 frames=22928 inf=22928 hazard=2880 canary_err=0 q=0 qovr=0
[I2C] init=0 gate=0 whoami=0x140e0 wr=0 wrseen=0x27 addr=0x5a ok=3359 err=1 tmo=0 recov=0 pclk1=200000000 sysclk=400000000
[NAK] nacks=1
[CLK] cpu=800000000 sysb=400000000 pclk1=200000000
[TOF] res=-42 step=1 id=0xa5 blk=0x0 ctl=0x1ff
[DRV] init=0 id=7 mode=0x1 lib=0x2 seq=0x1 odc=0x8b sts=0xe0 armed=1
[TRG] pulses=218 suppressed=2662 cyc=1600 rst=1 rstmode=0x40
[HLT] polls=458 faults=0x0 cfglost=0
[EFF] n=5 last=58500 min=58500 max=58645 late=0 stuck=0
[DWT] ok=1 cyc=3301965878 cyc_per_ms=799998
[HB] up_ms=483137 frames=22978 inf=22978 hazard=2880 canary_err=0 q=0 qovr=0
[I2C] init=0 gate=0 whoami=0x140e0 wr=0 wrseen=0x27 addr=0x5a ok=3361 err=1 tmo=0 recov=0 pclk1=200000000 sysclk=400000000
[NAK] nacks=1
[CLK] cpu=800000000 sysb=400000000 pclk1=200000000
[TOF] res=-42 step=1 id=0xa5 blk=0x0 ctl=0x1ff
[DRV] init=0 id=7 mode=0x1 lib=0x2 seq=0x1 odc=0x8b sts=0xe0 armed=1
[TRG] pulses=218 suppressed=2662 cyc=1600 rst=1 rstmode=0x40
[HLT] polls=459 faults=0x0 cfglost=0
[EFF] n=5 last=58500 min=58500 max=58645 late=0 stuck=0
[DWT] ok=1 cyc=4143565850 cyc_per_ms=799999
[HB] up_ms=484189 frames=23029 inf=23029 hazard=2880 canary_err=0 q=0 qovr=0
[I2C] init=0 gate=0 whoami=0x140e0 wr=0 wrseen=0x27 addr=0x5a ok=3363 err=1 tmo=0 recov=0 pclk1=200000000 sysclk=400000000
[NAK] nacks=1
[CLK] cpu=800000000 sysb=400000000 pclk1=200000000
[TOF] res=-42 step=1 id=0xa5 blk=0x0 ctl=0x1ff
[DRV] init=0 id=7 mode=0x1 lib=0x2 seq=0x1 odc=0x8b sts=0xe0 armed=1
[TRG] pulses=218 suppressed=2662 cyc=1600 rst=1 rstmode=0x40
[HLT] polls=460 faults=0x0 cfglost=0
[EFF] n=5 last=58500 min=58500 max=58645 late=0 stuck=0
[DWT] ok=1 cyc=690176646 cyc_per_ms=799979
[HB] up_ms=485241 frames=23079 inf=23079 hazard=2880 canary_err=0 q=0 qovr=0
[I2C] init=0 gate=0 whoami=0x140e0 wr=0 wrseen=0x27 addr=0x5a ok=3365 err=1 tmo=0 recov=0 pclk1=200000000 sysclk=400000000
[NAK] nacks=1
[CLK] cpu=800000000 sysb=400000000 pclk1=200000000
[TOF] res=-42 step=1 id=0xa5 blk=0x0 ctl=0x1ff
[DRV] init=0 id=7 mode=0x1 lib=0x2 seq=0x1 odc=0x8b sts=0xe0 armed=1
[TRG] pulses=218 suppressed=2662 cyc=1600 rst=1 rstmode=0x40
[HLT] polls=461 faults=0x0 cfglost=0
[EFF] n=5 last=58500 min=58500 max=58645 late=0 stuck=0
[DWT] ok=1 cyc=1531776686 cyc_per_ms=800000
[HB] up_ms=486293 frames=23129 inf=23129 hazard=2880 canary_err=0 q=0 qovr=0
[I2C] init=0 gate=0 whoami=0x140e0 wr=0 wrseen=0x27 addr=0x5a ok=3367 err=1 tmo=0 recov=0 pclk1=200000000 sysclk=400000000
[NAK] nacks=1
[CLK] cpu=800000000 sysb=400000000 pclk1=200000000
[TOF] res=-42 step=1 id=0xa5 blk=0x0 ctl=0x1ff
[DRV] init=0 id=7 mode=0x1 lib=0x2 seq=0x1 odc=0x8b sts=0xe0 armed=1
[TRG] pulses=218 suppressed=2662 cyc=1600 rst=1 rstmode=0x40
[HLT] polls=462 faults=0x0 cfglost=0
[EFF] n=5 last=58500 min=58500 max=58645 late=0 stuck=0
[DWT] ok=1 cyc=2373376606 cyc_per_ms=799999
[HB] up_ms=487345 frames=23179 inf=23179 hazard=2899 canary_err=0 q=0 qovr=0
[I2C] init=0 gate=0 whoami=0x140e0 wr=0 wrseen=0x27 addr=0x5a ok=3369 err=1 tmo=0 recov=0 pclk1=200000000 sysclk=400000000
[NAK] nacks=1
[CLK] cpu=800000000 sysb=400000000 pclk1=200000000
[TOF] res=-42 step=1 id=0xa5 blk=0x0 ctl=0x1ff
[DRV] init=0 id=7 mode=0x1 lib=0x2 seq=0x1 odc=0x8b sts=0xe0 armed=1
[TRG] pulses=220 suppressed=2680 cyc=1600 rst=1 rstmode=0x40
[HLT] polls=463 faults=0x0 cfglost=0
[EFF] n=5 last=58500 min=58500 max=58645 late=0 stuck=0
[DWT] ok=1 cyc=3214978482 cyc_per_ms=800001
[HB] up_ms=488397 frames=23229 inf=23229 hazard=2920 canary_err=0 q=0 qovr=0
[I2C] init=0 gate=0 whoami=0x140e0 wr=0 wrseen=0x27 addr=0x5a ok=3371 err=1 tmo=0 recov=0 pclk1=200000000 sysclk=400000000
[NAK] nacks=1
[CLK] cpu=800000000 sysb=400000000 pclk1=200000000
[TOF] res=-42 step=1 id=0xa5 blk=0x0 ctl=0x1ff
[DRV] init=0 id=7 mode=0x1 lib=0x2 seq=0x1 odc=0x8b sts=0xe0 armed=1
[TRG] pulses=221 suppressed=2699 cyc=1600 rst=1 rstmode=0x40
[HLT] polls=464 faults=0x0 cfglost=0
[EFF] n=5 last=58500 min=58500 max=58645 late=0 stuck=0
[DWT] ok=1 cyc=4056576598 cyc_per_ms=799998
[HB] up_ms=489449 frames=23279 inf=23279 hazard=2920 canary_err=0 q=0 qovr=0
[I2C] init=0 gate=0 whoami=0x140e0 wr=0 wrseen=0x27 addr=0x5a ok=3373 err=1 tmo=0 recov=0 pclk1=200000000 sysclk=400000000
[NAK] nacks=1
[CLK] cpu=800000000 sysb=400000000 pclk1=200000000
[TOF] res=-42 step=1 id=0xa5 blk=0x0 ctl=0x1ff
[DRV] init=0 id=7 mode=0x1 lib=0x2 seq=0x1 odc=0x8b sts=0xe0 armed=1
[TRG] pulses=221 suppressed=2699 cyc=1600 rst=1 rstmode=0x40
[HLT] polls=465 faults=0x0 cfglost=0
[EFF] n=5 last=58500 min=58500 max=58645 late=0 stuck=0
[DWT] ok=1 cyc=603209302 cyc_per_ms=800000
[HB] up_ms=490501 frames=23329 inf=23329 hazard=2920 canary_err=0 q=0 qovr=0
[I2C] init=0 gate=0 whoami=0x140e0 wr=0 wrseen=0x27 addr=0x5a ok=3375 err=1 tmo=0 recov=0 pclk1=200000000 sysclk=400000000
[NAK] nacks=1
[CLK] cpu=800000000 sysb=400000000 pclk1=200000000
[TOF] res=-42 step=1 id=0xa5 blk=0x0 ctl=0x1ff
[DRV] init=0 id=7 mode=0x1 lib=0x2 seq=0x1 odc=0x8b sts=0xe0 armed=1
[TRG] pulses=221 suppressed=2699 cyc=1600 rst=1 rstmode=0x40
[HLT] polls=466 faults=0x0 cfglost=0
[EFF] n=5 last=58500 min=58500 max=58645 late=0 stuck=0
[DWT] ok=1 cyc=1444809322 cyc_per_ms=800000
[HB] up_ms=491553 frames=23379 inf=23379 hazard=2920 canary_err=0 q=0 qovr=0
[I2C] init=0 gate=0 whoami=0x140e0 wr=0 wrseen=0x27 addr=0x5a ok=3377 err=1 tmo=0 recov=0 pclk1=200000000 sysclk=400000000
[NAK] nacks=1
[CLK] cpu=800000000 sysb=400000000 pclk1=200000000
[TOF] res=-42 step=1 id=0xa5 blk=0x0 ctl=0x1ff
[DRV] init=0 id=7 mode=0x1 lib=0x2 seq=0x1 odc=0x8b sts=0xe0 armed=1
[TRG] pulses=221 suppressed=2699 cyc=1600 rst=1 rstmode=0x40
[HLT] polls=467 faults=0x0 cfglost=0
[EFF] n=5 last=58500 min=58500 max=58645 late=0 stuck=0
[DWT] ok=1 cyc=2286409350 cyc_per_ms=800000
[HB] up_ms=492605 frames=23429 inf=23429 hazard=2920 canary_err=0 q=0 qovr=0
[I2C] init=0 gate=0 whoami=0x140e0 wr=0 wrseen=0x27 addr=0x5a ok=3379 err=1 tmo=0 recov=0 pclk1=200000000 sysclk=400000000
[NAK] nacks=1
[CLK] cpu=800000000 sysb=400000000 pclk1=200000000
[TOF] res=-42 step=1 id=0xa5 blk=0x0 ctl=0x1ff
[DRV] init=0 id=7 mode=0x1 lib=0x2 seq=0x1 odc=0x8b sts=0xe0 armed=1
[TRG] pulses=221 suppressed=2699 cyc=1600 rst=1 rstmode=0x40
[HLT] polls=468 faults=0x0 cfglost=0
[EFF] n=5 last=58500 min=58500 max=58645 late=0 stuck=0
[DWT] ok=1 cyc=3128031278 cyc_per_ms=800020
[HB] up_ms=493657 frames=23479 inf=23479 hazard=2920 canary_err=0 q=0 qovr=0
[I2C] init=0 gate=0 whoami=0x140e0 wr=0 wrseen=0x27 addr=0x5a ok=3381 err=1 tmo=0 recov=0 pclk1=200000000 sysclk=400000000
[NAK] nacks=1
[CLK] cpu=800000000 sysb=400000000 pclk1=200000000
[TOF] res=-42 step=1 id=0xa5 blk=0x0 ctl=0x1ff
[DRV] init=0 id=7 mode=0x1 lib=0x2 seq=0x1 odc=0x8b sts=0xe0 armed=1
[TRG] pulses=222 suppressed=2699 cyc=1600 rst=1 rstmode=0x40
[HLT] polls=469 faults=0x0 cfglost=0
[EFF] n=5 last=58500 min=58500 max=58645 late=0 stuck=0
[DWT] ok=1 cyc=3969635498 cyc_per_ms=800004
[HB] up_ms=494709 frames=23530 inf=23530 hazard=2960 canary_err=0 q=0 qovr=0
[I2C] init=0 gate=0 whoami=0x140e0 wr=0 wrseen=0x27 addr=0x5a ok=3383 err=1 tmo=0 recov=0 pclk1=200000000 sysclk=400000000
[NAK] nacks=1
[CLK] cpu=800000000 sysb=400000000 pclk1=200000000
[TOF] res=-42 step=1 id=0xa5 blk=0x0 ctl=0x1ff
[DRV] init=0 id=7 mode=0x1 lib=0x2 seq=0x1 odc=0x8b sts=0xe0 armed=1
[TRG] pulses=224 suppressed=2736 cyc=1600 rst=1 rstmode=0x40
[HLT] polls=470 faults=0x0 cfglost=0
[EFF] n=5 last=58500 min=58500 max=58645 late=0 stuck=0
[DWT] ok=1 cyc=516263346 cyc_per_ms=799995
[HB] up_ms=495761 frames=23580 inf=23580 hazard=2960 canary_err=0 q=0 qovr=0
[I2C] init=0 gate=0 whoami=0x140e0 wr=0 wrseen=0x27 addr=0x5a ok=3385 err=1 tmo=0 recov=0 pclk1=200000000 sysclk=400000000
[NAK] nacks=1
[CLK] cpu=800000000 sysb=400000000 pclk1=200000000
[TOF] res=-42 step=1 id=0xa5 blk=0x0 ctl=0x1ff
[DRV] init=0 id=7 mode=0x1 lib=0x2 seq=0x1 odc=0x8b sts=0xe0 armed=1
[TRG] pulses=224 suppressed=2736 cyc=1600 rst=1 rstmode=0x40
[HLT] polls=471 faults=0x0 cfglost=0
[EFF] n=5 last=58500 min=58500 max=58645 late=0 stuck=0
[DWT] ok=1 cyc=1357842058 cyc_per_ms=799979
[HB] up_ms=496813 frames=23630 inf=23630 hazard=2960 canary_err=0 q=0 qovr=0
[I2C] init=0 gate=0 whoami=0x140e0 wr=0 wrseen=0x27 addr=0x5a ok=3387 err=1 tmo=0 recov=0 pclk1=200000000 sysclk=400000000
[NAK] nacks=1
[CLK] cpu=800000000 sysb=400000000 pclk1=200000000
[TOF] res=-42 step=1 id=0xa5 blk=0x0 ctl=0x1ff
[DRV] init=0 id=7 mode=0x1 lib=0x2 seq=0x1 odc=0x8b sts=0xe0 armed=1
[TRG] pulses=224 suppressed=2736 cyc=1600 rst=1 rstmode=0x40
[HLT] polls=472 faults=0x0 cfglost=0
[EFF] n=5 last=58500 min=58500 max=58645 late=0 stuck=0
[DWT] ok=1 cyc=2199442078 cyc_per_ms=800000
[HB] up_ms=497865 frames=23680 inf=23680 hazard=2960 canary_err=0 q=0 qovr=0
[I2C] init=0 gate=0 whoami=0x140e0 wr=0 wrseen=0x27 addr=0x5a ok=3389 err=1 tmo=0 recov=0 pclk1=200000000 sysclk=400000000
[NAK] nacks=1
[CLK] cpu=800000000 sysb=400000000 pclk1=200000000
[TOF] res=-42 step=1 id=0xa5 blk=0x0 ctl=0x1ff
[DRV] init=0 id=7 mode=0x1 lib=0x2 seq=0x1 odc=0x8b sts=0xe0 armed=1
[TRG] pulses=224 suppressed=2736 cyc=1600 rst=1 rstmode=0x40
[HLT] polls=473 faults=0x0 cfglost=0
[EFF] n=5 last=58500 min=58500 max=58645 late=0 stuck=0
[DWT] ok=1 cyc=3041042022 cyc_per_ms=799999
[HB] up_ms=498917 frames=23730 inf=23730 hazard=2960 canary_err=0 q=0 qovr=0
[I2C] init=0 gate=0 whoami=0x140e0 wr=0 wrseen=0x27 addr=0x5a ok=3391 err=1 tmo=0 recov=0 pclk1=200000000 sysclk=400000000
[NAK] nacks=1
[CLK] cpu=800000000 sysb=400000000 pclk1=200000000
[TOF] res=-42 step=1 id=0xa5 blk=0x0 ctl=0x1ff
[DRV] init=0 id=7 mode=0x1 lib=0x2 seq=0x1 odc=0x8b sts=0xe0 armed=1
[TRG] pulses=224 suppressed=2736 cyc=1600 rst=1 rstmode=0x40
[HLT] polls=474 faults=0x0 cfglost=0
[EFF] n=5 last=58500 min=58500 max=58645 late=0 stuck=0
[DWT] ok=1 cyc=3882642062 cyc_per_ms=800000
[HB] up_ms=499969 frames=23780 inf=23780 hazard=2960 canary_err=0 q=0 qovr=0
[I2C] init=0 gate=0 whoami=0x140e0 wr=0 wrseen=0x27 addr=0x5a ok=3393 err=1 tmo=0 recov=0 pclk1=200000000 sysclk=400000000
[NAK] nacks=1
[CLK] cpu=800000000 sysb=400000000 pclk1=200000000
[TOF] res=-42 step=1 id=0xa5 blk=0x0 ctl=0x1ff
[DRV] init=0 id=7 mode=0x1 lib=0x2 seq=0x1 odc=0x8b sts=0xe0 armed=1
[TRG] pulses=224 suppressed=2736 cyc=1600 rst=1 rstmode=0x40
[HLT] polls=475 faults=0x0 cfglost=0
[EFF] n=5 last=58500 min=58500 max=58645 late=0 stuck=0
[DWT] ok=1 cyc=429274778 cyc_per_ms=800000
[HB] up_ms=501021 frames=23830 inf=23830 hazard=2990 canary_err=0 q=0 qovr=0
[I2C] init=0 gate=0 whoami=0x140e0 wr=0 wrseen=0x27 addr=0x5a ok=3395 err=1 tmo=0 recov=0 pclk1=200000000 sysclk=400000000
[NAK] nacks=1
[CLK] cpu=800000000 sysb=400000000 pclk1=200000000
[TOF] res=-42 step=1 id=0xa5 blk=0x0 ctl=0x1ff
[DRV] init=0 id=7 mode=0x1 lib=0x2 seq=0x1 odc=0x8b sts=0xe0 armed=1
[TRG] pulses=227 suppressed=2765 cyc=1600 rst=1 rstmode=0x40
[HLT] polls=476 faults=0x0 cfglost=0
[EFF] n=5 last=58500 min=58500 max=58645 late=0 stuck=0
[DWT] ok=1 cyc=1270876562 cyc_per_ms=800001
[HB] up_ms=502073 frames=23880 inf=23880 hazard=3000 canary_err=0 q=0 qovr=0
[I2C] init=0 gate=0 whoami=0x140e0 wr=0 wrseen=0x27 addr=0x5a ok=3397 err=1 tmo=0 recov=0 pclk1=200000000 sysclk=400000000
[NAK] nacks=1
[CLK] cpu=800000000 sysb=400000000 pclk1=200000000
[TOF] res=-42 step=1 id=0xa5 blk=0x0 ctl=0x1ff
[DRV] init=0 id=7 mode=0x1 lib=0x2 seq=0x1 odc=0x8b sts=0xe0 armed=1
[TRG] pulses=227 suppressed=2773 cyc=1600 rst=1 rstmode=0x40
[HLT] polls=477 faults=0x0 cfglost=0
[EFF] n=5 last=58500 min=58500 max=58645 late=0 stuck=0
[DWT] ok=1 cyc=2112474710 cyc_per_ms=799998
[HB] up_ms=503125 frames=23930 inf=23930 hazard=3000 canary_err=0 q=0 qovr=0
[I2C] init=0 gate=0 whoami=0x140e0 wr=0 wrseen=0x27 addr=0x5a ok=3399 err=1 tmo=0 recov=0 pclk1=200000000 sysclk=400000000
[NAK] nacks=1
[CLK] cpu=800000000 sysb=400000000 pclk1=200000000
[TOF] res=-42 step=1 id=0xa5 blk=0x0 ctl=0x1ff
[DRV] init=0 id=7 mode=0x1 lib=0x2 seq=0x1 odc=0x8b sts=0xe0 armed=1
[TRG] pulses=227 suppressed=2773 cyc=1600 rst=1 rstmode=0x40
[HLT] polls=478 faults=0x0 cfglost=0
[EFF] n=5 last=58500 min=58500 max=58645 late=0 stuck=0
[DWT] ok=1 cyc=2954096734 cyc_per_ms=800020
[HB] up_ms=504177 frames=23980 inf=23980 hazard=3000 canary_err=0 q=0 qovr=0
[I2C] init=0 gate=0 whoami=0x140e0 wr=0 wrseen=0x27 addr=0x5a ok=3401 err=1 tmo=0 recov=0 pclk1=200000000 sysclk=400000000
[NAK] nacks=1
[CLK] cpu=800000000 sysb=400000000 pclk1=200000000
[TOF] res=-42 step=1 id=0xa5 blk=0x0 ctl=0x1ff
[DRV] init=0 id=7 mode=0x1 lib=0x2 seq=0x1 odc=0x8b sts=0xe0 armed=1
[TRG] pulses=227 suppressed=2773 cyc=1600 rst=1 rstmode=0x40
[HLT] polls=479 faults=0x0 cfglost=0
[EFF] n=5 last=58500 min=58500 max=58645 late=0 stuck=0
[DWT] ok=1 cyc=3795696714 cyc_per_ms=799999
[HB] up_ms=505229 frames=24030 inf=24030 hazard=3000 canary_err=0 q=0 qovr=0
[I2C] init=0 gate=0 whoami=0x140e0 wr=0 wrseen=0x27 addr=0x5a ok=3403 err=1 tmo=0 recov=0 pclk1=200000000 sysclk=400000000
[NAK] nacks=1
[CLK] cpu=800000000 sysb=400000000 pclk1=200000000
[TOF] res=-42 step=1 id=0xa5 blk=0x0 ctl=0x1ff
[DRV] init=0 id=7 mode=0x1 lib=0x2 seq=0x1 odc=0x8b sts=0xe0 armed=1
[TRG] pulses=227 suppressed=2773 cyc=1600 rst=1 rstmode=0x40
[HLT] polls=480 faults=0x0 cfglost=0
[EFF] n=5 last=58500 min=58500 max=58645 late=0 stuck=0
[DWT] ok=1 cyc=342329418 cyc_per_ms=800000
[HB] up_ms=506281 frames=24081 inf=24081 hazard=3000 canary_err=0 q=0 qovr=0
[I2C] init=0 gate=0 whoami=0x140e0 wr=0 wrseen=0x27 addr=0x5a ok=3405 err=1 tmo=0 recov=0 pclk1=200000000 sysclk=400000000
[NAK] nacks=1
[CLK] cpu=800000000 sysb=400000000 pclk1=200000000
[TOF] res=-42 step=1 id=0xa5 blk=0x0 ctl=0x1ff
[DRV] init=0 id=7 mode=0x1 lib=0x2 seq=0x1 odc=0x8b sts=0xe0 armed=1
[TRG] pulses=227 suppressed=2773 cyc=1600 rst=1 rstmode=0x40
[HLT] polls=481 faults=0x0 cfglost=0
[EFF] n=5 last=58500 min=58500 max=58645 late=0 stuck=0
[DWT] ok=1 cyc=1183907510 cyc_per_ms=799979
[HB] up_ms=507333 frames=24131 inf=24131 hazard=3011 canary_err=0 q=0 qovr=0
[I2C] init=0 gate=0 whoami=0x140e0 wr=0 wrseen=0x27 addr=0x5a ok=3407 err=1 tmo=0 recov=0 pclk1=200000000 sysclk=400000000
[NAK] nacks=1
[CLK] cpu=800000000 sysb=400000000 pclk1=200000000
[TOF] res=-42 step=1 id=0xa5 blk=0x0 ctl=0x1ff
[DRV] init=0 id=7 mode=0x1 lib=0x2 seq=0x1 odc=0x8b sts=0xe0 armed=1
[TRG] pulses=228 suppressed=2784 cyc=1600 rst=1 rstmode=0x40
[HLT] polls=482 faults=0x0 cfglost=0
[EFF] n=5 last=58500 min=58500 max=58645 late=0 stuck=0
[DWT] ok=1 cyc=2025509266 cyc_per_ms=800001
[HB] up_ms=508385 frames=24181 inf=24181 hazard=3040 canary_err=0 q=0 qovr=0
[I2C] init=0 gate=0 whoami=0x140e0 wr=0 wrseen=0x27 addr=0x5a ok=3409 err=1 tmo=0 recov=0 pclk1=200000000 sysclk=400000000
[NAK] nacks=1
[CLK] cpu=800000000 sysb=400000000 pclk1=200000000
[TOF] res=-42 step=1 id=0xa5 blk=0x0 ctl=0x1ff
[DRV] init=0 id=7 mode=0x1 lib=0x2 seq=0x1 odc=0x8b sts=0xe0 armed=1
[TRG] pulses=230 suppressed=2810 cyc=1600 rst=1 rstmode=0x40
[HLT] polls=483 faults=0x0 cfglost=0
[EFF] n=5 last=58500 min=58500 max=58645 late=0 stuck=0
[DWT] ok=1 cyc=2867107430 cyc_per_ms=799998
[HB] up_ms=509437 frames=24231 inf=24231 hazard=3040 canary_err=0 q=0 qovr=0
[I2C] init=0 gate=0 whoami=0x140e0 wr=0 wrseen=0x27 addr=0x5a ok=3411 err=1 tmo=0 recov=0 pclk1=200000000 sysclk=400000000
[NAK] nacks=1
[CLK] cpu=800000000 sysb=400000000 pclk1=200000000
[TOF] res=-42 step=1 id=0xa5 blk=0x0 ctl=0x1ff
[DRV] init=0 id=7 mode=0x1 lib=0x2 seq=0x1 odc=0x8b sts=0xe0 armed=1
[TRG] pulses=230 suppressed=2810 cyc=1600 rst=1 rstmode=0x40
[HLT] polls=484 faults=0x0 cfglost=0
[EFF] n=5 last=58500 min=58500 max=58645 late=0 stuck=0
[DWT] ok=1 cyc=3708707454 cyc_per_ms=800000
[HB] up_ms=510489 frames=24281 inf=24281 hazard=3040 canary_err=0 q=0 qovr=0
[I2C] init=0 gate=0 whoami=0x140e0 wr=0 wrseen=0x27 addr=0x5a ok=3413 err=1 tmo=0 recov=0 pclk1=200000000 sysclk=400000000
[NAK] nacks=1
[CLK] cpu=800000000 sysb=400000000 pclk1=200000000
[TOF] res=-42 step=1 id=0xa5 blk=0x0 ctl=0x1ff
[DRV] init=0 id=7 mode=0x1 lib=0x2 seq=0x1 odc=0x8b sts=0xe0 armed=1
[TRG] pulses=230 suppressed=2810 cyc=1600 rst=1 rstmode=0x40
[HLT] polls=485 faults=0x0 cfglost=0
[EFF] n=5 last=58500 min=58500 max=58645 late=0 stuck=0
[DWT] ok=1 cyc=255340166 cyc_per_ms=800000
[HB] up_ms=511541 frames=24331 inf=24331 hazard=3040 canary_err=0 q=0 qovr=0
[I2C] init=0 gate=0 whoami=0x140e0 wr=0 wrseen=0x27 addr=0x5a ok=3415 err=1 tmo=0 recov=0 pclk1=200000000 sysclk=400000000
[NAK] nacks=1
[CLK] cpu=800000000 sysb=400000000 pclk1=200000000
[TOF] res=-42 step=1 id=0xa5 blk=0x0 ctl=0x1ff
[DRV] init=0 id=7 mode=0x1 lib=0x2 seq=0x1 odc=0x8b sts=0xe0 armed=1
[TRG] pulses=230 suppressed=2810 cyc=1600 rst=1 rstmode=0x40
[HLT] polls=486 faults=0x0 cfglost=0
[EFF] n=5 last=58500 min=58500 max=58645 late=0 stuck=0
[DWT] ok=1 cyc=1096940166 cyc_per_ms=800000
[HB] up_ms=512593 frames=24381 inf=24381 hazard=3040 canary_err=0 q=0 qovr=0
[I2C] init=0 gate=0 whoami=0x140e0 wr=0 wrseen=0x27 addr=0x5a ok=3417 err=1 tmo=0 recov=0 pclk1=200000000 sysclk=400000000
[NAK] nacks=1
[CLK] cpu=800000000 sysb=400000000 pclk1=200000000
[TOF] res=-42 step=1 id=0xa5 blk=0x0 ctl=0x1ff
[DRV] init=0 id=7 mode=0x1 lib=0x2 seq=0x1 odc=0x8b sts=0xe0 armed=1
[TRG] pulses=230 suppressed=2810 cyc=1600 rst=1 rstmode=0x40
[HLT] polls=487 faults=0x0 cfglost=0
[EFF] n=5 last=58500 min=58500 max=58645 late=0 stuck=0
[DWT] ok=1 cyc=1938540166 cyc_per_ms=800000
[HB] up_ms=513645 frames=24431 inf=24431 hazard=3040 canary_err=0 q=0 qovr=0
[I2C] init=0 gate=0 whoami=0x140e0 wr=0 wrseen=0x27 addr=0x5a ok=3419 err=1 tmo=0 recov=0 pclk1=200000000 sysclk=400000000
[NAK] nacks=1
[CLK] cpu=800000000 sysb=400000000 pclk1=200000000
[TOF] res=-42 step=1 id=0xa5 blk=0x0 ctl=0x1ff
[DRV] init=0 id=7 mode=0x1 lib=0x2 seq=0x1 odc=0x8b sts=0xe0 armed=1
[TRG] pulses=230 suppressed=2810 cyc=1600 rst=1 rstmode=0x40
[HLT] polls=488 faults=0x0 cfglost=0
[EFF] n=5 last=58500 min=58500 max=58645 late=0 stuck=0
[DWT] ok=1 cyc=2780140138 cyc_per_ms=799999
[HB] up_ms=514697 frames=24481 inf=24481 hazard=3080 canary_err=0 q=0 qovr=0
[I2C] init=0 gate=0 whoami=0x140e0 wr=0 wrseen=0x27 addr=0x5a ok=3421 err=1 tmo=0 recov=0 pclk1=200000000 sysclk=400000000
[NAK] nacks=1
[CLK] cpu=800000000 sysb=400000000 pclk1=200000000
[TOF] res=-42 step=1 id=0xa5 blk=0x0 ctl=0x1ff
[DRV] init=0 id=7 mode=0x1 lib=0x2 seq=0x1 odc=0x8b sts=0xe0 armed=1
[TRG] pulses=233 suppressed=2847 cyc=1600 rst=1 rstmode=0x40
[HLT] polls=489 faults=0x0 cfglost=0
[EFF] n=5 last=58500 min=58500 max=58645 late=0 stuck=0
[DWT] ok=1 cyc=3621762178 cyc_per_ms=800020
[HB] up_ms=515749 frames=24531 inf=24531 hazard=3080 canary_err=0 q=0 qovr=0
[I2C] init=0 gate=0 whoami=0x140e0 wr=0 wrseen=0x27 addr=0x5a ok=3423 err=1 tmo=0 recov=0 pclk1=200000000 sysclk=400000000
[NAK] nacks=1
[CLK] cpu=800000000 sysb=400000000 pclk1=200000000
[TOF] res=-42 step=1 id=0xa5 blk=0x0 ctl=0x1ff
[DRV] init=0 id=7 mode=0x1 lib=0x2 seq=0x1 odc=0x8b sts=0xe0 armed=1
[TRG] pulses=233 suppressed=2847 cyc=1600 rst=1 rstmode=0x40
[HLT] polls=490 faults=0x0 cfglost=0
[EFF] n=5 last=58500 min=58500 max=58645 late=0 stuck=0
[DWT] ok=1 cyc=168394846 cyc_per_ms=799999
[HB] up_ms=516801 frames=24582 inf=24582 hazard=3080 canary_err=0 q=0 qovr=0
[I2C] init=0 gate=0 whoami=0x140e0 wr=0 wrseen=0x27 addr=0x5a ok=3425 err=1 tmo=0 recov=0 pclk1=200000000 sysclk=400000000
[NAK] nacks=1
[CLK] cpu=800000000 sysb=400000000 pclk1=200000000
[TOF] res=-42 step=1 id=0xa5 blk=0x0 ctl=0x1ff
[DRV] init=0 id=7 mode=0x1 lib=0x2 seq=0x1 odc=0x8b sts=0xe0 armed=1
[TRG] pulses=233 suppressed=2847 cyc=1600 rst=1 rstmode=0x40
[HLT] polls=491 faults=0x0 cfglost=0
[EFF] n=5 last=58500 min=58500 max=58645 late=0 stuck=0
[DWT] ok=1 cyc=1009994114 cyc_per_ms=799999
[HB] up_ms=517853 frames=24632 inf=24632 hazard=3080 canary_err=0 q=0 qovr=0
[I2C] init=0 gate=0 whoami=0x140e0 wr=0 wrseen=0x27 addr=0x5a ok=3427 err=1 tmo=0 recov=0 pclk1=200000000 sysclk=400000000
[NAK] nacks=1
[CLK] cpu=800000000 sysb=400000000 pclk1=200000000
[TOF] res=-42 step=1 id=0xa5 blk=0x0 ctl=0x1ff
[DRV] init=0 id=7 mode=0x1 lib=0x2 seq=0x1 odc=0x8b sts=0xe0 armed=1
[TRG] pulses=233 suppressed=2847 cyc=1600 rst=1 rstmode=0x40
[HLT] polls=492 faults=0x0 cfglost=0
[EFF] n=5 last=58500 min=58500 max=58645 late=0 stuck=0
[DWT] ok=1 cyc=1851572930 cyc_per_ms=799979
[HB] up_ms=518905 frames=24682 inf=24682 hazard=3080 canary_err=0 q=0 qovr=0
[I2C] init=0 gate=0 whoami=0x140e0 wr=0 wrseen=0x27 addr=0x5a ok=3429 err=1 tmo=0 recov=0 pclk1=200000000 sysclk=400000000
[NAK] nacks=1
[CLK] cpu=800000000 sysb=400000000 pclk1=200000000
[TOF] res=-42 step=1 id=0xa5 blk=0x0 ctl=0x1ff
[DRV] init=0 id=7 mode=0x1 lib=0x2 seq=0x1 odc=0x8b sts=0xe0 armed=1
[TRG] pulses=233 suppressed=2847 cyc=1600 rst=1 rstmode=0x40
[HLT] polls=493 faults=0x0 cfglost=0
[EFF] n=5 last=58500 min=58500 max=58645 late=0 stuck=0
[DWT] ok=1 cyc=2693172846 cyc_per_ms=799999
[HB] up_ms=519957 frames=24732 inf=24732 hazard=3080 canary_err=0 q=0 qovr=0
[I2C] init=0 gate=0 whoami=0x140e0 wr=0 wrseen=0x27 addr=0x5a ok=3431 err=1 tmo=0 recov=0 pclk1=200000000 sysclk=400000000
[NAK] nacks=1
[CLK] cpu=800000000 sysb=400000000 pclk1=200000000
[TOF] res=-42 step=1 id=0xa5 blk=0x0 ctl=0x1ff
[DRV] init=0 id=7 mode=0x1 lib=0x2 seq=0x1 odc=0x8b sts=0xe0 armed=1
[TRG] pulses=233 suppressed=2847 cyc=1600 rst=1 rstmode=0x40
[HLT] polls=494 faults=0x0 cfglost=0
[EFF] n=5 last=58500 min=58500 max=58645 late=0 stuck=0
[DWT] ok=1 cyc=3534772862 cyc_per_ms=800000
[HB] up_ms=521009 frames=24782 inf=24782 hazard=3102 canary_err=0 q=0 qovr=0
[I2C] init=0 gate=0 whoami=0x140e0 wr=0 wrseen=0x27 addr=0x5a ok=3433 err=1 tmo=0 recov=0 pclk1=200000000 sysclk=400000000
[NAK] nacks=1
[CLK] cpu=800000000 sysb=400000000 pclk1=200000000
[TOF] res=-42 step=1 id=0xa5 blk=0x0 ctl=0x1ff
[DRV] init=0 id=7 mode=0x1 lib=0x2 seq=0x1 odc=0x8b sts=0xe0 armed=1
[TRG] pulses=235 suppressed=2868 cyc=1600 rst=1 rstmode=0x40
[HLT] polls=495 faults=0x0 cfglost=0
[EFF] n=5 last=58500 min=58500 max=58645 late=0 stuck=0
[DWT] ok=1 cyc=81407354 cyc_per_ms=800001
[HB] up_ms=522061 frames=24832 inf=24832 hazard=3120 canary_err=0 q=0 qovr=0
[I2C] init=0 gate=0 whoami=0x140e0 wr=0 wrseen=0x27 addr=0x5a ok=3435 err=1 tmo=0 recov=0 pclk1=200000000 sysclk=400000000
[NAK] nacks=1
[CLK] cpu=800000000 sysb=400000000 pclk1=200000000
[TOF] res=-42 step=1 id=0xa5 blk=0x0 ctl=0x1ff
[DRV] init=0 id=7 mode=0x1 lib=0x2 seq=0x1 odc=0x8b sts=0xe0 armed=1
[TRG] pulses=236 suppressed=2884 cyc=1600 rst=1 rstmode=0x40
[HLT] polls=496 faults=0x0 cfglost=0
[EFF] n=5 last=58500 min=58500 max=58645 late=0 stuck=0
[DWT] ok=1 cyc=923005590 cyc_per_ms=799998
[HB] up_ms=523113 frames=24882 inf=24882 hazard=3120 canary_err=0 q=0 qovr=0
[I2C] init=0 gate=0 whoami=0x140e0 wr=0 wrseen=0x27 addr=0x5a ok=3437 err=1 tmo=0 recov=0 pclk1=200000000 sysclk=400000000
[NAK] nacks=1
[CLK] cpu=800000000 sysb=400000000 pclk1=200000000
[TOF] res=-42 step=1 id=0xa5 blk=0x0 ctl=0x1ff
[DRV] init=0 id=7 mode=0x1 lib=0x2 seq=0x1 odc=0x8b sts=0xe0 armed=1
[TRG] pulses=236 suppressed=2884 cyc=1600 rst=1 rstmode=0x40
[HLT] polls=497 faults=0x0 cfglost=0
[EFF] n=5 last=58500 min=58500 max=58645 late=0 stuck=0
[DWT] ok=1 cyc=1764605590 cyc_per_ms=800000
[HB] up_ms=524165 frames=24932 inf=24932 hazard=3120 canary_err=0 q=0 qovr=0
[I2C] init=0 gate=0 whoami=0x140e0 wr=0 wrseen=0x27 addr=0x5a ok=3439 err=1 tmo=0 recov=0 pclk1=200000000 sysclk=400000000
[NAK] nacks=1
[CLK] cpu=800000000 sysb=400000000 pclk1=200000000
[TOF] res=-42 step=1 id=0xa5 blk=0x0 ctl=0x1ff
[DRV] init=0 id=7 mode=0x1 lib=0x2 seq=0x1 odc=0x8b sts=0xe0 armed=1
[TRG] pulses=236 suppressed=2884 cyc=1600 rst=1 rstmode=0x40
[HLT] polls=498 faults=0x0 cfglost=0
[EFF] n=5 last=58500 min=58500 max=58645 late=0 stuck=0
[DWT] ok=1 cyc=2606205550 cyc_per_ms=799999
[HB] up_ms=525217 frames=24982 inf=24982 hazard=3120 canary_err=0 q=0 qovr=0
[I2C] init=0 gate=0 whoami=0x140e0 wr=0 wrseen=0x27 addr=0x5a ok=3441 err=1 tmo=0 recov=0 pclk1=200000000 sysclk=400000000
[NAK] nacks=1
[CLK] cpu=800000000 sysb=400000000 pclk1=200000000
[TOF] res=-42 step=1 id=0xa5 blk=0x0 ctl=0x1ff
[DRV] init=0 id=7 mode=0x1 lib=0x2 seq=0x1 odc=0x8b sts=0xe0 armed=1
[TRG] pulses=236 suppressed=2884 cyc=1600 rst=1 rstmode=0x40
[HLT] polls=499 faults=0x0 cfglost=0
[EFF] n=5 last=58500 min=58500 max=58645 late=0 stuck=0
[DWT] ok=1 cyc=3447827482 cyc_per_ms=800020
[HB] up_ms=526269 frames=25032 inf=25032 hazard=3120 canary_err=0 q=0 qovr=0
[I2C] init=0 gate=0 whoami=0x140e0 wr=0 wrseen=0x27 addr=0x5a ok=3443 err=1 tmo=0 recov=0 pclk1=200000000 sysclk=400000000
[NAK] nacks=1
[CLK] cpu=800000000 sysb=400000000 pclk1=200000000
[TOF] res=-42 step=1 id=0xa5 blk=0x0 ctl=0x1ff
[DRV] init=0 id=7 mode=0x1 lib=0x2 seq=0x1 odc=0x8b sts=0xe0 armed=1
[TRG] pulses=236 suppressed=2884 cyc=1600 rst=1 rstmode=0x40
[HLT] polls=500 faults=0x0 cfglost=0
[EFF] n=5 last=58500 min=58500 max=58645 late=0 stuck=0
[DWT] ok=1 cyc=4289427554 cyc_per_ms=800000
[HB] up_ms=527321 frames=25082 inf=25082 hazard=3122 canary_err=0 q=0 qovr=0
[I2C] init=0 gate=0 whoami=0x140e0 wr=0 wrseen=0x27 addr=0x5a ok=3445 err=1 tmo=0 recov=0 pclk1=200000000 sysclk=400000000
[NAK] nacks=1
[CLK] cpu=800000000 sysb=400000000 pclk1=200000000
[TOF] res=-42 step=1 id=0xa5 blk=0x0 ctl=0x1ff
[DRV] init=0 id=7 mode=0x1 lib=0x2 seq=0x1 odc=0x8b sts=0xe0 armed=1
[TRG] pulses=237 suppressed=2887 cyc=1600 rst=1 rstmode=0x40
[HLT] polls=501 faults=0x0 cfglost=0
[EFF] n=5 last=58500 min=58500 max=58645 late=0 stuck=0
[DWT] ok=1 cyc=836062922 cyc_per_ms=800002
[HB] up_ms=528373 frames=25133 inf=25133 hazard=3160 canary_err=0 q=0 qovr=0
[I2C] init=0 gate=0 whoami=0x140e0 wr=0 wrseen=0x27 addr=0x5a ok=3447 err=1 tmo=0 recov=0 pclk1=200000000 sysclk=400000000
[NAK] nacks=1
[CLK] cpu=800000000 sysb=400000000 pclk1=200000000
[TOF] res=-42 step=1 id=0xa5 blk=0x0 ctl=0x1ff
[DRV] init=0 id=7 mode=0x1 lib=0x2 seq=0x1 odc=0x8b sts=0xe0 armed=1
[TRG] pulses=239 suppressed=2921 cyc=1600 rst=1 rstmode=0x40
[HLT] polls=502 faults=0x0 cfglost=0
[EFF] n=5 last=58500 min=58500 max=58645 late=0 stuck=0
[DWT] ok=1 cyc=1677638298 cyc_per_ms=799976
[HB] up_ms=529425 frames=25183 inf=25183 hazard=3160 canary_err=0 q=0 qovr=0
[I2C] init=0 gate=0 whoami=0x140e0 wr=0 wrseen=0x27 addr=0x5a ok=3449 err=1 tmo=0 recov=0 pclk1=200000000 sysclk=400000000
[NAK] nacks=1
[CLK] cpu=800000000 sysb=400000000 pclk1=200000000
[TOF] res=-42 step=1 id=0xa5 blk=0x0 ctl=0x1ff
[DRV] init=0 id=7 mode=0x1 lib=0x2 seq=0x1 odc=0x8b sts=0xe0 armed=1
[TRG] pulses=239 suppressed=2921 cyc=1600 rst=1 rstmode=0x40
[HLT] polls=503 faults=0x0 cfglost=0
[EFF] n=5 last=58500 min=58500 max=58645 late=0 stuck=0
[DWT] ok=1 cyc=2519238318 cyc_per_ms=800000
[HB] up_ms=530477 frames=25233 inf=25233 hazard=3160 canary_err=0 q=0 qovr=0
[I2C] init=0 gate=0 whoami=0x140e0 wr=0 wrseen=0x27 addr=0x5a ok=3451 err=1 tmo=0 recov=0 pclk1=200000000 sysclk=400000000
[NAK] nacks=1
[CLK] cpu=800000000 sysb=400000000 pclk1=200000000
[TOF] res=-42 step=1 id=0xa5 blk=0x0 ctl=0x1ff
[DRV] init=0 id=7 mode=0x1 lib=0x2 seq=0x1 odc=0x8b sts=0xe0 armed=1
[TRG] pulses=239 suppressed=2921 cyc=1600 rst=1 rstmode=0x40
[HLT] polls=504 faults=0x0 cfglost=0
[EFF] n=5 last=58500 min=58500 max=58645 late=0 stuck=0
[DWT] ok=1 cyc=3360838246 cyc_per_ms=799999
[HB] up_ms=531529 frames=25283 inf=25283 hazard=3160 canary_err=0 q=0 qovr=0
[I2C] init=0 gate=0 whoami=0x140e0 wr=0 wrseen=0x27 addr=0x5a ok=3453 err=1 tmo=0 recov=0 pclk1=200000000 sysclk=400000000
[NAK] nacks=1
[CLK] cpu=800000000 sysb=400000000 pclk1=200000000
[TOF] res=-42 step=1 id=0xa5 blk=0x0 ctl=0x1ff
[DRV] init=0 id=7 mode=0x1 lib=0x2 seq=0x1 odc=0x8b sts=0xe0 armed=1
[TRG] pulses=239 suppressed=2921 cyc=1600 rst=1 rstmode=0x40
[HLT] polls=505 faults=0x0 cfglost=0
[EFF] n=5 last=58500 min=58500 max=58645 late=0 stuck=0
[DWT] ok=1 cyc=4202438294 cyc_per_ms=800000
[HB] up_ms=532581 frames=25333 inf=25333 hazard=3160 canary_err=0 q=0 qovr=0
[I2C] init=0 gate=0 whoami=0x140e0 wr=0 wrseen=0x27 addr=0x5a ok=3455 err=1 tmo=0 recov=0 pclk1=200000000 sysclk=400000000
[NAK] nacks=1
[CLK] cpu=800000000 sysb=400000000 pclk1=200000000
[TOF] res=-42 step=1 id=0xa5 blk=0x0 ctl=0x1ff
[DRV] init=0 id=7 mode=0x1 lib=0x2 seq=0x1 odc=0x8b sts=0xe0 armed=1
[TRG] pulses=239 suppressed=2921 cyc=1600 rst=1 rstmode=0x40
[HLT] polls=506 faults=0x0 cfglost=0
[EFF] n=5 last=58500 min=58500 max=58645 late=0 stuck=0
[DWT] ok=1 cyc=749070982 cyc_per_ms=799999
[HB] up_ms=533633 frames=25383 inf=25383 hazard=3160 canary_err=0 q=0 qovr=0
[I2C] init=0 gate=0 whoami=0x140e0 wr=0 wrseen=0x27 addr=0x5a ok=3457 err=1 tmo=0 recov=0 pclk1=200000000 sysclk=400000000
[NAK] nacks=1
[CLK] cpu=800000000 sysb=400000000 pclk1=200000000
[TOF] res=-42 step=1 id=0xa5 blk=0x0 ctl=0x1ff
[DRV] init=0 id=7 mode=0x1 lib=0x2 seq=0x1 odc=0x8b sts=0xe0 armed=1
[TRG] pulses=239 suppressed=2921 cyc=1600 rst=1 rstmode=0x40
[HLT] polls=507 faults=0x0 cfglost=0
[EFF] n=5 last=58500 min=58500 max=58645 late=0 stuck=0
[DWT] ok=1 cyc=1590670998 cyc_per_ms=800000
[HB] up_ms=534685 frames=25433 inf=25433 hazard=3193 canary_err=0 q=0 qovr=0
[I2C] init=0 gate=0 whoami=0x140e0 wr=0 wrseen=0x27 addr=0x5a ok=3459 err=1 tmo=0 recov=0 pclk1=200000000 sysclk=400000000
[NAK] nacks=1
[CLK] cpu=800000000 sysb=400000000 pclk1=200000000
[TOF] res=-42 step=1 id=0xa5 blk=0x0 ctl=0x1ff
[DRV] init=0 id=7 mode=0x1 lib=0x2 seq=0x1 odc=0x8b sts=0xe0 armed=1
[TRG] pulses=242 suppressed=2953 cyc=1600 rst=1 rstmode=0x40
[HLT] polls=508 faults=0x0 cfglost=0
[EFF] n=5 last=58500 min=58500 max=58645 late=0 stuck=0
[DWT] ok=1 cyc=2432272806 cyc_per_ms=800001
[HB] up_ms=535737 frames=25483 inf=25483 hazard=3200 canary_err=0 q=0 qovr=0
[I2C] init=0 gate=0 whoami=0x140e0 wr=0 wrseen=0x27 addr=0x5a ok=3461 err=1 tmo=0 recov=0 pclk1=200000000 sysclk=400000000
[NAK] nacks=1
[CLK] cpu=800000000 sysb=400000000 pclk1=200000000
[TOF] res=-42 step=1 id=0xa5 blk=0x0 ctl=0x1ff
[DRV] init=0 id=7 mode=0x1 lib=0x2 seq=0x1 odc=0x8b sts=0xe0 armed=1
[TRG] pulses=242 suppressed=2958 cyc=1600 rst=1 rstmode=0x40
[HLT] polls=509 faults=0x0 cfglost=0
[EFF] n=5 last=58500 min=58500 max=58645 late=0 stuck=0
[DWT] ok=1 cyc=3273870934 cyc_per_ms=799998
[HB] up_ms=536789 frames=25533 inf=25533 hazard=3200 canary_err=0 q=0 qovr=0
[I2C] init=0 gate=0 whoami=0x140e0 wr=0 wrseen=0x27 addr=0x5a ok=3463 err=1 tmo=0 recov=0 pclk1=200000000 sysclk=400000000
[NAK] nacks=1
[CLK] cpu=800000000 sysb=400000000 pclk1=200000000
[TOF] res=-42 step=1 id=0xa5 blk=0x0 ctl=0x1ff
[DRV] init=0 id=7 mode=0x1 lib=0x2 seq=0x1 odc=0x8b sts=0xe0 armed=1
[TRG] pulses=242 suppressed=2958 cyc=1600 rst=1 rstmode=0x40
[HLT] polls=510 faults=0x0 cfglost=0
[EFF] n=5 last=58500 min=58500 max=58645 late=0 stuck=0
[DWT] ok=1 cyc=4115492958 cyc_per_ms=800020
[HB] up_ms=537841 frames=25583 inf=25583 hazard=3200 canary_err=0 q=0 qovr=0
[I2C] init=0 gate=0 whoami=0x140e0 wr=0 wrseen=0x27 addr=0x5a ok=3465 err=1 tmo=0 recov=0 pclk1=200000000 sysclk=400000000
[NAK] nacks=1
[CLK] cpu=800000000 sysb=400000000 pclk1=200000000
[TOF] res=-42 step=1 id=0xa5 blk=0x0 ctl=0x1ff
[DRV] init=0 id=7 mode=0x1 lib=0x2 seq=0x1 odc=0x8b sts=0xe0 armed=1
[TRG] pulses=242 suppressed=2958 cyc=1600 rst=1 rstmode=0x40
[HLT] polls=511 faults=0x0 cfglost=0
[EFF] n=5 last=58500 min=58500 max=58645 late=0 stuck=0
[DWT] ok=1 cyc=662125642 cyc_per_ms=799999
[HB] up_ms=538893 frames=25634 inf=25634 hazard=3200 canary_err=0 q=0 qovr=0
[I2C] init=0 gate=0 whoami=0x140e0 wr=0 wrseen=0x27 addr=0x5a ok=3467 err=1 tmo=0 recov=0 pclk1=200000000 sysclk=400000000
[NAK] nacks=1
[CLK] cpu=800000000 sysb=400000000 pclk1=200000000
[TOF] res=-42 step=1 id=0xa5 blk=0x0 ctl=0x1ff
[DRV] init=0 id=7 mode=0x1 lib=0x2 seq=0x1 odc=0x8b sts=0xe0 armed=1
[TRG] pulses=242 suppressed=2958 cyc=1600 rst=1 rstmode=0x40
[HLT] polls=512 faults=0x0 cfglost=0
[EFF] n=5 last=58500 min=58500 max=58645 late=0 stuck=0
[DWT] ok=1 cyc=1503724930 cyc_per_ms=799999
[HB] up_ms=539945 frames=25684 inf=25684 hazard=3200 canary_err=0 q=0 qovr=0
[I2C] init=0 gate=0 whoami=0x140e0 wr=0 wrseen=0x27 addr=0x5a ok=3469 err=1 tmo=0 recov=0 pclk1=200000000 sysclk=400000000
[NAK] nacks=1
[CLK] cpu=800000000 sysb=400000000 pclk1=200000000
[TOF] res=-42 step=1 id=0xa5 blk=0x0 ctl=0x1ff
[DRV] init=0 id=7 mode=0x1 lib=0x2 seq=0x1 odc=0x8b sts=0xe0 armed=1
[TRG] pulses=242 suppressed=2958 cyc=1600 rst=1 rstmode=0x40
[HLT] polls=513 faults=0x0 cfglost=0
[EFF] n=5 last=58500 min=58500 max=58645 late=0 stuck=0
[DWT] ok=1 cyc=2345303734 cyc_per_ms=799979
[HB] up_ms=540997 frames=25734 inf=25734 hazard=3214 canary_err=0 q=0 qovr=0
[I2C] init=0 gate=0 whoami=0x140e0 wr=0 wrseen=0x27 addr=0x5a ok=3471 err=1 tmo=0 recov=0 pclk1=200000000 sysclk=400000000
[NAK] nacks=1
[CLK] cpu=800000000 sysb=400000000 pclk1=200000000
[TOF] res=-42 step=1 id=0xa5 blk=0x0 ctl=0x1ff
[DRV] init=0 id=7 mode=0x1 lib=0x2 seq=0x1 odc=0x8b sts=0xe0 armed=1
[TRG] pulses=244 suppressed=2971 cyc=1600 rst=1 rstmode=0x40
[HLT] polls=514 faults=0x0 cfglost=0
[EFF] n=5 last=58500 min=58500 max=58645 late=0 stuck=0
[DWT] ok=1 cyc=3186907918 cyc_per_ms=800003
[HB] up_ms=542049 frames=25784 inf=25784 hazard=3240 canary_err=0 q=0 qovr=0
[I2C] init=0 gate=0 whoami=0x140e0 wr=0 wrseen=0x27 addr=0x5a ok=3473 err=1 tmo=0 recov=0 pclk1=200000000 sysclk=400000000
[NAK] nacks=1
[CLK] cpu=800000000 sysb=400000000 pclk1=200000000
[TOF] res=-42 step=1 id=0xa5 blk=0x0 ctl=0x1ff
[DRV] init=0 id=7 mode=0x1 lib=0x2 seq=0x1 odc=0x8b sts=0xe0 armed=1
[TRG] pulses=245 suppressed=2995 cyc=1600 rst=1 rstmode=0x40
[HLT] polls=515 faults=0x0 cfglost=0
[EFF] n=5 last=58500 min=58500 max=58645 late=0 stuck=0
[DWT] ok=1 cyc=4028503662 cyc_per_ms=799995
[HB] up_ms=543101 frames=25834 inf=25834 hazard=3240 canary_err=0 q=0 qovr=0
[I2C] init=0 gate=0 whoami=0x140e0 wr=0 wrseen=0x27 addr=0x5a ok=3475 err=1 tmo=0 recov=0 pclk1=200000000 sysclk=400000000
[NAK] nacks=1
[CLK] cpu=800000000 sysb=400000000 pclk1=200000000
[TOF] res=-42 step=1 id=0xa5 blk=0x0 ctl=0x1ff
[DRV] init=0 id=7 mode=0x1 lib=0x2 seq=0x1 odc=0x8b sts=0xe0 armed=1
[TRG] pulses=245 suppressed=2995 cyc=1600 rst=1 rstmode=0x40
[HLT] polls=516 faults=0x0 cfglost=0
[EFF] n=5 last=58500 min=58500 max=58645 late=0 stuck=0
[DWT] ok=1 cyc=575136398 cyc_per_ms=800000
[HB] up_ms=544153 frames=25884 inf=25884 hazard=3240 canary_err=0 q=0 qovr=0
[I2C] init=0 gate=0 whoami=0x140e0 wr=0 wrseen=0x27 addr=0x5a ok=3477 err=1 tmo=0 recov=0 pclk1=200000000 sysclk=400000000
[NAK] nacks=1
[CLK] cpu=800000000 sysb=400000000 pclk1=200000000
[TOF] res=-42 step=1 id=0xa5 blk=0x0 ctl=0x1ff
[DRV] init=0 id=7 mode=0x1 lib=0x2 seq=0x1 odc=0x8b sts=0xe0 armed=1
[TRG] pulses=245 suppressed=2995 cyc=1600 rst=1 rstmode=0x40
[HLT] polls=517 faults=0x0 cfglost=0
[EFF] n=5 last=58500 min=58500 max=58645 late=0 stuck=0
[DWT] ok=1 cyc=1416736406 cyc_per_ms=800000
[HB] up_ms=545205 frames=25934 inf=25934 hazard=3240 canary_err=0 q=0 qovr=0
[I2C] init=0 gate=0 whoami=0x140e0 wr=0 wrseen=0x27 addr=0x5a ok=3479 err=1 tmo=0 recov=0 pclk1=200000000 sysclk=400000000
[NAK] nacks=1
[CLK] cpu=800000000 sysb=400000000 pclk1=200000000
[TOF] res=-42 step=1 id=0xa5 blk=0x0 ctl=0x1ff
[DRV] init=0 id=7 mode=0x1 lib=0x2 seq=0x1 odc=0x8b sts=0xe0 armed=1
[TRG] pulses=245 suppressed=2995 cyc=1600 rst=1 rstmode=0x40
[HLT] polls=518 faults=0x0 cfglost=0
[EFF] n=5 last=58500 min=58500 max=58645 late=0 stuck=0
[DWT] ok=1 cyc=2258336410 cyc_per_ms=800000
[HB] up_ms=546257 frames=25984 inf=25984 hazard=3240 canary_err=0 q=0 qovr=0
[I2C] init=0 gate=0 whoami=0x140e0 wr=0 wrseen=0x27 addr=0x5a ok=3481 err=1 tmo=0 recov=0 pclk1=200000000 sysclk=400000000
[NAK] nacks=1
[CLK] cpu=800000000 sysb=400000000 pclk1=200000000
[TOF] res=-42 step=1 id=0xa5 blk=0x0 ctl=0x1ff
[DRV] init=0 id=7 mode=0x1 lib=0x2 seq=0x1 odc=0x8b sts=0xe0 armed=1
[TRG] pulses=245 suppressed=2995 cyc=1600 rst=1 rstmode=0x40
[HLT] polls=519 faults=0x0 cfglost=0
[EFF] n=5 last=58500 min=58500 max=58645 late=0 stuck=0
[DWT] ok=1 cyc=3099936366 cyc_per_ms=799999
[HB] up_ms=547309 frames=26034 inf=26034 hazard=3240 canary_err=0 q=0 qovr=0
[I2C] init=0 gate=0 whoami=0x140e0 wr=0 wrseen=0x27 addr=0x5a ok=3483 err=1 tmo=0 recov=0 pclk1=200000000 sysclk=400000000
[NAK] nacks=1
[CLK] cpu=800000000 sysb=400000000 pclk1=200000000
[TOF] res=-42 step=1 id=0xa5 blk=0x0 ctl=0x1ff
[DRV] init=0 id=7 mode=0x1 lib=0x2 seq=0x1 odc=0x8b sts=0xe0 armed=1
[TRG] pulses=245 suppressed=2995 cyc=1600 rst=1 rstmode=0x40
[HLT] polls=520 faults=0x0 cfglost=0
[EFF] n=5 last=58500 min=58500 max=58645 late=0 stuck=0
[DWT] ok=1 cyc=3941558298 cyc_per_ms=800020
[HB] up_ms=548361 frames=26084 inf=26084 hazard=3280 canary_err=0 q=0 qovr=0
[I2C] init=0 gate=0 whoami=0x140e0 wr=0 wrseen=0x27 addr=0x5a ok=3485 err=1 tmo=0 recov=0 pclk1=200000000 sysclk=400000000
[NAK] nacks=1
[CLK] cpu=800000000 sysb=400000000 pclk1=200000000
[TOF] res=-42 step=1 id=0xa5 blk=0x0 ctl=0x1ff
[DRV] init=0 id=7 mode=0x1 lib=0x2 seq=0x1 odc=0x8b sts=0xe0 armed=1
[TRG] pulses=248 suppressed=3032 cyc=1600 rst=1 rstmode=0x40
[HLT] polls=521 faults=0x0 cfglost=0
[EFF] n=5 last=58500 min=58500 max=58645 late=0 stuck=0
[DWT] ok=1 cyc=488191066 cyc_per_ms=800000
[HB] up_ms=549413 frames=26134 inf=26134 hazard=3280 canary_err=0 q=0 qovr=0
[I2C] init=0 gate=0 whoami=0x140e0 wr=0 wrseen=0x27 addr=0x5a ok=3487 err=1 tmo=0 recov=0 pclk1=200000000 sysclk=400000000
[NAK] nacks=1
[CLK] cpu=800000000 sysb=400000000 pclk1=200000000
[TOF] res=-42 step=1 id=0xa5 blk=0x0 ctl=0x1ff
[DRV] init=0 id=7 mode=0x1 lib=0x2 seq=0x1 odc=0x8b sts=0xe0 armed=1
[TRG] pulses=248 suppressed=3032 cyc=1600 rst=1 rstmode=0x40
[HLT] polls=522 faults=0x0 cfglost=0
[EFF] n=5 last=58500 min=58500 max=58645 late=0 stuck=0
[DWT] ok=1 cyc=1329791050 cyc_per_ms=799999
[HB] up_ms=550465 frames=26185 inf=26185 hazard=3280 canary_err=0 q=0 qovr=0
[I2C] init=0 gate=0 whoami=0x140e0 wr=0 wrseen=0x27 addr=0x5a ok=3489 err=1 tmo=0 recov=0 pclk1=200000000 sysclk=400000000
[NAK] nacks=1
[CLK] cpu=800000000 sysb=400000000 pclk1=200000000
[TOF] res=-42 step=1 id=0xa5 blk=0x0 ctl=0x1ff
[DRV] init=0 id=7 mode=0x1 lib=0x2 seq=0x1 odc=0x8b sts=0xe0 armed=1
[TRG] pulses=248 suppressed=3032 cyc=1600 rst=1 rstmode=0x40
[HLT] polls=523 faults=0x0 cfglost=0
[EFF] n=5 last=58500 min=58500 max=58645 late=0 stuck=0
[DWT] ok=1 cyc=2171369126 cyc_per_ms=799979
[HB] up_ms=551517 frames=26235 inf=26235 hazard=3280 canary_err=0 q=0 qovr=0
[I2C] init=0 gate=0 whoami=0x140e0 wr=0 wrseen=0x27 addr=0x5a ok=3491 err=1 tmo=0 recov=0 pclk1=200000000 sysclk=400000000
[NAK] nacks=1
[CLK] cpu=800000000 sysb=400000000 pclk1=200000000
[TOF] res=-42 step=1 id=0xa5 blk=0x0 ctl=0x1ff
[DRV] init=0 id=7 mode=0x1 lib=0x2 seq=0x1 odc=0x8b sts=0xe0 armed=1
[TRG] pulses=248 suppressed=3032 cyc=1600 rst=1 rstmode=0x40
[HLT] polls=524 faults=0x0 cfglost=0
[EFF] n=5 last=58500 min=58500 max=58645 late=0 stuck=0
[DWT] ok=1 cyc=3012969150 cyc_per_ms=800000
[HB] up_ms=552569 frames=26285 inf=26285 hazard=3280 canary_err=0 q=0 qovr=0
[I2C] init=0 gate=0 whoami=0x140e0 wr=0 wrseen=0x27 addr=0x5a ok=3493 err=1 tmo=0 recov=0 pclk1=200000000 sysclk=400000000
[NAK] nacks=1
[CLK] cpu=800000000 sysb=400000000 pclk1=200000000
[TOF] res=-42 step=1 id=0xa5 blk=0x0 ctl=0x1ff
[DRV] init=0 id=7 mode=0x1 lib=0x2 seq=0x1 odc=0x8b sts=0xe0 armed=1
[TRG] pulses=248 suppressed=3032 cyc=1600 rst=1 rstmode=0x40
[HLT] polls=525 faults=0x0 cfglost=0
[EFF] n=5 last=58500 min=58500 max=58645 late=0 stuck=0
[DWT] ok=1 cyc=3854569070 cyc_per_ms=799999
[HB] up_ms=553621 frames=26335 inf=26335 hazard=3280 canary_err=0 q=0 qovr=0
[I2C] init=0 gate=0 whoami=0x140e0 wr=0 wrseen=0x27 addr=0x5a ok=3495 err=1 tmo=0 recov=0 pclk1=200000000 sysclk=400000000
[NAK] nacks=1
[CLK] cpu=800000000 sysb=400000000 pclk1=200000000
[TOF] res=-42 step=1 id=0xa5 blk=0x0 ctl=0x1ff
[DRV] init=0 id=7 mode=0x1 lib=0x2 seq=0x1 odc=0x8b sts=0xe0 armed=1
[TRG] pulses=248 suppressed=3032 cyc=1600 rst=1 rstmode=0x40
[HLT] polls=526 faults=0x0 cfglost=0
[EFF] n=5 last=58500 min=58500 max=58645 late=0 stuck=0
[DWT] ok=1 cyc=401201790 cyc_per_ms=800000
[HB] up_ms=554673 frames=26385 inf=26385 hazard=3305 canary_err=0 q=0 qovr=0
[I2C] init=0 gate=0 whoami=0x140e0 wr=0 wrseen=0x27 addr=0x5a ok=3497 err=1 tmo=0 recov=0 pclk1=200000000 sysclk=400000000
[NAK] nacks=1
[CLK] cpu=800000000 sysb=400000000 pclk1=200000000
[TOF] res=-42 step=1 id=0xa5 blk=0x0 ctl=0x1ff
[DRV] init=0 id=7 mode=0x1 lib=0x2 seq=0x1 odc=0x8b sts=0xe0 armed=1
[TRG] pulses=250 suppressed=3057 cyc=1600 rst=1 rstmode=0x40
[HLT] polls=527 faults=0x0 cfglost=0
[EFF] n=5 last=58500 min=58500 max=58645 late=0 stuck=0
[DWT] ok=1 cyc=1242803598 cyc_per_ms=800001
[HB] up_ms=555725 frames=26435 inf=26435 hazard=3320 canary_err=0 q=0 qovr=0
[I2C] init=0 gate=0 whoami=0x140e0 wr=0 wrseen=0x27 addr=0x5a ok=3499 err=1 tmo=0 recov=0 pclk1=200000000 sysclk=400000000
[NAK] nacks=1
[CLK] cpu=800000000 sysb=400000000 pclk1=200000000
[TOF] res=-42 step=1 id=0xa5 blk=0x0 ctl=0x1ff
[DRV] init=0 id=7 mode=0x1 lib=0x2 seq=0x1 odc=0x8b sts=0xe0 armed=1
[TRG] pulses=251 suppressed=3069 cyc=1600 rst=1 rstmode=0x40
[HLT] polls=528 faults=0x0 cfglost=0
[EFF] n=5 last=58500 min=58500 max=58645 late=0 stuck=0
[DWT] ok=1 cyc=2084401798 cyc_per_ms=799998
[HB] up_ms=556777 frames=26485 inf=26485 hazard=3320 canary_err=0 q=0 qovr=0
[I2C] init=0 gate=0 whoami=0x140e0 wr=0 wrseen=0x27 addr=0x5a ok=3501 err=1 tmo=0 recov=0 pclk1=200000000 sysclk=400000000
[NAK] nacks=1
[CLK] cpu=800000000 sysb=400000000 pclk1=200000000
[TOF] res=-42 step=1 id=0xa5 blk=0x0 ctl=0x1ff
[DRV] init=0 id=7 mode=0x1 lib=0x2 seq=0x1 odc=0x8b sts=0xe0 armed=1
[TRG] pulses=251 suppressed=3069 cyc=1600 rst=1 rstmode=0x40
[HLT] polls=529 faults=0x0 cfglost=0
[EFF] n=5 last=58500 min=58500 max=58645 late=0 stuck=0
[DWT] ok=1 cyc=2926001814 cyc_per_ms=800000
[HB] up_ms=557829 frames=26535 inf=26535 hazard=3320 canary_err=0 q=0 qovr=0
[I2C] init=0 gate=0 whoami=0x140e0 wr=0 wrseen=0x27 addr=0x5a ok=3503 err=1 tmo=0 recov=0 pclk1=200000000 sysclk=400000000
[NAK] nacks=1
[CLK] cpu=800000000 sysb=400000000 pclk1=200000000
[TOF] res=-42 step=1 id=0xa5 blk=0x0 ctl=0x1ff
[DRV] init=0 id=7 mode=0x1 lib=0x2 seq=0x1 odc=0x8b sts=0xe0 armed=1
[TRG] pulses=251 suppressed=3069 cyc=1600 rst=1 rstmode=0x40
[HLT] polls=530 faults=0x0 cfglost=0
[EFF] n=5 last=58500 min=58500 max=58645 late=0 stuck=0
[DWT] ok=1 cyc=3767601750 cyc_per_ms=799999
[HB] up_ms=558881 frames=26585 inf=26585 hazard=3320 canary_err=0 q=0 qovr=0
[I2C] init=0 gate=0 whoami=0x140e0 wr=0 wrseen=0x27 addr=0x5a ok=3505 err=1 tmo=0 recov=0 pclk1=200000000 sysclk=400000000
[NAK] nacks=1
[CLK] cpu=800000000 sysb=400000000 pclk1=200000000
[TOF] res=-42 step=1 id=0xa5 blk=0x0 ctl=0x1ff
[DRV] init=0 id=7 mode=0x1 lib=0x2 seq=0x1 odc=0x8b sts=0xe0 armed=1
[TRG] pulses=251 suppressed=3069 cyc=1600 rst=1 rstmode=0x40
[HLT] polls=531 faults=0x0 cfglost=0
[EFF] n=5 last=58500 min=58500 max=58645 late=0 stuck=0
[DWT] ok=1 cyc=314256482 cyc_per_ms=800020
[HB] up_ms=559933 frames=26635 inf=26635 hazard=3320 canary_err=0 q=0 qovr=0
[I2C] init=0 gate=0 whoami=0x140e0 wr=0 wrseen=0x27 addr=0x5a ok=3507 err=1 tmo=0 recov=0 pclk1=200000000 sysclk=400000000
[NAK] nacks=1
[CLK] cpu=800000000 sysb=400000000 pclk1=200000000
[TOF] res=-42 step=1 id=0xa5 blk=0x0 ctl=0x1ff
[DRV] init=0 id=7 mode=0x1 lib=0x2 seq=0x1 odc=0x8b sts=0xe0 armed=1
[TRG] pulses=251 suppressed=3069 cyc=1600 rst=1 rstmode=0x40
[HLT] polls=532 faults=0x0 cfglost=0
[EFF] n=5 last=58500 min=58500 max=58645 late=0 stuck=0
[DWT] ok=1 cyc=1155856458 cyc_per_ms=799999
[HB] up_ms=560985 frames=26686 inf=26686 hazard=3326 canary_err=0 q=0 qovr=0
[I2C] init=0 gate=0 whoami=0x140e0 wr=0 wrseen=0x27 addr=0x5a ok=3509 err=1 tmo=0 recov=0 pclk1=200000000 sysclk=400000000
[NAK] nacks=1
[CLK] cpu=800000000 sysb=400000000 pclk1=200000000
[TOF] res=-42 step=1 id=0xa5 blk=0x0 ctl=0x1ff
[DRV] init=0 id=7 mode=0x1 lib=0x2 seq=0x1 odc=0x8b sts=0xe0 armed=1
[TRG] pulses=252 suppressed=3075 cyc=1600 rst=1 rstmode=0x40
[HLT] polls=533 faults=0x0 cfglost=0
[EFF] n=5 last=58500 min=58500 max=58645 late=0 stuck=0
[DWT] ok=1 cyc=1997458402 cyc_per_ms=800001
[HB] up_ms=562037 frames=26736 inf=26736 hazard=3360 canary_err=0 q=0 qovr=0
[I2C] init=0 gate=0 whoami=0x140e0 wr=0 wrseen=0x27 addr=0x5a ok=3511 err=1 tmo=0 recov=0 pclk1=200000000 sysclk=400000000
[NAK] nacks=1
[CLK] cpu=800000000 sysb=400000000 pclk1=200000000
[TOF] res=-42 step=1 id=0xa5 blk=0x0 ctl=0x1ff
[DRV] init=0 id=7 mode=0x1 lib=0x2 seq=0x1 odc=0x8b sts=0xe0 armed=1
[TRG] pulses=254 suppressed=3106 cyc=1600 rst=1 rstmode=0x40
[HLT] polls=534 faults=0x0 cfglost=0
[EFF] n=5 last=58500 min=58500 max=58645 late=0 stuck=0
[DWT] ok=1 cyc=2839034486 cyc_per_ms=799977
[HB] up_ms=563089 frames=26786 inf=26786 hazard=3360 canary_err=0 q=0 qovr=0
[I2C] init=0 gate=0 whoami=0x140e0 wr=0 wrseen=0x27 addr=0x5a ok=3513 err=1 tmo=0 recov=0 pclk1=200000000 sysclk=400000000
[NAK] nacks=1
[CLK] cpu=800000000 sysb=400000000 pclk1=200000000
[TOF] res=-42 step=1 id=0xa5 blk=0x0 ctl=0x1ff
[DRV] init=0 id=7 mode=0x1 lib=0x2 seq=0x1 odc=0x8b sts=0xe0 armed=1
[TRG] pulses=254 suppressed=3106 cyc=1600 rst=1 rstmode=0x40
[HLT] polls=535 faults=0x0 cfglost=0
[EFF] n=5 last=58500 min=58500 max=58645 late=0 stuck=0
[DWT] ok=1 cyc=3680634502 cyc_per_ms=800000
[HB] up_ms=564141 frames=26836 inf=26836 hazard=3360 canary_err=0 q=0 qovr=0
[I2C] init=0 gate=0 whoami=0x140e0 wr=0 wrseen=0x27 addr=0x5a ok=3515 err=1 tmo=0 recov=0 pclk1=200000000 sysclk=400000000
[NAK] nacks=1
[CLK] cpu=800000000 sysb=400000000 pclk1=200000000
[TOF] res=-42 step=1 id=0xa5 blk=0x0 ctl=0x1ff
[DRV] init=0 id=7 mode=0x1 lib=0x2 seq=0x1 odc=0x8b sts=0xe0 armed=1
[TRG] pulses=254 suppressed=3106 cyc=1600 rst=1 rstmode=0x40
[HLT] polls=536 faults=0x0 cfglost=0
[EFF] n=5 last=58500 min=58500 max=58645 late=0 stuck=0
[DWT] ok=1 cyc=227267230 cyc_per_ms=800000
[HB] up_ms=565193 frames=26886 inf=26886 hazard=3360 canary_err=0 q=0 qovr=0
[I2C] init=0 gate=0 whoami=0x140e0 wr=0 wrseen=0x27 addr=0x5a ok=3517 err=1 tmo=0 recov=0 pclk1=200000000 sysclk=400000000
[NAK] nacks=1
[CLK] cpu=800000000 sysb=400000000 pclk1=200000000
[TOF] res=-42 step=1 id=0xa5 blk=0x0 ctl=0x1ff
[DRV] init=0 id=7 mode=0x1 lib=0x2 seq=0x1 odc=0x8b sts=0xe0 armed=1
[TRG] pulses=254 suppressed=3106 cyc=1600 rst=1 rstmode=0x40
[HLT] polls=537 faults=0x0 cfglost=0
[EFF] n=5 last=58500 min=58500 max=58645 late=0 stuck=0
[DWT] ok=1 cyc=1068867174 cyc_per_ms=799999
[HB] up_ms=566245 frames=26936 inf=26936 hazard=3360 canary_err=0 q=0 qovr=0
[I2C] init=0 gate=0 whoami=0x140e0 wr=0 wrseen=0x27 addr=0x5a ok=3519 err=1 tmo=0 recov=0 pclk1=200000000 sysclk=400000000
[NAK] nacks=1
[CLK] cpu=800000000 sysb=400000000 pclk1=200000000
[TOF] res=-42 step=1 id=0xa5 blk=0x0 ctl=0x1ff
[DRV] init=0 id=7 mode=0x1 lib=0x2 seq=0x1 odc=0x8b sts=0xe0 armed=1
[TRG] pulses=254 suppressed=3106 cyc=1600 rst=1 rstmode=0x40
[HLT] polls=538 faults=0x0 cfglost=0
[EFF] n=5 last=58500 min=58500 max=58645 late=0 stuck=0
[DWT] ok=1 cyc=1910467182 cyc_per_ms=800000
[HB] up_ms=567297 frames=26986 inf=26986 hazard=3360 canary_err=0 q=0 qovr=0
[I2C] init=0 gate=0 whoami=0x140e0 wr=0 wrseen=0x27 addr=0x5a ok=3521 err=1 tmo=0 recov=0 pclk1=200000000 sysclk=400000000
[NAK] nacks=1
[CLK] cpu=800000000 sysb=400000000 pclk1=200000000
[TOF] res=-42 step=1 id=0xa5 blk=0x0 ctl=0x1ff
[DRV] init=0 id=7 mode=0x1 lib=0x2 seq=0x1 odc=0x8b sts=0xe0 armed=1
[TRG] pulses=254 suppressed=3106 cyc=1600 rst=1 rstmode=0x40
[HLT] polls=539 faults=0x0 cfglost=0
[EFF] n=5 last=58500 min=58500 max=58645 late=0 stuck=0
[DWT] ok=1 cyc=2752067182 cyc_per_ms=800000
[HB] up_ms=568349 frames=27036 inf=27036 hazard=3396 canary_err=0 q=0 qovr=0
[I2C] init=0 gate=0 whoami=0x140e0 wr=0 wrseen=0x27 addr=0x5a ok=3523 err=1 tmo=0 recov=0 pclk1=200000000 sysclk=400000000
[NAK] nacks=1
[CLK] cpu=800000000 sysb=400000000 pclk1=200000000
[TOF] res=-42 step=1 id=0xa5 blk=0x0 ctl=0x1ff
[DRV] init=0 id=7 mode=0x1 lib=0x2 seq=0x1 odc=0x8b sts=0xe0 armed=1
[TRG] pulses=257 suppressed=3141 cyc=1600 rst=1 rstmode=0x40
[HLT] polls=540 faults=0x0 cfglost=0
[EFF] n=5 last=58500 min=58500 max=58645 late=0 stuck=0
[DWT] ok=1 cyc=3593669078 cyc_per_ms=800001
[HB] up_ms=569401 frames=27086 inf=27086 hazard=3400 canary_err=0 q=0 qovr=0
[I2C] init=0 gate=0 whoami=0x140e0 wr=0 wrseen=0x27 addr=0x5a ok=3525 err=1 tmo=0 recov=0 pclk1=200000000 sysclk=400000000
[NAK] nacks=1
[CLK] cpu=800000000 sysb=400000000 pclk1=200000000
[TOF] res=-42 step=1 id=0xa5 blk=0x0 ctl=0x1ff
[DRV] init=0 id=7 mode=0x1 lib=0x2 seq=0x1 odc=0x8b sts=0xe0 armed=1
[TRG] pulses=257 suppressed=3143 cyc=1600 rst=1 rstmode=0x40
[HLT] polls=541 faults=0x0 cfglost=0
[EFF] n=5 last=58500 min=58500 max=58645 late=0 stuck=0
[DWT] ok=1 cyc=140321882 cyc_per_ms=800019
[HB] up_ms=570453 frames=27136 inf=27136 hazard=3400 canary_err=0 q=0 qovr=0
[I2C] init=0 gate=0 whoami=0x140e0 wr=0 wrseen=0x27 addr=0x5a ok=3527 err=1 tmo=0 recov=0 pclk1=200000000 sysclk=400000000
[NAK] nacks=1
[CLK] cpu=800000000 sysb=400000000 pclk1=200000000
[TOF] res=-42 step=1 id=0xa5 blk=0x0 ctl=0x1ff
[DRV] init=0 id=7 mode=0x1 lib=0x2 seq=0x1 odc=0x8b sts=0xe0 armed=1
[TRG] pulses=257 suppressed=3143 cyc=1600 rst=1 rstmode=0x40
[HLT] polls=542 faults=0x0 cfglost=0
[EFF] n=5 last=58500 min=58500 max=58645 late=0 stuck=0
[DWT] ok=1 cyc=981921866 cyc_per_ms=799999
[HB] up_ms=571505 frames=27186 inf=27186 hazard=3400 canary_err=0 q=0 qovr=0
[I2C] init=0 gate=0 whoami=0x140e0 wr=0 wrseen=0x27 addr=0x5a ok=3529 err=1 tmo=0 recov=0 pclk1=200000000 sysclk=400000000
[NAK] nacks=1
[CLK] cpu=800000000 sysb=400000000 pclk1=200000000
[TOF] res=-42 step=1 id=0xa5 blk=0x0 ctl=0x1ff
[DRV] init=0 id=7 mode=0x1 lib=0x2 seq=0x1 odc=0x8b sts=0xe0 armed=1
[TRG] pulses=257 suppressed=3143 cyc=1600 rst=1 rstmode=0x40
[HLT] polls=543 faults=0x0 cfglost=0
[EFF] n=5 last=58500 min=58500 max=58645 late=0 stuck=0
[DWT] ok=1 cyc=1823521838 cyc_per_ms=799999
[HB] up_ms=572557 frames=27237 inf=27237 hazard=3400 canary_err=0 q=0 qovr=0
[I2C] init=0 gate=0 whoami=0x140e0 wr=0 wrseen=0x27 addr=0x5a ok=3531 err=1 tmo=0 recov=0 pclk1=200000000 sysclk=400000000
[NAK] nacks=1
[CLK] cpu=800000000 sysb=400000000 pclk1=200000000
[TOF] res=-42 step=1 id=0xa5 blk=0x0 ctl=0x1ff
[DRV] init=0 id=7 mode=0x1 lib=0x2 seq=0x1 odc=0x8b sts=0xe0 armed=1
[TRG] pulses=257 suppressed=3143 cyc=1600 rst=1 rstmode=0x40
[HLT] polls=544 faults=0x0 cfglost=0
[EFF] n=5 last=58500 min=58500 max=58645 late=0 stuck=0
[DWT] ok=1 cyc=2665099922 cyc_per_ms=799979
[HB] up_ms=573609 frames=27287 inf=27287 hazard=3400 canary_err=0 q=0 qovr=0
[I2C] init=0 gate=0 whoami=0x140e0 wr=0 wrseen=0x27 addr=0x5a ok=3533 err=1 tmo=0 recov=0 pclk1=200000000 sysclk=400000000
[NAK] nacks=1
[CLK] cpu=800000000 sysb=400000000 pclk1=200000000
[TOF] res=-42 step=1 id=0xa5 blk=0x0 ctl=0x1ff
[DRV] init=0 id=7 mode=0x1 lib=0x2 seq=0x1 odc=0x8b sts=0xe0 armed=1
[TRG] pulses=257 suppressed=3143 cyc=1600 rst=1 rstmode=0x40
[HLT] polls=545 faults=0x0 cfglost=0
[EFF] n=5 last=58500 min=58500 max=58645 late=0 stuck=0
[DWT] ok=1 cyc=3506699962 cyc_per_ms=800000
[HB] up_ms=574661 frames=27337 inf=27337 hazard=3417 canary_err=0 q=0 qovr=0
[I2C] init=0 gate=0 whoami=0x140e0 wr=0 wrseen=0x27 addr=0x5a ok=3535 err=1 tmo=0 recov=0 pclk1=200000000 sysclk=400000000
[NAK] nacks=1
[CLK] cpu=800000000 sysb=400000000 pclk1=200000000
[TOF] res=-42 step=1 id=0xa5 blk=0x0 ctl=0x1ff
[DRV] init=0 id=7 mode=0x1 lib=0x2 seq=0x1 odc=0x8b sts=0xe0 armed=1
[TRG] pulses=259 suppressed=3159 cyc=1600 rst=1 rstmode=0x40
[HLT] polls=546 faults=0x0 cfglost=0
[EFF] n=5 last=58500 min=58500 max=58645 late=0 stuck=0
[DWT] ok=1 cyc=53334394 cyc_per_ms=800001
[HB] up_ms=575713 frames=27387 inf=27387 hazard=3440 canary_err=0 q=0 qovr=0
[I2C] init=0 gate=0 whoami=0x140e0 wr=0 wrseen=0x27 addr=0x5a ok=3537 err=1 tmo=0 recov=0 pclk1=200000000 sysclk=400000000
[NAK] nacks=1
[CLK] cpu=800000000 sysb=400000000 pclk1=200000000
[TOF] res=-42 step=1 id=0xa5 blk=0x0 ctl=0x1ff
[DRV] init=0 id=7 mode=0x1 lib=0x2 seq=0x1 odc=0x8b sts=0xe0 armed=1
[TRG] pulses=260 suppressed=3180 cyc=1600 rst=1 rstmode=0x40
[HLT] polls=547 faults=0x0 cfglost=0
[EFF] n=5 last=58500 min=58500 max=58645 late=0 stuck=0
[DWT] ok=1 cyc=894932606 cyc_per_ms=799998
[HB] up_ms=576765 frames=27437 inf=27437 hazard=3440 canary_err=0 q=0 qovr=0
[I2C] init=0 gate=0 whoami=0x140e0 wr=0 wrseen=0x27 addr=0x5a ok=3539 err=1 tmo=0 recov=0 pclk1=200000000 sysclk=400000000
[NAK] nacks=1
[CLK] cpu=800000000 sysb=400000000 pclk1=200000000
[TOF] res=-42 step=1 id=0xa5 blk=0x0 ctl=0x1ff
[DRV] init=0 id=7 mode=0x1 lib=0x2 seq=0x1 odc=0x8b sts=0xe0 armed=1
[TRG] pulses=260 suppressed=3180 cyc=1600 rst=1 rstmode=0x40
[HLT] polls=548 faults=0x0 cfglost=0
[EFF] n=5 last=58500 min=58500 max=58645 late=0 stuck=0
[DWT] ok=1 cyc=1736532630 cyc_per_ms=800000
[HB] up_ms=577817 frames=27487 inf=27487 hazard=3440 canary_err=0 q=0 qovr=0
[I2C] init=0 gate=0 whoami=0x140e0 wr=0 wrseen=0x27 addr=0x5a ok=3541 err=1 tmo=0 recov=0 pclk1=200000000 sysclk=400000000
[NAK] nacks=1
[CLK] cpu=800000000 sysb=400000000 pclk1=200000000
[TOF] res=-42 step=1 id=0xa5 blk=0x0 ctl=0x1ff
[DRV] init=0 id=7 mode=0x1 lib=0x2 seq=0x1 odc=0x8b sts=0xe0 armed=1
[TRG] pulses=260 suppressed=3180 cyc=1600 rst=1 rstmode=0x40
[HLT] polls=549 faults=0x0 cfglost=0
[EFF] n=5 last=58500 min=58500 max=58645 late=0 stuck=0
[DWT] ok=1 cyc=2578132630 cyc_per_ms=800000
[HB] up_ms=578869 frames=27537 inf=27537 hazard=3440 canary_err=0 q=0 qovr=0
[I2C] init=0 gate=0 whoami=0x140e0 wr=0 wrseen=0x27 addr=0x5a ok=3543 err=1 tmo=0 recov=0 pclk1=200000000 sysclk=400000000
[NAK] nacks=1
[CLK] cpu=800000000 sysb=400000000 pclk1=200000000
[TOF] res=-42 step=1 id=0xa5 blk=0x0 ctl=0x1ff
[DRV] init=0 id=7 mode=0x1 lib=0x2 seq=0x1 odc=0x8b sts=0xe0 armed=1
[TRG] pulses=260 suppressed=3180 cyc=1600 rst=1 rstmode=0x40
[HLT] polls=550 faults=0x0 cfglost=0
[EFF] n=5 last=58500 min=58500 max=58645 late=0 stuck=0
[DWT] ok=1 cyc=3419732634 cyc_per_ms=800000
[HB] up_ms=579921 frames=27587 inf=27587 hazard=3440 canary_err=0 q=0 qovr=0
[I2C] init=0 gate=0 whoami=0x140e0 wr=0 wrseen=0x27 addr=0x5a ok=3545 err=1 tmo=0 recov=0 pclk1=200000000 sysclk=400000000
[NAK] nacks=1
[CLK] cpu=800000000 sysb=400000000 pclk1=200000000
[TOF] res=-42 step=1 id=0xa5 blk=0x0 ctl=0x1ff
[DRV] init=0 id=7 mode=0x1 lib=0x2 seq=0x1 odc=0x8b sts=0xe0 armed=1
[TRG] pulses=260 suppressed=3180 cyc=1600 rst=1 rstmode=0x40
[HLT] polls=551 faults=0x0 cfglost=0
[EFF] n=5 last=58500 min=58500 max=58645 late=0 stuck=0
[DWT] ok=1 cyc=4261332590 cyc_per_ms=799999
[HB] up_ms=580973 frames=27637 inf=27637 hazard=3440 canary_err=0 q=0 qovr=0
[I2C] init=0 gate=0 whoami=0x140e0 wr=0 wrseen=0x27 addr=0x5a ok=3547 err=1 tmo=0 recov=0 pclk1=200000000 sysclk=400000000
[NAK] nacks=1
[CLK] cpu=800000000 sysb=400000000 pclk1=200000000
[TOF] res=-42 step=1 id=0xa5 blk=0x0 ctl=0x1ff
[DRV] init=0 id=7 mode=0x1 lib=0x2 seq=0x1 odc=0x8b sts=0xe0 armed=1
[TRG] pulses=260 suppressed=3180 cyc=1600 rst=1 rstmode=0x40
[HLT] polls=552 faults=0x0 cfglost=0
[EFF] n=5 last=58500 min=58500 max=58645 late=0 stuck=0
[DWT] ok=1 cyc=807987226 cyc_per_ms=800020
[HB] up_ms=582025 frames=27687 inf=27687 hazard=3480 canary_err=0 q=0 qovr=0
[I2C] init=0 gate=0 whoami=0x140e0 wr=0 wrseen=0x27 addr=0x5a ok=3549 err=1 tmo=0 recov=0 pclk1=200000000 sysclk=400000000
[NAK] nacks=1
[CLK] cpu=800000000 sysb=400000000 pclk1=200000000
[TOF] res=-42 step=1 id=0xa5 blk=0x0 ctl=0x1ff
[DRV] init=0 id=7 mode=0x1 lib=0x2 seq=0x1 odc=0x8b sts=0xe0 armed=1
[TRG] pulses=263 suppressed=3217 cyc=1600 rst=1 rstmode=0x40
[HLT] polls=553 faults=0x0 cfglost=0
[EFF] n=5 last=58500 min=58500 max=58645 late=0 stuck=0
[DWT] ok=1 cyc=1649587290 cyc_per_ms=800000
[HB] up_ms=583077 frames=27738 inf=27738 hazard=3480 canary_err=0 q=0 qovr=0
[I2C] init=0 gate=0 whoami=0x140e0 wr=0 wrseen=0x27 addr=0x5a ok=3551 err=1 tmo=0 recov=0 pclk1=200000000 sysclk=400000000
[NAK] nacks=1
[CLK] cpu=800000000 sysb=400000000 pclk1=200000000
[TOF] res=-42 step=1 id=0xa5 blk=0x0 ctl=0x1ff
[DRV] init=0 id=7 mode=0x1 lib=0x2 seq=0x1 odc=0x8b sts=0xe0 armed=1
[TRG] pulses=263 suppressed=3217 cyc=1600 rst=1 rstmode=0x40
[HLT] polls=554 faults=0x0 cfglost=0
[EFF] n=5 last=58500 min=58500 max=58645 late=0 stuck=0
[DWT] ok=1 cyc=2491186562 cyc_per_ms=799999
[HB] up_ms=584129 frames=27788 inf=27788 hazard=3480 canary_err=0 q=0 qovr=0
[I2C] init=0 gate=0 whoami=0x140e0 wr=0 wrseen=0x27 addr=0x5a ok=3553 err=1 tmo=0 recov=0 pclk1=200000000 sysclk=400000000
[NAK] nacks=1
[CLK] cpu=800000000 sysb=400000000 pclk1=200000000
[TOF] res=-42 step=1 id=0xa5 blk=0x0 ctl=0x1ff
[DRV] init=0 id=7 mode=0x1 lib=0x2 seq=0x1 odc=0x8b sts=0xe0 armed=1
[TRG] pulses=263 suppressed=3217 cyc=1600 rst=1 rstmode=0x40
[HLT] polls=555 faults=0x0 cfglost=0
[EFF] n=5 last=58500 min=58500 max=58645 late=0 stuck=0
[DWT] ok=1 cyc=3332765366 cyc_per_ms=799979
[HB] up_ms=585181 frames=27838 inf=27838 hazard=3480 canary_err=0 q=0 qovr=0
[I2C] init=0 gate=0 whoami=0x140e0 wr=0 wrseen=0x27 addr=0x5a ok=3555 err=1 tmo=0 recov=0 pclk1=200000000 sysclk=400000000
[NAK] nacks=1
[CLK] cpu=800000000 sysb=400000000 pclk1=200000000
[TOF] res=-42 step=1 id=0xa5 blk=0x0 ctl=0x1ff
[DRV] init=0 id=7 mode=0x1 lib=0x2 seq=0x1 odc=0x8b sts=0xe0 armed=1
[TRG] pulses=263 suppressed=3217 cyc=1600 rst=1 rstmode=0x40
[HLT] polls=556 faults=0x0 cfglost=0
[EFF] n=5 last=58500 min=58500 max=58645 late=0 stuck=0
[DWT] ok=1 cyc=4174365294 cyc_per_ms=799999
[HB] up_ms=586233 frames=27888 inf=27888 hazard=3480 canary_err=0 q=0 qovr=0
[I2C] init=0 gate=0 whoami=0x140e0 wr=0 wrseen=0x27 addr=0x5a ok=3557 err=1 tmo=0 recov=0 pclk1=200000000 sysclk=400000000
[NAK] nacks=1
[CLK] cpu=800000000 sysb=400000000 pclk1=200000000
[TOF] res=-42 step=1 id=0xa5 blk=0x0 ctl=0x1ff
[DRV] init=0 id=7 mode=0x1 lib=0x2 seq=0x1 odc=0x8b sts=0xe0 armed=1
[TRG] pulses=263 suppressed=3217 cyc=1600 rst=1 rstmode=0x40
[HLT] polls=557 faults=0x0 cfglost=0
[EFF] n=5 last=58500 min=58500 max=58645 late=0 stuck=0
[DWT] ok=1 cyc=720998030 cyc_per_ms=800000
[HB] up_ms=587285 frames=27938 inf=27938 hazard=3480 canary_err=0 q=0 qovr=0
[I2C] init=0 gate=0 whoami=0x140e0 wr=0 wrseen=0x27 addr=0x5a ok=3559 err=1 tmo=0 recov=0 pclk1=200000000 sysclk=400000000
[NAK] nacks=1
[CLK] cpu=800000000 sysb=400000000 pclk1=200000000
[TOF] res=-42 step=1 id=0xa5 blk=0x0 ctl=0x1ff
[DRV] init=0 id=7 mode=0x1 lib=0x2 seq=0x1 odc=0x8b sts=0xe0 armed=1
[TRG] pulses=263 suppressed=3217 cyc=1600 rst=1 rstmode=0x40
[HLT] polls=558 faults=0x0 cfglost=0
[EFF] n=5 last=58500 min=58500 max=58645 late=0 stuck=0
[DWT] ok=1 cyc=1562598062 cyc_per_ms=800000
[HB] up_ms=588337 frames=27988 inf=27988 hazard=3508 canary_err=0 q=0 qovr=0
[I2C] init=0 gate=0 whoami=0x140e0 wr=0 wrseen=0x27 addr=0x5a ok=3561 err=1 tmo=0 recov=0 pclk1=200000000 sysclk=400000000
[NAK] nacks=1
[CLK] cpu=800000000 sysb=400000000 pclk1=200000000
[TOF] res=-42 step=1 id=0xa5 blk=0x0 ctl=0x1ff
[DRV] init=0 id=7 mode=0x1 lib=0x2 seq=0x1 odc=0x8b sts=0xe0 armed=1
[TRG] pulses=266 suppressed=3244 cyc=1600 rst=1 rstmode=0x40
[HLT] polls=559 faults=0x0 cfglost=0
[EFF] n=5 last=58500 min=58500 max=58645 late=0 stuck=0
[DWT] ok=1 cyc=2404202298 cyc_per_ms=800004
[HB] up_ms=589389 frames=28038 inf=28038 hazard=3520 canary_err=0 q=0 qovr=0
[I2C] init=0 gate=0 whoami=0x140e0 wr=0 wrseen=0x27 addr=0x5a ok=3563 err=1 tmo=0 recov=0 pclk1=200000000 sysclk=400000000
[NAK] nacks=1
[CLK] cpu=800000000 sysb=400000000 pclk1=200000000
[TOF] res=-42 step=1 id=0xa5 blk=0x0 ctl=0x1ff
[DRV] init=0 id=7 mode=0x1 lib=0x2 seq=0x1 odc=0x8b sts=0xe0 armed=1
[TRG] pulses=266 suppressed=3254 cyc=1600 rst=1 rstmode=0x40
[HLT] polls=560 faults=0x0 cfglost=0
[EFF] n=5 last=58500 min=58500 max=58645 late=0 stuck=0
[DWT] ok=1 cyc=3245797994 cyc_per_ms=799995
[HB] up_ms=590441 frames=28088 inf=28088 hazard=3520 canary_err=0 q=0 qovr=0
[I2C] init=0 gate=0 whoami=0x140e0 wr=0 wrseen=0x27 addr=0x5a ok=3565 err=1 tmo=0 recov=0 pclk1=200000000 sysclk=400000000
[NAK] nacks=1
[CLK] cpu=800000000 sysb=400000000 pclk1=200000000
[TOF] res=-42 step=1 id=0xa5 blk=0x0 ctl=0x1ff
[DRV] init=0 id=7 mode=0x1 lib=0x2 seq=0x1 odc=0x8b sts=0xe0 armed=1
[TRG] pulses=266 suppressed=3254 cyc=1600 rst=1 rstmode=0x40
[HLT] polls=561 faults=0x0 cfglost=0
[EFF] n=5 last=58500 min=58500 max=58645 late=0 stuck=0
[DWT] ok=1 cyc=4087397998 cyc_per_ms=800000
[HB] up_ms=591493 frames=28138 inf=28138 hazard=3520 canary_err=0 q=0 qovr=0
[I2C] init=0 gate=0 whoami=0x140e0 wr=0 wrseen=0x27 addr=0x5a ok=3567 err=1 tmo=0 recov=0 pclk1=200000000 sysclk=400000000
[NAK] nacks=1
[CLK] cpu=800000000 sysb=400000000 pclk1=200000000
[TOF] res=-42 step=1 id=0xa5 blk=0x0 ctl=0x1ff
[DRV] init=0 id=7 mode=0x1 lib=0x2 seq=0x1 odc=0x8b sts=0xe0 armed=1
[TRG] pulses=266 suppressed=3254 cyc=1600 rst=1 rstmode=0x40
[HLT] polls=562 faults=0x0 cfglost=0
[EFF] n=5 last=58500 min=58500 max=58645 late=0 stuck=0
[DWT] ok=1 cyc=634052634 cyc_per_ms=800020
[HB] up_ms=592545 frames=28188 inf=28188 hazard=3520 canary_err=0 q=0 qovr=0
[I2C] init=0 gate=0 whoami=0x140e0 wr=0 wrseen=0x27 addr=0x5a ok=3569 err=1 tmo=0 recov=0 pclk1=200000000 sysclk=400000000
[NAK] nacks=1
[CLK] cpu=800000000 sysb=400000000 pclk1=200000000
[TOF] res=-42 step=1 id=0xa5 blk=0x0 ctl=0x1ff
[DRV] init=0 id=7 mode=0x1 lib=0x2 seq=0x1 odc=0x8b sts=0xe0 armed=1
[TRG] pulses=266 suppressed=3254 cyc=1600 rst=1 rstmode=0x40
[HLT] polls=563 faults=0x0 cfglost=0
[EFF] n=5 last=58500 min=58500 max=58645 late=0 stuck=0
[DWT] ok=1 cyc=1475652706 cyc_per_ms=800000
[HB] up_ms=593597 frames=28238 inf=28238 hazard=3520 canary_err=0 q=0 qovr=0
[I2C] init=0 gate=0 whoami=0x140e0 wr=0 wrseen=0x27 addr=0x5a ok=3571 err=1 tmo=0 recov=0 pclk1=200000000 sysclk=400000000
[NAK] nacks=1
[CLK] cpu=800000000 sysb=400000000 pclk1=200000000
[TOF] res=-42 step=1 id=0xa5 blk=0x0 ctl=0x1ff
[DRV] init=0 id=7 mode=0x1 lib=0x2 seq=0x1 odc=0x8b sts=0xe0 armed=1
[TRG] pulses=266 suppressed=3254 cyc=1600 rst=1 rstmode=0x40
[HLT] polls=564 faults=0x0 cfglost=0
[EFF] n=5 last=58500 min=58500 max=58645 late=0 stuck=0
[DWT] ok=1 cyc=2317252682 cyc_per_ms=799999
[HB] up_ms=594649 frames=28289 inf=28289 hazard=3529 canary_err=0 q=0 qovr=0
[I2C] init=0 gate=0 whoami=0x140e0 wr=0 wrseen=0x27 addr=0x5a ok=3573 err=1 tmo=0 recov=0 pclk1=200000000 sysclk=400000000
[NAK] nacks=1
[CLK] cpu=800000000 sysb=400000000 pclk1=200000000
[TOF] res=-42 step=1 id=0xa5 blk=0x0 ctl=0x1ff
[DRV] init=0 id=7 mode=0x1 lib=0x2 seq=0x1 odc=0x8b sts=0xe0 armed=1
[TRG] pulses=267 suppressed=3263 cyc=1600 rst=1 rstmode=0x40
[HLT] polls=565 faults=0x0 cfglost=0
[EFF] n=5 last=58500 min=58500 max=58645 late=0 stuck=0
[DWT] ok=1 cyc=3158832562 cyc_per_ms=799980
[HB] up_ms=595701 frames=28339 inf=28339 hazard=3560 canary_err=0 q=0 qovr=0
[I2C] init=0 gate=0 whoami=0x140e0 wr=0 wrseen=0x27 addr=0x5a ok=3575 err=1 tmo=0 recov=0 pclk1=200000000 sysclk=400000000
[NAK] nacks=1
[CLK] cpu=800000000 sysb=400000000 pclk1=200000000
[TOF] res=-42 step=1 id=0xa5 blk=0x0 ctl=0x1ff
[DRV] init=0 id=7 mode=0x1 lib=0x2 seq=0x1 odc=0x8b sts=0xe0 armed=1
[TRG] pulses=269 suppressed=3291 cyc=1600 rst=1 rstmode=0x40
[HLT] polls=566 faults=0x0 cfglost=0
[EFF] n=5 last=58500 min=58500 max=58645 late=0 stuck=0
[DWT] ok=1 cyc=4000430778 cyc_per_ms=799998
[HB] up_ms=596753 frames=28389 inf=28389 hazard=3560 canary_err=0 q=0 qovr=0
[I2C] init=0 gate=0 whoami=0x140e0 wr=0 wrseen=0x27 addr=0x5a ok=3577 err=1 tmo=0 recov=0 pclk1=200000000 sysclk=400000000
[NAK] nacks=1
[CLK] cpu=800000000 sysb=400000000 pclk1=200000000
[TOF] res=-42 step=1 id=0xa5 blk=0x0 ctl=0x1ff
[DRV] init=0 id=7 mode=0x1 lib=0x2 seq=0x1 odc=0x8b sts=0xe0 armed=1
[TRG] pulses=269 suppressed=3291 cyc=1600 rst=1 rstmode=0x40
[HLT] polls=567 faults=0x0 cfglost=0
[EFF] n=5 last=58500 min=58500 max=58645 late=0 stuck=0
[DWT] ok=1 cyc=547063406 cyc_per_ms=799999
[HB] up_ms=597805 frames=28439 inf=28439 hazard=3560 canary_err=0 q=0 qovr=0
[I2C] init=0 gate=0 whoami=0x140e0 wr=0 wrseen=0x27 addr=0x5a ok=3579 err=1 tmo=0 recov=0 pclk1=200000000 sysclk=400000000
[NAK] nacks=1
[CLK] cpu=800000000 sysb=400000000 pclk1=200000000
[TOF] res=-42 step=1 id=0xa5 blk=0x0 ctl=0x1ff
[DRV] init=0 id=7 mode=0x1 lib=0x2 seq=0x1 odc=0x8b sts=0xe0 armed=1
[TRG] pulses=269 suppressed=3291 cyc=1600 rst=1 rstmode=0x40
[HLT] polls=568 faults=0x0 cfglost=0
[EFF] n=5 last=58500 min=58500 max=58645 late=0 stuck=0
[DWT] ok=1 cyc=1388663446 cyc_per_ms=800000
