1788535978.043185 [HB] up_ms=985974 frames=44595 inf=44595 hazard=5699 canary_err=0 q=0 qovr=0
1788535978.054692 [I2C] init=0 gate=0 whoami=0x140e0 wr=0 wrseen=0x27 addr=0x5a ok=272014 err=22 tmo=0 recov=48 pclk1=200000000 sysclk=400000000
1788535978.056213 [NAK] nacks=18
1788535978.060678 [CLK] cpu=800000000 sysb=400000000 pclk1=200000000
1788535978.065210 [TOF] res=0 step=0 id=0xeacc blk=0xeacc10 ctl=0x0
1788535978.071058 [RNG] init=0 step=99 id=0xeacc boot=1 calls=93 xerr=0 dm=1 tb=15
1788535978.078049 [RNG] osc=41 imp=881 imprb=881 mstart=0x40 cfg=91 cfgfail=0x0 vhv=0 vpolls=0
1788535978.084305 [PRT] calls=178499 xerr=0 ler=1 lidx=0x0 perr=0 maxcnt=17 addr8=0x52
1788535978.088304 [RTY] wr=0 wmax=0 wref=0  rd=0 rmax=0 rref=0
1788535978.096180 [RNG] frames=44597 last=47 min=28 max=170 nrdy=0 dxfer=0 dstat=0 lst=0 nrdyerr=0 dclr=0
1788535978.102558 [DRV] init=0 id=7 mode=0x1 lib=0x2 seq=0x1 odc=0x8b sts=0xe0 armed=1
1788535978.108051 [TRG] pulses=419 suppressed=5280 cyc=1600 rst=1 rstmode=0x40
1788535978.111423 [HLT] polls=891 faults=0x0 cfglost=0
1788535978.117174 [EFF] n=5 last=58533 min=58470 max=58534 late=0 stuck=0 rderr=0
1788535978.127437 [IMU] init=0 addr=0x68 who=0x68 rst=1 pmrb0=0x40 pmrb=0x1 sr=19 cfg=4 gcfg=0x0 acfg=0x8 icfg=0x30 ien=0x1 armed=1
1788535978.132926 [ACC] reads=44577 stale=44533 rderr=22 ax=72 ay=-123 az=1120
1788535978.135550 [PWR] pm=0x1 drift=0 rderr=0
1788535978.139544 [DWT] ok=1 cyc=2726832450 cyc_per_ms=800000
1788535979.154006 [HB] up_ms=987077 frames=44645 inf=44645 hazard=5740 canary_err=0 q=0 qovr=0
1788535979.165133 [I2C] init=0 gate=0 whoami=0x140e0 wr=0 wrseen=0x27 addr=0x5a ok=272316 err=22 tmo=0 recov=48 pclk1=200000000 sysclk=400000000
1788535979.166728 [NAK] nacks=18
1788535979.171368 [CLK] cpu=800000000 sysb=400000000 pclk1=200000000
1788535979.176930 [TOF] res=0 step=0 id=0xeacc blk=0xeacc10 ctl=0x0
1788535979.181624 [RNG] init=0 step=99 id=0xeacc boot=1 calls=93 xerr=0 dm=1 tb=15
1788535979.188592 [RNG] osc=41 imp=881 imprb=881 mstart=0x40 cfg=91 cfgfail=0x0 vhv=0 vpolls=0
1788535979.194837 [PRT] calls=178697 xerr=0 ler=1 lidx=0x0 perr=0 maxcnt=17 addr8=0x52
1788535979.198965 [RTY] wr=0 wmax=0 wref=0  rd=0 rmax=0 rref=0
1788535979.206843 [RNG] frames=44647 last=42 min=28 max=170 nrdy=0 dxfer=0 dstat=0 lst=0 nrdyerr=0 dclr=0
1788535979.213116 [DRV] init=0 id=7 mode=0x1 lib=0x2 seq=0x1 odc=0x8b sts=0xe0 armed=1
1788535979.218622 [TRG] pulses=422 suppressed=5318 cyc=1600 rst=1 rstmode=0x40
1788535979.221992 [HLT] polls=892 faults=0x0 cfglost=0
1788535979.227754 [EFF] n=5 last=58533 min=58470 max=58534 late=0 stuck=0 rderr=0
1788535979.238144 [IMU] init=0 addr=0x68 who=0x68 rst=1 pmrb0=0x40 pmrb=0x1 sr=19 cfg=4 gcfg=0x0 acfg=0x8 icfg=0x30 ien=0x1 armed=1
1788535979.243497 [ACC] reads=44627 stale=44583 rderr=22 ax=76 ay=-120 az=1114
1788535979.246245 [PWR] pm=0x1 drift=0 rderr=0
1788535979.250126 [DWT] ok=1 cyc=3609232578 cyc_per_ms=800000
1788535980.264700 [HB] up_ms=988180 frames=44695 inf=44695 hazard=5740 canary_err=0 q=0 qovr=0
1788535980.275922 [I2C] init=0 gate=0 whoami=0x140e0 wr=0 wrseen=0x27 addr=0x5a ok=272618 err=22 tmo=0 recov=48 pclk1=200000000 sysclk=400000000
1788535980.277437 [NAK] nacks=18
1788535980.282188 [CLK] cpu=800000000 sysb=400000000 pclk1=200000000
1788535980.286699 [TOF] res=0 step=0 id=0xeacc blk=0xeacc10 ctl=0x0
1788535980.292420 [RNG] init=0 step=99 id=0xeacc boot=1 calls=93 xerr=0 dm=1 tb=15
1788535980.299336 [RNG] osc=41 imp=881 imprb=881 mstart=0x40 cfg=91 cfgfail=0x0 vhv=0 vpolls=0
1788535980.305672 [PRT] calls=178897 xerr=0 ler=1 lidx=0x0 perr=0 maxcnt=17 addr8=0x52
1788535980.309820 [RTY] wr=0 wmax=0 wref=0  rd=0 rmax=0 rref=0
1788535980.317717 [RNG] frames=44697 last=41 min=28 max=170 nrdy=0 dxfer=0 dstat=0 lst=0 nrdyerr=0 dclr=0
1788535980.323969 [DRV] init=0 id=7 mode=0x1 lib=0x2 seq=0x1 odc=0x8b sts=0xe0 armed=1
1788535980.329526 [TRG] pulses=422 suppressed=5318 cyc=1600 rst=1 rstmode=0x40
1788535980.332793 [HLT] polls=893 faults=0x0 cfglost=0
1788535980.338570 [EFF] n=5 last=58533 min=58470 max=58534 late=0 stuck=0 rderr=0
1788535980.348937 [IMU] init=0 addr=0x68 who=0x68 rst=1 pmrb0=0x40 pmrb=0x1 sr=19 cfg=4 gcfg=0x0 acfg=0x8 icfg=0x30 ien=0x1 armed=1
1788535980.354459 [ACC] reads=44677 stale=44633 rderr=22 ax=77 ay=-119 az=1115
1788535980.357075 [PWR] pm=0x1 drift=0 rderr=0
1788535980.360919 [DWT] ok=1 cyc=196664702 cyc_per_ms=799999
1788535981.374396 [HB] up_ms=989283 frames=44745 inf=44745 hazard=5740 canary_err=0 q=0 qovr=0
1788535981.386378 [I2C] init=0 gate=0 whoami=0x140e0 wr=0 wrseen=0x27 addr=0x5a ok=272920 err=22 tmo=0 recov=48 pclk1=200000000 sysclk=400000000
1788535981.387212 [NAK] nacks=18
1788535981.391817 [CLK] cpu=800000000 sysb=400000000 pclk1=200000000
1788535981.396329 [TOF] res=0 step=0 id=0xeacc blk=0xeacc10 ctl=0x0
1788535981.402162 [RNG] init=0 step=99 id=0xeacc boot=1 calls=93 xerr=0 dm=1 tb=15
1788535981.408982 [RNG] osc=41 imp=881 imprb=881 mstart=0x40 cfg=91 cfgfail=0x0 vhv=0 vpolls=0
1788535981.415342 [PRT] calls=179097 xerr=0 ler=1 lidx=0x0 perr=0 maxcnt=17 addr8=0x52
1788535981.419345 [RTY] wr=0 wmax=0 wref=0  rd=0 rmax=0 rref=0
1788535981.427217 [RNG] frames=44747 last=47 min=28 max=170 nrdy=0 dxfer=0 dstat=0 lst=0 nrdyerr=0 dclr=0
1788535981.433395 [DRV] init=0 id=7 mode=0x1 lib=0x2 seq=0x1 odc=0x8b sts=0xe0 armed=1
1788535981.438993 [TRG] pulses=422 suppressed=5318 cyc=1600 rst=1 rstmode=0x40
1788535981.442340 [HLT] polls=894 faults=0x0 cfglost=0
1788535981.448073 [EFF] n=5 last=58533 min=58470 max=58534 late=0 stuck=0 rderr=0
1788535981.458343 [IMU] init=0 addr=0x68 who=0x68 rst=1 pmrb0=0x40 pmrb=0x1 sr=19 cfg=4 gcfg=0x0 acfg=0x8 icfg=0x30 ien=0x1 armed=1
1788535981.463773 [ACC] reads=44727 stale=44683 rderr=22 ax=75 ay=-121 az=1118
1788535981.466505 [PWR] pm=0x1 drift=0 rderr=0
1788535981.470477 [DWT] ok=1 cyc=1079065170 cyc_per_ms=800000
1788535982.481873 [HB] up_ms=990386 frames=44795 inf=44795 hazard=5740 canary_err=0 q=0 qovr=0
1788535982.493044 [I2C] init=0 gate=0 whoami=0x140e0 wr=0 wrseen=0x27 addr=0x5a ok=273222 err=22 tmo=0 recov=48 pclk1=200000000 sysclk=400000000
1788535982.494477 [NAK] nacks=18
1788535982.499175 [CLK] cpu=800000000 sysb=400000000 pclk1=200000000
1788535982.503652 [TOF] res=0 step=0 id=0xeacc blk=0xeacc10 ctl=0x0
1788535982.510380 [RNG] init=0 step=99 id=0xeacc boot=1 calls=93 xerr=0 dm=1 tb=15
1788535982.516363 [RNG] osc=41 imp=881 imprb=881 mstart=0x40 cfg=91 cfgfail=0x0 vhv=0 vpolls=0
1788535982.522702 [PRT] calls=179297 xerr=0 ler=1 lidx=0x0 perr=0 maxcnt=17 addr8=0x52
1788535982.526697 [RTY] wr=0 wmax=0 wref=0  rd=0 rmax=0 rref=0
1788535982.534541 [RNG] frames=44797 last=45 min=28 max=170 nrdy=0 dxfer=0 dstat=0 lst=0 nrdyerr=0 dclr=0
1788535982.540770 [DRV] init=0 id=7 mode=0x1 lib=0x2 seq=0x1 odc=0x8b sts=0xe0 armed=1
1788535982.546360 [TRG] pulses=422 suppressed=5318 cyc=1600 rst=1 rstmode=0x40
1788535982.549717 [HLT] polls=895 faults=0x0 cfglost=0
1788535982.555444 [EFF] n=5 last=58533 min=58470 max=58534 late=0 stuck=0 rderr=0
1788535982.565630 [IMU] init=0 addr=0x68 who=0x68 rst=1 pmrb0=0x40 pmrb=0x1 sr=19 cfg=4 gcfg=0x0 acfg=0x8 icfg=0x30 ien=0x1 armed=1
1788535982.571155 [ACC] reads=44776 stale=44733 rderr=22 ax=76 ay=-121 az=1115
1788535982.573746 [PWR] pm=0x1 drift=0 rderr=0
1788535982.577978 [DWT] ok=1 cyc=1961494426 cyc_per_ms=800026
1788535983.589144 [HB] up_ms=991489 frames=44844 inf=44844 hazard=5740 canary_err=0 q=0 qovr=0
1788535983.600234 [I2C] init=0 gate=0 whoami=0x140e0 wr=0 wrseen=0x27 addr=0x5a ok=273524 err=22 tmo=0 recov=48 pclk1=200000000 sysclk=400000000
1788535983.601584 [NAK] nacks=18
1788535983.606342 [CLK] cpu=800000000 sysb=400000000 pclk1=200000000
1788535983.610927 [TOF] res=0 step=0 id=0xeacc blk=0xeacc10 ctl=0x0
1788535983.616690 [RNG] init=0 step=99 id=0xeacc boot=1 calls=93 xerr=0 dm=1 tb=15
1788535983.623540 [RNG] osc=41 imp=881 imprb=881 mstart=0x40 cfg=91 cfgfail=0x0 vhv=0 vpolls=0
1788535983.629877 [PRT] calls=179497 xerr=0 ler=1 lidx=0x0 perr=0 maxcnt=17 addr8=0x52
1788535983.633979 [RTY] wr=0 wmax=0 wref=0  rd=0 rmax=0 rref=0
1788535983.641850 [RNG] frames=44847 last=47 min=28 max=170 nrdy=0 dxfer=0 dstat=0 lst=0 nrdyerr=0 dclr=0
1788535983.647927 [DRV] init=0 id=7 mode=0x1 lib=0x2 seq=0x1 odc=0x8b sts=0xe0 armed=1
1788535983.653553 [TRG] pulses=422 suppressed=5318 cyc=1600 rst=1 rstmode=0x40
1788535983.658219 [HLT] polls=896 faults=0x0 cfglost=0
1788535983.662603 [EFF] n=5 last=58533 min=58470 max=58534 late=0 stuck=0 rderr=0
1788535983.672706 [IMU] init=0 addr=0x68 who=0x68 rst=1 pmrb0=0x40 pmrb=0x1 sr=19 cfg=4 gcfg=0x0 acfg=0x8 icfg=0x30 ien=0x1 armed=1
1788535983.678423 [ACC] reads=44826 stale=44781 rderr=22 ax=76 ay=-121 az=1115
1788535983.681030 [PWR] pm=0x1 drift=0 rderr=0
1788535983.685041 [DWT] ok=1 cyc=2843998334 cyc_per_ms=800094
1788535984.696688 [HB] up_ms=992592 frames=44894 inf=44894 hazard=5740 canary_err=0 q=0 qovr=0
1788535984.708062 [I2C] init=0 gate=0 whoami=0x140e0 wr=0 wrseen=0x27 addr=0x5a ok=273826 err=22 tmo=0 recov=48 pclk1=200000000 sysclk=400000000
1788535984.709403 [NAK] nacks=18
1788535984.714031 [CLK] cpu=800000000 sysb=400000000 pclk1=200000000
1788535984.718618 [TOF] res=0 step=0 id=0xeacc blk=0xeacc10 ctl=0x0
1788535984.724468 [RNG] init=0 step=99 id=0xeacc boot=1 calls=93 xerr=0 dm=1 tb=15
1788535984.731323 [RNG] osc=41 imp=881 imprb=881 mstart=0x40 cfg=91 cfgfail=0x0 vhv=0 vpolls=0
1788535984.737553 [PRT] calls=179697 xerr=0 ler=1 lidx=0x0 perr=0 maxcnt=17 addr8=0x52
1788535984.741763 [RTY] wr=0 wmax=0 wref=0  rd=0 rmax=0 rref=0
1788535984.749610 [RNG] frames=44897 last=51 min=28 max=170 nrdy=0 dxfer=0 dstat=0 lst=0 nrdyerr=0 dclr=0
1788535984.755725 [DRV] init=0 id=7 mode=0x1 lib=0x2 seq=0x1 odc=0x8b sts=0xe0 armed=1
1788535984.761202 [TRG] pulses=422 suppressed=5318 cyc=1600 rst=1 rstmode=0x40
1788535984.764704 [HLT] polls=897 faults=0x0 cfglost=0
1788535984.770411 [EFF] n=5 last=58533 min=58470 max=58534 late=0 stuck=0 rderr=0
1788535984.780491 [IMU] init=0 addr=0x68 who=0x68 rst=1 pmrb0=0x40 pmrb=0x1 sr=19 cfg=4 gcfg=0x0 acfg=0x8 icfg=0x30 ien=0x1 armed=1
1788535984.786117 [ACC] reads=44876 stale=44831 rderr=22 ax=75 ay=-120 az=1113
1788535984.788850 [PWR] pm=0x1 drift=0 rderr=0
1788535984.792812 [DWT] ok=1 cyc=3726398774 cyc_per_ms=800000
1788535985.804335 [HB] up_ms=993695 frames=44944 inf=44944 hazard=5764 canary_err=0 q=0 qovr=0
1788535985.815540 [I2C] init=0 gate=0 whoami=0x140e0 wr=0 wrseen=0x27 addr=0x5a ok=274128 err=22 tmo=0 recov=48 pclk1=200000000 sysclk=400000000
1788535985.817023 [NAK] nacks=18
1788535985.821507 [CLK] cpu=800000000 sysb=400000000 pclk1=200000000
1788535985.826133 [TOF] res=0 step=0 id=0xeacc blk=0xeacc10 ctl=0x0
1788535985.831974 [RNG] init=0 step=99 id=0xeacc boot=1 calls=93 xerr=0 dm=1 tb=15
1788535985.838946 [RNG] osc=41 imp=881 imprb=881 mstart=0x40 cfg=91 cfgfail=0x0 vhv=0 vpolls=0
1788535985.845055 [PRT] calls=179897 xerr=0 ler=1 lidx=0x0 perr=0 maxcnt=17 addr8=0x52
1788535985.849286 [RTY] wr=0 wmax=0 wref=0  rd=0 rmax=0 rref=0
1788535985.857146 [RNG] frames=44946 last=41 min=28 max=170 nrdy=0 dxfer=0 dstat=0 lst=0 nrdyerr=0 dclr=0
1788535985.863243 [DRV] init=0 id=7 mode=0x1 lib=0x2 seq=0x1 odc=0x8b sts=0xe0 armed=1
1788535985.868726 [TRG] pulses=424 suppressed=5343 cyc=1600 rst=1 rstmode=0x40
1788535985.872235 [HLT] polls=898 faults=0x0 cfglost=0
1788535985.877950 [EFF] n=5 last=58533 min=58470 max=58534 late=0 stuck=0 rderr=0
1788535985.888033 [IMU] init=0 addr=0x68 who=0x68 rst=1 pmrb0=0x40 pmrb=0x1 sr=19 cfg=4 gcfg=0x0 acfg=0x8 icfg=0x30 ien=0x1 armed=1
1788535985.893528 [ACC] reads=44926 stale=44881 rderr=22 ax=75 ay=-121 az=1113
1788535985.896389 [PWR] pm=0x1 drift=0 rderr=0
1788535985.900259 [DWT] ok=1 cyc=313838666 cyc_per_ms=800006
1788535986.911692 [HB] up_ms=994798 frames=44994 inf=44994 hazard=5781 canary_err=0 q=0 qovr=0
1788535986.923120 [I2C] init=0 gate=0 whoami=0x140e0 wr=0 wrseen=0x27 addr=0x5a ok=274426 err=22 tmo=0 recov=48 pclk1=200000000 sysclk=400000000
1788535986.924506 [NAK] nacks=18
1788535986.929127 [CLK] cpu=800000000 sysb=400000000 pclk1=200000000
1788535986.933608 [TOF] res=0 step=0 id=0xeacc blk=0xeacc10 ctl=0x0
1788535986.939579 [RNG] init=0 step=99 id=0xeacc boot=1 calls=93 xerr=0 dm=1 tb=15
1788535986.946427 [RNG] osc=41 imp=881 imprb=881 mstart=0x40 cfg=91 cfgfail=0x0 vhv=0 vpolls=0
1788535986.952553 [PRT] calls=180097 xerr=0 ler=1 lidx=0x0 perr=0 maxcnt=17 addr8=0x52
1788535986.956656 [RTY] wr=0 wmax=0 wref=0  rd=0 rmax=0 rref=0
1788535986.964651 [RNG] frames=44996 last=36 min=28 max=170 nrdy=0 dxfer=0 dstat=0 lst=0 nrdyerr=0 dclr=0
1788535986.970718 [DRV] init=0 id=7 mode=0x1 lib=0x2 seq=0x1 odc=0x8b sts=0xe0 armed=1
1788535986.976202 [TRG] pulses=425 suppressed=5356 cyc=1600 rst=1 rstmode=0x40
1788535986.979567 [HLT] polls=899 faults=0x0 cfglost=0
1788535986.985445 [EFF] n=5 last=58533 min=58470 max=58534 late=0 stuck=0 rderr=0
1788535986.995533 [IMU] init=0 addr=0x68 who=0x68 rst=1 pmrb0=0x40 pmrb=0x1 sr=19 cfg=4 gcfg=0x0 acfg=0x8 icfg=0x30 ien=0x1 armed=1
1788535987.001037 [ACC] reads=44976 stale=44931 rderr=22 ax=75 ay=-121 az=1114
1788535987.003740 [PWR] pm=0x1 drift=0 rderr=0
1788535987.007729 [DWT] ok=1 cyc=1196137808 cyc_per_ms=799908
1788535988.018876 [HB] up_ms=995901 frames=45044 inf=45044 hazard=5781 canary_err=0 q=0 qovr=0
1788535988.030343 [I2C] init=0 gate=0 whoami=0x140e0 wr=0 wrseen=0x27 addr=0x5a ok=274726 err=22 tmo=0 recov=48 pclk1=200000000 sysclk=400000000
1788535988.031703 [NAK] nacks=18
1788535988.036321 [CLK] cpu=800000000 sysb=400000000 pclk1=200000000
1788535988.040803 [TOF] res=0 step=0 id=0xeacc blk=0xeacc10 ctl=0x0
1788535988.046788 [RNG] init=0 step=99 id=0xeacc boot=1 calls=93 xerr=0 dm=1 tb=15
1788535988.053648 [RNG] osc=41 imp=881 imprb=881 mstart=0x40 cfg=91 cfgfail=0x0 vhv=0 vpolls=0
1788535988.059756 [PRT] calls=180297 xerr=0 ler=1 lidx=0x0 perr=0 maxcnt=17 addr8=0x52
1788535988.063872 [RTY] wr=0 wmax=0 wref=0  rd=0 rmax=0 rref=0
1788535988.071841 [RNG] frames=45046 last=46 min=28 max=170 nrdy=0 dxfer=0 dstat=0 lst=0 nrdyerr=0 dclr=0
1788535988.077953 [DRV] init=0 id=7 mode=0x1 lib=0x2 seq=0x1 odc=0x8b sts=0xe0 armed=1
1788535988.083433 [TRG] pulses=425 suppressed=5356 cyc=1600 rst=1 rstmode=0x40
1788535988.086799 [HLT] polls=900 faults=0x0 cfglost=0
1788535988.092670 [EFF] n=5 last=58533 min=58470 max=58534 late=0 stuck=0 rderr=0
1788535988.102881 [IMU] init=0 addr=0x68 who=0x68 rst=1 pmrb0=0x40 pmrb=0x1 sr=19 cfg=4 gcfg=0x0 acfg=0x8 icfg=0x30 ien=0x1 armed=1
1788535988.108248 [ACC] reads=45026 stale=44981 rderr=22 ax=75 ay=-119 az=1115
1788535988.111000 [PWR] pm=0x1 drift=0 rderr=0
1788535988.115133 [DWT] ok=1 cyc=2078497662 cyc_per_ms=799963
1788535989.127031 [HB] up_ms=997004 frames=45094 inf=45094 hazard=5781 canary_err=0 q=0 qovr=0
1788535989.138507 [I2C] init=0 gate=0 whoami=0x140e0 wr=0 wrseen=0x27 addr=0x5a ok=275028 err=22 tmo=0 recov=48 pclk1=200000000 sysclk=400000000
1788535989.139878 [NAK] nacks=18
1788535989.144480 [CLK] cpu=800000000 sysb=400000000 pclk1=200000000
1788535989.148968 [TOF] res=0 step=0 id=0xeacc blk=0xeacc10 ctl=0x0
1788535989.154946 [RNG] init=0 step=99 id=0xeacc boot=1 calls=93 xerr=0 dm=1 tb=15
1788535989.161812 [RNG] osc=41 imp=881 imprb=881 mstart=0x40 cfg=91 cfgfail=0x0 vhv=0 vpolls=0
1788535989.168043 [PRT] calls=180497 xerr=0 ler=1 lidx=0x0 perr=0 maxcnt=17 addr8=0x52
1788535989.172028 [RTY] wr=0 wmax=0 wref=0  rd=0 rmax=0 rref=0
1788535989.180155 [RNG] frames=45096 last=44 min=28 max=170 nrdy=0 dxfer=0 dstat=0 lst=0 nrdyerr=0 dclr=0
1788535989.186258 [DRV] init=0 id=7 mode=0x1 lib=0x2 seq=0x1 odc=0x8b sts=0xe0 armed=1
1788535989.191734 [TRG] pulses=425 suppressed=5356 cyc=1600 rst=1 rstmode=0x40
1788535989.195083 [HLT] polls=901 faults=0x0 cfglost=0
1788535989.200946 [EFF] n=5 last=58533 min=58470 max=58534 late=0 stuck=0 rderr=0
1788535989.211203 [IMU] init=0 addr=0x68 who=0x68 rst=1 pmrb0=0x40 pmrb=0x1 sr=19 cfg=4 gcfg=0x0 acfg=0x8 icfg=0x30 ien=0x1 armed=1
1788535989.216533 [ACC] reads=45076 stale=45031 rderr=22 ax=78 ay=-121 az=1114
1788535989.219271 [PWR] pm=0x1 drift=0 rderr=0
1788535989.223274 [DWT] ok=1 cyc=2960897838 cyc_per_ms=800000
1788535990.234860 [HB] up_ms=998107 frames=45144 inf=45144 hazard=5781 canary_err=0 q=0 qovr=0
1788535990.246321 [I2C] init=0 gate=0 whoami=0x140e0 wr=0 wrseen=0x27 addr=0x5a ok=275330 err=22 tmo=0 recov=48 pclk1=200000000 sysclk=400000000
1788535990.247688 [NAK] nacks=18
1788535990.252299 [CLK] cpu=800000000 sysb=400000000 pclk1=200000000
1788535990.256791 [TOF] res=0 step=0 id=0xeacc blk=0xeacc10 ctl=0x0
1788535990.262655 [RNG] init=0 step=99 id=0xeacc boot=1 calls=93 xerr=0 dm=1 tb=15
1788535990.269631 [RNG] osc=41 imp=881 imprb=881 mstart=0x40 cfg=91 cfgfail=0x0 vhv=0 vpolls=0
1788535990.275861 [PRT] calls=180697 xerr=0 ler=1 lidx=0x0 perr=0 maxcnt=17 addr8=0x52
1788535990.279863 [RTY] wr=0 wmax=0 wref=0  rd=0 rmax=0 rref=0
1788535990.287844 [RNG] frames=45146 last=43 min=28 max=170 nrdy=0 dxfer=0 dstat=0 lst=0 nrdyerr=0 dclr=0
1788535990.294088 [DRV] init=0 id=7 mode=0x1 lib=0x2 seq=0x1 odc=0x8b sts=0xe0 armed=1
1788535990.299565 [TRG] pulses=425 suppressed=5356 cyc=1600 rst=1 rstmode=0x40
1788535990.302802 [HLT] polls=902 faults=0x0 cfglost=0
1788535990.308667 [EFF] n=5 last=58533 min=58470 max=58534 late=0 stuck=0 rderr=0
1788535990.318886 [IMU] init=0 addr=0x68 who=0x68 rst=1 pmrb0=0x40 pmrb=0x1 sr=19 cfg=4 gcfg=0x0 acfg=0x8 icfg=0x30 ien=0x1 armed=1
1788535990.324384 [ACC] reads=45126 stale=45081 rderr=22 ax=77 ay=-122 az=1114
1788535990.327000 [PWR] pm=0x1 drift=0 rderr=0
1788535990.330991 [DWT] ok=1 cyc=3843297734 cyc_per_ms=799999
1788535991.343370 [HB] up_ms=999210 frames=45194 inf=45194 hazard=5781 canary_err=0 q=0 qovr=0
1788535991.354816 [I2C] init=0 gate=0 whoami=0x140e0 wr=0 wrseen=0x27 addr=0x5a ok=275632 err=22 tmo=0 recov=48 pclk1=200000000 sysclk=400000000
1788535991.356190 [NAK] nacks=18
1788535991.360813 [CLK] cpu=800000000 sysb=400000000 pclk1=200000000
1788535991.365304 [TOF] res=0 step=0 id=0xeacc blk=0xeacc10 ctl=0x0
1788535991.371026 [RNG] init=0 step=99 id=0xeacc boot=1 calls=93 xerr=0 dm=1 tb=15
1788535991.378151 [RNG] osc=41 imp=881 imprb=881 mstart=0x40 cfg=91 cfgfail=0x0 vhv=0 vpolls=0
1788535991.384256 [PRT] calls=180897 xerr=0 ler=1 lidx=0x0 perr=0 maxcnt=17 addr8=0x52
1788535991.388359 [RTY] wr=0 wmax=0 wref=0  rd=0 rmax=0 rref=0
1788535991.396343 [RNG] frames=45196 last=43 min=28 max=170 nrdy=0 dxfer=0 dstat=0 lst=0 nrdyerr=0 dclr=0
1788535991.402461 [DRV] init=0 id=7 mode=0x1 lib=0x2 seq=0x1 odc=0x8b sts=0xe0 armed=1
1788535991.407938 [TRG] pulses=425 suppressed=5356 cyc=1600 rst=1 rstmode=0x40
1788535991.411313 [HLT] polls=903 faults=0x0 cfglost=0
1788535991.417037 [EFF] n=5 last=58533 min=58470 max=58534 late=0 stuck=0 rderr=0
1788535991.427389 [IMU] init=0 addr=0x68 who=0x68 rst=1 pmrb0=0x40 pmrb=0x1 sr=19 cfg=4 gcfg=0x0 acfg=0x8 icfg=0x30 ien=0x1 armed=1
1788535991.432759 [ACC] reads=45176 stale=45131 rderr=22 ax=77 ay=-121 az=1112
1788535991.435506 [PWR] pm=0x1 drift=0 rderr=0
1788535991.439372 [DWT] ok=1 cyc=430730530 cyc_per_ms=800000
1788535992.451158 [HB] up_ms=1000313 frames=45244 inf=45244 hazard=5785 canary_err=0 q=0 qovr=0
1788535992.462605 [I2C] init=0 gate=0 whoami=0x140e0 wr=0 wrseen=0x27 addr=0x5a ok=275934 err=22 tmo=0 recov=48 pclk1=200000000 sysclk=400000000
1788535992.463958 [NAK] nacks=18
1788535992.468584 [CLK] cpu=800000000 sysb=400000000 pclk1=200000000
1788535992.473068 [TOF] res=0 step=0 id=0xeacc blk=0xeacc10 ctl=0x0
1788535992.478923 [RNG] init=0 step=99 id=0xeacc boot=1 calls=93 xerr=0 dm=1 tb=15
1788535992.485919 [RNG] osc=41 imp=881 imprb=881 mstart=0x40 cfg=91 cfgfail=0x0 vhv=0 vpolls=0
1788535992.492161 [PRT] calls=181097 xerr=0 ler=1 lidx=0x0 perr=0 maxcnt=17 addr8=0x52
1788535992.496164 [RTY] wr=0 wmax=0 wref=0  rd=0 rmax=0 rref=0
1788535992.503996 [RNG] frames=45246 last=41 min=28 max=170 nrdy=0 dxfer=0 dstat=0 lst=0 nrdyerr=0 dclr=0
1788535992.510406 [DRV] init=0 id=7 mode=0x1 lib=0x2 seq=0x1 odc=0x8b sts=0xe0 armed=1
1788535992.515838 [TRG] pulses=426 suppressed=5362 cyc=1600 rst=1 rstmode=0x40
1788535992.519205 [HLT] polls=904 faults=0x0 cfglost=0
1788535992.524808 [EFF] n=5 last=58533 min=58470 max=58534 late=0 stuck=0 rderr=0
1788535992.535194 [IMU] init=0 addr=0x68 who=0x68 rst=1 pmrb0=0x40 pmrb=0x1 sr=19 cfg=4 gcfg=0x0 acfg=0x8 icfg=0x30 ien=0x1 armed=1
1788535992.540647 [ACC] reads=45226 stale=45181 rderr=22 ax=76 ay=-122 az=1116
1788535992.543272 [PWR] pm=0x1 drift=0 rderr=0
1788535992.547279 [DWT] ok=1 cyc=1313203986 cyc_per_ms=800066
1788535993.559047 [HB] up_ms=1001416 frames=45294 inf=45294 hazard=5822 canary_err=0 q=0 qovr=0
1788535993.570505 [I2C] init=0 gate=0 whoami=0x140e0 wr=0 wrseen=0x27 addr=0x5a ok=276236 err=22 tmo=0 recov=48 pclk1=200000000 sysclk=400000000
1788535993.571879 [NAK] nacks=18
1788535993.576470 [CLK] cpu=800000000 sysb=400000000 pclk1=200000000
1788535993.580971 [TOF] res=0 step=0 id=0xeacc blk=0xeacc10 ctl=0x0
1788535993.586849 [RNG] init=0 step=99 id=0xeacc boot=1 calls=93 xerr=0 dm=1 tb=15
1788535993.593820 [RNG] osc=41 imp=881 imprb=881 mstart=0x40 cfg=91 cfgfail=0x0 vhv=0 vpolls=0
1788535993.600058 [PRT] calls=181297 xerr=0 ler=1 lidx=0x0 perr=0 maxcnt=17 addr8=0x52
1788535993.604072 [RTY] wr=0 wmax=0 wref=0  rd=0 rmax=0 rref=0
1788535993.611935 [RNG] frames=45296 last=43 min=28 max=170 nrdy=0 dxfer=0 dstat=0 lst=0 nrdyerr=0 dclr=0
1788535993.618288 [DRV] init=0 id=7 mode=0x1 lib=0x2 seq=0x1 odc=0x8b sts=0xe0 armed=1
1788535993.623779 [TRG] pulses=428 suppressed=5394 cyc=1600 rst=1 rstmode=0x40
1788535993.627013 [HLT] polls=905 faults=0x0 cfglost=0
1788535993.632751 [EFF] n=5 last=58533 min=58470 max=58534 late=0 stuck=0 rderr=0
1788535993.643115 [IMU] init=0 addr=0x68 who=0x68 rst=1 pmrb0=0x40 pmrb=0x1 sr=19 cfg=4 gcfg=0x0 acfg=0x8 icfg=0x30 ien=0x1 armed=1
1788535993.648590 [ACC] reads=45276 stale=45231 rderr=22 ax=74 ay=-121 az=1113
1788535993.651223 [PWR] pm=0x1 drift=0 rderr=0
1788535993.655203 [DWT] ok=1 cyc=2195600370 cyc_per_ms=799996
1788535994.667118 [HB] up_ms=1002519 frames=45344 inf=45344 hazard=5822 canary_err=0 q=0 qovr=0
1788535994.678579 [I2C] init=0 gate=0 whoami=0x140e0 wr=0 wrseen=0x27 addr=0x5a ok=276538 err=22 tmo=0 recov=48 pclk1=200000000 sysclk=400000000
1788535994.679936 [NAK] nacks=18
1788535994.684551 [CLK] cpu=800000000 sysb=400000000 pclk1=200000000
1788535994.689050 [TOF] res=0 step=0 id=0xeacc blk=0xeacc10 ctl=0x0
1788535994.694908 [RNG] init=0 step=99 id=0xeacc boot=1 calls=93 xerr=0 dm=1 tb=15
1788535994.701889 [RNG] osc=41 imp=881 imprb=881 mstart=0x40 cfg=91 cfgfail=0x0 vhv=0 vpolls=0
1788535994.708002 [PRT] calls=181497 xerr=0 ler=1 lidx=0x0 perr=0 maxcnt=17 addr8=0x52
1788535994.712145 [RTY] wr=0 wmax=0 wref=0  rd=0 rmax=0 rref=0
1788535994.719974 [RNG] frames=45346 last=39 min=28 max=170 nrdy=0 dxfer=0 dstat=0 lst=0 nrdyerr=0 dclr=0
1788535994.726355 [DRV] init=0 id=7 mode=0x1 lib=0x2 seq=0x1 odc=0x8b sts=0xe0 armed=1
1788535994.731707 [TRG] pulses=428 suppressed=5394 cyc=1600 rst=1 rstmode=0x40
1788535994.735078 [HLT] polls=906 faults=0x0 cfglost=0
1788535994.740807 [EFF] n=5 last=58533 min=58470 max=58534 late=0 stuck=0 rderr=0
1788535994.751185 [IMU] init=0 addr=0x68 who=0x68 rst=1 pmrb0=0x40 pmrb=0x1 sr=19 cfg=4 gcfg=0x0 acfg=0x8 icfg=0x30 ien=0x1 armed=1
1788535994.756651 [ACC] reads=45326 stale=45281 rderr=22 ax=74 ay=-122 az=1116
1788535994.759267 [PWR] pm=0x1 drift=0 rderr=0
1788535994.763268 [DWT] ok=1 cyc=3078000270 cyc_per_ms=799999
1788535995.775416 [HB] up_ms=1003622 frames=45394 inf=45394 hazard=5822 canary_err=0 q=0 qovr=0
1788535995.786872 [I2C] init=0 gate=0 whoami=0x140e0 wr=0 wrseen=0x27 addr=0x5a ok=276840 err=22 tmo=0 recov=48 pclk1=200000000 sysclk=400000000
1788535995.788248 [NAK] nacks=18
1788535995.792862 [CLK] cpu=800000000 sysb=400000000 pclk1=200000000
1788535995.797350 [TOF] res=0 step=0 id=0xeacc blk=0xeacc10 ctl=0x0
1788535995.803088 [RNG] init=0 step=99 id=0xeacc boot=1 calls=93 xerr=0 dm=1 tb=15
1788535995.810193 [RNG] osc=41 imp=881 imprb=881 mstart=0x40 cfg=91 cfgfail=0x0 vhv=0 vpolls=0
1788535995.816322 [PRT] calls=181697 xerr=0 ler=1 lidx=0x0 perr=0 maxcnt=17 addr8=0x52
1788535995.820447 [RTY] wr=0 wmax=0 wref=0  rd=0 rmax=0 rref=0
1788535995.828290 [RNG] frames=45396 last=44 min=28 max=170 nrdy=0 dxfer=0 dstat=0 lst=0 nrdyerr=0 dclr=0
1788535995.834530 [DRV] init=0 id=7 mode=0x1 lib=0x2 seq=0x1 odc=0x8b sts=0xe0 armed=1
1788535995.840027 [TRG] pulses=428 suppressed=5394 cyc=1600 rst=1 rstmode=0x40
1788535995.843388 [HLT] polls=907 faults=0x0 cfglost=0
1788535995.849161 [EFF] n=5 last=58533 min=58470 max=58534 late=0 stuck=0 rderr=0
1788535995.859482 [IMU] init=0 addr=0x68 who=0x68 rst=1 pmrb0=0x40 pmrb=0x1 sr=19 cfg=4 gcfg=0x0 acfg=0x8 icfg=0x30 ien=0x1 armed=1
1788535995.864848 [ACC] reads=45376 stale=45331 rderr=22 ax=76 ay=-122 az=1113
1788535995.867471 [PWR] pm=0x1 drift=0 rderr=0
1788535995.871459 [DWT] ok=1 cyc=3960400506 cyc_per_ms=800000
1788535996.883585 [HB] up_ms=1004725 frames=45444 inf=45444 hazard=5822 canary_err=0 q=0 qovr=0
1788535996.895053 [I2C] init=0 gate=0 whoami=0x140e0 wr=0 wrseen=0x27 addr=0x5a ok=277142 err=22 tmo=0 recov=48 pclk1=200000000 sysclk=400000000
1788535996.896420 [NAK] nacks=18
1788535996.901029 [CLK] cpu=800000000 sysb=400000000 pclk1=200000000
1788535996.905545 [TOF] res=0 step=0 id=0xeacc blk=0xeacc10 ctl=0x0
1788535996.911385 [RNG] init=0 step=99 id=0xeacc boot=1 calls=93 xerr=0 dm=1 tb=15
1788535996.918374 [RNG] osc=41 imp=881 imprb=881 mstart=0x40 cfg=91 cfgfail=0x0 vhv=0 vpolls=0
1788535996.924499 [PRT] calls=181896 xerr=0 ler=1 lidx=0x0 perr=0 maxcnt=17 addr8=0x52
1788535996.928604 [RTY] wr=0 wmax=0 wref=0  rd=0 rmax=0 rref=0
1788535996.936475 [RNG] frames=45446 last=49 min=28 max=170 nrdy=0 dxfer=0 dstat=0 lst=0 nrdyerr=0 dclr=0
1788535996.942842 [DRV] init=0 id=7 mode=0x1 lib=0x2 seq=0x1 odc=0x8b sts=0xe0 armed=1
1788535996.948201 [TRG] pulses=428 suppressed=5394 cyc=1600 rst=1 rstmode=0x40
1788535996.951560 [HLT] polls=908 faults=0x0 cfglost=0
1788535996.957305 [EFF] n=5 last=58533 min=58470 max=58534 late=0 stuck=0 rderr=0
1788535996.967657 [IMU] init=0 addr=0x68 who=0x68 rst=1 pmrb0=0x40 pmrb=0x1 sr=19 cfg=4 gcfg=0x0 acfg=0x8 icfg=0x30 ien=0x1 armed=1
1788535996.973026 [ACC] reads=45426 stale=45381 rderr=22 ax=76 ay=-122 az=1116
1788535996.975767 [PWR] pm=0x1 drift=0 rderr=0
1788535996.979630 [DWT] ok=1 cyc=547833198 cyc_per_ms=799999
1788535997.992345 [HB] up_ms=1005828 frames=45494 inf=45494 hazard=5822 canary_err=0 q=0 qovr=0
1788535998.003575 [I2C] init=0 gate=0 whoami=0x140e0 wr=0 wrseen=0x27 addr=0x5a ok=277444 err=22 tmo=0 recov=48 pclk1=200000000 sysclk=400000000
1788535998.005186 [NAK] nacks=18
1788535998.009813 [CLK] cpu=800000000 sysb=400000000 pclk1=200000000
1788535998.014306 [TOF] res=0 step=0 id=0xeacc blk=0xeacc10 ctl=0x0
1788535998.020198 [RNG] init=0 step=99 id=0xeacc boot=1 calls=93 xerr=0 dm=1 tb=15
1788535998.027033 [RNG] osc=41 imp=881 imprb=881 mstart=0x40 cfg=91 cfgfail=0x0 vhv=0 vpolls=0
1788535998.033404 [PRT] calls=182093 xerr=0 ler=1 lidx=0x0 perr=0 maxcnt=17 addr8=0x52
1788535998.037397 [RTY] wr=0 wmax=0 wref=0  rd=0 rmax=0 rref=0
1788535998.045270 [RNG] frames=45496 last=43 min=28 max=170 nrdy=0 dxfer=0 dstat=0 lst=0 nrdyerr=0 dclr=0
1788535998.051613 [DRV] init=0 id=7 mode=0x1 lib=0x2 seq=0x1 odc=0x8b sts=0xe0 armed=1
1788535998.057140 [TRG] pulses=428 suppressed=5394 cyc=1600 rst=1 rstmode=0x40
1788535998.060481 [HLT] polls=909 faults=0x0 cfglost=0
1788535998.066214 [EFF] n=5 last=58533 min=58470 max=58534 late=0 stuck=0 rderr=0
1788535998.076442 [IMU] init=0 addr=0x68 who=0x68 rst=1 pmrb0=0x40 pmrb=0x1 sr=19 cfg=4 gcfg=0x0 acfg=0x8 icfg=0x30 ien=0x1 armed=1
1788535998.081943 [ACC] reads=45476 stale=45431 rderr=22 ax=74 ay=-120 az=1113
1788535998.084574 [PWR] pm=0x1 drift=0 rderr=0
1788535998.088564 [DWT] ok=1 cyc=1430233230 cyc_per_ms=800000
1788535999.101627 [HB] up_ms=1006931 frames=45544 inf=45544 hazard=5822 canary_err=0 q=0 qovr=0
1788535999.112856 [I2C] init=0 gate=0 whoami=0x140e0 wr=0 wrseen=0x27 addr=0x5a ok=277746 err=22 tmo=0 recov=48 pclk1=200000000 sysclk=400000000
1788535999.114340 [NAK] nacks=18
1788535999.118966 [CLK] cpu=800000000 sysb=400000000 pclk1=200000000
1788535999.123452 [TOF] res=0 step=0 id=0xeacc blk=0xeacc10 ctl=0x0
1788535999.129325 [RNG] init=0 step=99 id=0xeacc boot=1 calls=93 xerr=0 dm=1 tb=15
1788535999.136210 [RNG] osc=41 imp=881 imprb=881 mstart=0x40 cfg=91 cfgfail=0x0 vhv=0 vpolls=0
1788535999.142550 [PRT] calls=182293 xerr=0 ler=1 lidx=0x0 perr=0 maxcnt=17 addr8=0x52
1788535999.146548 [RTY] wr=0 wmax=0 wref=0  rd=0 rmax=0 rref=0
1788535999.154394 [RNG] frames=45546 last=39 min=28 max=170 nrdy=0 dxfer=0 dstat=0 lst=0 nrdyerr=0 dclr=0
1788535999.160636 [DRV] init=0 id=7 mode=0x1 lib=0x2 seq=0x1 odc=0x8b sts=0xe0 armed=1
1788535999.166265 [TRG] pulses=428 suppressed=5394 cyc=1600 rst=1 rstmode=0x40
1788535999.169622 [HLT] polls=910 faults=0x0 cfglost=0
1788535999.175361 [EFF] n=5 last=58533 min=58470 max=58534 late=0 stuck=0 rderr=0
1788535999.185593 [IMU] init=0 addr=0x68 who=0x68 rst=1 pmrb0=0x40 pmrb=0x1 sr=19 cfg=4 gcfg=0x0 acfg=0x8 icfg=0x30 ien=0x1 armed=1
1788535999.191191 [ACC] reads=45526 stale=45481 rderr=22 ax=77 ay=-121 az=1113
1788535999.193841 [PWR] pm=0x1 drift=0 rderr=0
1788535999.197705 [DWT] ok=1 cyc=2312632902 cyc_per_ms=799999
1788536000.210609 [HB] up_ms=1008034 frames=45594 inf=45594 hazard=5856 canary_err=0 q=0 qovr=0
1788536000.221817 [I2C] init=0 gate=0 whoami=0x140e0 wr=0 wrseen=0x27 addr=0x5a ok=278048 err=22 tmo=0 recov=48 pclk1=200000000 sysclk=400000000
1788536000.223222 [NAK] nacks=18
1788536000.227934 [CLK] cpu=800000000 sysb=400000000 pclk1=200000000
1788536000.232436 [TOF] res=0 step=0 id=0xeacc blk=0xeacc10 ctl=0x0
1788536000.238305 [RNG] init=0 step=99 id=0xeacc boot=1 calls=93 xerr=0 dm=1 tb=15
1788536000.245191 [RNG] osc=41 imp=881 imprb=881 mstart=0x40 cfg=91 cfgfail=0x0 vhv=0 vpolls=0
1788536000.251524 [PRT] calls=182493 xerr=0 ler=1 lidx=0x0 perr=0 maxcnt=17 addr8=0x52
1788536000.255646 [RTY] wr=0 wmax=0 wref=0  rd=0 rmax=0 rref=0
1788536000.263390 [RNG] frames=45596 last=43 min=28 max=170 nrdy=0 dxfer=0 dstat=0 lst=0 nrdyerr=0 dclr=0
1788536000.269620 [DRV] init=0 id=7 mode=0x1 lib=0x2 seq=0x1 odc=0x8b sts=0xe0 armed=1
1788536000.275242 [TRG] pulses=431 suppressed=5427 cyc=1600 rst=1 rstmode=0x40
1788536000.278608 [HLT] polls=911 faults=0x0 cfglost=0
1788536000.284349 [EFF] n=5 last=58533 min=58470 max=58534 late=0 stuck=0 rderr=0
1788536000.294596 [IMU] init=0 addr=0x68 who=0x68 rst=1 pmrb0=0x40 pmrb=0x1 sr=19 cfg=4 gcfg=0x0 acfg=0x8 icfg=0x30 ien=0x1 armed=1
1788536000.300074 [ACC] reads=45576 stale=45531 rderr=22 ax=74 ay=-121 az=1115
1788536000.302708 [PWR] pm=0x1 drift=0 rderr=0
1788536000.306690 [DWT] ok=1 cyc=3195036638 cyc_per_ms=800003
1788536001.319792 [HB] up_ms=1009137 frames=45644 inf=45644 hazard=5863 canary_err=0 q=0 qovr=0
1788536001.331163 [I2C] init=0 gate=0 whoami=0x140e0 wr=0 wrseen=0x27 addr=0x5a ok=278350 err=22 tmo=0 recov=48 pclk1=200000000 sysclk=400000000
1788536001.332516 [NAK] nacks=18
1788536001.337254 [CLK] cpu=800000000 sysb=400000000 pclk1=200000000
1788536001.341751 [TOF] res=0 step=0 id=0xeacc blk=0xeacc10 ctl=0x0
1788536001.347628 [RNG] init=0 step=99 id=0xeacc boot=1 calls=93 xerr=0 dm=1 tb=15
1788536001.354481 [RNG] osc=41 imp=881 imprb=881 mstart=0x40 cfg=91 cfgfail=0x0 vhv=0 vpolls=0
1788536001.360849 [PRT] calls=182693 xerr=0 ler=1 lidx=0x0 perr=0 maxcnt=17 addr8=0x52
1788536001.364843 [RTY] wr=0 wmax=0 wref=0  rd=0 rmax=0 rref=0
1788536001.372706 [RNG] frames=45646 last=43 min=28 max=170 nrdy=0 dxfer=0 dstat=0 lst=0 nrdyerr=0 dclr=0
1788536001.378952 [DRV] init=0 id=7 mode=0x1 lib=0x2 seq=0x1 odc=0x8b sts=0xe0 armed=1
1788536001.384565 [TRG] pulses=431 suppressed=5432 cyc=1600 rst=1 rstmode=0x40
1788536001.387934 [HLT] polls=912 faults=0x0 cfglost=0
1788536001.393670 [EFF] n=5 last=58533 min=58470 max=58534 late=0 stuck=0 rderr=0
1788536001.403788 [IMU] init=0 addr=0x68 who=0x68 rst=1 pmrb0=0x40 pmrb=0x1 sr=19 cfg=4 gcfg=0x0 acfg=0x8 icfg=0x30 ien=0x1 armed=1
1788536001.409396 [ACC] reads=45625 stale=45581 rderr=22 ax=76 ay=-125 az=1120
1788536001.412020 [PWR] pm=0x1 drift=0 rderr=0
1788536001.416019 [DWT] ok=1 cyc=4077461494 cyc_per_ms=800022
1788536002.429691 [HB] up_ms=1010240 frames=45693 inf=45693 hazard=5863 canary_err=0 q=0 qovr=0
1788536002.440991 [I2C] init=0 gate=0 whoami=0x140e0 wr=0 wrseen=0x27 addr=0x5a ok=278652 err=22 tmo=0 recov=48 pclk1=200000000 sysclk=400000000
1788536002.442312 [NAK] nacks=18
1788536002.447037 [CLK] cpu=800000000 sysb=400000000 pclk1=200000000
1788536002.451658 [TOF] res=0 step=0 id=0xeacc blk=0xeacc10 ctl=0x0
1788536002.457396 [RNG] init=0 step=99 id=0xeacc boot=1 calls=93 xerr=0 dm=1 tb=15
1788536002.464255 [RNG] osc=41 imp=881 imprb=881 mstart=0x40 cfg=91 cfgfail=0x0 vhv=0 vpolls=0
1788536002.470618 [PRT] calls=182893 xerr=0 ler=1 lidx=0x0 perr=0 maxcnt=17 addr8=0x52
1788536002.474745 [RTY] wr=0 wmax=0 wref=0  rd=0 rmax=0 rref=0
1788536002.482604 [RNG] frames=45696 last=45 min=28 max=170 nrdy=0 dxfer=0 dstat=0 lst=0 nrdyerr=0 dclr=0
1788536002.488723 [DRV] init=0 id=7 mode=0x1 lib=0x2 seq=0x1 odc=0x8b sts=0xe0 armed=1
1788536002.494352 [TRG] pulses=431 suppressed=5432 cyc=1600 rst=1 rstmode=0x40
1788536002.497710 [HLT] polls=913 faults=0x0 cfglost=0
1788536002.503453 [EFF] n=5 last=58533 min=58470 max=58534 late=0 stuck=0 rderr=0
1788536002.513684 [IMU] init=0 addr=0x68 who=0x68 rst=1 pmrb0=0x40 pmrb=0x1 sr=19 cfg=4 gcfg=0x0 acfg=0x8 icfg=0x30 ien=0x1 armed=1
1788536002.519292 [ACC] reads=45675 stale=45630 rderr=22 ax=76 ay=-123 az=1116
1788536002.521934 [PWR] pm=0x1 drift=0 rderr=0
1788536002.525805 [DWT] ok=1 cyc=664998894 cyc_per_ms=800094
1788536003.539172 [HB] up_ms=1011343 frames=45743 inf=45743 hazard=5863 canary_err=0 q=0 qovr=0
1788536003.550529 [I2C] init=0 gate=0 whoami=0x140e0 wr=0 wrseen=0x27 addr=0x5a ok=278954 err=22 tmo=0 recov=48 pclk1=200000000 sysclk=400000000
1788536003.551894 [NAK] nacks=18
1788536003.556524 [CLK] cpu=800000000 sysb=400000000 pclk1=200000000
1788536003.561183 [TOF] res=0 step=0 id=0xeacc blk=0xeacc10 ctl=0x0
1788536003.567012 [RNG] init=0 step=99 id=0xeacc boot=1 calls=93 xerr=0 dm=1 tb=15
1788536003.573863 [RNG] osc=41 imp=881 imprb=881 mstart=0x40 cfg=91 cfgfail=0x0 vhv=0 vpolls=0
1788536003.579980 [PRT] calls=183093 xerr=0 ler=1 lidx=0x0 perr=0 maxcnt=17 addr8=0x52
1788536003.584222 [RTY] wr=0 wmax=0 wref=0  rd=0 rmax=0 rref=0
1788536003.592121 [RNG] frames=45746 last=45 min=28 max=170 nrdy=0 dxfer=0 dstat=0 lst=0 nrdyerr=0 dclr=0
1788536003.598360 [DRV] init=0 id=7 mode=0x1 lib=0x2 seq=0x1 odc=0x8b sts=0xe0 armed=1
1788536003.603797 [TRG] pulses=431 suppressed=5432 cyc=1600 rst=1 rstmode=0x40
1788536003.607318 [HLT] polls=914 faults=0x0 cfglost=0
1788536003.613035 [EFF] n=5 last=58533 min=58470 max=58534 late=0 stuck=0 rderr=0
1788536003.623222 [IMU] init=0 addr=0x68 who=0x68 rst=1 pmrb0=0x40 pmrb=0x1 sr=19 cfg=4 gcfg=0x0 acfg=0x8 icfg=0x30 ien=0x1 armed=1
1788536003.628760 [ACC] reads=45725 stale=45680 rderr=22 ax=75 ay=-120 az=1115
1788536003.631488 [PWR] pm=0x1 drift=0 rderr=0
1788536003.635422 [DWT] ok=1 cyc=1547399546 cyc_per_ms=800000
1788536004.649075 [HB] up_ms=1012446 frames=45793 inf=45793 hazard=5863 canary_err=0 q=0 qovr=0
1788536004.662205 [I2C] init=0 gate=0 whoami=0x140e0 wr=0 wrseen=0x27 addr=0x5a ok=279256 err=22 tmo=0 recov=48 pclk1=200000000 sysclk=400000000
1788536004.662326 [NAK] nacks=18
1788536004.666411 [CLK] cpu=800000000 sysb=400000000 pclk1=200000000
1788536004.671035 [TOF] res=0 step=0 id=0xeacc blk=0xeacc10 ctl=0x0
1788536004.676898 [RNG] init=0 step=99 id=0xeacc boot=1 calls=93 xerr=0 dm=1 tb=15
1788536004.683775 [RNG] osc=41 imp=881 imprb=881 mstart=0x40 cfg=91 cfgfail=0x0 vhv=0 vpolls=0
1788536004.689882 [PRT] calls=183293 xerr=0 ler=1 lidx=0x0 perr=0 maxcnt=17 addr8=0x52
1788536004.694143 [RTY] wr=0 wmax=0 wref=0  rd=0 rmax=0 rref=0
1788536004.701980 [RNG] frames=45795 last=45 min=28 max=170 nrdy=0 dxfer=0 dstat=0 lst=0 nrdyerr=0 dclr=0
1788536004.708235 [DRV] init=0 id=7 mode=0x1 lib=0x2 seq=0x1 odc=0x8b sts=0xe0 armed=1
1788536004.713759 [TRG] pulses=431 suppressed=5432 cyc=1600 rst=1 rstmode=0x40
1788536004.717197 [HLT] polls=915 faults=0x0 cfglost=0
1788536004.723017 [EFF] n=5 last=58533 min=58470 max=58534 late=0 stuck=0 rderr=0
1788536004.733136 [IMU] init=0 addr=0x68 who=0x68 rst=1 pmrb0=0x40 pmrb=0x1 sr=19 cfg=4 gcfg=0x0 acfg=0x8 icfg=0x30 ien=0x1 armed=1
1788536004.738570 [ACC] reads=45775 stale=45730 rderr=22 ax=74 ay=-122 az=1112
1788536004.741809 [PWR] pm=0x1 drift=0 rderr=0
1788536004.745445 [DWT] ok=1 cyc=2429799410 cyc_per_ms=799999
1788536005.758717 [HB] up_ms=1013549 frames=45843 inf=45843 hazard=5863 canary_err=0 q=0 qovr=0
1788536005.770058 [I2C] init=0 gate=0 whoami=0x140e0 wr=0 wrseen=0x27 addr=0x5a ok=279554 err=22 tmo=0 recov=48 pclk1=200000000 sysclk=400000000
1788536005.771559 [NAK] nacks=18
1788536005.776048 [CLK] cpu=800000000 sysb=400000000 pclk1=200000000
1788536005.780679 [TOF] res=0 step=0 id=0xeacc blk=0xeacc10 ctl=0x0
1788536005.786655 [RNG] init=0 step=99 id=0xeacc boot=1 calls=93 xerr=0 dm=1 tb=15
1788536005.793635 [RNG] osc=41 imp=881 imprb=881 mstart=0x40 cfg=91 cfgfail=0x0 vhv=0 vpolls=0
1788536005.799664 [PRT] calls=183493 xerr=0 ler=1 lidx=0x0 perr=0 maxcnt=17 addr8=0x52
1788536005.803764 [RTY] wr=0 wmax=0 wref=0  rd=0 rmax=0 rref=0
1788536005.811768 [RNG] frames=45845 last=45 min=28 max=170 nrdy=0 dxfer=0 dstat=0 lst=0 nrdyerr=0 dclr=0
1788536005.817885 [DRV] init=0 id=7 mode=0x1 lib=0x2 seq=0x1 odc=0x8b sts=0xe0 armed=1
1788536005.823366 [TRG] pulses=431 suppressed=5432 cyc=1600 rst=1 rstmode=0x40
1788536005.826746 [HLT] polls=916 faults=0x0 cfglost=0
1788536005.832600 [EFF] n=5 last=58533 min=58470 max=58534 late=0 stuck=0 rderr=0
1788536005.842868 [IMU] init=0 addr=0x68 who=0x68 rst=1 pmrb0=0x40 pmrb=0x1 sr=19 cfg=4 gcfg=0x0 acfg=0x8 icfg=0x30 ien=0x1 armed=1
1788536005.848342 [ACC] reads=45825 stale=45780 rderr=22 ax=75 ay=-121 az=1116
1788536005.850955 [PWR] pm=0x1 drift=0 rderr=0
1788536005.855073 [DWT] ok=1 cyc=3312105912 cyc_per_ms=799915
1788536006.868746 [HB] up_ms=1014652 frames=45893 inf=45893 hazard=5876 canary_err=0 q=0 qovr=0
1788536006.880159 [I2C] init=0 gate=0 whoami=0x140e0 wr=0 wrseen=0x27 addr=0x5a ok=279854 err=22 tmo=0 recov=48 pclk1=200000000 sysclk=400000000
1788536006.881611 [NAK] nacks=18
1788536006.886225 [CLK] cpu=800000000 sysb=400000000 pclk1=200000000
1788536006.890728 [TOF] res=0 step=0 id=0xeacc blk=0xeacc10 ctl=0x0
1788536006.896705 [RNG] init=0 step=99 id=0xeacc boot=1 calls=93 xerr=0 dm=1 tb=15
1788536006.903580 [RNG] osc=41 imp=881 imprb=881 mstart=0x40 cfg=91 cfgfail=0x0 vhv=0 vpolls=0
1788536006.909692 [PRT] calls=183693 xerr=0 ler=1 lidx=0x0 perr=0 maxcnt=17 addr8=0x52
1788536006.913814 [RTY] wr=0 wmax=0 wref=0  rd=0 rmax=0 rref=0
1788536006.921804 [RNG] frames=45895 last=49 min=28 max=170 nrdy=0 dxfer=0 dstat=0 lst=0 nrdyerr=0 dclr=0
1788536006.928060 [DRV] init=0 id=7 mode=0x1 lib=0x2 seq=0x1 odc=0x8b sts=0xe0 armed=1
1788536006.933411 [TRG] pulses=433 suppressed=5446 cyc=1600 rst=1 rstmode=0x40
1788536006.936788 [HLT] polls=917 faults=0x0 cfglost=0
1788536006.942775 [EFF] n=5 last=58533 min=58470 max=58534 late=0 stuck=0 rderr=0
1788536006.952889 [IMU] init=0 addr=0x68 who=0x68 rst=1 pmrb0=0x40 pmrb=0x1 sr=19 cfg=4 gcfg=0x0 acfg=0x8 icfg=0x30 ien=0x1 armed=1
1788536006.958384 [ACC] reads=45875 stale=45830 rderr=22 ax=75 ay=-121 az=1117
1788536006.961002 [PWR] pm=0x1 drift=0 rderr=0
1788536006.965147 [DWT] ok=1 cyc=4194471786 cyc_per_ms=799969
1788536007.978250 [HB] up_ms=1015755 frames=45943 inf=45943 hazard=5904 canary_err=0 q=0 qovr=0
1788536007.989583 [I2C] init=0 gate=0 whoami=0x140e0 wr=0 wrseen=0x27 addr=0x5a ok=280156 err=22 tmo=0 recov=48 pclk1=200000000 sysclk=400000000
1788536007.991080 [NAK] nacks=18
1788536007.995698 [CLK] cpu=800000000 sysb=400000000 pclk1=200000000
1788536008.000198 [TOF] res=0 step=0 id=0xeacc blk=0xeacc10 ctl=0x0
1788536008.006072 [RNG] init=0 step=99 id=0xeacc boot=1 calls=93 xerr=0 dm=1 tb=15
1788536008.013056 [RNG] osc=41 imp=881 imprb=881 mstart=0x40 cfg=91 cfgfail=0x0 vhv=0 vpolls=0
1788536008.019204 [PRT] calls=183893 xerr=0 ler=1 lidx=0x0 perr=0 maxcnt=17 addr8=0x52
1788536008.023295 [RTY] wr=0 wmax=0 wref=0  rd=0 rmax=0 rref=0
1788536008.031286 [RNG] frames=45945 last=50 min=28 max=170 nrdy=0 dxfer=0 dstat=0 lst=0 nrdyerr=0 dclr=0
1788536008.037401 [DRV] init=0 id=7 mode=0x1 lib=0x2 seq=0x1 odc=0x8b sts=0xe0 armed=1
1788536008.042909 [TRG] pulses=434 suppressed=5470 cyc=1600 rst=1 rstmode=0x40
1788536008.046280 [HLT] polls=918 faults=0x0 cfglost=0
1788536008.052148 [EFF] n=5 last=58533 min=58470 max=58534 late=0 stuck=0 rderr=0
1788536008.062249 [IMU] init=0 addr=0x68 who=0x68 rst=1 pmrb0=0x40 pmrb=0x1 sr=19 cfg=4 gcfg=0x0 acfg=0x8 icfg=0x30 ien=0x1 armed=1
1788536008.067751 [ACC] reads=45925 stale=45880 rderr=22 ax=76 ay=-121 az=1115
1788536008.070365 [PWR] pm=0x1 drift=0 rderr=0
1788536008.074360 [DWT] ok=1 cyc=781898686 cyc_per_ms=799994
1788536009.086904 [HB] up_ms=1016858 frames=45993 inf=45993 hazard=5904 canary_err=0 q=0 qovr=0
1788536009.098257 [I2C] init=0 gate=0 whoami=0x140e0 wr=0 wrseen=0x27 addr=0x5a ok=280458 err=22 tmo=0 recov=48 pclk1=200000000 sysclk=400000000
1788536009.099744 [NAK] nacks=18
1788536009.104242 [CLK] cpu=800000000 sysb=400000000 pclk1=200000000
1788536009.108742 [TOF] res=0 step=0 id=0xeacc blk=0xeacc10 ctl=0x0
1788536009.114618 [RNG] init=0 step=99 id=0xeacc boot=1 calls=93 xerr=0 dm=1 tb=15
1788536009.121607 [RNG] osc=41 imp=881 imprb=881 mstart=0x40 cfg=91 cfgfail=0x0 vhv=0 vpolls=0
1788536009.127850 [PRT] calls=184093 xerr=0 ler=1 lidx=0x0 perr=0 maxcnt=17 addr8=0x52
1788536009.131843 [RTY] wr=0 wmax=0 wref=0  rd=0 rmax=0 rref=0
1788536009.139830 [RNG] frames=45995 last=46 min=28 max=170 nrdy=0 dxfer=0 dstat=0 lst=0 nrdyerr=0 dclr=0
1788536009.146077 [DRV] init=0 id=7 mode=0x1 lib=0x2 seq=0x1 odc=0x8b sts=0xe0 armed=1
1788536009.151452 [TRG] pulses=434 suppressed=5470 cyc=1600 rst=1 rstmode=0x40
1788536009.154809 [HLT] polls=919 faults=0x0 cfglost=0
1788536009.160562 [EFF] n=5 last=58533 min=58470 max=58534 late=0 stuck=0 rderr=0
1788536009.170809 [IMU] init=0 addr=0x68 who=0x68 rst=1 pmrb0=0x40 pmrb=0x1 sr=19 cfg=4 gcfg=0x0 acfg=0x8 icfg=0x30 ien=0x1 armed=1
1788536009.176304 [ACC] reads=45975 stale=45930 rderr=22 ax=76 ay=-121 az=1116
1788536009.178916 [PWR] pm=0x1 drift=0 rderr=0
1788536009.182902 [DWT] ok=1 cyc=1664298614 cyc_per_ms=799999
1788536010.194980 [HB] up_ms=1017961 frames=46043 inf=46043 hazard=5904 canary_err=0 q=0 qovr=0
1788536010.206362 [I2C] init=0 gate=0 whoami=0x140e0 wr=0 wrseen=0x27 addr=0x5a ok=280760 err=22 tmo=0 recov=48 pclk1=200000000 sysclk=400000000
1788536010.207850 [NAK] nacks=18
1788536010.212336 [CLK] cpu=800000000 sysb=400000000 pclk1=200000000
1788536010.216829 [TOF] res=0 step=0 id=0xeacc blk=0xeacc10 ctl=0x0
1788536010.222704 [RNG] init=0 step=99 id=0xeacc boot=1 calls=93 xerr=0 dm=1 tb=15
1788536010.229692 [RNG] osc=41 imp=881 imprb=881 mstart=0x40 cfg=91 cfgfail=0x0 vhv=0 vpolls=0
1788536010.235938 [PRT] calls=184293 xerr=0 ler=1 lidx=0x0 perr=0 maxcnt=17 addr8=0x52
1788536010.239932 [RTY] wr=0 wmax=0 wref=0  rd=0 rmax=0 rref=0
1788536010.247926 [RNG] frames=46045 last=42 min=28 max=170 nrdy=0 dxfer=0 dstat=0 lst=0 nrdyerr=0 dclr=0
1788536010.254208 [DRV] init=0 id=7 mode=0x1 lib=0x2 seq=0x1 odc=0x8b sts=0xe0 armed=1
1788536010.259530 [TRG] pulses=434 suppressed=5470 cyc=1600 rst=1 rstmode=0x40
1788536010.262925 [HLT] polls=920 faults=0x0 cfglost=0
1788536010.268668 [EFF] n=5 last=58533 min=58470 max=58534 late=0 stuck=0 rderr=0
1788536010.279020 [IMU] init=0 addr=0x68 who=0x68 rst=1 pmrb0=0x40 pmrb=0x1 sr=19 cfg=4 gcfg=0x0 acfg=0x8 icfg=0x30 ien=0x1 armed=1
1788536010.284390 [ACC] reads=46025 stale=45980 rderr=22 ax=76 ay=-121 az=1117
1788536010.287163 [PWR] pm=0x1 drift=0 rderr=0
1788536010.291006 [DWT] ok=1 cyc=2546698634 cyc_per_ms=800000
1788536011.303372 [HB] up_ms=1019064 frames=46093 inf=46093 hazard=5904 canary_err=0 q=0 qovr=0
1788536011.314858 [I2C] init=0 gate=0 whoami=0x140e0 wr=0 wrseen=0x27 addr=0x5a ok=281062 err=22 tmo=0 recov=48 pclk1=200000000 sysclk=400000000
1788536011.316231 [NAK] nacks=18
1788536011.320855 [CLK] cpu=800000000 sysb=400000000 pclk1=200000000
1788536011.325337 [TOF] res=0 step=0 id=0xeacc blk=0xeacc10 ctl=0x0
1788536011.331087 [RNG] init=0 step=99 id=0xeacc boot=1 calls=93 xerr=0 dm=1 tb=15
1788536011.338207 [RNG] osc=41 imp=881 imprb=881 mstart=0x40 cfg=91 cfgfail=0x0 vhv=0 vpolls=0
1788536011.344370 [PRT] calls=184493 xerr=0 ler=1 lidx=0x0 perr=0 maxcnt=17 addr8=0x52
1788536011.348442 [RTY] wr=0 wmax=0 wref=0  rd=0 rmax=0 rref=0
1788536011.356314 [RNG] frames=46095 last=48 min=28 max=170 nrdy=0 dxfer=0 dstat=0 lst=0 nrdyerr=0 dclr=0
1788536011.362557 [DRV] init=0 id=7 mode=0x1 lib=0x2 seq=0x1 odc=0x8b sts=0xe0 armed=1
1788536011.368055 [TRG] pulses=434 suppressed=5470 cyc=1600 rst=1 rstmode=0x40
1788536011.371425 [HLT] polls=921 faults=0x0 cfglost=0
1788536011.377186 [EFF] n=5 last=58533 min=58470 max=58534 late=0 stuck=0 rderr=0
1788536011.387411 [IMU] init=0 addr=0x68 who=0x68 rst=1 pmrb0=0x40 pmrb=0x1 sr=19 cfg=4 gcfg=0x0 acfg=0x8 icfg=0x30 ien=0x1 armed=1
1788536011.392906 [ACC] reads=46075 stale=46030 rderr=22 ax=77 ay=-121 az=1115
1788536011.395526 [PWR] pm=0x1 drift=0 rderr=0
1788536011.399525 [DWT] ok=1 cyc=3429098586 cyc_per_ms=799999
1788536012.411983 [HB] up_ms=1020167 frames=46143 inf=46143 hazard=5904 canary_err=0 q=0 qovr=0
1788536012.423276 [I2C] init=0 gate=0 whoami=0x140e0 wr=0 wrseen=0x27 addr=0x5a ok=281364 err=22 tmo=0 recov=48 pclk1=200000000 sysclk=400000000
1788536012.424794 [NAK] nacks=18
1788536012.429286 [CLK] cpu=800000000 sysb=400000000 pclk1=200000000
1788536012.433767 [TOF] res=0 step=0 id=0xeacc blk=0xeacc10 ctl=0x0
1788536012.439649 [RNG] init=0 step=99 id=0xeacc boot=1 calls=93 xerr=0 dm=1 tb=15
1788536012.446638 [RNG] osc=41 imp=881 imprb=881 mstart=0x40 cfg=91 cfgfail=0x0 vhv=0 vpolls=0
1788536012.452884 [PRT] calls=184693 xerr=0 ler=1 lidx=0x0 perr=0 maxcnt=17 addr8=0x52
1788536012.456871 [RTY] wr=0 wmax=0 wref=0  rd=0 rmax=0 rref=0
1788536012.464746 [RNG] frames=46145 last=42 min=28 max=170 nrdy=0 dxfer=0 dstat=0 lst=0 nrdyerr=0 dclr=0
1788536012.471126 [DRV] init=0 id=7 mode=0x1 lib=0x2 seq=0x1 odc=0x8b sts=0xe0 armed=1
1788536012.476490 [TRG] pulses=434 suppressed=5470 cyc=1600 rst=1 rstmode=0x40
1788536012.479851 [HLT] polls=922 faults=0x0 cfglost=0
1788536012.485599 [EFF] n=5 last=58533 min=58470 max=58534 late=0 stuck=0 rderr=0
1788536012.495958 [IMU] init=0 addr=0x68 who=0x68 rst=1 pmrb0=0x40 pmrb=0x1 sr=19 cfg=4 gcfg=0x0 acfg=0x8 icfg=0x30 ien=0x1 armed=1
1788536012.501327 [ACC] reads=46125 stale=46080 rderr=22 ax=75 ay=-121 az=1117
1788536012.504084 [PWR] pm=0x1 drift=0 rderr=0
1788536012.507832 [DWT] ok=1 cyc=16531186 cyc_per_ms=799999
1788536013.520765 [HB] up_ms=1021270 frames=46193 inf=46193 hazard=5904 canary_err=0 q=0 qovr=0
1788536013.532150 [I2C] init=0 gate=0 whoami=0x140e0 wr=0 wrseen=0x27 addr=0x5a ok=281666 err=22 tmo=0 recov=48 pclk1=200000000 sysclk=400000000
1788536013.533617 [NAK] nacks=18
1788536013.538132 [CLK] cpu=800000000 sysb=400000000 pclk1=200000000
1788536013.542616 [TOF] res=0 step=0 id=0xeacc blk=0xeacc10 ctl=0x0
1788536013.548499 [RNG] init=0 step=99 id=0xeacc boot=1 calls=93 xerr=0 dm=1 tb=15
1788536013.555512 [RNG] osc=41 imp=881 imprb=881 mstart=0x40 cfg=91 cfgfail=0x0 vhv=0 vpolls=0
1788536013.561721 [PRT] calls=184893 xerr=0 ler=1 lidx=0x0 perr=0 maxcnt=17 addr8=0x52
1788536013.565723 [RTY] wr=0 wmax=0 wref=0  rd=0 rmax=0 rref=0
1788536013.573594 [RNG] frames=46195 last=50 min=28 max=170 nrdy=0 dxfer=0 dstat=0 lst=0 nrdyerr=0 dclr=0
1788536013.579951 [DRV] init=0 id=7 mode=0x1 lib=0x2 seq=0x1 odc=0x8b sts=0xe0 armed=1
1788536013.585329 [TRG] pulses=434 suppressed=5470 cyc=1600 rst=1 rstmode=0x40
1788536013.588700 [HLT] polls=923 faults=0x0 cfglost=0
1788536013.594435 [EFF] n=5 last=58533 min=58470 max=58534 late=0 stuck=0 rderr=0
1788536013.604796 [IMU] init=0 addr=0x68 who=0x68 rst=1 pmrb0=0x40 pmrb=0x1 sr=19 cfg=4 gcfg=0x0 acfg=0x8 icfg=0x30 ien=0x1 armed=1
1788536013.610200 [ACC] reads=46175 stale=46130 rderr=22 ax=76 ay=-119 az=1116
1788536013.612923 [PWR] pm=0x1 drift=0 rderr=0
1788536013.616798 [DWT] ok=1 cyc=898931094 cyc_per_ms=799999
1788536014.629655 [HB] up_ms=1022373 frames=46243 inf=46243 hazard=5945 canary_err=0 q=0 qovr=0
1788536014.641146 [I2C] init=0 gate=0 whoami=0x140e0 wr=0 wrseen=0x27 addr=0x5a ok=281968 err=22 tmo=0 recov=48 pclk1=200000000 sysclk=400000000
1788536014.642505 [NAK] nacks=18
1788536014.647160 [CLK] cpu=800000000 sysb=400000000 pclk1=200000000
1788536014.651617 [TOF] res=0 step=0 id=0xeacc blk=0xeacc10 ctl=0x0
1788536014.657488 [RNG] init=0 step=99 id=0xeacc boot=1 calls=93 xerr=0 dm=1 tb=15
1788536014.664480 [RNG] osc=41 imp=881 imprb=881 mstart=0x40 cfg=91 cfgfail=0x0 vhv=0 vpolls=0
1788536014.670728 [PRT] calls=185093 xerr=0 ler=1 lidx=0x0 perr=0 maxcnt=17 addr8=0x52
1788536014.674724 [RTY] wr=0 wmax=0 wref=0  rd=0 rmax=0 rref=0
1788536014.682586 [RNG] frames=46245 last=44 min=28 max=170 nrdy=0 dxfer=0 dstat=0 lst=0 nrdyerr=0 dclr=0
1788536014.688958 [DRV] init=0 id=7 mode=0x1 lib=0x2 seq=0x1 odc=0x8b sts=0xe0 armed=1
1788536014.694485 [TRG] pulses=437 suppressed=5508 cyc=1600 rst=1 rstmode=0x40
1788536014.697719 [HLT] polls=924 faults=0x0 cfglost=0
1788536014.703450 [EFF] n=5 last=58533 min=58470 max=58534 late=0 stuck=0 rderr=0
1788536014.713816 [IMU] init=0 addr=0x68 who=0x68 rst=1 pmrb0=0x40 pmrb=0x1 sr=19 cfg=4 gcfg=0x0 acfg=0x8 icfg=0x30 ien=0x1 armed=1
1788536014.719312 [ACC] reads=46225 stale=46180 rderr=22 ax=75 ay=-120 az=1115
1788536014.721934 [PWR] pm=0x1 drift=0 rderr=0
1788536014.725800 [DWT] ok=1 cyc=1781331294 cyc_per_ms=800000
1788536015.738684 [HB] up_ms=1023476 frames=46293 inf=46293 hazard=5945 canary_err=0 q=0 qovr=0
1788536015.750200 [I2C] init=0 gate=0 whoami=0x140e0 wr=0 wrseen=0x27 addr=0x5a ok=282270 err=22 tmo=0 recov=48 pclk1=200000000 sysclk=400000000
1788536015.751571 [NAK] nacks=18
1788536015.756181 [CLK] cpu=800000000 sysb=400000000 pclk1=200000000
1788536015.760655 [TOF] res=0 step=0 id=0xeacc blk=0xeacc10 ctl=0x0
1788536015.766522 [RNG] init=0 step=99 id=0xeacc boot=1 calls=93 xerr=0 dm=1 tb=15
1788536015.773522 [RNG] osc=41 imp=881 imprb=881 mstart=0x40 cfg=91 cfgfail=0x0 vhv=0 vpolls=0
1788536015.779763 [PRT] calls=185292 xerr=0 ler=1 lidx=0x0 perr=0 maxcnt=17 addr8=0x52
1788536015.783763 [RTY] wr=0 wmax=0 wref=0  rd=0 rmax=0 rref=0
1788536015.791644 [RNG] frames=46295 last=48 min=28 max=170 nrdy=0 dxfer=0 dstat=0 lst=0 nrdyerr=0 dclr=0
1788536015.797999 [DRV] init=0 id=7 mode=0x1 lib=0x2 seq=0x1 odc=0x8b sts=0xe0 armed=1
1788536015.803365 [TRG] pulses=437 suppressed=5508 cyc=1600 rst=1 rstmode=0x40
1788536015.806740 [HLT] polls=925 faults=0x0 cfglost=0
1788536015.812494 [EFF] n=5 last=58533 min=58470 max=58534 late=0 stuck=0 rderr=0
1788536015.822858 [IMU] init=0 addr=0x68 who=0x68 rst=1 pmrb0=0x40 pmrb=0x1 sr=19 cfg=4 gcfg=0x0 acfg=0x8 icfg=0x30 ien=0x1 armed=1
1788536015.828228 [ACC] reads=46275 stale=46230 rderr=22 ax=74 ay=-120 az=1114
1788536015.830971 [PWR] pm=0x1 drift=0 rderr=0
1788536015.834837 [DWT] ok=1 cyc=2663731310 cyc_per_ms=800000
1788536016.847877 [HB] up_ms=1024579 frames=46343 inf=46343 hazard=5945 canary_err=0 q=0 qovr=0
1788536016.859134 [I2C] init=0 gate=0 whoami=0x140e0 wr=0 wrseen=0x27 addr=0x5a ok=282572 err=22 tmo=0 recov=48 pclk1=200000000 sysclk=400000000
1788536016.860613 [NAK] nacks=18
1788536016.865231 [CLK] cpu=800000000 sysb=400000000 pclk1=200000000
1788536016.869720 [TOF] res=0 step=0 id=0xeacc blk=0xeacc10 ctl=0x0
1788536016.875594 [RNG] init=0 step=99 id=0xeacc boot=1 calls=93 xerr=0 dm=1 tb=15
1788536016.882471 [RNG] osc=41 imp=881 imprb=881 mstart=0x40 cfg=91 cfgfail=0x0 vhv=0 vpolls=0
1788536016.888838 [PRT] calls=185489 xerr=0 ler=1 lidx=0x0 perr=0 maxcnt=17 addr8=0x52
1788536016.892838 [RTY] wr=0 wmax=0 wref=0  rd=0 rmax=0 rref=0
1788536016.900696 [RNG] frames=46345 last=47 min=28 max=170 nrdy=0 dxfer=0 dstat=0 lst=0 nrdyerr=0 dclr=0
1788536016.907069 [DRV] init=0 id=7 mode=0x1 lib=0x2 seq=0x1 odc=0x8b sts=0xe0 armed=1
1788536016.912573 [TRG] pulses=437 suppressed=5508 cyc=1600 rst=1 rstmode=0x40
1788536016.915820 [HLT] polls=926 faults=0x0 cfglost=0
1788536016.921559 [EFF] n=5 last=58533 min=58470 max=58534 late=0 stuck=0 rderr=0
1788536016.931930 [IMU] init=0 addr=0x68 who=0x68 rst=1 pmrb0=0x40 pmrb=0x1 sr=19 cfg=4 gcfg=0x0 acfg=0x8 icfg=0x30 ien=0x1 armed=1
1788536016.937426 [ACC] reads=46325 stale=46280 rderr=22 ax=78 ay=-122 az=1113
1788536016.940046 [PWR] pm=0x1 drift=0 rderr=0
1788536016.944035 [DWT] ok=1 cyc=3546131330 cyc_per_ms=800000
1788536017.957186 [HB] up_ms=1025682 frames=46393 inf=46393 hazard=5945 canary_err=0 q=0 qovr=0
1788536017.968474 [I2C] init=0 gate=0 whoami=0x140e0 wr=0 wrseen=0x27 addr=0x5a ok=282874 err=22 tmo=0 recov=48 pclk1=200000000 sysclk=400000000
1788536017.969961 [NAK] nacks=18
1788536017.974590 [CLK] cpu=800000000 sysb=400000000 pclk1=200000000
1788536017.979083 [TOF] res=0 step=0 id=0xeacc blk=0xeacc10 ctl=0x0
1788536017.984954 [RNG] init=0 step=99 id=0xeacc boot=1 calls=93 xerr=0 dm=1 tb=15
1788536017.991820 [RNG] osc=41 imp=881 imprb=881 mstart=0x40 cfg=91 cfgfail=0x0 vhv=0 vpolls=0
1788536017.998200 [PRT] calls=185689 xerr=0 ler=1 lidx=0x0 perr=0 maxcnt=17 addr8=0x52
1788536018.002319 [RTY] wr=0 wmax=0 wref=0  rd=0 rmax=0 rref=0
1788536018.010197 [RNG] frames=46395 last=47 min=28 max=170 nrdy=0 dxfer=0 dstat=0 lst=0 nrdyerr=0 dclr=0
1788536018.016287 [DRV] init=0 id=7 mode=0x1 lib=0x2 seq=0x1 odc=0x8b sts=0xe0 armed=1
1788536018.021922 [TRG] pulses=437 suppressed=5508 cyc=1600 rst=1 rstmode=0x40
1788536018.025281 [HLT] polls=927 faults=0x0 cfglost=0
1788536018.031038 [EFF] n=5 last=58533 min=58470 max=58534 late=0 stuck=0 rderr=0
1788536018.041401 [IMU] init=0 addr=0x68 who=0x68 rst=1 pmrb0=0x40 pmrb=0x1 sr=19 cfg=4 gcfg=0x0 acfg=0x8 icfg=0x30 ien=0x1 armed=1
1788536018.046780 [ACC] reads=46375 stale=46329 rderr=22 ax=74 ay=-121 az=1114
1788536018.049528 [PWR] pm=0x1 drift=0 rderr=0
1788536018.053400 [DWT] ok=1 cyc=133563730 cyc_per_ms=799999
1788536019.067364 [HB] up_ms=1026785 frames=46443 inf=46443 hazard=5945 canary_err=0 q=0 qovr=0
1788536019.078732 [I2C] init=0 gate=0 whoami=0x140e0 wr=0 wrseen=0x27 addr=0x5a ok=283176 err=22 tmo=0 recov=48 pclk1=200000000 sysclk=400000000
1788536019.080091 [NAK] nacks=18
1788536019.084839 [CLK] cpu=800000000 sysb=400000000 pclk1=200000000
1788536019.089340 [TOF] res=0 step=0 id=0xeacc blk=0xeacc10 ctl=0x0
1788536019.095217 [RNG] init=0 step=99 id=0xeacc boot=1 calls=93 xerr=0 dm=1 tb=15
1788536019.102072 [RNG] osc=41 imp=881 imprb=881 mstart=0x40 cfg=91 cfgfail=0x0 vhv=0 vpolls=0
1788536019.108440 [PRT] calls=185889 xerr=0 ler=1 lidx=0x0 perr=0 maxcnt=17 addr8=0x52
1788536019.112437 [RTY] wr=0 wmax=0 wref=0  rd=0 rmax=0 rref=0
1788536019.120312 [RNG] frames=46445 last=50 min=28 max=170 nrdy=0 dxfer=0 dstat=0 lst=0 nrdyerr=0 dclr=0
1788536019.126557 [DRV] init=0 id=7 mode=0x1 lib=0x2 seq=0x1 odc=0x8b sts=0xe0 armed=1
1788536019.132193 [TRG] pulses=437 suppressed=5508 cyc=1600 rst=1 rstmode=0x40
1788536019.135554 [HLT] polls=928 faults=0x0 cfglost=0
1788536019.141299 [EFF] n=5 last=58533 min=58470 max=58534 late=0 stuck=0 rderr=0
1788536019.151534 [IMU] init=0 addr=0x68 who=0x68 rst=1 pmrb0=0x40 pmrb=0x1 sr=19 cfg=4 gcfg=0x0 acfg=0x8 icfg=0x30 ien=0x1 armed=1
1788536019.157042 [ACC] reads=46425 stale=46379 rderr=22 ax=77 ay=-123 az=1113
1788536019.159651 [PWR] pm=0x1 drift=0 rderr=0
1788536019.163648 [DWT] ok=1 cyc=1015963890 cyc_per_ms=800000
1788536020.177386 [HB] up_ms=1027888 frames=46493 inf=46493 hazard=5945 canary_err=0 q=0 qovr=0
1788536020.188633 [I2C] init=0 gate=0 whoami=0x140e0 wr=0 wrseen=0x27 addr=0x5a ok=283478 err=22 tmo=0 recov=48 pclk1=200000000 sysclk=400000000
1788536020.200557 [NAK] nacks=18
1788536020.200643 [CLK] cpu=800000000 sysb=400000000 pclk1=200000000
1788536020.200701 [TOF] res=0 step=0 id=0xeacc blk=0xeacc10 ctl=0x0
1788536020.205142 [RNG] init=0 step=99 id=0xeacc boot=1 calls=93 xerr=0 dm=1 tb=15
1788536020.211978 [RNG] osc=41 imp=881 imprb=881 mstart=0x40 cfg=91 cfgfail=0x0 vhv=0 vpolls=0
1788536020.218356 [PRT] calls=186089 xerr=0 ler=1 lidx=0x0 perr=0 maxcnt=17 addr8=0x52
1788536020.222469 [RTY] wr=0 wmax=0 wref=0  rd=0 rmax=0 rref=0
1788536020.230346 [RNG] frames=46495 last=44 min=28 max=170 nrdy=0 dxfer=0 dstat=0 lst=0 nrdyerr=0 dclr=0
1788536020.236466 [DRV] init=0 id=7 mode=0x1 lib=0x2 seq=0x1 odc=0x8b sts=0xe0 armed=1
1788536020.242127 [TRG] pulses=437 suppressed=5508 cyc=1600 rst=1 rstmode=0x40
1788536020.245466 [HLT] polls=929 faults=0x0 cfglost=0
1788536020.251199 [EFF] n=5 last=58533 min=58470 max=58534 late=0 stuck=0 rderr=0
1788536020.261325 [IMU] init=0 addr=0x68 who=0x68 rst=1 pmrb0=0x40 pmrb=0x1 sr=19 cfg=4 gcfg=0x0 acfg=0x8 icfg=0x30 ien=0x1 armed=1
1788536020.266939 [ACC] reads=46474 stale=46428 rderr=22 ax=77 ay=-121 az=1114
1788536020.269567 [PWR] pm=0x1 drift=0 rderr=0
1788536020.273563 [DWT] ok=1 cyc=1898392222 cyc_per_ms=800025
1788536021.287916 [HB] up_ms=1028991 frames=46542 inf=46542 hazard=5967 canary_err=0 q=0 qovr=0
1788536021.299050 [I2C] init=0 gate=0 whoami=0x140e0 wr=0 wrseen=0x27 addr=0x5a ok=283780 err=22 tmo=0 recov=48 pclk1=200000000 sysclk=400000000
1788536021.300550 [NAK] nacks=18
1788536021.305175 [CLK] cpu=800000000 sysb=400000000 pclk1=200000000
1788536021.309803 [TOF] res=0 step=0 id=0xeacc blk=0xeacc10 ctl=0x0
1788536021.315549 [RNG] init=0 step=99 id=0xeacc boot=1 calls=93 xerr=0 dm=1 tb=15
1788536021.322533 [RNG] osc=41 imp=881 imprb=881 mstart=0x40 cfg=91 cfgfail=0x0 vhv=0 vpolls=0
1788536021.328781 [PRT] calls=186289 xerr=0 ler=1 lidx=0x0 perr=0 maxcnt=17 addr8=0x52
1788536021.332903 [RTY] wr=0 wmax=0 wref=0  rd=0 rmax=0 rref=0
1788536021.340772 [RNG] frames=46545 last=43 min=28 max=170 nrdy=0 dxfer=0 dstat=0 lst=0 nrdyerr=0 dclr=0
1788536021.346900 [DRV] init=0 id=7 mode=0x1 lib=0x2 seq=0x1 odc=0x8b sts=0xe0 armed=1
1788536021.352518 [TRG] pulses=439 suppressed=5531 cyc=1600 rst=1 rstmode=0x40
1788536021.355902 [HLT] polls=930 faults=0x0 cfglost=0
1788536021.361633 [EFF] n=5 last=58533 min=58470 max=58534 late=0 stuck=0 rderr=0
1788536021.371876 [IMU] init=0 addr=0x68 who=0x68 rst=1 pmrb0=0x40 pmrb=0x1 sr=19 cfg=4 gcfg=0x0 acfg=0x8 icfg=0x30 ien=0x1 armed=1
1788536021.377499 [ACC] reads=46524 stale=46477 rderr=22 ax=76 ay=-122 az=1115
1788536021.380134 [PWR] pm=0x1 drift=0 rderr=0
1788536021.384131 [DWT] ok=1 cyc=2780901534 cyc_per_ms=800099
1788536022.398021 [HB] up_ms=1030094 frames=46592 inf=46592 hazard=5986 canary_err=0 q=0 qovr=0
1788536022.409398 [I2C] init=0 gate=0 whoami=0x140e0 wr=0 wrseen=0x27 addr=0x5a ok=284082 err=22 tmo=0 recov=48 pclk1=200000000 sysclk=400000000
1788536022.410756 [NAK] nacks=18
1788536022.415389 [CLK] cpu=800000000 sysb=400000000 pclk1=200000000
1788536022.420000 [TOF] res=0 step=0 id=0xeacc blk=0xeacc10 ctl=0x0
1788536022.425870 [RNG] init=0 step=99 id=0xeacc boot=1 calls=93 xerr=0 dm=1 tb=15
1788536022.432741 [RNG] osc=41 imp=881 imprb=881 mstart=0x40 cfg=91 cfgfail=0x0 vhv=0 vpolls=0
1788536022.438865 [PRT] calls=186489 xerr=0 ler=1 lidx=0x0 perr=0 maxcnt=17 addr8=0x52
1788536022.443124 [RTY] wr=0 wmax=0 wref=0  rd=0 rmax=0 rref=0
1788536022.450980 [RNG] frames=46595 last=44 min=28 max=170 nrdy=0 dxfer=0 dstat=0 lst=0 nrdyerr=0 dclr=0
1788536022.457230 [DRV] init=0 id=7 mode=0x1 lib=0x2 seq=0x1 odc=0x8b sts=0xe0 armed=1
1788536022.462716 [TRG] pulses=440 suppressed=5546 cyc=1600 rst=1 rstmode=0x40
1788536022.466221 [HLT] polls=931 faults=0x0 cfglost=0
1788536022.471837 [EFF] n=5 last=58533 min=58470 max=58534 late=0 stuck=0 rderr=0
1788536022.482085 [IMU] init=0 addr=0x68 who=0x68 rst=1 pmrb0=0x40 pmrb=0x1 sr=19 cfg=4 gcfg=0x0 acfg=0x8 icfg=0x30 ien=0x1 armed=1
1788536022.487701 [ACC] reads=46574 stale=46527 rderr=22 ax=75 ay=-122 az=1117
1788536022.490328 [PWR] pm=0x1 drift=0 rderr=0
1788536022.494332 [DWT] ok=1 cyc=3663297658 cyc_per_ms=799996
1788536023.508005 [HB] up_ms=1031197 frames=46642 inf=46642 hazard=5986 canary_err=0 q=0 qovr=0
1788536023.519225 [I2C] init=0 gate=0 whoami=0x140e0 wr=0 wrseen=0x27 addr=0x5a ok=284384 err=22 tmo=0 recov=48 pclk1=200000000 sysclk=400000000
1788536023.520599 [NAK] nacks=18
1788536023.525228 [CLK] cpu=800000000 sysb=400000000 pclk1=200000000
1788536023.529864 [TOF] res=0 step=0 id=0xeacc blk=0xeacc10 ctl=0x0
1788536023.535721 [RNG] init=0 step=99 id=0xeacc boot=1 calls=93 xerr=0 dm=1 tb=15
1788536023.542598 [RNG] osc=41 imp=881 imprb=881 mstart=0x40 cfg=91 cfgfail=0x0 vhv=0 vpolls=0
1788536023.548840 [PRT] calls=186689 xerr=0 ler=1 lidx=0x0 perr=0 maxcnt=17 addr8=0x52
1788536023.552963 [RTY] wr=0 wmax=0 wref=0  rd=0 rmax=0 rref=0
1788536023.560828 [RNG] frames=46644 last=50 min=28 max=170 nrdy=0 dxfer=0 dstat=0 lst=0 nrdyerr=0 dclr=0
1788536023.567075 [DRV] init=0 id=7 mode=0x1 lib=0x2 seq=0x1 odc=0x8b sts=0xe0 armed=1
1788536023.572569 [TRG] pulses=440 suppressed=5546 cyc=1600 rst=1 rstmode=0x40
1788536023.575945 [HLT] polls=932 faults=0x0 cfglost=0
1788536023.581816 [EFF] n=5 last=58533 min=58470 max=58534 late=0 stuck=0 rderr=0
1788536023.591930 [IMU] init=0 addr=0x68 who=0x68 rst=1 pmrb0=0x40 pmrb=0x1 sr=19 cfg=4 gcfg=0x0 acfg=0x8 icfg=0x30 ien=0x1 armed=1
1788536023.597426 [ACC] reads=46624 stale=46577 rderr=22 ax=77 ay=-122 az=1116
1788536023.600196 [PWR] pm=0x1 drift=0 rderr=0
1788536023.604045 [DWT] ok=1 cyc=250730358 cyc_per_ms=799999
1788536024.618126 [HB] up_ms=1032300 frames=46692 inf=46692 hazard=5986 canary_err=0 q=0 qovr=0
1788536024.629484 [I2C] init=0 gate=0 whoami=0x140e0 wr=0 wrseen=0x27 addr=0x5a ok=284682 err=22 tmo=0 recov=48 pclk1=200000000 sysclk=400000000
1788536024.630845 [NAK] nacks=18
1788536024.635469 [CLK] cpu=800000000 sysb=400000000 pclk1=200000000
1788536024.639967 [TOF] res=0 step=0 id=0xeacc blk=0xeacc10 ctl=0x0
1788536024.645965 [RNG] init=0 step=99 id=0xeacc boot=1 calls=93 xerr=0 dm=1 tb=15
1788536024.652829 [RNG] osc=41 imp=881 imprb=881 mstart=0x40 cfg=91 cfgfail=0x0 vhv=0 vpolls=0
1788536024.658959 [PRT] calls=186889 xerr=0 ler=1 lidx=0x0 perr=0 maxcnt=17 addr8=0x52
1788536024.663071 [RTY] wr=0 wmax=0 wref=0  rd=0 rmax=0 rref=0
1788536024.671065 [RNG] frames=46694 last=43 min=28 max=170 nrdy=0 dxfer=0 dstat=0 lst=0 nrdyerr=0 dclr=0
1788536024.677316 [DRV] init=0 id=7 mode=0x1 lib=0x2 seq=0x1 odc=0x8b sts=0xe0 armed=1
1788536024.682690 [TRG] pulses=440 suppressed=5546 cyc=1600 rst=1 rstmode=0x40
1788536024.686054 [HLT] polls=933 faults=0x0 cfglost=0
1788536024.692053 [EFF] n=5 last=58533 min=58470 max=58534 late=0 stuck=0 rderr=0
1788536024.702206 [IMU] init=0 addr=0x68 who=0x68 rst=1 pmrb0=0x40 pmrb=0x1 sr=19 cfg=4 gcfg=0x0 acfg=0x8 icfg=0x30 ien=0x1 armed=1
1788536024.707670 [ACC] reads=46674 stale=46627 rderr=22 ax=69 ay=-121 az=1117
1788536024.710315 [PWR] pm=0x1 drift=0 rderr=0
1788536024.714421 [DWT] ok=1 cyc=1133036748 cyc_per_ms=799915
1788536025.728147 [HB] up_ms=1033403 frames=46742 inf=46742 hazard=5986 canary_err=0 q=0 qovr=0
1788536025.739606 [I2C] init=0 gate=0 whoami=0x140e0 wr=0 wrseen=0x27 addr=0x5a ok=284982 err=22 tmo=0 recov=48 pclk1=200000000 sysclk=400000000
1788536025.740977 [NAK] nacks=18
1788536025.745492 [CLK] cpu=800000000 sysb=400000000 pclk1=200000000
1788536025.749979 [TOF] res=0 step=0 id=0xeacc blk=0xeacc10 ctl=0x0
1788536025.755979 [RNG] init=0 step=99 id=0xeacc boot=1 calls=93 xerr=0 dm=1 tb=15
1788536025.762843 [RNG] osc=41 imp=881 imprb=881 mstart=0x40 cfg=91 cfgfail=0x0 vhv=0 vpolls=0
1788536025.769090 [PRT] calls=187089 xerr=0 ler=1 lidx=0x0 perr=0 maxcnt=17 addr8=0x52
1788536025.773082 [RTY] wr=0 wmax=0 wref=0  rd=0 rmax=0 rref=0
1788536025.781203 [RNG] frames=46744 last=40 min=28 max=170 nrdy=0 dxfer=0 dstat=0 lst=0 nrdyerr=0 dclr=0
1788536025.787341 [DRV] init=0 id=7 mode=0x1 lib=0x2 seq=0x1 odc=0x8b sts=0xe0 armed=1
1788536025.792827 [TRG] pulses=440 suppressed=5546 cyc=1600 rst=1 rstmode=0x40
1788536025.796202 [HLT] polls=934 faults=0x0 cfglost=0
1788536025.802066 [EFF] n=5 last=58533 min=58470 max=58534 late=0 stuck=0 rderr=0
1788536025.812209 [IMU] init=0 addr=0x68 who=0x68 rst=1 pmrb0=0x40 pmrb=0x1 sr=19 cfg=4 gcfg=0x0 acfg=0x8 icfg=0x30 ien=0x1 armed=1
1788536025.817682 [ACC] reads=46724 stale=46677 rderr=22 ax=78 ay=-120 az=1116
1788536025.820301 [PWR] pm=0x1 drift=0 rderr=0
1788536025.824428 [DWT] ok=1 cyc=2015396502 cyc_per_ms=799963
1788536026.838030 [HB] up_ms=1034506 frames=46792 inf=46792 hazard=5986 canary_err=0 q=0 qovr=0
1788536026.849393 [I2C] init=0 gate=0 whoami=0x140e0 wr=0 wrseen=0x27 addr=0x5a ok=285284 err=22 tmo=0 recov=48 pclk1=200000000 sysclk=400000000
1788536026.850892 [NAK] nacks=18
1788536026.855487 [CLK] cpu=800000000 sysb=400000000 pclk1=200000000
1788536026.859877 [TOF] res=0 step=0 id=0xeacc blk=0xeacc10 ctl=0x0
1788536026.865869 [RNG] init=0 step=99 id=0xeacc boot=1 calls=93 xerr=0 dm=1 tb=15
1788536026.872751 [RNG] osc=41 imp=881 imprb=881 mstart=0x40 cfg=91 cfgfail=0x0 vhv=0 vpolls=0
1788536026.878997 [PRT] calls=187289 xerr=0 ler=1 lidx=0x0 perr=0 maxcnt=17 addr8=0x52
1788536026.882995 [RTY] wr=0 wmax=0 wref=0  rd=0 rmax=0 rref=0
1788536026.891134 [RNG] frames=46794 last=44 min=28 max=170 nrdy=0 dxfer=0 dstat=0 lst=0 nrdyerr=0 dclr=0
1788536026.897229 [DRV] init=0 id=7 mode=0x1 lib=0x2 seq=0x1 odc=0x8b sts=0xe0 armed=1
1788536026.902740 [TRG] pulses=440 suppressed=5546 cyc=1600 rst=1 rstmode=0x40
1788536026.906116 [HLT] polls=935 faults=0x0 cfglost=0
1788536026.911851 [EFF] n=5 last=58533 min=58470 max=58534 late=0 stuck=0 rderr=0
1788536026.922084 [IMU] init=0 addr=0x68 who=0x68 rst=1 pmrb0=0x40 pmrb=0x1 sr=19 cfg=4 gcfg=0x0 acfg=0x8 icfg=0x30 ien=0x1 armed=1
1788536026.927587 [ACC] reads=46774 stale=46727 rderr=22 ax=76 ay=-121 az=1115
1788536026.930212 [PWR] pm=0x1 drift=0 rderr=0
1788536026.934210 [DWT] ok=1 cyc=2897796850 cyc_per_ms=800000
1788536027.948116 [HB] up_ms=1035609 frames=46842 inf=46842 hazard=5988 canary_err=0 q=0 qovr=0
1788536027.959596 [I2C] init=0 gate=0 whoami=0x140e0 wr=0 wrseen=0x27 addr=0x5a ok=285586 err=22 tmo=0 recov=48 pclk1=200000000 sysclk=400000000
1788536027.960933 [NAK] nacks=18
1788536027.965570 [CLK] cpu=800000000 sysb=400000000 pclk1=200000000
1788536027.970061 [TOF] res=0 step=0 id=0xeacc blk=0xeacc10 ctl=0x0
1788536027.975926 [RNG] init=0 step=99 id=0xeacc boot=1 calls=93 xerr=0 dm=1 tb=15
1788536027.982917 [RNG] osc=41 imp=881 imprb=881 mstart=0x40 cfg=91 cfgfail=0x0 vhv=0 vpolls=0
1788536027.989046 [PRT] calls=187489 xerr=0 ler=1 lidx=0x0 perr=0 maxcnt=17 addr8=0x52
1788536027.993189 [RTY] wr=0 wmax=0 wref=0  rd=0 rmax=0 rref=0
1788536028.001180 [RNG] frames=46844 last=42 min=28 max=170 nrdy=0 dxfer=0 dstat=0 lst=0 nrdyerr=0 dclr=0
1788536028.007275 [DRV] init=0 id=7 mode=0x1 lib=0x2 seq=0x1 odc=0x8b sts=0xe0 armed=1
1788536028.012785 [TRG] pulses=441 suppressed=5550 cyc=1600 rst=1 rstmode=0x40
1788536028.016168 [HLT] polls=936 faults=0x0 cfglost=0
1788536028.021908 [EFF] n=5 last=58533 min=58470 max=58534 late=0 stuck=0 rderr=0
1788536028.032263 [IMU] init=0 addr=0x68 who=0x68 rst=1 pmrb0=0x40 pmrb=0x1 sr=19 cfg=4 gcfg=0x0 acfg=0x8 icfg=0x30 ien=0x1 armed=1
1788536028.037628 [ACC] reads=46824 stale=46777 rderr=22 ax=75 ay=-121 az=1114
1788536028.040383 [PWR] pm=0x1 drift=0 rderr=0
1788536028.044261 [DWT] ok=1 cyc=3780200286 cyc_per_ms=800003
1788536029.058162 [HB] up_ms=1036712 frames=46892 inf=46892 hazard=6027 canary_err=0 q=0 qovr=0
1788536029.069627 [I2C] init=0 gate=0 whoami=0x140e0 wr=0 wrseen=0x27 addr=0x5a ok=285888 err=22 tmo=0 recov=48 pclk1=200000000 sysclk=400000000
1788536029.070998 [NAK] nacks=18
1788536029.075643 [CLK] cpu=800000000 sysb=400000000 pclk1=200000000
1788536029.080141 [TOF] res=0 step=0 id=0xeacc blk=0xeacc10 ctl=0x0
1788536029.085986 [RNG] init=0 step=99 id=0xeacc boot=1 calls=93 xerr=0 dm=1 tb=15
1788536029.092984 [RNG] osc=41 imp=881 imprb=881 mstart=0x40 cfg=91 cfgfail=0x0 vhv=0 vpolls=0
1788536029.099223 [PRT] calls=187689 xerr=0 ler=1 lidx=0x0 perr=0 maxcnt=17 addr8=0x52
1788536029.103213 [RTY] wr=0 wmax=0 wref=0  rd=0 rmax=0 rref=0
1788536029.111230 [RNG] frames=46894 last=38 min=28 max=170 nrdy=0 dxfer=0 dstat=0 lst=0 nrdyerr=0 dclr=0
1788536029.117489 [DRV] init=0 id=7 mode=0x1 lib=0x2 seq=0x1 odc=0x8b sts=0xe0 armed=1
1788536029.122961 [TRG] pulses=443 suppressed=5584 cyc=1600 rst=1 rstmode=0x40
1788536029.126331 [HLT] polls=937 faults=0x0 cfglost=0
1788536029.132083 [EFF] n=5 last=58533 min=58470 max=58534 late=0 stuck=0 rderr=0
1788536029.142323 [IMU] init=0 addr=0x68 who=0x68 rst=1 pmrb0=0x40 pmrb=0x1 sr=19 cfg=4 gcfg=0x0 acfg=0x8 icfg=0x30 ien=0x1 armed=1
1788536029.147819 [ACC] reads=46874 stale=46827 rderr=22 ax=74 ay=-120 az=1113
1788536029.150446 [PWR] pm=0x1 drift=0 rderr=0
1788536029.154322 [DWT] ok=1 cyc=367629430 cyc_per_ms=799996
1788536030.169594 [HB] up_ms=1037815 frames=46942 inf=46942 hazard=6027 canary_err=0 q=0 qovr=0
1788536030.180940 [I2C] init=0 gate=0 whoami=0x140e0 wr=0 wrseen=0x27 addr=0x5a ok=286190 err=22 tmo=0 recov=48 pclk1=200000000 sysclk=400000000
1788536030.182446 [NAK] nacks=18
1788536030.186931 [CLK] cpu=800000000 sysb=400000000 pclk1=200000000
1788536030.191431 [TOF] res=0 step=0 id=0xeacc blk=0xeacc10 ctl=0x0
1788536030.197299 [RNG] init=0 step=99 id=0xeacc boot=1 calls=93 xerr=0 dm=1 tb=15
1788536030.204425 [RNG] osc=41 imp=881 imprb=881 mstart=0x40 cfg=91 cfgfail=0x0 vhv=0 vpolls=0
1788536030.210548 [PRT] calls=187889 xerr=0 ler=1 lidx=0x0 perr=0 maxcnt=17 addr8=0x52
1788536030.214671 [RTY] wr=0 wmax=0 wref=0  rd=0 rmax=0 rref=0
1788536030.222538 [RNG] frames=46944 last=45 min=28 max=170 nrdy=0 dxfer=0 dstat=0 lst=0 nrdyerr=0 dclr=0
1788536030.228790 [DRV] init=0 id=7 mode=0x1 lib=0x2 seq=0x1 odc=0x8b sts=0xe0 armed=1
1788536030.234282 [TRG] pulses=443 suppressed=5584 cyc=1600 rst=1 rstmode=0x40
1788536030.237662 [HLT] polls=938 faults=0x0 cfglost=0
1788536030.243404 [EFF] n=5 last=58533 min=58470 max=58534 late=0 stuck=0 rderr=0
1788536030.253786 [IMU] init=0 addr=0x68 who=0x68 rst=1 pmrb0=0x40 pmrb=0x1 sr=19 cfg=4 gcfg=0x0 acfg=0x8 icfg=0x30 ien=0x1 armed=1
1788536030.259269 [ACC] reads=46924 stale=46877 rderr=22 ax=76 ay=-121 az=1114
1788536030.261894 [PWR] pm=0x1 drift=0 rderr=0
1788536030.265890 [DWT] ok=1 cyc=1250029358 cyc_per_ms=799999
1788536031.280550 [HB] up_ms=1038918 frames=46992 inf=46992 hazard=6027 canary_err=0 q=0 qovr=0
1788536031.291894 [I2C] init=0 gate=0 whoami=0x140e0 wr=0 wrseen=0x27 addr=0x5a ok=286492 err=22 tmo=0 recov=48 pclk1=200000000 sysclk=400000000
1788536031.293393 [NAK] nacks=18
1788536031.297895 [CLK] cpu=800000000 sysb=400000000 pclk1=200000000
1788536031.302404 [TOF] res=0 step=0 id=0xeacc blk=0xeacc10 ctl=0x0
1788536031.308267 [RNG] init=0 step=99 id=0xeacc boot=1 calls=93 xerr=0 dm=1 tb=15
1788536031.315260 [RNG] osc=41 imp=881 imprb=881 mstart=0x40 cfg=91 cfgfail=0x0 vhv=0 vpolls=0
1788536031.321510 [PRT] calls=188089 xerr=0 ler=1 lidx=0x0 perr=0 maxcnt=17 addr8=0x52
1788536031.325514 [RTY] wr=0 wmax=0 wref=0  rd=0 rmax=0 rref=0
1788536031.333375 [RNG] frames=46994 last=38 min=28 max=170 nrdy=0 dxfer=0 dstat=0 lst=0 nrdyerr=0 dclr=0
1788536031.339756 [DRV] init=0 id=7 mode=0x1 lib=0x2 seq=0x1 odc=0x8b sts=0xe0 armed=1
1788536031.345248 [TRG] pulses=443 suppressed=5584 cyc=1600 rst=1 rstmode=0x40
1788536031.348611 [HLT] polls=939 faults=0x0 cfglost=0
1788536031.354388 [EFF] n=5 last=58533 min=58470 max=58534 late=0 stuck=0 rderr=0
1788536031.364655 [IMU] init=0 addr=0x68 who=0x68 rst=1 pmrb0=0x40 pmrb=0x1 sr=19 cfg=4 gcfg=0x0 acfg=0x8 icfg=0x30 ien=0x1 armed=1
1788536031.370121 [ACC] reads=46974 stale=46927 rderr=22 ax=74 ay=-119 az=1117
1788536031.372728 [PWR] pm=0x1 drift=0 rderr=0
1788536031.376719 [DWT] ok=1 cyc=2132429306 cyc_per_ms=799999
1788536032.391457 [HB] up_ms=1040021 frames=47042 inf=47042 hazard=6027 canary_err=0 q=0 qovr=0
1788536032.402876 [I2C] init=0 gate=0 whoami=0x140e0 wr=0 wrseen=0x27 addr=0x5a ok=286794 err=22 tmo=0 recov=48 pclk1=200000000 sysclk=400000000
1788536032.404238 [NAK] nacks=18
1788536032.408861 [CLK] cpu=800000000 sysb=400000000 pclk1=200000000
1788536032.413369 [TOF] res=0 step=0 id=0xeacc blk=0xeacc10 ctl=0x0
1788536032.419125 [RNG] init=0 step=99 id=0xeacc boot=1 calls=93 xerr=0 dm=1 tb=15
1788536032.426229 [RNG] osc=41 imp=881 imprb=881 mstart=0x40 cfg=91 cfgfail=0x0 vhv=0 vpolls=0
1788536032.432488 [PRT] calls=188289 xerr=0 ler=1 lidx=0x0 perr=0 maxcnt=17 addr8=0x52
1788536032.436479 [RTY] wr=0 wmax=0 wref=0  rd=0 rmax=0 rref=0
1788536032.444360 [RNG] frames=47044 last=45 min=28 max=170 nrdy=0 dxfer=0 dstat=0 lst=0 nrdyerr=0 dclr=0
1788536032.450720 [DRV] init=0 id=7 mode=0x1 lib=0x2 seq=0x1 odc=0x8b sts=0xe0 armed=1
1788536032.456214 [TRG] pulses=443 suppressed=5584 cyc=1600 rst=1 rstmode=0x40
1788536032.459592 [HLT] polls=940 faults=0x0 cfglost=0
1788536032.465338 [EFF] n=5 last=58533 min=58470 max=58534 late=0 stuck=0 rderr=0
1788536032.475578 [IMU] init=0 addr=0x68 who=0x68 rst=1 pmrb0=0x40 pmrb=0x1 sr=19 cfg=4 gcfg=0x0 acfg=0x8 icfg=0x30 ien=0x1 armed=1
1788536032.481071 [ACC] reads=47024 stale=46977 rderr=22 ax=78 ay=-121 az=1112
1788536032.483696 [PWR] pm=0x1 drift=0 rderr=0
1788536032.487693 [DWT] ok=1 cyc=3014829206 cyc_per_ms=799999
1788536033.502141 [HB] up_ms=1041124 frames=47092 inf=47092 hazard=6027 canary_err=0 q=0 qovr=0
1788536033.513609 [I2C] init=0 gate=0 whoami=0x140e0 wr=0 wrseen=0x27 addr=0x5a ok=287096 err=22 tmo=0 recov=48 pclk1=200000000 sysclk=400000000
1788536033.514975 [NAK] nacks=18
1788536033.519600 [CLK] cpu=800000000 sysb=400000000 pclk1=200000000
1788536033.524139 [TOF] res=0 step=0 id=0xeacc blk=0xeacc10 ctl=0x0
1788536033.529970 [RNG] init=0 step=99 id=0xeacc boot=1 calls=93 xerr=0 dm=1 tb=15
1788536033.536965 [RNG] osc=41 imp=881 imprb=881 mstart=0x40 cfg=91 cfgfail=0x0 vhv=0 vpolls=0
1788536033.543206 [PRT] calls=188489 xerr=0 ler=1 lidx=0x0 perr=0 maxcnt=17 addr8=0x52
1788536033.547265 [RTY] wr=0 wmax=0 wref=0  rd=0 rmax=0 rref=0
1788536033.555285 [RNG] frames=47094 last=48 min=28 max=170 nrdy=0 dxfer=0 dstat=0 lst=0 nrdyerr=0 dclr=0
1788536033.561437 [DRV] init=0 id=7 mode=0x1 lib=0x2 seq=0x1 odc=0x8b sts=0xe0 armed=1
1788536033.566949 [TRG] pulses=443 suppressed=5584 cyc=1600 rst=1 rstmode=0x40
1788536033.570323 [HLT] polls=941 faults=0x0 cfglost=0
1788536033.576064 [EFF] n=5 last=58533 min=58470 max=58534 late=0 stuck=0 rderr=0
1788536033.586303 [IMU] init=0 addr=0x68 who=0x68 rst=1 pmrb0=0x40 pmrb=0x1 sr=19 cfg=4 gcfg=0x0 acfg=0x8 icfg=0x30 ien=0x1 armed=1
1788536033.591809 [ACC] reads=47074 stale=47027 rderr=22 ax=74 ay=-119 az=1116
1788536033.594437 [PWR] pm=0x1 drift=0 rderr=0
1788536033.598439 [DWT] ok=1 cyc=3897229346 cyc_per_ms=800000
1788536034.613247 [HB] up_ms=1042227 frames=47142 inf=47142 hazard=6027 canary_err=0 q=0 qovr=0
1788536034.624610 [I2C] init=0 gate=0 whoami=0x140e0 wr=0 wrseen=0x27 addr=0x5a ok=287398 err=22 tmo=0 recov=48 pclk1=200000000 sysclk=400000000
1788536034.626126 [NAK] nacks=18
1788536034.630602 [CLK] cpu=800000000 sysb=400000000 pclk1=200000000
1788536034.635217 [TOF] res=0 step=0 id=0xeacc blk=0xeacc10 ctl=0x0
1788536034.640972 [RNG] init=0 step=99 id=0xeacc boot=1 calls=93 xerr=0 dm=1 tb=15
1788536034.647965 [RNG] osc=41 imp=881 imprb=881 mstart=0x40 cfg=91 cfgfail=0x0 vhv=0 vpolls=0
1788536034.654237 [PRT] calls=188688 xerr=0 ler=1 lidx=0x0 perr=0 maxcnt=17 addr8=0x52
1788536034.658336 [RTY] wr=0 wmax=0 wref=0  rd=0 rmax=0 rref=0
1788536034.666195 [RNG] frames=47144 last=46 min=28 max=170 nrdy=0 dxfer=0 dstat=0 lst=0 nrdyerr=0 dclr=0
1788536034.672578 [DRV] init=0 id=7 mode=0x1 lib=0x2 seq=0x1 odc=0x8b sts=0xe0 armed=1
1788536034.677951 [TRG] pulses=443 suppressed=5584 cyc=1600 rst=1 rstmode=0x40
1788536034.681324 [HLT] polls=942 faults=0x0 cfglost=0
1788536034.687062 [EFF] n=5 last=58533 min=58470 max=58534 late=0 stuck=0 rderr=0
1788536034.697469 [IMU] init=0 addr=0x68 who=0x68 rst=1 pmrb0=0x40 pmrb=0x1 sr=19 cfg=4 gcfg=0x0 acfg=0x8 icfg=0x30 ien=0x1 armed=1
1788536034.702964 [ACC] reads=47124 stale=47077 rderr=22 ax=76 ay=-120 az=1113
1788536034.705585 [PWR] pm=0x1 drift=0 rderr=0
1788536034.709469 [DWT] ok=1 cyc=484662182 cyc_per_ms=800000
1788536035.723624 [HB] up_ms=1043330 frames=47192 inf=47192 hazard=6059 canary_err=0 q=0 qovr=0
1788536035.734849 [I2C] init=0 gate=0 whoami=0x140e0 wr=0 wrseen=0x27 addr=0x5a ok=287700 err=22 tmo=0 recov=48 pclk1=200000000 sysclk=400000000
1788536035.736488 [NAK] nacks=18
1788536035.741117 [CLK] cpu=800000000 sysb=400000000 pclk1=200000000
1788536035.745600 [TOF] res=0 step=0 id=0xeacc blk=0xeacc10 ctl=0x0
1788536035.751472 [RNG] init=0 step=99 id=0xeacc boot=1 calls=93 xerr=0 dm=1 tb=15
1788536035.758341 [RNG] osc=41 imp=881 imprb=881 mstart=0x40 cfg=91 cfgfail=0x0 vhv=0 vpolls=0
1788536035.764710 [PRT] calls=188885 xerr=0 ler=1 lidx=0x0 perr=0 maxcnt=17 addr8=0x52
1788536035.768711 [RTY] wr=0 wmax=0 wref=0  rd=0 rmax=0 rref=0
1788536035.776575 [RNG] frames=47194 last=47 min=28 max=170 nrdy=0 dxfer=0 dstat=0 lst=0 nrdyerr=0 dclr=0
1788536035.782953 [DRV] init=0 id=7 mode=0x1 lib=0x2 seq=0x1 odc=0x8b sts=0xe0 armed=1
1788536035.788465 [TRG] pulses=446 suppressed=5616 cyc=1600 rst=1 rstmode=0x40
1788536035.791822 [HLT] polls=943 faults=0x0 cfglost=0
1788536035.797570 [EFF] n=5 last=58533 min=58470 max=58534 late=0 stuck=0 rderr=0
1788536035.807821 [IMU] init=0 addr=0x68 who=0x68 rst=1 pmrb0=0x40 pmrb=0x1 sr=19 cfg=4 gcfg=0x0 acfg=0x8 icfg=0x30 ien=0x1 armed=1
1788536035.813314 [ACC] reads=47174 stale=47127 rderr=22 ax=76 ay=-122 az=1115
1788536035.815921 [PWR] pm=0x1 drift=0 rderr=0
1788536035.819932 [DWT] ok=1 cyc=1367065754 cyc_per_ms=800003
1788536036.834155 [HB] up_ms=1044433 frames=47242 inf=47242 hazard=6068 canary_err=0 q=0 qovr=0
1788536036.845377 [I2C] init=0 gate=0 whoami=0x140e0 wr=0 wrseen=0x27 addr=0x5a ok=288002 err=22 tmo=0 recov=48 pclk1=200000000 sysclk=400000000
1788536036.846862 [NAK] nacks=18
1788536036.851609 [CLK] cpu=800000000 sysb=400000000 pclk1=200000000
1788536036.856142 [TOF] res=0 step=0 id=0xeacc blk=0xeacc10 ctl=0x0
1788536036.861880 [RNG] init=0 step=99 id=0xeacc boot=1 calls=93 xerr=0 dm=1 tb=15
1788536036.868856 [RNG] osc=41 imp=881 imprb=881 mstart=0x40 cfg=91 cfgfail=0x0 vhv=0 vpolls=0
1788536036.875117 [PRT] calls=189085 xerr=0 ler=1 lidx=0x0 perr=0 maxcnt=17 addr8=0x52
1788536036.879228 [RTY] wr=0 wmax=0 wref=0  rd=0 rmax=0 rref=0
1788536036.887094 [RNG] frames=47244 last=48 min=28 max=170 nrdy=0 dxfer=0 dstat=0 lst=0 nrdyerr=0 dclr=0
1788536036.893340 [DRV] init=0 id=7 mode=0x1 lib=0x2 seq=0x1 odc=0x8b sts=0xe0 armed=1
1788536036.898832 [TRG] pulses=446 suppressed=5622 cyc=1600 rst=1 rstmode=0x40
1788536036.902201 [HLT] polls=944 faults=0x0 cfglost=0
1788536036.907960 [EFF] n=5 last=58533 min=58470 max=58534 late=0 stuck=0 rderr=0
1788536036.918332 [IMU] init=0 addr=0x68 who=0x68 rst=1 pmrb0=0x40 pmrb=0x1 sr=19 cfg=4 gcfg=0x0 acfg=0x8 icfg=0x30 ien=0x1 armed=1
1788536036.923693 [ACC] reads=47224 stale=47177 rderr=22 ax=74 ay=-120 az=1115
1788536036.926438 [PWR] pm=0x1 drift=0 rderr=0
1788536036.930325 [DWT] ok=1 cyc=2249461826 cyc_per_ms=799996
1788536037.944405 [HB] up_ms=1045536 frames=47292 inf=47292 hazard=6068 canary_err=0 q=0 qovr=0
1788536037.955775 [I2C] init=0 gate=0 whoami=0x140e0 wr=0 wrseen=0x27 addr=0x5a ok=288304 err=22 tmo=0 recov=48 pclk1=200000000 sysclk=400000000
1788536037.957160 [NAK] nacks=18
1788536037.961873 [CLK] cpu=800000000 sysb=400000000 pclk1=200000000
1788536037.966373 [TOF] res=0 step=0 id=0xeacc blk=0xeacc10 ctl=0x0
1788536037.972248 [RNG] init=0 step=99 id=0xeacc boot=1 calls=93 xerr=0 dm=1 tb=15
1788536037.979230 [RNG] osc=41 imp=881 imprb=881 mstart=0x40 cfg=91 cfgfail=0x0 vhv=0 vpolls=0
1788536037.985508 [PRT] calls=189285 xerr=0 ler=1 lidx=0x0 perr=0 maxcnt=17 addr8=0x52
1788536037.989469 [RTY] wr=0 wmax=0 wref=0  rd=0 rmax=0 rref=0
1788536037.997899 [RNG] frames=47294 last=43 min=28 max=170 nrdy=0 dxfer=0 dstat=0 lst=0 nrdyerr=0 dclr=0
1788536038.003598 [DRV] init=0 id=7 mode=0x1 lib=0x2 seq=0x1 odc=0x8b sts=0xe0 armed=1
1788536038.009197 [TRG] pulses=446 suppressed=5622 cyc=1600 rst=1 rstmode=0x40
1788536038.012572 [HLT] polls=945 faults=0x0 cfglost=0
1788536038.018196 [EFF] n=5 last=58533 min=58470 max=58534 late=0 stuck=0 rderr=0
1788536038.028576 [IMU] init=0 addr=0x68 who=0x68 rst=1 pmrb0=0x40 pmrb=0x1 sr=19 cfg=4 gcfg=0x0 acfg=0x8 icfg=0x30 ien=0x1 armed=1
1788536038.034071 [ACC] reads=47274 stale=47227 rderr=22 ax=74 ay=-121 az=1117
1788536038.036695 [PWR] pm=0x1 drift=0 rderr=0
1788536038.040694 [DWT] ok=1 cyc=3131861994 cyc_per_ms=800000
1788536039.055314 [HB] up_ms=1046639 frames=47342 inf=47342 hazard=6068 canary_err=0 q=0 qovr=0
1788536039.066544 [I2C] init=0 gate=0 whoami=0x140e0 wr=0 wrseen=0x27 addr=0x5a ok=288606 err=22 tmo=0 recov=48 pclk1=200000000 sysclk=400000000
1788536039.068036 [NAK] nacks=18
1788536039.072790 [CLK] cpu=800000000 sysb=400000000 pclk1=200000000
1788536039.077286 [TOF] res=0 step=0 id=0xeacc blk=0xeacc10 ctl=0x0
1788536039.083028 [RNG] init=0 step=99 id=0xeacc boot=1 calls=93 xerr=0 dm=1 tb=15
1788536039.090031 [RNG] osc=41 imp=881 imprb=881 mstart=0x40 cfg=91 cfgfail=0x0 vhv=0 vpolls=0
1788536039.096276 [PRT] calls=189485 xerr=0 ler=1 lidx=0x0 perr=0 maxcnt=17 addr8=0x52
1788536039.100399 [RTY] wr=0 wmax=0 wref=0  rd=0 rmax=0 rref=0
1788536039.108264 [RNG] frames=47344 last=45 min=28 max=170 nrdy=0 dxfer=0 dstat=0 lst=0 nrdyerr=0 dclr=0
1788536039.114397 [DRV] init=0 id=7 mode=0x1 lib=0x2 seq=0x1 odc=0x8b sts=0xe0 armed=1
1788536039.120147 [TRG] pulses=446 suppressed=5622 cyc=1600 rst=1 rstmode=0x40
1788536039.123390 [HLT] polls=946 faults=0x0 cfglost=0
1788536039.129147 [EFF] n=5 last=58533 min=58470 max=58534 late=0 stuck=0 rderr=0
1788536039.139379 [IMU] init=0 addr=0x68 who=0x68 rst=1 pmrb0=0x40 pmrb=0x1 sr=19 cfg=4 gcfg=0x0 acfg=0x8 icfg=0x30 ien=0x1 armed=1
1788536039.145000 [ACC] reads=47323 stale=47276 rderr=22 ax=76 ay=-120 az=1116
1788536039.147620 [PWR] pm=0x1 drift=0 rderr=0
1788536039.151617 [DWT] ok=1 cyc=4014290334 cyc_per_ms=800025
1788536040.166722 [HB] up_ms=1047742 frames=47391 inf=47391 hazard=6068 canary_err=0 q=0 qovr=0
1788536040.178078 [I2C] init=0 gate=0 whoami=0x140e0 wr=0 wrseen=0x27 addr=0x5a ok=288908 err=22 tmo=0 recov=48 pclk1=200000000 sysclk=400000000
1788536040.179449 [NAK] nacks=18
1788536040.184072 [CLK] cpu=800000000 sysb=400000000 pclk1=200000000
1788536040.188694 [TOF] res=0 step=0 id=0xeacc blk=0xeacc10 ctl=0x0
1788536040.194570 [RNG] init=0 step=99 id=0xeacc boot=1 calls=93 xerr=0 dm=1 tb=15
1788536040.201446 [RNG] osc=41 imp=881 imprb=881 mstart=0x40 cfg=91 cfgfail=0x0 vhv=0 vpolls=0
1788536040.207810 [PRT] calls=189685 xerr=0 ler=1 lidx=0x0 perr=0 maxcnt=17 addr8=0x52
1788536040.211814 [RTY] wr=0 wmax=0 wref=0  rd=0 rmax=0 rref=0
1788536040.219681 [RNG] frames=47394 last=44 min=28 max=170 nrdy=0 dxfer=0 dstat=0 lst=0 nrdyerr=0 dclr=0
1788536040.225925 [DRV] init=0 id=7 mode=0x1 lib=0x2 seq=0x1 odc=0x8b sts=0xe0 armed=1
1788536040.231557 [TRG] pulses=446 suppressed=5622 cyc=1600 rst=1 rstmode=0x40
1788536040.234924 [HLT] polls=947 faults=0x0 cfglost=0
1788536040.240665 [EFF] n=5 last=58533 min=58470 max=58534 late=0 stuck=0 rderr=0
1788536040.250790 [IMU] init=0 addr=0x68 who=0x68 rst=1 pmrb0=0x40 pmrb=0x1 sr=19 cfg=4 gcfg=0x0 acfg=0x8 icfg=0x30 ien=0x1 armed=1
1788536040.256539 [ACC] reads=47373 stale=47325 rderr=22 ax=74 ay=-121 az=1112
1788536040.259181 [PWR] pm=0x1 drift=0 rderr=0
1788536040.263032 [DWT] ok=1 cyc=601827778 cyc_per_ms=800094
1788536041.278164 [HB] up_ms=1048845 frames=47441 inf=47441 hazard=6068 canary_err=0 q=0 qovr=0
1788536041.289497 [I2C] init=0 gate=0 whoami=0x140e0 wr=0 wrseen=0x27 addr=0x5a ok=289209 err=23 tmo=0 recov=48 pclk1=200000000 sysclk=400000000
1788536041.290872 [NAK] nacks=19
1788536041.295499 [CLK] cpu=800000000 sysb=400000000 pclk1=200000000
1788536041.300128 [TOF] res=0 step=0 id=0xeacc blk=0xeacc10 ctl=0x0
1788536041.305991 [RNG] init=0 step=99 id=0xeacc boot=1 calls=93 xerr=0 dm=1 tb=15
1788536041.312870 [RNG] osc=41 imp=881 imprb=881 mstart=0x40 cfg=91 cfgfail=0x0 vhv=0 vpolls=0
1788536041.318977 [PRT] calls=189885 xerr=0 ler=1 lidx=0x0 perr=0 maxcnt=17 addr8=0x52
1788536041.323224 [RTY] wr=0 wmax=0 wref=0  rd=0 rmax=0 rref=0
1788536041.331127 [RNG] frames=47444 last=47 min=28 max=170 nrdy=0 dxfer=0 dstat=0 lst=0 nrdyerr=0 dclr=0
1788536041.337413 [DRV] init=0 id=7 mode=0x1 lib=0x2 seq=0x1 odc=0x8b sts=0xe0 armed=1
1788536041.342849 [TRG] pulses=446 suppressed=5622 cyc=1600 rst=1 rstmode=0x40
1788536041.346344 [HLT] polls=948 faults=0x0 cfglost=0
1788536041.352080 [EFF] n=5 last=58533 min=58470 max=58534 late=0 stuck=0 rderr=0
1788536041.362217 [IMU] init=0 addr=0x68 who=0x68 rst=1 pmrb0=0x40 pmrb=0x1 sr=19 cfg=4 gcfg=0x0 acfg=0x8 icfg=0x30 ien=0x1 armed=1
1788536041.367826 [ACC] reads=47422 stale=47375 rderr=23 ax=75 ay=-121 az=1115
1788536041.370465 [PWR] pm=0x1 drift=0 rderr=0
1788536041.374456 [DWT] ok=1 cyc=1484228474 cyc_per_ms=800000
1788536042.389565 [HB] up_ms=1049948 frames=47491 inf=47491 hazard=6079 canary_err=0 q=0 qovr=0
1788536042.400787 [I2C] init=0 gate=0 whoami=0x140e0 wr=0 wrseen=0x27 addr=0x5a ok=289511 err=23 tmo=0 recov=48 pclk1=200000000 sysclk=400000000
1788536042.402309 [NAK] nacks=19
1788536042.406925 [CLK] cpu=800000000 sysb=400000000 pclk1=200000000
1788536042.411537 [TOF] res=0 step=0 id=0xeacc blk=0xeacc10 ctl=0x0
1788536042.417402 [RNG] init=0 step=99 id=0xeacc boot=1 calls=93 xerr=0 dm=1 tb=15
1788536042.424283 [RNG] osc=41 imp=881 imprb=881 mstart=0x40 cfg=91 cfgfail=0x0 vhv=0 vpolls=0
1788536042.430393 [PRT] calls=190085 xerr=0 ler=1 lidx=0x0 perr=0 maxcnt=17 addr8=0x52
1788536042.434642 [RTY] wr=0 wmax=0 wref=0  rd=0 rmax=0 rref=0
1788536042.442518 [RNG] frames=47493 last=42 min=28 max=170 nrdy=0 dxfer=0 dstat=0 lst=0 nrdyerr=0 dclr=0
1788536042.448772 [DRV] init=0 id=7 mode=0x1 lib=0x2 seq=0x1 odc=0x8b sts=0xe0 armed=1
1788536042.454264 [TRG] pulses=447 suppressed=5635 cyc=1600 rst=1 rstmode=0x40
1788536042.457758 [HLT] polls=949 faults=0x0 cfglost=0
1788536042.463513 [EFF] n=5 last=58533 min=58470 max=58534 late=0 stuck=0 rderr=0
1788536042.473629 [IMU] init=0 addr=0x68 who=0x68 rst=1 pmrb0=0x40 pmrb=0x1 sr=19 cfg=4 gcfg=0x0 acfg=0x8 icfg=0x30 ien=0x1 armed=1
1788536042.479150 [ACC] reads=47472 stale=47425 rderr=23 ax=77 ay=-121 az=1113
1788536042.481996 [PWR] pm=0x1 drift=0 rderr=0
1788536042.485995 [DWT] ok=1 cyc=2366635354 cyc_per_ms=800006
1788536043.500984 [HB] up_ms=1051051 frames=47541 inf=47541 hazard=6109 canary_err=0 q=0 qovr=0
1788536043.512353 [I2C] init=0 gate=0 whoami=0x140e0 wr=0 wrseen=0x27 addr=0x5a ok=289809 err=23 tmo=0 recov=48 pclk1=200000000 sysclk=400000000
1788536043.513735 [NAK] nacks=19
1788536043.518337 [CLK] cpu=800000000 sysb=400000000 pclk1=200000000
1788536043.522839 [TOF] res=0 step=0 id=0xeacc blk=0xeacc10 ctl=0x0
1788536043.528834 [RNG] init=0 step=99 id=0xeacc boot=1 calls=93 xerr=0 dm=1 tb=15
1788536043.535703 [RNG] osc=41 imp=881 imprb=881 mstart=0x40 cfg=91 cfgfail=0x0 vhv=0 vpolls=0
1788536043.541953 [PRT] calls=190285 xerr=0 ler=1 lidx=0x0 perr=0 maxcnt=17 addr8=0x52
1788536043.545947 [RTY] wr=0 wmax=0 wref=0  rd=0 rmax=0 rref=0
1788536043.554074 [RNG] frames=47543 last=38 min=28 max=170 nrdy=0 dxfer=0 dstat=0 lst=0 nrdyerr=0 dclr=0
1788536043.560205 [DRV] init=0 id=7 mode=0x1 lib=0x2 seq=0x1 odc=0x8b sts=0xe0 armed=1
1788536043.565688 [TRG] pulses=449 suppressed=5660 cyc=1600 rst=1 rstmode=0x40
1788536043.569077 [HLT] polls=950 faults=0x0 cfglost=0
1788536043.574935 [EFF] n=5 last=58533 min=58470 max=58534 late=0 stuck=0 rderr=0
1788536043.585052 [IMU] init=0 addr=0x68 who=0x68 rst=1 pmrb0=0x40 pmrb=0x1 sr=19 cfg=4 gcfg=0x0 acfg=0x8 icfg=0x30 ien=0x1 armed=1
1788536043.590560 [ACC] reads=47522 stale=47475 rderr=23 ax=77 ay=-121 az=1115
1788536043.593304 [PWR] pm=0x1 drift=0 rderr=0
1788536043.597424 [DWT] ok=1 cyc=3248934840 cyc_per_ms=799908
1788536044.612040 [HB] up_ms=1052154 frames=47591 inf=47591 hazard=6109 canary_err=0 q=0 qovr=0
1788536044.623522 [I2C] init=0 gate=0 whoami=0x140e0 wr=0 wrseen=0x27 addr=0x5a ok=290109 err=23 tmo=0 recov=48 pclk1=200000000 sysclk=400000000
1788536044.624910 [NAK] nacks=19
1788536044.629529 [CLK] cpu=800000000 sysb=400000000 pclk1=200000000
1788536044.634018 [TOF] res=0 step=0 id=0xeacc blk=0xeacc10 ctl=0x0
1788536044.640019 [RNG] init=0 step=99 id=0xeacc boot=1 calls=93 xerr=0 dm=1 tb=15
1788536044.646891 [RNG] osc=41 imp=881 imprb=881 mstart=0x40 cfg=91 cfgfail=0x0 vhv=0 vpolls=0
1788536044.653162 [PRT] calls=190485 xerr=0 ler=1 lidx=0x0 perr=0 maxcnt=17 addr8=0x52
1788536044.657159 [RTY] wr=0 wmax=0 wref=0  rd=0 rmax=0 rref=0
1788536044.665254 [RNG] frames=47593 last=46 min=28 max=170 nrdy=0 dxfer=0 dstat=0 lst=0 nrdyerr=0 dclr=0
1788536044.671385 [DRV] init=0 id=7 mode=0x1 lib=0x2 seq=0x1 odc=0x8b sts=0xe0 armed=1
1788536044.676878 [TRG] pulses=449 suppressed=5660 cyc=1600 rst=1 rstmode=0x40
1788536044.680262 [HLT] polls=951 faults=0x0 cfglost=0
1788536044.686150 [EFF] n=5 last=58533 min=58470 max=58534 late=0 stuck=0 rderr=0
1788536044.696245 [IMU] init=0 addr=0x68 who=0x68 rst=1 pmrb0=0x40 pmrb=0x1 sr=19 cfg=4 gcfg=0x0 acfg=0x8 icfg=0x30 ien=0x1 armed=1
1788536044.701755 [ACC] reads=47572 stale=47525 rderr=23 ax=75 ay=-119 az=1115
1788536044.704490 [PWR] pm=0x1 drift=0 rderr=0
1788536044.708621 [DWT] ok=1 cyc=4131294658 cyc_per_ms=799963
1788536045.723609 [HB] up_ms=1053257 frames=47641 inf=47641 hazard=6109 canary_err=0 q=0 qovr=0
1788536045.735115 [I2C] init=0 gate=0 whoami=0x140e0 wr=0 wrseen=0x27 addr=0x5a ok=290411 err=23 tmo=0 recov=48 pclk1=200000000 sysclk=400000000
1788536045.736469 [NAK] nacks=19
1788536045.741120 [CLK] cpu=800000000 sysb=400000000 pclk1=200000000
1788536045.745607 [TOF] res=0 step=0 id=0xeacc blk=0xeacc10 ctl=0x0
1788536045.751609 [RNG] init=0 step=99 id=0xeacc boot=1 calls=93 xerr=0 dm=1 tb=15
1788536045.758479 [RNG] osc=41 imp=881 imprb=881 mstart=0x40 cfg=91 cfgfail=0x0 vhv=0 vpolls=0
1788536045.764729 [PRT] calls=190685 xerr=0 ler=1 lidx=0x0 perr=0 maxcnt=17 addr8=0x52
1788536045.768729 [RTY] wr=0 wmax=0 wref=0  rd=0 rmax=0 rref=0
1788536045.776871 [RNG] frames=47643 last=37 min=28 max=170 nrdy=0 dxfer=0 dstat=0 lst=0 nrdyerr=0 dclr=0
1788536045.782996 [DRV] init=0 id=7 mode=0x1 lib=0x2 seq=0x1 odc=0x8b sts=0xe0 armed=1
1788536045.788545 [TRG] pulses=449 suppressed=5660 cyc=1600 rst=1 rstmode=0x40
1788536045.791862 [HLT] polls=952 faults=0x0 cfglost=0
1788536045.797615 [EFF] n=5 last=58533 min=58470 max=58534 late=0 stuck=0 rderr=0
1788536045.807875 [IMU] init=0 addr=0x68 who=0x68 rst=1 pmrb0=0x40 pmrb=0x1 sr=19 cfg=4 gcfg=0x0 acfg=0x8 icfg=0x30 ien=0x1 armed=1
1788536045.813376 [ACC] reads=47622 stale=47575 rderr=23 ax=75 ay=-120 az=1114
1788536045.815989 [PWR] pm=0x1 drift=0 rderr=0
1788536045.819988 [DWT] ok=1 cyc=718727678 cyc_per_ms=800000
1788536046.840310 [HB] up_ms=1054360 frames=47691 inf=47691 hazard=6109 canary_err=0 q=0 qovr=0
1788536046.851890 [I2C] init=0 gate=0 whoami=0x140e0 wr=0 wrseen=0x27 addr=0x5a ok=290713 err=23 tmo=0 recov=48 pclk1=200000000 sysclk=400000000
1788536046.853261 [NAK] nacks=19
1788536046.857893 [CLK] cpu=800000000 sysb=400000000 pclk1=200000000
1788536046.862432 [TOF] res=0 step=0 id=0xeacc blk=0xeacc10 ctl=0x0
1788536046.868341 [RNG] init=0 step=99 id=0xeacc boot=1 calls=93 xerr=0 dm=1 tb=15
1788536046.875378 [RNG] osc=41 imp=881 imprb=881 mstart=0x40 cfg=91 cfgfail=0x0 vhv=0 vpolls=0
1788536046.881546 [PRT] calls=190885 xerr=0 ler=1 lidx=0x0 perr=0 maxcnt=17 addr8=0x52
1788536046.885703 [RTY] wr=0 wmax=0 wref=0  rd=0 rmax=0 rref=0
1788536046.893731 [RNG] frames=47693 last=43 min=28 max=170 nrdy=0 dxfer=0 dstat=0 lst=0 nrdyerr=0 dclr=0
1788536046.900016 [DRV] init=0 id=7 mode=0x1 lib=0x2 seq=0x1 odc=0x8b sts=0xe0 armed=1
1788536046.905551 [TRG] pulses=449 suppressed=5660 cyc=1600 rst=1 rstmode=0x40
1788536046.908817 [HLT] polls=953 faults=0x0 cfglost=0
1788536046.914758 [EFF] n=5 last=58533 min=58470 max=58534 late=0 stuck=0 rderr=0
1788536046.925053 [IMU] init=0 addr=0x68 who=0x68 rst=1 pmrb0=0x40 pmrb=0x1 sr=19 cfg=4 gcfg=0x0 acfg=0x8 icfg=0x30 ien=0x1 armed=1
1788536046.930586 [ACC] reads=47672 stale=47625 rderr=23 ax=75 ay=-121 az=1115
1788536046.933219 [PWR] pm=0x1 drift=0 rderr=0
1788536046.937232 [DWT] ok=1 cyc=1601127510 cyc_per_ms=799999
1788536047.958137 [HB] up_ms=1055463 frames=47741 inf=47741 hazard=6109 canary_err=0 q=0 qovr=0
1788536047.969693 [I2C] init=0 gate=0 whoami=0x140e0 wr=0 wrseen=0x27 addr=0x5a ok=291015 err=23 tmo=0 recov=48 pclk1=200000000 sysclk=400000000
1788536047.971063 [NAK] nacks=19
1788536047.975710 [CLK] cpu=800000000 sysb=400000000 pclk1=200000000
1788536047.980238 [TOF] res=0 step=0 id=0xeacc blk=0xeacc10 ctl=0x0
1788536047.986175 [RNG] init=0 step=99 id=0xeacc boot=1 calls=93 xerr=0 dm=1 tb=15
1788536047.993191 [RNG] osc=41 imp=881 imprb=881 mstart=0x40 cfg=91 cfgfail=0x0 vhv=0 vpolls=0
1788536047.999472 [PRT] calls=191085 xerr=0 ler=1 lidx=0x0 perr=0 maxcnt=17 addr8=0x52
1788536048.003489 [RTY] wr=0 wmax=0 wref=0  rd=0 rmax=0 rref=0
1788536048.011536 [RNG] frames=47743 last=43 min=28 max=170 nrdy=0 dxfer=0 dstat=0 lst=0 nrdyerr=0 dclr=0
1788536048.017810 [DRV] init=0 id=7 mode=0x1 lib=0x2 seq=0x1 odc=0x8b sts=0xe0 armed=1
1788536048.023349 [TRG] pulses=449 suppressed=5660 cyc=1600 rst=1 rstmode=0x40
1788536048.026741 [HLT] polls=954 faults=0x0 cfglost=0
1788536048.032515 [EFF] n=5 last=58533 min=58470 max=58534 late=0 stuck=0 rderr=0
1788536048.042942 [IMU] init=0 addr=0x68 who=0x68 rst=1 pmrb0=0x40 pmrb=0x1 sr=19 cfg=4 gcfg=0x0 acfg=0x8 icfg=0x30 ien=0x1 armed=1
1788536048.048486 [ACC] reads=47722 stale=47674 rderr=23 ax=75 ay=-120 az=1113
1788536048.051134 [PWR] pm=0x1 drift=0 rderr=0
1788536048.055158 [DWT] ok=1 cyc=2483527562 cyc_per_ms=800000
1788536049.075160 [HB] up_ms=1056566 frames=47791 inf=47791 hazard=6109 canary_err=0 q=0 qovr=0
1788536049.086558 [I2C] init=0 gate=0 whoami=0x140e0 wr=0 wrseen=0x27 addr=0x5a ok=291317 err=23 tmo=0 recov=48 pclk1=200000000 sysclk=400000000
1788536049.088064 [NAK] nacks=19
1788536049.092583 [CLK] cpu=800000000 sysb=400000000 pclk1=200000000
1788536049.097131 [TOF] res=0 step=0 id=0xeacc blk=0xeacc10 ctl=0x0
1788536049.103010 [RNG] init=0 step=99 id=0xeacc boot=1 calls=93 xerr=0 dm=1 tb=15
1788536049.110197 [RNG] osc=41 imp=881 imprb=881 mstart=0x40 cfg=91 cfgfail=0x0 vhv=0 vpolls=0
1788536049.116325 [PRT] calls=191285 xerr=0 ler=1 lidx=0x0 perr=0 maxcnt=17 addr8=0x52
1788536049.120488 [RTY] wr=0 wmax=0 wref=0  rd=0 rmax=0 rref=0
1788536049.128389 [RNG] frames=47793 last=36 min=28 max=170 nrdy=0 dxfer=0 dstat=0 lst=0 nrdyerr=0 dclr=0
1788536049.134663 [DRV] init=0 id=7 mode=0x1 lib=0x2 seq=0x1 odc=0x8b sts=0xe0 armed=1
1788536049.140198 [TRG] pulses=449 suppressed=5660 cyc=1600 rst=1 rstmode=0x40
1788536049.143584 [HLT] polls=955 faults=0x0 cfglost=0
1788536049.149359 [EFF] n=5 last=58533 min=58470 max=58534 late=0 stuck=0 rderr=0
1788536049.159660 [IMU] init=0 addr=0x68 who=0x68 rst=1 pmrb0=0x40 pmrb=0x1 sr=19 cfg=4 gcfg=0x0 acfg=0x8 icfg=0x30 ien=0x1 armed=1
1788536049.165197 [ACC] reads=47772 stale=47724 rderr=23 ax=73 ay=-122 az=1114
1788536049.167828 [PWR] pm=0x1 drift=0 rderr=0
1788536049.171855 [DWT] ok=1 cyc=3365927462 cyc_per_ms=799999
1788536050.191368 [HB] up_ms=1057669 frames=47841 inf=47841 hazard=6150 canary_err=0 q=0 qovr=0
1788536050.202841 [I2C] init=0 gate=0 whoami=0x140e0 wr=0 wrseen=0x27 addr=0x5a ok=291619 err=23 tmo=0 recov=48 pclk1=200000000 sysclk=400000000
1788536050.204315 [NAK] nacks=19
1788536050.208829 [CLK] cpu=800000000 sysb=400000000 pclk1=200000000
1788536050.213524 [TOF] res=0 step=0 id=0xeacc blk=0xeacc10 ctl=0x0
1788536050.219262 [RNG] init=0 step=99 id=0xeacc boot=1 calls=93 xerr=0 dm=1 tb=15
1788536050.226485 [RNG] osc=41 imp=881 imprb=881 mstart=0x40 cfg=91 cfgfail=0x0 vhv=0 vpolls=0
1788536050.232563 [PRT] calls=191485 xerr=0 ler=1 lidx=0x0 perr=0 maxcnt=17 addr8=0x52
1788536050.236711 [RTY] wr=0 wmax=0 wref=0  rd=0 rmax=0 rref=0
1788536050.244616 [RNG] frames=47843 last=33 min=28 max=170 nrdy=0 dxfer=0 dstat=0 lst=0 nrdyerr=0 dclr=0
1788536050.251019 [DRV] init=0 id=7 mode=0x1 lib=0x2 seq=0x1 odc=0x8b sts=0xe0 armed=1
1788536050.256443 [TRG] pulses=452 suppressed=5698 cyc=1600 rst=1 rstmode=0x40
1788536050.259814 [HLT] polls=956 faults=0x0 cfglost=0
1788536050.265594 [EFF] n=5 last=58533 min=58470 max=58534 late=0 stuck=0 rderr=0
1788536050.276013 [IMU] init=0 addr=0x68 who=0x68 rst=1 pmrb0=0x40 pmrb=0x1 sr=19 cfg=4 gcfg=0x0 acfg=0x8 icfg=0x30 ien=0x1 armed=1
1788536050.281546 [ACC] reads=47822 stale=47774 rderr=23 ax=88 ay=-138 az=1122
1788536050.284198 [PWR] pm=0x1 drift=0 rderr=0
1788536050.288205 [DWT] ok=1 cyc=4248327466 cyc_per_ms=800000
1788536051.308038 [HB] up_ms=1058772 frames=47891 inf=47891 hazard=6150 canary_err=0 q=0 qovr=0
1788536051.319447 [I2C] init=0 gate=0 whoami=0x140e0 wr=0 wrseen=0x27 addr=0x5a ok=291921 err=23 tmo=0 recov=48 pclk1=200000000 sysclk=400000000
1788536051.320976 [NAK] nacks=19
1788536051.325609 [CLK] cpu=800000000 sysb=400000000 pclk1=200000000
1788536051.330143 [TOF] res=0 step=0 id=0xeacc blk=0xeacc10 ctl=0x0
1788536051.335940 [RNG] init=0 step=99 id=0xeacc boot=1 calls=93 xerr=0 dm=1 tb=15
1788536051.343056 [RNG] osc=41 imp=881 imprb=881 mstart=0x40 cfg=91 cfgfail=0x0 vhv=0 vpolls=0
1788536051.349215 [PRT] calls=191685 xerr=0 ler=1 lidx=0x0 perr=0 maxcnt=17 addr8=0x52
1788536051.353344 [RTY] wr=0 wmax=0 wref=0  rd=0 rmax=0 rref=0
1788536051.361250 [RNG] frames=47893 last=44 min=28 max=170 nrdy=0 dxfer=0 dstat=0 lst=0 nrdyerr=0 dclr=0
1788536051.367532 [DRV] init=0 id=7 mode=0x1 lib=0x2 seq=0x1 odc=0x8b sts=0xe0 armed=1
1788536051.373050 [TRG] pulses=452 suppressed=5698 cyc=1600 rst=1 rstmode=0x40
1788536051.376451 [HLT] polls=957 faults=0x0 cfglost=0
1788536051.382221 [EFF] n=5 last=58533 min=58470 max=58534 late=0 stuck=0 rderr=0
1788536051.392651 [IMU] init=0 addr=0x68 who=0x68 rst=1 pmrb0=0x40 pmrb=0x1 sr=19 cfg=4 gcfg=0x0 acfg=0x8 icfg=0x30 ien=0x1 armed=1
1788536051.398209 [ACC] reads=47872 stale=47824 rderr=23 ax=76 ay=-119 az=1114
1788536051.400792 [PWR] pm=0x1 drift=0 rderr=0
1788536051.404692 [DWT] ok=1 cyc=835759990 cyc_per_ms=799999
1788536052.424095 [HB] up_ms=1059875 frames=47941 inf=47941 hazard=6150 canary_err=0 q=0 qovr=0
1788536052.435629 [I2C] init=0 gate=0 whoami=0x140e0 wr=0 wrseen=0x27 addr=0x5a ok=292223 err=23 tmo=0 recov=48 pclk1=200000000 sysclk=400000000
1788536052.437006 [NAK] nacks=19
1788536052.441654 [CLK] cpu=800000000 sysb=400000000 pclk1=200000000
1788536052.446206 [TOF] res=0 step=0 id=0xeacc blk=0xeacc10 ctl=0x0
1788536052.452075 [RNG] init=0 step=99 id=0xeacc boot=1 calls=93 xerr=0 dm=1 tb=15
1788536052.459140 [RNG] osc=41 imp=881 imprb=881 mstart=0x40 cfg=91 cfgfail=0x0 vhv=0 vpolls=0
1788536052.465414 [PRT] calls=191885 xerr=0 ler=1 lidx=0x0 perr=0 maxcnt=17 addr8=0x52
1788536052.469403 [RTY] wr=0 wmax=0 wref=0  rd=0 rmax=0 rref=0
1788536052.477316 [RNG] frames=47943 last=46 min=28 max=170 nrdy=0 dxfer=0 dstat=0 lst=0 nrdyerr=0 dclr=0
1788536052.483706 [DRV] init=0 id=7 mode=0x1 lib=0x2 seq=0x1 odc=0x8b sts=0xe0 armed=1
1788536052.489253 [TRG] pulses=452 suppressed=5698 cyc=1600 rst=1 rstmode=0x40
1788536052.492621 [HLT] polls=958 faults=0x0 cfglost=0
1788536052.498384 [EFF] n=5 last=58533 min=58470 max=58534 late=0 stuck=0 rderr=0
1788536052.508822 [IMU] init=0 addr=0x68 who=0x68 rst=1 pmrb0=0x40 pmrb=0x1 sr=19 cfg=4 gcfg=0x0 acfg=0x8 icfg=0x30 ien=0x1 armed=1
1788536052.514216 [ACC] reads=47922 stale=47874 rderr=23 ax=76 ay=-121 az=1115
1788536052.516974 [PWR] pm=0x1 drift=0 rderr=0
1788536052.520998 [DWT] ok=1 cyc=1718160250 cyc_per_ms=800000
1788536053.539980 [HB] up_ms=1060978 frames=47991 inf=47991 hazard=6150 canary_err=0 q=0 qovr=0
1788536053.551422 [I2C] init=0 gate=0 whoami=0x140e0 wr=0 wrseen=0x27 addr=0x5a ok=292525 err=23 tmo=0 recov=48 pclk1=200000000 sysclk=400000000
1788536053.552910 [NAK] nacks=19
1788536053.557548 [CLK] cpu=800000000 sysb=400000000 pclk1=200000000
1788536053.562054 [TOF] res=0 step=0 id=0xeacc blk=0xeacc10 ctl=0x0
1788536053.567958 [RNG] init=0 step=99 id=0xeacc boot=1 calls=93 xerr=0 dm=1 tb=15
1788536053.575026 [RNG] osc=41 imp=881 imprb=881 mstart=0x40 cfg=91 cfgfail=0x0 vhv=0 vpolls=0
1788536053.581373 [PRT] calls=192084 xerr=0 ler=1 lidx=0x0 perr=0 maxcnt=17 addr8=0x52
1788536053.585486 [RTY] wr=0 wmax=0 wref=0  rd=0 rmax=0 rref=0
1788536053.593820 [RNG] frames=47993 last=51 min=28 max=170 nrdy=0 dxfer=0 dstat=0 lst=0 nrdyerr=0 dclr=0
1788536053.599706 [DRV] init=0 id=7 mode=0x1 lib=0x2 seq=0x1 odc=0x8b sts=0xe0 armed=1
1788536053.605095 [TRG] pulses=452 suppressed=5698 cyc=1600 rst=1 rstmode=0x40
1788536053.608488 [HLT] polls=959 faults=0x0 cfglost=0
1788536053.614272 [EFF] n=5 last=58533 min=58470 max=58534 late=0 stuck=0 rderr=0
1788536053.624796 [IMU] init=0 addr=0x68 who=0x68 rst=1 pmrb0=0x40 pmrb=0x1 sr=19 cfg=4 gcfg=0x0 acfg=0x8 icfg=0x30 ien=0x1 armed=1
1788536053.630208 [ACC] reads=47972 stale=47924 rderr=23 ax=76 ay=-121 az=1116
1788536053.633599 [PWR] pm=0x1 drift=0 rderr=0
1788536053.636870 [DWT] ok=1 cyc=2600560238 cyc_per_ms=799999
1788536054.655842 [HB] up_ms=1062081 frames=48041 inf=48041 hazard=6150 canary_err=0 q=0 qovr=0
1788536054.667267 [I2C] init=0 gate=0 whoami=0x140e0 wr=0 wrseen=0x27 addr=0x5a ok=292827 err=23 tmo=0 recov=48 pclk1=200000000 sysclk=400000000
1788536054.668772 [NAK] nacks=19
1788536054.673433 [CLK] cpu=800000000 sysb=400000000 pclk1=200000000
1788536054.677949 [TOF] res=0 step=0 id=0xeacc blk=0xeacc10 ctl=0x0
1788536054.683837 [RNG] init=0 step=99 id=0xeacc boot=1 calls=93 xerr=0 dm=1 tb=15
1788536054.690861 [RNG] osc=41 imp=881 imprb=881 mstart=0x40 cfg=91 cfgfail=0x0 vhv=0 vpolls=0
1788536054.697157 [PRT] calls=192281 xerr=0 ler=1 lidx=0x0 perr=0 maxcnt=17 addr8=0x52
1788536054.701165 [RTY] wr=0 wmax=0 wref=0  rd=0 rmax=0 rref=0
1788536054.709051 [RNG] frames=48043 last=43 min=28 max=170 nrdy=0 dxfer=0 dstat=0 lst=0 nrdyerr=0 dclr=0
1788536054.715464 [DRV] init=0 id=7 mode=0x1 lib=0x2 seq=0x1 odc=0x8b sts=0xe0 armed=1
1788536054.720981 [TRG] pulses=452 suppressed=5698 cyc=1600 rst=1 rstmode=0x40
1788536054.724359 [HLT] polls=960 faults=0x0 cfglost=0
1788536054.730231 [EFF] n=5 last=58533 min=58470 max=58534 late=0 stuck=0 rderr=0
1788536054.740413 [IMU] init=0 addr=0x68 who=0x68 rst=1 pmrb0=0x40 pmrb=0x1 sr=19 cfg=4 gcfg=0x0 acfg=0x8 icfg=0x30 ien=0x1 armed=1
1788536054.745941 [ACC] reads=48022 stale=47974 rderr=23 ax=75 ay=-119 az=1114
1788536054.748579 [PWR] pm=0x1 drift=0 rderr=0
1788536054.752591 [DWT] ok=1 cyc=3482960298 cyc_per_ms=800000
1788536055.770470 [HB] up_ms=1063184 frames=48091 inf=48091 hazard=6150 canary_err=0 q=0 qovr=0
1788536055.781876 [I2C] init=0 gate=0 whoami=0x140e0 wr=0 wrseen=0x27 addr=0x5a ok=293129 err=23 tmo=0 recov=48 pclk1=200000000 sysclk=400000000
1788536055.783381 [NAK] nacks=19
1788536055.788019 [CLK] cpu=800000000 sysb=400000000 pclk1=200000000
1788536055.792542 [TOF] res=0 step=0 id=0xeacc blk=0xeacc10 ctl=0x0
1788536055.798434 [RNG] init=0 step=99 id=0xeacc boot=1 calls=93 xerr=0 dm=1 tb=15
1788536055.805323 [RNG] osc=41 imp=881 imprb=881 mstart=0x40 cfg=91 cfgfail=0x0 vhv=0 vpolls=0
1788536055.811738 [PRT] calls=192481 xerr=0 ler=1 lidx=0x0 perr=0 maxcnt=17 addr8=0x52
1788536055.815742 [RTY] wr=0 wmax=0 wref=0  rd=0 rmax=0 rref=0
1788536055.823636 [RNG] frames=48093 last=37 min=28 max=170 nrdy=0 dxfer=0 dstat=0 lst=0 nrdyerr=0 dclr=0
1788536055.829927 [DRV] init=0 id=7 mode=0x1 lib=0x2 seq=0x1 odc=0x8b sts=0xe0 armed=1
1788536055.835558 [TRG] pulses=452 suppressed=5698 cyc=1600 rst=1 rstmode=0x40
1788536055.838948 [HLT] polls=961 faults=0x0 cfglost=0
1788536055.844586 [EFF] n=5 last=58533 min=58470 max=58534 late=0 stuck=0 rderr=0
1788536055.855000 [IMU] init=0 addr=0x68 who=0x68 rst=1 pmrb0=0x40 pmrb=0x1 sr=19 cfg=4 gcfg=0x0 acfg=0x8 icfg=0x30 ien=0x1 armed=1
1788536055.860524 [ACC] reads=48072 stale=48024 rderr=23 ax=76 ay=-120 az=1117
1788536055.863173 [PWR] pm=0x1 drift=0 rderr=0
1788536055.866907 [DWT] ok=1 cyc=70392614 cyc_per_ms=799999
1788536056.884833 [HB] up_ms=1064287 frames=48141 inf=48141 hazard=6171 canary_err=0 q=0 qovr=0
1788536056.896095 [I2C] init=0 gate=0 whoami=0x140e0 wr=0 wrseen=0x27 addr=0x5a ok=293431 err=23 tmo=0 recov=48 pclk1=200000000 sysclk=400000000
1788536056.897480 [NAK] nacks=19
1788536056.902248 [CLK] cpu=800000000 sysb=400000000 pclk1=200000000
1788536056.906769 [TOF] res=0 step=0 id=0xeacc blk=0xeacc10 ctl=0x0
1788536056.912657 [RNG] init=0 step=99 id=0xeacc boot=1 calls=93 xerr=0 dm=1 tb=15
1788536056.919564 [RNG] osc=41 imp=881 imprb=881 mstart=0x40 cfg=91 cfgfail=0x0 vhv=0 vpolls=0
1788536056.925958 [PRT] calls=192681 xerr=0 ler=1 lidx=0x0 perr=0 maxcnt=17 addr8=0x52
1788536056.930087 [RTY] wr=0 wmax=0 wref=0  rd=0 rmax=0 rref=0
1788536056.937856 [RNG] frames=48143 last=41 min=28 max=170 nrdy=0 dxfer=0 dstat=0 lst=0 nrdyerr=0 dclr=0
1788536056.944153 [DRV] init=0 id=7 mode=0x1 lib=0x2 seq=0x1 odc=0x8b sts=0xe0 armed=1
1788536056.949775 [TRG] pulses=454 suppressed=5719 cyc=1600 rst=1 rstmode=0x40
1788536056.953175 [HLT] polls=962 faults=0x0 cfglost=0
1788536056.958928 [EFF] n=5 last=58533 min=58470 max=58534 late=0 stuck=0 rderr=0
1788536056.969197 [IMU] init=0 addr=0x68 who=0x68 rst=1 pmrb0=0x40 pmrb=0x1 sr=19 cfg=4 gcfg=0x0 acfg=0x8 icfg=0x30 ien=0x1 armed=1
1788536056.974720 [ACC] reads=48122 stale=48074 rderr=23 ax=75 ay=-120 az=1118
1788536056.977483 [PWR] pm=0x1 drift=0 rderr=0
1788536056.981365 [DWT] ok=1 cyc=952796374 cyc_per_ms=800003
1788536057.999576 [HB] up_ms=1065390 frames=48191 inf=48191 hazard=6191 canary_err=0 q=0 qovr=0
1788536058.010849 [I2C] init=0 gate=0 whoami=0x140e0 wr=0 wrseen=0x27 addr=0x5a ok=293733 err=23 tmo=0 recov=48 pclk1=200000000 sysclk=400000000
1788536058.012344 [NAK] nacks=19
1788536058.017148 [CLK] cpu=800000000 sysb=400000000 pclk1=200000000
1788536058.021628 [TOF] res=0 step=0 id=0xeacc blk=0xeacc10 ctl=0x0
1788536058.027401 [RNG] init=0 step=99 id=0xeacc boot=1 calls=93 xerr=0 dm=1 tb=15
1788536058.034424 [RNG] osc=41 imp=881 imprb=881 mstart=0x40 cfg=91 cfgfail=0x0 vhv=0 vpolls=0
1788536058.040684 [PRT] calls=192881 xerr=0 ler=1 lidx=0x0 perr=0 maxcnt=17 addr8=0x52
1788536058.044822 [RTY] wr=0 wmax=0 wref=0  rd=0 rmax=0 rref=0
1788536058.052723 [RNG] frames=48193 last=44 min=28 max=170 nrdy=0 dxfer=0 dstat=0 lst=0 nrdyerr=0 dclr=0
1788536058.058859 [DRV] init=0 id=7 mode=0x1 lib=0x2 seq=0x1 odc=0x8b sts=0xe0 armed=1
1788536058.064516 [TRG] pulses=455 suppressed=5736 cyc=1600 rst=1 rstmode=0x40
1788536058.067884 [HLT] polls=963 faults=0x0 cfglost=0
1788536058.073654 [EFF] n=5 last=58533 min=58470 max=58534 late=0 stuck=0 rderr=0
1788536058.083934 [IMU] init=0 addr=0x68 who=0x68 rst=1 pmrb0=0x40 pmrb=0x1 sr=19 cfg=4 gcfg=0x0 acfg=0x8 icfg=0x30 ien=0x1 armed=1
1788536058.089569 [ACC] reads=48171 stale=48124 rderr=23 ax=76 ay=-122 az=1115
1788536058.092218 [PWR] pm=0x1 drift=0 rderr=0
1788536058.096086 [DWT] ok=1 cyc=1835221238 cyc_per_ms=800022
1788536059.114356 [HB] up_ms=1066493 frames=48240 inf=48240 hazard=6191 canary_err=0 q=0 qovr=0
1788536059.125618 [I2C] init=0 gate=0 whoami=0x140e0 wr=0 wrseen=0x27 addr=0x5a ok=294035 err=23 tmo=0 recov=48 pclk1=200000000 sysclk=400000000
1788536059.137675 [NAK] nacks=19
1788536059.137783 [CLK] cpu=800000000 sysb=400000000 pclk1=200000000
1788536059.137848 [TOF] res=0 step=0 id=0xeacc blk=0xeacc10 ctl=0x0
1788536059.142184 [RNG] init=0 step=99 id=0xeacc boot=1 calls=93 xerr=0 dm=1 tb=15
1788536059.149057 [RNG] osc=41 imp=881 imprb=881 mstart=0x40 cfg=91 cfgfail=0x0 vhv=0 vpolls=0
1788536059.155446 [PRT] calls=193081 xerr=0 ler=1 lidx=0x0 perr=0 maxcnt=17 addr8=0x52
1788536059.159597 [RTY] wr=0 wmax=0 wref=0  rd=0 rmax=0 rref=0
1788536059.167476 [RNG] frames=48243 last=48 min=28 max=170 nrdy=0 dxfer=0 dstat=0 lst=0 nrdyerr=0 dclr=0
1788536059.173624 [DRV] init=0 id=7 mode=0x1 lib=0x2 seq=0x1 odc=0x8b sts=0xe0 armed=1
1788536059.179268 [TRG] pulses=455 suppressed=5736 cyc=1600 rst=1 rstmode=0x40
1788536059.182645 [HLT] polls=964 faults=0x0 cfglost=0
1788536059.188406 [EFF] n=5 last=58533 min=58470 max=58534 late=0 stuck=0 rderr=0
1788536059.198691 [IMU] init=0 addr=0x68 who=0x68 rst=1 pmrb0=0x40 pmrb=0x1 sr=19 cfg=4 gcfg=0x0 acfg=0x8 icfg=0x30 ien=0x1 armed=1
1788536059.204328 [ACC] reads=48221 stale=48173 rderr=23 ax=75 ay=-121 az=1115
1788536059.206959 [PWR] pm=0x1 drift=0 rderr=0
1788536059.210975 [DWT] ok=1 cyc=2717725934 cyc_per_ms=800094
1788536060.228303 [HB] up_ms=1067596 frames=48290 inf=48290 hazard=6191 canary_err=0 q=0 qovr=0
1788536060.239569 [I2C] init=0 gate=0 whoami=0x140e0 wr=0 wrseen=0x27 addr=0x5a ok=294337 err=23 tmo=0 recov=48 pclk1=200000000 sysclk=400000000
1788536060.241077 [NAK] nacks=19
1788536060.245583 [CLK] cpu=800000000 sysb=400000000 pclk1=200000000
1788536060.250344 [TOF] res=0 step=0 id=0xeacc blk=0xeacc10 ctl=0x0
1788536060.256130 [RNG] init=0 step=99 id=0xeacc boot=1 calls=93 xerr=0 dm=1 tb=15
1788536060.263133 [RNG] osc=41 imp=881 imprb=881 mstart=0x40 cfg=91 cfgfail=0x0 vhv=0 vpolls=0
1788536060.269277 [PRT] calls=193281 xerr=0 ler=1 lidx=0x0 perr=0 maxcnt=17 addr8=0x52
1788536060.273536 [RTY] wr=0 wmax=0 wref=0  rd=0 rmax=0 rref=0
1788536060.281425 [RNG] frames=48293 last=38 min=28 max=170 nrdy=0 dxfer=0 dstat=0 lst=0 nrdyerr=0 dclr=0
1788536060.287570 [DRV] init=0 id=7 mode=0x1 lib=0x2 seq=0x1 odc=0x8b sts=0xe0 armed=1
1788536060.293079 [TRG] pulses=455 suppressed=5736 cyc=1600 rst=1 rstmode=0x40
1788536060.296585 [HLT] polls=965 faults=0x0 cfglost=0
1788536060.302346 [EFF] n=5 last=58533 min=58470 max=58534 late=0 stuck=0 rderr=0
1788536060.312623 [IMU] init=0 addr=0x68 who=0x68 rst=1 pmrb0=0x40 pmrb=0x1 sr=19 cfg=4 gcfg=0x0 acfg=0x8 icfg=0x30 ien=0x1 armed=1
1788536060.318159 [ACC] reads=48271 stale=48223 rderr=23 ax=74 ay=-120 az=1113
1788536060.320891 [PWR] pm=0x1 drift=0 rderr=0
1788536060.324917 [DWT] ok=1 cyc=3600126634 cyc_per_ms=800000
1788536061.342303 [HB] up_ms=1068699 frames=48340 inf=48340 hazard=6191 canary_err=0 q=0 qovr=0
1788536061.353586 [I2C] init=0 gate=0 whoami=0x140e0 wr=0 wrseen=0x27 addr=0x5a ok=294639 err=23 tmo=0 recov=48 pclk1=200000000 sysclk=400000000
1788536061.355085 [NAK] nacks=19
1788536061.359715 [CLK] cpu=800000000 sysb=400000000 pclk1=200000000
1788536061.364353 [TOF] res=0 step=0 id=0xeacc blk=0xeacc10 ctl=0x0
1788536061.370238 [RNG] init=0 step=99 id=0xeacc boot=1 calls=93 xerr=0 dm=1 tb=15
1788536061.377144 [RNG] osc=41 imp=881 imprb=881 mstart=0x40 cfg=91 cfgfail=0x0 vhv=0 vpolls=0
1788536061.383271 [PRT] calls=193481 xerr=0 ler=1 lidx=0x0 perr=0 maxcnt=17 addr8=0x52
1788536061.387543 [RTY] wr=0 wmax=0 wref=0  rd=0 rmax=0 rref=0
1788536061.395456 [RNG] frames=48342 last=47 min=28 max=170 nrdy=0 dxfer=0 dstat=0 lst=0 nrdyerr=0 dclr=0
1788536061.401694 [DRV] init=0 id=7 mode=0x1 lib=0x2 seq=0x1 odc=0x8b sts=0xe0 armed=1
1788536061.407220 [TRG] pulses=455 suppressed=5736 cyc=1600 rst=1 rstmode=0x40
1788536061.410591 [HLT] polls=966 faults=0x0 cfglost=0
1788536061.416485 [EFF] n=5 last=58533 min=58470 max=58534 late=0 stuck=0 rderr=0
1788536061.426646 [IMU] init=0 addr=0x68 who=0x68 rst=1 pmrb0=0x40 pmrb=0x1 sr=19 cfg=4 gcfg=0x0 acfg=0x8 icfg=0x30 ien=0x1 armed=1
1788536061.432175 [ACC] reads=48321 stale=48273 rderr=23 ax=74 ay=-119 az=1115
1788536061.435035 [PWR] pm=0x1 drift=0 rderr=0
1788536061.438924 [DWT] ok=1 cyc=187559154 cyc_per_ms=799999
1788536062.456537 [HB] up_ms=1069802 frames=48390 inf=48390 hazard=6191 canary_err=0 q=0 qovr=0
1788536062.467928 [I2C] init=0 gate=0 whoami=0x140e0 wr=0 wrseen=0x27 addr=0x5a ok=294937 err=23 tmo=0 recov=48 pclk1=200000000 sysclk=400000000
1788536062.469310 [NAK] nacks=19
1788536062.473939 [CLK] cpu=800000000 sysb=400000000 pclk1=200000000
1788536062.478474 [TOF] res=0 step=0 id=0xeacc blk=0xeacc10 ctl=0x0
1788536062.484465 [RNG] init=0 step=99 id=0xeacc boot=1 calls=93 xerr=0 dm=1 tb=15
1788536062.491352 [RNG] osc=41 imp=881 imprb=881 mstart=0x40 cfg=91 cfgfail=0x0 vhv=0 vpolls=0
1788536062.497611 [PRT] calls=193681 xerr=0 ler=1 lidx=0x0 perr=0 maxcnt=17 addr8=0x52
1788536062.501645 [RTY] wr=0 wmax=0 wref=0  rd=0 rmax=0 rref=0
1788536062.509636 [RNG] frames=48392 last=45 min=28 max=170 nrdy=0 dxfer=0 dstat=0 lst=0 nrdyerr=0 dclr=0
1788536062.515892 [DRV] init=0 id=7 mode=0x1 lib=0x2 seq=0x1 odc=0x8b sts=0xe0 armed=1
1788536062.521407 [TRG] pulses=455 suppressed=5736 cyc=1600 rst=1 rstmode=0x40
1788536062.524785 [HLT] polls=967 faults=0x0 cfglost=0
1788536062.530702 [EFF] n=5 last=58533 min=58470 max=58534 late=0 stuck=0 rderr=0
1788536062.540822 [IMU] init=0 addr=0x68 who=0x68 rst=1 pmrb0=0x40 pmrb=0x1 sr=19 cfg=4 gcfg=0x0 acfg=0x8 icfg=0x30 ien=0x1 armed=1
1788536062.546384 [ACC] reads=48371 stale=48323 rderr=23 ax=76 ay=-118 az=1116
1788536062.549092 [PWR] pm=0x1 drift=0 rderr=0
1788536062.553091 [DWT] ok=1 cyc=1069865716 cyc_per_ms=799915
1788536063.570089 [HB] up_ms=1070905 frames=48440 inf=48440 hazard=6191 canary_err=0 q=0 qovr=0
1788536063.581609 [I2C] init=0 gate=0 whoami=0x140e0 wr=0 wrseen=0x27 addr=0x5a ok=295237 err=23 tmo=0 recov=48 pclk1=200000000 sysclk=400000000
1788536063.583121 [NAK] nacks=19
1788536063.587619 [CLK] cpu=800000000 sysb=400000000 pclk1=200000000
1788536063.592266 [TOF] res=0 step=0 id=0xeacc blk=0xeacc10 ctl=0x0
1788536063.598271 [RNG] init=0 step=99 id=0xeacc boot=1 calls=93 xerr=0 dm=1 tb=15
1788536063.605182 [RNG] osc=41 imp=881 imprb=881 mstart=0x40 cfg=91 cfgfail=0x0 vhv=0 vpolls=0
1788536063.611298 [PRT] calls=193881 xerr=0 ler=1 lidx=0x0 perr=0 maxcnt=17 addr8=0x52
1788536063.615429 [RTY] wr=0 wmax=0 wref=0  rd=0 rmax=0 rref=0
1788536063.623452 [RNG] frames=48442 last=42 min=28 max=170 nrdy=0 dxfer=0 dstat=0 lst=0 nrdyerr=0 dclr=0
1788536063.629713 [DRV] init=0 id=7 mode=0x1 lib=0x2 seq=0x1 odc=0x8b sts=0xe0 armed=1
1788536063.635125 [TRG] pulses=456 suppressed=5738 cyc=1600 rst=1 rstmode=0x40
1788536063.638498 [HLT] polls=968 faults=0x0 cfglost=0
1788536063.644496 [EFF] n=5 last=58533 min=58470 max=58534 late=0 stuck=0 rderr=0
1788536063.654637 [IMU] init=0 addr=0x68 who=0x68 rst=1 pmrb0=0x40 pmrb=0x1 sr=19 cfg=4 gcfg=0x0 acfg=0x8 icfg=0x30 ien=0x1 armed=1
1788536063.660172 [ACC] reads=48421 stale=48373 rderr=23 ax=73 ay=-119 az=1115
1788536063.662781 [PWR] pm=0x1 drift=0 rderr=0
1788536063.666916 [DWT] ok=1 cyc=1952231510 cyc_per_ms=799968
1788536064.683889 [HB] up_ms=1072008 frames=48490 inf=48490 hazard=6232 canary_err=0 q=0 qovr=0
1788536064.695405 [I2C] init=0 gate=0 whoami=0x140e0 wr=0 wrseen=0x27 addr=0x5a ok=295539 err=23 tmo=0 recov=48 pclk1=200000000 sysclk=400000000
1788536064.696780 [NAK] nacks=19
1788536064.701417 [CLK] cpu=800000000 sysb=400000000 pclk1=200000000
1788536064.705924 [TOF] res=0 step=0 id=0xeacc blk=0xeacc10 ctl=0x0
1788536064.711816 [RNG] init=0 step=99 id=0xeacc boot=1 calls=93 xerr=0 dm=1 tb=15
1788536064.718848 [RNG] osc=41 imp=881 imprb=881 mstart=0x40 cfg=91 cfgfail=0x0 vhv=0 vpolls=0
1788536064.724973 [PRT] calls=194081 xerr=0 ler=1 lidx=0x0 perr=0 maxcnt=17 addr8=0x52
1788536064.729090 [RTY] wr=0 wmax=0 wref=0  rd=0 rmax=0 rref=0
1788536064.737137 [RNG] frames=48492 last=46 min=28 max=170 nrdy=0 dxfer=0 dstat=0 lst=0 nrdyerr=0 dclr=0
1788536064.743376 [DRV] init=0 id=7 mode=0x1 lib=0x2 seq=0x1 odc=0x8b sts=0xe0 armed=1
1788536064.748749 [TRG] pulses=458 suppressed=5774 cyc=1600 rst=1 rstmode=0x40
1788536064.752163 [HLT] polls=969 faults=0x0 cfglost=0
1788536064.758035 [EFF] n=5 last=58533 min=58470 max=58534 late=0 stuck=0 rderr=0
1788536064.768301 [IMU] init=0 addr=0x68 who=0x68 rst=1 pmrb0=0x40 pmrb=0x1 sr=19 cfg=4 gcfg=0x0 acfg=0x8 icfg=0x30 ien=0x1 armed=1
1788536064.773848 [ACC] reads=48471 stale=48423 rderr=23 ax=74 ay=-119 az=1115
1788536064.776441 [PWR] pm=0x1 drift=0 rderr=0
1788536064.780443 [DWT] ok=1 cyc=2834625818 cyc_per_ms=799994
1788536065.797421 [HB] up_ms=1073111 frames=48540 inf=48540 hazard=6232 canary_err=0 q=0 qovr=0
1788536065.808931 [I2C] init=0 gate=0 whoami=0x140e0 wr=0 wrseen=0x27 addr=0x5a ok=295841 err=23 tmo=0 recov=48 pclk1=200000000 sysclk=400000000
1788536065.810368 [NAK] nacks=19
1788536065.814943 [CLK] cpu=800000000 sysb=400000000 pclk1=200000000
1788536065.819451 [TOF] res=0 step=0 id=0xeacc blk=0xeacc10 ctl=0x0
1788536065.825347 [RNG] init=0 step=99 id=0xeacc boot=1 calls=93 xerr=0 dm=1 tb=15
1788536065.832352 [RNG] osc=41 imp=881 imprb=881 mstart=0x40 cfg=91 cfgfail=0x0 vhv=0 vpolls=0
1788536065.838525 [PRT] calls=194281 xerr=0 ler=1 lidx=0x0 perr=0 maxcnt=17 addr8=0x52
1788536065.842616 [RTY] wr=0 wmax=0 wref=0  rd=0 rmax=0 rref=0
1788536065.850631 [RNG] frames=48542 last=44 min=28 max=170 nrdy=0 dxfer=0 dstat=0 lst=0 nrdyerr=0 dclr=0
1788536065.856775 [DRV] init=0 id=7 mode=0x1 lib=0x2 seq=0x1 odc=0x8b sts=0xe0 armed=1
1788536065.862281 [TRG] pulses=458 suppressed=5774 cyc=1600 rst=1 rstmode=0x40
1788536065.865673 [HLT] polls=970 faults=0x0 cfglost=0
1788536065.871422 [EFF] n=5 last=58533 min=58470 max=58534 late=0 stuck=0 rderr=0
1788536065.881702 [IMU] init=0 addr=0x68 who=0x68 rst=1 pmrb0=0x40 pmrb=0x1 sr=19 cfg=4 gcfg=0x0 acfg=0x8 icfg=0x30 ien=0x1 armed=1
1788536065.887201 [ACC] reads=48521 stale=48473 rderr=23 ax=73 ay=-122 az=1116
1788536065.889833 [PWR] pm=0x1 drift=0 rderr=0
1788536065.893840 [DWT] ok=1 cyc=3717025678 cyc_per_ms=799999
1788536066.910069 [HB] up_ms=1074214 frames=48590 inf=48590 hazard=6232 canary_err=0 q=0 qovr=0
1788536066.921574 [I2C] init=0 gate=0 whoami=0x140e0 wr=0 wrseen=0x27 addr=0x5a ok=296143 err=23 tmo=0 recov=48 pclk1=200000000 sysclk=400000000
1788536066.922953 [NAK] nacks=19
1788536066.927586 [CLK] cpu=800000000 sysb=400000000 pclk1=200000000
1788536066.932096 [TOF] res=0 step=0 id=0xeacc blk=0xeacc10 ctl=0x0
1788536066.937847 [RNG] init=0 step=99 id=0xeacc boot=1 calls=93 xerr=0 dm=1 tb=15
1788536066.944993 [RNG] osc=41 imp=881 imprb=881 mstart=0x40 cfg=91 cfgfail=0x0 vhv=0 vpolls=0
1788536066.951168 [PRT] calls=194481 xerr=0 ler=1 lidx=0x0 perr=0 maxcnt=17 addr8=0x52
1788536066.955267 [RTY] wr=0 wmax=0 wref=0  rd=0 rmax=0 rref=0
1788536066.963269 [RNG] frames=48592 last=42 min=28 max=170 nrdy=0 dxfer=0 dstat=0 lst=0 nrdyerr=0 dclr=0
1788536066.969409 [DRV] init=0 id=7 mode=0x1 lib=0x2 seq=0x1 odc=0x8b sts=0xe0 armed=1
1788536066.974931 [TRG] pulses=458 suppressed=5774 cyc=1600 rst=1 rstmode=0x40
1788536066.978305 [HLT] polls=971 faults=0x0 cfglost=0
1788536066.984078 [EFF] n=5 last=58533 min=58470 max=58534 late=0 stuck=0 rderr=0
1788536066.994338 [IMU] init=0 addr=0x68 who=0x68 rst=1 pmrb0=0x40 pmrb=0x1 sr=19 cfg=4 gcfg=0x0 acfg=0x8 icfg=0x30 ien=0x1 armed=1
1788536066.999843 [ACC] reads=48571 stale=48523 rderr=23 ax=75 ay=-120 az=1118
1788536067.002479 [PWR] pm=0x1 drift=0 rderr=0
1788536067.006352 [DWT] ok=1 cyc=304458406 cyc_per_ms=800000
1788536068.022727 [HB] up_ms=1075317 frames=48640 inf=48640 hazard=6232 canary_err=0 q=0 qovr=0
1788536068.034122 [I2C] init=0 gate=0 whoami=0x140e0 wr=0 wrseen=0x27 addr=0x5a ok=296445 err=23 tmo=0 recov=48 pclk1=200000000 sysclk=400000000
1788536068.035601 [NAK] nacks=19
1788536068.040139 [CLK] cpu=800000000 sysb=400000000 pclk1=200000000
1788536068.044614 [TOF] res=0 step=0 id=0xeacc blk=0xeacc10 ctl=0x0
1788536068.050500 [RNG] init=0 step=99 id=0xeacc boot=1 calls=93 xerr=0 dm=1 tb=15
1788536068.057634 [RNG] osc=41 imp=881 imprb=881 mstart=0x40 cfg=91 cfgfail=0x0 vhv=0 vpolls=0
1788536068.063773 [PRT] calls=194681 xerr=0 ler=1 lidx=0x0 perr=0 maxcnt=17 addr8=0x52
1788536068.067896 [RTY] wr=0 wmax=0 wref=0  rd=0 rmax=0 rref=0
1788536068.075801 [RNG] frames=48642 last=45 min=28 max=170 nrdy=0 dxfer=0 dstat=0 lst=0 nrdyerr=0 dclr=0
1788536068.082057 [DRV] init=0 id=7 mode=0x1 lib=0x2 seq=0x1 odc=0x8b sts=0xe0 armed=1
1788536068.087557 [TRG] pulses=458 suppressed=5774 cyc=1600 rst=1 rstmode=0x40
1788536068.090945 [HLT] polls=972 faults=0x0 cfglost=0
1788536068.096704 [EFF] n=5 last=58533 min=58470 max=58534 late=0 stuck=0 rderr=0
1788536068.107091 [IMU] init=0 addr=0x68 who=0x68 rst=1 pmrb0=0x40 pmrb=0x1 sr=19 cfg=4 gcfg=0x0 acfg=0x8 icfg=0x30 ien=0x1 armed=1
1788536068.112482 [ACC] reads=48621 stale=48573 rderr=23 ax=76 ay=-120 az=1116
1788536068.115224 [PWR] pm=0x1 drift=0 rderr=0
1788536068.119129 [DWT] ok=1 cyc=1186858326 cyc_per_ms=799999
1788536069.135500 [HB] up_ms=1076420 frames=48690 inf=48690 hazard=6232 canary_err=0 q=0 qovr=0
1788536069.147009 [I2C] init=0 gate=0 whoami=0x140e0 wr=0 wrseen=0x27 addr=0x5a ok=296747 err=23 tmo=0 recov=48 pclk1=200000000 sysclk=400000000
1788536069.148504 [NAK] nacks=19
1788536069.153016 [CLK] cpu=800000000 sysb=400000000 pclk1=200000000
1788536069.157521 [TOF] res=0 step=0 id=0xeacc blk=0xeacc10 ctl=0x0
1788536069.163404 [RNG] init=0 step=99 id=0xeacc boot=1 calls=93 xerr=0 dm=1 tb=15
1788536069.170436 [RNG] osc=41 imp=881 imprb=881 mstart=0x40 cfg=91 cfgfail=0x0 vhv=0 vpolls=0
1788536069.176686 [PRT] calls=194881 xerr=0 ler=1 lidx=0x0 perr=0 maxcnt=17 addr8=0x52
1788536069.180682 [RTY] wr=0 wmax=0 wref=0  rd=0 rmax=0 rref=0
1788536069.188583 [RNG] frames=48692 last=41 min=28 max=170 nrdy=0 dxfer=0 dstat=0 lst=0 nrdyerr=0 dclr=0
1788536069.194966 [DRV] init=0 id=7 mode=0x1 lib=0x2 seq=0x1 odc=0x8b sts=0xe0 armed=1
1788536069.200465 [TRG] pulses=458 suppressed=5774 cyc=1600 rst=1 rstmode=0x40
1788536069.203847 [HLT] polls=973 faults=0x0 cfglost=0
1788536069.209607 [EFF] n=5 last=58533 min=58470 max=58534 late=0 stuck=0 rderr=0
1788536069.219880 [IMU] init=0 addr=0x68 who=0x68 rst=1 pmrb0=0x40 pmrb=0x1 sr=19 cfg=4 gcfg=0x0 acfg=0x8 icfg=0x30 ien=0x1 armed=1
1788536069.225400 [ACC] reads=48671 stale=48623 rderr=23 ax=76 ay=-121 az=1115
1788536069.228013 [PWR] pm=0x1 drift=0 rderr=0
1788536069.232013 [DWT] ok=1 cyc=2069258182 cyc_per_ms=799999
1788536070.248434 [HB] up_ms=1077523 frames=48740 inf=48740 hazard=6232 canary_err=0 q=0 qovr=0
1788536070.259942 [I2C] init=0 gate=0 whoami=0x140e0 wr=0 wrseen=0x27 addr=0x5a ok=297049 err=23 tmo=0 recov=48 pclk1=200000000 sysclk=400000000
1788536070.261327 [NAK] nacks=19
1788536070.265942 [CLK] cpu=800000000 sysb=400000000 pclk1=200000000
1788536070.270454 [TOF] res=0 step=0 id=0xeacc blk=0xeacc10 ctl=0x0
1788536070.276218 [RNG] init=0 step=99 id=0xeacc boot=1 calls=93 xerr=0 dm=1 tb=15
1788536070.283345 [RNG] osc=41 imp=881 imprb=881 mstart=0x40 cfg=91 cfgfail=0x0 vhv=0 vpolls=0
1788536070.289479 [PRT] calls=195081 xerr=0 ler=1 lidx=0x0 perr=0 maxcnt=17 addr8=0x52
1788536070.293609 [RTY] wr=0 wmax=0 wref=0  rd=0 rmax=0 rref=0
1788536070.301509 [RNG] frames=48742 last=48 min=28 max=170 nrdy=0 dxfer=0 dstat=0 lst=0 nrdyerr=0 dclr=0
1788536070.307883 [DRV] init=0 id=7 mode=0x1 lib=0x2 seq=0x1 odc=0x8b sts=0xe0 armed=1
1788536070.313395 [TRG] pulses=458 suppressed=5774 cyc=1600 rst=1 rstmode=0x40
1788536070.316642 [HLT] polls=974 faults=0x0 cfglost=0
1788536070.322398 [EFF] n=5 last=58533 min=58470 max=58534 late=0 stuck=0 rderr=0
1788536070.332792 [IMU] init=0 addr=0x68 who=0x68 rst=1 pmrb0=0x40 pmrb=0x1 sr=19 cfg=4 gcfg=0x0 acfg=0x8 icfg=0x30 ien=0x1 armed=1
1788536070.338307 [ACC] reads=48721 stale=48673 rderr=23 ax=74 ay=-119 az=1117
1788536070.340931 [PWR] pm=0x1 drift=0 rderr=0
1788536070.344942 [DWT] ok=1 cyc=2951658062 cyc_per_ms=799999
1788536071.361525 [HB] up_ms=1078626 frames=48790 inf=48790 hazard=6262 canary_err=0 q=0 qovr=0
1788536071.373025 [I2C] init=0 gate=0 whoami=0x140e0 wr=0 wrseen=0x27 addr=0x5a ok=297351 err=23 tmo=0 recov=48 pclk1=200000000 sysclk=400000000
1788536071.374416 [NAK] nacks=19
1788536071.379033 [CLK] cpu=800000000 sysb=400000000 pclk1=200000000
1788536071.383534 [TOF] res=0 step=0 id=0xeacc blk=0xeacc10 ctl=0x0
1788536071.389412 [RNG] init=0 step=99 id=0xeacc boot=1 calls=93 xerr=0 dm=1 tb=15
1788536071.396435 [RNG] osc=41 imp=881 imprb=881 mstart=0x40 cfg=91 cfgfail=0x0 vhv=0 vpolls=0
1788536071.402684 [PRT] calls=195281 xerr=0 ler=1 lidx=0x0 perr=0 maxcnt=17 addr8=0x52
1788536071.406691 [RTY] wr=0 wmax=0 wref=0  rd=0 rmax=0 rref=0
1788536071.414580 [RNG] frames=48792 last=41 min=28 max=170 nrdy=0 dxfer=0 dstat=0 lst=0 nrdyerr=0 dclr=0
1788536071.420975 [DRV] init=0 id=7 mode=0x1 lib=0x2 seq=0x1 odc=0x8b sts=0xe0 armed=1
1788536071.426480 [TRG] pulses=461 suppressed=5804 cyc=1600 rst=1 rstmode=0x40
1788536071.429855 [HLT] polls=975 faults=0x0 cfglost=0
1788536071.435608 [EFF] n=5 last=58533 min=58470 max=58534 late=0 stuck=0 rderr=0
1788536071.446001 [IMU] init=0 addr=0x68 who=0x68 rst=1 pmrb0=0x40 pmrb=0x1 sr=19 cfg=4 gcfg=0x0 acfg=0x8 icfg=0x30 ien=0x1 armed=1
1788536071.451417 [ACC] reads=48771 stale=48723 rderr=23 ax=74 ay=-120 az=1114
1788536071.454156 [PWR] pm=0x1 drift=0 rderr=0
1788536071.458014 [DWT] ok=1 cyc=3834061882 cyc_per_ms=800003
1788536072.474397 [HB] up_ms=1079729 frames=48840 inf=48840 hazard=6273 canary_err=0 q=0 qovr=0
1788536072.485781 [I2C] init=0 gate=0 whoami=0x140e0 wr=0 wrseen=0x27 addr=0x5a ok=297653 err=23 tmo=0 recov=48 pclk1=200000000 sysclk=400000000
1788536072.487273 [NAK] nacks=19
1788536072.491774 [CLK] cpu=800000000 sysb=400000000 pclk1=200000000
1788536072.496414 [TOF] res=0 step=0 id=0xeacc blk=0xeacc10 ctl=0x0
1788536072.502202 [RNG] init=0 step=99 id=0xeacc boot=1 calls=93 xerr=0 dm=1 tb=15
1788536072.509180 [RNG] osc=41 imp=881 imprb=881 mstart=0x40 cfg=91 cfgfail=0x0 vhv=0 vpolls=0
1788536072.515414 [PRT] calls=195480 xerr=0 ler=1 lidx=0x0 perr=0 maxcnt=17 addr8=0x52
1788536072.519562 [RTY] wr=0 wmax=0 wref=0  rd=0 rmax=0 rref=0
1788536072.527433 [RNG] frames=48842 last=41 min=28 max=170 nrdy=0 dxfer=0 dstat=0 lst=0 nrdyerr=0 dclr=0
1788536072.533691 [DRV] init=0 id=7 mode=0x1 lib=0x2 seq=0x1 odc=0x8b sts=0xe0 armed=1
1788536072.539203 [TRG] pulses=461 suppressed=5812 cyc=1600 rst=1 rstmode=0x40
1788536072.542589 [HLT] polls=976 faults=0x0 cfglost=0
1788536072.548339 [EFF] n=5 last=58533 min=58470 max=58534 late=0 stuck=0 rderr=0
1788536072.558739 [IMU] init=0 addr=0x68 who=0x68 rst=1 pmrb0=0x40 pmrb=0x1 sr=19 cfg=4 gcfg=0x0 acfg=0x8 icfg=0x30 ien=0x1 armed=1
1788536072.564129 [ACC] reads=48821 stale=48773 rderr=23 ax=76 ay=-121 az=1114
1788536072.566856 [PWR] pm=0x1 drift=0 rderr=0
1788536072.570740 [DWT] ok=1 cyc=421491054 cyc_per_ms=799996
1788536073.586926 [HB] up_ms=1080832 frames=48890 inf=48890 hazard=6273 canary_err=0 q=0 qovr=0
1788536073.598218 [I2C] init=0 gate=0 whoami=0x140e0 wr=0 wrseen=0x27 addr=0x5a ok=297955 err=23 tmo=0 recov=48 pclk1=200000000 sysclk=400000000
1788536073.599693 [NAK] nacks=19
1788536073.604313 [CLK] cpu=800000000 sysb=400000000 pclk1=200000000
1788536073.608829 [TOF] res=0 step=0 id=0xeacc blk=0xeacc10 ctl=0x0
1788536073.614701 [RNG] init=0 step=99 id=0xeacc boot=1 calls=93 xerr=0 dm=1 tb=15
1788536073.621710 [RNG] osc=41 imp=881 imprb=881 mstart=0x40 cfg=91 cfgfail=0x0 vhv=0 vpolls=0
1788536073.627976 [PRT] calls=195677 xerr=0 ler=1 lidx=0x0 perr=0 maxcnt=17 addr8=0x52
1788536073.632144 [RTY] wr=0 wmax=0 wref=0  rd=0 rmax=0 rref=0
1788536073.639995 [RNG] frames=48892 last=46 min=28 max=170 nrdy=0 dxfer=0 dstat=0 lst=0 nrdyerr=0 dclr=0
1788536073.646252 [DRV] init=0 id=7 mode=0x1 lib=0x2 seq=0x1 odc=0x8b sts=0xe0 armed=1
1788536073.651753 [TRG] pulses=461 suppressed=5812 cyc=1600 rst=1 rstmode=0x40
1788536073.655146 [HLT] polls=977 faults=0x0 cfglost=0
1788536073.660896 [EFF] n=5 last=58533 min=58470 max=58534 late=0 stuck=0 rderr=0
1788536073.671177 [IMU] init=0 addr=0x68 who=0x68 rst=1 pmrb0=0x40 pmrb=0x1 sr=19 cfg=4 gcfg=0x0 acfg=0x8 icfg=0x30 ien=0x1 armed=1
1788536073.676656 [ACC] reads=48871 stale=48823 rderr=23 ax=73 ay=-121 az=1118
1788536073.679386 [PWR] pm=0x1 drift=0 rderr=0
1788536073.683315 [DWT] ok=1 cyc=1303891162 cyc_per_ms=800000
1788536074.699155 [HB] up_ms=1081935 frames=48940 inf=48940 hazard=6273 canary_err=0 q=0 qovr=0
1788536074.710519 [I2C] init=0 gate=0 whoami=0x140e0 wr=0 wrseen=0x27 addr=0x5a ok=298257 err=23 tmo=0 recov=48 pclk1=200000000 sysclk=400000000
1788536074.711891 [NAK] nacks=19
1788536074.716652 [CLK] cpu=800000000 sysb=400000000 pclk1=200000000
1788536074.721178 [TOF] res=0 step=0 id=0xeacc blk=0xeacc10 ctl=0x0
1788536074.727049 [RNG] init=0 step=99 id=0xeacc boot=1 calls=93 xerr=0 dm=1 tb=15
1788536074.733923 [RNG] osc=41 imp=881 imprb=881 mstart=0x40 cfg=91 cfgfail=0x0 vhv=0 vpolls=0
1788536074.740303 [PRT] calls=195877 xerr=0 ler=1 lidx=0x0 perr=0 maxcnt=17 addr8=0x52
1788536074.744303 [RTY] wr=0 wmax=0 wref=0  rd=0 rmax=0 rref=0
1788536074.752186 [RNG] frames=48942 last=37 min=28 max=170 nrdy=0 dxfer=0 dstat=0 lst=0 nrdyerr=0 dclr=0
1788536074.758457 [DRV] init=0 id=7 mode=0x1 lib=0x2 seq=0x1 odc=0x8b sts=0xe0 armed=1
1788536074.764117 [TRG] pulses=461 suppressed=5812 cyc=1600 rst=1 rstmode=0x40
1788536074.767339 [HLT] polls=978 faults=0x0 cfglost=0
1788536074.773146 [EFF] n=5 last=58533 min=58470 max=58534 late=0 stuck=0 rderr=0
1788536074.783483 [IMU] init=0 addr=0x68 who=0x68 rst=1 pmrb0=0x40 pmrb=0x1 sr=19 cfg=4 gcfg=0x0 acfg=0x8 icfg=0x30 ien=0x1 armed=1
1788536074.788985 [ACC] reads=48921 stale=48873 rderr=23 ax=74 ay=-122 az=1113
1788536074.791639 [PWR] pm=0x1 drift=0 rderr=0
1788536074.795623 [DWT] ok=1 cyc=2186290678 cyc_per_ms=799999
1788536075.811032 [HB] up_ms=1083038 frames=48990 inf=48990 hazard=6273 canary_err=0 q=0 qovr=0
1788536075.822422 [I2C] init=0 gate=0 whoami=0x140e0 wr=0 wrseen=0x27 addr=0x5a ok=298559 err=23 tmo=0 recov=48 pclk1=200000000 sysclk=400000000
1788536075.823787 [NAK] nacks=19
1788536075.828543 [CLK] cpu=800000000 sysb=400000000 pclk1=200000000
1788536075.833051 [TOF] res=0 step=0 id=0xeacc blk=0xeacc10 ctl=0x0
1788536075.838926 [RNG] init=0 step=99 id=0xeacc boot=1 calls=93 xerr=0 dm=1 tb=15
1788536075.845824 [RNG] osc=41 imp=881 imprb=881 mstart=0x40 cfg=91 cfgfail=0x0 vhv=0 vpolls=0
1788536075.852190 [PRT] calls=196077 xerr=0 ler=1 lidx=0x0 perr=0 maxcnt=17 addr8=0x52
1788536075.856197 [RTY] wr=0 wmax=0 wref=0  rd=0 rmax=0 rref=0
1788536075.864080 [RNG] frames=48992 last=43 min=28 max=170 nrdy=0 dxfer=0 dstat=0 lst=0 nrdyerr=0 dclr=0
1788536075.870205 [DRV] init=0 id=7 mode=0x1 lib=0x2 seq=0x1 odc=0x8b sts=0xe0 armed=1
1788536075.875969 [TRG] pulses=461 suppressed=5812 cyc=1600 rst=1 rstmode=0x40
1788536075.879373 [HLT] polls=979 faults=0x0 cfglost=0
1788536075.884979 [EFF] n=5 last=58533 min=58470 max=58534 late=0 stuck=0 rderr=0
1788536075.895366 [IMU] init=0 addr=0x68 who=0x68 rst=1 pmrb0=0x40 pmrb=0x1 sr=19 cfg=4 gcfg=0x0 acfg=0x8 icfg=0x30 ien=0x1 armed=1
1788536075.900875 [ACC] reads=48971 stale=48923 rderr=23 ax=75 ay=-121 az=1115
1788536075.903501 [PWR] pm=0x1 drift=0 rderr=0
1788536075.907503 [DWT] ok=1 cyc=3068690882 cyc_per_ms=800000
1788536076.923233 [HB] up_ms=1084141 frames=49040 inf=49040 hazard=6273 canary_err=0 q=0 qovr=0
1788536076.934485 [I2C] init=0 gate=0 whoami=0x140e0 wr=0 wrseen=0x27 addr=0x5a ok=298861 err=23 tmo=0 recov=48 pclk1=200000000 sysclk=400000000
1788536076.935989 [NAK] nacks=19
1788536076.940738 [CLK] cpu=800000000 sysb=400000000 pclk1=200000000
1788536076.945253 [TOF] res=0 step=0 id=0xeacc blk=0xeacc10 ctl=0x0
1788536076.950993 [RNG] init=0 step=99 id=0xeacc boot=1 calls=93 xerr=0 dm=1 tb=15
1788536076.958004 [RNG] osc=41 imp=881 imprb=881 mstart=0x40 cfg=91 cfgfail=0x0 vhv=0 vpolls=0
1788536076.964256 [PRT] calls=196277 xerr=0 ler=1 lidx=0x0 perr=0 maxcnt=17 addr8=0x52
1788536076.968391 [RTY] wr=0 wmax=0 wref=0  rd=0 rmax=0 rref=0
1788536076.976279 [RNG] frames=49042 last=39 min=28 max=170 nrdy=0 dxfer=0 dstat=0 lst=0 nrdyerr=0 dclr=0
1788536076.982403 [DRV] init=0 id=7 mode=0x1 lib=0x2 seq=0x1 odc=0x8b sts=0xe0 armed=1
1788536076.988047 [TRG] pulses=461 suppressed=5812 cyc=1600 rst=1 rstmode=0x40
1788536076.991417 [HLT] polls=980 faults=0x0 cfglost=0
1788536076.997208 [EFF] n=5 last=58533 min=58470 max=58534 late=0 stuck=0 rderr=0
1788536077.007436 [IMU] init=0 addr=0x68 who=0x68 rst=1 pmrb0=0x40 pmrb=0x1 sr=19 cfg=4 gcfg=0x0 acfg=0x8 icfg=0x30 ien=0x1 armed=1
1788536077.013058 [ACC] reads=49020 stale=48973 rderr=23 ax=75 ay=-121 az=1116
1788536077.015693 [PWR] pm=0x1 drift=0 rderr=0
1788536077.019695 [DWT] ok=1 cyc=3951119362 cyc_per_ms=800025
1788536078.035736 [HB] up_ms=1085244 frames=49089 inf=49089 hazard=6282 canary_err=0 q=0 qovr=0
1788536078.046991 [I2C] init=0 gate=0 whoami=0x140e0 wr=0 wrseen=0x27 addr=0x5a ok=299163 err=23 tmo=0 recov=48 pclk1=200000000 sysclk=400000000
1788536078.048363 [NAK] nacks=19
1788536078.053150 [CLK] cpu=800000000 sysb=400000000 pclk1=200000000
1788536078.057756 [TOF] res=0 step=0 id=0xeacc blk=0xeacc10 ctl=0x0
1788536078.063501 [RNG] init=0 step=99 id=0xeacc boot=1 calls=93 xerr=0 dm=1 tb=15
1788536078.070385 [RNG] osc=41 imp=881 imprb=881 mstart=0x40 cfg=91 cfgfail=0x0 vhv=0 vpolls=0
1788536078.076772 [PRT] calls=196477 xerr=0 ler=1 lidx=0x0 perr=0 maxcnt=17 addr8=0x52
1788536078.080895 [RTY] wr=0 wmax=0 wref=0  rd=0 rmax=0 rref=0
1788536078.088783 [RNG] frames=49092 last=40 min=28 max=170 nrdy=0 dxfer=0 dstat=0 lst=0 nrdyerr=0 dclr=0
1788536078.094910 [DRV] init=0 id=7 mode=0x1 lib=0x2 seq=0x1 odc=0x8b sts=0xe0 armed=1
1788536078.100539 [TRG] pulses=462 suppressed=5823 cyc=1600 rst=1 rstmode=0x40
1788536078.103928 [HLT] polls=981 faults=0x0 cfglost=0
1788536078.109676 [EFF] n=5 last=58533 min=58470 max=58534 late=0 stuck=0 rderr=0
1788536078.119950 [IMU] init=0 addr=0x68 who=0x68 rst=1 pmrb0=0x40 pmrb=0x1 sr=19 cfg=4 gcfg=0x0 acfg=0x8 icfg=0x30 ien=0x1 armed=1
1788536078.125569 [ACC] reads=49070 stale=49022 rderr=23 ax=75 ay=-121 az=1117
1788536078.128202 [PWR] pm=0x1 drift=0 rderr=0
1788536078.132072 [DWT] ok=1 cyc=538661102 cyc_per_ms=800098
1788536079.147815 [HB] up_ms=1086347 frames=49139 inf=49139 hazard=6314 canary_err=0 q=0 qovr=0
1788536079.159061 [I2C] init=0 gate=0 whoami=0x140e0 wr=0 wrseen=0x27 addr=0x5a ok=299465 err=23 tmo=0 recov=48 pclk1=200000000 sysclk=400000000
1788536079.160553 [NAK] nacks=19
1788536079.165062 [CLK] cpu=800000000 sysb=400000000 pclk1=200000000
1788536079.169834 [TOF] res=0 step=0 id=0xeacc blk=0xeacc10 ctl=0x0
1788536079.175579 [RNG] init=0 step=99 id=0xeacc boot=1 calls=93 xerr=0 dm=1 tb=15
1788536079.182454 [RNG] osc=41 imp=881 imprb=881 mstart=0x40 cfg=91 cfgfail=0x0 vhv=0 vpolls=0
1788536079.188717 [PRT] calls=196677 xerr=0 ler=1 lidx=0x0 perr=0 maxcnt=17 addr8=0x52
1788536079.192966 [RTY] wr=0 wmax=0 wref=0  rd=0 rmax=0 rref=0
1788536079.200848 [RNG] frames=49142 last=40 min=28 max=170 nrdy=0 dxfer=0 dstat=0 lst=0 nrdyerr=0 dclr=0
1788536079.206974 [DRV] init=0 id=7 mode=0x1 lib=0x2 seq=0x1 odc=0x8b sts=0xe0 armed=1
1788536079.212495 [TRG] pulses=464 suppressed=5850 cyc=1600 rst=1 rstmode=0x40
1788536079.215989 [HLT] polls=982 faults=0x0 cfglost=0
1788536079.221736 [EFF] n=5 last=58533 min=58470 max=58534 late=0 stuck=0 rderr=0
1788536079.231874 [IMU] init=0 addr=0x68 who=0x68 rst=1 pmrb0=0x40 pmrb=0x1 sr=19 cfg=4 gcfg=0x0 acfg=0x8 icfg=0x30 ien=0x1 armed=1
1788536079.237503 [ACC] reads=49120 stale=49072 rderr=23 ax=76 ay=-120 az=1115
1788536079.240153 [PWR] pm=0x1 drift=0 rderr=0
1788536079.244153 [DWT] ok=1 cyc=1421057402 cyc_per_ms=799996
1788536080.259454 [HB] up_ms=1087450 frames=49189 inf=49189 hazard=6314 canary_err=0 q=0 qovr=0
1788536080.270836 [I2C] init=0 gate=0 whoami=0x140e0 wr=0 wrseen=0x27 addr=0x5a ok=299767 err=23 tmo=0 recov=48 pclk1=200000000 sysclk=400000000
1788536080.272207 [NAK] nacks=19
1788536080.276833 [CLK] cpu=800000000 sysb=400000000 pclk1=200000000
1788536080.281460 [TOF] res=0 step=0 id=0xeacc blk=0xeacc10 ctl=0x0
1788536080.287347 [RNG] init=0 step=99 id=0xeacc boot=1 calls=93 xerr=0 dm=1 tb=15
1788536080.294216 [RNG] osc=41 imp=881 imprb=881 mstart=0x40 cfg=91 cfgfail=0x0 vhv=0 vpolls=0
1788536080.300352 [PRT] calls=196877 xerr=0 ler=1 lidx=0x0 perr=0 maxcnt=17 addr8=0x52
1788536080.304603 [RTY] wr=0 wmax=0 wref=0  rd=0 rmax=0 rref=0
1788536080.312493 [RNG] frames=49191 last=42 min=28 max=170 nrdy=0 dxfer=0 dstat=0 lst=0 nrdyerr=0 dclr=0
1788536080.318622 [DRV] init=0 id=7 mode=0x1 lib=0x2 seq=0x1 odc=0x8b sts=0xe0 armed=1
1788536080.324140 [TRG] pulses=464 suppressed=5850 cyc=1600 rst=1 rstmode=0x40
1788536080.327623 [HLT] polls=983 faults=0x0 cfglost=0
1788536080.333386 [EFF] n=5 last=58533 min=58470 max=58534 late=0 stuck=0 rderr=0
1788536080.343648 [IMU] init=0 addr=0x68 who=0x68 rst=1 pmrb0=0x40 pmrb=0x1 sr=19 cfg=4 gcfg=0x0 acfg=0x8 icfg=0x30 ien=0x1 armed=1
1788536080.349016 [ACC] reads=49170 stale=49121 rderr=23 ax=77 ay=-119 az=1115
1788536080.351894 [PWR] pm=0x1 drift=0 rderr=0
1788536080.355899 [DWT] ok=1 cyc=2303457238 cyc_per_ms=799999
1788536081.370668 [HB] up_ms=1088553 frames=49239 inf=49239 hazard=6314 canary_err=0 q=0 qovr=0
1788536081.382054 [I2C] init=0 gate=0 whoami=0x140e0 wr=0 wrseen=0x27 addr=0x5a ok=300065 err=23 tmo=0 recov=48 pclk1=200000000 sysclk=400000000
1788536081.383426 [NAK] nacks=19
1788536081.388043 [CLK] cpu=800000000 sysb=400000000 pclk1=200000000
1788536081.392555 [TOF] res=0 step=0 id=0xeacc blk=0xeacc10 ctl=0x0
1788536081.398555 [RNG] init=0 step=99 id=0xeacc boot=1 calls=93 xerr=0 dm=1 tb=15
1788536081.405436 [RNG] osc=41 imp=881 imprb=881 mstart=0x40 cfg=91 cfgfail=0x0 vhv=0 vpolls=0
1788536081.411693 [PRT] calls=197077 xerr=0 ler=1 lidx=0x0 perr=0 maxcnt=17 addr8=0x52
1788536081.415692 [RTY] wr=0 wmax=0 wref=0  rd=0 rmax=0 rref=0
1788536081.423732 [RNG] frames=49241 last=39 min=28 max=170 nrdy=0 dxfer=0 dstat=0 lst=0 nrdyerr=0 dclr=0
1788536081.429958 [DRV] init=0 id=7 mode=0x1 lib=0x2 seq=0x1 odc=0x8b sts=0xe0 armed=1
1788536081.435348 [TRG] pulses=464 suppressed=5850 cyc=1600 rst=1 rstmode=0x40
1788536081.438732 [HLT] polls=984 faults=0x0 cfglost=0
1788536081.444722 [EFF] n=5 last=58533 min=58470 max=58534 late=0 stuck=0 rderr=0
1788536081.454861 [IMU] init=0 addr=0x68 who=0x68 rst=1 pmrb0=0x40 pmrb=0x1 sr=19 cfg=4 gcfg=0x0 acfg=0x8 icfg=0x30 ien=0x1 armed=1
1788536081.460361 [ACC] reads=49220 stale=49171 rderr=23 ax=75 ay=-120 az=1113
1788536081.463014 [PWR] pm=0x1 drift=0 rderr=0
1788536081.467131 [DWT] ok=1 cyc=3185763768 cyc_per_ms=799915
1788536082.482214 [HB] up_ms=1089656 frames=49289 inf=49289 hazard=6314 canary_err=0 q=0 qovr=0
1788536082.493727 [I2C] init=0 gate=0 whoami=0x140e0 wr=0 wrseen=0x27 addr=0x5a ok=300365 err=23 tmo=0 recov=48 pclk1=200000000 sysclk=400000000
1788536082.495120 [NAK] nacks=19
1788536082.499789 [CLK] cpu=800000000 sysb=400000000 pclk1=200000000
1788536082.504232 [TOF] res=0 step=0 id=0xeacc blk=0xeacc10 ctl=0x0
1788536082.510231 [RNG] init=0 step=99 id=0xeacc boot=1 calls=93 xerr=0 dm=1 tb=15
1788536082.517143 [RNG] osc=41 imp=881 imprb=881 mstart=0x40 cfg=91 cfgfail=0x0 vhv=0 vpolls=0
1788536082.523362 [PRT] calls=197277 xerr=0 ler=1 lidx=0x0 perr=0 maxcnt=17 addr8=0x52
1788536082.527349 [RTY] wr=0 wmax=0 wref=0  rd=0 rmax=0 rref=0
1788536082.535487 [RNG] frames=49291 last=44 min=28 max=170 nrdy=0 dxfer=0 dstat=0 lst=0 nrdyerr=0 dclr=0
1788536082.541632 [DRV] init=0 id=7 mode=0x1 lib=0x2 seq=0x1 odc=0x8b sts=0xe0 armed=1
1788536082.547164 [TRG] pulses=464 suppressed=5850 cyc=1600 rst=1 rstmode=0x40
1788536082.550504 [HLT] polls=985 faults=0x0 cfglost=0
1788536082.556433 [EFF] n=5 last=58533 min=58470 max=58534 late=0 stuck=0 rderr=0
1788536082.566528 [IMU] init=0 addr=0x68 who=0x68 rst=1 pmrb0=0x40 pmrb=0x1 sr=19 cfg=4 gcfg=0x0 acfg=0x8 icfg=0x30 ien=0x1 armed=1
1788536082.572042 [ACC] reads=49270 stale=49221 rderr=23 ax=77 ay=-119 az=1114
1788536082.574656 [PWR] pm=0x1 drift=0 rderr=0
1788536082.578790 [DWT] ok=1 cyc=4068123542 cyc_per_ms=799963
1788536083.594092 [HB] up_ms=1090759 frames=49338 inf=49338 hazard=6314 canary_err=0 q=0 qovr=0
1788536083.605462 [I2C] init=0 gate=0 whoami=0x140e0 wr=0 wrseen=0x27 addr=0x5a ok=300667 err=23 tmo=0 recov=49 pclk1=200000000 sysclk=400000000
1788536083.606842 [NAK] nacks=19
1788536083.611464 [CLK] cpu=800000000 sysb=400000000 pclk1=200000000
1788536083.616122 [TOF] res=0 step=0 id=0xeacc blk=0xeacc10 ctl=0x0
1788536083.621977 [RNG] init=0 step=99 id=0xeacc boot=1 calls=93 xerr=0 dm=1 tb=15
1788536083.628862 [RNG] osc=41 imp=881 imprb=881 mstart=0x40 cfg=91 cfgfail=0x0 vhv=0 vpolls=0
1788536083.635125 [PRT] calls=197473 xerr=0 ler=1 lidx=0x0 perr=0 maxcnt=17 addr8=0x52
1788536083.639368 [RTY] wr=0 wmax=0 wref=0  rd=0 rmax=0 rref=0
1788536083.647256 [RNG] frames=49341 last=42 min=28 max=170 nrdy=0 dxfer=0 dstat=0 lst=0 nrdyerr=0 dclr=0
1788536083.653382 [DRV] init=0 id=7 mode=0x1 lib=0x2 seq=0x1 odc=0x8b sts=0xe0 armed=1
1788536083.658881 [TRG] pulses=464 suppressed=5850 cyc=1600 rst=1 rstmode=0x40
1788536083.662391 [HLT] polls=986 faults=0x0 cfglost=0
1788536083.668172 [EFF] n=5 last=58533 min=58470 max=58534 late=0 stuck=0 rderr=0
1788536083.678272 [IMU] init=0 addr=0x68 who=0x68 rst=1 pmrb0=0x40 pmrb=0x1 sr=19 cfg=4 gcfg=0x0 acfg=0x8 icfg=0x30 ien=0x1 armed=1
1788536083.683908 [ACC] reads=49319 stale=49270 rderr=23 ax=74 ay=-121 az=1114
1788536083.686651 [PWR] pm=0x1 drift=0 rderr=0
1788536083.690565 [DWT] ok=1 cyc=655690114 cyc_per_ms=800121
1788536084.706055 [HB] up_ms=1091862 frames=49388 inf=49388 hazard=6314 canary_err=0 q=0 qovr=0
1788536084.717432 [I2C] init=0 gate=0 whoami=0x140e0 wr=0 wrseen=0x27 addr=0x5a ok=300969 err=23 tmo=0 recov=49 pclk1=200000000 sysclk=400000000
1788536084.718806 [NAK] nacks=19
1788536084.723443 [CLK] cpu=800000000 sysb=400000000 pclk1=200000000
1788536084.728063 [TOF] res=0 step=0 id=0xeacc blk=0xeacc10 ctl=0x0
1788536084.733937 [RNG] init=0 step=99 id=0xeacc boot=1 calls=93 xerr=0 dm=1 tb=15
1788536084.740823 [RNG] osc=41 imp=881 imprb=881 mstart=0x40 cfg=91 cfgfail=0x0 vhv=0 vpolls=0
1788536084.747073 [PRT] calls=197673 xerr=0 ler=1 lidx=0x0 perr=0 maxcnt=17 addr8=0x52
1788536084.751199 [RTY] wr=0 wmax=0 wref=0  rd=0 rmax=0 rref=0
1788536084.759199 [RNG] frames=49390 last=45 min=28 max=170 nrdy=0 dxfer=0 dstat=0 lst=0 nrdyerr=0 dclr=0
1788536084.765347 [DRV] init=0 id=7 mode=0x1 lib=0x2 seq=0x1 odc=0x8b sts=0xe0 armed=1
1788536084.770849 [TRG] pulses=464 suppressed=5850 cyc=1600 rst=1 rstmode=0x40
1788536084.774346 [HLT] polls=987 faults=0x0 cfglost=0
1788536084.780118 [EFF] n=5 last=58533 min=58470 max=58534 late=0 stuck=0 rderr=0
1788536084.790232 [IMU] init=0 addr=0x68 who=0x68 rst=1 pmrb0=0x40 pmrb=0x1 sr=19 cfg=4 gcfg=0x0 acfg=0x8 icfg=0x30 ien=0x1 armed=1
1788536084.795737 [ACC] reads=49369 stale=49320 rderr=23 ax=76 ay=-119 az=1114
1788536084.798612 [PWR] pm=0x1 drift=0 rderr=0
1788536084.802616 [DWT] ok=1 cyc=1538089990 cyc_per_ms=799999
1788536085.818361 [HB] up_ms=1092965 frames=49438 inf=49438 hazard=6352 canary_err=0 q=0 qovr=0
1788536085.829733 [I2C] init=0 gate=0 whoami=0x140e0 wr=0 wrseen=0x27 addr=0x5a ok=301267 err=23 tmo=0 recov=49 pclk1=200000000 sysclk=400000000
1788536085.831134 [NAK] nacks=19
1788536085.835735 [CLK] cpu=800000000 sysb=400000000 pclk1=200000000
1788536085.840238 [TOF] res=0 step=0 id=0xeacc blk=0xeacc10 ctl=0x0
1788536085.846245 [RNG] init=0 step=99 id=0xeacc boot=1 calls=93 xerr=0 dm=1 tb=15
1788536085.853152 [RNG] osc=41 imp=881 imprb=881 mstart=0x40 cfg=91 cfgfail=0x0 vhv=0 vpolls=0
1788536085.859247 [PRT] calls=197873 xerr=0 ler=1 lidx=0x0 perr=0 maxcnt=17 addr8=0x52
1788536085.863399 [RTY] wr=0 wmax=0 wref=0  rd=0 rmax=0 rref=0
1788536085.871379 [RNG] frames=49440 last=40 min=28 max=170 nrdy=0 dxfer=0 dstat=0 lst=0 nrdyerr=0 dclr=0
1788536085.877639 [DRV] init=0 id=7 mode=0x1 lib=0x2 seq=0x1 odc=0x8b sts=0xe0 armed=1
1788536085.883167 [TRG] pulses=467 suppressed=5888 cyc=1600 rst=1 rstmode=0x40
1788536085.886397 [HLT] polls=988 faults=0x0 cfglost=0
1788536085.892397 [EFF] n=5 last=58533 min=58470 max=58534 late=0 stuck=0 rderr=0
1788536085.902527 [IMU] init=0 addr=0x68 who=0x68 rst=1 pmrb0=0x40 pmrb=0x1 sr=19 cfg=4 gcfg=0x0 acfg=0x8 icfg=0x30 ien=0x1 armed=1
1788536085.908034 [ACC] reads=49419 stale=49370 rderr=23 ax=76 ay=-121 az=1110
1788536085.910780 [PWR] pm=0x1 drift=0 rderr=0
1788536085.914792 [DWT] ok=1 cyc=2420399092 cyc_per_ms=799917
1788536086.929999 [HB] up_ms=1094068 frames=49488 inf=49488 hazard=6355 canary_err=0 q=0 qovr=0
1788536086.941493 [I2C] init=0 gate=0 whoami=0x140e0 wr=0 wrseen=0x27 addr=0x5a ok=301567 err=23 tmo=0 recov=49 pclk1=200000000 sysclk=400000000
1788536086.942863 [NAK] nacks=19
1788536086.947496 [CLK] cpu=800000000 sysb=400000000 pclk1=200000000
1788536086.951992 [TOF] res=0 step=0 id=0xeacc blk=0xeacc10 ctl=0x0
1788536086.958008 [RNG] init=0 step=99 id=0xeacc boot=1 calls=93 xerr=0 dm=1 tb=15
1788536086.964881 [RNG] osc=41 imp=881 imprb=881 mstart=0x40 cfg=91 cfgfail=0x0 vhv=0 vpolls=0
1788536086.971159 [PRT] calls=198073 xerr=0 ler=1 lidx=0x0 perr=0 maxcnt=17 addr8=0x52
1788536086.975166 [RTY] wr=0 wmax=0 wref=0  rd=0 rmax=0 rref=0
1788536086.983265 [RNG] frames=49490 last=46 min=28 max=170 nrdy=0 dxfer=0 dstat=0 lst=0 nrdyerr=0 dclr=0
1788536086.989471 [DRV] init=0 id=7 mode=0x1 lib=0x2 seq=0x1 odc=0x8b sts=0xe0 armed=1
1788536086.994896 [TRG] pulses=467 suppressed=5888 cyc=1600 rst=1 rstmode=0x40
1788536086.998297 [HLT] polls=989 faults=0x0 cfglost=0
1788536087.004177 [EFF] n=5 last=58533 min=58470 max=58534 late=0 stuck=0 rderr=0
1788536087.014291 [IMU] init=0 addr=0x68 who=0x68 rst=1 pmrb0=0x40 pmrb=0x1 sr=19 cfg=4 gcfg=0x0 acfg=0x8 icfg=0x30 ien=0x1 armed=1
1788536087.019792 [ACC] reads=49469 stale=49420 rderr=23 ax=74 ay=-120 az=1114
1788536087.022557 [PWR] pm=0x1 drift=0 rderr=0
1788536087.026669 [DWT] ok=1 cyc=3302756338 cyc_per_ms=799961
1788536088.041736 [HB] up_ms=1095171 frames=49538 inf=49538 hazard=6355 canary_err=0 q=0 qovr=0
1788536088.053129 [I2C] init=0 gate=0 whoami=0x140e0 wr=0 wrseen=0x27 addr=0x5a ok=301869 err=23 tmo=0 recov=49 pclk1=200000000 sysclk=400000000
1788536088.054597 [NAK] nacks=19
1788536088.059127 [CLK] cpu=800000000 sysb=400000000 pclk1=200000000
1788536088.063612 [TOF] res=0 step=0 id=0xeacc blk=0xeacc10 ctl=0x0
1788536088.069612 [RNG] init=0 step=99 id=0xeacc boot=1 calls=93 xerr=0 dm=1 tb=15
1788536088.076486 [RNG] osc=41 imp=881 imprb=881 mstart=0x40 cfg=91 cfgfail=0x0 vhv=0 vpolls=0
1788536088.082736 [PRT] calls=198273 xerr=0 ler=1 lidx=0x0 perr=0 maxcnt=17 addr8=0x52
1788536088.086743 [RTY] wr=0 wmax=0 wref=0  rd=0 rmax=0 rref=0
1788536088.094875 [RNG] frames=49540 last=45 min=28 max=170 nrdy=0 dxfer=0 dstat=0 lst=0 nrdyerr=0 dclr=0
1788536088.101004 [DRV] init=0 id=7 mode=0x1 lib=0x2 seq=0x1 odc=0x8b sts=0xe0 armed=1
1788536088.106547 [TRG] pulses=467 suppressed=5888 cyc=1600 rst=1 rstmode=0x40
1788536088.109889 [HLT] polls=990 faults=0x0 cfglost=0
1788536088.115761 [EFF] n=5 last=58533 min=58470 max=58534 late=0 stuck=0 rderr=0
1788536088.125891 [IMU] init=0 addr=0x68 who=0x68 rst=1 pmrb0=0x40 pmrb=0x1 sr=19 cfg=4 gcfg=0x0 acfg=0x8 icfg=0x30 ien=0x1 armed=1
1788536088.131394 [ACC] reads=49519 stale=49470 rderr=23 ax=76 ay=-122 az=1115
1788536088.134023 [PWR] pm=0x1 drift=0 rderr=0
1788536088.138029 [DWT] ok=1 cyc=4185156518 cyc_per_ms=800000
1788536089.153297 [HB] up_ms=1096274 frames=49588 inf=49588 hazard=6355 canary_err=0 q=0 qovr=0
1788536089.164796 [I2C] init=0 gate=0 whoami=0x140e0 wr=0 wrseen=0x27 addr=0x5a ok=302171 err=23 tmo=0 recov=49 pclk1=200000000 sysclk=400000000
1788536089.166189 [NAK] nacks=19
1788536089.170800 [CLK] cpu=800000000 sysb=400000000 pclk1=200000000
1788536089.175318 [TOF] res=0 step=0 id=0xeacc blk=0xeacc10 ctl=0x0
1788536089.181212 [RNG] init=0 step=99 id=0xeacc boot=1 calls=93 xerr=0 dm=1 tb=15
1788536089.188208 [RNG] osc=41 imp=881 imprb=881 mstart=0x40 cfg=91 cfgfail=0x0 vhv=0 vpolls=0
1788536089.194315 [PRT] calls=198473 xerr=0 ler=1 lidx=0x0 perr=0 maxcnt=17 addr8=0x52
1788536089.198439 [RTY] wr=0 wmax=0 wref=0  rd=0 rmax=0 rref=0
1788536089.206455 [RNG] frames=49590 last=40 min=28 max=170 nrdy=0 dxfer=0 dstat=0 lst=0 nrdyerr=0 dclr=0
1788536089.212582 [DRV] init=0 id=7 mode=0x1 lib=0x2 seq=0x1 odc=0x8b sts=0xe0 armed=1
1788536089.218080 [TRG] pulses=467 suppressed=5888 cyc=1600 rst=1 rstmode=0x40
1788536089.221458 [HLT] polls=991 faults=0x0 cfglost=0
1788536089.227210 [EFF] n=5 last=58533 min=58470 max=58534 late=0 stuck=0 rderr=0
1788536089.237464 [IMU] init=0 addr=0x68 who=0x68 rst=1 pmrb0=0x40 pmrb=0x1 sr=19 cfg=4 gcfg=0x0 acfg=0x8 icfg=0x30 ien=0x1 armed=1
1788536089.242974 [ACC] reads=49569 stale=49520 rderr=23 ax=76 ay=-119 az=1114
1788536089.245607 [PWR] pm=0x1 drift=0 rderr=0
1788536089.249481 [DWT] ok=1 cyc=772589202 cyc_per_ms=799999
1788536090.264853 [HB] up_ms=1097377 frames=49638 inf=49638 hazard=6355 canary_err=0 q=0 qovr=0
1788536090.276338 [I2C] init=0 gate=0 whoami=0x140e0 wr=0 wrseen=0x27 addr=0x5a ok=302473 err=23 tmo=0 recov=49 pclk1=200000000 sysclk=400000000
1788536090.277711 [NAK] nacks=19
1788536090.282353 [CLK] cpu=800000000 sysb=400000000 pclk1=200000000
1788536090.286850 [TOF] res=0 step=0 id=0xeacc blk=0xeacc10 ctl=0x0
1788536090.292591 [RNG] init=0 step=99 id=0xeacc boot=1 calls=93 xerr=0 dm=1 tb=15
1788536090.299728 [RNG] osc=41 imp=881 imprb=881 mstart=0x40 cfg=91 cfgfail=0x0 vhv=0 vpolls=0
1788536090.305880 [PRT] calls=198673 xerr=0 ler=1 lidx=0x0 perr=0 maxcnt=17 addr8=0x52
1788536090.309989 [RTY] wr=0 wmax=0 wref=0  rd=0 rmax=0 rref=0
1788536090.317999 [RNG] frames=49640 last=39 min=28 max=170 nrdy=0 dxfer=0 dstat=0 lst=0 nrdyerr=0 dclr=0
1788536090.324151 [DRV] init=0 id=7 mode=0x1 lib=0x2 seq=0x1 odc=0x8b sts=0xe0 armed=1
1788536090.329626 [TRG] pulses=467 suppressed=5888 cyc=1600 rst=1 rstmode=0x40
1788536090.333001 [HLT] polls=992 faults=0x0 cfglost=0
1788536090.338753 [EFF] n=5 last=58533 min=58470 max=58534 late=0 stuck=0 rderr=0
1788536090.349158 [IMU] init=0 addr=0x68 who=0x68 rst=1 pmrb0=0x40 pmrb=0x1 sr=19 cfg=4 gcfg=0x0 acfg=0x8 icfg=0x30 ien=0x1 armed=1
1788536090.354655 [ACC] reads=49619 stale=49570 rderr=23 ax=74 ay=-120 az=1116
1788536090.357268 [PWR] pm=0x1 drift=0 rderr=0
1788536090.361265 [DWT] ok=1 cyc=1654989146 cyc_per_ms=799999
1788536091.376486 [HB] up_ms=1098480 frames=49688 inf=49688 hazard=6355 canary_err=0 q=0 qovr=0
1788536091.387853 [I2C] init=0 gate=0 whoami=0x140e0 wr=0 wrseen=0x27 addr=0x5a ok=302775 err=23 tmo=0 recov=49 pclk1=200000000 sysclk=400000000
1788536091.389362 [NAK] nacks=19
1788536091.393871 [CLK] cpu=800000000 sysb=400000000 pclk1=200000000
1788536091.398370 [TOF] res=0 step=0 id=0xeacc blk=0xeacc10 ctl=0x0
1788536091.404248 [RNG] init=0 step=99 id=0xeacc boot=1 calls=93 xerr=0 dm=1 tb=15
1788536091.411245 [RNG] osc=41 imp=881 imprb=881 mstart=0x40 cfg=91 cfgfail=0x0 vhv=0 vpolls=0
1788536091.417513 [PRT] calls=198873 xerr=0 ler=1 lidx=0x0 perr=0 maxcnt=17 addr8=0x52
1788536091.421512 [RTY] wr=0 wmax=0 wref=0  rd=0 rmax=0 rref=0
1788536091.429524 [RNG] frames=49690 last=49 min=28 max=170 nrdy=0 dxfer=0 dstat=0 lst=0 nrdyerr=0 dclr=0
1788536091.435771 [DRV] init=0 id=7 mode=0x1 lib=0x2 seq=0x1 odc=0x8b sts=0xe0 armed=1
1788536091.441265 [TRG] pulses=467 suppressed=5888 cyc=1600 rst=1 rstmode=0x40
1788536091.444637 [HLT] polls=993 faults=0x0 cfglost=0
1788536091.450411 [EFF] n=5 last=58533 min=58470 max=58534 late=0 stuck=0 rderr=0
1788536091.460654 [IMU] init=0 addr=0x68 who=0x68 rst=1 pmrb0=0x40 pmrb=0x1 sr=19 cfg=4 gcfg=0x0 acfg=0x8 icfg=0x30 ien=0x1 armed=1
1788536091.466189 [ACC] reads=49669 stale=49620 rderr=23 ax=75 ay=-121 az=1114
1788536091.468782 [PWR] pm=0x1 drift=0 rderr=0
1788536091.472783 [DWT] ok=1 cyc=2537389142 cyc_per_ms=799999
1788536092.487865 [HB] up_ms=1099583 frames=49738 inf=49738 hazard=6373 canary_err=0 q=0 qovr=0
1788536092.499447 [I2C] init=0 gate=0 whoami=0x140e0 wr=0 wrseen=0x27 addr=0x5a ok=303077 err=23 tmo=0 recov=49 pclk1=200000000 sysclk=400000000
1788536092.500733 [NAK] nacks=19
1788536092.505386 [CLK] cpu=800000000 sysb=400000000 pclk1=200000000
1788536092.509856 [TOF] res=0 step=0 id=0xeacc blk=0xeacc10 ctl=0x0
1788536092.515725 [RNG] init=0 step=99 id=0xeacc boot=1 calls=93 xerr=0 dm=1 tb=15
1788536092.522730 [RNG] osc=41 imp=881 imprb=881 mstart=0x40 cfg=91 cfgfail=0x0 vhv=0 vpolls=0
1788536092.528982 [PRT] calls=199073 xerr=0 ler=1 lidx=0x0 perr=0 maxcnt=17 addr8=0x52
1788536092.532987 [RTY] wr=0 wmax=0 wref=0  rd=0 rmax=0 rref=0
1788536092.540870 [RNG] frames=49740 last=47 min=28 max=170 nrdy=0 dxfer=0 dstat=0 lst=0 nrdyerr=0 dclr=0
1788536092.547262 [DRV] init=0 id=7 mode=0x1 lib=0x2 seq=0x1 odc=0x8b sts=0xe0 armed=1
1788536092.552755 [TRG] pulses=469 suppressed=5907 cyc=1600 rst=1 rstmode=0x40
1788536092.556145 [HLT] polls=994 faults=0x0 cfglost=0
1788536092.561887 [EFF] n=5 last=58533 min=58470 max=58534 late=0 stuck=0 rderr=0
1788536092.572157 [IMU] init=0 addr=0x68 who=0x68 rst=1 pmrb0=0x40 pmrb=0x1 sr=19 cfg=4 gcfg=0x0 acfg=0x8 icfg=0x30 ien=0x1 armed=1
1788536092.577649 [ACC] reads=49719 stale=49670 rderr=23 ax=76 ay=-121 az=1114
1788536092.580269 [PWR] pm=0x1 drift=0 rderr=0
1788536092.584269 [DWT] ok=1 cyc=3419792362 cyc_per_ms=800002
1788536093.599833 [HB] up_ms=1100686 frames=49788 inf=49788 hazard=6396 canary_err=0 q=0 qovr=0
1788536093.611336 [I2C] init=0 gate=0 whoami=0x140e0 wr=0 wrseen=0x27 addr=0x5a ok=303379 err=23 tmo=0 recov=49 pclk1=200000000 sysclk=400000000
1788536093.612715 [NAK] nacks=19
1788536093.617333 [CLK] cpu=800000000 sysb=400000000 pclk1=200000000
1788536093.621843 [TOF] res=0 step=0 id=0xeacc blk=0xeacc10 ctl=0x0
1788536093.627588 [RNG] init=0 step=99 id=0xeacc boot=1 calls=93 xerr=0 dm=1 tb=15
1788536093.634716 [RNG] osc=41 imp=881 imprb=881 mstart=0x40 cfg=91 cfgfail=0x0 vhv=0 vpolls=0
1788536093.640862 [PRT] calls=199273 xerr=0 ler=1 lidx=0x0 perr=0 maxcnt=17 addr8=0x52
1788536093.644966 [RTY] wr=0 wmax=0 wref=0  rd=0 rmax=0 rref=0
1788536093.652849 [RNG] frames=49790 last=45 min=28 max=170 nrdy=0 dxfer=0 dstat=0 lst=0 nrdyerr=0 dclr=0
1788536093.659217 [DRV] init=0 id=7 mode=0x1 lib=0x2 seq=0x1 odc=0x8b sts=0xe0 armed=1
1788536093.664722 [TRG] pulses=470 suppressed=5926 cyc=1600 rst=1 rstmode=0x40
1788536093.667979 [HLT] polls=995 faults=0x0 cfglost=0
1788536093.673735 [EFF] n=5 last=58533 min=58470 max=58534 late=0 stuck=0 rderr=0
1788536093.685021 [IMU] init=0 addr=0x68 who=0x68 rst=1 pmrb0=0x40 pmrb=0x1 sr=19 cfg=4 gcfg=0x0 acfg=0x8 icfg=0x30 ien=0x1 armed=1
1788536093.689620 [ACC] reads=49769 stale=49720 rderr=23 ax=74 ay=-120 az=1115
1788536093.692238 [PWR] pm=0x1 drift=0 rderr=0
1788536093.696008 [DWT] ok=1 cyc=7221646 cyc_per_ms=799996
1788536094.712025 [HB] up_ms=1101789 frames=49838 inf=49838 hazard=6396 canary_err=0 q=0 qovr=0
1788536094.723536 [I2C] init=0 gate=0 whoami=0x140e0 wr=0 wrseen=0x27 addr=0x5a ok=303681 err=23 tmo=0 recov=49 pclk1=200000000 sysclk=400000000
1788536094.725026 [NAK] nacks=19
1788536094.729533 [CLK] cpu=800000000 sysb=400000000 pclk1=200000000
1788536094.734035 [TOF] res=0 step=0 id=0xeacc blk=0xeacc10 ctl=0x0
1788536094.739907 [RNG] init=0 step=99 id=0xeacc boot=1 calls=93 xerr=0 dm=1 tb=15
1788536094.747048 [RNG] osc=41 imp=881 imprb=881 mstart=0x40 cfg=91 cfgfail=0x0 vhv=0 vpolls=0
1788536094.753183 [PRT] calls=199473 xerr=0 ler=1 lidx=0x0 perr=0 maxcnt=17 addr8=0x52
1788536094.757293 [RTY] wr=0 wmax=0 wref=0  rd=0 rmax=0 rref=0
1788536094.765202 [RNG] frames=49840 last=44 min=28 max=170 nrdy=0 dxfer=0 dstat=0 lst=0 nrdyerr=0 dclr=0
1788536094.771556 [DRV] init=0 id=7 mode=0x1 lib=0x2 seq=0x1 odc=0x8b sts=0xe0 armed=1
1788536094.776926 [TRG] pulses=470 suppressed=5926 cyc=1600 rst=1 rstmode=0x40
1788536094.780308 [HLT] polls=996 faults=0x0 cfglost=0
1788536094.786064 [EFF] n=5 last=58533 min=58470 max=58534 late=0 stuck=0 rderr=0
1788536094.796443 [IMU] init=0 addr=0x68 who=0x68 rst=1 pmrb0=0x40 pmrb=0x1 sr=19 cfg=4 gcfg=0x0 acfg=0x8 icfg=0x30 ien=0x1 armed=1
1788536094.801944 [ACC] reads=49819 stale=49770 rderr=23 ax=75 ay=-119 az=1116
1788536094.804567 [PWR] pm=0x1 drift=0 rderr=0
1788536094.808449 [DWT] ok=1 cyc=889621894 cyc_per_ms=800000
1788536095.824711 [HB] up_ms=1102892 frames=49888 inf=49888 hazard=6396 canary_err=0 q=0 qovr=0
1788536095.836087 [I2C] init=0 gate=0 whoami=0x140e0 wr=0 wrseen=0x27 addr=0x5a ok=303983 err=23 tmo=0 recov=49 pclk1=200000000 sysclk=400000000
1788536095.837584 [NAK] nacks=19
1788536095.842208 [CLK] cpu=800000000 sysb=400000000 pclk1=200000000
1788536095.846714 [TOF] res=0 step=0 id=0xeacc blk=0xeacc10 ctl=0x0
1788536095.852471 [RNG] init=0 step=99 id=0xeacc boot=1 calls=93 xerr=0 dm=1 tb=15
1788536095.859468 [RNG] osc=41 imp=881 imprb=881 mstart=0x40 cfg=91 cfgfail=0x0 vhv=0 vpolls=0
1788536095.865724 [PRT] calls=199672 xerr=0 ler=1 lidx=0x0 perr=0 maxcnt=17 addr8=0x52
1788536095.869850 [RTY] wr=0 wmax=0 wref=0  rd=0 rmax=0 rref=0
1788536095.877727 [RNG] frames=49890 last=51 min=28 max=170 nrdy=0 dxfer=0 dstat=0 lst=0 nrdyerr=0 dclr=0
1788536095.884132 [DRV] init=0 id=7 mode=0x1 lib=0x2 seq=0x1 odc=0x8b sts=0xe0 armed=1
1788536095.889486 [TRG] pulses=470 suppressed=5926 cyc=1600 rst=1 rstmode=0x40
1788536095.892863 [HLT] polls=997 faults=0x0 cfglost=0
1788536095.898612 [EFF] n=5 last=58533 min=58470 max=58534 late=0 stuck=0 rderr=0
1788536095.909000 [IMU] init=0 addr=0x68 who=0x68 rst=1 pmrb0=0x40 pmrb=0x1 sr=19 cfg=4 gcfg=0x0 acfg=0x8 icfg=0x30 ien=0x1 armed=1
1788536095.914490 [ACC] reads=49869 stale=49820 rderr=23 ax=76 ay=-123 az=1115
1788536095.917147 [PWR] pm=0x1 drift=0 rderr=0
1788536095.921141 [DWT] ok=1 cyc=1772021926 cyc_per_ms=800000
1788536096.937129 [HB] up_ms=1103995 frames=49938 inf=49938 hazard=6396 canary_err=0 q=0 qovr=0
1788536096.948375 [I2C] init=0 gate=0 whoami=0x140e0 wr=0 wrseen=0x27 addr=0x5a ok=304285 err=23 tmo=0 recov=49 pclk1=200000000 sysclk=400000000
1788536096.949996 [NAK] nacks=19
1788536096.954624 [CLK] cpu=800000000 sysb=400000000 pclk1=200000000
1788536096.959146 [TOF] res=0 step=0 id=0xeacc blk=0xeacc10 ctl=0x0
1788536096.965006 [RNG] init=0 step=99 id=0xeacc boot=1 calls=93 xerr=0 dm=1 tb=15
1788536096.971882 [RNG] osc=41 imp=881 imprb=881 mstart=0x40 cfg=91 cfgfail=0x0 vhv=0 vpolls=0
1788536096.978259 [PRT] calls=199869 xerr=0 ler=1 lidx=0x0 perr=0 maxcnt=17 addr8=0x52
1788536096.982259 [RTY] wr=0 wmax=0 wref=0  rd=0 rmax=0 rref=0
1788536096.990156 [RNG] frames=49940 last=40 min=28 max=170 nrdy=0 dxfer=0 dstat=0 lst=0 nrdyerr=0 dclr=0
1788536096.996519 [DRV] init=0 id=7 mode=0x1 lib=0x2 seq=0x1 odc=0x8b sts=0xe0 armed=1
1788536097.002015 [TRG] pulses=470 suppressed=5926 cyc=1600 rst=1 rstmode=0x40
1788536097.005394 [HLT] polls=998 faults=0x0 cfglost=0
1788536097.011160 [EFF] n=5 last=58533 min=58470 max=58534 late=0 stuck=0 rderr=0
1788536097.021408 [IMU] init=0 addr=0x68 who=0x68 rst=1 pmrb0=0x40 pmrb=0x1 sr=19 cfg=4 gcfg=0x0 acfg=0x8 icfg=0x30 ien=0x1 armed=1
1788536097.026914 [ACC] reads=49919 stale=49870 rderr=23 ax=75 ay=-121 az=1114
1788536097.029662 [PWR] pm=0x1 drift=0 rderr=0
1788536097.033537 [DWT] ok=1 cyc=2654421930 cyc_per_ms=800000
1788536098.049772 [HB] up_ms=1105098 frames=49988 inf=49988 hazard=6396 canary_err=0 q=0 qovr=0
1788536098.061169 [I2C] init=0 gate=0 whoami=0x140e0 wr=0 wrseen=0x27 addr=0x5a ok=304587 err=23 tmo=0 recov=49 pclk1=200000000 sysclk=400000000
1788536098.062647 [NAK] nacks=19
1788536098.067274 [CLK] cpu=800000000 sysb=400000000 pclk1=200000000
1788536098.071767 [TOF] res=0 step=0 id=0xeacc blk=0xeacc10 ctl=0x0
1788536098.077645 [RNG] init=0 step=99 id=0xeacc boot=1 calls=93 xerr=0 dm=1 tb=15
1788536098.084530 [RNG] osc=41 imp=881 imprb=881 mstart=0x40 cfg=91 cfgfail=0x0 vhv=0 vpolls=0
1788536098.090900 [PRT] calls=200069 xerr=0 ler=1 lidx=0x0 perr=0 maxcnt=17 addr8=0x52
1788536098.094926 [RTY] wr=0 wmax=0 wref=0  rd=0 rmax=0 rref=0
1788536098.102787 [RNG] frames=49990 last=45 min=28 max=170 nrdy=0 dxfer=0 dstat=0 lst=0 nrdyerr=0 dclr=0
1788536098.109040 [DRV] init=0 id=7 mode=0x1 lib=0x2 seq=0x1 odc=0x8b sts=0xe0 armed=1
1788536098.114665 [TRG] pulses=470 suppressed=5926 cyc=1600 rst=1 rstmode=0x40
1788536098.118037 [HLT] polls=999 faults=0x0 cfglost=0
1788536098.123798 [EFF] n=5 last=58533 min=58470 max=58534 late=0 stuck=0 rderr=0
1788536098.134056 [IMU] init=0 addr=0x68 who=0x68 rst=1 pmrb0=0x40 pmrb=0x1 sr=19 cfg=4 gcfg=0x0 acfg=0x8 icfg=0x30 ien=0x1 armed=1
1788536098.139548 [ACC] reads=49969 stale=49920 rderr=23 ax=77 ay=-119 az=1114
1788536098.142177 [PWR] pm=0x1 drift=0 rderr=0
1788536098.146213 [DWT] ok=1 cyc=3536821542 cyc_per_ms=799999
1788536099.161901 [HB] up_ms=1106201 frames=50038 inf=50038 hazard=6396 canary_err=0 q=0 qovr=0
1788536099.173278 [I2C] init=0 gate=0 whoami=0x140e0 wr=0 wrseen=0x27 addr=0x5a ok=304889 err=23 tmo=0 recov=49 pclk1=200000000 sysclk=400000000
1788536099.174647 [NAK] nacks=19
1788536099.179411 [CLK] cpu=800000000 sysb=400000000 pclk1=200000000
1788536099.183900 [TOF] res=0 step=0 id=0xeacc blk=0xeacc10 ctl=0x0
1788536099.189777 [RNG] init=0 step=99 id=0xeacc boot=1 calls=93 xerr=0 dm=1 tb=15
1788536099.196666 [RNG] osc=41 imp=881 imprb=881 mstart=0x40 cfg=91 cfgfail=0x0 vhv=0 vpolls=0
1788536099.203035 [PRT] calls=200269 xerr=0 ler=1 lidx=0x0 perr=0 maxcnt=17 addr8=0x52
1788536099.207036 [RTY] wr=0 wmax=0 wref=0  rd=0 rmax=0 rref=0
1788536099.214914 [RNG] frames=50040 last=41 min=28 max=170 nrdy=0 dxfer=0 dstat=0 lst=0 nrdyerr=0 dclr=0
1788536099.221173 [DRV] init=0 id=7 mode=0x1 lib=0x2 seq=0x1 odc=0x8b sts=0xe0 armed=1
1788536099.226797 [TRG] pulses=470 suppressed=5926 cyc=1600 rst=1 rstmode=0x40
1788536099.230191 [HLT] polls=1000 faults=0x0 cfglost=0
1788536099.235931 [EFF] n=5 last=58533 min=58470 max=58534 late=0 stuck=0 rderr=0
1788536099.246303 [IMU] init=0 addr=0x68 who=0x68 rst=1 pmrb0=0x40 pmrb=0x1 sr=19 cfg=4 gcfg=0x0 acfg=0x8 icfg=0x30 ien=0x1 armed=1
1788536099.251817 [ACC] reads=50019 stale=49970 rderr=23 ax=75 ay=-119 az=1119
1788536099.254438 [PWR] pm=0x1 drift=0 rderr=0
1788536099.258304 [DWT] ok=1 cyc=124328730 cyc_per_ms=800067
1788536100.274156 [HB] up_ms=1107304 frames=50088 inf=50088 hazard=6437 canary_err=0 q=0 qovr=0
1788536100.285393 [I2C] init=0 gate=0 whoami=0x140e0 wr=0 wrseen=0x27 addr=0x5a ok=305191 err=23 tmo=0 recov=49 pclk1=200000000 sysclk=400000000
1788536100.286891 [NAK] nacks=19
1788536100.291630 [CLK] cpu=800000000 sysb=400000000 pclk1=200000000
1788536100.296152 [TOF] res=0 step=0 id=0xeacc blk=0xeacc10 ctl=0x0
1788536100.302017 [RNG] init=0 step=99 id=0xeacc boot=1 calls=93 xerr=0 dm=1 tb=15
1788536100.308907 [RNG] osc=41 imp=881 imprb=881 mstart=0x40 cfg=91 cfgfail=0x0 vhv=0 vpolls=0
1788536100.315186 [PRT] calls=200469 xerr=0 ler=1 lidx=0x0 perr=0 maxcnt=17 addr8=0x52
1788536100.319284 [RTY] wr=0 wmax=0 wref=0  rd=0 rmax=0 rref=0
1788536100.327179 [RNG] frames=50090 last=39 min=28 max=170 nrdy=0 dxfer=0 dstat=0 lst=0 nrdyerr=0 dclr=0
1788536100.333279 [DRV] init=0 id=7 mode=0x1 lib=0x2 seq=0x1 odc=0x8b sts=0xe0 armed=1
1788536100.338921 [TRG] pulses=473 suppressed=5964 cyc=1600 rst=1 rstmode=0x40
1788536100.342459 [HLT] polls=1001 faults=0x0 cfglost=0
1788536100.348171 [EFF] n=5 last=58533 min=58470 max=58534 late=0 stuck=0 rderr=0
1788536100.358432 [IMU] init=0 addr=0x68 who=0x68 rst=1 pmrb0=0x40 pmrb=0x1 sr=19 cfg=4 gcfg=0x0 acfg=0x8 icfg=0x30 ien=0x1 armed=1
1788536100.363917 [ACC] reads=50068 stale=50020 rderr=23 ax=76 ay=-119 az=1115
1788536100.366677 [PWR] pm=0x1 drift=0 rderr=0
1788536100.370550 [DWT] ok=1 cyc=1006752710 cyc_per_ms=800021
1788536101.386237 [HB] up_ms=1108407 frames=50137 inf=50137 hazard=6437 canary_err=0 q=0 qovr=0
1788536101.397483 [I2C] init=0 gate=0 whoami=0x140e0 wr=0 wrseen=0x27 addr=0x5a ok=305493 err=23 tmo=0 recov=49 pclk1=200000000 sysclk=400000000
1788536101.398980 [NAK] nacks=19
1788536101.403615 [CLK] cpu=800000000 sysb=400000000 pclk1=200000000
1788536101.408238 [TOF] res=0 step=0 id=0xeacc blk=0xeacc10 ctl=0x0
1788536101.413997 [RNG] init=0 step=99 id=0xeacc boot=1 calls=93 xerr=0 dm=1 tb=15
1788536101.420867 [RNG] osc=41 imp=881 imprb=881 mstart=0x40 cfg=91 cfgfail=0x0 vhv=0 vpolls=0
1788536101.427267 [PRT] calls=200669 xerr=0 ler=1 lidx=0x0 perr=0 maxcnt=17 addr8=0x52
1788536101.431379 [RTY] wr=0 wmax=0 wref=0  rd=0 rmax=0 rref=0
1788536101.439245 [RNG] frames=50140 last=41 min=28 max=170 nrdy=0 dxfer=0 dstat=0 lst=0 nrdyerr=0 dclr=0
1788536101.445378 [DRV] init=0 id=7 mode=0x1 lib=0x2 seq=0x1 odc=0x8b sts=0xe0 armed=1
1788536101.451000 [TRG] pulses=473 suppressed=5964 cyc=1600 rst=1 rstmode=0x40
1788536101.454508 [HLT] polls=1002 faults=0x0 cfglost=0
1788536101.460262 [EFF] n=5 last=58533 min=58470 max=58534 late=0 stuck=0 rderr=0
1788536101.470395 [IMU] init=0 addr=0x68 who=0x68 rst=1 pmrb0=0x40 pmrb=0x1 sr=19 cfg=4 gcfg=0x0 acfg=0x8 icfg=0x30 ien=0x1 armed=1
1788536101.476010 [ACC] reads=50118 stale=50069 rderr=23 ax=74 ay=-121 az=1114
1788536101.478634 [PWR] pm=0x1 drift=0 rderr=0
1788536101.482659 [DWT] ok=1 cyc=1889257590 cyc_per_ms=800095
1788536102.497703 [HB] up_ms=1109510 frames=50187 inf=50187 hazard=6437 canary_err=0 q=0 qovr=0
1788536102.509169 [I2C] init=0 gate=0 whoami=0x140e0 wr=0 wrseen=0x27 addr=0x5a ok=305795 err=23 tmo=0 recov=49 pclk1=200000000 sysclk=400000000
1788536102.510451 [NAK] nacks=19
1788536102.515079 [CLK] cpu=800000000 sysb=400000000 pclk1=200000000
1788536102.519688 [TOF] res=0 step=0 id=0xeacc blk=0xeacc10 ctl=0x0
1788536102.525575 [RNG] init=0 step=99 id=0xeacc boot=1 calls=93 xerr=0 dm=1 tb=15
1788536102.532440 [RNG] osc=41 imp=881 imprb=881 mstart=0x40 cfg=91 cfgfail=0x0 vhv=0 vpolls=0
1788536102.538570 [PRT] calls=200869 xerr=0 ler=1 lidx=0x0 perr=0 maxcnt=17 addr8=0x52
1788536102.542832 [RTY] wr=0 wmax=0 wref=0  rd=0 rmax=0 rref=0
1788536102.550713 [RNG] frames=50190 last=45 min=28 max=170 nrdy=0 dxfer=0 dstat=0 lst=0 nrdyerr=0 dclr=0
1788536102.556955 [DRV] init=0 id=7 mode=0x1 lib=0x2 seq=0x1 odc=0x8b sts=0xe0 armed=1
1788536102.562458 [TRG] pulses=473 suppressed=5964 cyc=1600 rst=1 rstmode=0x40
1788536102.566089 [HLT] polls=1003 faults=0x0 cfglost=0
1788536102.571852 [EFF] n=5 last=58533 min=58470 max=58534 late=0 stuck=0 rderr=0
1788536102.581959 [IMU] init=0 addr=0x68 who=0x68 rst=1 pmrb0=0x40 pmrb=0x1 sr=19 cfg=4 gcfg=0x0 acfg=0x8 icfg=0x30 ien=0x1 armed=1
1788536102.587590 [ACC] reads=50168 stale=50119 rderr=23 ax=76 ay=-120 az=1114
1788536102.590232 [PWR] pm=0x1 drift=0 rderr=0
1788536102.594222 [DWT] ok=1 cyc=2771658174 cyc_per_ms=800000
1788536103.609647 [HB] up_ms=1110613 frames=50237 inf=50237 hazard=6437 canary_err=0 q=0 qovr=0
1788536103.621015 [I2C] init=0 gate=0 whoami=0x140e0 wr=0 wrseen=0x27 addr=0x5a ok=306097 err=23 tmo=0 recov=49 pclk1=200000000 sysclk=400000000
1788536103.622394 [NAK] nacks=19
1788536103.627028 [CLK] cpu=800000000 sysb=400000000 pclk1=200000000
1788536103.631658 [TOF] res=0 step=0 id=0xeacc blk=0xeacc10 ctl=0x0
1788536103.637541 [RNG] init=0 step=99 id=0xeacc boot=1 calls=93 xerr=0 dm=1 tb=15
1788536103.644404 [RNG] osc=41 imp=881 imprb=881 mstart=0x40 cfg=91 cfgfail=0x0 vhv=0 vpolls=0
1788536103.650532 [PRT] calls=201069 xerr=0 ler=1 lidx=0x0 perr=0 maxcnt=17 addr8=0x52
1788536103.654787 [RTY] wr=0 wmax=0 wref=0  rd=0 rmax=0 rref=0
1788536103.662664 [RNG] frames=50239 last=45 min=28 max=170 nrdy=0 dxfer=0 dstat=0 lst=0 nrdyerr=0 dclr=0
1788536103.668802 [DRV] init=0 id=7 mode=0x1 lib=0x2 seq=0x1 odc=0x8b sts=0xe0 armed=1
1788536103.674291 [TRG] pulses=473 suppressed=5964 cyc=1600 rst=1 rstmode=0x40
1788536103.677916 [HLT] polls=1004 faults=0x0 cfglost=0
1788536103.683696 [EFF] n=5 last=58533 min=58470 max=58534 late=0 stuck=0 rderr=0
1788536103.693916 [IMU] init=0 addr=0x68 who=0x68 rst=1 pmrb0=0x40 pmrb=0x1 sr=19 cfg=4 gcfg=0x0 acfg=0x8 icfg=0x30 ien=0x1 armed=1
1788536103.699302 [ACC] reads=50218 stale=50169 rderr=23 ax=74 ay=-121 az=1115
1788536103.702211 [PWR] pm=0x1 drift=0 rderr=0
1788536103.706226 [DWT] ok=1 cyc=3654058110 cyc_per_ms=799999
1788536104.721215 [HB] up_ms=1111716 frames=50287 inf=50287 hazard=6437 canary_err=0 q=0 qovr=0
1788536104.732585 [I2C] init=0 gate=0 whoami=0x140e0 wr=0 wrseen=0x27 addr=0x5a ok=306395 err=23 tmo=0 recov=49 pclk1=200000000 sysclk=400000000
1788536104.733962 [NAK] nacks=19
1788536104.738584 [CLK] cpu=800000000 sysb=400000000 pclk1=200000000
1788536104.743089 [TOF] res=0 step=0 id=0xeacc blk=0xeacc10 ctl=0x0
1788536104.749090 [RNG] init=0 step=99 id=0xeacc boot=1 calls=93 xerr=0 dm=1 tb=15
1788536104.755974 [RNG] osc=41 imp=881 imprb=881 mstart=0x40 cfg=91 cfgfail=0x0 vhv=0 vpolls=0
1788536104.762215 [PRT] calls=201269 xerr=0 ler=1 lidx=0x0 perr=0 maxcnt=17 addr8=0x52
1788536104.766223 [RTY] wr=0 wmax=0 wref=0  rd=0 rmax=0 rref=0
1788536104.774230 [RNG] frames=50289 last=46 min=28 max=170 nrdy=0 dxfer=0 dstat=0 lst=0 nrdyerr=0 dclr=0
1788536104.780478 [DRV] init=0 id=7 mode=0x1 lib=0x2 seq=0x1 odc=0x8b sts=0xe0 armed=1
1788536104.785872 [TRG] pulses=473 suppressed=5964 cyc=1600 rst=1 rstmode=0x40
1788536104.789356 [HLT] polls=1005 faults=0x0 cfglost=0
1788536104.795232 [EFF] n=5 last=58533 min=58470 max=58534 late=0 stuck=0 rderr=0
1788536104.805482 [IMU] init=0 addr=0x68 who=0x68 rst=1 pmrb0=0x40 pmrb=0x1 sr=19 cfg=4 gcfg=0x0 acfg=0x8 icfg=0x30 ien=0x1 armed=1
1788536104.810865 [ACC] reads=50268 stale=50219 rderr=23 ax=74 ay=-121 az=1111
1788536104.813624 [PWR] pm=0x1 drift=0 rderr=0
1788536104.817620 [DWT] ok=1 cyc=241426130 cyc_per_ms=799941
1788536105.832765 [HB] up_ms=1112819 frames=50337 inf=50337 hazard=6437 canary_err=0 q=0 qovr=0
1788536105.844259 [I2C] init=0 gate=0 whoami=0x140e0 wr=0 wrseen=0x27 addr=0x5a ok=306695 err=23 tmo=0 recov=49 pclk1=200000000 sysclk=400000000
1788536105.845633 [NAK] nacks=19
1788536105.850260 [CLK] cpu=800000000 sysb=400000000 pclk1=200000000
1788536105.854770 [TOF] res=0 step=0 id=0xeacc blk=0xeacc10 ctl=0x0
1788536105.860772 [RNG] init=0 step=99 id=0xeacc boot=1 calls=93 xerr=0 dm=1 tb=15
1788536105.867646 [RNG] osc=41 imp=881 imprb=881 mstart=0x40 cfg=91 cfgfail=0x0 vhv=0 vpolls=0
1788536105.873777 [PRT] calls=201469 xerr=0 ler=1 lidx=0x0 perr=0 maxcnt=17 addr8=0x52
1788536105.877910 [RTY] wr=0 wmax=0 wref=0  rd=0 rmax=0 rref=0
1788536105.885901 [RNG] frames=50339 last=47 min=28 max=170 nrdy=0 dxfer=0 dstat=0 lst=0 nrdyerr=0 dclr=0
1788536105.892168 [DRV] init=0 id=7 mode=0x1 lib=0x2 seq=0x1 odc=0x8b sts=0xe0 armed=1
1788536105.897534 [TRG] pulses=473 suppressed=5964 cyc=1600 rst=1 rstmode=0x40
1788536105.901038 [HLT] polls=1006 faults=0x0 cfglost=0
1788536105.906902 [EFF] n=5 last=58533 min=58470 max=58534 late=0 stuck=0 rderr=0
1788536105.917049 [IMU] init=0 addr=0x68 who=0x68 rst=1 pmrb0=0x40 pmrb=0x1 sr=19 cfg=4 gcfg=0x0 acfg=0x8 icfg=0x30 ien=0x1 armed=1
1788536105.922545 [ACC] reads=50318 stale=50269 rderr=23 ax=76 ay=-120 az=1114
1788536105.925185 [PWR] pm=0x1 drift=0 rderr=0
1788536105.929426 [DWT] ok=1 cyc=1123757114 cyc_per_ms=799937
1788536106.944056 [HB] up_ms=1113922 frames=50387 inf=50387 hazard=6464 canary_err=0 q=0 qovr=0
1788536106.955426 [I2C] init=0 gate=0 whoami=0x140e0 wr=0 wrseen=0x27 addr=0x5a ok=306997 err=23 tmo=0 recov=49 pclk1=200000000 sysclk=400000000
1788536106.956929 [NAK] nacks=19
1788536106.961429 [CLK] cpu=800000000 sysb=400000000 pclk1=200000000
1788536106.965930 [TOF] res=0 step=0 id=0xeacc blk=0xeacc10 ctl=0x0
1788536106.971934 [RNG] init=0 step=99 id=0xeacc boot=1 calls=93 xerr=0 dm=1 tb=15
1788536106.978935 [RNG] osc=41 imp=881 imprb=881 mstart=0x40 cfg=91 cfgfail=0x0 vhv=0 vpolls=0
1788536106.985065 [PRT] calls=201669 xerr=0 ler=1 lidx=0x0 perr=0 maxcnt=17 addr8=0x52
1788536106.989204 [RTY] wr=0 wmax=0 wref=0  rd=0 rmax=0 rref=0
1788536106.997228 [RNG] frames=50389 last=42 min=28 max=170 nrdy=0 dxfer=0 dstat=0 lst=0 nrdyerr=0 dclr=0
1788536107.003318 [DRV] init=0 id=7 mode=0x1 lib=0x2 seq=0x1 odc=0x8b sts=0xe0 armed=1
1788536107.008821 [TRG] pulses=476 suppressed=5991 cyc=1600 rst=1 rstmode=0x40
1788536107.012324 [HLT] polls=1007 faults=0x0 cfglost=0
1788536107.018076 [EFF] n=5 last=58533 min=58470 max=58534 late=0 stuck=0 rderr=0
1788536107.028327 [IMU] init=0 addr=0x68 who=0x68 rst=1 pmrb0=0x40 pmrb=0x1 sr=19 cfg=4 gcfg=0x0 acfg=0x8 icfg=0x30 ien=0x1 armed=1
1788536107.033835 [ACC] reads=50368 stale=50319 rderr=23 ax=41 ay=-118 az=1115
1788536107.036476 [PWR] pm=0x1 drift=0 rderr=0
1788536107.040465 [DWT] ok=1 cyc=2006163406 cyc_per_ms=800005
1788536108.054972 [HB] up_ms=1115025 frames=50437 inf=50437 hazard=6478 canary_err=0 q=0 qovr=0
1788536108.066463 [I2C] init=0 gate=0 whoami=0x140e0 wr=0 wrseen=0x27 addr=0x5a ok=307299 err=23 tmo=0 recov=49 pclk1=200000000 sysclk=400000000
1788536108.067846 [NAK] nacks=19
1788536108.072469 [CLK] cpu=800000000 sysb=400000000 pclk1=200000000
1788536108.076969 [TOF] res=0 step=0 id=0xeacc blk=0xeacc10 ctl=0x0
1788536108.082838 [RNG] init=0 step=99 id=0xeacc boot=1 calls=93 xerr=0 dm=1 tb=15
1788536108.089843 [RNG] osc=41 imp=881 imprb=881 mstart=0x40 cfg=91 cfgfail=0x0 vhv=0 vpolls=0
1788536108.096117 [PRT] calls=201869 xerr=0 ler=1 lidx=0x0 perr=0 maxcnt=17 addr8=0x52
1788536108.100093 [RTY] wr=0 wmax=0 wref=0  rd=0 rmax=0 rref=0
1788536108.108120 [RNG] frames=50439 last=46 min=28 max=170 nrdy=0 dxfer=0 dstat=0 lst=0 nrdyerr=0 dclr=0
1788536108.114367 [DRV] init=0 id=7 mode=0x1 lib=0x2 seq=0x1 odc=0x8b sts=0xe0 armed=1
1788536108.119854 [TRG] pulses=476 suppressed=6002 cyc=1600 rst=1 rstmode=0x40
1788536108.123233 [HLT] polls=1008 faults=0x0 cfglost=0
1788536108.128989 [EFF] n=5 last=58533 min=58470 max=58534 late=0 stuck=0 rderr=0
1788536108.139371 [IMU] init=0 addr=0x68 who=0x68 rst=1 pmrb0=0x40 pmrb=0x1 sr=19 cfg=4 gcfg=0x0 acfg=0x8 icfg=0x30 ien=0x1 armed=1
1788536108.144757 [ACC] reads=50418 stale=50369 rderr=23 ax=75 ay=-121 az=1114
1788536108.147368 [PWR] pm=0x1 drift=0 rderr=0
1788536108.151375 [DWT] ok=1 cyc=2888557422 cyc_per_ms=799994
1788536109.166239 [HB] up_ms=1116128 frames=50487 inf=50487 hazard=6478 canary_err=0 q=0 qovr=0
1788536109.177739 [I2C] init=0 gate=0 whoami=0x140e0 wr=0 wrseen=0x27 addr=0x5a ok=307601 err=23 tmo=0 recov=49 pclk1=200000000 sysclk=400000000
1788536109.179128 [NAK] nacks=19
1788536109.183737 [CLK] cpu=800000000 sysb=400000000 pclk1=200000000
1788536109.188246 [TOF] res=0 step=0 id=0xeacc blk=0xeacc10 ctl=0x0
1788536109.193991 [RNG] init=0 step=99 id=0xeacc boot=1 calls=93 xerr=0 dm=1 tb=15
1788536109.201177 [RNG] osc=41 imp=881 imprb=881 mstart=0x40 cfg=91 cfgfail=0x0 vhv=0 vpolls=0
1788536109.207244 [PRT] calls=202069 xerr=0 ler=1 lidx=0x0 perr=0 maxcnt=17 addr8=0x52
1788536109.211371 [RTY] wr=0 wmax=0 wref=0  rd=0 rmax=0 rref=0
1788536109.219258 [RNG] frames=50489 last=39 min=28 max=170 nrdy=0 dxfer=0 dstat=0 lst=0 nrdyerr=0 dclr=0
1788536109.225518 [DRV] init=0 id=7 mode=0x1 lib=0x2 seq=0x1 odc=0x8b sts=0xe0 armed=1
1788536109.231005 [TRG] pulses=476 suppressed=6002 cyc=1600 rst=1 rstmode=0x40
1788536109.234503 [HLT] polls=1009 faults=0x0 cfglost=0
1788536109.240151 [EFF] n=5 last=58533 min=58470 max=58534 late=0 stuck=0 rderr=0
1788536109.250517 [IMU] init=0 addr=0x68 who=0x68 rst=1 pmrb0=0x40 pmrb=0x1 sr=19 cfg=4 gcfg=0x0 acfg=0x8 icfg=0x30 ien=0x1 armed=1
1788536109.256014 [ACC] reads=50468 stale=50419 rderr=23 ax=72 ay=-119 az=1115
1788536109.258640 [PWR] pm=0x1 drift=0 rderr=0
1788536109.262644 [DWT] ok=1 cyc=3770957238 cyc_per_ms=799999
1788536110.276013 [HB] up_ms=1117231 frames=50537 inf=50537 hazard=6478 canary_err=0 q=0 qovr=0
1788536110.287458 [I2C] init=0 gate=0 whoami=0x140e0 wr=0 wrseen=0x27 addr=0x5a ok=307903 err=23 tmo=0 recov=49 pclk1=200000000 sysclk=400000000
1788536110.288824 [NAK] nacks=19
1788536110.293434 [CLK] cpu=800000000 sysb=400000000 pclk1=200000000
1788536110.297910 [TOF] res=0 step=0 id=0xeacc blk=0xeacc10 ctl=0x0
1788536110.303639 [RNG] init=0 step=99 id=0xeacc boot=1 calls=93 xerr=0 dm=1 tb=15
1788536110.310729 [RNG] osc=41 imp=881 imprb=881 mstart=0x40 cfg=91 cfgfail=0x0 vhv=0 vpolls=0
1788536110.316830 [PRT] calls=202269 xerr=0 ler=1 lidx=0x0 perr=0 maxcnt=17 addr8=0x52
1788536110.320931 [RTY] wr=0 wmax=0 wref=0  rd=0 rmax=0 rref=0
1788536110.328776 [RNG] frames=50539 last=47 min=28 max=170 nrdy=0 dxfer=0 dstat=0 lst=0 nrdyerr=0 dclr=0
1788536110.335148 [DRV] init=0 id=7 mode=0x1 lib=0x2 seq=0x1 odc=0x8b sts=0xe0 armed=1
1788536110.340492 [TRG] pulses=476 suppressed=6002 cyc=1600 rst=1 rstmode=0x40
1788536110.343967 [HLT] polls=1010 faults=0x0 cfglost=0
1788536110.349690 [EFF] n=5 last=58533 min=58470 max=58534 late=0 stuck=0 rderr=0
1788536110.359903 [IMU] init=0 addr=0x68 who=0x68 rst=1 pmrb0=0x40 pmrb=0x1 sr=19 cfg=4 gcfg=0x0 acfg=0x8 icfg=0x30 ien=0x1 armed=1
1788536110.365373 [ACC] reads=50518 stale=50469 rderr=23 ax=74 ay=-119 az=1115
1788536110.367983 [PWR] pm=0x1 drift=0 rderr=0
1788536110.371841 [DWT] ok=1 cyc=358389914 cyc_per_ms=799999
1788536111.382129 [HB] up_ms=1118334 frames=50587 inf=50587 hazard=6478 canary_err=0 q=0 qovr=0
1788536111.393538 [I2C] init=0 gate=0 whoami=0x140e0 wr=0 wrseen=0x27 addr=0x5a ok=308205 err=23 tmo=0 recov=49 pclk1=200000000 sysclk=400000000
1788536111.395043 [NAK] nacks=19
1788536111.399523 [CLK] cpu=800000000 sysb=400000000 pclk1=200000000
1788536111.404014 [TOF] res=0 step=0 id=0xeacc blk=0xeacc10 ctl=0x0
1788536111.409860 [RNG] init=0 step=99 id=0xeacc boot=1 calls=93 xerr=0 dm=1 tb=15
1788536111.416820 [RNG] osc=41 imp=881 imprb=881 mstart=0x40 cfg=91 cfgfail=0x0 vhv=0 vpolls=0
1788536111.423047 [PRT] calls=202469 xerr=0 ler=1 lidx=0x0 perr=0 maxcnt=17 addr8=0x52
1788536111.427040 [RTY] wr=0 wmax=0 wref=0  rd=0 rmax=0 rref=0
1788536111.434886 [RNG] frames=50589 last=41 min=28 max=170 nrdy=0 dxfer=0 dstat=0 lst=0 nrdyerr=0 dclr=0
1788536111.441249 [DRV] init=0 id=7 mode=0x1 lib=0x2 seq=0x1 odc=0x8b sts=0xe0 armed=1
1788536111.446707 [TRG] pulses=476 suppressed=6002 cyc=1600 rst=1 rstmode=0x40
1788536111.450205 [HLT] polls=1011 faults=0x0 cfglost=0
1788536111.455917 [EFF] n=5 last=58533 min=58470 max=58534 late=0 stuck=0 rderr=0
1788536111.466147 [IMU] init=0 addr=0x68 who=0x68 rst=1 pmrb0=0x40 pmrb=0x1 sr=19 cfg=4 gcfg=0x0 acfg=0x8 icfg=0x30 ien=0x1 armed=1
1788536111.471607 [ACC] reads=50568 stale=50519 rderr=23 ax=74 ay=-122 az=1113
1788536111.474215 [PWR] pm=0x1 drift=0 rderr=0
1788536111.478198 [DWT] ok=1 cyc=1240789834 cyc_per_ms=799999
1788536112.488356 [HB] up_ms=1119437 frames=50637 inf=50637 hazard=6478 canary_err=0 q=0 qovr=0
1788536112.499840 [I2C] init=0 gate=0 whoami=0x140e0 wr=0 wrseen=0x27 addr=0x5a ok=308507 err=23 tmo=0 recov=49 pclk1=200000000 sysclk=400000000
1788536112.501213 [NAK] nacks=19
1788536112.505793 [CLK] cpu=800000000 sysb=400000000 pclk1=200000000
1788536112.510266 [TOF] res=0 step=0 id=0xeacc blk=0xeacc10 ctl=0x0
1788536112.516008 [RNG] init=0 step=99 id=0xeacc boot=1 calls=93 xerr=0 dm=1 tb=15
1788536112.523086 [RNG] osc=41 imp=881 imprb=881 mstart=0x40 cfg=91 cfgfail=0x0 vhv=0 vpolls=0
1788536112.529187 [PRT] calls=202669 xerr=0 ler=1 lidx=0x0 perr=0 maxcnt=17 addr8=0x52
1788536112.533299 [RTY] wr=0 wmax=0 wref=0  rd=0 rmax=0 rref=0
1788536112.541153 [RNG] frames=50639 last=35 min=28 max=170 nrdy=0 dxfer=0 dstat=0 lst=0 nrdyerr=0 dclr=0
1788536112.547368 [DRV] init=0 id=7 mode=0x1 lib=0x2 seq=0x1 odc=0x8b sts=0xe0 armed=1
1788536112.552848 [TRG] pulses=476 suppressed=6002 cyc=1600 rst=1 rstmode=0x40
1788536112.556218 [HLT] polls=1012 faults=0x0 cfglost=0
1788536112.561942 [EFF] n=5 last=58533 min=58470 max=58534 late=0 stuck=0 rderr=0
1788536112.572280 [IMU] init=0 addr=0x68 who=0x68 rst=1 pmrb0=0x40 pmrb=0x1 sr=19 cfg=4 gcfg=0x0 acfg=0x8 icfg=0x30 ien=0x1 armed=1
1788536112.577740 [ACC] reads=50618 stale=50569 rderr=23 ax=72 ay=-121 az=1116
1788536112.580347 [PWR] pm=0x1 drift=0 rderr=0
1788536112.584341 [DWT] ok=1 cyc=2123189778 cyc_per_ms=799999
1788536113.594779 [HB] up_ms=1120540 frames=50687 inf=50687 hazard=6485 canary_err=0 q=0 qovr=0
1788536113.606155 [I2C] init=0 gate=0 whoami=0x140e0 wr=0 wrseen=0x27 addr=0x5a ok=308808 err=24 tmo=0 recov=49 pclk1=200000000 sysclk=400000000
1788536113.607606 [NAK] nacks=20
1788536113.612203 [CLK] cpu=800000000 sysb=400000000 pclk1=200000000
1788536113.616700 [TOF] res=0 step=0 id=0xeacc blk=0xeacc10 ctl=0x0
1788536113.622425 [RNG] init=0 step=99 id=0xeacc boot=1 calls=93 xerr=0 dm=1 tb=15
1788536113.629522 [RNG] osc=41 imp=881 imprb=881 mstart=0x40 cfg=91 cfgfail=0x0 vhv=0 vpolls=0
1788536113.635623 [PRT] calls=202869 xerr=0 ler=1 lidx=0x0 perr=0 maxcnt=17 addr8=0x52
1788536113.639735 [RTY] wr=0 wmax=0 wref=0  rd=0 rmax=0 rref=0
1788536113.647596 [RNG] frames=50689 last=41 min=28 max=170 nrdy=0 dxfer=0 dstat=0 lst=0 nrdyerr=0 dclr=0
1788536113.653810 [DRV] init=0 id=7 mode=0x1 lib=0x2 seq=0x1 odc=0x8b sts=0xe0 armed=1
1788536113.659295 [TRG] pulses=477 suppressed=6011 cyc=1600 rst=1 rstmode=0x40
1788536113.662790 [HLT] polls=1013 faults=0x0 cfglost=0
1788536113.668505 [EFF] n=5 last=58533 min=58470 max=58534 late=0 stuck=0 rderr=0
1788536113.678719 [IMU] init=0 addr=0x68 who=0x68 rst=1 pmrb0=0x40 pmrb=0x1 sr=19 cfg=4 gcfg=0x0 acfg=0x8 icfg=0x30 ien=0x1 armed=1
1788536113.684414 [ACC] reads=50667 stale=50619 rderr=24 ax=75 ay=-121 az=1115
1788536113.686819 [PWR] pm=0x1 drift=0 rderr=0
1788536113.690827 [DWT] ok=1 cyc=3005593446 cyc_per_ms=800003
1788536114.701209 [HB] up_ms=1121643 frames=50737 inf=50737 hazard=6519 canary_err=0 q=0 qovr=0
1788536114.712664 [I2C] init=0 gate=0 whoami=0x140e0 wr=0 wrseen=0x27 addr=0x5a ok=309110 err=24 tmo=0 recov=49 pclk1=200000000 sysclk=400000000
1788536114.714038 [NAK] nacks=20
1788536114.718648 [CLK] cpu=800000000 sysb=400000000 pclk1=200000000
1788536114.723146 [TOF] res=0 step=0 id=0xeacc blk=0xeacc10 ctl=0x0
1788536114.728981 [RNG] init=0 step=99 id=0xeacc boot=1 calls=93 xerr=0 dm=1 tb=15
1788536114.735959 [RNG] osc=41 imp=881 imprb=881 mstart=0x40 cfg=91 cfgfail=0x0 vhv=0 vpolls=0
1788536114.742220 [PRT] calls=203068 xerr=0 ler=1 lidx=0x0 perr=0 maxcnt=17 addr8=0x52
1788536114.746200 [RTY] wr=0 wmax=0 wref=0  rd=0 rmax=0 rref=0
1788536114.754037 [RNG] frames=50739 last=38 min=28 max=170 nrdy=0 dxfer=0 dstat=0 lst=0 nrdyerr=0 dclr=0
1788536114.760385 [DRV] init=0 id=7 mode=0x1 lib=0x2 seq=0x1 odc=0x8b sts=0xe0 armed=1
1788536114.765867 [TRG] pulses=479 suppressed=6040 cyc=1600 rst=1 rstmode=0x40
1788536114.769229 [HLT] polls=1014 faults=0x0 cfglost=0
1788536114.774957 [EFF] n=5 last=58533 min=58470 max=58534 late=0 stuck=0 rderr=0
1788536114.785296 [IMU] init=0 addr=0x68 who=0x68 rst=1 pmrb0=0x40 pmrb=0x1 sr=19 cfg=4 gcfg=0x0 acfg=0x8 icfg=0x30 ien=0x1 armed=1
1788536114.790790 [ACC] reads=50717 stale=50669 rderr=24 ax=73 ay=-119 az=1115
1788536114.793390 [PWR] pm=0x1 drift=0 rderr=0
1788536114.797377 [DWT] ok=1 cyc=3887989982 cyc_per_ms=799996
1788536115.808511 [HB] up_ms=1122746 frames=50787 inf=50787 hazard=6519 canary_err=0 q=0 qovr=0
1788536115.819721 [I2C] init=0 gate=0 whoami=0x140e0 wr=0 wrseen=0x27 addr=0x5a ok=309412 err=24 tmo=0 recov=49 pclk1=200000000 sysclk=400000000
1788536115.821336 [NAK] nacks=20
1788536115.825938 [CLK] cpu=800000000 sysb=400000000 pclk1=200000000
1788536115.830443 [TOF] res=0 step=0 id=0xeacc blk=0xeacc10 ctl=0x0
1788536115.836166 [RNG] init=0 step=99 id=0xeacc boot=1 calls=93 xerr=0 dm=1 tb=15
1788536115.843157 [RNG] osc=41 imp=881 imprb=881 mstart=0x40 cfg=91 cfgfail=0x0 vhv=0 vpolls=0
1788536115.849375 [PRT] calls=203265 xerr=0 ler=1 lidx=0x0 perr=0 maxcnt=17 addr8=0x52
1788536115.853473 [RTY] wr=0 wmax=0 wref=0  rd=0 rmax=0 rref=0
1788536115.861345 [RNG] frames=50789 last=42 min=28 max=170 nrdy=0 dxfer=0 dstat=0 lst=0 nrdyerr=0 dclr=0
1788536115.867559 [DRV] init=0 id=7 mode=0x1 lib=0x2 seq=0x1 odc=0x8b sts=0xe0 armed=1
1788536115.873038 [TRG] pulses=479 suppressed=6040 cyc=1600 rst=1 rstmode=0x40
1788536115.876531 [HLT] polls=1015 faults=0x0 cfglost=0
1788536115.882261 [EFF] n=5 last=58533 min=58470 max=58534 late=0 stuck=0 rderr=0
1788536115.892598 [IMU] init=0 addr=0x68 who=0x68 rst=1 pmrb0=0x40 pmrb=0x1 sr=19 cfg=4 gcfg=0x0 acfg=0x8 icfg=0x30 ien=0x1 armed=1
1788536115.897958 [ACC] reads=50767 stale=50719 rderr=24 ax=74 ay=-117 az=1114
1788536115.900581 [PWR] pm=0x1 drift=0 rderr=0
1788536115.904562 [DWT] ok=1 cyc=475422702 cyc_per_ms=800000
1788536116.915908 [HB] up_ms=1123849 frames=50837 inf=50837 hazard=6519 canary_err=0 q=0 qovr=0
1788536116.927233 [I2C] init=0 gate=0 whoami=0x140e0 wr=0 wrseen=0x27 addr=0x5a ok=309714 err=24 tmo=0 recov=49 pclk1=200000000 sysclk=400000000
1788536116.928735 [NAK] nacks=20
1788536116.933345 [CLK] cpu=800000000 sysb=400000000 pclk1=200000000
1788536116.937841 [TOF] res=0 step=0 id=0xeacc blk=0xeacc10 ctl=0x0
1788536116.943678 [RNG] init=0 step=99 id=0xeacc boot=1 calls=93 xerr=0 dm=1 tb=15
1788536116.950558 [RNG] osc=41 imp=881 imprb=881 mstart=0x40 cfg=91 cfgfail=0x0 vhv=0 vpolls=0
1788536116.956897 [PRT] calls=203465 xerr=0 ler=1 lidx=0x0 perr=0 maxcnt=17 addr8=0x52
1788536116.960879 [RTY] wr=0 wmax=0 wref=0  rd=0 rmax=0 rref=0
1788536116.968761 [RNG] frames=50839 last=43 min=28 max=170 nrdy=0 dxfer=0 dstat=0 lst=0 nrdyerr=0 dclr=0
1788536116.974977 [DRV] init=0 id=7 mode=0x1 lib=0x2 seq=0x1 odc=0x8b sts=0xe0 armed=1
1788536116.980577 [TRG] pulses=479 suppressed=6040 cyc=1600 rst=1 rstmode=0x40
1788536116.983939 [HLT] polls=1016 faults=0x0 cfglost=0
1788536116.989670 [EFF] n=5 last=58533 min=58470 max=58534 late=0 stuck=0 rderr=0
1788536117.000024 [IMU] init=0 addr=0x68 who=0x68 rst=1 pmrb0=0x40 pmrb=0x1 sr=19 cfg=4 gcfg=0x0 acfg=0x8 icfg=0x30 ien=0x1 armed=1
1788536117.005523 [ACC] reads=50817 stale=50769 rderr=24 ax=75 ay=-120 az=1117
1788536117.008147 [PWR] pm=0x1 drift=0 rderr=0
1788536117.012130 [DWT] ok=1 cyc=1357822346 cyc_per_ms=799999
1788536118.023385 [HB] up_ms=1124952 frames=50887 inf=50887 hazard=6519 canary_err=0 q=0 qovr=0
1788536118.034724 [I2C] init=0 gate=0 whoami=0x140e0 wr=0 wrseen=0x27 addr=0x5a ok=310016 err=24 tmo=0 recov=49 pclk1=200000000 sysclk=400000000
1788536118.036123 [NAK] nacks=20
1788536118.040829 [CLK] cpu=800000000 sysb=400000000 pclk1=200000000
1788536118.045318 [TOF] res=0 step=0 id=0xeacc blk=0xeacc10 ctl=0x0
1788536118.051200 [RNG] init=0 step=99 id=0xeacc boot=1 calls=93 xerr=0 dm=1 tb=15
1788536118.058037 [RNG] osc=41 imp=881 imprb=881 mstart=0x40 cfg=91 cfgfail=0x0 vhv=0 vpolls=0
1788536118.064408 [PRT] calls=203665 xerr=0 ler=1 lidx=0x0 perr=0 maxcnt=17 addr8=0x52
1788536118.068507 [RTY] wr=0 wmax=0 wref=0  rd=0 rmax=0 rref=0
1788536118.076239 [RNG] frames=50889 last=48 min=28 max=170 nrdy=0 dxfer=0 dstat=0 lst=0 nrdyerr=0 dclr=0
1788536118.082477 [DRV] init=0 id=7 mode=0x1 lib=0x2 seq=0x1 odc=0x8b sts=0xe0 armed=1
1788536118.088090 [TRG] pulses=479 suppressed=6040 cyc=1600 rst=1 rstmode=0x40
1788536118.091573 [HLT] polls=1017 faults=0x0 cfglost=0
1788536118.097311 [EFF] n=5 last=58533 min=58470 max=58534 late=0 stuck=0 rderr=0
1788536118.107546 [IMU] init=0 addr=0x68 who=0x68 rst=1 pmrb0=0x40 pmrb=0x1 sr=19 cfg=4 gcfg=0x0 acfg=0x8 icfg=0x30 ien=0x1 armed=1
1788536118.113020 [ACC] reads=50867 stale=50819 rderr=24 ax=73 ay=-120 az=1116
1788536118.115641 [PWR] pm=0x1 drift=0 rderr=0
1788536118.119635 [DWT] ok=1 cyc=2240222518 cyc_per_ms=800000
1788536119.131713 [HB] up_ms=1126055 frames=50937 inf=50937 hazard=6519 canary_err=0 q=0 qovr=0
1788536119.143059 [I2C] init=0 gate=0 whoami=0x140e0 wr=0 wrseen=0x27 addr=0x5a ok=310318 err=24 tmo=0 recov=49 pclk1=200000000 sysclk=400000000
1788536119.144422 [NAK] nacks=20
1788536119.149174 [CLK] cpu=800000000 sysb=400000000 pclk1=200000000
1788536119.153640 [TOF] res=0 step=0 id=0xeacc blk=0xeacc10 ctl=0x0
1788536119.159511 [RNG] init=0 step=99 id=0xeacc boot=1 calls=93 xerr=0 dm=1 tb=15
1788536119.166371 [RNG] osc=41 imp=881 imprb=881 mstart=0x40 cfg=91 cfgfail=0x0 vhv=0 vpolls=0
1788536119.172721 [PRT] calls=203865 xerr=0 ler=1 lidx=0x0 perr=0 maxcnt=17 addr8=0x52
1788536119.176711 [RTY] wr=0 wmax=0 wref=0  rd=0 rmax=0 rref=0
1788536119.184564 [RNG] frames=50939 last=38 min=28 max=170 nrdy=0 dxfer=0 dstat=0 lst=0 nrdyerr=0 dclr=0
1788536119.190797 [DRV] init=0 id=7 mode=0x1 lib=0x2 seq=0x1 odc=0x8b sts=0xe0 armed=1
1788536119.196416 [TRG] pulses=479 suppressed=6040 cyc=1600 rst=1 rstmode=0x40
1788536119.199782 [HLT] polls=1018 faults=0x0 cfglost=0
1788536119.205517 [EFF] n=5 last=58533 min=58470 max=58534 late=0 stuck=0 rderr=0
1788536119.215740 [IMU] init=0 addr=0x68 who=0x68 rst=1 pmrb0=0x40 pmrb=0x1 sr=19 cfg=4 gcfg=0x0 acfg=0x8 icfg=0x30 ien=0x1 armed=1
1788536119.221346 [ACC] reads=50916 stale=50869 rderr=24 ax=76 ay=-117 az=1116
1788536119.224009 [PWR] pm=0x1 drift=0 rderr=0
1788536119.227962 [DWT] ok=1 cyc=3122650834 cyc_per_ms=800025
1788536120.240716 [HB] up_ms=1127158 frames=50986 inf=50986 hazard=6519 canary_err=0 q=0 qovr=0
1788536120.252058 [I2C] init=0 gate=0 whoami=0x140e0 wr=0 wrseen=0x27 addr=0x5a ok=310620 err=24 tmo=0 recov=49 pclk1=200000000 sysclk=400000000
1788536120.253420 [NAK] nacks=20
1788536120.258190 [CLK] cpu=800000000 sysb=400000000 pclk1=200000000
1788536120.262657 [TOF] res=0 step=0 id=0xeacc blk=0xeacc10 ctl=0x0
1788536120.268514 [RNG] init=0 step=99 id=0xeacc boot=1 calls=93 xerr=0 dm=1 tb=15
1788536120.275374 [RNG] osc=41 imp=881 imprb=881 mstart=0x40 cfg=91 cfgfail=0x0 vhv=0 vpolls=0
1788536120.281737 [PRT] calls=204065 xerr=0 ler=1 lidx=0x0 perr=0 maxcnt=17 addr8=0x52
1788536120.285716 [RTY] wr=0 wmax=0 wref=0  rd=0 rmax=0 rref=0
1788536120.293571 [RNG] frames=50989 last=47 min=28 max=170 nrdy=0 dxfer=0 dstat=0 lst=0 nrdyerr=0 dclr=0
1788536120.299807 [DRV] init=0 id=7 mode=0x1 lib=0x2 seq=0x1 odc=0x8b sts=0xe0 armed=1
1788536120.305416 [TRG] pulses=479 suppressed=6040 cyc=1600 rst=1 rstmode=0x40
1788536120.308929 [HLT] polls=1019 faults=0x0 cfglost=0
1788536120.314652 [EFF] n=5 last=58533 min=58470 max=58534 late=0 stuck=0 rderr=0
1788536120.324749 [IMU] init=0 addr=0x68 who=0x68 rst=1 pmrb0=0x40 pmrb=0x1 sr=19 cfg=4 gcfg=0x0 acfg=0x8 icfg=0x30 ien=0x1 armed=1
1788536120.330374 [ACC] reads=50966 stale=50918 rderr=24 ax=75 ay=-119 az=1112
1788536120.332975 [PWR] pm=0x1 drift=0 rderr=0
1788536120.336966 [DWT] ok=1 cyc=4005155710 cyc_per_ms=800095
1788536121.349245 [HB] up_ms=1128261 frames=51036 inf=51036 hazard=6555 canary_err=0 q=0 qovr=0
1788536121.360470 [I2C] init=0 gate=0 whoami=0x140e0 wr=0 wrseen=0x27 addr=0x5a ok=310922 err=24 tmo=0 recov=49 pclk1=200000000 sysclk=400000000
1788536121.361964 [NAK] nacks=20
1788536121.366453 [CLK] cpu=800000000 sysb=400000000 pclk1=200000000
1788536121.371198 [TOF] res=0 step=0 id=0xeacc blk=0xeacc10 ctl=0x0
1788536121.376937 [RNG] init=0 step=99 id=0xeacc boot=1 calls=93 xerr=0 dm=1 tb=15
1788536121.383913 [RNG] osc=41 imp=881 imprb=881 mstart=0x40 cfg=91 cfgfail=0x0 vhv=0 vpolls=0
1788536121.390034 [PRT] calls=204265 xerr=0 ler=1 lidx=0x0 perr=0 maxcnt=17 addr8=0x52
1788536121.394267 [RTY] wr=0 wmax=0 wref=0  rd=0 rmax=0 rref=0
1788536121.402146 [RNG] frames=51039 last=44 min=28 max=170 nrdy=0 dxfer=0 dstat=0 lst=0 nrdyerr=0 dclr=0
1788536121.408244 [DRV] init=0 id=7 mode=0x1 lib=0x2 seq=0x1 odc=0x8b sts=0xe0 armed=1
1788536121.413726 [TRG] pulses=482 suppressed=6076 cyc=1600 rst=1 rstmode=0x40
1788536121.417347 [HLT] polls=1020 faults=0x0 cfglost=0
1788536121.423083 [EFF] n=5 last=58533 min=58470 max=58534 late=0 stuck=0 rderr=0
1788536121.433195 [IMU] init=0 addr=0x68 who=0x68 rst=1 pmrb0=0x40 pmrb=0x1 sr=19 cfg=4 gcfg=0x0 acfg=0x8 icfg=0x30 ien=0x1 armed=1
1788536121.438796 [ACC] reads=51016 stale=50968 rderr=24 ax=75 ay=-121 az=1114
1788536121.441418 [PWR] pm=0x1 drift=0 rderr=0
1788536121.445406 [DWT] ok=1 cyc=592593382 cyc_per_ms=800004
1788536122.457828 [HB] up_ms=1129364 frames=51086 inf=51086 hazard=6560 canary_err=0 q=0 qovr=0
1788536122.469051 [I2C] init=0 gate=0 whoami=0x140e0 wr=0 wrseen=0x27 addr=0x5a ok=311224 err=24 tmo=0 recov=49 pclk1=200000000 sysclk=400000000
1788536122.470557 [NAK] nacks=20
1788536122.475183 [CLK] cpu=800000000 sysb=400000000 pclk1=200000000
1788536122.479775 [TOF] res=0 step=0 id=0xeacc blk=0xeacc10 ctl=0x0
1788536122.485636 [RNG] init=0 step=99 id=0xeacc boot=1 calls=93 xerr=0 dm=1 tb=15
1788536122.492497 [RNG] osc=41 imp=881 imprb=881 mstart=0x40 cfg=91 cfgfail=0x0 vhv=0 vpolls=0
1788536122.498608 [PRT] calls=204465 xerr=0 ler=1 lidx=0x0 perr=0 maxcnt=17 addr8=0x52
1788536122.502853 [RTY] wr=0 wmax=0 wref=0  rd=0 rmax=0 rref=0
1788536122.510692 [RNG] frames=51088 last=29 min=28 max=170 nrdy=0 dxfer=0 dstat=0 lst=0 nrdyerr=0 dclr=0
1788536122.516924 [DRV] init=0 id=7 mode=0x1 lib=0x2 seq=0x1 odc=0x8b sts=0xe0 armed=1
1788536122.522304 [TRG] pulses=482 suppressed=6078 cyc=1600 rst=1 rstmode=0x40
1788536122.525918 [HLT] polls=1021 faults=0x0 cfglost=0
1788536122.531645 [EFF] n=5 last=58533 min=58470 max=58534 late=0 stuck=0 rderr=0
1788536122.541756 [IMU] init=0 addr=0x68 who=0x68 rst=1 pmrb0=0x40 pmrb=0x1 sr=19 cfg=4 gcfg=0x0 acfg=0x8 icfg=0x30 ien=0x1 armed=1
1788536122.547248 [ACC] reads=51066 stale=51018 rderr=24 ax=75 ay=-119 az=1116
1788536122.550121 [PWR] pm=0x1 drift=0 rderr=0
1788536122.554116 [DWT] ok=1 cyc=1474988982 cyc_per_ms=799996
1788536123.566799 [HB] up_ms=1130467 frames=51136 inf=51136 hazard=6560 canary_err=0 q=0 qovr=0
1788536123.578156 [I2C] init=0 gate=0 whoami=0x140e0 wr=0 wrseen=0x27 addr=0x5a ok=311522 err=24 tmo=0 recov=49 pclk1=200000000 sysclk=400000000
1788536123.579646 [NAK] nacks=20
1788536123.584149 [CLK] cpu=800000000 sysb=400000000 pclk1=200000000
1788536123.588763 [TOF] res=0 step=0 id=0xeacc blk=0xeacc10 ctl=0x0
1788536123.594621 [RNG] init=0 step=99 id=0xeacc boot=1 calls=93 xerr=0 dm=1 tb=15
1788536123.601602 [RNG] osc=41 imp=881 imprb=881 mstart=0x40 cfg=91 cfgfail=0x0 vhv=0 vpolls=0
1788536123.607718 [PRT] calls=204665 xerr=0 ler=1 lidx=0x0 perr=0 maxcnt=17 addr8=0x52
1788536123.611836 [RTY] wr=0 wmax=0 wref=0  rd=0 rmax=0 rref=0
1788536123.619814 [RNG] frames=51138 last=44 min=28 max=170 nrdy=0 dxfer=0 dstat=0 lst=0 nrdyerr=0 dclr=0
1788536123.625928 [DRV] init=0 id=7 mode=0x1 lib=0x2 seq=0x1 odc=0x8b sts=0xe0 armed=1
1788536123.631417 [TRG] pulses=482 suppressed=6078 cyc=1600 rst=1 rstmode=0x40
1788536123.634908 [HLT] polls=1022 faults=0x0 cfglost=0
1788536123.640774 [EFF] n=5 last=58533 min=58470 max=58534 late=0 stuck=0 rderr=0
1788536123.650873 [IMU] init=0 addr=0x68 who=0x68 rst=1 pmrb0=0x40 pmrb=0x1 sr=19 cfg=4 gcfg=0x0 acfg=0x8 icfg=0x30 ien=0x1 armed=1
1788536123.656373 [ACC] reads=51116 stale=51068 rderr=24 ax=75 ay=-119 az=1116
1788536123.658989 [PWR] pm=0x1 drift=0 rderr=0
1788536123.663135 [DWT] ok=1 cyc=2357324242 cyc_per_ms=799941
1788536124.675793 [HB] up_ms=1131570 frames=51186 inf=51186 hazard=6560 canary_err=0 q=0 qovr=0
1788536124.687256 [I2C] init=0 gate=0 whoami=0x140e0 wr=0 wrseen=0x27 addr=0x5a ok=311822 err=24 tmo=0 recov=50 pclk1=200000000 sysclk=400000000
1788536124.688634 [NAK] nacks=20
1788536124.693242 [CLK] cpu=800000000 sysb=400000000 pclk1=200000000
1788536124.697740 [TOF] res=0 step=0 id=0xeacc blk=0xeacc10 ctl=0x0
1788536124.703475 [RNG] init=0 step=99 id=0xeacc boot=1 calls=93 xerr=0 dm=1 tb=15
1788536124.710606 [RNG] osc=41 imp=881 imprb=881 mstart=0x40 cfg=91 cfgfail=0x0 vhv=0 vpolls=0
1788536124.716709 [PRT] calls=204865 xerr=0 ler=1 lidx=0x0 perr=0 maxcnt=17 addr8=0x52
1788536124.720818 [RTY] wr=0 wmax=0 wref=0  rd=0 rmax=0 rref=0
1788536124.728691 [RNG] frames=51188 last=42 min=28 max=170 nrdy=0 dxfer=0 dstat=0 lst=0 nrdyerr=0 dclr=0
1788536124.735048 [DRV] init=0 id=7 mode=0x1 lib=0x2 seq=0x1 odc=0x8b sts=0xe0 armed=1
1788536124.740416 [TRG] pulses=482 suppressed=6078 cyc=1600 rst=1 rstmode=0x40
1788536124.743910 [HLT] polls=1023 faults=0x0 cfglost=0
1788536124.749645 [EFF] n=5 last=58533 min=58470 max=58534 late=0 stuck=0 rderr=0
1788536124.759999 [IMU] init=0 addr=0x68 who=0x68 rst=1 pmrb0=0x40 pmrb=0x1 sr=19 cfg=4 gcfg=0x0 acfg=0x8 icfg=0x30 ien=0x1 armed=1
1788536124.765371 [ACC] reads=51166 stale=51118 rderr=24 ax=74 ay=-120 az=1118
1788536124.768129 [PWR] pm=0x1 drift=0 rderr=0
1788536124.771970 [DWT] ok=1 cyc=3239655250 cyc_per_ms=799937
1788536125.784659 [HB] up_ms=1132673 frames=51236 inf=51236 hazard=6560 canary_err=0 q=0 qovr=0
1788536125.796143 [I2C] init=0 gate=0 whoami=0x140e0 wr=0 wrseen=0x27 addr=0x5a ok=312124 err=24 tmo=0 recov=50 pclk1=200000000 sysclk=400000000
1788536125.797509 [NAK] nacks=20
1788536125.802146 [CLK] cpu=800000000 sysb=400000000 pclk1=200000000
1788536125.806619 [TOF] res=0 step=0 id=0xeacc blk=0xeacc10 ctl=0x0
1788536125.812352 [RNG] init=0 step=99 id=0xeacc boot=1 calls=93 xerr=0 dm=1 tb=15
1788536125.819473 [RNG] osc=41 imp=881 imprb=881 mstart=0x40 cfg=91 cfgfail=0x0 vhv=0 vpolls=0
1788536125.825566 [PRT] calls=205065 xerr=0 ler=1 lidx=0x0 perr=0 maxcnt=17 addr8=0x52
1788536125.829696 [RTY] wr=0 wmax=0 wref=0  rd=0 rmax=0 rref=0
1788536125.837558 [RNG] frames=51238 last=42 min=28 max=170 nrdy=0 dxfer=0 dstat=0 lst=0 nrdyerr=0 dclr=0
1788536125.843798 [DRV] init=0 id=7 mode=0x1 lib=0x2 seq=0x1 odc=0x8b sts=0xe0 armed=1
1788536125.849283 [TRG] pulses=482 suppressed=6078 cyc=1600 rst=1 rstmode=0x40
1788536125.852775 [HLT] polls=1024 faults=0x0 cfglost=0
1788536125.858512 [EFF] n=5 last=58533 min=58470 max=58534 late=0 stuck=0 rderr=0
1788536125.868761 [IMU] init=0 addr=0x68 who=0x68 rst=1 pmrb0=0x40 pmrb=0x1 sr=19 cfg=4 gcfg=0x0 acfg=0x8 icfg=0x30 ien=0x1 armed=1
1788536125.874245 [ACC] reads=51216 stale=51168 rderr=24 ax=75 ay=-119 az=1120
1788536125.876857 [PWR] pm=0x1 drift=0 rderr=0
1788536125.880849 [DWT] ok=1 cyc=4122055130 cyc_per_ms=799999
1788536126.893398 [HB] up_ms=1133776 frames=51286 inf=51286 hazard=6560 canary_err=0 q=0 qovr=0
1788536126.904860 [I2C] init=0 gate=0 whoami=0x140e0 wr=0 wrseen=0x27 addr=0x5a ok=312426 err=24 tmo=0 recov=50 pclk1=200000000 sysclk=400000000
1788536126.906241 [NAK] nacks=20
1788536126.910845 [CLK] cpu=800000000 sysb=400000000 pclk1=200000000
1788536126.915338 [TOF] res=0 step=0 id=0xeacc blk=0xeacc10 ctl=0x0
1788536126.921077 [RNG] init=0 step=99 id=0xeacc boot=1 calls=93 xerr=0 dm=1 tb=15
1788536126.928191 [RNG] osc=41 imp=881 imprb=881 mstart=0x40 cfg=91 cfgfail=0x0 vhv=0 vpolls=0
1788536126.934306 [PRT] calls=205265 xerr=0 ler=1 lidx=0x0 perr=0 maxcnt=17 addr8=0x52
1788536126.938432 [RTY] wr=0 wmax=0 wref=0  rd=0 rmax=0 rref=0
1788536126.946283 [RNG] frames=51288 last=44 min=28 max=170 nrdy=0 dxfer=0 dstat=0 lst=0 nrdyerr=0 dclr=0
1788536126.952532 [DRV] init=0 id=7 mode=0x1 lib=0x2 seq=0x1 odc=0x8b sts=0xe0 armed=1
1788536126.958026 [TRG] pulses=482 suppressed=6078 cyc=1600 rst=1 rstmode=0x40
1788536126.961525 [HLT] polls=1025 faults=0x0 cfglost=0
1788536126.967263 [EFF] n=5 last=58533 min=58470 max=58534 late=0 stuck=0 rderr=0
1788536126.977482 [IMU] init=0 addr=0x68 who=0x68 rst=1 pmrb0=0x40 pmrb=0x1 sr=19 cfg=4 gcfg=0x0 acfg=0x8 icfg=0x30 ien=0x1 armed=1
1788536126.982981 [ACC] reads=51266 stale=51218 rderr=24 ax=75 ay=-120 az=1114
1788536126.985603 [PWR] pm=0x1 drift=0 rderr=0
1788536126.989472 [DWT] ok=1 cyc=709488066 cyc_per_ms=800000
1788536128.002364 [HB] up_ms=1134879 frames=51336 inf=51336 hazard=6576 canary_err=0 q=0 qovr=0
1788536128.013704 [I2C] init=0 gate=0 whoami=0x140e0 wr=0 wrseen=0x27 addr=0x5a ok=312728 err=24 tmo=0 recov=50 pclk1=200000000 sysclk=400000000
1788536128.015209 [NAK] nacks=20
1788536128.019829 [CLK] cpu=800000000 sysb=400000000 pclk1=200000000
1788536128.024313 [TOF] res=0 step=0 id=0xeacc blk=0xeacc10 ctl=0x0
1788536128.030062 [RNG] init=0 step=99 id=0xeacc boot=1 calls=93 xerr=0 dm=1 tb=15
1788536128.037039 [RNG] osc=41 imp=881 imprb=881 mstart=0x40 cfg=91 cfgfail=0x0 vhv=0 vpolls=0
1788536128.043279 [PRT] calls=205464 xerr=0 ler=1 lidx=0x0 perr=0 maxcnt=17 addr8=0x52
1788536128.047401 [RTY] wr=0 wmax=0 wref=0  rd=0 rmax=0 rref=0
1788536128.055273 [RNG] frames=51338 last=46 min=28 max=170 nrdy=0 dxfer=0 dstat=0 lst=0 nrdyerr=0 dclr=0
1788536128.061634 [DRV] init=0 id=7 mode=0x1 lib=0x2 seq=0x1 odc=0x8b sts=0xe0 armed=1
1788536128.066999 [TRG] pulses=484 suppressed=6095 cyc=1600 rst=1 rstmode=0x40
1788536128.070502 [HLT] polls=1026 faults=0x0 cfglost=0
1788536128.076244 [EFF] n=5 last=58533 min=58470 max=58534 late=0 stuck=0 rderr=0
1788536128.086601 [IMU] init=0 addr=0x68 who=0x68 rst=1 pmrb0=0x40 pmrb=0x1 sr=19 cfg=4 gcfg=0x0 acfg=0x8 icfg=0x30 ien=0x1 armed=1
1788536128.091968 [ACC] reads=51316 stale=51268 rderr=24 ax=74 ay=-122 az=1116
1788536128.094713 [PWR] pm=0x1 drift=0 rderr=0
1788536128.098577 [DWT] ok=1 cyc=1591891586 cyc_per_ms=800003
1788536129.111819 [HB] up_ms=1135982 frames=51386 inf=51386 hazard=6601 canary_err=0 q=0 qovr=0
1788536129.123215 [I2C] init=0 gate=0 whoami=0x140e0 wr=0 wrseen=0x27 addr=0x5a ok=313030 err=24 tmo=0 recov=50 pclk1=200000000 sysclk=400000000
1788536129.124660 [NAK] nacks=20
1788536129.129282 [CLK] cpu=800000000 sysb=400000000 pclk1=200000000
1788536129.133778 [TOF] res=0 step=0 id=0xeacc blk=0xeacc10 ctl=0x0
1788536129.139658 [RNG] init=0 step=99 id=0xeacc boot=1 calls=93 xerr=0 dm=1 tb=15
1788536129.146509 [RNG] osc=41 imp=881 imprb=881 mstart=0x40 cfg=91 cfgfail=0x0 vhv=0 vpolls=0
1788536129.152869 [PRT] calls=205661 xerr=0 ler=1 lidx=0x0 perr=0 maxcnt=17 addr8=0x52
1788536129.156872 [RTY] wr=0 wmax=0 wref=0  rd=0 rmax=0 rref=0
1788536129.164727 [RNG] frames=51388 last=42 min=28 max=170 nrdy=0 dxfer=0 dstat=0 lst=0 nrdyerr=0 dclr=0
1788536129.171093 [DRV] init=0 id=7 mode=0x1 lib=0x2 seq=0x1 odc=0x8b sts=0xe0 armed=1
1788536129.176588 [TRG] pulses=485 suppressed=6116 cyc=1600 rst=1 rstmode=0x40
1788536129.179958 [HLT] polls=1027 faults=0x0 cfglost=0
1788536129.185705 [EFF] n=5 last=58533 min=58470 max=58534 late=0 stuck=0 rderr=0
1788536129.196060 [IMU] init=0 addr=0x68 who=0x68 rst=1 pmrb0=0x40 pmrb=0x1 sr=19 cfg=4 gcfg=0x0 acfg=0x8 icfg=0x30 ien=0x1 armed=1
1788536129.201555 [ACC] reads=51366 stale=51318 rderr=24 ax=75 ay=-119 az=1118
1788536129.204252 [PWR] pm=0x1 drift=0 rderr=0
1788536129.208216 [DWT] ok=1 cyc=2474288218 cyc_per_ms=799996
1788536130.221482 [HB] up_ms=1137085 frames=51435 inf=51435 hazard=6601 canary_err=0 q=0 qovr=0
1788536130.232849 [I2C] init=0 gate=0 whoami=0x140e0 wr=0 wrseen=0x27 addr=0x5a ok=313327 err=24 tmo=0 recov=52 pclk1=200000000 sysclk=400000000
1788536130.234350 [NAK] nacks=20
1788536130.238951 [CLK] cpu=800000000 sysb=400000000 pclk1=200000000
1788536130.243458 [TOF] res=0 step=0 id=0xeacc blk=0xeacc10 ctl=0x0
1788536130.249203 [RNG] init=0 step=99 id=0xeacc boot=1 calls=93 xerr=0 dm=1 tb=15
1788536130.256315 [RNG] osc=41 imp=881 imprb=881 mstart=0x40 cfg=91 cfgfail=0x0 vhv=0 vpolls=0
1788536130.262431 [PRT] calls=205861 xerr=0 ler=1 lidx=0x0 perr=0 maxcnt=17 addr8=0x52
1788536130.266537 [RTY] wr=0 wmax=0 wref=0  rd=0 rmax=0 rref=0
1788536130.274404 [RNG] frames=51437 last=46 min=28 max=170 nrdy=0 dxfer=0 dstat=0 lst=0 nrdyerr=0 dclr=0
1788536130.280665 [DRV] init=0 id=7 mode=0x1 lib=0x2 seq=0x1 odc=0x8b sts=0xe0 armed=1
1788536130.286153 [TRG] pulses=485 suppressed=6116 cyc=1600 rst=1 rstmode=0x40
1788536130.289630 [HLT] polls=1028 faults=0x0 cfglost=0
1788536130.295376 [EFF] n=5 last=58533 min=58470 max=58534 late=0 stuck=0 rderr=0
1788536130.305615 [IMU] init=0 addr=0x68 who=0x68 rst=1 pmrb0=0x40 pmrb=0x1 sr=19 cfg=4 gcfg=0x0 acfg=0x8 icfg=0x30 ien=0x1 armed=1
1788536130.311122 [ACC] reads=51415 stale=51367 rderr=24 ax=74 ay=-121 az=1112
1788536130.313735 [PWR] pm=0x1 drift=0 rderr=0
1788536130.317717 [DWT] ok=1 cyc=3356737210 cyc_per_ms=800044
1788536131.330163 [HB] up_ms=1138188 frames=51485 inf=51485 hazard=6601 canary_err=0 q=0 qovr=0
1788536131.341640 [I2C] init=0 gate=0 whoami=0x140e0 wr=0 wrseen=0x27 addr=0x5a ok=313628 err=24 tmo=0 recov=52 pclk1=200000000 sysclk=400000000
1788536131.342986 [NAK] nacks=20
1788536131.347601 [CLK] cpu=800000000 sysb=400000000 pclk1=200000000
1788536131.352124 [TOF] res=0 step=0 id=0xeacc blk=0xeacc10 ctl=0x0
1788536131.357842 [RNG] init=0 step=99 id=0xeacc boot=1 calls=93 xerr=0 dm=1 tb=15
1788536131.364955 [RNG] osc=41 imp=881 imprb=881 mstart=0x40 cfg=91 cfgfail=0x0 vhv=0 vpolls=0
1788536131.371070 [PRT] calls=206061 xerr=0 ler=1 lidx=0x0 perr=0 maxcnt=17 addr8=0x52
1788536131.375200 [RTY] wr=0 wmax=0 wref=0  rd=0 rmax=0 rref=0
1788536131.382932 [RNG] frames=51487 last=39 min=28 max=170 nrdy=0 dxfer=0 dstat=0 lst=0 nrdyerr=0 dclr=0
1788536131.389321 [DRV] init=0 id=7 mode=0x1 lib=0x2 seq=0x1 odc=0x8b sts=0xe0 armed=1
1788536131.394793 [TRG] pulses=485 suppressed=6116 cyc=1600 rst=1 rstmode=0x40
1788536131.398182 [HLT] polls=1029 faults=0x0 cfglost=0
1788536131.403900 [EFF] n=5 last=58533 min=58470 max=58534 late=0 stuck=0 rderr=0
1788536131.414282 [IMU] init=0 addr=0x68 who=0x68 rst=1 pmrb0=0x40 pmrb=0x1 sr=19 cfg=4 gcfg=0x0 acfg=0x8 icfg=0x30 ien=0x1 armed=1
1788536131.419768 [ACC] reads=51465 stale=51417 rderr=24 ax=75 ay=-122 az=1114
1788536131.422385 [PWR] pm=0x1 drift=0 rderr=0
1788536131.426385 [DWT] ok=1 cyc=4239087930 cyc_per_ms=799955
1788536132.439129 [HB] up_ms=1139291 frames=51535 inf=51535 hazard=6601 canary_err=0 q=0 qovr=0
1788536132.450587 [I2C] init=0 gate=0 whoami=0x140e0 wr=0 wrseen=0x27 addr=0x5a ok=313930 err=24 tmo=0 recov=52 pclk1=200000000 sysclk=400000000
1788536132.451966 [NAK] nacks=20
1788536132.456580 [CLK] cpu=800000000 sysb=400000000 pclk1=200000000
1788536132.461081 [TOF] res=0 step=0 id=0xeacc blk=0xeacc10 ctl=0x0
1788536132.466940 [RNG] init=0 step=99 id=0xeacc boot=1 calls=93 xerr=0 dm=1 tb=15
1788536132.473934 [RNG] osc=41 imp=881 imprb=881 mstart=0x40 cfg=91 cfgfail=0x0 vhv=0 vpolls=0
1788536132.480067 [PRT] calls=206261 xerr=0 ler=1 lidx=0x0 perr=0 maxcnt=17 addr8=0x52
1788536132.484204 [RTY] wr=0 wmax=0 wref=0  rd=0 rmax=0 rref=0
1788536132.492034 [RNG] frames=51537 last=46 min=28 max=170 nrdy=0 dxfer=0 dstat=0 lst=0 nrdyerr=0 dclr=0
1788536132.498403 [DRV] init=0 id=7 mode=0x1 lib=0x2 seq=0x1 odc=0x8b sts=0xe0 armed=1
1788536132.503774 [TRG] pulses=485 suppressed=6116 cyc=1600 rst=1 rstmode=0x40
1788536132.507270 [HLT] polls=1030 faults=0x0 cfglost=0
1788536132.512999 [EFF] n=5 last=58533 min=58470 max=58534 late=0 stuck=0 rderr=0
1788536132.523373 [IMU] init=0 addr=0x68 who=0x68 rst=1 pmrb0=0x40 pmrb=0x1 sr=19 cfg=4 gcfg=0x0 acfg=0x8 icfg=0x30 ien=0x1 armed=1
1788536132.528737 [ACC] reads=51515 stale=51467 rderr=24 ax=76 ay=-119 az=1115
1788536132.531473 [PWR] pm=0x1 drift=0 rderr=0
1788536132.535346 [DWT] ok=1 cyc=826520506 cyc_per_ms=799999
1788536133.548540 [HB] up_ms=1140394 frames=51585 inf=51585 hazard=6601 canary_err=0 q=0 qovr=0
1788536133.559892 [I2C] init=0 gate=0 whoami=0x140e0 wr=0 wrseen=0x27 addr=0x5a ok=314232 err=24 tmo=0 recov=52 pclk1=200000000 sysclk=400000000
1788536133.561388 [NAK] nacks=20
1788536133.565884 [CLK] cpu=800000000 sysb=400000000 pclk1=200000000
1788536133.570507 [TOF] res=0 step=0 id=0xeacc blk=0xeacc10 ctl=0x0
1788536133.576246 [RNG] init=0 step=99 id=0xeacc boot=1 calls=93 xerr=0 dm=1 tb=15
1788536133.583400 [RNG] osc=41 imp=881 imprb=881 mstart=0x40 cfg=91 cfgfail=0x0 vhv=0 vpolls=0
1788536133.589483 [PRT] calls=206461 xerr=0 ler=1 lidx=0x0 perr=0 maxcnt=17 addr8=0x52
1788536133.593602 [RTY] wr=0 wmax=0 wref=0  rd=0 rmax=0 rref=0
1788536133.601469 [RNG] frames=51587 last=42 min=28 max=170 nrdy=0 dxfer=0 dstat=0 lst=0 nrdyerr=0 dclr=0
1788536133.607704 [DRV] init=0 id=7 mode=0x1 lib=0x2 seq=0x1 odc=0x8b sts=0xe0 armed=1
1788536133.613196 [TRG] pulses=485 suppressed=6116 cyc=1600 rst=1 rstmode=0x40
1788536133.616700 [HLT] polls=1031 faults=0x0 cfglost=0
1788536133.622447 [EFF] n=5 last=58533 min=58470 max=58534 late=0 stuck=0 rderr=0
1788536133.632686 [IMU] init=0 addr=0x68 who=0x68 rst=1 pmrb0=0x40 pmrb=0x1 sr=19 cfg=4 gcfg=0x0 acfg=0x8 icfg=0x30 ien=0x1 armed=1
1788536133.638197 [ACC] reads=51565 stale=51517 rderr=24 ax=73 ay=-121 az=1112
1788536133.640798 [PWR] pm=0x1 drift=0 rderr=0
1788536133.644799 [DWT] ok=1 cyc=1708920806 cyc_per_ms=800000
1788536134.658045 [HB] up_ms=1141497 frames=51635 inf=51635 hazard=6601 canary_err=0 q=0 qovr=0
1788536134.669518 [I2C] init=0 gate=0 whoami=0x140e0 wr=0 wrseen=0x27 addr=0x5a ok=314534 err=24 tmo=0 recov=52 pclk1=200000000 sysclk=400000000
1788536134.670887 [NAK] nacks=20
1788536134.675498 [CLK] cpu=800000000 sysb=400000000 pclk1=200000000
1788536134.679998 [TOF] res=0 step=0 id=0xeacc blk=0xeacc10 ctl=0x0
1788536134.685868 [RNG] init=0 step=99 id=0xeacc boot=1 calls=93 xerr=0 dm=1 tb=15
1788536134.692854 [RNG] osc=41 imp=881 imprb=881 mstart=0x40 cfg=91 cfgfail=0x0 vhv=0 vpolls=0
1788536134.699129 [PRT] calls=206660 xerr=0 ler=1 lidx=0x0 perr=0 maxcnt=17 addr8=0x52
1788536134.703124 [RTY] wr=0 wmax=0 wref=0  rd=0 rmax=0 rref=0
1788536134.710966 [RNG] frames=51637 last=42 min=28 max=170 nrdy=0 dxfer=0 dstat=0 lst=0 nrdyerr=0 dclr=0
1788536134.717336 [DRV] init=0 id=7 mode=0x1 lib=0x2 seq=0x1 odc=0x8b sts=0xe0 armed=1
1788536134.722829 [TRG] pulses=485 suppressed=6116 cyc=1600 rst=1 rstmode=0x40
1788536134.726208 [HLT] polls=1032 faults=0x0 cfglost=0
1788536134.731943 [EFF] n=5 last=58533 min=58470 max=58534 late=0 stuck=0 rderr=0
1788536134.742315 [IMU] init=0 addr=0x68 who=0x68 rst=1 pmrb0=0x40 pmrb=0x1 sr=19 cfg=4 gcfg=0x0 acfg=0x8 icfg=0x30 ien=0x1 armed=1
1788536134.747693 [ACC] reads=51615 stale=51567 rderr=24 ax=74 ay=-119 az=1115
1788536134.750419 [PWR] pm=0x1 drift=0 rderr=0
1788536134.754292 [DWT] ok=1 cyc=2591320802 cyc_per_ms=799999
1788536135.767849 [HB] up_ms=1142600 frames=51685 inf=51685 hazard=6642 canary_err=0 q=0 qovr=0
1788536135.779075 [I2C] init=0 gate=0 whoami=0x140e0 wr=0 wrseen=0x27 addr=0x5a ok=314836 err=24 tmo=0 recov=52 pclk1=200000000 sysclk=400000000
1788536135.780709 [NAK] nacks=20
1788536135.785322 [CLK] cpu=800000000 sysb=400000000 pclk1=200000000
1788536135.789833 [TOF] res=0 step=0 id=0xeacc blk=0xeacc10 ctl=0x0
1788536135.795569 [RNG] init=0 step=99 id=0xeacc boot=1 calls=93 xerr=0 dm=1 tb=15
1788536135.802566 [RNG] osc=41 imp=881 imprb=881 mstart=0x40 cfg=91 cfgfail=0x0 vhv=0 vpolls=0
1788536135.808804 [PRT] calls=206857 xerr=0 ler=1 lidx=0x0 perr=0 maxcnt=17 addr8=0x52
1788536135.812915 [RTY] wr=0 wmax=0 wref=0  rd=0 rmax=0 rref=0
1788536135.820783 [RNG] frames=51687 last=41 min=28 max=170 nrdy=0 dxfer=0 dstat=0 lst=0 nrdyerr=0 dclr=0
1788536135.827026 [DRV] init=0 id=7 mode=0x1 lib=0x2 seq=0x1 odc=0x8b sts=0xe0 armed=1
1788536135.832524 [TRG] pulses=488 suppressed=6154 cyc=1600 rst=1 rstmode=0x40
1788536135.836012 [HLT] polls=1033 faults=0x0 cfglost=0
1788536135.841764 [EFF] n=5 last=58533 min=58470 max=58534 late=0 stuck=0 rderr=0
1788536135.852014 [IMU] init=0 addr=0x68 who=0x68 rst=1 pmrb0=0x40 pmrb=0x1 sr=19 cfg=4 gcfg=0x0 acfg=0x8 icfg=0x30 ien=0x1 armed=1
1788536135.857509 [ACC] reads=51665 stale=51617 rderr=24 ax=74 ay=-120 az=1116
1788536135.860123 [PWR] pm=0x1 drift=0 rderr=0
1788536135.864134 [DWT] ok=1 cyc=3473720958 cyc_per_ms=800000
1788536136.877844 [HB] up_ms=1143703 frames=51735 inf=51735 hazard=6642 canary_err=0 q=0 qovr=0
1788536136.889236 [I2C] init=0 gate=0 whoami=0x140e0 wr=0 wrseen=0x27 addr=0x5a ok=315138 err=24 tmo=0 recov=52 pclk1=200000000 sysclk=400000000
1788536136.890722 [NAK] nacks=20
1788536136.895334 [CLK] cpu=800000000 sysb=400000000 pclk1=200000000
1788536136.899823 [TOF] res=0 step=0 id=0xeacc blk=0xeacc10 ctl=0x0
1788536136.905696 [RNG] init=0 step=99 id=0xeacc boot=1 calls=93 xerr=0 dm=1 tb=15
1788536136.912567 [RNG] osc=41 imp=881 imprb=881 mstart=0x40 cfg=91 cfgfail=0x0 vhv=0 vpolls=0
1788536136.918803 [PRT] calls=207057 xerr=0 ler=1 lidx=0x0 perr=0 maxcnt=17 addr8=0x52
1788536136.922920 [RTY] wr=0 wmax=0 wref=0  rd=0 rmax=0 rref=0
1788536136.930777 [RNG] frames=51737 last=41 min=28 max=170 nrdy=0 dxfer=0 dstat=0 lst=0 nrdyerr=0 dclr=0
1788536136.937034 [DRV] init=0 id=7 mode=0x1 lib=0x2 seq=0x1 odc=0x8b sts=0xe0 armed=1
1788536136.942530 [TRG] pulses=488 suppressed=6154 cyc=1600 rst=1 rstmode=0x40
1788536136.945902 [HLT] polls=1034 faults=0x0 cfglost=0
1788536136.951769 [EFF] n=5 last=58533 min=58470 max=58534 late=0 stuck=0 rderr=0
1788536136.962005 [IMU] init=0 addr=0x68 who=0x68 rst=1 pmrb0=0x40 pmrb=0x1 sr=19 cfg=4 gcfg=0x0 acfg=0x8 icfg=0x30 ien=0x1 armed=1
1788536136.967383 [ACC] reads=51714 stale=51666 rderr=24 ax=74 ay=-119 az=1115
1788536136.970140 [PWR] pm=0x1 drift=0 rderr=0
1788536136.973992 [DWT] ok=1 cyc=61108372 cyc_per_ms=799958
1788536137.987915 [HB] up_ms=1144806 frames=51784 inf=51784 hazard=6642 canary_err=0 q=0 qovr=0
1788536137.999389 [I2C] init=0 gate=0 whoami=0x140e0 wr=0 wrseen=0x27 addr=0x5a ok=315434 err=24 tmo=0 recov=53 pclk1=200000000 sysclk=400000000
1788536138.000763 [NAK] nacks=20
1788536138.005397 [CLK] cpu=800000000 sysb=400000000 pclk1=200000000
1788536138.009882 [TOF] res=0 step=0 id=0xeacc blk=0xeacc10 ctl=0x0
1788536138.015880 [RNG] init=0 step=99 id=0xeacc boot=1 calls=93 xerr=0 dm=1 tb=15
1788536138.022748 [RNG] osc=41 imp=881 imprb=881 mstart=0x40 cfg=91 cfgfail=0x0 vhv=0 vpolls=0
1788536138.028997 [PRT] calls=207257 xerr=0 ler=1 lidx=0x0 perr=0 maxcnt=17 addr8=0x52
1788536138.032988 [RTY] wr=0 wmax=0 wref=0  rd=0 rmax=0 rref=0
1788536138.040979 [RNG] frames=51786 last=46 min=28 max=170 nrdy=0 dxfer=0 dstat=0 lst=0 nrdyerr=0 dclr=0
1788536138.047222 [DRV] init=0 id=7 mode=0x1 lib=0x2 seq=0x1 odc=0x8b sts=0xe0 armed=1
1788536138.052716 [TRG] pulses=488 suppressed=6154 cyc=1600 rst=1 rstmode=0x40
1788536138.056089 [HLT] polls=1035 faults=0x0 cfglost=0
1788536138.062079 [EFF] n=5 last=58533 min=58470 max=58534 late=0 stuck=0 rderr=0
1788536138.072203 [IMU] init=0 addr=0x68 who=0x68 rst=1 pmrb0=0x40 pmrb=0x1 sr=19 cfg=4 gcfg=0x0 acfg=0x8 icfg=0x30 ien=0x1 armed=1
1788536138.077698 [ACC] reads=51764 stale=51716 rderr=24 ax=73 ay=-120 az=1117
1788536138.080312 [PWR] pm=0x1 drift=0 rderr=0
1788536138.084315 [DWT] ok=1 cyc=943553322 cyc_per_ms=800040
1788536139.098409 [HB] up_ms=1145909 frames=51834 inf=51834 hazard=6642 canary_err=0 q=0 qovr=0
1788536139.109882 [I2C] init=0 gate=0 whoami=0x140e0 wr=0 wrseen=0x27 addr=0x5a ok=315736 err=24 tmo=0 recov=53 pclk1=200000000 sysclk=400000000
1788536139.111255 [NAK] nacks=20
1788536139.115874 [CLK] cpu=800000000 sysb=400000000 pclk1=200000000
1788536139.120380 [TOF] res=0 step=0 id=0xeacc blk=0xeacc10 ctl=0x0
1788536139.126372 [RNG] init=0 step=99 id=0xeacc boot=1 calls=93 xerr=0 dm=1 tb=15
1788536139.133234 [RNG] osc=41 imp=881 imprb=881 mstart=0x40 cfg=91 cfgfail=0x0 vhv=0 vpolls=0
1788536139.139486 [PRT] calls=207457 xerr=0 ler=1 lidx=0x0 perr=0 maxcnt=17 addr8=0x52
1788536139.143483 [RTY] wr=0 wmax=0 wref=0  rd=0 rmax=0 rref=0
1788536139.151606 [RNG] frames=51836 last=41 min=28 max=170 nrdy=0 dxfer=0 dstat=0 lst=0 nrdyerr=0 dclr=0
1788536139.157720 [DRV] init=0 id=7 mode=0x1 lib=0x2 seq=0x1 odc=0x8b sts=0xe0 armed=1
1788536139.163209 [TRG] pulses=488 suppressed=6154 cyc=1600 rst=1 rstmode=0x40
1788536139.166716 [HLT] polls=1036 faults=0x0 cfglost=0
1788536139.172598 [EFF] n=5 last=58533 min=58470 max=58534 late=0 stuck=0 rderr=0
1788536139.182695 [IMU] init=0 addr=0x68 who=0x68 rst=1 pmrb0=0x40 pmrb=0x1 sr=19 cfg=4 gcfg=0x0 acfg=0x8 icfg=0x30 ien=0x1 armed=1
1788536139.188208 [ACC] reads=51814 stale=51766 rderr=24 ax=75 ay=-119 az=1115
1788536139.190943 [PWR] pm=0x1 drift=0 rderr=0
1788536139.194934 [DWT] ok=1 cyc=1825953590 cyc_per_ms=800000
1788536140.209072 [HB] up_ms=1147012 frames=51884 inf=51884 hazard=6642 canary_err=0 q=0 qovr=0
1788536140.220554 [I2C] init=0 gate=0 whoami=0x140e0 wr=0 wrseen=0x27 addr=0x5a ok=316038 err=24 tmo=0 recov=53 pclk1=200000000 sysclk=400000000
1788536140.221941 [NAK] nacks=20
1788536140.226548 [CLK] cpu=800000000 sysb=400000000 pclk1=200000000
1788536140.231044 [TOF] res=0 step=0 id=0xeacc blk=0xeacc10 ctl=0x0
1788536140.236928 [RNG] init=0 step=99 id=0xeacc boot=1 calls=93 xerr=0 dm=1 tb=15
1788536140.243913 [RNG] osc=41 imp=881 imprb=881 mstart=0x40 cfg=91 cfgfail=0x0 vhv=0 vpolls=0
1788536140.250170 [PRT] calls=207657 xerr=0 ler=1 lidx=0x0 perr=0 maxcnt=17 addr8=0x52
1788536140.254177 [RTY] wr=0 wmax=0 wref=0  rd=0 rmax=0 rref=0
1788536140.262265 [RNG] frames=51886 last=46 min=28 max=170 nrdy=0 dxfer=0 dstat=0 lst=0 nrdyerr=0 dclr=0
1788536140.268395 [DRV] init=0 id=7 mode=0x1 lib=0x2 seq=0x1 odc=0x8b sts=0xe0 armed=1
1788536140.273887 [TRG] pulses=488 suppressed=6154 cyc=1600 rst=1 rstmode=0x40
1788536140.277384 [HLT] polls=1037 faults=0x0 cfglost=0
1788536140.283142 [EFF] n=5 last=58533 min=58470 max=58534 late=0 stuck=0 rderr=0
1788536140.293363 [IMU] init=0 addr=0x68 who=0x68 rst=1 pmrb0=0x40 pmrb=0x1 sr=19 cfg=4 gcfg=0x0 acfg=0x8 icfg=0x30 ien=0x1 armed=1
1788536140.298868 [ACC] reads=51864 stale=51816 rderr=24 ax=75 ay=-119 az=1114
1788536140.301485 [PWR] pm=0x1 drift=0 rderr=0
1788536140.305485 [DWT] ok=1 cyc=2708353618 cyc_per_ms=800000
1788536141.319912 [HB] up_ms=1148115 frames=51934 inf=51934 hazard=6642 canary_err=0 q=0 qovr=0
1788536141.331277 [I2C] init=0 gate=0 whoami=0x140e0 wr=0 wrseen=0x27 addr=0x5a ok=316340 err=24 tmo=0 recov=53 pclk1=200000000 sysclk=400000000
1788536141.332768 [NAK] nacks=20
1788536141.337392 [CLK] cpu=800000000 sysb=400000000 pclk1=200000000
1788536141.341878 [TOF] res=0 step=0 id=0xeacc blk=0xeacc10 ctl=0x0
1788536141.347639 [RNG] init=0 step=99 id=0xeacc boot=1 calls=93 xerr=0 dm=1 tb=15
1788536141.354748 [RNG] osc=41 imp=881 imprb=881 mstart=0x40 cfg=91 cfgfail=0x0 vhv=0 vpolls=0
1788536141.360865 [PRT] calls=207857 xerr=0 ler=1 lidx=0x0 perr=0 maxcnt=17 addr8=0x52
1788536141.364989 [RTY] wr=0 wmax=0 wref=0  rd=0 rmax=0 rref=0
1788536141.372984 [RNG] frames=51936 last=44 min=28 max=170 nrdy=0 dxfer=0 dstat=0 lst=0 nrdyerr=0 dclr=0
1788536141.379228 [DRV] init=0 id=7 mode=0x1 lib=0x2 seq=0x1 odc=0x8b sts=0xe0 armed=1
1788536141.384722 [TRG] pulses=488 suppressed=6154 cyc=1600 rst=1 rstmode=0x40
1788536141.388113 [HLT] polls=1038 faults=0x0 cfglost=0
1788536141.393873 [EFF] n=5 last=58533 min=58470 max=58534 late=0 stuck=0 rderr=0
1788536141.404209 [IMU] init=0 addr=0x68 who=0x68 rst=1 pmrb0=0x40 pmrb=0x1 sr=19 cfg=4 gcfg=0x0 acfg=0x8 icfg=0x30 ien=0x1 armed=1
1788536141.409707 [ACC] reads=51914 stale=51866 rderr=24 ax=74 ay=-119 az=1115
1788536141.412340 [PWR] pm=0x1 drift=0 rderr=0
1788536141.416324 [DWT] ok=1 cyc=3590753510 cyc_per_ms=799999
1788536142.430049 [HB] up_ms=1149218 frames=51984 inf=51984 hazard=6666 canary_err=0 q=0 qovr=0
1788536142.441534 [I2C] init=0 gate=0 whoami=0x140e0 wr=0 wrseen=0x27 addr=0x5a ok=316642 err=24 tmo=0 recov=53 pclk1=200000000 sysclk=400000000
1788536142.453448 [NAK] nacks=20
1788536142.453537 [CLK] cpu=800000000 sysb=400000000 pclk1=200000000
1788536142.453595 [TOF] res=0 step=0 id=0xeacc blk=0xeacc10 ctl=0x0
1788536142.457763 [RNG] init=0 step=99 id=0xeacc boot=1 calls=93 xerr=0 dm=1 tb=15
1788536142.464892 [RNG] osc=41 imp=881 imprb=881 mstart=0x40 cfg=91 cfgfail=0x0 vhv=0 vpolls=0
1788536142.471006 [PRT] calls=208057 xerr=0 ler=1 lidx=0x0 perr=0 maxcnt=17 addr8=0x52
1788536142.475154 [RTY] wr=0 wmax=0 wref=0  rd=0 rmax=0 rref=0
1788536142.482994 [RNG] frames=51986 last=46 min=28 max=170 nrdy=0 dxfer=0 dstat=0 lst=0 nrdyerr=0 dclr=0
1788536142.489237 [DRV] init=0 id=7 mode=0x1 lib=0x2 seq=0x1 odc=0x8b sts=0xe0 armed=1
1788536142.494738 [TRG] pulses=490 suppressed=6179 cyc=1600 rst=1 rstmode=0x40
1788536142.498244 [HLT] polls=1039 faults=0x0 cfglost=0
1788536142.503985 [EFF] n=5 last=58533 min=58470 max=58534 late=0 stuck=0 rderr=0
1788536142.514228 [IMU] init=0 addr=0x68 who=0x68 rst=1 pmrb0=0x40 pmrb=0x1 sr=19 cfg=4 gcfg=0x0 acfg=0x8 icfg=0x30 ien=0x1 armed=1
1788536142.519720 [ACC] reads=51964 stale=51916 rderr=24 ax=74 ay=-120 az=1112
1788536142.522341 [PWR] pm=0x1 drift=0 rderr=0
1788536142.526226 [DWT] ok=1 cyc=178189686 cyc_per_ms=800003
1788536143.539723 [HB] up_ms=1150321 frames=52034 inf=52034 hazard=6683 canary_err=0 q=0 qovr=0
1788536143.551114 [I2C] init=0 gate=0 whoami=0x140e0 wr=0 wrseen=0x27 addr=0x5a ok=316944 err=24 tmo=0 recov=53 pclk1=200000000 sysclk=400000000
1788536143.552586 [NAK] nacks=20
1788536143.557116 [CLK] cpu=800000000 sysb=400000000 pclk1=200000000
1788536143.561584 [TOF] res=0 step=0 id=0xeacc blk=0xeacc10 ctl=0x0
1788536143.567445 [RNG] init=0 step=99 id=0xeacc boot=1 calls=93 xerr=0 dm=1 tb=15
1788536143.574569 [RNG] osc=41 imp=881 imprb=881 mstart=0x40 cfg=91 cfgfail=0x0 vhv=0 vpolls=0
1788536143.580705 [PRT] calls=208257 xerr=0 ler=1 lidx=0x0 perr=0 maxcnt=17 addr8=0x52
1788536143.584808 [RTY] wr=0 wmax=0 wref=0  rd=0 rmax=0 rref=0
1788536143.592675 [RNG] frames=52036 last=36 min=28 max=170 nrdy=0 dxfer=0 dstat=0 lst=0 nrdyerr=0 dclr=0
1788536143.598926 [DRV] init=0 id=7 mode=0x1 lib=0x2 seq=0x1 odc=0x8b sts=0xe0 armed=1
1788536143.604420 [TRG] pulses=491 suppressed=6192 cyc=1600 rst=1 rstmode=0x40
1788536143.607921 [HLT] polls=1040 faults=0x0 cfglost=0
1788536143.613667 [EFF] n=5 last=58533 min=58470 max=58534 late=0 stuck=0 rderr=0
1788536143.623920 [IMU] init=0 addr=0x68 who=0x68 rst=1 pmrb0=0x40 pmrb=0x1 sr=19 cfg=4 gcfg=0x0 acfg=0x8 icfg=0x30 ien=0x1 armed=1
1788536143.629411 [ACC] reads=52014 stale=51965 rderr=24 ax=74 ay=-120 az=1113
1788536143.632027 [PWR] pm=0x1 drift=0 rderr=0
1788536143.636030 [DWT] ok=1 cyc=1060585986 cyc_per_ms=799996
1788536144.649696 [HB] up_ms=1151424 frames=52084 inf=52084 hazard=6683 canary_err=0 q=0 qovr=0
1788536144.661196 [I2C] init=0 gate=0 whoami=0x140e0 wr=0 wrseen=0x27 addr=0x5a ok=317246 err=24 tmo=0 recov=53 pclk1=200000000 sysclk=400000000
1788536144.662543 [NAK] nacks=20
1788536144.667187 [CLK] cpu=800000000 sysb=400000000 pclk1=200000000
1788536144.671662 [TOF] res=0 step=0 id=0xeacc blk=0xeacc10 ctl=0x0
1788536144.677540 [RNG] init=0 step=99 id=0xeacc boot=1 calls=93 xerr=0 dm=1 tb=15
1788536144.684566 [RNG] osc=41 imp=881 imprb=881 mstart=0x40 cfg=91 cfgfail=0x0 vhv=0 vpolls=0
1788536144.690813 [PRT] calls=208457 xerr=0 ler=1 lidx=0x0 perr=0 maxcnt=17 addr8=0x52
1788536144.694765 [RTY] wr=0 wmax=0 wref=0  rd=0 rmax=0 rref=0
1788536144.702643 [RNG] frames=52086 last=38 min=28 max=170 nrdy=0 dxfer=0 dstat=0 lst=0 nrdyerr=0 dclr=0
1788536144.709018 [DRV] init=0 id=7 mode=0x1 lib=0x2 seq=0x1 odc=0x8b sts=0xe0 armed=1
1788536144.714385 [TRG] pulses=491 suppressed=6192 cyc=1600 rst=1 rstmode=0x40
1788536144.717881 [HLT] polls=1041 faults=0x0 cfglost=0
1788536144.723627 [EFF] n=5 last=58533 min=58470 max=58534 late=0 stuck=0 rderr=0
1788536144.733879 [IMU] init=0 addr=0x68 who=0x68 rst=1 pmrb0=0x40 pmrb=0x1 sr=19 cfg=4 gcfg=0x0 acfg=0x8 icfg=0x30 ien=0x1 armed=1
1788536144.739364 [ACC] reads=52064 stale=52015 rderr=24 ax=75 ay=-120 az=1119
1788536144.741983 [PWR] pm=0x1 drift=0 rderr=0
1788536144.745992 [DWT] ok=1 cyc=1942985950 cyc_per_ms=799999
1788536145.758939 [HB] up_ms=1152527 frames=52134 inf=52134 hazard=6683 canary_err=0 q=0 qovr=0
1788536145.770423 [I2C] init=0 gate=0 whoami=0x140e0 wr=0 wrseen=0x27 addr=0x5a ok=317548 err=24 tmo=0 recov=53 pclk1=200000000 sysclk=400000000
1788536145.771794 [NAK] nacks=20
1788536145.776419 [CLK] cpu=800000000 sysb=400000000 pclk1=200000000
1788536145.780916 [TOF] res=0 step=0 id=0xeacc blk=0xeacc10 ctl=0x0
1788536145.786783 [RNG] init=0 step=99 id=0xeacc boot=1 calls=93 xerr=0 dm=1 tb=15
1788536145.793791 [RNG] osc=41 imp=881 imprb=881 mstart=0x40 cfg=91 cfgfail=0x0 vhv=0 vpolls=0
1788536145.799918 [PRT] calls=208657 xerr=0 ler=1 lidx=0x0 perr=0 maxcnt=17 addr8=0x52
1788536145.804019 [RTY] wr=0 wmax=0 wref=0  rd=0 rmax=0 rref=0
1788536145.811894 [RNG] frames=52136 last=40 min=28 max=170 nrdy=0 dxfer=0 dstat=0 lst=0 nrdyerr=0 dclr=0
1788536145.818265 [DRV] init=0 id=7 mode=0x1 lib=0x2 seq=0x1 odc=0x8b sts=0xe0 armed=1
1788536145.823630 [TRG] pulses=491 suppressed=6192 cyc=1600 rst=1 rstmode=0x40
1788536145.827146 [HLT] polls=1042 faults=0x0 cfglost=0
1788536145.832892 [EFF] n=5 last=58533 min=58470 max=58534 late=0 stuck=0 rderr=0
1788536145.843146 [IMU] init=0 addr=0x68 who=0x68 rst=1 pmrb0=0x40 pmrb=0x1 sr=19 cfg=4 gcfg=0x0 acfg=0x8 icfg=0x30 ien=0x1 armed=1
1788536145.848619 [ACC] reads=52114 stale=52065 rderr=24 ax=73 ay=-119 az=1111
1788536145.851231 [PWR] pm=0x1 drift=0 rderr=0
1788536145.855236 [DWT] ok=1 cyc=2825386134 cyc_per_ms=800000
1788536146.868491 [HB] up_ms=1153630 frames=52184 inf=52184 hazard=6683 canary_err=0 q=0 qovr=0
1788536146.879830 [I2C] init=0 gate=0 whoami=0x140e0 wr=0 wrseen=0x27 addr=0x5a ok=317850 err=24 tmo=0 recov=53 pclk1=200000000 sysclk=400000000
1788536146.881331 [NAK] nacks=20
1788536146.885947 [CLK] cpu=800000000 sysb=400000000 pclk1=200000000
1788536146.890452 [TOF] res=0 step=0 id=0xeacc blk=0xeacc10 ctl=0x0
1788536146.896195 [RNG] init=0 step=99 id=0xeacc boot=1 calls=93 xerr=0 dm=1 tb=15
1788536146.903209 [RNG] osc=41 imp=881 imprb=881 mstart=0x40 cfg=91 cfgfail=0x0 vhv=0 vpolls=0
1788536146.909432 [PRT] calls=208856 xerr=0 ler=1 lidx=0x0 perr=0 maxcnt=17 addr8=0x52
1788536146.913567 [RTY] wr=0 wmax=0 wref=0  rd=0 rmax=0 rref=0
1788536146.921429 [RNG] frames=52186 last=43 min=28 max=170 nrdy=0 dxfer=0 dstat=0 lst=0 nrdyerr=0 dclr=0
1788536146.927681 [DRV] init=0 id=7 mode=0x1 lib=0x2 seq=0x1 odc=0x8b sts=0xe0 armed=1
1788536146.933172 [TRG] pulses=491 suppressed=6192 cyc=1600 rst=1 rstmode=0x40
1788536146.936684 [HLT] polls=1043 faults=0x0 cfglost=0
1788536146.942404 [EFF] n=5 last=58533 min=58470 max=58534 late=0 stuck=0 rderr=0
1788536146.952661 [IMU] init=0 addr=0x68 who=0x68 rst=1 pmrb0=0x40 pmrb=0x1 sr=19 cfg=4 gcfg=0x0 acfg=0x8 icfg=0x30 ien=0x1 armed=1
1788536146.958165 [ACC] reads=52164 stale=52115 rderr=24 ax=75 ay=-119 az=1115
1788536146.960774 [PWR] pm=0x1 drift=0 rderr=0
1788536146.964770 [DWT] ok=1 cyc=3707786246 cyc_per_ms=800000
1788536147.978521 [HB] up_ms=1154733 frames=52234 inf=52234 hazard=6683 canary_err=0 q=0 qovr=0
1788536147.989766 [I2C] init=0 gate=0 whoami=0x140e0 wr=0 wrseen=0x27 addr=0x5a ok=318152 err=24 tmo=0 recov=53 pclk1=200000000 sysclk=400000000
1788536147.991258 [NAK] nacks=20
1788536147.996012 [CLK] cpu=800000000 sysb=400000000 pclk1=200000000
1788536148.000500 [TOF] res=0 step=0 id=0xeacc blk=0xeacc10 ctl=0x0
1788536148.006262 [RNG] init=0 step=99 id=0xeacc boot=1 calls=93 xerr=0 dm=1 tb=15
1788536148.013255 [RNG] osc=41 imp=881 imprb=881 mstart=0x40 cfg=91 cfgfail=0x0 vhv=0 vpolls=0
1788536148.019492 [PRT] calls=209053 xerr=0 ler=1 lidx=0x0 perr=0 maxcnt=17 addr8=0x52
1788536148.023614 [RTY] wr=0 wmax=0 wref=0  rd=0 rmax=0 rref=0
1788536148.031509 [RNG] frames=52236 last=50 min=28 max=170 nrdy=0 dxfer=0 dstat=0 lst=0 nrdyerr=0 dclr=0
1788536148.037736 [DRV] init=0 id=7 mode=0x1 lib=0x2 seq=0x1 odc=0x8b sts=0xe0 armed=1
1788536148.043234 [TRG] pulses=491 suppressed=6192 cyc=1600 rst=1 rstmode=0x40
1788536148.046727 [HLT] polls=1044 faults=0x0 cfglost=0
1788536148.052477 [EFF] n=5 last=58533 min=58470 max=58534 late=0 stuck=0 rderr=0
1788536148.062723 [IMU] init=0 addr=0x68 who=0x68 rst=1 pmrb0=0x40 pmrb=0x1 sr=19 cfg=4 gcfg=0x0 acfg=0x8 icfg=0x30 ien=0x1 armed=1
1788536148.068211 [ACC] reads=52214 stale=52165 rderr=24 ax=73 ay=-120 az=1115
1788536148.070840 [PWR] pm=0x1 drift=0 rderr=0
1788536148.074710 [DWT] ok=1 cyc=295219034 cyc_per_ms=800000
1788536149.088532 [HB] up_ms=1155836 frames=52284 inf=52284 hazard=6687 canary_err=0 q=0 qovr=0
1788536149.099725 [I2C] init=0 gate=0 whoami=0x140e0 wr=0 wrseen=0x27 addr=0x5a ok=318454 err=24 tmo=0 recov=53 pclk1=200000000 sysclk=400000000
1788536149.101225 [NAK] nacks=20
1788536149.105859 [CLK] cpu=800000000 sysb=400000000 pclk1=200000000
1788536149.110468 [TOF] res=0 step=0 id=0xeacc blk=0xeacc10 ctl=0x0
1788536149.116224 [RNG] init=0 step=99 id=0xeacc boot=1 calls=93 xerr=0 dm=1 tb=15
1788536149.123121 [RNG] osc=41 imp=881 imprb=881 mstart=0x40 cfg=91 cfgfail=0x0 vhv=0 vpolls=0
1788536149.129470 [PRT] calls=209253 xerr=0 ler=1 lidx=0x0 perr=0 maxcnt=17 addr8=0x52
1788536149.133589 [RTY] wr=0 wmax=0 wref=0  rd=0 rmax=0 rref=0
1788536149.141453 [RNG] frames=52286 last=40 min=28 max=170 nrdy=0 dxfer=0 dstat=0 lst=0 nrdyerr=0 dclr=0
1788536149.147711 [DRV] init=0 id=7 mode=0x1 lib=0x2 seq=0x1 odc=0x8b sts=0xe0 armed=1
1788536149.153209 [TRG] pulses=492 suppressed=6197 cyc=1600 rst=1 rstmode=0x40
1788536149.156710 [HLT] polls=1045 faults=0x0 cfglost=0
1788536149.162455 [EFF] n=5 last=58533 min=58470 max=58534 late=0 stuck=0 rderr=0
1788536149.172688 [IMU] init=0 addr=0x68 who=0x68 rst=1 pmrb0=0x40 pmrb=0x1 sr=19 cfg=4 gcfg=0x0 acfg=0x8 icfg=0x30 ien=0x1 armed=1
1788536149.178202 [ACC] reads=52264 stale=52214 rderr=24 ax=73 ay=-121 az=1115
1788536149.180808 [PWR] pm=0x1 drift=0 rderr=0
1788536149.184810 [DWT] ok=1 cyc=1177622166 cyc_per_ms=800002
1788536150.198748 [HB] up_ms=1156939 frames=52334 inf=52334 hazard=6724 canary_err=0 q=0 qovr=0
1788536150.210123 [I2C] init=0 gate=0 whoami=0x140e0 wr=0 wrseen=0x27 addr=0x5a ok=318756 err=24 tmo=0 recov=53 pclk1=200000000 sysclk=400000000
1788536150.211479 [NAK] nacks=20
1788536150.216218 [CLK] cpu=800000000 sysb=400000000 pclk1=200000000
1788536150.220727 [TOF] res=0 step=0 id=0xeacc blk=0xeacc10 ctl=0x0
1788536150.226599 [RNG] init=0 step=99 id=0xeacc boot=1 calls=93 xerr=0 dm=1 tb=15
1788536150.233465 [RNG] osc=41 imp=881 imprb=881 mstart=0x40 cfg=91 cfgfail=0x0 vhv=0 vpolls=0
1788536150.239840 [PRT] calls=209453 xerr=0 ler=1 lidx=0x0 perr=0 maxcnt=17 addr8=0x52
1788536150.243836 [RTY] wr=0 wmax=0 wref=0  rd=0 rmax=0 rref=0
1788536150.251697 [RNG] frames=52336 last=46 min=28 max=170 nrdy=0 dxfer=0 dstat=0 lst=0 nrdyerr=0 dclr=0
1788536150.257961 [DRV] init=0 id=7 mode=0x1 lib=0x2 seq=0x1 odc=0x8b sts=0xe0 armed=1
1788536150.263565 [TRG] pulses=494 suppressed=6230 cyc=1600 rst=1 rstmode=0x40
1788536150.267067 [HLT] polls=1046 faults=0x0 cfglost=0
1788536150.272693 [EFF] n=5 last=58533 min=58470 max=58534 late=0 stuck=0 rderr=0
1788536150.283069 [IMU] init=0 addr=0x68 who=0x68 rst=1 pmrb0=0x40 pmrb=0x1 sr=19 cfg=4 gcfg=0x0 acfg=0x8 icfg=0x30 ien=0x1 armed=1
1788536150.288607 [ACC] reads=52314 stale=52264 rderr=24 ax=75 ay=-119 az=1115
1788536150.291188 [PWR] pm=0x1 drift=0 rderr=0
1788536150.295189 [DWT] ok=1 cyc=2060018794 cyc_per_ms=799996
1788536151.308514 [HB] up_ms=1158042 frames=52384 inf=52384 hazard=6724 canary_err=0 q=0 qovr=0
1788536151.319748 [I2C] init=0 gate=0 whoami=0x140e0 wr=0 wrseen=0x27 addr=0x5a ok=319058 err=24 tmo=0 recov=53 pclk1=200000000 sysclk=400000000
1788536151.321239 [NAK] nacks=20
1788536151.326001 [CLK] cpu=800000000 sysb=400000000 pclk1=200000000
1788536151.330580 [TOF] res=0 step=0 id=0xeacc blk=0xeacc10 ctl=0x0
1788536151.336234 [RNG] init=0 step=99 id=0xeacc boot=1 calls=93 xerr=0 dm=1 tb=15
1788536151.343121 [RNG] osc=41 imp=881 imprb=881 mstart=0x40 cfg=91 cfgfail=0x0 vhv=0 vpolls=0
1788536151.349479 [PRT] calls=209653 xerr=0 ler=1 lidx=0x0 perr=0 maxcnt=17 addr8=0x52
1788536151.353478 [RTY] wr=0 wmax=0 wref=0  rd=0 rmax=0 rref=0
1788536151.361350 [RNG] frames=52386 last=48 min=28 max=170 nrdy=0 dxfer=0 dstat=0 lst=0 nrdyerr=0 dclr=0
1788536151.367600 [DRV] init=0 id=7 mode=0x1 lib=0x2 seq=0x1 odc=0x8b sts=0xe0 armed=1
1788536151.373216 [TRG] pulses=494 suppressed=6230 cyc=1600 rst=1 rstmode=0x40
1788536151.376708 [HLT] polls=1047 faults=0x0 cfglost=0
1788536151.382329 [EFF] n=5 last=58533 min=58470 max=58534 late=0 stuck=0 rderr=0
1788536151.392578 [IMU] init=0 addr=0x68 who=0x68 rst=1 pmrb0=0x40 pmrb=0x1 sr=19 cfg=4 gcfg=0x0 acfg=0x8 icfg=0x30 ien=0x1 armed=1
1788536151.398204 [ACC] reads=52363 stale=52314 rderr=24 ax=76 ay=-118 az=1116
1788536151.400833 [PWR] pm=0x1 drift=0 rderr=0
1788536151.404837 [DWT] ok=1 cyc=2942447046 cyc_per_ms=800025
1788536152.418175 [HB] up_ms=1159145 frames=52433 inf=52433 hazard=6724 canary_err=0 q=0 qovr=0
1788536152.429548 [I2C] init=0 gate=0 whoami=0x140e0 wr=0 wrseen=0x27 addr=0x5a ok=319360 err=24 tmo=0 recov=53 pclk1=200000000 sysclk=400000000
1788536152.430907 [NAK] nacks=20
1788536152.435528 [CLK] cpu=800000000 sysb=400000000 pclk1=200000000
1788536152.440170 [TOF] res=0 step=0 id=0xeacc blk=0xeacc10 ctl=0x0
1788536152.446041 [RNG] init=0 step=99 id=0xeacc boot=1 calls=93 xerr=0 dm=1 tb=15
1788536152.452907 [RNG] osc=41 imp=881 imprb=881 mstart=0x40 cfg=91 cfgfail=0x0 vhv=0 vpolls=0
1788536152.459171 [PRT] calls=209853 xerr=0 ler=1 lidx=0x0 perr=0 maxcnt=17 addr8=0x52
1788536152.463267 [RTY] wr=0 wmax=0 wref=0  rd=0 rmax=0 rref=0
1788536152.471181 [RNG] frames=52436 last=47 min=28 max=170 nrdy=0 dxfer=0 dstat=0 lst=0 nrdyerr=0 dclr=0
1788536152.477265 [DRV] init=0 id=7 mode=0x1 lib=0x2 seq=0x1 odc=0x8b sts=0xe0 armed=1
1788536152.482884 [TRG] pulses=494 suppressed=6230 cyc=1600 rst=1 rstmode=0x40
1788536152.486384 [HLT] polls=1048 faults=0x0 cfglost=0
1788536152.492172 [EFF] n=5 last=58533 min=58470 max=58534 late=0 stuck=0 rderr=0
1788536152.502256 [IMU] init=0 addr=0x68 who=0x68 rst=1 pmrb0=0x40 pmrb=0x1 sr=19 cfg=4 gcfg=0x0 acfg=0x8 icfg=0x30 ien=0x1 armed=1
1788536152.507884 [ACC] reads=52413 stale=52363 rderr=24 ax=75 ay=-120 az=1117
1788536152.510471 [PWR] pm=0x1 drift=0 rderr=0
1788536152.514471 [DWT] ok=1 cyc=3824951930 cyc_per_ms=800095
1788536153.527994 [HB] up_ms=1160248 frames=52483 inf=52483 hazard=6724 canary_err=0 q=0 qovr=0
1788536153.539224 [I2C] init=0 gate=0 whoami=0x140e0 wr=0 wrseen=0x27 addr=0x5a ok=319662 err=24 tmo=0 recov=53 pclk1=200000000 sysclk=400000000
1788536153.540591 [NAK] nacks=20
1788536153.545234 [CLK] cpu=800000000 sysb=400000000 pclk1=200000000
1788536153.549837 [TOF] res=0 step=0 id=0xeacc blk=0xeacc10 ctl=0x0
1788536153.555715 [RNG] init=0 step=99 id=0xeacc boot=1 calls=93 xerr=0 dm=1 tb=15
1788536153.562600 [RNG] osc=41 imp=881 imprb=881 mstart=0x40 cfg=91 cfgfail=0x0 vhv=0 vpolls=0
1788536153.568707 [PRT] calls=210053 xerr=0 ler=1 lidx=0x0 perr=0 maxcnt=17 addr8=0x52
1788536153.572947 [RTY] wr=0 wmax=0 wref=0  rd=0 rmax=0 rref=0
1788536153.580817 [RNG] frames=52486 last=39 min=28 max=170 nrdy=0 dxfer=0 dstat=0 lst=0 nrdyerr=0 dclr=0
1788536153.587070 [DRV] init=0 id=7 mode=0x1 lib=0x2 seq=0x1 odc=0x8b sts=0xe0 armed=1
1788536153.592561 [TRG] pulses=494 suppressed=6230 cyc=1600 rst=1 rstmode=0x40
1788536153.596063 [HLT] polls=1049 faults=0x0 cfglost=0
1788536153.601811 [EFF] n=5 last=58533 min=58470 max=58534 late=0 stuck=0 rderr=0
1788536153.611940 [IMU] init=0 addr=0x68 who=0x68 rst=1 pmrb0=0x40 pmrb=0x1 sr=19 cfg=4 gcfg=0x0 acfg=0x8 icfg=0x30 ien=0x1 armed=1
1788536153.617559 [ACC] reads=52463 stale=52413 rderr=24 ax=72 ay=-120 az=1115
1788536153.620305 [PWR] pm=0x1 drift=0 rderr=0
1788536153.624187 [DWT] ok=1 cyc=412385246 cyc_per_ms=800000
1788536154.637841 [HB] up_ms=1161351 frames=52533 inf=52533 hazard=6724 canary_err=0 q=0 qovr=0
1788536154.649250 [I2C] init=0 gate=0 whoami=0x140e0 wr=0 wrseen=0x27 addr=0x5a ok=319964 err=24 tmo=0 recov=53 pclk1=200000000 sysclk=400000000
1788536154.650554 [NAK] nacks=20
1788536154.655210 [CLK] cpu=800000000 sysb=400000000 pclk1=200000000
1788536154.659805 [TOF] res=0 step=0 id=0xeacc blk=0xeacc10 ctl=0x0
1788536154.665668 [RNG] init=0 step=99 id=0xeacc boot=1 calls=93 xerr=0 dm=1 tb=15
1788536154.672558 [RNG] osc=41 imp=881 imprb=881 mstart=0x40 cfg=91 cfgfail=0x0 vhv=0 vpolls=0
1788536154.678664 [PRT] calls=210253 xerr=0 ler=1 lidx=0x0 perr=0 maxcnt=17 addr8=0x52
1788536154.682908 [RTY] wr=0 wmax=0 wref=0  rd=0 rmax=0 rref=0
1788536154.690781 [RNG] frames=52535 last=43 min=28 max=170 nrdy=0 dxfer=0 dstat=0 lst=0 nrdyerr=0 dclr=0
1788536154.697026 [DRV] init=0 id=7 mode=0x1 lib=0x2 seq=0x1 odc=0x8b sts=0xe0 armed=1
1788536154.702406 [TRG] pulses=494 suppressed=6230 cyc=1600 rst=1 rstmode=0x40
1788536154.706029 [HLT] polls=1050 faults=0x0 cfglost=0
1788536154.711777 [EFF] n=5 last=58533 min=58470 max=58534 late=0 stuck=0 rderr=0
1788536154.721895 [IMU] init=0 addr=0x68 who=0x68 rst=1 pmrb0=0x40 pmrb=0x1 sr=19 cfg=4 gcfg=0x0 acfg=0x8 icfg=0x30 ien=0x1 armed=1
1788536154.727406 [ACC] reads=52513 stale=52463 rderr=24 ax=75 ay=-121 az=1114
1788536154.730273 [PWR] pm=0x1 drift=0 rderr=0
1788536154.734262 [DWT] ok=1 cyc=1294785162 cyc_per_ms=799999
1788536155.748190 [HB] up_ms=1162454 frames=52583 inf=52583 hazard=6724 canary_err=0 q=0 qovr=0
1788536155.759531 [I2C] init=0 gate=0 whoami=0x140e0 wr=0 wrseen=0x27 addr=0x5a ok=320262 err=24 tmo=0 recov=53 pclk1=200000000 sysclk=400000000
1788536155.761030 [NAK] nacks=20
1788536155.765542 [CLK] cpu=800000000 sysb=400000000 pclk1=200000000
1788536155.770029 [TOF] res=0 step=0 id=0xeacc blk=0xeacc10 ctl=0x0
1788536155.776024 [RNG] init=0 step=99 id=0xeacc boot=1 calls=93 xerr=0 dm=1 tb=15
1788536155.783021 [RNG] osc=41 imp=881 imprb=881 mstart=0x40 cfg=91 cfgfail=0x0 vhv=0 vpolls=0
1788536155.789163 [PRT] calls=210453 xerr=0 ler=1 lidx=0x0 perr=0 maxcnt=17 addr8=0x52
1788536155.793163 [RTY] wr=0 wmax=0 wref=0  rd=0 rmax=0 rref=0
1788536155.801268 [RNG] frames=52585 last=46 min=28 max=170 nrdy=0 dxfer=0 dstat=0 lst=0 nrdyerr=0 dclr=0
1788536155.807386 [DRV] init=0 id=7 mode=0x1 lib=0x2 seq=0x1 odc=0x8b sts=0xe0 armed=1
1788536155.812890 [TRG] pulses=494 suppressed=6230 cyc=1600 rst=1 rstmode=0x40
1788536155.816261 [HLT] polls=1051 faults=0x0 cfglost=0
1788536155.822262 [EFF] n=5 last=58533 min=58470 max=58534 late=0 stuck=0 rderr=0
1788536155.832375 [IMU] init=0 addr=0x68 who=0x68 rst=1 pmrb0=0x40 pmrb=0x1 sr=19 cfg=4 gcfg=0x0 acfg=0x8 icfg=0x30 ien=0x1 armed=1
1788536155.837879 [ACC] reads=52563 stale=52513 rderr=24 ax=75 ay=-118 az=1115
1788536155.840491 [PWR] pm=0x1 drift=0 rderr=0
1788536155.844618 [DWT] ok=1 cyc=2177120466 cyc_per_ms=799941
1788536156.857902 [HB] up_ms=1163557 frames=52633 inf=52633 hazard=6757 canary_err=0 q=0 qovr=0
1788536156.869277 [I2C] init=0 gate=0 whoami=0x140e0 wr=0 wrseen=0x27 addr=0x5a ok=320562 err=24 tmo=0 recov=53 pclk1=200000000 sysclk=400000000
1788536156.870787 [NAK] nacks=20
1788536156.875272 [CLK] cpu=800000000 sysb=400000000 pclk1=200000000
1788536156.879764 [TOF] res=0 step=0 id=0xeacc blk=0xeacc10 ctl=0x0
1788536156.885766 [RNG] init=0 step=99 id=0xeacc boot=1 calls=93 xerr=0 dm=1 tb=15
1788536156.892633 [RNG] osc=41 imp=881 imprb=881 mstart=0x40 cfg=91 cfgfail=0x0 vhv=0 vpolls=0
1788536156.898889 [PRT] calls=210653 xerr=0 ler=1 lidx=0x0 perr=0 maxcnt=17 addr8=0x52
1788536156.902879 [RTY] wr=0 wmax=0 wref=0  rd=0 rmax=0 rref=0
1788536156.910881 [RNG] frames=52635 last=43 min=28 max=170 nrdy=0 dxfer=0 dstat=0 lst=0 nrdyerr=0 dclr=0
1788536156.917143 [DRV] init=0 id=7 mode=0x1 lib=0x2 seq=0x1 odc=0x8b sts=0xe0 armed=1
1788536156.922499 [TRG] pulses=497 suppressed=6263 cyc=1600 rst=1 rstmode=0x40
1788536156.925990 [HLT] polls=1052 faults=0x0 cfglost=0
1788536156.931864 [EFF] n=5 last=58533 min=58470 max=58534 late=0 stuck=0 rderr=0
1788536156.941990 [IMU] init=0 addr=0x68 who=0x68 rst=1 pmrb0=0x40 pmrb=0x1 sr=19 cfg=4 gcfg=0x0 acfg=0x8 icfg=0x30 ien=0x1 armed=1
1788536156.947489 [ACC] reads=52613 stale=52563 rderr=24 ax=75 ay=-121 az=1116
1788536156.950126 [PWR] pm=0x1 drift=0 rderr=0
1788536156.954235 [DWT] ok=1 cyc=3059455022 cyc_per_ms=799940
1788536157.967808 [HB] up_ms=1164660 frames=52683 inf=52683 hazard=6765 canary_err=0 q=0 qovr=0
1788536157.979282 [I2C] init=0 gate=0 whoami=0x140e0 wr=0 wrseen=0x27 addr=0x5a ok=320864 err=24 tmo=0 recov=53 pclk1=200000000 sysclk=400000000
1788536157.990979 [NAK] nacks=20
1788536157.991070 [CLK] cpu=800000000 sysb=400000000 pclk1=200000000
1788536157.991225 [TOF] res=0 step=0 id=0xeacc blk=0xeacc10 ctl=0x0
1788536157.995778 [RNG] init=0 step=99 id=0xeacc boot=1 calls=93 xerr=0 dm=1 tb=15
1788536158.002654 [RNG] osc=41 imp=881 imprb=881 mstart=0x40 cfg=91 cfgfail=0x0 vhv=0 vpolls=0
1788536158.008893 [PRT] calls=210853 xerr=0 ler=1 lidx=0x0 perr=0 maxcnt=17 addr8=0x52
1788536158.012888 [RTY] wr=0 wmax=0 wref=0  rd=0 rmax=0 rref=0
1788536158.020886 [RNG] frames=52685 last=43 min=28 max=170 nrdy=0 dxfer=0 dstat=0 lst=0 nrdyerr=0 dclr=0
1788536158.027152 [DRV] init=0 id=7 mode=0x1 lib=0x2 seq=0x1 odc=0x8b sts=0xe0 armed=1
1788536158.032633 [TRG] pulses=497 suppressed=6268 cyc=1600 rst=1 rstmode=0x40
1788536158.036006 [HLT] polls=1053 faults=0x0 cfglost=0
1788536158.041886 [EFF] n=5 last=58533 min=58470 max=58534 late=0 stuck=0 rderr=0
1788536158.052146 [IMU] init=0 addr=0x68 who=0x68 rst=1 pmrb0=0x40 pmrb=0x1 sr=19 cfg=4 gcfg=0x0 acfg=0x8 icfg=0x30 ien=0x1 armed=1
1788536158.057630 [ACC] reads=52663 stale=52613 rderr=24 ax=74 ay=-120 az=1116
1788536158.060265 [PWR] pm=0x1 drift=0 rderr=0
1788536158.064256 [DWT] ok=1 cyc=3941851710 cyc_per_ms=799996
1788536159.078327 [HB] up_ms=1165763 frames=52733 inf=52733 hazard=6765 canary_err=0 q=0 qovr=0
1788536159.089806 [I2C] init=0 gate=0 whoami=0x140e0 wr=0 wrseen=0x27 addr=0x5a ok=321166 err=24 tmo=0 recov=53 pclk1=200000000 sysclk=400000000
1788536159.091198 [NAK] nacks=20
1788536159.095804 [CLK] cpu=800000000 sysb=400000000 pclk1=200000000
1788536159.100301 [TOF] res=0 step=0 id=0xeacc blk=0xeacc10 ctl=0x0
1788536159.106198 [RNG] init=0 step=99 id=0xeacc boot=1 calls=93 xerr=0 dm=1 tb=15
1788536159.113214 [RNG] osc=41 imp=881 imprb=881 mstart=0x40 cfg=91 cfgfail=0x0 vhv=0 vpolls=0
1788536159.119298 [PRT] calls=211053 xerr=0 ler=1 lidx=0x0 perr=0 maxcnt=17 addr8=0x52
1788536159.123418 [RTY] wr=0 wmax=0 wref=0  rd=0 rmax=0 rref=0
1788536159.131414 [RNG] frames=52735 last=43 min=28 max=170 nrdy=0 dxfer=0 dstat=0 lst=0 nrdyerr=0 dclr=0
1788536159.137532 [DRV] init=0 id=7 mode=0x1 lib=0x2 seq=0x1 odc=0x8b sts=0xe0 armed=1
1788536159.143048 [TRG] pulses=497 suppressed=6268 cyc=1600 rst=1 rstmode=0x40
1788536159.146538 [HLT] polls=1054 faults=0x0 cfglost=0
1788536159.152278 [EFF] n=5 last=58533 min=58470 max=58534 late=0 stuck=0 rderr=0
1788536159.162523 [IMU] init=0 addr=0x68 who=0x68 rst=1 pmrb0=0x40 pmrb=0x1 sr=19 cfg=4 gcfg=0x0 acfg=0x8 icfg=0x30 ien=0x1 armed=1
1788536159.168022 [ACC] reads=52713 stale=52663 rderr=24 ax=76 ay=-119 az=1116
1788536159.170648 [PWR] pm=0x1 drift=0 rderr=0
1788536159.174519 [DWT] ok=1 cyc=529284414 cyc_per_ms=800000
1788536160.188500 [HB] up_ms=1166866 frames=52783 inf=52783 hazard=6765 canary_err=0 q=0 qovr=0
1788536160.199973 [I2C] init=0 gate=0 whoami=0x140e0 wr=0 wrseen=0x27 addr=0x5a ok=321468 err=24 tmo=0 recov=53 pclk1=200000000 sysclk=400000000
1788536160.201343 [NAK] nacks=20
1788536160.205968 [CLK] cpu=800000000 sysb=400000000 pclk1=200000000
1788536160.210462 [TOF] res=0 step=0 id=0xeacc blk=0xeacc10 ctl=0x0
1788536160.216215 [RNG] init=0 step=99 id=0xeacc boot=1 calls=93 xerr=0 dm=1 tb=15
1788536160.223344 [RNG] osc=41 imp=881 imprb=881 mstart=0x40 cfg=91 cfgfail=0x0 vhv=0 vpolls=0
1788536160.229456 [PRT] calls=211253 xerr=0 ler=1 lidx=0x0 perr=0 maxcnt=17 addr8=0x52
1788536160.233579 [RTY] wr=0 wmax=0 wref=0  rd=0 rmax=0 rref=0
1788536160.241572 [RNG] frames=52785 last=44 min=28 max=170 nrdy=0 dxfer=0 dstat=0 lst=0 nrdyerr=0 dclr=0
1788536160.247834 [DRV] init=0 id=7 mode=0x1 lib=0x2 seq=0x1 odc=0x8b sts=0xe0 armed=1
1788536160.253194 [TRG] pulses=497 suppressed=6268 cyc=1600 rst=1 rstmode=0x40
1788536160.256706 [HLT] polls=1055 faults=0x0 cfglost=0
1788536160.262456 [EFF] n=5 last=58533 min=58470 max=58534 late=0 stuck=0 rderr=0
1788536160.272689 [IMU] init=0 addr=0x68 who=0x68 rst=1 pmrb0=0x40 pmrb=0x1 sr=19 cfg=4 gcfg=0x0 acfg=0x8 icfg=0x30 ien=0x1 armed=1
1788536160.278195 [ACC] reads=52763 stale=52713 rderr=24 ax=75 ay=-119 az=1117
1788536160.280822 [PWR] pm=0x1 drift=0 rderr=0
1788536160.284808 [DWT] ok=1 cyc=1411684278 cyc_per_ms=799999
1788536161.298678 [HB] up_ms=1167969 frames=52833 inf=52833 hazard=6765 canary_err=0 q=0 qovr=0
1788536161.310180 [I2C] init=0 gate=0 whoami=0x140e0 wr=0 wrseen=0x27 addr=0x5a ok=321769 err=25 tmo=0 recov=53 pclk1=200000000 sysclk=400000000
1788536161.311527 [NAK] nacks=21
1788536161.316184 [CLK] cpu=800000000 sysb=400000000 pclk1=200000000
1788536161.320637 [TOF] res=0 step=0 id=0xeacc blk=0xeacc10 ctl=0x0
1788536161.326388 [RNG] init=0 step=99 id=0xeacc boot=1 calls=93 xerr=0 dm=1 tb=15
1788536161.333511 [RNG] osc=41 imp=881 imprb=881 mstart=0x40 cfg=91 cfgfail=0x0 vhv=0 vpolls=0
1788536161.339641 [PRT] calls=211453 xerr=0 ler=1 lidx=0x0 perr=0 maxcnt=17 addr8=0x52
1788536161.343760 [RTY] wr=0 wmax=0 wref=0  rd=0 rmax=0 rref=0
1788536161.351633 [RNG] frames=52835 last=45 min=28 max=170 nrdy=0 dxfer=0 dstat=0 lst=0 nrdyerr=0 dclr=0
1788536161.358009 [DRV] init=0 id=7 mode=0x1 lib=0x2 seq=0x1 odc=0x8b sts=0xe0 armed=1
1788536161.363380 [TRG] pulses=497 suppressed=6268 cyc=1600 rst=1 rstmode=0x40
1788536161.366879 [HLT] polls=1056 faults=0x0 cfglost=0
1788536161.372625 [EFF] n=5 last=58533 min=58470 max=58534 late=0 stuck=0 rderr=0
1788536161.382998 [IMU] init=0 addr=0x68 who=0x68 rst=1 pmrb0=0x40 pmrb=0x1 sr=19 cfg=4 gcfg=0x0 acfg=0x8 icfg=0x30 ien=0x1 armed=1
1788536161.388540 [ACC] reads=52812 stale=52763 rderr=25 ax=73 ay=-119 az=1117
1788536161.391149 [PWR] pm=0x1 drift=0 rderr=0
1788536161.395118 [DWT] ok=1 cyc=2294084254 cyc_per_ms=799999
1788536162.409118 [HB] up_ms=1169072 frames=52883 inf=52883 hazard=6765 canary_err=0 q=0 qovr=0
1788536162.420588 [I2C] init=0 gate=0 whoami=0x140e0 wr=0 wrseen=0x27 addr=0x5a ok=322071 err=25 tmo=0 recov=53 pclk1=200000000 sysclk=400000000
1788536162.422086 [NAK] nacks=21
1788536162.426584 [CLK] cpu=800000000 sysb=400000000 pclk1=200000000
1788536162.431079 [TOF] res=0 step=0 id=0xeacc blk=0xeacc10 ctl=0x0
1788536162.436958 [RNG] init=0 step=99 id=0xeacc boot=1 calls=93 xerr=0 dm=1 tb=15
1788536162.444134 [RNG] osc=41 imp=881 imprb=881 mstart=0x40 cfg=91 cfgfail=0x0 vhv=0 vpolls=0
1788536162.450215 [PRT] calls=211653 xerr=0 ler=1 lidx=0x0 perr=0 maxcnt=17 addr8=0x52
1788536162.454196 [RTY] wr=0 wmax=0 wref=0  rd=0 rmax=0 rref=0
1788536162.462091 [RNG] frames=52885 last=41 min=28 max=170 nrdy=0 dxfer=0 dstat=0 lst=0 nrdyerr=0 dclr=0
1788536162.468450 [DRV] init=0 id=7 mode=0x1 lib=0x2 seq=0x1 odc=0x8b sts=0xe0 armed=1
1788536162.473942 [TRG] pulses=497 suppressed=6268 cyc=1600 rst=1 rstmode=0x40
1788536162.477318 [HLT] polls=1057 faults=0x0 cfglost=0
1788536162.483064 [EFF] n=5 last=58533 min=58470 max=58534 late=0 stuck=0 rderr=0
1788536162.493433 [IMU] init=0 addr=0x68 who=0x68 rst=1 pmrb0=0x40 pmrb=0x1 sr=19 cfg=4 gcfg=0x0 acfg=0x8 icfg=0x30 ien=0x1 armed=1
1788536162.498926 [ACC] reads=52862 stale=52813 rderr=25 ax=75 ay=-120 az=1117
1788536162.501550 [PWR] pm=0x1 drift=0 rderr=0
1788536162.505592 [DWT] ok=1 cyc=3176484162 cyc_per_ms=799999
1788536163.519299 [HB] up_ms=1170175 frames=52933 inf=52933 hazard=6778 canary_err=0 q=0 qovr=0
1788536163.530814 [I2C] init=0 gate=0 whoami=0x140e0 wr=0 wrseen=0x27 addr=0x5a ok=322373 err=25 tmo=0 recov=53 pclk1=200000000 sysclk=400000000
1788536163.532189 [NAK] nacks=21
1788536163.536779 [CLK] cpu=800000000 sysb=400000000 pclk1=200000000
1788536163.541272 [TOF] res=0 step=0 id=0xeacc blk=0xeacc10 ctl=0x0
1788536163.547031 [RNG] init=0 step=99 id=0xeacc boot=1 calls=93 xerr=0 dm=1 tb=15
1788536163.554388 [RNG] osc=41 imp=881 imprb=881 mstart=0x40 cfg=91 cfgfail=0x0 vhv=0 vpolls=0
1788536163.560282 [PRT] calls=211853 xerr=0 ler=1 lidx=0x0 perr=0 maxcnt=17 addr8=0x52
1788536163.564418 [RTY] wr=0 wmax=0 wref=0  rd=0 rmax=0 rref=0
1788536163.572268 [RNG] frames=52935 last=46 min=28 max=170 nrdy=0 dxfer=0 dstat=0 lst=0 nrdyerr=0 dclr=0
1788536163.578514 [DRV] init=0 id=7 mode=0x1 lib=0x2 seq=0x1 odc=0x8b sts=0xe0 armed=1
1788536163.584026 [TRG] pulses=499 suppressed=6282 cyc=1600 rst=1 rstmode=0x40
1788536163.587519 [HLT] polls=1058 faults=0x0 cfglost=0
1788536163.593280 [EFF] n=5 last=58533 min=58470 max=58534 late=0 stuck=0 rderr=0
1788536163.603511 [IMU] init=0 addr=0x68 who=0x68 rst=1 pmrb0=0x40 pmrb=0x1 sr=19 cfg=4 gcfg=0x0 acfg=0x8 icfg=0x30 ien=0x1 armed=1
1788536163.609005 [ACC] reads=52912 stale=52863 rderr=25 ax=74 ay=-120 az=1117
1788536163.611635 [PWR] pm=0x1 drift=0 rderr=0
1788536163.615632 [DWT] ok=1 cyc=4058890126 cyc_per_ms=800005
1788536164.629399 [HB] up_ms=1171278 frames=52983 inf=52983 hazard=6806 canary_err=0 q=0 qovr=0
1788536164.640877 [I2C] init=0 gate=0 whoami=0x140e0 wr=0 wrseen=0x27 addr=0x5a ok=322675 err=25 tmo=0 recov=53 pclk1=200000000 sysclk=400000000
1788536164.642369 [NAK] nacks=21
1788536164.646853 [CLK] cpu=800000000 sysb=400000000 pclk1=200000000
1788536164.651371 [TOF] res=0 step=0 id=0xeacc blk=0xeacc10 ctl=0x0
1788536164.657258 [RNG] init=0 step=99 id=0xeacc boot=1 calls=93 xerr=0 dm=1 tb=15
1788536164.664233 [RNG] osc=41 imp=881 imprb=881 mstart=0x40 cfg=91 cfgfail=0x0 vhv=0 vpolls=0
1788536164.670483 [PRT] calls=212053 xerr=0 ler=1 lidx=0x0 perr=0 maxcnt=17 addr8=0x52
1788536164.674480 [RTY] wr=0 wmax=0 wref=0  rd=0 rmax=0 rref=0
1788536164.682357 [RNG] frames=52985 last=39 min=28 max=170 nrdy=0 dxfer=0 dstat=0 lst=0 nrdyerr=0 dclr=0
1788536164.688730 [DRV] init=0 id=7 mode=0x1 lib=0x2 seq=0x1 odc=0x8b sts=0xe0 armed=1
1788536164.694229 [TRG] pulses=500 suppressed=6306 cyc=1600 rst=1 rstmode=0x40
1788536164.697597 [HLT] polls=1059 faults=0x0 cfglost=0
1788536164.703350 [EFF] n=5 last=58533 min=58470 max=58534 late=0 stuck=0 rderr=0
1788536164.713713 [IMU] init=0 addr=0x68 who=0x68 rst=1 pmrb0=0x40 pmrb=0x1 sr=19 cfg=4 gcfg=0x0 acfg=0x8 icfg=0x30 ien=0x1 armed=1
1788536164.719121 [ACC] reads=52962 stale=52913 rderr=25 ax=72 ay=-121 az=1118
1788536164.721871 [PWR] pm=0x1 drift=0 rderr=0
1788536164.725726 [DWT] ok=1 cyc=646316990 cyc_per_ms=799994
1788536165.739478 [HB] up_ms=1172381 frames=53033 inf=53033 hazard=6806 canary_err=0 q=0 qovr=0
1788536165.750970 [I2C] init=0 gate=0 whoami=0x140e0 wr=0 wrseen=0x27 addr=0x5a ok=322977 err=25 tmo=0 recov=53 pclk1=200000000 sysclk=400000000
1788536165.752342 [NAK] nacks=21
1788536165.756978 [CLK] cpu=800000000 sysb=400000000 pclk1=200000000
1788536165.761480 [TOF] res=0 step=0 id=0xeacc blk=0xeacc10 ctl=0x0
1788536165.767336 [RNG] init=0 step=99 id=0xeacc boot=1 calls=93 xerr=0 dm=1 tb=15
1788536165.774332 [RNG] osc=41 imp=881 imprb=881 mstart=0x40 cfg=91 cfgfail=0x0 vhv=0 vpolls=0
1788536165.780583 [PRT] calls=212252 xerr=0 ler=1 lidx=0x0 perr=0 maxcnt=17 addr8=0x52
1788536165.784580 [RTY] wr=0 wmax=0 wref=0  rd=0 rmax=0 rref=0
1788536165.792457 [RNG] frames=53035 last=45 min=28 max=170 nrdy=0 dxfer=0 dstat=0 lst=0 nrdyerr=0 dclr=0
1788536165.798828 [DRV] init=0 id=7 mode=0x1 lib=0x2 seq=0x1 odc=0x8b sts=0xe0 armed=1
1788536165.804328 [TRG] pulses=500 suppressed=6306 cyc=1600 rst=1 rstmode=0x40
1788536165.807689 [HLT] polls=1060 faults=0x0 cfglost=0
1788536165.813447 [EFF] n=5 last=58533 min=58470 max=58534 late=0 stuck=0 rderr=0
1788536165.823819 [IMU] init=0 addr=0x68 who=0x68 rst=1 pmrb0=0x40 pmrb=0x1 sr=19 cfg=4 gcfg=0x0 acfg=0x8 icfg=0x30 ien=0x1 armed=1
1788536165.829201 [ACC] reads=53012 stale=52963 rderr=25 ax=73 ay=-118 az=1118
1788536165.831939 [PWR] pm=0x1 drift=0 rderr=0
1788536165.835813 [DWT] ok=1 cyc=1528717042 cyc_per_ms=800000
1788536166.849712 [HB] up_ms=1173484 frames=53083 inf=53083 hazard=6806 canary_err=0 q=0 qovr=0
1788536166.861075 [I2C] init=0 gate=0 whoami=0x140e0 wr=0 wrseen=0x27 addr=0x5a ok=323279 err=25 tmo=0 recov=53 pclk1=200000000 sysclk=400000000
1788536166.862577 [NAK] nacks=21
1788536166.867218 [CLK] cpu=800000000 sysb=400000000 pclk1=200000000
1788536166.871699 [TOF] res=0 step=0 id=0xeacc blk=0xeacc10 ctl=0x0
1788536166.877574 [RNG] init=0 step=99 id=0xeacc boot=1 calls=93 xerr=0 dm=1 tb=15
1788536166.884439 [RNG] osc=41 imp=881 imprb=881 mstart=0x40 cfg=91 cfgfail=0x0 vhv=0 vpolls=0
1788536166.890812 [PRT] calls=212449 xerr=0 ler=1 lidx=0x0 perr=0 maxcnt=17 addr8=0x52
1788536166.894806 [RTY] wr=0 wmax=0 wref=0  rd=0 rmax=0 rref=0
1788536166.902682 [RNG] frames=53085 last=40 min=28 max=170 nrdy=0 dxfer=0 dstat=0 lst=0 nrdyerr=0 dclr=0
1788536166.909069 [DRV] init=0 id=7 mode=0x1 lib=0x2 seq=0x1 odc=0x8b sts=0xe0 armed=1
1788536166.914550 [TRG] pulses=500 suppressed=6306 cyc=1600 rst=1 rstmode=0x40
1788536166.917934 [HLT] polls=1061 faults=0x0 cfglost=0
1788536166.923693 [EFF] n=5 last=58533 min=58470 max=58534 late=0 stuck=0 rderr=0
1788536166.934054 [IMU] init=0 addr=0x68 who=0x68 rst=1 pmrb0=0x40 pmrb=0x1 sr=19 cfg=4 gcfg=0x0 acfg=0x8 icfg=0x30 ien=0x1 armed=1
1788536166.939424 [ACC] reads=53062 stale=53012 rderr=25 ax=72 ay=-121 az=1118
1788536166.942190 [PWR] pm=0x1 drift=0 rderr=0
1788536166.946037 [DWT] ok=1 cyc=2411117078 cyc_per_ms=800000
1788536167.959448 [HB] up_ms=1174587 frames=53133 inf=53133 hazard=6806 canary_err=0 q=0 qovr=0
1788536167.970695 [I2C] init=0 gate=0 whoami=0x140e0 wr=0 wrseen=0x27 addr=0x5a ok=323581 err=25 tmo=0 recov=53 pclk1=200000000 sysclk=400000000
1788536167.972213 [NAK] nacks=21
1788536167.976814 [CLK] cpu=800000000 sysb=400000000 pclk1=200000000
1788536167.981306 [TOF] res=0 step=0 id=0xeacc blk=0xeacc10 ctl=0x0
1788536167.987194 [RNG] init=0 step=99 id=0xeacc boot=1 calls=93 xerr=0 dm=1 tb=15
1788536167.994053 [RNG] osc=41 imp=881 imprb=881 mstart=0x40 cfg=91 cfgfail=0x0 vhv=0 vpolls=0
1788536168.000431 [PRT] calls=212649 xerr=0 ler=1 lidx=0x0 perr=0 maxcnt=17 addr8=0x52
1788536168.004428 [RTY] wr=0 wmax=0 wref=0  rd=0 rmax=0 rref=0
1788536168.012306 [RNG] frames=53135 last=45 min=28 max=170 nrdy=0 dxfer=0 dstat=0 lst=0 nrdyerr=0 dclr=0
1788536168.018568 [DRV] init=0 id=7 mode=0x1 lib=0x2 seq=0x1 odc=0x8b sts=0xe0 armed=1
1788536168.024188 [TRG] pulses=500 suppressed=6306 cyc=1600 rst=1 rstmode=0x40
1788536168.027671 [HLT] polls=1062 faults=0x0 cfglost=0
1788536168.033284 [EFF] n=5 last=58533 min=58470 max=58534 late=0 stuck=0 rderr=0
1788536168.043660 [IMU] init=0 addr=0x68 who=0x68 rst=1 pmrb0=0x40 pmrb=0x1 sr=19 cfg=4 gcfg=0x0 acfg=0x8 icfg=0x30 ien=0x1 armed=1
1788536168.049172 [ACC] reads=53112 stale=53061 rderr=25 ax=72 ay=-121 az=1113
1788536168.051778 [PWR] pm=0x1 drift=0 rderr=0
1788536168.055817 [DWT] ok=1 cyc=3293516650 cyc_per_ms=799999
1788536169.069813 [HB] up_ms=1175690 frames=53183 inf=53183 hazard=6806 canary_err=0 q=0 qovr=0
1788536169.081052 [I2C] init=0 gate=0 whoami=0x140e0 wr=0 wrseen=0x27 addr=0x5a ok=323883 err=25 tmo=0 recov=53 pclk1=200000000 sysclk=400000000
1788536169.082551 [NAK] nacks=21
1788536169.087296 [CLK] cpu=800000000 sysb=400000000 pclk1=200000000
1788536169.091804 [TOF] res=0 step=0 id=0xeacc blk=0xeacc10 ctl=0x0
1788536169.097553 [RNG] init=0 step=99 id=0xeacc boot=1 calls=93 xerr=0 dm=1 tb=15
1788536169.104448 [RNG] osc=41 imp=881 imprb=881 mstart=0x40 cfg=91 cfgfail=0x0 vhv=0 vpolls=0
1788536169.110799 [PRT] calls=212849 xerr=0 ler=1 lidx=0x0 perr=0 maxcnt=17 addr8=0x52
1788536169.114917 [RTY] wr=0 wmax=0 wref=0  rd=0 rmax=0 rref=0
1788536169.122801 [RNG] frames=53185 last=41 min=28 max=170 nrdy=0 dxfer=0 dstat=0 lst=0 nrdyerr=0 dclr=0
1788536169.128919 [DRV] init=0 id=7 mode=0x1 lib=0x2 seq=0x1 odc=0x8b sts=0xe0 armed=1
1788536169.134540 [TRG] pulses=500 suppressed=6306 cyc=1600 rst=1 rstmode=0x40
1788536169.138040 [HLT] polls=1063 faults=0x0 cfglost=0
1788536169.143779 [EFF] n=5 last=58533 min=58470 max=58534 late=0 stuck=0 rderr=0
1788536169.154032 [IMU] init=0 addr=0x68 who=0x68 rst=1 pmrb0=0x40 pmrb=0x1 sr=19 cfg=4 gcfg=0x0 acfg=0x8 icfg=0x30 ien=0x1 armed=1
1788536169.159532 [ACC] reads=53162 stale=53111 rderr=25 ax=76 ay=-123 az=1114
1788536169.162200 [PWR] pm=0x1 drift=0 rderr=0
1788536169.166184 [DWT] ok=1 cyc=4175916922 cyc_per_ms=800000
1788536170.179825 [HB] up_ms=1176793 frames=53233 inf=53233 hazard=6806 canary_err=0 q=0 qovr=0
1788536170.191058 [I2C] init=0 gate=0 whoami=0x140e0 wr=0 wrseen=0x27 addr=0x5a ok=324185 err=25 tmo=0 recov=53 pclk1=200000000 sysclk=400000000
1788536170.192556 [NAK] nacks=21
1788536170.197296 [CLK] cpu=800000000 sysb=400000000 pclk1=200000000
1788536170.201811 [TOF] res=0 step=0 id=0xeacc blk=0xeacc10 ctl=0x0
1788536170.207561 [RNG] init=0 step=99 id=0xeacc boot=1 calls=93 xerr=0 dm=1 tb=15
1788536170.214568 [RNG] osc=41 imp=881 imprb=881 mstart=0x40 cfg=91 cfgfail=0x0 vhv=0 vpolls=0
1788536170.220924 [PRT] calls=213049 xerr=0 ler=1 lidx=0x0 perr=0 maxcnt=17 addr8=0x52
1788536170.224922 [RTY] wr=0 wmax=0 wref=0  rd=0 rmax=0 rref=0
1788536170.232798 [RNG] frames=53235 last=47 min=28 max=170 nrdy=0 dxfer=0 dstat=0 lst=0 nrdyerr=0 dclr=0
1788536170.238919 [DRV] init=0 id=7 mode=0x1 lib=0x2 seq=0x1 odc=0x8b sts=0xe0 armed=1
1788536170.244674 [TRG] pulses=500 suppressed=6306 cyc=1600 rst=1 rstmode=0x40
1788536170.248047 [HLT] polls=1064 faults=0x0 cfglost=0
1788536170.253792 [EFF] n=5 last=58533 min=58470 max=58534 late=0 stuck=0 rderr=0
1788536170.264035 [IMU] init=0 addr=0x68 who=0x68 rst=1 pmrb0=0x40 pmrb=0x1 sr=19 cfg=4 gcfg=0x0 acfg=0x8 icfg=0x30 ien=0x1 armed=1
1788536170.269550 [ACC] reads=53211 stale=53161 rderr=25 ax=74 ay=-119 az=1115
1788536170.272285 [PWR] pm=0x1 drift=0 rderr=0
1788536170.276205 [DWT] ok=1 cyc=763377774 cyc_per_ms=800025
1788536171.289954 [HB] up_ms=1177896 frames=53282 inf=53282 hazard=6847 canary_err=0 q=0 qovr=0
1788536171.301241 [I2C] init=0 gate=0 whoami=0x140e0 wr=0 wrseen=0x27 addr=0x5a ok=324487 err=25 tmo=0 recov=53 pclk1=200000000 sysclk=400000000
1788536171.302713 [NAK] nacks=21
1788536171.307321 [CLK] cpu=800000000 sysb=400000000 pclk1=200000000
1788536171.311942 [TOF] res=0 step=0 id=0xeacc blk=0xeacc10 ctl=0x0
1788536171.317688 [RNG] init=0 step=99 id=0xeacc boot=1 calls=93 xerr=0 dm=1 tb=15
1788536171.324556 [RNG] osc=41 imp=881 imprb=881 mstart=0x40 cfg=91 cfgfail=0x0 vhv=0 vpolls=0
1788536171.330937 [PRT] calls=213249 xerr=0 ler=1 lidx=0x0 perr=0 maxcnt=17 addr8=0x52
1788536171.335066 [RTY] wr=0 wmax=0 wref=0  rd=0 rmax=0 rref=0
1788536171.342801 [RNG] frames=53285 last=42 min=28 max=170 nrdy=0 dxfer=0 dstat=0 lst=0 nrdyerr=0 dclr=0
1788536171.349054 [DRV] init=0 id=7 mode=0x1 lib=0x2 seq=0x1 odc=0x8b sts=0xe0 armed=1
1788536171.354673 [TRG] pulses=503 suppressed=6344 cyc=1600 rst=1 rstmode=0x40
1788536171.358180 [HLT] polls=1065 faults=0x0 cfglost=0
1788536171.363797 [EFF] n=5 last=58533 min=58470 max=58534 late=0 stuck=0 rderr=0
1788536171.374056 [IMU] init=0 addr=0x68 who=0x68 rst=1 pmrb0=0x40 pmrb=0x1 sr=19 cfg=4 gcfg=0x0 acfg=0x8 icfg=0x30 ien=0x1 armed=1
1788536171.379683 [ACC] reads=53261 stale=53210 rderr=25 ax=76 ay=-121 az=1115
1788536171.382308 [PWR] pm=0x1 drift=0 rderr=0
1788536171.386298 [DWT] ok=1 cyc=1645882738 cyc_per_ms=800095
1788536172.399722 [HB] up_ms=1178999 frames=53332 inf=53332 hazard=6847 canary_err=0 q=0 qovr=0
1788536172.410963 [I2C] init=0 gate=0 whoami=0x140e0 wr=0 wrseen=0x27 addr=0x5a ok=324789 err=25 tmo=0 recov=53 pclk1=200000000 sysclk=400000000
1788536172.412454 [NAK] nacks=21
1788536172.416957 [CLK] cpu=800000000 sysb=400000000 pclk1=200000000
1788536172.421715 [TOF] res=0 step=0 id=0xeacc blk=0xeacc10 ctl=0x0
1788536172.427468 [RNG] init=0 step=99 id=0xeacc boot=1 calls=93 xerr=0 dm=1 tb=15
1788536172.434450 [RNG] osc=41 imp=881 imprb=881 mstart=0x40 cfg=91 cfgfail=0x0 vhv=0 vpolls=0
1788536172.440583 [PRT] calls=213449 xerr=0 ler=1 lidx=0x0 perr=0 maxcnt=17 addr8=0x52
1788536172.444829 [RTY] wr=0 wmax=0 wref=0  rd=0 rmax=0 rref=0
1788536172.452702 [RNG] frames=53335 last=45 min=28 max=170 nrdy=0 dxfer=0 dstat=0 lst=0 nrdyerr=0 dclr=0
1788536172.458823 [DRV] init=0 id=7 mode=0x1 lib=0x2 seq=0x1 odc=0x8b sts=0xe0 armed=1
1788536172.464321 [TRG] pulses=503 suppressed=6344 cyc=1600 rst=1 rstmode=0x40
1788536172.467964 [HLT] polls=1066 faults=0x0 cfglost=0
1788536172.473708 [EFF] n=5 last=58533 min=58470 max=58534 late=0 stuck=0 rderr=0
1788536172.483824 [IMU] init=0 addr=0x68 who=0x68 rst=1 pmrb0=0x40 pmrb=0x1 sr=19 cfg=4 gcfg=0x0 acfg=0x8 icfg=0x30 ien=0x1 armed=1
1788536172.489435 [ACC] reads=53311 stale=53260 rderr=25 ax=74 ay=-121 az=1115
1788536172.492056 [PWR] pm=0x1 drift=0 rderr=0
1788536172.496058 [DWT] ok=1 cyc=2528283322 cyc_per_ms=800000
1788536173.509629 [HB] up_ms=1180102 frames=53382 inf=53382 hazard=6847 canary_err=0 q=0 qovr=0
1788536173.520862 [I2C] init=0 gate=0 whoami=0x140e0 wr=0 wrseen=0x27 addr=0x5a ok=325091 err=25 tmo=0 recov=53 pclk1=200000000 sysclk=400000000
1788536173.522359 [NAK] nacks=21
1788536173.526860 [CLK] cpu=800000000 sysb=400000000 pclk1=200000000
1788536173.531607 [TOF] res=0 step=0 id=0xeacc blk=0xeacc10 ctl=0x0
1788536173.537349 [RNG] init=0 step=99 id=0xeacc boot=1 calls=93 xerr=0 dm=1 tb=15
1788536173.544363 [RNG] osc=41 imp=881 imprb=881 mstart=0x40 cfg=91 cfgfail=0x0 vhv=0 vpolls=0
1788536173.550477 [PRT] calls=213649 xerr=0 ler=1 lidx=0x0 perr=0 maxcnt=17 addr8=0x52
1788536173.554727 [RTY] wr=0 wmax=0 wref=0  rd=0 rmax=0 rref=0
1788536173.562602 [RNG] frames=53384 last=47 min=28 max=170 nrdy=0 dxfer=0 dstat=0 lst=0 nrdyerr=0 dclr=0
1788536173.568711 [DRV] init=0 id=7 mode=0x1 lib=0x2 seq=0x1 odc=0x8b sts=0xe0 armed=1
1788536173.574214 [TRG] pulses=503 suppressed=6344 cyc=1600 rst=1 rstmode=0x40
1788536173.577849 [HLT] polls=1067 faults=0x0 cfglost=0
1788536173.583586 [EFF] n=5 last=58533 min=58470 max=58534 late=0 stuck=0 rderr=0
1788536173.593707 [IMU] init=0 addr=0x68 who=0x68 rst=1 pmrb0=0x40 pmrb=0x1 sr=19 cfg=4 gcfg=0x0 acfg=0x8 icfg=0x30 ien=0x1 armed=1
1788536173.599213 [ACC] reads=53361 stale=53310 rderr=25 ax=74 ay=-120 az=1114
1788536173.601953 [PWR] pm=0x1 drift=0 rderr=0
1788536173.605966 [DWT] ok=1 cyc=3410683250 cyc_per_ms=799999
1788536174.619500 [HB] up_ms=1181205 frames=53432 inf=53432 hazard=6847 canary_err=0 q=0 qovr=0
1788536174.631004 [I2C] init=0 gate=0 whoami=0x140e0 wr=0 wrseen=0x27 addr=0x5a ok=325387 err=25 tmo=0 recov=54 pclk1=200000000 sysclk=400000000
1788536174.632406 [NAK] nacks=21
1788536174.636990 [CLK] cpu=800000000 sysb=400000000 pclk1=200000000
1788536174.641492 [TOF] res=0 step=0 id=0xeacc blk=0xeacc10 ctl=0x0
1788536174.647266 [RNG] init=0 step=99 id=0xeacc boot=1 calls=93 xerr=0 dm=1 tb=15
1788536174.654372 [RNG] osc=41 imp=881 imprb=881 mstart=0x40 cfg=91 cfgfail=0x0 vhv=0 vpolls=0
1788536174.660504 [PRT] calls=213849 xerr=0 ler=1 lidx=0x0 perr=0 maxcnt=17 addr8=0x52
1788536174.664512 [RTY] wr=0 wmax=0 wref=0  rd=0 rmax=0 rref=0
1788536174.672495 [RNG] frames=53434 last=46 min=28 max=170 nrdy=0 dxfer=0 dstat=0 lst=0 nrdyerr=0 dclr=0
1788536174.678777 [DRV] init=0 id=7 mode=0x1 lib=0x2 seq=0x1 odc=0x8b sts=0xe0 armed=1
1788536174.684264 [TRG] pulses=503 suppressed=6344 cyc=1600 rst=1 rstmode=0x40
1788536174.687636 [HLT] polls=1068 faults=0x0 cfglost=0
1788536174.693378 [EFF] n=5 last=58533 min=58470 max=58534 late=0 stuck=0 rderr=0
1788536174.703774 [IMU] init=0 addr=0x68 who=0x68 rst=1 pmrb0=0x40 pmrb=0x1 sr=19 cfg=4 gcfg=0x0 acfg=0x8 icfg=0x30 ien=0x1 armed=1
1788536174.709163 [ACC] reads=53411 stale=53360 rderr=25 ax=74 ay=-121 az=1113
1788536174.711885 [PWR] pm=0x1 drift=0 rderr=0
1788536174.715768 [DWT] ok=1 cyc=4292949686 cyc_per_ms=799878
1788536175.733131 [HB] up_ms=1182308 frames=53482 inf=53482 hazard=6847 canary_err=0 q=0 qovr=0
1788536175.744644 [I2C] init=0 gate=0 whoami=0x140e0 wr=0 wrseen=0x27 addr=0x5a ok=325689 err=25 tmo=0 recov=54 pclk1=200000000 sysclk=400000000
1788536175.746035 [NAK] nacks=21
1788536175.750687 [CLK] cpu=800000000 sysb=400000000 pclk1=200000000
1788536175.755204 [TOF] res=0 step=0 id=0xeacc blk=0xeacc10 ctl=0x0
1788536175.760980 [RNG] init=0 step=99 id=0xeacc boot=1 calls=93 xerr=0 dm=1 tb=15
1788536175.768157 [RNG] osc=41 imp=881 imprb=881 mstart=0x40 cfg=91 cfgfail=0x0 vhv=0 vpolls=0
1788536175.774290 [PRT] calls=214049 xerr=0 ler=1 lidx=0x0 perr=0 maxcnt=17 addr8=0x52
1788536175.778442 [RTY] wr=0 wmax=0 wref=0  rd=0 rmax=0 rref=0
1788536175.786379 [RNG] frames=53484 last=41 min=28 max=170 nrdy=0 dxfer=0 dstat=0 lst=0 nrdyerr=0 dclr=0
1788536175.792632 [DRV] init=0 id=7 mode=0x1 lib=0x2 seq=0x1 odc=0x8b sts=0xe0 armed=1
1788536175.798189 [TRG] pulses=503 suppressed=6344 cyc=1600 rst=1 rstmode=0x40
1788536175.801676 [HLT] polls=1069 faults=0x0 cfglost=0
1788536175.807330 [EFF] n=5 last=58533 min=58470 max=58534 late=0 stuck=0 rderr=0
1788536175.817742 [IMU] init=0 addr=0x68 who=0x68 rst=1 pmrb0=0x40 pmrb=0x1 sr=19 cfg=4 gcfg=0x0 acfg=0x8 icfg=0x30 ien=0x1 armed=1
1788536175.823272 [ACC] reads=53461 stale=53410 rderr=25 ax=73 ay=-121 az=1116
1788536175.825914 [PWR] pm=0x1 drift=0 rderr=0
1788536175.829807 [DWT] ok=1 cyc=880382342 cyc_per_ms=799999
1788536176.848734 [HB] up_ms=1183411 frames=53532 inf=53532 hazard=6847 canary_err=0 q=0 qovr=0
1788536176.860294 [I2C] init=0 gate=0 whoami=0x140e0 wr=0 wrseen=0x27 addr=0x5a ok=325991 err=25 tmo=0 recov=54 pclk1=200000000 sysclk=400000000
1788536176.861671 [NAK] nacks=21
1788536176.866316 [CLK] cpu=800000000 sysb=400000000 pclk1=200000000
1788536176.870831 [TOF] res=0 step=0 id=0xeacc blk=0xeacc10 ctl=0x0
1788536176.876727 [RNG] init=0 step=99 id=0xeacc boot=1 calls=93 xerr=0 dm=1 tb=15
1788536176.883775 [RNG] osc=41 imp=881 imprb=881 mstart=0x40 cfg=91 cfgfail=0x0 vhv=0 vpolls=0
1788536176.890043 [PRT] calls=214249 xerr=0 ler=1 lidx=0x0 perr=0 maxcnt=17 addr8=0x52
1788536176.894067 [RTY] wr=0 wmax=0 wref=0  rd=0 rmax=0 rref=0
1788536176.901964 [RNG] frames=53534 last=42 min=28 max=170 nrdy=0 dxfer=0 dstat=0 lst=0 nrdyerr=0 dclr=0
1788536176.908381 [DRV] init=0 id=7 mode=0x1 lib=0x2 seq=0x1 odc=0x8b sts=0xe0 armed=1
1788536176.913912 [TRG] pulses=503 suppressed=6344 cyc=1600 rst=1 rstmode=0x40
1788536176.917294 [HLT] polls=1070 faults=0x0 cfglost=0
1788536176.923071 [EFF] n=5 last=58533 min=58470 max=58534 late=0 stuck=0 rderr=0
1788536176.933495 [IMU] init=0 addr=0x68 who=0x68 rst=1 pmrb0=0x40 pmrb=0x1 sr=19 cfg=4 gcfg=0x0 acfg=0x8 icfg=0x30 ien=0x1 armed=1
1788536176.938884 [ACC] reads=53511 stale=53460 rderr=25 ax=76 ay=-119 az=1114
1788536176.941647 [PWR] pm=0x1 drift=0 rderr=0
1788536176.945539 [DWT] ok=1 cyc=1762782254 cyc_per_ms=799999
1788536177.963541 [HB] up_ms=1184514 frames=53582 inf=53582 hazard=6869 canary_err=0 q=0 qovr=0
1788536177.975084 [I2C] init=0 gate=0 whoami=0x140e0 wr=0 wrseen=0x27 addr=0x5a ok=326293 err=25 tmo=0 recov=54 pclk1=200000000 sysclk=400000000
1788536177.976462 [NAK] nacks=21
1788536177.981128 [CLK] cpu=800000000 sysb=400000000 pclk1=200000000
1788536177.985626 [TOF] res=0 step=0 id=0xeacc blk=0xeacc10 ctl=0x0
1788536177.991402 [RNG] init=0 step=99 id=0xeacc boot=1 calls=93 xerr=0 dm=1 tb=15
1788536177.998560 [RNG] osc=41 imp=881 imprb=881 mstart=0x40 cfg=91 cfgfail=0x0 vhv=0 vpolls=0
1788536178.004715 [PRT] calls=214449 xerr=0 ler=1 lidx=0x0 perr=0 maxcnt=17 addr8=0x52
1788536178.008862 [RTY] wr=0 wmax=0 wref=0  rd=0 rmax=0 rref=0
1788536178.016761 [RNG] frames=53584 last=41 min=28 max=170 nrdy=0 dxfer=0 dstat=0 lst=0 nrdyerr=0 dclr=0
1788536178.023032 [DRV] init=0 id=7 mode=0x1 lib=0x2 seq=0x1 odc=0x8b sts=0xe0 armed=1
1788536178.028552 [TRG] pulses=505 suppressed=6367 cyc=1600 rst=1 rstmode=0x40
1788536178.032074 [HLT] polls=1071 faults=0x0 cfglost=0
1788536178.037842 [EFF] n=5 last=58533 min=58470 max=58534 late=0 stuck=0 rderr=0
1788536178.048163 [IMU] init=0 addr=0x68 who=0x68 rst=1 pmrb0=0x40 pmrb=0x1 sr=19 cfg=4 gcfg=0x0 acfg=0x8 icfg=0x30 ien=0x1 armed=1
1788536178.053653 [ACC] reads=53561 stale=53510 rderr=25 ax=73 ay=-118 az=1117
1788536178.056305 [PWR] pm=0x1 drift=0 rderr=0
1788536178.060305 [DWT] ok=1 cyc=2645185630 cyc_per_ms=800003
1788536179.078535 [HB] up_ms=1185617 frames=53632 inf=53632 hazard=6888 canary_err=0 q=0 qovr=0
1788536179.090061 [I2C] init=0 gate=0 whoami=0x140e0 wr=0 wrseen=0x27 addr=0x5a ok=326595 err=25 tmo=0 recov=54 pclk1=200000000 sysclk=400000000
1788536179.091567 [NAK] nacks=21
1788536179.096125 [CLK] cpu=800000000 sysb=400000000 pclk1=200000000
1788536179.100604 [TOF] res=0 step=0 id=0xeacc blk=0xeacc10 ctl=0x0
1788536179.106502 [RNG] init=0 step=99 id=0xeacc boot=1 calls=93 xerr=0 dm=1 tb=15
1788536179.113539 [RNG] osc=41 imp=881 imprb=881 mstart=0x40 cfg=91 cfgfail=0x0 vhv=0 vpolls=0
1788536179.119811 [PRT] calls=214649 xerr=0 ler=1 lidx=0x0 perr=0 maxcnt=17 addr8=0x52
1788536179.123814 [RTY] wr=0 wmax=0 wref=0  rd=0 rmax=0 rref=0
1788536179.131762 [RNG] frames=53634 last=42 min=28 max=170 nrdy=0 dxfer=0 dstat=0 lst=0 nrdyerr=0 dclr=0
1788536179.138143 [DRV] init=0 id=7 mode=0x1 lib=0x2 seq=0x1 odc=0x8b sts=0xe0 armed=1
1788536179.143639 [TRG] pulses=506 suppressed=6382 cyc=1600 rst=1 rstmode=0x40
1788536179.147028 [HLT] polls=1072 faults=0x0 cfglost=0
1788536179.152802 [EFF] n=5 last=58533 min=58470 max=58534 late=0 stuck=0 rderr=0
1788536179.163246 [IMU] init=0 addr=0x68 who=0x68 rst=1 pmrb0=0x40 pmrb=0x1 sr=19 cfg=4 gcfg=0x0 acfg=0x8 icfg=0x30 ien=0x1 armed=1
1788536179.168744 [ACC] reads=53611 stale=53560 rderr=25 ax=74 ay=-121 az=1109
1788536179.171377 [PWR] pm=0x1 drift=0 rderr=0
1788536179.175394 [DWT] ok=1 cyc=3527582438 cyc_per_ms=799997
1788536180.193595 [HB] up_ms=1186720 frames=53682 inf=53682 hazard=6888 canary_err=0 q=0 qovr=0
1788536180.205004 [I2C] init=0 gate=0 whoami=0x140e0 wr=0 wrseen=0x27 addr=0x5a ok=326896 err=26 tmo=0 recov=54 pclk1=200000000 sysclk=400000000
1788536180.206506 [NAK] nacks=22
1788536180.211174 [CLK] cpu=800000000 sysb=400000000 pclk1=200000000
1788536180.215672 [TOF] res=0 step=0 id=0xeacc blk=0xeacc10 ctl=0x0
1788536180.221432 [RNG] init=0 step=99 id=0xeacc boot=1 calls=93 xerr=0 dm=1 tb=15
1788536180.228463 [RNG] osc=41 imp=881 imprb=881 mstart=0x40 cfg=91 cfgfail=0x0 vhv=0 vpolls=0
1788536180.234735 [PRT] calls=214848 xerr=0 ler=1 lidx=0x0 perr=0 maxcnt=17 addr8=0x52
1788536180.238879 [RTY] wr=0 wmax=0 wref=0  rd=0 rmax=0 rref=0
1788536180.246648 [RNG] frames=53684 last=43 min=28 max=170 nrdy=0 dxfer=0 dstat=0 lst=0 nrdyerr=0 dclr=0
1788536180.253053 [DRV] init=0 id=7 mode=0x1 lib=0x2 seq=0x1 odc=0x8b sts=0xe0 armed=1
1788536180.258587 [TRG] pulses=506 suppressed=6382 cyc=1600 rst=1 rstmode=0x40
1788536180.262080 [HLT] polls=1073 faults=0x0 cfglost=0
1788536180.267850 [EFF] n=5 last=58533 min=58470 max=58534 late=0 stuck=0 rderr=0
1788536180.278161 [IMU] init=0 addr=0x68 who=0x68 rst=1 pmrb0=0x40 pmrb=0x1 sr=19 cfg=4 gcfg=0x0 acfg=0x8 icfg=0x30 ien=0x1 armed=1
1788536180.283657 [ACC] reads=53660 stale=53610 rderr=26 ax=74 ay=-119 az=1115
1788536180.286372 [PWR] pm=0x1 drift=0 rderr=0
1788536180.290203 [DWT] ok=1 cyc=115015170 cyc_per_ms=800000
1788536181.307998 [HB] up_ms=1187823 frames=53732 inf=53732 hazard=6888 canary_err=0 q=0 qovr=0
1788536181.319280 [I2C] init=0 gate=0 whoami=0x140e0 wr=0 wrseen=0x27 addr=0x5a ok=327198 err=26 tmo=0 recov=54 pclk1=200000000 sysclk=400000000
1788536181.320908 [NAK] nacks=22
1788536181.325559 [CLK] cpu=800000000 sysb=400000000 pclk1=200000000
1788536181.330058 [TOF] res=0 step=0 id=0xeacc blk=0xeacc10 ctl=0x0
1788536181.335832 [RNG] init=0 step=99 id=0xeacc boot=1 calls=93 xerr=0 dm=1 tb=15
1788536181.342892 [RNG] osc=41 imp=881 imprb=881 mstart=0x40 cfg=91 cfgfail=0x0 vhv=0 vpolls=0
1788536181.349183 [PRT] calls=215045 xerr=0 ler=1 lidx=0x0 perr=0 maxcnt=17 addr8=0x52
1788536181.353286 [RTY] wr=0 wmax=0 wref=0  rd=0 rmax=0 rref=0
1788536181.361216 [RNG] frames=53734 last=41 min=28 max=170 nrdy=0 dxfer=0 dstat=0 lst=0 nrdyerr=0 dclr=0
1788536181.367459 [DRV] init=0 id=7 mode=0x1 lib=0x2 seq=0x1 odc=0x8b sts=0xe0 armed=1
1788536181.372971 [TRG] pulses=506 suppressed=6382 cyc=1600 rst=1 rstmode=0x40
1788536181.376490 [HLT] polls=1074 faults=0x0 cfglost=0
1788536181.382255 [EFF] n=5 last=58533 min=58470 max=58534 late=0 stuck=0 rderr=0
1788536181.392568 [IMU] init=0 addr=0x68 who=0x68 rst=1 pmrb0=0x40 pmrb=0x1 sr=19 cfg=4 gcfg=0x0 acfg=0x8 icfg=0x30 ien=0x1 armed=1
1788536181.398067 [ACC] reads=53710 stale=53660 rderr=26 ax=74 ay=-122 az=1115
1788536181.400697 [PWR] pm=0x1 drift=0 rderr=0
1788536181.404591 [DWT] ok=1 cyc=997415214 cyc_per_ms=800000
1788536182.422333 [HB] up_ms=1188926 frames=53782 inf=53782 hazard=6888 canary_err=0 q=0 qovr=0
1788536182.433605 [I2C] init=0 gate=0 whoami=0x140e0 wr=0 wrseen=0x27 addr=0x5a ok=327500 err=26 tmo=0 recov=54 pclk1=200000000 sysclk=400000000
1788536182.435132 [NAK] nacks=22
1788536182.439764 [CLK] cpu=800000000 sysb=400000000 pclk1=200000000
1788536182.444268 [TOF] res=0 step=0 id=0xeacc blk=0xeacc10 ctl=0x0
1788536182.450180 [RNG] init=0 step=99 id=0xeacc boot=1 calls=93 xerr=0 dm=1 tb=15
1788536182.457084 [RNG] osc=41 imp=881 imprb=881 mstart=0x40 cfg=91 cfgfail=0x0 vhv=0 vpolls=0
1788536182.463476 [PRT] calls=215245 xerr=0 ler=1 lidx=0x0 perr=0 maxcnt=17 addr8=0x52
1788536182.467468 [RTY] wr=0 wmax=0 wref=0  rd=0 rmax=0 rref=0
1788536182.475358 [RNG] frames=53784 last=38 min=28 max=170 nrdy=0 dxfer=0 dstat=0 lst=0 nrdyerr=0 dclr=0
1788536182.481636 [DRV] init=0 id=7 mode=0x1 lib=0x2 seq=0x1 odc=0x8b sts=0xe0 armed=1
1788536182.487178 [TRG] pulses=506 suppressed=6382 cyc=1600 rst=1 rstmode=0x40
1788536182.490664 [HLT] polls=1075 faults=0x0 cfglost=0
1788536182.496442 [EFF] n=5 last=58533 min=58470 max=58534 late=0 stuck=0 rderr=0
1788536182.506720 [IMU] init=0 addr=0x68 who=0x68 rst=1 pmrb0=0x40 pmrb=0x1 sr=19 cfg=4 gcfg=0x0 acfg=0x8 icfg=0x30 ien=0x1 armed=1
1788536182.512219 [ACC] reads=53760 stale=53710 rderr=26 ax=74 ay=-122 az=1115
1788536182.514845 [PWR] pm=0x1 drift=0 rderr=0
1788536182.518860 [DWT] ok=1 cyc=1879814834 cyc_per_ms=799999
1788536183.536029 [HB] up_ms=1190029 frames=53831 inf=53831 hazard=6888 canary_err=0 q=0 qovr=0
1788536183.547318 [I2C] init=0 gate=0 whoami=0x140e0 wr=0 wrseen=0x27 addr=0x5a ok=327802 err=26 tmo=0 recov=55 pclk1=200000000 sysclk=400000000
1788536183.548816 [NAK] nacks=22
1788536183.553330 [CLK] cpu=800000000 sysb=400000000 pclk1=200000000
1788536183.557965 [TOF] res=0 step=0 id=0xeacc blk=0xeacc10 ctl=0x0
1788536183.563857 [RNG] init=0 step=99 id=0xeacc boot=1 calls=93 xerr=0 dm=1 tb=15
1788536183.570756 [RNG] osc=41 imp=881 imprb=881 mstart=0x40 cfg=91 cfgfail=0x0 vhv=0 vpolls=0
1788536183.577030 [PRT] calls=215445 xerr=0 ler=1 lidx=0x0 perr=0 maxcnt=17 addr8=0x52
1788536183.581247 [RTY] wr=0 wmax=0 wref=0  rd=0 rmax=0 rref=0
1788536183.589209 [RNG] frames=53833 last=37 min=28 max=170 nrdy=0 dxfer=0 dstat=0 lst=0 nrdyerr=0 dclr=0
1788536183.595342 [DRV] init=0 id=7 mode=0x1 lib=0x2 seq=0x1 odc=0x8b sts=0xe0 armed=1
1788536183.600845 [TRG] pulses=506 suppressed=6382 cyc=1600 rst=1 rstmode=0x40
1788536183.604359 [HLT] polls=1076 faults=0x0 cfglost=0
1788536183.610266 [EFF] n=5 last=58533 min=58470 max=58534 late=0 stuck=0 rderr=0
1788536183.620422 [IMU] init=0 addr=0x68 who=0x68 rst=1 pmrb0=0x40 pmrb=0x1 sr=19 cfg=4 gcfg=0x0 acfg=0x8 icfg=0x30 ien=0x1 armed=1
1788536183.625930 [ACC] reads=53809 stale=53759 rderr=26 ax=75 ay=-120 az=1115
1788536183.628685 [PWR] pm=0x1 drift=0 rderr=0
1788536183.632800 [DWT] ok=1 cyc=2762348682 cyc_per_ms=800121
1788536184.649528 [HB] up_ms=1191132 frames=53881 inf=53881 hazard=6889 canary_err=0 q=0 qovr=0
1788536184.661048 [I2C] init=0 gate=0 whoami=0x140e0 wr=0 wrseen=0x27 addr=0x5a ok=328100 err=26 tmo=0 recov=55 pclk1=200000000 sysclk=400000000
1788536184.662430 [NAK] nacks=22
1788536184.667066 [CLK] cpu=800000000 sysb=400000000 pclk1=200000000
1788536184.671576 [TOF] res=0 step=0 id=0xeacc blk=0xeacc10 ctl=0x0
1788536184.677600 [RNG] init=0 step=99 id=0xeacc boot=1 calls=93 xerr=0 dm=1 tb=15
1788536184.684490 [RNG] osc=41 imp=881 imprb=881 mstart=0x40 cfg=91 cfgfail=0x0 vhv=0 vpolls=0
1788536184.690642 [PRT] calls=215645 xerr=0 ler=1 lidx=0x0 perr=0 maxcnt=17 addr8=0x52
1788536184.694774 [RTY] wr=0 wmax=0 wref=0  rd=0 rmax=0 rref=0
1788536184.702802 [RNG] frames=53883 last=41 min=28 max=170 nrdy=0 dxfer=0 dstat=0 lst=0 nrdyerr=0 dclr=0
1788536184.709064 [DRV] init=0 id=7 mode=0x1 lib=0x2 seq=0x1 odc=0x8b sts=0xe0 armed=1
1788536184.714465 [TRG] pulses=507 suppressed=6385 cyc=1600 rst=1 rstmode=0x40
1788536184.717955 [HLT] polls=1077 faults=0x0 cfglost=0
1788536184.723848 [EFF] n=5 last=58533 min=58470 max=58534 late=0 stuck=0 rderr=0
1788536184.734152 [IMU] init=0 addr=0x68 who=0x68 rst=1 pmrb0=0x40 pmrb=0x1 sr=19 cfg=4 gcfg=0x0 acfg=0x8 icfg=0x30 ien=0x1 armed=1
1788536184.739650 [ACC] reads=53859 stale=53809 rderr=26 ax=74 ay=-119 az=1117
1788536184.742289 [PWR] pm=0x1 drift=0 rderr=0
1788536184.746422 [DWT] ok=1 cyc=3644688350 cyc_per_ms=799945
1788536185.763707 [HB] up_ms=1192235 frames=53931 inf=53931 hazard=6929 canary_err=0 q=0 qovr=0
1788536185.775214 [I2C] init=0 gate=0 whoami=0x140e0 wr=0 wrseen=0x27 addr=0x5a ok=328400 err=26 tmo=0 recov=55 pclk1=200000000 sysclk=400000000
1788536185.776598 [NAK] nacks=22
1788536185.781223 [CLK] cpu=800000000 sysb=400000000 pclk1=200000000
1788536185.785743 [TOF] res=0 step=0 id=0xeacc blk=0xeacc10 ctl=0x0
1788536185.791755 [RNG] init=0 step=99 id=0xeacc boot=1 calls=93 xerr=0 dm=1 tb=15
1788536185.798688 [RNG] osc=41 imp=881 imprb=881 mstart=0x40 cfg=91 cfgfail=0x0 vhv=0 vpolls=0
1788536185.804923 [PRT] calls=215845 xerr=0 ler=1 lidx=0x0 perr=0 maxcnt=17 addr8=0x52
1788536185.808931 [RTY] wr=0 wmax=0 wref=0  rd=0 rmax=0 rref=0
1788536185.817125 [RNG] frames=53933 last=40 min=28 max=170 nrdy=0 dxfer=0 dstat=0 lst=0 nrdyerr=0 dclr=0
1788536185.823217 [DRV] init=0 id=7 mode=0x1 lib=0x2 seq=0x1 odc=0x8b sts=0xe0 armed=1
1788536185.828732 [TRG] pulses=509 suppressed=6420 cyc=1600 rst=1 rstmode=0x40
1788536185.832162 [HLT] polls=1078 faults=0x0 cfglost=0
1788536185.838155 [EFF] n=5 last=58533 min=58470 max=58534 late=0 stuck=0 rderr=0
1788536185.848299 [IMU] init=0 addr=0x68 who=0x68 rst=1 pmrb0=0x40 pmrb=0x1 sr=19 cfg=4 gcfg=0x0 acfg=0x8 icfg=0x30 ien=0x1 armed=1
1788536185.853806 [ACC] reads=53909 stale=53859 rderr=26 ax=74 ay=-121 az=1119
1788536185.856433 [PWR] pm=0x1 drift=0 rderr=0
1788536185.860572 [DWT] ok=1 cyc=232047678 cyc_per_ms=799933
1788536186.877936 [HB] up_ms=1193338 frames=53981 inf=53981 hazard=6929 canary_err=0 q=0 qovr=0
1788536186.889327 [I2C] init=0 gate=0 whoami=0x140e0 wr=0 wrseen=0x27 addr=0x5a ok=328702 err=26 tmo=0 recov=55 pclk1=200000000 sysclk=400000000
1788536186.890864 [NAK] nacks=22
1788536186.895339 [CLK] cpu=800000000 sysb=400000000 pclk1=200000000
1788536186.899854 [TOF] res=0 step=0 id=0xeacc blk=0xeacc10 ctl=0x0
1788536186.905862 [RNG] init=0 step=99 id=0xeacc boot=1 calls=93 xerr=0 dm=1 tb=15
1788536186.912887 [RNG] osc=41 imp=881 imprb=881 mstart=0x40 cfg=91 cfgfail=0x0 vhv=0 vpolls=0
1788536186.919023 [PRT] calls=216045 xerr=0 ler=1 lidx=0x0 perr=0 maxcnt=17 addr8=0x52
1788536186.923178 [RTY] wr=0 wmax=0 wref=0  rd=0 rmax=0 rref=0
1788536186.931198 [RNG] frames=53983 last=35 min=28 max=170 nrdy=0 dxfer=0 dstat=0 lst=0 nrdyerr=0 dclr=0
1788536186.937335 [DRV] init=0 id=7 mode=0x1 lib=0x2 seq=0x1 odc=0x8b sts=0xe0 armed=1
1788536186.942837 [TRG] pulses=509 suppressed=6420 cyc=1600 rst=1 rstmode=0x40
1788536186.946349 [HLT] polls=1079 faults=0x0 cfglost=0
1788536186.952132 [EFF] n=5 last=58533 min=58470 max=58534 late=0 stuck=0 rderr=0
1788536186.962388 [IMU] init=0 addr=0x68 who=0x68 rst=1 pmrb0=0x40 pmrb=0x1 sr=19 cfg=4 gcfg=0x0 acfg=0x8 icfg=0x30 ien=0x1 armed=1
1788536186.967897 [ACC] reads=53959 stale=53909 rderr=26 ax=75 ay=-118 az=1114
1788536186.970566 [PWR] pm=0x1 drift=0 rderr=0
1788536186.974552 [DWT] ok=1 cyc=1114447966 cyc_per_ms=800000
1788536187.991749 [HB] up_ms=1194441 frames=54031 inf=54031 hazard=6929 canary_err=0 q=0 qovr=0
1788536188.003261 [I2C] init=0 gate=0 whoami=0x140e0 wr=0 wrseen=0x27 addr=0x5a ok=329004 err=26 tmo=0 recov=55 pclk1=200000000 sysclk=400000000
1788536188.004640 [NAK] nacks=22
1788536188.009270 [CLK] cpu=800000000 sysb=400000000 pclk1=200000000
1788536188.013786 [TOF] res=0 step=0 id=0xeacc blk=0xeacc10 ctl=0x0
1788536188.019666 [RNG] init=0 step=99 id=0xeacc boot=1 calls=93 xerr=0 dm=1 tb=15
1788536188.026689 [RNG] osc=41 imp=881 imprb=881 mstart=0x40 cfg=91 cfgfail=0x0 vhv=0 vpolls=0
1788536188.032827 [PRT] calls=216245 xerr=0 ler=1 lidx=0x0 perr=0 maxcnt=17 addr8=0x52
1788536188.036964 [RTY] wr=0 wmax=0 wref=0  rd=0 rmax=0 rref=0
1788536188.044983 [RNG] frames=54033 last=35 min=28 max=170 nrdy=0 dxfer=0 dstat=0 lst=0 nrdyerr=0 dclr=0
1788536188.051142 [DRV] init=0 id=7 mode=0x1 lib=0x2 seq=0x1 odc=0x8b sts=0xe0 armed=1
1788536188.056636 [TRG] pulses=509 suppressed=6420 cyc=1600 rst=1 rstmode=0x40
1788536188.060162 [HLT] polls=1080 faults=0x0 cfglost=0
1788536188.065907 [EFF] n=5 last=58533 min=58470 max=58534 late=0 stuck=0 rderr=0
1788536188.076230 [IMU] init=0 addr=0x68 who=0x68 rst=1 pmrb0=0x40 pmrb=0x1 sr=19 cfg=4 gcfg=0x0 acfg=0x8 icfg=0x30 ien=0x1 armed=1
1788536188.081715 [ACC] reads=54009 stale=53959 rderr=26 ax=72 ay=-121 az=1115
1788536188.084321 [PWR] pm=0x1 drift=0 rderr=0
1788536188.088334 [DWT] ok=1 cyc=1996847998 cyc_per_ms=800000
1788536189.104759 [HB] up_ms=1195544 frames=54081 inf=54081 hazard=6929 canary_err=0 q=0 qovr=0
1788536189.116279 [I2C] init=0 gate=0 whoami=0x140e0 wr=0 wrseen=0x27 addr=0x5a ok=329306 err=26 tmo=0 recov=55 pclk1=200000000 sysclk=400000000
1788536189.128021 [NAK] nacks=22
1788536189.128193 [CLK] cpu=800000000 sysb=400000000 pclk1=200000000
1788536189.128293 [TOF] res=0 step=0 id=0xeacc blk=0xeacc10 ctl=0x0
1788536189.132556 [RNG] init=0 step=99 id=0xeacc boot=1 calls=93 xerr=0 dm=1 tb=15
1788536189.139697 [RNG] osc=41 imp=881 imprb=881 mstart=0x40 cfg=91 cfgfail=0x0 vhv=0 vpolls=0
1788536189.145831 [PRT] calls=216445 xerr=0 ler=1 lidx=0x0 perr=0 maxcnt=17 addr8=0x52
1788536189.149836 [RTY] wr=0 wmax=0 wref=0  rd=0 rmax=0 rref=0
1788536189.157866 [RNG] frames=54083 last=47 min=28 max=170 nrdy=0 dxfer=0 dstat=0 lst=0 nrdyerr=0 dclr=0
1788536189.164163 [DRV] init=0 id=7 mode=0x1 lib=0x2 seq=0x1 odc=0x8b sts=0xe0 armed=1
1788536189.169642 [TRG] pulses=509 suppressed=6420 cyc=1600 rst=1 rstmode=0x40
1788536189.173035 [HLT] polls=1081 faults=0x0 cfglost=0
1788536189.178784 [EFF] n=5 last=58533 min=58470 max=58534 late=0 stuck=0 rderr=0
1788536189.189193 [IMU] init=0 addr=0x68 who=0x68 rst=1 pmrb0=0x40 pmrb=0x1 sr=19 cfg=4 gcfg=0x0 acfg=0x8 icfg=0x30 ien=0x1 armed=1
1788536189.194690 [ACC] reads=54059 stale=54009 rderr=26 ax=74 ay=-120 az=1116
1788536189.197334 [PWR] pm=0x1 drift=0 rderr=0
1788536189.201331 [DWT] ok=1 cyc=2879247794 cyc_per_ms=799999
1788536190.217260 [HB] up_ms=1196647 frames=54131 inf=54131 hazard=6929 canary_err=0 q=0 qovr=0
1788536190.228762 [I2C] init=0 gate=0 whoami=0x140e0 wr=0 wrseen=0x27 addr=0x5a ok=329608 err=26 tmo=0 recov=55 pclk1=200000000 sysclk=400000000
1788536190.230169 [NAK] nacks=22
1788536190.234784 [CLK] cpu=800000000 sysb=400000000 pclk1=200000000
1788536190.239279 [TOF] res=0 step=0 id=0xeacc blk=0xeacc10 ctl=0x0
1788536190.245039 [RNG] init=0 step=99 id=0xeacc boot=1 calls=93 xerr=0 dm=1 tb=15
1788536190.252213 [RNG] osc=41 imp=881 imprb=881 mstart=0x40 cfg=91 cfgfail=0x0 vhv=0 vpolls=0
1788536190.258325 [PRT] calls=216645 xerr=0 ler=1 lidx=0x0 perr=0 maxcnt=17 addr8=0x52
1788536190.262334 [RTY] wr=0 wmax=0 wref=0  rd=0 rmax=0 rref=0
1788536190.270347 [RNG] frames=54133 last=45 min=28 max=170 nrdy=0 dxfer=0 dstat=0 lst=0 nrdyerr=0 dclr=0
1788536190.276604 [DRV] init=0 id=7 mode=0x1 lib=0x2 seq=0x1 odc=0x8b sts=0xe0 armed=1
1788536190.282151 [TRG] pulses=509 suppressed=6420 cyc=1600 rst=1 rstmode=0x40
1788536190.285496 [HLT] polls=1082 faults=0x0 cfglost=0
1788536190.291250 [EFF] n=5 last=58533 min=58470 max=58534 late=0 stuck=0 rderr=0
1788536190.301670 [IMU] init=0 addr=0x68 who=0x68 rst=1 pmrb0=0x40 pmrb=0x1 sr=19 cfg=4 gcfg=0x0 acfg=0x8 icfg=0x30 ien=0x1 armed=1
1788536190.307065 [ACC] reads=54109 stale=54059 rderr=26 ax=75 ay=-119 az=1111
1788536190.309800 [PWR] pm=0x1 drift=0 rderr=0
1788536190.313682 [DWT] ok=1 cyc=3761647774 cyc_per_ms=799999
1788536191.329490 [HB] up_ms=1197750 frames=54181 inf=54181 hazard=6929 canary_err=0 q=0 qovr=0
1788536191.340993 [I2C] init=0 gate=0 whoami=0x140e0 wr=0 wrseen=0x27 addr=0x5a ok=329910 err=26 tmo=0 recov=55 pclk1=200000000 sysclk=400000000
1788536191.342361 [NAK] nacks=22
1788536191.346993 [CLK] cpu=800000000 sysb=400000000 pclk1=200000000
1788536191.351495 [TOF] res=0 step=0 id=0xeacc blk=0xeacc10 ctl=0x0
1788536191.357274 [RNG] init=0 step=99 id=0xeacc boot=1 calls=93 xerr=0 dm=1 tb=15
1788536191.364403 [RNG] osc=41 imp=881 imprb=881 mstart=0x40 cfg=91 cfgfail=0x0 vhv=0 vpolls=0
1788536191.370547 [PRT] calls=216845 xerr=0 ler=1 lidx=0x0 perr=0 maxcnt=17 addr8=0x52
1788536191.374673 [RTY] wr=0 wmax=0 wref=0  rd=0 rmax=0 rref=0
1788536191.382563 [RNG] frames=54183 last=37 min=28 max=170 nrdy=0 dxfer=0 dstat=0 lst=0 nrdyerr=0 dclr=0
1788536191.388835 [DRV] init=0 id=7 mode=0x1 lib=0x2 seq=0x1 odc=0x8b sts=0xe0 armed=1
1788536191.394342 [TRG] pulses=509 suppressed=6420 cyc=1600 rst=1 rstmode=0x40
1788536191.397855 [HLT] polls=1083 faults=0x0 cfglost=0
1788536191.403600 [EFF] n=5 last=58533 min=58470 max=58534 late=0 stuck=0 rderr=0
1788536191.413880 [IMU] init=0 addr=0x68 who=0x68 rst=1 pmrb0=0x40 pmrb=0x1 sr=19 cfg=4 gcfg=0x0 acfg=0x8 icfg=0x30 ien=0x1 armed=1
1788536191.419386 [ACC] reads=54159 stale=54109 rderr=26 ax=76 ay=-120 az=1114
1788536191.422018 [PWR] pm=0x1 drift=0 rderr=0
1788536191.425902 [DWT] ok=1 cyc=349080366 cyc_per_ms=799999
1788536192.441447 [HB] up_ms=1198853 frames=54231 inf=54231 hazard=6960 canary_err=0 q=0 qovr=0
1788536192.452957 [I2C] init=0 gate=0 whoami=0x140e0 wr=0 wrseen=0x27 addr=0x5a ok=330212 err=26 tmo=0 recov=55 pclk1=200000000 sysclk=400000000
1788536192.454341 [NAK] nacks=22
1788536192.458966 [CLK] cpu=800000000 sysb=400000000 pclk1=200000000
1788536192.463475 [TOF] res=0 step=0 id=0xeacc blk=0xeacc10 ctl=0x0
1788536192.469234 [RNG] init=0 step=99 id=0xeacc boot=1 calls=93 xerr=0 dm=1 tb=15
1788536192.476372 [RNG] osc=41 imp=881 imprb=881 mstart=0x40 cfg=91 cfgfail=0x0 vhv=0 vpolls=0
1788536192.482505 [PRT] calls=217045 xerr=0 ler=1 lidx=0x0 perr=0 maxcnt=17 addr8=0x52
1788536192.486642 [RTY] wr=0 wmax=0 wref=0  rd=0 rmax=0 rref=0
1788536192.494530 [RNG] frames=54233 last=36 min=28 max=170 nrdy=0 dxfer=0 dstat=0 lst=0 nrdyerr=0 dclr=0
1788536192.500807 [DRV] init=0 id=7 mode=0x1 lib=0x2 seq=0x1 odc=0x8b sts=0xe0 armed=1
1788536192.506310 [TRG] pulses=512 suppressed=6451 cyc=1600 rst=1 rstmode=0x40
1788536192.509791 [HLT] polls=1084 faults=0x0 cfglost=0
1788536192.515553 [EFF] n=5 last=58533 min=58470 max=58534 late=0 stuck=0 rderr=0
1788536192.525835 [IMU] init=0 addr=0x68 who=0x68 rst=1 pmrb0=0x40 pmrb=0x1 sr=19 cfg=4 gcfg=0x0 acfg=0x8 icfg=0x30 ien=0x1 armed=1
1788536192.531335 [ACC] reads=54209 stale=54159 rderr=26 ax=94 ay=-116 az=1091
1788536192.533960 [PWR] pm=0x1 drift=0 rderr=0
1788536192.537963 [DWT] ok=1 cyc=1231483774 cyc_per_ms=800003
1788536193.553674 [HB] up_ms=1199956 frames=54281 inf=54281 hazard=6970 canary_err=0 q=0 qovr=0
1788536193.565076 [I2C] init=0 gate=0 whoami=0x140e0 wr=0 wrseen=0x27 addr=0x5a ok=330514 err=26 tmo=0 recov=55 pclk1=200000000 sysclk=400000000
1788536193.566553 [NAK] nacks=22
1788536193.571199 [CLK] cpu=800000000 sysb=400000000 pclk1=200000000
1788536193.575697 [TOF] res=0 step=0 id=0xeacc blk=0xeacc10 ctl=0x0
1788536193.581459 [RNG] init=0 step=99 id=0xeacc boot=1 calls=93 xerr=0 dm=1 tb=15
1788536193.588602 [RNG] osc=41 imp=881 imprb=881 mstart=0x40 cfg=91 cfgfail=0x0 vhv=0 vpolls=0
1788536193.594736 [PRT] calls=217245 xerr=0 ler=1 lidx=0x0 perr=0 maxcnt=17 addr8=0x52
1788536193.598864 [RTY] wr=0 wmax=0 wref=0  rd=0 rmax=0 rref=0
1788536193.606751 [RNG] frames=54283 last=48 min=28 max=170 nrdy=0 dxfer=0 dstat=0 lst=0 nrdyerr=0 dclr=0
1788536193.613013 [DRV] init=0 id=7 mode=0x1 lib=0x2 seq=0x1 odc=0x8b sts=0xe0 armed=1
1788536193.618518 [TRG] pulses=512 suppressed=6458 cyc=1600 rst=1 rstmode=0x40
1788536193.622025 [HLT] polls=1085 faults=0x0 cfglost=0
1788536193.627781 [EFF] n=5 last=58533 min=58470 max=58534 late=0 stuck=0 rderr=0
1788536193.638059 [IMU] init=0 addr=0x68 who=0x68 rst=1 pmrb0=0x40 pmrb=0x1 sr=19 cfg=4 gcfg=0x0 acfg=0x8 icfg=0x30 ien=0x1 armed=1
1788536193.643574 [ACC] reads=54259 stale=54209 rderr=26 ax=73 ay=-120 az=1111
1788536193.646201 [PWR] pm=0x1 drift=0 rderr=0
1788536193.650198 [DWT] ok=1 cyc=2113880470 cyc_per_ms=799997
1788536194.666546 [HB] up_ms=1201059 frames=54331 inf=54331 hazard=6970 canary_err=0 q=0 qovr=0
1788536194.677921 [I2C] init=0 gate=0 whoami=0x140e0 wr=0 wrseen=0x27 addr=0x5a ok=330816 err=26 tmo=0 recov=55 pclk1=200000000 sysclk=400000000
1788536194.679422 [NAK] nacks=22
1788536194.684057 [CLK] cpu=800000000 sysb=400000000 pclk1=200000000
1788536194.688577 [TOF] res=0 step=0 id=0xeacc blk=0xeacc10 ctl=0x0
1788536194.694341 [RNG] init=0 step=99 id=0xeacc boot=1 calls=93 xerr=0 dm=1 tb=15
1788536194.701344 [RNG] osc=41 imp=881 imprb=881 mstart=0x40 cfg=91 cfgfail=0x0 vhv=0 vpolls=0
1788536194.707604 [PRT] calls=217444 xerr=0 ler=1 lidx=0x0 perr=0 maxcnt=17 addr8=0x52
1788536194.711725 [RTY] wr=0 wmax=0 wref=0  rd=0 rmax=0 rref=0
1788536194.719615 [RNG] frames=54333 last=44 min=28 max=170 nrdy=0 dxfer=0 dstat=0 lst=0 nrdyerr=0 dclr=0
1788536194.725876 [DRV] init=0 id=7 mode=0x1 lib=0x2 seq=0x1 odc=0x8b sts=0xe0 armed=1
1788536194.731379 [TRG] pulses=512 suppressed=6458 cyc=1600 rst=1 rstmode=0x40
1788536194.734884 [HLT] polls=1086 faults=0x0 cfglost=0
1788536194.740650 [EFF] n=5 last=58533 min=58470 max=58534 late=0 stuck=0 rderr=0
1788536194.750929 [IMU] init=0 addr=0x68 who=0x68 rst=1 pmrb0=0x40 pmrb=0x1 sr=19 cfg=4 gcfg=0x0 acfg=0x8 icfg=0x30 ien=0x1 armed=1
1788536194.756434 [ACC] reads=54309 stale=54259 rderr=26 ax=76 ay=-117 az=1117
1788536194.759052 [PWR] pm=0x1 drift=0 rderr=0
1788536194.763061 [DWT] ok=1 cyc=2996280566 cyc_per_ms=800000
1788536195.779552 [HB] up_ms=1202162 frames=54381 inf=54381 hazard=6970 canary_err=0 q=0 qovr=0
1788536195.790940 [I2C] init=0 gate=0 whoami=0x140e0 wr=0 wrseen=0x27 addr=0x5a ok=331118 err=26 tmo=0 recov=55 pclk1=200000000 sysclk=400000000
1788536195.792439 [NAK] nacks=22
1788536195.797086 [CLK] cpu=800000000 sysb=400000000 pclk1=200000000
1788536195.801731 [TOF] res=0 step=0 id=0xeacc blk=0xeacc10 ctl=0x0
1788536195.807468 [RNG] init=0 step=99 id=0xeacc boot=1 calls=93 xerr=0 dm=1 tb=15
1788536195.814344 [RNG] osc=41 imp=881 imprb=881 mstart=0x40 cfg=91 cfgfail=0x0 vhv=0 vpolls=0
1788536195.820727 [PRT] calls=217641 xerr=0 ler=1 lidx=0x0 perr=0 maxcnt=17 addr8=0x52
1788536195.824740 [RTY] wr=0 wmax=0 wref=0  rd=0 rmax=0 rref=0
1788536195.832629 [RNG] frames=54383 last=42 min=28 max=170 nrdy=0 dxfer=0 dstat=0 lst=0 nrdyerr=0 dclr=0
1788536195.839010 [DRV] init=0 id=7 mode=0x1 lib=0x2 seq=0x1 odc=0x8b sts=0xe0 armed=1
1788536195.844512 [TRG] pulses=512 suppressed=6458 cyc=1600 rst=1 rstmode=0x40
1788536195.847911 [HLT] polls=1087 faults=0x0 cfglost=0
1788536195.853662 [EFF] n=5 last=58533 min=58470 max=58534 late=0 stuck=0 rderr=0
1788536195.864050 [IMU] init=0 addr=0x68 who=0x68 rst=1 pmrb0=0x40 pmrb=0x1 sr=19 cfg=4 gcfg=0x0 acfg=0x8 icfg=0x30 ien=0x1 armed=1
1788536195.869551 [ACC] reads=54359 stale=54309 rderr=26 ax=71 ay=-118 az=1103
1788536195.872200 [PWR] pm=0x1 drift=0 rderr=0
1788536195.876215 [DWT] ok=1 cyc=3878680598 cyc_per_ms=800000
1788536196.892214 [HB] up_ms=1203265 frames=54431 inf=54431 hazard=6970 canary_err=0 q=0 qovr=0
1788536196.903488 [I2C] init=0 gate=0 whoami=0x140e0 wr=0 wrseen=0x27 addr=0x5a ok=331420 err=26 tmo=0 recov=55 pclk1=200000000 sysclk=400000000
1788536196.904982 [NAK] nacks=22
1788536196.909754 [CLK] cpu=800000000 sysb=400000000 pclk1=200000000
1788536196.914232 [TOF] res=0 step=0 id=0xeacc blk=0xeacc10 ctl=0x0
1788536196.919996 [RNG] init=0 step=99 id=0xeacc boot=1 calls=93 xerr=0 dm=1 tb=15
1788536196.926880 [RNG] osc=41 imp=881 imprb=881 mstart=0x40 cfg=91 cfgfail=0x0 vhv=0 vpolls=0
1788536196.933273 [PRT] calls=217841 xerr=0 ler=1 lidx=0x0 perr=0 maxcnt=17 addr8=0x52
1788536196.937403 [RTY] wr=0 wmax=0 wref=0  rd=0 rmax=0 rref=0
1788536196.945285 [RNG] frames=54433 last=48 min=28 max=170 nrdy=0 dxfer=0 dstat=0 lst=0 nrdyerr=0 dclr=0
1788536196.951435 [DRV] init=0 id=7 mode=0x1 lib=0x2 seq=0x1 odc=0x8b sts=0xe0 armed=1
1788536196.957069 [TRG] pulses=512 suppressed=6458 cyc=1600 rst=1 rstmode=0x40
1788536196.960573 [HLT] polls=1088 faults=0x0 cfglost=0
1788536196.966315 [EFF] n=5 last=58533 min=58470 max=58534 late=0 stuck=0 rderr=0
1788536196.976591 [IMU] init=0 addr=0x68 who=0x68 rst=1 pmrb0=0x40 pmrb=0x1 sr=19 cfg=4 gcfg=0x0 acfg=0x8 icfg=0x30 ien=0x1 armed=1
1788536196.982093 [ACC] reads=54409 stale=54359 rderr=26 ax=73 ay=-119 az=1114
1788536196.984728 [PWR] pm=0x1 drift=0 rderr=0
1788536196.988611 [DWT] ok=1 cyc=466112874 cyc_per_ms=799999
1788536198.004418 [HB] up_ms=1204368 frames=54481 inf=54481 hazard=6970 canary_err=0 q=0 qovr=0
1788536198.015804 [I2C] init=0 gate=0 whoami=0x140e0 wr=0 wrseen=0x27 addr=0x5a ok=331722 err=26 tmo=0 recov=55 pclk1=200000000 sysclk=400000000
1788536198.017211 [NAK] nacks=22
1788536198.021928 [CLK] cpu=800000000 sysb=400000000 pclk1=200000000
1788536198.026444 [TOF] res=0 step=0 id=0xeacc blk=0xeacc10 ctl=0x0
1788536198.032325 [RNG] init=0 step=99 id=0xeacc boot=1 calls=93 xerr=0 dm=1 tb=15
1788536198.039238 [RNG] osc=41 imp=881 imprb=881 mstart=0x40 cfg=91 cfgfail=0x0 vhv=0 vpolls=0
1788536198.045594 [PRT] calls=218041 xerr=0 ler=1 lidx=0x0 perr=0 maxcnt=17 addr8=0x52
1788536198.049609 [RTY] wr=0 wmax=0 wref=0  rd=0 rmax=0 rref=0
1788536198.057481 [RNG] frames=54483 last=38 min=28 max=170 nrdy=0 dxfer=0 dstat=0 lst=0 nrdyerr=0 dclr=0
1788536198.063610 [DRV] init=0 id=7 mode=0x1 lib=0x2 seq=0x1 odc=0x8b sts=0xe0 armed=1
1788536198.069369 [TRG] pulses=512 suppressed=6458 cyc=1600 rst=1 rstmode=0x40
1788536198.072758 [HLT] polls=1089 faults=0x0 cfglost=0
1788536198.078509 [EFF] n=5 last=58533 min=58470 max=58534 late=0 stuck=0 rderr=0
1788536198.088781 [IMU] init=0 addr=0x68 who=0x68 rst=1 pmrb0=0x40 pmrb=0x1 sr=19 cfg=4 gcfg=0x0 acfg=0x8 icfg=0x30 ien=0x1 armed=1
1788536198.094294 [ACC] reads=54459 stale=54409 rderr=26 ax=74 ay=-121 az=1113
1788536198.097040 [PWR] pm=0x1 drift=0 rderr=0
1788536198.100919 [DWT] ok=1 cyc=1348513146 cyc_per_ms=800000
1788536199.116414 [HB] up_ms=1205471 frames=54531 inf=54531 hazard=6981 canary_err=0 q=0 qovr=0
1788536199.127662 [I2C] init=0 gate=0 whoami=0x140e0 wr=0 wrseen=0x27 addr=0x5a ok=332024 err=26 tmo=0 recov=55 pclk1=200000000 sysclk=400000000
1788536199.129045 [NAK] nacks=22
1788536199.133919 [CLK] cpu=800000000 sysb=400000000 pclk1=200000000
1788536199.138427 [TOF] res=0 step=0 id=0xeacc blk=0xeacc10 ctl=0x0
1788536199.144194 [RNG] init=0 step=99 id=0xeacc boot=1 calls=93 xerr=0 dm=1 tb=15
1788536199.151064 [RNG] osc=41 imp=881 imprb=881 mstart=0x40 cfg=91 cfgfail=0x0 vhv=0 vpolls=0
1788536199.157452 [PRT] calls=218241 xerr=0 ler=1 lidx=0x0 perr=0 maxcnt=17 addr8=0x52
1788536199.161579 [RTY] wr=0 wmax=0 wref=0  rd=0 rmax=0 rref=0
1788536199.169471 [RNG] frames=54533 last=45 min=28 max=170 nrdy=0 dxfer=0 dstat=0 lst=0 nrdyerr=0 dclr=0
1788536199.175594 [DRV] init=0 id=7 mode=0x1 lib=0x2 seq=0x1 odc=0x8b sts=0xe0 armed=1
1788536199.181230 [TRG] pulses=513 suppressed=6470 cyc=1600 rst=1 rstmode=0x40
1788536199.184731 [HLT] polls=1090 faults=0x0 cfglost=0
1788536199.190498 [EFF] n=5 last=58533 min=58470 max=58534 late=0 stuck=0 rderr=0
1788536199.200631 [IMU] init=0 addr=0x68 who=0x68 rst=1 pmrb0=0x40 pmrb=0x1 sr=19 cfg=4 gcfg=0x0 acfg=0x8 icfg=0x30 ien=0x1 armed=1
1788536199.206277 [ACC] reads=54508 stale=54458 rderr=26 ax=73 ay=-119 az=1114
1788536199.208892 [PWR] pm=0x1 drift=0 rderr=0
1788536199.212898 [DWT] ok=1 cyc=2230947278 cyc_per_ms=800030
1788536200.228566 [HB] up_ms=1206574 frames=54580 inf=54580 hazard=7011 canary_err=0 q=0 qovr=0
1788536200.239825 [I2C] init=0 gate=0 whoami=0x140e0 wr=0 wrseen=0x27 addr=0x5a ok=332326 err=26 tmo=0 recov=55 pclk1=200000000 sysclk=400000000
1788536200.241320 [NAK] nacks=22
1788536200.245949 [CLK] cpu=800000000 sysb=400000000 pclk1=200000000
1788536200.250591 [TOF] res=0 step=0 id=0xeacc blk=0xeacc10 ctl=0x0
1788536200.256347 [RNG] init=0 step=99 id=0xeacc boot=1 calls=93 xerr=0 dm=1 tb=15
1788536200.263236 [RNG] osc=41 imp=881 imprb=881 mstart=0x40 cfg=91 cfgfail=0x0 vhv=0 vpolls=0
1788536200.269615 [PRT] calls=218441 xerr=0 ler=1 lidx=0x0 perr=0 maxcnt=17 addr8=0x52
1788536200.273738 [RTY] wr=0 wmax=0 wref=0  rd=0 rmax=0 rref=0
1788536200.281626 [RNG] frames=54583 last=36 min=28 max=170 nrdy=0 dxfer=0 dstat=0 lst=0 nrdyerr=0 dclr=0
1788536200.287755 [DRV] init=0 id=7 mode=0x1 lib=0x2 seq=0x1 odc=0x8b sts=0xe0 armed=1
1788536200.293381 [TRG] pulses=515 suppressed=6496 cyc=1600 rst=1 rstmode=0x40
1788536200.296891 [HLT] polls=1091 faults=0x0 cfglost=0
1788536200.302653 [EFF] n=5 last=58533 min=58470 max=58534 late=0 stuck=0 rderr=0
1788536200.312784 [IMU] init=0 addr=0x68 who=0x68 rst=1 pmrb0=0x40 pmrb=0x1 sr=19 cfg=4 gcfg=0x0 acfg=0x8 icfg=0x30 ien=0x1 armed=1
1788536200.318433 [ACC] reads=54558 stale=54507 rderr=26 ax=73 ay=-122 az=1115
1788536200.321045 [PWR] pm=0x1 drift=0 rderr=0
1788536200.325050 [DWT] ok=1 cyc=3113446230 cyc_per_ms=800089
1788536201.340772 [HB] up_ms=1207677 frames=54630 inf=54630 hazard=7011 canary_err=0 q=0 qovr=0
1788536201.352175 [I2C] init=0 gate=0 whoami=0x140e0 wr=0 wrseen=0x27 addr=0x5a ok=332628 err=26 tmo=0 recov=55 pclk1=200000000 sysclk=400000000
1788536201.353533 [NAK] nacks=22
1788536201.358178 [CLK] cpu=800000000 sysb=400000000 pclk1=200000000
1788536201.362791 [TOF] res=0 step=0 id=0xeacc blk=0xeacc10 ctl=0x0
1788536201.368669 [RNG] init=0 step=99 id=0xeacc boot=1 calls=93 xerr=0 dm=1 tb=15
1788536201.375565 [RNG] osc=41 imp=881 imprb=881 mstart=0x40 cfg=91 cfgfail=0x0 vhv=0 vpolls=0
1788536201.381698 [PRT] calls=218641 xerr=0 ler=1 lidx=0x0 perr=0 maxcnt=17 addr8=0x52
1788536201.385940 [RTY] wr=0 wmax=0 wref=0  rd=0 rmax=0 rref=0
1788536201.393830 [RNG] frames=54633 last=45 min=28 max=170 nrdy=0 dxfer=0 dstat=0 lst=0 nrdyerr=0 dclr=0
1788536201.400085 [DRV] init=0 id=7 mode=0x1 lib=0x2 seq=0x1 odc=0x8b sts=0xe0 armed=1
1788536201.405593 [TRG] pulses=515 suppressed=6496 cyc=1600 rst=1 rstmode=0x40
1788536201.409088 [HLT] polls=1092 faults=0x0 cfglost=0
1788536201.414847 [EFF] n=5 last=58533 min=58470 max=58534 late=0 stuck=0 rderr=0
1788536201.424982 [IMU] init=0 addr=0x68 who=0x68 rst=1 pmrb0=0x40 pmrb=0x1 sr=19 cfg=4 gcfg=0x0 acfg=0x8 icfg=0x30 ien=0x1 armed=1
1788536201.430616 [ACC] reads=54608 stale=54557 rderr=26 ax=75 ay=-119 az=1114
1788536201.433372 [PWR] pm=0x1 drift=0 rderr=0
1788536201.437246 [DWT] ok=1 cyc=3995846842 cyc_per_ms=800000
1788536202.453284 [HB] up_ms=1208780 frames=54680 inf=54680 hazard=7011 canary_err=0 q=0 qovr=0
1788536202.464587 [I2C] init=0 gate=0 whoami=0x140e0 wr=0 wrseen=0x27 addr=0x5a ok=332930 err=26 tmo=0 recov=55 pclk1=200000000 sysclk=400000000
1788536202.466021 [NAK] nacks=22
1788536202.470536 [CLK] cpu=800000000 sysb=400000000 pclk1=200000000
1788536202.475163 [TOF] res=0 step=0 id=0xeacc blk=0xeacc10 ctl=0x0
1788536202.481033 [RNG] init=0 step=99 id=0xeacc boot=1 calls=93 xerr=0 dm=1 tb=15
1788536202.488042 [RNG] osc=41 imp=881 imprb=881 mstart=0x40 cfg=91 cfgfail=0x0 vhv=0 vpolls=0
1788536202.494170 [PRT] calls=218841 xerr=0 ler=1 lidx=0x0 perr=0 maxcnt=17 addr8=0x52
1788536202.498434 [RTY] wr=0 wmax=0 wref=0  rd=0 rmax=0 rref=0
1788536202.506345 [RNG] frames=54682 last=41 min=28 max=170 nrdy=0 dxfer=0 dstat=0 lst=0 nrdyerr=0 dclr=0
1788536202.512456 [DRV] init=0 id=7 mode=0x1 lib=0x2 seq=0x1 odc=0x8b sts=0xe0 armed=1
1788536202.517976 [TRG] pulses=515 suppressed=6496 cyc=1600 rst=1 rstmode=0x40
1788536202.521600 [HLT] polls=1093 faults=0x0 cfglost=0
1788536202.527360 [EFF] n=5 last=58533 min=58470 max=58534 late=0 stuck=0 rderr=0
1788536202.537482 [IMU] init=0 addr=0x68 who=0x68 rst=1 pmrb0=0x40 pmrb=0x1 sr=19 cfg=4 gcfg=0x0 acfg=0x8 icfg=0x30 ien=0x1 armed=1
1788536202.543002 [ACC] reads=54658 stale=54607 rderr=26 ax=76 ay=-120 az=1112
1788536202.545865 [PWR] pm=0x1 drift=0 rderr=0
1788536202.549750 [DWT] ok=1 cyc=583279470 cyc_per_ms=799999
1788536203.565281 [HB] up_ms=1209883 frames=54730 inf=54730 hazard=7011 canary_err=0 q=0 qovr=0
1788536203.576632 [I2C] init=0 gate=0 whoami=0x140e0 wr=0 wrseen=0x27 addr=0x5a ok=333227 err=27 tmo=0 recov=55 pclk1=200000000 sysclk=400000000
1788536203.578004 [NAK] nacks=23
1788536203.582630 [CLK] cpu=800000000 sysb=400000000 pclk1=200000000
1788536203.587193 [TOF] res=0 step=0 id=0xeacc blk=0xeacc10 ctl=0x0
1788536203.593176 [RNG] init=0 step=99 id=0xeacc boot=1 calls=93 xerr=0 dm=1 tb=15
1788536203.600031 [RNG] osc=41 imp=881 imprb=881 mstart=0x40 cfg=91 cfgfail=0x0 vhv=0 vpolls=0
1788536203.606285 [PRT] calls=219041 xerr=0 ler=1 lidx=0x0 perr=0 maxcnt=17 addr8=0x52
1788536203.610302 [RTY] wr=0 wmax=0 wref=0  rd=0 rmax=0 rref=0
1788536203.618293 [RNG] frames=54732 last=43 min=28 max=170 nrdy=0 dxfer=0 dstat=0 lst=0 nrdyerr=0 dclr=0
1788536203.624557 [DRV] init=0 id=7 mode=0x1 lib=0x2 seq=0x1 odc=0x8b sts=0xe0 armed=1
1788536203.630082 [TRG] pulses=515 suppressed=6496 cyc=1600 rst=1 rstmode=0x40
1788536203.633437 [HLT] polls=1094 faults=0x0 cfglost=0
1788536203.639320 [EFF] n=5 last=58533 min=58470 max=58534 late=0 stuck=0 rderr=0
1788536203.649581 [IMU] init=0 addr=0x68 who=0x68 rst=1 pmrb0=0x40 pmrb=0x1 sr=19 cfg=4 gcfg=0x0 acfg=0x8 icfg=0x30 ien=0x1 armed=1
1788536203.654961 [ACC] reads=54707 stale=54657 rderr=27 ax=73 ay=-121 az=1117
1788536203.657717 [PWR] pm=0x1 drift=0 rderr=0
1788536203.661844 [DWT] ok=1 cyc=1465614802 cyc_per_ms=799941
1788536204.676516 [HB] up_ms=1210986 frames=54780 inf=54780 hazard=7011 canary_err=0 q=0 qovr=0
1788536204.687897 [I2C] init=0 gate=0 whoami=0x140e0 wr=0 wrseen=0x27 addr=0x5a ok=333527 err=27 tmo=0 recov=56 pclk1=200000000 sysclk=400000000
1788536204.689402 [NAK] nacks=23
1788536204.693902 [CLK] cpu=800000000 sysb=400000000 pclk1=200000000
1788536204.698408 [TOF] res=0 step=0 id=0xeacc blk=0xeacc10 ctl=0x0
1788536204.704294 [RNG] init=0 step=99 id=0xeacc boot=1 calls=93 xerr=0 dm=1 tb=15
1788536204.711305 [RNG] osc=41 imp=881 imprb=881 mstart=0x40 cfg=91 cfgfail=0x0 vhv=0 vpolls=0
1788536204.717561 [PRT] calls=219241 xerr=0 ler=1 lidx=0x0 perr=0 maxcnt=17 addr8=0x52
1788536204.721564 [RTY] wr=0 wmax=0 wref=0  rd=0 rmax=0 rref=0
1788536204.729440 [RNG] frames=54782 last=45 min=28 max=170 nrdy=0 dxfer=0 dstat=0 lst=0 nrdyerr=0 dclr=0
1788536204.735819 [DRV] init=0 id=7 mode=0x1 lib=0x2 seq=0x1 odc=0x8b sts=0xe0 armed=1
1788536204.741327 [TRG] pulses=515 suppressed=6496 cyc=1600 rst=1 rstmode=0x40
1788536204.744710 [HLT] polls=1095 faults=0x0 cfglost=0
1788536204.750472 [EFF] n=5 last=58533 min=58470 max=58534 late=0 stuck=0 rderr=0
1788536204.760859 [IMU] init=0 addr=0x68 who=0x68 rst=1 pmrb0=0x40 pmrb=0x1 sr=19 cfg=4 gcfg=0x0 acfg=0x8 icfg=0x30 ien=0x1 armed=1
1788536204.766352 [ACC] reads=54757 stale=54707 rderr=27 ax=73 ay=-120 az=1116
1788536204.768987 [PWR] pm=0x1 drift=0 rderr=0
1788536204.772988 [DWT] ok=1 cyc=2347945726 cyc_per_ms=799937
1788536205.788256 [HB] up_ms=1212089 frames=54830 inf=54830 hazard=7011 canary_err=0 q=0 qovr=0
1788536205.799752 [I2C] init=0 gate=0 whoami=0x140e0 wr=0 wrseen=0x27 addr=0x5a ok=333829 err=27 tmo=0 recov=56 pclk1=200000000 sysclk=400000000
1788536205.801145 [NAK] nacks=23
1788536205.805747 [CLK] cpu=800000000 sysb=400000000 pclk1=200000000
1788536205.810251 [TOF] res=0 step=0 id=0xeacc blk=0xeacc10 ctl=0x0
1788536205.816208 [RNG] init=0 step=99 id=0xeacc boot=1 calls=93 xerr=0 dm=1 tb=15
1788536205.823182 [RNG] osc=41 imp=881 imprb=881 mstart=0x40 cfg=91 cfgfail=0x0 vhv=0 vpolls=0
1788536205.829396 [PRT] calls=219441 xerr=0 ler=1 lidx=0x0 perr=0 maxcnt=17 addr8=0x52
1788536205.833413 [RTY] wr=0 wmax=0 wref=0  rd=0 rmax=0 rref=0
1788536205.841285 [RNG] frames=54832 last=49 min=28 max=170 nrdy=0 dxfer=0 dstat=0 lst=0 nrdyerr=0 dclr=0
1788536205.847679 [DRV] init=0 id=7 mode=0x1 lib=0x2 seq=0x1 odc=0x8b sts=0xe0 armed=1
1788536205.853202 [TRG] pulses=515 suppressed=6496 cyc=1600 rst=1 rstmode=0x40
1788536205.856551 [HLT] polls=1096 faults=0x0 cfglost=0
1788536205.862301 [EFF] n=5 last=58533 min=58470 max=58534 late=0 stuck=0 rderr=0
1788536205.872692 [IMU] init=0 addr=0x68 who=0x68 rst=1 pmrb0=0x40 pmrb=0x1 sr=19 cfg=4 gcfg=0x0 acfg=0x8 icfg=0x30 ien=0x1 armed=1
1788536205.878205 [ACC] reads=54807 stale=54757 rderr=27 ax=74 ay=-119 az=1116
1788536205.880822 [PWR] pm=0x1 drift=0 rderr=0
1788536205.884845 [DWT] ok=1 cyc=3230345730 cyc_per_ms=800000
1788536206.900038 [HB] up_ms=1213192 frames=54880 inf=54880 hazard=7051 canary_err=0 q=0 qovr=0
1788536206.911535 [I2C] init=0 gate=0 whoami=0x140e0 wr=0 wrseen=0x27 addr=0x5a ok=334131 err=27 tmo=0 recov=56 pclk1=200000000 sysclk=400000000
1788536206.912915 [NAK] nacks=23
1788536206.917546 [CLK] cpu=800000000 sysb=400000000 pclk1=200000000
1788536206.922043 [TOF] res=0 step=0 id=0xeacc blk=0xeacc10 ctl=0x0
1788536206.927930 [RNG] init=0 step=99 id=0xeacc boot=1 calls=93 xerr=0 dm=1 tb=15
1788536206.934925 [RNG] osc=41 imp=881 imprb=881 mstart=0x40 cfg=91 cfgfail=0x0 vhv=0 vpolls=0
1788536206.941201 [PRT] calls=219641 xerr=0 ler=1 lidx=0x0 perr=0 maxcnt=17 addr8=0x52
1788536206.945204 [RTY] wr=0 wmax=0 wref=0  rd=0 rmax=0 rref=0
1788536206.953079 [RNG] frames=54882 last=35 min=28 max=170 nrdy=0 dxfer=0 dstat=0 lst=0 nrdyerr=0 dclr=0
1788536206.959455 [DRV] init=0 id=7 mode=0x1 lib=0x2 seq=0x1 odc=0x8b sts=0xe0 armed=1
1788536206.964966 [TRG] pulses=518 suppressed=6534 cyc=1600 rst=1 rstmode=0x40
1788536206.968350 [HLT] polls=1097 faults=0x0 cfglost=0
1788536206.974125 [EFF] n=5 last=58533 min=58470 max=58534 late=0 stuck=0 rderr=0
1788536206.984480 [IMU] init=0 addr=0x68 who=0x68 rst=1 pmrb0=0x40 pmrb=0x1 sr=19 cfg=4 gcfg=0x0 acfg=0x8 icfg=0x30 ien=0x1 armed=1
1788536206.989863 [ACC] reads=54857 stale=54807 rderr=27 ax=74 ay=-120 az=1117
1788536206.992612 [PWR] pm=0x1 drift=0 rderr=0
1788536206.996494 [DWT] ok=1 cyc=4112746798 cyc_per_ms=800000
1788536208.012275 [HB] up_ms=1214295 frames=54930 inf=54930 hazard=7052 canary_err=0 q=0 qovr=0
1788536208.023771 [I2C] init=0 gate=0 whoami=0x140e0 wr=0 wrseen=0x27 addr=0x5a ok=334433 err=27 tmo=0 recov=56 pclk1=200000000 sysclk=400000000
1788536208.025265 [NAK] nacks=23
1788536208.029760 [CLK] cpu=800000000 sysb=400000000 pclk1=200000000
1788536208.034270 [TOF] res=0 step=0 id=0xeacc blk=0xeacc10 ctl=0x0
1788536208.040174 [RNG] init=0 step=99 id=0xeacc boot=1 calls=93 xerr=0 dm=1 tb=15
1788536208.047191 [RNG] osc=41 imp=881 imprb=881 mstart=0x40 cfg=91 cfgfail=0x0 vhv=0 vpolls=0
1788536208.053427 [PRT] calls=219840 xerr=0 ler=1 lidx=0x0 perr=0 maxcnt=17 addr8=0x52
1788536208.057421 [RTY] wr=0 wmax=0 wref=0  rd=0 rmax=0 rref=0
1788536208.065331 [RNG] frames=54932 last=42 min=28 max=170 nrdy=0 dxfer=0 dstat=0 lst=0 nrdyerr=0 dclr=0
1788536208.071672 [DRV] init=0 id=7 mode=0x1 lib=0x2 seq=0x1 odc=0x8b sts=0xe0 armed=1
1788536208.077192 [TRG] pulses=518 suppressed=6534 cyc=1600 rst=1 rstmode=0x40
1788536208.080690 [HLT] polls=1098 faults=0x0 cfglost=0
1788536208.086322 [EFF] n=5 last=58533 min=58470 max=58534 late=0 stuck=0 rderr=0
1788536208.096700 [IMU] init=0 addr=0x68 who=0x68 rst=1 pmrb0=0x40 pmrb=0x1 sr=19 cfg=4 gcfg=0x0 acfg=0x8 icfg=0x30 ien=0x1 armed=1
1788536208.102214 [ACC] reads=54907 stale=54857 rderr=27 ax=73 ay=-120 az=1117
1788536208.104826 [PWR] pm=0x1 drift=0 rderr=0
1788536208.108711 [DWT] ok=1 cyc=700178654 cyc_per_ms=799999
1788536209.125220 [HB] up_ms=1215398 frames=54980 inf=54980 hazard=7052 canary_err=0 q=0 qovr=0
1788536209.136485 [I2C] init=0 gate=0 whoami=0x140e0 wr=0 wrseen=0x27 addr=0x5a ok=334735 err=27 tmo=0 recov=56 pclk1=200000000 sysclk=400000000
1788536209.137979 [NAK] nacks=23
1788536209.142735 [CLK] cpu=800000000 sysb=400000000 pclk1=200000000
1788536209.147240 [TOF] res=0 step=0 id=0xeacc blk=0xeacc10 ctl=0x0
1788536209.152992 [RNG] init=0 step=99 id=0xeacc boot=1 calls=93 xerr=0 dm=1 tb=15
1788536209.160001 [RNG] osc=41 imp=881 imprb=881 mstart=0x40 cfg=91 cfgfail=0x0 vhv=0 vpolls=0
1788536209.166252 [PRT] calls=220037 xerr=0 ler=1 lidx=0x0 perr=0 maxcnt=17 addr8=0x52
1788536209.170378 [RTY] wr=0 wmax=0 wref=0  rd=0 rmax=0 rref=0
1788536209.178259 [RNG] frames=54982 last=36 min=28 max=170 nrdy=0 dxfer=0 dstat=0 lst=0 nrdyerr=0 dclr=0
1788536209.184655 [DRV] init=0 id=7 mode=0x1 lib=0x2 seq=0x1 odc=0x8b sts=0xe0 armed=1
1788536209.190255 [TRG] pulses=518 suppressed=6534 cyc=1600 rst=1 rstmode=0x40
1788536209.193528 [HLT] polls=1099 faults=0x0 cfglost=0
1788536209.199281 [EFF] n=5 last=58533 min=58470 max=58534 late=0 stuck=0 rderr=0
1788536209.209659 [IMU] init=0 addr=0x68 who=0x68 rst=1 pmrb0=0x40 pmrb=0x1 sr=19 cfg=4 gcfg=0x0 acfg=0x8 icfg=0x30 ien=0x1 armed=1
1788536209.215187 [ACC] reads=54957 stale=54907 rderr=27 ax=74 ay=-121 az=1114
1788536209.217791 [PWR] pm=0x1 drift=0 rderr=0
1788536209.221807 [DWT] ok=1 cyc=1582578686 cyc_per_ms=800000
1788536210.237635 [HB] up_ms=1216501 frames=55030 inf=55030 hazard=7052 canary_err=0 q=0 qovr=0
1788536210.249013 [I2C] init=0 gate=0 whoami=0x140e0 wr=0 wrseen=0x27 addr=0x5a ok=335037 err=27 tmo=0 recov=56 pclk1=200000000 sysclk=400000000
1788536210.250391 [NAK] nacks=23
1788536210.255161 [CLK] cpu=800000000 sysb=400000000 pclk1=200000000
1788536210.259637 [TOF] res=0 step=0 id=0xeacc blk=0xeacc10 ctl=0x0
1788536210.265543 [RNG] init=0 step=99 id=0xeacc boot=1 calls=93 xerr=0 dm=1 tb=15
1788536210.272404 [RNG] osc=41 imp=881 imprb=881 mstart=0x40 cfg=91 cfgfail=0x0 vhv=0 vpolls=0
1788536210.278785 [PRT] calls=220237 xerr=0 ler=1 lidx=0x0 perr=0 maxcnt=17 addr8=0x52
1788536210.282784 [RTY] wr=0 wmax=0 wref=0  rd=0 rmax=0 rref=0
1788536210.290667 [RNG] frames=55032 last=42 min=28 max=170 nrdy=0 dxfer=0 dstat=0 lst=0 nrdyerr=0 dclr=0
1788536210.296918 [DRV] init=0 id=7 mode=0x1 lib=0x2 seq=0x1 odc=0x8b sts=0xe0 armed=1
1788536210.302551 [TRG] pulses=518 suppressed=6534 cyc=1600 rst=1 rstmode=0x40
1788536210.305928 [HLT] polls=1100 faults=0x0 cfglost=0
1788536210.311677 [EFF] n=5 last=58533 min=58470 max=58534 late=0 stuck=0 rderr=0
1788536210.322067 [IMU] init=0 addr=0x68 who=0x68 rst=1 pmrb0=0x40 pmrb=0x1 sr=19 cfg=4 gcfg=0x0 acfg=0x8 icfg=0x30 ien=0x1 armed=1
1788536210.327573 [ACC] reads=55007 stale=54957 rderr=27 ax=75 ay=-120 az=1114
1788536210.330192 [PWR] pm=0x1 drift=0 rderr=0
1788536210.334215 [DWT] ok=1 cyc=2464978318 cyc_per_ms=799999
1788536211.350011 [HB] up_ms=1217604 frames=55080 inf=55080 hazard=7052 canary_err=0 q=0 qovr=0
1788536211.361397 [I2C] init=0 gate=0 whoami=0x140e0 wr=0 wrseen=0x27 addr=0x5a ok=335339 err=27 tmo=0 recov=56 pclk1=200000000 sysclk=400000000
1788536211.362761 [NAK] nacks=23
1788536211.367524 [CLK] cpu=800000000 sysb=400000000 pclk1=200000000
1788536211.372013 [TOF] res=0 step=0 id=0xeacc blk=0xeacc10 ctl=0x0
1788536211.377889 [RNG] init=0 step=99 id=0xeacc boot=1 calls=93 xerr=0 dm=1 tb=15
1788536211.384776 [RNG] osc=41 imp=881 imprb=881 mstart=0x40 cfg=91 cfgfail=0x0 vhv=0 vpolls=0
1788536211.391202 [PRT] calls=220437 xerr=0 ler=1 lidx=0x0 perr=0 maxcnt=17 addr8=0x52
1788536211.395282 [RTY] wr=0 wmax=0 wref=0  rd=0 rmax=0 rref=0
1788536211.403181 [RNG] frames=55082 last=44 min=28 max=170 nrdy=0 dxfer=0 dstat=0 lst=0 nrdyerr=0 dclr=0
1788536211.409289 [DRV] init=0 id=7 mode=0x1 lib=0x2 seq=0x1 odc=0x8b sts=0xe0 armed=1
1788536211.414928 [TRG] pulses=518 suppressed=6534 cyc=1600 rst=1 rstmode=0x40
1788536211.418423 [HLT] polls=1101 faults=0x0 cfglost=0
1788536211.424198 [EFF] n=5 last=58533 min=58470 max=58534 late=0 stuck=0 rderr=0
1788536211.434433 [IMU] init=0 addr=0x68 who=0x68 rst=1 pmrb0=0x40 pmrb=0x1 sr=19 cfg=4 gcfg=0x0 acfg=0x8 icfg=0x30 ien=0x1 armed=1
1788536211.440075 [ACC] reads=55057 stale=55007 rderr=27 ax=74 ay=-120 az=1113
1788536211.442691 [PWR] pm=0x1 drift=0 rderr=0
1788536211.446693 [DWT] ok=1 cyc=3347378554 cyc_per_ms=800000
1788536212.462600 [HB] up_ms=1218707 frames=55130 inf=55130 hazard=7052 canary_err=0 q=0 qovr=0
1788536212.473969 [I2C] init=0 gate=0 whoami=0x140e0 wr=0 wrseen=0x27 addr=0x5a ok=335641 err=27 tmo=0 recov=56 pclk1=200000000 sysclk=400000000
1788536212.475333 [NAK] nacks=23
1788536212.480088 [CLK] cpu=800000000 sysb=400000000 pclk1=200000000
1788536212.484588 [TOF] res=0 step=0 id=0xeacc blk=0xeacc10 ctl=0x0
1788536212.490474 [RNG] init=0 step=99 id=0xeacc boot=1 calls=93 xerr=0 dm=1 tb=15
1788536212.497355 [RNG] osc=41 imp=881 imprb=881 mstart=0x40 cfg=91 cfgfail=0x0 vhv=0 vpolls=0
1788536212.503736 [PRT] calls=220637 xerr=0 ler=1 lidx=0x0 perr=0 maxcnt=17 addr8=0x52
1788536212.507728 [RTY] wr=0 wmax=0 wref=0  rd=0 rmax=0 rref=0
1788536212.515607 [RNG] frames=55132 last=44 min=28 max=170 nrdy=0 dxfer=0 dstat=0 lst=0 nrdyerr=0 dclr=0
1788536212.521851 [DRV] init=0 id=7 mode=0x1 lib=0x2 seq=0x1 odc=0x8b sts=0xe0 armed=1
1788536212.527483 [TRG] pulses=518 suppressed=6534 cyc=1600 rst=1 rstmode=0x40
1788536212.530992 [HLT] polls=1102 faults=0x0 cfglost=0
1788536212.536733 [EFF] n=5 last=58533 min=58470 max=58534 late=0 stuck=0 rderr=0
1788536212.546997 [IMU] init=0 addr=0x68 who=0x68 rst=1 pmrb0=0x40 pmrb=0x1 sr=19 cfg=4 gcfg=0x0 acfg=0x8 icfg=0x30 ien=0x1 armed=1
1788536212.552501 [ACC] reads=55106 stale=55057 rderr=28 ax=74 ay=-118 az=1115
1788536212.555218 [PWR] pm=0x1 drift=0 rderr=0
1788536212.559162 [DWT] ok=1 cyc=4229806290 cyc_per_ms=800025
1788536213.574639 [HB] up_ms=1219810 frames=55180 inf=55180 hazard=7072 canary_err=0 q=0 qovr=0
1788536213.585885 [I2C] init=0 gate=0 whoami=0x140e0 wr=0 wrseen=0x27 addr=0x5a ok=335942 err=28 tmo=0 recov=56 pclk1=200000000 sysclk=400000000
1788536213.587388 [NAK] nacks=24
1788536213.592161 [CLK] cpu=800000000 sysb=400000000 pclk1=200000000
1788536213.596643 [TOF] res=0 step=0 id=0xeacc blk=0xeacc10 ctl=0x0
1788536213.602400 [RNG] init=0 step=99 id=0xeacc boot=1 calls=93 xerr=0 dm=1 tb=15
1788536213.609410 [RNG] osc=41 imp=881 imprb=881 mstart=0x40 cfg=91 cfgfail=0x0 vhv=0 vpolls=0
1788536213.615658 [PRT] calls=220837 xerr=0 ler=1 lidx=0x0 perr=0 maxcnt=17 addr8=0x52
1788536213.619783 [RTY] wr=0 wmax=0 wref=0  rd=0 rmax=0 rref=0
1788536213.627665 [RNG] frames=55182 last=37 min=28 max=170 nrdy=0 dxfer=0 dstat=0 lst=0 nrdyerr=0 dclr=0
1788536213.633791 [DRV] init=0 id=7 mode=0x1 lib=0x2 seq=0x1 odc=0x8b sts=0xe0 armed=1
1788536213.639459 [TRG] pulses=520 suppressed=6554 cyc=1600 rst=1 rstmode=0x40
1788536213.642923 [HLT] polls=1103 faults=0x0 cfglost=0
1788536213.648685 [EFF] n=5 last=58533 min=58470 max=58534 late=0 stuck=0 rderr=0
1788536213.658944 [IMU] init=0 addr=0x68 who=0x68 rst=1 pmrb0=0x40 pmrb=0x1 sr=19 cfg=4 gcfg=0x0 acfg=0x8 icfg=0x30 ien=0x1 armed=1
1788536213.664444 [ACC] reads=55155 stale=55106 rderr=28 ax=73 ay=-119 az=1114
1788536213.667211 [PWR] pm=0x1 drift=0 rderr=0
1788536213.671072 [DWT] ok=1 cyc=817242850 cyc_per_ms=800003
1788536214.686527 [HB] up_ms=1220913 frames=55229 inf=55229 hazard=7093 canary_err=0 q=0 qovr=0
1788536214.697918 [I2C] init=0 gate=0 whoami=0x140e0 wr=0 wrseen=0x27 addr=0x5a ok=336244 err=28 tmo=0 recov=56 pclk1=200000000 sysclk=400000000
1788536214.699292 [NAK] nacks=24
1788536214.704034 [CLK] cpu=800000000 sysb=400000000 pclk1=200000000
1788536214.708541 [TOF] res=0 step=0 id=0xeacc blk=0xeacc10 ctl=0x0
1788536214.714426 [RNG] init=0 step=99 id=0xeacc boot=1 calls=93 xerr=0 dm=1 tb=15
1788536214.721322 [RNG] osc=41 imp=881 imprb=881 mstart=0x40 cfg=91 cfgfail=0x0 vhv=0 vpolls=0
1788536214.727550 [PRT] calls=221037 xerr=0 ler=1 lidx=0x0 perr=0 maxcnt=17 addr8=0x52
1788536214.731679 [RTY] wr=0 wmax=0 wref=0  rd=0 rmax=0 rref=0
1788536214.739565 [RNG] frames=55232 last=42 min=28 max=170 nrdy=0 dxfer=0 dstat=0 lst=0 nrdyerr=0 dclr=0
1788536214.745694 [DRV] init=0 id=7 mode=0x1 lib=0x2 seq=0x1 odc=0x8b sts=0xe0 armed=1
1788536214.751324 [TRG] pulses=521 suppressed=6572 cyc=1600 rst=1 rstmode=0x40
1788536214.754822 [HLT] polls=1104 faults=0x0 cfglost=0
1788536214.760577 [EFF] n=5 last=58533 min=58470 max=58534 late=0 stuck=0 rderr=0
1788536214.770716 [IMU] init=0 addr=0x68 who=0x68 rst=1 pmrb0=0x40 pmrb=0x1 sr=19 cfg=4 gcfg=0x0 acfg=0x8 icfg=0x30 ien=0x1 armed=1
1788536214.776339 [ACC] reads=55205 stale=55155 rderr=28 ax=74 ay=-121 az=1114
1788536214.778968 [PWR] pm=0x1 drift=0 rderr=0
1788536214.782971 [DWT] ok=1 cyc=1699744414 cyc_per_ms=800092
1788536215.798027 [HB] up_ms=1222016 frames=55279 inf=55279 hazard=7093 canary_err=0 q=0 qovr=0
1788536215.809417 [I2C] init=0 gate=0 whoami=0x140e0 wr=0 wrseen=0x27 addr=0x5a ok=336546 err=28 tmo=0 recov=56 pclk1=200000000 sysclk=400000000
1788536215.810780 [NAK] nacks=24
1788536215.815404 [CLK] cpu=800000000 sysb=400000000 pclk1=200000000
1788536215.820036 [TOF] res=0 step=0 id=0xeacc blk=0xeacc10 ctl=0x0
1788536215.825906 [RNG] init=0 step=99 id=0xeacc boot=1 calls=93 xerr=0 dm=1 tb=15
1788536215.832798 [RNG] osc=41 imp=881 imprb=881 mstart=0x40 cfg=91 cfgfail=0x0 vhv=0 vpolls=0
1788536215.838922 [PRT] calls=221237 xerr=0 ler=1 lidx=0x0 perr=0 maxcnt=17 addr8=0x52
1788536215.843192 [RTY] wr=0 wmax=0 wref=0  rd=0 rmax=0 rref=0
1788536215.851053 [RNG] frames=55282 last=47 min=28 max=170 nrdy=0 dxfer=0 dstat=0 lst=0 nrdyerr=0 dclr=0
1788536215.857302 [DRV] init=0 id=7 mode=0x1 lib=0x2 seq=0x1 odc=0x8b sts=0xe0 armed=1
1788536215.862810 [TRG] pulses=521 suppressed=6572 cyc=1600 rst=1 rstmode=0x40
1788536215.866319 [HLT] polls=1105 faults=0x0 cfglost=0
1788536215.872060 [EFF] n=5 last=58533 min=58470 max=58534 late=0 stuck=0 rderr=0
1788536215.882209 [IMU] init=0 addr=0x68 who=0x68 rst=1 pmrb0=0x40 pmrb=0x1 sr=19 cfg=4 gcfg=0x0 acfg=0x8 icfg=0x30 ien=0x1 armed=1
1788536215.887949 [ACC] reads=55255 stale=55205 rderr=28 ax=73 ay=-121 az=1116
1788536215.890581 [PWR] pm=0x1 drift=0 rderr=0
1788536215.894583 [DWT] ok=1 cyc=2582145022 cyc_per_ms=800000
1788536216.909748 [HB] up_ms=1223119 frames=55329 inf=55329 hazard=7093 canary_err=0 q=0 qovr=0
1788536216.921002 [I2C] init=0 gate=0 whoami=0x140e0 wr=0 wrseen=0x27 addr=0x5a ok=336848 err=28 tmo=0 recov=56 pclk1=200000000 sysclk=400000000
1788536216.922486 [NAK] nacks=24
1788536216.926989 [CLK] cpu=800000000 sysb=400000000 pclk1=200000000
1788536216.931747 [TOF] res=0 step=0 id=0xeacc blk=0xeacc10 ctl=0x0
1788536216.937620 [RNG] init=0 step=99 id=0xeacc boot=1 calls=93 xerr=0 dm=1 tb=15
1788536216.944515 [RNG] osc=41 imp=881 imprb=881 mstart=0x40 cfg=91 cfgfail=0x0 vhv=0 vpolls=0
1788536216.950638 [PRT] calls=221437 xerr=0 ler=1 lidx=0x0 perr=0 maxcnt=17 addr8=0x52
1788536216.954881 [RTY] wr=0 wmax=0 wref=0  rd=0 rmax=0 rref=0
1788536216.962779 [RNG] frames=55331 last=45 min=28 max=170 nrdy=0 dxfer=0 dstat=0 lst=0 nrdyerr=0 dclr=0
1788536216.968890 [DRV] init=0 id=7 mode=0x1 lib=0x2 seq=0x1 odc=0x8b sts=0xe0 armed=1
1788536216.974396 [TRG] pulses=521 suppressed=6572 cyc=1600 rst=1 rstmode=0x40
1788536216.978024 [HLT] polls=1106 faults=0x0 cfglost=0
1788536216.983774 [EFF] n=5 last=58533 min=58470 max=58534 late=0 stuck=0 rderr=0
1788536216.993907 [IMU] init=0 addr=0x68 who=0x68 rst=1 pmrb0=0x40 pmrb=0x1 sr=19 cfg=4 gcfg=0x0 acfg=0x8 icfg=0x30 ien=0x1 armed=1
1788536216.999420 [ACC] reads=55305 stale=55255 rderr=28 ax=74 ay=-119 az=1117
1788536217.002298 [PWR] pm=0x1 drift=0 rderr=0
1788536217.006286 [DWT] ok=1 cyc=3464544946 cyc_per_ms=799999
1788536218.021557 [HB] up_ms=1224222 frames=55379 inf=55379 hazard=7093 canary_err=0 q=0 qovr=0
1788536218.032935 [I2C] init=0 gate=0 whoami=0x140e0 wr=0 wrseen=0x27 addr=0x5a ok=337146 err=28 tmo=0 recov=56 pclk1=200000000 sysclk=400000000
1788536218.034427 [NAK] nacks=24
1788536218.038931 [CLK] cpu=800000000 sysb=400000000 pclk1=200000000
1788536218.043432 [TOF] res=0 step=0 id=0xeacc blk=0xeacc10 ctl=0x0
1788536218.049444 [RNG] init=0 step=99 id=0xeacc boot=1 calls=93 xerr=0 dm=1 tb=15
1788536218.056328 [RNG] osc=41 imp=881 imprb=881 mstart=0x40 cfg=91 cfgfail=0x0 vhv=0 vpolls=0
1788536218.062580 [PRT] calls=221637 xerr=0 ler=1 lidx=0x0 perr=0 maxcnt=17 addr8=0x52
1788536218.066573 [RTY] wr=0 wmax=0 wref=0  rd=0 rmax=0 rref=0
1788536218.074703 [RNG] frames=55381 last=43 min=28 max=170 nrdy=0 dxfer=0 dstat=0 lst=0 nrdyerr=0 dclr=0
1788536218.080840 [DRV] init=0 id=7 mode=0x1 lib=0x2 seq=0x1 odc=0x8b sts=0xe0 armed=1
1788536218.086341 [TRG] pulses=521 suppressed=6572 cyc=1600 rst=1 rstmode=0x40
1788536218.089846 [HLT] polls=1107 faults=0x0 cfglost=0
1788536218.095711 [EFF] n=5 last=58533 min=58470 max=58534 late=0 stuck=0 rderr=0
1788536218.105887 [IMU] init=0 addr=0x68 who=0x68 rst=1 pmrb0=0x40 pmrb=0x1 sr=19 cfg=4 gcfg=0x0 acfg=0x8 icfg=0x30 ien=0x1 armed=1
1788536218.111351 [ACC] reads=55355 stale=55305 rderr=28 ax=74 ay=-121 az=1116
1788536218.114111 [PWR] pm=0x1 drift=0 rderr=0
1788536218.117977 [DWT] ok=1 cyc=51912922 cyc_per_ms=799941
1788536219.133351 [HB] up_ms=1225325 frames=55429 inf=55429 hazard=7093 canary_err=0 q=0 qovr=0
1788536219.144841 [I2C] init=0 gate=0 whoami=0x140e0 wr=0 wrseen=0x27 addr=0x5a ok=337446 err=28 tmo=0 recov=56 pclk1=200000000 sysclk=400000000
1788536219.146216 [NAK] nacks=24
1788536219.150845 [CLK] cpu=800000000 sysb=400000000 pclk1=200000000
1788536219.155352 [TOF] res=0 step=0 id=0xeacc blk=0xeacc10 ctl=0x0
1788536219.161351 [RNG] init=0 step=99 id=0xeacc boot=1 calls=93 xerr=0 dm=1 tb=15
1788536219.168240 [RNG] osc=41 imp=881 imprb=881 mstart=0x40 cfg=91 cfgfail=0x0 vhv=0 vpolls=0
1788536219.174501 [PRT] calls=221837 xerr=0 ler=1 lidx=0x0 perr=0 maxcnt=17 addr8=0x52
1788536219.178491 [RTY] wr=0 wmax=0 wref=0  rd=0 rmax=0 rref=0
1788536219.186492 [RNG] frames=55431 last=39 min=28 max=170 nrdy=0 dxfer=0 dstat=0 lst=0 nrdyerr=0 dclr=0
1788536219.192766 [DRV] init=0 id=7 mode=0x1 lib=0x2 seq=0x1 odc=0x8b sts=0xe0 armed=1
1788536219.198251 [TRG] pulses=521 suppressed=6572 cyc=1600 rst=1 rstmode=0x40
1788536219.201631 [HLT] polls=1108 faults=0x0 cfglost=0
1788536219.207503 [EFF] n=5 last=58533 min=58470 max=58534 late=0 stuck=0 rderr=0
1788536219.217761 [IMU] init=0 addr=0x68 who=0x68 rst=1 pmrb0=0x40 pmrb=0x1 sr=19 cfg=4 gcfg=0x0 acfg=0x8 icfg=0x30 ien=0x1 armed=1
1788536219.223261 [ACC] reads=55405 stale=55355 rderr=28 ax=76 ay=-120 az=1116
1788536219.225892 [PWR] pm=0x1 drift=0 rderr=0
1788536219.229903 [DWT] ok=1 cyc=934243834 cyc_per_ms=799937
1788536220.245000 [HB] up_ms=1226428 frames=55479 inf=55479 hazard=7093 canary_err=0 q=0 qovr=0
1788536220.256485 [I2C] init=0 gate=0 whoami=0x140e0 wr=0 wrseen=0x27 addr=0x5a ok=337748 err=28 tmo=0 recov=56 pclk1=200000000 sysclk=400000000
1788536220.257866 [NAK] nacks=24
1788536220.262493 [CLK] cpu=800000000 sysb=400000000 pclk1=200000000
1788536220.266999 [TOF] res=0 step=0 id=0xeacc blk=0xeacc10 ctl=0x0
1788536220.272873 [RNG] init=0 step=99 id=0xeacc boot=1 calls=93 xerr=0 dm=1 tb=15
1788536220.279872 [RNG] osc=41 imp=881 imprb=881 mstart=0x40 cfg=91 cfgfail=0x0 vhv=0 vpolls=0
1788536220.286014 [PRT] calls=222037 xerr=0 ler=1 lidx=0x0 perr=0 maxcnt=17 addr8=0x52
1788536220.290009 [RTY] wr=0 wmax=0 wref=0  rd=0 rmax=0 rref=0
1788536220.298159 [RNG] frames=55481 last=42 min=28 max=170 nrdy=0 dxfer=0 dstat=0 lst=0 nrdyerr=0 dclr=0
1788536220.304265 [DRV] init=0 id=7 mode=0x1 lib=0x2 seq=0x1 odc=0x8b sts=0xe0 armed=1
1788536220.309766 [TRG] pulses=522 suppressed=6573 cyc=1600 rst=1 rstmode=0x40
1788536220.313168 [HLT] polls=1109 faults=0x0 cfglost=0
1788536220.319022 [EFF] n=5 last=58533 min=58470 max=58534 late=0 stuck=0 rderr=0
1788536220.329275 [IMU] init=0 addr=0x68 who=0x68 rst=1 pmrb0=0x40 pmrb=0x1 sr=19 cfg=4 gcfg=0x0 acfg=0x8 icfg=0x30 ien=0x1 armed=1
1788536220.334785 [ACC] reads=55455 stale=55405 rderr=28 ax=76 ay=-121 az=1112
1788536220.337445 [PWR] pm=0x1 drift=0 rderr=0
1788536220.341429 [DWT] ok=1 cyc=1816649354 cyc_per_ms=800005
1788536221.355978 [HB] up_ms=1227531 frames=55529 inf=55529 hazard=7134 canary_err=0 q=0 qovr=0
1788536221.367464 [I2C] init=0 gate=0 whoami=0x140e0 wr=0 wrseen=0x27 addr=0x5a ok=338050 err=28 tmo=0 recov=56 pclk1=200000000 sysclk=400000000
1788536221.368830 [NAK] nacks=24
1788536221.373463 [CLK] cpu=800000000 sysb=400000000 pclk1=200000000
1788536221.377962 [TOF] res=0 step=0 id=0xeacc blk=0xeacc10 ctl=0x0
1788536221.383844 [RNG] init=0 step=99 id=0xeacc boot=1 calls=93 xerr=0 dm=1 tb=15
1788536221.390853 [RNG] osc=41 imp=881 imprb=881 mstart=0x40 cfg=91 cfgfail=0x0 vhv=0 vpolls=0
1788536221.396973 [PRT] calls=222237 xerr=0 ler=1 lidx=0x0 perr=0 maxcnt=17 addr8=0x52
1788536221.401119 [RTY] wr=0 wmax=0 wref=0  rd=0 rmax=0 rref=0
1788536221.409141 [RNG] frames=55531 last=41 min=28 max=170 nrdy=0 dxfer=0 dstat=0 lst=0 nrdyerr=0 dclr=0
1788536221.415393 [DRV] init=0 id=7 mode=0x1 lib=0x2 seq=0x1 odc=0x8b sts=0xe0 armed=1
1788536221.420763 [TRG] pulses=524 suppressed=6610 cyc=1600 rst=1 rstmode=0x40
1788536221.424996 [HLT] polls=1110 faults=0x0 cfglost=0
1788536221.430050 [EFF] n=5 last=58533 min=58470 max=58534 late=0 stuck=0 rderr=0
1788536221.440299 [IMU] init=0 addr=0x68 who=0x68 rst=1 pmrb0=0x40 pmrb=0x1 sr=19 cfg=4 gcfg=0x0 acfg=0x8 icfg=0x30 ien=0x1 armed=1
1788536221.445787 [ACC] reads=55505 stale=55455 rderr=28 ax=75 ay=-121 az=1116
1788536221.448528 [PWR] pm=0x1 drift=0 rderr=0
1788536221.452418 [DWT] ok=1 cyc=2699044158 cyc_per_ms=799995
1788536222.467341 [HB] up_ms=1228634 frames=55579 inf=55579 hazard=7134 canary_err=0 q=0 qovr=0
1788536222.478845 [I2C] init=0 gate=0 whoami=0x140e0 wr=0 wrseen=0x27 addr=0x5a ok=338352 err=28 tmo=0 recov=56 pclk1=200000000 sysclk=400000000
1788536222.480216 [NAK] nacks=24
1788536222.484842 [CLK] cpu=800000000 sysb=400000000 pclk1=200000000
1788536222.489349 [TOF] res=0 step=0 id=0xeacc blk=0xeacc10 ctl=0x0
1788536222.495128 [RNG] init=0 step=99 id=0xeacc boot=1 calls=93 xerr=0 dm=1 tb=15
1788536222.502228 [RNG] osc=41 imp=881 imprb=881 mstart=0x40 cfg=91 cfgfail=0x0 vhv=0 vpolls=0
1788536222.508353 [PRT] calls=222437 xerr=0 ler=1 lidx=0x0 perr=0 maxcnt=17 addr8=0x52
1788536222.512470 [RTY] wr=0 wmax=0 wref=0  rd=0 rmax=0 rref=0
1788536222.520479 [RNG] frames=55581 last=41 min=28 max=170 nrdy=0 dxfer=0 dstat=0 lst=0 nrdyerr=0 dclr=0
1788536222.526600 [DRV] init=0 id=7 mode=0x1 lib=0x2 seq=0x1 odc=0x8b sts=0xe0 armed=1
1788536222.532150 [TRG] pulses=524 suppressed=6610 cyc=1600 rst=1 rstmode=0x40
1788536222.535604 [HLT] polls=1111 faults=0x0 cfglost=0
1788536222.541362 [EFF] n=5 last=58533 min=58470 max=58534 late=0 stuck=0 rderr=0
1788536222.551614 [IMU] init=0 addr=0x68 who=0x68 rst=1 pmrb0=0x40 pmrb=0x1 sr=19 cfg=4 gcfg=0x0 acfg=0x8 icfg=0x30 ien=0x1 armed=1
1788536222.557220 [ACC] reads=55555 stale=55505 rderr=28 ax=73 ay=-121 az=1115
1788536222.559750 [PWR] pm=0x1 drift=0 rderr=0
1788536222.563759 [DWT] ok=1 cyc=3581444066 cyc_per_ms=799999
1788536223.579185 [HB] up_ms=1229737 frames=55629 inf=55629 hazard=7134 canary_err=0 q=0 qovr=0
1788536223.590553 [I2C] init=0 gate=0 whoami=0x140e0 wr=0 wrseen=0x27 addr=0x5a ok=338654 err=28 tmo=0 recov=56 pclk1=200000000 sysclk=400000000
1788536223.592062 [NAK] nacks=24
1788536223.596593 [CLK] cpu=800000000 sysb=400000000 pclk1=200000000
1788536223.601069 [TOF] res=0 step=0 id=0xeacc blk=0xeacc10 ctl=0x0
1788536223.606942 [RNG] init=0 step=99 id=0xeacc boot=1 calls=93 xerr=0 dm=1 tb=15
1788536223.614073 [RNG] osc=41 imp=881 imprb=881 mstart=0x40 cfg=91 cfgfail=0x0 vhv=0 vpolls=0
1788536223.620193 [PRT] calls=222637 xerr=0 ler=1 lidx=0x0 perr=0 maxcnt=17 addr8=0x52
1788536223.624332 [RTY] wr=0 wmax=0 wref=0  rd=0 rmax=0 rref=0
1788536223.632195 [RNG] frames=55631 last=43 min=28 max=170 nrdy=0 dxfer=0 dstat=0 lst=0 nrdyerr=0 dclr=0
1788536223.638479 [DRV] init=0 id=7 mode=0x1 lib=0x2 seq=0x1 odc=0x8b sts=0xe0 armed=1
1788536223.643956 [TRG] pulses=524 suppressed=6610 cyc=1600 rst=1 rstmode=0x40
1788536223.647457 [HLT] polls=1112 faults=0x0 cfglost=0
1788536223.653205 [EFF] n=5 last=58533 min=58470 max=58534 late=0 stuck=0 rderr=0
1788536223.663587 [IMU] init=0 addr=0x68 who=0x68 rst=1 pmrb0=0x40 pmrb=0x1 sr=19 cfg=4 gcfg=0x0 acfg=0x8 icfg=0x30 ien=0x1 armed=1
1788536223.668970 [ACC] reads=55605 stale=55555 rderr=28 ax=74 ay=-120 az=1115
1788536223.671723 [PWR] pm=0x1 drift=0 rderr=0
1788536223.675595 [DWT] ok=1 cyc=168876702 cyc_per_ms=799999
1788536224.690767 [HB] up_ms=1230840 frames=55679 inf=55679 hazard=7134 canary_err=0 q=0 qovr=0
1788536224.702262 [I2C] init=0 gate=0 whoami=0x140e0 wr=0 wrseen=0x27 addr=0x5a ok=338956 err=28 tmo=0 recov=56 pclk1=200000000 sysclk=400000000
1788536224.703633 [NAK] nacks=24
1788536224.708254 [CLK] cpu=800000000 sysb=400000000 pclk1=200000000
1788536224.712758 [TOF] res=0 step=0 id=0xeacc blk=0xeacc10 ctl=0x0
1788536224.718633 [RNG] init=0 step=99 id=0xeacc boot=1 calls=93 xerr=0 dm=1 tb=15
1788536224.725647 [RNG] osc=41 imp=881 imprb=881 mstart=0x40 cfg=91 cfgfail=0x0 vhv=0 vpolls=0
1788536224.731772 [PRT] calls=222837 xerr=0 ler=1 lidx=0x0 perr=0 maxcnt=17 addr8=0x52
1788536224.735888 [RTY] wr=0 wmax=0 wref=0  rd=0 rmax=0 rref=0
1788536224.743782 [RNG] frames=55681 last=42 min=28 max=170 nrdy=0 dxfer=0 dstat=0 lst=0 nrdyerr=0 dclr=0
1788536224.750171 [DRV] init=0 id=7 mode=0x1 lib=0x2 seq=0x1 odc=0x8b sts=0xe0 armed=1
1788536224.755539 [TRG] pulses=524 suppressed=6610 cyc=1600 rst=1 rstmode=0x40
1788536224.759039 [HLT] polls=1113 faults=0x0 cfglost=0
1788536224.764781 [EFF] n=5 last=58533 min=58470 max=58534 late=0 stuck=0 rderr=0
1788536224.775184 [IMU] init=0 addr=0x68 who=0x68 rst=1 pmrb0=0x40 pmrb=0x1 sr=19 cfg=4 gcfg=0x0 acfg=0x8 icfg=0x30 ien=0x1 armed=1
1788536224.780551 [ACC] reads=55655 stale=55605 rderr=28 ax=76 ay=-121 az=1117
1788536224.783290 [PWR] pm=0x1 drift=0 rderr=0
1788536224.787186 [DWT] ok=1 cyc=1051276666 cyc_per_ms=799999
1788536225.802210 [HB] up_ms=1231943 frames=55728 inf=55728 hazard=7134 canary_err=0 q=0 qovr=0
1788536225.813561 [I2C] init=0 gate=0 whoami=0x140e0 wr=0 wrseen=0x27 addr=0x5a ok=339252 err=28 tmo=0 recov=57 pclk1=200000000 sysclk=400000000
1788536225.815057 [NAK] nacks=24
1788536225.819572 [CLK] cpu=800000000 sysb=400000000 pclk1=200000000
1788536225.824069 [TOF] res=0 step=0 id=0xeacc blk=0xeacc10 ctl=0x0
1788536225.829960 [RNG] init=0 step=99 id=0xeacc boot=1 calls=93 xerr=0 dm=1 tb=15
1788536225.836945 [RNG] osc=41 imp=881 imprb=881 mstart=0x40 cfg=91 cfgfail=0x0 vhv=0 vpolls=0
1788536225.843213 [PRT] calls=223033 xerr=0 ler=1 lidx=0x0 perr=0 maxcnt=17 addr8=0x52
1788536225.847211 [RTY] wr=0 wmax=0 wref=0  rd=0 rmax=0 rref=0
1788536225.855447 [RNG] frames=55730 last=37 min=28 max=170 nrdy=0 dxfer=0 dstat=0 lst=0 nrdyerr=0 dclr=0
1788536225.861458 [DRV] init=0 id=7 mode=0x1 lib=0x2 seq=0x1 odc=0x8b sts=0xe0 armed=1
1788536225.866955 [TRG] pulses=524 suppressed=6610 cyc=1600 rst=1 rstmode=0x40
1788536225.870336 [HLT] polls=1114 faults=0x0 cfglost=0
1788536225.876204 [EFF] n=5 last=58533 min=58470 max=58534 late=0 stuck=0 rderr=0
1788536225.886462 [IMU] init=0 addr=0x68 who=0x68 rst=1 pmrb0=0x40 pmrb=0x1 sr=19 cfg=4 gcfg=0x0 acfg=0x8 icfg=0x30 ien=0x1 armed=1
1788536225.891967 [ACC] reads=55704 stale=55654 rderr=28 ax=73 ay=-120 az=1112
1788536225.894602 [PWR] pm=0x1 drift=0 rderr=0
1788536225.898605 [DWT] ok=1 cyc=1933676930 cyc_per_ms=800000
1788536226.912986 [HB] up_ms=1233046 frames=55778 inf=55778 hazard=7134 canary_err=0 q=0 qovr=0
1788536226.924363 [I2C] init=0 gate=0 whoami=0x140e0 wr=0 wrseen=0x27 addr=0x5a ok=339554 err=28 tmo=0 recov=57 pclk1=200000000 sysclk=400000000
1788536226.925858 [NAK] nacks=24
1788536226.930358 [CLK] cpu=800000000 sysb=400000000 pclk1=200000000
1788536226.934859 [TOF] res=0 step=0 id=0xeacc blk=0xeacc10 ctl=0x0
1788536226.940746 [RNG] init=0 step=99 id=0xeacc boot=1 calls=93 xerr=0 dm=1 tb=15
1788536226.947744 [RNG] osc=41 imp=881 imprb=881 mstart=0x40 cfg=91 cfgfail=0x0 vhv=0 vpolls=0
1788536226.953989 [PRT] calls=223233 xerr=0 ler=1 lidx=0x0 perr=0 maxcnt=17 addr8=0x52
1788536226.957991 [RTY] wr=0 wmax=0 wref=0  rd=0 rmax=0 rref=0
1788536226.965995 [RNG] frames=55780 last=43 min=28 max=170 nrdy=0 dxfer=0 dstat=0 lst=0 nrdyerr=0 dclr=0
1788536226.972248 [DRV] init=0 id=7 mode=0x1 lib=0x2 seq=0x1 odc=0x8b sts=0xe0 armed=1
1788536226.977748 [TRG] pulses=524 suppressed=6610 cyc=1600 rst=1 rstmode=0x40
1788536226.981148 [HLT] polls=1115 faults=0x0 cfglost=0
1788536226.986880 [EFF] n=5 last=58533 min=58470 max=58534 late=0 stuck=0 rderr=0
1788536226.997266 [IMU] init=0 addr=0x68 who=0x68 rst=1 pmrb0=0x40 pmrb=0x1 sr=19 cfg=4 gcfg=0x0 acfg=0x8 icfg=0x30 ien=0x1 armed=1
1788536227.002636 [ACC] reads=55754 stale=55704 rderr=28 ax=76 ay=-120 az=1116
1788536227.005422 [PWR] pm=0x1 drift=0 rderr=0
1788536227.009263 [DWT] ok=1 cyc=2816076750 cyc_per_ms=799999
1788536228.024152 [HB] up_ms=1234149 frames=55828 inf=55828 hazard=7162 canary_err=0 q=0 qovr=0
1788536228.035638 [I2C] init=0 gate=0 whoami=0x140e0 wr=0 wrseen=0x27 addr=0x5a ok=339856 err=28 tmo=0 recov=57 pclk1=200000000 sysclk=400000000
1788536228.037022 [NAK] nacks=24
1788536228.041637 [CLK] cpu=800000000 sysb=400000000 pclk1=200000000
1788536228.046166 [TOF] res=0 step=0 id=0xeacc blk=0xeacc10 ctl=0x0
1788536228.052017 [RNG] init=0 step=99 id=0xeacc boot=1 calls=93 xerr=0 dm=1 tb=15
1788536228.059048 [RNG] osc=41 imp=881 imprb=881 mstart=0x40 cfg=91 cfgfail=0x0 vhv=0 vpolls=0
1788536228.065172 [PRT] calls=223433 xerr=0 ler=1 lidx=0x0 perr=0 maxcnt=17 addr8=0x52
1788536228.069283 [RTY] wr=0 wmax=0 wref=0  rd=0 rmax=0 rref=0
1788536228.077173 [RNG] frames=55830 last=39 min=28 max=170 nrdy=0 dxfer=0 dstat=0 lst=0 nrdyerr=0 dclr=0
1788536228.083540 [DRV] init=0 id=7 mode=0x1 lib=0x2 seq=0x1 odc=0x8b sts=0xe0 armed=1
1788536228.088910 [TRG] pulses=527 suppressed=6638 cyc=1600 rst=1 rstmode=0x40
1788536228.092409 [HLT] polls=1116 faults=0x0 cfglost=0
1788536228.098180 [EFF] n=5 last=58533 min=58470 max=58534 late=0 stuck=0 rderr=0
1788536228.108426 [IMU] init=0 addr=0x68 who=0x68 rst=1 pmrb0=0x40 pmrb=0x1 sr=19 cfg=4 gcfg=0x0 acfg=0x8 icfg=0x30 ien=0x1 armed=1
1788536228.113923 [ACC] reads=55804 stale=55754 rderr=28 ax=75 ay=-120 az=1111
1788536228.116548 [PWR] pm=0x1 drift=0 rderr=0
1788536228.120546 [DWT] ok=1 cyc=3698482734 cyc_per_ms=800005
1788536229.135274 [HB] up_ms=1235252 frames=55878 inf=55878 hazard=7175 canary_err=0 q=0 qovr=0
1788536229.146653 [I2C] init=0 gate=0 whoami=0x140e0 wr=0 wrseen=0x27 addr=0x5a ok=340158 err=28 tmo=0 recov=57 pclk1=200000000 sysclk=400000000
1788536229.148187 [NAK] nacks=24
1788536229.152662 [CLK] cpu=800000000 sysb=400000000 pclk1=200000000
1788536229.157198 [TOF] res=0 step=0 id=0xeacc blk=0xeacc10 ctl=0x0
1788536229.163036 [RNG] init=0 step=99 id=0xeacc boot=1 calls=93 xerr=0 dm=1 tb=15
1788536229.170038 [RNG] osc=41 imp=881 imprb=881 mstart=0x40 cfg=91 cfgfail=0x0 vhv=0 vpolls=0
1788536229.176299 [PRT] calls=223633 xerr=0 ler=1 lidx=0x0 perr=0 maxcnt=17 addr8=0x52
1788536229.180294 [RTY] wr=0 wmax=0 wref=0  rd=0 rmax=0 rref=0
1788536229.188322 [RNG] frames=55880 last=45 min=28 max=170 nrdy=0 dxfer=0 dstat=0 lst=0 nrdyerr=0 dclr=0
1788536229.194551 [DRV] init=0 id=7 mode=0x1 lib=0x2 seq=0x1 odc=0x8b sts=0xe0 armed=1
1788536229.200054 [TRG] pulses=527 suppressed=6648 cyc=1600 rst=1 rstmode=0x40
1788536229.203425 [HLT] polls=1117 faults=0x0 cfglost=0
1788536229.209198 [EFF] n=5 last=58533 min=58470 max=58534 late=0 stuck=0 rderr=0
1788536229.219564 [IMU] init=0 addr=0x68 who=0x68 rst=1 pmrb0=0x40 pmrb=0x1 sr=19 cfg=4 gcfg=0x0 acfg=0x8 icfg=0x30 ien=0x1 armed=1
1788536229.225063 [ACC] reads=55854 stale=55804 rderr=28 ax=74 ay=-121 az=1114
1788536229.227685 [PWR] pm=0x1 drift=0 rderr=0
1788536229.231562 [DWT] ok=1 cyc=285909294 cyc_per_ms=799994
1788536230.246193 [HB] up_ms=1236355 frames=55928 inf=55928 hazard=7175 canary_err=0 q=0 qovr=0
1788536230.257534 [I2C] init=0 gate=0 whoami=0x140e0 wr=0 wrseen=0x27 addr=0x5a ok=340460 err=28 tmo=0 recov=57 pclk1=200000000 sysclk=400000000
1788536230.259027 [NAK] nacks=24
1788536230.263530 [CLK] cpu=800000000 sysb=400000000 pclk1=200000000
1788536230.268039 [TOF] res=0 step=0 id=0xeacc blk=0xeacc10 ctl=0x0
1788536230.273913 [RNG] init=0 step=99 id=0xeacc boot=1 calls=93 xerr=0 dm=1 tb=15
1788536230.281042 [RNG] osc=41 imp=881 imprb=881 mstart=0x40 cfg=91 cfgfail=0x0 vhv=0 vpolls=0
1788536230.287198 [PRT] calls=223833 xerr=0 ler=1 lidx=0x0 perr=0 maxcnt=17 addr8=0x52
1788536230.291189 [RTY] wr=0 wmax=0 wref=0  rd=0 rmax=0 rref=0
1788536230.299054 [RNG] frames=55930 last=43 min=28 max=170 nrdy=0 dxfer=0 dstat=0 lst=0 nrdyerr=0 dclr=0
1788536230.305426 [DRV] init=0 id=7 mode=0x1 lib=0x2 seq=0x1 odc=0x8b sts=0xe0 armed=1
1788536230.310932 [TRG] pulses=527 suppressed=6648 cyc=1600 rst=1 rstmode=0x40
1788536230.314433 [HLT] polls=1118 faults=0x0 cfglost=0
1788536230.320193 [EFF] n=5 last=58533 min=58470 max=58534 late=0 stuck=0 rderr=0
1788536230.330434 [IMU] init=0 addr=0x68 who=0x68 rst=1 pmrb0=0x40 pmrb=0x1 sr=19 cfg=4 gcfg=0x0 acfg=0x8 icfg=0x30 ien=0x1 armed=1
1788536230.335948 [ACC] reads=55904 stale=55853 rderr=28 ax=75 ay=-120 az=1118
1788536230.338589 [PWR] pm=0x1 drift=0 rderr=0
1788536230.342583 [DWT] ok=1 cyc=1168309238 cyc_per_ms=799999
1788536231.357036 [HB] up_ms=1237458 frames=55978 inf=55978 hazard=7175 canary_err=0 q=0 qovr=0
1788536231.368579 [I2C] init=0 gate=0 whoami=0x140e0 wr=0 wrseen=0x27 addr=0x5a ok=340762 err=28 tmo=0 recov=57 pclk1=200000000 sysclk=400000000
1788536231.369923 [NAK] nacks=24
1788536231.374565 [CLK] cpu=800000000 sysb=400000000 pclk1=200000000
1788536231.379027 [TOF] res=0 step=0 id=0xeacc blk=0xeacc10 ctl=0x0
1788536231.384781 [RNG] init=0 step=99 id=0xeacc boot=1 calls=93 xerr=0 dm=1 tb=15
1788536231.391916 [RNG] osc=41 imp=881 imprb=881 mstart=0x40 cfg=91 cfgfail=0x0 vhv=0 vpolls=0
1788536231.398042 [PRT] calls=224033 xerr=0 ler=1 lidx=0x0 perr=0 maxcnt=17 addr8=0x52
1788536231.402188 [RTY] wr=0 wmax=0 wref=0  rd=0 rmax=0 rref=0
1788536231.409918 [RNG] frames=55980 last=46 min=28 max=170 nrdy=0 dxfer=0 dstat=0 lst=0 nrdyerr=0 dclr=0
1788536231.416287 [DRV] init=0 id=7 mode=0x1 lib=0x2 seq=0x1 odc=0x8b sts=0xe0 armed=1
1788536231.421798 [TRG] pulses=527 suppressed=6648 cyc=1600 rst=1 rstmode=0x40
1788536231.425197 [HLT] polls=1119 faults=0x0 cfglost=0
1788536231.430933 [EFF] n=5 last=58533 min=58470 max=58534 late=0 stuck=0 rderr=0
1788536231.441308 [IMU] init=0 addr=0x68 who=0x68 rst=1 pmrb0=0x40 pmrb=0x1 sr=19 cfg=4 gcfg=0x0 acfg=0x8 icfg=0x30 ien=0x1 armed=1
1788536231.446816 [ACC] reads=55954 stale=55903 rderr=28 ax=74 ay=-121 az=1115
1788536231.449438 [PWR] pm=0x1 drift=0 rderr=0
1788536231.453330 [DWT] ok=1 cyc=2050709398 cyc_per_ms=800000
1788536232.467645 [HB] up_ms=1238561 frames=56028 inf=56028 hazard=7175 canary_err=0 q=0 qovr=0
1788536232.479161 [I2C] init=0 gate=0 whoami=0x140e0 wr=0 wrseen=0x27 addr=0x5a ok=341064 err=28 tmo=0 recov=57 pclk1=200000000 sysclk=400000000
1788536232.480639 [NAK] nacks=24
1788536232.485207 [CLK] cpu=800000000 sysb=400000000 pclk1=200000000
1788536232.489644 [TOF] res=0 step=0 id=0xeacc blk=0xeacc10 ctl=0x0
1788536232.495528 [RNG] init=0 step=99 id=0xeacc boot=1 calls=93 xerr=0 dm=1 tb=15
1788536232.502520 [RNG] osc=41 imp=881 imprb=881 mstart=0x40 cfg=91 cfgfail=0x0 vhv=0 vpolls=0
1788536232.508761 [PRT] calls=224232 xerr=0 ler=1 lidx=0x0 perr=0 maxcnt=17 addr8=0x52
1788536232.512765 [RTY] wr=0 wmax=0 wref=0  rd=0 rmax=0 rref=0
1788536232.520647 [RNG] frames=56030 last=45 min=28 max=170 nrdy=0 dxfer=0 dstat=0 lst=0 nrdyerr=0 dclr=0
1788536232.527042 [DRV] init=0 id=7 mode=0x1 lib=0x2 seq=0x1 odc=0x8b sts=0xe0 armed=1
1788536232.532546 [TRG] pulses=527 suppressed=6648 cyc=1600 rst=1 rstmode=0x40
1788536232.536025 [HLT] polls=1120 faults=0x0 cfglost=0
1788536232.541778 [EFF] n=5 last=58533 min=58470 max=58534 late=0 stuck=0 rderr=0
1788536232.552045 [IMU] init=0 addr=0x68 who=0x68 rst=1 pmrb0=0x40 pmrb=0x1 sr=19 cfg=4 gcfg=0x0 acfg=0x8 icfg=0x30 ien=0x1 armed=1
1788536232.557874 [ACC] reads=56004 stale=55953 rderr=28 ax=74 ay=-121 az=1115
1788536232.560190 [PWR] pm=0x1 drift=0 rderr=0
1788536232.564191 [DWT] ok=1 cyc=2933109470 cyc_per_ms=800000
1788536233.579034 [HB] up_ms=1239664 frames=56078 inf=56078 hazard=7175 canary_err=0 q=0 qovr=0
1788536233.590379 [I2C] init=0 gate=0 whoami=0x140e0 wr=0 wrseen=0x27 addr=0x5a ok=341366 err=28 tmo=0 recov=57 pclk1=200000000 sysclk=400000000
1788536233.591870 [NAK] nacks=24
1788536233.596500 [CLK] cpu=800000000 sysb=400000000 pclk1=200000000
1788536233.600992 [TOF] res=0 step=0 id=0xeacc blk=0xeacc10 ctl=0x0
1788536233.606875 [RNG] init=0 step=99 id=0xeacc boot=1 calls=93 xerr=0 dm=1 tb=15
1788536233.613743 [RNG] osc=41 imp=881 imprb=881 mstart=0x40 cfg=91 cfgfail=0x0 vhv=0 vpolls=0
1788536233.620009 [PRT] calls=224429 xerr=0 ler=1 lidx=0x0 perr=0 maxcnt=17 addr8=0x52
1788536233.624180 [RTY] wr=0 wmax=0 wref=0  rd=0 rmax=0 rref=0
1788536233.632015 [RNG] frames=56080 last=30 min=28 max=170 nrdy=0 dxfer=0 dstat=0 lst=0 nrdyerr=0 dclr=0
1788536233.638268 [DRV] init=0 id=7 mode=0x1 lib=0x2 seq=0x1 odc=0x8b sts=0xe0 armed=1
1788536233.643765 [TRG] pulses=527 suppressed=6648 cyc=1600 rst=1 rstmode=0x40
1788536233.647266 [HLT] polls=1121 faults=0x0 cfglost=0
1788536233.653017 [EFF] n=5 last=58533 min=58470 max=58534 late=0 stuck=0 rderr=0
1788536233.663401 [IMU] init=0 addr=0x68 who=0x68 rst=1 pmrb0=0x40 pmrb=0x1 sr=19 cfg=4 gcfg=0x0 acfg=0x8 icfg=0x30 ien=0x1 armed=1
1788536233.668776 [ACC] reads=56054 stale=56003 rderr=28 ax=75 ay=-120 az=1114
1788536233.671523 [PWR] pm=0x1 drift=0 rderr=0
1788536233.675404 [DWT] ok=1 cyc=3815509594 cyc_per_ms=800000
1788536234.690215 [HB] up_ms=1240767 frames=56127 inf=56127 hazard=7182 canary_err=0 q=0 qovr=0
1788536234.701579 [I2C] init=0 gate=0 whoami=0x140e0 wr=0 wrseen=0x27 addr=0x5a ok=341668 err=28 tmo=0 recov=58 pclk1=200000000 sysclk=400000000
1788536234.702978 [NAK] nacks=24
1788536234.707599 [CLK] cpu=800000000 sysb=400000000 pclk1=200000000
1788536234.712230 [TOF] res=0 step=0 id=0xeacc blk=0xeacc10 ctl=0x0
1788536234.718087 [RNG] init=0 step=99 id=0xeacc boot=1 calls=93 xerr=0 dm=1 tb=15
1788536234.725004 [RNG] osc=41 imp=881 imprb=881 mstart=0x40 cfg=91 cfgfail=0x0 vhv=0 vpolls=0
1788536234.731094 [PRT] calls=224629 xerr=0 ler=1 lidx=0x0 perr=0 maxcnt=17 addr8=0x52
1788536234.735352 [RTY] wr=0 wmax=0 wref=0  rd=0 rmax=0 rref=0
1788536234.743220 [RNG] frames=56130 last=45 min=28 max=170 nrdy=0 dxfer=0 dstat=0 lst=0 nrdyerr=0 dclr=0
1788536234.749360 [DRV] init=0 id=7 mode=0x1 lib=0x2 seq=0x1 odc=0x8b sts=0xe0 armed=1
1788536234.754855 [TRG] pulses=528 suppressed=6657 cyc=1600 rst=1 rstmode=0x40
1788536234.758482 [HLT] polls=1122 faults=0x0 cfglost=0
1788536234.764228 [EFF] n=5 last=58533 min=58470 max=58534 late=0 stuck=0 rderr=0
1788536234.774372 [IMU] init=0 addr=0x68 who=0x68 rst=1 pmrb0=0x40 pmrb=0x1 sr=19 cfg=4 gcfg=0x0 acfg=0x8 icfg=0x30 ien=0x1 armed=1
1788536234.779988 [ACC] reads=56103 stale=56052 rderr=28 ax=73 ay=-122 az=1113
1788536234.782739 [PWR] pm=0x1 drift=0 rderr=0
1788536234.786622 [DWT] ok=1 cyc=403080478 cyc_per_ms=800125
1788536235.800927 [HB] up_ms=1241870 frames=56177 inf=56177 hazard=7216 canary_err=0 q=0 qovr=0
1788536235.812304 [I2C] init=0 gate=0 whoami=0x140e0 wr=0 wrseen=0x27 addr=0x5a ok=341969 err=28 tmo=0 recov=58 pclk1=200000000 sysclk=400000000
1788536235.813683 [NAK] nacks=24
1788536235.818299 [CLK] cpu=800000000 sysb=400000000 pclk1=200000000
1788536235.822797 [TOF] res=0 step=0 id=0xeacc blk=0xeacc10 ctl=0x0
1788536235.828808 [RNG] init=0 step=99 id=0xeacc boot=1 calls=93 xerr=0 dm=1 tb=15
1788536235.835673 [RNG] osc=41 imp=881 imprb=881 mstart=0x40 cfg=91 cfgfail=0x0 vhv=0 vpolls=0
1788536235.841942 [PRT] calls=224829 xerr=0 ler=1 lidx=0x0 perr=0 maxcnt=17 addr8=0x52
1788536235.846063 [RTY] wr=0 wmax=0 wref=0  rd=0 rmax=0 rref=0
1788536235.853938 [RNG] frames=56179 last=41 min=28 max=170 nrdy=0 dxfer=0 dstat=0 lst=0 nrdyerr=0 dclr=0
1788536235.860213 [DRV] init=0 id=7 mode=0x1 lib=0x2 seq=0x1 odc=0x8b sts=0xe0 armed=1
1788536235.865690 [TRG] pulses=530 suppressed=6686 cyc=1600 rst=1 rstmode=0x40
1788536235.869075 [HLT] polls=1123 faults=0x0 cfglost=0
1788536235.874947 [EFF] n=5 last=58533 min=58470 max=58534 late=0 stuck=0 rderr=0
1788536235.885080 [IMU] init=0 addr=0x68 who=0x68 rst=1 pmrb0=0x40 pmrb=0x1 sr=19 cfg=4 gcfg=0x0 acfg=0x8 icfg=0x30 ien=0x1 armed=1
1788536235.890579 [ACC] reads=56153 stale=56102 rderr=28 ax=73 ay=-121 az=1115
1788536235.893336 [PWR] pm=0x1 drift=0 rderr=0
1788536235.897452 [DWT] ok=1 cyc=1285447796 cyc_per_ms=799970
1788536236.911751 [HB] up_ms=1242973 frames=56227 inf=56227 hazard=7216 canary_err=0 q=0 qovr=0
1788536236.923250 [I2C] init=0 gate=0 whoami=0x140e0 wr=0 wrseen=0x27 addr=0x5a ok=342266 err=28 tmo=0 recov=58 pclk1=200000000 sysclk=400000000
1788536236.924635 [NAK] nacks=24
1788536236.929251 [CLK] cpu=800000000 sysb=400000000 pclk1=200000000
1788536236.933756 [TOF] res=0 step=0 id=0xeacc blk=0xeacc10 ctl=0x0
1788536236.939764 [RNG] init=0 step=99 id=0xeacc boot=1 calls=93 xerr=0 dm=1 tb=15
1788536236.946644 [RNG] osc=41 imp=881 imprb=881 mstart=0x40 cfg=91 cfgfail=0x0 vhv=0 vpolls=0
1788536236.952765 [PRT] calls=225029 xerr=0 ler=1 lidx=0x0 perr=0 maxcnt=17 addr8=0x52
1788536236.956891 [RTY] wr=0 wmax=0 wref=0  rd=0 rmax=0 rref=0
1788536236.964886 [RNG] frames=56229 last=42 min=28 max=170 nrdy=0 dxfer=0 dstat=0 lst=0 nrdyerr=0 dclr=0
1788536236.971019 [DRV] init=0 id=7 mode=0x1 lib=0x2 seq=0x1 odc=0x8b sts=0xe0 armed=1
1788536236.976519 [TRG] pulses=530 suppressed=6686 cyc=1600 rst=1 rstmode=0x40
1788536236.980015 [HLT] polls=1124 faults=0x0 cfglost=0
1788536236.985903 [EFF] n=5 last=58533 min=58470 max=58534 late=0 stuck=0 rderr=0
1788536236.996036 [IMU] init=0 addr=0x68 who=0x68 rst=1 pmrb0=0x40 pmrb=0x1 sr=19 cfg=4 gcfg=0x0 acfg=0x8 icfg=0x30 ien=0x1 armed=1
1788536237.001530 [ACC] reads=56203 stale=56152 rderr=28 ax=74 ay=-121 az=1112
1788536237.004184 [PWR] pm=0x1 drift=0 rderr=0
1788536237.008288 [DWT] ok=1 cyc=2167742322 cyc_per_ms=799904
1788536238.022705 [HB] up_ms=1244076 frames=56277 inf=56277 hazard=7216 canary_err=0 q=0 qovr=0
1788536238.034213 [I2C] init=0 gate=0 whoami=0x140e0 wr=0 wrseen=0x27 addr=0x5a ok=342568 err=28 tmo=0 recov=58 pclk1=200000000 sysclk=400000000
1788536238.035571 [NAK] nacks=24
1788536238.040201 [CLK] cpu=800000000 sysb=400000000 pclk1=200000000
1788536238.044703 [TOF] res=0 step=0 id=0xeacc blk=0xeacc10 ctl=0x0
1788536238.050701 [RNG] init=0 step=99 id=0xeacc boot=1 calls=93 xerr=0 dm=1 tb=15
1788536238.057580 [RNG] osc=41 imp=881 imprb=881 mstart=0x40 cfg=91 cfgfail=0x0 vhv=0 vpolls=0
1788536238.063702 [PRT] calls=225229 xerr=0 ler=1 lidx=0x0 perr=0 maxcnt=17 addr8=0x52
1788536238.067826 [RTY] wr=0 wmax=0 wref=0  rd=0 rmax=0 rref=0
1788536238.075836 [RNG] frames=56279 last=42 min=28 max=170 nrdy=0 dxfer=0 dstat=0 lst=0 nrdyerr=0 dclr=0
1788536238.081968 [DRV] init=0 id=7 mode=0x1 lib=0x2 seq=0x1 odc=0x8b sts=0xe0 armed=1
1788536238.087470 [TRG] pulses=530 suppressed=6686 cyc=1600 rst=1 rstmode=0x40
1788536238.090960 [HLT] polls=1125 faults=0x0 cfglost=0
1788536238.096841 [EFF] n=5 last=58533 min=58470 max=58534 late=0 stuck=0 rderr=0
1788536238.106974 [IMU] init=0 addr=0x68 who=0x68 rst=1 pmrb0=0x40 pmrb=0x1 sr=19 cfg=4 gcfg=0x0 acfg=0x8 icfg=0x30 ien=0x1 armed=1
1788536238.112475 [ACC] reads=56253 stale=56202 rderr=28 ax=74 ay=-121 az=1114
1788536238.115112 [PWR] pm=0x1 drift=0 rderr=0
1788536238.119222 [DWT] ok=1 cyc=3050141826 cyc_per_ms=799999
1788536239.133686 [HB] up_ms=1245179 frames=56327 inf=56327 hazard=7216 canary_err=0 q=0 qovr=0
1788536239.145188 [I2C] init=0 gate=0 whoami=0x140e0 wr=0 wrseen=0x27 addr=0x5a ok=342870 err=28 tmo=0 recov=58 pclk1=200000000 sysclk=400000000
1788536239.146541 [NAK] nacks=24
1788536239.151177 [CLK] cpu=800000000 sysb=400000000 pclk1=200000000
1788536239.155650 [TOF] res=0 step=0 id=0xeacc blk=0xeacc10 ctl=0x0
1788536239.161524 [RNG] init=0 step=99 id=0xeacc boot=1 calls=93 xerr=0 dm=1 tb=15
1788536239.168509 [RNG] osc=41 imp=881 imprb=881 mstart=0x40 cfg=91 cfgfail=0x0 vhv=0 vpolls=0
1788536239.174637 [PRT] calls=225429 xerr=0 ler=1 lidx=0x0 perr=0 maxcnt=17 addr8=0x52
1788536239.178755 [RTY] wr=0 wmax=0 wref=0  rd=0 rmax=0 rref=0
1788536239.186742 [RNG] frames=56329 last=44 min=28 max=170 nrdy=0 dxfer=0 dstat=0 lst=0 nrdyerr=0 dclr=0
1788536239.192867 [DRV] init=0 id=7 mode=0x1 lib=0x2 seq=0x1 odc=0x8b sts=0xe0 armed=1
1788536239.198358 [TRG] pulses=530 suppressed=6686 cyc=1600 rst=1 rstmode=0x40
1788536239.201850 [HLT] polls=1126 faults=0x0 cfglost=0
1788536239.207604 [EFF] n=5 last=58533 min=58470 max=58534 late=0 stuck=0 rderr=0
1788536239.217843 [IMU] init=0 addr=0x68 who=0x68 rst=1 pmrb0=0x40 pmrb=0x1 sr=19 cfg=4 gcfg=0x0 acfg=0x8 icfg=0x30 ien=0x1 armed=1
1788536239.223369 [ACC] reads=56303 stale=56252 rderr=28 ax=73 ay=-119 az=1117
1788536239.225951 [PWR] pm=0x1 drift=0 rderr=0
1788536239.229945 [DWT] ok=1 cyc=3932542334 cyc_per_ms=800000
1788536240.242745 [HB] up_ms=1246282 frames=56377 inf=56377 hazard=7216 canary_err=0 q=0 qovr=0
1788536240.254212 [I2C] init=0 gate=0 whoami=0x140e0 wr=0 wrseen=0x27 addr=0x5a ok=343172 err=28 tmo=0 recov=58 pclk1=200000000 sysclk=400000000
1788536240.255628 [NAK] nacks=24
1788536240.260218 [CLK] cpu=800000000 sysb=400000000 pclk1=200000000
1788536240.264711 [TOF] res=0 step=0 id=0xeacc blk=0xeacc10 ctl=0x0
1788536240.270572 [RNG] init=0 step=99 id=0xeacc boot=1 calls=93 xerr=0 dm=1 tb=15
1788536240.277560 [RNG] osc=41 imp=881 imprb=881 mstart=0x40 cfg=91 cfgfail=0x0 vhv=0 vpolls=0
1788536240.283804 [PRT] calls=225629 xerr=0 ler=1 lidx=0x0 perr=0 maxcnt=17 addr8=0x52
1788536240.287800 [RTY] wr=0 wmax=0 wref=0  rd=0 rmax=0 rref=0
1788536240.295794 [RNG] frames=56379 last=49 min=28 max=170 nrdy=0 dxfer=0 dstat=0 lst=0 nrdyerr=0 dclr=0
1788536240.302031 [DRV] init=0 id=7 mode=0x1 lib=0x2 seq=0x1 odc=0x8b sts=0xe0 armed=1
1788536240.307533 [TRG] pulses=530 suppressed=6686 cyc=1600 rst=1 rstmode=0x40
1788536240.310897 [HLT] polls=1127 faults=0x0 cfglost=0
1788536240.316646 [EFF] n=5 last=58533 min=58470 max=58534 late=0 stuck=0 rderr=0
1788536240.327020 [IMU] init=0 addr=0x68 who=0x68 rst=1 pmrb0=0x40 pmrb=0x1 sr=19 cfg=4 gcfg=0x0 acfg=0x8 icfg=0x30 ien=0x1 armed=1
1788536240.332388 [ACC] reads=56353 stale=56302 rderr=28 ax=77 ay=-122 az=1116
1788536240.335149 [PWR] pm=0x1 drift=0 rderr=0
1788536240.338997 [DWT] ok=1 cyc=519974834 cyc_per_ms=799999
1788536241.352324 [HB] up_ms=1247385 frames=56427 inf=56427 hazard=7216 canary_err=0 q=0 qovr=0
1788536241.363811 [I2C] init=0 gate=0 whoami=0x140e0 wr=0 wrseen=0x27 addr=0x5a ok=343474 err=28 tmo=0 recov=58 pclk1=200000000 sysclk=400000000
1788536241.365194 [NAK] nacks=24
1788536241.369795 [CLK] cpu=800000000 sysb=400000000 pclk1=200000000
1788536241.374299 [TOF] res=0 step=0 id=0xeacc blk=0xeacc10 ctl=0x0
1788536241.380176 [RNG] init=0 step=99 id=0xeacc boot=1 calls=93 xerr=0 dm=1 tb=15
1788536241.387172 [RNG] osc=41 imp=881 imprb=881 mstart=0x40 cfg=91 cfgfail=0x0 vhv=0 vpolls=0
1788536241.393390 [PRT] calls=225829 xerr=0 ler=1 lidx=0x0 perr=0 maxcnt=17 addr8=0x52
1788536241.397434 [RTY] wr=0 wmax=0 wref=0  rd=0 rmax=0 rref=0
1788536241.405387 [RNG] frames=56429 last=38 min=28 max=170 nrdy=0 dxfer=0 dstat=0 lst=0 nrdyerr=0 dclr=0
1788536241.411635 [DRV] init=0 id=7 mode=0x1 lib=0x2 seq=0x1 odc=0x8b sts=0xe0 armed=1
1788536241.417149 [TRG] pulses=530 suppressed=6686 cyc=1600 rst=1 rstmode=0x40
1788536241.420518 [HLT] polls=1128 faults=0x0 cfglost=0
1788536241.426248 [EFF] n=5 last=58533 min=58470 max=58534 late=0 stuck=0 rderr=0
1788536241.436604 [IMU] init=0 addr=0x68 who=0x68 rst=1 pmrb0=0x40 pmrb=0x1 sr=19 cfg=4 gcfg=0x0 acfg=0x8 icfg=0x30 ien=0x1 armed=1
1788536241.442126 [ACC] reads=56403 stale=56352 rderr=28 ax=72 ay=-120 az=1113
1788536241.444718 [PWR] pm=0x1 drift=0 rderr=0
1788536241.448722 [DWT] ok=1 cyc=1402374786 cyc_per_ms=799999
1788536242.462849 [HB] up_ms=1248488 frames=56477 inf=56477 hazard=7253 canary_err=0 q=0 qovr=0
1788536242.474228 [I2C] init=0 gate=0 whoami=0x140e0 wr=0 wrseen=0x27 addr=0x5a ok=343776 err=28 tmo=0 recov=58 pclk1=200000000 sysclk=400000000
1788536242.475695 [NAK] nacks=24
1788536242.480316 [CLK] cpu=800000000 sysb=400000000 pclk1=200000000
1788536242.484814 [TOF] res=0 step=0 id=0xeacc blk=0xeacc10 ctl=0x0
1788536242.490595 [RNG] init=0 step=99 id=0xeacc boot=1 calls=93 xerr=0 dm=1 tb=15
1788536242.497666 [RNG] osc=41 imp=881 imprb=881 mstart=0x40 cfg=91 cfgfail=0x0 vhv=0 vpolls=0
1788536242.503789 [PRT] calls=226029 xerr=0 ler=1 lidx=0x0 perr=0 maxcnt=17 addr8=0x52
1788536242.507913 [RTY] wr=0 wmax=0 wref=0  rd=0 rmax=0 rref=0
1788536242.515760 [RNG] frames=56479 last=41 min=28 max=170 nrdy=0 dxfer=0 dstat=0 lst=0 nrdyerr=0 dclr=0
1788536242.522167 [DRV] init=0 id=7 mode=0x1 lib=0x2 seq=0x1 odc=0x8b sts=0xe0 armed=1
1788536242.527507 [TRG] pulses=533 suppressed=6723 cyc=1600 rst=1 rstmode=0x40
1788536242.531003 [HLT] polls=1129 faults=0x0 cfglost=0
1788536242.536740 [EFF] n=5 last=58533 min=58470 max=58534 late=0 stuck=0 rderr=0
1788536242.546994 [IMU] init=0 addr=0x68 who=0x68 rst=1 pmrb0=0x40 pmrb=0x1 sr=19 cfg=4 gcfg=0x0 acfg=0x8 icfg=0x30 ien=0x1 armed=1
1788536242.552474 [ACC] reads=56453 stale=56402 rderr=28 ax=73 ay=-120 az=1113
1788536242.555213 [PWR] pm=0x1 drift=0 rderr=0
1788536242.559103 [DWT] ok=1 cyc=2284778130 cyc_per_ms=800003
1788536243.573393 [HB] up_ms=1249591 frames=56527 inf=56527 hazard=7257 canary_err=0 q=0 qovr=0
1788536243.584874 [I2C] init=0 gate=0 whoami=0x140e0 wr=0 wrseen=0x27 addr=0x5a ok=344078 err=28 tmo=0 recov=58 pclk1=200000000 sysclk=400000000
1788536243.586264 [NAK] nacks=24
1788536243.590875 [CLK] cpu=800000000 sysb=400000000 pclk1=200000000
1788536243.595365 [TOF] res=0 step=0 id=0xeacc blk=0xeacc10 ctl=0x0
1788536243.601123 [RNG] init=0 step=99 id=0xeacc boot=1 calls=93 xerr=0 dm=1 tb=15
1788536243.608227 [RNG] osc=41 imp=881 imprb=881 mstart=0x40 cfg=91 cfgfail=0x0 vhv=0 vpolls=0
1788536243.614473 [PRT] calls=226229 xerr=0 ler=1 lidx=0x0 perr=0 maxcnt=17 addr8=0x52
1788536243.618491 [RTY] wr=0 wmax=0 wref=0  rd=0 rmax=0 rref=0
1788536243.626338 [RNG] frames=56529 last=44 min=28 max=170 nrdy=0 dxfer=0 dstat=0 lst=0 nrdyerr=0 dclr=0
1788536243.632726 [DRV] init=0 id=7 mode=0x1 lib=0x2 seq=0x1 odc=0x8b sts=0xe0 armed=1
1788536243.638202 [TRG] pulses=533 suppressed=6724 cyc=1600 rst=1 rstmode=0x40
1788536243.641565 [HLT] polls=1130 faults=0x0 cfglost=0
1788536243.647320 [EFF] n=5 last=58533 min=58470 max=58534 late=0 stuck=0 rderr=0
1788536243.657690 [IMU] init=0 addr=0x68 who=0x68 rst=1 pmrb0=0x40 pmrb=0x1 sr=19 cfg=4 gcfg=0x0 acfg=0x8 icfg=0x30 ien=0x1 armed=1
1788536243.663199 [ACC] reads=56503 stale=56452 rderr=28 ax=74 ay=-118 az=1116
1788536243.665804 [PWR] pm=0x1 drift=0 rderr=0
1788536243.669793 [DWT] ok=1 cyc=3167174578 cyc_per_ms=799996
1788536244.683747 [HB] up_ms=1250694 frames=56577 inf=56577 hazard=7257 canary_err=0 q=0 qovr=0
1788536244.695115 [I2C] init=0 gate=0 whoami=0x140e0 wr=0 wrseen=0x27 addr=0x5a ok=344379 err=29 tmo=0 recov=58 pclk1=200000000 sysclk=400000000
1788536244.696602 [NAK] nacks=25
1788536244.701219 [CLK] cpu=800000000 sysb=400000000 pclk1=200000000
1788536244.705730 [TOF] res=0 step=0 id=0xeacc blk=0xeacc10 ctl=0x0
1788536244.711470 [RNG] init=0 step=99 id=0xeacc boot=1 calls=93 xerr=0 dm=1 tb=15
1788536244.718616 [RNG] osc=41 imp=881 imprb=881 mstart=0x40 cfg=91 cfgfail=0x0 vhv=0 vpolls=0
1788536244.724705 [PRT] calls=226429 xerr=0 ler=1 lidx=0x0 perr=0 maxcnt=17 addr8=0x52
1788536244.728840 [RTY] wr=0 wmax=0 wref=0  rd=0 rmax=0 rref=0
1788536244.736689 [RNG] frames=56579 last=42 min=28 max=170 nrdy=0 dxfer=0 dstat=0 lst=0 nrdyerr=0 dclr=0
1788536244.743059 [DRV] init=0 id=7 mode=0x1 lib=0x2 seq=0x1 odc=0x8b sts=0xe0 armed=1
1788536244.748553 [TRG] pulses=533 suppressed=6724 cyc=1600 rst=1 rstmode=0x40
1788536244.751921 [HLT] polls=1131 faults=0x0 cfglost=0
1788536244.757671 [EFF] n=5 last=58533 min=58470 max=58534 late=0 stuck=0 rderr=0
1788536244.768052 [IMU] init=0 addr=0x68 who=0x68 rst=1 pmrb0=0x40 pmrb=0x1 sr=19 cfg=4 gcfg=0x0 acfg=0x8 icfg=0x30 ien=0x1 armed=1
1788536244.773532 [ACC] reads=56552 stale=56502 rderr=29 ax=74 ay=-119 az=1116
1788536244.776180 [PWR] pm=0x1 drift=0 rderr=0
1788536244.780169 [DWT] ok=1 cyc=4049574886 cyc_per_ms=800000
1788536245.794381 [HB] up_ms=1251797 frames=56627 inf=56627 hazard=7257 canary_err=0 q=0 qovr=0
1788536245.805873 [I2C] init=0 gate=0 whoami=0x140e0 wr=0 wrseen=0x27 addr=0x5a ok=344681 err=29 tmo=0 recov=58 pclk1=200000000 sysclk=400000000
1788536245.807369 [NAK] nacks=25
1788536245.811863 [CLK] cpu=800000000 sysb=400000000 pclk1=200000000
1788536245.816348 [TOF] res=0 step=0 id=0xeacc blk=0xeacc10 ctl=0x0
1788536245.822320 [RNG] init=0 step=99 id=0xeacc boot=1 calls=93 xerr=0 dm=1 tb=15
1788536245.829223 [RNG] osc=41 imp=881 imprb=881 mstart=0x40 cfg=91 cfgfail=0x0 vhv=0 vpolls=0
1788536245.835472 [PRT] calls=226628 xerr=0 ler=1 lidx=0x0 perr=0 maxcnt=17 addr8=0x52
1788536245.839597 [RTY] wr=0 wmax=0 wref=0  rd=0 rmax=0 rref=0
1788536245.847334 [RNG] frames=56629 last=40 min=28 max=170 nrdy=0 dxfer=0 dstat=0 lst=0 nrdyerr=0 dclr=0
1788536245.853702 [DRV] init=0 id=7 mode=0x1 lib=0x2 seq=0x1 odc=0x8b sts=0xe0 armed=1
1788536245.859202 [TRG] pulses=533 suppressed=6724 cyc=1600 rst=1 rstmode=0x40
1788536245.862696 [HLT] polls=1132 faults=0x0 cfglost=0
1788536245.868450 [EFF] n=5 last=58533 min=58470 max=58534 late=0 stuck=0 rderr=0
1788536245.878683 [IMU] init=0 addr=0x68 who=0x68 rst=1 pmrb0=0x40 pmrb=0x1 sr=19 cfg=4 gcfg=0x0 acfg=0x8 icfg=0x30 ien=0x1 armed=1
1788536245.884191 [ACC] reads=56602 stale=56552 rderr=29 ax=75 ay=-120 az=1114
1788536245.886799 [PWR] pm=0x1 drift=0 rderr=0
1788536245.890678 [DWT] ok=1 cyc=637007570 cyc_per_ms=799999
1788536246.904567 [HB] up_ms=1252900 frames=56677 inf=56677 hazard=7257 canary_err=0 q=0 qovr=0
1788536246.915802 [I2C] init=0 gate=0 whoami=0x140e0 wr=0 wrseen=0x27 addr=0x5a ok=344983 err=29 tmo=0 recov=58 pclk1=200000000 sysclk=400000000
1788536246.917297 [NAK] nacks=25
1788536246.921921 [CLK] cpu=800000000 sysb=400000000 pclk1=200000000
1788536246.926422 [TOF] res=0 step=0 id=0xeacc blk=0xeacc10 ctl=0x0
1788536246.932311 [RNG] init=0 step=99 id=0xeacc boot=1 calls=93 xerr=0 dm=1 tb=15
1788536246.939282 [RNG] osc=41 imp=881 imprb=881 mstart=0x40 cfg=91 cfgfail=0x0 vhv=0 vpolls=0
1788536246.945518 [PRT] calls=226825 xerr=0 ler=1 lidx=0x0 perr=0 maxcnt=17 addr8=0x52
1788536246.949669 [RTY] wr=0 wmax=0 wref=0  rd=0 rmax=0 rref=0
1788536246.957397 [RNG] frames=56679 last=37 min=28 max=170 nrdy=0 dxfer=0 dstat=0 lst=0 nrdyerr=0 dclr=0
1788536246.963758 [DRV] init=0 id=7 mode=0x1 lib=0x2 seq=0x1 odc=0x8b sts=0xe0 armed=1
1788536246.969252 [TRG] pulses=533 suppressed=6724 cyc=1600 rst=1 rstmode=0x40
1788536246.972750 [HLT] polls=1133 faults=0x0 cfglost=0
1788536246.978502 [EFF] n=5 last=58533 min=58470 max=58534 late=0 stuck=0 rderr=0
1788536246.988750 [IMU] init=0 addr=0x68 who=0x68 rst=1 pmrb0=0x40 pmrb=0x1 sr=19 cfg=4 gcfg=0x0 acfg=0x8 icfg=0x30 ien=0x1 armed=1
1788536246.994232 [ACC] reads=56652 stale=56602 rderr=29 ax=74 ay=-119 az=1116
1788536246.996859 [PWR] pm=0x1 drift=0 rderr=0
1788536247.000853 [DWT] ok=1 cyc=1519407638 cyc_per_ms=800000
1788536248.014660 [HB] up_ms=1254003 frames=56727 inf=56727 hazard=7257 canary_err=0 q=0 qovr=0
1788536248.026023 [I2C] init=0 gate=0 whoami=0x140e0 wr=0 wrseen=0x27 addr=0x5a ok=345285 err=29 tmo=0 recov=58 pclk1=200000000 sysclk=400000000
1788536248.027396 [NAK] nacks=25
1788536248.032163 [CLK] cpu=800000000 sysb=400000000 pclk1=200000000
1788536248.036636 [TOF] res=0 step=0 id=0xeacc blk=0xeacc10 ctl=0x0
1788536248.042505 [RNG] init=0 step=99 id=0xeacc boot=1 calls=93 xerr=0 dm=1 tb=15
1788536248.049370 [RNG] osc=41 imp=881 imprb=881 mstart=0x40 cfg=91 cfgfail=0x0 vhv=0 vpolls=0
1788536248.055748 [PRT] calls=227025 xerr=0 ler=1 lidx=0x0 perr=0 maxcnt=17 addr8=0x52
1788536248.059741 [RTY] wr=0 wmax=0 wref=0  rd=0 rmax=0 rref=0
1788536248.067612 [RNG] frames=56729 last=36 min=28 max=170 nrdy=0 dxfer=0 dstat=0 lst=0 nrdyerr=0 dclr=0
1788536248.073856 [DRV] init=0 id=7 mode=0x1 lib=0x2 seq=0x1 odc=0x8b sts=0xe0 armed=1
1788536248.079479 [TRG] pulses=533 suppressed=6724 cyc=1600 rst=1 rstmode=0x40
1788536248.082849 [HLT] polls=1134 faults=0x0 cfglost=0
1788536248.088640 [EFF] n=5 last=58533 min=58470 max=58534 late=0 stuck=0 rderr=0
1788536248.098968 [IMU] init=0 addr=0x68 who=0x68 rst=1 pmrb0=0x40 pmrb=0x1 sr=19 cfg=4 gcfg=0x0 acfg=0x8 icfg=0x30 ien=0x1 armed=1
1788536248.104460 [ACC] reads=56702 stale=56652 rderr=29 ax=73 ay=-117 az=1117
1788536248.107091 [PWR] pm=0x1 drift=0 rderr=0
1788536248.111077 [DWT] ok=1 cyc=2401807214 cyc_per_ms=799999
1788536249.125553 [HB] up_ms=1255106 frames=56777 inf=56777 hazard=7274 canary_err=0 q=0 qovr=0
1788536249.136784 [I2C] init=0 gate=0 whoami=0x140e0 wr=0 wrseen=0x27 addr=0x5a ok=345587 err=29 tmo=0 recov=58 pclk1=200000000 sysclk=400000000
1788536249.138281 [NAK] nacks=25
1788536249.143030 [CLK] cpu=800000000 sysb=400000000 pclk1=200000000
1788536249.147525 [TOF] res=0 step=0 id=0xeacc blk=0xeacc10 ctl=0x0
1788536249.153263 [RNG] init=0 step=99 id=0xeacc boot=1 calls=93 xerr=0 dm=1 tb=15
1788536249.160257 [RNG] osc=41 imp=881 imprb=881 mstart=0x40 cfg=91 cfgfail=0x0 vhv=0 vpolls=0
1788536249.166515 [PRT] calls=227225 xerr=0 ler=1 lidx=0x0 perr=0 maxcnt=17 addr8=0x52
1788536249.170630 [RTY] wr=0 wmax=0 wref=0  rd=0 rmax=0 rref=0
1788536249.178508 [RNG] frames=56779 last=45 min=28 max=170 nrdy=0 dxfer=0 dstat=0 lst=0 nrdyerr=0 dclr=0
1788536249.184640 [DRV] init=0 id=7 mode=0x1 lib=0x2 seq=0x1 odc=0x8b sts=0xe0 armed=1
1788536249.190365 [TRG] pulses=535 suppressed=6741 cyc=1600 rst=1 rstmode=0x40
1788536249.193744 [HLT] polls=1135 faults=0x0 cfglost=0
1788536249.199476 [EFF] n=5 last=58533 min=58470 max=58534 late=0 stuck=0 rderr=0
1788536249.209729 [IMU] init=0 addr=0x68 who=0x68 rst=1 pmrb0=0x40 pmrb=0x1 sr=19 cfg=4 gcfg=0x0 acfg=0x8 icfg=0x30 ien=0x1 armed=1
1788536249.215359 [ACC] reads=56752 stale=56702 rderr=29 ax=73 ay=-120 az=1117
1788536249.217969 [PWR] pm=0x1 drift=0 rderr=0
1788536249.221963 [DWT] ok=1 cyc=3284211006 cyc_per_ms=800003
1788536250.235726 [HB] up_ms=1256209 frames=56826 inf=56826 hazard=7298 canary_err=0 q=0 qovr=0
1788536250.247078 [I2C] init=0 gate=0 whoami=0x140e0 wr=0 wrseen=0x27 addr=0x5a ok=345888 err=29 tmo=0 recov=59 pclk1=200000000 sysclk=400000000
1788536250.248452 [NAK] nacks=25
1788536250.253078 [CLK] cpu=800000000 sysb=400000000 pclk1=200000000
1788536250.257707 [TOF] res=0 step=0 id=0xeacc blk=0xeacc10 ctl=0x0
1788536250.263577 [RNG] init=0 step=99 id=0xeacc boot=1 calls=93 xerr=0 dm=1 tb=15
1788536250.270439 [RNG] osc=41 imp=881 imprb=881 mstart=0x40 cfg=91 cfgfail=0x0 vhv=0 vpolls=0
1788536250.276678 [PRT] calls=227425 xerr=0 ler=1 lidx=0x0 perr=0 maxcnt=17 addr8=0x52
1788536250.280802 [RTY] wr=0 wmax=0 wref=0  rd=0 rmax=0 rref=0
1788536250.288813 [RNG] frames=56828 last=42 min=28 max=170 nrdy=0 dxfer=0 dstat=0 lst=0 nrdyerr=0 dclr=0
1788536250.294925 [DRV] init=0 id=7 mode=0x1 lib=0x2 seq=0x1 odc=0x8b sts=0xe0 armed=1
1788536250.300422 [TRG] pulses=536 suppressed=6762 cyc=1600 rst=1 rstmode=0x40
1788536250.303919 [HLT] polls=1136 faults=0x0 cfglost=0
1788536250.309789 [EFF] n=5 last=58533 min=58470 max=58534 late=0 stuck=0 rderr=0
1788536250.319912 [IMU] init=0 addr=0x68 who=0x68 rst=1 pmrb0=0x40 pmrb=0x1 sr=19 cfg=4 gcfg=0x0 acfg=0x8 icfg=0x30 ien=0x1 armed=1
1788536250.325399 [ACC] reads=56801 stale=56751 rderr=29 ax=76 ay=-122 az=1115
1788536250.328170 [PWR] pm=0x1 drift=0 rderr=0
1788536250.332268 [DWT] ok=1 cyc=4166713148 cyc_per_ms=800092
1788536251.346057 [HB] up_ms=1257312 frames=56876 inf=56876 hazard=7298 canary_err=0 q=0 qovr=0
1788536251.357545 [I2C] init=0 gate=0 whoami=0x140e0 wr=0 wrseen=0x27 addr=0x5a ok=346185 err=29 tmo=0 recov=59 pclk1=200000000 sysclk=400000000
1788536251.358912 [NAK] nacks=25
1788536251.363527 [CLK] cpu=800000000 sysb=400000000 pclk1=200000000
1788536251.368033 [TOF] res=0 step=0 id=0xeacc blk=0xeacc10 ctl=0x0
1788536251.374022 [RNG] init=0 step=99 id=0xeacc boot=1 calls=93 xerr=0 dm=1 tb=15
1788536251.380888 [RNG] osc=41 imp=881 imprb=881 mstart=0x40 cfg=91 cfgfail=0x0 vhv=0 vpolls=0
1788536251.387013 [PRT] calls=227625 xerr=0 ler=1 lidx=0x0 perr=0 maxcnt=17 addr8=0x52
1788536251.391155 [RTY] wr=0 wmax=0 wref=0  rd=0 rmax=0 rref=0
1788536251.399160 [RNG] frames=56878 last=37 min=28 max=170 nrdy=0 dxfer=0 dstat=0 lst=0 nrdyerr=0 dclr=0
1788536251.405251 [DRV] init=0 id=7 mode=0x1 lib=0x2 seq=0x1 odc=0x8b sts=0xe0 armed=1
1788536251.410741 [TRG] pulses=536 suppressed=6762 cyc=1600 rst=1 rstmode=0x40
1788536251.414247 [HLT] polls=1137 faults=0x0 cfglost=0
1788536251.420141 [EFF] n=5 last=58533 min=58470 max=58534 late=0 stuck=0 rderr=0
1788536251.430232 [IMU] init=0 addr=0x68 who=0x68 rst=1 pmrb0=0x40 pmrb=0x1 sr=19 cfg=4 gcfg=0x0 acfg=0x8 icfg=0x30 ien=0x1 armed=1
1788536251.435738 [ACC] reads=56851 stale=56801 rderr=29 ax=74 ay=-119 az=1114
1788536251.438351 [PWR] pm=0x1 drift=0 rderr=0
1788536251.442484 [DWT] ok=1 cyc=754040434 cyc_per_ms=799904
1788536252.456417 [HB] up_ms=1258415 frames=56926 inf=56926 hazard=7298 canary_err=0 q=0 qovr=0
1788536252.467904 [I2C] init=0 gate=0 whoami=0x140e0 wr=0 wrseen=0x27 addr=0x5a ok=346487 err=29 tmo=0 recov=59 pclk1=200000000 sysclk=400000000
1788536252.469272 [NAK] nacks=25
1788536252.473896 [CLK] cpu=800000000 sysb=400000000 pclk1=200000000
1788536252.478395 [TOF] res=0 step=0 id=0xeacc blk=0xeacc10 ctl=0x0
1788536252.484383 [RNG] init=0 step=99 id=0xeacc boot=1 calls=93 xerr=0 dm=1 tb=15
1788536252.491255 [RNG] osc=41 imp=881 imprb=881 mstart=0x40 cfg=91 cfgfail=0x0 vhv=0 vpolls=0
1788536252.497385 [PRT] calls=227825 xerr=0 ler=1 lidx=0x0 perr=0 maxcnt=17 addr8=0x52
1788536252.501510 [RTY] wr=0 wmax=0 wref=0  rd=0 rmax=0 rref=0
1788536252.509477 [RNG] frames=56928 last=49 min=28 max=170 nrdy=0 dxfer=0 dstat=0 lst=0 nrdyerr=0 dclr=0
1788536252.515735 [DRV] init=0 id=7 mode=0x1 lib=0x2 seq=0x1 odc=0x8b sts=0xe0 armed=1
1788536252.521260 [TRG] pulses=536 suppressed=6762 cyc=1600 rst=1 rstmode=0x40
1788536252.524622 [HLT] polls=1138 faults=0x0 cfglost=0
1788536252.530464 [EFF] n=5 last=58533 min=58470 max=58534 late=0 stuck=0 rderr=0
1788536252.540724 [IMU] init=0 addr=0x68 who=0x68 rst=1 pmrb0=0x40 pmrb=0x1 sr=19 cfg=4 gcfg=0x0 acfg=0x8 icfg=0x30 ien=0x1 armed=1
1788536252.546222 [ACC] reads=56901 stale=56851 rderr=29 ax=74 ay=-122 az=1116
1788536252.548817 [PWR] pm=0x1 drift=0 rderr=0
1788536252.552959 [DWT] ok=1 cyc=1636439970 cyc_per_ms=799999
1788536253.566580 [HB] up_ms=1259518 frames=56976 inf=56976 hazard=7298 canary_err=0 q=0 qovr=0
1788536253.578045 [I2C] init=0 gate=0 whoami=0x140e0 wr=0 wrseen=0x27 addr=0x5a ok=346789 err=29 tmo=0 recov=59 pclk1=200000000 sysclk=400000000
1788536253.579414 [NAK] nacks=25
1788536253.584036 [CLK] cpu=800000000 sysb=400000000 pclk1=200000000
1788536253.588566 [TOF] res=0 step=0 id=0xeacc blk=0xeacc10 ctl=0x0
1788536253.594414 [RNG] init=0 step=99 id=0xeacc boot=1 calls=93 xerr=0 dm=1 tb=15
1788536253.601407 [RNG] osc=41 imp=881 imprb=881 mstart=0x40 cfg=91 cfgfail=0x0 vhv=0 vpolls=0
1788536253.607534 [PRT] calls=228025 xerr=0 ler=1 lidx=0x0 perr=0 maxcnt=17 addr8=0x52
1788536253.611652 [RTY] wr=0 wmax=0 wref=0  rd=0 rmax=0 rref=0
1788536253.619648 [RNG] frames=56978 last=43 min=28 max=170 nrdy=0 dxfer=0 dstat=0 lst=0 nrdyerr=0 dclr=0
1788536253.625763 [DRV] init=0 id=7 mode=0x1 lib=0x2 seq=0x1 odc=0x8b sts=0xe0 armed=1
1788536253.631261 [TRG] pulses=536 suppressed=6762 cyc=1600 rst=1 rstmode=0x40
1788536253.634763 [HLT] polls=1139 faults=0x0 cfglost=0
1788536253.640523 [EFF] n=5 last=58533 min=58470 max=58534 late=0 stuck=0 rderr=0
1788536253.650757 [IMU] init=0 addr=0x68 who=0x68 rst=1 pmrb0=0x40 pmrb=0x1 sr=19 cfg=4 gcfg=0x0 acfg=0x8 icfg=0x30 ien=0x1 armed=1
1788536253.656264 [ACC] reads=56951 stale=56901 rderr=29 ax=73 ay=-121 az=1116
1788536253.658877 [PWR] pm=0x1 drift=0 rderr=0
1788536253.662872 [DWT] ok=1 cyc=2518840410 cyc_per_ms=800000
1788536254.676487 [HB] up_ms=1260621 frames=57026 inf=57026 hazard=7298 canary_err=0 q=0 qovr=0
1788536254.687970 [I2C] init=0 gate=0 whoami=0x140e0 wr=0 wrseen=0x27 addr=0x5a ok=347091 err=29 tmo=0 recov=59 pclk1=200000000 sysclk=400000000
1788536254.689470 [NAK] nacks=25
1788536254.693971 [CLK] cpu=800000000 sysb=400000000 pclk1=200000000
1788536254.698498 [TOF] res=0 step=0 id=0xeacc blk=0xeacc10 ctl=0x0
1788536254.704355 [RNG] init=0 step=99 id=0xeacc boot=1 calls=93 xerr=0 dm=1 tb=15
1788536254.711339 [RNG] osc=41 imp=881 imprb=881 mstart=0x40 cfg=91 cfgfail=0x0 vhv=0 vpolls=0
1788536254.717583 [PRT] calls=228225 xerr=0 ler=1 lidx=0x0 perr=0 maxcnt=17 addr8=0x52
1788536254.721580 [RTY] wr=0 wmax=0 wref=0  rd=0 rmax=0 rref=0
1788536254.729579 [RNG] frames=57028 last=48 min=28 max=170 nrdy=0 dxfer=0 dstat=0 lst=0 nrdyerr=0 dclr=0
1788536254.735823 [DRV] init=0 id=7 mode=0x1 lib=0x2 seq=0x1 odc=0x8b sts=0xe0 armed=1
1788536254.741324 [TRG] pulses=536 suppressed=6762 cyc=1600 rst=1 rstmode=0x40
1788536254.744700 [HLT] polls=1140 faults=0x0 cfglost=0
1788536254.750440 [EFF] n=5 last=58533 min=58470 max=58534 late=0 stuck=0 rderr=0
1788536254.760803 [IMU] init=0 addr=0x68 who=0x68 rst=1 pmrb0=0x40 pmrb=0x1 sr=19 cfg=4 gcfg=0x0 acfg=0x8 icfg=0x30 ien=0x1 armed=1
1788536254.766304 [ACC] reads=57001 stale=56951 rderr=29 ax=75 ay=-121 az=1111
1788536254.768960 [PWR] pm=0x1 drift=0 rderr=0
1788536254.772795 [DWT] ok=1 cyc=3401240294 cyc_per_ms=799999
1788536255.786855 [HB] up_ms=1261724 frames=57076 inf=57076 hazard=7298 canary_err=0 q=0 qovr=0
1788536255.798317 [I2C] init=0 gate=0 whoami=0x140e0 wr=0 wrseen=0x27 addr=0x5a ok=347393 err=29 tmo=0 recov=59 pclk1=200000000 sysclk=400000000
1788536255.799692 [NAK] nacks=25
1788536255.804300 [CLK] cpu=800000000 sysb=400000000 pclk1=200000000
1788536255.808803 [TOF] res=0 step=0 id=0xeacc blk=0xeacc10 ctl=0x0
1788536255.814546 [RNG] init=0 step=99 id=0xeacc boot=1 calls=93 xerr=0 dm=1 tb=15
1788536255.821666 [RNG] osc=41 imp=881 imprb=881 mstart=0x40 cfg=91 cfgfail=0x0 vhv=0 vpolls=0
1788536255.827794 [PRT] calls=228425 xerr=0 ler=1 lidx=0x0 perr=0 maxcnt=17 addr8=0x52
1788536255.831907 [RTY] wr=0 wmax=0 wref=0  rd=0 rmax=0 rref=0
1788536255.839779 [RNG] frames=57078 last=41 min=28 max=170 nrdy=0 dxfer=0 dstat=0 lst=0 nrdyerr=0 dclr=0
1788536255.846024 [DRV] init=0 id=7 mode=0x1 lib=0x2 seq=0x1 odc=0x8b sts=0xe0 armed=1
1788536255.851523 [TRG] pulses=536 suppressed=6762 cyc=1600 rst=1 rstmode=0x40
1788536255.855022 [HLT] polls=1141 faults=0x0 cfglost=0
1788536255.860779 [EFF] n=5 last=58533 min=58470 max=58534 late=0 stuck=0 rderr=0
1788536255.871015 [IMU] init=0 addr=0x68 who=0x68 rst=1 pmrb0=0x40 pmrb=0x1 sr=19 cfg=4 gcfg=0x0 acfg=0x8 icfg=0x30 ien=0x1 armed=1
1788536255.876505 [ACC] reads=57051 stale=57001 rderr=29 ax=76 ay=-120 az=1116
1788536255.879151 [PWR] pm=0x1 drift=0 rderr=0
1788536255.883159 [DWT] ok=1 cyc=4283640194 cyc_per_ms=799999
1788536256.896935 [HB] up_ms=1262827 frames=57125 inf=57125 hazard=7339 canary_err=0 q=0 qovr=0
1788536256.908335 [I2C] init=0 gate=0 whoami=0x140e0 wr=0 wrseen=0x27 addr=0x5a ok=347688 err=30 tmo=0 recov=62 pclk1=200000000 sysclk=400000000
1788536256.909669 [NAK] nacks=25
1788536256.914426 [CLK] cpu=800000000 sysb=400000000 pclk1=200000000
1788536256.918921 [TOF] res=0 step=0 id=0xeacc blk=0xeacc10 ctl=0x0
1788536256.924664 [RNG] init=0 step=99 id=0xeacc boot=1 calls=93 xerr=0 dm=1 tb=15
1788536256.931649 [RNG] osc=41 imp=881 imprb=881 mstart=0x40 cfg=91 cfgfail=0x0 vhv=0 vpolls=0
1788536256.937909 [PRT] calls=228617 xerr=0 ler=1 lidx=0x0 perr=0 maxcnt=17 addr8=0x52
1788536256.942025 [RTY] wr=0 wmax=0 wref=0  rd=0 rmax=0 rref=0
1788536256.949897 [RNG] frames=57127 last=49 min=28 max=170 nrdy=0 dxfer=0 dstat=0 lst=0 nrdyerr=0 dclr=0
1788536256.956213 [DRV] init=0 id=7 mode=0x1 lib=0x2 seq=0x1 odc=0x8b sts=0xe0 armed=1
1788536256.961636 [TRG] pulses=539 suppressed=6800 cyc=1600 rst=1 rstmode=0x40
1788536256.965163 [HLT] polls=1142 faults=0x0 cfglost=0
1788536256.970904 [EFF] n=5 last=58533 min=58470 max=58534 late=0 stuck=0 rderr=0
1788536256.981008 [IMU] init=0 addr=0x68 who=0x68 rst=1 pmrb0=0x40 pmrb=0x1 sr=19 cfg=4 gcfg=0x0 acfg=0x8 icfg=0x30 ien=0x1 armed=1
1788536256.986624 [ACC] reads=57098 stale=57050 rderr=30 ax=73 ay=-121 az=1117
1788536256.989246 [PWR] pm=0x1 drift=0 rderr=0
1788536256.993135 [DWT] ok=1 cyc=871101130 cyc_per_ms=800025
1788536258.007330 [HB] up_ms=1263930 frames=57174 inf=57174 hazard=7339 canary_err=0 q=0 qovr=0
1788536258.018684 [I2C] init=0 gate=0 whoami=0x140e0 wr=0 wrseen=0x27 addr=0x5a ok=347990 err=30 tmo=0 recov=62 pclk1=200000000 sysclk=400000000
1788536258.020059 [NAK] nacks=25
1788536258.024678 [CLK] cpu=800000000 sysb=400000000 pclk1=200000000
1788536258.029315 [TOF] res=0 step=0 id=0xeacc blk=0xeacc10 ctl=0x0
1788536258.035191 [RNG] init=0 step=99 id=0xeacc boot=1 calls=93 xerr=0 dm=1 tb=15
1788536258.042054 [RNG] osc=41 imp=881 imprb=881 mstart=0x40 cfg=91 cfgfail=0x0 vhv=0 vpolls=0
1788536258.048290 [PRT] calls=228817 xerr=0 ler=1 lidx=0x0 perr=0 maxcnt=17 addr8=0x52
1788536258.052418 [RTY] wr=0 wmax=0 wref=0  rd=0 rmax=0 rref=0
1788536258.060295 [RNG] frames=57177 last=37 min=28 max=170 nrdy=0 dxfer=0 dstat=0 lst=0 nrdyerr=0 dclr=0
1788536258.066539 [DRV] init=0 id=7 mode=0x1 lib=0x2 seq=0x1 odc=0x8b sts=0xe0 armed=1
1788536258.072182 [TRG] pulses=539 suppressed=6800 cyc=1600 rst=1 rstmode=0x40
1788536258.075648 [HLT] polls=1143 faults=0x0 cfglost=0
1788536258.081282 [EFF] n=5 last=58533 min=58470 max=58534 late=0 stuck=0 rderr=0
1788536258.091522 [IMU] init=0 addr=0x68 who=0x68 rst=1 pmrb0=0x40 pmrb=0x1 sr=19 cfg=4 gcfg=0x0 acfg=0x8 icfg=0x30 ien=0x1 armed=1
1788536258.097171 [ACC] reads=57148 stale=57099 rderr=30 ax=72 ay=-117 az=1117
1788536258.099762 [PWR] pm=0x1 drift=0 rderr=0
1788536258.103765 [DWT] ok=1 cyc=1753606014 cyc_per_ms=800095
1788536259.117993 [HB] up_ms=1265033 frames=57224 inf=57224 hazard=7339 canary_err=0 q=0 qovr=0
1788536259.129396 [I2C] init=0 gate=0 whoami=0x140e0 wr=0 wrseen=0x27 addr=0x5a ok=348292 err=30 tmo=0 recov=62 pclk1=200000000 sysclk=400000000
1788536259.130731 [NAK] nacks=25
1788536259.135346 [CLK] cpu=800000000 sysb=400000000 pclk1=200000000
1788536259.139974 [TOF] res=0 step=0 id=0xeacc blk=0xeacc10 ctl=0x0
1788536259.145841 [RNG] init=0 step=99 id=0xeacc boot=1 calls=93 xerr=0 dm=1 tb=15
1788536259.152717 [RNG] osc=41 imp=881 imprb=881 mstart=0x40 cfg=91 cfgfail=0x0 vhv=0 vpolls=0
1788536259.158838 [PRT] calls=229017 xerr=0 ler=1 lidx=0x0 perr=0 maxcnt=17 addr8=0x52
1788536259.163088 [RTY] wr=0 wmax=0 wref=0  rd=0 rmax=0 rref=0
1788536259.170955 [RNG] frames=57227 last=38 min=28 max=170 nrdy=0 dxfer=0 dstat=0 lst=0 nrdyerr=0 dclr=0
1788536259.177209 [DRV] init=0 id=7 mode=0x1 lib=0x2 seq=0x1 odc=0x8b sts=0xe0 armed=1
1788536259.182708 [TRG] pulses=539 suppressed=6800 cyc=1600 rst=1 rstmode=0x40
1788536259.186200 [HLT] polls=1144 faults=0x0 cfglost=0
1788536259.191943 [EFF] n=5 last=58533 min=58470 max=58534 late=0 stuck=0 rderr=0
1788536259.202067 [IMU] init=0 addr=0x68 who=0x68 rst=1 pmrb0=0x40 pmrb=0x1 sr=19 cfg=4 gcfg=0x0 acfg=0x8 icfg=0x30 ien=0x1 armed=1
1788536259.207811 [ACC] reads=57198 stale=57149 rderr=30 ax=75 ay=-120 az=1114
1788536259.210464 [PWR] pm=0x1 drift=0 rderr=0
1788536259.214444 [DWT] ok=1 cyc=2636006622 cyc_per_ms=800000
1788536260.228949 [HB] up_ms=1266136 frames=57274 inf=57274 hazard=7339 canary_err=0 q=0 qovr=0
1788536260.240200 [I2C] init=0 gate=0 whoami=0x140e0 wr=0 wrseen=0x27 addr=0x5a ok=348594 err=30 tmo=0 recov=62 pclk1=200000000 sysclk=400000000
1788536260.241667 [NAK] nacks=25
1788536260.246296 [CLK] cpu=800000000 sysb=400000000 pclk1=200000000
1788536260.250920 [TOF] res=0 step=0 id=0xeacc blk=0xeacc10 ctl=0x0
1788536260.256794 [RNG] init=0 step=99 id=0xeacc boot=1 calls=93 xerr=0 dm=1 tb=15
1788536260.263672 [RNG] osc=41 imp=881 imprb=881 mstart=0x40 cfg=91 cfgfail=0x0 vhv=0 vpolls=0
1788536260.269795 [PRT] calls=229217 xerr=0 ler=1 lidx=0x0 perr=0 maxcnt=17 addr8=0x52
1788536260.274039 [RTY] wr=0 wmax=0 wref=0  rd=0 rmax=0 rref=0
1788536260.281912 [RNG] frames=57276 last=44 min=28 max=170 nrdy=0 dxfer=0 dstat=0 lst=0 nrdyerr=0 dclr=0
1788536260.288187 [DRV] init=0 id=7 mode=0x1 lib=0x2 seq=0x1 odc=0x8b sts=0xe0 armed=1
1788536260.293532 [TRG] pulses=539 suppressed=6800 cyc=1600 rst=1 rstmode=0x40
1788536260.297174 [HLT] polls=1145 faults=0x0 cfglost=0
1788536260.302893 [EFF] n=5 last=58533 min=58470 max=58534 late=0 stuck=0 rderr=0
1788536260.313179 [IMU] init=0 addr=0x68 who=0x68 rst=1 pmrb0=0x40 pmrb=0x1 sr=19 cfg=4 gcfg=0x0 acfg=0x8 icfg=0x30 ien=0x1 armed=1
1788536260.318515 [ACC] reads=57248 stale=57199 rderr=30 ax=75 ay=-120 az=1116
1788536260.321385 [PWR] pm=0x1 drift=0 rderr=0
1788536260.325382 [DWT] ok=1 cyc=3518406550 cyc_per_ms=799999
1788536261.339665 [HB] up_ms=1267239 frames=57324 inf=57324 hazard=7339 canary_err=0 q=0 qovr=0
1788536261.351021 [I2C] init=0 gate=0 whoami=0x140e0 wr=0 wrseen=0x27 addr=0x5a ok=348892 err=30 tmo=0 recov=62 pclk1=200000000 sysclk=400000000
1788536261.352393 [NAK] nacks=25
1788536261.357021 [CLK] cpu=800000000 sysb=400000000 pclk1=200000000
1788536261.361516 [TOF] res=0 step=0 id=0xeacc blk=0xeacc10 ctl=0x0
1788536261.367511 [RNG] init=0 step=99 id=0xeacc boot=1 calls=93 xerr=0 dm=1 tb=15
1788536261.374388 [RNG] osc=41 imp=881 imprb=881 mstart=0x40 cfg=91 cfgfail=0x0 vhv=0 vpolls=0
1788536261.380647 [PRT] calls=229417 xerr=0 ler=1 lidx=0x0 perr=0 maxcnt=17 addr8=0x52
1788536261.384631 [RTY] wr=0 wmax=0 wref=0  rd=0 rmax=0 rref=0
1788536261.392630 [RNG] frames=57326 last=45 min=28 max=170 nrdy=0 dxfer=0 dstat=0 lst=0 nrdyerr=0 dclr=0
1788536261.398875 [DRV] init=0 id=7 mode=0x1 lib=0x2 seq=0x1 odc=0x8b sts=0xe0 armed=1
1788536261.404362 [TRG] pulses=539 suppressed=6800 cyc=1600 rst=1 rstmode=0x40
1788536261.407740 [HLT] polls=1146 faults=0x0 cfglost=0
1788536261.413749 [EFF] n=5 last=58533 min=58470 max=58534 late=0 stuck=0 rderr=0
1788536261.423864 [IMU] init=0 addr=0x68 who=0x68 rst=1 pmrb0=0x40 pmrb=0x1 sr=19 cfg=4 gcfg=0x0 acfg=0x8 icfg=0x30 ien=0x1 armed=1
1788536261.429356 [ACC] reads=57298 stale=57249 rderr=30 ax=74 ay=-119 az=1116
1788536261.432119 [PWR] pm=0x1 drift=0 rderr=0
1788536261.436129 [DWT] ok=1 cyc=105774554 cyc_per_ms=799941
1788536262.450656 [HB] up_ms=1268342 frames=57374 inf=57374 hazard=7339 canary_err=0 q=0 qovr=0
1788536262.462014 [I2C] init=0 gate=0 whoami=0x140e0 wr=0 wrseen=0x27 addr=0x5a ok=349192 err=30 tmo=0 recov=62 pclk1=200000000 sysclk=400000000
1788536262.463512 [NAK] nacks=25
1788536262.468018 [CLK] cpu=800000000 sysb=400000000 pclk1=200000000
1788536262.472512 [TOF] res=0 step=0 id=0xeacc blk=0xeacc10 ctl=0x0
1788536262.478515 [RNG] init=0 step=99 id=0xeacc boot=1 calls=93 xerr=0 dm=1 tb=15
1788536262.485507 [RNG] osc=41 imp=881 imprb=881 mstart=0x40 cfg=91 cfgfail=0x0 vhv=0 vpolls=0
1788536262.491630 [PRT] calls=229617 xerr=0 ler=1 lidx=0x0 perr=0 maxcnt=17 addr8=0x52
1788536262.495753 [RTY] wr=0 wmax=0 wref=0  rd=0 rmax=0 rref=0
1788536262.503750 [RNG] frames=57376 last=40 min=28 max=170 nrdy=0 dxfer=0 dstat=0 lst=0 nrdyerr=0 dclr=0
1788536262.509855 [DRV] init=0 id=7 mode=0x1 lib=0x2 seq=0x1 odc=0x8b sts=0xe0 armed=1
1788536262.515346 [TRG] pulses=539 suppressed=6800 cyc=1600 rst=1 rstmode=0x40
1788536262.518852 [HLT] polls=1147 faults=0x0 cfglost=0
1788536262.524727 [EFF] n=5 last=58533 min=58470 max=58534 late=0 stuck=0 rderr=0
1788536262.534844 [IMU] init=0 addr=0x68 who=0x68 rst=1 pmrb0=0x40 pmrb=0x1 sr=19 cfg=4 gcfg=0x0 acfg=0x8 icfg=0x30 ien=0x1 armed=1
1788536262.540335 [ACC] reads=57348 stale=57299 rderr=30 ax=75 ay=-120 az=1115
1788536262.542960 [PWR] pm=0x1 drift=0 rderr=0
1788536262.547078 [DWT] ok=1 cyc=988105466 cyc_per_ms=799937
1788536263.561383 [HB] up_ms=1269445 frames=57424 inf=57424 hazard=7363 canary_err=0 q=0 qovr=0
1788536263.572804 [I2C] init=0 gate=0 whoami=0x140e0 wr=0 wrseen=0x27 addr=0x5a ok=349494 err=30 tmo=0 recov=62 pclk1=200000000 sysclk=400000000
1788536263.574172 [NAK] nacks=25
1788536263.578785 [CLK] cpu=800000000 sysb=400000000 pclk1=200000000
1788536263.583285 [TOF] res=0 step=0 id=0xeacc blk=0xeacc10 ctl=0x0
1788536263.589275 [RNG] init=0 step=99 id=0xeacc boot=1 calls=93 xerr=0 dm=1 tb=15
1788536263.596156 [RNG] osc=41 imp=881 imprb=881 mstart=0x40 cfg=91 cfgfail=0x0 vhv=0 vpolls=0
1788536263.602395 [PRT] calls=229817 xerr=0 ler=1 lidx=0x0 perr=0 maxcnt=17 addr8=0x52
1788536263.606401 [RTY] wr=0 wmax=0 wref=0  rd=0 rmax=0 rref=0
1788536263.614511 [RNG] frames=57426 last=43 min=28 max=170 nrdy=0 dxfer=0 dstat=0 lst=0 nrdyerr=0 dclr=0
1788536263.620635 [DRV] init=0 id=7 mode=0x1 lib=0x2 seq=0x1 odc=0x8b sts=0xe0 armed=1
1788536263.626140 [TRG] pulses=541 suppressed=6825 cyc=1600 rst=1 rstmode=0x40
1788536263.629512 [HLT] polls=1148 faults=0x0 cfglost=0
1788536263.635395 [EFF] n=5 last=58533 min=58470 max=58534 late=0 stuck=0 rderr=0
1788536263.645622 [IMU] init=0 addr=0x68 who=0x68 rst=1 pmrb0=0x40 pmrb=0x1 sr=19 cfg=4 gcfg=0x0 acfg=0x8 icfg=0x30 ien=0x1 armed=1
1788536263.651173 [ACC] reads=57398 stale=57349 rderr=30 ax=74 ay=-118 az=1111
1788536263.653748 [PWR] pm=0x1 drift=0 rderr=0
1788536263.657751 [DWT] ok=1 cyc=1870509354 cyc_per_ms=800003
1788536264.671460 [HB] up_ms=1270548 frames=57474 inf=57474 hazard=7380 canary_err=0 q=0 qovr=0
1788536264.682980 [I2C] init=0 gate=0 whoami=0x140e0 wr=0 wrseen=0x27 addr=0x5a ok=349796 err=30 tmo=0 recov=62 pclk1=200000000 sysclk=400000000
1788536264.684331 [NAK] nacks=25
1788536264.688960 [CLK] cpu=800000000 sysb=400000000 pclk1=200000000
1788536264.693440 [TOF] res=0 step=0 id=0xeacc blk=0xeacc10 ctl=0x0
1788536264.699323 [RNG] init=0 step=99 id=0xeacc boot=1 calls=93 xerr=0 dm=1 tb=15
1788536264.706320 [RNG] osc=41 imp=881 imprb=881 mstart=0x40 cfg=91 cfgfail=0x0 vhv=0 vpolls=0
1788536264.712581 [PRT] calls=230017 xerr=0 ler=1 lidx=0x0 perr=0 maxcnt=17 addr8=0x52
1788536264.716556 [RTY] wr=0 wmax=0 wref=0  rd=0 rmax=0 rref=0
1788536264.724561 [RNG] frames=57476 last=45 min=28 max=170 nrdy=0 dxfer=0 dstat=0 lst=0 nrdyerr=0 dclr=0
1788536264.730816 [DRV] init=0 id=7 mode=0x1 lib=0x2 seq=0x1 odc=0x8b sts=0xe0 armed=1
1788536264.736296 [TRG] pulses=542 suppressed=6838 cyc=1600 rst=1 rstmode=0x40
1788536264.739677 [HLT] polls=1149 faults=0x0 cfglost=0
1788536264.745430 [EFF] n=5 last=58533 min=58470 max=58534 late=0 stuck=0 rderr=0
1788536264.755792 [IMU] init=0 addr=0x68 who=0x68 rst=1 pmrb0=0x40 pmrb=0x1 sr=19 cfg=4 gcfg=0x0 acfg=0x8 icfg=0x30 ien=0x1 armed=1
1788536264.761294 [ACC] reads=57448 stale=57399 rderr=30 ax=76 ay=-120 az=1118
1788536264.763914 [PWR] pm=0x1 drift=0 rderr=0
1788536264.767914 [DWT] ok=1 cyc=2752905854 cyc_per_ms=799996
1788536265.781908 [HB] up_ms=1271651 frames=57524 inf=57524 hazard=7380 canary_err=0 q=0 qovr=0
1788536265.793390 [I2C] init=0 gate=0 whoami=0x140e0 wr=0 wrseen=0x27 addr=0x5a ok=350098 err=30 tmo=0 recov=62 pclk1=200000000 sysclk=400000000
1788536265.794883 [NAK] nacks=25
1788536265.799383 [CLK] cpu=800000000 sysb=400000000 pclk1=200000000
1788536265.803890 [TOF] res=0 step=0 id=0xeacc blk=0xeacc10 ctl=0x0
1788536265.809763 [RNG] init=0 step=99 id=0xeacc boot=1 calls=93 xerr=0 dm=1 tb=15
1788536265.816771 [RNG] osc=41 imp=881 imprb=881 mstart=0x40 cfg=91 cfgfail=0x0 vhv=0 vpolls=0
1788536265.823005 [PRT] calls=230217 xerr=0 ler=1 lidx=0x0 perr=0 maxcnt=17 addr8=0x52
1788536265.827016 [RTY] wr=0 wmax=0 wref=0  rd=0 rmax=0 rref=0
1788536265.835002 [RNG] frames=57526 last=44 min=28 max=170 nrdy=0 dxfer=0 dstat=0 lst=0 nrdyerr=0 dclr=0
1788536265.841256 [DRV] init=0 id=7 mode=0x1 lib=0x2 seq=0x1 odc=0x8b sts=0xe0 armed=1
1788536265.846746 [TRG] pulses=542 suppressed=6838 cyc=1600 rst=1 rstmode=0x40
1788536265.850144 [HLT] polls=1150 faults=0x0 cfglost=0
1788536265.855861 [EFF] n=5 last=58533 min=58470 max=58534 late=0 stuck=0 rderr=0
1788536265.866242 [IMU] init=0 addr=0x68 who=0x68 rst=1 pmrb0=0x40 pmrb=0x1 sr=19 cfg=4 gcfg=0x0 acfg=0x8 icfg=0x30 ien=0x1 armed=1
1788536265.871730 [ACC] reads=57498 stale=57449 rderr=30 ax=73 ay=-120 az=1115
1788536265.874354 [PWR] pm=0x1 drift=0 rderr=0
1788536265.878359 [DWT] ok=1 cyc=3635305698 cyc_per_ms=799999
1788536266.892125 [HB] up_ms=1272754 frames=57574 inf=57574 hazard=7380 canary_err=0 q=0 qovr=0
1788536266.903601 [I2C] init=0 gate=0 whoami=0x140e0 wr=0 wrseen=0x27 addr=0x5a ok=350400 err=30 tmo=0 recov=62 pclk1=200000000 sysclk=400000000
1788536266.904974 [NAK] nacks=25
1788536266.909599 [CLK] cpu=800000000 sysb=400000000 pclk1=200000000
1788536266.914114 [TOF] res=0 step=0 id=0xeacc blk=0xeacc10 ctl=0x0
1788536266.919966 [RNG] init=0 step=99 id=0xeacc boot=1 calls=93 xerr=0 dm=1 tb=15
1788536266.926967 [RNG] osc=41 imp=881 imprb=881 mstart=0x40 cfg=91 cfgfail=0x0 vhv=0 vpolls=0
1788536266.933211 [PRT] calls=230417 xerr=0 ler=1 lidx=0x0 perr=0 maxcnt=17 addr8=0x52
1788536266.937214 [RTY] wr=0 wmax=0 wref=0  rd=0 rmax=0 rref=0
1788536266.945086 [RNG] frames=57576 last=40 min=28 max=170 nrdy=0 dxfer=0 dstat=0 lst=0 nrdyerr=0 dclr=0
1788536266.951457 [DRV] init=0 id=7 mode=0x1 lib=0x2 seq=0x1 odc=0x8b sts=0xe0 armed=1
1788536266.956834 [TRG] pulses=542 suppressed=6838 cyc=1600 rst=1 rstmode=0x40
1788536266.960330 [HLT] polls=1151 faults=0x0 cfglost=0
1788536266.966074 [EFF] n=5 last=58533 min=58470 max=58534 late=0 stuck=0 rderr=0
1788536266.976328 [IMU] init=0 addr=0x68 who=0x68 rst=1 pmrb0=0x40 pmrb=0x1 sr=19 cfg=4 gcfg=0x0 acfg=0x8 icfg=0x30 ien=0x1 armed=1
1788536266.981821 [ACC] reads=57548 stale=57499 rderr=30 ax=74 ay=-119 az=1114
1788536266.984453 [PWR] pm=0x1 drift=0 rderr=0
1788536266.988323 [DWT] ok=1 cyc=222738334 cyc_per_ms=799999
1788536268.001979 [HB] up_ms=1273857 frames=57624 inf=57624 hazard=7380 canary_err=0 q=0 qovr=0
1788536268.013455 [I2C] init=0 gate=0 whoami=0x140e0 wr=0 wrseen=0x27 addr=0x5a ok=350702 err=30 tmo=0 recov=62 pclk1=200000000 sysclk=400000000
1788536268.014829 [NAK] nacks=25
1788536268.019456 [CLK] cpu=800000000 sysb=400000000 pclk1=200000000
1788536268.023951 [TOF] res=0 step=0 id=0xeacc blk=0xeacc10 ctl=0x0
1788536268.029696 [RNG] init=0 step=99 id=0xeacc boot=1 calls=93 xerr=0 dm=1 tb=15
1788536268.036822 [RNG] osc=41 imp=881 imprb=881 mstart=0x40 cfg=91 cfgfail=0x0 vhv=0 vpolls=0
1788536268.042948 [PRT] calls=230617 xerr=0 ler=1 lidx=0x0 perr=0 maxcnt=17 addr8=0x52
1788536268.047068 [RTY] wr=0 wmax=0 wref=0  rd=0 rmax=0 rref=0
1788536268.054941 [RNG] frames=57626 last=49 min=28 max=170 nrdy=0 dxfer=0 dstat=0 lst=0 nrdyerr=0 dclr=0
1788536268.061319 [DRV] init=0 id=7 mode=0x1 lib=0x2 seq=0x1 odc=0x8b sts=0xe0 armed=1
1788536268.066688 [TRG] pulses=542 suppressed=6838 cyc=1600 rst=1 rstmode=0x40
1788536268.070221 [HLT] polls=1152 faults=0x0 cfglost=0
1788536268.075933 [EFF] n=5 last=58533 min=58470 max=58534 late=0 stuck=0 rderr=0
1788536268.086211 [IMU] init=0 addr=0x68 who=0x68 rst=1 pmrb0=0x40 pmrb=0x1 sr=19 cfg=4 gcfg=0x0 acfg=0x8 icfg=0x30 ien=0x1 armed=1
1788536268.091702 [ACC] reads=57598 stale=57549 rderr=30 ax=75 ay=-120 az=1118
1788536268.095192 [PWR] pm=0x1 drift=0 rderr=0
1788536268.098316 [DWT] ok=1 cyc=1105138174 cyc_per_ms=799999
1788536269.111844 [HB] up_ms=1274960 frames=57674 inf=57674 hazard=7380 canary_err=0 q=0 qovr=0
1788536269.123201 [I2C] init=0 gate=0 whoami=0x140e0 wr=0 wrseen=0x27 addr=0x5a ok=351003 err=31 tmo=0 recov=62 pclk1=200000000 sysclk=400000000
1788536269.124711 [NAK] nacks=26
1788536269.129224 [CLK] cpu=800000000 sysb=400000000 pclk1=200000000
1788536269.133706 [TOF] res=0 step=0 id=0xeacc blk=0xeacc10 ctl=0x0
1788536269.139586 [RNG] init=0 step=99 id=0xeacc boot=1 calls=93 xerr=0 dm=1 tb=15
1788536269.146578 [RNG] osc=41 imp=881 imprb=881 mstart=0x40 cfg=91 cfgfail=0x0 vhv=0 vpolls=0
1788536269.152826 [PRT] calls=230817 xerr=0 ler=1 lidx=0x0 perr=0 maxcnt=17 addr8=0x52
1788536269.156836 [RTY] wr=0 wmax=0 wref=0  rd=0 rmax=0 rref=0
1788536269.164692 [RNG] frames=57676 last=42 min=28 max=170 nrdy=0 dxfer=0 dstat=0 lst=0 nrdyerr=0 dclr=0
1788536269.171063 [DRV] init=0 id=7 mode=0x1 lib=0x2 seq=0x1 odc=0x8b sts=0xe0 armed=1
1788536269.176568 [TRG] pulses=542 suppressed=6838 cyc=1600 rst=1 rstmode=0x40
1788536269.179946 [HLT] polls=1153 faults=0x0 cfglost=0
1788536269.185681 [EFF] n=5 last=58533 min=58470 max=58534 late=0 stuck=0 rderr=0
1788536269.196061 [IMU] init=0 addr=0x68 who=0x68 rst=1 pmrb0=0x40 pmrb=0x1 sr=19 cfg=4 gcfg=0x0 acfg=0x8 icfg=0x30 ien=0x1 armed=1
1788536269.201562 [ACC] reads=57647 stale=57599 rderr=31 ax=74 ay=-122 az=1117
1788536269.204198 [PWR] pm=0x1 drift=0 rderr=0
1788536269.208192 [DWT] ok=1 cyc=1987538090 cyc_per_ms=799999
1788536270.221985 [HB] up_ms=1276063 frames=57723 inf=57723 hazard=7383 canary_err=0 q=0 qovr=0
1788536270.233225 [I2C] init=0 gate=0 whoami=0x140e0 wr=0 wrseen=0x27 addr=0x5a ok=351305 err=31 tmo=0 recov=63 pclk1=200000000 sysclk=400000000
1788536270.234609 [NAK] nacks=26
1788536270.239348 [CLK] cpu=800000000 sysb=400000000 pclk1=200000000
1788536270.243844 [TOF] res=0 step=0 id=0xeacc blk=0xeacc10 ctl=0x0
1788536270.249748 [RNG] init=0 step=99 id=0xeacc boot=1 calls=93 xerr=0 dm=1 tb=15
1788536270.256611 [RNG] osc=41 imp=881 imprb=881 mstart=0x40 cfg=91 cfgfail=0x0 vhv=0 vpolls=0
1788536270.263011 [PRT] calls=231013 xerr=0 ler=1 lidx=0x0 perr=0 maxcnt=17 addr8=0x52
1788536270.266964 [RTY] wr=0 wmax=0 wref=0  rd=0 rmax=0 rref=0
1788536270.274837 [RNG] frames=57726 last=48 min=28 max=170 nrdy=0 dxfer=0 dstat=0 lst=0 nrdyerr=0 dclr=0
1788536270.281085 [DRV] init=0 id=7 mode=0x1 lib=0x2 seq=0x1 odc=0x8b sts=0xe0 armed=1
1788536270.286712 [TRG] pulses=543 suppressed=6843 cyc=1600 rst=1 rstmode=0x40
1788536270.290083 [HLT] polls=1154 faults=0x0 cfglost=0
1788536270.295844 [EFF] n=5 last=58533 min=58470 max=58534 late=0 stuck=0 rderr=0
1788536270.306088 [IMU] init=0 addr=0x68 who=0x68 rst=1 pmrb0=0x40 pmrb=0x1 sr=19 cfg=4 gcfg=0x0 acfg=0x8 icfg=0x30 ien=0x1 armed=1
1788536270.311725 [ACC] reads=57696 stale=57648 rderr=31 ax=75 ay=-122 az=1113
1788536270.314329 [PWR] pm=0x1 drift=0 rderr=0
1788536270.318327 [DWT] ok=1 cyc=2870075710 cyc_per_ms=800124
1788536271.331540 [HB] up_ms=1277166 frames=57773 inf=57773 hazard=7421 canary_err=0 q=0 qovr=0
1788536271.342770 [I2C] init=0 gate=0 whoami=0x140e0 wr=0 wrseen=0x27 addr=0x5a ok=351607 err=31 tmo=0 recov=63 pclk1=200000000 sysclk=400000000
1788536271.344177 [NAK] nacks=26
1788536271.348763 [CLK] cpu=800000000 sysb=400000000 pclk1=200000000
1788536271.353388 [TOF] res=0 step=0 id=0xeacc blk=0xeacc10 ctl=0x0
1788536271.359258 [RNG] init=0 step=99 id=0xeacc boot=1 calls=93 xerr=0 dm=1 tb=15
1788536271.366163 [RNG] osc=41 imp=881 imprb=881 mstart=0x40 cfg=91 cfgfail=0x0 vhv=0 vpolls=0
1788536271.372374 [PRT] calls=231213 xerr=0 ler=1 lidx=0x0 perr=0 maxcnt=17 addr8=0x52
1788536271.376501 [RTY] wr=0 wmax=0 wref=0  rd=0 rmax=0 rref=0
1788536271.384377 [RNG] frames=57776 last=41 min=28 max=170 nrdy=0 dxfer=0 dstat=0 lst=0 nrdyerr=0 dclr=0
1788536271.390618 [DRV] init=0 id=7 mode=0x1 lib=0x2 seq=0x1 odc=0x8b sts=0xe0 armed=1
1788536271.396133 [TRG] pulses=545 suppressed=6876 cyc=1600 rst=1 rstmode=0x40
1788536271.399619 [HLT] polls=1155 faults=0x0 cfglost=0
1788536271.405369 [EFF] n=5 last=58533 min=58470 max=58534 late=0 stuck=0 rderr=0
1788536271.415498 [IMU] init=0 addr=0x68 who=0x68 rst=1 pmrb0=0x40 pmrb=0x1 sr=19 cfg=4 gcfg=0x0 acfg=0x8 icfg=0x30 ien=0x1 armed=1
1788536271.421125 [ACC] reads=57746 stale=57698 rderr=31 ax=75 ay=-119 az=1115
1788536271.423875 [PWR] pm=0x1 drift=0 rderr=0
1788536271.427743 [DWT] ok=1 cyc=3752472066 cyc_per_ms=799996
1788536272.440591 [HB] up_ms=1278269 frames=57823 inf=57823 hazard=7421 canary_err=0 q=0 qovr=0
1788536272.452077 [I2C] init=0 gate=0 whoami=0x140e0 wr=0 wrseen=0x27 addr=0x5a ok=351903 err=31 tmo=0 recov=64 pclk1=200000000 sysclk=400000000
1788536272.453446 [NAK] nacks=26
1788536272.458067 [CLK] cpu=800000000 sysb=400000000 pclk1=200000000
1788536272.462570 [TOF] res=0 step=0 id=0xeacc blk=0xeacc10 ctl=0x0
1788536272.468455 [RNG] init=0 step=99 id=0xeacc boot=1 calls=93 xerr=0 dm=1 tb=15
1788536272.475442 [RNG] osc=41 imp=881 imprb=881 mstart=0x40 cfg=91 cfgfail=0x0 vhv=0 vpolls=0
1788536272.481575 [PRT] calls=231413 xerr=0 ler=1 lidx=0x0 perr=0 maxcnt=17 addr8=0x52
1788536272.485687 [RTY] wr=0 wmax=0 wref=0  rd=0 rmax=0 rref=0
1788536272.493696 [RNG] frames=57825 last=37 min=28 max=170 nrdy=0 dxfer=0 dstat=0 lst=0 nrdyerr=0 dclr=0
1788536272.499812 [DRV] init=0 id=7 mode=0x1 lib=0x2 seq=0x1 odc=0x8b sts=0xe0 armed=1
1788536272.505333 [TRG] pulses=545 suppressed=6876 cyc=1600 rst=1 rstmode=0x40
1788536272.508678 [HLT] polls=1156 faults=0x0 cfglost=0
1788536272.514553 [EFF] n=5 last=58533 min=58470 max=58534 late=0 stuck=0 rderr=0
1788536272.524783 [IMU] init=0 addr=0x68 who=0x68 rst=1 pmrb0=0x40 pmrb=0x1 sr=19 cfg=4 gcfg=0x0 acfg=0x8 icfg=0x30 ien=0x1 armed=1
1788536272.530292 [ACC] reads=57796 stale=57748 rderr=31 ax=73 ay=-121 az=1113
1788536272.532914 [PWR] pm=0x1 drift=0 rderr=0
1788536272.536778 [DWT] ok=1 cyc=339771266 cyc_per_ms=799878
1788536273.550553 [HB] up_ms=1279372 frames=57873 inf=57873 hazard=7421 canary_err=0 q=0 qovr=0
1788536273.562037 [I2C] init=0 gate=0 whoami=0x140e0 wr=0 wrseen=0x27 addr=0x5a ok=352205 err=31 tmo=0 recov=64 pclk1=200000000 sysclk=400000000
1788536273.563398 [NAK] nacks=26
1788536273.568020 [CLK] cpu=800000000 sysb=400000000 pclk1=200000000
1788536273.572516 [TOF] res=0 step=0 id=0xeacc blk=0xeacc10 ctl=0x0
1788536273.578392 [RNG] init=0 step=99 id=0xeacc boot=1 calls=93 xerr=0 dm=1 tb=15
1788536273.585384 [RNG] osc=41 imp=881 imprb=881 mstart=0x40 cfg=91 cfgfail=0x0 vhv=0 vpolls=0
1788536273.591504 [PRT] calls=231613 xerr=0 ler=1 lidx=0x0 perr=0 maxcnt=17 addr8=0x52
1788536273.595635 [RTY] wr=0 wmax=0 wref=0  rd=0 rmax=0 rref=0
1788536273.603640 [RNG] frames=57875 last=35 min=28 max=170 nrdy=0 dxfer=0 dstat=0 lst=0 nrdyerr=0 dclr=0
1788536273.609881 [DRV] init=0 id=7 mode=0x1 lib=0x2 seq=0x1 odc=0x8b sts=0xe0 armed=1
1788536273.615260 [TRG] pulses=545 suppressed=6876 cyc=1600 rst=1 rstmode=0x40
1788536273.618751 [HLT] polls=1157 faults=0x0 cfglost=0
1788536273.624536 [EFF] n=5 last=58533 min=58470 max=58534 late=0 stuck=0 rderr=0
1788536273.634760 [IMU] init=0 addr=0x68 who=0x68 rst=1 pmrb0=0x40 pmrb=0x1 sr=19 cfg=4 gcfg=0x0 acfg=0x8 icfg=0x30 ien=0x1 armed=1
1788536273.640305 [ACC] reads=57846 stale=57798 rderr=31 ax=75 ay=-120 az=1112
1788536273.642920 [PWR] pm=0x1 drift=0 rderr=0
1788536273.646874 [DWT] ok=1 cyc=1222171214 cyc_per_ms=799999
1788536274.660246 [HB] up_ms=1280475 frames=57923 inf=57923 hazard=7421 canary_err=0 q=0 qovr=0
1788536274.671735 [I2C] init=0 gate=0 whoami=0x140e0 wr=0 wrseen=0x27 addr=0x5a ok=352506 err=32 tmo=0 recov=64 pclk1=200000000 sysclk=400000000
1788536274.673127 [NAK] nacks=27
1788536274.677734 [CLK] cpu=800000000 sysb=400000000 pclk1=200000000
1788536274.682231 [TOF] res=0 step=0 id=0xeacc blk=0xeacc10 ctl=0x0
1788536274.688031 [RNG] init=0 step=99 id=0xeacc boot=1 calls=93 xerr=0 dm=1 tb=15
1788536274.695125 [RNG] osc=41 imp=881 imprb=881 mstart=0x40 cfg=91 cfgfail=0x0 vhv=0 vpolls=0
1788536274.701225 [PRT] calls=231813 xerr=0 ler=1 lidx=0x0 perr=0 maxcnt=17 addr8=0x52
1788536274.705270 [RTY] wr=0 wmax=0 wref=0  rd=0 rmax=0 rref=0
1788536274.713228 [RNG] frames=57925 last=47 min=28 max=170 nrdy=0 dxfer=0 dstat=0 lst=0 nrdyerr=0 dclr=0
1788536274.719477 [DRV] init=0 id=7 mode=0x1 lib=0x2 seq=0x1 odc=0x8b sts=0xe0 armed=1
1788536274.724975 [TRG] pulses=545 suppressed=6876 cyc=1600 rst=1 rstmode=0x40
1788536274.728345 [HLT] polls=1158 faults=0x0 cfglost=0
1788536274.734090 [EFF] n=5 last=58533 min=58470 max=58534 late=0 stuck=0 rderr=0
1788536274.744482 [IMU] init=0 addr=0x68 who=0x68 rst=1 pmrb0=0x40 pmrb=0x1 sr=19 cfg=4 gcfg=0x0 acfg=0x8 icfg=0x30 ien=0x1 armed=1
1788536274.749846 [ACC] reads=57895 stale=57848 rderr=32 ax=73 ay=-120 az=1114
1788536274.752593 [PWR] pm=0x1 drift=0 rderr=0
1788536274.756459 [DWT] ok=1 cyc=2104571062 cyc_per_ms=799999
1788536275.769976 [HB] up_ms=1281578 frames=57973 inf=57973 hazard=7421 canary_err=0 q=0 qovr=0
1788536275.781473 [I2C] init=0 gate=0 whoami=0x140e0 wr=0 wrseen=0x27 addr=0x5a ok=352808 err=32 tmo=0 recov=64 pclk1=200000000 sysclk=400000000
1788536275.782846 [NAK] nacks=27
1788536275.787469 [CLK] cpu=800000000 sysb=400000000 pclk1=200000000
1788536275.791971 [TOF] res=0 step=0 id=0xeacc blk=0xeacc10 ctl=0x0
1788536275.797841 [RNG] init=0 step=99 id=0xeacc boot=1 calls=93 xerr=0 dm=1 tb=15
1788536275.804833 [RNG] osc=41 imp=881 imprb=881 mstart=0x40 cfg=91 cfgfail=0x0 vhv=0 vpolls=0
1788536275.810964 [PRT] calls=232013 xerr=0 ler=1 lidx=0x0 perr=0 maxcnt=17 addr8=0x52
1788536275.815087 [RTY] wr=0 wmax=0 wref=0  rd=0 rmax=0 rref=0
1788536275.822966 [RNG] frames=57975 last=42 min=28 max=170 nrdy=0 dxfer=0 dstat=0 lst=0 nrdyerr=0 dclr=0
1788536275.829212 [DRV] init=0 id=7 mode=0x1 lib=0x2 seq=0x1 odc=0x8b sts=0xe0 armed=1
1788536275.834709 [TRG] pulses=545 suppressed=6876 cyc=1600 rst=1 rstmode=0x40
1788536275.838200 [HLT] polls=1159 faults=0x0 cfglost=0
1788536275.843957 [EFF] n=5 last=58533 min=58470 max=58534 late=0 stuck=0 rderr=0
1788536275.854201 [IMU] init=0 addr=0x68 who=0x68 rst=1 pmrb0=0x40 pmrb=0x1 sr=19 cfg=4 gcfg=0x0 acfg=0x8 icfg=0x30 ien=0x1 armed=1
1788536275.859699 [ACC] reads=57945 stale=57898 rderr=32 ax=74 ay=-122 az=1117
1788536275.862318 [PWR] pm=0x1 drift=0 rderr=0
1788536275.866322 [DWT] ok=1 cyc=2986971038 cyc_per_ms=799999
1788536276.880110 [HB] up_ms=1282681 frames=58023 inf=58023 hazard=7421 canary_err=0 q=0 qovr=0
1788536276.891470 [I2C] init=0 gate=0 whoami=0x140e0 wr=0 wrseen=0x27 addr=0x5a ok=353110 err=32 tmo=0 recov=64 pclk1=200000000 sysclk=400000000
1788536276.892960 [NAK] nacks=27
1788536276.897467 [CLK] cpu=800000000 sysb=400000000 pclk1=200000000
1788536276.901959 [TOF] res=0 step=0 id=0xeacc blk=0xeacc10 ctl=0x0
1788536276.907836 [RNG] init=0 step=99 id=0xeacc boot=1 calls=93 xerr=0 dm=1 tb=15
1788536276.914832 [RNG] osc=41 imp=881 imprb=881 mstart=0x40 cfg=91 cfgfail=0x0 vhv=0 vpolls=0
1788536276.921080 [PRT] calls=232213 xerr=0 ler=1 lidx=0x0 perr=0 maxcnt=17 addr8=0x52
1788536276.925089 [RTY] wr=0 wmax=0 wref=0  rd=0 rmax=0 rref=0
1788536276.932951 [RNG] frames=58025 last=34 min=28 max=170 nrdy=0 dxfer=0 dstat=0 lst=0 nrdyerr=0 dclr=0
1788536276.939323 [DRV] init=0 id=7 mode=0x1 lib=0x2 seq=0x1 odc=0x8b sts=0xe0 armed=1
1788536276.944710 [TRG] pulses=545 suppressed=6876 cyc=1600 rst=1 rstmode=0x40
1788536276.948194 [HLT] polls=1160 faults=0x0 cfglost=0
1788536276.953951 [EFF] n=5 last=58533 min=58470 max=58534 late=0 stuck=0 rderr=0
1788536276.964198 [IMU] init=0 addr=0x68 who=0x68 rst=1 pmrb0=0x40 pmrb=0x1 sr=19 cfg=4 gcfg=0x0 acfg=0x8 icfg=0x30 ien=0x1 armed=1
1788536276.969692 [ACC] reads=57995 stale=57948 rderr=32 ax=74 ay=-120 az=1115
1788536276.972332 [PWR] pm=0x1 drift=0 rderr=0
1788536276.976321 [DWT] ok=1 cyc=3869370946 cyc_per_ms=799999
1788536277.989742 [HB] up_ms=1283784 frames=58073 inf=58073 hazard=7454 canary_err=0 q=0 qovr=0
1788536278.001126 [I2C] init=0 gate=0 whoami=0x140e0 wr=0 wrseen=0x27 addr=0x5a ok=353412 err=32 tmo=0 recov=64 pclk1=200000000 sysclk=400000000
1788536278.002490 [NAK] nacks=27
1788536278.007122 [CLK] cpu=800000000 sysb=400000000 pclk1=200000000
1788536278.011598 [TOF] res=0 step=0 id=0xeacc blk=0xeacc10 ctl=0x0
1788536278.017477 [RNG] init=0 step=99 id=0xeacc boot=1 calls=93 xerr=0 dm=1 tb=15
1788536278.024474 [RNG] osc=41 imp=881 imprb=881 mstart=0x40 cfg=91 cfgfail=0x0 vhv=0 vpolls=0
1788536278.030722 [PRT] calls=232413 xerr=0 ler=1 lidx=0x0 perr=0 maxcnt=17 addr8=0x52
1788536278.034720 [RTY] wr=0 wmax=0 wref=0  rd=0 rmax=0 rref=0
1788536278.042593 [RNG] frames=58075 last=42 min=28 max=170 nrdy=0 dxfer=0 dstat=0 lst=0 nrdyerr=0 dclr=0
1788536278.048975 [DRV] init=0 id=7 mode=0x1 lib=0x2 seq=0x1 odc=0x8b sts=0xe0 armed=1
1788536278.054345 [TRG] pulses=548 suppressed=6909 cyc=1600 rst=1 rstmode=0x40
1788536278.057850 [HLT] polls=1161 faults=0x0 cfglost=0
1788536278.063585 [EFF] n=5 last=58533 min=58470 max=58534 late=0 stuck=0 rderr=0
1788536278.073845 [IMU] init=0 addr=0x68 who=0x68 rst=1 pmrb0=0x40 pmrb=0x1 sr=19 cfg=4 gcfg=0x0 acfg=0x8 icfg=0x30 ien=0x1 armed=1
1788536278.079344 [ACC] reads=58045 stale=57998 rderr=32 ax=73 ay=-120 az=1115
1788536278.081955 [PWR] pm=0x1 drift=0 rderr=0
1788536278.085837 [DWT] ok=1 cyc=456807062 cyc_per_ms=800003
1788536279.099661 [HB] up_ms=1284887 frames=58123 inf=58123 hazard=7462 canary_err=0 q=0 qovr=0
1788536279.111006 [I2C] init=0 gate=0 whoami=0x140e0 wr=0 wrseen=0x27 addr=0x5a ok=353714 err=32 tmo=0 recov=64 pclk1=200000000 sysclk=400000000
1788536279.112504 [NAK] nacks=27
1788536279.117023 [CLK] cpu=800000000 sysb=400000000 pclk1=200000000
1788536279.121497 [TOF] res=0 step=0 id=0xeacc blk=0xeacc10 ctl=0x0
1788536279.127378 [RNG] init=0 step=99 id=0xeacc boot=1 calls=93 xerr=0 dm=1 tb=15
1788536279.134382 [RNG] osc=41 imp=881 imprb=881 mstart=0x40 cfg=91 cfgfail=0x0 vhv=0 vpolls=0
1788536279.140617 [PRT] calls=232613 xerr=0 ler=1 lidx=0x0 perr=0 maxcnt=17 addr8=0x52
1788536279.144630 [RTY] wr=0 wmax=0 wref=0  rd=0 rmax=0 rref=0
1788536279.152494 [RNG] frames=58125 last=42 min=28 max=170 nrdy=0 dxfer=0 dstat=0 lst=0 nrdyerr=0 dclr=0
1788536279.158867 [DRV] init=0 id=7 mode=0x1 lib=0x2 seq=0x1 odc=0x8b sts=0xe0 armed=1
1788536279.164364 [TRG] pulses=548 suppressed=6914 cyc=1600 rst=1 rstmode=0x40
1788536279.167761 [HLT] polls=1162 faults=0x0 cfglost=0
1788536279.173501 [EFF] n=5 last=58533 min=58470 max=58534 late=0 stuck=0 rderr=0
1788536279.183740 [IMU] init=0 addr=0x68 who=0x68 rst=1 pmrb0=0x40 pmrb=0x1 sr=19 cfg=4 gcfg=0x0 acfg=0x8 icfg=0x30 ien=0x1 armed=1
1788536279.189235 [ACC] reads=58095 stale=58048 rderr=32 ax=75 ay=-120 az=1115
1788536279.191862 [PWR] pm=0x1 drift=0 rderr=0
1788536279.195866 [DWT] ok=1 cyc=1339203814 cyc_per_ms=799997
1788536280.209437 [HB] up_ms=1285990 frames=58172 inf=58172 hazard=7462 canary_err=0 q=0 qovr=0
1788536280.220668 [I2C] init=0 gate=0 whoami=0x140e0 wr=0 wrseen=0x27 addr=0x5a ok=354015 err=32 tmo=0 recov=65 pclk1=200000000 sysclk=400000000
1788536280.222190 [NAK] nacks=27
1788536280.226668 [CLK] cpu=800000000 sysb=400000000 pclk1=200000000
1788536280.231301 [TOF] res=0 step=0 id=0xeacc blk=0xeacc10 ctl=0x0
1788536280.237196 [RNG] init=0 step=99 id=0xeacc boot=1 calls=93 xerr=0 dm=1 tb=15
1788536280.244042 [RNG] osc=41 imp=881 imprb=881 mstart=0x40 cfg=91 cfgfail=0x0 vhv=0 vpolls=0
1788536280.250291 [PRT] calls=232809 xerr=0 ler=1 lidx=0x0 perr=0 maxcnt=17 addr8=0x52
1788536280.254430 [RTY] wr=0 wmax=0 wref=0  rd=0 rmax=0 rref=0
1788536280.262417 [RNG] frames=58174 last=47 min=28 max=170 nrdy=0 dxfer=0 dstat=0 lst=0 nrdyerr=0 dclr=0
1788536280.268536 [DRV] init=0 id=7 mode=0x1 lib=0x2 seq=0x1 odc=0x8b sts=0xe0 armed=1
1788536280.274037 [TRG] pulses=548 suppressed=6914 cyc=1600 rst=1 rstmode=0x40
1788536280.277539 [HLT] polls=1163 faults=0x0 cfglost=0
1788536280.283412 [EFF] n=5 last=58533 min=58470 max=58534 late=0 stuck=0 rderr=0
1788536280.293533 [IMU] init=0 addr=0x68 who=0x68 rst=1 pmrb0=0x40 pmrb=0x1 sr=19 cfg=4 gcfg=0x0 acfg=0x8 icfg=0x30 ien=0x1 armed=1
1788536280.299037 [ACC] reads=58144 stale=58097 rderr=32 ax=74 ay=-121 az=1115
1788536280.301782 [PWR] pm=0x1 drift=0 rderr=0
1788536280.305781 [DWT] ok=1 cyc=2221709356 cyc_per_ms=800095
1788536281.319486 [HB] up_ms=1287093 frames=58222 inf=58222 hazard=7462 canary_err=0 q=0 qovr=0
1788536281.330977 [I2C] init=0 gate=0 whoami=0x140e0 wr=0 wrseen=0x27 addr=0x5a ok=354312 err=32 tmo=0 recov=65 pclk1=200000000 sysclk=400000000
1788536281.332345 [NAK] nacks=27
1788536281.336974 [CLK] cpu=800000000 sysb=400000000 pclk1=200000000
1788536281.341471 [TOF] res=0 step=0 id=0xeacc blk=0xeacc10 ctl=0x0
1788536281.347469 [RNG] init=0 step=99 id=0xeacc boot=1 calls=93 xerr=0 dm=1 tb=15
1788536281.354352 [RNG] osc=41 imp=881 imprb=881 mstart=0x40 cfg=91 cfgfail=0x0 vhv=0 vpolls=0
1788536281.360469 [PRT] calls=233009 xerr=0 ler=1 lidx=0x0 perr=0 maxcnt=17 addr8=0x52
1788536281.364596 [RTY] wr=0 wmax=0 wref=0  rd=0 rmax=0 rref=0
1788536281.372591 [RNG] frames=58224 last=39 min=28 max=170 nrdy=0 dxfer=0 dstat=0 lst=0 nrdyerr=0 dclr=0
1788536281.378719 [DRV] init=0 id=7 mode=0x1 lib=0x2 seq=0x1 odc=0x8b sts=0xe0 armed=1
1788536281.384219 [TRG] pulses=548 suppressed=6914 cyc=1600 rst=1 rstmode=0x40
1788536281.387718 [HLT] polls=1164 faults=0x0 cfglost=0
1788536281.393592 [EFF] n=5 last=58533 min=58470 max=58534 late=0 stuck=0 rderr=0
1788536281.403712 [IMU] init=0 addr=0x68 who=0x68 rst=1 pmrb0=0x40 pmrb=0x1 sr=19 cfg=4 gcfg=0x0 acfg=0x8 icfg=0x30 ien=0x1 armed=1
1788536281.409215 [ACC] reads=58194 stale=58147 rderr=32 ax=74 ay=-119 az=1115
1788536281.411835 [PWR] pm=0x1 drift=0 rderr=0
1788536281.415960 [DWT] ok=1 cyc=3104003954 cyc_per_ms=799904
1788536282.429809 [HB] up_ms=1288196 frames=58272 inf=58272 hazard=7462 canary_err=0 q=0 qovr=0
1788536282.441290 [I2C] init=0 gate=0 whoami=0x140e0 wr=0 wrseen=0x27 addr=0x5a ok=354614 err=32 tmo=0 recov=65 pclk1=200000000 sysclk=400000000
1788536282.442673 [NAK] nacks=27
1788536282.447287 [CLK] cpu=800000000 sysb=400000000 pclk1=200000000
1788536282.451792 [TOF] res=0 step=0 id=0xeacc blk=0xeacc10 ctl=0x0
1788536282.457785 [RNG] init=0 step=99 id=0xeacc boot=1 calls=93 xerr=0 dm=1 tb=15
1788536282.464659 [RNG] osc=41 imp=881 imprb=881 mstart=0x40 cfg=91 cfgfail=0x0 vhv=0 vpolls=0
1788536282.470907 [PRT] calls=233209 xerr=0 ler=1 lidx=0x0 perr=0 maxcnt=17 addr8=0x52
1788536282.474910 [RTY] wr=0 wmax=0 wref=0  rd=0 rmax=0 rref=0
1788536282.482918 [RNG] frames=58274 last=41 min=28 max=170 nrdy=0 dxfer=0 dstat=0 lst=0 nrdyerr=0 dclr=0
1788536282.489186 [DRV] init=0 id=7 mode=0x1 lib=0x2 seq=0x1 odc=0x8b sts=0xe0 armed=1
1788536282.494665 [TRG] pulses=548 suppressed=6914 cyc=1600 rst=1 rstmode=0x40
1788536282.498033 [HLT] polls=1165 faults=0x0 cfglost=0
1788536282.504039 [EFF] n=5 last=58533 min=58470 max=58534 late=0 stuck=0 rderr=0
1788536282.514171 [IMU] init=0 addr=0x68 who=0x68 rst=1 pmrb0=0x40 pmrb=0x1 sr=19 cfg=4 gcfg=0x0 acfg=0x8 icfg=0x30 ien=0x1 armed=1
1788536282.519648 [ACC] reads=58244 stale=58197 rderr=32 ax=73 ay=-120 az=1115
1788536282.522260 [PWR] pm=0x1 drift=0 rderr=0
1788536282.526430 [DWT] ok=1 cyc=3986403446 cyc_per_ms=799999
1788536283.540382 [HB] up_ms=1289299 frames=58322 inf=58322 hazard=7462 canary_err=0 q=0 qovr=0
1788536283.551887 [I2C] init=0 gate=0 whoami=0x140e0 wr=0 wrseen=0x27 addr=0x5a ok=354916 err=32 tmo=0 recov=65 pclk1=200000000 sysclk=400000000
1788536283.553249 [NAK] nacks=27
1788536283.557879 [CLK] cpu=800000000 sysb=400000000 pclk1=200000000
1788536283.562364 [TOF] res=0 step=0 id=0xeacc blk=0xeacc10 ctl=0x0
1788536283.568250 [RNG] init=0 step=99 id=0xeacc boot=1 calls=93 xerr=0 dm=1 tb=15
1788536283.575242 [RNG] osc=41 imp=881 imprb=881 mstart=0x40 cfg=91 cfgfail=0x0 vhv=0 vpolls=0
1788536283.581364 [PRT] calls=233409 xerr=0 ler=1 lidx=0x0 perr=0 maxcnt=17 addr8=0x52
1788536283.585517 [RTY] wr=0 wmax=0 wref=0  rd=0 rmax=0 rref=0
1788536283.593490 [RNG] frames=58324 last=43 min=28 max=170 nrdy=0 dxfer=0 dstat=0 lst=0 nrdyerr=0 dclr=0
1788536283.599611 [DRV] init=0 id=7 mode=0x1 lib=0x2 seq=0x1 odc=0x8b sts=0xe0 armed=1
1788536283.605135 [TRG] pulses=548 suppressed=6914 cyc=1600 rst=1 rstmode=0x40
1788536283.608614 [HLT] polls=1166 faults=0x0 cfglost=0
1788536283.614358 [EFF] n=5 last=58533 min=58470 max=58534 late=0 stuck=0 rderr=0
1788536283.624616 [IMU] init=0 addr=0x68 who=0x68 rst=1 pmrb0=0x40 pmrb=0x1 sr=19 cfg=4 gcfg=0x0 acfg=0x8 icfg=0x30 ien=0x1 armed=1
1788536283.630132 [ACC] reads=58294 stale=58247 rderr=32 ax=74 ay=-121 az=1116
1788536283.632733 [PWR] pm=0x1 drift=0 rderr=0
1788536283.636619 [DWT] ok=1 cyc=573836590 cyc_per_ms=800000
1788536284.651119 [HB] up_ms=1290402 frames=58372 inf=58372 hazard=7474 canary_err=0 q=0 qovr=0
1788536284.662595 [I2C] init=0 gate=0 whoami=0x140e0 wr=0 wrseen=0x27 addr=0x5a ok=355218 err=32 tmo=0 recov=65 pclk1=200000000 sysclk=400000000
1788536284.663966 [NAK] nacks=27
1788536284.668588 [CLK] cpu=800000000 sysb=400000000 pclk1=200000000
1788536284.673091 [TOF] res=0 step=0 id=0xeacc blk=0xeacc10 ctl=0x0
1788536284.678966 [RNG] init=0 step=99 id=0xeacc boot=1 calls=93 xerr=0 dm=1 tb=15
1788536284.685958 [RNG] osc=41 imp=881 imprb=881 mstart=0x40 cfg=91 cfgfail=0x0 vhv=0 vpolls=0
1788536284.692205 [PRT] calls=233609 xerr=0 ler=1 lidx=0x0 perr=0 maxcnt=17 addr8=0x52
1788536284.696197 [RTY] wr=0 wmax=0 wref=0  rd=0 rmax=0 rref=0
1788536284.704202 [RNG] frames=58374 last=38 min=28 max=170 nrdy=0 dxfer=0 dstat=0 lst=0 nrdyerr=0 dclr=0
1788536284.710460 [DRV] init=0 id=7 mode=0x1 lib=0x2 seq=0x1 odc=0x8b sts=0xe0 armed=1
1788536284.715961 [TRG] pulses=550 suppressed=6927 cyc=1600 rst=1 rstmode=0x40
1788536284.719334 [HLT] polls=1167 faults=0x0 cfglost=0
1788536284.725079 [EFF] n=5 last=58533 min=58470 max=58534 late=0 stuck=0 rderr=0
1788536284.735463 [IMU] init=0 addr=0x68 who=0x68 rst=1 pmrb0=0x40 pmrb=0x1 sr=19 cfg=4 gcfg=0x0 acfg=0x8 icfg=0x30 ien=0x1 armed=1
1788536284.740959 [ACC] reads=58344 stale=58297 rderr=32 ax=75 ay=-120 az=1115
1788536284.743578 [PWR] pm=0x1 drift=0 rderr=0
1788536284.747583 [DWT] ok=1 cyc=1456242650 cyc_per_ms=800005
1788536285.761658 [HB] up_ms=1291505 frames=58422 inf=58422 hazard=7503 canary_err=0 q=0 qovr=0
1788536285.772947 [I2C] init=0 gate=0 whoami=0x140e0 wr=0 wrseen=0x27 addr=0x5a ok=355520 err=32 tmo=0 recov=65 pclk1=200000000 sysclk=400000000
1788536285.774447 [NAK] nacks=27
1788536285.778938 [CLK] cpu=800000000 sysb=400000000 pclk1=200000000
1788536285.783446 [TOF] res=0 step=0 id=0xeacc blk=0xeacc10 ctl=0x0
1788536285.789322 [RNG] init=0 step=99 id=0xeacc boot=1 calls=93 xerr=0 dm=1 tb=15
1788536285.796309 [RNG] osc=41 imp=881 imprb=881 mstart=0x40 cfg=91 cfgfail=0x0 vhv=0 vpolls=0
1788536285.802563 [PRT] calls=233809 xerr=0 ler=1 lidx=0x0 perr=0 maxcnt=17 addr8=0x52
1788536285.806571 [RTY] wr=0 wmax=0 wref=0  rd=0 rmax=0 rref=0
1788536285.814559 [RNG] frames=58424 last=39 min=28 max=170 nrdy=0 dxfer=0 dstat=0 lst=0 nrdyerr=0 dclr=0
1788536285.820812 [DRV] init=0 id=7 mode=0x1 lib=0x2 seq=0x1 odc=0x8b sts=0xe0 armed=1
1788536285.826310 [TRG] pulses=551 suppressed=6952 cyc=1600 rst=1 rstmode=0x40
1788536285.829678 [HLT] polls=1168 faults=0x0 cfglost=0
1788536285.835435 [EFF] n=5 last=58533 min=58470 max=58534 late=0 stuck=0 rderr=0
1788536285.845814 [IMU] init=0 addr=0x68 who=0x68 rst=1 pmrb0=0x40 pmrb=0x1 sr=19 cfg=4 gcfg=0x0 acfg=0x8 icfg=0x30 ien=0x1 armed=1
1788536285.851304 [ACC] reads=58394 stale=58347 rderr=32 ax=73 ay=-122 az=1113
1788536285.853931 [PWR] pm=0x1 drift=0 rderr=0
1788536285.857932 [DWT] ok=1 cyc=2338636418 cyc_per_ms=799994
1788536286.871692 [HB] up_ms=1292608 frames=58472 inf=58472 hazard=7503 canary_err=0 q=0 qovr=0
1788536286.883061 [I2C] init=0 gate=0 whoami=0x140e0 wr=0 wrseen=0x27 addr=0x5a ok=355822 err=32 tmo=0 recov=65 pclk1=200000000 sysclk=400000000
1788536286.884571 [NAK] nacks=27
1788536286.889059 [CLK] cpu=800000000 sysb=400000000 pclk1=200000000
1788536286.893556 [TOF] res=0 step=0 id=0xeacc blk=0xeacc10 ctl=0x0
1788536286.899429 [RNG] init=0 step=99 id=0xeacc boot=1 calls=93 xerr=0 dm=1 tb=15
1788536286.906551 [RNG] osc=41 imp=881 imprb=881 mstart=0x40 cfg=91 cfgfail=0x0 vhv=0 vpolls=0
1788536286.912686 [PRT] calls=234009 xerr=0 ler=1 lidx=0x0 perr=0 maxcnt=17 addr8=0x52
1788536286.916690 [RTY] wr=0 wmax=0 wref=0  rd=0 rmax=0 rref=0
1788536286.924548 [RNG] frames=58474 last=44 min=28 max=170 nrdy=0 dxfer=0 dstat=0 lst=0 nrdyerr=0 dclr=0
1788536286.930918 [DRV] init=0 id=7 mode=0x1 lib=0x2 seq=0x1 odc=0x8b sts=0xe0 armed=1
1788536286.936428 [TRG] pulses=551 suppressed=6952 cyc=1600 rst=1 rstmode=0x40
1788536286.939796 [HLT] polls=1169 faults=0x0 cfglost=0
1788536286.945550 [EFF] n=5 last=58533 min=58470 max=58534 late=0 stuck=0 rderr=0
1788536286.955925 [IMU] init=0 addr=0x68 who=0x68 rst=1 pmrb0=0x40 pmrb=0x1 sr=19 cfg=4 gcfg=0x0 acfg=0x8 icfg=0x30 ien=0x1 armed=1
1788536286.961312 [ACC] reads=58444 stale=58397 rderr=32 ax=73 ay=-120 az=1113
1788536286.964046 [PWR] pm=0x1 drift=0 rderr=0
1788536286.967923 [DWT] ok=1 cyc=3221036346 cyc_per_ms=799999
1788536287.981692 [HB] up_ms=1293711 frames=58522 inf=58522 hazard=7503 canary_err=0 q=0 qovr=0
1788536287.993190 [I2C] init=0 gate=0 whoami=0x140e0 wr=0 wrseen=0x27 addr=0x5a ok=356124 err=32 tmo=0 recov=65 pclk1=200000000 sysclk=400000000
1788536287.994562 [NAK] nacks=27
1788536287.999219 [CLK] cpu=800000000 sysb=400000000 pclk1=200000000
1788536288.003681 [TOF] res=0 step=0 id=0xeacc blk=0xeacc10 ctl=0x0
1788536288.009426 [RNG] init=0 step=99 id=0xeacc boot=1 calls=93 xerr=0 dm=1 tb=15
1788536288.016570 [RNG] osc=41 imp=881 imprb=881 mstart=0x40 cfg=91 cfgfail=0x0 vhv=0 vpolls=0
1788536288.022690 [PRT] calls=234209 xerr=0 ler=1 lidx=0x0 perr=0 maxcnt=17 addr8=0x52
1788536288.026675 [RTY] wr=0 wmax=0 wref=0  rd=0 rmax=0 rref=0
1788536288.034550 [RNG] frames=58524 last=39 min=28 max=170 nrdy=0 dxfer=0 dstat=0 lst=0 nrdyerr=0 dclr=0
1788536288.040927 [DRV] init=0 id=7 mode=0x1 lib=0x2 seq=0x1 odc=0x8b sts=0xe0 armed=1
1788536288.046420 [TRG] pulses=551 suppressed=6952 cyc=1600 rst=1 rstmode=0x40
1788536288.049797 [HLT] polls=1170 faults=0x0 cfglost=0
1788536288.055543 [EFF] n=5 last=58533 min=58470 max=58534 late=0 stuck=0 rderr=0
1788536288.065923 [IMU] init=0 addr=0x68 who=0x68 rst=1 pmrb0=0x40 pmrb=0x1 sr=19 cfg=4 gcfg=0x0 acfg=0x8 icfg=0x30 ien=0x1 armed=1
1788536288.071427 [ACC] reads=58494 stale=58447 rderr=32 ax=75 ay=-120 az=1115
1788536288.074044 [PWR] pm=0x1 drift=0 rderr=0
1788536288.078043 [DWT] ok=1 cyc=4103436210 cyc_per_ms=799999
1788536289.091589 [HB] up_ms=1294814 frames=58572 inf=58572 hazard=7503 canary_err=0 q=0 qovr=0
1788536289.103072 [I2C] init=0 gate=0 whoami=0x140e0 wr=0 wrseen=0x27 addr=0x5a ok=356426 err=32 tmo=0 recov=65 pclk1=200000000 sysclk=400000000
1788536289.104452 [NAK] nacks=27
1788536289.109072 [CLK] cpu=800000000 sysb=400000000 pclk1=200000000
1788536289.113563 [TOF] res=0 step=0 id=0xeacc blk=0xeacc10 ctl=0x0
1788536289.119443 [RNG] init=0 step=99 id=0xeacc boot=1 calls=93 xerr=0 dm=1 tb=15
1788536289.126444 [RNG] osc=41 imp=881 imprb=881 mstart=0x40 cfg=91 cfgfail=0x0 vhv=0 vpolls=0
1788536289.132687 [PRT] calls=234409 xerr=0 ler=1 lidx=0x0 perr=0 maxcnt=17 addr8=0x52
1788536289.136688 [RTY] wr=0 wmax=0 wref=0  rd=0 rmax=0 rref=0
1788536289.144558 [RNG] frames=58574 last=38 min=28 max=170 nrdy=0 dxfer=0 dstat=0 lst=0 nrdyerr=0 dclr=0
1788536289.150939 [DRV] init=0 id=7 mode=0x1 lib=0x2 seq=0x1 odc=0x8b sts=0xe0 armed=1
1788536289.156441 [TRG] pulses=551 suppressed=6952 cyc=1600 rst=1 rstmode=0x40
1788536289.159808 [HLT] polls=1171 faults=0x0 cfglost=0
1788536289.165566 [EFF] n=5 last=58533 min=58470 max=58534 late=0 stuck=0 rderr=0
1788536289.175938 [IMU] init=0 addr=0x68 who=0x68 rst=1 pmrb0=0x40 pmrb=0x1 sr=19 cfg=4 gcfg=0x0 acfg=0x8 icfg=0x30 ien=0x1 armed=1
1788536289.181303 [ACC] reads=58544 stale=58497 rderr=32 ax=73 ay=-118 az=1115
1788536289.184067 [PWR] pm=0x1 drift=0 rderr=0
1788536289.187934 [DWT] ok=1 cyc=690869138 cyc_per_ms=800000
1788536290.201603 [HB] up_ms=1295917 frames=58622 inf=58622 hazard=7503 canary_err=0 q=0 qovr=0
1788536290.212970 [I2C] init=0 gate=0 whoami=0x140e0 wr=0 wrseen=0x27 addr=0x5a ok=356728 err=32 tmo=0 recov=65 pclk1=200000000 sysclk=400000000
1788536290.214469 [NAK] nacks=27
1788536290.219208 [CLK] cpu=800000000 sysb=400000000 pclk1=200000000
1788536290.223601 [TOF] res=0 step=0 id=0xeacc blk=0xeacc10 ctl=0x0
1788536290.229338 [RNG] init=0 step=99 id=0xeacc boot=1 calls=93 xerr=0 dm=1 tb=15
1788536290.236334 [RNG] osc=41 imp=881 imprb=881 mstart=0x40 cfg=91 cfgfail=0x0 vhv=0 vpolls=0
1788536290.242594 [PRT] calls=234608 xerr=0 ler=1 lidx=0x0 perr=0 maxcnt=17 addr8=0x52
1788536290.246710 [RTY] wr=0 wmax=0 wref=0  rd=0 rmax=0 rref=0
1788536290.254582 [RNG] frames=58624 last=39 min=28 max=170 nrdy=0 dxfer=0 dstat=0 lst=0 nrdyerr=0 dclr=0
1788536290.260844 [DRV] init=0 id=7 mode=0x1 lib=0x2 seq=0x1 odc=0x8b sts=0xe0 armed=1
1788536290.266330 [TRG] pulses=551 suppressed=6952 cyc=1600 rst=1 rstmode=0x40
1788536290.269829 [HLT] polls=1172 faults=0x0 cfglost=0
1788536290.275598 [EFF] n=5 last=58533 min=58470 max=58534 late=0 stuck=0 rderr=0
1788536290.285839 [IMU] init=0 addr=0x68 who=0x68 rst=1 pmrb0=0x40 pmrb=0x1 sr=19 cfg=4 gcfg=0x0 acfg=0x8 icfg=0x30 ien=0x1 armed=1
1788536290.291335 [ACC] reads=58594 stale=58546 rderr=32 ax=75 ay=-121 az=1112
1788536290.293958 [PWR] pm=0x1 drift=0 rderr=0
1788536290.297958 [DWT] ok=1 cyc=1573269214 cyc_per_ms=800000
1788536291.312257 [HB] up_ms=1297020 frames=58672 inf=58672 hazard=7503 canary_err=0 q=0 qovr=0
1788536291.323498 [I2C] init=0 gate=0 whoami=0x140e0 wr=0 wrseen=0x27 addr=0x5a ok=357030 err=32 tmo=0 recov=65 pclk1=200000000 sysclk=400000000
1788536291.325132 [NAK] nacks=27
1788536291.329740 [CLK] cpu=800000000 sysb=400000000 pclk1=200000000
1788536291.334240 [TOF] res=0 step=0 id=0xeacc blk=0xeacc10 ctl=0x0
1788536291.340143 [RNG] init=0 step=99 id=0xeacc boot=1 calls=93 xerr=0 dm=1 tb=15
1788536291.346999 [RNG] osc=41 imp=881 imprb=881 mstart=0x40 cfg=91 cfgfail=0x0 vhv=0 vpolls=0
1788536291.353238 [PRT] calls=234805 xerr=0 ler=1 lidx=0x0 perr=0 maxcnt=17 addr8=0x52
1788536291.357374 [RTY] wr=0 wmax=0 wref=0  rd=0 rmax=0 rref=0
1788536291.365243 [RNG] frames=58674 last=45 min=28 max=170 nrdy=0 dxfer=0 dstat=0 lst=0 nrdyerr=0 dclr=0
1788536291.371612 [DRV] init=0 id=7 mode=0x1 lib=0x2 seq=0x1 odc=0x8b sts=0xe0 armed=1
1788536291.377122 [TRG] pulses=551 suppressed=6952 cyc=1600 rst=1 rstmode=0x40
1788536291.380491 [HLT] polls=1173 faults=0x0 cfglost=0
1788536291.386242 [EFF] n=5 last=58533 min=58470 max=58534 late=0 stuck=0 rderr=0
1788536291.396627 [IMU] init=0 addr=0x68 who=0x68 rst=1 pmrb0=0x40 pmrb=0x1 sr=19 cfg=4 gcfg=0x0 acfg=0x8 icfg=0x30 ien=0x1 armed=1
1788536291.402141 [ACC] reads=58644 stale=58596 rderr=32 ax=76 ay=-119 az=1115
1788536291.404745 [PWR] pm=0x1 drift=0 rderr=0
1788536291.408737 [DWT] ok=1 cyc=2455669270 cyc_per_ms=800000
1788536292.423418 [HB] up_ms=1298123 frames=58722 inf=58722 hazard=7544 canary_err=0 q=0 qovr=0
1788536292.434664 [I2C] init=0 gate=0 whoami=0x140e0 wr=0 wrseen=0x27 addr=0x5a ok=357332 err=32 tmo=0 recov=65 pclk1=200000000 sysclk=400000000
1788536292.436178 [NAK] nacks=27
1788536292.440911 [CLK] cpu=800000000 sysb=400000000 pclk1=200000000
1788536292.445414 [TOF] res=0 step=0 id=0xeacc blk=0xeacc10 ctl=0x0
1788536292.451295 [RNG] init=0 step=99 id=0xeacc boot=1 calls=93 xerr=0 dm=1 tb=15
1788536292.458193 [RNG] osc=41 imp=881 imprb=881 mstart=0x40 cfg=91 cfgfail=0x0 vhv=0 vpolls=0
1788536292.464542 [PRT] calls=235005 xerr=0 ler=1 lidx=0x0 perr=0 maxcnt=17 addr8=0x52
1788536292.468545 [RTY] wr=0 wmax=0 wref=0  rd=0 rmax=0 rref=0
1788536292.476419 [RNG] frames=58724 last=48 min=28 max=170 nrdy=0 dxfer=0 dstat=0 lst=0 nrdyerr=0 dclr=0
1788536292.482655 [DRV] init=0 id=7 mode=0x1 lib=0x2 seq=0x1 odc=0x8b sts=0xe0 armed=1
1788536292.488279 [TRG] pulses=554 suppressed=6990 cyc=1600 rst=1 rstmode=0x40
1788536292.491653 [HLT] polls=1174 faults=0x0 cfglost=0
1788536292.497404 [EFF] n=5 last=58533 min=58470 max=58534 late=0 stuck=0 rderr=0
1788536292.507776 [IMU] init=0 addr=0x68 who=0x68 rst=1 pmrb0=0x40 pmrb=0x1 sr=19 cfg=4 gcfg=0x0 acfg=0x8 icfg=0x30 ien=0x1 armed=1
1788536292.513267 [ACC] reads=58694 stale=58646 rderr=32 ax=75 ay=-121 az=1116
1788536292.515889 [PWR] pm=0x1 drift=0 rderr=0
1788536292.519889 [DWT] ok=1 cyc=3338068954 cyc_per_ms=799999
1788536293.533983 [HB] up_ms=1299226 frames=58772 inf=58772 hazard=7544 canary_err=0 q=0 qovr=0
1788536293.545337 [I2C] init=0 gate=0 whoami=0x140e0 wr=0 wrseen=0x27 addr=0x5a ok=357634 err=32 tmo=0 recov=65 pclk1=200000000 sysclk=400000000
1788536293.546717 [NAK] nacks=27
1788536293.551459 [CLK] cpu=800000000 sysb=400000000 pclk1=200000000
1788536293.555970 [TOF] res=0 step=0 id=0xeacc blk=0xeacc10 ctl=0x0
1788536293.561841 [RNG] init=0 step=99 id=0xeacc boot=1 calls=93 xerr=0 dm=1 tb=15
1788536293.568712 [RNG] osc=41 imp=881 imprb=881 mstart=0x40 cfg=91 cfgfail=0x0 vhv=0 vpolls=0
1788536293.575079 [PRT] calls=235205 xerr=0 ler=1 lidx=0x0 perr=0 maxcnt=17 addr8=0x52
1788536293.579087 [RTY] wr=0 wmax=0 wref=0  rd=0 rmax=0 rref=0
1788536293.586958 [RNG] frames=58774 last=47 min=28 max=170 nrdy=0 dxfer=0 dstat=0 lst=0 nrdyerr=0 dclr=0
1788536293.593077 [DRV] init=0 id=7 mode=0x1 lib=0x2 seq=0x1 odc=0x8b sts=0xe0 armed=1
1788536293.598835 [TRG] pulses=554 suppressed=6990 cyc=1600 rst=1 rstmode=0x40
1788536293.602202 [HLT] polls=1175 faults=0x0 cfglost=0
1788536293.607955 [EFF] n=5 last=58533 min=58470 max=58534 late=0 stuck=0 rderr=0
1788536293.618213 [IMU] init=0 addr=0x68 who=0x68 rst=1 pmrb0=0x40 pmrb=0x1 sr=19 cfg=4 gcfg=0x0 acfg=0x8 icfg=0x30 ien=0x1 armed=1
1788536293.623700 [ACC] reads=58744 stale=58696 rderr=32 ax=76 ay=-120 az=1116
1788536293.626453 [PWR] pm=0x1 drift=0 rderr=0
1788536293.630335 [DWT] ok=1 cyc=4220469114 cyc_per_ms=800000
1788536294.644409 [HB] up_ms=1300329 frames=58822 inf=58822 hazard=7544 canary_err=0 q=0 qovr=0
1788536294.655770 [I2C] init=0 gate=0 whoami=0x140e0 wr=0 wrseen=0x27 addr=0x5a ok=357936 err=32 tmo=0 recov=65 pclk1=200000000 sysclk=400000000
1788536294.657176 [NAK] nacks=27
1788536294.661894 [CLK] cpu=800000000 sysb=400000000 pclk1=200000000
1788536294.666399 [TOF] res=0 step=0 id=0xeacc blk=0xeacc10 ctl=0x0
1788536294.672266 [RNG] init=0 step=99 id=0xeacc boot=1 calls=93 xerr=0 dm=1 tb=15
1788536294.679182 [RNG] osc=41 imp=881 imprb=881 mstart=0x40 cfg=91 cfgfail=0x0 vhv=0 vpolls=0
1788536294.685390 [PRT] calls=235405 xerr=0 ler=1 lidx=0x0 perr=0 maxcnt=17 addr8=0x52
1788536294.689530 [RTY] wr=0 wmax=0 wref=0  rd=0 rmax=0 rref=0
1788536294.697390 [RNG] frames=58824 last=35 min=28 max=170 nrdy=0 dxfer=0 dstat=0 lst=0 nrdyerr=0 dclr=0
1788536294.703515 [DRV] init=0 id=7 mode=0x1 lib=0x2 seq=0x1 odc=0x8b sts=0xe0 armed=1
1788536294.709176 [TRG] pulses=554 suppressed=6990 cyc=1600 rst=1 rstmode=0x40
1788536294.712638 [HLT] polls=1176 faults=0x0 cfglost=0
1788536294.718391 [EFF] n=5 last=58533 min=58470 max=58534 late=0 stuck=0 rderr=0
1788536294.728656 [IMU] init=0 addr=0x68 who=0x68 rst=1 pmrb0=0x40 pmrb=0x1 sr=19 cfg=4 gcfg=0x0 acfg=0x8 icfg=0x30 ien=0x1 armed=1
1788536294.734160 [ACC] reads=58793 stale=58746 rderr=32 ax=76 ay=-120 az=1114
1788536294.736776 [PWR] pm=0x1 drift=0 rderr=0
1788536294.740759 [DWT] ok=1 cyc=807929970 cyc_per_ms=800025
1788536295.754720 [HB] up_ms=1301432 frames=58871 inf=58871 hazard=7544 canary_err=0 q=0 qovr=0
1788536295.766090 [I2C] init=0 gate=0 whoami=0x140e0 wr=0 wrseen=0x27 addr=0x5a ok=358234 err=32 tmo=0 recov=66 pclk1=200000000 sysclk=400000000
1788536295.767465 [NAK] nacks=27
1788536295.772090 [CLK] cpu=800000000 sysb=400000000 pclk1=200000000
1788536295.776591 [TOF] res=0 step=0 id=0xeacc blk=0xeacc10 ctl=0x0
1788536295.782592 [RNG] init=0 step=99 id=0xeacc boot=1 calls=93 xerr=0 dm=1 tb=15
1788536295.789462 [RNG] osc=41 imp=881 imprb=881 mstart=0x40 cfg=91 cfgfail=0x0 vhv=0 vpolls=0
1788536295.795586 [PRT] calls=235605 xerr=0 ler=1 lidx=0x0 perr=0 maxcnt=17 addr8=0x52
1788536295.799717 [RTY] wr=0 wmax=0 wref=0  rd=0 rmax=0 rref=0
1788536295.807727 [RNG] frames=58873 last=44 min=28 max=170 nrdy=0 dxfer=0 dstat=0 lst=0 nrdyerr=0 dclr=0
1788536295.813839 [DRV] init=0 id=7 mode=0x1 lib=0x2 seq=0x1 odc=0x8b sts=0xe0 armed=1
1788536295.819333 [TRG] pulses=554 suppressed=6990 cyc=1600 rst=1 rstmode=0x40
1788536295.822844 [HLT] polls=1177 faults=0x0 cfglost=0
1788536295.828708 [EFF] n=5 last=58533 min=58470 max=58534 late=0 stuck=0 rderr=0
1788536295.838858 [IMU] init=0 addr=0x68 who=0x68 rst=1 pmrb0=0x40 pmrb=0x1 sr=19 cfg=4 gcfg=0x0 acfg=0x8 icfg=0x30 ien=0x1 armed=1
1788536295.844343 [ACC] reads=58843 stale=58795 rderr=32 ax=73 ay=-120 az=1115
1788536295.846960 [PWR] pm=0x1 drift=0 rderr=0
1788536295.851081 [DWT] ok=1 cyc=1690370770 cyc_per_ms=800036
1788536296.864190 [HB] up_ms=1302535 frames=58921 inf=58921 hazard=7544 canary_err=0 q=0 qovr=0
1788536296.875662 [I2C] init=0 gate=0 whoami=0x140e0 wr=0 wrseen=0x27 addr=0x5a ok=358534 err=32 tmo=0 recov=66 pclk1=200000000 sysclk=400000000
1788536296.877035 [NAK] nacks=27
1788536296.881656 [CLK] cpu=800000000 sysb=400000000 pclk1=200000000
1788536296.886186 [TOF] res=0 step=0 id=0xeacc blk=0xeacc10 ctl=0x0
1788536296.892176 [RNG] init=0 step=99 id=0xeacc boot=1 calls=93 xerr=0 dm=1 tb=15
1788536296.899053 [RNG] osc=41 imp=881 imprb=881 mstart=0x40 cfg=91 cfgfail=0x0 vhv=0 vpolls=0
1788536296.905169 [PRT] calls=235805 xerr=0 ler=1 lidx=0x0 perr=0 maxcnt=17 addr8=0x52
1788536296.909282 [RTY] wr=0 wmax=0 wref=0  rd=0 rmax=0 rref=0
1788536296.917283 [RNG] frames=58923 last=40 min=28 max=170 nrdy=0 dxfer=0 dstat=0 lst=0 nrdyerr=0 dclr=0
1788536296.923406 [DRV] init=0 id=7 mode=0x1 lib=0x2 seq=0x1 odc=0x8b sts=0xe0 armed=1
1788536296.928908 [TRG] pulses=554 suppressed=6990 cyc=1600 rst=1 rstmode=0x40
1788536296.932405 [HLT] polls=1178 faults=0x0 cfglost=0
1788536296.938284 [EFF] n=5 last=58533 min=58470 max=58534 late=0 stuck=0 rderr=0
1788536296.948411 [IMU] init=0 addr=0x68 who=0x68 rst=1 pmrb0=0x40 pmrb=0x1 sr=19 cfg=4 gcfg=0x0 acfg=0x8 icfg=0x30 ien=0x1 armed=1
1788536296.953912 [ACC] reads=58893 stale=58845 rderr=32 ax=75 ay=-119 az=1114
1788536296.956540 [PWR] pm=0x1 drift=0 rderr=0
1788536296.960654 [DWT] ok=1 cyc=2572701690 cyc_per_ms=799937
1788536297.973758 [HB] up_ms=1303638 frames=58971 inf=58971 hazard=7544 canary_err=0 q=0 qovr=0
1788536297.985247 [I2C] init=0 gate=0 whoami=0x140e0 wr=0 wrseen=0x27 addr=0x5a ok=358836 err=32 tmo=0 recov=66 pclk1=200000000 sysclk=400000000
1788536297.986618 [NAK] nacks=27
1788536297.991244 [CLK] cpu=800000000 sysb=400000000 pclk1=200000000
1788536297.995751 [TOF] res=0 step=0 id=0xeacc blk=0xeacc10 ctl=0x0
1788536298.001626 [RNG] init=0 step=99 id=0xeacc boot=1 calls=93 xerr=0 dm=1 tb=15
1788536298.008623 [RNG] osc=41 imp=881 imprb=881 mstart=0x40 cfg=91 cfgfail=0x0 vhv=0 vpolls=0
1788536298.014754 [PRT] calls=236005 xerr=0 ler=1 lidx=0x0 perr=0 maxcnt=17 addr8=0x52
1788536298.018872 [RTY] wr=0 wmax=0 wref=0  rd=0 rmax=0 rref=0
1788536298.026865 [RNG] frames=58973 last=48 min=28 max=170 nrdy=0 dxfer=0 dstat=0 lst=0 nrdyerr=0 dclr=0
1788536298.032995 [DRV] init=0 id=7 mode=0x1 lib=0x2 seq=0x1 odc=0x8b sts=0xe0 armed=1
1788536298.038512 [TRG] pulses=554 suppressed=6990 cyc=1600 rst=1 rstmode=0x40
1788536298.041872 [HLT] polls=1179 faults=0x0 cfglost=0
1788536298.047744 [EFF] n=5 last=58533 min=58470 max=58534 late=0 stuck=0 rderr=0
1788536298.058002 [IMU] init=0 addr=0x68 who=0x68 rst=1 pmrb0=0x40 pmrb=0x1 sr=19 cfg=4 gcfg=0x0 acfg=0x8 icfg=0x30 ien=0x1 armed=1
1788536298.063491 [ACC] reads=58943 stale=58895 rderr=32 ax=74 ay=-121 az=1116
1788536298.066135 [PWR] pm=0x1 drift=0 rderr=0
1788536298.070143 [DWT] ok=1 cyc=3455102070 cyc_per_ms=800000
1788536299.083734 [HB] up_ms=1304741 frames=59021 inf=59021 hazard=7565 canary_err=0 q=0 qovr=0
1788536299.095215 [I2C] init=0 gate=0 whoami=0x140e0 wr=0 wrseen=0x27 addr=0x5a ok=359138 err=32 tmo=0 recov=66 pclk1=200000000 sysclk=400000000
1788536299.096589 [NAK] nacks=27
1788536299.101204 [CLK] cpu=800000000 sysb=400000000 pclk1=200000000
1788536299.105724 [TOF] res=0 step=0 id=0xeacc blk=0xeacc10 ctl=0x0
1788536299.111597 [RNG] init=0 step=99 id=0xeacc boot=1 calls=93 xerr=0 dm=1 tb=15
1788536299.118583 [RNG] osc=41 imp=881 imprb=881 mstart=0x40 cfg=91 cfgfail=0x0 vhv=0 vpolls=0
1788536299.124827 [PRT] calls=236205 xerr=0 ler=1 lidx=0x0 perr=0 maxcnt=17 addr8=0x52
1788536299.128837 [RTY] wr=0 wmax=0 wref=0  rd=0 rmax=0 rref=0
1788536299.136836 [RNG] frames=59023 last=37 min=28 max=170 nrdy=0 dxfer=0 dstat=0 lst=0 nrdyerr=0 dclr=0
1788536299.143119 [DRV] init=0 id=7 mode=0x1 lib=0x2 seq=0x1 odc=0x8b sts=0xe0 armed=1
1788536299.148455 [TRG] pulses=556 suppressed=7012 cyc=1600 rst=1 rstmode=0x40
1788536299.151965 [HLT] polls=1180 faults=0x0 cfglost=0
1788536299.157707 [EFF] n=5 last=58533 min=58470 max=58534 late=0 stuck=0 rderr=0
1788536299.167963 [IMU] init=0 addr=0x68 who=0x68 rst=1 pmrb0=0x40 pmrb=0x1 sr=19 cfg=4 gcfg=0x0 acfg=0x8 icfg=0x30 ien=0x1 armed=1
1788536299.173466 [ACC] reads=58993 stale=58945 rderr=32 ax=75 ay=-119 az=1116
1788536299.176081 [PWR] pm=0x1 drift=0 rderr=0
1788536299.179991 [DWT] ok=1 cyc=42538278 cyc_per_ms=800003
1788536300.193944 [HB] up_ms=1305844 frames=59071 inf=59071 hazard=7585 canary_err=0 q=0 qovr=0
1788536300.205430 [I2C] init=0 gate=0 whoami=0x140e0 wr=0 wrseen=0x27 addr=0x5a ok=359440 err=32 tmo=0 recov=66 pclk1=200000000 sysclk=400000000
1788536300.206817 [NAK] nacks=27
1788536300.211313 [CLK] cpu=800000000 sysb=400000000 pclk1=200000000
1788536300.215808 [TOF] res=0 step=0 id=0xeacc blk=0xeacc10 ctl=0x0
1788536300.221678 [RNG] init=0 step=99 id=0xeacc boot=1 calls=93 xerr=0 dm=1 tb=15
1788536300.228681 [RNG] osc=41 imp=881 imprb=881 mstart=0x40 cfg=91 cfgfail=0x0 vhv=0 vpolls=0
1788536300.234944 [PRT] calls=236405 xerr=0 ler=1 lidx=0x0 perr=0 maxcnt=17 addr8=0x52
1788536300.238934 [RTY] wr=0 wmax=0 wref=0  rd=0 rmax=0 rref=0
1788536300.246929 [RNG] frames=59073 last=46 min=28 max=170 nrdy=0 dxfer=0 dstat=0 lst=0 nrdyerr=0 dclr=0
1788536300.253207 [DRV] init=0 id=7 mode=0x1 lib=0x2 seq=0x1 odc=0x8b sts=0xe0 armed=1
1788536300.258684 [TRG] pulses=557 suppressed=7028 cyc=1600 rst=1 rstmode=0x40
1788536300.262056 [HLT] polls=1181 faults=0x0 cfglost=0
1788536300.267804 [EFF] n=5 last=58533 min=58470 max=58534 late=0 stuck=0 rderr=0
1788536300.278184 [IMU] init=0 addr=0x68 who=0x68 rst=1 pmrb0=0x40 pmrb=0x1 sr=19 cfg=4 gcfg=0x0 acfg=0x8 icfg=0x30 ien=0x1 armed=1
1788536300.283570 [ACC] reads=59043 stale=58995 rderr=32 ax=73 ay=-119 az=1115
1788536300.286318 [PWR] pm=0x1 drift=0 rderr=0
1788536300.290199 [DWT] ok=1 cyc=924934626 cyc_per_ms=799996
